linha,descricao,agencia,sequencia,latitude,longitude
328,328-BANANAL X CASTELO (CIRCULAR),Fetranspor,61,"-22.7997","-43.1829"
328,328-BANANAL X CASTELO (CIRCULAR),Fetranspor,63,"-22.7952","-43.1801"
328,328-BANANAL X CASTELO (CIRCULAR),Fetranspor,10,"-22.7952","-43.1809"
328,328-BANANAL X CASTELO (CIRCULAR),Fetranspor,39,"-22.8606","-43.2481"
328,328-BANANAL X CASTELO (CIRCULAR),Fetranspor,40,"-22.8647","-43.2481"
328,328-BANANAL X CASTELO (CIRCULAR),Fetranspor,62,"-22.9121","-43.1788"
328,328-BANANAL X CASTELO (CIRCULAR),Fetranspor,31,"-22.8213","-43.2284"
328,328-BANANAL X CASTELO (CIRCULAR),Fetranspor,36,"-22.8416","-43.2316"
328,328-BANANAL X CASTELO (CIRCULAR),Fetranspor,39,"-22.8333","-43.2388"
328,328-BANANAL X CASTELO (CIRCULAR),Fetranspor,62,"-22.7978","-43.1839"
328,328-BANANAL X CASTELO (CIRCULAR),Fetranspor,64,"-22.7953","-43.1774"
328,328-BANANAL X CASTELO (CIRCULAR),Fetranspor,25,"-22.8038","-43.2041"
328,328-BANANAL X CASTELO (CIRCULAR),Fetranspor,30,"-22.8181","-43.225"
328,328-BANANAL X CASTELO (CIRCULAR),Fetranspor,59,"-22.8871","-43.2246"
328,328-BANANAL X CASTELO (CIRCULAR),Fetranspor,49,"-22.8061","-43.182"
328,328-BANANAL X CASTELO (CIRCULAR),Fetranspor,3,"-22.9087","-43.1722"
328,328-BANANAL X CASTELO (CIRCULAR),Fetranspor,10,"-22.9086","-43.2093"
328,328-BANANAL X CASTELO (CIRCULAR),Fetranspor,12,"-22.7997","-43.1828"
328,328-BANANAL X CASTELO (CIRCULAR),Fetranspor,17,"-22.8106","-43.1849"
328,328-BANANAL X CASTELO (CIRCULAR),Fetranspor,23,"-22.8069","-43.1976"
328,328-BANANAL X CASTELO (CIRCULAR),Fetranspor,34,"-22.8324","-43.2427"
328,328-BANANAL X CASTELO (CIRCULAR),Fetranspor,69,"-22.9032","-43.1844"
328,328-BANANAL X CASTELO (CIRCULAR),Fetranspor,59,"-22.9038","-43.1835"
328,328-BANANAL X CASTELO (CIRCULAR),Fetranspor,24,"-22.8566","-43.2475"
328,328-BANANAL X CASTELO (CIRCULAR),Fetranspor,33,"-22.8156","-43.2221"
328,328-BANANAL X CASTELO (CIRCULAR),Fetranspor,20,"-22.8777","-43.2409"
328,328-BANANAL X CASTELO (CIRCULAR),Fetranspor,26,"-22.8573","-43.2304"
328,328-BANANAL X CASTELO (CIRCULAR),Fetranspor,50,"-22.8081","-43.1968"
328,328-BANANAL X CASTELO (CIRCULAR),Fetranspor,66,"-22.7936","-43.1708"
328,328-BANANAL X CASTELO (CIRCULAR),Fetranspor,36,"-22.847","-43.2457"
328,328-BANANAL X CASTELO (CIRCULAR),Fetranspor,7,"-22.905","-43.1916"
328,328-BANANAL X CASTELO (CIRCULAR),Fetranspor,43,"-22.8156","-43.2221"
328,328-BANANAL X CASTELO (CIRCULAR),Fetranspor,55,"-22.8107","-43.1867"
328,328-BANANAL X CASTELO (CIRCULAR),Fetranspor,60,"-22.8893","-43.2204"
328,328-BANANAL X CASTELO (CIRCULAR),Fetranspor,75,"-22.9097","-43.1767"
328,328-BANANAL X CASTELO (CIRCULAR),Fetranspor,51,"-22.8948","-43.2153"
328,328-BANANAL X CASTELO (CIRCULAR),Fetranspor,55,"-22.9101","-43.206"
328,328-BANANAL X CASTELO (CIRCULAR),Fetranspor,46,"-22.8058","-43.2119"
328,328-BANANAL X CASTELO (CIRCULAR),Fetranspor,69,"-22.7895","-43.1647"
328,328-BANANAL X CASTELO (CIRCULAR),Fetranspor,15,"-22.8065","-43.1825"
328,328-BANANAL X CASTELO (CIRCULAR),Fetranspor,18,"-22.8109","-43.1883"
328,328-BANANAL X CASTELO (CIRCULAR),Fetranspor,68,"-22.9054","-43.1912"
328,328-BANANAL X CASTELO (CIRCULAR),Fetranspor,25,"-22.8536","-43.2474"
328,328-BANANAL X CASTELO (CIRCULAR),Fetranspor,45,"-22.8107","-43.1867"
328,328-BANANAL X CASTELO (CIRCULAR),Fetranspor,11,"-22.9038","-43.2096"
328,328-BANANAL X CASTELO (CIRCULAR),Fetranspor,23,"-22.8646","-43.2394"
328,328-BANANAL X CASTELO (CIRCULAR),Fetranspor,42,"-22.818","-43.2247"
328,328-BANANAL X CASTELO (CIRCULAR),Fetranspor,54,"-22.8111","-43.1896"
328,328-BANANAL X CASTELO (CIRCULAR),Fetranspor,56,"-22.8872","-43.2308"
328,328-BANANAL X CASTELO (CIRCULAR),Fetranspor,49,"-22.8893","-43.2204"
328,328-BANANAL X CASTELO (CIRCULAR),Fetranspor,28,"-22.84","-43.2373"
328,328-BANANAL X CASTELO (CIRCULAR),Fetranspor,37,"-22.805","-43.207"
328,328-BANANAL X CASTELO (CIRCULAR),Fetranspor,6,"-22.9028","-43.1849"
328,328-BANANAL X CASTELO (CIRCULAR),Fetranspor,16,"-22.8854","-43.2289"
328,328-BANANAL X CASTELO (CIRCULAR),Fetranspor,58,"-22.8077","-43.182"
328,328-BANANAL X CASTELO (CIRCULAR),Fetranspor,59,"-22.8061","-43.182"
328,328-BANANAL X CASTELO (CIRCULAR),Fetranspor,68,"-22.791","-43.168"
328,328-BANANAL X CASTELO (CIRCULAR),Fetranspor,36,"-22.8467","-43.2375"
328,328-BANANAL X CASTELO (CIRCULAR),Fetranspor,27,"-22.8482","-43.2451"
328,328-BANANAL X CASTELO (CIRCULAR),Fetranspor,18,"-22.8839","-43.2361"
328,328-BANANAL X CASTELO (CIRCULAR),Fetranspor,51,"-22.8096","-43.1955"
328,328-BANANAL X CASTELO (CIRCULAR),Fetranspor,45,"-22.8617","-43.2246"
328,328-BANANAL X CASTELO (CIRCULAR),Fetranspor,63,"-22.9003","-43.2106"
328,328-BANANAL X CASTELO (CIRCULAR),Fetranspor,22,"-22.8648","-43.2477"
328,328-BANANAL X CASTELO (CIRCULAR),Fetranspor,46,"-22.811","-43.1847"
328,328-BANANAL X CASTELO (CIRCULAR),Fetranspor,54,"-22.7953","-43.1774"
328,328-BANANAL X CASTELO (CIRCULAR),Fetranspor,59,"-22.7895","-43.1647"
328,328-BANANAL X CASTELO (CIRCULAR),Fetranspor,9,"-22.9097","-43.2061"
328,328-BANANAL X CASTELO (CIRCULAR),Fetranspor,21,"-22.8751","-43.2428"
328,328-BANANAL X CASTELO (CIRCULAR),Fetranspor,27,"-22.858","-43.2311"
328,328-BANANAL X CASTELO (CIRCULAR),Fetranspor,14,"-22.8039","-43.1817"
328,328-BANANAL X CASTELO (CIRCULAR),Fetranspor,24,"-22.8061","-43.1995"
328,328-BANANAL X CASTELO (CIRCULAR),Fetranspor,27,"-22.8056","-43.212"
328,328-BANANAL X CASTELO (CIRCULAR),Fetranspor,45,"-22.8872","-43.2308"
328,328-BANANAL X CASTELO (CIRCULAR),Fetranspor,60,"-22.9057","-43.1827"
328,328-BANANAL X CASTELO (CIRCULAR),Fetranspor,65,"-22.9089","-43.1748"
328,328-BANANAL X CASTELO (CIRCULAR),Fetranspor,48,"-22.846","-43.2377"
328,328-BANANAL X CASTELO (CIRCULAR),Fetranspor,33,"-22.8607","-43.2271"
328,328-BANANAL X CASTELO (CIRCULAR),Fetranspor,16,"-22.8088","-43.1837"
328,328-BANANAL X CASTELO (CIRCULAR),Fetranspor,20,"-22.8115","-43.1929"
328,328-BANANAL X CASTELO (CIRCULAR),Fetranspor,41,"-22.8096","-43.1955"
328,328-BANANAL X CASTELO (CIRCULAR),Fetranspor,60,"-22.7886","-43.1624"
328,328-BANANAL X CASTELO (CIRCULAR),Fetranspor,37,"-22.8501","-43.235"
328,328-BANANAL X CASTELO (CIRCULAR),Fetranspor,1,"-22.7893","-43.1643"
328,328-BANANAL X CASTELO (CIRCULAR),Fetranspor,11,"-22.7963","-43.1836"
328,328-BANANAL X CASTELO (CIRCULAR),Fetranspor,21,"-22.8102","-43.1951"
328,328-BANANAL X CASTELO (CIRCULAR),Fetranspor,28,"-22.8114","-43.2176"
328,328-BANANAL X CASTELO (CIRCULAR),Fetranspor,70,"-22.7886","-43.1624"
328,328-BANANAL X CASTELO (CIRCULAR),Fetranspor,49,"-22.8558","-43.2355"
328,328-BANANAL X CASTELO (CIRCULAR),Fetranspor,76,"-22.9089","-43.1748"
328,328-BANANAL X CASTELO (CIRCULAR),Fetranspor,42,"-22.8716","-43.2461"
328,328-BANANAL X CASTELO (CIRCULAR),Fetranspor,52,"-22.9003","-43.2106"
328,328-BANANAL X CASTELO (CIRCULAR),Fetranspor,38,"-22.8441","-43.2356"
328,328-BANANAL X CASTELO (CIRCULAR),Fetranspor,4,"-22.7924","-43.1697"
328,328-BANANAL X CASTELO (CIRCULAR),Fetranspor,41,"-22.8704","-43.2469"
328,328-BANANAL X CASTELO (CIRCULAR),Fetranspor,67,"-22.9102","-43.1739"
328,328-BANANAL X CASTELO (CIRCULAR),Fetranspor,37,"-22.8428","-43.2336"
328,328-BANANAL X CASTELO (CIRCULAR),Fetranspor,13,"-22.801","-43.1823"
328,328-BANANAL X CASTELO (CIRCULAR),Fetranspor,26,"-22.8045","-43.2068"
328,328-BANANAL X CASTELO (CIRCULAR),Fetranspor,39,"-22.8573","-43.2304"
328,328-BANANAL X CASTELO (CIRCULAR),Fetranspor,71,"-22.9057","-43.1827"
328,328-BANANAL X CASTELO (CIRCULAR),Fetranspor,43,"-22.8116","-43.1928"
328,328-BANANAL X CASTELO (CIRCULAR),Fetranspor,14,"-22.887","-43.224"
328,328-BANANAL X CASTELO (CIRCULAR),Fetranspor,17,"-22.886","-43.2341"
328,328-BANANAL X CASTELO (CIRCULAR),Fetranspor,55,"-22.8859","-43.2349"
328,328-BANANAL X CASTELO (CIRCULAR),Fetranspor,78,"-22.9102","-43.1739"
328,328-BANANAL X CASTELO (CIRCULAR),Fetranspor,50,"-22.891","-43.2171"
328,328-BANANAL X CASTELO (CIRCULAR),Fetranspor,32,"-22.818","-43.2247"
328,328-BANANAL X CASTELO (CIRCULAR),Fetranspor,34,"-22.8116","-43.2176"
328,328-BANANAL X CASTELO (CIRCULAR),Fetranspor,36,"-22.8058","-43.2119"
328,328-BANANAL X CASTELO (CIRCULAR),Fetranspor,48,"-22.8077","-43.182"
328,328-BANANAL X CASTELO (CIRCULAR),Fetranspor,44,"-22.8116","-43.2176"
328,328-BANANAL X CASTELO (CIRCULAR),Fetranspor,45,"-22.8075","-43.2147"
328,328-BANANAL X CASTELO (CIRCULAR),Fetranspor,2,"-22.79","-43.1657"
328,328-BANANAL X CASTELO (CIRCULAR),Fetranspor,7,"-22.7945","-43.1739"
328,328-BANANAL X CASTELO (CIRCULAR),Fetranspor,50,"-22.8644","-43.2394"
328,328-BANANAL X CASTELO (CIRCULAR),Fetranspor,62,"-22.8948","-43.2153"
328,328-BANANAL X CASTELO (CIRCULAR),Fetranspor,73,"-22.9121","-43.1788"
328,328-BANANAL X CASTELO (CIRCULAR),Fetranspor,79,"-22.9103","-43.1735"
328,328-BANANAL X CASTELO (CIRCULAR),Fetranspor,12,"-22.8909","-43.2152"
328,328-BANANAL X CASTELO (CIRCULAR),Fetranspor,15,"-22.8847","-43.2265"
328,328-BANANAL X CASTELO (CIRCULAR),Fetranspor,29,"-22.8618","-43.2243"
328,328-BANANAL X CASTELO (CIRCULAR),Fetranspor,61,"-22.891","-43.2171"
328,328-BANANAL X CASTELO (CIRCULAR),Fetranspor,1,"-22.9091","-43.1708"
328,328-BANANAL X CASTELO (CIRCULAR),Fetranspor,37,"-22.853","-43.2479"
328,328-BANANAL X CASTELO (CIRCULAR),Fetranspor,51,"-22.7997","-43.1829"
328,328-BANANAL X CASTELO (CIRCULAR),Fetranspor,28,"-22.861","-43.2271"
328,328-BANANAL X CASTELO (CIRCULAR),Fetranspor,49,"-22.806","-43.2001"
328,328-BANANAL X CASTELO (CIRCULAR),Fetranspor,53,"-22.8116","-43.1928"
328,328-BANANAL X CASTELO (CIRCULAR),Fetranspor,48,"-22.8871","-43.2246"
328,328-BANANAL X CASTELO (CIRCULAR),Fetranspor,47,"-22.8099","-43.1835"
328,328-BANANAL X CASTELO (CIRCULAR),Fetranspor,25,"-22.8557","-43.2331"
328,328-BANANAL X CASTELO (CIRCULAR),Fetranspor,48,"-22.8045","-43.203"
328,328-BANANAL X CASTELO (CIRCULAR),Fetranspor,6,"-22.7945","-43.173"
328,328-BANANAL X CASTELO (CIRCULAR),Fetranspor,38,"-22.8557","-43.2479"
328,328-BANANAL X CASTELO (CIRCULAR),Fetranspor,56,"-22.9086","-43.2013"
328,328-BANANAL X CASTELO (CIRCULAR),Fetranspor,41,"-22.861","-43.2271"
328,328-BANANAL X CASTELO (CIRCULAR),Fetranspor,64,"-22.9034","-43.2104"
328,328-BANANAL X CASTELO (CIRCULAR),Fetranspor,5,"-22.9015","-43.1809"
328,328-BANANAL X CASTELO (CIRCULAR),Fetranspor,19,"-22.8813","-43.2384"
328,328-BANANAL X CASTELO (CIRCULAR),Fetranspor,47,"-22.805","-43.207"
328,328-BANANAL X CASTELO (CIRCULAR),Fetranspor,3,"-22.7911","-43.1682"
328,328-BANANAL X CASTELO (CIRCULAR),Fetranspor,31,"-22.8214","-43.2287"
328,328-BANANAL X CASTELO (CIRCULAR),Fetranspor,4,"-22.9027","-43.1756"
328,328-BANANAL X CASTELO (CIRCULAR),Fetranspor,57,"-22.8099","-43.1835"
328,328-BANANAL X CASTELO (CIRCULAR),Fetranspor,43,"-22.875","-43.2435"
328,328-BANANAL X CASTELO (CIRCULAR),Fetranspor,44,"-22.8111","-43.1896"
328,328-BANANAL X CASTELO (CIRCULAR),Fetranspor,52,"-22.811","-43.1941"
328,328-BANANAL X CASTELO (CIRCULAR),Fetranspor,60,"-22.8048","-43.1814"
328,328-BANANAL X CASTELO (CIRCULAR),Fetranspor,66,"-22.9092","-43.1743"
328,328-BANANAL X CASTELO (CIRCULAR),Fetranspor,42,"-22.811","-43.1941"
328,328-BANANAL X CASTELO (CIRCULAR),Fetranspor,43,"-22.86","-43.2215"
328,328-BANANAL X CASTELO (CIRCULAR),Fetranspor,72,"-22.9088","-43.1805"
328,328-BANANAL X CASTELO (CIRCULAR),Fetranspor,5,"-22.7937","-43.1712"
328,328-BANANAL X CASTELO (CIRCULAR),Fetranspor,54,"-22.9081","-43.2099"
328,328-BANANAL X CASTELO (CIRCULAR),Fetranspor,50,"-22.8048","-43.1814"
328,328-BANANAL X CASTELO (CIRCULAR),Fetranspor,30,"-22.86","-43.2215"
328,328-BANANAL X CASTELO (CIRCULAR),Fetranspor,34,"-22.8529","-43.2328"
328,328-BANANAL X CASTELO (CIRCULAR),Fetranspor,41,"-22.8213","-43.2284"
328,328-BANANAL X CASTELO (CIRCULAR),Fetranspor,44,"-22.8859","-43.2349"
328,328-BANANAL X CASTELO (CIRCULAR),Fetranspor,53,"-22.7952","-43.1801"
328,328-BANANAL X CASTELO (CIRCULAR),Fetranspor,57,"-22.7923","-43.1695"
328,328-BANANAL X CASTELO (CIRCULAR),Fetranspor,58,"-22.791","-43.168"
328,328-BANANAL X CASTELO (CIRCULAR),Fetranspor,53,"-22.8716","-43.2461"
328,328-BANANAL X CASTELO (CIRCULAR),Fetranspor,44,"-22.8601","-43.222"
328,328-BANANAL X CASTELO (CIRCULAR),Fetranspor,57,"-22.8857","-43.2286"
328,328-BANANAL X CASTELO (CIRCULAR),Fetranspor,58,"-22.8853","-43.2265"
328,328-BANANAL X CASTELO (CIRCULAR),Fetranspor,65,"-22.9081","-43.2099"
328,328-BANANAL X CASTELO (CIRCULAR),Fetranspor,35,"-22.843","-43.2335"
328,328-BANANAL X CASTELO (CIRCULAR),Fetranspor,32,"-22.8254","-43.233"
328,328-BANANAL X CASTELO (CIRCULAR),Fetranspor,57,"-22.9054","-43.1912"
328,328-BANANAL X CASTELO (CIRCULAR),Fetranspor,58,"-22.9032","-43.1844"
328,328-BANANAL X CASTELO (CIRCULAR),Fetranspor,35,"-22.8075","-43.2147"
328,328-BANANAL X CASTELO (CIRCULAR),Fetranspor,13,"-22.8886","-43.2201"
328,328-BANANAL X CASTELO (CIRCULAR),Fetranspor,19,"-22.8115","-43.1909"
328,328-BANANAL X CASTELO (CIRCULAR),Fetranspor,35,"-22.8444","-43.2399"
328,328-BANANAL X CASTELO (CIRCULAR),Fetranspor,63,"-22.9109","-43.1779"
328,328-BANANAL X CASTELO (CIRCULAR),Fetranspor,38,"-22.853","-43.2329"
328,328-BANANAL X CASTELO (CIRCULAR),Fetranspor,8,"-22.7944","-43.1769"
328,328-BANANAL X CASTELO (CIRCULAR),Fetranspor,47,"-22.8853","-43.2265"
328,328-BANANAL X CASTELO (CIRCULAR),Fetranspor,30,"-22.8256","-43.2329"
328,328-BANANAL X CASTELO (CIRCULAR),Fetranspor,77,"-22.9092","-43.1743"
328,328-BANANAL X CASTELO (CIRCULAR),Fetranspor,40,"-22.8081","-43.1968"
328,328-BANANAL X CASTELO (CIRCULAR),Fetranspor,74,"-22.9109","-43.1779"
328,328-BANANAL X CASTELO (CIRCULAR),Fetranspor,8,"-22.9078","-43.2004"
328,328-BANANAL X CASTELO (CIRCULAR),Fetranspor,40,"-22.8256","-43.2329"
328,328-BANANAL X CASTELO (CIRCULAR),Fetranspor,22,"-22.8085","-43.1963"
328,328-BANANAL X CASTELO (CIRCULAR),Fetranspor,53,"-22.9034","-43.2104"
328,328-BANANAL X CASTELO (CIRCULAR),Fetranspor,65,"-22.7945","-43.1732"
328,328-BANANAL X CASTELO (CIRCULAR),Fetranspor,55,"-22.7945","-43.1732"
328,328-BANANAL X CASTELO (CIRCULAR),Fetranspor,56,"-22.7936","-43.1708"
328,328-BANANAL X CASTELO (CIRCULAR),Fetranspor,22,"-22.8686","-43.242"
328,328-BANANAL X CASTELO (CIRCULAR),Fetranspor,67,"-22.7923","-43.1695"
328,328-BANANAL X CASTELO (CIRCULAR),Fetranspor,9,"-22.7955","-43.1794"
328,328-BANANAL X CASTELO (CIRCULAR),Fetranspor,33,"-22.833","-43.2391"
328,328-BANANAL X CASTELO (CIRCULAR),Fetranspor,52,"-22.7978","-43.1839"
328,328-BANANAL X CASTELO (CIRCULAR),Fetranspor,31,"-22.8601","-43.222"
328,328-BANANAL X CASTELO (CIRCULAR),Fetranspor,56,"-22.811","-43.1847"
328,328-BANANAL X CASTELO (CIRCULAR),Fetranspor,64,"-22.9097","-43.1767"
328,328-BANANAL X CASTELO (CIRCULAR),Fetranspor,23,"-22.861","-43.2476"
328,328-BANANAL X CASTELO (CIRCULAR),Fetranspor,26,"-22.8519","-43.2474"
328,328-BANANAL X CASTELO (CIRCULAR),Fetranspor,39,"-22.806","-43.2001"
328,328-BANANAL X CASTELO (CIRCULAR),Fetranspor,54,"-22.875","-43.2435"
328,328-BANANAL X CASTELO (CIRCULAR),Fetranspor,66,"-22.9101","-43.206"
328,328-BANANAL X CASTELO (CIRCULAR),Fetranspor,24,"-22.8579","-43.2339"
328,328-BANANAL X CASTELO (CIRCULAR),Fetranspor,29,"-22.8153","-43.2219"
328,328-BANANAL X CASTELO (CIRCULAR),Fetranspor,29,"-22.8333","-43.2388"
328,328-BANANAL X CASTELO (CIRCULAR),Fetranspor,70,"-22.9038","-43.1835"
328,328-BANANAL X CASTELO (CIRCULAR),Fetranspor,46,"-22.8857","-43.2286"
328,328-BANANAL X CASTELO (CIRCULAR),Fetranspor,61,"-22.9088","-43.1805"
328,328-BANANAL X CASTELO (CIRCULAR),Fetranspor,68,"-22.9103","-43.1735"
328,328-BANANAL X CASTELO (CIRCULAR),Fetranspor,42,"-22.8618","-43.2243"
328,328-BANANAL X CASTELO (CIRCULAR),Fetranspor,46,"-22.8607","-43.2271"
328,328-BANANAL X CASTELO (CIRCULAR),Fetranspor,47,"-22.8529","-43.2328"
328,328-BANANAL X CASTELO (CIRCULAR),Fetranspor,51,"-22.8679","-43.2413"
328,328-BANANAL X CASTELO (CIRCULAR),Fetranspor,67,"-22.9086","-43.2013"
328,328-BANANAL X CASTELO (CIRCULAR),Fetranspor,2,"-22.9094","-43.1704"
328,328-BANANAL X CASTELO (CIRCULAR),Fetranspor,32,"-22.8617","-43.2246"
328,328-BANANAL X CASTELO (CIRCULAR),Fetranspor,38,"-22.8045","-43.203"
328,328-BANANAL X CASTELO (CIRCULAR),Fetranspor,40,"-22.858","-43.2311"
328,328-BANANAL X CASTELO (CIRCULAR),Fetranspor,52,"-22.8704","-43.2469"
