linha,descricao,agencia,sequencia,latitude,longitude
438,438-VILA ISABEL X LEBLON (VIA JOQUEI) - CIRCULAR,Fetranspor,43,"-22.9227","-43.1724"
438,438-VILA ISABEL X LEBLON (VIA JOQUEI) - CIRCULAR,Fetranspor,70,"-22.9618","-43.2151"
438,438-VILA ISABEL X LEBLON (VIA JOQUEI) - CIRCULAR,Fetranspor,2,"-22.9838","-43.2233"
438,438-VILA ISABEL X LEBLON (VIA JOQUEI) - CIRCULAR,Fetranspor,6,"-22.9788","-43.2243"
438,438-VILA ISABEL X LEBLON (VIA JOQUEI) - CIRCULAR,Fetranspor,13,"-22.9649","-43.2182"
438,438-VILA ISABEL X LEBLON (VIA JOQUEI) - CIRCULAR,Fetranspor,13,"-22.9163","-43.2281"
438,438-VILA ISABEL X LEBLON (VIA JOQUEI) - CIRCULAR,Fetranspor,29,"-22.9424","-43.1741"
438,438-VILA ISABEL X LEBLON (VIA JOQUEI) - CIRCULAR,Fetranspor,39,"-22.9156","-43.1751"
438,438-VILA ISABEL X LEBLON (VIA JOQUEI) - CIRCULAR,Fetranspor,44,"-22.9022","-43.1823"
438,438-VILA ISABEL X LEBLON (VIA JOQUEI) - CIRCULAR,Fetranspor,3,"-22.9182","-43.2492"
438,438-VILA ISABEL X LEBLON (VIA JOQUEI) - CIRCULAR,Fetranspor,16,"-22.9196","-43.2234"
438,438-VILA ISABEL X LEBLON (VIA JOQUEI) - CIRCULAR,Fetranspor,54,"-22.9425","-43.181"
438,438-VILA ISABEL X LEBLON (VIA JOQUEI) - CIRCULAR,Fetranspor,68,"-22.9608","-43.2093"
438,438-VILA ISABEL X LEBLON (VIA JOQUEI) - CIRCULAR,Fetranspor,80,"-22.9882","-43.2283"
438,438-VILA ISABEL X LEBLON (VIA JOQUEI) - CIRCULAR,Fetranspor,42,"-22.9029","-43.1731"
438,438-VILA ISABEL X LEBLON (VIA JOQUEI) - CIRCULAR,Fetranspor,28,"-22.9085","-43.198"
438,438-VILA ISABEL X LEBLON (VIA JOQUEI) - CIRCULAR,Fetranspor,53,"-22.9418","-43.1801"
438,438-VILA ISABEL X LEBLON (VIA JOQUEI) - CIRCULAR,Fetranspor,69,"-22.9611","-43.2123"
438,438-VILA ISABEL X LEBLON (VIA JOQUEI) - CIRCULAR,Fetranspor,14,"-22.9165","-43.2263"
438,438-VILA ISABEL X LEBLON (VIA JOQUEI) - CIRCULAR,Fetranspor,30,"-22.9048","-43.1899"
438,438-VILA ISABEL X LEBLON (VIA JOQUEI) - CIRCULAR,Fetranspor,2,"-22.9177","-43.2512"
438,438-VILA ISABEL X LEBLON (VIA JOQUEI) - CIRCULAR,Fetranspor,48,"-22.9338","-43.1744"
438,438-VILA ISABEL X LEBLON (VIA JOQUEI) - CIRCULAR,Fetranspor,26,"-22.9472","-43.1822"
438,438-VILA ISABEL X LEBLON (VIA JOQUEI) - CIRCULAR,Fetranspor,7,"-22.9167","-43.2411"
438,438-VILA ISABEL X LEBLON (VIA JOQUEI) - CIRCULAR,Fetranspor,74,"-22.9701","-43.2225"
438,438-VILA ISABEL X LEBLON (VIA JOQUEI) - CIRCULAR,Fetranspor,77,"-22.9811","-43.2267"
438,438-VILA ISABEL X LEBLON (VIA JOQUEI) - CIRCULAR,Fetranspor,68,"-22.9164","-43.2495"
438,438-VILA ISABEL X LEBLON (VIA JOQUEI) - CIRCULAR,Fetranspor,62,"-22.9516","-43.1951"
438,438-VILA ISABEL X LEBLON (VIA JOQUEI) - CIRCULAR,Fetranspor,10,"-22.9701","-43.2225"
438,438-VILA ISABEL X LEBLON (VIA JOQUEI) - CIRCULAR,Fetranspor,20,"-22.9572","-43.1988"
438,438-VILA ISABEL X LEBLON (VIA JOQUEI) - CIRCULAR,Fetranspor,33,"-22.9327","-43.1744"
438,438-VILA ISABEL X LEBLON (VIA JOQUEI) - CIRCULAR,Fetranspor,23,"-22.9135","-43.216"
438,438-VILA ISABEL X LEBLON (VIA JOQUEI) - CIRCULAR,Fetranspor,27,"-22.9094","-43.2009"
438,438-VILA ISABEL X LEBLON (VIA JOQUEI) - CIRCULAR,Fetranspor,42,"-22.9211","-43.1737"
438,438-VILA ISABEL X LEBLON (VIA JOQUEI) - CIRCULAR,Fetranspor,45,"-22.9268","-43.1734"
438,438-VILA ISABEL X LEBLON (VIA JOQUEI) - CIRCULAR,Fetranspor,58,"-22.9492","-43.1839"
438,438-VILA ISABEL X LEBLON (VIA JOQUEI) - CIRCULAR,Fetranspor,79,"-22.9843","-43.2291"
438,438-VILA ISABEL X LEBLON (VIA JOQUEI) - CIRCULAR,Fetranspor,14,"-22.9622","-43.2155"
438,438-VILA ISABEL X LEBLON (VIA JOQUEI) - CIRCULAR,Fetranspor,67,"-22.9158","-43.2464"
438,438-VILA ISABEL X LEBLON (VIA JOQUEI) - CIRCULAR,Fetranspor,78,"-22.9833","-43.2282"
438,438-VILA ISABEL X LEBLON (VIA JOQUEI) - CIRCULAR,Fetranspor,10,"-22.9144","-43.2336"
438,438-VILA ISABEL X LEBLON (VIA JOQUEI) - CIRCULAR,Fetranspor,11,"-22.9152","-43.2325"
438,438-VILA ISABEL X LEBLON (VIA JOQUEI) - CIRCULAR,Fetranspor,71,"-22.9632","-43.2166"
438,438-VILA ISABEL X LEBLON (VIA JOQUEI) - CIRCULAR,Fetranspor,31,"-22.9396","-43.1711"
438,438-VILA ISABEL X LEBLON (VIA JOQUEI) - CIRCULAR,Fetranspor,40,"-22.9162","-43.1763"
438,438-VILA ISABEL X LEBLON (VIA JOQUEI) - CIRCULAR,Fetranspor,65,"-22.959","-43.2006"
438,438-VILA ISABEL X LEBLON (VIA JOQUEI) - CIRCULAR,Fetranspor,17,"-22.9606","-43.2072"
438,438-VILA ISABEL X LEBLON (VIA JOQUEI) - CIRCULAR,Fetranspor,61,"-22.9176","-43.2348"
438,438-VILA ISABEL X LEBLON (VIA JOQUEI) - CIRCULAR,Fetranspor,76,"-22.9795","-43.2266"
438,438-VILA ISABEL X LEBLON (VIA JOQUEI) - CIRCULAR,Fetranspor,19,"-22.9596","-43.2015"
438,438-VILA ISABEL X LEBLON (VIA JOQUEI) - CIRCULAR,Fetranspor,37,"-22.9227","-43.1723"
438,438-VILA ISABEL X LEBLON (VIA JOQUEI) - CIRCULAR,Fetranspor,31,"-22.903","-43.1842"
438,438-VILA ISABEL X LEBLON (VIA JOQUEI) - CIRCULAR,Fetranspor,55,"-22.9448","-43.1823"
438,438-VILA ISABEL X LEBLON (VIA JOQUEI) - CIRCULAR,Fetranspor,56,"-22.9128","-43.2259"
438,438-VILA ISABEL X LEBLON (VIA JOQUEI) - CIRCULAR,Fetranspor,34,"-22.905","-43.1699"
438,438-VILA ISABEL X LEBLON (VIA JOQUEI) - CIRCULAR,Fetranspor,3,"-22.9827","-43.2236"
438,438-VILA ISABEL X LEBLON (VIA JOQUEI) - CIRCULAR,Fetranspor,64,"-22.9139","-43.237"
438,438-VILA ISABEL X LEBLON (VIA JOQUEI) - CIRCULAR,Fetranspor,15,"-22.9178","-43.2246"
438,438-VILA ISABEL X LEBLON (VIA JOQUEI) - CIRCULAR,Fetranspor,73,"-22.9658","-43.2189"
438,438-VILA ISABEL X LEBLON (VIA JOQUEI) - CIRCULAR,Fetranspor,50,"-22.9109","-43.2141"
438,438-VILA ISABEL X LEBLON (VIA JOQUEI) - CIRCULAR,Fetranspor,63,"-22.9139","-43.2357"
438,438-VILA ISABEL X LEBLON (VIA JOQUEI) - CIRCULAR,Fetranspor,39,"-22.9125","-43.1743"
438,438-VILA ISABEL X LEBLON (VIA JOQUEI) - CIRCULAR,Fetranspor,50,"-22.9364","-43.174"
438,438-VILA ISABEL X LEBLON (VIA JOQUEI) - CIRCULAR,Fetranspor,12,"-22.916","-43.2304"
438,438-VILA ISABEL X LEBLON (VIA JOQUEI) - CIRCULAR,Fetranspor,37,"-22.9095","-43.1703"
438,438-VILA ISABEL X LEBLON (VIA JOQUEI) - CIRCULAR,Fetranspor,28,"-22.9426","-43.1768"
438,438-VILA ISABEL X LEBLON (VIA JOQUEI) - CIRCULAR,Fetranspor,52,"-22.9135","-43.2177"
438,438-VILA ISABEL X LEBLON (VIA JOQUEI) - CIRCULAR,Fetranspor,8,"-22.9164","-43.2386"
438,438-VILA ISABEL X LEBLON (VIA JOQUEI) - CIRCULAR,Fetranspor,17,"-22.9202","-43.223"
438,438-VILA ISABEL X LEBLON (VIA JOQUEI) - CIRCULAR,Fetranspor,33,"-22.903","-43.1733"
438,438-VILA ISABEL X LEBLON (VIA JOQUEI) - CIRCULAR,Fetranspor,47,"-22.9318","-43.1744"
438,438-VILA ISABEL X LEBLON (VIA JOQUEI) - CIRCULAR,Fetranspor,22,"-22.9542","-43.1923"
438,438-VILA ISABEL X LEBLON (VIA JOQUEI) - CIRCULAR,Fetranspor,49,"-22.9099","-43.2064"
438,438-VILA ISABEL X LEBLON (VIA JOQUEI) - CIRCULAR,Fetranspor,25,"-22.9115","-43.2142"
438,438-VILA ISABEL X LEBLON (VIA JOQUEI) - CIRCULAR,Fetranspor,36,"-22.9096","-43.1684"
438,438-VILA ISABEL X LEBLON (VIA JOQUEI) - CIRCULAR,Fetranspor,38,"-22.9105","-43.1725"
438,438-VILA ISABEL X LEBLON (VIA JOQUEI) - CIRCULAR,Fetranspor,8,"-22.9751","-43.2258"
438,438-VILA ISABEL X LEBLON (VIA JOQUEI) - CIRCULAR,Fetranspor,36,"-22.925","-43.1726"
438,438-VILA ISABEL X LEBLON (VIA JOQUEI) - CIRCULAR,Fetranspor,45,"-22.9036","-43.1867"
438,438-VILA ISABEL X LEBLON (VIA JOQUEI) - CIRCULAR,Fetranspor,4,"-22.9177","-43.2465"
438,438-VILA ISABEL X LEBLON (VIA JOQUEI) - CIRCULAR,Fetranspor,5,"-22.9807","-43.2238"
438,438-VILA ISABEL X LEBLON (VIA JOQUEI) - CIRCULAR,Fetranspor,9,"-22.9735","-43.2255"
438,438-VILA ISABEL X LEBLON (VIA JOQUEI) - CIRCULAR,Fetranspor,38,"-22.9195","-43.1748"
438,438-VILA ISABEL X LEBLON (VIA JOQUEI) - CIRCULAR,Fetranspor,51,"-22.9115","-43.2175"
438,438-VILA ISABEL X LEBLON (VIA JOQUEI) - CIRCULAR,Fetranspor,49,"-22.9355","-43.1742"
438,438-VILA ISABEL X LEBLON (VIA JOQUEI) - CIRCULAR,Fetranspor,51,"-22.9396","-43.1749"
438,438-VILA ISABEL X LEBLON (VIA JOQUEI) - CIRCULAR,Fetranspor,59,"-22.9495","-43.1878"
438,438-VILA ISABEL X LEBLON (VIA JOQUEI) - CIRCULAR,Fetranspor,15,"-22.9612","-43.2132"
438,438-VILA ISABEL X LEBLON (VIA JOQUEI) - CIRCULAR,Fetranspor,18,"-22.9603","-43.2046"
438,438-VILA ISABEL X LEBLON (VIA JOQUEI) - CIRCULAR,Fetranspor,32,"-22.9014","-43.1793"
438,438-VILA ISABEL X LEBLON (VIA JOQUEI) - CIRCULAR,Fetranspor,66,"-22.9602","-43.2043"
438,438-VILA ISABEL X LEBLON (VIA JOQUEI) - CIRCULAR,Fetranspor,43,"-22.9","-43.1759"
438,438-VILA ISABEL X LEBLON (VIA JOQUEI) - CIRCULAR,Fetranspor,54,"-22.913","-43.2206"
438,438-VILA ISABEL X LEBLON (VIA JOQUEI) - CIRCULAR,Fetranspor,72,"-22.9648","-43.218"
438,438-VILA ISABEL X LEBLON (VIA JOQUEI) - CIRCULAR,Fetranspor,1,"-22.9882","-43.2283"
438,438-VILA ISABEL X LEBLON (VIA JOQUEI) - CIRCULAR,Fetranspor,40,"-22.9122","-43.1731"
438,438-VILA ISABEL X LEBLON (VIA JOQUEI) - CIRCULAR,Fetranspor,58,"-22.9155","-43.2294"
438,438-VILA ISABEL X LEBLON (VIA JOQUEI) - CIRCULAR,Fetranspor,35,"-22.9073","-43.1686"
438,438-VILA ISABEL X LEBLON (VIA JOQUEI) - CIRCULAR,Fetranspor,60,"-22.95","-43.1909"
438,438-VILA ISABEL X LEBLON (VIA JOQUEI) - CIRCULAR,Fetranspor,67,"-22.9605","-43.2067"
438,438-VILA ISABEL X LEBLON (VIA JOQUEI) - CIRCULAR,Fetranspor,25,"-22.9511","-43.1836"
438,438-VILA ISABEL X LEBLON (VIA JOQUEI) - CIRCULAR,Fetranspor,59,"-22.9174","-43.2309"
438,438-VILA ISABEL X LEBLON (VIA JOQUEI) - CIRCULAR,Fetranspor,9,"-22.9159","-43.2364"
438,438-VILA ISABEL X LEBLON (VIA JOQUEI) - CIRCULAR,Fetranspor,63,"-22.9529","-43.1966"
438,438-VILA ISABEL X LEBLON (VIA JOQUEI) - CIRCULAR,Fetranspor,64,"-22.9556","-43.1981"
438,438-VILA ISABEL X LEBLON (VIA JOQUEI) - CIRCULAR,Fetranspor,47,"-22.9061","-43.1944"
438,438-VILA ISABEL X LEBLON (VIA JOQUEI) - CIRCULAR,Fetranspor,16,"-22.9609","-43.2103"
438,438-VILA ISABEL X LEBLON (VIA JOQUEI) - CIRCULAR,Fetranspor,24,"-22.9134","-43.2159"
438,438-VILA ISABEL X LEBLON (VIA JOQUEI) - CIRCULAR,Fetranspor,26,"-22.9102","-43.2037"
438,438-VILA ISABEL X LEBLON (VIA JOQUEI) - CIRCULAR,Fetranspor,29,"-22.9079","-43.1958"
438,438-VILA ISABEL X LEBLON (VIA JOQUEI) - CIRCULAR,Fetranspor,41,"-22.9181","-43.1766"
438,438-VILA ISABEL X LEBLON (VIA JOQUEI) - CIRCULAR,Fetranspor,44,"-22.9246","-43.1727"
438,438-VILA ISABEL X LEBLON (VIA JOQUEI) - CIRCULAR,Fetranspor,7,"-22.9764","-43.2251"
438,438-VILA ISABEL X LEBLON (VIA JOQUEI) - CIRCULAR,Fetranspor,41,"-22.9087","-43.1683"
438,438-VILA ISABEL X LEBLON (VIA JOQUEI) - CIRCULAR,Fetranspor,5,"-22.9173","-43.244"
438,438-VILA ISABEL X LEBLON (VIA JOQUEI) - CIRCULAR,Fetranspor,6,"-22.9169","-43.2423"
438,438-VILA ISABEL X LEBLON (VIA JOQUEI) - CIRCULAR,Fetranspor,19,"-22.9177","-43.2199"
438,438-VILA ISABEL X LEBLON (VIA JOQUEI) - CIRCULAR,Fetranspor,4,"-22.9821","-43.2237"
438,438-VILA ISABEL X LEBLON (VIA JOQUEI) - CIRCULAR,Fetranspor,32,"-22.9355","-43.174"
438,438-VILA ISABEL X LEBLON (VIA JOQUEI) - CIRCULAR,Fetranspor,61,"-22.9506","-43.1932"
438,438-VILA ISABEL X LEBLON (VIA JOQUEI) - CIRCULAR,Fetranspor,46,"-22.9046","-43.1896"
438,438-VILA ISABEL X LEBLON (VIA JOQUEI) - CIRCULAR,Fetranspor,52,"-22.9406","-43.176"
438,438-VILA ISABEL X LEBLON (VIA JOQUEI) - CIRCULAR,Fetranspor,30,"-22.9412","-43.1724"
438,438-VILA ISABEL X LEBLON (VIA JOQUEI) - CIRCULAR,Fetranspor,34,"-22.9294","-43.174"
438,438-VILA ISABEL X LEBLON (VIA JOQUEI) - CIRCULAR,Fetranspor,48,"-22.9081","-43.2008"
438,438-VILA ISABEL X LEBLON (VIA JOQUEI) - CIRCULAR,Fetranspor,62,"-22.9159","-43.2353"
438,438-VILA ISABEL X LEBLON (VIA JOQUEI) - CIRCULAR,Fetranspor,66,"-22.9153","-43.2438"
438,438-VILA ISABEL X LEBLON (VIA JOQUEI) - CIRCULAR,Fetranspor,1,"-22.9163","-43.2512"
438,438-VILA ISABEL X LEBLON (VIA JOQUEI) - CIRCULAR,Fetranspor,20,"-22.9162","-43.2179"
438,438-VILA ISABEL X LEBLON (VIA JOQUEI) - CIRCULAR,Fetranspor,57,"-22.9472","-43.1825"
438,438-VILA ISABEL X LEBLON (VIA JOQUEI) - CIRCULAR,Fetranspor,75,"-22.9738","-43.226"
438,438-VILA ISABEL X LEBLON (VIA JOQUEI) - CIRCULAR,Fetranspor,21,"-22.9551","-43.195"
438,438-VILA ISABEL X LEBLON (VIA JOQUEI) - CIRCULAR,Fetranspor,23,"-22.9532","-43.1895"
438,438-VILA ISABEL X LEBLON (VIA JOQUEI) - CIRCULAR,Fetranspor,46,"-22.9293","-43.1741"
438,438-VILA ISABEL X LEBLON (VIA JOQUEI) - CIRCULAR,Fetranspor,12,"-22.966","-43.2191"
438,438-VILA ISABEL X LEBLON (VIA JOQUEI) - CIRCULAR,Fetranspor,35,"-22.9269","-43.1732"
438,438-VILA ISABEL X LEBLON (VIA JOQUEI) - CIRCULAR,Fetranspor,57,"-22.9135","-43.2276"
438,438-VILA ISABEL X LEBLON (VIA JOQUEI) - CIRCULAR,Fetranspor,24,"-22.9523","-43.1868"
438,438-VILA ISABEL X LEBLON (VIA JOQUEI) - CIRCULAR,Fetranspor,55,"-22.913","-43.2251"
438,438-VILA ISABEL X LEBLON (VIA JOQUEI) - CIRCULAR,Fetranspor,18,"-22.9183","-43.2202"
438,438-VILA ISABEL X LEBLON (VIA JOQUEI) - CIRCULAR,Fetranspor,21,"-22.916","-43.2176"
438,438-VILA ISABEL X LEBLON (VIA JOQUEI) - CIRCULAR,Fetranspor,22,"-22.915","-43.2164"
438,438-VILA ISABEL X LEBLON (VIA JOQUEI) - CIRCULAR,Fetranspor,56,"-22.9464","-43.1826"
438,438-VILA ISABEL X LEBLON (VIA JOQUEI) - CIRCULAR,Fetranspor,11,"-22.9671","-43.22"
438,438-VILA ISABEL X LEBLON (VIA JOQUEI) - CIRCULAR,Fetranspor,27,"-22.9433","-43.1809"
438,438-VILA ISABEL X LEBLON (VIA JOQUEI) - CIRCULAR,Fetranspor,53,"-22.9136","-43.2178"
438,438-VILA ISABEL X LEBLON (VIA JOQUEI) - CIRCULAR,Fetranspor,60,"-22.919","-43.2332"
438,438-VILA ISABEL X LEBLON (VIA JOQUEI) - CIRCULAR,Fetranspor,65,"-22.9145","-43.2397"
