linha,descricao,agencia,sequencia,latitude,longitude
504,504-PIABAS X GAVEA (VIA AVENIDA BENVINDO DE NOVAES),Fetranspor,32,"-22.9999","-43.3408"
504,504-PIABAS X GAVEA (VIA AVENIDA BENVINDO DE NOVAES),Fetranspor,44,"-22.9914","-43.3662"
504,504-PIABAS X GAVEA (VIA AVENIDA BENVINDO DE NOVAES),Fetranspor,30,"-22.9791","-43.4919"
504,504-PIABAS X GAVEA (VIA AVENIDA BENVINDO DE NOVAES),Fetranspor,37,"-22.9868","-43.4769"
504,504-PIABAS X GAVEA (VIA AVENIDA BENVINDO DE NOVAES),Fetranspor,66,"-23.005","-43.4297"
504,504-PIABAS X GAVEA (VIA AVENIDA BENVINDO DE NOVAES),Fetranspor,112,"-22.99","-43.2277"
504,504-PIABAS X GAVEA (VIA AVENIDA BENVINDO DE NOVAES),Fetranspor,114,"-22.9855","-43.2294"
504,504-PIABAS X GAVEA (VIA AVENIDA BENVINDO DE NOVAES),Fetranspor,64,"-23.0122","-43.46"
504,504-PIABAS X GAVEA (VIA AVENIDA BENVINDO DE NOVAES),Fetranspor,70,"-22.9914","-43.4514"
504,504-PIABAS X GAVEA (VIA AVENIDA BENVINDO DE NOVAES),Fetranspor,55,"-23.0105","-43.4612"
504,504-PIABAS X GAVEA (VIA AVENIDA BENVINDO DE NOVAES),Fetranspor,84,"-23.0003","-43.3549"
504,504-PIABAS X GAVEA (VIA AVENIDA BENVINDO DE NOVAES),Fetranspor,2,"-22.9751","-43.2258"
504,504-PIABAS X GAVEA (VIA AVENIDA BENVINDO DE NOVAES),Fetranspor,34,"-22.9998","-43.3463"
504,504-PIABAS X GAVEA (VIA AVENIDA BENVINDO DE NOVAES),Fetranspor,58,"-23.004","-43.4286"
504,504-PIABAS X GAVEA (VIA AVENIDA BENVINDO DE NOVAES),Fetranspor,113,"-23.0203","-43.5211"
504,504-PIABAS X GAVEA (VIA AVENIDA BENVINDO DE NOVAES),Fetranspor,11,"-23.0092","-43.5115"
504,504-PIABAS X GAVEA (VIA AVENIDA BENVINDO DE NOVAES),Fetranspor,46,"-22.9889","-43.454"
504,504-PIABAS X GAVEA (VIA AVENIDA BENVINDO DE NOVAES),Fetranspor,65,"-23.0087","-43.443"
504,504-PIABAS X GAVEA (VIA AVENIDA BENVINDO DE NOVAES),Fetranspor,109,"-22.9948","-43.2346"
504,504-PIABAS X GAVEA (VIA AVENIDA BENVINDO DE NOVAES),Fetranspor,36,"-22.9997","-43.3517"
504,504-PIABAS X GAVEA (VIA AVENIDA BENVINDO DE NOVAES),Fetranspor,38,"-22.9995","-43.3574"
504,504-PIABAS X GAVEA (VIA AVENIDA BENVINDO DE NOVAES),Fetranspor,68,"-23.001","-43.4535"
504,504-PIABAS X GAVEA (VIA AVENIDA BENVINDO DE NOVAES),Fetranspor,101,"-22.9983","-43.5084"
504,504-PIABAS X GAVEA (VIA AVENIDA BENVINDO DE NOVAES),Fetranspor,105,"-23.0098","-43.5119"
504,504-PIABAS X GAVEA (VIA AVENIDA BENVINDO DE NOVAES),Fetranspor,112,"-23.0187","-43.5202"
504,504-PIABAS X GAVEA (VIA AVENIDA BENVINDO DE NOVAES),Fetranspor,4,"-23.0164","-43.5199"
504,504-PIABAS X GAVEA (VIA AVENIDA BENVINDO DE NOVAES),Fetranspor,6,"-23.0119","-43.5194"
504,504-PIABAS X GAVEA (VIA AVENIDA BENVINDO DE NOVAES),Fetranspor,34,"-22.9877","-43.4852"
504,504-PIABAS X GAVEA (VIA AVENIDA BENVINDO DE NOVAES),Fetranspor,38,"-22.9841","-43.4718"
504,504-PIABAS X GAVEA (VIA AVENIDA BENVINDO DE NOVAES),Fetranspor,44,"-22.9862","-43.4575"
504,504-PIABAS X GAVEA (VIA AVENIDA BENVINDO DE NOVAES),Fetranspor,72,"-23.0003","-43.4039"
504,504-PIABAS X GAVEA (VIA AVENIDA BENVINDO DE NOVAES),Fetranspor,18,"-22.9947","-43.2576"
504,504-PIABAS X GAVEA (VIA AVENIDA BENVINDO DE NOVAES),Fetranspor,80,"-22.9877","-43.4808"
504,504-PIABAS X GAVEA (VIA AVENIDA BENVINDO DE NOVAES),Fetranspor,98,"-22.9924","-43.5062"
504,504-PIABAS X GAVEA (VIA AVENIDA BENVINDO DE NOVAES),Fetranspor,5,"-23.016","-43.52"
504,504-PIABAS X GAVEA (VIA AVENIDA BENVINDO DE NOVAES),Fetranspor,50,"-22.9955","-43.4491"
504,504-PIABAS X GAVEA (VIA AVENIDA BENVINDO DE NOVAES),Fetranspor,71,"-23.0002","-43.4087"
504,504-PIABAS X GAVEA (VIA AVENIDA BENVINDO DE NOVAES),Fetranspor,117,"-22.9808","-43.2264"
504,504-PIABAS X GAVEA (VIA AVENIDA BENVINDO DE NOVAES),Fetranspor,42,"-22.9877","-43.3654"
504,504-PIABAS X GAVEA (VIA AVENIDA BENVINDO DE NOVAES),Fetranspor,66,"-23.0101","-43.4609"
504,504-PIABAS X GAVEA (VIA AVENIDA BENVINDO DE NOVAES),Fetranspor,22,"-22.9852","-43.5057"
504,504-PIABAS X GAVEA (VIA AVENIDA BENVINDO DE NOVAES),Fetranspor,78,"-23.0007","-43.3815"
504,504-PIABAS X GAVEA (VIA AVENIDA BENVINDO DE NOVAES),Fetranspor,96,"-23.0055","-43.3186"
504,504-PIABAS X GAVEA (VIA AVENIDA BENVINDO DE NOVAES),Fetranspor,50,"-23.0001","-43.3877"
504,504-PIABAS X GAVEA (VIA AVENIDA BENVINDO DE NOVAES),Fetranspor,53,"-22.9997","-43.4028"
504,504-PIABAS X GAVEA (VIA AVENIDA BENVINDO DE NOVAES),Fetranspor,74,"-22.9836","-43.462"
504,504-PIABAS X GAVEA (VIA AVENIDA BENVINDO DE NOVAES),Fetranspor,75,"-22.9823","-43.4655"
504,504-PIABAS X GAVEA (VIA AVENIDA BENVINDO DE NOVAES),Fetranspor,85,"-22.9791","-43.4919"
504,504-PIABAS X GAVEA (VIA AVENIDA BENVINDO DE NOVAES),Fetranspor,54,"-23.005","-43.4568"
504,504-PIABAS X GAVEA (VIA AVENIDA BENVINDO DE NOVAES),Fetranspor,77,"-23.0008","-43.386"
504,504-PIABAS X GAVEA (VIA AVENIDA BENVINDO DE NOVAES),Fetranspor,104,"-22.9985","-43.2566"
504,504-PIABAS X GAVEA (VIA AVENIDA BENVINDO DE NOVAES),Fetranspor,116,"-22.9823","-43.2269"
504,504-PIABAS X GAVEA (VIA AVENIDA BENVINDO DE NOVAES),Fetranspor,27,"-23.0027","-43.3246"
504,504-PIABAS X GAVEA (VIA AVENIDA BENVINDO DE NOVAES),Fetranspor,33,"-22.9998","-43.344"
504,504-PIABAS X GAVEA (VIA AVENIDA BENVINDO DE NOVAES),Fetranspor,49,"-23.0001","-43.3845"
504,504-PIABAS X GAVEA (VIA AVENIDA BENVINDO DE NOVAES),Fetranspor,10,"-23.0112","-43.5129"
504,504-PIABAS X GAVEA (VIA AVENIDA BENVINDO DE NOVAES),Fetranspor,12,"-22.9952","-43.2352"
504,504-PIABAS X GAVEA (VIA AVENIDA BENVINDO DE NOVAES),Fetranspor,15,"-22.9989","-43.2514"
504,504-PIABAS X GAVEA (VIA AVENIDA BENVINDO DE NOVAES),Fetranspor,61,"-23.0092","-43.4477"
504,504-PIABAS X GAVEA (VIA AVENIDA BENVINDO DE NOVAES),Fetranspor,82,"-22.9869","-43.4889"
504,504-PIABAS X GAVEA (VIA AVENIDA BENVINDO DE NOVAES),Fetranspor,92,"-22.9823","-43.5061"
504,504-PIABAS X GAVEA (VIA AVENIDA BENVINDO DE NOVAES),Fetranspor,39,"-22.9836","-43.4705"
504,504-PIABAS X GAVEA (VIA AVENIDA BENVINDO DE NOVAES),Fetranspor,43,"-22.9852","-43.4604"
504,504-PIABAS X GAVEA (VIA AVENIDA BENVINDO DE NOVAES),Fetranspor,7,"-22.9887","-43.2281"
504,504-PIABAS X GAVEA (VIA AVENIDA BENVINDO DE NOVAES),Fetranspor,78,"-22.9843","-43.4722"
504,504-PIABAS X GAVEA (VIA AVENIDA BENVINDO DE NOVAES),Fetranspor,76,"-23.0007","-43.3891"
504,504-PIABAS X GAVEA (VIA AVENIDA BENVINDO DE NOVAES),Fetranspor,85,"-23.0003","-43.3525"
504,504-PIABAS X GAVEA (VIA AVENIDA BENVINDO DE NOVAES),Fetranspor,115,"-22.9834","-43.228"
504,504-PIABAS X GAVEA (VIA AVENIDA BENVINDO DE NOVAES),Fetranspor,102,"-23.0003","-43.5089"
504,504-PIABAS X GAVEA (VIA AVENIDA BENVINDO DE NOVAES),Fetranspor,110,"-23.015","-43.52"
504,504-PIABAS X GAVEA (VIA AVENIDA BENVINDO DE NOVAES),Fetranspor,58,"-23.0144","-43.4682"
504,504-PIABAS X GAVEA (VIA AVENIDA BENVINDO DE NOVAES),Fetranspor,79,"-23.0006","-43.3787"
504,504-PIABAS X GAVEA (VIA AVENIDA BENVINDO DE NOVAES),Fetranspor,16,"-22.9964","-43.2554"
504,504-PIABAS X GAVEA (VIA AVENIDA BENVINDO DE NOVAES),Fetranspor,45,"-22.9879","-43.4552"
504,504-PIABAS X GAVEA (VIA AVENIDA BENVINDO DE NOVAES),Fetranspor,56,"-23.0119","-43.4624"
504,504-PIABAS X GAVEA (VIA AVENIDA BENVINDO DE NOVAES),Fetranspor,26,"-23.0047","-43.3198"
504,504-PIABAS X GAVEA (VIA AVENIDA BENVINDO DE NOVAES),Fetranspor,69,"-22.9968","-43.4501"
504,504-PIABAS X GAVEA (VIA AVENIDA BENVINDO DE NOVAES),Fetranspor,73,"-22.9853","-43.4603"
504,504-PIABAS X GAVEA (VIA AVENIDA BENVINDO DE NOVAES),Fetranspor,79,"-22.9869","-43.4772"
504,504-PIABAS X GAVEA (VIA AVENIDA BENVINDO DE NOVAES),Fetranspor,1,"-22.9764","-43.2251"
504,504-PIABAS X GAVEA (VIA AVENIDA BENVINDO DE NOVAES),Fetranspor,22,"-23.0074","-43.3042"
504,504-PIABAS X GAVEA (VIA AVENIDA BENVINDO DE NOVAES),Fetranspor,47,"-22.9999","-43.377"
504,504-PIABAS X GAVEA (VIA AVENIDA BENVINDO DE NOVAES),Fetranspor,88,"-22.9765","-43.495"
504,504-PIABAS X GAVEA (VIA AVENIDA BENVINDO DE NOVAES),Fetranspor,21,"-22.9878","-43.5036"
504,504-PIABAS X GAVEA (VIA AVENIDA BENVINDO DE NOVAES),Fetranspor,87,"-23.0004","-43.3475"
504,504-PIABAS X GAVEA (VIA AVENIDA BENVINDO DE NOVAES),Fetranspor,99,"-23.0111","-43.3013"
504,504-PIABAS X GAVEA (VIA AVENIDA BENVINDO DE NOVAES),Fetranspor,48,"-23","-43.38"
504,504-PIABAS X GAVEA (VIA AVENIDA BENVINDO DE NOVAES),Fetranspor,72,"-22.9864","-43.4572"
504,504-PIABAS X GAVEA (VIA AVENIDA BENVINDO DE NOVAES),Fetranspor,9,"-23.0119","-43.5142"
504,504-PIABAS X GAVEA (VIA AVENIDA BENVINDO DE NOVAES),Fetranspor,12,"-23.0058","-43.5108"
504,504-PIABAS X GAVEA (VIA AVENIDA BENVINDO DE NOVAES),Fetranspor,60,"-23.014","-43.4637"
504,504-PIABAS X GAVEA (VIA AVENIDA BENVINDO DE NOVAES),Fetranspor,25,"-23.0064","-43.3121"
504,504-PIABAS X GAVEA (VIA AVENIDA BENVINDO DE NOVAES),Fetranspor,29,"-23.0006","-43.3303"
504,504-PIABAS X GAVEA (VIA AVENIDA BENVINDO DE NOVAES),Fetranspor,35,"-22.9998","-43.3503"
504,504-PIABAS X GAVEA (VIA AVENIDA BENVINDO DE NOVAES),Fetranspor,49,"-22.9933","-43.4474"
504,504-PIABAS X GAVEA (VIA AVENIDA BENVINDO DE NOVAES),Fetranspor,40,"-22.9937","-43.3655"
504,504-PIABAS X GAVEA (VIA AVENIDA BENVINDO DE NOVAES),Fetranspor,51,"-23","-43.3931"
504,504-PIABAS X GAVEA (VIA AVENIDA BENVINDO DE NOVAES),Fetranspor,62,"-23.0106","-43.4535"
504,504-PIABAS X GAVEA (VIA AVENIDA BENVINDO DE NOVAES),Fetranspor,67,"-23.0049","-43.4567"
504,504-PIABAS X GAVEA (VIA AVENIDA BENVINDO DE NOVAES),Fetranspor,17,"-22.9955","-43.5079"
504,504-PIABAS X GAVEA (VIA AVENIDA BENVINDO DE NOVAES),Fetranspor,11,"-22.9948","-43.2346"
504,504-PIABAS X GAVEA (VIA AVENIDA BENVINDO DE NOVAES),Fetranspor,24,"-23.0065","-43.3098"
504,504-PIABAS X GAVEA (VIA AVENIDA BENVINDO DE NOVAES),Fetranspor,81,"-22.9876","-43.4836"
504,504-PIABAS X GAVEA (VIA AVENIDA BENVINDO DE NOVAES),Fetranspor,42,"-22.9835","-43.4621"
504,504-PIABAS X GAVEA (VIA AVENIDA BENVINDO DE NOVAES),Fetranspor,68,"-23.0016","-43.4191"
504,504-PIABAS X GAVEA (VIA AVENIDA BENVINDO DE NOVAES),Fetranspor,67,"-23.0037","-43.4254"
504,504-PIABAS X GAVEA (VIA AVENIDA BENVINDO DE NOVAES),Fetranspor,90,"-23.0006","-43.3397"
504,504-PIABAS X GAVEA (VIA AVENIDA BENVINDO DE NOVAES),Fetranspor,110,"-22.9921","-43.2337"
504,504-PIABAS X GAVEA (VIA AVENIDA BENVINDO DE NOVAES),Fetranspor,37,"-22.9997","-43.3539"
504,504-PIABAS X GAVEA (VIA AVENIDA BENVINDO DE NOVAES),Fetranspor,54,"-22.9995","-43.4074"
504,504-PIABAS X GAVEA (VIA AVENIDA BENVINDO DE NOVAES),Fetranspor,86,"-22.9778","-43.4929"
504,504-PIABAS X GAVEA (VIA AVENIDA BENVINDO DE NOVAES),Fetranspor,105,"-22.9989","-43.2512"
504,504-PIABAS X GAVEA (VIA AVENIDA BENVINDO DE NOVAES),Fetranspor,28,"-23.0015","-43.3275"
504,504-PIABAS X GAVEA (VIA AVENIDA BENVINDO DE NOVAES),Fetranspor,52,"-22.9999","-43.3963"
504,504-PIABAS X GAVEA (VIA AVENIDA BENVINDO DE NOVAES),Fetranspor,65,"-23.012","-43.4624"
504,504-PIABAS X GAVEA (VIA AVENIDA BENVINDO DE NOVAES),Fetranspor,84,"-22.9821","-43.4901"
504,504-PIABAS X GAVEA (VIA AVENIDA BENVINDO DE NOVAES),Fetranspor,24,"-22.9793","-43.5048"
504,504-PIABAS X GAVEA (VIA AVENIDA BENVINDO DE NOVAES),Fetranspor,70,"-23.0005","-43.4139"
504,504-PIABAS X GAVEA (VIA AVENIDA BENVINDO DE NOVAES),Fetranspor,83,"-23.0002","-43.3578"
504,504-PIABAS X GAVEA (VIA AVENIDA BENVINDO DE NOVAES),Fetranspor,97,"-23.0065","-43.3156"
504,504-PIABAS X GAVEA (VIA AVENIDA BENVINDO DE NOVAES),Fetranspor,3,"-22.9795","-43.2266"
504,504-PIABAS X GAVEA (VIA AVENIDA BENVINDO DE NOVAES),Fetranspor,2,"-23.0223","-43.5211"
504,504-PIABAS X GAVEA (VIA AVENIDA BENVINDO DE NOVAES),Fetranspor,16,"-22.9973","-43.5082"
504,504-PIABAS X GAVEA (VIA AVENIDA BENVINDO DE NOVAES),Fetranspor,111,"-22.991","-43.2327"
504,504-PIABAS X GAVEA (VIA AVENIDA BENVINDO DE NOVAES),Fetranspor,4,"-22.9811","-43.2267"
504,504-PIABAS X GAVEA (VIA AVENIDA BENVINDO DE NOVAES),Fetranspor,17,"-22.9938","-43.2531"
504,504-PIABAS X GAVEA (VIA AVENIDA BENVINDO DE NOVAES),Fetranspor,19,"-22.9975","-43.2646"
504,504-PIABAS X GAVEA (VIA AVENIDA BENVINDO DE NOVAES),Fetranspor,97,"-22.9914","-43.5048"
504,504-PIABAS X GAVEA (VIA AVENIDA BENVINDO DE NOVAES),Fetranspor,63,"-23.0111","-43.4526"
504,504-PIABAS X GAVEA (VIA AVENIDA BENVINDO DE NOVAES),Fetranspor,73,"-23.0004","-43.4002"
504,504-PIABAS X GAVEA (VIA AVENIDA BENVINDO DE NOVAES),Fetranspor,95,"-23.004","-43.3231"
504,504-PIABAS X GAVEA (VIA AVENIDA BENVINDO DE NOVAES),Fetranspor,108,"-22.9953","-43.2352"
504,504-PIABAS X GAVEA (VIA AVENIDA BENVINDO DE NOVAES),Fetranspor,21,"-22.999","-43.2705"
504,504-PIABAS X GAVEA (VIA AVENIDA BENVINDO DE NOVAES),Fetranspor,103,"-23.0038","-43.5105"
504,504-PIABAS X GAVEA (VIA AVENIDA BENVINDO DE NOVAES),Fetranspor,15,"-22.998","-43.5084"
504,504-PIABAS X GAVEA (VIA AVENIDA BENVINDO DE NOVAES),Fetranspor,52,"-22.9984","-43.4515"
504,504-PIABAS X GAVEA (VIA AVENIDA BENVINDO DE NOVAES),Fetranspor,91,"-23.0008","-43.3357"
504,504-PIABAS X GAVEA (VIA AVENIDA BENVINDO DE NOVAES),Fetranspor,9,"-22.9909","-43.2324"
504,504-PIABAS X GAVEA (VIA AVENIDA BENVINDO DE NOVAES),Fetranspor,46,"-22.9998","-43.371"
504,504-PIABAS X GAVEA (VIA AVENIDA BENVINDO DE NOVAES),Fetranspor,83,"-22.9848","-43.4897"
504,504-PIABAS X GAVEA (VIA AVENIDA BENVINDO DE NOVAES),Fetranspor,87,"-22.9769","-43.4936"
504,504-PIABAS X GAVEA (VIA AVENIDA BENVINDO DE NOVAES),Fetranspor,14,"-23.0003","-43.5089"
504,504-PIABAS X GAVEA (VIA AVENIDA BENVINDO DE NOVAES),Fetranspor,61,"-23.0133","-43.4612"
504,504-PIABAS X GAVEA (VIA AVENIDA BENVINDO DE NOVAES),Fetranspor,104,"-23.0058","-43.5108"
504,504-PIABAS X GAVEA (VIA AVENIDA BENVINDO DE NOVAES),Fetranspor,1,"-23.0247","-43.5214"
504,504-PIABAS X GAVEA (VIA AVENIDA BENVINDO DE NOVAES),Fetranspor,29,"-22.9778","-43.4929"
504,504-PIABAS X GAVEA (VIA AVENIDA BENVINDO DE NOVAES),Fetranspor,81,"-23.0005","-43.3723"
504,504-PIABAS X GAVEA (VIA AVENIDA BENVINDO DE NOVAES),Fetranspor,23,"-23.0069","-43.3074"
504,504-PIABAS X GAVEA (VIA AVENIDA BENVINDO DE NOVAES),Fetranspor,77,"-22.9835","-43.4703"
504,504-PIABAS X GAVEA (VIA AVENIDA BENVINDO DE NOVAES),Fetranspor,32,"-22.9845","-43.4896"
504,504-PIABAS X GAVEA (VIA AVENIDA BENVINDO DE NOVAES),Fetranspor,10,"-22.992","-43.2336"
504,504-PIABAS X GAVEA (VIA AVENIDA BENVINDO DE NOVAES),Fetranspor,90,"-22.9776","-43.5002"
504,504-PIABAS X GAVEA (VIA AVENIDA BENVINDO DE NOVAES),Fetranspor,99,"-22.9954","-43.5079"
504,504-PIABAS X GAVEA (VIA AVENIDA BENVINDO DE NOVAES),Fetranspor,30,"-23.0003","-43.3339"
504,504-PIABAS X GAVEA (VIA AVENIDA BENVINDO DE NOVAES),Fetranspor,43,"-22.9876","-43.3661"
504,504-PIABAS X GAVEA (VIA AVENIDA BENVINDO DE NOVAES),Fetranspor,96,"-22.9889","-43.5034"
504,504-PIABAS X GAVEA (VIA AVENIDA BENVINDO DE NOVAES),Fetranspor,106,"-23.0108","-43.5126"
504,504-PIABAS X GAVEA (VIA AVENIDA BENVINDO DE NOVAES),Fetranspor,62,"-23.0122","-43.4567"
504,504-PIABAS X GAVEA (VIA AVENIDA BENVINDO DE NOVAES),Fetranspor,82,"-23.0002","-43.3597"
504,504-PIABAS X GAVEA (VIA AVENIDA BENVINDO DE NOVAES),Fetranspor,93,"-23.0014","-43.3294"
504,504-PIABAS X GAVEA (VIA AVENIDA BENVINDO DE NOVAES),Fetranspor,102,"-22.9975","-43.2604"
504,504-PIABAS X GAVEA (VIA AVENIDA BENVINDO DE NOVAES),Fetranspor,107,"-22.9973","-43.2377"
504,504-PIABAS X GAVEA (VIA AVENIDA BENVINDO DE NOVAES),Fetranspor,47,"-22.9912","-43.4516"
504,504-PIABAS X GAVEA (VIA AVENIDA BENVINDO DE NOVAES),Fetranspor,94,"-22.9855","-43.5055"
504,504-PIABAS X GAVEA (VIA AVENIDA BENVINDO DE NOVAES),Fetranspor,26,"-22.9769","-43.4961"
504,504-PIABAS X GAVEA (VIA AVENIDA BENVINDO DE NOVAES),Fetranspor,40,"-22.9827","-43.4686"
504,504-PIABAS X GAVEA (VIA AVENIDA BENVINDO DE NOVAES),Fetranspor,51,"-22.9967","-43.4501"
504,504-PIABAS X GAVEA (VIA AVENIDA BENVINDO DE NOVAES),Fetranspor,53,"-23.0027","-43.4549"
504,504-PIABAS X GAVEA (VIA AVENIDA BENVINDO DE NOVAES),Fetranspor,113,"-22.9879","-43.2282"
504,504-PIABAS X GAVEA (VIA AVENIDA BENVINDO DE NOVAES),Fetranspor,60,"-23.0081","-43.4435"
504,504-PIABAS X GAVEA (VIA AVENIDA BENVINDO DE NOVAES),Fetranspor,63,"-23.0112","-43.4559"
504,504-PIABAS X GAVEA (VIA AVENIDA BENVINDO DE NOVAES),Fetranspor,89,"-22.977","-43.4963"
504,504-PIABAS X GAVEA (VIA AVENIDA BENVINDO DE NOVAES),Fetranspor,100,"-22.997","-43.5082"
504,504-PIABAS X GAVEA (VIA AVENIDA BENVINDO DE NOVAES),Fetranspor,20,"-22.9891","-43.5033"
504,504-PIABAS X GAVEA (VIA AVENIDA BENVINDO DE NOVAES),Fetranspor,41,"-22.9823","-43.465"
504,504-PIABAS X GAVEA (VIA AVENIDA BENVINDO DE NOVAES),Fetranspor,64,"-23.0096","-43.4469"
504,504-PIABAS X GAVEA (VIA AVENIDA BENVINDO DE NOVAES),Fetranspor,80,"-23.0006","-43.3762"
504,504-PIABAS X GAVEA (VIA AVENIDA BENVINDO DE NOVAES),Fetranspor,88,"-23.0004","-43.3465"
504,504-PIABAS X GAVEA (VIA AVENIDA BENVINDO DE NOVAES),Fetranspor,89,"-23.0005","-43.3428"
504,504-PIABAS X GAVEA (VIA AVENIDA BENVINDO DE NOVAES),Fetranspor,92,"-23.001","-43.3319"
504,504-PIABAS X GAVEA (VIA AVENIDA BENVINDO DE NOVAES),Fetranspor,93,"-22.984","-43.5061"
504,504-PIABAS X GAVEA (VIA AVENIDA BENVINDO DE NOVAES),Fetranspor,111,"-23.0165","-43.5199"
504,504-PIABAS X GAVEA (VIA AVENIDA BENVINDO DE NOVAES),Fetranspor,3,"-23.0186","-43.5201"
504,504-PIABAS X GAVEA (VIA AVENIDA BENVINDO DE NOVAES),Fetranspor,18,"-22.9925","-43.5063"
504,504-PIABAS X GAVEA (VIA AVENIDA BENVINDO DE NOVAES),Fetranspor,101,"-22.9981","-43.2658"
504,504-PIABAS X GAVEA (VIA AVENIDA BENVINDO DE NOVAES),Fetranspor,6,"-22.9843","-43.2291"
504,504-PIABAS X GAVEA (VIA AVENIDA BENVINDO DE NOVAES),Fetranspor,71,"-22.9883","-43.4548"
504,504-PIABAS X GAVEA (VIA AVENIDA BENVINDO DE NOVAES),Fetranspor,91,"-22.9794","-43.5041"
504,504-PIABAS X GAVEA (VIA AVENIDA BENVINDO DE NOVAES),Fetranspor,108,"-23.0109","-43.5182"
504,504-PIABAS X GAVEA (VIA AVENIDA BENVINDO DE NOVAES),Fetranspor,7,"-23.0108","-43.5183"
504,504-PIABAS X GAVEA (VIA AVENIDA BENVINDO DE NOVAES),Fetranspor,23,"-22.984","-43.5061"
504,504-PIABAS X GAVEA (VIA AVENIDA BENVINDO DE NOVAES),Fetranspor,31,"-22.9822","-43.4901"
504,504-PIABAS X GAVEA (VIA AVENIDA BENVINDO DE NOVAES),Fetranspor,33,"-22.9868","-43.489"
504,504-PIABAS X GAVEA (VIA AVENIDA BENVINDO DE NOVAES),Fetranspor,106,"-23","-43.2436"
504,504-PIABAS X GAVEA (VIA AVENIDA BENVINDO DE NOVAES),Fetranspor,45,"-22.9945","-43.3662"
504,504-PIABAS X GAVEA (VIA AVENIDA BENVINDO DE NOVAES),Fetranspor,56,"-23.0005","-43.4173"
504,504-PIABAS X GAVEA (VIA AVENIDA BENVINDO DE NOVAES),Fetranspor,57,"-23.0027","-43.4246"
504,504-PIABAS X GAVEA (VIA AVENIDA BENVINDO DE NOVAES),Fetranspor,13,"-23.0039","-43.5106"
504,504-PIABAS X GAVEA (VIA AVENIDA BENVINDO DE NOVAES),Fetranspor,19,"-22.9911","-43.5035"
504,504-PIABAS X GAVEA (VIA AVENIDA BENVINDO DE NOVAES),Fetranspor,48,"-22.9928","-43.4486"
504,504-PIABAS X GAVEA (VIA AVENIDA BENVINDO DE NOVAES),Fetranspor,74,"-23.0005","-43.3959"
504,504-PIABAS X GAVEA (VIA AVENIDA BENVINDO DE NOVAES),Fetranspor,100,"-22.9991","-43.2691"
504,504-PIABAS X GAVEA (VIA AVENIDA BENVINDO DE NOVAES),Fetranspor,13,"-22.9973","-43.2378"
504,504-PIABAS X GAVEA (VIA AVENIDA BENVINDO DE NOVAES),Fetranspor,59,"-23.005","-43.4316"
504,504-PIABAS X GAVEA (VIA AVENIDA BENVINDO DE NOVAES),Fetranspor,107,"-23.0119","-43.5141"
504,504-PIABAS X GAVEA (VIA AVENIDA BENVINDO DE NOVAES),Fetranspor,35,"-22.988","-43.4821"
504,504-PIABAS X GAVEA (VIA AVENIDA BENVINDO DE NOVAES),Fetranspor,69,"-23.0009","-43.4163"
504,504-PIABAS X GAVEA (VIA AVENIDA BENVINDO DE NOVAES),Fetranspor,86,"-23.0004","-43.3502"
504,504-PIABAS X GAVEA (VIA AVENIDA BENVINDO DE NOVAES),Fetranspor,14,"-23","-43.2435"
504,504-PIABAS X GAVEA (VIA AVENIDA BENVINDO DE NOVAES),Fetranspor,41,"-22.9916","-43.3655"
504,504-PIABAS X GAVEA (VIA AVENIDA BENVINDO DE NOVAES),Fetranspor,55,"-22.9998","-43.4134"
504,504-PIABAS X GAVEA (VIA AVENIDA BENVINDO DE NOVAES),Fetranspor,76,"-22.9828","-43.4687"
504,504-PIABAS X GAVEA (VIA AVENIDA BENVINDO DE NOVAES),Fetranspor,95,"-22.9875","-43.5037"
504,504-PIABAS X GAVEA (VIA AVENIDA BENVINDO DE NOVAES),Fetranspor,114,"-23.0213","-43.5211"
504,504-PIABAS X GAVEA (VIA AVENIDA BENVINDO DE NOVAES),Fetranspor,25,"-22.9775","-43.4999"
504,504-PIABAS X GAVEA (VIA AVENIDA BENVINDO DE NOVAES),Fetranspor,36,"-22.9877","-43.481"
504,504-PIABAS X GAVEA (VIA AVENIDA BENVINDO DE NOVAES),Fetranspor,59,"-23.0148","-43.4669"
504,504-PIABAS X GAVEA (VIA AVENIDA BENVINDO DE NOVAES),Fetranspor,103,"-22.9985","-43.2595"
504,504-PIABAS X GAVEA (VIA AVENIDA BENVINDO DE NOVAES),Fetranspor,5,"-22.9833","-43.2282"
504,504-PIABAS X GAVEA (VIA AVENIDA BENVINDO DE NOVAES),Fetranspor,39,"-22.9994","-43.3623"
504,504-PIABAS X GAVEA (VIA AVENIDA BENVINDO DE NOVAES),Fetranspor,109,"-23.0122","-43.5196"
504,504-PIABAS X GAVEA (VIA AVENIDA BENVINDO DE NOVAES),Fetranspor,8,"-23.0113","-43.5166"
504,504-PIABAS X GAVEA (VIA AVENIDA BENVINDO DE NOVAES),Fetranspor,27,"-22.9764","-43.4948"
504,504-PIABAS X GAVEA (VIA AVENIDA BENVINDO DE NOVAES),Fetranspor,94,"-23.0021","-43.3278"
504,504-PIABAS X GAVEA (VIA AVENIDA BENVINDO DE NOVAES),Fetranspor,98,"-23.0084","-43.3036"
504,504-PIABAS X GAVEA (VIA AVENIDA BENVINDO DE NOVAES),Fetranspor,8,"-22.9903","-43.2286"
504,504-PIABAS X GAVEA (VIA AVENIDA BENVINDO DE NOVAES),Fetranspor,20,"-22.9981","-43.2667"
504,504-PIABAS X GAVEA (VIA AVENIDA BENVINDO DE NOVAES),Fetranspor,31,"-23","-43.3386"
504,504-PIABAS X GAVEA (VIA AVENIDA BENVINDO DE NOVAES),Fetranspor,28,"-22.9763","-43.4945"
504,504-PIABAS X GAVEA (VIA AVENIDA BENVINDO DE NOVAES),Fetranspor,57,"-23.0129","-43.463"
504,504-PIABAS X GAVEA (VIA AVENIDA BENVINDO DE NOVAES),Fetranspor,75,"-23.0006","-43.3926"
