linha,descricao,agencia,sequencia,latitude,longitude
627,627-SAENS PENA X INHAUMA,Fetranspor,48,"-22.8818","-43.2875"
627,627-SAENS PENA X INHAUMA,Fetranspor,20,"-22.9015","-43.2809"
627,627-SAENS PENA X INHAUMA,Fetranspor,28,"-22.904","-43.2629"
627,627-SAENS PENA X INHAUMA,Fetranspor,38,"-22.9123","-43.2366"
627,627-SAENS PENA X INHAUMA,Fetranspor,6,"-22.9171","-43.2417"
627,627-SAENS PENA X INHAUMA,Fetranspor,3,"-22.8763","-43.29"
627,627-SAENS PENA X INHAUMA,Fetranspor,4,"-22.9221","-43.2388"
627,627-SAENS PENA X INHAUMA,Fetranspor,23,"-22.9021","-43.2551"
627,627-SAENS PENA X INHAUMA,Fetranspor,53,"-22.8758","-43.2891"
627,627-SAENS PENA X INHAUMA,Fetranspor,40,"-22.9169","-43.2423"
627,627-SAENS PENA X INHAUMA,Fetranspor,13,"-22.9127","-43.2359"
627,627-SAENS PENA X INHAUMA,Fetranspor,39,"-22.891","-43.283"
627,627-SAENS PENA X INHAUMA,Fetranspor,8,"-22.8806","-43.2884"
627,627-SAENS PENA X INHAUMA,Fetranspor,19,"-22.8987","-43.2791"
627,627-SAENS PENA X INHAUMA,Fetranspor,11,"-22.8858","-43.2897"
627,627-SAENS PENA X INHAUMA,Fetranspor,14,"-22.891","-43.283"
627,627-SAENS PENA X INHAUMA,Fetranspor,34,"-22.9031","-43.2468"
627,627-SAENS PENA X INHAUMA,Fetranspor,17,"-22.9057","-43.241"
627,627-SAENS PENA X INHAUMA,Fetranspor,21,"-22.9014","-43.2505"
627,627-SAENS PENA X INHAUMA,Fetranspor,42,"-22.8875","-43.2836"
627,627-SAENS PENA X INHAUMA,Fetranspor,45,"-22.8853","-43.2901"
627,627-SAENS PENA X INHAUMA,Fetranspor,24,"-22.9082","-43.2739"
627,627-SAENS PENA X INHAUMA,Fetranspor,36,"-22.9092","-43.2386"
627,627-SAENS PENA X INHAUMA,Fetranspor,44,"-22.8865","-43.2882"
627,627-SAENS PENA X INHAUMA,Fetranspor,17,"-22.8976","-43.2826"
627,627-SAENS PENA X INHAUMA,Fetranspor,31,"-22.9032","-43.2537"
627,627-SAENS PENA X INHAUMA,Fetranspor,6,"-22.8807","-43.2913"
627,627-SAENS PENA X INHAUMA,Fetranspor,22,"-22.9056","-43.2769"
627,627-SAENS PENA X INHAUMA,Fetranspor,8,"-22.9164","-43.2386"
627,627-SAENS PENA X INHAUMA,Fetranspor,31,"-22.8997","-43.2803"
627,627-SAENS PENA X INHAUMA,Fetranspor,5,"-22.88","-43.2918"
627,627-SAENS PENA X INHAUMA,Fetranspor,13,"-22.8888","-43.2839"
627,627-SAENS PENA X INHAUMA,Fetranspor,38,"-22.8888","-43.2839"
627,627-SAENS PENA X INHAUMA,Fetranspor,12,"-22.8873","-43.2864"
627,627-SAENS PENA X INHAUMA,Fetranspor,21,"-22.9036","-43.2789"
627,627-SAENS PENA X INHAUMA,Fetranspor,44,"-22.92","-43.2386"
627,627-SAENS PENA X INHAUMA,Fetranspor,51,"-22.8783","-43.2909"
627,627-SAENS PENA X INHAUMA,Fetranspor,2,"-22.8757","-43.2884"
627,627-SAENS PENA X INHAUMA,Fetranspor,49,"-22.8824","-43.2892"
627,627-SAENS PENA X INHAUMA,Fetranspor,25,"-22.9021","-43.2614"
627,627-SAENS PENA X INHAUMA,Fetranspor,43,"-22.8871","-43.2865"
627,627-SAENS PENA X INHAUMA,Fetranspor,1,"-22.875","-43.2869"
627,627-SAENS PENA X INHAUMA,Fetranspor,1,"-22.9231","-43.2345"
627,627-SAENS PENA X INHAUMA,Fetranspor,19,"-22.9024","-43.2452"
627,627-SAENS PENA X INHAUMA,Fetranspor,29,"-22.904","-43.2759"
627,627-SAENS PENA X INHAUMA,Fetranspor,4,"-22.8784","-43.2909"
627,627-SAENS PENA X INHAUMA,Fetranspor,2,"-22.9201","-43.2338"
627,627-SAENS PENA X INHAUMA,Fetranspor,26,"-22.9023","-43.2649"
627,627-SAENS PENA X INHAUMA,Fetranspor,43,"-22.9194","-43.2389"
627,627-SAENS PENA X INHAUMA,Fetranspor,14,"-22.9116","-43.2373"
627,627-SAENS PENA X INHAUMA,Fetranspor,18,"-22.9046","-43.2428"
627,627-SAENS PENA X INHAUMA,Fetranspor,15,"-22.894","-43.2829"
627,627-SAENS PENA X INHAUMA,Fetranspor,32,"-22.903","-43.2507"
627,627-SAENS PENA X INHAUMA,Fetranspor,37,"-22.9109","-43.2379"
627,627-SAENS PENA X INHAUMA,Fetranspor,40,"-22.8905","-43.2817"
627,627-SAENS PENA X INHAUMA,Fetranspor,32,"-22.8974","-43.2854"
627,627-SAENS PENA X INHAUMA,Fetranspor,54,"-22.8753","-43.2873"
627,627-SAENS PENA X INHAUMA,Fetranspor,18,"-22.8987","-43.2808"
627,627-SAENS PENA X INHAUMA,Fetranspor,16,"-22.8967","-43.2832"
627,627-SAENS PENA X INHAUMA,Fetranspor,41,"-22.9167","-43.2411"
627,627-SAENS PENA X INHAUMA,Fetranspor,9,"-22.9159","-43.2364"
627,627-SAENS PENA X INHAUMA,Fetranspor,34,"-22.8935","-43.2875"
627,627-SAENS PENA X INHAUMA,Fetranspor,41,"-22.8881","-43.2827"
627,627-SAENS PENA X INHAUMA,Fetranspor,7,"-22.8823","-43.2893"
627,627-SAENS PENA X INHAUMA,Fetranspor,25,"-22.9065","-43.2711"
627,627-SAENS PENA X INHAUMA,Fetranspor,15,"-22.91","-43.2382"
627,627-SAENS PENA X INHAUMA,Fetranspor,20,"-22.9014","-43.2481"
627,627-SAENS PENA X INHAUMA,Fetranspor,39,"-22.9173","-43.244"
627,627-SAENS PENA X INHAUMA,Fetranspor,45,"-22.9227","-43.237"
627,627-SAENS PENA X INHAUMA,Fetranspor,5,"-22.9205","-43.2398"
627,627-SAENS PENA X INHAUMA,Fetranspor,16,"-22.9079","-43.2387"
627,627-SAENS PENA X INHAUMA,Fetranspor,52,"-22.8765","-43.2902"
627,627-SAENS PENA X INHAUMA,Fetranspor,9,"-22.8824","-43.2916"
627,627-SAENS PENA X INHAUMA,Fetranspor,24,"-22.9023","-43.2574"
627,627-SAENS PENA X INHAUMA,Fetranspor,29,"-22.9038","-43.259"
627,627-SAENS PENA X INHAUMA,Fetranspor,3,"-22.9203","-43.2353"
627,627-SAENS PENA X INHAUMA,Fetranspor,28,"-22.9047","-43.2734"
627,627-SAENS PENA X INHAUMA,Fetranspor,42,"-22.9186","-43.2394"
627,627-SAENS PENA X INHAUMA,Fetranspor,7,"-22.9167","-43.2411"
627,627-SAENS PENA X INHAUMA,Fetranspor,26,"-22.905","-43.268"
627,627-SAENS PENA X INHAUMA,Fetranspor,27,"-22.9046","-43.2648"
627,627-SAENS PENA X INHAUMA,Fetranspor,30,"-22.9016","-43.2783"
627,627-SAENS PENA X INHAUMA,Fetranspor,46,"-22.884","-43.2912"
627,627-SAENS PENA X INHAUMA,Fetranspor,10,"-22.9134","-43.234"
627,627-SAENS PENA X INHAUMA,Fetranspor,46,"-22.9237","-43.2357"
627,627-SAENS PENA X INHAUMA,Fetranspor,22,"-22.9017","-43.2522"
627,627-SAENS PENA X INHAUMA,Fetranspor,27,"-22.9031","-43.269"
627,627-SAENS PENA X INHAUMA,Fetranspor,33,"-22.8945","-43.2873"
627,627-SAENS PENA X INHAUMA,Fetranspor,47,"-22.881","-43.2882"
627,627-SAENS PENA X INHAUMA,Fetranspor,12,"-22.9117","-43.234"
627,627-SAENS PENA X INHAUMA,Fetranspor,10,"-22.8842","-43.2912"
627,627-SAENS PENA X INHAUMA,Fetranspor,30,"-22.9034","-43.2558"
627,627-SAENS PENA X INHAUMA,Fetranspor,33,"-22.9028","-43.2488"
627,627-SAENS PENA X INHAUMA,Fetranspor,11,"-22.9119","-43.2337"
627,627-SAENS PENA X INHAUMA,Fetranspor,35,"-22.8913","-43.2877"
627,627-SAENS PENA X INHAUMA,Fetranspor,36,"-22.8875","-43.2874"
627,627-SAENS PENA X INHAUMA,Fetranspor,50,"-22.8802","-43.2907"
627,627-SAENS PENA X INHAUMA,Fetranspor,23,"-22.9077","-43.2757"
627,627-SAENS PENA X INHAUMA,Fetranspor,37,"-22.8873","-43.2864"
627,627-SAENS PENA X INHAUMA,Fetranspor,35,"-22.9044","-43.2447"
