linha,descricao,agencia,sequencia,latitude,longitude
663,663-MEIER X FUNDAO (CIRCULAR),Fetranspor,18,"-22.8907","-43.242"
663,663-MEIER X FUNDAO (CIRCULAR),Fetranspor,36,"-22.8558","-43.2355"
663,663-MEIER X FUNDAO (CIRCULAR),Fetranspor,47,"-22.843","-43.2335"
663,663-MEIER X FUNDAO (CIRCULAR),Fetranspor,18,"-22.8992","-43.2448"
663,663-MEIER X FUNDAO (CIRCULAR),Fetranspor,35,"-22.8966","-43.2754"
663,663-MEIER X FUNDAO (CIRCULAR),Fetranspor,23,"-22.8802","-43.2537"
663,663-MEIER X FUNDAO (CIRCULAR),Fetranspor,24,"-22.8784","-43.2552"
663,663-MEIER X FUNDAO (CIRCULAR),Fetranspor,32,"-22.9015","-43.2694"
663,663-MEIER X FUNDAO (CIRCULAR),Fetranspor,36,"-22.8982","-43.2772"
663,663-MEIER X FUNDAO (CIRCULAR),Fetranspor,4,"-22.9007","-43.2667"
663,663-MEIER X FUNDAO (CIRCULAR),Fetranspor,30,"-22.9005","-43.2662"
663,663-MEIER X FUNDAO (CIRCULAR),Fetranspor,20,"-22.8865","-43.2511"
663,663-MEIER X FUNDAO (CIRCULAR),Fetranspor,38,"-22.8573","-43.2304"
663,663-MEIER X FUNDAO (CIRCULAR),Fetranspor,6,"-22.8647","-43.2481"
663,663-MEIER X FUNDAO (CIRCULAR),Fetranspor,13,"-22.8853","-43.2524"
663,663-MEIER X FUNDAO (CIRCULAR),Fetranspor,43,"-22.8601","-43.222"
663,663-MEIER X FUNDAO (CIRCULAR),Fetranspor,17,"-22.8916","-43.2409"
663,663-MEIER X FUNDAO (CIRCULAR),Fetranspor,24,"-22.8939","-43.2582"
663,663-MEIER X FUNDAO (CIRCULAR),Fetranspor,26,"-22.8949","-43.2625"
663,663-MEIER X FUNDAO (CIRCULAR),Fetranspor,6,"-22.8958","-43.2628"
663,663-MEIER X FUNDAO (CIRCULAR),Fetranspor,29,"-22.861","-43.2476"
663,663-MEIER X FUNDAO (CIRCULAR),Fetranspor,37,"-22.8557","-43.2331"
663,663-MEIER X FUNDAO (CIRCULAR),Fetranspor,15,"-22.9002","-43.2451"
663,663-MEIER X FUNDAO (CIRCULAR),Fetranspor,8,"-22.8734","-43.2581"
663,663-MEIER X FUNDAO (CIRCULAR),Fetranspor,14,"-22.9008","-43.2481"
663,663-MEIER X FUNDAO (CIRCULAR),Fetranspor,51,"-22.8402","-43.2376"
663,663-MEIER X FUNDAO (CIRCULAR),Fetranspor,4,"-22.8557","-43.2479"
663,663-MEIER X FUNDAO (CIRCULAR),Fetranspor,20,"-22.8963","-43.2491"
663,663-MEIER X FUNDAO (CIRCULAR),Fetranspor,9,"-22.8948","-43.2549"
663,663-MEIER X FUNDAO (CIRCULAR),Fetranspor,12,"-22.9005","-43.2522"
663,663-MEIER X FUNDAO (CIRCULAR),Fetranspor,34,"-22.8467","-43.2375"
663,663-MEIER X FUNDAO (CIRCULAR),Fetranspor,41,"-22.8618","-43.2243"
663,663-MEIER X FUNDAO (CIRCULAR),Fetranspor,9,"-22.8763","-43.2569"
663,663-MEIER X FUNDAO (CIRCULAR),Fetranspor,27,"-22.8963","-43.2631"
663,663-MEIER X FUNDAO (CIRCULAR),Fetranspor,5,"-22.9001","-43.2648"
663,663-MEIER X FUNDAO (CIRCULAR),Fetranspor,11,"-22.8975","-43.2525"
663,663-MEIER X FUNDAO (CIRCULAR),Fetranspor,16,"-22.8953","-43.2406"
663,663-MEIER X FUNDAO (CIRCULAR),Fetranspor,34,"-22.8977","-43.2714"
663,663-MEIER X FUNDAO (CIRCULAR),Fetranspor,13,"-22.9009","-43.2511"
663,663-MEIER X FUNDAO (CIRCULAR),Fetranspor,42,"-22.86","-43.2215"
663,663-MEIER X FUNDAO (CIRCULAR),Fetranspor,45,"-22.8607","-43.2271"
663,663-MEIER X FUNDAO (CIRCULAR),Fetranspor,12,"-22.8826","-43.254"
663,663-MEIER X FUNDAO (CIRCULAR),Fetranspor,46,"-22.8529","-43.2328"
663,663-MEIER X FUNDAO (CIRCULAR),Fetranspor,1,"-22.8444","-43.2399"
663,663-MEIER X FUNDAO (CIRCULAR),Fetranspor,29,"-22.9001","-43.2649"
663,663-MEIER X FUNDAO (CIRCULAR),Fetranspor,26,"-22.8735","-43.2581"
663,663-MEIER X FUNDAO (CIRCULAR),Fetranspor,23,"-22.8947","-43.2556"
663,663-MEIER X FUNDAO (CIRCULAR),Fetranspor,7,"-22.894","-43.2606"
663,663-MEIER X FUNDAO (CIRCULAR),Fetranspor,10,"-22.8785","-43.2552"
663,663-MEIER X FUNDAO (CIRCULAR),Fetranspor,28,"-22.8648","-43.2477"
663,663-MEIER X FUNDAO (CIRCULAR),Fetranspor,37,"-22.8998","-43.2791"
663,663-MEIER X FUNDAO (CIRCULAR),Fetranspor,33,"-22.8482","-43.2451"
663,663-MEIER X FUNDAO (CIRCULAR),Fetranspor,11,"-22.8802","-43.2537"
663,663-MEIER X FUNDAO (CIRCULAR),Fetranspor,28,"-22.8987","-43.2636"
663,663-MEIER X FUNDAO (CIRCULAR),Fetranspor,22,"-22.8834","-43.2535"
663,663-MEIER X FUNDAO (CIRCULAR),Fetranspor,31,"-22.8536","-43.2474"
663,663-MEIER X FUNDAO (CIRCULAR),Fetranspor,32,"-22.8519","-43.2474"
663,663-MEIER X FUNDAO (CIRCULAR),Fetranspor,21,"-22.8942","-43.2516"
663,663-MEIER X FUNDAO (CIRCULAR),Fetranspor,30,"-22.8566","-43.2475"
663,663-MEIER X FUNDAO (CIRCULAR),Fetranspor,10,"-22.8955","-43.2528"
663,663-MEIER X FUNDAO (CIRCULAR),Fetranspor,17,"-22.8915","-43.2407"
663,663-MEIER X FUNDAO (CIRCULAR),Fetranspor,5,"-22.8606","-43.2481"
663,663-MEIER X FUNDAO (CIRCULAR),Fetranspor,33,"-22.8988","-43.2705"
663,663-MEIER X FUNDAO (CIRCULAR),Fetranspor,21,"-22.8854","-43.2523"
663,663-MEIER X FUNDAO (CIRCULAR),Fetranspor,2,"-22.9022","-43.2772"
663,663-MEIER X FUNDAO (CIRCULAR),Fetranspor,27,"-22.8718","-43.2483"
663,663-MEIER X FUNDAO (CIRCULAR),Fetranspor,19,"-22.8897","-43.2436"
663,663-MEIER X FUNDAO (CIRCULAR),Fetranspor,25,"-22.8764","-43.2569"
663,663-MEIER X FUNDAO (CIRCULAR),Fetranspor,50,"-22.8421","-43.2365"
663,663-MEIER X FUNDAO (CIRCULAR),Fetranspor,25,"-22.8939","-43.2606"
663,663-MEIER X FUNDAO (CIRCULAR),Fetranspor,3,"-22.9028","-43.2703"
663,663-MEIER X FUNDAO (CIRCULAR),Fetranspor,35,"-22.8501","-43.235"
663,663-MEIER X FUNDAO (CIRCULAR),Fetranspor,39,"-22.858","-43.2311"
663,663-MEIER X FUNDAO (CIRCULAR),Fetranspor,19,"-22.8977","-43.2477"
663,663-MEIER X FUNDAO (CIRCULAR),Fetranspor,40,"-22.861","-43.2271"
663,663-MEIER X FUNDAO (CIRCULAR),Fetranspor,3,"-22.853","-43.2479"
663,663-MEIER X FUNDAO (CIRCULAR),Fetranspor,15,"-22.8899","-43.2445"
663,663-MEIER X FUNDAO (CIRCULAR),Fetranspor,22,"-22.895","-43.2539"
663,663-MEIER X FUNDAO (CIRCULAR),Fetranspor,31,"-22.9011","-43.2679"
663,663-MEIER X FUNDAO (CIRCULAR),Fetranspor,48,"-22.8416","-43.2316"
663,663-MEIER X FUNDAO (CIRCULAR),Fetranspor,16,"-22.8906","-43.2424"
663,663-MEIER X FUNDAO (CIRCULAR),Fetranspor,49,"-22.8428","-43.2336"
663,663-MEIER X FUNDAO (CIRCULAR),Fetranspor,7,"-22.8705","-43.2489"
663,663-MEIER X FUNDAO (CIRCULAR),Fetranspor,44,"-22.8617","-43.2246"
663,663-MEIER X FUNDAO (CIRCULAR),Fetranspor,14,"-22.8865","-43.2513"
663,663-MEIER X FUNDAO (CIRCULAR),Fetranspor,2,"-22.847","-43.2457"
663,663-MEIER X FUNDAO (CIRCULAR),Fetranspor,1,"-22.9007","-43.2788"
663,663-MEIER X FUNDAO (CIRCULAR),Fetranspor,8,"-22.8942","-43.2575"
