linha,descricao,agencia,sequencia,latitude,longitude
867,867-BARRA DE GUARATIBA X CAMPO GRANDE,Fetranspor,26,"-22.9953","-43.5437"
867,867-BARRA DE GUARATIBA X CAMPO GRANDE,Fetranspor,31,"-22.9728","-43.5891"
867,867-BARRA DE GUARATIBA X CAMPO GRANDE,Fetranspor,58,"-22.9235","-43.5666"
867,867-BARRA DE GUARATIBA X CAMPO GRANDE,Fetranspor,40,"-22.9656","-43.5896"
867,867-BARRA DE GUARATIBA X CAMPO GRANDE,Fetranspor,93,"-23.0203","-43.5457"
867,867-BARRA DE GUARATIBA X CAMPO GRANDE,Fetranspor,76,"-22.9565","-43.5784"
867,867-BARRA DE GUARATIBA X CAMPO GRANDE,Fetranspor,86,"-22.9268","-43.572"
867,867-BARRA DE GUARATIBA X CAMPO GRANDE,Fetranspor,99,"-22.9126","-43.5632"
867,867-BARRA DE GUARATIBA X CAMPO GRANDE,Fetranspor,104,"-22.907","-43.5613"
867,867-BARRA DE GUARATIBA X CAMPO GRANDE,Fetranspor,33,"-22.9689","-43.5887"
867,867-BARRA DE GUARATIBA X CAMPO GRANDE,Fetranspor,38,"-22.9629","-43.5863"
867,867-BARRA DE GUARATIBA X CAMPO GRANDE,Fetranspor,41,"-22.958","-43.5807"
867,867-BARRA DE GUARATIBA X CAMPO GRANDE,Fetranspor,52,"-22.9276","-43.5726"
867,867-BARRA DE GUARATIBA X CAMPO GRANDE,Fetranspor,37,"-22.9595","-43.5813"
867,867-BARRA DE GUARATIBA X CAMPO GRANDE,Fetranspor,29,"-22.9745","-43.5895"
867,867-BARRA DE GUARATIBA X CAMPO GRANDE,Fetranspor,2,"-22.902","-43.5564"
867,867-BARRA DE GUARATIBA X CAMPO GRANDE,Fetranspor,18,"-22.9235","-43.5671"
867,867-BARRA DE GUARATIBA X CAMPO GRANDE,Fetranspor,22,"-22.9255","-43.571"
867,867-BARRA DE GUARATIBA X CAMPO GRANDE,Fetranspor,75,"-22.9884","-43.5539"
867,867-BARRA DE GUARATIBA X CAMPO GRANDE,Fetranspor,58,"-23.0054","-43.5579"
867,867-BARRA DE GUARATIBA X CAMPO GRANDE,Fetranspor,73,"-23.0657","-43.5683"
867,867-BARRA DE GUARATIBA X CAMPO GRANDE,Fetranspor,21,"-23.0013","-43.5406"
867,867-BARRA DE GUARATIBA X CAMPO GRANDE,Fetranspor,23,"-23.0001","-43.5413"
867,867-BARRA DE GUARATIBA X CAMPO GRANDE,Fetranspor,77,"-22.9561","-43.5775"
867,867-BARRA DE GUARATIBA X CAMPO GRANDE,Fetranspor,91,"-22.9235","-43.5666"
867,867-BARRA DE GUARATIBA X CAMPO GRANDE,Fetranspor,73,"-22.9056","-43.5591"
867,867-BARRA DE GUARATIBA X CAMPO GRANDE,Fetranspor,76,"-22.9042","-43.5567"
867,867-BARRA DE GUARATIBA X CAMPO GRANDE,Fetranspor,17,"-23.0079","-43.5404"
867,867-BARRA DE GUARATIBA X CAMPO GRANDE,Fetranspor,25,"-22.9971","-43.5428"
867,867-BARRA DE GUARATIBA X CAMPO GRANDE,Fetranspor,78,"-22.9523","-43.5769"
867,867-BARRA DE GUARATIBA X CAMPO GRANDE,Fetranspor,80,"-22.9423","-43.5759"
867,867-BARRA DE GUARATIBA X CAMPO GRANDE,Fetranspor,83,"-23.0006","-43.541"
867,867-BARRA DE GUARATIBA X CAMPO GRANDE,Fetranspor,4,"-23.0603","-43.5632"
867,867-BARRA DE GUARATIBA X CAMPO GRANDE,Fetranspor,5,"-23.0549","-43.5576"
867,867-BARRA DE GUARATIBA X CAMPO GRANDE,Fetranspor,89,"-22.9247","-43.5698"
867,867-BARRA DE GUARATIBA X CAMPO GRANDE,Fetranspor,97,"-22.9152","-43.5633"
867,867-BARRA DE GUARATIBA X CAMPO GRANDE,Fetranspor,53,"-22.9268","-43.572"
867,867-BARRA DE GUARATIBA X CAMPO GRANDE,Fetranspor,59,"-22.9231","-43.5656"
867,867-BARRA DE GUARATIBA X CAMPO GRANDE,Fetranspor,63,"-22.9171","-43.5635"
867,867-BARRA DE GUARATIBA X CAMPO GRANDE,Fetranspor,75,"-22.9044","-43.5567"
867,867-BARRA DE GUARATIBA X CAMPO GRANDE,Fetranspor,26,"-22.9292","-43.5739"
867,867-BARRA DE GUARATIBA X CAMPO GRANDE,Fetranspor,97,"-23.0433","-43.5549"
867,867-BARRA DE GUARATIBA X CAMPO GRANDE,Fetranspor,50,"-22.9939","-43.5826"
867,867-BARRA DE GUARATIBA X CAMPO GRANDE,Fetranspor,83,"-22.9292","-43.5738"
867,867-BARRA DE GUARATIBA X CAMPO GRANDE,Fetranspor,78,"-22.9014","-43.5551"
867,867-BARRA DE GUARATIBA X CAMPO GRANDE,Fetranspor,10,"-22.9132","-43.564"
867,867-BARRA DE GUARATIBA X CAMPO GRANDE,Fetranspor,39,"-22.9629","-43.5863"
867,867-BARRA DE GUARATIBA X CAMPO GRANDE,Fetranspor,11,"-23.0203","-43.5456"
867,867-BARRA DE GUARATIBA X CAMPO GRANDE,Fetranspor,48,"-22.9912","-43.5794"
867,867-BARRA DE GUARATIBA X CAMPO GRANDE,Fetranspor,84,"-22.9288","-43.5736"
867,867-BARRA DE GUARATIBA X CAMPO GRANDE,Fetranspor,54,"-22.9264","-43.5717"
867,867-BARRA DE GUARATIBA X CAMPO GRANDE,Fetranspor,63,"-22.9902","-43.5781"
867,867-BARRA DE GUARATIBA X CAMPO GRANDE,Fetranspor,98,"-23.05","-43.5528"
867,867-BARRA DE GUARATIBA X CAMPO GRANDE,Fetranspor,59,"-23.0061","-43.5553"
867,867-BARRA DE GUARATIBA X CAMPO GRANDE,Fetranspor,14,"-23.0126","-43.5407"
867,867-BARRA DE GUARATIBA X CAMPO GRANDE,Fetranspor,56,"-22.9889","-43.5918"
867,867-BARRA DE GUARATIBA X CAMPO GRANDE,Fetranspor,20,"-22.9996","-43.5815"
867,867-BARRA DE GUARATIBA X CAMPO GRANDE,Fetranspor,39,"-22.9626","-43.585"
867,867-BARRA DE GUARATIBA X CAMPO GRANDE,Fetranspor,65,"-22.9877","-43.5757"
867,867-BARRA DE GUARATIBA X CAMPO GRANDE,Fetranspor,82,"-22.998","-43.5423"
867,867-BARRA DE GUARATIBA X CAMPO GRANDE,Fetranspor,92,"-23.015","-43.5429"
867,867-BARRA DE GUARATIBA X CAMPO GRANDE,Fetranspor,8,"-23.0351","-43.5617"
867,867-BARRA DE GUARATIBA X CAMPO GRANDE,Fetranspor,15,"-23.0116","-43.5405"
867,867-BARRA DE GUARATIBA X CAMPO GRANDE,Fetranspor,16,"-23.0088","-43.5409"
867,867-BARRA DE GUARATIBA X CAMPO GRANDE,Fetranspor,41,"-22.9851","-43.5677"
867,867-BARRA DE GUARATIBA X CAMPO GRANDE,Fetranspor,44,"-22.9866","-43.5741"
867,867-BARRA DE GUARATIBA X CAMPO GRANDE,Fetranspor,47,"-22.99","-43.5779"
867,867-BARRA DE GUARATIBA X CAMPO GRANDE,Fetranspor,57,"-22.9869","-43.5918"
867,867-BARRA DE GUARATIBA X CAMPO GRANDE,Fetranspor,82,"-22.9333","-43.575"
867,867-BARRA DE GUARATIBA X CAMPO GRANDE,Fetranspor,87,"-22.9264","-43.5717"
867,867-BARRA DE GUARATIBA X CAMPO GRANDE,Fetranspor,88,"-22.925","-43.5703"
867,867-BARRA DE GUARATIBA X CAMPO GRANDE,Fetranspor,102,"-22.9075","-43.5626"
867,867-BARRA DE GUARATIBA X CAMPO GRANDE,Fetranspor,106,"-22.9056","-43.5591"
867,867-BARRA DE GUARATIBA X CAMPO GRANDE,Fetranspor,23,"-22.9889","-43.5918"
867,867-BARRA DE GUARATIBA X CAMPO GRANDE,Fetranspor,55,"-22.925","-43.5703"
867,867-BARRA DE GUARATIBA X CAMPO GRANDE,Fetranspor,70,"-22.9074","-43.5618"
867,867-BARRA DE GUARATIBA X CAMPO GRANDE,Fetranspor,19,"-22.9239","-43.5684"
867,867-BARRA DE GUARATIBA X CAMPO GRANDE,Fetranspor,39,"-22.9877","-43.5606"
867,867-BARRA DE GUARATIBA X CAMPO GRANDE,Fetranspor,92,"-22.9231","-43.5656"
867,867-BARRA DE GUARATIBA X CAMPO GRANDE,Fetranspor,69,"-22.9075","-43.5626"
867,867-BARRA DE GUARATIBA X CAMPO GRANDE,Fetranspor,27,"-22.9321","-43.5746"
867,867-BARRA DE GUARATIBA X CAMPO GRANDE,Fetranspor,41,"-22.9662","-43.5897"
867,867-BARRA DE GUARATIBA X CAMPO GRANDE,Fetranspor,64,"-23.0203","-43.5457"
867,867-BARRA DE GUARATIBA X CAMPO GRANDE,Fetranspor,38,"-22.9874","-43.5592"
867,867-BARRA DE GUARATIBA X CAMPO GRANDE,Fetranspor,72,"-22.9626","-43.585"
867,867-BARRA DE GUARATIBA X CAMPO GRANDE,Fetranspor,110,"-22.902","-43.5564"
867,867-BARRA DE GUARATIBA X CAMPO GRANDE,Fetranspor,18,"-23.0075","-43.5475"
867,867-BARRA DE GUARATIBA X CAMPO GRANDE,Fetranspor,60,"-22.9218","-43.5638"
867,867-BARRA DE GUARATIBA X CAMPO GRANDE,Fetranspor,70,"-22.9858","-43.5661"
867,867-BARRA DE GUARATIBA X CAMPO GRANDE,Fetranspor,95,"-23.0293","-43.5631"
867,867-BARRA DE GUARATIBA X CAMPO GRANDE,Fetranspor,100,"-23.0603","-43.5632"
867,867-BARRA DE GUARATIBA X CAMPO GRANDE,Fetranspor,60,"-23.008","-43.5473"
867,867-BARRA DE GUARATIBA X CAMPO GRANDE,Fetranspor,49,"-22.9924","-43.581"
867,867-BARRA DE GUARATIBA X CAMPO GRANDE,Fetranspor,58,"-22.9852","-43.5905"
867,867-BARRA DE GUARATIBA X CAMPO GRANDE,Fetranspor,67,"-22.9677","-43.589"
867,867-BARRA DE GUARATIBA X CAMPO GRANDE,Fetranspor,100,"-22.9117","-43.5632"
867,867-BARRA DE GUARATIBA X CAMPO GRANDE,Fetranspor,3,"-22.9025","-43.5606"
867,867-BARRA DE GUARATIBA X CAMPO GRANDE,Fetranspor,7,"-22.9081","-43.566"
867,867-BARRA DE GUARATIBA X CAMPO GRANDE,Fetranspor,65,"-23.0249","-43.5547"
867,867-BARRA DE GUARATIBA X CAMPO GRANDE,Fetranspor,67,"-23.0351","-43.5616"
867,867-BARRA DE GUARATIBA X CAMPO GRANDE,Fetranspor,2,"-23.0657","-43.5683"
867,867-BARRA DE GUARATIBA X CAMPO GRANDE,Fetranspor,10,"-23.0249","-43.5547"
867,867-BARRA DE GUARATIBA X CAMPO GRANDE,Fetranspor,37,"-22.9877","-43.5558"
867,867-BARRA DE GUARATIBA X CAMPO GRANDE,Fetranspor,75,"-22.957","-43.5795"
867,867-BARRA DE GUARATIBA X CAMPO GRANDE,Fetranspor,5,"-22.9037","-43.5665"
867,867-BARRA DE GUARATIBA X CAMPO GRANDE,Fetranspor,59,"-22.9941","-43.5829"
867,867-BARRA DE GUARATIBA X CAMPO GRANDE,Fetranspor,61,"-23.0112","-43.5418"
867,867-BARRA DE GUARATIBA X CAMPO GRANDE,Fetranspor,22,"-23.0008","-43.5409"
867,867-BARRA DE GUARATIBA X CAMPO GRANDE,Fetranspor,43,"-22.9862","-43.5735"
867,867-BARRA DE GUARATIBA X CAMPO GRANDE,Fetranspor,66,"-22.9689","-43.5887"
867,867-BARRA DE GUARATIBA X CAMPO GRANDE,Fetranspor,93,"-22.9218","-43.5638"
867,867-BARRA DE GUARATIBA X CAMPO GRANDE,Fetranspor,95,"-22.9177","-43.5635"
867,867-BARRA DE GUARATIBA X CAMPO GRANDE,Fetranspor,66,"-22.9126","-43.5632"
867,867-BARRA DE GUARATIBA X CAMPO GRANDE,Fetranspor,29,"-22.9342","-43.5768"
867,867-BARRA DE GUARATIBA X CAMPO GRANDE,Fetranspor,54,"-22.9897","-43.5932"
867,867-BARRA DE GUARATIBA X CAMPO GRANDE,Fetranspor,70,"-22.9652","-43.5895"
867,867-BARRA DE GUARATIBA X CAMPO GRANDE,Fetranspor,17,"-23.0075","-43.5444"
867,867-BARRA DE GUARATIBA X CAMPO GRANDE,Fetranspor,26,"-22.981","-43.5875"
867,867-BARRA DE GUARATIBA X CAMPO GRANDE,Fetranspor,27,"-22.9797","-43.5881"
867,867-BARRA DE GUARATIBA X CAMPO GRANDE,Fetranspor,64,"-22.9152","-43.5633"
867,867-BARRA DE GUARATIBA X CAMPO GRANDE,Fetranspor,31,"-22.9421","-43.5774"
867,867-BARRA DE GUARATIBA X CAMPO GRANDE,Fetranspor,69,"-22.9846","-43.5706"
867,867-BARRA DE GUARATIBA X CAMPO GRANDE,Fetranspor,24,"-22.9976","-43.5425"
867,867-BARRA DE GUARATIBA X CAMPO GRANDE,Fetranspor,105,"-22.9066","-43.5608"
867,867-BARRA DE GUARATIBA X CAMPO GRANDE,Fetranspor,42,"-22.957","-43.5795"
867,867-BARRA DE GUARATIBA X CAMPO GRANDE,Fetranspor,67,"-22.9117","-43.5632"
867,867-BARRA DE GUARATIBA X CAMPO GRANDE,Fetranspor,16,"-22.9224","-43.5645"
867,867-BARRA DE GUARATIBA X CAMPO GRANDE,Fetranspor,67,"-22.9859","-43.5731"
867,867-BARRA DE GUARATIBA X CAMPO GRANDE,Fetranspor,63,"-23.015","-43.5429"
867,867-BARRA DE GUARATIBA X CAMPO GRANDE,Fetranspor,94,"-22.9188","-43.5633"
867,867-BARRA DE GUARATIBA X CAMPO GRANDE,Fetranspor,49,"-22.9333","-43.575"
867,867-BARRA DE GUARATIBA X CAMPO GRANDE,Fetranspor,61,"-22.9914","-43.5798"
867,867-BARRA DE GUARATIBA X CAMPO GRANDE,Fetranspor,86,"-23.0046","-43.5401"
867,867-BARRA DE GUARATIBA X CAMPO GRANDE,Fetranspor,21,"-22.9951","-43.595"
867,867-BARRA DE GUARATIBA X CAMPO GRANDE,Fetranspor,45,"-22.9523","-43.5769"
867,867-BARRA DE GUARATIBA X CAMPO GRANDE,Fetranspor,64,"-22.9879","-43.576"
867,867-BARRA DE GUARATIBA X CAMPO GRANDE,Fetranspor,73,"-22.9873","-43.5589"
867,867-BARRA DE GUARATIBA X CAMPO GRANDE,Fetranspor,102,"-23.0657","-43.5683"
867,867-BARRA DE GUARATIBA X CAMPO GRANDE,Fetranspor,56,"-22.9936","-43.5971"
867,867-BARRA DE GUARATIBA X CAMPO GRANDE,Fetranspor,6,"-23.05","-43.5528"
867,867-BARRA DE GUARATIBA X CAMPO GRANDE,Fetranspor,64,"-22.9728","-43.5891"
867,867-BARRA DE GUARATIBA X CAMPO GRANDE,Fetranspor,69,"-22.9657","-43.5896"
867,867-BARRA DE GUARATIBA X CAMPO GRANDE,Fetranspor,74,"-22.958","-43.5807"
867,867-BARRA DE GUARATIBA X CAMPO GRANDE,Fetranspor,61,"-22.9188","-43.5633"
867,867-BARRA DE GUARATIBA X CAMPO GRANDE,Fetranspor,62,"-22.9177","-43.5635"
867,867-BARRA DE GUARATIBA X CAMPO GRANDE,Fetranspor,1,"-22.9022","-43.555"
867,867-BARRA DE GUARATIBA X CAMPO GRANDE,Fetranspor,9,"-22.9117","-43.5651"
867,867-BARRA DE GUARATIBA X CAMPO GRANDE,Fetranspor,28,"-22.9333","-43.5757"
867,867-BARRA DE GUARATIBA X CAMPO GRANDE,Fetranspor,33,"-22.9448","-43.5768"
867,867-BARRA DE GUARATIBA X CAMPO GRANDE,Fetranspor,91,"-23.0129","-43.5421"
867,867-BARRA DE GUARATIBA X CAMPO GRANDE,Fetranspor,94,"-23.0249","-43.5547"
867,867-BARRA DE GUARATIBA X CAMPO GRANDE,Fetranspor,43,"-22.9681","-43.5888"
867,867-BARRA DE GUARATIBA X CAMPO GRANDE,Fetranspor,45,"-22.9738","-43.5893"
867,867-BARRA DE GUARATIBA X CAMPO GRANDE,Fetranspor,56,"-22.9963","-43.59"
867,867-BARRA DE GUARATIBA X CAMPO GRANDE,Fetranspor,57,"-22.9999","-43.5816"
867,867-BARRA DE GUARATIBA X CAMPO GRANDE,Fetranspor,7,"-23.0433","-43.5549"
867,867-BARRA DE GUARATIBA X CAMPO GRANDE,Fetranspor,27,"-22.9951","-43.5438"
867,867-BARRA DE GUARATIBA X CAMPO GRANDE,Fetranspor,52,"-22.9953","-43.5851"
867,867-BARRA DE GUARATIBA X CAMPO GRANDE,Fetranspor,90,"-22.924","-43.5685"
867,867-BARRA DE GUARATIBA X CAMPO GRANDE,Fetranspor,107,"-22.9051","-43.5573"
867,867-BARRA DE GUARATIBA X CAMPO GRANDE,Fetranspor,40,"-22.9614","-43.583"
867,867-BARRA DE GUARATIBA X CAMPO GRANDE,Fetranspor,17,"-22.923","-43.5653"
867,867-BARRA DE GUARATIBA X CAMPO GRANDE,Fetranspor,30,"-22.9385","-43.5778"
867,867-BARRA DE GUARATIBA X CAMPO GRANDE,Fetranspor,38,"-22.9616","-43.5834"
867,867-BARRA DE GUARATIBA X CAMPO GRANDE,Fetranspor,47,"-22.9748","-43.5895"
867,867-BARRA DE GUARATIBA X CAMPO GRANDE,Fetranspor,74,"-22.9879","-43.5552"
867,867-BARRA DE GUARATIBA X CAMPO GRANDE,Fetranspor,87,"-23.0056","-43.5403"
867,867-BARRA DE GUARATIBA X CAMPO GRANDE,Fetranspor,19,"-23.0051","-43.5401"
867,867-BARRA DE GUARATIBA X CAMPO GRANDE,Fetranspor,28,"-22.9941","-43.5442"
867,867-BARRA DE GUARATIBA X CAMPO GRANDE,Fetranspor,30,"-22.992","-43.5454"
867,867-BARRA DE GUARATIBA X CAMPO GRANDE,Fetranspor,46,"-22.9882","-43.5764"
867,867-BARRA DE GUARATIBA X CAMPO GRANDE,Fetranspor,65,"-22.9697","-43.5886"
867,867-BARRA DE GUARATIBA X CAMPO GRANDE,Fetranspor,42,"-22.9674","-43.5892"
867,867-BARRA DE GUARATIBA X CAMPO GRANDE,Fetranspor,77,"-22.9901","-43.5497"
867,867-BARRA DE GUARATIBA X CAMPO GRANDE,Fetranspor,78,"-22.991","-43.5476"
867,867-BARRA DE GUARATIBA X CAMPO GRANDE,Fetranspor,99,"-23.0549","-43.5576"
867,867-BARRA DE GUARATIBA X CAMPO GRANDE,Fetranspor,20,"-23.0032","-43.5401"
867,867-BARRA DE GUARATIBA X CAMPO GRANDE,Fetranspor,55,"-22.9917","-43.5922"
867,867-BARRA DE GUARATIBA X CAMPO GRANDE,Fetranspor,61,"-22.9772","-43.5897"
867,867-BARRA DE GUARATIBA X CAMPO GRANDE,Fetranspor,109,"-22.9042","-43.5567"
867,867-BARRA DE GUARATIBA X CAMPO GRANDE,Fetranspor,34,"-22.9677","-43.589"
867,867-BARRA DE GUARATIBA X CAMPO GRANDE,Fetranspor,13,"-22.918","-43.5635"
867,867-BARRA DE GUARATIBA X CAMPO GRANDE,Fetranspor,23,"-22.9264","-43.5717"
867,867-BARRA DE GUARATIBA X CAMPO GRANDE,Fetranspor,52,"-22.9852","-43.5907"
867,867-BARRA DE GUARATIBA X CAMPO GRANDE,Fetranspor,53,"-22.9879","-43.5925"
867,867-BARRA DE GUARATIBA X CAMPO GRANDE,Fetranspor,88,"-23.0073","-43.5404"
867,867-BARRA DE GUARATIBA X CAMPO GRANDE,Fetranspor,70,"-23.0549","-43.5576"
867,867-BARRA DE GUARATIBA X CAMPO GRANDE,Fetranspor,36,"-22.9879","-43.5552"
867,867-BARRA DE GUARATIBA X CAMPO GRANDE,Fetranspor,45,"-22.9878","-43.5758"
867,867-BARRA DE GUARATIBA X CAMPO GRANDE,Fetranspor,101,"-22.9081","-43.563"
867,867-BARRA DE GUARATIBA X CAMPO GRANDE,Fetranspor,24,"-22.9869","-43.5918"
867,867-BARRA DE GUARATIBA X CAMPO GRANDE,Fetranspor,76,"-22.9889","-43.5526"
867,867-BARRA DE GUARATIBA X CAMPO GRANDE,Fetranspor,101,"-23.0638","-43.5667"
867,867-BARRA DE GUARATIBA X CAMPO GRANDE,Fetranspor,69,"-23.05","-43.5528"
867,867-BARRA DE GUARATIBA X CAMPO GRANDE,Fetranspor,18,"-23.0065","-43.5405"
867,867-BARRA DE GUARATIBA X CAMPO GRANDE,Fetranspor,42,"-22.9852","-43.5721"
867,867-BARRA DE GUARATIBA X CAMPO GRANDE,Fetranspor,68,"-22.9081","-43.563"
867,867-BARRA DE GUARATIBA X CAMPO GRANDE,Fetranspor,24,"-22.9269","-43.5721"
867,867-BARRA DE GUARATIBA X CAMPO GRANDE,Fetranspor,33,"-22.9898","-43.5505"
867,867-BARRA DE GUARATIBA X CAMPO GRANDE,Fetranspor,36,"-22.9657","-43.5896"
867,867-BARRA DE GUARATIBA X CAMPO GRANDE,Fetranspor,48,"-22.9385","-43.5766"
867,867-BARRA DE GUARATIBA X CAMPO GRANDE,Fetranspor,74,"-22.9051","-43.5573"
867,867-BARRA DE GUARATIBA X CAMPO GRANDE,Fetranspor,25,"-22.9276","-43.5726"
867,867-BARRA DE GUARATIBA X CAMPO GRANDE,Fetranspor,36,"-22.9571","-43.5798"
867,867-BARRA DE GUARATIBA X CAMPO GRANDE,Fetranspor,62,"-22.991","-43.5792"
867,867-BARRA DE GUARATIBA X CAMPO GRANDE,Fetranspor,32,"-22.9906","-43.5487"
867,867-BARRA DE GUARATIBA X CAMPO GRANDE,Fetranspor,98,"-22.9138","-43.5632"
867,867-BARRA DE GUARATIBA X CAMPO GRANDE,Fetranspor,37,"-22.9652","-43.5895"
867,867-BARRA DE GUARATIBA X CAMPO GRANDE,Fetranspor,20,"-22.9248","-43.5698"
867,867-BARRA DE GUARATIBA X CAMPO GRANDE,Fetranspor,44,"-22.9694","-43.5886"
867,867-BARRA DE GUARATIBA X CAMPO GRANDE,Fetranspor,89,"-23.0079","-43.5404"
867,867-BARRA DE GUARATIBA X CAMPO GRANDE,Fetranspor,9,"-23.0293","-43.5631"
867,867-BARRA DE GUARATIBA X CAMPO GRANDE,Fetranspor,54,"-22.9942","-43.5932"
867,867-BARRA DE GUARATIBA X CAMPO GRANDE,Fetranspor,71,"-22.9629","-43.5863"
867,867-BARRA DE GUARATIBA X CAMPO GRANDE,Fetranspor,22,"-22.9917","-43.5922"
867,867-BARRA DE GUARATIBA X CAMPO GRANDE,Fetranspor,35,"-22.9673","-43.5892"
867,867-BARRA DE GUARATIBA X CAMPO GRANDE,Fetranspor,48,"-22.9776","-43.5897"
867,867-BARRA DE GUARATIBA X CAMPO GRANDE,Fetranspor,58,"-22.995","-43.5843"
867,867-BARRA DE GUARATIBA X CAMPO GRANDE,Fetranspor,68,"-22.9851","-43.572"
867,867-BARRA DE GUARATIBA X CAMPO GRANDE,Fetranspor,60,"-22.9797","-43.5881"
867,867-BARRA DE GUARATIBA X CAMPO GRANDE,Fetranspor,81,"-22.9385","-43.5766"
867,867-BARRA DE GUARATIBA X CAMPO GRANDE,Fetranspor,96,"-22.9171","-43.5635"
867,867-BARRA DE GUARATIBA X CAMPO GRANDE,Fetranspor,47,"-22.9423","-43.5759"
867,867-BARRA DE GUARATIBA X CAMPO GRANDE,Fetranspor,72,"-22.9066","-43.5608"
867,867-BARRA DE GUARATIBA X CAMPO GRANDE,Fetranspor,66,"-22.9861","-43.5734"
867,867-BARRA DE GUARATIBA X CAMPO GRANDE,Fetranspor,81,"-22.9946","-43.5441"
867,867-BARRA DE GUARATIBA X CAMPO GRANDE,Fetranspor,71,"-23.0603","-43.5632"
867,867-BARRA DE GUARATIBA X CAMPO GRANDE,Fetranspor,53,"-22.9963","-43.59"
867,867-BARRA DE GUARATIBA X CAMPO GRANDE,Fetranspor,59,"-22.981","-43.5875"
867,867-BARRA DE GUARATIBA X CAMPO GRANDE,Fetranspor,73,"-22.9614","-43.583"
867,867-BARRA DE GUARATIBA X CAMPO GRANDE,Fetranspor,85,"-23.0028","-43.5401"
867,867-BARRA DE GUARATIBA X CAMPO GRANDE,Fetranspor,13,"-23.013","-43.5421"
867,867-BARRA DE GUARATIBA X CAMPO GRANDE,Fetranspor,63,"-22.9738","-43.5893"
867,867-BARRA DE GUARATIBA X CAMPO GRANDE,Fetranspor,25,"-22.9852","-43.5905"
867,867-BARRA DE GUARATIBA X CAMPO GRANDE,Fetranspor,12,"-22.9159","-43.5635"
867,867-BARRA DE GUARATIBA X CAMPO GRANDE,Fetranspor,15,"-22.9215","-43.5636"
867,867-BARRA DE GUARATIBA X CAMPO GRANDE,Fetranspor,34,"-22.9541","-43.5772"
867,867-BARRA DE GUARATIBA X CAMPO GRANDE,Fetranspor,66,"-23.0293","-43.5631"
867,867-BARRA DE GUARATIBA X CAMPO GRANDE,Fetranspor,68,"-23.0433","-43.5549"
867,867-BARRA DE GUARATIBA X CAMPO GRANDE,Fetranspor,108,"-22.9044","-43.5567"
867,867-BARRA DE GUARATIBA X CAMPO GRANDE,Fetranspor,71,"-22.907","-43.5613"
867,867-BARRA DE GUARATIBA X CAMPO GRANDE,Fetranspor,32,"-22.9436","-43.5773"
867,867-BARRA DE GUARATIBA X CAMPO GRANDE,Fetranspor,50,"-22.9795","-43.5884"
867,867-BARRA DE GUARATIBA X CAMPO GRANDE,Fetranspor,55,"-22.9917","-43.594"
867,867-BARRA DE GUARATIBA X CAMPO GRANDE,Fetranspor,80,"-22.9932","-43.5443"
867,867-BARRA DE GUARATIBA X CAMPO GRANDE,Fetranspor,96,"-23.0351","-43.5616"
867,867-BARRA DE GUARATIBA X CAMPO GRANDE,Fetranspor,12,"-23.015","-43.5429"
867,867-BARRA DE GUARATIBA X CAMPO GRANDE,Fetranspor,79,"-22.9447","-43.5768"
867,867-BARRA DE GUARATIBA X CAMPO GRANDE,Fetranspor,6,"-22.9049","-43.5661"
867,867-BARRA DE GUARATIBA X CAMPO GRANDE,Fetranspor,21,"-22.925","-43.5703"
867,867-BARRA DE GUARATIBA X CAMPO GRANDE,Fetranspor,46,"-22.9744","-43.5894"
867,867-BARRA DE GUARATIBA X CAMPO GRANDE,Fetranspor,51,"-22.9817","-43.5881"
867,867-BARRA DE GUARATIBA X CAMPO GRANDE,Fetranspor,60,"-22.9934","-43.5822"
867,867-BARRA DE GUARATIBA X CAMPO GRANDE,Fetranspor,84,"-23.0016","-43.5405"
867,867-BARRA DE GUARATIBA X CAMPO GRANDE,Fetranspor,1,"-23.0679","-43.5675"
867,867-BARRA DE GUARATIBA X CAMPO GRANDE,Fetranspor,3,"-23.0638","-43.5667"
867,867-BARRA DE GUARATIBA X CAMPO GRANDE,Fetranspor,40,"-22.9878","-43.5619"
867,867-BARRA DE GUARATIBA X CAMPO GRANDE,Fetranspor,62,"-22.9745","-43.5895"
867,867-BARRA DE GUARATIBA X CAMPO GRANDE,Fetranspor,68,"-22.9673","-43.5892"
867,867-BARRA DE GUARATIBA X CAMPO GRANDE,Fetranspor,103,"-22.9074","-43.5618"
867,867-BARRA DE GUARATIBA X CAMPO GRANDE,Fetranspor,44,"-22.9561","-43.5775"
867,867-BARRA DE GUARATIBA X CAMPO GRANDE,Fetranspor,50,"-22.9292","-43.5738"
867,867-BARRA DE GUARATIBA X CAMPO GRANDE,Fetranspor,57,"-22.924","-43.5685"
867,867-BARRA DE GUARATIBA X CAMPO GRANDE,Fetranspor,65,"-22.9138","-43.5632"
867,867-BARRA DE GUARATIBA X CAMPO GRANDE,Fetranspor,77,"-22.902","-43.5564"
867,867-BARRA DE GUARATIBA X CAMPO GRANDE,Fetranspor,4,"-22.9029","-43.5628"
867,867-BARRA DE GUARATIBA X CAMPO GRANDE,Fetranspor,72,"-23.0638","-43.5667"
867,867-BARRA DE GUARATIBA X CAMPO GRANDE,Fetranspor,34,"-22.9889","-43.5527"
867,867-BARRA DE GUARATIBA X CAMPO GRANDE,Fetranspor,85,"-22.9276","-43.5726"
867,867-BARRA DE GUARATIBA X CAMPO GRANDE,Fetranspor,19,"-23.0052","-43.558"
867,867-BARRA DE GUARATIBA X CAMPO GRANDE,Fetranspor,56,"-22.9247","-43.5698"
867,867-BARRA DE GUARATIBA X CAMPO GRANDE,Fetranspor,8,"-22.9113","-43.5654"
867,867-BARRA DE GUARATIBA X CAMPO GRANDE,Fetranspor,11,"-22.9152","-43.5634"
867,867-BARRA DE GUARATIBA X CAMPO GRANDE,Fetranspor,35,"-22.9563","-43.5785"
867,867-BARRA DE GUARATIBA X CAMPO GRANDE,Fetranspor,49,"-22.9784","-43.5895"
867,867-BARRA DE GUARATIBA X CAMPO GRANDE,Fetranspor,57,"-22.9959","-43.588"
867,867-BARRA DE GUARATIBA X CAMPO GRANDE,Fetranspor,62,"-23.0129","-43.5421"
867,867-BARRA DE GUARATIBA X CAMPO GRANDE,Fetranspor,51,"-22.9947","-43.5837"
867,867-BARRA DE GUARATIBA X CAMPO GRANDE,Fetranspor,111,"-22.9014","-43.5551"
867,867-BARRA DE GUARATIBA X CAMPO GRANDE,Fetranspor,28,"-22.9772","-43.5897"
867,867-BARRA DE GUARATIBA X CAMPO GRANDE,Fetranspor,72,"-22.9877","-43.5604"
867,867-BARRA DE GUARATIBA X CAMPO GRANDE,Fetranspor,79,"-22.9919","-43.5456"
867,867-BARRA DE GUARATIBA X CAMPO GRANDE,Fetranspor,29,"-22.9927","-43.5444"
867,867-BARRA DE GUARATIBA X CAMPO GRANDE,Fetranspor,31,"-22.9909","-43.5478"
867,867-BARRA DE GUARATIBA X CAMPO GRANDE,Fetranspor,14,"-22.9192","-43.5633"
867,867-BARRA DE GUARATIBA X CAMPO GRANDE,Fetranspor,71,"-22.9878","-43.562"
867,867-BARRA DE GUARATIBA X CAMPO GRANDE,Fetranspor,90,"-23.0112","-43.5418"
867,867-BARRA DE GUARATIBA X CAMPO GRANDE,Fetranspor,35,"-22.9885","-43.5536"
867,867-BARRA DE GUARATIBA X CAMPO GRANDE,Fetranspor,30,"-22.9738","-43.5893"
867,867-BARRA DE GUARATIBA X CAMPO GRANDE,Fetranspor,32,"-22.9697","-43.5886"
867,867-BARRA DE GUARATIBA X CAMPO GRANDE,Fetranspor,43,"-22.9565","-43.5784"
867,867-BARRA DE GUARATIBA X CAMPO GRANDE,Fetranspor,46,"-22.9447","-43.5768"
867,867-BARRA DE GUARATIBA X CAMPO GRANDE,Fetranspor,51,"-22.9288","-43.5736"
