linha,descricao,agencia,sequencia,shape_id,latitude,longitude
121,121-CENTRAL X COPACABANA (CIRCULAR),Fetranspor,0,17349310,"-22.9049","-43.1917"
121,121-CENTRAL X COPACABANA (CIRCULAR),Fetranspor,1,17349310,"-22.9048","-43.1919"
121,121-CENTRAL X COPACABANA (CIRCULAR),Fetranspor,2,17349310,"-22.9048","-43.1919"
121,121-CENTRAL X COPACABANA (CIRCULAR),Fetranspor,3,17349310,"-22.9051","-43.1928"
121,121-CENTRAL X COPACABANA (CIRCULAR),Fetranspor,4,17349310,"-22.9051","-43.193"
121,121-CENTRAL X COPACABANA (CIRCULAR),Fetranspor,5,17349310,"-22.9051","-43.193"
121,121-CENTRAL X COPACABANA (CIRCULAR),Fetranspor,6,17349310,"-22.9051","-43.1931"
121,121-CENTRAL X COPACABANA (CIRCULAR),Fetranspor,7,17349310,"-22.905","-43.1931"
121,121-CENTRAL X COPACABANA (CIRCULAR),Fetranspor,8,17349310,"-22.905","-43.1931"
121,121-CENTRAL X COPACABANA (CIRCULAR),Fetranspor,9,17349310,"-22.9049","-43.1931"
121,121-CENTRAL X COPACABANA (CIRCULAR),Fetranspor,10,17349310,"-22.9049","-43.1931"
121,121-CENTRAL X COPACABANA (CIRCULAR),Fetranspor,11,17349310,"-22.9048","-43.1931"
121,121-CENTRAL X COPACABANA (CIRCULAR),Fetranspor,12,17349310,"-22.9047","-43.193"
121,121-CENTRAL X COPACABANA (CIRCULAR),Fetranspor,13,17349310,"-22.9046","-43.1926"
121,121-CENTRAL X COPACABANA (CIRCULAR),Fetranspor,14,17349310,"-22.9044","-43.1915"
121,121-CENTRAL X COPACABANA (CIRCULAR),Fetranspor,15,17349310,"-22.9044","-43.1915"
121,121-CENTRAL X COPACABANA (CIRCULAR),Fetranspor,16,17349310,"-22.904","-43.1905"
121,121-CENTRAL X COPACABANA (CIRCULAR),Fetranspor,17,17349310,"-22.904","-43.1905"
121,121-CENTRAL X COPACABANA (CIRCULAR),Fetranspor,18,17349310,"-22.9037","-43.1896"
121,121-CENTRAL X COPACABANA (CIRCULAR),Fetranspor,19,17349310,"-22.9035","-43.1891"
121,121-CENTRAL X COPACABANA (CIRCULAR),Fetranspor,20,17349310,"-22.9034","-43.1886"
121,121-CENTRAL X COPACABANA (CIRCULAR),Fetranspor,21,17349310,"-22.9034","-43.1886"
121,121-CENTRAL X COPACABANA (CIRCULAR),Fetranspor,22,17349310,"-22.9033","-43.1885"
121,121-CENTRAL X COPACABANA (CIRCULAR),Fetranspor,23,17349310,"-22.9032","-43.188"
121,121-CENTRAL X COPACABANA (CIRCULAR),Fetranspor,24,17349310,"-22.903","-43.1874"
121,121-CENTRAL X COPACABANA (CIRCULAR),Fetranspor,25,17349310,"-22.903","-43.1874"
121,121-CENTRAL X COPACABANA (CIRCULAR),Fetranspor,26,17349310,"-22.9025","-43.1861"
121,121-CENTRAL X COPACABANA (CIRCULAR),Fetranspor,27,17349310,"-22.9025","-43.1861"
121,121-CENTRAL X COPACABANA (CIRCULAR),Fetranspor,28,17349310,"-22.9022","-43.1853"
121,121-CENTRAL X COPACABANA (CIRCULAR),Fetranspor,29,17349310,"-22.902","-43.1849"
121,121-CENTRAL X COPACABANA (CIRCULAR),Fetranspor,30,17349310,"-22.9019","-43.1847"
121,121-CENTRAL X COPACABANA (CIRCULAR),Fetranspor,31,17349310,"-22.9019","-43.1847"
121,121-CENTRAL X COPACABANA (CIRCULAR),Fetranspor,32,17349310,"-22.9019","-43.1846"
121,121-CENTRAL X COPACABANA (CIRCULAR),Fetranspor,33,17349310,"-22.9019","-43.1846"
121,121-CENTRAL X COPACABANA (CIRCULAR),Fetranspor,34,17349310,"-22.902","-43.1845"
121,121-CENTRAL X COPACABANA (CIRCULAR),Fetranspor,35,17349310,"-22.902","-43.1844"
121,121-CENTRAL X COPACABANA (CIRCULAR),Fetranspor,36,17349310,"-22.9026","-43.1841"
121,121-CENTRAL X COPACABANA (CIRCULAR),Fetranspor,37,17349310,"-22.9026","-43.1841"
121,121-CENTRAL X COPACABANA (CIRCULAR),Fetranspor,38,17349310,"-22.9026","-43.184"
121,121-CENTRAL X COPACABANA (CIRCULAR),Fetranspor,39,17349310,"-22.9027","-43.184"
121,121-CENTRAL X COPACABANA (CIRCULAR),Fetranspor,40,17349310,"-22.9027","-43.184"
121,121-CENTRAL X COPACABANA (CIRCULAR),Fetranspor,41,17349310,"-22.9029","-43.1839"
121,121-CENTRAL X COPACABANA (CIRCULAR),Fetranspor,42,17349310,"-22.9029","-43.1839"
121,121-CENTRAL X COPACABANA (CIRCULAR),Fetranspor,43,17349310,"-22.903","-43.1838"
121,121-CENTRAL X COPACABANA (CIRCULAR),Fetranspor,44,17349310,"-22.903","-43.1838"
121,121-CENTRAL X COPACABANA (CIRCULAR),Fetranspor,45,17349310,"-22.9028","-43.1833"
121,121-CENTRAL X COPACABANA (CIRCULAR),Fetranspor,46,17349310,"-22.9028","-43.1833"
121,121-CENTRAL X COPACABANA (CIRCULAR),Fetranspor,47,17349310,"-22.9026","-43.1825"
121,121-CENTRAL X COPACABANA (CIRCULAR),Fetranspor,48,17349310,"-22.9026","-43.1825"
121,121-CENTRAL X COPACABANA (CIRCULAR),Fetranspor,49,17349310,"-22.9022","-43.1813"
121,121-CENTRAL X COPACABANA (CIRCULAR),Fetranspor,50,17349310,"-22.9022","-43.1813"
121,121-CENTRAL X COPACABANA (CIRCULAR),Fetranspor,51,17349310,"-22.9017","-43.1799"
121,121-CENTRAL X COPACABANA (CIRCULAR),Fetranspor,52,17349310,"-22.9017","-43.1799"
121,121-CENTRAL X COPACABANA (CIRCULAR),Fetranspor,53,17349310,"-22.9015","-43.179"
121,121-CENTRAL X COPACABANA (CIRCULAR),Fetranspor,54,17349310,"-22.9015","-43.179"
121,121-CENTRAL X COPACABANA (CIRCULAR),Fetranspor,55,17349310,"-22.9021","-43.1788"
121,121-CENTRAL X COPACABANA (CIRCULAR),Fetranspor,56,17349310,"-22.9021","-43.1788"
121,121-CENTRAL X COPACABANA (CIRCULAR),Fetranspor,57,17349310,"-22.9026","-43.1786"
121,121-CENTRAL X COPACABANA (CIRCULAR),Fetranspor,58,17349310,"-22.9026","-43.1786"
121,121-CENTRAL X COPACABANA (CIRCULAR),Fetranspor,59,17349310,"-22.9031","-43.1784"
121,121-CENTRAL X COPACABANA (CIRCULAR),Fetranspor,60,17349310,"-22.9031","-43.1784"
121,121-CENTRAL X COPACABANA (CIRCULAR),Fetranspor,61,17349310,"-22.9036","-43.1782"
121,121-CENTRAL X COPACABANA (CIRCULAR),Fetranspor,62,17349310,"-22.9036","-43.1782"
121,121-CENTRAL X COPACABANA (CIRCULAR),Fetranspor,63,17349310,"-22.9042","-43.178"
121,121-CENTRAL X COPACABANA (CIRCULAR),Fetranspor,64,17349310,"-22.9049","-43.1777"
121,121-CENTRAL X COPACABANA (CIRCULAR),Fetranspor,65,17349310,"-22.905","-43.1777"
121,121-CENTRAL X COPACABANA (CIRCULAR),Fetranspor,66,17349310,"-22.905","-43.1777"
121,121-CENTRAL X COPACABANA (CIRCULAR),Fetranspor,67,17349310,"-22.9053","-43.1776"
121,121-CENTRAL X COPACABANA (CIRCULAR),Fetranspor,68,17349310,"-22.9058","-43.1774"
121,121-CENTRAL X COPACABANA (CIRCULAR),Fetranspor,69,17349310,"-22.9058","-43.1774"
121,121-CENTRAL X COPACABANA (CIRCULAR),Fetranspor,70,17349310,"-22.9062","-43.1772"
121,121-CENTRAL X COPACABANA (CIRCULAR),Fetranspor,71,17349310,"-22.9064","-43.1771"
121,121-CENTRAL X COPACABANA (CIRCULAR),Fetranspor,72,17349310,"-22.9064","-43.1771"
121,121-CENTRAL X COPACABANA (CIRCULAR),Fetranspor,73,17349310,"-22.9066","-43.1771"
121,121-CENTRAL X COPACABANA (CIRCULAR),Fetranspor,74,17349310,"-22.9066","-43.1771"
121,121-CENTRAL X COPACABANA (CIRCULAR),Fetranspor,75,17349310,"-22.9069","-43.177"
121,121-CENTRAL X COPACABANA (CIRCULAR),Fetranspor,76,17349310,"-22.9071","-43.1769"
121,121-CENTRAL X COPACABANA (CIRCULAR),Fetranspor,77,17349310,"-22.9071","-43.1769"
121,121-CENTRAL X COPACABANA (CIRCULAR),Fetranspor,78,17349310,"-22.9074","-43.1768"
121,121-CENTRAL X COPACABANA (CIRCULAR),Fetranspor,79,17349310,"-22.9074","-43.1768"
121,121-CENTRAL X COPACABANA (CIRCULAR),Fetranspor,80,17349310,"-22.9079","-43.1766"
121,121-CENTRAL X COPACABANA (CIRCULAR),Fetranspor,81,17349310,"-22.9079","-43.1766"
121,121-CENTRAL X COPACABANA (CIRCULAR),Fetranspor,82,17349310,"-22.908","-43.1766"
121,121-CENTRAL X COPACABANA (CIRCULAR),Fetranspor,83,17349310,"-22.908","-43.1766"
121,121-CENTRAL X COPACABANA (CIRCULAR),Fetranspor,84,17349310,"-22.9085","-43.1764"
121,121-CENTRAL X COPACABANA (CIRCULAR),Fetranspor,85,17349310,"-22.9085","-43.1764"
121,121-CENTRAL X COPACABANA (CIRCULAR),Fetranspor,86,17349310,"-22.9093","-43.1761"
121,121-CENTRAL X COPACABANA (CIRCULAR),Fetranspor,87,17349310,"-22.9093","-43.1761"
121,121-CENTRAL X COPACABANA (CIRCULAR),Fetranspor,88,17349310,"-22.9103","-43.1757"
121,121-CENTRAL X COPACABANA (CIRCULAR),Fetranspor,89,17349310,"-22.9103","-43.1757"
121,121-CENTRAL X COPACABANA (CIRCULAR),Fetranspor,90,17349310,"-22.9114","-43.1753"
121,121-CENTRAL X COPACABANA (CIRCULAR),Fetranspor,91,17349310,"-22.9114","-43.1753"
121,121-CENTRAL X COPACABANA (CIRCULAR),Fetranspor,92,17349310,"-22.912","-43.175"
121,121-CENTRAL X COPACABANA (CIRCULAR),Fetranspor,93,17349310,"-22.912","-43.175"
121,121-CENTRAL X COPACABANA (CIRCULAR),Fetranspor,94,17349310,"-22.9123","-43.1749"
121,121-CENTRAL X COPACABANA (CIRCULAR),Fetranspor,95,17349310,"-22.9123","-43.1749"
121,121-CENTRAL X COPACABANA (CIRCULAR),Fetranspor,96,17349310,"-22.9124","-43.1749"
121,121-CENTRAL X COPACABANA (CIRCULAR),Fetranspor,97,17349310,"-22.9125","-43.1749"
121,121-CENTRAL X COPACABANA (CIRCULAR),Fetranspor,98,17349310,"-22.9128","-43.1748"
121,121-CENTRAL X COPACABANA (CIRCULAR),Fetranspor,99,17349310,"-22.9128","-43.1748"
121,121-CENTRAL X COPACABANA (CIRCULAR),Fetranspor,100,17349310,"-22.9128","-43.1748"
121,121-CENTRAL X COPACABANA (CIRCULAR),Fetranspor,101,17349310,"-22.9129","-43.1747"
121,121-CENTRAL X COPACABANA (CIRCULAR),Fetranspor,102,17349310,"-22.9129","-43.1747"
121,121-CENTRAL X COPACABANA (CIRCULAR),Fetranspor,103,17349310,"-22.9135","-43.1745"
121,121-CENTRAL X COPACABANA (CIRCULAR),Fetranspor,104,17349310,"-22.9135","-43.1745"
121,121-CENTRAL X COPACABANA (CIRCULAR),Fetranspor,105,17349310,"-22.9137","-43.1744"
121,121-CENTRAL X COPACABANA (CIRCULAR),Fetranspor,106,17349310,"-22.9137","-43.1744"
121,121-CENTRAL X COPACABANA (CIRCULAR),Fetranspor,107,17349310,"-22.9139","-43.1744"
121,121-CENTRAL X COPACABANA (CIRCULAR),Fetranspor,108,17349310,"-22.9141","-43.1744"
121,121-CENTRAL X COPACABANA (CIRCULAR),Fetranspor,109,17349310,"-22.9149","-43.1746"
121,121-CENTRAL X COPACABANA (CIRCULAR),Fetranspor,110,17349310,"-22.9149","-43.1746"
121,121-CENTRAL X COPACABANA (CIRCULAR),Fetranspor,111,17349310,"-22.9154","-43.1748"
121,121-CENTRAL X COPACABANA (CIRCULAR),Fetranspor,112,17349310,"-22.9156","-43.1748"
121,121-CENTRAL X COPACABANA (CIRCULAR),Fetranspor,113,17349310,"-22.9162","-43.175"
121,121-CENTRAL X COPACABANA (CIRCULAR),Fetranspor,114,17349310,"-22.9164","-43.175"
121,121-CENTRAL X COPACABANA (CIRCULAR),Fetranspor,115,17349310,"-22.917","-43.175"
121,121-CENTRAL X COPACABANA (CIRCULAR),Fetranspor,116,17349310,"-22.9176","-43.175"
121,121-CENTRAL X COPACABANA (CIRCULAR),Fetranspor,117,17349310,"-22.9181","-43.1748"
121,121-CENTRAL X COPACABANA (CIRCULAR),Fetranspor,118,17349310,"-22.9186","-43.1747"
121,121-CENTRAL X COPACABANA (CIRCULAR),Fetranspor,119,17349310,"-22.919","-43.1745"
121,121-CENTRAL X COPACABANA (CIRCULAR),Fetranspor,120,17349310,"-22.9192","-43.1744"
121,121-CENTRAL X COPACABANA (CIRCULAR),Fetranspor,121,17349310,"-22.9192","-43.1744"
121,121-CENTRAL X COPACABANA (CIRCULAR),Fetranspor,122,17349310,"-22.9194","-43.1743"
121,121-CENTRAL X COPACABANA (CIRCULAR),Fetranspor,123,17349310,"-22.9197","-43.1741"
121,121-CENTRAL X COPACABANA (CIRCULAR),Fetranspor,124,17349310,"-22.9199","-43.1739"
121,121-CENTRAL X COPACABANA (CIRCULAR),Fetranspor,125,17349310,"-22.9201","-43.1737"
121,121-CENTRAL X COPACABANA (CIRCULAR),Fetranspor,126,17349310,"-22.9203","-43.1735"
121,121-CENTRAL X COPACABANA (CIRCULAR),Fetranspor,127,17349310,"-22.9203","-43.1735"
121,121-CENTRAL X COPACABANA (CIRCULAR),Fetranspor,128,17349310,"-22.9207","-43.1729"
121,121-CENTRAL X COPACABANA (CIRCULAR),Fetranspor,129,17349310,"-22.9207","-43.1729"
121,121-CENTRAL X COPACABANA (CIRCULAR),Fetranspor,130,17349310,"-22.9211","-43.1724"
121,121-CENTRAL X COPACABANA (CIRCULAR),Fetranspor,131,17349310,"-22.9215","-43.172"
121,121-CENTRAL X COPACABANA (CIRCULAR),Fetranspor,132,17349310,"-22.9219","-43.1718"
121,121-CENTRAL X COPACABANA (CIRCULAR),Fetranspor,133,17349310,"-22.9222","-43.1716"
121,121-CENTRAL X COPACABANA (CIRCULAR),Fetranspor,134,17349310,"-22.9225","-43.1714"
121,121-CENTRAL X COPACABANA (CIRCULAR),Fetranspor,135,17349310,"-22.9228","-43.1713"
121,121-CENTRAL X COPACABANA (CIRCULAR),Fetranspor,136,17349310,"-22.9231","-43.1713"
121,121-CENTRAL X COPACABANA (CIRCULAR),Fetranspor,137,17349310,"-22.9233","-43.1712"
121,121-CENTRAL X COPACABANA (CIRCULAR),Fetranspor,138,17349310,"-22.9233","-43.1712"
121,121-CENTRAL X COPACABANA (CIRCULAR),Fetranspor,139,17349310,"-22.9236","-43.1712"
121,121-CENTRAL X COPACABANA (CIRCULAR),Fetranspor,140,17349310,"-22.9241","-43.1712"
121,121-CENTRAL X COPACABANA (CIRCULAR),Fetranspor,141,17349310,"-22.9242","-43.1713"
121,121-CENTRAL X COPACABANA (CIRCULAR),Fetranspor,142,17349310,"-22.9246","-43.1713"
121,121-CENTRAL X COPACABANA (CIRCULAR),Fetranspor,143,17349310,"-22.9268","-43.172"
121,121-CENTRAL X COPACABANA (CIRCULAR),Fetranspor,144,17349310,"-22.9299","-43.1729"
121,121-CENTRAL X COPACABANA (CIRCULAR),Fetranspor,145,17349310,"-22.9302","-43.173"
121,121-CENTRAL X COPACABANA (CIRCULAR),Fetranspor,146,17349310,"-22.9322","-43.1736"
121,121-CENTRAL X COPACABANA (CIRCULAR),Fetranspor,147,17349310,"-22.9326","-43.1737"
121,121-CENTRAL X COPACABANA (CIRCULAR),Fetranspor,148,17349310,"-22.9327","-43.1738"
121,121-CENTRAL X COPACABANA (CIRCULAR),Fetranspor,149,17349310,"-22.9329","-43.1738"
121,121-CENTRAL X COPACABANA (CIRCULAR),Fetranspor,150,17349310,"-22.9334","-43.1738"
121,121-CENTRAL X COPACABANA (CIRCULAR),Fetranspor,151,17349310,"-22.9338","-43.1738"
121,121-CENTRAL X COPACABANA (CIRCULAR),Fetranspor,152,17349310,"-22.9339","-43.1738"
121,121-CENTRAL X COPACABANA (CIRCULAR),Fetranspor,153,17349310,"-22.9344","-43.1738"
121,121-CENTRAL X COPACABANA (CIRCULAR),Fetranspor,154,17349310,"-22.9346","-43.1737"
121,121-CENTRAL X COPACABANA (CIRCULAR),Fetranspor,155,17349310,"-22.9351","-43.1736"
121,121-CENTRAL X COPACABANA (CIRCULAR),Fetranspor,156,17349310,"-22.9351","-43.1736"
121,121-CENTRAL X COPACABANA (CIRCULAR),Fetranspor,157,17349310,"-22.9353","-43.1736"
121,121-CENTRAL X COPACABANA (CIRCULAR),Fetranspor,158,17349310,"-22.9357","-43.1735"
121,121-CENTRAL X COPACABANA (CIRCULAR),Fetranspor,159,17349310,"-22.936","-43.1734"
121,121-CENTRAL X COPACABANA (CIRCULAR),Fetranspor,160,17349310,"-22.9362","-43.1733"
121,121-CENTRAL X COPACABANA (CIRCULAR),Fetranspor,161,17349310,"-22.9363","-43.1732"
121,121-CENTRAL X COPACABANA (CIRCULAR),Fetranspor,162,17349310,"-22.9365","-43.1731"
121,121-CENTRAL X COPACABANA (CIRCULAR),Fetranspor,163,17349310,"-22.9367","-43.1729"
121,121-CENTRAL X COPACABANA (CIRCULAR),Fetranspor,164,17349310,"-22.9367","-43.1729"
121,121-CENTRAL X COPACABANA (CIRCULAR),Fetranspor,165,17349310,"-22.9369","-43.1726"
121,121-CENTRAL X COPACABANA (CIRCULAR),Fetranspor,166,17349310,"-22.9371","-43.1723"
121,121-CENTRAL X COPACABANA (CIRCULAR),Fetranspor,167,17349310,"-22.9373","-43.1721"
121,121-CENTRAL X COPACABANA (CIRCULAR),Fetranspor,168,17349310,"-22.9375","-43.1717"
121,121-CENTRAL X COPACABANA (CIRCULAR),Fetranspor,169,17349310,"-22.9375","-43.1717"
121,121-CENTRAL X COPACABANA (CIRCULAR),Fetranspor,170,17349310,"-22.9377","-43.1714"
121,121-CENTRAL X COPACABANA (CIRCULAR),Fetranspor,171,17349310,"-22.9379","-43.1712"
121,121-CENTRAL X COPACABANA (CIRCULAR),Fetranspor,172,17349310,"-22.938","-43.1711"
121,121-CENTRAL X COPACABANA (CIRCULAR),Fetranspor,173,17349310,"-22.9381","-43.1709"
121,121-CENTRAL X COPACABANA (CIRCULAR),Fetranspor,174,17349310,"-22.9384","-43.1708"
121,121-CENTRAL X COPACABANA (CIRCULAR),Fetranspor,175,17349310,"-22.9385","-43.1707"
121,121-CENTRAL X COPACABANA (CIRCULAR),Fetranspor,176,17349310,"-22.9385","-43.1707"
121,121-CENTRAL X COPACABANA (CIRCULAR),Fetranspor,177,17349310,"-22.9386","-43.1707"
121,121-CENTRAL X COPACABANA (CIRCULAR),Fetranspor,178,17349310,"-22.9387","-43.1706"
121,121-CENTRAL X COPACABANA (CIRCULAR),Fetranspor,179,17349310,"-22.9389","-43.1706"
121,121-CENTRAL X COPACABANA (CIRCULAR),Fetranspor,180,17349310,"-22.9391","-43.1705"
121,121-CENTRAL X COPACABANA (CIRCULAR),Fetranspor,181,17349310,"-22.9393","-43.1705"
121,121-CENTRAL X COPACABANA (CIRCULAR),Fetranspor,182,17349310,"-22.9394","-43.1705"
121,121-CENTRAL X COPACABANA (CIRCULAR),Fetranspor,183,17349310,"-22.9394","-43.1705"
121,121-CENTRAL X COPACABANA (CIRCULAR),Fetranspor,184,17349310,"-22.9396","-43.1705"
121,121-CENTRAL X COPACABANA (CIRCULAR),Fetranspor,185,17349310,"-22.9399","-43.1705"
121,121-CENTRAL X COPACABANA (CIRCULAR),Fetranspor,186,17349310,"-22.9402","-43.1706"
121,121-CENTRAL X COPACABANA (CIRCULAR),Fetranspor,187,17349310,"-22.9404","-43.1707"
121,121-CENTRAL X COPACABANA (CIRCULAR),Fetranspor,188,17349310,"-22.9407","-43.1708"
121,121-CENTRAL X COPACABANA (CIRCULAR),Fetranspor,189,17349310,"-22.941","-43.171"
121,121-CENTRAL X COPACABANA (CIRCULAR),Fetranspor,190,17349310,"-22.9413","-43.1712"
121,121-CENTRAL X COPACABANA (CIRCULAR),Fetranspor,191,17349310,"-22.9415","-43.1714"
121,121-CENTRAL X COPACABANA (CIRCULAR),Fetranspor,192,17349310,"-22.9418","-43.1718"
121,121-CENTRAL X COPACABANA (CIRCULAR),Fetranspor,193,17349310,"-22.9422","-43.1722"
121,121-CENTRAL X COPACABANA (CIRCULAR),Fetranspor,194,17349310,"-22.9427","-43.1728"
121,121-CENTRAL X COPACABANA (CIRCULAR),Fetranspor,195,17349310,"-22.9432","-43.1736"
121,121-CENTRAL X COPACABANA (CIRCULAR),Fetranspor,196,17349310,"-22.9434","-43.1738"
121,121-CENTRAL X COPACABANA (CIRCULAR),Fetranspor,197,17349310,"-22.9435","-43.1742"
121,121-CENTRAL X COPACABANA (CIRCULAR),Fetranspor,198,17349310,"-22.9435","-43.1742"
121,121-CENTRAL X COPACABANA (CIRCULAR),Fetranspor,199,17349310,"-22.9437","-43.1745"
121,121-CENTRAL X COPACABANA (CIRCULAR),Fetranspor,200,17349310,"-22.9437","-43.1745"
121,121-CENTRAL X COPACABANA (CIRCULAR),Fetranspor,201,17349310,"-22.9437","-43.1746"
121,121-CENTRAL X COPACABANA (CIRCULAR),Fetranspor,202,17349310,"-22.9437","-43.1748"
121,121-CENTRAL X COPACABANA (CIRCULAR),Fetranspor,203,17349310,"-22.9437","-43.1751"
121,121-CENTRAL X COPACABANA (CIRCULAR),Fetranspor,204,17349310,"-22.9437","-43.1753"
121,121-CENTRAL X COPACABANA (CIRCULAR),Fetranspor,205,17349310,"-22.9436","-43.1756"
121,121-CENTRAL X COPACABANA (CIRCULAR),Fetranspor,206,17349310,"-22.9435","-43.1759"
121,121-CENTRAL X COPACABANA (CIRCULAR),Fetranspor,207,17349310,"-22.9434","-43.1761"
121,121-CENTRAL X COPACABANA (CIRCULAR),Fetranspor,208,17349310,"-22.9433","-43.1763"
121,121-CENTRAL X COPACABANA (CIRCULAR),Fetranspor,209,17349310,"-22.9427","-43.1771"
121,121-CENTRAL X COPACABANA (CIRCULAR),Fetranspor,210,17349310,"-22.9425","-43.1773"
121,121-CENTRAL X COPACABANA (CIRCULAR),Fetranspor,211,17349310,"-22.9425","-43.1773"
121,121-CENTRAL X COPACABANA (CIRCULAR),Fetranspor,212,17349310,"-22.9424","-43.1775"
121,121-CENTRAL X COPACABANA (CIRCULAR),Fetranspor,213,17349310,"-22.9424","-43.1777"
121,121-CENTRAL X COPACABANA (CIRCULAR),Fetranspor,214,17349310,"-22.9423","-43.1779"
121,121-CENTRAL X COPACABANA (CIRCULAR),Fetranspor,215,17349310,"-22.9423","-43.1782"
121,121-CENTRAL X COPACABANA (CIRCULAR),Fetranspor,216,17349310,"-22.9423","-43.1785"
121,121-CENTRAL X COPACABANA (CIRCULAR),Fetranspor,217,17349310,"-22.9423","-43.1788"
121,121-CENTRAL X COPACABANA (CIRCULAR),Fetranspor,218,17349310,"-22.9423","-43.179"
121,121-CENTRAL X COPACABANA (CIRCULAR),Fetranspor,219,17349310,"-22.9423","-43.179"
121,121-CENTRAL X COPACABANA (CIRCULAR),Fetranspor,220,17349310,"-22.9424","-43.1792"
121,121-CENTRAL X COPACABANA (CIRCULAR),Fetranspor,221,17349310,"-22.9425","-43.1794"
121,121-CENTRAL X COPACABANA (CIRCULAR),Fetranspor,222,17349310,"-22.9426","-43.1796"
121,121-CENTRAL X COPACABANA (CIRCULAR),Fetranspor,223,17349310,"-22.9428","-43.1799"
121,121-CENTRAL X COPACABANA (CIRCULAR),Fetranspor,224,17349310,"-22.9431","-43.1803"
121,121-CENTRAL X COPACABANA (CIRCULAR),Fetranspor,225,17349310,"-22.9434","-43.1807"
121,121-CENTRAL X COPACABANA (CIRCULAR),Fetranspor,226,17349310,"-22.9434","-43.1807"
121,121-CENTRAL X COPACABANA (CIRCULAR),Fetranspor,227,17349310,"-22.9434","-43.1807"
121,121-CENTRAL X COPACABANA (CIRCULAR),Fetranspor,228,17349310,"-22.9437","-43.1809"
121,121-CENTRAL X COPACABANA (CIRCULAR),Fetranspor,229,17349310,"-22.944","-43.1811"
121,121-CENTRAL X COPACABANA (CIRCULAR),Fetranspor,230,17349310,"-22.9444","-43.1814"
121,121-CENTRAL X COPACABANA (CIRCULAR),Fetranspor,231,17349310,"-22.9448","-43.1816"
121,121-CENTRAL X COPACABANA (CIRCULAR),Fetranspor,232,17349310,"-22.945","-43.1816"
121,121-CENTRAL X COPACABANA (CIRCULAR),Fetranspor,233,17349310,"-22.9454","-43.1817"
121,121-CENTRAL X COPACABANA (CIRCULAR),Fetranspor,234,17349310,"-22.9459","-43.1818"
121,121-CENTRAL X COPACABANA (CIRCULAR),Fetranspor,235,17349310,"-22.946","-43.1818"
121,121-CENTRAL X COPACABANA (CIRCULAR),Fetranspor,236,17349310,"-22.946","-43.1818"
121,121-CENTRAL X COPACABANA (CIRCULAR),Fetranspor,237,17349310,"-22.9461","-43.1818"
121,121-CENTRAL X COPACABANA (CIRCULAR),Fetranspor,238,17349310,"-22.9467","-43.1818"
121,121-CENTRAL X COPACABANA (CIRCULAR),Fetranspor,239,17349310,"-22.9471","-43.1818"
121,121-CENTRAL X COPACABANA (CIRCULAR),Fetranspor,240,17349310,"-22.9475","-43.1817"
121,121-CENTRAL X COPACABANA (CIRCULAR),Fetranspor,241,17349310,"-22.9477","-43.1816"
121,121-CENTRAL X COPACABANA (CIRCULAR),Fetranspor,242,17349310,"-22.9477","-43.1816"
121,121-CENTRAL X COPACABANA (CIRCULAR),Fetranspor,243,17349310,"-22.9477","-43.1816"
121,121-CENTRAL X COPACABANA (CIRCULAR),Fetranspor,244,17349310,"-22.9481","-43.1815"
121,121-CENTRAL X COPACABANA (CIRCULAR),Fetranspor,245,17349310,"-22.9483","-43.1814"
121,121-CENTRAL X COPACABANA (CIRCULAR),Fetranspor,246,17349310,"-22.9485","-43.1812"
121,121-CENTRAL X COPACABANA (CIRCULAR),Fetranspor,247,17349310,"-22.9488","-43.181"
121,121-CENTRAL X COPACABANA (CIRCULAR),Fetranspor,248,17349310,"-22.949","-43.1809"
121,121-CENTRAL X COPACABANA (CIRCULAR),Fetranspor,249,17349310,"-22.949","-43.1809"
121,121-CENTRAL X COPACABANA (CIRCULAR),Fetranspor,250,17349310,"-22.9494","-43.1806"
121,121-CENTRAL X COPACABANA (CIRCULAR),Fetranspor,251,17349310,"-22.9494","-43.1806"
121,121-CENTRAL X COPACABANA (CIRCULAR),Fetranspor,252,17349310,"-22.9496","-43.1805"
121,121-CENTRAL X COPACABANA (CIRCULAR),Fetranspor,253,17349310,"-22.9498","-43.1804"
121,121-CENTRAL X COPACABANA (CIRCULAR),Fetranspor,254,17349310,"-22.9498","-43.1804"
121,121-CENTRAL X COPACABANA (CIRCULAR),Fetranspor,255,17349310,"-22.95","-43.1803"
121,121-CENTRAL X COPACABANA (CIRCULAR),Fetranspor,256,17349310,"-22.9503","-43.1802"
121,121-CENTRAL X COPACABANA (CIRCULAR),Fetranspor,257,17349310,"-22.9503","-43.1802"
121,121-CENTRAL X COPACABANA (CIRCULAR),Fetranspor,258,17349310,"-22.9508","-43.18"
121,121-CENTRAL X COPACABANA (CIRCULAR),Fetranspor,259,17349310,"-22.9508","-43.1799"
121,121-CENTRAL X COPACABANA (CIRCULAR),Fetranspor,260,17349310,"-22.9508","-43.1799"
121,121-CENTRAL X COPACABANA (CIRCULAR),Fetranspor,261,17349310,"-22.9512","-43.1798"
121,121-CENTRAL X COPACABANA (CIRCULAR),Fetranspor,262,17349310,"-22.9512","-43.1798"
121,121-CENTRAL X COPACABANA (CIRCULAR),Fetranspor,263,17349310,"-22.952","-43.1795"
121,121-CENTRAL X COPACABANA (CIRCULAR),Fetranspor,264,17349310,"-22.9522","-43.1794"
121,121-CENTRAL X COPACABANA (CIRCULAR),Fetranspor,265,17349310,"-22.9523","-43.1793"
121,121-CENTRAL X COPACABANA (CIRCULAR),Fetranspor,266,17349310,"-22.9528","-43.1792"
121,121-CENTRAL X COPACABANA (CIRCULAR),Fetranspor,267,17349310,"-22.9529","-43.1791"
121,121-CENTRAL X COPACABANA (CIRCULAR),Fetranspor,268,17349310,"-22.9529","-43.1791"
121,121-CENTRAL X COPACABANA (CIRCULAR),Fetranspor,269,17349310,"-22.953","-43.1791"
121,121-CENTRAL X COPACABANA (CIRCULAR),Fetranspor,270,17349310,"-22.953","-43.1791"
121,121-CENTRAL X COPACABANA (CIRCULAR),Fetranspor,271,17349310,"-22.9534","-43.1789"
121,121-CENTRAL X COPACABANA (CIRCULAR),Fetranspor,272,17349310,"-22.9534","-43.1789"
121,121-CENTRAL X COPACABANA (CIRCULAR),Fetranspor,273,17349310,"-22.9539","-43.1787"
121,121-CENTRAL X COPACABANA (CIRCULAR),Fetranspor,274,17349310,"-22.9539","-43.1787"
121,121-CENTRAL X COPACABANA (CIRCULAR),Fetranspor,275,17349310,"-22.9542","-43.1786"
121,121-CENTRAL X COPACABANA (CIRCULAR),Fetranspor,276,17349310,"-22.9542","-43.1786"
121,121-CENTRAL X COPACABANA (CIRCULAR),Fetranspor,277,17349310,"-22.9549","-43.1783"
121,121-CENTRAL X COPACABANA (CIRCULAR),Fetranspor,278,17349310,"-22.9551","-43.1782"
121,121-CENTRAL X COPACABANA (CIRCULAR),Fetranspor,279,17349310,"-22.9555","-43.178"
121,121-CENTRAL X COPACABANA (CIRCULAR),Fetranspor,280,17349310,"-22.9559","-43.1778"
121,121-CENTRAL X COPACABANA (CIRCULAR),Fetranspor,281,17349310,"-22.9559","-43.1778"
121,121-CENTRAL X COPACABANA (CIRCULAR),Fetranspor,282,17349310,"-22.9562","-43.1777"
121,121-CENTRAL X COPACABANA (CIRCULAR),Fetranspor,283,17349310,"-22.9564","-43.1777"
121,121-CENTRAL X COPACABANA (CIRCULAR),Fetranspor,284,17349310,"-22.9564","-43.1777"
121,121-CENTRAL X COPACABANA (CIRCULAR),Fetranspor,285,17349310,"-22.957","-43.1776"
121,121-CENTRAL X COPACABANA (CIRCULAR),Fetranspor,286,17349310,"-22.9578","-43.1775"
121,121-CENTRAL X COPACABANA (CIRCULAR),Fetranspor,287,17349310,"-22.9581","-43.1774"
121,121-CENTRAL X COPACABANA (CIRCULAR),Fetranspor,288,17349310,"-22.9584","-43.1773"
121,121-CENTRAL X COPACABANA (CIRCULAR),Fetranspor,289,17349310,"-22.9588","-43.177"
121,121-CENTRAL X COPACABANA (CIRCULAR),Fetranspor,290,17349310,"-22.9588","-43.177"
121,121-CENTRAL X COPACABANA (CIRCULAR),Fetranspor,291,17349310,"-22.9608","-43.1759"
121,121-CENTRAL X COPACABANA (CIRCULAR),Fetranspor,292,17349310,"-22.9608","-43.1759"
121,121-CENTRAL X COPACABANA (CIRCULAR),Fetranspor,293,17349310,"-22.9614","-43.1756"
121,121-CENTRAL X COPACABANA (CIRCULAR),Fetranspor,294,17349310,"-22.9614","-43.1756"
121,121-CENTRAL X COPACABANA (CIRCULAR),Fetranspor,295,17349310,"-22.9614","-43.1756"
121,121-CENTRAL X COPACABANA (CIRCULAR),Fetranspor,296,17349310,"-22.9614","-43.1756"
121,121-CENTRAL X COPACABANA (CIRCULAR),Fetranspor,297,17349310,"-22.9615","-43.1756"
121,121-CENTRAL X COPACABANA (CIRCULAR),Fetranspor,298,17349310,"-22.9616","-43.1757"
121,121-CENTRAL X COPACABANA (CIRCULAR),Fetranspor,299,17349310,"-22.9622","-43.1759"
121,121-CENTRAL X COPACABANA (CIRCULAR),Fetranspor,300,17349310,"-22.9622","-43.1759"
121,121-CENTRAL X COPACABANA (CIRCULAR),Fetranspor,301,17349310,"-22.9628","-43.1768"
121,121-CENTRAL X COPACABANA (CIRCULAR),Fetranspor,302,17349310,"-22.9628","-43.1768"
121,121-CENTRAL X COPACABANA (CIRCULAR),Fetranspor,303,17349310,"-22.9634","-43.1777"
121,121-CENTRAL X COPACABANA (CIRCULAR),Fetranspor,304,17349310,"-22.9634","-43.1777"
121,121-CENTRAL X COPACABANA (CIRCULAR),Fetranspor,305,17349310,"-22.9641","-43.1788"
121,121-CENTRAL X COPACABANA (CIRCULAR),Fetranspor,306,17349310,"-22.9641","-43.1788"
121,121-CENTRAL X COPACABANA (CIRCULAR),Fetranspor,307,17349310,"-22.9647","-43.1798"
121,121-CENTRAL X COPACABANA (CIRCULAR),Fetranspor,308,17349310,"-22.9647","-43.1798"
121,121-CENTRAL X COPACABANA (CIRCULAR),Fetranspor,309,17349310,"-22.9648","-43.1798"
121,121-CENTRAL X COPACABANA (CIRCULAR),Fetranspor,310,17349310,"-22.9648","-43.1798"
121,121-CENTRAL X COPACABANA (CIRCULAR),Fetranspor,311,17349310,"-22.9654","-43.1808"
121,121-CENTRAL X COPACABANA (CIRCULAR),Fetranspor,312,17349310,"-22.9654","-43.1808"
121,121-CENTRAL X COPACABANA (CIRCULAR),Fetranspor,313,17349310,"-22.9657","-43.1812"
121,121-CENTRAL X COPACABANA (CIRCULAR),Fetranspor,314,17349310,"-22.9657","-43.1812"
121,121-CENTRAL X COPACABANA (CIRCULAR),Fetranspor,315,17349310,"-22.966","-43.1817"
121,121-CENTRAL X COPACABANA (CIRCULAR),Fetranspor,316,17349310,"-22.966","-43.1817"
121,121-CENTRAL X COPACABANA (CIRCULAR),Fetranspor,317,17349310,"-22.9665","-43.1824"
121,121-CENTRAL X COPACABANA (CIRCULAR),Fetranspor,318,17349310,"-22.9666","-43.1826"
121,121-CENTRAL X COPACABANA (CIRCULAR),Fetranspor,319,17349310,"-22.9666","-43.1826"
121,121-CENTRAL X COPACABANA (CIRCULAR),Fetranspor,320,17349310,"-22.9669","-43.1831"
121,121-CENTRAL X COPACABANA (CIRCULAR),Fetranspor,321,17349310,"-22.9672","-43.1836"
121,121-CENTRAL X COPACABANA (CIRCULAR),Fetranspor,322,17349310,"-22.9672","-43.1836"
121,121-CENTRAL X COPACABANA (CIRCULAR),Fetranspor,323,17349310,"-22.9673","-43.1837"
121,121-CENTRAL X COPACABANA (CIRCULAR),Fetranspor,324,17349310,"-22.9677","-43.1844"
121,121-CENTRAL X COPACABANA (CIRCULAR),Fetranspor,325,17349310,"-22.9677","-43.1844"
121,121-CENTRAL X COPACABANA (CIRCULAR),Fetranspor,326,17349310,"-22.9683","-43.1852"
121,121-CENTRAL X COPACABANA (CIRCULAR),Fetranspor,327,17349310,"-22.9683","-43.1852"
121,121-CENTRAL X COPACABANA (CIRCULAR),Fetranspor,328,17349310,"-22.9691","-43.1865"
121,121-CENTRAL X COPACABANA (CIRCULAR),Fetranspor,329,17349310,"-22.9693","-43.1868"
121,121-CENTRAL X COPACABANA (CIRCULAR),Fetranspor,330,17349310,"-22.9693","-43.1868"
121,121-CENTRAL X COPACABANA (CIRCULAR),Fetranspor,331,17349310,"-22.9698","-43.1875"
121,121-CENTRAL X COPACABANA (CIRCULAR),Fetranspor,332,17349310,"-22.9698","-43.1875"
121,121-CENTRAL X COPACABANA (CIRCULAR),Fetranspor,333,17349310,"-22.9703","-43.1883"
121,121-CENTRAL X COPACABANA (CIRCULAR),Fetranspor,334,17349310,"-22.9703","-43.1883"
121,121-CENTRAL X COPACABANA (CIRCULAR),Fetranspor,335,17349310,"-22.9706","-43.1886"
121,121-CENTRAL X COPACABANA (CIRCULAR),Fetranspor,336,17349310,"-22.9708","-43.1888"
121,121-CENTRAL X COPACABANA (CIRCULAR),Fetranspor,337,17349310,"-22.9713","-43.1893"
121,121-CENTRAL X COPACABANA (CIRCULAR),Fetranspor,338,17349310,"-22.9713","-43.1893"
121,121-CENTRAL X COPACABANA (CIRCULAR),Fetranspor,339,17349310,"-22.9721","-43.19"
121,121-CENTRAL X COPACABANA (CIRCULAR),Fetranspor,340,17349310,"-22.9721","-43.19"
121,121-CENTRAL X COPACABANA (CIRCULAR),Fetranspor,341,17349310,"-22.9729","-43.1908"
121,121-CENTRAL X COPACABANA (CIRCULAR),Fetranspor,342,17349310,"-22.9729","-43.1908"
121,121-CENTRAL X COPACABANA (CIRCULAR),Fetranspor,343,17349310,"-22.974","-43.1914"
121,121-CENTRAL X COPACABANA (CIRCULAR),Fetranspor,344,17349310,"-22.9743","-43.1916"
121,121-CENTRAL X COPACABANA (CIRCULAR),Fetranspor,345,17349310,"-22.9743","-43.1916"
121,121-CENTRAL X COPACABANA (CIRCULAR),Fetranspor,346,17349310,"-22.9746","-43.1917"
121,121-CENTRAL X COPACABANA (CIRCULAR),Fetranspor,347,17349310,"-22.9756","-43.1923"
121,121-CENTRAL X COPACABANA (CIRCULAR),Fetranspor,348,17349310,"-22.9757","-43.1923"
121,121-CENTRAL X COPACABANA (CIRCULAR),Fetranspor,349,17349310,"-22.9757","-43.1923"
121,121-CENTRAL X COPACABANA (CIRCULAR),Fetranspor,350,17349310,"-22.9763","-43.1925"
121,121-CENTRAL X COPACABANA (CIRCULAR),Fetranspor,351,17349310,"-22.9764","-43.1925"
121,121-CENTRAL X COPACABANA (CIRCULAR),Fetranspor,352,17349310,"-22.9764","-43.1925"
121,121-CENTRAL X COPACABANA (CIRCULAR),Fetranspor,353,17349310,"-22.9764","-43.1925"
121,121-CENTRAL X COPACABANA (CIRCULAR),Fetranspor,354,17349310,"-22.9774","-43.1927"
121,121-CENTRAL X COPACABANA (CIRCULAR),Fetranspor,355,17349310,"-22.9774","-43.1927"
121,121-CENTRAL X COPACABANA (CIRCULAR),Fetranspor,356,17349310,"-22.9779","-43.1929"
121,121-CENTRAL X COPACABANA (CIRCULAR),Fetranspor,357,17349310,"-22.9779","-43.1929"
121,121-CENTRAL X COPACABANA (CIRCULAR),Fetranspor,358,17349310,"-22.978","-43.1929"
121,121-CENTRAL X COPACABANA (CIRCULAR),Fetranspor,359,17349310,"-22.9782","-43.193"
121,121-CENTRAL X COPACABANA (CIRCULAR),Fetranspor,360,17349310,"-22.9786","-43.193"
121,121-CENTRAL X COPACABANA (CIRCULAR),Fetranspor,361,17349310,"-22.9789","-43.193"
121,121-CENTRAL X COPACABANA (CIRCULAR),Fetranspor,362,17349310,"-22.9793","-43.193"
121,121-CENTRAL X COPACABANA (CIRCULAR),Fetranspor,363,17349310,"-22.9795","-43.1929"
121,121-CENTRAL X COPACABANA (CIRCULAR),Fetranspor,364,17349310,"-22.98","-43.1929"
121,121-CENTRAL X COPACABANA (CIRCULAR),Fetranspor,365,17349310,"-22.9802","-43.1928"
121,121-CENTRAL X COPACABANA (CIRCULAR),Fetranspor,366,17349310,"-22.9806","-43.1927"
121,121-CENTRAL X COPACABANA (CIRCULAR),Fetranspor,367,17349310,"-22.9806","-43.1927"
121,121-CENTRAL X COPACABANA (CIRCULAR),Fetranspor,368,17349310,"-22.9812","-43.1926"
121,121-CENTRAL X COPACABANA (CIRCULAR),Fetranspor,369,17349310,"-22.9812","-43.1926"
121,121-CENTRAL X COPACABANA (CIRCULAR),Fetranspor,370,17349310,"-22.982","-43.1923"
121,121-CENTRAL X COPACABANA (CIRCULAR),Fetranspor,371,17349310,"-22.982","-43.1923"
121,121-CENTRAL X COPACABANA (CIRCULAR),Fetranspor,372,17349310,"-22.9828","-43.192"
121,121-CENTRAL X COPACABANA (CIRCULAR),Fetranspor,373,17349310,"-22.9832","-43.1919"
121,121-CENTRAL X COPACABANA (CIRCULAR),Fetranspor,374,17349310,"-22.9832","-43.1919"
121,121-CENTRAL X COPACABANA (CIRCULAR),Fetranspor,375,17349310,"-22.9841","-43.1917"
121,121-CENTRAL X COPACABANA (CIRCULAR),Fetranspor,376,17349310,"-22.9842","-43.1917"
121,121-CENTRAL X COPACABANA (CIRCULAR),Fetranspor,377,17349310,"-22.9842","-43.1917"
121,121-CENTRAL X COPACABANA (CIRCULAR),Fetranspor,378,17349310,"-22.985","-43.1914"
121,121-CENTRAL X COPACABANA (CIRCULAR),Fetranspor,379,17349310,"-22.985","-43.1914"
121,121-CENTRAL X COPACABANA (CIRCULAR),Fetranspor,380,17349310,"-22.9856","-43.1912"
121,121-CENTRAL X COPACABANA (CIRCULAR),Fetranspor,381,17349310,"-22.9859","-43.1911"
121,121-CENTRAL X COPACABANA (CIRCULAR),Fetranspor,382,17349310,"-22.9859","-43.1911"
121,121-CENTRAL X COPACABANA (CIRCULAR),Fetranspor,383,17349310,"-22.9869","-43.1908"
121,121-CENTRAL X COPACABANA (CIRCULAR),Fetranspor,384,17349310,"-22.9869","-43.1908"
121,121-CENTRAL X COPACABANA (CIRCULAR),Fetranspor,385,17349310,"-22.9866","-43.1898"
121,121-CENTRAL X COPACABANA (CIRCULAR),Fetranspor,386,17349310,"-22.9866","-43.1898"
121,121-CENTRAL X COPACABANA (CIRCULAR),Fetranspor,387,17349310,"-22.9861","-43.19"
121,121-CENTRAL X COPACABANA (CIRCULAR),Fetranspor,388,17349310,"-22.9856","-43.1901"
121,121-CENTRAL X COPACABANA (CIRCULAR),Fetranspor,0,17407342,"-22.9866","-43.1898"
121,121-CENTRAL X COPACABANA (CIRCULAR),Fetranspor,1,17407342,"-22.9861","-43.19"
121,121-CENTRAL X COPACABANA (CIRCULAR),Fetranspor,2,17407342,"-22.9856","-43.1901"
121,121-CENTRAL X COPACABANA (CIRCULAR),Fetranspor,3,17407342,"-22.9856","-43.1901"
121,121-CENTRAL X COPACABANA (CIRCULAR),Fetranspor,4,17407342,"-22.9848","-43.1904"
121,121-CENTRAL X COPACABANA (CIRCULAR),Fetranspor,5,17407342,"-22.9848","-43.1904"
121,121-CENTRAL X COPACABANA (CIRCULAR),Fetranspor,6,17407342,"-22.9839","-43.1906"
121,121-CENTRAL X COPACABANA (CIRCULAR),Fetranspor,7,17407342,"-22.9839","-43.1906"
121,121-CENTRAL X COPACABANA (CIRCULAR),Fetranspor,8,17407342,"-22.9835","-43.1907"
121,121-CENTRAL X COPACABANA (CIRCULAR),Fetranspor,9,17407342,"-22.9829","-43.1909"
121,121-CENTRAL X COPACABANA (CIRCULAR),Fetranspor,10,17407342,"-22.9829","-43.1909"
121,121-CENTRAL X COPACABANA (CIRCULAR),Fetranspor,11,17407342,"-22.9828","-43.1909"
121,121-CENTRAL X COPACABANA (CIRCULAR),Fetranspor,12,17407342,"-22.9817","-43.1911"
121,121-CENTRAL X COPACABANA (CIRCULAR),Fetranspor,13,17407342,"-22.9817","-43.1911"
121,121-CENTRAL X COPACABANA (CIRCULAR),Fetranspor,14,17407342,"-22.9816","-43.1911"
121,121-CENTRAL X COPACABANA (CIRCULAR),Fetranspor,15,17407342,"-22.9813","-43.1911"
121,121-CENTRAL X COPACABANA (CIRCULAR),Fetranspor,16,17407342,"-22.9809","-43.1911"
121,121-CENTRAL X COPACABANA (CIRCULAR),Fetranspor,17,17407342,"-22.9808","-43.1911"
121,121-CENTRAL X COPACABANA (CIRCULAR),Fetranspor,18,17407342,"-22.9808","-43.1911"
121,121-CENTRAL X COPACABANA (CIRCULAR),Fetranspor,19,17407342,"-22.9796","-43.1911"
121,121-CENTRAL X COPACABANA (CIRCULAR),Fetranspor,20,17407342,"-22.9789","-43.1909"
121,121-CENTRAL X COPACABANA (CIRCULAR),Fetranspor,21,17407342,"-22.9788","-43.1909"
121,121-CENTRAL X COPACABANA (CIRCULAR),Fetranspor,22,17407342,"-22.9788","-43.1909"
121,121-CENTRAL X COPACABANA (CIRCULAR),Fetranspor,23,17407342,"-22.9783","-43.1907"
121,121-CENTRAL X COPACABANA (CIRCULAR),Fetranspor,24,17407342,"-22.9779","-43.1906"
121,121-CENTRAL X COPACABANA (CIRCULAR),Fetranspor,25,17407342,"-22.9779","-43.1906"
121,121-CENTRAL X COPACABANA (CIRCULAR),Fetranspor,26,17407342,"-22.9776","-43.1905"
121,121-CENTRAL X COPACABANA (CIRCULAR),Fetranspor,27,17407342,"-22.9769","-43.1903"
121,121-CENTRAL X COPACABANA (CIRCULAR),Fetranspor,28,17407342,"-22.9769","-43.1903"
121,121-CENTRAL X COPACABANA (CIRCULAR),Fetranspor,29,17407342,"-22.976","-43.1901"
121,121-CENTRAL X COPACABANA (CIRCULAR),Fetranspor,30,17407342,"-22.9759","-43.19"
121,121-CENTRAL X COPACABANA (CIRCULAR),Fetranspor,31,17407342,"-22.9758","-43.19"
121,121-CENTRAL X COPACABANA (CIRCULAR),Fetranspor,32,17407342,"-22.9758","-43.19"
121,121-CENTRAL X COPACABANA (CIRCULAR),Fetranspor,33,17407342,"-22.9749","-43.1895"
121,121-CENTRAL X COPACABANA (CIRCULAR),Fetranspor,34,17407342,"-22.9749","-43.1895"
121,121-CENTRAL X COPACABANA (CIRCULAR),Fetranspor,35,17407342,"-22.974","-43.1889"
121,121-CENTRAL X COPACABANA (CIRCULAR),Fetranspor,36,17407342,"-22.974","-43.1889"
121,121-CENTRAL X COPACABANA (CIRCULAR),Fetranspor,37,17407342,"-22.9733","-43.1885"
121,121-CENTRAL X COPACABANA (CIRCULAR),Fetranspor,38,17407342,"-22.9733","-43.1885"
121,121-CENTRAL X COPACABANA (CIRCULAR),Fetranspor,39,17407342,"-22.9725","-43.188"
121,121-CENTRAL X COPACABANA (CIRCULAR),Fetranspor,40,17407342,"-22.9725","-43.188"
121,121-CENTRAL X COPACABANA (CIRCULAR),Fetranspor,41,17407342,"-22.9719","-43.1876"
121,121-CENTRAL X COPACABANA (CIRCULAR),Fetranspor,42,17407342,"-22.9719","-43.1876"
121,121-CENTRAL X COPACABANA (CIRCULAR),Fetranspor,43,17407342,"-22.9715","-43.1872"
121,121-CENTRAL X COPACABANA (CIRCULAR),Fetranspor,44,17407342,"-22.9715","-43.1872"
121,121-CENTRAL X COPACABANA (CIRCULAR),Fetranspor,45,17407342,"-22.9703","-43.186"
121,121-CENTRAL X COPACABANA (CIRCULAR),Fetranspor,46,17407342,"-22.9703","-43.186"
121,121-CENTRAL X COPACABANA (CIRCULAR),Fetranspor,47,17407342,"-22.9703","-43.186"
121,121-CENTRAL X COPACABANA (CIRCULAR),Fetranspor,48,17407342,"-22.9702","-43.1859"
121,121-CENTRAL X COPACABANA (CIRCULAR),Fetranspor,49,17407342,"-22.9691","-43.1846"
121,121-CENTRAL X COPACABANA (CIRCULAR),Fetranspor,50,17407342,"-22.9691","-43.1846"
121,121-CENTRAL X COPACABANA (CIRCULAR),Fetranspor,51,17407342,"-22.9686","-43.1837"
121,121-CENTRAL X COPACABANA (CIRCULAR),Fetranspor,52,17407342,"-22.9686","-43.1837"
121,121-CENTRAL X COPACABANA (CIRCULAR),Fetranspor,53,17407342,"-22.968","-43.1829"
121,121-CENTRAL X COPACABANA (CIRCULAR),Fetranspor,54,17407342,"-22.968","-43.1829"
121,121-CENTRAL X COPACABANA (CIRCULAR),Fetranspor,55,17407342,"-22.9674","-43.182"
121,121-CENTRAL X COPACABANA (CIRCULAR),Fetranspor,56,17407342,"-22.9674","-43.182"
121,121-CENTRAL X COPACABANA (CIRCULAR),Fetranspor,57,17407342,"-22.9672","-43.1817"
121,121-CENTRAL X COPACABANA (CIRCULAR),Fetranspor,58,17407342,"-22.9672","-43.1815"
121,121-CENTRAL X COPACABANA (CIRCULAR),Fetranspor,59,17407342,"-22.9672","-43.1815"
121,121-CENTRAL X COPACABANA (CIRCULAR),Fetranspor,60,17407342,"-22.9672","-43.1815"
121,121-CENTRAL X COPACABANA (CIRCULAR),Fetranspor,61,17407342,"-22.9671","-43.1806"
121,121-CENTRAL X COPACABANA (CIRCULAR),Fetranspor,62,17407342,"-22.9671","-43.1805"
121,121-CENTRAL X COPACABANA (CIRCULAR),Fetranspor,63,17407342,"-22.9671","-43.1805"
121,121-CENTRAL X COPACABANA (CIRCULAR),Fetranspor,64,17407342,"-22.9671","-43.1804"
121,121-CENTRAL X COPACABANA (CIRCULAR),Fetranspor,65,17407342,"-22.967","-43.1803"
121,121-CENTRAL X COPACABANA (CIRCULAR),Fetranspor,66,17407342,"-22.967","-43.1802"
121,121-CENTRAL X COPACABANA (CIRCULAR),Fetranspor,67,17407342,"-22.9667","-43.1797"
121,121-CENTRAL X COPACABANA (CIRCULAR),Fetranspor,68,17407342,"-22.9662","-43.1788"
121,121-CENTRAL X COPACABANA (CIRCULAR),Fetranspor,69,17407342,"-22.9662","-43.1788"
121,121-CENTRAL X COPACABANA (CIRCULAR),Fetranspor,70,17407342,"-22.9657","-43.1778"
121,121-CENTRAL X COPACABANA (CIRCULAR),Fetranspor,71,17407342,"-22.9657","-43.1778"
121,121-CENTRAL X COPACABANA (CIRCULAR),Fetranspor,72,17407342,"-22.9652","-43.1769"
121,121-CENTRAL X COPACABANA (CIRCULAR),Fetranspor,73,17407342,"-22.9651","-43.1768"
121,121-CENTRAL X COPACABANA (CIRCULAR),Fetranspor,74,17407342,"-22.9651","-43.1768"
121,121-CENTRAL X COPACABANA (CIRCULAR),Fetranspor,75,17407342,"-22.9647","-43.1758"
121,121-CENTRAL X COPACABANA (CIRCULAR),Fetranspor,76,17407342,"-22.9647","-43.1758"
121,121-CENTRAL X COPACABANA (CIRCULAR),Fetranspor,77,17407342,"-22.9642","-43.1748"
121,121-CENTRAL X COPACABANA (CIRCULAR),Fetranspor,78,17407342,"-22.9642","-43.1748"
121,121-CENTRAL X COPACABANA (CIRCULAR),Fetranspor,79,17407342,"-22.964","-43.1742"
121,121-CENTRAL X COPACABANA (CIRCULAR),Fetranspor,80,17407342,"-22.964","-43.1742"
121,121-CENTRAL X COPACABANA (CIRCULAR),Fetranspor,81,17407342,"-22.9638","-43.1739"
121,121-CENTRAL X COPACABANA (CIRCULAR),Fetranspor,82,17407342,"-22.9638","-43.1739"
121,121-CENTRAL X COPACABANA (CIRCULAR),Fetranspor,83,17407342,"-22.9635","-43.1741"
121,121-CENTRAL X COPACABANA (CIRCULAR),Fetranspor,84,17407342,"-22.9631","-43.1743"
121,121-CENTRAL X COPACABANA (CIRCULAR),Fetranspor,85,17407342,"-22.963","-43.1744"
121,121-CENTRAL X COPACABANA (CIRCULAR),Fetranspor,86,17407342,"-22.963","-43.1744"
121,121-CENTRAL X COPACABANA (CIRCULAR),Fetranspor,87,17407342,"-22.9624","-43.1747"
121,121-CENTRAL X COPACABANA (CIRCULAR),Fetranspor,88,17407342,"-22.9617","-43.1751"
121,121-CENTRAL X COPACABANA (CIRCULAR),Fetranspor,89,17407342,"-22.9617","-43.1751"
121,121-CENTRAL X COPACABANA (CIRCULAR),Fetranspor,90,17407342,"-22.9616","-43.1752"
121,121-CENTRAL X COPACABANA (CIRCULAR),Fetranspor,91,17407342,"-22.9607","-43.1756"
121,121-CENTRAL X COPACABANA (CIRCULAR),Fetranspor,92,17407342,"-22.9607","-43.1756"
121,121-CENTRAL X COPACABANA (CIRCULAR),Fetranspor,93,17407342,"-22.9581","-43.1771"
121,121-CENTRAL X COPACABANA (CIRCULAR),Fetranspor,94,17407342,"-22.9581","-43.1771"
121,121-CENTRAL X COPACABANA (CIRCULAR),Fetranspor,95,17407342,"-22.9579","-43.1772"
121,121-CENTRAL X COPACABANA (CIRCULAR),Fetranspor,96,17407342,"-22.9577","-43.1772"
121,121-CENTRAL X COPACABANA (CIRCULAR),Fetranspor,97,17407342,"-22.9574","-43.1773"
121,121-CENTRAL X COPACABANA (CIRCULAR),Fetranspor,98,17407342,"-22.9562","-43.1775"
121,121-CENTRAL X COPACABANA (CIRCULAR),Fetranspor,99,17407342,"-22.9557","-43.1776"
121,121-CENTRAL X COPACABANA (CIRCULAR),Fetranspor,100,17407342,"-22.9553","-43.1776"
121,121-CENTRAL X COPACABANA (CIRCULAR),Fetranspor,101,17407342,"-22.9553","-43.1776"
121,121-CENTRAL X COPACABANA (CIRCULAR),Fetranspor,102,17407342,"-22.9551","-43.1776"
121,121-CENTRAL X COPACABANA (CIRCULAR),Fetranspor,103,17407342,"-22.955","-43.1776"
121,121-CENTRAL X COPACABANA (CIRCULAR),Fetranspor,104,17407342,"-22.9548","-43.1775"
121,121-CENTRAL X COPACABANA (CIRCULAR),Fetranspor,105,17407342,"-22.9547","-43.1775"
121,121-CENTRAL X COPACABANA (CIRCULAR),Fetranspor,106,17407342,"-22.9546","-43.1774"
121,121-CENTRAL X COPACABANA (CIRCULAR),Fetranspor,107,17407342,"-22.9544","-43.1773"
121,121-CENTRAL X COPACABANA (CIRCULAR),Fetranspor,108,17407342,"-22.9544","-43.1773"
121,121-CENTRAL X COPACABANA (CIRCULAR),Fetranspor,109,17407342,"-22.953","-43.1763"
121,121-CENTRAL X COPACABANA (CIRCULAR),Fetranspor,110,17407342,"-22.953","-43.1763"
121,121-CENTRAL X COPACABANA (CIRCULAR),Fetranspor,111,17407342,"-22.9522","-43.1757"
121,121-CENTRAL X COPACABANA (CIRCULAR),Fetranspor,112,17407342,"-22.9522","-43.1757"
121,121-CENTRAL X COPACABANA (CIRCULAR),Fetranspor,113,17407342,"-22.9518","-43.1754"
121,121-CENTRAL X COPACABANA (CIRCULAR),Fetranspor,114,17407342,"-22.9518","-43.1754"
121,121-CENTRAL X COPACABANA (CIRCULAR),Fetranspor,115,17407342,"-22.9516","-43.1753"
121,121-CENTRAL X COPACABANA (CIRCULAR),Fetranspor,116,17407342,"-22.9516","-43.1753"
121,121-CENTRAL X COPACABANA (CIRCULAR),Fetranspor,117,17407342,"-22.9515","-43.1753"
121,121-CENTRAL X COPACABANA (CIRCULAR),Fetranspor,118,17407342,"-22.9515","-43.1752"
121,121-CENTRAL X COPACABANA (CIRCULAR),Fetranspor,119,17407342,"-22.9513","-43.1753"
121,121-CENTRAL X COPACABANA (CIRCULAR),Fetranspor,120,17407342,"-22.9513","-43.1753"
121,121-CENTRAL X COPACABANA (CIRCULAR),Fetranspor,121,17407342,"-22.9512","-43.1753"
121,121-CENTRAL X COPACABANA (CIRCULAR),Fetranspor,122,17407342,"-22.9511","-43.1754"
121,121-CENTRAL X COPACABANA (CIRCULAR),Fetranspor,123,17407342,"-22.9511","-43.1754"
121,121-CENTRAL X COPACABANA (CIRCULAR),Fetranspor,124,17407342,"-22.951","-43.1755"
121,121-CENTRAL X COPACABANA (CIRCULAR),Fetranspor,125,17407342,"-22.9509","-43.1757"
121,121-CENTRAL X COPACABANA (CIRCULAR),Fetranspor,126,17407342,"-22.9506","-43.1761"
121,121-CENTRAL X COPACABANA (CIRCULAR),Fetranspor,127,17407342,"-22.9506","-43.1761"
121,121-CENTRAL X COPACABANA (CIRCULAR),Fetranspor,128,17407342,"-22.9505","-43.1764"
121,121-CENTRAL X COPACABANA (CIRCULAR),Fetranspor,129,17407342,"-22.9504","-43.1766"
121,121-CENTRAL X COPACABANA (CIRCULAR),Fetranspor,130,17407342,"-22.9502","-43.1769"
121,121-CENTRAL X COPACABANA (CIRCULAR),Fetranspor,131,17407342,"-22.9502","-43.1769"
121,121-CENTRAL X COPACABANA (CIRCULAR),Fetranspor,132,17407342,"-22.9497","-43.1778"
121,121-CENTRAL X COPACABANA (CIRCULAR),Fetranspor,133,17407342,"-22.9495","-43.1783"
121,121-CENTRAL X COPACABANA (CIRCULAR),Fetranspor,134,17407342,"-22.9495","-43.1784"
121,121-CENTRAL X COPACABANA (CIRCULAR),Fetranspor,135,17407342,"-22.9495","-43.1784"
121,121-CENTRAL X COPACABANA (CIRCULAR),Fetranspor,136,17407342,"-22.9494","-43.1786"
121,121-CENTRAL X COPACABANA (CIRCULAR),Fetranspor,137,17407342,"-22.9494","-43.1788"
121,121-CENTRAL X COPACABANA (CIRCULAR),Fetranspor,138,17407342,"-22.9494","-43.1793"
121,121-CENTRAL X COPACABANA (CIRCULAR),Fetranspor,139,17407342,"-22.9494","-43.1795"
121,121-CENTRAL X COPACABANA (CIRCULAR),Fetranspor,140,17407342,"-22.9494","-43.1795"
121,121-CENTRAL X COPACABANA (CIRCULAR),Fetranspor,141,17407342,"-22.9494","-43.1797"
121,121-CENTRAL X COPACABANA (CIRCULAR),Fetranspor,142,17407342,"-22.9494","-43.1799"
121,121-CENTRAL X COPACABANA (CIRCULAR),Fetranspor,143,17407342,"-22.9493","-43.1801"
121,121-CENTRAL X COPACABANA (CIRCULAR),Fetranspor,144,17407342,"-22.9493","-43.1802"
121,121-CENTRAL X COPACABANA (CIRCULAR),Fetranspor,145,17407342,"-22.9492","-43.1804"
121,121-CENTRAL X COPACABANA (CIRCULAR),Fetranspor,146,17407342,"-22.9491","-43.1805"
121,121-CENTRAL X COPACABANA (CIRCULAR),Fetranspor,147,17407342,"-22.949","-43.1806"
121,121-CENTRAL X COPACABANA (CIRCULAR),Fetranspor,148,17407342,"-22.9489","-43.1807"
121,121-CENTRAL X COPACABANA (CIRCULAR),Fetranspor,149,17407342,"-22.9488","-43.1807"
121,121-CENTRAL X COPACABANA (CIRCULAR),Fetranspor,150,17407342,"-22.9488","-43.1807"
121,121-CENTRAL X COPACABANA (CIRCULAR),Fetranspor,151,17407342,"-22.9483","-43.1811"
121,121-CENTRAL X COPACABANA (CIRCULAR),Fetranspor,152,17407342,"-22.9481","-43.1813"
121,121-CENTRAL X COPACABANA (CIRCULAR),Fetranspor,153,17407342,"-22.9478","-43.1815"
121,121-CENTRAL X COPACABANA (CIRCULAR),Fetranspor,154,17407342,"-22.9475","-43.1816"
121,121-CENTRAL X COPACABANA (CIRCULAR),Fetranspor,155,17407342,"-22.9472","-43.1816"
121,121-CENTRAL X COPACABANA (CIRCULAR),Fetranspor,156,17407342,"-22.9464","-43.1817"
121,121-CENTRAL X COPACABANA (CIRCULAR),Fetranspor,157,17407342,"-22.9459","-43.1817"
121,121-CENTRAL X COPACABANA (CIRCULAR),Fetranspor,158,17407342,"-22.9455","-43.1816"
121,121-CENTRAL X COPACABANA (CIRCULAR),Fetranspor,159,17407342,"-22.9454","-43.1816"
121,121-CENTRAL X COPACABANA (CIRCULAR),Fetranspor,160,17407342,"-22.9449","-43.1814"
121,121-CENTRAL X COPACABANA (CIRCULAR),Fetranspor,161,17407342,"-22.9445","-43.1812"
121,121-CENTRAL X COPACABANA (CIRCULAR),Fetranspor,162,17407342,"-22.944","-43.1809"
121,121-CENTRAL X COPACABANA (CIRCULAR),Fetranspor,163,17407342,"-22.9436","-43.1806"
121,121-CENTRAL X COPACABANA (CIRCULAR),Fetranspor,164,17407342,"-22.9435","-43.1805"
121,121-CENTRAL X COPACABANA (CIRCULAR),Fetranspor,165,17407342,"-22.9435","-43.1805"
121,121-CENTRAL X COPACABANA (CIRCULAR),Fetranspor,166,17407342,"-22.9432","-43.1802"
121,121-CENTRAL X COPACABANA (CIRCULAR),Fetranspor,167,17407342,"-22.9429","-43.1798"
121,121-CENTRAL X COPACABANA (CIRCULAR),Fetranspor,168,17407342,"-22.9428","-43.1796"
121,121-CENTRAL X COPACABANA (CIRCULAR),Fetranspor,169,17407342,"-22.9427","-43.1795"
121,121-CENTRAL X COPACABANA (CIRCULAR),Fetranspor,170,17407342,"-22.9426","-43.1793"
121,121-CENTRAL X COPACABANA (CIRCULAR),Fetranspor,171,17407342,"-22.9425","-43.1792"
121,121-CENTRAL X COPACABANA (CIRCULAR),Fetranspor,172,17407342,"-22.9425","-43.179"
121,121-CENTRAL X COPACABANA (CIRCULAR),Fetranspor,173,17407342,"-22.9425","-43.1789"
121,121-CENTRAL X COPACABANA (CIRCULAR),Fetranspor,174,17407342,"-22.9425","-43.1787"
121,121-CENTRAL X COPACABANA (CIRCULAR),Fetranspor,175,17407342,"-22.9425","-43.1786"
121,121-CENTRAL X COPACABANA (CIRCULAR),Fetranspor,176,17407342,"-22.9425","-43.1784"
121,121-CENTRAL X COPACABANA (CIRCULAR),Fetranspor,177,17407342,"-22.9425","-43.1783"
121,121-CENTRAL X COPACABANA (CIRCULAR),Fetranspor,178,17407342,"-22.9426","-43.1782"
121,121-CENTRAL X COPACABANA (CIRCULAR),Fetranspor,179,17407342,"-22.9427","-43.1779"
121,121-CENTRAL X COPACABANA (CIRCULAR),Fetranspor,180,17407342,"-22.9429","-43.1776"
121,121-CENTRAL X COPACABANA (CIRCULAR),Fetranspor,181,17407342,"-22.9429","-43.1776"
121,121-CENTRAL X COPACABANA (CIRCULAR),Fetranspor,182,17407342,"-22.9431","-43.1773"
121,121-CENTRAL X COPACABANA (CIRCULAR),Fetranspor,183,17407342,"-22.9437","-43.1763"
121,121-CENTRAL X COPACABANA (CIRCULAR),Fetranspor,184,17407342,"-22.9438","-43.176"
121,121-CENTRAL X COPACABANA (CIRCULAR),Fetranspor,185,17407342,"-22.944","-43.1757"
121,121-CENTRAL X COPACABANA (CIRCULAR),Fetranspor,186,17407342,"-22.944","-43.1754"
121,121-CENTRAL X COPACABANA (CIRCULAR),Fetranspor,187,17407342,"-22.944","-43.1749"
121,121-CENTRAL X COPACABANA (CIRCULAR),Fetranspor,188,17407342,"-22.9439","-43.1744"
121,121-CENTRAL X COPACABANA (CIRCULAR),Fetranspor,189,17407342,"-22.9438","-43.174"
121,121-CENTRAL X COPACABANA (CIRCULAR),Fetranspor,190,17407342,"-22.9436","-43.1738"
121,121-CENTRAL X COPACABANA (CIRCULAR),Fetranspor,191,17407342,"-22.9434","-43.1734"
121,121-CENTRAL X COPACABANA (CIRCULAR),Fetranspor,192,17407342,"-22.9431","-43.173"
121,121-CENTRAL X COPACABANA (CIRCULAR),Fetranspor,193,17407342,"-22.9427","-43.1726"
121,121-CENTRAL X COPACABANA (CIRCULAR),Fetranspor,194,17407342,"-22.9421","-43.1718"
121,121-CENTRAL X COPACABANA (CIRCULAR),Fetranspor,195,17407342,"-22.9418","-43.1714"
121,121-CENTRAL X COPACABANA (CIRCULAR),Fetranspor,196,17407342,"-22.9414","-43.171"
121,121-CENTRAL X COPACABANA (CIRCULAR),Fetranspor,197,17407342,"-22.9411","-43.1708"
121,121-CENTRAL X COPACABANA (CIRCULAR),Fetranspor,198,17407342,"-22.9409","-43.1706"
121,121-CENTRAL X COPACABANA (CIRCULAR),Fetranspor,199,17407342,"-22.9406","-43.1704"
121,121-CENTRAL X COPACABANA (CIRCULAR),Fetranspor,200,17407342,"-22.9404","-43.1703"
121,121-CENTRAL X COPACABANA (CIRCULAR),Fetranspor,201,17407342,"-22.9402","-43.1702"
121,121-CENTRAL X COPACABANA (CIRCULAR),Fetranspor,202,17407342,"-22.9399","-43.1702"
121,121-CENTRAL X COPACABANA (CIRCULAR),Fetranspor,203,17407342,"-22.9398","-43.1701"
121,121-CENTRAL X COPACABANA (CIRCULAR),Fetranspor,204,17407342,"-22.9394","-43.1701"
121,121-CENTRAL X COPACABANA (CIRCULAR),Fetranspor,205,17407342,"-22.9394","-43.1701"
121,121-CENTRAL X COPACABANA (CIRCULAR),Fetranspor,206,17407342,"-22.9392","-43.1701"
121,121-CENTRAL X COPACABANA (CIRCULAR),Fetranspor,207,17407342,"-22.939","-43.1701"
121,121-CENTRAL X COPACABANA (CIRCULAR),Fetranspor,208,17407342,"-22.9388","-43.1702"
121,121-CENTRAL X COPACABANA (CIRCULAR),Fetranspor,209,17407342,"-22.9386","-43.1702"
121,121-CENTRAL X COPACABANA (CIRCULAR),Fetranspor,210,17407342,"-22.9383","-43.1703"
121,121-CENTRAL X COPACABANA (CIRCULAR),Fetranspor,211,17407342,"-22.9383","-43.1703"
121,121-CENTRAL X COPACABANA (CIRCULAR),Fetranspor,212,17407342,"-22.9383","-43.1703"
121,121-CENTRAL X COPACABANA (CIRCULAR),Fetranspor,213,17407342,"-22.938","-43.1705"
121,121-CENTRAL X COPACABANA (CIRCULAR),Fetranspor,214,17407342,"-22.9379","-43.1706"
121,121-CENTRAL X COPACABANA (CIRCULAR),Fetranspor,215,17407342,"-22.9377","-43.1707"
121,121-CENTRAL X COPACABANA (CIRCULAR),Fetranspor,216,17407342,"-22.9375","-43.1709"
121,121-CENTRAL X COPACABANA (CIRCULAR),Fetranspor,217,17407342,"-22.9374","-43.1709"
121,121-CENTRAL X COPACABANA (CIRCULAR),Fetranspor,218,17407342,"-22.9371","-43.1713"
121,121-CENTRAL X COPACABANA (CIRCULAR),Fetranspor,219,17407342,"-22.9366","-43.1721"
121,121-CENTRAL X COPACABANA (CIRCULAR),Fetranspor,220,17407342,"-22.9364","-43.1724"
121,121-CENTRAL X COPACABANA (CIRCULAR),Fetranspor,221,17407342,"-22.9363","-43.1726"
121,121-CENTRAL X COPACABANA (CIRCULAR),Fetranspor,222,17407342,"-22.9363","-43.1726"
121,121-CENTRAL X COPACABANA (CIRCULAR),Fetranspor,223,17407342,"-22.9361","-43.1728"
121,121-CENTRAL X COPACABANA (CIRCULAR),Fetranspor,224,17407342,"-22.9359","-43.1729"
121,121-CENTRAL X COPACABANA (CIRCULAR),Fetranspor,225,17407342,"-22.9357","-43.173"
121,121-CENTRAL X COPACABANA (CIRCULAR),Fetranspor,226,17407342,"-22.9356","-43.1731"
121,121-CENTRAL X COPACABANA (CIRCULAR),Fetranspor,227,17407342,"-22.9354","-43.1732"
121,121-CENTRAL X COPACABANA (CIRCULAR),Fetranspor,228,17407342,"-22.935","-43.1733"
121,121-CENTRAL X COPACABANA (CIRCULAR),Fetranspor,229,17407342,"-22.935","-43.1733"
121,121-CENTRAL X COPACABANA (CIRCULAR),Fetranspor,230,17407342,"-22.9347","-43.1734"
121,121-CENTRAL X COPACABANA (CIRCULAR),Fetranspor,231,17407342,"-22.9345","-43.1735"
121,121-CENTRAL X COPACABANA (CIRCULAR),Fetranspor,232,17407342,"-22.9342","-43.1735"
121,121-CENTRAL X COPACABANA (CIRCULAR),Fetranspor,233,17407342,"-22.9338","-43.1736"
121,121-CENTRAL X COPACABANA (CIRCULAR),Fetranspor,234,17407342,"-22.9336","-43.1736"
121,121-CENTRAL X COPACABANA (CIRCULAR),Fetranspor,235,17407342,"-22.9332","-43.1736"
121,121-CENTRAL X COPACABANA (CIRCULAR),Fetranspor,236,17407342,"-22.9327","-43.1735"
121,121-CENTRAL X COPACABANA (CIRCULAR),Fetranspor,237,17407342,"-22.9326","-43.1735"
121,121-CENTRAL X COPACABANA (CIRCULAR),Fetranspor,238,17407342,"-22.9322","-43.1734"
121,121-CENTRAL X COPACABANA (CIRCULAR),Fetranspor,239,17407342,"-22.93","-43.1727"
121,121-CENTRAL X COPACABANA (CIRCULAR),Fetranspor,240,17407342,"-22.9269","-43.1718"
121,121-CENTRAL X COPACABANA (CIRCULAR),Fetranspor,241,17407342,"-22.924","-43.1709"
121,121-CENTRAL X COPACABANA (CIRCULAR),Fetranspor,242,17407342,"-22.9237","-43.1708"
121,121-CENTRAL X COPACABANA (CIRCULAR),Fetranspor,243,17407342,"-22.9234","-43.1708"
121,121-CENTRAL X COPACABANA (CIRCULAR),Fetranspor,244,17407342,"-22.9233","-43.1708"
121,121-CENTRAL X COPACABANA (CIRCULAR),Fetranspor,245,17407342,"-22.9233","-43.1708"
121,121-CENTRAL X COPACABANA (CIRCULAR),Fetranspor,246,17407342,"-22.9233","-43.1708"
121,121-CENTRAL X COPACABANA (CIRCULAR),Fetranspor,247,17407342,"-22.9233","-43.1708"
121,121-CENTRAL X COPACABANA (CIRCULAR),Fetranspor,248,17407342,"-22.923","-43.1707"
121,121-CENTRAL X COPACABANA (CIRCULAR),Fetranspor,249,17407342,"-22.9228","-43.1708"
121,121-CENTRAL X COPACABANA (CIRCULAR),Fetranspor,250,17407342,"-22.9226","-43.1708"
121,121-CENTRAL X COPACABANA (CIRCULAR),Fetranspor,251,17407342,"-22.9221","-43.1709"
121,121-CENTRAL X COPACABANA (CIRCULAR),Fetranspor,252,17407342,"-22.922","-43.1709"
121,121-CENTRAL X COPACABANA (CIRCULAR),Fetranspor,253,17407342,"-22.9218","-43.171"
121,121-CENTRAL X COPACABANA (CIRCULAR),Fetranspor,254,17407342,"-22.9216","-43.1711"
121,121-CENTRAL X COPACABANA (CIRCULAR),Fetranspor,255,17407342,"-22.9213","-43.1712"
121,121-CENTRAL X COPACABANA (CIRCULAR),Fetranspor,256,17407342,"-22.9212","-43.1714"
121,121-CENTRAL X COPACABANA (CIRCULAR),Fetranspor,257,17407342,"-22.921","-43.1715"
121,121-CENTRAL X COPACABANA (CIRCULAR),Fetranspor,258,17407342,"-22.921","-43.1715"
121,121-CENTRAL X COPACABANA (CIRCULAR),Fetranspor,259,17407342,"-22.9206","-43.1718"
121,121-CENTRAL X COPACABANA (CIRCULAR),Fetranspor,260,17407342,"-22.9206","-43.1718"
121,121-CENTRAL X COPACABANA (CIRCULAR),Fetranspor,261,17407342,"-22.9197","-43.173"
121,121-CENTRAL X COPACABANA (CIRCULAR),Fetranspor,262,17407342,"-22.9193","-43.1736"
121,121-CENTRAL X COPACABANA (CIRCULAR),Fetranspor,263,17407342,"-22.9189","-43.174"
121,121-CENTRAL X COPACABANA (CIRCULAR),Fetranspor,264,17407342,"-22.9189","-43.174"
121,121-CENTRAL X COPACABANA (CIRCULAR),Fetranspor,265,17407342,"-22.9188","-43.1742"
121,121-CENTRAL X COPACABANA (CIRCULAR),Fetranspor,266,17407342,"-22.9186","-43.1743"
121,121-CENTRAL X COPACABANA (CIRCULAR),Fetranspor,267,17407342,"-22.9183","-43.1745"
121,121-CENTRAL X COPACABANA (CIRCULAR),Fetranspor,268,17407342,"-22.9182","-43.1745"
121,121-CENTRAL X COPACABANA (CIRCULAR),Fetranspor,269,17407342,"-22.918","-43.1746"
121,121-CENTRAL X COPACABANA (CIRCULAR),Fetranspor,270,17407342,"-22.918","-43.1746"
121,121-CENTRAL X COPACABANA (CIRCULAR),Fetranspor,271,17407342,"-22.9179","-43.1747"
121,121-CENTRAL X COPACABANA (CIRCULAR),Fetranspor,272,17407342,"-22.9175","-43.1748"
121,121-CENTRAL X COPACABANA (CIRCULAR),Fetranspor,273,17407342,"-22.9175","-43.1748"
121,121-CENTRAL X COPACABANA (CIRCULAR),Fetranspor,274,17407342,"-22.9173","-43.1748"
121,121-CENTRAL X COPACABANA (CIRCULAR),Fetranspor,275,17407342,"-22.9168","-43.1748"
121,121-CENTRAL X COPACABANA (CIRCULAR),Fetranspor,276,17407342,"-22.9165","-43.1748"
121,121-CENTRAL X COPACABANA (CIRCULAR),Fetranspor,277,17407342,"-22.916","-43.1747"
121,121-CENTRAL X COPACABANA (CIRCULAR),Fetranspor,278,17407342,"-22.9155","-43.1746"
121,121-CENTRAL X COPACABANA (CIRCULAR),Fetranspor,279,17407342,"-22.915","-43.1744"
121,121-CENTRAL X COPACABANA (CIRCULAR),Fetranspor,280,17407342,"-22.915","-43.1744"
121,121-CENTRAL X COPACABANA (CIRCULAR),Fetranspor,281,17407342,"-22.9145","-43.1742"
121,121-CENTRAL X COPACABANA (CIRCULAR),Fetranspor,282,17407342,"-22.9145","-43.1742"
121,121-CENTRAL X COPACABANA (CIRCULAR),Fetranspor,283,17407342,"-22.9143","-43.1741"
121,121-CENTRAL X COPACABANA (CIRCULAR),Fetranspor,284,17407342,"-22.9143","-43.1741"
121,121-CENTRAL X COPACABANA (CIRCULAR),Fetranspor,285,17407342,"-22.9141","-43.174"
121,121-CENTRAL X COPACABANA (CIRCULAR),Fetranspor,286,17407342,"-22.914","-43.1739"
121,121-CENTRAL X COPACABANA (CIRCULAR),Fetranspor,287,17407342,"-22.914","-43.1739"
121,121-CENTRAL X COPACABANA (CIRCULAR),Fetranspor,288,17407342,"-22.9138","-43.1737"
121,121-CENTRAL X COPACABANA (CIRCULAR),Fetranspor,289,17407342,"-22.9137","-43.1736"
121,121-CENTRAL X COPACABANA (CIRCULAR),Fetranspor,290,17407342,"-22.9137","-43.1736"
121,121-CENTRAL X COPACABANA (CIRCULAR),Fetranspor,291,17407342,"-22.9132","-43.1731"
121,121-CENTRAL X COPACABANA (CIRCULAR),Fetranspor,292,17407342,"-22.9132","-43.1731"
121,121-CENTRAL X COPACABANA (CIRCULAR),Fetranspor,293,17407342,"-22.913","-43.1729"
121,121-CENTRAL X COPACABANA (CIRCULAR),Fetranspor,294,17407342,"-22.9126","-43.1725"
121,121-CENTRAL X COPACABANA (CIRCULAR),Fetranspor,295,17407342,"-22.9124","-43.1723"
121,121-CENTRAL X COPACABANA (CIRCULAR),Fetranspor,296,17407342,"-22.9123","-43.1721"
121,121-CENTRAL X COPACABANA (CIRCULAR),Fetranspor,297,17407342,"-22.9121","-43.1719"
121,121-CENTRAL X COPACABANA (CIRCULAR),Fetranspor,298,17407342,"-22.9121","-43.1717"
121,121-CENTRAL X COPACABANA (CIRCULAR),Fetranspor,299,17407342,"-22.912","-43.1714"
121,121-CENTRAL X COPACABANA (CIRCULAR),Fetranspor,300,17407342,"-22.9119","-43.1712"
121,121-CENTRAL X COPACABANA (CIRCULAR),Fetranspor,301,17407342,"-22.9119","-43.1712"
121,121-CENTRAL X COPACABANA (CIRCULAR),Fetranspor,302,17407342,"-22.9119","-43.171"
121,121-CENTRAL X COPACABANA (CIRCULAR),Fetranspor,303,17407342,"-22.9119","-43.171"
121,121-CENTRAL X COPACABANA (CIRCULAR),Fetranspor,304,17407342,"-22.9119","-43.1706"
121,121-CENTRAL X COPACABANA (CIRCULAR),Fetranspor,305,17407342,"-22.912","-43.1705"
121,121-CENTRAL X COPACABANA (CIRCULAR),Fetranspor,306,17407342,"-22.9121","-43.1703"
121,121-CENTRAL X COPACABANA (CIRCULAR),Fetranspor,307,17407342,"-22.9123","-43.1698"
121,121-CENTRAL X COPACABANA (CIRCULAR),Fetranspor,308,17407342,"-22.9123","-43.1697"
121,121-CENTRAL X COPACABANA (CIRCULAR),Fetranspor,309,17407342,"-22.9124","-43.1696"
121,121-CENTRAL X COPACABANA (CIRCULAR),Fetranspor,310,17407342,"-22.9124","-43.1695"
121,121-CENTRAL X COPACABANA (CIRCULAR),Fetranspor,311,17407342,"-22.9124","-43.1694"
121,121-CENTRAL X COPACABANA (CIRCULAR),Fetranspor,312,17407342,"-22.9123","-43.1692"
121,121-CENTRAL X COPACABANA (CIRCULAR),Fetranspor,313,17407342,"-22.9123","-43.1692"
121,121-CENTRAL X COPACABANA (CIRCULAR),Fetranspor,314,17407342,"-22.9122","-43.1691"
121,121-CENTRAL X COPACABANA (CIRCULAR),Fetranspor,315,17407342,"-22.9121","-43.1691"
121,121-CENTRAL X COPACABANA (CIRCULAR),Fetranspor,316,17407342,"-22.912","-43.169"
121,121-CENTRAL X COPACABANA (CIRCULAR),Fetranspor,317,17407342,"-22.9119","-43.169"
121,121-CENTRAL X COPACABANA (CIRCULAR),Fetranspor,318,17407342,"-22.9118","-43.169"
121,121-CENTRAL X COPACABANA (CIRCULAR),Fetranspor,319,17407342,"-22.9117","-43.169"
121,121-CENTRAL X COPACABANA (CIRCULAR),Fetranspor,320,17407342,"-22.9117","-43.169"
121,121-CENTRAL X COPACABANA (CIRCULAR),Fetranspor,321,17407342,"-22.9115","-43.1691"
121,121-CENTRAL X COPACABANA (CIRCULAR),Fetranspor,322,17407342,"-22.9114","-43.1692"
121,121-CENTRAL X COPACABANA (CIRCULAR),Fetranspor,323,17407342,"-22.911","-43.1694"
121,121-CENTRAL X COPACABANA (CIRCULAR),Fetranspor,324,17407342,"-22.911","-43.1694"
121,121-CENTRAL X COPACABANA (CIRCULAR),Fetranspor,325,17407342,"-22.9109","-43.1696"
121,121-CENTRAL X COPACABANA (CIRCULAR),Fetranspor,326,17407342,"-22.9108","-43.1696"
121,121-CENTRAL X COPACABANA (CIRCULAR),Fetranspor,327,17407342,"-22.9107","-43.1698"
121,121-CENTRAL X COPACABANA (CIRCULAR),Fetranspor,328,17407342,"-22.9107","-43.1698"
121,121-CENTRAL X COPACABANA (CIRCULAR),Fetranspor,329,17407342,"-22.9107","-43.1698"
121,121-CENTRAL X COPACABANA (CIRCULAR),Fetranspor,330,17407342,"-22.9107","-43.1699"
121,121-CENTRAL X COPACABANA (CIRCULAR),Fetranspor,331,17407342,"-22.9107","-43.17"
121,121-CENTRAL X COPACABANA (CIRCULAR),Fetranspor,332,17407342,"-22.9107","-43.17"
121,121-CENTRAL X COPACABANA (CIRCULAR),Fetranspor,333,17407342,"-22.9107","-43.1704"
121,121-CENTRAL X COPACABANA (CIRCULAR),Fetranspor,334,17407342,"-22.9107","-43.1707"
121,121-CENTRAL X COPACABANA (CIRCULAR),Fetranspor,335,17407342,"-22.9107","-43.1709"
121,121-CENTRAL X COPACABANA (CIRCULAR),Fetranspor,336,17407342,"-22.9108","-43.1713"
121,121-CENTRAL X COPACABANA (CIRCULAR),Fetranspor,337,17407342,"-22.9108","-43.1713"
121,121-CENTRAL X COPACABANA (CIRCULAR),Fetranspor,338,17407342,"-22.9109","-43.1714"
121,121-CENTRAL X COPACABANA (CIRCULAR),Fetranspor,339,17407342,"-22.9109","-43.1714"
121,121-CENTRAL X COPACABANA (CIRCULAR),Fetranspor,340,17407342,"-22.9108","-43.1715"
121,121-CENTRAL X COPACABANA (CIRCULAR),Fetranspor,341,17407342,"-22.9108","-43.1715"
121,121-CENTRAL X COPACABANA (CIRCULAR),Fetranspor,342,17407342,"-22.9108","-43.1716"
121,121-CENTRAL X COPACABANA (CIRCULAR),Fetranspor,343,17407342,"-22.91","-43.1718"
121,121-CENTRAL X COPACABANA (CIRCULAR),Fetranspor,344,17407342,"-22.91","-43.1718"
121,121-CENTRAL X COPACABANA (CIRCULAR),Fetranspor,345,17407342,"-22.9099","-43.1719"
121,121-CENTRAL X COPACABANA (CIRCULAR),Fetranspor,346,17407342,"-22.9099","-43.1719"
121,121-CENTRAL X COPACABANA (CIRCULAR),Fetranspor,347,17407342,"-22.9096","-43.172"
121,121-CENTRAL X COPACABANA (CIRCULAR),Fetranspor,348,17407342,"-22.9096","-43.172"
121,121-CENTRAL X COPACABANA (CIRCULAR),Fetranspor,349,17407342,"-22.9093","-43.1721"
121,121-CENTRAL X COPACABANA (CIRCULAR),Fetranspor,350,17407342,"-22.9093","-43.1721"
121,121-CENTRAL X COPACABANA (CIRCULAR),Fetranspor,351,17407342,"-22.909","-43.1722"
121,121-CENTRAL X COPACABANA (CIRCULAR),Fetranspor,352,17407342,"-22.909","-43.1722"
121,121-CENTRAL X COPACABANA (CIRCULAR),Fetranspor,353,17407342,"-22.9081","-43.1725"
121,121-CENTRAL X COPACABANA (CIRCULAR),Fetranspor,354,17407342,"-22.9081","-43.1725"
121,121-CENTRAL X COPACABANA (CIRCULAR),Fetranspor,355,17407342,"-22.9071","-43.1728"
121,121-CENTRAL X COPACABANA (CIRCULAR),Fetranspor,356,17407342,"-22.9071","-43.1728"
121,121-CENTRAL X COPACABANA (CIRCULAR),Fetranspor,357,17407342,"-22.9066","-43.173"
121,121-CENTRAL X COPACABANA (CIRCULAR),Fetranspor,358,17407342,"-22.9066","-43.173"
121,121-CENTRAL X COPACABANA (CIRCULAR),Fetranspor,359,17407342,"-22.9065","-43.173"
121,121-CENTRAL X COPACABANA (CIRCULAR),Fetranspor,360,17407342,"-22.9065","-43.173"
121,121-CENTRAL X COPACABANA (CIRCULAR),Fetranspor,361,17407342,"-22.9061","-43.1732"
121,121-CENTRAL X COPACABANA (CIRCULAR),Fetranspor,362,17407342,"-22.9057","-43.1734"
121,121-CENTRAL X COPACABANA (CIRCULAR),Fetranspor,363,17407342,"-22.9052","-43.1738"
121,121-CENTRAL X COPACABANA (CIRCULAR),Fetranspor,364,17407342,"-22.905","-43.1739"
121,121-CENTRAL X COPACABANA (CIRCULAR),Fetranspor,365,17407342,"-22.905","-43.1739"
121,121-CENTRAL X COPACABANA (CIRCULAR),Fetranspor,366,17407342,"-22.9047","-43.1742"
121,121-CENTRAL X COPACABANA (CIRCULAR),Fetranspor,367,17407342,"-22.9047","-43.1742"
121,121-CENTRAL X COPACABANA (CIRCULAR),Fetranspor,368,17407342,"-22.9046","-43.1742"
121,121-CENTRAL X COPACABANA (CIRCULAR),Fetranspor,369,17407342,"-22.9044","-43.1743"
121,121-CENTRAL X COPACABANA (CIRCULAR),Fetranspor,370,17407342,"-22.9044","-43.1743"
121,121-CENTRAL X COPACABANA (CIRCULAR),Fetranspor,371,17407342,"-22.9043","-43.1744"
121,121-CENTRAL X COPACABANA (CIRCULAR),Fetranspor,372,17407342,"-22.9041","-43.1745"
121,121-CENTRAL X COPACABANA (CIRCULAR),Fetranspor,373,17407342,"-22.904","-43.1745"
121,121-CENTRAL X COPACABANA (CIRCULAR),Fetranspor,374,17407342,"-22.904","-43.1745"
121,121-CENTRAL X COPACABANA (CIRCULAR),Fetranspor,375,17407342,"-22.9039","-43.1746"
121,121-CENTRAL X COPACABANA (CIRCULAR),Fetranspor,376,17407342,"-22.9037","-43.1748"
121,121-CENTRAL X COPACABANA (CIRCULAR),Fetranspor,377,17407342,"-22.9034","-43.175"
121,121-CENTRAL X COPACABANA (CIRCULAR),Fetranspor,378,17407342,"-22.9034","-43.175"
121,121-CENTRAL X COPACABANA (CIRCULAR),Fetranspor,379,17407342,"-22.9032","-43.1752"
121,121-CENTRAL X COPACABANA (CIRCULAR),Fetranspor,380,17407342,"-22.9032","-43.1752"
121,121-CENTRAL X COPACABANA (CIRCULAR),Fetranspor,381,17407342,"-22.9029","-43.1755"
121,121-CENTRAL X COPACABANA (CIRCULAR),Fetranspor,382,17407342,"-22.9029","-43.1755"
121,121-CENTRAL X COPACABANA (CIRCULAR),Fetranspor,383,17407342,"-22.9024","-43.1759"
121,121-CENTRAL X COPACABANA (CIRCULAR),Fetranspor,384,17407342,"-22.9024","-43.1759"
121,121-CENTRAL X COPACABANA (CIRCULAR),Fetranspor,385,17407342,"-22.9019","-43.1761"
121,121-CENTRAL X COPACABANA (CIRCULAR),Fetranspor,386,17407342,"-22.9019","-43.1761"
121,121-CENTRAL X COPACABANA (CIRCULAR),Fetranspor,387,17407342,"-22.9018","-43.1762"
121,121-CENTRAL X COPACABANA (CIRCULAR),Fetranspor,388,17407342,"-22.9017","-43.1763"
121,121-CENTRAL X COPACABANA (CIRCULAR),Fetranspor,389,17407342,"-22.9017","-43.1763"
121,121-CENTRAL X COPACABANA (CIRCULAR),Fetranspor,390,17407342,"-22.9015","-43.1764"
121,121-CENTRAL X COPACABANA (CIRCULAR),Fetranspor,391,17407342,"-22.9015","-43.1764"
121,121-CENTRAL X COPACABANA (CIRCULAR),Fetranspor,392,17407342,"-22.9013","-43.1765"
121,121-CENTRAL X COPACABANA (CIRCULAR),Fetranspor,393,17407342,"-22.9013","-43.1765"
121,121-CENTRAL X COPACABANA (CIRCULAR),Fetranspor,394,17407342,"-22.901","-43.1766"
121,121-CENTRAL X COPACABANA (CIRCULAR),Fetranspor,395,17407342,"-22.9008","-43.1767"
121,121-CENTRAL X COPACABANA (CIRCULAR),Fetranspor,396,17407342,"-22.9008","-43.1767"
121,121-CENTRAL X COPACABANA (CIRCULAR),Fetranspor,397,17407342,"-22.9006","-43.1768"
121,121-CENTRAL X COPACABANA (CIRCULAR),Fetranspor,398,17407342,"-22.9006","-43.1768"
121,121-CENTRAL X COPACABANA (CIRCULAR),Fetranspor,399,17407342,"-22.9003","-43.1769"
121,121-CENTRAL X COPACABANA (CIRCULAR),Fetranspor,400,17407342,"-22.9003","-43.1769"
121,121-CENTRAL X COPACABANA (CIRCULAR),Fetranspor,401,17407342,"-22.9004","-43.1772"
121,121-CENTRAL X COPACABANA (CIRCULAR),Fetranspor,402,17407342,"-22.9004","-43.1774"
121,121-CENTRAL X COPACABANA (CIRCULAR),Fetranspor,403,17407342,"-22.9004","-43.1774"
121,121-CENTRAL X COPACABANA (CIRCULAR),Fetranspor,404,17407342,"-22.9004","-43.1774"
121,121-CENTRAL X COPACABANA (CIRCULAR),Fetranspor,405,17407342,"-22.9004","-43.1774"
121,121-CENTRAL X COPACABANA (CIRCULAR),Fetranspor,406,17407342,"-22.9007","-43.1783"
121,121-CENTRAL X COPACABANA (CIRCULAR),Fetranspor,407,17407342,"-22.9007","-43.1783"
121,121-CENTRAL X COPACABANA (CIRCULAR),Fetranspor,408,17407342,"-22.9008","-43.1785"
121,121-CENTRAL X COPACABANA (CIRCULAR),Fetranspor,409,17407342,"-22.9009","-43.179"
121,121-CENTRAL X COPACABANA (CIRCULAR),Fetranspor,410,17407342,"-22.9009","-43.179"
121,121-CENTRAL X COPACABANA (CIRCULAR),Fetranspor,411,17407342,"-22.9012","-43.1791"
121,121-CENTRAL X COPACABANA (CIRCULAR),Fetranspor,412,17407342,"-22.9012","-43.1791"
121,121-CENTRAL X COPACABANA (CIRCULAR),Fetranspor,413,17407342,"-22.9013","-43.1795"
121,121-CENTRAL X COPACABANA (CIRCULAR),Fetranspor,414,17407342,"-22.9018","-43.181"
121,121-CENTRAL X COPACABANA (CIRCULAR),Fetranspor,415,17407342,"-22.9018","-43.1813"
121,121-CENTRAL X COPACABANA (CIRCULAR),Fetranspor,416,17407342,"-22.9019","-43.1815"
121,121-CENTRAL X COPACABANA (CIRCULAR),Fetranspor,417,17407342,"-22.9019","-43.1815"
121,121-CENTRAL X COPACABANA (CIRCULAR),Fetranspor,418,17407342,"-22.9027","-43.184"
121,121-CENTRAL X COPACABANA (CIRCULAR),Fetranspor,419,17407342,"-22.9027","-43.184"
121,121-CENTRAL X COPACABANA (CIRCULAR),Fetranspor,420,17407342,"-22.9028","-43.1842"
121,121-CENTRAL X COPACABANA (CIRCULAR),Fetranspor,421,17407342,"-22.9028","-43.1842"
121,121-CENTRAL X COPACABANA (CIRCULAR),Fetranspor,422,17407342,"-22.9029","-43.1852"
121,121-CENTRAL X COPACABANA (CIRCULAR),Fetranspor,423,17407342,"-22.9029","-43.1852"
121,121-CENTRAL X COPACABANA (CIRCULAR),Fetranspor,424,17407342,"-22.9031","-43.1858"
121,121-CENTRAL X COPACABANA (CIRCULAR),Fetranspor,425,17407342,"-22.9031","-43.1858"
121,121-CENTRAL X COPACABANA (CIRCULAR),Fetranspor,426,17407342,"-22.9036","-43.1871"
121,121-CENTRAL X COPACABANA (CIRCULAR),Fetranspor,427,17407342,"-22.9036","-43.1871"
121,121-CENTRAL X COPACABANA (CIRCULAR),Fetranspor,428,17407342,"-22.904","-43.1884"
121,121-CENTRAL X COPACABANA (CIRCULAR),Fetranspor,429,17407342,"-22.904","-43.1884"
121,121-CENTRAL X COPACABANA (CIRCULAR),Fetranspor,430,17407342,"-22.9043","-43.1894"
121,121-CENTRAL X COPACABANA (CIRCULAR),Fetranspor,431,17407342,"-22.9045","-43.1901"
121,121-CENTRAL X COPACABANA (CIRCULAR),Fetranspor,432,17407342,"-22.9045","-43.1901"
121,121-CENTRAL X COPACABANA (CIRCULAR),Fetranspor,433,17407342,"-22.9047","-43.1906"
121,121-CENTRAL X COPACABANA (CIRCULAR),Fetranspor,434,17407342,"-22.9047","-43.1906"
121,121-CENTRAL X COPACABANA (CIRCULAR),Fetranspor,435,17407342,"-22.9047","-43.1908"
121,121-CENTRAL X COPACABANA (CIRCULAR),Fetranspor,436,17407342,"-22.9049","-43.1912"
121,121-CENTRAL X COPACABANA (CIRCULAR),Fetranspor,437,17407342,"-22.9049","-43.1912"
121,121-CENTRAL X COPACABANA (CIRCULAR),Fetranspor,438,17407342,"-22.905","-43.1914"
121,121-CENTRAL X COPACABANA (CIRCULAR),Fetranspor,439,17407342,"-22.905","-43.1914"
121,121-CENTRAL X COPACABANA (CIRCULAR),Fetranspor,440,17407342,"-22.905","-43.1916"
121,121-CENTRAL X COPACABANA (CIRCULAR),Fetranspor,441,17407342,"-22.905","-43.1916"
121,121-CENTRAL X COPACABANA (CIRCULAR),Fetranspor,442,17407342,"-22.9049","-43.1917"
121,121-CENTRAL X COPACABANA (CIRCULAR),Fetranspor,443,17407342,"-22.9049","-43.1917"
121,121-CENTRAL X COPACABANA (CIRCULAR),Fetranspor,444,17407342,"-22.9049","-43.1917"
121,121-CENTRAL X COPACABANA (CIRCULAR),Fetranspor,445,17407342,"-22.905","-43.1921"
121,121-CENTRAL X COPACABANA (CIRCULAR),Fetranspor,446,17407342,"-22.9052","-43.1927"
121,121-CENTRAL X COPACABANA (CIRCULAR),Fetranspor,447,17407342,"-22.9053","-43.1929"
121,121-CENTRAL X COPACABANA (CIRCULAR),Fetranspor,448,17407342,"-22.9052","-43.1929"
121,121-CENTRAL X COPACABANA (CIRCULAR),Fetranspor,449,17407342,"-22.9052","-43.193"
121,121-CENTRAL X COPACABANA (CIRCULAR),Fetranspor,450,17407342,"-22.9052","-43.193"
121,121-CENTRAL X COPACABANA (CIRCULAR),Fetranspor,451,17407342,"-22.905","-43.1931"
