linha,descricao,agencia,sequencia,shape_id,latitude,longitude
123,123-JARDIM DE ALAH X CANDELARIA (CIRCULAR),Fetranspor,0,20282288,"-22.8993","-43.1778"
123,123-JARDIM DE ALAH X CANDELARIA (CIRCULAR),Fetranspor,1,20282288,"-22.8995","-43.1784"
123,123-JARDIM DE ALAH X CANDELARIA (CIRCULAR),Fetranspor,2,20282288,"-22.8996","-43.1788"
123,123-JARDIM DE ALAH X CANDELARIA (CIRCULAR),Fetranspor,3,20282288,"-22.8996","-43.1788"
123,123-JARDIM DE ALAH X CANDELARIA (CIRCULAR),Fetranspor,4,20282288,"-22.8996","-43.1788"
123,123-JARDIM DE ALAH X CANDELARIA (CIRCULAR),Fetranspor,5,20282288,"-22.8996","-43.179"
123,123-JARDIM DE ALAH X CANDELARIA (CIRCULAR),Fetranspor,6,20282288,"-22.8998","-43.1796"
123,123-JARDIM DE ALAH X CANDELARIA (CIRCULAR),Fetranspor,7,20282288,"-22.8998","-43.1796"
123,123-JARDIM DE ALAH X CANDELARIA (CIRCULAR),Fetranspor,8,20282288,"-22.9003","-43.1795"
123,123-JARDIM DE ALAH X CANDELARIA (CIRCULAR),Fetranspor,9,20282288,"-22.9003","-43.1795"
123,123-JARDIM DE ALAH X CANDELARIA (CIRCULAR),Fetranspor,10,20282288,"-22.901","-43.1792"
123,123-JARDIM DE ALAH X CANDELARIA (CIRCULAR),Fetranspor,11,20282288,"-22.901","-43.1792"
123,123-JARDIM DE ALAH X CANDELARIA (CIRCULAR),Fetranspor,12,20282288,"-22.9012","-43.1791"
123,123-JARDIM DE ALAH X CANDELARIA (CIRCULAR),Fetranspor,13,20282288,"-22.9012","-43.1791"
123,123-JARDIM DE ALAH X CANDELARIA (CIRCULAR),Fetranspor,14,20282288,"-22.9013","-43.1791"
123,123-JARDIM DE ALAH X CANDELARIA (CIRCULAR),Fetranspor,15,20282288,"-22.9013","-43.1791"
123,123-JARDIM DE ALAH X CANDELARIA (CIRCULAR),Fetranspor,16,20282288,"-22.9015","-43.179"
123,123-JARDIM DE ALAH X CANDELARIA (CIRCULAR),Fetranspor,17,20282288,"-22.9015","-43.179"
123,123-JARDIM DE ALAH X CANDELARIA (CIRCULAR),Fetranspor,18,20282288,"-22.9021","-43.1788"
123,123-JARDIM DE ALAH X CANDELARIA (CIRCULAR),Fetranspor,19,20282288,"-22.9021","-43.1788"
123,123-JARDIM DE ALAH X CANDELARIA (CIRCULAR),Fetranspor,20,20282288,"-22.9026","-43.1786"
123,123-JARDIM DE ALAH X CANDELARIA (CIRCULAR),Fetranspor,21,20282288,"-22.9026","-43.1786"
123,123-JARDIM DE ALAH X CANDELARIA (CIRCULAR),Fetranspor,22,20282288,"-22.9031","-43.1784"
123,123-JARDIM DE ALAH X CANDELARIA (CIRCULAR),Fetranspor,23,20282288,"-22.9031","-43.1784"
123,123-JARDIM DE ALAH X CANDELARIA (CIRCULAR),Fetranspor,24,20282288,"-22.9036","-43.1782"
123,123-JARDIM DE ALAH X CANDELARIA (CIRCULAR),Fetranspor,25,20282288,"-22.9036","-43.1782"
123,123-JARDIM DE ALAH X CANDELARIA (CIRCULAR),Fetranspor,26,20282288,"-22.9042","-43.178"
123,123-JARDIM DE ALAH X CANDELARIA (CIRCULAR),Fetranspor,27,20282288,"-22.9049","-43.1777"
123,123-JARDIM DE ALAH X CANDELARIA (CIRCULAR),Fetranspor,28,20282288,"-22.905","-43.1777"
123,123-JARDIM DE ALAH X CANDELARIA (CIRCULAR),Fetranspor,29,20282288,"-22.905","-43.1777"
123,123-JARDIM DE ALAH X CANDELARIA (CIRCULAR),Fetranspor,30,20282288,"-22.9053","-43.1776"
123,123-JARDIM DE ALAH X CANDELARIA (CIRCULAR),Fetranspor,31,20282288,"-22.9058","-43.1774"
123,123-JARDIM DE ALAH X CANDELARIA (CIRCULAR),Fetranspor,32,20282288,"-22.9058","-43.1774"
123,123-JARDIM DE ALAH X CANDELARIA (CIRCULAR),Fetranspor,33,20282288,"-22.9062","-43.1772"
123,123-JARDIM DE ALAH X CANDELARIA (CIRCULAR),Fetranspor,34,20282288,"-22.9064","-43.1771"
123,123-JARDIM DE ALAH X CANDELARIA (CIRCULAR),Fetranspor,35,20282288,"-22.9064","-43.1771"
123,123-JARDIM DE ALAH X CANDELARIA (CIRCULAR),Fetranspor,36,20282288,"-22.9066","-43.1771"
123,123-JARDIM DE ALAH X CANDELARIA (CIRCULAR),Fetranspor,37,20282288,"-22.9066","-43.1771"
123,123-JARDIM DE ALAH X CANDELARIA (CIRCULAR),Fetranspor,38,20282288,"-22.9069","-43.177"
123,123-JARDIM DE ALAH X CANDELARIA (CIRCULAR),Fetranspor,39,20282288,"-22.9071","-43.1769"
123,123-JARDIM DE ALAH X CANDELARIA (CIRCULAR),Fetranspor,40,20282288,"-22.9071","-43.1769"
123,123-JARDIM DE ALAH X CANDELARIA (CIRCULAR),Fetranspor,41,20282288,"-22.9074","-43.1768"
123,123-JARDIM DE ALAH X CANDELARIA (CIRCULAR),Fetranspor,42,20282288,"-22.9074","-43.1768"
123,123-JARDIM DE ALAH X CANDELARIA (CIRCULAR),Fetranspor,43,20282288,"-22.9079","-43.1766"
123,123-JARDIM DE ALAH X CANDELARIA (CIRCULAR),Fetranspor,44,20282288,"-22.9079","-43.1766"
123,123-JARDIM DE ALAH X CANDELARIA (CIRCULAR),Fetranspor,45,20282288,"-22.908","-43.1766"
123,123-JARDIM DE ALAH X CANDELARIA (CIRCULAR),Fetranspor,46,20282288,"-22.908","-43.1766"
123,123-JARDIM DE ALAH X CANDELARIA (CIRCULAR),Fetranspor,47,20282288,"-22.9085","-43.1764"
123,123-JARDIM DE ALAH X CANDELARIA (CIRCULAR),Fetranspor,48,20282288,"-22.9085","-43.1764"
123,123-JARDIM DE ALAH X CANDELARIA (CIRCULAR),Fetranspor,49,20282288,"-22.9093","-43.1761"
123,123-JARDIM DE ALAH X CANDELARIA (CIRCULAR),Fetranspor,50,20282288,"-22.9093","-43.1761"
123,123-JARDIM DE ALAH X CANDELARIA (CIRCULAR),Fetranspor,51,20282288,"-22.9103","-43.1757"
123,123-JARDIM DE ALAH X CANDELARIA (CIRCULAR),Fetranspor,52,20282288,"-22.9103","-43.1757"
123,123-JARDIM DE ALAH X CANDELARIA (CIRCULAR),Fetranspor,53,20282288,"-22.9114","-43.1753"
123,123-JARDIM DE ALAH X CANDELARIA (CIRCULAR),Fetranspor,54,20282288,"-22.9114","-43.1753"
123,123-JARDIM DE ALAH X CANDELARIA (CIRCULAR),Fetranspor,55,20282288,"-22.912","-43.175"
123,123-JARDIM DE ALAH X CANDELARIA (CIRCULAR),Fetranspor,56,20282288,"-22.912","-43.175"
123,123-JARDIM DE ALAH X CANDELARIA (CIRCULAR),Fetranspor,57,20282288,"-22.9123","-43.1749"
123,123-JARDIM DE ALAH X CANDELARIA (CIRCULAR),Fetranspor,58,20282288,"-22.9123","-43.1749"
123,123-JARDIM DE ALAH X CANDELARIA (CIRCULAR),Fetranspor,59,20282288,"-22.9124","-43.1749"
123,123-JARDIM DE ALAH X CANDELARIA (CIRCULAR),Fetranspor,60,20282288,"-22.9125","-43.1749"
123,123-JARDIM DE ALAH X CANDELARIA (CIRCULAR),Fetranspor,61,20282288,"-22.9128","-43.1748"
123,123-JARDIM DE ALAH X CANDELARIA (CIRCULAR),Fetranspor,62,20282288,"-22.9128","-43.1748"
123,123-JARDIM DE ALAH X CANDELARIA (CIRCULAR),Fetranspor,63,20282288,"-22.9128","-43.1748"
123,123-JARDIM DE ALAH X CANDELARIA (CIRCULAR),Fetranspor,64,20282288,"-22.9129","-43.1747"
123,123-JARDIM DE ALAH X CANDELARIA (CIRCULAR),Fetranspor,65,20282288,"-22.9129","-43.1747"
123,123-JARDIM DE ALAH X CANDELARIA (CIRCULAR),Fetranspor,66,20282288,"-22.9135","-43.1745"
123,123-JARDIM DE ALAH X CANDELARIA (CIRCULAR),Fetranspor,67,20282288,"-22.9135","-43.1745"
123,123-JARDIM DE ALAH X CANDELARIA (CIRCULAR),Fetranspor,68,20282288,"-22.9137","-43.1744"
123,123-JARDIM DE ALAH X CANDELARIA (CIRCULAR),Fetranspor,69,20282288,"-22.9137","-43.1744"
123,123-JARDIM DE ALAH X CANDELARIA (CIRCULAR),Fetranspor,70,20282288,"-22.9139","-43.1744"
123,123-JARDIM DE ALAH X CANDELARIA (CIRCULAR),Fetranspor,71,20282288,"-22.9141","-43.1744"
123,123-JARDIM DE ALAH X CANDELARIA (CIRCULAR),Fetranspor,72,20282288,"-22.9149","-43.1746"
123,123-JARDIM DE ALAH X CANDELARIA (CIRCULAR),Fetranspor,73,20282288,"-22.9149","-43.1746"
123,123-JARDIM DE ALAH X CANDELARIA (CIRCULAR),Fetranspor,74,20282288,"-22.9154","-43.1748"
123,123-JARDIM DE ALAH X CANDELARIA (CIRCULAR),Fetranspor,75,20282288,"-22.9156","-43.1748"
123,123-JARDIM DE ALAH X CANDELARIA (CIRCULAR),Fetranspor,76,20282288,"-22.9162","-43.175"
123,123-JARDIM DE ALAH X CANDELARIA (CIRCULAR),Fetranspor,77,20282288,"-22.9164","-43.175"
123,123-JARDIM DE ALAH X CANDELARIA (CIRCULAR),Fetranspor,78,20282288,"-22.917","-43.175"
123,123-JARDIM DE ALAH X CANDELARIA (CIRCULAR),Fetranspor,79,20282288,"-22.9176","-43.175"
123,123-JARDIM DE ALAH X CANDELARIA (CIRCULAR),Fetranspor,80,20282288,"-22.9181","-43.1748"
123,123-JARDIM DE ALAH X CANDELARIA (CIRCULAR),Fetranspor,81,20282288,"-22.9186","-43.1747"
123,123-JARDIM DE ALAH X CANDELARIA (CIRCULAR),Fetranspor,82,20282288,"-22.919","-43.1745"
123,123-JARDIM DE ALAH X CANDELARIA (CIRCULAR),Fetranspor,83,20282288,"-22.9192","-43.1744"
123,123-JARDIM DE ALAH X CANDELARIA (CIRCULAR),Fetranspor,84,20282288,"-22.9192","-43.1744"
123,123-JARDIM DE ALAH X CANDELARIA (CIRCULAR),Fetranspor,85,20282288,"-22.9194","-43.1743"
123,123-JARDIM DE ALAH X CANDELARIA (CIRCULAR),Fetranspor,86,20282288,"-22.9197","-43.1741"
123,123-JARDIM DE ALAH X CANDELARIA (CIRCULAR),Fetranspor,87,20282288,"-22.9199","-43.1739"
123,123-JARDIM DE ALAH X CANDELARIA (CIRCULAR),Fetranspor,88,20282288,"-22.9201","-43.1737"
123,123-JARDIM DE ALAH X CANDELARIA (CIRCULAR),Fetranspor,89,20282288,"-22.9203","-43.1735"
123,123-JARDIM DE ALAH X CANDELARIA (CIRCULAR),Fetranspor,90,20282288,"-22.9203","-43.1735"
123,123-JARDIM DE ALAH X CANDELARIA (CIRCULAR),Fetranspor,91,20282288,"-22.9207","-43.1729"
123,123-JARDIM DE ALAH X CANDELARIA (CIRCULAR),Fetranspor,92,20282288,"-22.9207","-43.1729"
123,123-JARDIM DE ALAH X CANDELARIA (CIRCULAR),Fetranspor,93,20282288,"-22.9211","-43.1724"
123,123-JARDIM DE ALAH X CANDELARIA (CIRCULAR),Fetranspor,94,20282288,"-22.9215","-43.172"
123,123-JARDIM DE ALAH X CANDELARIA (CIRCULAR),Fetranspor,95,20282288,"-22.9219","-43.1718"
123,123-JARDIM DE ALAH X CANDELARIA (CIRCULAR),Fetranspor,96,20282288,"-22.9222","-43.1716"
123,123-JARDIM DE ALAH X CANDELARIA (CIRCULAR),Fetranspor,97,20282288,"-22.9225","-43.1714"
123,123-JARDIM DE ALAH X CANDELARIA (CIRCULAR),Fetranspor,98,20282288,"-22.9228","-43.1713"
123,123-JARDIM DE ALAH X CANDELARIA (CIRCULAR),Fetranspor,99,20282288,"-22.9231","-43.1713"
123,123-JARDIM DE ALAH X CANDELARIA (CIRCULAR),Fetranspor,100,20282288,"-22.9233","-43.1712"
123,123-JARDIM DE ALAH X CANDELARIA (CIRCULAR),Fetranspor,101,20282288,"-22.9233","-43.1712"
123,123-JARDIM DE ALAH X CANDELARIA (CIRCULAR),Fetranspor,102,20282288,"-22.9236","-43.1712"
123,123-JARDIM DE ALAH X CANDELARIA (CIRCULAR),Fetranspor,103,20282288,"-22.9241","-43.1712"
123,123-JARDIM DE ALAH X CANDELARIA (CIRCULAR),Fetranspor,104,20282288,"-22.9242","-43.1713"
123,123-JARDIM DE ALAH X CANDELARIA (CIRCULAR),Fetranspor,105,20282288,"-22.9246","-43.1713"
123,123-JARDIM DE ALAH X CANDELARIA (CIRCULAR),Fetranspor,106,20282288,"-22.9268","-43.172"
123,123-JARDIM DE ALAH X CANDELARIA (CIRCULAR),Fetranspor,107,20282288,"-22.9299","-43.1729"
123,123-JARDIM DE ALAH X CANDELARIA (CIRCULAR),Fetranspor,108,20282288,"-22.9302","-43.173"
123,123-JARDIM DE ALAH X CANDELARIA (CIRCULAR),Fetranspor,109,20282288,"-22.9322","-43.1736"
123,123-JARDIM DE ALAH X CANDELARIA (CIRCULAR),Fetranspor,110,20282288,"-22.9326","-43.1737"
123,123-JARDIM DE ALAH X CANDELARIA (CIRCULAR),Fetranspor,111,20282288,"-22.9327","-43.1738"
123,123-JARDIM DE ALAH X CANDELARIA (CIRCULAR),Fetranspor,112,20282288,"-22.9329","-43.1738"
123,123-JARDIM DE ALAH X CANDELARIA (CIRCULAR),Fetranspor,113,20282288,"-22.9334","-43.1738"
123,123-JARDIM DE ALAH X CANDELARIA (CIRCULAR),Fetranspor,114,20282288,"-22.9338","-43.1738"
123,123-JARDIM DE ALAH X CANDELARIA (CIRCULAR),Fetranspor,115,20282288,"-22.9339","-43.1738"
123,123-JARDIM DE ALAH X CANDELARIA (CIRCULAR),Fetranspor,116,20282288,"-22.9344","-43.1738"
123,123-JARDIM DE ALAH X CANDELARIA (CIRCULAR),Fetranspor,117,20282288,"-22.9346","-43.1737"
123,123-JARDIM DE ALAH X CANDELARIA (CIRCULAR),Fetranspor,118,20282288,"-22.9351","-43.1736"
123,123-JARDIM DE ALAH X CANDELARIA (CIRCULAR),Fetranspor,119,20282288,"-22.9351","-43.1736"
123,123-JARDIM DE ALAH X CANDELARIA (CIRCULAR),Fetranspor,120,20282288,"-22.9353","-43.1736"
123,123-JARDIM DE ALAH X CANDELARIA (CIRCULAR),Fetranspor,121,20282288,"-22.9357","-43.1735"
123,123-JARDIM DE ALAH X CANDELARIA (CIRCULAR),Fetranspor,122,20282288,"-22.936","-43.1734"
123,123-JARDIM DE ALAH X CANDELARIA (CIRCULAR),Fetranspor,123,20282288,"-22.9362","-43.1733"
123,123-JARDIM DE ALAH X CANDELARIA (CIRCULAR),Fetranspor,124,20282288,"-22.9363","-43.1732"
123,123-JARDIM DE ALAH X CANDELARIA (CIRCULAR),Fetranspor,125,20282288,"-22.9365","-43.1731"
123,123-JARDIM DE ALAH X CANDELARIA (CIRCULAR),Fetranspor,126,20282288,"-22.9367","-43.1729"
123,123-JARDIM DE ALAH X CANDELARIA (CIRCULAR),Fetranspor,127,20282288,"-22.9367","-43.1729"
123,123-JARDIM DE ALAH X CANDELARIA (CIRCULAR),Fetranspor,128,20282288,"-22.9369","-43.1726"
123,123-JARDIM DE ALAH X CANDELARIA (CIRCULAR),Fetranspor,129,20282288,"-22.9371","-43.1723"
123,123-JARDIM DE ALAH X CANDELARIA (CIRCULAR),Fetranspor,130,20282288,"-22.9373","-43.1721"
123,123-JARDIM DE ALAH X CANDELARIA (CIRCULAR),Fetranspor,131,20282288,"-22.9375","-43.1717"
123,123-JARDIM DE ALAH X CANDELARIA (CIRCULAR),Fetranspor,132,20282288,"-22.9375","-43.1717"
123,123-JARDIM DE ALAH X CANDELARIA (CIRCULAR),Fetranspor,133,20282288,"-22.9377","-43.1714"
123,123-JARDIM DE ALAH X CANDELARIA (CIRCULAR),Fetranspor,134,20282288,"-22.9379","-43.1712"
123,123-JARDIM DE ALAH X CANDELARIA (CIRCULAR),Fetranspor,135,20282288,"-22.938","-43.1711"
123,123-JARDIM DE ALAH X CANDELARIA (CIRCULAR),Fetranspor,136,20282288,"-22.9381","-43.1709"
123,123-JARDIM DE ALAH X CANDELARIA (CIRCULAR),Fetranspor,137,20282288,"-22.9384","-43.1708"
123,123-JARDIM DE ALAH X CANDELARIA (CIRCULAR),Fetranspor,138,20282288,"-22.9385","-43.1707"
123,123-JARDIM DE ALAH X CANDELARIA (CIRCULAR),Fetranspor,139,20282288,"-22.9385","-43.1707"
123,123-JARDIM DE ALAH X CANDELARIA (CIRCULAR),Fetranspor,140,20282288,"-22.9386","-43.1707"
123,123-JARDIM DE ALAH X CANDELARIA (CIRCULAR),Fetranspor,141,20282288,"-22.9387","-43.1706"
123,123-JARDIM DE ALAH X CANDELARIA (CIRCULAR),Fetranspor,142,20282288,"-22.9389","-43.1706"
123,123-JARDIM DE ALAH X CANDELARIA (CIRCULAR),Fetranspor,143,20282288,"-22.9391","-43.1705"
123,123-JARDIM DE ALAH X CANDELARIA (CIRCULAR),Fetranspor,144,20282288,"-22.9393","-43.1705"
123,123-JARDIM DE ALAH X CANDELARIA (CIRCULAR),Fetranspor,145,20282288,"-22.9394","-43.1705"
123,123-JARDIM DE ALAH X CANDELARIA (CIRCULAR),Fetranspor,146,20282288,"-22.9394","-43.1705"
123,123-JARDIM DE ALAH X CANDELARIA (CIRCULAR),Fetranspor,147,20282288,"-22.9396","-43.1705"
123,123-JARDIM DE ALAH X CANDELARIA (CIRCULAR),Fetranspor,148,20282288,"-22.9399","-43.1705"
123,123-JARDIM DE ALAH X CANDELARIA (CIRCULAR),Fetranspor,149,20282288,"-22.9402","-43.1706"
123,123-JARDIM DE ALAH X CANDELARIA (CIRCULAR),Fetranspor,150,20282288,"-22.9404","-43.1707"
123,123-JARDIM DE ALAH X CANDELARIA (CIRCULAR),Fetranspor,151,20282288,"-22.9407","-43.1708"
123,123-JARDIM DE ALAH X CANDELARIA (CIRCULAR),Fetranspor,152,20282288,"-22.941","-43.171"
123,123-JARDIM DE ALAH X CANDELARIA (CIRCULAR),Fetranspor,153,20282288,"-22.9413","-43.1712"
123,123-JARDIM DE ALAH X CANDELARIA (CIRCULAR),Fetranspor,154,20282288,"-22.9415","-43.1714"
123,123-JARDIM DE ALAH X CANDELARIA (CIRCULAR),Fetranspor,155,20282288,"-22.9418","-43.1718"
123,123-JARDIM DE ALAH X CANDELARIA (CIRCULAR),Fetranspor,156,20282288,"-22.9422","-43.1722"
123,123-JARDIM DE ALAH X CANDELARIA (CIRCULAR),Fetranspor,157,20282288,"-22.9427","-43.1728"
123,123-JARDIM DE ALAH X CANDELARIA (CIRCULAR),Fetranspor,158,20282288,"-22.9432","-43.1736"
123,123-JARDIM DE ALAH X CANDELARIA (CIRCULAR),Fetranspor,159,20282288,"-22.9434","-43.1738"
123,123-JARDIM DE ALAH X CANDELARIA (CIRCULAR),Fetranspor,160,20282288,"-22.9435","-43.1742"
123,123-JARDIM DE ALAH X CANDELARIA (CIRCULAR),Fetranspor,161,20282288,"-22.9435","-43.1742"
123,123-JARDIM DE ALAH X CANDELARIA (CIRCULAR),Fetranspor,162,20282288,"-22.9437","-43.1745"
123,123-JARDIM DE ALAH X CANDELARIA (CIRCULAR),Fetranspor,163,20282288,"-22.9437","-43.1745"
123,123-JARDIM DE ALAH X CANDELARIA (CIRCULAR),Fetranspor,164,20282288,"-22.9437","-43.1746"
123,123-JARDIM DE ALAH X CANDELARIA (CIRCULAR),Fetranspor,165,20282288,"-22.9437","-43.1748"
123,123-JARDIM DE ALAH X CANDELARIA (CIRCULAR),Fetranspor,166,20282288,"-22.9437","-43.1751"
123,123-JARDIM DE ALAH X CANDELARIA (CIRCULAR),Fetranspor,167,20282288,"-22.9437","-43.1753"
123,123-JARDIM DE ALAH X CANDELARIA (CIRCULAR),Fetranspor,168,20282288,"-22.9436","-43.1756"
123,123-JARDIM DE ALAH X CANDELARIA (CIRCULAR),Fetranspor,169,20282288,"-22.9435","-43.1759"
123,123-JARDIM DE ALAH X CANDELARIA (CIRCULAR),Fetranspor,170,20282288,"-22.9434","-43.1761"
123,123-JARDIM DE ALAH X CANDELARIA (CIRCULAR),Fetranspor,171,20282288,"-22.9433","-43.1763"
123,123-JARDIM DE ALAH X CANDELARIA (CIRCULAR),Fetranspor,172,20282288,"-22.9427","-43.1771"
123,123-JARDIM DE ALAH X CANDELARIA (CIRCULAR),Fetranspor,173,20282288,"-22.9425","-43.1773"
123,123-JARDIM DE ALAH X CANDELARIA (CIRCULAR),Fetranspor,174,20282288,"-22.9425","-43.1773"
123,123-JARDIM DE ALAH X CANDELARIA (CIRCULAR),Fetranspor,175,20282288,"-22.9424","-43.1775"
123,123-JARDIM DE ALAH X CANDELARIA (CIRCULAR),Fetranspor,176,20282288,"-22.9424","-43.1777"
123,123-JARDIM DE ALAH X CANDELARIA (CIRCULAR),Fetranspor,177,20282288,"-22.9423","-43.1779"
123,123-JARDIM DE ALAH X CANDELARIA (CIRCULAR),Fetranspor,178,20282288,"-22.9423","-43.1782"
123,123-JARDIM DE ALAH X CANDELARIA (CIRCULAR),Fetranspor,179,20282288,"-22.9423","-43.1785"
123,123-JARDIM DE ALAH X CANDELARIA (CIRCULAR),Fetranspor,180,20282288,"-22.9423","-43.1788"
123,123-JARDIM DE ALAH X CANDELARIA (CIRCULAR),Fetranspor,181,20282288,"-22.9423","-43.179"
123,123-JARDIM DE ALAH X CANDELARIA (CIRCULAR),Fetranspor,182,20282288,"-22.9423","-43.179"
123,123-JARDIM DE ALAH X CANDELARIA (CIRCULAR),Fetranspor,183,20282288,"-22.9424","-43.1792"
123,123-JARDIM DE ALAH X CANDELARIA (CIRCULAR),Fetranspor,184,20282288,"-22.9425","-43.1794"
123,123-JARDIM DE ALAH X CANDELARIA (CIRCULAR),Fetranspor,185,20282288,"-22.9426","-43.1796"
123,123-JARDIM DE ALAH X CANDELARIA (CIRCULAR),Fetranspor,186,20282288,"-22.9428","-43.1799"
123,123-JARDIM DE ALAH X CANDELARIA (CIRCULAR),Fetranspor,187,20282288,"-22.9431","-43.1803"
123,123-JARDIM DE ALAH X CANDELARIA (CIRCULAR),Fetranspor,188,20282288,"-22.9434","-43.1807"
123,123-JARDIM DE ALAH X CANDELARIA (CIRCULAR),Fetranspor,189,20282288,"-22.9434","-43.1807"
123,123-JARDIM DE ALAH X CANDELARIA (CIRCULAR),Fetranspor,190,20282288,"-22.9434","-43.1807"
123,123-JARDIM DE ALAH X CANDELARIA (CIRCULAR),Fetranspor,191,20282288,"-22.9437","-43.1809"
123,123-JARDIM DE ALAH X CANDELARIA (CIRCULAR),Fetranspor,192,20282288,"-22.944","-43.1811"
123,123-JARDIM DE ALAH X CANDELARIA (CIRCULAR),Fetranspor,193,20282288,"-22.9444","-43.1814"
123,123-JARDIM DE ALAH X CANDELARIA (CIRCULAR),Fetranspor,194,20282288,"-22.9448","-43.1816"
123,123-JARDIM DE ALAH X CANDELARIA (CIRCULAR),Fetranspor,195,20282288,"-22.945","-43.1816"
123,123-JARDIM DE ALAH X CANDELARIA (CIRCULAR),Fetranspor,196,20282288,"-22.9454","-43.1817"
123,123-JARDIM DE ALAH X CANDELARIA (CIRCULAR),Fetranspor,197,20282288,"-22.9459","-43.1818"
123,123-JARDIM DE ALAH X CANDELARIA (CIRCULAR),Fetranspor,198,20282288,"-22.946","-43.1818"
123,123-JARDIM DE ALAH X CANDELARIA (CIRCULAR),Fetranspor,199,20282288,"-22.946","-43.1818"
123,123-JARDIM DE ALAH X CANDELARIA (CIRCULAR),Fetranspor,200,20282288,"-22.9461","-43.1818"
123,123-JARDIM DE ALAH X CANDELARIA (CIRCULAR),Fetranspor,201,20282288,"-22.9467","-43.1818"
123,123-JARDIM DE ALAH X CANDELARIA (CIRCULAR),Fetranspor,202,20282288,"-22.9471","-43.1818"
123,123-JARDIM DE ALAH X CANDELARIA (CIRCULAR),Fetranspor,203,20282288,"-22.9475","-43.1817"
123,123-JARDIM DE ALAH X CANDELARIA (CIRCULAR),Fetranspor,204,20282288,"-22.9477","-43.1816"
123,123-JARDIM DE ALAH X CANDELARIA (CIRCULAR),Fetranspor,205,20282288,"-22.9477","-43.1816"
123,123-JARDIM DE ALAH X CANDELARIA (CIRCULAR),Fetranspor,206,20282288,"-22.9477","-43.1816"
123,123-JARDIM DE ALAH X CANDELARIA (CIRCULAR),Fetranspor,207,20282288,"-22.9481","-43.1815"
123,123-JARDIM DE ALAH X CANDELARIA (CIRCULAR),Fetranspor,208,20282288,"-22.9483","-43.1814"
123,123-JARDIM DE ALAH X CANDELARIA (CIRCULAR),Fetranspor,209,20282288,"-22.9485","-43.1812"
123,123-JARDIM DE ALAH X CANDELARIA (CIRCULAR),Fetranspor,210,20282288,"-22.9488","-43.181"
123,123-JARDIM DE ALAH X CANDELARIA (CIRCULAR),Fetranspor,211,20282288,"-22.949","-43.1809"
123,123-JARDIM DE ALAH X CANDELARIA (CIRCULAR),Fetranspor,212,20282288,"-22.949","-43.1809"
123,123-JARDIM DE ALAH X CANDELARIA (CIRCULAR),Fetranspor,213,20282288,"-22.9494","-43.1806"
123,123-JARDIM DE ALAH X CANDELARIA (CIRCULAR),Fetranspor,214,20282288,"-22.9494","-43.1806"
123,123-JARDIM DE ALAH X CANDELARIA (CIRCULAR),Fetranspor,215,20282288,"-22.9496","-43.1805"
123,123-JARDIM DE ALAH X CANDELARIA (CIRCULAR),Fetranspor,216,20282288,"-22.9498","-43.1804"
123,123-JARDIM DE ALAH X CANDELARIA (CIRCULAR),Fetranspor,217,20282288,"-22.9498","-43.1804"
123,123-JARDIM DE ALAH X CANDELARIA (CIRCULAR),Fetranspor,218,20282288,"-22.95","-43.1803"
123,123-JARDIM DE ALAH X CANDELARIA (CIRCULAR),Fetranspor,219,20282288,"-22.9503","-43.1802"
123,123-JARDIM DE ALAH X CANDELARIA (CIRCULAR),Fetranspor,220,20282288,"-22.9503","-43.1802"
123,123-JARDIM DE ALAH X CANDELARIA (CIRCULAR),Fetranspor,221,20282288,"-22.9508","-43.18"
123,123-JARDIM DE ALAH X CANDELARIA (CIRCULAR),Fetranspor,222,20282288,"-22.9508","-43.1799"
123,123-JARDIM DE ALAH X CANDELARIA (CIRCULAR),Fetranspor,223,20282288,"-22.9508","-43.1799"
123,123-JARDIM DE ALAH X CANDELARIA (CIRCULAR),Fetranspor,224,20282288,"-22.9512","-43.1798"
123,123-JARDIM DE ALAH X CANDELARIA (CIRCULAR),Fetranspor,225,20282288,"-22.9512","-43.1798"
123,123-JARDIM DE ALAH X CANDELARIA (CIRCULAR),Fetranspor,226,20282288,"-22.952","-43.1795"
123,123-JARDIM DE ALAH X CANDELARIA (CIRCULAR),Fetranspor,227,20282288,"-22.9522","-43.1794"
123,123-JARDIM DE ALAH X CANDELARIA (CIRCULAR),Fetranspor,228,20282288,"-22.9523","-43.1793"
123,123-JARDIM DE ALAH X CANDELARIA (CIRCULAR),Fetranspor,229,20282288,"-22.9528","-43.1792"
123,123-JARDIM DE ALAH X CANDELARIA (CIRCULAR),Fetranspor,230,20282288,"-22.9529","-43.1791"
123,123-JARDIM DE ALAH X CANDELARIA (CIRCULAR),Fetranspor,231,20282288,"-22.9529","-43.1791"
123,123-JARDIM DE ALAH X CANDELARIA (CIRCULAR),Fetranspor,232,20282288,"-22.953","-43.1791"
123,123-JARDIM DE ALAH X CANDELARIA (CIRCULAR),Fetranspor,233,20282288,"-22.953","-43.1791"
123,123-JARDIM DE ALAH X CANDELARIA (CIRCULAR),Fetranspor,234,20282288,"-22.9534","-43.1789"
123,123-JARDIM DE ALAH X CANDELARIA (CIRCULAR),Fetranspor,235,20282288,"-22.9534","-43.1789"
123,123-JARDIM DE ALAH X CANDELARIA (CIRCULAR),Fetranspor,236,20282288,"-22.9539","-43.1787"
123,123-JARDIM DE ALAH X CANDELARIA (CIRCULAR),Fetranspor,237,20282288,"-22.9539","-43.1787"
123,123-JARDIM DE ALAH X CANDELARIA (CIRCULAR),Fetranspor,238,20282288,"-22.9542","-43.1786"
123,123-JARDIM DE ALAH X CANDELARIA (CIRCULAR),Fetranspor,239,20282288,"-22.9542","-43.1786"
123,123-JARDIM DE ALAH X CANDELARIA (CIRCULAR),Fetranspor,240,20282288,"-22.9549","-43.1783"
123,123-JARDIM DE ALAH X CANDELARIA (CIRCULAR),Fetranspor,241,20282288,"-22.9551","-43.1782"
123,123-JARDIM DE ALAH X CANDELARIA (CIRCULAR),Fetranspor,242,20282288,"-22.9555","-43.178"
123,123-JARDIM DE ALAH X CANDELARIA (CIRCULAR),Fetranspor,243,20282288,"-22.9559","-43.1778"
123,123-JARDIM DE ALAH X CANDELARIA (CIRCULAR),Fetranspor,244,20282288,"-22.9559","-43.1778"
123,123-JARDIM DE ALAH X CANDELARIA (CIRCULAR),Fetranspor,245,20282288,"-22.9562","-43.1777"
123,123-JARDIM DE ALAH X CANDELARIA (CIRCULAR),Fetranspor,246,20282288,"-22.9564","-43.1777"
123,123-JARDIM DE ALAH X CANDELARIA (CIRCULAR),Fetranspor,247,20282288,"-22.9564","-43.1777"
123,123-JARDIM DE ALAH X CANDELARIA (CIRCULAR),Fetranspor,248,20282288,"-22.957","-43.1776"
123,123-JARDIM DE ALAH X CANDELARIA (CIRCULAR),Fetranspor,249,20282288,"-22.9578","-43.1775"
123,123-JARDIM DE ALAH X CANDELARIA (CIRCULAR),Fetranspor,250,20282288,"-22.9581","-43.1774"
123,123-JARDIM DE ALAH X CANDELARIA (CIRCULAR),Fetranspor,251,20282288,"-22.9584","-43.1773"
123,123-JARDIM DE ALAH X CANDELARIA (CIRCULAR),Fetranspor,252,20282288,"-22.9588","-43.177"
123,123-JARDIM DE ALAH X CANDELARIA (CIRCULAR),Fetranspor,253,20282288,"-22.9588","-43.177"
123,123-JARDIM DE ALAH X CANDELARIA (CIRCULAR),Fetranspor,254,20282288,"-22.9608","-43.1759"
123,123-JARDIM DE ALAH X CANDELARIA (CIRCULAR),Fetranspor,255,20282288,"-22.9608","-43.1759"
123,123-JARDIM DE ALAH X CANDELARIA (CIRCULAR),Fetranspor,256,20282288,"-22.9614","-43.1756"
123,123-JARDIM DE ALAH X CANDELARIA (CIRCULAR),Fetranspor,257,20282288,"-22.9614","-43.1756"
123,123-JARDIM DE ALAH X CANDELARIA (CIRCULAR),Fetranspor,258,20282288,"-22.9614","-43.1756"
123,123-JARDIM DE ALAH X CANDELARIA (CIRCULAR),Fetranspor,259,20282288,"-22.9614","-43.1756"
123,123-JARDIM DE ALAH X CANDELARIA (CIRCULAR),Fetranspor,260,20282288,"-22.9615","-43.1756"
123,123-JARDIM DE ALAH X CANDELARIA (CIRCULAR),Fetranspor,261,20282288,"-22.9616","-43.1757"
123,123-JARDIM DE ALAH X CANDELARIA (CIRCULAR),Fetranspor,262,20282288,"-22.9622","-43.1759"
123,123-JARDIM DE ALAH X CANDELARIA (CIRCULAR),Fetranspor,263,20282288,"-22.9622","-43.1759"
123,123-JARDIM DE ALAH X CANDELARIA (CIRCULAR),Fetranspor,264,20282288,"-22.9628","-43.1768"
123,123-JARDIM DE ALAH X CANDELARIA (CIRCULAR),Fetranspor,265,20282288,"-22.9628","-43.1768"
123,123-JARDIM DE ALAH X CANDELARIA (CIRCULAR),Fetranspor,266,20282288,"-22.9634","-43.1777"
123,123-JARDIM DE ALAH X CANDELARIA (CIRCULAR),Fetranspor,267,20282288,"-22.9634","-43.1777"
123,123-JARDIM DE ALAH X CANDELARIA (CIRCULAR),Fetranspor,268,20282288,"-22.9641","-43.1788"
123,123-JARDIM DE ALAH X CANDELARIA (CIRCULAR),Fetranspor,269,20282288,"-22.9641","-43.1788"
123,123-JARDIM DE ALAH X CANDELARIA (CIRCULAR),Fetranspor,270,20282288,"-22.9647","-43.1798"
123,123-JARDIM DE ALAH X CANDELARIA (CIRCULAR),Fetranspor,271,20282288,"-22.9647","-43.1798"
123,123-JARDIM DE ALAH X CANDELARIA (CIRCULAR),Fetranspor,272,20282288,"-22.9648","-43.1798"
123,123-JARDIM DE ALAH X CANDELARIA (CIRCULAR),Fetranspor,273,20282288,"-22.9648","-43.1798"
123,123-JARDIM DE ALAH X CANDELARIA (CIRCULAR),Fetranspor,274,20282288,"-22.9654","-43.1808"
123,123-JARDIM DE ALAH X CANDELARIA (CIRCULAR),Fetranspor,275,20282288,"-22.9654","-43.1808"
123,123-JARDIM DE ALAH X CANDELARIA (CIRCULAR),Fetranspor,276,20282288,"-22.9657","-43.1812"
123,123-JARDIM DE ALAH X CANDELARIA (CIRCULAR),Fetranspor,277,20282288,"-22.9657","-43.1812"
123,123-JARDIM DE ALAH X CANDELARIA (CIRCULAR),Fetranspor,278,20282288,"-22.966","-43.1817"
123,123-JARDIM DE ALAH X CANDELARIA (CIRCULAR),Fetranspor,279,20282288,"-22.966","-43.1817"
123,123-JARDIM DE ALAH X CANDELARIA (CIRCULAR),Fetranspor,280,20282288,"-22.9665","-43.1824"
123,123-JARDIM DE ALAH X CANDELARIA (CIRCULAR),Fetranspor,281,20282288,"-22.9666","-43.1826"
123,123-JARDIM DE ALAH X CANDELARIA (CIRCULAR),Fetranspor,282,20282288,"-22.9666","-43.1826"
123,123-JARDIM DE ALAH X CANDELARIA (CIRCULAR),Fetranspor,283,20282288,"-22.9669","-43.1831"
123,123-JARDIM DE ALAH X CANDELARIA (CIRCULAR),Fetranspor,284,20282288,"-22.9672","-43.1836"
123,123-JARDIM DE ALAH X CANDELARIA (CIRCULAR),Fetranspor,285,20282288,"-22.9672","-43.1836"
123,123-JARDIM DE ALAH X CANDELARIA (CIRCULAR),Fetranspor,286,20282288,"-22.9673","-43.1837"
123,123-JARDIM DE ALAH X CANDELARIA (CIRCULAR),Fetranspor,287,20282288,"-22.9677","-43.1844"
123,123-JARDIM DE ALAH X CANDELARIA (CIRCULAR),Fetranspor,288,20282288,"-22.9677","-43.1844"
123,123-JARDIM DE ALAH X CANDELARIA (CIRCULAR),Fetranspor,289,20282288,"-22.9683","-43.1852"
123,123-JARDIM DE ALAH X CANDELARIA (CIRCULAR),Fetranspor,290,20282288,"-22.9683","-43.1852"
123,123-JARDIM DE ALAH X CANDELARIA (CIRCULAR),Fetranspor,291,20282288,"-22.9691","-43.1865"
123,123-JARDIM DE ALAH X CANDELARIA (CIRCULAR),Fetranspor,292,20282288,"-22.9693","-43.1868"
123,123-JARDIM DE ALAH X CANDELARIA (CIRCULAR),Fetranspor,293,20282288,"-22.9693","-43.1868"
123,123-JARDIM DE ALAH X CANDELARIA (CIRCULAR),Fetranspor,294,20282288,"-22.9698","-43.1875"
123,123-JARDIM DE ALAH X CANDELARIA (CIRCULAR),Fetranspor,295,20282288,"-22.9698","-43.1875"
123,123-JARDIM DE ALAH X CANDELARIA (CIRCULAR),Fetranspor,296,20282288,"-22.9703","-43.1883"
123,123-JARDIM DE ALAH X CANDELARIA (CIRCULAR),Fetranspor,297,20282288,"-22.9703","-43.1883"
123,123-JARDIM DE ALAH X CANDELARIA (CIRCULAR),Fetranspor,298,20282288,"-22.9706","-43.1886"
123,123-JARDIM DE ALAH X CANDELARIA (CIRCULAR),Fetranspor,299,20282288,"-22.9708","-43.1888"
123,123-JARDIM DE ALAH X CANDELARIA (CIRCULAR),Fetranspor,300,20282288,"-22.9713","-43.1893"
123,123-JARDIM DE ALAH X CANDELARIA (CIRCULAR),Fetranspor,301,20282288,"-22.9713","-43.1893"
123,123-JARDIM DE ALAH X CANDELARIA (CIRCULAR),Fetranspor,302,20282288,"-22.9721","-43.19"
123,123-JARDIM DE ALAH X CANDELARIA (CIRCULAR),Fetranspor,303,20282288,"-22.9721","-43.19"
123,123-JARDIM DE ALAH X CANDELARIA (CIRCULAR),Fetranspor,304,20282288,"-22.9729","-43.1908"
123,123-JARDIM DE ALAH X CANDELARIA (CIRCULAR),Fetranspor,305,20282288,"-22.9729","-43.1908"
123,123-JARDIM DE ALAH X CANDELARIA (CIRCULAR),Fetranspor,306,20282288,"-22.974","-43.1914"
123,123-JARDIM DE ALAH X CANDELARIA (CIRCULAR),Fetranspor,307,20282288,"-22.9743","-43.1916"
123,123-JARDIM DE ALAH X CANDELARIA (CIRCULAR),Fetranspor,308,20282288,"-22.9743","-43.1916"
123,123-JARDIM DE ALAH X CANDELARIA (CIRCULAR),Fetranspor,309,20282288,"-22.9746","-43.1917"
123,123-JARDIM DE ALAH X CANDELARIA (CIRCULAR),Fetranspor,310,20282288,"-22.9756","-43.1923"
123,123-JARDIM DE ALAH X CANDELARIA (CIRCULAR),Fetranspor,311,20282288,"-22.9757","-43.1923"
123,123-JARDIM DE ALAH X CANDELARIA (CIRCULAR),Fetranspor,312,20282288,"-22.9757","-43.1923"
123,123-JARDIM DE ALAH X CANDELARIA (CIRCULAR),Fetranspor,313,20282288,"-22.9763","-43.1925"
123,123-JARDIM DE ALAH X CANDELARIA (CIRCULAR),Fetranspor,314,20282288,"-22.9764","-43.1925"
123,123-JARDIM DE ALAH X CANDELARIA (CIRCULAR),Fetranspor,315,20282288,"-22.9764","-43.1925"
123,123-JARDIM DE ALAH X CANDELARIA (CIRCULAR),Fetranspor,316,20282288,"-22.9764","-43.1925"
123,123-JARDIM DE ALAH X CANDELARIA (CIRCULAR),Fetranspor,317,20282288,"-22.9774","-43.1927"
123,123-JARDIM DE ALAH X CANDELARIA (CIRCULAR),Fetranspor,318,20282288,"-22.9774","-43.1927"
123,123-JARDIM DE ALAH X CANDELARIA (CIRCULAR),Fetranspor,319,20282288,"-22.9779","-43.1929"
123,123-JARDIM DE ALAH X CANDELARIA (CIRCULAR),Fetranspor,320,20282288,"-22.9779","-43.1929"
123,123-JARDIM DE ALAH X CANDELARIA (CIRCULAR),Fetranspor,321,20282288,"-22.978","-43.1929"
123,123-JARDIM DE ALAH X CANDELARIA (CIRCULAR),Fetranspor,322,20282288,"-22.9782","-43.193"
123,123-JARDIM DE ALAH X CANDELARIA (CIRCULAR),Fetranspor,323,20282288,"-22.9786","-43.193"
123,123-JARDIM DE ALAH X CANDELARIA (CIRCULAR),Fetranspor,324,20282288,"-22.9789","-43.193"
123,123-JARDIM DE ALAH X CANDELARIA (CIRCULAR),Fetranspor,325,20282288,"-22.9793","-43.193"
123,123-JARDIM DE ALAH X CANDELARIA (CIRCULAR),Fetranspor,326,20282288,"-22.9795","-43.1929"
123,123-JARDIM DE ALAH X CANDELARIA (CIRCULAR),Fetranspor,327,20282288,"-22.98","-43.1929"
123,123-JARDIM DE ALAH X CANDELARIA (CIRCULAR),Fetranspor,328,20282288,"-22.9802","-43.1928"
123,123-JARDIM DE ALAH X CANDELARIA (CIRCULAR),Fetranspor,329,20282288,"-22.9806","-43.1927"
123,123-JARDIM DE ALAH X CANDELARIA (CIRCULAR),Fetranspor,330,20282288,"-22.9806","-43.1927"
123,123-JARDIM DE ALAH X CANDELARIA (CIRCULAR),Fetranspor,331,20282288,"-22.9812","-43.1926"
123,123-JARDIM DE ALAH X CANDELARIA (CIRCULAR),Fetranspor,332,20282288,"-22.9812","-43.1926"
123,123-JARDIM DE ALAH X CANDELARIA (CIRCULAR),Fetranspor,333,20282288,"-22.982","-43.1923"
123,123-JARDIM DE ALAH X CANDELARIA (CIRCULAR),Fetranspor,334,20282288,"-22.982","-43.1923"
123,123-JARDIM DE ALAH X CANDELARIA (CIRCULAR),Fetranspor,335,20282288,"-22.9828","-43.192"
123,123-JARDIM DE ALAH X CANDELARIA (CIRCULAR),Fetranspor,336,20282288,"-22.9832","-43.1919"
123,123-JARDIM DE ALAH X CANDELARIA (CIRCULAR),Fetranspor,337,20282288,"-22.9832","-43.1919"
123,123-JARDIM DE ALAH X CANDELARIA (CIRCULAR),Fetranspor,338,20282288,"-22.9841","-43.1917"
123,123-JARDIM DE ALAH X CANDELARIA (CIRCULAR),Fetranspor,339,20282288,"-22.9842","-43.1917"
123,123-JARDIM DE ALAH X CANDELARIA (CIRCULAR),Fetranspor,340,20282288,"-22.9842","-43.1917"
123,123-JARDIM DE ALAH X CANDELARIA (CIRCULAR),Fetranspor,341,20282288,"-22.985","-43.1914"
123,123-JARDIM DE ALAH X CANDELARIA (CIRCULAR),Fetranspor,342,20282288,"-22.985","-43.1914"
123,123-JARDIM DE ALAH X CANDELARIA (CIRCULAR),Fetranspor,343,20282288,"-22.9852","-43.1919"
123,123-JARDIM DE ALAH X CANDELARIA (CIRCULAR),Fetranspor,344,20282288,"-22.9853","-43.1924"
123,123-JARDIM DE ALAH X CANDELARIA (CIRCULAR),Fetranspor,345,20282288,"-22.9853","-43.1924"
123,123-JARDIM DE ALAH X CANDELARIA (CIRCULAR),Fetranspor,346,20282288,"-22.9855","-43.1929"
123,123-JARDIM DE ALAH X CANDELARIA (CIRCULAR),Fetranspor,347,20282288,"-22.9855","-43.1929"
123,123-JARDIM DE ALAH X CANDELARIA (CIRCULAR),Fetranspor,348,20282288,"-22.9858","-43.1943"
123,123-JARDIM DE ALAH X CANDELARIA (CIRCULAR),Fetranspor,349,20282288,"-22.9858","-43.1943"
123,123-JARDIM DE ALAH X CANDELARIA (CIRCULAR),Fetranspor,350,20282288,"-22.986","-43.195"
123,123-JARDIM DE ALAH X CANDELARIA (CIRCULAR),Fetranspor,351,20282288,"-22.986","-43.195"
123,123-JARDIM DE ALAH X CANDELARIA (CIRCULAR),Fetranspor,352,20282288,"-22.9864","-43.1963"
123,123-JARDIM DE ALAH X CANDELARIA (CIRCULAR),Fetranspor,353,20282288,"-22.9864","-43.1963"
123,123-JARDIM DE ALAH X CANDELARIA (CIRCULAR),Fetranspor,354,20282288,"-22.9859","-43.1968"
123,123-JARDIM DE ALAH X CANDELARIA (CIRCULAR),Fetranspor,355,20282288,"-22.9859","-43.1968"
123,123-JARDIM DE ALAH X CANDELARIA (CIRCULAR),Fetranspor,356,20282288,"-22.9858","-43.1969"
123,123-JARDIM DE ALAH X CANDELARIA (CIRCULAR),Fetranspor,357,20282288,"-22.9857","-43.197"
123,123-JARDIM DE ALAH X CANDELARIA (CIRCULAR),Fetranspor,358,20282288,"-22.9857","-43.1971"
123,123-JARDIM DE ALAH X CANDELARIA (CIRCULAR),Fetranspor,359,20282288,"-22.9857","-43.1971"
123,123-JARDIM DE ALAH X CANDELARIA (CIRCULAR),Fetranspor,360,20282288,"-22.9857","-43.1975"
123,123-JARDIM DE ALAH X CANDELARIA (CIRCULAR),Fetranspor,361,20282288,"-22.9857","-43.1975"
123,123-JARDIM DE ALAH X CANDELARIA (CIRCULAR),Fetranspor,362,20282288,"-22.9856","-43.1987"
123,123-JARDIM DE ALAH X CANDELARIA (CIRCULAR),Fetranspor,363,20282288,"-22.9856","-43.1987"
123,123-JARDIM DE ALAH X CANDELARIA (CIRCULAR),Fetranspor,364,20282288,"-22.9855","-43.2008"
123,123-JARDIM DE ALAH X CANDELARIA (CIRCULAR),Fetranspor,365,20282288,"-22.9855","-43.2008"
123,123-JARDIM DE ALAH X CANDELARIA (CIRCULAR),Fetranspor,366,20282288,"-22.9854","-43.2025"
123,123-JARDIM DE ALAH X CANDELARIA (CIRCULAR),Fetranspor,367,20282288,"-22.9854","-43.2029"
123,123-JARDIM DE ALAH X CANDELARIA (CIRCULAR),Fetranspor,368,20282288,"-22.9854","-43.2029"
123,123-JARDIM DE ALAH X CANDELARIA (CIRCULAR),Fetranspor,369,20282288,"-22.9854","-43.2037"
123,123-JARDIM DE ALAH X CANDELARIA (CIRCULAR),Fetranspor,370,20282288,"-22.9853","-43.2046"
123,123-JARDIM DE ALAH X CANDELARIA (CIRCULAR),Fetranspor,371,20282288,"-22.9853","-43.205"
123,123-JARDIM DE ALAH X CANDELARIA (CIRCULAR),Fetranspor,372,20282288,"-22.9853","-43.205"
123,123-JARDIM DE ALAH X CANDELARIA (CIRCULAR),Fetranspor,373,20282288,"-22.9852","-43.2057"
123,123-JARDIM DE ALAH X CANDELARIA (CIRCULAR),Fetranspor,374,20282288,"-22.9852","-43.2069"
123,123-JARDIM DE ALAH X CANDELARIA (CIRCULAR),Fetranspor,375,20282288,"-22.9852","-43.2072"
123,123-JARDIM DE ALAH X CANDELARIA (CIRCULAR),Fetranspor,376,20282288,"-22.9852","-43.2072"
123,123-JARDIM DE ALAH X CANDELARIA (CIRCULAR),Fetranspor,377,20282288,"-22.9851","-43.2083"
123,123-JARDIM DE ALAH X CANDELARIA (CIRCULAR),Fetranspor,378,20282288,"-22.9851","-43.2093"
123,123-JARDIM DE ALAH X CANDELARIA (CIRCULAR),Fetranspor,379,20282288,"-22.9851","-43.2093"
123,123-JARDIM DE ALAH X CANDELARIA (CIRCULAR),Fetranspor,380,20282288,"-22.985","-43.2094"
123,123-JARDIM DE ALAH X CANDELARIA (CIRCULAR),Fetranspor,381,20282288,"-22.985","-43.2106"
123,123-JARDIM DE ALAH X CANDELARIA (CIRCULAR),Fetranspor,382,20282288,"-22.9849","-43.2114"
123,123-JARDIM DE ALAH X CANDELARIA (CIRCULAR),Fetranspor,383,20282288,"-22.9849","-43.2114"
123,123-JARDIM DE ALAH X CANDELARIA (CIRCULAR),Fetranspor,384,20282288,"-22.9849","-43.2126"
123,123-JARDIM DE ALAH X CANDELARIA (CIRCULAR),Fetranspor,385,20282288,"-22.9848","-43.2135"
123,123-JARDIM DE ALAH X CANDELARIA (CIRCULAR),Fetranspor,386,20282288,"-22.9848","-43.2135"
123,123-JARDIM DE ALAH X CANDELARIA (CIRCULAR),Fetranspor,387,20282288,"-22.9848","-43.2143"
123,123-JARDIM DE ALAH X CANDELARIA (CIRCULAR),Fetranspor,388,20282288,"-22.9848","-43.2143"
123,123-JARDIM DE ALAH X CANDELARIA (CIRCULAR),Fetranspor,389,20282288,"-22.9848","-43.2148"
123,123-JARDIM DE ALAH X CANDELARIA (CIRCULAR),Fetranspor,390,20282288,"-22.9847","-43.2149"
123,123-JARDIM DE ALAH X CANDELARIA (CIRCULAR),Fetranspor,391,20282288,"-22.9847","-43.2149"
123,123-JARDIM DE ALAH X CANDELARIA (CIRCULAR),Fetranspor,392,20282288,"-22.9847","-43.2151"
123,123-JARDIM DE ALAH X CANDELARIA (CIRCULAR),Fetranspor,393,20282288,"-22.9847","-43.2156"
123,123-JARDIM DE ALAH X CANDELARIA (CIRCULAR),Fetranspor,394,20282288,"-22.9847","-43.2156"
123,123-JARDIM DE ALAH X CANDELARIA (CIRCULAR),Fetranspor,395,20282288,"-22.9847","-43.216"
123,123-JARDIM DE ALAH X CANDELARIA (CIRCULAR),Fetranspor,396,20282288,"-22.9847","-43.216"
123,123-JARDIM DE ALAH X CANDELARIA (CIRCULAR),Fetranspor,397,20282288,"-22.9847","-43.2168"
123,123-JARDIM DE ALAH X CANDELARIA (CIRCULAR),Fetranspor,398,20282288,"-22.9847","-43.2168"
123,123-JARDIM DE ALAH X CANDELARIA (CIRCULAR),Fetranspor,399,20282288,"-22.9847","-43.2169"
123,123-JARDIM DE ALAH X CANDELARIA (CIRCULAR),Fetranspor,400,20282288,"-22.9847","-43.2175"
123,123-JARDIM DE ALAH X CANDELARIA (CIRCULAR),Fetranspor,401,20282288,"-22.9847","-43.2176"
123,123-JARDIM DE ALAH X CANDELARIA (CIRCULAR),Fetranspor,402,20282288,"-22.9847","-43.2176"
123,123-JARDIM DE ALAH X CANDELARIA (CIRCULAR),Fetranspor,403,20282288,"-22.9836","-43.2178"
123,123-JARDIM DE ALAH X CANDELARIA (CIRCULAR),Fetranspor,404,20282288,"-22.9836","-43.2178"
123,123-JARDIM DE ALAH X CANDELARIA (CIRCULAR),Fetranspor,405,20282288,"-22.9829","-43.2179"
123,123-JARDIM DE ALAH X CANDELARIA (CIRCULAR),Fetranspor,406,20282288,"-22.9828","-43.2179"
123,123-JARDIM DE ALAH X CANDELARIA (CIRCULAR),Fetranspor,407,20282288,"-22.9828","-43.2179"
123,123-JARDIM DE ALAH X CANDELARIA (CIRCULAR),Fetranspor,408,20282288,"-22.9824","-43.218"
123,123-JARDIM DE ALAH X CANDELARIA (CIRCULAR),Fetranspor,409,20282288,"-22.9815","-43.2181"
123,123-JARDIM DE ALAH X CANDELARIA (CIRCULAR),Fetranspor,410,20282288,"-22.9815","-43.2181"
123,123-JARDIM DE ALAH X CANDELARIA (CIRCULAR),Fetranspor,411,20282288,"-22.9814","-43.2175"
123,123-JARDIM DE ALAH X CANDELARIA (CIRCULAR),Fetranspor,412,20282288,"-22.9814","-43.2171"
123,123-JARDIM DE ALAH X CANDELARIA (CIRCULAR),Fetranspor,413,20282288,"-22.9814","-43.2167"
123,123-JARDIM DE ALAH X CANDELARIA (CIRCULAR),Fetranspor,414,20282288,"-22.9815","-43.2164"
123,123-JARDIM DE ALAH X CANDELARIA (CIRCULAR),Fetranspor,415,20282288,"-22.9815","-43.2161"
123,123-JARDIM DE ALAH X CANDELARIA (CIRCULAR),Fetranspor,416,20282288,"-22.9816","-43.2158"
123,123-JARDIM DE ALAH X CANDELARIA (CIRCULAR),Fetranspor,417,20282288,"-22.9818","-43.2152"
123,123-JARDIM DE ALAH X CANDELARIA (CIRCULAR),Fetranspor,418,20282288,"-22.9818","-43.2151"
123,123-JARDIM DE ALAH X CANDELARIA (CIRCULAR),Fetranspor,419,20282288,"-22.9818","-43.2151"
123,123-JARDIM DE ALAH X CANDELARIA (CIRCULAR),Fetranspor,420,20282288,"-22.9818","-43.215"
123,123-JARDIM DE ALAH X CANDELARIA (CIRCULAR),Fetranspor,421,20282288,"-22.9818","-43.215"
123,123-JARDIM DE ALAH X CANDELARIA (CIRCULAR),Fetranspor,422,20282288,"-22.9815","-43.2148"
123,123-JARDIM DE ALAH X CANDELARIA (CIRCULAR),Fetranspor,423,20282288,"-22.9809","-43.2147"
123,123-JARDIM DE ALAH X CANDELARIA (CIRCULAR),Fetranspor,424,20282288,"-22.9804","-43.2145"
123,123-JARDIM DE ALAH X CANDELARIA (CIRCULAR),Fetranspor,425,20282288,"-22.9804","-43.2145"
123,123-JARDIM DE ALAH X CANDELARIA (CIRCULAR),Fetranspor,426,20282288,"-22.9805","-43.2133"
123,123-JARDIM DE ALAH X CANDELARIA (CIRCULAR),Fetranspor,427,20282288,"-22.9805","-43.2128"
123,123-JARDIM DE ALAH X CANDELARIA (CIRCULAR),Fetranspor,428,20282288,"-22.9805","-43.2128"
123,123-JARDIM DE ALAH X CANDELARIA (CIRCULAR),Fetranspor,429,20282288,"-22.9805","-43.2129"
123,123-JARDIM DE ALAH X CANDELARIA (CIRCULAR),Fetranspor,430,20282288,"-22.9806","-43.2131"
123,123-JARDIM DE ALAH X CANDELARIA (CIRCULAR),Fetranspor,431,20282288,"-22.9808","-43.2133"
123,123-JARDIM DE ALAH X CANDELARIA (CIRCULAR),Fetranspor,432,20282288,"-22.9808","-43.2133"
123,123-JARDIM DE ALAH X CANDELARIA (CIRCULAR),Fetranspor,433,20282288,"-22.9809","-43.2134"
123,123-JARDIM DE ALAH X CANDELARIA (CIRCULAR),Fetranspor,434,20282288,"-22.9811","-43.2134"
123,123-JARDIM DE ALAH X CANDELARIA (CIRCULAR),Fetranspor,435,20282288,"-22.9811","-43.2134"
123,123-JARDIM DE ALAH X CANDELARIA (CIRCULAR),Fetranspor,436,20282288,"-22.9816","-43.2137"
123,123-JARDIM DE ALAH X CANDELARIA (CIRCULAR),Fetranspor,437,20282288,"-22.9816","-43.2137"
123,123-JARDIM DE ALAH X CANDELARIA (CIRCULAR),Fetranspor,438,20282288,"-22.9818","-43.2137"
123,123-JARDIM DE ALAH X CANDELARIA (CIRCULAR),Fetranspor,439,20282288,"-22.9821","-43.2139"
123,123-JARDIM DE ALAH X CANDELARIA (CIRCULAR),Fetranspor,0,20282559,"-22.9847","-43.2168"
123,123-JARDIM DE ALAH X CANDELARIA (CIRCULAR),Fetranspor,1,20282559,"-22.9847","-43.2169"
123,123-JARDIM DE ALAH X CANDELARIA (CIRCULAR),Fetranspor,2,20282559,"-22.9847","-43.2175"
123,123-JARDIM DE ALAH X CANDELARIA (CIRCULAR),Fetranspor,3,20282559,"-22.9847","-43.2176"
123,123-JARDIM DE ALAH X CANDELARIA (CIRCULAR),Fetranspor,4,20282559,"-22.9847","-43.2176"
123,123-JARDIM DE ALAH X CANDELARIA (CIRCULAR),Fetranspor,5,20282559,"-22.9836","-43.2178"
123,123-JARDIM DE ALAH X CANDELARIA (CIRCULAR),Fetranspor,6,20282559,"-22.9836","-43.2178"
123,123-JARDIM DE ALAH X CANDELARIA (CIRCULAR),Fetranspor,7,20282559,"-22.9829","-43.2179"
123,123-JARDIM DE ALAH X CANDELARIA (CIRCULAR),Fetranspor,8,20282559,"-22.9828","-43.2179"
123,123-JARDIM DE ALAH X CANDELARIA (CIRCULAR),Fetranspor,9,20282559,"-22.9828","-43.2179"
123,123-JARDIM DE ALAH X CANDELARIA (CIRCULAR),Fetranspor,10,20282559,"-22.9824","-43.218"
123,123-JARDIM DE ALAH X CANDELARIA (CIRCULAR),Fetranspor,11,20282559,"-22.9815","-43.2181"
123,123-JARDIM DE ALAH X CANDELARIA (CIRCULAR),Fetranspor,12,20282559,"-22.9815","-43.2181"
123,123-JARDIM DE ALAH X CANDELARIA (CIRCULAR),Fetranspor,13,20282559,"-22.9814","-43.2175"
123,123-JARDIM DE ALAH X CANDELARIA (CIRCULAR),Fetranspor,14,20282559,"-22.9814","-43.2171"
123,123-JARDIM DE ALAH X CANDELARIA (CIRCULAR),Fetranspor,15,20282559,"-22.9814","-43.2167"
123,123-JARDIM DE ALAH X CANDELARIA (CIRCULAR),Fetranspor,16,20282559,"-22.9815","-43.2164"
123,123-JARDIM DE ALAH X CANDELARIA (CIRCULAR),Fetranspor,17,20282559,"-22.9815","-43.2161"
123,123-JARDIM DE ALAH X CANDELARIA (CIRCULAR),Fetranspor,18,20282559,"-22.9816","-43.2158"
123,123-JARDIM DE ALAH X CANDELARIA (CIRCULAR),Fetranspor,19,20282559,"-22.9818","-43.2152"
123,123-JARDIM DE ALAH X CANDELARIA (CIRCULAR),Fetranspor,20,20282559,"-22.9818","-43.2151"
123,123-JARDIM DE ALAH X CANDELARIA (CIRCULAR),Fetranspor,21,20282559,"-22.9818","-43.2151"
123,123-JARDIM DE ALAH X CANDELARIA (CIRCULAR),Fetranspor,22,20282559,"-22.9818","-43.215"
123,123-JARDIM DE ALAH X CANDELARIA (CIRCULAR),Fetranspor,23,20282559,"-22.9818","-43.215"
123,123-JARDIM DE ALAH X CANDELARIA (CIRCULAR),Fetranspor,24,20282559,"-22.9815","-43.2148"
123,123-JARDIM DE ALAH X CANDELARIA (CIRCULAR),Fetranspor,25,20282559,"-22.9809","-43.2147"
123,123-JARDIM DE ALAH X CANDELARIA (CIRCULAR),Fetranspor,26,20282559,"-22.9804","-43.2145"
123,123-JARDIM DE ALAH X CANDELARIA (CIRCULAR),Fetranspor,27,20282559,"-22.9804","-43.2145"
123,123-JARDIM DE ALAH X CANDELARIA (CIRCULAR),Fetranspor,28,20282559,"-22.9805","-43.2133"
123,123-JARDIM DE ALAH X CANDELARIA (CIRCULAR),Fetranspor,29,20282559,"-22.9805","-43.2128"
123,123-JARDIM DE ALAH X CANDELARIA (CIRCULAR),Fetranspor,30,20282559,"-22.9805","-43.2128"
123,123-JARDIM DE ALAH X CANDELARIA (CIRCULAR),Fetranspor,31,20282559,"-22.9805","-43.2129"
123,123-JARDIM DE ALAH X CANDELARIA (CIRCULAR),Fetranspor,32,20282559,"-22.9806","-43.2131"
123,123-JARDIM DE ALAH X CANDELARIA (CIRCULAR),Fetranspor,33,20282559,"-22.9808","-43.2133"
123,123-JARDIM DE ALAH X CANDELARIA (CIRCULAR),Fetranspor,34,20282559,"-22.9808","-43.2133"
123,123-JARDIM DE ALAH X CANDELARIA (CIRCULAR),Fetranspor,35,20282559,"-22.9809","-43.2134"
123,123-JARDIM DE ALAH X CANDELARIA (CIRCULAR),Fetranspor,36,20282559,"-22.9811","-43.2134"
123,123-JARDIM DE ALAH X CANDELARIA (CIRCULAR),Fetranspor,37,20282559,"-22.9811","-43.2134"
123,123-JARDIM DE ALAH X CANDELARIA (CIRCULAR),Fetranspor,38,20282559,"-22.9816","-43.2137"
123,123-JARDIM DE ALAH X CANDELARIA (CIRCULAR),Fetranspor,39,20282559,"-22.9816","-43.2137"
123,123-JARDIM DE ALAH X CANDELARIA (CIRCULAR),Fetranspor,40,20282559,"-22.9818","-43.2137"
123,123-JARDIM DE ALAH X CANDELARIA (CIRCULAR),Fetranspor,41,20282559,"-22.9821","-43.2139"
123,123-JARDIM DE ALAH X CANDELARIA (CIRCULAR),Fetranspor,42,20282559,"-22.9821","-43.2139"
123,123-JARDIM DE ALAH X CANDELARIA (CIRCULAR),Fetranspor,43,20282559,"-22.9826","-43.2141"
123,123-JARDIM DE ALAH X CANDELARIA (CIRCULAR),Fetranspor,44,20282559,"-22.9826","-43.2141"
123,123-JARDIM DE ALAH X CANDELARIA (CIRCULAR),Fetranspor,45,20282559,"-22.9837","-43.2145"
123,123-JARDIM DE ALAH X CANDELARIA (CIRCULAR),Fetranspor,46,20282559,"-22.9837","-43.2145"
123,123-JARDIM DE ALAH X CANDELARIA (CIRCULAR),Fetranspor,47,20282559,"-22.9837","-43.2142"
123,123-JARDIM DE ALAH X CANDELARIA (CIRCULAR),Fetranspor,48,20282559,"-22.9837","-43.2142"
123,123-JARDIM DE ALAH X CANDELARIA (CIRCULAR),Fetranspor,49,20282559,"-22.9837","-43.2137"
123,123-JARDIM DE ALAH X CANDELARIA (CIRCULAR),Fetranspor,50,20282559,"-22.9837","-43.2135"
123,123-JARDIM DE ALAH X CANDELARIA (CIRCULAR),Fetranspor,51,20282559,"-22.9837","-43.2135"
123,123-JARDIM DE ALAH X CANDELARIA (CIRCULAR),Fetranspor,52,20282559,"-22.9838","-43.2127"
123,123-JARDIM DE ALAH X CANDELARIA (CIRCULAR),Fetranspor,53,20282559,"-22.9838","-43.2116"
123,123-JARDIM DE ALAH X CANDELARIA (CIRCULAR),Fetranspor,54,20282559,"-22.9839","-43.2113"
123,123-JARDIM DE ALAH X CANDELARIA (CIRCULAR),Fetranspor,55,20282559,"-22.9839","-43.2113"
123,123-JARDIM DE ALAH X CANDELARIA (CIRCULAR),Fetranspor,56,20282559,"-22.984","-43.2092"
123,123-JARDIM DE ALAH X CANDELARIA (CIRCULAR),Fetranspor,57,20282559,"-22.984","-43.2092"
123,123-JARDIM DE ALAH X CANDELARIA (CIRCULAR),Fetranspor,58,20282559,"-22.984","-43.2086"
123,123-JARDIM DE ALAH X CANDELARIA (CIRCULAR),Fetranspor,59,20282559,"-22.9841","-43.2072"
123,123-JARDIM DE ALAH X CANDELARIA (CIRCULAR),Fetranspor,60,20282559,"-22.9841","-43.2071"
123,123-JARDIM DE ALAH X CANDELARIA (CIRCULAR),Fetranspor,61,20282559,"-22.9841","-43.2071"
123,123-JARDIM DE ALAH X CANDELARIA (CIRCULAR),Fetranspor,62,20282559,"-22.9842","-43.2055"
123,123-JARDIM DE ALAH X CANDELARIA (CIRCULAR),Fetranspor,63,20282559,"-22.9842","-43.2052"
123,123-JARDIM DE ALAH X CANDELARIA (CIRCULAR),Fetranspor,64,20282559,"-22.9842","-43.205"
123,123-JARDIM DE ALAH X CANDELARIA (CIRCULAR),Fetranspor,65,20282559,"-22.9842","-43.205"
123,123-JARDIM DE ALAH X CANDELARIA (CIRCULAR),Fetranspor,66,20282559,"-22.9842","-43.2043"
123,123-JARDIM DE ALAH X CANDELARIA (CIRCULAR),Fetranspor,67,20282559,"-22.9843","-43.2034"
123,123-JARDIM DE ALAH X CANDELARIA (CIRCULAR),Fetranspor,68,20282559,"-22.9843","-43.2029"
123,123-JARDIM DE ALAH X CANDELARIA (CIRCULAR),Fetranspor,69,20282559,"-22.9843","-43.2029"
123,123-JARDIM DE ALAH X CANDELARIA (CIRCULAR),Fetranspor,70,20282559,"-22.9844","-43.2007"
123,123-JARDIM DE ALAH X CANDELARIA (CIRCULAR),Fetranspor,71,20282559,"-22.9844","-43.2007"
123,123-JARDIM DE ALAH X CANDELARIA (CIRCULAR),Fetranspor,72,20282559,"-22.9845","-43.1986"
123,123-JARDIM DE ALAH X CANDELARIA (CIRCULAR),Fetranspor,73,20282559,"-22.9845","-43.1986"
123,123-JARDIM DE ALAH X CANDELARIA (CIRCULAR),Fetranspor,74,20282559,"-22.9846","-43.1969"
123,123-JARDIM DE ALAH X CANDELARIA (CIRCULAR),Fetranspor,75,20282559,"-22.9846","-43.1969"
123,123-JARDIM DE ALAH X CANDELARIA (CIRCULAR),Fetranspor,76,20282559,"-22.9847","-43.1952"
123,123-JARDIM DE ALAH X CANDELARIA (CIRCULAR),Fetranspor,77,20282559,"-22.9847","-43.1952"
123,123-JARDIM DE ALAH X CANDELARIA (CIRCULAR),Fetranspor,78,20282559,"-22.9845","-43.1949"
123,123-JARDIM DE ALAH X CANDELARIA (CIRCULAR),Fetranspor,79,20282559,"-22.984","-43.1942"
123,123-JARDIM DE ALAH X CANDELARIA (CIRCULAR),Fetranspor,80,20282559,"-22.9839","-43.1941"
123,123-JARDIM DE ALAH X CANDELARIA (CIRCULAR),Fetranspor,81,20282559,"-22.9839","-43.1941"
123,123-JARDIM DE ALAH X CANDELARIA (CIRCULAR),Fetranspor,82,20282559,"-22.9839","-43.1941"
123,123-JARDIM DE ALAH X CANDELARIA (CIRCULAR),Fetranspor,83,20282559,"-22.9839","-43.1941"
123,123-JARDIM DE ALAH X CANDELARIA (CIRCULAR),Fetranspor,84,20282559,"-22.9838","-43.194"
123,123-JARDIM DE ALAH X CANDELARIA (CIRCULAR),Fetranspor,85,20282559,"-22.9837","-43.1939"
123,123-JARDIM DE ALAH X CANDELARIA (CIRCULAR),Fetranspor,86,20282559,"-22.9837","-43.1938"
123,123-JARDIM DE ALAH X CANDELARIA (CIRCULAR),Fetranspor,87,20282559,"-22.9836","-43.1934"
123,123-JARDIM DE ALAH X CANDELARIA (CIRCULAR),Fetranspor,88,20282559,"-22.9836","-43.1934"
123,123-JARDIM DE ALAH X CANDELARIA (CIRCULAR),Fetranspor,89,20282559,"-22.9834","-43.1929"
123,123-JARDIM DE ALAH X CANDELARIA (CIRCULAR),Fetranspor,90,20282559,"-22.9834","-43.1929"
123,123-JARDIM DE ALAH X CANDELARIA (CIRCULAR),Fetranspor,91,20282559,"-22.9832","-43.1919"
123,123-JARDIM DE ALAH X CANDELARIA (CIRCULAR),Fetranspor,92,20282559,"-22.9832","-43.1919"
123,123-JARDIM DE ALAH X CANDELARIA (CIRCULAR),Fetranspor,93,20282559,"-22.9829","-43.1909"
123,123-JARDIM DE ALAH X CANDELARIA (CIRCULAR),Fetranspor,94,20282559,"-22.9829","-43.1909"
123,123-JARDIM DE ALAH X CANDELARIA (CIRCULAR),Fetranspor,95,20282559,"-22.9828","-43.1909"
123,123-JARDIM DE ALAH X CANDELARIA (CIRCULAR),Fetranspor,96,20282559,"-22.9817","-43.1911"
123,123-JARDIM DE ALAH X CANDELARIA (CIRCULAR),Fetranspor,97,20282559,"-22.9817","-43.1911"
123,123-JARDIM DE ALAH X CANDELARIA (CIRCULAR),Fetranspor,98,20282559,"-22.9816","-43.1911"
123,123-JARDIM DE ALAH X CANDELARIA (CIRCULAR),Fetranspor,99,20282559,"-22.9813","-43.1911"
123,123-JARDIM DE ALAH X CANDELARIA (CIRCULAR),Fetranspor,100,20282559,"-22.9809","-43.1911"
123,123-JARDIM DE ALAH X CANDELARIA (CIRCULAR),Fetranspor,101,20282559,"-22.9808","-43.1911"
123,123-JARDIM DE ALAH X CANDELARIA (CIRCULAR),Fetranspor,102,20282559,"-22.9808","-43.1911"
123,123-JARDIM DE ALAH X CANDELARIA (CIRCULAR),Fetranspor,103,20282559,"-22.9796","-43.1911"
123,123-JARDIM DE ALAH X CANDELARIA (CIRCULAR),Fetranspor,104,20282559,"-22.9789","-43.1909"
123,123-JARDIM DE ALAH X CANDELARIA (CIRCULAR),Fetranspor,105,20282559,"-22.9788","-43.1909"
123,123-JARDIM DE ALAH X CANDELARIA (CIRCULAR),Fetranspor,106,20282559,"-22.9788","-43.1909"
123,123-JARDIM DE ALAH X CANDELARIA (CIRCULAR),Fetranspor,107,20282559,"-22.9783","-43.1907"
123,123-JARDIM DE ALAH X CANDELARIA (CIRCULAR),Fetranspor,108,20282559,"-22.9779","-43.1906"
123,123-JARDIM DE ALAH X CANDELARIA (CIRCULAR),Fetranspor,109,20282559,"-22.9779","-43.1906"
123,123-JARDIM DE ALAH X CANDELARIA (CIRCULAR),Fetranspor,110,20282559,"-22.9776","-43.1905"
123,123-JARDIM DE ALAH X CANDELARIA (CIRCULAR),Fetranspor,111,20282559,"-22.9769","-43.1903"
123,123-JARDIM DE ALAH X CANDELARIA (CIRCULAR),Fetranspor,112,20282559,"-22.9769","-43.1903"
123,123-JARDIM DE ALAH X CANDELARIA (CIRCULAR),Fetranspor,113,20282559,"-22.976","-43.1901"
123,123-JARDIM DE ALAH X CANDELARIA (CIRCULAR),Fetranspor,114,20282559,"-22.9759","-43.19"
123,123-JARDIM DE ALAH X CANDELARIA (CIRCULAR),Fetranspor,115,20282559,"-22.9758","-43.19"
123,123-JARDIM DE ALAH X CANDELARIA (CIRCULAR),Fetranspor,116,20282559,"-22.9758","-43.19"
123,123-JARDIM DE ALAH X CANDELARIA (CIRCULAR),Fetranspor,117,20282559,"-22.9749","-43.1895"
123,123-JARDIM DE ALAH X CANDELARIA (CIRCULAR),Fetranspor,118,20282559,"-22.9749","-43.1895"
123,123-JARDIM DE ALAH X CANDELARIA (CIRCULAR),Fetranspor,119,20282559,"-22.974","-43.1889"
123,123-JARDIM DE ALAH X CANDELARIA (CIRCULAR),Fetranspor,120,20282559,"-22.974","-43.1889"
123,123-JARDIM DE ALAH X CANDELARIA (CIRCULAR),Fetranspor,121,20282559,"-22.9733","-43.1885"
123,123-JARDIM DE ALAH X CANDELARIA (CIRCULAR),Fetranspor,122,20282559,"-22.9733","-43.1885"
123,123-JARDIM DE ALAH X CANDELARIA (CIRCULAR),Fetranspor,123,20282559,"-22.9725","-43.188"
123,123-JARDIM DE ALAH X CANDELARIA (CIRCULAR),Fetranspor,124,20282559,"-22.9725","-43.188"
123,123-JARDIM DE ALAH X CANDELARIA (CIRCULAR),Fetranspor,125,20282559,"-22.9719","-43.1876"
123,123-JARDIM DE ALAH X CANDELARIA (CIRCULAR),Fetranspor,126,20282559,"-22.9719","-43.1876"
123,123-JARDIM DE ALAH X CANDELARIA (CIRCULAR),Fetranspor,127,20282559,"-22.9715","-43.1872"
123,123-JARDIM DE ALAH X CANDELARIA (CIRCULAR),Fetranspor,128,20282559,"-22.9715","-43.1872"
123,123-JARDIM DE ALAH X CANDELARIA (CIRCULAR),Fetranspor,129,20282559,"-22.9703","-43.186"
123,123-JARDIM DE ALAH X CANDELARIA (CIRCULAR),Fetranspor,130,20282559,"-22.9703","-43.186"
123,123-JARDIM DE ALAH X CANDELARIA (CIRCULAR),Fetranspor,131,20282559,"-22.9703","-43.186"
123,123-JARDIM DE ALAH X CANDELARIA (CIRCULAR),Fetranspor,132,20282559,"-22.9702","-43.1859"
123,123-JARDIM DE ALAH X CANDELARIA (CIRCULAR),Fetranspor,133,20282559,"-22.9691","-43.1846"
123,123-JARDIM DE ALAH X CANDELARIA (CIRCULAR),Fetranspor,134,20282559,"-22.9691","-43.1846"
123,123-JARDIM DE ALAH X CANDELARIA (CIRCULAR),Fetranspor,135,20282559,"-22.9686","-43.1837"
123,123-JARDIM DE ALAH X CANDELARIA (CIRCULAR),Fetranspor,136,20282559,"-22.9686","-43.1837"
123,123-JARDIM DE ALAH X CANDELARIA (CIRCULAR),Fetranspor,137,20282559,"-22.968","-43.1829"
123,123-JARDIM DE ALAH X CANDELARIA (CIRCULAR),Fetranspor,138,20282559,"-22.968","-43.1829"
123,123-JARDIM DE ALAH X CANDELARIA (CIRCULAR),Fetranspor,139,20282559,"-22.9674","-43.182"
123,123-JARDIM DE ALAH X CANDELARIA (CIRCULAR),Fetranspor,140,20282559,"-22.9674","-43.182"
123,123-JARDIM DE ALAH X CANDELARIA (CIRCULAR),Fetranspor,141,20282559,"-22.9672","-43.1817"
123,123-JARDIM DE ALAH X CANDELARIA (CIRCULAR),Fetranspor,142,20282559,"-22.9672","-43.1815"
123,123-JARDIM DE ALAH X CANDELARIA (CIRCULAR),Fetranspor,143,20282559,"-22.9672","-43.1815"
123,123-JARDIM DE ALAH X CANDELARIA (CIRCULAR),Fetranspor,144,20282559,"-22.9672","-43.1815"
123,123-JARDIM DE ALAH X CANDELARIA (CIRCULAR),Fetranspor,145,20282559,"-22.9671","-43.1806"
123,123-JARDIM DE ALAH X CANDELARIA (CIRCULAR),Fetranspor,146,20282559,"-22.9671","-43.1805"
123,123-JARDIM DE ALAH X CANDELARIA (CIRCULAR),Fetranspor,147,20282559,"-22.9671","-43.1805"
123,123-JARDIM DE ALAH X CANDELARIA (CIRCULAR),Fetranspor,148,20282559,"-22.9671","-43.1804"
123,123-JARDIM DE ALAH X CANDELARIA (CIRCULAR),Fetranspor,149,20282559,"-22.967","-43.1803"
123,123-JARDIM DE ALAH X CANDELARIA (CIRCULAR),Fetranspor,150,20282559,"-22.967","-43.1802"
123,123-JARDIM DE ALAH X CANDELARIA (CIRCULAR),Fetranspor,151,20282559,"-22.9667","-43.1797"
123,123-JARDIM DE ALAH X CANDELARIA (CIRCULAR),Fetranspor,152,20282559,"-22.9662","-43.1788"
123,123-JARDIM DE ALAH X CANDELARIA (CIRCULAR),Fetranspor,153,20282559,"-22.9662","-43.1788"
123,123-JARDIM DE ALAH X CANDELARIA (CIRCULAR),Fetranspor,154,20282559,"-22.9657","-43.1778"
123,123-JARDIM DE ALAH X CANDELARIA (CIRCULAR),Fetranspor,155,20282559,"-22.9657","-43.1778"
123,123-JARDIM DE ALAH X CANDELARIA (CIRCULAR),Fetranspor,156,20282559,"-22.9652","-43.1769"
123,123-JARDIM DE ALAH X CANDELARIA (CIRCULAR),Fetranspor,157,20282559,"-22.9651","-43.1768"
123,123-JARDIM DE ALAH X CANDELARIA (CIRCULAR),Fetranspor,158,20282559,"-22.9651","-43.1768"
123,123-JARDIM DE ALAH X CANDELARIA (CIRCULAR),Fetranspor,159,20282559,"-22.9647","-43.1758"
123,123-JARDIM DE ALAH X CANDELARIA (CIRCULAR),Fetranspor,160,20282559,"-22.9647","-43.1758"
123,123-JARDIM DE ALAH X CANDELARIA (CIRCULAR),Fetranspor,161,20282559,"-22.9642","-43.1748"
123,123-JARDIM DE ALAH X CANDELARIA (CIRCULAR),Fetranspor,162,20282559,"-22.9642","-43.1748"
123,123-JARDIM DE ALAH X CANDELARIA (CIRCULAR),Fetranspor,163,20282559,"-22.964","-43.1742"
123,123-JARDIM DE ALAH X CANDELARIA (CIRCULAR),Fetranspor,164,20282559,"-22.964","-43.1742"
123,123-JARDIM DE ALAH X CANDELARIA (CIRCULAR),Fetranspor,165,20282559,"-22.9638","-43.1739"
123,123-JARDIM DE ALAH X CANDELARIA (CIRCULAR),Fetranspor,166,20282559,"-22.9638","-43.1739"
123,123-JARDIM DE ALAH X CANDELARIA (CIRCULAR),Fetranspor,167,20282559,"-22.9635","-43.1741"
123,123-JARDIM DE ALAH X CANDELARIA (CIRCULAR),Fetranspor,168,20282559,"-22.9631","-43.1743"
123,123-JARDIM DE ALAH X CANDELARIA (CIRCULAR),Fetranspor,169,20282559,"-22.963","-43.1744"
123,123-JARDIM DE ALAH X CANDELARIA (CIRCULAR),Fetranspor,170,20282559,"-22.963","-43.1744"
123,123-JARDIM DE ALAH X CANDELARIA (CIRCULAR),Fetranspor,171,20282559,"-22.9624","-43.1747"
123,123-JARDIM DE ALAH X CANDELARIA (CIRCULAR),Fetranspor,172,20282559,"-22.9617","-43.1751"
123,123-JARDIM DE ALAH X CANDELARIA (CIRCULAR),Fetranspor,173,20282559,"-22.9617","-43.1751"
123,123-JARDIM DE ALAH X CANDELARIA (CIRCULAR),Fetranspor,174,20282559,"-22.9616","-43.1752"
123,123-JARDIM DE ALAH X CANDELARIA (CIRCULAR),Fetranspor,175,20282559,"-22.9607","-43.1756"
123,123-JARDIM DE ALAH X CANDELARIA (CIRCULAR),Fetranspor,176,20282559,"-22.9607","-43.1756"
123,123-JARDIM DE ALAH X CANDELARIA (CIRCULAR),Fetranspor,177,20282559,"-22.9581","-43.1771"
123,123-JARDIM DE ALAH X CANDELARIA (CIRCULAR),Fetranspor,178,20282559,"-22.9581","-43.1771"
123,123-JARDIM DE ALAH X CANDELARIA (CIRCULAR),Fetranspor,179,20282559,"-22.9579","-43.1772"
123,123-JARDIM DE ALAH X CANDELARIA (CIRCULAR),Fetranspor,180,20282559,"-22.9577","-43.1772"
123,123-JARDIM DE ALAH X CANDELARIA (CIRCULAR),Fetranspor,181,20282559,"-22.9574","-43.1773"
123,123-JARDIM DE ALAH X CANDELARIA (CIRCULAR),Fetranspor,182,20282559,"-22.9562","-43.1775"
123,123-JARDIM DE ALAH X CANDELARIA (CIRCULAR),Fetranspor,183,20282559,"-22.9557","-43.1776"
123,123-JARDIM DE ALAH X CANDELARIA (CIRCULAR),Fetranspor,184,20282559,"-22.9553","-43.1776"
123,123-JARDIM DE ALAH X CANDELARIA (CIRCULAR),Fetranspor,185,20282559,"-22.9553","-43.1776"
123,123-JARDIM DE ALAH X CANDELARIA (CIRCULAR),Fetranspor,186,20282559,"-22.9551","-43.1776"
123,123-JARDIM DE ALAH X CANDELARIA (CIRCULAR),Fetranspor,187,20282559,"-22.955","-43.1776"
123,123-JARDIM DE ALAH X CANDELARIA (CIRCULAR),Fetranspor,188,20282559,"-22.9548","-43.1775"
123,123-JARDIM DE ALAH X CANDELARIA (CIRCULAR),Fetranspor,189,20282559,"-22.9547","-43.1775"
123,123-JARDIM DE ALAH X CANDELARIA (CIRCULAR),Fetranspor,190,20282559,"-22.9546","-43.1774"
123,123-JARDIM DE ALAH X CANDELARIA (CIRCULAR),Fetranspor,191,20282559,"-22.9544","-43.1773"
123,123-JARDIM DE ALAH X CANDELARIA (CIRCULAR),Fetranspor,192,20282559,"-22.9544","-43.1773"
123,123-JARDIM DE ALAH X CANDELARIA (CIRCULAR),Fetranspor,193,20282559,"-22.953","-43.1763"
123,123-JARDIM DE ALAH X CANDELARIA (CIRCULAR),Fetranspor,194,20282559,"-22.953","-43.1763"
123,123-JARDIM DE ALAH X CANDELARIA (CIRCULAR),Fetranspor,195,20282559,"-22.9522","-43.1757"
123,123-JARDIM DE ALAH X CANDELARIA (CIRCULAR),Fetranspor,196,20282559,"-22.9522","-43.1757"
123,123-JARDIM DE ALAH X CANDELARIA (CIRCULAR),Fetranspor,197,20282559,"-22.9518","-43.1754"
123,123-JARDIM DE ALAH X CANDELARIA (CIRCULAR),Fetranspor,198,20282559,"-22.9518","-43.1754"
123,123-JARDIM DE ALAH X CANDELARIA (CIRCULAR),Fetranspor,199,20282559,"-22.9516","-43.1753"
123,123-JARDIM DE ALAH X CANDELARIA (CIRCULAR),Fetranspor,200,20282559,"-22.9516","-43.1753"
123,123-JARDIM DE ALAH X CANDELARIA (CIRCULAR),Fetranspor,201,20282559,"-22.9515","-43.1753"
123,123-JARDIM DE ALAH X CANDELARIA (CIRCULAR),Fetranspor,202,20282559,"-22.9515","-43.1752"
123,123-JARDIM DE ALAH X CANDELARIA (CIRCULAR),Fetranspor,203,20282559,"-22.9513","-43.1753"
123,123-JARDIM DE ALAH X CANDELARIA (CIRCULAR),Fetranspor,204,20282559,"-22.9513","-43.1753"
123,123-JARDIM DE ALAH X CANDELARIA (CIRCULAR),Fetranspor,205,20282559,"-22.9512","-43.1753"
123,123-JARDIM DE ALAH X CANDELARIA (CIRCULAR),Fetranspor,206,20282559,"-22.9511","-43.1754"
123,123-JARDIM DE ALAH X CANDELARIA (CIRCULAR),Fetranspor,207,20282559,"-22.9511","-43.1754"
123,123-JARDIM DE ALAH X CANDELARIA (CIRCULAR),Fetranspor,208,20282559,"-22.951","-43.1755"
123,123-JARDIM DE ALAH X CANDELARIA (CIRCULAR),Fetranspor,209,20282559,"-22.9509","-43.1757"
123,123-JARDIM DE ALAH X CANDELARIA (CIRCULAR),Fetranspor,210,20282559,"-22.9506","-43.1761"
123,123-JARDIM DE ALAH X CANDELARIA (CIRCULAR),Fetranspor,211,20282559,"-22.9506","-43.1761"
123,123-JARDIM DE ALAH X CANDELARIA (CIRCULAR),Fetranspor,212,20282559,"-22.9505","-43.1764"
123,123-JARDIM DE ALAH X CANDELARIA (CIRCULAR),Fetranspor,213,20282559,"-22.9504","-43.1766"
123,123-JARDIM DE ALAH X CANDELARIA (CIRCULAR),Fetranspor,214,20282559,"-22.9502","-43.1769"
123,123-JARDIM DE ALAH X CANDELARIA (CIRCULAR),Fetranspor,215,20282559,"-22.9502","-43.1769"
123,123-JARDIM DE ALAH X CANDELARIA (CIRCULAR),Fetranspor,216,20282559,"-22.9497","-43.1778"
123,123-JARDIM DE ALAH X CANDELARIA (CIRCULAR),Fetranspor,217,20282559,"-22.9495","-43.1783"
123,123-JARDIM DE ALAH X CANDELARIA (CIRCULAR),Fetranspor,218,20282559,"-22.9495","-43.1784"
123,123-JARDIM DE ALAH X CANDELARIA (CIRCULAR),Fetranspor,219,20282559,"-22.9495","-43.1784"
123,123-JARDIM DE ALAH X CANDELARIA (CIRCULAR),Fetranspor,220,20282559,"-22.9494","-43.1786"
123,123-JARDIM DE ALAH X CANDELARIA (CIRCULAR),Fetranspor,221,20282559,"-22.9494","-43.1788"
123,123-JARDIM DE ALAH X CANDELARIA (CIRCULAR),Fetranspor,222,20282559,"-22.9494","-43.1793"
123,123-JARDIM DE ALAH X CANDELARIA (CIRCULAR),Fetranspor,223,20282559,"-22.9494","-43.1795"
123,123-JARDIM DE ALAH X CANDELARIA (CIRCULAR),Fetranspor,224,20282559,"-22.9494","-43.1795"
123,123-JARDIM DE ALAH X CANDELARIA (CIRCULAR),Fetranspor,225,20282559,"-22.9494","-43.1797"
123,123-JARDIM DE ALAH X CANDELARIA (CIRCULAR),Fetranspor,226,20282559,"-22.9494","-43.1799"
123,123-JARDIM DE ALAH X CANDELARIA (CIRCULAR),Fetranspor,227,20282559,"-22.9493","-43.1801"
123,123-JARDIM DE ALAH X CANDELARIA (CIRCULAR),Fetranspor,228,20282559,"-22.9493","-43.1802"
123,123-JARDIM DE ALAH X CANDELARIA (CIRCULAR),Fetranspor,229,20282559,"-22.9492","-43.1804"
123,123-JARDIM DE ALAH X CANDELARIA (CIRCULAR),Fetranspor,230,20282559,"-22.9491","-43.1805"
123,123-JARDIM DE ALAH X CANDELARIA (CIRCULAR),Fetranspor,231,20282559,"-22.949","-43.1806"
123,123-JARDIM DE ALAH X CANDELARIA (CIRCULAR),Fetranspor,232,20282559,"-22.9489","-43.1807"
123,123-JARDIM DE ALAH X CANDELARIA (CIRCULAR),Fetranspor,233,20282559,"-22.9488","-43.1807"
123,123-JARDIM DE ALAH X CANDELARIA (CIRCULAR),Fetranspor,234,20282559,"-22.9488","-43.1807"
123,123-JARDIM DE ALAH X CANDELARIA (CIRCULAR),Fetranspor,235,20282559,"-22.9483","-43.1811"
123,123-JARDIM DE ALAH X CANDELARIA (CIRCULAR),Fetranspor,236,20282559,"-22.9481","-43.1813"
123,123-JARDIM DE ALAH X CANDELARIA (CIRCULAR),Fetranspor,237,20282559,"-22.9478","-43.1815"
123,123-JARDIM DE ALAH X CANDELARIA (CIRCULAR),Fetranspor,238,20282559,"-22.9475","-43.1816"
123,123-JARDIM DE ALAH X CANDELARIA (CIRCULAR),Fetranspor,239,20282559,"-22.9472","-43.1816"
123,123-JARDIM DE ALAH X CANDELARIA (CIRCULAR),Fetranspor,240,20282559,"-22.9464","-43.1817"
123,123-JARDIM DE ALAH X CANDELARIA (CIRCULAR),Fetranspor,241,20282559,"-22.9459","-43.1817"
123,123-JARDIM DE ALAH X CANDELARIA (CIRCULAR),Fetranspor,242,20282559,"-22.9455","-43.1816"
123,123-JARDIM DE ALAH X CANDELARIA (CIRCULAR),Fetranspor,243,20282559,"-22.9454","-43.1816"
123,123-JARDIM DE ALAH X CANDELARIA (CIRCULAR),Fetranspor,244,20282559,"-22.9449","-43.1814"
123,123-JARDIM DE ALAH X CANDELARIA (CIRCULAR),Fetranspor,245,20282559,"-22.9445","-43.1812"
123,123-JARDIM DE ALAH X CANDELARIA (CIRCULAR),Fetranspor,246,20282559,"-22.944","-43.1809"
123,123-JARDIM DE ALAH X CANDELARIA (CIRCULAR),Fetranspor,247,20282559,"-22.9436","-43.1806"
123,123-JARDIM DE ALAH X CANDELARIA (CIRCULAR),Fetranspor,248,20282559,"-22.9435","-43.1805"
123,123-JARDIM DE ALAH X CANDELARIA (CIRCULAR),Fetranspor,249,20282559,"-22.9435","-43.1805"
123,123-JARDIM DE ALAH X CANDELARIA (CIRCULAR),Fetranspor,250,20282559,"-22.9432","-43.1802"
123,123-JARDIM DE ALAH X CANDELARIA (CIRCULAR),Fetranspor,251,20282559,"-22.9429","-43.1798"
123,123-JARDIM DE ALAH X CANDELARIA (CIRCULAR),Fetranspor,252,20282559,"-22.9428","-43.1796"
123,123-JARDIM DE ALAH X CANDELARIA (CIRCULAR),Fetranspor,253,20282559,"-22.9427","-43.1795"
123,123-JARDIM DE ALAH X CANDELARIA (CIRCULAR),Fetranspor,254,20282559,"-22.9426","-43.1793"
123,123-JARDIM DE ALAH X CANDELARIA (CIRCULAR),Fetranspor,255,20282559,"-22.9425","-43.1792"
123,123-JARDIM DE ALAH X CANDELARIA (CIRCULAR),Fetranspor,256,20282559,"-22.9425","-43.179"
123,123-JARDIM DE ALAH X CANDELARIA (CIRCULAR),Fetranspor,257,20282559,"-22.9425","-43.1789"
123,123-JARDIM DE ALAH X CANDELARIA (CIRCULAR),Fetranspor,258,20282559,"-22.9425","-43.1787"
123,123-JARDIM DE ALAH X CANDELARIA (CIRCULAR),Fetranspor,259,20282559,"-22.9425","-43.1786"
123,123-JARDIM DE ALAH X CANDELARIA (CIRCULAR),Fetranspor,260,20282559,"-22.9425","-43.1784"
123,123-JARDIM DE ALAH X CANDELARIA (CIRCULAR),Fetranspor,261,20282559,"-22.9425","-43.1783"
123,123-JARDIM DE ALAH X CANDELARIA (CIRCULAR),Fetranspor,262,20282559,"-22.9426","-43.1782"
123,123-JARDIM DE ALAH X CANDELARIA (CIRCULAR),Fetranspor,263,20282559,"-22.9427","-43.1779"
123,123-JARDIM DE ALAH X CANDELARIA (CIRCULAR),Fetranspor,264,20282559,"-22.9429","-43.1776"
123,123-JARDIM DE ALAH X CANDELARIA (CIRCULAR),Fetranspor,265,20282559,"-22.9429","-43.1776"
123,123-JARDIM DE ALAH X CANDELARIA (CIRCULAR),Fetranspor,266,20282559,"-22.9431","-43.1773"
123,123-JARDIM DE ALAH X CANDELARIA (CIRCULAR),Fetranspor,267,20282559,"-22.9437","-43.1763"
123,123-JARDIM DE ALAH X CANDELARIA (CIRCULAR),Fetranspor,268,20282559,"-22.9438","-43.176"
123,123-JARDIM DE ALAH X CANDELARIA (CIRCULAR),Fetranspor,269,20282559,"-22.944","-43.1757"
123,123-JARDIM DE ALAH X CANDELARIA (CIRCULAR),Fetranspor,270,20282559,"-22.944","-43.1754"
123,123-JARDIM DE ALAH X CANDELARIA (CIRCULAR),Fetranspor,271,20282559,"-22.944","-43.1749"
123,123-JARDIM DE ALAH X CANDELARIA (CIRCULAR),Fetranspor,272,20282559,"-22.9439","-43.1744"
123,123-JARDIM DE ALAH X CANDELARIA (CIRCULAR),Fetranspor,273,20282559,"-22.9438","-43.174"
123,123-JARDIM DE ALAH X CANDELARIA (CIRCULAR),Fetranspor,274,20282559,"-22.9436","-43.1738"
123,123-JARDIM DE ALAH X CANDELARIA (CIRCULAR),Fetranspor,275,20282559,"-22.9434","-43.1734"
123,123-JARDIM DE ALAH X CANDELARIA (CIRCULAR),Fetranspor,276,20282559,"-22.9431","-43.173"
123,123-JARDIM DE ALAH X CANDELARIA (CIRCULAR),Fetranspor,277,20282559,"-22.9427","-43.1726"
123,123-JARDIM DE ALAH X CANDELARIA (CIRCULAR),Fetranspor,278,20282559,"-22.9421","-43.1718"
123,123-JARDIM DE ALAH X CANDELARIA (CIRCULAR),Fetranspor,279,20282559,"-22.9418","-43.1714"
123,123-JARDIM DE ALAH X CANDELARIA (CIRCULAR),Fetranspor,280,20282559,"-22.9414","-43.171"
123,123-JARDIM DE ALAH X CANDELARIA (CIRCULAR),Fetranspor,281,20282559,"-22.9411","-43.1708"
123,123-JARDIM DE ALAH X CANDELARIA (CIRCULAR),Fetranspor,282,20282559,"-22.9409","-43.1706"
123,123-JARDIM DE ALAH X CANDELARIA (CIRCULAR),Fetranspor,283,20282559,"-22.9406","-43.1704"
123,123-JARDIM DE ALAH X CANDELARIA (CIRCULAR),Fetranspor,284,20282559,"-22.9404","-43.1703"
123,123-JARDIM DE ALAH X CANDELARIA (CIRCULAR),Fetranspor,285,20282559,"-22.9402","-43.1702"
123,123-JARDIM DE ALAH X CANDELARIA (CIRCULAR),Fetranspor,286,20282559,"-22.9399","-43.1702"
123,123-JARDIM DE ALAH X CANDELARIA (CIRCULAR),Fetranspor,287,20282559,"-22.9398","-43.1701"
123,123-JARDIM DE ALAH X CANDELARIA (CIRCULAR),Fetranspor,288,20282559,"-22.9394","-43.1701"
123,123-JARDIM DE ALAH X CANDELARIA (CIRCULAR),Fetranspor,289,20282559,"-22.9394","-43.1701"
123,123-JARDIM DE ALAH X CANDELARIA (CIRCULAR),Fetranspor,290,20282559,"-22.9392","-43.1701"
123,123-JARDIM DE ALAH X CANDELARIA (CIRCULAR),Fetranspor,291,20282559,"-22.939","-43.1701"
123,123-JARDIM DE ALAH X CANDELARIA (CIRCULAR),Fetranspor,292,20282559,"-22.9388","-43.1702"
123,123-JARDIM DE ALAH X CANDELARIA (CIRCULAR),Fetranspor,293,20282559,"-22.9386","-43.1702"
123,123-JARDIM DE ALAH X CANDELARIA (CIRCULAR),Fetranspor,294,20282559,"-22.9383","-43.1703"
123,123-JARDIM DE ALAH X CANDELARIA (CIRCULAR),Fetranspor,295,20282559,"-22.9383","-43.1703"
123,123-JARDIM DE ALAH X CANDELARIA (CIRCULAR),Fetranspor,296,20282559,"-22.9383","-43.1703"
123,123-JARDIM DE ALAH X CANDELARIA (CIRCULAR),Fetranspor,297,20282559,"-22.938","-43.1705"
123,123-JARDIM DE ALAH X CANDELARIA (CIRCULAR),Fetranspor,298,20282559,"-22.9379","-43.1706"
123,123-JARDIM DE ALAH X CANDELARIA (CIRCULAR),Fetranspor,299,20282559,"-22.9377","-43.1707"
123,123-JARDIM DE ALAH X CANDELARIA (CIRCULAR),Fetranspor,300,20282559,"-22.9375","-43.1709"
123,123-JARDIM DE ALAH X CANDELARIA (CIRCULAR),Fetranspor,301,20282559,"-22.9374","-43.1709"
123,123-JARDIM DE ALAH X CANDELARIA (CIRCULAR),Fetranspor,302,20282559,"-22.9371","-43.1713"
123,123-JARDIM DE ALAH X CANDELARIA (CIRCULAR),Fetranspor,303,20282559,"-22.9366","-43.1721"
123,123-JARDIM DE ALAH X CANDELARIA (CIRCULAR),Fetranspor,304,20282559,"-22.9364","-43.1724"
123,123-JARDIM DE ALAH X CANDELARIA (CIRCULAR),Fetranspor,305,20282559,"-22.9363","-43.1726"
123,123-JARDIM DE ALAH X CANDELARIA (CIRCULAR),Fetranspor,306,20282559,"-22.9363","-43.1726"
123,123-JARDIM DE ALAH X CANDELARIA (CIRCULAR),Fetranspor,307,20282559,"-22.9361","-43.1728"
123,123-JARDIM DE ALAH X CANDELARIA (CIRCULAR),Fetranspor,308,20282559,"-22.9359","-43.1729"
123,123-JARDIM DE ALAH X CANDELARIA (CIRCULAR),Fetranspor,309,20282559,"-22.9357","-43.173"
123,123-JARDIM DE ALAH X CANDELARIA (CIRCULAR),Fetranspor,310,20282559,"-22.9356","-43.1731"
123,123-JARDIM DE ALAH X CANDELARIA (CIRCULAR),Fetranspor,311,20282559,"-22.9354","-43.1732"
123,123-JARDIM DE ALAH X CANDELARIA (CIRCULAR),Fetranspor,312,20282559,"-22.935","-43.1733"
123,123-JARDIM DE ALAH X CANDELARIA (CIRCULAR),Fetranspor,313,20282559,"-22.935","-43.1733"
123,123-JARDIM DE ALAH X CANDELARIA (CIRCULAR),Fetranspor,314,20282559,"-22.9347","-43.1734"
123,123-JARDIM DE ALAH X CANDELARIA (CIRCULAR),Fetranspor,315,20282559,"-22.9345","-43.1735"
123,123-JARDIM DE ALAH X CANDELARIA (CIRCULAR),Fetranspor,316,20282559,"-22.9342","-43.1735"
123,123-JARDIM DE ALAH X CANDELARIA (CIRCULAR),Fetranspor,317,20282559,"-22.9338","-43.1736"
123,123-JARDIM DE ALAH X CANDELARIA (CIRCULAR),Fetranspor,318,20282559,"-22.9336","-43.1736"
123,123-JARDIM DE ALAH X CANDELARIA (CIRCULAR),Fetranspor,319,20282559,"-22.9332","-43.1736"
123,123-JARDIM DE ALAH X CANDELARIA (CIRCULAR),Fetranspor,320,20282559,"-22.9327","-43.1735"
123,123-JARDIM DE ALAH X CANDELARIA (CIRCULAR),Fetranspor,321,20282559,"-22.9326","-43.1735"
123,123-JARDIM DE ALAH X CANDELARIA (CIRCULAR),Fetranspor,322,20282559,"-22.9322","-43.1734"
123,123-JARDIM DE ALAH X CANDELARIA (CIRCULAR),Fetranspor,323,20282559,"-22.93","-43.1727"
123,123-JARDIM DE ALAH X CANDELARIA (CIRCULAR),Fetranspor,324,20282559,"-22.9269","-43.1718"
123,123-JARDIM DE ALAH X CANDELARIA (CIRCULAR),Fetranspor,325,20282559,"-22.924","-43.1709"
123,123-JARDIM DE ALAH X CANDELARIA (CIRCULAR),Fetranspor,326,20282559,"-22.9237","-43.1708"
123,123-JARDIM DE ALAH X CANDELARIA (CIRCULAR),Fetranspor,327,20282559,"-22.9234","-43.1708"
123,123-JARDIM DE ALAH X CANDELARIA (CIRCULAR),Fetranspor,328,20282559,"-22.9233","-43.1708"
123,123-JARDIM DE ALAH X CANDELARIA (CIRCULAR),Fetranspor,329,20282559,"-22.9233","-43.1708"
123,123-JARDIM DE ALAH X CANDELARIA (CIRCULAR),Fetranspor,330,20282559,"-22.9233","-43.1708"
123,123-JARDIM DE ALAH X CANDELARIA (CIRCULAR),Fetranspor,331,20282559,"-22.9233","-43.1708"
123,123-JARDIM DE ALAH X CANDELARIA (CIRCULAR),Fetranspor,332,20282559,"-22.923","-43.1707"
123,123-JARDIM DE ALAH X CANDELARIA (CIRCULAR),Fetranspor,333,20282559,"-22.9228","-43.1708"
123,123-JARDIM DE ALAH X CANDELARIA (CIRCULAR),Fetranspor,334,20282559,"-22.9226","-43.1708"
123,123-JARDIM DE ALAH X CANDELARIA (CIRCULAR),Fetranspor,335,20282559,"-22.9221","-43.1709"
123,123-JARDIM DE ALAH X CANDELARIA (CIRCULAR),Fetranspor,336,20282559,"-22.922","-43.1709"
123,123-JARDIM DE ALAH X CANDELARIA (CIRCULAR),Fetranspor,337,20282559,"-22.9218","-43.171"
123,123-JARDIM DE ALAH X CANDELARIA (CIRCULAR),Fetranspor,338,20282559,"-22.9216","-43.1711"
123,123-JARDIM DE ALAH X CANDELARIA (CIRCULAR),Fetranspor,339,20282559,"-22.9213","-43.1712"
123,123-JARDIM DE ALAH X CANDELARIA (CIRCULAR),Fetranspor,340,20282559,"-22.9212","-43.1714"
123,123-JARDIM DE ALAH X CANDELARIA (CIRCULAR),Fetranspor,341,20282559,"-22.921","-43.1715"
123,123-JARDIM DE ALAH X CANDELARIA (CIRCULAR),Fetranspor,342,20282559,"-22.921","-43.1715"
123,123-JARDIM DE ALAH X CANDELARIA (CIRCULAR),Fetranspor,343,20282559,"-22.9206","-43.1718"
123,123-JARDIM DE ALAH X CANDELARIA (CIRCULAR),Fetranspor,344,20282559,"-22.9206","-43.1718"
123,123-JARDIM DE ALAH X CANDELARIA (CIRCULAR),Fetranspor,345,20282559,"-22.9197","-43.173"
123,123-JARDIM DE ALAH X CANDELARIA (CIRCULAR),Fetranspor,346,20282559,"-22.9193","-43.1736"
123,123-JARDIM DE ALAH X CANDELARIA (CIRCULAR),Fetranspor,347,20282559,"-22.9189","-43.174"
123,123-JARDIM DE ALAH X CANDELARIA (CIRCULAR),Fetranspor,348,20282559,"-22.9189","-43.174"
123,123-JARDIM DE ALAH X CANDELARIA (CIRCULAR),Fetranspor,349,20282559,"-22.9188","-43.1742"
123,123-JARDIM DE ALAH X CANDELARIA (CIRCULAR),Fetranspor,350,20282559,"-22.9186","-43.1743"
123,123-JARDIM DE ALAH X CANDELARIA (CIRCULAR),Fetranspor,351,20282559,"-22.9183","-43.1745"
123,123-JARDIM DE ALAH X CANDELARIA (CIRCULAR),Fetranspor,352,20282559,"-22.9182","-43.1745"
123,123-JARDIM DE ALAH X CANDELARIA (CIRCULAR),Fetranspor,353,20282559,"-22.918","-43.1746"
123,123-JARDIM DE ALAH X CANDELARIA (CIRCULAR),Fetranspor,354,20282559,"-22.918","-43.1746"
123,123-JARDIM DE ALAH X CANDELARIA (CIRCULAR),Fetranspor,355,20282559,"-22.9179","-43.1747"
123,123-JARDIM DE ALAH X CANDELARIA (CIRCULAR),Fetranspor,356,20282559,"-22.9175","-43.1748"
123,123-JARDIM DE ALAH X CANDELARIA (CIRCULAR),Fetranspor,357,20282559,"-22.9175","-43.1748"
123,123-JARDIM DE ALAH X CANDELARIA (CIRCULAR),Fetranspor,358,20282559,"-22.9173","-43.1748"
123,123-JARDIM DE ALAH X CANDELARIA (CIRCULAR),Fetranspor,359,20282559,"-22.9168","-43.1748"
123,123-JARDIM DE ALAH X CANDELARIA (CIRCULAR),Fetranspor,360,20282559,"-22.9165","-43.1748"
123,123-JARDIM DE ALAH X CANDELARIA (CIRCULAR),Fetranspor,361,20282559,"-22.916","-43.1747"
123,123-JARDIM DE ALAH X CANDELARIA (CIRCULAR),Fetranspor,362,20282559,"-22.9155","-43.1746"
123,123-JARDIM DE ALAH X CANDELARIA (CIRCULAR),Fetranspor,363,20282559,"-22.915","-43.1744"
123,123-JARDIM DE ALAH X CANDELARIA (CIRCULAR),Fetranspor,364,20282559,"-22.915","-43.1744"
123,123-JARDIM DE ALAH X CANDELARIA (CIRCULAR),Fetranspor,365,20282559,"-22.9145","-43.1742"
123,123-JARDIM DE ALAH X CANDELARIA (CIRCULAR),Fetranspor,366,20282559,"-22.9145","-43.1742"
123,123-JARDIM DE ALAH X CANDELARIA (CIRCULAR),Fetranspor,367,20282559,"-22.9143","-43.1741"
123,123-JARDIM DE ALAH X CANDELARIA (CIRCULAR),Fetranspor,368,20282559,"-22.9143","-43.1741"
123,123-JARDIM DE ALAH X CANDELARIA (CIRCULAR),Fetranspor,369,20282559,"-22.9141","-43.174"
123,123-JARDIM DE ALAH X CANDELARIA (CIRCULAR),Fetranspor,370,20282559,"-22.914","-43.1739"
123,123-JARDIM DE ALAH X CANDELARIA (CIRCULAR),Fetranspor,371,20282559,"-22.914","-43.1739"
123,123-JARDIM DE ALAH X CANDELARIA (CIRCULAR),Fetranspor,372,20282559,"-22.9138","-43.1737"
123,123-JARDIM DE ALAH X CANDELARIA (CIRCULAR),Fetranspor,373,20282559,"-22.9137","-43.1736"
123,123-JARDIM DE ALAH X CANDELARIA (CIRCULAR),Fetranspor,374,20282559,"-22.9137","-43.1736"
123,123-JARDIM DE ALAH X CANDELARIA (CIRCULAR),Fetranspor,375,20282559,"-22.9132","-43.1731"
123,123-JARDIM DE ALAH X CANDELARIA (CIRCULAR),Fetranspor,376,20282559,"-22.9132","-43.1731"
123,123-JARDIM DE ALAH X CANDELARIA (CIRCULAR),Fetranspor,377,20282559,"-22.913","-43.1729"
123,123-JARDIM DE ALAH X CANDELARIA (CIRCULAR),Fetranspor,378,20282559,"-22.9126","-43.1725"
123,123-JARDIM DE ALAH X CANDELARIA (CIRCULAR),Fetranspor,379,20282559,"-22.9124","-43.1723"
123,123-JARDIM DE ALAH X CANDELARIA (CIRCULAR),Fetranspor,380,20282559,"-22.9123","-43.1721"
123,123-JARDIM DE ALAH X CANDELARIA (CIRCULAR),Fetranspor,381,20282559,"-22.9121","-43.1719"
123,123-JARDIM DE ALAH X CANDELARIA (CIRCULAR),Fetranspor,382,20282559,"-22.9121","-43.1717"
123,123-JARDIM DE ALAH X CANDELARIA (CIRCULAR),Fetranspor,383,20282559,"-22.912","-43.1714"
123,123-JARDIM DE ALAH X CANDELARIA (CIRCULAR),Fetranspor,384,20282559,"-22.9119","-43.1712"
123,123-JARDIM DE ALAH X CANDELARIA (CIRCULAR),Fetranspor,385,20282559,"-22.9119","-43.1712"
123,123-JARDIM DE ALAH X CANDELARIA (CIRCULAR),Fetranspor,386,20282559,"-22.9119","-43.171"
123,123-JARDIM DE ALAH X CANDELARIA (CIRCULAR),Fetranspor,387,20282559,"-22.9119","-43.171"
123,123-JARDIM DE ALAH X CANDELARIA (CIRCULAR),Fetranspor,388,20282559,"-22.9119","-43.1706"
123,123-JARDIM DE ALAH X CANDELARIA (CIRCULAR),Fetranspor,389,20282559,"-22.912","-43.1705"
123,123-JARDIM DE ALAH X CANDELARIA (CIRCULAR),Fetranspor,390,20282559,"-22.9121","-43.1703"
123,123-JARDIM DE ALAH X CANDELARIA (CIRCULAR),Fetranspor,391,20282559,"-22.9123","-43.1698"
123,123-JARDIM DE ALAH X CANDELARIA (CIRCULAR),Fetranspor,392,20282559,"-22.9123","-43.1697"
123,123-JARDIM DE ALAH X CANDELARIA (CIRCULAR),Fetranspor,393,20282559,"-22.9124","-43.1696"
123,123-JARDIM DE ALAH X CANDELARIA (CIRCULAR),Fetranspor,394,20282559,"-22.9124","-43.1695"
123,123-JARDIM DE ALAH X CANDELARIA (CIRCULAR),Fetranspor,395,20282559,"-22.9124","-43.1694"
123,123-JARDIM DE ALAH X CANDELARIA (CIRCULAR),Fetranspor,396,20282559,"-22.9123","-43.1692"
123,123-JARDIM DE ALAH X CANDELARIA (CIRCULAR),Fetranspor,397,20282559,"-22.9123","-43.1692"
123,123-JARDIM DE ALAH X CANDELARIA (CIRCULAR),Fetranspor,398,20282559,"-22.9122","-43.1691"
123,123-JARDIM DE ALAH X CANDELARIA (CIRCULAR),Fetranspor,399,20282559,"-22.9121","-43.1691"
123,123-JARDIM DE ALAH X CANDELARIA (CIRCULAR),Fetranspor,400,20282559,"-22.912","-43.169"
123,123-JARDIM DE ALAH X CANDELARIA (CIRCULAR),Fetranspor,401,20282559,"-22.9119","-43.169"
123,123-JARDIM DE ALAH X CANDELARIA (CIRCULAR),Fetranspor,402,20282559,"-22.9118","-43.169"
123,123-JARDIM DE ALAH X CANDELARIA (CIRCULAR),Fetranspor,403,20282559,"-22.9117","-43.169"
123,123-JARDIM DE ALAH X CANDELARIA (CIRCULAR),Fetranspor,404,20282559,"-22.9117","-43.169"
123,123-JARDIM DE ALAH X CANDELARIA (CIRCULAR),Fetranspor,405,20282559,"-22.9115","-43.1691"
123,123-JARDIM DE ALAH X CANDELARIA (CIRCULAR),Fetranspor,406,20282559,"-22.9114","-43.1692"
123,123-JARDIM DE ALAH X CANDELARIA (CIRCULAR),Fetranspor,407,20282559,"-22.911","-43.1694"
123,123-JARDIM DE ALAH X CANDELARIA (CIRCULAR),Fetranspor,408,20282559,"-22.911","-43.1694"
123,123-JARDIM DE ALAH X CANDELARIA (CIRCULAR),Fetranspor,409,20282559,"-22.9109","-43.1696"
123,123-JARDIM DE ALAH X CANDELARIA (CIRCULAR),Fetranspor,410,20282559,"-22.9108","-43.1696"
123,123-JARDIM DE ALAH X CANDELARIA (CIRCULAR),Fetranspor,411,20282559,"-22.9107","-43.1698"
123,123-JARDIM DE ALAH X CANDELARIA (CIRCULAR),Fetranspor,412,20282559,"-22.9107","-43.1698"
123,123-JARDIM DE ALAH X CANDELARIA (CIRCULAR),Fetranspor,413,20282559,"-22.9107","-43.1698"
123,123-JARDIM DE ALAH X CANDELARIA (CIRCULAR),Fetranspor,414,20282559,"-22.9107","-43.1699"
123,123-JARDIM DE ALAH X CANDELARIA (CIRCULAR),Fetranspor,415,20282559,"-22.9107","-43.17"
123,123-JARDIM DE ALAH X CANDELARIA (CIRCULAR),Fetranspor,416,20282559,"-22.9107","-43.17"
123,123-JARDIM DE ALAH X CANDELARIA (CIRCULAR),Fetranspor,417,20282559,"-22.9107","-43.1704"
123,123-JARDIM DE ALAH X CANDELARIA (CIRCULAR),Fetranspor,418,20282559,"-22.9107","-43.1707"
123,123-JARDIM DE ALAH X CANDELARIA (CIRCULAR),Fetranspor,419,20282559,"-22.9107","-43.1709"
123,123-JARDIM DE ALAH X CANDELARIA (CIRCULAR),Fetranspor,420,20282559,"-22.9108","-43.1713"
123,123-JARDIM DE ALAH X CANDELARIA (CIRCULAR),Fetranspor,421,20282559,"-22.9108","-43.1713"
123,123-JARDIM DE ALAH X CANDELARIA (CIRCULAR),Fetranspor,422,20282559,"-22.9109","-43.1714"
123,123-JARDIM DE ALAH X CANDELARIA (CIRCULAR),Fetranspor,423,20282559,"-22.9109","-43.1714"
123,123-JARDIM DE ALAH X CANDELARIA (CIRCULAR),Fetranspor,424,20282559,"-22.9108","-43.1715"
123,123-JARDIM DE ALAH X CANDELARIA (CIRCULAR),Fetranspor,425,20282559,"-22.9108","-43.1715"
123,123-JARDIM DE ALAH X CANDELARIA (CIRCULAR),Fetranspor,426,20282559,"-22.9108","-43.1716"
123,123-JARDIM DE ALAH X CANDELARIA (CIRCULAR),Fetranspor,427,20282559,"-22.91","-43.1718"
123,123-JARDIM DE ALAH X CANDELARIA (CIRCULAR),Fetranspor,428,20282559,"-22.91","-43.1718"
123,123-JARDIM DE ALAH X CANDELARIA (CIRCULAR),Fetranspor,429,20282559,"-22.9099","-43.1719"
123,123-JARDIM DE ALAH X CANDELARIA (CIRCULAR),Fetranspor,430,20282559,"-22.9099","-43.1719"
123,123-JARDIM DE ALAH X CANDELARIA (CIRCULAR),Fetranspor,431,20282559,"-22.9096","-43.172"
123,123-JARDIM DE ALAH X CANDELARIA (CIRCULAR),Fetranspor,432,20282559,"-22.9096","-43.172"
123,123-JARDIM DE ALAH X CANDELARIA (CIRCULAR),Fetranspor,433,20282559,"-22.9093","-43.1721"
123,123-JARDIM DE ALAH X CANDELARIA (CIRCULAR),Fetranspor,434,20282559,"-22.9093","-43.1721"
123,123-JARDIM DE ALAH X CANDELARIA (CIRCULAR),Fetranspor,435,20282559,"-22.909","-43.1722"
123,123-JARDIM DE ALAH X CANDELARIA (CIRCULAR),Fetranspor,436,20282559,"-22.909","-43.1722"
123,123-JARDIM DE ALAH X CANDELARIA (CIRCULAR),Fetranspor,437,20282559,"-22.9081","-43.1725"
123,123-JARDIM DE ALAH X CANDELARIA (CIRCULAR),Fetranspor,438,20282559,"-22.9081","-43.1725"
123,123-JARDIM DE ALAH X CANDELARIA (CIRCULAR),Fetranspor,439,20282559,"-22.9071","-43.1728"
123,123-JARDIM DE ALAH X CANDELARIA (CIRCULAR),Fetranspor,440,20282559,"-22.9071","-43.1728"
123,123-JARDIM DE ALAH X CANDELARIA (CIRCULAR),Fetranspor,441,20282559,"-22.9066","-43.173"
123,123-JARDIM DE ALAH X CANDELARIA (CIRCULAR),Fetranspor,442,20282559,"-22.9066","-43.173"
123,123-JARDIM DE ALAH X CANDELARIA (CIRCULAR),Fetranspor,443,20282559,"-22.9065","-43.173"
123,123-JARDIM DE ALAH X CANDELARIA (CIRCULAR),Fetranspor,444,20282559,"-22.9065","-43.173"
123,123-JARDIM DE ALAH X CANDELARIA (CIRCULAR),Fetranspor,445,20282559,"-22.9061","-43.1732"
123,123-JARDIM DE ALAH X CANDELARIA (CIRCULAR),Fetranspor,446,20282559,"-22.9057","-43.1734"
123,123-JARDIM DE ALAH X CANDELARIA (CIRCULAR),Fetranspor,447,20282559,"-22.9052","-43.1738"
123,123-JARDIM DE ALAH X CANDELARIA (CIRCULAR),Fetranspor,448,20282559,"-22.905","-43.1739"
123,123-JARDIM DE ALAH X CANDELARIA (CIRCULAR),Fetranspor,449,20282559,"-22.905","-43.1739"
123,123-JARDIM DE ALAH X CANDELARIA (CIRCULAR),Fetranspor,450,20282559,"-22.9047","-43.1742"
123,123-JARDIM DE ALAH X CANDELARIA (CIRCULAR),Fetranspor,451,20282559,"-22.9047","-43.1742"
123,123-JARDIM DE ALAH X CANDELARIA (CIRCULAR),Fetranspor,452,20282559,"-22.9046","-43.1742"
123,123-JARDIM DE ALAH X CANDELARIA (CIRCULAR),Fetranspor,453,20282559,"-22.9044","-43.1743"
123,123-JARDIM DE ALAH X CANDELARIA (CIRCULAR),Fetranspor,454,20282559,"-22.9044","-43.1743"
123,123-JARDIM DE ALAH X CANDELARIA (CIRCULAR),Fetranspor,455,20282559,"-22.9043","-43.1744"
123,123-JARDIM DE ALAH X CANDELARIA (CIRCULAR),Fetranspor,456,20282559,"-22.9041","-43.1745"
123,123-JARDIM DE ALAH X CANDELARIA (CIRCULAR),Fetranspor,457,20282559,"-22.904","-43.1745"
123,123-JARDIM DE ALAH X CANDELARIA (CIRCULAR),Fetranspor,458,20282559,"-22.904","-43.1745"
123,123-JARDIM DE ALAH X CANDELARIA (CIRCULAR),Fetranspor,459,20282559,"-22.9039","-43.1746"
123,123-JARDIM DE ALAH X CANDELARIA (CIRCULAR),Fetranspor,460,20282559,"-22.9037","-43.1748"
123,123-JARDIM DE ALAH X CANDELARIA (CIRCULAR),Fetranspor,461,20282559,"-22.9034","-43.175"
123,123-JARDIM DE ALAH X CANDELARIA (CIRCULAR),Fetranspor,462,20282559,"-22.9034","-43.175"
123,123-JARDIM DE ALAH X CANDELARIA (CIRCULAR),Fetranspor,463,20282559,"-22.9032","-43.1752"
123,123-JARDIM DE ALAH X CANDELARIA (CIRCULAR),Fetranspor,464,20282559,"-22.9032","-43.1752"
123,123-JARDIM DE ALAH X CANDELARIA (CIRCULAR),Fetranspor,465,20282559,"-22.9029","-43.1755"
123,123-JARDIM DE ALAH X CANDELARIA (CIRCULAR),Fetranspor,466,20282559,"-22.9029","-43.1755"
123,123-JARDIM DE ALAH X CANDELARIA (CIRCULAR),Fetranspor,467,20282559,"-22.9024","-43.1759"
123,123-JARDIM DE ALAH X CANDELARIA (CIRCULAR),Fetranspor,468,20282559,"-22.9024","-43.1759"
123,123-JARDIM DE ALAH X CANDELARIA (CIRCULAR),Fetranspor,469,20282559,"-22.9019","-43.1761"
123,123-JARDIM DE ALAH X CANDELARIA (CIRCULAR),Fetranspor,470,20282559,"-22.9019","-43.1761"
123,123-JARDIM DE ALAH X CANDELARIA (CIRCULAR),Fetranspor,471,20282559,"-22.9018","-43.1762"
123,123-JARDIM DE ALAH X CANDELARIA (CIRCULAR),Fetranspor,472,20282559,"-22.9017","-43.1763"
123,123-JARDIM DE ALAH X CANDELARIA (CIRCULAR),Fetranspor,473,20282559,"-22.9017","-43.1763"
123,123-JARDIM DE ALAH X CANDELARIA (CIRCULAR),Fetranspor,474,20282559,"-22.9015","-43.1764"
123,123-JARDIM DE ALAH X CANDELARIA (CIRCULAR),Fetranspor,475,20282559,"-22.9015","-43.1764"
123,123-JARDIM DE ALAH X CANDELARIA (CIRCULAR),Fetranspor,476,20282559,"-22.9013","-43.1765"
123,123-JARDIM DE ALAH X CANDELARIA (CIRCULAR),Fetranspor,477,20282559,"-22.9013","-43.1765"
123,123-JARDIM DE ALAH X CANDELARIA (CIRCULAR),Fetranspor,478,20282559,"-22.901","-43.1766"
123,123-JARDIM DE ALAH X CANDELARIA (CIRCULAR),Fetranspor,479,20282559,"-22.9008","-43.1767"
123,123-JARDIM DE ALAH X CANDELARIA (CIRCULAR),Fetranspor,480,20282559,"-22.9008","-43.1767"
123,123-JARDIM DE ALAH X CANDELARIA (CIRCULAR),Fetranspor,481,20282559,"-22.9006","-43.1768"
123,123-JARDIM DE ALAH X CANDELARIA (CIRCULAR),Fetranspor,482,20282559,"-22.9006","-43.1768"
123,123-JARDIM DE ALAH X CANDELARIA (CIRCULAR),Fetranspor,483,20282559,"-22.9003","-43.1769"
123,123-JARDIM DE ALAH X CANDELARIA (CIRCULAR),Fetranspor,484,20282559,"-22.9003","-43.1769"
123,123-JARDIM DE ALAH X CANDELARIA (CIRCULAR),Fetranspor,485,20282559,"-22.9001","-43.177"
123,123-JARDIM DE ALAH X CANDELARIA (CIRCULAR),Fetranspor,486,20282559,"-22.8997","-43.1771"
123,123-JARDIM DE ALAH X CANDELARIA (CIRCULAR),Fetranspor,487,20282559,"-22.8997","-43.1771"
123,123-JARDIM DE ALAH X CANDELARIA (CIRCULAR),Fetranspor,488,20282559,"-22.8991","-43.1772"
123,123-JARDIM DE ALAH X CANDELARIA (CIRCULAR),Fetranspor,489,20282559,"-22.8991","-43.1772"
123,123-JARDIM DE ALAH X CANDELARIA (CIRCULAR),Fetranspor,490,20282559,"-22.8993","-43.1778"
