linha,descricao,agencia,sequencia,shape_id,latitude,longitude
127,127-RODOVIARIA X COPACABANA - CIRCULAR,Fetranspor,0,26516500,"-22.9004","-43.2079"
127,127-RODOVIARIA X COPACABANA - CIRCULAR,Fetranspor,1,26516500,"-22.9024","-43.2078"
127,127-RODOVIARIA X COPACABANA - CIRCULAR,Fetranspor,2,26516500,"-22.9025","-43.2078"
127,127-RODOVIARIA X COPACABANA - CIRCULAR,Fetranspor,3,26516500,"-22.9025","-43.2078"
127,127-RODOVIARIA X COPACABANA - CIRCULAR,Fetranspor,4,26516500,"-22.9026","-43.2078"
127,127-RODOVIARIA X COPACABANA - CIRCULAR,Fetranspor,5,26516500,"-22.9026","-43.2078"
127,127-RODOVIARIA X COPACABANA - CIRCULAR,Fetranspor,6,26516500,"-22.9027","-43.2079"
127,127-RODOVIARIA X COPACABANA - CIRCULAR,Fetranspor,7,26516500,"-22.9026","-43.2079"
127,127-RODOVIARIA X COPACABANA - CIRCULAR,Fetranspor,8,26516500,"-22.9026","-43.208"
127,127-RODOVIARIA X COPACABANA - CIRCULAR,Fetranspor,9,26516500,"-22.9026","-43.208"
127,127-RODOVIARIA X COPACABANA - CIRCULAR,Fetranspor,10,26516500,"-22.9024","-43.208"
127,127-RODOVIARIA X COPACABANA - CIRCULAR,Fetranspor,11,26516500,"-22.9024","-43.208"
127,127-RODOVIARIA X COPACABANA - CIRCULAR,Fetranspor,12,26516500,"-22.9025","-43.208"
127,127-RODOVIARIA X COPACABANA - CIRCULAR,Fetranspor,13,26516500,"-22.9025","-43.2081"
127,127-RODOVIARIA X COPACABANA - CIRCULAR,Fetranspor,14,26516500,"-22.9025","-43.2081"
127,127-RODOVIARIA X COPACABANA - CIRCULAR,Fetranspor,15,26516500,"-22.9026","-43.2082"
127,127-RODOVIARIA X COPACABANA - CIRCULAR,Fetranspor,16,26516500,"-22.9026","-43.2082"
127,127-RODOVIARIA X COPACABANA - CIRCULAR,Fetranspor,17,26516500,"-22.9026","-43.2082"
127,127-RODOVIARIA X COPACABANA - CIRCULAR,Fetranspor,18,26516500,"-22.9026","-43.2083"
127,127-RODOVIARIA X COPACABANA - CIRCULAR,Fetranspor,19,26516500,"-22.9027","-43.2083"
127,127-RODOVIARIA X COPACABANA - CIRCULAR,Fetranspor,20,26516500,"-22.9027","-43.2083"
127,127-RODOVIARIA X COPACABANA - CIRCULAR,Fetranspor,21,26516500,"-22.9028","-43.2083"
127,127-RODOVIARIA X COPACABANA - CIRCULAR,Fetranspor,22,26516500,"-22.9032","-43.2083"
127,127-RODOVIARIA X COPACABANA - CIRCULAR,Fetranspor,23,26516500,"-22.904","-43.2082"
127,127-RODOVIARIA X COPACABANA - CIRCULAR,Fetranspor,24,26516500,"-22.9043","-43.2082"
127,127-RODOVIARIA X COPACABANA - CIRCULAR,Fetranspor,25,26516500,"-22.9043","-43.2082"
127,127-RODOVIARIA X COPACABANA - CIRCULAR,Fetranspor,26,26516500,"-22.9045","-43.2082"
127,127-RODOVIARIA X COPACABANA - CIRCULAR,Fetranspor,27,26516500,"-22.9046","-43.2083"
127,127-RODOVIARIA X COPACABANA - CIRCULAR,Fetranspor,28,26516500,"-22.9047","-43.2083"
127,127-RODOVIARIA X COPACABANA - CIRCULAR,Fetranspor,29,26516500,"-22.9048","-43.2084"
127,127-RODOVIARIA X COPACABANA - CIRCULAR,Fetranspor,30,26516500,"-22.9048","-43.2085"
127,127-RODOVIARIA X COPACABANA - CIRCULAR,Fetranspor,31,26516500,"-22.9049","-43.2086"
127,127-RODOVIARIA X COPACABANA - CIRCULAR,Fetranspor,32,26516500,"-22.9049","-43.2087"
127,127-RODOVIARIA X COPACABANA - CIRCULAR,Fetranspor,33,26516500,"-22.905","-43.2087"
127,127-RODOVIARIA X COPACABANA - CIRCULAR,Fetranspor,34,26516500,"-22.9052","-43.2087"
127,127-RODOVIARIA X COPACABANA - CIRCULAR,Fetranspor,35,26516500,"-22.9056","-43.2087"
127,127-RODOVIARIA X COPACABANA - CIRCULAR,Fetranspor,36,26516500,"-22.9057","-43.2087"
127,127-RODOVIARIA X COPACABANA - CIRCULAR,Fetranspor,37,26516500,"-22.9058","-43.2087"
127,127-RODOVIARIA X COPACABANA - CIRCULAR,Fetranspor,38,26516500,"-22.9058","-43.2088"
127,127-RODOVIARIA X COPACABANA - CIRCULAR,Fetranspor,39,26516500,"-22.9058","-43.2088"
127,127-RODOVIARIA X COPACABANA - CIRCULAR,Fetranspor,40,26516500,"-22.9058","-43.2089"
127,127-RODOVIARIA X COPACABANA - CIRCULAR,Fetranspor,41,26516500,"-22.9058","-43.2091"
127,127-RODOVIARIA X COPACABANA - CIRCULAR,Fetranspor,42,26516500,"-22.9058","-43.2095"
127,127-RODOVIARIA X COPACABANA - CIRCULAR,Fetranspor,43,26516500,"-22.9058","-43.2095"
127,127-RODOVIARIA X COPACABANA - CIRCULAR,Fetranspor,44,26516500,"-22.905","-43.2095"
127,127-RODOVIARIA X COPACABANA - CIRCULAR,Fetranspor,45,26516500,"-22.905","-43.2095"
127,127-RODOVIARIA X COPACABANA - CIRCULAR,Fetranspor,46,26516500,"-22.9029","-43.2097"
127,127-RODOVIARIA X COPACABANA - CIRCULAR,Fetranspor,47,26516500,"-22.9029","-43.2097"
127,127-RODOVIARIA X COPACABANA - CIRCULAR,Fetranspor,48,26516500,"-22.9005","-43.2098"
127,127-RODOVIARIA X COPACABANA - CIRCULAR,Fetranspor,49,26516500,"-22.9005","-43.2098"
127,127-RODOVIARIA X COPACABANA - CIRCULAR,Fetranspor,50,26516500,"-22.9005","-43.2092"
127,127-RODOVIARIA X COPACABANA - CIRCULAR,Fetranspor,51,26516500,"-22.9005","-43.2092"
127,127-RODOVIARIA X COPACABANA - CIRCULAR,Fetranspor,52,26516500,"-22.9004","-43.2084"
127,127-RODOVIARIA X COPACABANA - CIRCULAR,Fetranspor,53,26516500,"-22.9004","-43.2084"
127,127-RODOVIARIA X COPACABANA - CIRCULAR,Fetranspor,54,26516500,"-22.9004","-43.2083"
127,127-RODOVIARIA X COPACABANA - CIRCULAR,Fetranspor,55,26516500,"-22.9004","-43.2083"
127,127-RODOVIARIA X COPACABANA - CIRCULAR,Fetranspor,56,26516500,"-22.9004","-43.2081"
127,127-RODOVIARIA X COPACABANA - CIRCULAR,Fetranspor,57,26516500,"-22.9004","-43.2081"
127,127-RODOVIARIA X COPACABANA - CIRCULAR,Fetranspor,58,26516500,"-22.9004","-43.2079"
127,127-RODOVIARIA X COPACABANA - CIRCULAR,Fetranspor,59,26516500,"-22.9004","-43.2079"
127,127-RODOVIARIA X COPACABANA - CIRCULAR,Fetranspor,60,26516500,"-22.9004","-43.2074"
127,127-RODOVIARIA X COPACABANA - CIRCULAR,Fetranspor,61,26516500,"-22.9004","-43.2074"
127,127-RODOVIARIA X COPACABANA - CIRCULAR,Fetranspor,62,26516500,"-22.9003","-43.2065"
127,127-RODOVIARIA X COPACABANA - CIRCULAR,Fetranspor,63,26516500,"-22.9003","-43.2065"
127,127-RODOVIARIA X COPACABANA - CIRCULAR,Fetranspor,64,26516500,"-22.9003","-43.2059"
127,127-RODOVIARIA X COPACABANA - CIRCULAR,Fetranspor,65,26516500,"-22.9002","-43.2051"
127,127-RODOVIARIA X COPACABANA - CIRCULAR,Fetranspor,66,26516500,"-22.9002","-43.2051"
127,127-RODOVIARIA X COPACABANA - CIRCULAR,Fetranspor,67,26516500,"-22.9003","-43.2049"
127,127-RODOVIARIA X COPACABANA - CIRCULAR,Fetranspor,68,26516500,"-22.9003","-43.2049"
127,127-RODOVIARIA X COPACABANA - CIRCULAR,Fetranspor,69,26516500,"-22.9003","-43.2045"
127,127-RODOVIARIA X COPACABANA - CIRCULAR,Fetranspor,70,26516500,"-22.9004","-43.2041"
127,127-RODOVIARIA X COPACABANA - CIRCULAR,Fetranspor,71,26516500,"-22.9004","-43.2041"
127,127-RODOVIARIA X COPACABANA - CIRCULAR,Fetranspor,72,26516500,"-22.9004","-43.2038"
127,127-RODOVIARIA X COPACABANA - CIRCULAR,Fetranspor,73,26516500,"-22.9004","-43.2034"
127,127-RODOVIARIA X COPACABANA - CIRCULAR,Fetranspor,74,26516500,"-22.9004","-43.2033"
127,127-RODOVIARIA X COPACABANA - CIRCULAR,Fetranspor,75,26516500,"-22.9003","-43.203"
127,127-RODOVIARIA X COPACABANA - CIRCULAR,Fetranspor,76,26516500,"-22.9003","-43.2029"
127,127-RODOVIARIA X COPACABANA - CIRCULAR,Fetranspor,77,26516500,"-22.9003","-43.2029"
127,127-RODOVIARIA X COPACABANA - CIRCULAR,Fetranspor,78,26516500,"-22.9","-43.2024"
127,127-RODOVIARIA X COPACABANA - CIRCULAR,Fetranspor,79,26516500,"-22.9","-43.2024"
127,127-RODOVIARIA X COPACABANA - CIRCULAR,Fetranspor,80,26516500,"-22.8998","-43.202"
127,127-RODOVIARIA X COPACABANA - CIRCULAR,Fetranspor,81,26516500,"-22.8998","-43.2019"
127,127-RODOVIARIA X COPACABANA - CIRCULAR,Fetranspor,82,26516500,"-22.8997","-43.2018"
127,127-RODOVIARIA X COPACABANA - CIRCULAR,Fetranspor,83,26516500,"-22.8996","-43.2018"
127,127-RODOVIARIA X COPACABANA - CIRCULAR,Fetranspor,84,26516500,"-22.8996","-43.2018"
127,127-RODOVIARIA X COPACABANA - CIRCULAR,Fetranspor,85,26516500,"-22.8996","-43.2017"
127,127-RODOVIARIA X COPACABANA - CIRCULAR,Fetranspor,86,26516500,"-22.8996","-43.2016"
127,127-RODOVIARIA X COPACABANA - CIRCULAR,Fetranspor,87,26516500,"-22.8996","-43.2016"
127,127-RODOVIARIA X COPACABANA - CIRCULAR,Fetranspor,88,26516500,"-22.8996","-43.2016"
127,127-RODOVIARIA X COPACABANA - CIRCULAR,Fetranspor,89,26516500,"-22.8996","-43.2015"
127,127-RODOVIARIA X COPACABANA - CIRCULAR,Fetranspor,90,26516500,"-22.8996","-43.2014"
127,127-RODOVIARIA X COPACABANA - CIRCULAR,Fetranspor,91,26516500,"-22.8997","-43.2014"
127,127-RODOVIARIA X COPACABANA - CIRCULAR,Fetranspor,92,26516500,"-22.9012","-43.2003"
127,127-RODOVIARIA X COPACABANA - CIRCULAR,Fetranspor,93,26516500,"-22.9012","-43.2003"
127,127-RODOVIARIA X COPACABANA - CIRCULAR,Fetranspor,94,26516500,"-22.9012","-43.2002"
127,127-RODOVIARIA X COPACABANA - CIRCULAR,Fetranspor,95,26516500,"-22.9012","-43.2001"
127,127-RODOVIARIA X COPACABANA - CIRCULAR,Fetranspor,96,26516500,"-22.9012","-43.2001"
127,127-RODOVIARIA X COPACABANA - CIRCULAR,Fetranspor,97,26516500,"-22.9008","-43.1995"
127,127-RODOVIARIA X COPACABANA - CIRCULAR,Fetranspor,98,26516500,"-22.9007","-43.1994"
127,127-RODOVIARIA X COPACABANA - CIRCULAR,Fetranspor,99,26516500,"-22.9006","-43.1993"
127,127-RODOVIARIA X COPACABANA - CIRCULAR,Fetranspor,100,26516500,"-22.9006","-43.1993"
127,127-RODOVIARIA X COPACABANA - CIRCULAR,Fetranspor,101,26516500,"-22.9006","-43.1993"
127,127-RODOVIARIA X COPACABANA - CIRCULAR,Fetranspor,102,26516500,"-22.9007","-43.1992"
127,127-RODOVIARIA X COPACABANA - CIRCULAR,Fetranspor,103,26516500,"-22.9007","-43.1992"
127,127-RODOVIARIA X COPACABANA - CIRCULAR,Fetranspor,104,26516500,"-22.9007","-43.1991"
127,127-RODOVIARIA X COPACABANA - CIRCULAR,Fetranspor,105,26516500,"-22.9006","-43.1989"
127,127-RODOVIARIA X COPACABANA - CIRCULAR,Fetranspor,106,26516500,"-22.9005","-43.1987"
127,127-RODOVIARIA X COPACABANA - CIRCULAR,Fetranspor,107,26516500,"-22.9005","-43.1986"
127,127-RODOVIARIA X COPACABANA - CIRCULAR,Fetranspor,108,26516500,"-22.9004","-43.1985"
127,127-RODOVIARIA X COPACABANA - CIRCULAR,Fetranspor,109,26516500,"-22.9002","-43.1984"
127,127-RODOVIARIA X COPACABANA - CIRCULAR,Fetranspor,110,26516500,"-22.9002","-43.1984"
127,127-RODOVIARIA X COPACABANA - CIRCULAR,Fetranspor,111,26516500,"-22.9001","-43.1983"
127,127-RODOVIARIA X COPACABANA - CIRCULAR,Fetranspor,112,26516500,"-22.8992","-43.198"
127,127-RODOVIARIA X COPACABANA - CIRCULAR,Fetranspor,113,26516500,"-22.8989","-43.1979"
127,127-RODOVIARIA X COPACABANA - CIRCULAR,Fetranspor,114,26516500,"-22.8979","-43.1977"
127,127-RODOVIARIA X COPACABANA - CIRCULAR,Fetranspor,115,26516500,"-22.8979","-43.1976"
127,127-RODOVIARIA X COPACABANA - CIRCULAR,Fetranspor,116,26516500,"-22.8979","-43.1976"
127,127-RODOVIARIA X COPACABANA - CIRCULAR,Fetranspor,117,26516500,"-22.8978","-43.1974"
127,127-RODOVIARIA X COPACABANA - CIRCULAR,Fetranspor,118,26516500,"-22.8978","-43.1974"
127,127-RODOVIARIA X COPACABANA - CIRCULAR,Fetranspor,119,26516500,"-22.8973","-43.196"
127,127-RODOVIARIA X COPACABANA - CIRCULAR,Fetranspor,120,26516500,"-22.8973","-43.196"
127,127-RODOVIARIA X COPACABANA - CIRCULAR,Fetranspor,121,26516500,"-22.897","-43.1956"
127,127-RODOVIARIA X COPACABANA - CIRCULAR,Fetranspor,122,26516500,"-22.8969","-43.1955"
127,127-RODOVIARIA X COPACABANA - CIRCULAR,Fetranspor,123,26516500,"-22.8969","-43.1955"
127,127-RODOVIARIA X COPACABANA - CIRCULAR,Fetranspor,124,26516500,"-22.8963","-43.1953"
127,127-RODOVIARIA X COPACABANA - CIRCULAR,Fetranspor,125,26516500,"-22.8963","-43.1953"
127,127-RODOVIARIA X COPACABANA - CIRCULAR,Fetranspor,126,26516500,"-22.8963","-43.195"
127,127-RODOVIARIA X COPACABANA - CIRCULAR,Fetranspor,127,26516500,"-22.8963","-43.1946"
127,127-RODOVIARIA X COPACABANA - CIRCULAR,Fetranspor,128,26516500,"-22.8963","-43.1946"
127,127-RODOVIARIA X COPACABANA - CIRCULAR,Fetranspor,129,26516500,"-22.8961","-43.1934"
127,127-RODOVIARIA X COPACABANA - CIRCULAR,Fetranspor,130,26516500,"-22.8961","-43.1934"
127,127-RODOVIARIA X COPACABANA - CIRCULAR,Fetranspor,131,26516500,"-22.8961","-43.1933"
127,127-RODOVIARIA X COPACABANA - CIRCULAR,Fetranspor,132,26516500,"-22.8961","-43.1928"
127,127-RODOVIARIA X COPACABANA - CIRCULAR,Fetranspor,133,26516500,"-22.8961","-43.1925"
127,127-RODOVIARIA X COPACABANA - CIRCULAR,Fetranspor,134,26516500,"-22.8961","-43.1923"
127,127-RODOVIARIA X COPACABANA - CIRCULAR,Fetranspor,135,26516500,"-22.8961","-43.1921"
127,127-RODOVIARIA X COPACABANA - CIRCULAR,Fetranspor,136,26516500,"-22.8961","-43.1919"
127,127-RODOVIARIA X COPACABANA - CIRCULAR,Fetranspor,137,26516500,"-22.896","-43.1919"
127,127-RODOVIARIA X COPACABANA - CIRCULAR,Fetranspor,138,26516500,"-22.896","-43.1918"
127,127-RODOVIARIA X COPACABANA - CIRCULAR,Fetranspor,139,26516500,"-22.896","-43.1918"
127,127-RODOVIARIA X COPACABANA - CIRCULAR,Fetranspor,140,26516500,"-22.8959","-43.1917"
127,127-RODOVIARIA X COPACABANA - CIRCULAR,Fetranspor,141,26516500,"-22.8953","-43.1908"
127,127-RODOVIARIA X COPACABANA - CIRCULAR,Fetranspor,142,26516500,"-22.8951","-43.1906"
127,127-RODOVIARIA X COPACABANA - CIRCULAR,Fetranspor,143,26516500,"-22.895","-43.1905"
127,127-RODOVIARIA X COPACABANA - CIRCULAR,Fetranspor,144,26516500,"-22.895","-43.1904"
127,127-RODOVIARIA X COPACABANA - CIRCULAR,Fetranspor,145,26516500,"-22.895","-43.1904"
127,127-RODOVIARIA X COPACABANA - CIRCULAR,Fetranspor,146,26516500,"-22.8948","-43.1903"
127,127-RODOVIARIA X COPACABANA - CIRCULAR,Fetranspor,147,26516500,"-22.8946","-43.1902"
127,127-RODOVIARIA X COPACABANA - CIRCULAR,Fetranspor,148,26516500,"-22.8945","-43.1901"
127,127-RODOVIARIA X COPACABANA - CIRCULAR,Fetranspor,149,26516500,"-22.8945","-43.1901"
127,127-RODOVIARIA X COPACABANA - CIRCULAR,Fetranspor,150,26516500,"-22.8949","-43.1889"
127,127-RODOVIARIA X COPACABANA - CIRCULAR,Fetranspor,151,26516500,"-22.895","-43.1886"
127,127-RODOVIARIA X COPACABANA - CIRCULAR,Fetranspor,152,26516500,"-22.895","-43.1886"
127,127-RODOVIARIA X COPACABANA - CIRCULAR,Fetranspor,153,26516500,"-22.895","-43.1885"
127,127-RODOVIARIA X COPACABANA - CIRCULAR,Fetranspor,154,26516500,"-22.8957","-43.1868"
127,127-RODOVIARIA X COPACABANA - CIRCULAR,Fetranspor,155,26516500,"-22.8957","-43.1868"
127,127-RODOVIARIA X COPACABANA - CIRCULAR,Fetranspor,156,26516500,"-22.896","-43.1858"
127,127-RODOVIARIA X COPACABANA - CIRCULAR,Fetranspor,157,26516500,"-22.8963","-43.1849"
127,127-RODOVIARIA X COPACABANA - CIRCULAR,Fetranspor,158,26516500,"-22.8963","-43.1849"
127,127-RODOVIARIA X COPACABANA - CIRCULAR,Fetranspor,159,26516500,"-22.8967","-43.1838"
127,127-RODOVIARIA X COPACABANA - CIRCULAR,Fetranspor,160,26516500,"-22.8967","-43.1838"
127,127-RODOVIARIA X COPACABANA - CIRCULAR,Fetranspor,161,26516500,"-22.8968","-43.1836"
127,127-RODOVIARIA X COPACABANA - CIRCULAR,Fetranspor,162,26516500,"-22.8972","-43.1824"
127,127-RODOVIARIA X COPACABANA - CIRCULAR,Fetranspor,163,26516500,"-22.8972","-43.1824"
127,127-RODOVIARIA X COPACABANA - CIRCULAR,Fetranspor,164,26516500,"-22.8972","-43.1823"
127,127-RODOVIARIA X COPACABANA - CIRCULAR,Fetranspor,165,26516500,"-22.8972","-43.1821"
127,127-RODOVIARIA X COPACABANA - CIRCULAR,Fetranspor,166,26516500,"-22.8972","-43.1821"
127,127-RODOVIARIA X COPACABANA - CIRCULAR,Fetranspor,167,26516500,"-22.8972","-43.182"
127,127-RODOVIARIA X COPACABANA - CIRCULAR,Fetranspor,168,26516500,"-22.8972","-43.182"
127,127-RODOVIARIA X COPACABANA - CIRCULAR,Fetranspor,169,26516500,"-22.8971","-43.1818"
127,127-RODOVIARIA X COPACABANA - CIRCULAR,Fetranspor,170,26516500,"-22.8971","-43.1818"
127,127-RODOVIARIA X COPACABANA - CIRCULAR,Fetranspor,171,26516500,"-22.8969","-43.1814"
127,127-RODOVIARIA X COPACABANA - CIRCULAR,Fetranspor,172,26516500,"-22.8969","-43.1814"
127,127-RODOVIARIA X COPACABANA - CIRCULAR,Fetranspor,173,26516500,"-22.8972","-43.1806"
127,127-RODOVIARIA X COPACABANA - CIRCULAR,Fetranspor,174,26516500,"-22.8972","-43.1806"
127,127-RODOVIARIA X COPACABANA - CIRCULAR,Fetranspor,175,26516500,"-22.8977","-43.1805"
127,127-RODOVIARIA X COPACABANA - CIRCULAR,Fetranspor,176,26516500,"-22.8979","-43.1804"
127,127-RODOVIARIA X COPACABANA - CIRCULAR,Fetranspor,177,26516500,"-22.8979","-43.1804"
127,127-RODOVIARIA X COPACABANA - CIRCULAR,Fetranspor,178,26516500,"-22.8986","-43.1801"
127,127-RODOVIARIA X COPACABANA - CIRCULAR,Fetranspor,179,26516500,"-22.8986","-43.1801"
127,127-RODOVIARIA X COPACABANA - CIRCULAR,Fetranspor,180,26516500,"-22.8993","-43.1798"
127,127-RODOVIARIA X COPACABANA - CIRCULAR,Fetranspor,181,26516500,"-22.8993","-43.1798"
127,127-RODOVIARIA X COPACABANA - CIRCULAR,Fetranspor,182,26516500,"-22.8998","-43.1796"
127,127-RODOVIARIA X COPACABANA - CIRCULAR,Fetranspor,183,26516500,"-22.8998","-43.1796"
127,127-RODOVIARIA X COPACABANA - CIRCULAR,Fetranspor,184,26516500,"-22.9003","-43.1795"
127,127-RODOVIARIA X COPACABANA - CIRCULAR,Fetranspor,185,26516500,"-22.9003","-43.1795"
127,127-RODOVIARIA X COPACABANA - CIRCULAR,Fetranspor,186,26516500,"-22.901","-43.1792"
127,127-RODOVIARIA X COPACABANA - CIRCULAR,Fetranspor,187,26516500,"-22.901","-43.1792"
127,127-RODOVIARIA X COPACABANA - CIRCULAR,Fetranspor,188,26516500,"-22.9012","-43.1791"
127,127-RODOVIARIA X COPACABANA - CIRCULAR,Fetranspor,189,26516500,"-22.9012","-43.1791"
127,127-RODOVIARIA X COPACABANA - CIRCULAR,Fetranspor,190,26516500,"-22.9013","-43.1791"
127,127-RODOVIARIA X COPACABANA - CIRCULAR,Fetranspor,191,26516500,"-22.9013","-43.1791"
127,127-RODOVIARIA X COPACABANA - CIRCULAR,Fetranspor,192,26516500,"-22.9015","-43.179"
127,127-RODOVIARIA X COPACABANA - CIRCULAR,Fetranspor,193,26516500,"-22.9015","-43.179"
127,127-RODOVIARIA X COPACABANA - CIRCULAR,Fetranspor,194,26516500,"-22.9021","-43.1788"
127,127-RODOVIARIA X COPACABANA - CIRCULAR,Fetranspor,195,26516500,"-22.9021","-43.1788"
127,127-RODOVIARIA X COPACABANA - CIRCULAR,Fetranspor,196,26516500,"-22.9026","-43.1786"
127,127-RODOVIARIA X COPACABANA - CIRCULAR,Fetranspor,197,26516500,"-22.9026","-43.1786"
127,127-RODOVIARIA X COPACABANA - CIRCULAR,Fetranspor,198,26516500,"-22.9031","-43.1784"
127,127-RODOVIARIA X COPACABANA - CIRCULAR,Fetranspor,199,26516500,"-22.9031","-43.1784"
127,127-RODOVIARIA X COPACABANA - CIRCULAR,Fetranspor,200,26516500,"-22.9036","-43.1782"
127,127-RODOVIARIA X COPACABANA - CIRCULAR,Fetranspor,201,26516500,"-22.9036","-43.1782"
127,127-RODOVIARIA X COPACABANA - CIRCULAR,Fetranspor,202,26516500,"-22.9042","-43.178"
127,127-RODOVIARIA X COPACABANA - CIRCULAR,Fetranspor,203,26516500,"-22.9049","-43.1777"
127,127-RODOVIARIA X COPACABANA - CIRCULAR,Fetranspor,204,26516500,"-22.905","-43.1777"
127,127-RODOVIARIA X COPACABANA - CIRCULAR,Fetranspor,205,26516500,"-22.905","-43.1777"
127,127-RODOVIARIA X COPACABANA - CIRCULAR,Fetranspor,206,26516500,"-22.9053","-43.1776"
127,127-RODOVIARIA X COPACABANA - CIRCULAR,Fetranspor,207,26516500,"-22.9058","-43.1774"
127,127-RODOVIARIA X COPACABANA - CIRCULAR,Fetranspor,208,26516500,"-22.9058","-43.1774"
127,127-RODOVIARIA X COPACABANA - CIRCULAR,Fetranspor,209,26516500,"-22.9062","-43.1772"
127,127-RODOVIARIA X COPACABANA - CIRCULAR,Fetranspor,210,26516500,"-22.9064","-43.1771"
127,127-RODOVIARIA X COPACABANA - CIRCULAR,Fetranspor,211,26516500,"-22.9064","-43.1771"
127,127-RODOVIARIA X COPACABANA - CIRCULAR,Fetranspor,212,26516500,"-22.9066","-43.1771"
127,127-RODOVIARIA X COPACABANA - CIRCULAR,Fetranspor,213,26516500,"-22.9066","-43.1771"
127,127-RODOVIARIA X COPACABANA - CIRCULAR,Fetranspor,214,26516500,"-22.9069","-43.177"
127,127-RODOVIARIA X COPACABANA - CIRCULAR,Fetranspor,215,26516500,"-22.9071","-43.1769"
127,127-RODOVIARIA X COPACABANA - CIRCULAR,Fetranspor,216,26516500,"-22.9071","-43.1769"
127,127-RODOVIARIA X COPACABANA - CIRCULAR,Fetranspor,217,26516500,"-22.9074","-43.1768"
127,127-RODOVIARIA X COPACABANA - CIRCULAR,Fetranspor,218,26516500,"-22.9074","-43.1768"
127,127-RODOVIARIA X COPACABANA - CIRCULAR,Fetranspor,219,26516500,"-22.9079","-43.1766"
127,127-RODOVIARIA X COPACABANA - CIRCULAR,Fetranspor,220,26516500,"-22.9079","-43.1766"
127,127-RODOVIARIA X COPACABANA - CIRCULAR,Fetranspor,221,26516500,"-22.908","-43.1766"
127,127-RODOVIARIA X COPACABANA - CIRCULAR,Fetranspor,222,26516500,"-22.908","-43.1766"
127,127-RODOVIARIA X COPACABANA - CIRCULAR,Fetranspor,223,26516500,"-22.9085","-43.1764"
127,127-RODOVIARIA X COPACABANA - CIRCULAR,Fetranspor,224,26516500,"-22.9085","-43.1764"
127,127-RODOVIARIA X COPACABANA - CIRCULAR,Fetranspor,225,26516500,"-22.9093","-43.1761"
127,127-RODOVIARIA X COPACABANA - CIRCULAR,Fetranspor,226,26516500,"-22.9093","-43.1761"
127,127-RODOVIARIA X COPACABANA - CIRCULAR,Fetranspor,227,26516500,"-22.9103","-43.1757"
127,127-RODOVIARIA X COPACABANA - CIRCULAR,Fetranspor,228,26516500,"-22.9103","-43.1757"
127,127-RODOVIARIA X COPACABANA - CIRCULAR,Fetranspor,229,26516500,"-22.9114","-43.1753"
127,127-RODOVIARIA X COPACABANA - CIRCULAR,Fetranspor,230,26516500,"-22.9114","-43.1753"
127,127-RODOVIARIA X COPACABANA - CIRCULAR,Fetranspor,231,26516500,"-22.912","-43.175"
127,127-RODOVIARIA X COPACABANA - CIRCULAR,Fetranspor,232,26516500,"-22.912","-43.175"
127,127-RODOVIARIA X COPACABANA - CIRCULAR,Fetranspor,233,26516500,"-22.9123","-43.1749"
127,127-RODOVIARIA X COPACABANA - CIRCULAR,Fetranspor,234,26516500,"-22.9123","-43.1749"
127,127-RODOVIARIA X COPACABANA - CIRCULAR,Fetranspor,235,26516500,"-22.9124","-43.1749"
127,127-RODOVIARIA X COPACABANA - CIRCULAR,Fetranspor,236,26516500,"-22.9125","-43.1749"
127,127-RODOVIARIA X COPACABANA - CIRCULAR,Fetranspor,237,26516500,"-22.9128","-43.1748"
127,127-RODOVIARIA X COPACABANA - CIRCULAR,Fetranspor,238,26516500,"-22.9128","-43.1748"
127,127-RODOVIARIA X COPACABANA - CIRCULAR,Fetranspor,239,26516500,"-22.9128","-43.1748"
127,127-RODOVIARIA X COPACABANA - CIRCULAR,Fetranspor,240,26516500,"-22.9129","-43.1747"
127,127-RODOVIARIA X COPACABANA - CIRCULAR,Fetranspor,241,26516500,"-22.9129","-43.1747"
127,127-RODOVIARIA X COPACABANA - CIRCULAR,Fetranspor,242,26516500,"-22.9135","-43.1745"
127,127-RODOVIARIA X COPACABANA - CIRCULAR,Fetranspor,243,26516500,"-22.9135","-43.1745"
127,127-RODOVIARIA X COPACABANA - CIRCULAR,Fetranspor,244,26516500,"-22.9137","-43.1744"
127,127-RODOVIARIA X COPACABANA - CIRCULAR,Fetranspor,245,26516500,"-22.9137","-43.1744"
127,127-RODOVIARIA X COPACABANA - CIRCULAR,Fetranspor,246,26516500,"-22.9139","-43.1744"
127,127-RODOVIARIA X COPACABANA - CIRCULAR,Fetranspor,247,26516500,"-22.9141","-43.1744"
127,127-RODOVIARIA X COPACABANA - CIRCULAR,Fetranspor,248,26516500,"-22.9149","-43.1746"
127,127-RODOVIARIA X COPACABANA - CIRCULAR,Fetranspor,249,26516500,"-22.9149","-43.1746"
127,127-RODOVIARIA X COPACABANA - CIRCULAR,Fetranspor,250,26516500,"-22.9154","-43.1748"
127,127-RODOVIARIA X COPACABANA - CIRCULAR,Fetranspor,251,26516500,"-22.9156","-43.1748"
127,127-RODOVIARIA X COPACABANA - CIRCULAR,Fetranspor,252,26516500,"-22.9162","-43.175"
127,127-RODOVIARIA X COPACABANA - CIRCULAR,Fetranspor,253,26516500,"-22.9164","-43.175"
127,127-RODOVIARIA X COPACABANA - CIRCULAR,Fetranspor,254,26516500,"-22.917","-43.175"
127,127-RODOVIARIA X COPACABANA - CIRCULAR,Fetranspor,255,26516500,"-22.9176","-43.175"
127,127-RODOVIARIA X COPACABANA - CIRCULAR,Fetranspor,256,26516500,"-22.9181","-43.1748"
127,127-RODOVIARIA X COPACABANA - CIRCULAR,Fetranspor,257,26516500,"-22.9186","-43.1747"
127,127-RODOVIARIA X COPACABANA - CIRCULAR,Fetranspor,258,26516500,"-22.919","-43.1745"
127,127-RODOVIARIA X COPACABANA - CIRCULAR,Fetranspor,259,26516500,"-22.9192","-43.1744"
127,127-RODOVIARIA X COPACABANA - CIRCULAR,Fetranspor,260,26516500,"-22.9192","-43.1744"
127,127-RODOVIARIA X COPACABANA - CIRCULAR,Fetranspor,261,26516500,"-22.9194","-43.1743"
127,127-RODOVIARIA X COPACABANA - CIRCULAR,Fetranspor,262,26516500,"-22.9197","-43.1741"
127,127-RODOVIARIA X COPACABANA - CIRCULAR,Fetranspor,263,26516500,"-22.9199","-43.1739"
127,127-RODOVIARIA X COPACABANA - CIRCULAR,Fetranspor,264,26516500,"-22.9201","-43.1737"
127,127-RODOVIARIA X COPACABANA - CIRCULAR,Fetranspor,265,26516500,"-22.9203","-43.1735"
127,127-RODOVIARIA X COPACABANA - CIRCULAR,Fetranspor,266,26516500,"-22.9203","-43.1735"
127,127-RODOVIARIA X COPACABANA - CIRCULAR,Fetranspor,267,26516500,"-22.9207","-43.1729"
127,127-RODOVIARIA X COPACABANA - CIRCULAR,Fetranspor,268,26516500,"-22.9207","-43.1729"
127,127-RODOVIARIA X COPACABANA - CIRCULAR,Fetranspor,269,26516500,"-22.9211","-43.1724"
127,127-RODOVIARIA X COPACABANA - CIRCULAR,Fetranspor,270,26516500,"-22.9215","-43.172"
127,127-RODOVIARIA X COPACABANA - CIRCULAR,Fetranspor,271,26516500,"-22.9219","-43.1718"
127,127-RODOVIARIA X COPACABANA - CIRCULAR,Fetranspor,272,26516500,"-22.9222","-43.1716"
127,127-RODOVIARIA X COPACABANA - CIRCULAR,Fetranspor,273,26516500,"-22.9225","-43.1714"
127,127-RODOVIARIA X COPACABANA - CIRCULAR,Fetranspor,274,26516500,"-22.9228","-43.1713"
127,127-RODOVIARIA X COPACABANA - CIRCULAR,Fetranspor,275,26516500,"-22.9231","-43.1713"
127,127-RODOVIARIA X COPACABANA - CIRCULAR,Fetranspor,276,26516500,"-22.9233","-43.1712"
127,127-RODOVIARIA X COPACABANA - CIRCULAR,Fetranspor,277,26516500,"-22.9233","-43.1712"
127,127-RODOVIARIA X COPACABANA - CIRCULAR,Fetranspor,278,26516500,"-22.9236","-43.1712"
127,127-RODOVIARIA X COPACABANA - CIRCULAR,Fetranspor,279,26516500,"-22.9241","-43.1712"
127,127-RODOVIARIA X COPACABANA - CIRCULAR,Fetranspor,280,26516500,"-22.9242","-43.1713"
127,127-RODOVIARIA X COPACABANA - CIRCULAR,Fetranspor,281,26516500,"-22.9246","-43.1713"
127,127-RODOVIARIA X COPACABANA - CIRCULAR,Fetranspor,282,26516500,"-22.9268","-43.172"
127,127-RODOVIARIA X COPACABANA - CIRCULAR,Fetranspor,283,26516500,"-22.9299","-43.1729"
127,127-RODOVIARIA X COPACABANA - CIRCULAR,Fetranspor,284,26516500,"-22.9302","-43.173"
127,127-RODOVIARIA X COPACABANA - CIRCULAR,Fetranspor,285,26516500,"-22.9322","-43.1736"
127,127-RODOVIARIA X COPACABANA - CIRCULAR,Fetranspor,286,26516500,"-22.9326","-43.1737"
127,127-RODOVIARIA X COPACABANA - CIRCULAR,Fetranspor,287,26516500,"-22.9327","-43.1738"
127,127-RODOVIARIA X COPACABANA - CIRCULAR,Fetranspor,288,26516500,"-22.9329","-43.1738"
127,127-RODOVIARIA X COPACABANA - CIRCULAR,Fetranspor,289,26516500,"-22.9334","-43.1738"
127,127-RODOVIARIA X COPACABANA - CIRCULAR,Fetranspor,290,26516500,"-22.9338","-43.1738"
127,127-RODOVIARIA X COPACABANA - CIRCULAR,Fetranspor,291,26516500,"-22.9339","-43.1738"
127,127-RODOVIARIA X COPACABANA - CIRCULAR,Fetranspor,292,26516500,"-22.9344","-43.1738"
127,127-RODOVIARIA X COPACABANA - CIRCULAR,Fetranspor,293,26516500,"-22.9346","-43.1737"
127,127-RODOVIARIA X COPACABANA - CIRCULAR,Fetranspor,294,26516500,"-22.9351","-43.1736"
127,127-RODOVIARIA X COPACABANA - CIRCULAR,Fetranspor,295,26516500,"-22.9351","-43.1736"
127,127-RODOVIARIA X COPACABANA - CIRCULAR,Fetranspor,296,26516500,"-22.9353","-43.1736"
127,127-RODOVIARIA X COPACABANA - CIRCULAR,Fetranspor,297,26516500,"-22.9357","-43.1735"
127,127-RODOVIARIA X COPACABANA - CIRCULAR,Fetranspor,298,26516500,"-22.936","-43.1734"
127,127-RODOVIARIA X COPACABANA - CIRCULAR,Fetranspor,299,26516500,"-22.9362","-43.1733"
127,127-RODOVIARIA X COPACABANA - CIRCULAR,Fetranspor,300,26516500,"-22.9363","-43.1732"
127,127-RODOVIARIA X COPACABANA - CIRCULAR,Fetranspor,301,26516500,"-22.9365","-43.1731"
127,127-RODOVIARIA X COPACABANA - CIRCULAR,Fetranspor,302,26516500,"-22.9367","-43.1729"
127,127-RODOVIARIA X COPACABANA - CIRCULAR,Fetranspor,303,26516500,"-22.9367","-43.1729"
127,127-RODOVIARIA X COPACABANA - CIRCULAR,Fetranspor,304,26516500,"-22.9369","-43.1726"
127,127-RODOVIARIA X COPACABANA - CIRCULAR,Fetranspor,305,26516500,"-22.9371","-43.1723"
127,127-RODOVIARIA X COPACABANA - CIRCULAR,Fetranspor,306,26516500,"-22.9373","-43.1721"
127,127-RODOVIARIA X COPACABANA - CIRCULAR,Fetranspor,307,26516500,"-22.9375","-43.1717"
127,127-RODOVIARIA X COPACABANA - CIRCULAR,Fetranspor,308,26516500,"-22.9375","-43.1717"
127,127-RODOVIARIA X COPACABANA - CIRCULAR,Fetranspor,309,26516500,"-22.9377","-43.1714"
127,127-RODOVIARIA X COPACABANA - CIRCULAR,Fetranspor,310,26516500,"-22.9379","-43.1712"
127,127-RODOVIARIA X COPACABANA - CIRCULAR,Fetranspor,311,26516500,"-22.938","-43.1711"
127,127-RODOVIARIA X COPACABANA - CIRCULAR,Fetranspor,312,26516500,"-22.9381","-43.1709"
127,127-RODOVIARIA X COPACABANA - CIRCULAR,Fetranspor,313,26516500,"-22.9384","-43.1708"
127,127-RODOVIARIA X COPACABANA - CIRCULAR,Fetranspor,314,26516500,"-22.9385","-43.1707"
127,127-RODOVIARIA X COPACABANA - CIRCULAR,Fetranspor,315,26516500,"-22.9385","-43.1707"
127,127-RODOVIARIA X COPACABANA - CIRCULAR,Fetranspor,316,26516500,"-22.9386","-43.1707"
127,127-RODOVIARIA X COPACABANA - CIRCULAR,Fetranspor,317,26516500,"-22.9387","-43.1706"
127,127-RODOVIARIA X COPACABANA - CIRCULAR,Fetranspor,318,26516500,"-22.9389","-43.1706"
127,127-RODOVIARIA X COPACABANA - CIRCULAR,Fetranspor,319,26516500,"-22.9391","-43.1705"
127,127-RODOVIARIA X COPACABANA - CIRCULAR,Fetranspor,320,26516500,"-22.9393","-43.1705"
127,127-RODOVIARIA X COPACABANA - CIRCULAR,Fetranspor,321,26516500,"-22.9394","-43.1705"
127,127-RODOVIARIA X COPACABANA - CIRCULAR,Fetranspor,322,26516500,"-22.9394","-43.1705"
127,127-RODOVIARIA X COPACABANA - CIRCULAR,Fetranspor,323,26516500,"-22.9396","-43.1705"
127,127-RODOVIARIA X COPACABANA - CIRCULAR,Fetranspor,324,26516500,"-22.9399","-43.1705"
127,127-RODOVIARIA X COPACABANA - CIRCULAR,Fetranspor,325,26516500,"-22.9402","-43.1706"
127,127-RODOVIARIA X COPACABANA - CIRCULAR,Fetranspor,326,26516500,"-22.9404","-43.1707"
127,127-RODOVIARIA X COPACABANA - CIRCULAR,Fetranspor,327,26516500,"-22.9407","-43.1708"
127,127-RODOVIARIA X COPACABANA - CIRCULAR,Fetranspor,328,26516500,"-22.941","-43.171"
127,127-RODOVIARIA X COPACABANA - CIRCULAR,Fetranspor,329,26516500,"-22.9413","-43.1712"
127,127-RODOVIARIA X COPACABANA - CIRCULAR,Fetranspor,330,26516500,"-22.9415","-43.1714"
127,127-RODOVIARIA X COPACABANA - CIRCULAR,Fetranspor,331,26516500,"-22.9418","-43.1718"
127,127-RODOVIARIA X COPACABANA - CIRCULAR,Fetranspor,332,26516500,"-22.9422","-43.1722"
127,127-RODOVIARIA X COPACABANA - CIRCULAR,Fetranspor,333,26516500,"-22.9427","-43.1728"
127,127-RODOVIARIA X COPACABANA - CIRCULAR,Fetranspor,334,26516500,"-22.9432","-43.1736"
127,127-RODOVIARIA X COPACABANA - CIRCULAR,Fetranspor,335,26516500,"-22.9434","-43.1738"
127,127-RODOVIARIA X COPACABANA - CIRCULAR,Fetranspor,336,26516500,"-22.9435","-43.1742"
127,127-RODOVIARIA X COPACABANA - CIRCULAR,Fetranspor,337,26516500,"-22.9435","-43.1742"
127,127-RODOVIARIA X COPACABANA - CIRCULAR,Fetranspor,338,26516500,"-22.9437","-43.1745"
127,127-RODOVIARIA X COPACABANA - CIRCULAR,Fetranspor,339,26516500,"-22.9437","-43.1745"
127,127-RODOVIARIA X COPACABANA - CIRCULAR,Fetranspor,340,26516500,"-22.9437","-43.1746"
127,127-RODOVIARIA X COPACABANA - CIRCULAR,Fetranspor,341,26516500,"-22.9437","-43.1748"
127,127-RODOVIARIA X COPACABANA - CIRCULAR,Fetranspor,342,26516500,"-22.9437","-43.1751"
127,127-RODOVIARIA X COPACABANA - CIRCULAR,Fetranspor,343,26516500,"-22.9437","-43.1753"
127,127-RODOVIARIA X COPACABANA - CIRCULAR,Fetranspor,344,26516500,"-22.9436","-43.1756"
127,127-RODOVIARIA X COPACABANA - CIRCULAR,Fetranspor,345,26516500,"-22.9435","-43.1759"
127,127-RODOVIARIA X COPACABANA - CIRCULAR,Fetranspor,346,26516500,"-22.9434","-43.1761"
127,127-RODOVIARIA X COPACABANA - CIRCULAR,Fetranspor,347,26516500,"-22.9433","-43.1763"
127,127-RODOVIARIA X COPACABANA - CIRCULAR,Fetranspor,348,26516500,"-22.9427","-43.1771"
127,127-RODOVIARIA X COPACABANA - CIRCULAR,Fetranspor,349,26516500,"-22.9425","-43.1773"
127,127-RODOVIARIA X COPACABANA - CIRCULAR,Fetranspor,350,26516500,"-22.9425","-43.1773"
127,127-RODOVIARIA X COPACABANA - CIRCULAR,Fetranspor,351,26516500,"-22.9424","-43.1775"
127,127-RODOVIARIA X COPACABANA - CIRCULAR,Fetranspor,352,26516500,"-22.9424","-43.1777"
127,127-RODOVIARIA X COPACABANA - CIRCULAR,Fetranspor,353,26516500,"-22.9423","-43.1779"
127,127-RODOVIARIA X COPACABANA - CIRCULAR,Fetranspor,354,26516500,"-22.9423","-43.1782"
127,127-RODOVIARIA X COPACABANA - CIRCULAR,Fetranspor,355,26516500,"-22.9423","-43.1785"
127,127-RODOVIARIA X COPACABANA - CIRCULAR,Fetranspor,356,26516500,"-22.9423","-43.1788"
127,127-RODOVIARIA X COPACABANA - CIRCULAR,Fetranspor,357,26516500,"-22.9423","-43.179"
127,127-RODOVIARIA X COPACABANA - CIRCULAR,Fetranspor,358,26516500,"-22.9423","-43.179"
127,127-RODOVIARIA X COPACABANA - CIRCULAR,Fetranspor,359,26516500,"-22.9424","-43.1792"
127,127-RODOVIARIA X COPACABANA - CIRCULAR,Fetranspor,360,26516500,"-22.9425","-43.1794"
127,127-RODOVIARIA X COPACABANA - CIRCULAR,Fetranspor,361,26516500,"-22.9426","-43.1796"
127,127-RODOVIARIA X COPACABANA - CIRCULAR,Fetranspor,362,26516500,"-22.9428","-43.1799"
127,127-RODOVIARIA X COPACABANA - CIRCULAR,Fetranspor,363,26516500,"-22.9431","-43.1803"
127,127-RODOVIARIA X COPACABANA - CIRCULAR,Fetranspor,364,26516500,"-22.9434","-43.1807"
127,127-RODOVIARIA X COPACABANA - CIRCULAR,Fetranspor,365,26516500,"-22.9434","-43.1807"
127,127-RODOVIARIA X COPACABANA - CIRCULAR,Fetranspor,366,26516500,"-22.9434","-43.1807"
127,127-RODOVIARIA X COPACABANA - CIRCULAR,Fetranspor,367,26516500,"-22.9437","-43.1809"
127,127-RODOVIARIA X COPACABANA - CIRCULAR,Fetranspor,368,26516500,"-22.944","-43.1811"
127,127-RODOVIARIA X COPACABANA - CIRCULAR,Fetranspor,369,26516500,"-22.9444","-43.1814"
127,127-RODOVIARIA X COPACABANA - CIRCULAR,Fetranspor,370,26516500,"-22.9448","-43.1816"
127,127-RODOVIARIA X COPACABANA - CIRCULAR,Fetranspor,371,26516500,"-22.945","-43.1816"
127,127-RODOVIARIA X COPACABANA - CIRCULAR,Fetranspor,372,26516500,"-22.9454","-43.1817"
127,127-RODOVIARIA X COPACABANA - CIRCULAR,Fetranspor,373,26516500,"-22.9459","-43.1818"
127,127-RODOVIARIA X COPACABANA - CIRCULAR,Fetranspor,374,26516500,"-22.946","-43.1818"
127,127-RODOVIARIA X COPACABANA - CIRCULAR,Fetranspor,375,26516500,"-22.946","-43.1818"
127,127-RODOVIARIA X COPACABANA - CIRCULAR,Fetranspor,376,26516500,"-22.9461","-43.1818"
127,127-RODOVIARIA X COPACABANA - CIRCULAR,Fetranspor,377,26516500,"-22.9467","-43.1818"
127,127-RODOVIARIA X COPACABANA - CIRCULAR,Fetranspor,378,26516500,"-22.9471","-43.1818"
127,127-RODOVIARIA X COPACABANA - CIRCULAR,Fetranspor,379,26516500,"-22.9475","-43.1817"
127,127-RODOVIARIA X COPACABANA - CIRCULAR,Fetranspor,380,26516500,"-22.9477","-43.1816"
127,127-RODOVIARIA X COPACABANA - CIRCULAR,Fetranspor,381,26516500,"-22.9477","-43.1816"
127,127-RODOVIARIA X COPACABANA - CIRCULAR,Fetranspor,382,26516500,"-22.9477","-43.1816"
127,127-RODOVIARIA X COPACABANA - CIRCULAR,Fetranspor,383,26516500,"-22.9481","-43.1815"
127,127-RODOVIARIA X COPACABANA - CIRCULAR,Fetranspor,384,26516500,"-22.9483","-43.1814"
127,127-RODOVIARIA X COPACABANA - CIRCULAR,Fetranspor,385,26516500,"-22.9485","-43.1812"
127,127-RODOVIARIA X COPACABANA - CIRCULAR,Fetranspor,386,26516500,"-22.9488","-43.181"
127,127-RODOVIARIA X COPACABANA - CIRCULAR,Fetranspor,387,26516500,"-22.949","-43.1809"
127,127-RODOVIARIA X COPACABANA - CIRCULAR,Fetranspor,388,26516500,"-22.949","-43.1809"
127,127-RODOVIARIA X COPACABANA - CIRCULAR,Fetranspor,389,26516500,"-22.9494","-43.1806"
127,127-RODOVIARIA X COPACABANA - CIRCULAR,Fetranspor,390,26516500,"-22.9494","-43.1806"
127,127-RODOVIARIA X COPACABANA - CIRCULAR,Fetranspor,391,26516500,"-22.9496","-43.1805"
127,127-RODOVIARIA X COPACABANA - CIRCULAR,Fetranspor,392,26516500,"-22.9498","-43.1804"
127,127-RODOVIARIA X COPACABANA - CIRCULAR,Fetranspor,393,26516500,"-22.9498","-43.1804"
127,127-RODOVIARIA X COPACABANA - CIRCULAR,Fetranspor,394,26516500,"-22.95","-43.1803"
127,127-RODOVIARIA X COPACABANA - CIRCULAR,Fetranspor,395,26516500,"-22.9503","-43.1802"
127,127-RODOVIARIA X COPACABANA - CIRCULAR,Fetranspor,396,26516500,"-22.9503","-43.1802"
127,127-RODOVIARIA X COPACABANA - CIRCULAR,Fetranspor,397,26516500,"-22.9508","-43.18"
127,127-RODOVIARIA X COPACABANA - CIRCULAR,Fetranspor,398,26516500,"-22.9508","-43.1799"
127,127-RODOVIARIA X COPACABANA - CIRCULAR,Fetranspor,399,26516500,"-22.9508","-43.1799"
127,127-RODOVIARIA X COPACABANA - CIRCULAR,Fetranspor,400,26516500,"-22.9512","-43.1798"
127,127-RODOVIARIA X COPACABANA - CIRCULAR,Fetranspor,401,26516500,"-22.9512","-43.1798"
127,127-RODOVIARIA X COPACABANA - CIRCULAR,Fetranspor,402,26516500,"-22.952","-43.1795"
127,127-RODOVIARIA X COPACABANA - CIRCULAR,Fetranspor,403,26516500,"-22.9522","-43.1794"
127,127-RODOVIARIA X COPACABANA - CIRCULAR,Fetranspor,404,26516500,"-22.9523","-43.1793"
127,127-RODOVIARIA X COPACABANA - CIRCULAR,Fetranspor,405,26516500,"-22.9528","-43.1792"
127,127-RODOVIARIA X COPACABANA - CIRCULAR,Fetranspor,406,26516500,"-22.9529","-43.1791"
127,127-RODOVIARIA X COPACABANA - CIRCULAR,Fetranspor,407,26516500,"-22.9529","-43.1791"
127,127-RODOVIARIA X COPACABANA - CIRCULAR,Fetranspor,408,26516500,"-22.953","-43.1791"
127,127-RODOVIARIA X COPACABANA - CIRCULAR,Fetranspor,409,26516500,"-22.953","-43.1791"
127,127-RODOVIARIA X COPACABANA - CIRCULAR,Fetranspor,410,26516500,"-22.9534","-43.1789"
127,127-RODOVIARIA X COPACABANA - CIRCULAR,Fetranspor,411,26516500,"-22.9534","-43.1789"
127,127-RODOVIARIA X COPACABANA - CIRCULAR,Fetranspor,412,26516500,"-22.9539","-43.1787"
127,127-RODOVIARIA X COPACABANA - CIRCULAR,Fetranspor,413,26516500,"-22.9539","-43.1787"
127,127-RODOVIARIA X COPACABANA - CIRCULAR,Fetranspor,414,26516500,"-22.9542","-43.1786"
127,127-RODOVIARIA X COPACABANA - CIRCULAR,Fetranspor,415,26516500,"-22.9542","-43.1786"
127,127-RODOVIARIA X COPACABANA - CIRCULAR,Fetranspor,416,26516500,"-22.9549","-43.1783"
127,127-RODOVIARIA X COPACABANA - CIRCULAR,Fetranspor,417,26516500,"-22.9551","-43.1782"
127,127-RODOVIARIA X COPACABANA - CIRCULAR,Fetranspor,418,26516500,"-22.9555","-43.178"
127,127-RODOVIARIA X COPACABANA - CIRCULAR,Fetranspor,419,26516500,"-22.9559","-43.1778"
127,127-RODOVIARIA X COPACABANA - CIRCULAR,Fetranspor,420,26516500,"-22.9559","-43.1778"
127,127-RODOVIARIA X COPACABANA - CIRCULAR,Fetranspor,421,26516500,"-22.9562","-43.1777"
127,127-RODOVIARIA X COPACABANA - CIRCULAR,Fetranspor,422,26516500,"-22.9564","-43.1777"
127,127-RODOVIARIA X COPACABANA - CIRCULAR,Fetranspor,423,26516500,"-22.9564","-43.1777"
127,127-RODOVIARIA X COPACABANA - CIRCULAR,Fetranspor,424,26516500,"-22.957","-43.1776"
127,127-RODOVIARIA X COPACABANA - CIRCULAR,Fetranspor,425,26516500,"-22.9578","-43.1775"
127,127-RODOVIARIA X COPACABANA - CIRCULAR,Fetranspor,426,26516500,"-22.9581","-43.1774"
127,127-RODOVIARIA X COPACABANA - CIRCULAR,Fetranspor,427,26516500,"-22.9584","-43.1773"
127,127-RODOVIARIA X COPACABANA - CIRCULAR,Fetranspor,428,26516500,"-22.9588","-43.177"
127,127-RODOVIARIA X COPACABANA - CIRCULAR,Fetranspor,429,26516500,"-22.9588","-43.177"
127,127-RODOVIARIA X COPACABANA - CIRCULAR,Fetranspor,430,26516500,"-22.9608","-43.1759"
127,127-RODOVIARIA X COPACABANA - CIRCULAR,Fetranspor,431,26516500,"-22.9608","-43.1759"
127,127-RODOVIARIA X COPACABANA - CIRCULAR,Fetranspor,432,26516500,"-22.9614","-43.1756"
127,127-RODOVIARIA X COPACABANA - CIRCULAR,Fetranspor,433,26516500,"-22.9614","-43.1756"
127,127-RODOVIARIA X COPACABANA - CIRCULAR,Fetranspor,434,26516500,"-22.9614","-43.1756"
127,127-RODOVIARIA X COPACABANA - CIRCULAR,Fetranspor,435,26516500,"-22.9614","-43.1756"
127,127-RODOVIARIA X COPACABANA - CIRCULAR,Fetranspor,436,26516500,"-22.9615","-43.1756"
127,127-RODOVIARIA X COPACABANA - CIRCULAR,Fetranspor,437,26516500,"-22.9616","-43.1757"
127,127-RODOVIARIA X COPACABANA - CIRCULAR,Fetranspor,438,26516500,"-22.9622","-43.1759"
127,127-RODOVIARIA X COPACABANA - CIRCULAR,Fetranspor,439,26516500,"-22.9622","-43.1759"
127,127-RODOVIARIA X COPACABANA - CIRCULAR,Fetranspor,440,26516500,"-22.9628","-43.1768"
127,127-RODOVIARIA X COPACABANA - CIRCULAR,Fetranspor,441,26516500,"-22.9628","-43.1768"
127,127-RODOVIARIA X COPACABANA - CIRCULAR,Fetranspor,442,26516500,"-22.9634","-43.1777"
127,127-RODOVIARIA X COPACABANA - CIRCULAR,Fetranspor,443,26516500,"-22.9634","-43.1777"
127,127-RODOVIARIA X COPACABANA - CIRCULAR,Fetranspor,444,26516500,"-22.9641","-43.1788"
127,127-RODOVIARIA X COPACABANA - CIRCULAR,Fetranspor,445,26516500,"-22.9641","-43.1788"
127,127-RODOVIARIA X COPACABANA - CIRCULAR,Fetranspor,446,26516500,"-22.9647","-43.1798"
127,127-RODOVIARIA X COPACABANA - CIRCULAR,Fetranspor,447,26516500,"-22.9647","-43.1798"
127,127-RODOVIARIA X COPACABANA - CIRCULAR,Fetranspor,448,26516500,"-22.9648","-43.1798"
127,127-RODOVIARIA X COPACABANA - CIRCULAR,Fetranspor,449,26516500,"-22.9648","-43.1798"
127,127-RODOVIARIA X COPACABANA - CIRCULAR,Fetranspor,450,26516500,"-22.9654","-43.1808"
127,127-RODOVIARIA X COPACABANA - CIRCULAR,Fetranspor,451,26516500,"-22.9654","-43.1808"
127,127-RODOVIARIA X COPACABANA - CIRCULAR,Fetranspor,452,26516500,"-22.9657","-43.1812"
127,127-RODOVIARIA X COPACABANA - CIRCULAR,Fetranspor,453,26516500,"-22.9657","-43.1812"
127,127-RODOVIARIA X COPACABANA - CIRCULAR,Fetranspor,454,26516500,"-22.966","-43.1817"
127,127-RODOVIARIA X COPACABANA - CIRCULAR,Fetranspor,455,26516500,"-22.966","-43.1817"
127,127-RODOVIARIA X COPACABANA - CIRCULAR,Fetranspor,456,26516500,"-22.9665","-43.1824"
127,127-RODOVIARIA X COPACABANA - CIRCULAR,Fetranspor,457,26516500,"-22.9666","-43.1826"
127,127-RODOVIARIA X COPACABANA - CIRCULAR,Fetranspor,458,26516500,"-22.9666","-43.1826"
127,127-RODOVIARIA X COPACABANA - CIRCULAR,Fetranspor,459,26516500,"-22.9669","-43.1831"
127,127-RODOVIARIA X COPACABANA - CIRCULAR,Fetranspor,460,26516500,"-22.9672","-43.1836"
127,127-RODOVIARIA X COPACABANA - CIRCULAR,Fetranspor,461,26516500,"-22.9672","-43.1836"
127,127-RODOVIARIA X COPACABANA - CIRCULAR,Fetranspor,462,26516500,"-22.9673","-43.1837"
127,127-RODOVIARIA X COPACABANA - CIRCULAR,Fetranspor,463,26516500,"-22.9677","-43.1844"
127,127-RODOVIARIA X COPACABANA - CIRCULAR,Fetranspor,464,26516500,"-22.9677","-43.1844"
127,127-RODOVIARIA X COPACABANA - CIRCULAR,Fetranspor,465,26516500,"-22.9683","-43.1852"
127,127-RODOVIARIA X COPACABANA - CIRCULAR,Fetranspor,466,26516500,"-22.9683","-43.1852"
127,127-RODOVIARIA X COPACABANA - CIRCULAR,Fetranspor,467,26516500,"-22.9691","-43.1865"
127,127-RODOVIARIA X COPACABANA - CIRCULAR,Fetranspor,468,26516500,"-22.9693","-43.1868"
127,127-RODOVIARIA X COPACABANA - CIRCULAR,Fetranspor,469,26516500,"-22.9693","-43.1868"
127,127-RODOVIARIA X COPACABANA - CIRCULAR,Fetranspor,470,26516500,"-22.9698","-43.1875"
127,127-RODOVIARIA X COPACABANA - CIRCULAR,Fetranspor,471,26516500,"-22.9698","-43.1875"
127,127-RODOVIARIA X COPACABANA - CIRCULAR,Fetranspor,472,26516500,"-22.9703","-43.1883"
127,127-RODOVIARIA X COPACABANA - CIRCULAR,Fetranspor,473,26516500,"-22.9703","-43.1883"
127,127-RODOVIARIA X COPACABANA - CIRCULAR,Fetranspor,474,26516500,"-22.9706","-43.1886"
127,127-RODOVIARIA X COPACABANA - CIRCULAR,Fetranspor,475,26516500,"-22.9708","-43.1888"
127,127-RODOVIARIA X COPACABANA - CIRCULAR,Fetranspor,476,26516500,"-22.9713","-43.1893"
127,127-RODOVIARIA X COPACABANA - CIRCULAR,Fetranspor,477,26516500,"-22.9713","-43.1893"
127,127-RODOVIARIA X COPACABANA - CIRCULAR,Fetranspor,478,26516500,"-22.9721","-43.19"
127,127-RODOVIARIA X COPACABANA - CIRCULAR,Fetranspor,479,26516500,"-22.9721","-43.19"
127,127-RODOVIARIA X COPACABANA - CIRCULAR,Fetranspor,480,26516500,"-22.9729","-43.1908"
127,127-RODOVIARIA X COPACABANA - CIRCULAR,Fetranspor,481,26516500,"-22.9729","-43.1908"
127,127-RODOVIARIA X COPACABANA - CIRCULAR,Fetranspor,482,26516500,"-22.974","-43.1914"
127,127-RODOVIARIA X COPACABANA - CIRCULAR,Fetranspor,483,26516500,"-22.9743","-43.1916"
127,127-RODOVIARIA X COPACABANA - CIRCULAR,Fetranspor,484,26516500,"-22.9743","-43.1916"
127,127-RODOVIARIA X COPACABANA - CIRCULAR,Fetranspor,485,26516500,"-22.9746","-43.1917"
127,127-RODOVIARIA X COPACABANA - CIRCULAR,Fetranspor,486,26516500,"-22.9756","-43.1923"
127,127-RODOVIARIA X COPACABANA - CIRCULAR,Fetranspor,487,26516500,"-22.9757","-43.1923"
127,127-RODOVIARIA X COPACABANA - CIRCULAR,Fetranspor,488,26516500,"-22.9757","-43.1923"
127,127-RODOVIARIA X COPACABANA - CIRCULAR,Fetranspor,489,26516500,"-22.9763","-43.1925"
127,127-RODOVIARIA X COPACABANA - CIRCULAR,Fetranspor,490,26516500,"-22.9764","-43.1925"
127,127-RODOVIARIA X COPACABANA - CIRCULAR,Fetranspor,491,26516500,"-22.9764","-43.1925"
127,127-RODOVIARIA X COPACABANA - CIRCULAR,Fetranspor,492,26516500,"-22.9764","-43.1925"
127,127-RODOVIARIA X COPACABANA - CIRCULAR,Fetranspor,493,26516500,"-22.9774","-43.1927"
127,127-RODOVIARIA X COPACABANA - CIRCULAR,Fetranspor,494,26516500,"-22.9774","-43.1927"
127,127-RODOVIARIA X COPACABANA - CIRCULAR,Fetranspor,495,26516500,"-22.9779","-43.1929"
127,127-RODOVIARIA X COPACABANA - CIRCULAR,Fetranspor,496,26516500,"-22.9779","-43.1929"
127,127-RODOVIARIA X COPACABANA - CIRCULAR,Fetranspor,497,26516500,"-22.978","-43.1929"
127,127-RODOVIARIA X COPACABANA - CIRCULAR,Fetranspor,498,26516500,"-22.9782","-43.193"
127,127-RODOVIARIA X COPACABANA - CIRCULAR,Fetranspor,499,26516500,"-22.9786","-43.193"
127,127-RODOVIARIA X COPACABANA - CIRCULAR,Fetranspor,500,26516500,"-22.9789","-43.193"
127,127-RODOVIARIA X COPACABANA - CIRCULAR,Fetranspor,501,26516500,"-22.9793","-43.193"
127,127-RODOVIARIA X COPACABANA - CIRCULAR,Fetranspor,502,26516500,"-22.9795","-43.1929"
127,127-RODOVIARIA X COPACABANA - CIRCULAR,Fetranspor,503,26516500,"-22.98","-43.1929"
127,127-RODOVIARIA X COPACABANA - CIRCULAR,Fetranspor,504,26516500,"-22.9802","-43.1928"
127,127-RODOVIARIA X COPACABANA - CIRCULAR,Fetranspor,505,26516500,"-22.9806","-43.1927"
127,127-RODOVIARIA X COPACABANA - CIRCULAR,Fetranspor,506,26516500,"-22.9806","-43.1927"
127,127-RODOVIARIA X COPACABANA - CIRCULAR,Fetranspor,507,26516500,"-22.9812","-43.1926"
127,127-RODOVIARIA X COPACABANA - CIRCULAR,Fetranspor,508,26516500,"-22.9812","-43.1926"
127,127-RODOVIARIA X COPACABANA - CIRCULAR,Fetranspor,509,26516500,"-22.982","-43.1923"
127,127-RODOVIARIA X COPACABANA - CIRCULAR,Fetranspor,510,26516500,"-22.982","-43.1923"
127,127-RODOVIARIA X COPACABANA - CIRCULAR,Fetranspor,511,26516500,"-22.9828","-43.192"
127,127-RODOVIARIA X COPACABANA - CIRCULAR,Fetranspor,512,26516500,"-22.9832","-43.1919"
127,127-RODOVIARIA X COPACABANA - CIRCULAR,Fetranspor,513,26516500,"-22.9832","-43.1919"
127,127-RODOVIARIA X COPACABANA - CIRCULAR,Fetranspor,514,26516500,"-22.9841","-43.1917"
127,127-RODOVIARIA X COPACABANA - CIRCULAR,Fetranspor,515,26516500,"-22.9842","-43.1917"
127,127-RODOVIARIA X COPACABANA - CIRCULAR,Fetranspor,516,26516500,"-22.9842","-43.1917"
127,127-RODOVIARIA X COPACABANA - CIRCULAR,Fetranspor,517,26516500,"-22.985","-43.1914"
127,127-RODOVIARIA X COPACABANA - CIRCULAR,Fetranspor,518,26516500,"-22.985","-43.1914"
127,127-RODOVIARIA X COPACABANA - CIRCULAR,Fetranspor,519,26516500,"-22.9856","-43.1912"
127,127-RODOVIARIA X COPACABANA - CIRCULAR,Fetranspor,520,26516500,"-22.9859","-43.1911"
127,127-RODOVIARIA X COPACABANA - CIRCULAR,Fetranspor,521,26516500,"-22.9859","-43.1911"
127,127-RODOVIARIA X COPACABANA - CIRCULAR,Fetranspor,522,26516500,"-22.9869","-43.1908"
127,127-RODOVIARIA X COPACABANA - CIRCULAR,Fetranspor,523,26516500,"-22.9869","-43.1908"
127,127-RODOVIARIA X COPACABANA - CIRCULAR,Fetranspor,524,26516500,"-22.9866","-43.1898"
127,127-RODOVIARIA X COPACABANA - CIRCULAR,Fetranspor,0,26516823,"-22.9866","-43.1898"
127,127-RODOVIARIA X COPACABANA - CIRCULAR,Fetranspor,1,26516823,"-22.9861","-43.19"
127,127-RODOVIARIA X COPACABANA - CIRCULAR,Fetranspor,2,26516823,"-22.9856","-43.1901"
127,127-RODOVIARIA X COPACABANA - CIRCULAR,Fetranspor,3,26516823,"-22.9856","-43.1901"
127,127-RODOVIARIA X COPACABANA - CIRCULAR,Fetranspor,4,26516823,"-22.9848","-43.1904"
127,127-RODOVIARIA X COPACABANA - CIRCULAR,Fetranspor,5,26516823,"-22.9848","-43.1904"
127,127-RODOVIARIA X COPACABANA - CIRCULAR,Fetranspor,6,26516823,"-22.9839","-43.1906"
127,127-RODOVIARIA X COPACABANA - CIRCULAR,Fetranspor,7,26516823,"-22.9839","-43.1906"
127,127-RODOVIARIA X COPACABANA - CIRCULAR,Fetranspor,8,26516823,"-22.9835","-43.1907"
127,127-RODOVIARIA X COPACABANA - CIRCULAR,Fetranspor,9,26516823,"-22.9829","-43.1909"
127,127-RODOVIARIA X COPACABANA - CIRCULAR,Fetranspor,10,26516823,"-22.9829","-43.1909"
127,127-RODOVIARIA X COPACABANA - CIRCULAR,Fetranspor,11,26516823,"-22.9828","-43.1909"
127,127-RODOVIARIA X COPACABANA - CIRCULAR,Fetranspor,12,26516823,"-22.9817","-43.1911"
127,127-RODOVIARIA X COPACABANA - CIRCULAR,Fetranspor,13,26516823,"-22.9817","-43.1911"
127,127-RODOVIARIA X COPACABANA - CIRCULAR,Fetranspor,14,26516823,"-22.9816","-43.1911"
127,127-RODOVIARIA X COPACABANA - CIRCULAR,Fetranspor,15,26516823,"-22.9813","-43.1911"
127,127-RODOVIARIA X COPACABANA - CIRCULAR,Fetranspor,16,26516823,"-22.9809","-43.1911"
127,127-RODOVIARIA X COPACABANA - CIRCULAR,Fetranspor,17,26516823,"-22.9808","-43.1911"
127,127-RODOVIARIA X COPACABANA - CIRCULAR,Fetranspor,18,26516823,"-22.9808","-43.1911"
127,127-RODOVIARIA X COPACABANA - CIRCULAR,Fetranspor,19,26516823,"-22.9796","-43.1911"
127,127-RODOVIARIA X COPACABANA - CIRCULAR,Fetranspor,20,26516823,"-22.9789","-43.1909"
127,127-RODOVIARIA X COPACABANA - CIRCULAR,Fetranspor,21,26516823,"-22.9788","-43.1909"
127,127-RODOVIARIA X COPACABANA - CIRCULAR,Fetranspor,22,26516823,"-22.9788","-43.1909"
127,127-RODOVIARIA X COPACABANA - CIRCULAR,Fetranspor,23,26516823,"-22.9783","-43.1907"
127,127-RODOVIARIA X COPACABANA - CIRCULAR,Fetranspor,24,26516823,"-22.9779","-43.1906"
127,127-RODOVIARIA X COPACABANA - CIRCULAR,Fetranspor,25,26516823,"-22.9779","-43.1906"
127,127-RODOVIARIA X COPACABANA - CIRCULAR,Fetranspor,26,26516823,"-22.9776","-43.1905"
127,127-RODOVIARIA X COPACABANA - CIRCULAR,Fetranspor,27,26516823,"-22.9769","-43.1903"
127,127-RODOVIARIA X COPACABANA - CIRCULAR,Fetranspor,28,26516823,"-22.9769","-43.1903"
127,127-RODOVIARIA X COPACABANA - CIRCULAR,Fetranspor,29,26516823,"-22.976","-43.1901"
127,127-RODOVIARIA X COPACABANA - CIRCULAR,Fetranspor,30,26516823,"-22.9759","-43.19"
127,127-RODOVIARIA X COPACABANA - CIRCULAR,Fetranspor,31,26516823,"-22.9758","-43.19"
127,127-RODOVIARIA X COPACABANA - CIRCULAR,Fetranspor,32,26516823,"-22.9758","-43.19"
127,127-RODOVIARIA X COPACABANA - CIRCULAR,Fetranspor,33,26516823,"-22.9749","-43.1895"
127,127-RODOVIARIA X COPACABANA - CIRCULAR,Fetranspor,34,26516823,"-22.9749","-43.1895"
127,127-RODOVIARIA X COPACABANA - CIRCULAR,Fetranspor,35,26516823,"-22.974","-43.1889"
127,127-RODOVIARIA X COPACABANA - CIRCULAR,Fetranspor,36,26516823,"-22.974","-43.1889"
127,127-RODOVIARIA X COPACABANA - CIRCULAR,Fetranspor,37,26516823,"-22.9733","-43.1885"
127,127-RODOVIARIA X COPACABANA - CIRCULAR,Fetranspor,38,26516823,"-22.9733","-43.1885"
127,127-RODOVIARIA X COPACABANA - CIRCULAR,Fetranspor,39,26516823,"-22.9725","-43.188"
127,127-RODOVIARIA X COPACABANA - CIRCULAR,Fetranspor,40,26516823,"-22.9725","-43.188"
127,127-RODOVIARIA X COPACABANA - CIRCULAR,Fetranspor,41,26516823,"-22.9719","-43.1876"
127,127-RODOVIARIA X COPACABANA - CIRCULAR,Fetranspor,42,26516823,"-22.9719","-43.1876"
127,127-RODOVIARIA X COPACABANA - CIRCULAR,Fetranspor,43,26516823,"-22.9715","-43.1872"
127,127-RODOVIARIA X COPACABANA - CIRCULAR,Fetranspor,44,26516823,"-22.9715","-43.1872"
127,127-RODOVIARIA X COPACABANA - CIRCULAR,Fetranspor,45,26516823,"-22.9703","-43.186"
127,127-RODOVIARIA X COPACABANA - CIRCULAR,Fetranspor,46,26516823,"-22.9703","-43.186"
127,127-RODOVIARIA X COPACABANA - CIRCULAR,Fetranspor,47,26516823,"-22.9703","-43.186"
127,127-RODOVIARIA X COPACABANA - CIRCULAR,Fetranspor,48,26516823,"-22.9702","-43.1859"
127,127-RODOVIARIA X COPACABANA - CIRCULAR,Fetranspor,49,26516823,"-22.9691","-43.1846"
127,127-RODOVIARIA X COPACABANA - CIRCULAR,Fetranspor,50,26516823,"-22.9691","-43.1846"
127,127-RODOVIARIA X COPACABANA - CIRCULAR,Fetranspor,51,26516823,"-22.9686","-43.1837"
127,127-RODOVIARIA X COPACABANA - CIRCULAR,Fetranspor,52,26516823,"-22.9686","-43.1837"
127,127-RODOVIARIA X COPACABANA - CIRCULAR,Fetranspor,53,26516823,"-22.968","-43.1829"
127,127-RODOVIARIA X COPACABANA - CIRCULAR,Fetranspor,54,26516823,"-22.968","-43.1829"
127,127-RODOVIARIA X COPACABANA - CIRCULAR,Fetranspor,55,26516823,"-22.9674","-43.182"
127,127-RODOVIARIA X COPACABANA - CIRCULAR,Fetranspor,56,26516823,"-22.9674","-43.182"
127,127-RODOVIARIA X COPACABANA - CIRCULAR,Fetranspor,57,26516823,"-22.9672","-43.1817"
127,127-RODOVIARIA X COPACABANA - CIRCULAR,Fetranspor,58,26516823,"-22.9672","-43.1815"
127,127-RODOVIARIA X COPACABANA - CIRCULAR,Fetranspor,59,26516823,"-22.9672","-43.1815"
127,127-RODOVIARIA X COPACABANA - CIRCULAR,Fetranspor,60,26516823,"-22.9672","-43.1815"
127,127-RODOVIARIA X COPACABANA - CIRCULAR,Fetranspor,61,26516823,"-22.9671","-43.1806"
127,127-RODOVIARIA X COPACABANA - CIRCULAR,Fetranspor,62,26516823,"-22.9671","-43.1805"
127,127-RODOVIARIA X COPACABANA - CIRCULAR,Fetranspor,63,26516823,"-22.9671","-43.1805"
127,127-RODOVIARIA X COPACABANA - CIRCULAR,Fetranspor,64,26516823,"-22.9671","-43.1804"
127,127-RODOVIARIA X COPACABANA - CIRCULAR,Fetranspor,65,26516823,"-22.967","-43.1803"
127,127-RODOVIARIA X COPACABANA - CIRCULAR,Fetranspor,66,26516823,"-22.967","-43.1802"
127,127-RODOVIARIA X COPACABANA - CIRCULAR,Fetranspor,67,26516823,"-22.9667","-43.1797"
127,127-RODOVIARIA X COPACABANA - CIRCULAR,Fetranspor,68,26516823,"-22.9662","-43.1788"
127,127-RODOVIARIA X COPACABANA - CIRCULAR,Fetranspor,69,26516823,"-22.9662","-43.1788"
127,127-RODOVIARIA X COPACABANA - CIRCULAR,Fetranspor,70,26516823,"-22.9657","-43.1778"
127,127-RODOVIARIA X COPACABANA - CIRCULAR,Fetranspor,71,26516823,"-22.9657","-43.1778"
127,127-RODOVIARIA X COPACABANA - CIRCULAR,Fetranspor,72,26516823,"-22.9652","-43.1769"
127,127-RODOVIARIA X COPACABANA - CIRCULAR,Fetranspor,73,26516823,"-22.9651","-43.1768"
127,127-RODOVIARIA X COPACABANA - CIRCULAR,Fetranspor,74,26516823,"-22.9651","-43.1768"
127,127-RODOVIARIA X COPACABANA - CIRCULAR,Fetranspor,75,26516823,"-22.9647","-43.1758"
127,127-RODOVIARIA X COPACABANA - CIRCULAR,Fetranspor,76,26516823,"-22.9647","-43.1758"
127,127-RODOVIARIA X COPACABANA - CIRCULAR,Fetranspor,77,26516823,"-22.9642","-43.1748"
127,127-RODOVIARIA X COPACABANA - CIRCULAR,Fetranspor,78,26516823,"-22.9642","-43.1748"
127,127-RODOVIARIA X COPACABANA - CIRCULAR,Fetranspor,79,26516823,"-22.964","-43.1742"
127,127-RODOVIARIA X COPACABANA - CIRCULAR,Fetranspor,80,26516823,"-22.964","-43.1742"
127,127-RODOVIARIA X COPACABANA - CIRCULAR,Fetranspor,81,26516823,"-22.9638","-43.1739"
127,127-RODOVIARIA X COPACABANA - CIRCULAR,Fetranspor,82,26516823,"-22.9638","-43.1739"
127,127-RODOVIARIA X COPACABANA - CIRCULAR,Fetranspor,83,26516823,"-22.9635","-43.1741"
127,127-RODOVIARIA X COPACABANA - CIRCULAR,Fetranspor,84,26516823,"-22.9631","-43.1743"
127,127-RODOVIARIA X COPACABANA - CIRCULAR,Fetranspor,85,26516823,"-22.963","-43.1744"
127,127-RODOVIARIA X COPACABANA - CIRCULAR,Fetranspor,86,26516823,"-22.963","-43.1744"
127,127-RODOVIARIA X COPACABANA - CIRCULAR,Fetranspor,87,26516823,"-22.9624","-43.1747"
127,127-RODOVIARIA X COPACABANA - CIRCULAR,Fetranspor,88,26516823,"-22.9617","-43.1751"
127,127-RODOVIARIA X COPACABANA - CIRCULAR,Fetranspor,89,26516823,"-22.9617","-43.1751"
127,127-RODOVIARIA X COPACABANA - CIRCULAR,Fetranspor,90,26516823,"-22.9616","-43.1752"
127,127-RODOVIARIA X COPACABANA - CIRCULAR,Fetranspor,91,26516823,"-22.9607","-43.1756"
127,127-RODOVIARIA X COPACABANA - CIRCULAR,Fetranspor,92,26516823,"-22.9607","-43.1756"
127,127-RODOVIARIA X COPACABANA - CIRCULAR,Fetranspor,93,26516823,"-22.9581","-43.1771"
127,127-RODOVIARIA X COPACABANA - CIRCULAR,Fetranspor,94,26516823,"-22.9581","-43.1771"
127,127-RODOVIARIA X COPACABANA - CIRCULAR,Fetranspor,95,26516823,"-22.9579","-43.1772"
127,127-RODOVIARIA X COPACABANA - CIRCULAR,Fetranspor,96,26516823,"-22.9577","-43.1772"
127,127-RODOVIARIA X COPACABANA - CIRCULAR,Fetranspor,97,26516823,"-22.9574","-43.1773"
127,127-RODOVIARIA X COPACABANA - CIRCULAR,Fetranspor,98,26516823,"-22.9562","-43.1775"
127,127-RODOVIARIA X COPACABANA - CIRCULAR,Fetranspor,99,26516823,"-22.9557","-43.1776"
127,127-RODOVIARIA X COPACABANA - CIRCULAR,Fetranspor,100,26516823,"-22.9553","-43.1776"
127,127-RODOVIARIA X COPACABANA - CIRCULAR,Fetranspor,101,26516823,"-22.9553","-43.1776"
127,127-RODOVIARIA X COPACABANA - CIRCULAR,Fetranspor,102,26516823,"-22.9551","-43.1776"
127,127-RODOVIARIA X COPACABANA - CIRCULAR,Fetranspor,103,26516823,"-22.955","-43.1776"
127,127-RODOVIARIA X COPACABANA - CIRCULAR,Fetranspor,104,26516823,"-22.9548","-43.1775"
127,127-RODOVIARIA X COPACABANA - CIRCULAR,Fetranspor,105,26516823,"-22.9547","-43.1775"
127,127-RODOVIARIA X COPACABANA - CIRCULAR,Fetranspor,106,26516823,"-22.9546","-43.1774"
127,127-RODOVIARIA X COPACABANA - CIRCULAR,Fetranspor,107,26516823,"-22.9544","-43.1773"
127,127-RODOVIARIA X COPACABANA - CIRCULAR,Fetranspor,108,26516823,"-22.9544","-43.1773"
127,127-RODOVIARIA X COPACABANA - CIRCULAR,Fetranspor,109,26516823,"-22.953","-43.1763"
127,127-RODOVIARIA X COPACABANA - CIRCULAR,Fetranspor,110,26516823,"-22.953","-43.1763"
127,127-RODOVIARIA X COPACABANA - CIRCULAR,Fetranspor,111,26516823,"-22.9522","-43.1757"
127,127-RODOVIARIA X COPACABANA - CIRCULAR,Fetranspor,112,26516823,"-22.9522","-43.1757"
127,127-RODOVIARIA X COPACABANA - CIRCULAR,Fetranspor,113,26516823,"-22.9518","-43.1754"
127,127-RODOVIARIA X COPACABANA - CIRCULAR,Fetranspor,114,26516823,"-22.9518","-43.1754"
127,127-RODOVIARIA X COPACABANA - CIRCULAR,Fetranspor,115,26516823,"-22.9516","-43.1753"
127,127-RODOVIARIA X COPACABANA - CIRCULAR,Fetranspor,116,26516823,"-22.9516","-43.1753"
127,127-RODOVIARIA X COPACABANA - CIRCULAR,Fetranspor,117,26516823,"-22.9515","-43.1753"
127,127-RODOVIARIA X COPACABANA - CIRCULAR,Fetranspor,118,26516823,"-22.9515","-43.1752"
127,127-RODOVIARIA X COPACABANA - CIRCULAR,Fetranspor,119,26516823,"-22.9513","-43.1753"
127,127-RODOVIARIA X COPACABANA - CIRCULAR,Fetranspor,120,26516823,"-22.9513","-43.1753"
127,127-RODOVIARIA X COPACABANA - CIRCULAR,Fetranspor,121,26516823,"-22.9512","-43.1753"
127,127-RODOVIARIA X COPACABANA - CIRCULAR,Fetranspor,122,26516823,"-22.9511","-43.1754"
127,127-RODOVIARIA X COPACABANA - CIRCULAR,Fetranspor,123,26516823,"-22.9511","-43.1754"
127,127-RODOVIARIA X COPACABANA - CIRCULAR,Fetranspor,124,26516823,"-22.951","-43.1755"
127,127-RODOVIARIA X COPACABANA - CIRCULAR,Fetranspor,125,26516823,"-22.9509","-43.1757"
127,127-RODOVIARIA X COPACABANA - CIRCULAR,Fetranspor,126,26516823,"-22.9506","-43.1761"
127,127-RODOVIARIA X COPACABANA - CIRCULAR,Fetranspor,127,26516823,"-22.9506","-43.1761"
127,127-RODOVIARIA X COPACABANA - CIRCULAR,Fetranspor,128,26516823,"-22.9505","-43.1764"
127,127-RODOVIARIA X COPACABANA - CIRCULAR,Fetranspor,129,26516823,"-22.9504","-43.1766"
127,127-RODOVIARIA X COPACABANA - CIRCULAR,Fetranspor,130,26516823,"-22.9502","-43.1769"
127,127-RODOVIARIA X COPACABANA - CIRCULAR,Fetranspor,131,26516823,"-22.9502","-43.1769"
127,127-RODOVIARIA X COPACABANA - CIRCULAR,Fetranspor,132,26516823,"-22.9497","-43.1778"
127,127-RODOVIARIA X COPACABANA - CIRCULAR,Fetranspor,133,26516823,"-22.9495","-43.1783"
127,127-RODOVIARIA X COPACABANA - CIRCULAR,Fetranspor,134,26516823,"-22.9495","-43.1784"
127,127-RODOVIARIA X COPACABANA - CIRCULAR,Fetranspor,135,26516823,"-22.9495","-43.1784"
127,127-RODOVIARIA X COPACABANA - CIRCULAR,Fetranspor,136,26516823,"-22.9494","-43.1786"
127,127-RODOVIARIA X COPACABANA - CIRCULAR,Fetranspor,137,26516823,"-22.9494","-43.1788"
127,127-RODOVIARIA X COPACABANA - CIRCULAR,Fetranspor,138,26516823,"-22.9494","-43.1793"
127,127-RODOVIARIA X COPACABANA - CIRCULAR,Fetranspor,139,26516823,"-22.9494","-43.1795"
127,127-RODOVIARIA X COPACABANA - CIRCULAR,Fetranspor,140,26516823,"-22.9494","-43.1795"
127,127-RODOVIARIA X COPACABANA - CIRCULAR,Fetranspor,141,26516823,"-22.9494","-43.1797"
127,127-RODOVIARIA X COPACABANA - CIRCULAR,Fetranspor,142,26516823,"-22.9494","-43.1799"
127,127-RODOVIARIA X COPACABANA - CIRCULAR,Fetranspor,143,26516823,"-22.9493","-43.1801"
127,127-RODOVIARIA X COPACABANA - CIRCULAR,Fetranspor,144,26516823,"-22.9493","-43.1802"
127,127-RODOVIARIA X COPACABANA - CIRCULAR,Fetranspor,145,26516823,"-22.9492","-43.1804"
127,127-RODOVIARIA X COPACABANA - CIRCULAR,Fetranspor,146,26516823,"-22.9491","-43.1805"
127,127-RODOVIARIA X COPACABANA - CIRCULAR,Fetranspor,147,26516823,"-22.949","-43.1806"
127,127-RODOVIARIA X COPACABANA - CIRCULAR,Fetranspor,148,26516823,"-22.9489","-43.1807"
127,127-RODOVIARIA X COPACABANA - CIRCULAR,Fetranspor,149,26516823,"-22.9488","-43.1807"
127,127-RODOVIARIA X COPACABANA - CIRCULAR,Fetranspor,150,26516823,"-22.9488","-43.1807"
127,127-RODOVIARIA X COPACABANA - CIRCULAR,Fetranspor,151,26516823,"-22.9483","-43.1811"
127,127-RODOVIARIA X COPACABANA - CIRCULAR,Fetranspor,152,26516823,"-22.9481","-43.1813"
127,127-RODOVIARIA X COPACABANA - CIRCULAR,Fetranspor,153,26516823,"-22.9478","-43.1815"
127,127-RODOVIARIA X COPACABANA - CIRCULAR,Fetranspor,154,26516823,"-22.9475","-43.1816"
127,127-RODOVIARIA X COPACABANA - CIRCULAR,Fetranspor,155,26516823,"-22.9472","-43.1816"
127,127-RODOVIARIA X COPACABANA - CIRCULAR,Fetranspor,156,26516823,"-22.9464","-43.1817"
127,127-RODOVIARIA X COPACABANA - CIRCULAR,Fetranspor,157,26516823,"-22.9459","-43.1817"
127,127-RODOVIARIA X COPACABANA - CIRCULAR,Fetranspor,158,26516823,"-22.9455","-43.1816"
127,127-RODOVIARIA X COPACABANA - CIRCULAR,Fetranspor,159,26516823,"-22.9454","-43.1816"
127,127-RODOVIARIA X COPACABANA - CIRCULAR,Fetranspor,160,26516823,"-22.9449","-43.1814"
127,127-RODOVIARIA X COPACABANA - CIRCULAR,Fetranspor,161,26516823,"-22.9445","-43.1812"
127,127-RODOVIARIA X COPACABANA - CIRCULAR,Fetranspor,162,26516823,"-22.944","-43.1809"
127,127-RODOVIARIA X COPACABANA - CIRCULAR,Fetranspor,163,26516823,"-22.9436","-43.1806"
127,127-RODOVIARIA X COPACABANA - CIRCULAR,Fetranspor,164,26516823,"-22.9435","-43.1805"
127,127-RODOVIARIA X COPACABANA - CIRCULAR,Fetranspor,165,26516823,"-22.9435","-43.1805"
127,127-RODOVIARIA X COPACABANA - CIRCULAR,Fetranspor,166,26516823,"-22.9432","-43.1802"
127,127-RODOVIARIA X COPACABANA - CIRCULAR,Fetranspor,167,26516823,"-22.9429","-43.1798"
127,127-RODOVIARIA X COPACABANA - CIRCULAR,Fetranspor,168,26516823,"-22.9428","-43.1796"
127,127-RODOVIARIA X COPACABANA - CIRCULAR,Fetranspor,169,26516823,"-22.9427","-43.1795"
127,127-RODOVIARIA X COPACABANA - CIRCULAR,Fetranspor,170,26516823,"-22.9426","-43.1793"
127,127-RODOVIARIA X COPACABANA - CIRCULAR,Fetranspor,171,26516823,"-22.9425","-43.1792"
127,127-RODOVIARIA X COPACABANA - CIRCULAR,Fetranspor,172,26516823,"-22.9425","-43.179"
127,127-RODOVIARIA X COPACABANA - CIRCULAR,Fetranspor,173,26516823,"-22.9425","-43.1789"
127,127-RODOVIARIA X COPACABANA - CIRCULAR,Fetranspor,174,26516823,"-22.9425","-43.1787"
127,127-RODOVIARIA X COPACABANA - CIRCULAR,Fetranspor,175,26516823,"-22.9425","-43.1786"
127,127-RODOVIARIA X COPACABANA - CIRCULAR,Fetranspor,176,26516823,"-22.9425","-43.1784"
127,127-RODOVIARIA X COPACABANA - CIRCULAR,Fetranspor,177,26516823,"-22.9425","-43.1783"
127,127-RODOVIARIA X COPACABANA - CIRCULAR,Fetranspor,178,26516823,"-22.9426","-43.1782"
127,127-RODOVIARIA X COPACABANA - CIRCULAR,Fetranspor,179,26516823,"-22.9427","-43.1779"
127,127-RODOVIARIA X COPACABANA - CIRCULAR,Fetranspor,180,26516823,"-22.9429","-43.1776"
127,127-RODOVIARIA X COPACABANA - CIRCULAR,Fetranspor,181,26516823,"-22.9429","-43.1776"
127,127-RODOVIARIA X COPACABANA - CIRCULAR,Fetranspor,182,26516823,"-22.9431","-43.1773"
127,127-RODOVIARIA X COPACABANA - CIRCULAR,Fetranspor,183,26516823,"-22.9437","-43.1763"
127,127-RODOVIARIA X COPACABANA - CIRCULAR,Fetranspor,184,26516823,"-22.9438","-43.176"
127,127-RODOVIARIA X COPACABANA - CIRCULAR,Fetranspor,185,26516823,"-22.944","-43.1757"
127,127-RODOVIARIA X COPACABANA - CIRCULAR,Fetranspor,186,26516823,"-22.944","-43.1754"
127,127-RODOVIARIA X COPACABANA - CIRCULAR,Fetranspor,187,26516823,"-22.944","-43.1749"
127,127-RODOVIARIA X COPACABANA - CIRCULAR,Fetranspor,188,26516823,"-22.9439","-43.1744"
127,127-RODOVIARIA X COPACABANA - CIRCULAR,Fetranspor,189,26516823,"-22.9438","-43.174"
127,127-RODOVIARIA X COPACABANA - CIRCULAR,Fetranspor,190,26516823,"-22.9436","-43.1738"
127,127-RODOVIARIA X COPACABANA - CIRCULAR,Fetranspor,191,26516823,"-22.9434","-43.1734"
127,127-RODOVIARIA X COPACABANA - CIRCULAR,Fetranspor,192,26516823,"-22.9431","-43.173"
127,127-RODOVIARIA X COPACABANA - CIRCULAR,Fetranspor,193,26516823,"-22.9427","-43.1726"
127,127-RODOVIARIA X COPACABANA - CIRCULAR,Fetranspor,194,26516823,"-22.9421","-43.1718"
127,127-RODOVIARIA X COPACABANA - CIRCULAR,Fetranspor,195,26516823,"-22.9418","-43.1714"
127,127-RODOVIARIA X COPACABANA - CIRCULAR,Fetranspor,196,26516823,"-22.9414","-43.171"
127,127-RODOVIARIA X COPACABANA - CIRCULAR,Fetranspor,197,26516823,"-22.9411","-43.1708"
127,127-RODOVIARIA X COPACABANA - CIRCULAR,Fetranspor,198,26516823,"-22.9409","-43.1706"
127,127-RODOVIARIA X COPACABANA - CIRCULAR,Fetranspor,199,26516823,"-22.9406","-43.1704"
127,127-RODOVIARIA X COPACABANA - CIRCULAR,Fetranspor,200,26516823,"-22.9404","-43.1703"
127,127-RODOVIARIA X COPACABANA - CIRCULAR,Fetranspor,201,26516823,"-22.9402","-43.1702"
127,127-RODOVIARIA X COPACABANA - CIRCULAR,Fetranspor,202,26516823,"-22.9399","-43.1702"
127,127-RODOVIARIA X COPACABANA - CIRCULAR,Fetranspor,203,26516823,"-22.9398","-43.1701"
127,127-RODOVIARIA X COPACABANA - CIRCULAR,Fetranspor,204,26516823,"-22.9394","-43.1701"
127,127-RODOVIARIA X COPACABANA - CIRCULAR,Fetranspor,205,26516823,"-22.9394","-43.1701"
127,127-RODOVIARIA X COPACABANA - CIRCULAR,Fetranspor,206,26516823,"-22.9392","-43.1701"
127,127-RODOVIARIA X COPACABANA - CIRCULAR,Fetranspor,207,26516823,"-22.939","-43.1701"
127,127-RODOVIARIA X COPACABANA - CIRCULAR,Fetranspor,208,26516823,"-22.9388","-43.1702"
127,127-RODOVIARIA X COPACABANA - CIRCULAR,Fetranspor,209,26516823,"-22.9386","-43.1702"
127,127-RODOVIARIA X COPACABANA - CIRCULAR,Fetranspor,210,26516823,"-22.9383","-43.1703"
127,127-RODOVIARIA X COPACABANA - CIRCULAR,Fetranspor,211,26516823,"-22.9383","-43.1703"
127,127-RODOVIARIA X COPACABANA - CIRCULAR,Fetranspor,212,26516823,"-22.9383","-43.1703"
127,127-RODOVIARIA X COPACABANA - CIRCULAR,Fetranspor,213,26516823,"-22.938","-43.1705"
127,127-RODOVIARIA X COPACABANA - CIRCULAR,Fetranspor,214,26516823,"-22.9379","-43.1706"
127,127-RODOVIARIA X COPACABANA - CIRCULAR,Fetranspor,215,26516823,"-22.9377","-43.1707"
127,127-RODOVIARIA X COPACABANA - CIRCULAR,Fetranspor,216,26516823,"-22.9375","-43.1709"
127,127-RODOVIARIA X COPACABANA - CIRCULAR,Fetranspor,217,26516823,"-22.9374","-43.1709"
127,127-RODOVIARIA X COPACABANA - CIRCULAR,Fetranspor,218,26516823,"-22.9371","-43.1713"
127,127-RODOVIARIA X COPACABANA - CIRCULAR,Fetranspor,219,26516823,"-22.9366","-43.1721"
127,127-RODOVIARIA X COPACABANA - CIRCULAR,Fetranspor,220,26516823,"-22.9364","-43.1724"
127,127-RODOVIARIA X COPACABANA - CIRCULAR,Fetranspor,221,26516823,"-22.9363","-43.1726"
127,127-RODOVIARIA X COPACABANA - CIRCULAR,Fetranspor,222,26516823,"-22.9363","-43.1726"
127,127-RODOVIARIA X COPACABANA - CIRCULAR,Fetranspor,223,26516823,"-22.9361","-43.1728"
127,127-RODOVIARIA X COPACABANA - CIRCULAR,Fetranspor,224,26516823,"-22.9359","-43.1729"
127,127-RODOVIARIA X COPACABANA - CIRCULAR,Fetranspor,225,26516823,"-22.9357","-43.173"
127,127-RODOVIARIA X COPACABANA - CIRCULAR,Fetranspor,226,26516823,"-22.9356","-43.1731"
127,127-RODOVIARIA X COPACABANA - CIRCULAR,Fetranspor,227,26516823,"-22.9354","-43.1732"
127,127-RODOVIARIA X COPACABANA - CIRCULAR,Fetranspor,228,26516823,"-22.935","-43.1733"
127,127-RODOVIARIA X COPACABANA - CIRCULAR,Fetranspor,229,26516823,"-22.935","-43.1733"
127,127-RODOVIARIA X COPACABANA - CIRCULAR,Fetranspor,230,26516823,"-22.9347","-43.1734"
127,127-RODOVIARIA X COPACABANA - CIRCULAR,Fetranspor,231,26516823,"-22.9345","-43.1735"
127,127-RODOVIARIA X COPACABANA - CIRCULAR,Fetranspor,232,26516823,"-22.9342","-43.1735"
127,127-RODOVIARIA X COPACABANA - CIRCULAR,Fetranspor,233,26516823,"-22.9338","-43.1736"
127,127-RODOVIARIA X COPACABANA - CIRCULAR,Fetranspor,234,26516823,"-22.9336","-43.1736"
127,127-RODOVIARIA X COPACABANA - CIRCULAR,Fetranspor,235,26516823,"-22.9332","-43.1736"
127,127-RODOVIARIA X COPACABANA - CIRCULAR,Fetranspor,236,26516823,"-22.9327","-43.1735"
127,127-RODOVIARIA X COPACABANA - CIRCULAR,Fetranspor,237,26516823,"-22.9326","-43.1735"
127,127-RODOVIARIA X COPACABANA - CIRCULAR,Fetranspor,238,26516823,"-22.9322","-43.1734"
127,127-RODOVIARIA X COPACABANA - CIRCULAR,Fetranspor,239,26516823,"-22.93","-43.1727"
127,127-RODOVIARIA X COPACABANA - CIRCULAR,Fetranspor,240,26516823,"-22.9269","-43.1718"
127,127-RODOVIARIA X COPACABANA - CIRCULAR,Fetranspor,241,26516823,"-22.924","-43.1709"
127,127-RODOVIARIA X COPACABANA - CIRCULAR,Fetranspor,242,26516823,"-22.9237","-43.1708"
127,127-RODOVIARIA X COPACABANA - CIRCULAR,Fetranspor,243,26516823,"-22.9234","-43.1708"
127,127-RODOVIARIA X COPACABANA - CIRCULAR,Fetranspor,244,26516823,"-22.9233","-43.1708"
127,127-RODOVIARIA X COPACABANA - CIRCULAR,Fetranspor,245,26516823,"-22.9233","-43.1708"
127,127-RODOVIARIA X COPACABANA - CIRCULAR,Fetranspor,246,26516823,"-22.9233","-43.1708"
127,127-RODOVIARIA X COPACABANA - CIRCULAR,Fetranspor,247,26516823,"-22.9233","-43.1708"
127,127-RODOVIARIA X COPACABANA - CIRCULAR,Fetranspor,248,26516823,"-22.923","-43.1707"
127,127-RODOVIARIA X COPACABANA - CIRCULAR,Fetranspor,249,26516823,"-22.9228","-43.1708"
127,127-RODOVIARIA X COPACABANA - CIRCULAR,Fetranspor,250,26516823,"-22.9226","-43.1708"
127,127-RODOVIARIA X COPACABANA - CIRCULAR,Fetranspor,251,26516823,"-22.9221","-43.1709"
127,127-RODOVIARIA X COPACABANA - CIRCULAR,Fetranspor,252,26516823,"-22.922","-43.1709"
127,127-RODOVIARIA X COPACABANA - CIRCULAR,Fetranspor,253,26516823,"-22.9218","-43.171"
127,127-RODOVIARIA X COPACABANA - CIRCULAR,Fetranspor,254,26516823,"-22.9216","-43.1711"
127,127-RODOVIARIA X COPACABANA - CIRCULAR,Fetranspor,255,26516823,"-22.9213","-43.1712"
127,127-RODOVIARIA X COPACABANA - CIRCULAR,Fetranspor,256,26516823,"-22.9212","-43.1714"
127,127-RODOVIARIA X COPACABANA - CIRCULAR,Fetranspor,257,26516823,"-22.921","-43.1715"
127,127-RODOVIARIA X COPACABANA - CIRCULAR,Fetranspor,258,26516823,"-22.921","-43.1715"
127,127-RODOVIARIA X COPACABANA - CIRCULAR,Fetranspor,259,26516823,"-22.9206","-43.1718"
127,127-RODOVIARIA X COPACABANA - CIRCULAR,Fetranspor,260,26516823,"-22.9206","-43.1718"
127,127-RODOVIARIA X COPACABANA - CIRCULAR,Fetranspor,261,26516823,"-22.9197","-43.173"
127,127-RODOVIARIA X COPACABANA - CIRCULAR,Fetranspor,262,26516823,"-22.9193","-43.1736"
127,127-RODOVIARIA X COPACABANA - CIRCULAR,Fetranspor,263,26516823,"-22.9189","-43.174"
127,127-RODOVIARIA X COPACABANA - CIRCULAR,Fetranspor,264,26516823,"-22.9189","-43.174"
127,127-RODOVIARIA X COPACABANA - CIRCULAR,Fetranspor,265,26516823,"-22.9188","-43.1742"
127,127-RODOVIARIA X COPACABANA - CIRCULAR,Fetranspor,266,26516823,"-22.9186","-43.1743"
127,127-RODOVIARIA X COPACABANA - CIRCULAR,Fetranspor,267,26516823,"-22.9183","-43.1745"
127,127-RODOVIARIA X COPACABANA - CIRCULAR,Fetranspor,268,26516823,"-22.9182","-43.1745"
127,127-RODOVIARIA X COPACABANA - CIRCULAR,Fetranspor,269,26516823,"-22.918","-43.1746"
127,127-RODOVIARIA X COPACABANA - CIRCULAR,Fetranspor,270,26516823,"-22.918","-43.1746"
127,127-RODOVIARIA X COPACABANA - CIRCULAR,Fetranspor,271,26516823,"-22.9179","-43.1747"
127,127-RODOVIARIA X COPACABANA - CIRCULAR,Fetranspor,272,26516823,"-22.9175","-43.1748"
127,127-RODOVIARIA X COPACABANA - CIRCULAR,Fetranspor,273,26516823,"-22.9175","-43.1748"
127,127-RODOVIARIA X COPACABANA - CIRCULAR,Fetranspor,274,26516823,"-22.9173","-43.1748"
127,127-RODOVIARIA X COPACABANA - CIRCULAR,Fetranspor,275,26516823,"-22.9168","-43.1748"
127,127-RODOVIARIA X COPACABANA - CIRCULAR,Fetranspor,276,26516823,"-22.9165","-43.1748"
127,127-RODOVIARIA X COPACABANA - CIRCULAR,Fetranspor,277,26516823,"-22.916","-43.1747"
127,127-RODOVIARIA X COPACABANA - CIRCULAR,Fetranspor,278,26516823,"-22.9155","-43.1746"
127,127-RODOVIARIA X COPACABANA - CIRCULAR,Fetranspor,279,26516823,"-22.915","-43.1744"
127,127-RODOVIARIA X COPACABANA - CIRCULAR,Fetranspor,280,26516823,"-22.915","-43.1744"
127,127-RODOVIARIA X COPACABANA - CIRCULAR,Fetranspor,281,26516823,"-22.9145","-43.1742"
127,127-RODOVIARIA X COPACABANA - CIRCULAR,Fetranspor,282,26516823,"-22.9145","-43.1742"
127,127-RODOVIARIA X COPACABANA - CIRCULAR,Fetranspor,283,26516823,"-22.9143","-43.1741"
127,127-RODOVIARIA X COPACABANA - CIRCULAR,Fetranspor,284,26516823,"-22.9143","-43.1741"
127,127-RODOVIARIA X COPACABANA - CIRCULAR,Fetranspor,285,26516823,"-22.9141","-43.174"
127,127-RODOVIARIA X COPACABANA - CIRCULAR,Fetranspor,286,26516823,"-22.914","-43.1739"
127,127-RODOVIARIA X COPACABANA - CIRCULAR,Fetranspor,287,26516823,"-22.914","-43.1739"
127,127-RODOVIARIA X COPACABANA - CIRCULAR,Fetranspor,288,26516823,"-22.9138","-43.1737"
127,127-RODOVIARIA X COPACABANA - CIRCULAR,Fetranspor,289,26516823,"-22.9137","-43.1736"
127,127-RODOVIARIA X COPACABANA - CIRCULAR,Fetranspor,290,26516823,"-22.9137","-43.1736"
127,127-RODOVIARIA X COPACABANA - CIRCULAR,Fetranspor,291,26516823,"-22.9132","-43.1731"
127,127-RODOVIARIA X COPACABANA - CIRCULAR,Fetranspor,292,26516823,"-22.9132","-43.1731"
127,127-RODOVIARIA X COPACABANA - CIRCULAR,Fetranspor,293,26516823,"-22.913","-43.1729"
127,127-RODOVIARIA X COPACABANA - CIRCULAR,Fetranspor,294,26516823,"-22.9126","-43.1725"
127,127-RODOVIARIA X COPACABANA - CIRCULAR,Fetranspor,295,26516823,"-22.9124","-43.1723"
127,127-RODOVIARIA X COPACABANA - CIRCULAR,Fetranspor,296,26516823,"-22.9123","-43.1721"
127,127-RODOVIARIA X COPACABANA - CIRCULAR,Fetranspor,297,26516823,"-22.9121","-43.1719"
127,127-RODOVIARIA X COPACABANA - CIRCULAR,Fetranspor,298,26516823,"-22.9121","-43.1717"
127,127-RODOVIARIA X COPACABANA - CIRCULAR,Fetranspor,299,26516823,"-22.912","-43.1714"
127,127-RODOVIARIA X COPACABANA - CIRCULAR,Fetranspor,300,26516823,"-22.9119","-43.1712"
127,127-RODOVIARIA X COPACABANA - CIRCULAR,Fetranspor,301,26516823,"-22.9119","-43.1712"
127,127-RODOVIARIA X COPACABANA - CIRCULAR,Fetranspor,302,26516823,"-22.9119","-43.171"
127,127-RODOVIARIA X COPACABANA - CIRCULAR,Fetranspor,303,26516823,"-22.9119","-43.171"
127,127-RODOVIARIA X COPACABANA - CIRCULAR,Fetranspor,304,26516823,"-22.9119","-43.1706"
127,127-RODOVIARIA X COPACABANA - CIRCULAR,Fetranspor,305,26516823,"-22.912","-43.1705"
127,127-RODOVIARIA X COPACABANA - CIRCULAR,Fetranspor,306,26516823,"-22.9121","-43.1703"
127,127-RODOVIARIA X COPACABANA - CIRCULAR,Fetranspor,307,26516823,"-22.9123","-43.1698"
127,127-RODOVIARIA X COPACABANA - CIRCULAR,Fetranspor,308,26516823,"-22.9123","-43.1697"
127,127-RODOVIARIA X COPACABANA - CIRCULAR,Fetranspor,309,26516823,"-22.9124","-43.1696"
127,127-RODOVIARIA X COPACABANA - CIRCULAR,Fetranspor,310,26516823,"-22.9124","-43.1695"
127,127-RODOVIARIA X COPACABANA - CIRCULAR,Fetranspor,311,26516823,"-22.9124","-43.1694"
127,127-RODOVIARIA X COPACABANA - CIRCULAR,Fetranspor,312,26516823,"-22.9123","-43.1692"
127,127-RODOVIARIA X COPACABANA - CIRCULAR,Fetranspor,313,26516823,"-22.9123","-43.1692"
127,127-RODOVIARIA X COPACABANA - CIRCULAR,Fetranspor,314,26516823,"-22.9122","-43.1691"
127,127-RODOVIARIA X COPACABANA - CIRCULAR,Fetranspor,315,26516823,"-22.9121","-43.1691"
127,127-RODOVIARIA X COPACABANA - CIRCULAR,Fetranspor,316,26516823,"-22.912","-43.169"
127,127-RODOVIARIA X COPACABANA - CIRCULAR,Fetranspor,317,26516823,"-22.9119","-43.169"
127,127-RODOVIARIA X COPACABANA - CIRCULAR,Fetranspor,318,26516823,"-22.9118","-43.169"
127,127-RODOVIARIA X COPACABANA - CIRCULAR,Fetranspor,319,26516823,"-22.9117","-43.169"
127,127-RODOVIARIA X COPACABANA - CIRCULAR,Fetranspor,320,26516823,"-22.9117","-43.169"
127,127-RODOVIARIA X COPACABANA - CIRCULAR,Fetranspor,321,26516823,"-22.9115","-43.1691"
127,127-RODOVIARIA X COPACABANA - CIRCULAR,Fetranspor,322,26516823,"-22.9114","-43.1692"
127,127-RODOVIARIA X COPACABANA - CIRCULAR,Fetranspor,323,26516823,"-22.911","-43.1694"
127,127-RODOVIARIA X COPACABANA - CIRCULAR,Fetranspor,324,26516823,"-22.911","-43.1694"
127,127-RODOVIARIA X COPACABANA - CIRCULAR,Fetranspor,325,26516823,"-22.9109","-43.1696"
127,127-RODOVIARIA X COPACABANA - CIRCULAR,Fetranspor,326,26516823,"-22.9108","-43.1696"
127,127-RODOVIARIA X COPACABANA - CIRCULAR,Fetranspor,327,26516823,"-22.9107","-43.1698"
127,127-RODOVIARIA X COPACABANA - CIRCULAR,Fetranspor,328,26516823,"-22.9107","-43.1698"
127,127-RODOVIARIA X COPACABANA - CIRCULAR,Fetranspor,329,26516823,"-22.9107","-43.1698"
127,127-RODOVIARIA X COPACABANA - CIRCULAR,Fetranspor,330,26516823,"-22.9107","-43.1699"
127,127-RODOVIARIA X COPACABANA - CIRCULAR,Fetranspor,331,26516823,"-22.9107","-43.17"
127,127-RODOVIARIA X COPACABANA - CIRCULAR,Fetranspor,332,26516823,"-22.9107","-43.17"
127,127-RODOVIARIA X COPACABANA - CIRCULAR,Fetranspor,333,26516823,"-22.9107","-43.1704"
127,127-RODOVIARIA X COPACABANA - CIRCULAR,Fetranspor,334,26516823,"-22.9107","-43.1707"
127,127-RODOVIARIA X COPACABANA - CIRCULAR,Fetranspor,335,26516823,"-22.9107","-43.1709"
127,127-RODOVIARIA X COPACABANA - CIRCULAR,Fetranspor,336,26516823,"-22.9108","-43.1713"
127,127-RODOVIARIA X COPACABANA - CIRCULAR,Fetranspor,337,26516823,"-22.9108","-43.1713"
127,127-RODOVIARIA X COPACABANA - CIRCULAR,Fetranspor,338,26516823,"-22.9109","-43.1714"
127,127-RODOVIARIA X COPACABANA - CIRCULAR,Fetranspor,339,26516823,"-22.9109","-43.1714"
127,127-RODOVIARIA X COPACABANA - CIRCULAR,Fetranspor,340,26516823,"-22.9108","-43.1715"
127,127-RODOVIARIA X COPACABANA - CIRCULAR,Fetranspor,341,26516823,"-22.9108","-43.1715"
127,127-RODOVIARIA X COPACABANA - CIRCULAR,Fetranspor,342,26516823,"-22.9108","-43.1716"
127,127-RODOVIARIA X COPACABANA - CIRCULAR,Fetranspor,343,26516823,"-22.91","-43.1718"
127,127-RODOVIARIA X COPACABANA - CIRCULAR,Fetranspor,344,26516823,"-22.91","-43.1718"
127,127-RODOVIARIA X COPACABANA - CIRCULAR,Fetranspor,345,26516823,"-22.9099","-43.1719"
127,127-RODOVIARIA X COPACABANA - CIRCULAR,Fetranspor,346,26516823,"-22.9099","-43.1719"
127,127-RODOVIARIA X COPACABANA - CIRCULAR,Fetranspor,347,26516823,"-22.9096","-43.172"
127,127-RODOVIARIA X COPACABANA - CIRCULAR,Fetranspor,348,26516823,"-22.9096","-43.172"
127,127-RODOVIARIA X COPACABANA - CIRCULAR,Fetranspor,349,26516823,"-22.9093","-43.1721"
127,127-RODOVIARIA X COPACABANA - CIRCULAR,Fetranspor,350,26516823,"-22.9093","-43.1721"
127,127-RODOVIARIA X COPACABANA - CIRCULAR,Fetranspor,351,26516823,"-22.909","-43.1722"
127,127-RODOVIARIA X COPACABANA - CIRCULAR,Fetranspor,352,26516823,"-22.909","-43.1722"
127,127-RODOVIARIA X COPACABANA - CIRCULAR,Fetranspor,353,26516823,"-22.9081","-43.1725"
127,127-RODOVIARIA X COPACABANA - CIRCULAR,Fetranspor,354,26516823,"-22.9081","-43.1725"
127,127-RODOVIARIA X COPACABANA - CIRCULAR,Fetranspor,355,26516823,"-22.9071","-43.1728"
127,127-RODOVIARIA X COPACABANA - CIRCULAR,Fetranspor,356,26516823,"-22.9071","-43.1728"
127,127-RODOVIARIA X COPACABANA - CIRCULAR,Fetranspor,357,26516823,"-22.9066","-43.173"
127,127-RODOVIARIA X COPACABANA - CIRCULAR,Fetranspor,358,26516823,"-22.9066","-43.173"
127,127-RODOVIARIA X COPACABANA - CIRCULAR,Fetranspor,359,26516823,"-22.9065","-43.173"
127,127-RODOVIARIA X COPACABANA - CIRCULAR,Fetranspor,360,26516823,"-22.9065","-43.173"
127,127-RODOVIARIA X COPACABANA - CIRCULAR,Fetranspor,361,26516823,"-22.9061","-43.1732"
127,127-RODOVIARIA X COPACABANA - CIRCULAR,Fetranspor,362,26516823,"-22.9057","-43.1734"
127,127-RODOVIARIA X COPACABANA - CIRCULAR,Fetranspor,363,26516823,"-22.9052","-43.1738"
127,127-RODOVIARIA X COPACABANA - CIRCULAR,Fetranspor,364,26516823,"-22.905","-43.1739"
127,127-RODOVIARIA X COPACABANA - CIRCULAR,Fetranspor,365,26516823,"-22.905","-43.1739"
127,127-RODOVIARIA X COPACABANA - CIRCULAR,Fetranspor,366,26516823,"-22.9047","-43.1742"
127,127-RODOVIARIA X COPACABANA - CIRCULAR,Fetranspor,367,26516823,"-22.9047","-43.1742"
127,127-RODOVIARIA X COPACABANA - CIRCULAR,Fetranspor,368,26516823,"-22.9046","-43.1742"
127,127-RODOVIARIA X COPACABANA - CIRCULAR,Fetranspor,369,26516823,"-22.9044","-43.1743"
127,127-RODOVIARIA X COPACABANA - CIRCULAR,Fetranspor,370,26516823,"-22.9044","-43.1743"
127,127-RODOVIARIA X COPACABANA - CIRCULAR,Fetranspor,371,26516823,"-22.9043","-43.1744"
127,127-RODOVIARIA X COPACABANA - CIRCULAR,Fetranspor,372,26516823,"-22.9041","-43.1745"
127,127-RODOVIARIA X COPACABANA - CIRCULAR,Fetranspor,373,26516823,"-22.904","-43.1745"
127,127-RODOVIARIA X COPACABANA - CIRCULAR,Fetranspor,374,26516823,"-22.904","-43.1745"
127,127-RODOVIARIA X COPACABANA - CIRCULAR,Fetranspor,375,26516823,"-22.9039","-43.1746"
127,127-RODOVIARIA X COPACABANA - CIRCULAR,Fetranspor,376,26516823,"-22.9037","-43.1748"
127,127-RODOVIARIA X COPACABANA - CIRCULAR,Fetranspor,377,26516823,"-22.9034","-43.175"
127,127-RODOVIARIA X COPACABANA - CIRCULAR,Fetranspor,378,26516823,"-22.9034","-43.175"
127,127-RODOVIARIA X COPACABANA - CIRCULAR,Fetranspor,379,26516823,"-22.9032","-43.1752"
127,127-RODOVIARIA X COPACABANA - CIRCULAR,Fetranspor,380,26516823,"-22.9032","-43.1752"
127,127-RODOVIARIA X COPACABANA - CIRCULAR,Fetranspor,381,26516823,"-22.9029","-43.1755"
127,127-RODOVIARIA X COPACABANA - CIRCULAR,Fetranspor,382,26516823,"-22.9029","-43.1755"
127,127-RODOVIARIA X COPACABANA - CIRCULAR,Fetranspor,383,26516823,"-22.9024","-43.1759"
127,127-RODOVIARIA X COPACABANA - CIRCULAR,Fetranspor,384,26516823,"-22.9024","-43.1759"
127,127-RODOVIARIA X COPACABANA - CIRCULAR,Fetranspor,385,26516823,"-22.9019","-43.1761"
127,127-RODOVIARIA X COPACABANA - CIRCULAR,Fetranspor,386,26516823,"-22.9019","-43.1761"
127,127-RODOVIARIA X COPACABANA - CIRCULAR,Fetranspor,387,26516823,"-22.9018","-43.1762"
127,127-RODOVIARIA X COPACABANA - CIRCULAR,Fetranspor,388,26516823,"-22.9017","-43.1763"
127,127-RODOVIARIA X COPACABANA - CIRCULAR,Fetranspor,389,26516823,"-22.9017","-43.1763"
127,127-RODOVIARIA X COPACABANA - CIRCULAR,Fetranspor,390,26516823,"-22.9015","-43.1764"
127,127-RODOVIARIA X COPACABANA - CIRCULAR,Fetranspor,391,26516823,"-22.9015","-43.1764"
127,127-RODOVIARIA X COPACABANA - CIRCULAR,Fetranspor,392,26516823,"-22.9013","-43.1765"
127,127-RODOVIARIA X COPACABANA - CIRCULAR,Fetranspor,393,26516823,"-22.9013","-43.1765"
127,127-RODOVIARIA X COPACABANA - CIRCULAR,Fetranspor,394,26516823,"-22.901","-43.1766"
127,127-RODOVIARIA X COPACABANA - CIRCULAR,Fetranspor,395,26516823,"-22.9008","-43.1767"
127,127-RODOVIARIA X COPACABANA - CIRCULAR,Fetranspor,396,26516823,"-22.9008","-43.1767"
127,127-RODOVIARIA X COPACABANA - CIRCULAR,Fetranspor,397,26516823,"-22.9006","-43.1768"
127,127-RODOVIARIA X COPACABANA - CIRCULAR,Fetranspor,398,26516823,"-22.9006","-43.1768"
127,127-RODOVIARIA X COPACABANA - CIRCULAR,Fetranspor,399,26516823,"-22.9003","-43.1769"
127,127-RODOVIARIA X COPACABANA - CIRCULAR,Fetranspor,400,26516823,"-22.9003","-43.1769"
127,127-RODOVIARIA X COPACABANA - CIRCULAR,Fetranspor,401,26516823,"-22.9001","-43.177"
127,127-RODOVIARIA X COPACABANA - CIRCULAR,Fetranspor,402,26516823,"-22.8997","-43.1771"
127,127-RODOVIARIA X COPACABANA - CIRCULAR,Fetranspor,403,26516823,"-22.8997","-43.1771"
127,127-RODOVIARIA X COPACABANA - CIRCULAR,Fetranspor,404,26516823,"-22.8991","-43.1772"
127,127-RODOVIARIA X COPACABANA - CIRCULAR,Fetranspor,405,26516823,"-22.8991","-43.1772"
127,127-RODOVIARIA X COPACABANA - CIRCULAR,Fetranspor,406,26516823,"-22.8993","-43.1778"
127,127-RODOVIARIA X COPACABANA - CIRCULAR,Fetranspor,407,26516823,"-22.8993","-43.1778"
127,127-RODOVIARIA X COPACABANA - CIRCULAR,Fetranspor,408,26516823,"-22.8995","-43.1784"
127,127-RODOVIARIA X COPACABANA - CIRCULAR,Fetranspor,409,26516823,"-22.8996","-43.1788"
127,127-RODOVIARIA X COPACABANA - CIRCULAR,Fetranspor,410,26516823,"-22.8996","-43.1788"
127,127-RODOVIARIA X COPACABANA - CIRCULAR,Fetranspor,411,26516823,"-22.8996","-43.1788"
127,127-RODOVIARIA X COPACABANA - CIRCULAR,Fetranspor,412,26516823,"-22.8996","-43.179"
127,127-RODOVIARIA X COPACABANA - CIRCULAR,Fetranspor,413,26516823,"-22.8998","-43.1796"
127,127-RODOVIARIA X COPACABANA - CIRCULAR,Fetranspor,414,26516823,"-22.8998","-43.1796"
127,127-RODOVIARIA X COPACABANA - CIRCULAR,Fetranspor,415,26516823,"-22.8993","-43.1798"
127,127-RODOVIARIA X COPACABANA - CIRCULAR,Fetranspor,416,26516823,"-22.8993","-43.1798"
127,127-RODOVIARIA X COPACABANA - CIRCULAR,Fetranspor,417,26516823,"-22.8986","-43.1801"
127,127-RODOVIARIA X COPACABANA - CIRCULAR,Fetranspor,418,26516823,"-22.8986","-43.1801"
127,127-RODOVIARIA X COPACABANA - CIRCULAR,Fetranspor,419,26516823,"-22.8979","-43.1804"
127,127-RODOVIARIA X COPACABANA - CIRCULAR,Fetranspor,420,26516823,"-22.8979","-43.1804"
127,127-RODOVIARIA X COPACABANA - CIRCULAR,Fetranspor,421,26516823,"-22.8977","-43.1805"
127,127-RODOVIARIA X COPACABANA - CIRCULAR,Fetranspor,422,26516823,"-22.8972","-43.1806"
127,127-RODOVIARIA X COPACABANA - CIRCULAR,Fetranspor,423,26516823,"-22.8972","-43.1806"
127,127-RODOVIARIA X COPACABANA - CIRCULAR,Fetranspor,424,26516823,"-22.8967","-43.1808"
127,127-RODOVIARIA X COPACABANA - CIRCULAR,Fetranspor,425,26516823,"-22.8966","-43.1808"
127,127-RODOVIARIA X COPACABANA - CIRCULAR,Fetranspor,426,26516823,"-22.8966","-43.1808"
127,127-RODOVIARIA X COPACABANA - CIRCULAR,Fetranspor,427,26516823,"-22.8965","-43.1809"
127,127-RODOVIARIA X COPACABANA - CIRCULAR,Fetranspor,428,26516823,"-22.8963","-43.1811"
127,127-RODOVIARIA X COPACABANA - CIRCULAR,Fetranspor,429,26516823,"-22.8963","-43.1811"
127,127-RODOVIARIA X COPACABANA - CIRCULAR,Fetranspor,430,26516823,"-22.8962","-43.1812"
127,127-RODOVIARIA X COPACABANA - CIRCULAR,Fetranspor,431,26516823,"-22.8962","-43.1812"
127,127-RODOVIARIA X COPACABANA - CIRCULAR,Fetranspor,432,26516823,"-22.8962","-43.1813"
127,127-RODOVIARIA X COPACABANA - CIRCULAR,Fetranspor,433,26516823,"-22.8962","-43.1813"
127,127-RODOVIARIA X COPACABANA - CIRCULAR,Fetranspor,434,26516823,"-22.8961","-43.1816"
127,127-RODOVIARIA X COPACABANA - CIRCULAR,Fetranspor,435,26516823,"-22.8961","-43.1816"
127,127-RODOVIARIA X COPACABANA - CIRCULAR,Fetranspor,436,26516823,"-22.896","-43.182"
127,127-RODOVIARIA X COPACABANA - CIRCULAR,Fetranspor,437,26516823,"-22.896","-43.182"
127,127-RODOVIARIA X COPACABANA - CIRCULAR,Fetranspor,438,26516823,"-22.8955","-43.1834"
127,127-RODOVIARIA X COPACABANA - CIRCULAR,Fetranspor,439,26516823,"-22.8955","-43.1834"
127,127-RODOVIARIA X COPACABANA - CIRCULAR,Fetranspor,440,26516823,"-22.8963","-43.1837"
127,127-RODOVIARIA X COPACABANA - CIRCULAR,Fetranspor,441,26516823,"-22.8967","-43.1838"
127,127-RODOVIARIA X COPACABANA - CIRCULAR,Fetranspor,442,26516823,"-22.8967","-43.1838"
127,127-RODOVIARIA X COPACABANA - CIRCULAR,Fetranspor,443,26516823,"-22.8969","-43.1839"
127,127-RODOVIARIA X COPACABANA - CIRCULAR,Fetranspor,444,26516823,"-22.8969","-43.1839"
127,127-RODOVIARIA X COPACABANA - CIRCULAR,Fetranspor,445,26516823,"-22.8972","-43.184"
127,127-RODOVIARIA X COPACABANA - CIRCULAR,Fetranspor,446,26516823,"-22.8975","-43.1842"
127,127-RODOVIARIA X COPACABANA - CIRCULAR,Fetranspor,447,26516823,"-22.8975","-43.1842"
127,127-RODOVIARIA X COPACABANA - CIRCULAR,Fetranspor,448,26516823,"-22.8975","-43.1843"
127,127-RODOVIARIA X COPACABANA - CIRCULAR,Fetranspor,449,26516823,"-22.8975","-43.1843"
127,127-RODOVIARIA X COPACABANA - CIRCULAR,Fetranspor,450,26516823,"-22.8974","-43.1852"
127,127-RODOVIARIA X COPACABANA - CIRCULAR,Fetranspor,451,26516823,"-22.8974","-43.1852"
127,127-RODOVIARIA X COPACABANA - CIRCULAR,Fetranspor,452,26516823,"-22.8974","-43.1853"
127,127-RODOVIARIA X COPACABANA - CIRCULAR,Fetranspor,453,26516823,"-22.8974","-43.1853"
127,127-RODOVIARIA X COPACABANA - CIRCULAR,Fetranspor,454,26516823,"-22.8974","-43.1855"
127,127-RODOVIARIA X COPACABANA - CIRCULAR,Fetranspor,455,26516823,"-22.8974","-43.1858"
127,127-RODOVIARIA X COPACABANA - CIRCULAR,Fetranspor,456,26516823,"-22.8974","-43.186"
127,127-RODOVIARIA X COPACABANA - CIRCULAR,Fetranspor,457,26516823,"-22.8974","-43.1861"
127,127-RODOVIARIA X COPACABANA - CIRCULAR,Fetranspor,458,26516823,"-22.8974","-43.1861"
127,127-RODOVIARIA X COPACABANA - CIRCULAR,Fetranspor,459,26516823,"-22.8975","-43.1864"
127,127-RODOVIARIA X COPACABANA - CIRCULAR,Fetranspor,460,26516823,"-22.8976","-43.1872"
127,127-RODOVIARIA X COPACABANA - CIRCULAR,Fetranspor,461,26516823,"-22.8976","-43.1873"
127,127-RODOVIARIA X COPACABANA - CIRCULAR,Fetranspor,462,26516823,"-22.8976","-43.1874"
127,127-RODOVIARIA X COPACABANA - CIRCULAR,Fetranspor,463,26516823,"-22.8976","-43.1874"
127,127-RODOVIARIA X COPACABANA - CIRCULAR,Fetranspor,464,26516823,"-22.8974","-43.1877"
127,127-RODOVIARIA X COPACABANA - CIRCULAR,Fetranspor,465,26516823,"-22.8974","-43.1878"
127,127-RODOVIARIA X COPACABANA - CIRCULAR,Fetranspor,466,26516823,"-22.8974","-43.1878"
127,127-RODOVIARIA X COPACABANA - CIRCULAR,Fetranspor,467,26516823,"-22.8974","-43.1878"
127,127-RODOVIARIA X COPACABANA - CIRCULAR,Fetranspor,468,26516823,"-22.8974","-43.1878"
127,127-RODOVIARIA X COPACABANA - CIRCULAR,Fetranspor,469,26516823,"-22.8971","-43.1883"
127,127-RODOVIARIA X COPACABANA - CIRCULAR,Fetranspor,470,26516823,"-22.8971","-43.1884"
127,127-RODOVIARIA X COPACABANA - CIRCULAR,Fetranspor,471,26516823,"-22.8971","-43.1885"
127,127-RODOVIARIA X COPACABANA - CIRCULAR,Fetranspor,472,26516823,"-22.897","-43.1886"
127,127-RODOVIARIA X COPACABANA - CIRCULAR,Fetranspor,473,26516823,"-22.897","-43.1887"
127,127-RODOVIARIA X COPACABANA - CIRCULAR,Fetranspor,474,26516823,"-22.897","-43.1888"
127,127-RODOVIARIA X COPACABANA - CIRCULAR,Fetranspor,475,26516823,"-22.8972","-43.1894"
127,127-RODOVIARIA X COPACABANA - CIRCULAR,Fetranspor,476,26516823,"-22.8972","-43.1894"
127,127-RODOVIARIA X COPACABANA - CIRCULAR,Fetranspor,477,26516823,"-22.8972","-43.1896"
127,127-RODOVIARIA X COPACABANA - CIRCULAR,Fetranspor,478,26516823,"-22.8972","-43.1897"
127,127-RODOVIARIA X COPACABANA - CIRCULAR,Fetranspor,479,26516823,"-22.8972","-43.1897"
127,127-RODOVIARIA X COPACABANA - CIRCULAR,Fetranspor,480,26516823,"-22.8972","-43.1898"
127,127-RODOVIARIA X COPACABANA - CIRCULAR,Fetranspor,481,26516823,"-22.8972","-43.1901"
127,127-RODOVIARIA X COPACABANA - CIRCULAR,Fetranspor,482,26516823,"-22.8972","-43.1903"
127,127-RODOVIARIA X COPACABANA - CIRCULAR,Fetranspor,483,26516823,"-22.897","-43.1907"
127,127-RODOVIARIA X COPACABANA - CIRCULAR,Fetranspor,484,26516823,"-22.897","-43.1908"
127,127-RODOVIARIA X COPACABANA - CIRCULAR,Fetranspor,485,26516823,"-22.897","-43.1908"
127,127-RODOVIARIA X COPACABANA - CIRCULAR,Fetranspor,486,26516823,"-22.897","-43.1908"
127,127-RODOVIARIA X COPACABANA - CIRCULAR,Fetranspor,487,26516823,"-22.897","-43.1909"
127,127-RODOVIARIA X COPACABANA - CIRCULAR,Fetranspor,488,26516823,"-22.8971","-43.192"
127,127-RODOVIARIA X COPACABANA - CIRCULAR,Fetranspor,489,26516823,"-22.8971","-43.192"
127,127-RODOVIARIA X COPACABANA - CIRCULAR,Fetranspor,490,26516823,"-22.8973","-43.1931"
127,127-RODOVIARIA X COPACABANA - CIRCULAR,Fetranspor,491,26516823,"-22.8973","-43.1931"
127,127-RODOVIARIA X COPACABANA - CIRCULAR,Fetranspor,492,26516823,"-22.8973","-43.1932"
127,127-RODOVIARIA X COPACABANA - CIRCULAR,Fetranspor,493,26516823,"-22.8973","-43.1932"
127,127-RODOVIARIA X COPACABANA - CIRCULAR,Fetranspor,494,26516823,"-22.8974","-43.1944"
127,127-RODOVIARIA X COPACABANA - CIRCULAR,Fetranspor,495,26516823,"-22.8974","-43.1944"
127,127-RODOVIARIA X COPACABANA - CIRCULAR,Fetranspor,496,26516823,"-22.8976","-43.1955"
127,127-RODOVIARIA X COPACABANA - CIRCULAR,Fetranspor,497,26516823,"-22.8976","-43.1955"
127,127-RODOVIARIA X COPACABANA - CIRCULAR,Fetranspor,498,26516823,"-22.8976","-43.1956"
127,127-RODOVIARIA X COPACABANA - CIRCULAR,Fetranspor,499,26516823,"-22.8976","-43.1958"
127,127-RODOVIARIA X COPACABANA - CIRCULAR,Fetranspor,500,26516823,"-22.8976","-43.1958"
127,127-RODOVIARIA X COPACABANA - CIRCULAR,Fetranspor,501,26516823,"-22.8973","-43.196"
127,127-RODOVIARIA X COPACABANA - CIRCULAR,Fetranspor,502,26516823,"-22.8973","-43.196"
127,127-RODOVIARIA X COPACABANA - CIRCULAR,Fetranspor,503,26516823,"-22.8973","-43.1961"
127,127-RODOVIARIA X COPACABANA - CIRCULAR,Fetranspor,504,26516823,"-22.8973","-43.1962"
127,127-RODOVIARIA X COPACABANA - CIRCULAR,Fetranspor,505,26516823,"-22.8973","-43.1962"
127,127-RODOVIARIA X COPACABANA - CIRCULAR,Fetranspor,506,26516823,"-22.8977","-43.1972"
127,127-RODOVIARIA X COPACABANA - CIRCULAR,Fetranspor,507,26516823,"-22.8977","-43.1973"
127,127-RODOVIARIA X COPACABANA - CIRCULAR,Fetranspor,508,26516823,"-22.8977","-43.1974"
127,127-RODOVIARIA X COPACABANA - CIRCULAR,Fetranspor,509,26516823,"-22.8977","-43.1976"
127,127-RODOVIARIA X COPACABANA - CIRCULAR,Fetranspor,510,26516823,"-22.8974","-43.199"
127,127-RODOVIARIA X COPACABANA - CIRCULAR,Fetranspor,511,26516823,"-22.8974","-43.199"
127,127-RODOVIARIA X COPACABANA - CIRCULAR,Fetranspor,512,26516823,"-22.8974","-43.199"
127,127-RODOVIARIA X COPACABANA - CIRCULAR,Fetranspor,513,26516823,"-22.8974","-43.1991"
127,127-RODOVIARIA X COPACABANA - CIRCULAR,Fetranspor,514,26516823,"-22.8974","-43.1991"
127,127-RODOVIARIA X COPACABANA - CIRCULAR,Fetranspor,515,26516823,"-22.8977","-43.1994"
127,127-RODOVIARIA X COPACABANA - CIRCULAR,Fetranspor,516,26516823,"-22.8977","-43.1994"
127,127-RODOVIARIA X COPACABANA - CIRCULAR,Fetranspor,517,26516823,"-22.8983","-43.2"
127,127-RODOVIARIA X COPACABANA - CIRCULAR,Fetranspor,518,26516823,"-22.8984","-43.2"
127,127-RODOVIARIA X COPACABANA - CIRCULAR,Fetranspor,519,26516823,"-22.8984","-43.2"
127,127-RODOVIARIA X COPACABANA - CIRCULAR,Fetranspor,520,26516823,"-22.8985","-43.2001"
127,127-RODOVIARIA X COPACABANA - CIRCULAR,Fetranspor,521,26516823,"-22.8987","-43.2002"
127,127-RODOVIARIA X COPACABANA - CIRCULAR,Fetranspor,522,26516823,"-22.8987","-43.2002"
127,127-RODOVIARIA X COPACABANA - CIRCULAR,Fetranspor,523,26516823,"-22.8988","-43.2003"
127,127-RODOVIARIA X COPACABANA - CIRCULAR,Fetranspor,524,26516823,"-22.899","-43.2006"
127,127-RODOVIARIA X COPACABANA - CIRCULAR,Fetranspor,525,26516823,"-22.899","-43.2006"
127,127-RODOVIARIA X COPACABANA - CIRCULAR,Fetranspor,526,26516823,"-22.8991","-43.2007"
127,127-RODOVIARIA X COPACABANA - CIRCULAR,Fetranspor,527,26516823,"-22.8993","-43.201"
127,127-RODOVIARIA X COPACABANA - CIRCULAR,Fetranspor,528,26516823,"-22.8993","-43.2011"
127,127-RODOVIARIA X COPACABANA - CIRCULAR,Fetranspor,529,26516823,"-22.8993","-43.2012"
127,127-RODOVIARIA X COPACABANA - CIRCULAR,Fetranspor,530,26516823,"-22.8993","-43.2012"
127,127-RODOVIARIA X COPACABANA - CIRCULAR,Fetranspor,531,26516823,"-22.8993","-43.2012"
127,127-RODOVIARIA X COPACABANA - CIRCULAR,Fetranspor,532,26516823,"-22.8992","-43.2012"
127,127-RODOVIARIA X COPACABANA - CIRCULAR,Fetranspor,533,26516823,"-22.8991","-43.2013"
127,127-RODOVIARIA X COPACABANA - CIRCULAR,Fetranspor,534,26516823,"-22.8991","-43.2013"
127,127-RODOVIARIA X COPACABANA - CIRCULAR,Fetranspor,535,26516823,"-22.899","-43.2013"
127,127-RODOVIARIA X COPACABANA - CIRCULAR,Fetranspor,536,26516823,"-22.8989","-43.2014"
127,127-RODOVIARIA X COPACABANA - CIRCULAR,Fetranspor,537,26516823,"-22.8989","-43.2015"
127,127-RODOVIARIA X COPACABANA - CIRCULAR,Fetranspor,538,26516823,"-22.8989","-43.2016"
127,127-RODOVIARIA X COPACABANA - CIRCULAR,Fetranspor,539,26516823,"-22.8988","-43.2017"
127,127-RODOVIARIA X COPACABANA - CIRCULAR,Fetranspor,540,26516823,"-22.8988","-43.2017"
127,127-RODOVIARIA X COPACABANA - CIRCULAR,Fetranspor,541,26516823,"-22.8988","-43.2018"
127,127-RODOVIARIA X COPACABANA - CIRCULAR,Fetranspor,542,26516823,"-22.8987","-43.2018"
127,127-RODOVIARIA X COPACABANA - CIRCULAR,Fetranspor,543,26516823,"-22.8982","-43.2021"
127,127-RODOVIARIA X COPACABANA - CIRCULAR,Fetranspor,544,26516823,"-22.8982","-43.2021"
127,127-RODOVIARIA X COPACABANA - CIRCULAR,Fetranspor,545,26516823,"-22.8982","-43.2022"
127,127-RODOVIARIA X COPACABANA - CIRCULAR,Fetranspor,546,26516823,"-22.8982","-43.2022"
127,127-RODOVIARIA X COPACABANA - CIRCULAR,Fetranspor,547,26516823,"-22.8987","-43.2033"
127,127-RODOVIARIA X COPACABANA - CIRCULAR,Fetranspor,548,26516823,"-22.8987","-43.2033"
127,127-RODOVIARIA X COPACABANA - CIRCULAR,Fetranspor,549,26516823,"-22.8989","-43.2039"
127,127-RODOVIARIA X COPACABANA - CIRCULAR,Fetranspor,550,26516823,"-22.8995","-43.2052"
127,127-RODOVIARIA X COPACABANA - CIRCULAR,Fetranspor,551,26516823,"-22.8995","-43.2052"
127,127-RODOVIARIA X COPACABANA - CIRCULAR,Fetranspor,552,26516823,"-22.9","-43.2065"
127,127-RODOVIARIA X COPACABANA - CIRCULAR,Fetranspor,553,26516823,"-22.9","-43.2065"
127,127-RODOVIARIA X COPACABANA - CIRCULAR,Fetranspor,554,26516823,"-22.9003","-43.2071"
127,127-RODOVIARIA X COPACABANA - CIRCULAR,Fetranspor,555,26516823,"-22.9003","-43.2072"
127,127-RODOVIARIA X COPACABANA - CIRCULAR,Fetranspor,556,26516823,"-22.9003","-43.2073"
127,127-RODOVIARIA X COPACABANA - CIRCULAR,Fetranspor,557,26516823,"-22.9004","-43.2085"
127,127-RODOVIARIA X COPACABANA - CIRCULAR,Fetranspor,558,26516823,"-22.9004","-43.2074"
127,127-RODOVIARIA X COPACABANA - CIRCULAR,Fetranspor,559,26516823,"-22.9004","-43.2079"
127,127-RODOVIARIA X COPACABANA - CIRCULAR,Fetranspor,560,26516823,"-22.9004","-43.2079"
127,127-RODOVIARIA X COPACABANA - CIRCULAR,Fetranspor,561,26516823,"-22.9024","-43.2078"
127,127-RODOVIARIA X COPACABANA - CIRCULAR,Fetranspor,562,26516823,"-22.9025","-43.2078"
