linha,descricao,agencia,sequencia,shape_id,latitude,longitude
129,129-RODOVIARIA X PRAIA DE BOTAFOGO (VIA TUNEL SANTA BARBARA) - CIRCULAR,Fetranspor,0,26433164,"-22.9004","-43.2079"
129,129-RODOVIARIA X PRAIA DE BOTAFOGO (VIA TUNEL SANTA BARBARA) - CIRCULAR,Fetranspor,1,26433164,"-22.9024","-43.2078"
129,129-RODOVIARIA X PRAIA DE BOTAFOGO (VIA TUNEL SANTA BARBARA) - CIRCULAR,Fetranspor,2,26433164,"-22.9025","-43.2078"
129,129-RODOVIARIA X PRAIA DE BOTAFOGO (VIA TUNEL SANTA BARBARA) - CIRCULAR,Fetranspor,3,26433164,"-22.9025","-43.2078"
129,129-RODOVIARIA X PRAIA DE BOTAFOGO (VIA TUNEL SANTA BARBARA) - CIRCULAR,Fetranspor,4,26433164,"-22.9026","-43.2078"
129,129-RODOVIARIA X PRAIA DE BOTAFOGO (VIA TUNEL SANTA BARBARA) - CIRCULAR,Fetranspor,5,26433164,"-22.9026","-43.2078"
129,129-RODOVIARIA X PRAIA DE BOTAFOGO (VIA TUNEL SANTA BARBARA) - CIRCULAR,Fetranspor,6,26433164,"-22.9027","-43.2079"
129,129-RODOVIARIA X PRAIA DE BOTAFOGO (VIA TUNEL SANTA BARBARA) - CIRCULAR,Fetranspor,7,26433164,"-22.9026","-43.2079"
129,129-RODOVIARIA X PRAIA DE BOTAFOGO (VIA TUNEL SANTA BARBARA) - CIRCULAR,Fetranspor,8,26433164,"-22.9026","-43.208"
129,129-RODOVIARIA X PRAIA DE BOTAFOGO (VIA TUNEL SANTA BARBARA) - CIRCULAR,Fetranspor,9,26433164,"-22.9026","-43.208"
129,129-RODOVIARIA X PRAIA DE BOTAFOGO (VIA TUNEL SANTA BARBARA) - CIRCULAR,Fetranspor,10,26433164,"-22.9024","-43.208"
129,129-RODOVIARIA X PRAIA DE BOTAFOGO (VIA TUNEL SANTA BARBARA) - CIRCULAR,Fetranspor,11,26433164,"-22.9024","-43.208"
129,129-RODOVIARIA X PRAIA DE BOTAFOGO (VIA TUNEL SANTA BARBARA) - CIRCULAR,Fetranspor,12,26433164,"-22.9025","-43.208"
129,129-RODOVIARIA X PRAIA DE BOTAFOGO (VIA TUNEL SANTA BARBARA) - CIRCULAR,Fetranspor,13,26433164,"-22.9025","-43.2081"
129,129-RODOVIARIA X PRAIA DE BOTAFOGO (VIA TUNEL SANTA BARBARA) - CIRCULAR,Fetranspor,14,26433164,"-22.9025","-43.2081"
129,129-RODOVIARIA X PRAIA DE BOTAFOGO (VIA TUNEL SANTA BARBARA) - CIRCULAR,Fetranspor,15,26433164,"-22.9026","-43.2082"
129,129-RODOVIARIA X PRAIA DE BOTAFOGO (VIA TUNEL SANTA BARBARA) - CIRCULAR,Fetranspor,16,26433164,"-22.9026","-43.2082"
129,129-RODOVIARIA X PRAIA DE BOTAFOGO (VIA TUNEL SANTA BARBARA) - CIRCULAR,Fetranspor,17,26433164,"-22.9026","-43.2082"
129,129-RODOVIARIA X PRAIA DE BOTAFOGO (VIA TUNEL SANTA BARBARA) - CIRCULAR,Fetranspor,18,26433164,"-22.9026","-43.2083"
129,129-RODOVIARIA X PRAIA DE BOTAFOGO (VIA TUNEL SANTA BARBARA) - CIRCULAR,Fetranspor,19,26433164,"-22.9027","-43.2083"
129,129-RODOVIARIA X PRAIA DE BOTAFOGO (VIA TUNEL SANTA BARBARA) - CIRCULAR,Fetranspor,20,26433164,"-22.9027","-43.2083"
129,129-RODOVIARIA X PRAIA DE BOTAFOGO (VIA TUNEL SANTA BARBARA) - CIRCULAR,Fetranspor,21,26433164,"-22.9028","-43.2083"
129,129-RODOVIARIA X PRAIA DE BOTAFOGO (VIA TUNEL SANTA BARBARA) - CIRCULAR,Fetranspor,22,26433164,"-22.9032","-43.2083"
129,129-RODOVIARIA X PRAIA DE BOTAFOGO (VIA TUNEL SANTA BARBARA) - CIRCULAR,Fetranspor,23,26433164,"-22.904","-43.2082"
129,129-RODOVIARIA X PRAIA DE BOTAFOGO (VIA TUNEL SANTA BARBARA) - CIRCULAR,Fetranspor,24,26433164,"-22.9043","-43.2082"
129,129-RODOVIARIA X PRAIA DE BOTAFOGO (VIA TUNEL SANTA BARBARA) - CIRCULAR,Fetranspor,25,26433164,"-22.9043","-43.2082"
129,129-RODOVIARIA X PRAIA DE BOTAFOGO (VIA TUNEL SANTA BARBARA) - CIRCULAR,Fetranspor,26,26433164,"-22.9045","-43.2082"
129,129-RODOVIARIA X PRAIA DE BOTAFOGO (VIA TUNEL SANTA BARBARA) - CIRCULAR,Fetranspor,27,26433164,"-22.9046","-43.2083"
129,129-RODOVIARIA X PRAIA DE BOTAFOGO (VIA TUNEL SANTA BARBARA) - CIRCULAR,Fetranspor,28,26433164,"-22.9047","-43.2083"
129,129-RODOVIARIA X PRAIA DE BOTAFOGO (VIA TUNEL SANTA BARBARA) - CIRCULAR,Fetranspor,29,26433164,"-22.9048","-43.2084"
129,129-RODOVIARIA X PRAIA DE BOTAFOGO (VIA TUNEL SANTA BARBARA) - CIRCULAR,Fetranspor,30,26433164,"-22.9048","-43.2085"
129,129-RODOVIARIA X PRAIA DE BOTAFOGO (VIA TUNEL SANTA BARBARA) - CIRCULAR,Fetranspor,31,26433164,"-22.9049","-43.2086"
129,129-RODOVIARIA X PRAIA DE BOTAFOGO (VIA TUNEL SANTA BARBARA) - CIRCULAR,Fetranspor,32,26433164,"-22.9049","-43.2087"
129,129-RODOVIARIA X PRAIA DE BOTAFOGO (VIA TUNEL SANTA BARBARA) - CIRCULAR,Fetranspor,33,26433164,"-22.905","-43.2087"
129,129-RODOVIARIA X PRAIA DE BOTAFOGO (VIA TUNEL SANTA BARBARA) - CIRCULAR,Fetranspor,34,26433164,"-22.9052","-43.2087"
129,129-RODOVIARIA X PRAIA DE BOTAFOGO (VIA TUNEL SANTA BARBARA) - CIRCULAR,Fetranspor,35,26433164,"-22.9056","-43.2087"
129,129-RODOVIARIA X PRAIA DE BOTAFOGO (VIA TUNEL SANTA BARBARA) - CIRCULAR,Fetranspor,36,26433164,"-22.9057","-43.2087"
129,129-RODOVIARIA X PRAIA DE BOTAFOGO (VIA TUNEL SANTA BARBARA) - CIRCULAR,Fetranspor,37,26433164,"-22.9058","-43.2087"
129,129-RODOVIARIA X PRAIA DE BOTAFOGO (VIA TUNEL SANTA BARBARA) - CIRCULAR,Fetranspor,38,26433164,"-22.9058","-43.2088"
129,129-RODOVIARIA X PRAIA DE BOTAFOGO (VIA TUNEL SANTA BARBARA) - CIRCULAR,Fetranspor,39,26433164,"-22.9058","-43.2088"
129,129-RODOVIARIA X PRAIA DE BOTAFOGO (VIA TUNEL SANTA BARBARA) - CIRCULAR,Fetranspor,40,26433164,"-22.9058","-43.2089"
129,129-RODOVIARIA X PRAIA DE BOTAFOGO (VIA TUNEL SANTA BARBARA) - CIRCULAR,Fetranspor,41,26433164,"-22.9058","-43.2091"
129,129-RODOVIARIA X PRAIA DE BOTAFOGO (VIA TUNEL SANTA BARBARA) - CIRCULAR,Fetranspor,42,26433164,"-22.9058","-43.2095"
129,129-RODOVIARIA X PRAIA DE BOTAFOGO (VIA TUNEL SANTA BARBARA) - CIRCULAR,Fetranspor,43,26433164,"-22.9058","-43.2095"
129,129-RODOVIARIA X PRAIA DE BOTAFOGO (VIA TUNEL SANTA BARBARA) - CIRCULAR,Fetranspor,44,26433164,"-22.905","-43.2095"
129,129-RODOVIARIA X PRAIA DE BOTAFOGO (VIA TUNEL SANTA BARBARA) - CIRCULAR,Fetranspor,45,26433164,"-22.905","-43.2095"
129,129-RODOVIARIA X PRAIA DE BOTAFOGO (VIA TUNEL SANTA BARBARA) - CIRCULAR,Fetranspor,46,26433164,"-22.9029","-43.2097"
129,129-RODOVIARIA X PRAIA DE BOTAFOGO (VIA TUNEL SANTA BARBARA) - CIRCULAR,Fetranspor,47,26433164,"-22.9029","-43.2097"
129,129-RODOVIARIA X PRAIA DE BOTAFOGO (VIA TUNEL SANTA BARBARA) - CIRCULAR,Fetranspor,48,26433164,"-22.9005","-43.2098"
129,129-RODOVIARIA X PRAIA DE BOTAFOGO (VIA TUNEL SANTA BARBARA) - CIRCULAR,Fetranspor,49,26433164,"-22.9005","-43.2098"
129,129-RODOVIARIA X PRAIA DE BOTAFOGO (VIA TUNEL SANTA BARBARA) - CIRCULAR,Fetranspor,50,26433164,"-22.9005","-43.2092"
129,129-RODOVIARIA X PRAIA DE BOTAFOGO (VIA TUNEL SANTA BARBARA) - CIRCULAR,Fetranspor,51,26433164,"-22.9005","-43.2092"
129,129-RODOVIARIA X PRAIA DE BOTAFOGO (VIA TUNEL SANTA BARBARA) - CIRCULAR,Fetranspor,52,26433164,"-22.9004","-43.2084"
129,129-RODOVIARIA X PRAIA DE BOTAFOGO (VIA TUNEL SANTA BARBARA) - CIRCULAR,Fetranspor,53,26433164,"-22.9004","-43.2084"
129,129-RODOVIARIA X PRAIA DE BOTAFOGO (VIA TUNEL SANTA BARBARA) - CIRCULAR,Fetranspor,54,26433164,"-22.9004","-43.2083"
129,129-RODOVIARIA X PRAIA DE BOTAFOGO (VIA TUNEL SANTA BARBARA) - CIRCULAR,Fetranspor,55,26433164,"-22.9004","-43.2083"
129,129-RODOVIARIA X PRAIA DE BOTAFOGO (VIA TUNEL SANTA BARBARA) - CIRCULAR,Fetranspor,56,26433164,"-22.9004","-43.2081"
129,129-RODOVIARIA X PRAIA DE BOTAFOGO (VIA TUNEL SANTA BARBARA) - CIRCULAR,Fetranspor,57,26433164,"-22.9004","-43.2081"
129,129-RODOVIARIA X PRAIA DE BOTAFOGO (VIA TUNEL SANTA BARBARA) - CIRCULAR,Fetranspor,58,26433164,"-22.9004","-43.2079"
129,129-RODOVIARIA X PRAIA DE BOTAFOGO (VIA TUNEL SANTA BARBARA) - CIRCULAR,Fetranspor,59,26433164,"-22.9004","-43.2079"
129,129-RODOVIARIA X PRAIA DE BOTAFOGO (VIA TUNEL SANTA BARBARA) - CIRCULAR,Fetranspor,60,26433164,"-22.9004","-43.2074"
129,129-RODOVIARIA X PRAIA DE BOTAFOGO (VIA TUNEL SANTA BARBARA) - CIRCULAR,Fetranspor,61,26433164,"-22.9004","-43.2074"
129,129-RODOVIARIA X PRAIA DE BOTAFOGO (VIA TUNEL SANTA BARBARA) - CIRCULAR,Fetranspor,62,26433164,"-22.9003","-43.2065"
129,129-RODOVIARIA X PRAIA DE BOTAFOGO (VIA TUNEL SANTA BARBARA) - CIRCULAR,Fetranspor,63,26433164,"-22.9003","-43.2065"
129,129-RODOVIARIA X PRAIA DE BOTAFOGO (VIA TUNEL SANTA BARBARA) - CIRCULAR,Fetranspor,64,26433164,"-22.9003","-43.2059"
129,129-RODOVIARIA X PRAIA DE BOTAFOGO (VIA TUNEL SANTA BARBARA) - CIRCULAR,Fetranspor,65,26433164,"-22.9002","-43.2051"
129,129-RODOVIARIA X PRAIA DE BOTAFOGO (VIA TUNEL SANTA BARBARA) - CIRCULAR,Fetranspor,66,26433164,"-22.9002","-43.2051"
129,129-RODOVIARIA X PRAIA DE BOTAFOGO (VIA TUNEL SANTA BARBARA) - CIRCULAR,Fetranspor,67,26433164,"-22.9003","-43.2049"
129,129-RODOVIARIA X PRAIA DE BOTAFOGO (VIA TUNEL SANTA BARBARA) - CIRCULAR,Fetranspor,68,26433164,"-22.9003","-43.2049"
129,129-RODOVIARIA X PRAIA DE BOTAFOGO (VIA TUNEL SANTA BARBARA) - CIRCULAR,Fetranspor,69,26433164,"-22.9003","-43.2045"
129,129-RODOVIARIA X PRAIA DE BOTAFOGO (VIA TUNEL SANTA BARBARA) - CIRCULAR,Fetranspor,70,26433164,"-22.9004","-43.2041"
129,129-RODOVIARIA X PRAIA DE BOTAFOGO (VIA TUNEL SANTA BARBARA) - CIRCULAR,Fetranspor,71,26433164,"-22.9004","-43.2041"
129,129-RODOVIARIA X PRAIA DE BOTAFOGO (VIA TUNEL SANTA BARBARA) - CIRCULAR,Fetranspor,72,26433164,"-22.9004","-43.2038"
129,129-RODOVIARIA X PRAIA DE BOTAFOGO (VIA TUNEL SANTA BARBARA) - CIRCULAR,Fetranspor,73,26433164,"-22.9004","-43.2034"
129,129-RODOVIARIA X PRAIA DE BOTAFOGO (VIA TUNEL SANTA BARBARA) - CIRCULAR,Fetranspor,74,26433164,"-22.9004","-43.2033"
129,129-RODOVIARIA X PRAIA DE BOTAFOGO (VIA TUNEL SANTA BARBARA) - CIRCULAR,Fetranspor,75,26433164,"-22.9003","-43.203"
129,129-RODOVIARIA X PRAIA DE BOTAFOGO (VIA TUNEL SANTA BARBARA) - CIRCULAR,Fetranspor,76,26433164,"-22.9003","-43.2029"
129,129-RODOVIARIA X PRAIA DE BOTAFOGO (VIA TUNEL SANTA BARBARA) - CIRCULAR,Fetranspor,77,26433164,"-22.9003","-43.2029"
129,129-RODOVIARIA X PRAIA DE BOTAFOGO (VIA TUNEL SANTA BARBARA) - CIRCULAR,Fetranspor,78,26433164,"-22.9","-43.2024"
129,129-RODOVIARIA X PRAIA DE BOTAFOGO (VIA TUNEL SANTA BARBARA) - CIRCULAR,Fetranspor,79,26433164,"-22.9","-43.2024"
129,129-RODOVIARIA X PRAIA DE BOTAFOGO (VIA TUNEL SANTA BARBARA) - CIRCULAR,Fetranspor,80,26433164,"-22.8998","-43.202"
129,129-RODOVIARIA X PRAIA DE BOTAFOGO (VIA TUNEL SANTA BARBARA) - CIRCULAR,Fetranspor,81,26433164,"-22.8998","-43.2019"
129,129-RODOVIARIA X PRAIA DE BOTAFOGO (VIA TUNEL SANTA BARBARA) - CIRCULAR,Fetranspor,82,26433164,"-22.8997","-43.2018"
129,129-RODOVIARIA X PRAIA DE BOTAFOGO (VIA TUNEL SANTA BARBARA) - CIRCULAR,Fetranspor,83,26433164,"-22.8996","-43.2018"
129,129-RODOVIARIA X PRAIA DE BOTAFOGO (VIA TUNEL SANTA BARBARA) - CIRCULAR,Fetranspor,84,26433164,"-22.8996","-43.2018"
129,129-RODOVIARIA X PRAIA DE BOTAFOGO (VIA TUNEL SANTA BARBARA) - CIRCULAR,Fetranspor,85,26433164,"-22.8996","-43.2017"
129,129-RODOVIARIA X PRAIA DE BOTAFOGO (VIA TUNEL SANTA BARBARA) - CIRCULAR,Fetranspor,86,26433164,"-22.8996","-43.2016"
129,129-RODOVIARIA X PRAIA DE BOTAFOGO (VIA TUNEL SANTA BARBARA) - CIRCULAR,Fetranspor,87,26433164,"-22.8996","-43.2016"
129,129-RODOVIARIA X PRAIA DE BOTAFOGO (VIA TUNEL SANTA BARBARA) - CIRCULAR,Fetranspor,88,26433164,"-22.8996","-43.2016"
129,129-RODOVIARIA X PRAIA DE BOTAFOGO (VIA TUNEL SANTA BARBARA) - CIRCULAR,Fetranspor,89,26433164,"-22.8996","-43.2015"
129,129-RODOVIARIA X PRAIA DE BOTAFOGO (VIA TUNEL SANTA BARBARA) - CIRCULAR,Fetranspor,90,26433164,"-22.8996","-43.2014"
129,129-RODOVIARIA X PRAIA DE BOTAFOGO (VIA TUNEL SANTA BARBARA) - CIRCULAR,Fetranspor,91,26433164,"-22.8997","-43.2014"
129,129-RODOVIARIA X PRAIA DE BOTAFOGO (VIA TUNEL SANTA BARBARA) - CIRCULAR,Fetranspor,92,26433164,"-22.9012","-43.2003"
129,129-RODOVIARIA X PRAIA DE BOTAFOGO (VIA TUNEL SANTA BARBARA) - CIRCULAR,Fetranspor,93,26433164,"-22.9012","-43.2003"
129,129-RODOVIARIA X PRAIA DE BOTAFOGO (VIA TUNEL SANTA BARBARA) - CIRCULAR,Fetranspor,94,26433164,"-22.9016","-43.2"
129,129-RODOVIARIA X PRAIA DE BOTAFOGO (VIA TUNEL SANTA BARBARA) - CIRCULAR,Fetranspor,95,26433164,"-22.9019","-43.1999"
129,129-RODOVIARIA X PRAIA DE BOTAFOGO (VIA TUNEL SANTA BARBARA) - CIRCULAR,Fetranspor,96,26433164,"-22.9023","-43.1997"
129,129-RODOVIARIA X PRAIA DE BOTAFOGO (VIA TUNEL SANTA BARBARA) - CIRCULAR,Fetranspor,97,26433164,"-22.9025","-43.1996"
129,129-RODOVIARIA X PRAIA DE BOTAFOGO (VIA TUNEL SANTA BARBARA) - CIRCULAR,Fetranspor,98,26433164,"-22.9026","-43.1996"
129,129-RODOVIARIA X PRAIA DE BOTAFOGO (VIA TUNEL SANTA BARBARA) - CIRCULAR,Fetranspor,99,26433164,"-22.9026","-43.1996"
129,129-RODOVIARIA X PRAIA DE BOTAFOGO (VIA TUNEL SANTA BARBARA) - CIRCULAR,Fetranspor,100,26433164,"-22.9027","-43.1995"
129,129-RODOVIARIA X PRAIA DE BOTAFOGO (VIA TUNEL SANTA BARBARA) - CIRCULAR,Fetranspor,101,26433164,"-22.9029","-43.1994"
129,129-RODOVIARIA X PRAIA DE BOTAFOGO (VIA TUNEL SANTA BARBARA) - CIRCULAR,Fetranspor,102,26433164,"-22.9029","-43.1994"
129,129-RODOVIARIA X PRAIA DE BOTAFOGO (VIA TUNEL SANTA BARBARA) - CIRCULAR,Fetranspor,103,26433164,"-22.9032","-43.1992"
129,129-RODOVIARIA X PRAIA DE BOTAFOGO (VIA TUNEL SANTA BARBARA) - CIRCULAR,Fetranspor,104,26433164,"-22.9033","-43.199"
129,129-RODOVIARIA X PRAIA DE BOTAFOGO (VIA TUNEL SANTA BARBARA) - CIRCULAR,Fetranspor,105,26433164,"-22.9035","-43.199"
129,129-RODOVIARIA X PRAIA DE BOTAFOGO (VIA TUNEL SANTA BARBARA) - CIRCULAR,Fetranspor,106,26433164,"-22.9036","-43.1989"
129,129-RODOVIARIA X PRAIA DE BOTAFOGO (VIA TUNEL SANTA BARBARA) - CIRCULAR,Fetranspor,107,26433164,"-22.9041","-43.1987"
129,129-RODOVIARIA X PRAIA DE BOTAFOGO (VIA TUNEL SANTA BARBARA) - CIRCULAR,Fetranspor,108,26433164,"-22.9058","-43.1981"
129,129-RODOVIARIA X PRAIA DE BOTAFOGO (VIA TUNEL SANTA BARBARA) - CIRCULAR,Fetranspor,109,26433164,"-22.9059","-43.198"
129,129-RODOVIARIA X PRAIA DE BOTAFOGO (VIA TUNEL SANTA BARBARA) - CIRCULAR,Fetranspor,110,26433164,"-22.9065","-43.1978"
129,129-RODOVIARIA X PRAIA DE BOTAFOGO (VIA TUNEL SANTA BARBARA) - CIRCULAR,Fetranspor,111,26433164,"-22.9065","-43.1978"
129,129-RODOVIARIA X PRAIA DE BOTAFOGO (VIA TUNEL SANTA BARBARA) - CIRCULAR,Fetranspor,112,26433164,"-22.9069","-43.1977"
129,129-RODOVIARIA X PRAIA DE BOTAFOGO (VIA TUNEL SANTA BARBARA) - CIRCULAR,Fetranspor,113,26433164,"-22.9069","-43.1976"
129,129-RODOVIARIA X PRAIA DE BOTAFOGO (VIA TUNEL SANTA BARBARA) - CIRCULAR,Fetranspor,114,26433164,"-22.907","-43.1976"
129,129-RODOVIARIA X PRAIA DE BOTAFOGO (VIA TUNEL SANTA BARBARA) - CIRCULAR,Fetranspor,115,26433164,"-22.9073","-43.1975"
129,129-RODOVIARIA X PRAIA DE BOTAFOGO (VIA TUNEL SANTA BARBARA) - CIRCULAR,Fetranspor,116,26433164,"-22.9075","-43.1974"
129,129-RODOVIARIA X PRAIA DE BOTAFOGO (VIA TUNEL SANTA BARBARA) - CIRCULAR,Fetranspor,117,26433164,"-22.9083","-43.1971"
129,129-RODOVIARIA X PRAIA DE BOTAFOGO (VIA TUNEL SANTA BARBARA) - CIRCULAR,Fetranspor,118,26433164,"-22.9084","-43.1971"
129,129-RODOVIARIA X PRAIA DE BOTAFOGO (VIA TUNEL SANTA BARBARA) - CIRCULAR,Fetranspor,119,26433164,"-22.9097","-43.1966"
129,129-RODOVIARIA X PRAIA DE BOTAFOGO (VIA TUNEL SANTA BARBARA) - CIRCULAR,Fetranspor,120,26433164,"-22.9097","-43.1966"
129,129-RODOVIARIA X PRAIA DE BOTAFOGO (VIA TUNEL SANTA BARBARA) - CIRCULAR,Fetranspor,121,26433164,"-22.9105","-43.1963"
129,129-RODOVIARIA X PRAIA DE BOTAFOGO (VIA TUNEL SANTA BARBARA) - CIRCULAR,Fetranspor,122,26433164,"-22.9105","-43.1963"
129,129-RODOVIARIA X PRAIA DE BOTAFOGO (VIA TUNEL SANTA BARBARA) - CIRCULAR,Fetranspor,123,26433164,"-22.9105","-43.1963"
129,129-RODOVIARIA X PRAIA DE BOTAFOGO (VIA TUNEL SANTA BARBARA) - CIRCULAR,Fetranspor,124,26433164,"-22.9106","-43.1963"
129,129-RODOVIARIA X PRAIA DE BOTAFOGO (VIA TUNEL SANTA BARBARA) - CIRCULAR,Fetranspor,125,26433164,"-22.9114","-43.1961"
129,129-RODOVIARIA X PRAIA DE BOTAFOGO (VIA TUNEL SANTA BARBARA) - CIRCULAR,Fetranspor,126,26433164,"-22.9114","-43.1961"
129,129-RODOVIARIA X PRAIA DE BOTAFOGO (VIA TUNEL SANTA BARBARA) - CIRCULAR,Fetranspor,127,26433164,"-22.9114","-43.1961"
129,129-RODOVIARIA X PRAIA DE BOTAFOGO (VIA TUNEL SANTA BARBARA) - CIRCULAR,Fetranspor,128,26433164,"-22.9116","-43.1962"
129,129-RODOVIARIA X PRAIA DE BOTAFOGO (VIA TUNEL SANTA BARBARA) - CIRCULAR,Fetranspor,129,26433164,"-22.9117","-43.1962"
129,129-RODOVIARIA X PRAIA DE BOTAFOGO (VIA TUNEL SANTA BARBARA) - CIRCULAR,Fetranspor,130,26433164,"-22.9117","-43.1963"
129,129-RODOVIARIA X PRAIA DE BOTAFOGO (VIA TUNEL SANTA BARBARA) - CIRCULAR,Fetranspor,131,26433164,"-22.9118","-43.1963"
129,129-RODOVIARIA X PRAIA DE BOTAFOGO (VIA TUNEL SANTA BARBARA) - CIRCULAR,Fetranspor,132,26433164,"-22.9118","-43.1963"
129,129-RODOVIARIA X PRAIA DE BOTAFOGO (VIA TUNEL SANTA BARBARA) - CIRCULAR,Fetranspor,133,26433164,"-22.9118","-43.1967"
129,129-RODOVIARIA X PRAIA DE BOTAFOGO (VIA TUNEL SANTA BARBARA) - CIRCULAR,Fetranspor,134,26433164,"-22.9118","-43.1967"
129,129-RODOVIARIA X PRAIA DE BOTAFOGO (VIA TUNEL SANTA BARBARA) - CIRCULAR,Fetranspor,135,26433164,"-22.9119","-43.197"
129,129-RODOVIARIA X PRAIA DE BOTAFOGO (VIA TUNEL SANTA BARBARA) - CIRCULAR,Fetranspor,136,26433164,"-22.9119","-43.197"
129,129-RODOVIARIA X PRAIA DE BOTAFOGO (VIA TUNEL SANTA BARBARA) - CIRCULAR,Fetranspor,137,26433164,"-22.912","-43.1975"
129,129-RODOVIARIA X PRAIA DE BOTAFOGO (VIA TUNEL SANTA BARBARA) - CIRCULAR,Fetranspor,138,26433164,"-22.912","-43.1975"
129,129-RODOVIARIA X PRAIA DE BOTAFOGO (VIA TUNEL SANTA BARBARA) - CIRCULAR,Fetranspor,139,26433164,"-22.9121","-43.1979"
129,129-RODOVIARIA X PRAIA DE BOTAFOGO (VIA TUNEL SANTA BARBARA) - CIRCULAR,Fetranspor,140,26433164,"-22.9121","-43.1979"
129,129-RODOVIARIA X PRAIA DE BOTAFOGO (VIA TUNEL SANTA BARBARA) - CIRCULAR,Fetranspor,141,26433164,"-22.9122","-43.1983"
129,129-RODOVIARIA X PRAIA DE BOTAFOGO (VIA TUNEL SANTA BARBARA) - CIRCULAR,Fetranspor,142,26433164,"-22.9122","-43.1983"
129,129-RODOVIARIA X PRAIA DE BOTAFOGO (VIA TUNEL SANTA BARBARA) - CIRCULAR,Fetranspor,143,26433164,"-22.9123","-43.1988"
129,129-RODOVIARIA X PRAIA DE BOTAFOGO (VIA TUNEL SANTA BARBARA) - CIRCULAR,Fetranspor,144,26433164,"-22.9123","-43.1988"
129,129-RODOVIARIA X PRAIA DE BOTAFOGO (VIA TUNEL SANTA BARBARA) - CIRCULAR,Fetranspor,145,26433164,"-22.9124","-43.1994"
129,129-RODOVIARIA X PRAIA DE BOTAFOGO (VIA TUNEL SANTA BARBARA) - CIRCULAR,Fetranspor,146,26433164,"-22.9124","-43.1994"
129,129-RODOVIARIA X PRAIA DE BOTAFOGO (VIA TUNEL SANTA BARBARA) - CIRCULAR,Fetranspor,147,26433164,"-22.9131","-43.1994"
129,129-RODOVIARIA X PRAIA DE BOTAFOGO (VIA TUNEL SANTA BARBARA) - CIRCULAR,Fetranspor,148,26433164,"-22.9131","-43.1994"
129,129-RODOVIARIA X PRAIA DE BOTAFOGO (VIA TUNEL SANTA BARBARA) - CIRCULAR,Fetranspor,149,26433164,"-22.9141","-43.1995"
129,129-RODOVIARIA X PRAIA DE BOTAFOGO (VIA TUNEL SANTA BARBARA) - CIRCULAR,Fetranspor,150,26433164,"-22.9141","-43.1994"
129,129-RODOVIARIA X PRAIA DE BOTAFOGO (VIA TUNEL SANTA BARBARA) - CIRCULAR,Fetranspor,151,26433164,"-22.9142","-43.1994"
129,129-RODOVIARIA X PRAIA DE BOTAFOGO (VIA TUNEL SANTA BARBARA) - CIRCULAR,Fetranspor,152,26433164,"-22.9142","-43.1994"
129,129-RODOVIARIA X PRAIA DE BOTAFOGO (VIA TUNEL SANTA BARBARA) - CIRCULAR,Fetranspor,153,26433164,"-22.9143","-43.1993"
129,129-RODOVIARIA X PRAIA DE BOTAFOGO (VIA TUNEL SANTA BARBARA) - CIRCULAR,Fetranspor,154,26433164,"-22.9143","-43.1993"
129,129-RODOVIARIA X PRAIA DE BOTAFOGO (VIA TUNEL SANTA BARBARA) - CIRCULAR,Fetranspor,155,26433164,"-22.9143","-43.1992"
129,129-RODOVIARIA X PRAIA DE BOTAFOGO (VIA TUNEL SANTA BARBARA) - CIRCULAR,Fetranspor,156,26433164,"-22.9143","-43.1992"
129,129-RODOVIARIA X PRAIA DE BOTAFOGO (VIA TUNEL SANTA BARBARA) - CIRCULAR,Fetranspor,157,26433164,"-22.9144","-43.1986"
129,129-RODOVIARIA X PRAIA DE BOTAFOGO (VIA TUNEL SANTA BARBARA) - CIRCULAR,Fetranspor,158,26433164,"-22.9144","-43.1986"
129,129-RODOVIARIA X PRAIA DE BOTAFOGO (VIA TUNEL SANTA BARBARA) - CIRCULAR,Fetranspor,159,26433164,"-22.9145","-43.1983"
129,129-RODOVIARIA X PRAIA DE BOTAFOGO (VIA TUNEL SANTA BARBARA) - CIRCULAR,Fetranspor,160,26433164,"-22.9144","-43.1981"
129,129-RODOVIARIA X PRAIA DE BOTAFOGO (VIA TUNEL SANTA BARBARA) - CIRCULAR,Fetranspor,161,26433164,"-22.9143","-43.1975"
129,129-RODOVIARIA X PRAIA DE BOTAFOGO (VIA TUNEL SANTA BARBARA) - CIRCULAR,Fetranspor,162,26433164,"-22.9143","-43.1971"
129,129-RODOVIARIA X PRAIA DE BOTAFOGO (VIA TUNEL SANTA BARBARA) - CIRCULAR,Fetranspor,163,26433164,"-22.9143","-43.1971"
129,129-RODOVIARIA X PRAIA DE BOTAFOGO (VIA TUNEL SANTA BARBARA) - CIRCULAR,Fetranspor,164,26433164,"-22.9142","-43.1967"
129,129-RODOVIARIA X PRAIA DE BOTAFOGO (VIA TUNEL SANTA BARBARA) - CIRCULAR,Fetranspor,165,26433164,"-22.9142","-43.1967"
129,129-RODOVIARIA X PRAIA DE BOTAFOGO (VIA TUNEL SANTA BARBARA) - CIRCULAR,Fetranspor,166,26433164,"-22.9141","-43.1961"
129,129-RODOVIARIA X PRAIA DE BOTAFOGO (VIA TUNEL SANTA BARBARA) - CIRCULAR,Fetranspor,167,26433164,"-22.9141","-43.1961"
129,129-RODOVIARIA X PRAIA DE BOTAFOGO (VIA TUNEL SANTA BARBARA) - CIRCULAR,Fetranspor,168,26433164,"-22.914","-43.1957"
129,129-RODOVIARIA X PRAIA DE BOTAFOGO (VIA TUNEL SANTA BARBARA) - CIRCULAR,Fetranspor,169,26433164,"-22.914","-43.1957"
129,129-RODOVIARIA X PRAIA DE BOTAFOGO (VIA TUNEL SANTA BARBARA) - CIRCULAR,Fetranspor,170,26433164,"-22.914","-43.1956"
129,129-RODOVIARIA X PRAIA DE BOTAFOGO (VIA TUNEL SANTA BARBARA) - CIRCULAR,Fetranspor,171,26433164,"-22.9141","-43.1954"
129,129-RODOVIARIA X PRAIA DE BOTAFOGO (VIA TUNEL SANTA BARBARA) - CIRCULAR,Fetranspor,172,26433164,"-22.9141","-43.1953"
129,129-RODOVIARIA X PRAIA DE BOTAFOGO (VIA TUNEL SANTA BARBARA) - CIRCULAR,Fetranspor,173,26433164,"-22.9141","-43.1952"
129,129-RODOVIARIA X PRAIA DE BOTAFOGO (VIA TUNEL SANTA BARBARA) - CIRCULAR,Fetranspor,174,26433164,"-22.9142","-43.1952"
129,129-RODOVIARIA X PRAIA DE BOTAFOGO (VIA TUNEL SANTA BARBARA) - CIRCULAR,Fetranspor,175,26433164,"-22.9142","-43.1952"
129,129-RODOVIARIA X PRAIA DE BOTAFOGO (VIA TUNEL SANTA BARBARA) - CIRCULAR,Fetranspor,176,26433164,"-22.9153","-43.1948"
129,129-RODOVIARIA X PRAIA DE BOTAFOGO (VIA TUNEL SANTA BARBARA) - CIRCULAR,Fetranspor,177,26433164,"-22.9153","-43.1948"
129,129-RODOVIARIA X PRAIA DE BOTAFOGO (VIA TUNEL SANTA BARBARA) - CIRCULAR,Fetranspor,178,26433164,"-22.9155","-43.1947"
129,129-RODOVIARIA X PRAIA DE BOTAFOGO (VIA TUNEL SANTA BARBARA) - CIRCULAR,Fetranspor,179,26433164,"-22.9158","-43.1946"
129,129-RODOVIARIA X PRAIA DE BOTAFOGO (VIA TUNEL SANTA BARBARA) - CIRCULAR,Fetranspor,180,26433164,"-22.916","-43.1945"
129,129-RODOVIARIA X PRAIA DE BOTAFOGO (VIA TUNEL SANTA BARBARA) - CIRCULAR,Fetranspor,181,26433164,"-22.9163","-43.1945"
129,129-RODOVIARIA X PRAIA DE BOTAFOGO (VIA TUNEL SANTA BARBARA) - CIRCULAR,Fetranspor,182,26433164,"-22.9165","-43.1944"
129,129-RODOVIARIA X PRAIA DE BOTAFOGO (VIA TUNEL SANTA BARBARA) - CIRCULAR,Fetranspor,183,26433164,"-22.9168","-43.1944"
129,129-RODOVIARIA X PRAIA DE BOTAFOGO (VIA TUNEL SANTA BARBARA) - CIRCULAR,Fetranspor,184,26433164,"-22.9168","-43.1944"
129,129-RODOVIARIA X PRAIA DE BOTAFOGO (VIA TUNEL SANTA BARBARA) - CIRCULAR,Fetranspor,185,26433164,"-22.9169","-43.1944"
129,129-RODOVIARIA X PRAIA DE BOTAFOGO (VIA TUNEL SANTA BARBARA) - CIRCULAR,Fetranspor,186,26433164,"-22.9169","-43.1944"
129,129-RODOVIARIA X PRAIA DE BOTAFOGO (VIA TUNEL SANTA BARBARA) - CIRCULAR,Fetranspor,187,26433164,"-22.9176","-43.1945"
129,129-RODOVIARIA X PRAIA DE BOTAFOGO (VIA TUNEL SANTA BARBARA) - CIRCULAR,Fetranspor,188,26433164,"-22.9179","-43.1946"
129,129-RODOVIARIA X PRAIA DE BOTAFOGO (VIA TUNEL SANTA BARBARA) - CIRCULAR,Fetranspor,189,26433164,"-22.9181","-43.1946"
129,129-RODOVIARIA X PRAIA DE BOTAFOGO (VIA TUNEL SANTA BARBARA) - CIRCULAR,Fetranspor,190,26433164,"-22.9185","-43.1946"
129,129-RODOVIARIA X PRAIA DE BOTAFOGO (VIA TUNEL SANTA BARBARA) - CIRCULAR,Fetranspor,191,26433164,"-22.9188","-43.1946"
129,129-RODOVIARIA X PRAIA DE BOTAFOGO (VIA TUNEL SANTA BARBARA) - CIRCULAR,Fetranspor,192,26433164,"-22.9188","-43.1946"
129,129-RODOVIARIA X PRAIA DE BOTAFOGO (VIA TUNEL SANTA BARBARA) - CIRCULAR,Fetranspor,193,26433164,"-22.919","-43.1945"
129,129-RODOVIARIA X PRAIA DE BOTAFOGO (VIA TUNEL SANTA BARBARA) - CIRCULAR,Fetranspor,194,26433164,"-22.9194","-43.1945"
129,129-RODOVIARIA X PRAIA DE BOTAFOGO (VIA TUNEL SANTA BARBARA) - CIRCULAR,Fetranspor,195,26433164,"-22.9196","-43.1944"
129,129-RODOVIARIA X PRAIA DE BOTAFOGO (VIA TUNEL SANTA BARBARA) - CIRCULAR,Fetranspor,196,26433164,"-22.9199","-43.1943"
129,129-RODOVIARIA X PRAIA DE BOTAFOGO (VIA TUNEL SANTA BARBARA) - CIRCULAR,Fetranspor,197,26433164,"-22.9199","-43.1943"
129,129-RODOVIARIA X PRAIA DE BOTAFOGO (VIA TUNEL SANTA BARBARA) - CIRCULAR,Fetranspor,198,26433164,"-22.92","-43.1942"
129,129-RODOVIARIA X PRAIA DE BOTAFOGO (VIA TUNEL SANTA BARBARA) - CIRCULAR,Fetranspor,199,26433164,"-22.9203","-43.194"
129,129-RODOVIARIA X PRAIA DE BOTAFOGO (VIA TUNEL SANTA BARBARA) - CIRCULAR,Fetranspor,200,26433164,"-22.9205","-43.1939"
129,129-RODOVIARIA X PRAIA DE BOTAFOGO (VIA TUNEL SANTA BARBARA) - CIRCULAR,Fetranspor,201,26433164,"-22.9205","-43.1939"
129,129-RODOVIARIA X PRAIA DE BOTAFOGO (VIA TUNEL SANTA BARBARA) - CIRCULAR,Fetranspor,202,26433164,"-22.9205","-43.1939"
129,129-RODOVIARIA X PRAIA DE BOTAFOGO (VIA TUNEL SANTA BARBARA) - CIRCULAR,Fetranspor,203,26433164,"-22.9207","-43.1938"
129,129-RODOVIARIA X PRAIA DE BOTAFOGO (VIA TUNEL SANTA BARBARA) - CIRCULAR,Fetranspor,204,26433164,"-22.9209","-43.1936"
129,129-RODOVIARIA X PRAIA DE BOTAFOGO (VIA TUNEL SANTA BARBARA) - CIRCULAR,Fetranspor,205,26433164,"-22.9211","-43.1934"
129,129-RODOVIARIA X PRAIA DE BOTAFOGO (VIA TUNEL SANTA BARBARA) - CIRCULAR,Fetranspor,206,26433164,"-22.9214","-43.1933"
129,129-RODOVIARIA X PRAIA DE BOTAFOGO (VIA TUNEL SANTA BARBARA) - CIRCULAR,Fetranspor,207,26433164,"-22.9216","-43.1932"
129,129-RODOVIARIA X PRAIA DE BOTAFOGO (VIA TUNEL SANTA BARBARA) - CIRCULAR,Fetranspor,208,26433164,"-22.9221","-43.1929"
129,129-RODOVIARIA X PRAIA DE BOTAFOGO (VIA TUNEL SANTA BARBARA) - CIRCULAR,Fetranspor,209,26433164,"-22.9232","-43.1919"
129,129-RODOVIARIA X PRAIA DE BOTAFOGO (VIA TUNEL SANTA BARBARA) - CIRCULAR,Fetranspor,210,26433164,"-22.9237","-43.1915"
129,129-RODOVIARIA X PRAIA DE BOTAFOGO (VIA TUNEL SANTA BARBARA) - CIRCULAR,Fetranspor,211,26433164,"-22.9243","-43.1911"
129,129-RODOVIARIA X PRAIA DE BOTAFOGO (VIA TUNEL SANTA BARBARA) - CIRCULAR,Fetranspor,212,26433164,"-22.9248","-43.1907"
129,129-RODOVIARIA X PRAIA DE BOTAFOGO (VIA TUNEL SANTA BARBARA) - CIRCULAR,Fetranspor,213,26433164,"-22.9254","-43.1902"
129,129-RODOVIARIA X PRAIA DE BOTAFOGO (VIA TUNEL SANTA BARBARA) - CIRCULAR,Fetranspor,214,26433164,"-22.9256","-43.1901"
129,129-RODOVIARIA X PRAIA DE BOTAFOGO (VIA TUNEL SANTA BARBARA) - CIRCULAR,Fetranspor,215,26433164,"-22.9297","-43.1869"
129,129-RODOVIARIA X PRAIA DE BOTAFOGO (VIA TUNEL SANTA BARBARA) - CIRCULAR,Fetranspor,216,26433164,"-22.9306","-43.1863"
129,129-RODOVIARIA X PRAIA DE BOTAFOGO (VIA TUNEL SANTA BARBARA) - CIRCULAR,Fetranspor,217,26433164,"-22.9306","-43.1863"
129,129-RODOVIARIA X PRAIA DE BOTAFOGO (VIA TUNEL SANTA BARBARA) - CIRCULAR,Fetranspor,218,26433164,"-22.9308","-43.1861"
129,129-RODOVIARIA X PRAIA DE BOTAFOGO (VIA TUNEL SANTA BARBARA) - CIRCULAR,Fetranspor,219,26433164,"-22.9309","-43.186"
129,129-RODOVIARIA X PRAIA DE BOTAFOGO (VIA TUNEL SANTA BARBARA) - CIRCULAR,Fetranspor,220,26433164,"-22.9313","-43.1857"
129,129-RODOVIARIA X PRAIA DE BOTAFOGO (VIA TUNEL SANTA BARBARA) - CIRCULAR,Fetranspor,221,26433164,"-22.9313","-43.1857"
129,129-RODOVIARIA X PRAIA DE BOTAFOGO (VIA TUNEL SANTA BARBARA) - CIRCULAR,Fetranspor,222,26433164,"-22.9315","-43.1856"
129,129-RODOVIARIA X PRAIA DE BOTAFOGO (VIA TUNEL SANTA BARBARA) - CIRCULAR,Fetranspor,223,26433164,"-22.9328","-43.1849"
129,129-RODOVIARIA X PRAIA DE BOTAFOGO (VIA TUNEL SANTA BARBARA) - CIRCULAR,Fetranspor,224,26433164,"-22.933","-43.1848"
129,129-RODOVIARIA X PRAIA DE BOTAFOGO (VIA TUNEL SANTA BARBARA) - CIRCULAR,Fetranspor,225,26433164,"-22.9333","-43.1847"
129,129-RODOVIARIA X PRAIA DE BOTAFOGO (VIA TUNEL SANTA BARBARA) - CIRCULAR,Fetranspor,226,26433164,"-22.9334","-43.1847"
129,129-RODOVIARIA X PRAIA DE BOTAFOGO (VIA TUNEL SANTA BARBARA) - CIRCULAR,Fetranspor,227,26433164,"-22.9344","-43.1844"
129,129-RODOVIARIA X PRAIA DE BOTAFOGO (VIA TUNEL SANTA BARBARA) - CIRCULAR,Fetranspor,228,26433164,"-22.9344","-43.1844"
129,129-RODOVIARIA X PRAIA DE BOTAFOGO (VIA TUNEL SANTA BARBARA) - CIRCULAR,Fetranspor,229,26433164,"-22.9348","-43.1843"
129,129-RODOVIARIA X PRAIA DE BOTAFOGO (VIA TUNEL SANTA BARBARA) - CIRCULAR,Fetranspor,230,26433164,"-22.9349","-43.1844"
129,129-RODOVIARIA X PRAIA DE BOTAFOGO (VIA TUNEL SANTA BARBARA) - CIRCULAR,Fetranspor,231,26433164,"-22.9349","-43.1844"
129,129-RODOVIARIA X PRAIA DE BOTAFOGO (VIA TUNEL SANTA BARBARA) - CIRCULAR,Fetranspor,232,26433164,"-22.9352","-43.1842"
129,129-RODOVIARIA X PRAIA DE BOTAFOGO (VIA TUNEL SANTA BARBARA) - CIRCULAR,Fetranspor,233,26433164,"-22.9355","-43.1841"
129,129-RODOVIARIA X PRAIA DE BOTAFOGO (VIA TUNEL SANTA BARBARA) - CIRCULAR,Fetranspor,234,26433164,"-22.9356","-43.1841"
129,129-RODOVIARIA X PRAIA DE BOTAFOGO (VIA TUNEL SANTA BARBARA) - CIRCULAR,Fetranspor,235,26433164,"-22.9358","-43.184"
129,129-RODOVIARIA X PRAIA DE BOTAFOGO (VIA TUNEL SANTA BARBARA) - CIRCULAR,Fetranspor,236,26433164,"-22.9358","-43.184"
129,129-RODOVIARIA X PRAIA DE BOTAFOGO (VIA TUNEL SANTA BARBARA) - CIRCULAR,Fetranspor,237,26433164,"-22.937","-43.1837"
129,129-RODOVIARIA X PRAIA DE BOTAFOGO (VIA TUNEL SANTA BARBARA) - CIRCULAR,Fetranspor,238,26433164,"-22.9396","-43.1831"
129,129-RODOVIARIA X PRAIA DE BOTAFOGO (VIA TUNEL SANTA BARBARA) - CIRCULAR,Fetranspor,239,26433164,"-22.9405","-43.1828"
129,129-RODOVIARIA X PRAIA DE BOTAFOGO (VIA TUNEL SANTA BARBARA) - CIRCULAR,Fetranspor,240,26433164,"-22.9405","-43.1828"
129,129-RODOVIARIA X PRAIA DE BOTAFOGO (VIA TUNEL SANTA BARBARA) - CIRCULAR,Fetranspor,241,26433164,"-22.9407","-43.1828"
129,129-RODOVIARIA X PRAIA DE BOTAFOGO (VIA TUNEL SANTA BARBARA) - CIRCULAR,Fetranspor,242,26433164,"-22.9411","-43.1826"
129,129-RODOVIARIA X PRAIA DE BOTAFOGO (VIA TUNEL SANTA BARBARA) - CIRCULAR,Fetranspor,243,26433164,"-22.9411","-43.1826"
129,129-RODOVIARIA X PRAIA DE BOTAFOGO (VIA TUNEL SANTA BARBARA) - CIRCULAR,Fetranspor,244,26433164,"-22.9417","-43.1823"
129,129-RODOVIARIA X PRAIA DE BOTAFOGO (VIA TUNEL SANTA BARBARA) - CIRCULAR,Fetranspor,245,26433164,"-22.9418","-43.1823"
129,129-RODOVIARIA X PRAIA DE BOTAFOGO (VIA TUNEL SANTA BARBARA) - CIRCULAR,Fetranspor,246,26433164,"-22.9418","-43.1823"
129,129-RODOVIARIA X PRAIA DE BOTAFOGO (VIA TUNEL SANTA BARBARA) - CIRCULAR,Fetranspor,247,26433164,"-22.9419","-43.1823"
129,129-RODOVIARIA X PRAIA DE BOTAFOGO (VIA TUNEL SANTA BARBARA) - CIRCULAR,Fetranspor,248,26433164,"-22.942","-43.1824"
129,129-RODOVIARIA X PRAIA DE BOTAFOGO (VIA TUNEL SANTA BARBARA) - CIRCULAR,Fetranspor,249,26433164,"-22.9421","-43.1824"
129,129-RODOVIARIA X PRAIA DE BOTAFOGO (VIA TUNEL SANTA BARBARA) - CIRCULAR,Fetranspor,250,26433164,"-22.9422","-43.1825"
129,129-RODOVIARIA X PRAIA DE BOTAFOGO (VIA TUNEL SANTA BARBARA) - CIRCULAR,Fetranspor,251,26433164,"-22.9422","-43.1826"
129,129-RODOVIARIA X PRAIA DE BOTAFOGO (VIA TUNEL SANTA BARBARA) - CIRCULAR,Fetranspor,252,26433164,"-22.9423","-43.1826"
129,129-RODOVIARIA X PRAIA DE BOTAFOGO (VIA TUNEL SANTA BARBARA) - CIRCULAR,Fetranspor,253,26433164,"-22.9423","-43.1826"
129,129-RODOVIARIA X PRAIA DE BOTAFOGO (VIA TUNEL SANTA BARBARA) - CIRCULAR,Fetranspor,254,26433164,"-22.9423","-43.1827"
129,129-RODOVIARIA X PRAIA DE BOTAFOGO (VIA TUNEL SANTA BARBARA) - CIRCULAR,Fetranspor,255,26433164,"-22.9426","-43.183"
129,129-RODOVIARIA X PRAIA DE BOTAFOGO (VIA TUNEL SANTA BARBARA) - CIRCULAR,Fetranspor,256,26433164,"-22.9429","-43.1832"
129,129-RODOVIARIA X PRAIA DE BOTAFOGO (VIA TUNEL SANTA BARBARA) - CIRCULAR,Fetranspor,257,26433164,"-22.943","-43.1833"
129,129-RODOVIARIA X PRAIA DE BOTAFOGO (VIA TUNEL SANTA BARBARA) - CIRCULAR,Fetranspor,258,26433164,"-22.9433","-43.1835"
129,129-RODOVIARIA X PRAIA DE BOTAFOGO (VIA TUNEL SANTA BARBARA) - CIRCULAR,Fetranspor,259,26433164,"-22.9436","-43.1837"
129,129-RODOVIARIA X PRAIA DE BOTAFOGO (VIA TUNEL SANTA BARBARA) - CIRCULAR,Fetranspor,260,26433164,"-22.9438","-43.1837"
129,129-RODOVIARIA X PRAIA DE BOTAFOGO (VIA TUNEL SANTA BARBARA) - CIRCULAR,Fetranspor,261,26433164,"-22.9438","-43.1837"
129,129-RODOVIARIA X PRAIA DE BOTAFOGO (VIA TUNEL SANTA BARBARA) - CIRCULAR,Fetranspor,262,26433164,"-22.9441","-43.1838"
129,129-RODOVIARIA X PRAIA DE BOTAFOGO (VIA TUNEL SANTA BARBARA) - CIRCULAR,Fetranspor,263,26433164,"-22.9444","-43.1839"
129,129-RODOVIARIA X PRAIA DE BOTAFOGO (VIA TUNEL SANTA BARBARA) - CIRCULAR,Fetranspor,264,26433164,"-22.9447","-43.1839"
129,129-RODOVIARIA X PRAIA DE BOTAFOGO (VIA TUNEL SANTA BARBARA) - CIRCULAR,Fetranspor,265,26433164,"-22.9447","-43.1839"
129,129-RODOVIARIA X PRAIA DE BOTAFOGO (VIA TUNEL SANTA BARBARA) - CIRCULAR,Fetranspor,266,26433164,"-22.9449","-43.184"
129,129-RODOVIARIA X PRAIA DE BOTAFOGO (VIA TUNEL SANTA BARBARA) - CIRCULAR,Fetranspor,267,26433164,"-22.9457","-43.1842"
129,129-RODOVIARIA X PRAIA DE BOTAFOGO (VIA TUNEL SANTA BARBARA) - CIRCULAR,Fetranspor,268,26433164,"-22.946","-43.1842"
