linha,descricao,agencia,sequencia,shape_id,latitude,longitude
133,133-LARGO DO MACHADO X RODOVIARIA NOVO RIO (VIA ESTACIO),Fetranspor,0,17355617,"-22.9004","-43.2081"
133,133-LARGO DO MACHADO X RODOVIARIA NOVO RIO (VIA ESTACIO),Fetranspor,1,17355617,"-22.9024","-43.208"
133,133-LARGO DO MACHADO X RODOVIARIA NOVO RIO (VIA ESTACIO),Fetranspor,2,17355617,"-22.9024","-43.208"
133,133-LARGO DO MACHADO X RODOVIARIA NOVO RIO (VIA ESTACIO),Fetranspor,3,17355617,"-22.9025","-43.208"
133,133-LARGO DO MACHADO X RODOVIARIA NOVO RIO (VIA ESTACIO),Fetranspor,4,17355617,"-22.9025","-43.2081"
133,133-LARGO DO MACHADO X RODOVIARIA NOVO RIO (VIA ESTACIO),Fetranspor,5,17355617,"-22.9025","-43.2081"
133,133-LARGO DO MACHADO X RODOVIARIA NOVO RIO (VIA ESTACIO),Fetranspor,6,17355617,"-22.9026","-43.2082"
133,133-LARGO DO MACHADO X RODOVIARIA NOVO RIO (VIA ESTACIO),Fetranspor,7,17355617,"-22.9026","-43.2082"
133,133-LARGO DO MACHADO X RODOVIARIA NOVO RIO (VIA ESTACIO),Fetranspor,8,17355617,"-22.9026","-43.2082"
133,133-LARGO DO MACHADO X RODOVIARIA NOVO RIO (VIA ESTACIO),Fetranspor,9,17355617,"-22.9026","-43.2083"
133,133-LARGO DO MACHADO X RODOVIARIA NOVO RIO (VIA ESTACIO),Fetranspor,10,17355617,"-22.9027","-43.2083"
133,133-LARGO DO MACHADO X RODOVIARIA NOVO RIO (VIA ESTACIO),Fetranspor,11,17355617,"-22.9027","-43.2083"
133,133-LARGO DO MACHADO X RODOVIARIA NOVO RIO (VIA ESTACIO),Fetranspor,12,17355617,"-22.9028","-43.2083"
133,133-LARGO DO MACHADO X RODOVIARIA NOVO RIO (VIA ESTACIO),Fetranspor,13,17355617,"-22.9032","-43.2083"
133,133-LARGO DO MACHADO X RODOVIARIA NOVO RIO (VIA ESTACIO),Fetranspor,14,17355617,"-22.904","-43.2082"
133,133-LARGO DO MACHADO X RODOVIARIA NOVO RIO (VIA ESTACIO),Fetranspor,15,17355617,"-22.9043","-43.2082"
133,133-LARGO DO MACHADO X RODOVIARIA NOVO RIO (VIA ESTACIO),Fetranspor,16,17355617,"-22.9043","-43.2082"
133,133-LARGO DO MACHADO X RODOVIARIA NOVO RIO (VIA ESTACIO),Fetranspor,17,17355617,"-22.9044","-43.2082"
133,133-LARGO DO MACHADO X RODOVIARIA NOVO RIO (VIA ESTACIO),Fetranspor,18,17355617,"-22.9045","-43.2082"
133,133-LARGO DO MACHADO X RODOVIARIA NOVO RIO (VIA ESTACIO),Fetranspor,19,17355617,"-22.9049","-43.2082"
133,133-LARGO DO MACHADO X RODOVIARIA NOVO RIO (VIA ESTACIO),Fetranspor,20,17355617,"-22.905","-43.2082"
133,133-LARGO DO MACHADO X RODOVIARIA NOVO RIO (VIA ESTACIO),Fetranspor,21,17355617,"-22.905","-43.2082"
133,133-LARGO DO MACHADO X RODOVIARIA NOVO RIO (VIA ESTACIO),Fetranspor,22,17355617,"-22.9051","-43.2081"
133,133-LARGO DO MACHADO X RODOVIARIA NOVO RIO (VIA ESTACIO),Fetranspor,23,17355617,"-22.9051","-43.2081"
133,133-LARGO DO MACHADO X RODOVIARIA NOVO RIO (VIA ESTACIO),Fetranspor,24,17355617,"-22.9052","-43.2082"
133,133-LARGO DO MACHADO X RODOVIARIA NOVO RIO (VIA ESTACIO),Fetranspor,25,17355617,"-22.9053","-43.2082"
133,133-LARGO DO MACHADO X RODOVIARIA NOVO RIO (VIA ESTACIO),Fetranspor,26,17355617,"-22.9059","-43.2086"
133,133-LARGO DO MACHADO X RODOVIARIA NOVO RIO (VIA ESTACIO),Fetranspor,27,17355617,"-22.9061","-43.2089"
133,133-LARGO DO MACHADO X RODOVIARIA NOVO RIO (VIA ESTACIO),Fetranspor,28,17355617,"-22.9062","-43.209"
133,133-LARGO DO MACHADO X RODOVIARIA NOVO RIO (VIA ESTACIO),Fetranspor,29,17355617,"-22.9063","-43.2091"
133,133-LARGO DO MACHADO X RODOVIARIA NOVO RIO (VIA ESTACIO),Fetranspor,30,17355617,"-22.9063","-43.2093"
133,133-LARGO DO MACHADO X RODOVIARIA NOVO RIO (VIA ESTACIO),Fetranspor,31,17355617,"-22.9064","-43.2094"
133,133-LARGO DO MACHADO X RODOVIARIA NOVO RIO (VIA ESTACIO),Fetranspor,32,17355617,"-22.9064","-43.2095"
133,133-LARGO DO MACHADO X RODOVIARIA NOVO RIO (VIA ESTACIO),Fetranspor,33,17355617,"-22.9064","-43.2096"
133,133-LARGO DO MACHADO X RODOVIARIA NOVO RIO (VIA ESTACIO),Fetranspor,34,17355617,"-22.9065","-43.2099"
133,133-LARGO DO MACHADO X RODOVIARIA NOVO RIO (VIA ESTACIO),Fetranspor,35,17355617,"-22.9065","-43.21"
133,133-LARGO DO MACHADO X RODOVIARIA NOVO RIO (VIA ESTACIO),Fetranspor,36,17355617,"-22.9065","-43.2102"
133,133-LARGO DO MACHADO X RODOVIARIA NOVO RIO (VIA ESTACIO),Fetranspor,37,17355617,"-22.9065","-43.2103"
133,133-LARGO DO MACHADO X RODOVIARIA NOVO RIO (VIA ESTACIO),Fetranspor,38,17355617,"-22.9067","-43.2115"
133,133-LARGO DO MACHADO X RODOVIARIA NOVO RIO (VIA ESTACIO),Fetranspor,39,17355617,"-22.9067","-43.2121"
133,133-LARGO DO MACHADO X RODOVIARIA NOVO RIO (VIA ESTACIO),Fetranspor,40,17355617,"-22.9067","-43.2121"
133,133-LARGO DO MACHADO X RODOVIARIA NOVO RIO (VIA ESTACIO),Fetranspor,41,17355617,"-22.9067","-43.2128"
133,133-LARGO DO MACHADO X RODOVIARIA NOVO RIO (VIA ESTACIO),Fetranspor,42,17355617,"-22.9068","-43.2133"
133,133-LARGO DO MACHADO X RODOVIARIA NOVO RIO (VIA ESTACIO),Fetranspor,43,17355617,"-22.9068","-43.2133"
133,133-LARGO DO MACHADO X RODOVIARIA NOVO RIO (VIA ESTACIO),Fetranspor,44,17355617,"-22.9067","-43.2134"
133,133-LARGO DO MACHADO X RODOVIARIA NOVO RIO (VIA ESTACIO),Fetranspor,45,17355617,"-22.9067","-43.2135"
133,133-LARGO DO MACHADO X RODOVIARIA NOVO RIO (VIA ESTACIO),Fetranspor,46,17355617,"-22.9066","-43.2136"
133,133-LARGO DO MACHADO X RODOVIARIA NOVO RIO (VIA ESTACIO),Fetranspor,47,17355617,"-22.9065","-43.2137"
133,133-LARGO DO MACHADO X RODOVIARIA NOVO RIO (VIA ESTACIO),Fetranspor,48,17355617,"-22.9064","-43.2137"
133,133-LARGO DO MACHADO X RODOVIARIA NOVO RIO (VIA ESTACIO),Fetranspor,49,17355617,"-22.9058","-43.214"
133,133-LARGO DO MACHADO X RODOVIARIA NOVO RIO (VIA ESTACIO),Fetranspor,50,17355617,"-22.9058","-43.214"
133,133-LARGO DO MACHADO X RODOVIARIA NOVO RIO (VIA ESTACIO),Fetranspor,51,17355617,"-22.9055","-43.2141"
133,133-LARGO DO MACHADO X RODOVIARIA NOVO RIO (VIA ESTACIO),Fetranspor,52,17355617,"-22.9055","-43.2141"
133,133-LARGO DO MACHADO X RODOVIARIA NOVO RIO (VIA ESTACIO),Fetranspor,53,17355617,"-22.9051","-43.2144"
133,133-LARGO DO MACHADO X RODOVIARIA NOVO RIO (VIA ESTACIO),Fetranspor,54,17355617,"-22.9036","-43.2153"
133,133-LARGO DO MACHADO X RODOVIARIA NOVO RIO (VIA ESTACIO),Fetranspor,55,17355617,"-22.9036","-43.2153"
133,133-LARGO DO MACHADO X RODOVIARIA NOVO RIO (VIA ESTACIO),Fetranspor,56,17355617,"-22.9036","-43.2153"
133,133-LARGO DO MACHADO X RODOVIARIA NOVO RIO (VIA ESTACIO),Fetranspor,57,17355617,"-22.9034","-43.2147"
133,133-LARGO DO MACHADO X RODOVIARIA NOVO RIO (VIA ESTACIO),Fetranspor,58,17355617,"-22.9034","-43.2147"
133,133-LARGO DO MACHADO X RODOVIARIA NOVO RIO (VIA ESTACIO),Fetranspor,59,17355617,"-22.9031","-43.214"
133,133-LARGO DO MACHADO X RODOVIARIA NOVO RIO (VIA ESTACIO),Fetranspor,60,17355617,"-22.9031","-43.214"
133,133-LARGO DO MACHADO X RODOVIARIA NOVO RIO (VIA ESTACIO),Fetranspor,61,17355617,"-22.903","-43.2136"
133,133-LARGO DO MACHADO X RODOVIARIA NOVO RIO (VIA ESTACIO),Fetranspor,62,17355617,"-22.903","-43.2136"
133,133-LARGO DO MACHADO X RODOVIARIA NOVO RIO (VIA ESTACIO),Fetranspor,63,17355617,"-22.903","-43.2136"
133,133-LARGO DO MACHADO X RODOVIARIA NOVO RIO (VIA ESTACIO),Fetranspor,64,17355617,"-22.9026","-43.2127"
133,133-LARGO DO MACHADO X RODOVIARIA NOVO RIO (VIA ESTACIO),Fetranspor,65,17355617,"-22.9026","-43.2127"
133,133-LARGO DO MACHADO X RODOVIARIA NOVO RIO (VIA ESTACIO),Fetranspor,66,17355617,"-22.9022","-43.2116"
133,133-LARGO DO MACHADO X RODOVIARIA NOVO RIO (VIA ESTACIO),Fetranspor,67,17355617,"-22.9021","-43.2113"
133,133-LARGO DO MACHADO X RODOVIARIA NOVO RIO (VIA ESTACIO),Fetranspor,68,17355617,"-22.9021","-43.2113"
133,133-LARGO DO MACHADO X RODOVIARIA NOVO RIO (VIA ESTACIO),Fetranspor,69,17355617,"-22.902","-43.2111"
133,133-LARGO DO MACHADO X RODOVIARIA NOVO RIO (VIA ESTACIO),Fetranspor,70,17355617,"-22.9018","-43.2106"
133,133-LARGO DO MACHADO X RODOVIARIA NOVO RIO (VIA ESTACIO),Fetranspor,71,17355617,"-22.9018","-43.2106"
133,133-LARGO DO MACHADO X RODOVIARIA NOVO RIO (VIA ESTACIO),Fetranspor,72,17355617,"-22.9018","-43.2105"
133,133-LARGO DO MACHADO X RODOVIARIA NOVO RIO (VIA ESTACIO),Fetranspor,73,17355617,"-22.9018","-43.2105"
133,133-LARGO DO MACHADO X RODOVIARIA NOVO RIO (VIA ESTACIO),Fetranspor,74,17355617,"-22.9018","-43.2105"
133,133-LARGO DO MACHADO X RODOVIARIA NOVO RIO (VIA ESTACIO),Fetranspor,75,17355617,"-22.9022","-43.2104"
133,133-LARGO DO MACHADO X RODOVIARIA NOVO RIO (VIA ESTACIO),Fetranspor,76,17355617,"-22.9025","-43.2104"
133,133-LARGO DO MACHADO X RODOVIARIA NOVO RIO (VIA ESTACIO),Fetranspor,77,17355617,"-22.9033","-43.2104"
133,133-LARGO DO MACHADO X RODOVIARIA NOVO RIO (VIA ESTACIO),Fetranspor,78,17355617,"-22.9038","-43.2104"
133,133-LARGO DO MACHADO X RODOVIARIA NOVO RIO (VIA ESTACIO),Fetranspor,79,17355617,"-22.9038","-43.2104"
133,133-LARGO DO MACHADO X RODOVIARIA NOVO RIO (VIA ESTACIO),Fetranspor,80,17355617,"-22.9039","-43.2103"
133,133-LARGO DO MACHADO X RODOVIARIA NOVO RIO (VIA ESTACIO),Fetranspor,81,17355617,"-22.9039","-43.2103"
133,133-LARGO DO MACHADO X RODOVIARIA NOVO RIO (VIA ESTACIO),Fetranspor,82,17355617,"-22.9048","-43.2103"
133,133-LARGO DO MACHADO X RODOVIARIA NOVO RIO (VIA ESTACIO),Fetranspor,83,17355617,"-22.9048","-43.2103"
133,133-LARGO DO MACHADO X RODOVIARIA NOVO RIO (VIA ESTACIO),Fetranspor,84,17355617,"-22.9054","-43.2102"
133,133-LARGO DO MACHADO X RODOVIARIA NOVO RIO (VIA ESTACIO),Fetranspor,85,17355617,"-22.9058","-43.2101"
133,133-LARGO DO MACHADO X RODOVIARIA NOVO RIO (VIA ESTACIO),Fetranspor,86,17355617,"-22.9059","-43.21"
133,133-LARGO DO MACHADO X RODOVIARIA NOVO RIO (VIA ESTACIO),Fetranspor,87,17355617,"-22.9059","-43.21"
133,133-LARGO DO MACHADO X RODOVIARIA NOVO RIO (VIA ESTACIO),Fetranspor,88,17355617,"-22.9065","-43.21"
133,133-LARGO DO MACHADO X RODOVIARIA NOVO RIO (VIA ESTACIO),Fetranspor,89,17355617,"-22.9065","-43.21"
133,133-LARGO DO MACHADO X RODOVIARIA NOVO RIO (VIA ESTACIO),Fetranspor,90,17355617,"-22.9065","-43.21"
133,133-LARGO DO MACHADO X RODOVIARIA NOVO RIO (VIA ESTACIO),Fetranspor,91,17355617,"-22.9068","-43.21"
133,133-LARGO DO MACHADO X RODOVIARIA NOVO RIO (VIA ESTACIO),Fetranspor,92,17355617,"-22.9068","-43.21"
133,133-LARGO DO MACHADO X RODOVIARIA NOVO RIO (VIA ESTACIO),Fetranspor,93,17355617,"-22.907","-43.21"
133,133-LARGO DO MACHADO X RODOVIARIA NOVO RIO (VIA ESTACIO),Fetranspor,94,17355617,"-22.907","-43.21"
133,133-LARGO DO MACHADO X RODOVIARIA NOVO RIO (VIA ESTACIO),Fetranspor,95,17355617,"-22.9084","-43.2099"
133,133-LARGO DO MACHADO X RODOVIARIA NOVO RIO (VIA ESTACIO),Fetranspor,96,17355617,"-22.9092","-43.2099"
133,133-LARGO DO MACHADO X RODOVIARIA NOVO RIO (VIA ESTACIO),Fetranspor,97,17355617,"-22.9096","-43.2098"
133,133-LARGO DO MACHADO X RODOVIARIA NOVO RIO (VIA ESTACIO),Fetranspor,98,17355617,"-22.9097","-43.2098"
133,133-LARGO DO MACHADO X RODOVIARIA NOVO RIO (VIA ESTACIO),Fetranspor,99,17355617,"-22.9097","-43.2098"
133,133-LARGO DO MACHADO X RODOVIARIA NOVO RIO (VIA ESTACIO),Fetranspor,100,17355617,"-22.9099","-43.2097"
133,133-LARGO DO MACHADO X RODOVIARIA NOVO RIO (VIA ESTACIO),Fetranspor,101,17355617,"-22.91","-43.2097"
133,133-LARGO DO MACHADO X RODOVIARIA NOVO RIO (VIA ESTACIO),Fetranspor,102,17355617,"-22.91","-43.2097"
133,133-LARGO DO MACHADO X RODOVIARIA NOVO RIO (VIA ESTACIO),Fetranspor,103,17355617,"-22.9102","-43.2096"
133,133-LARGO DO MACHADO X RODOVIARIA NOVO RIO (VIA ESTACIO),Fetranspor,104,17355617,"-22.9103","-43.2094"
133,133-LARGO DO MACHADO X RODOVIARIA NOVO RIO (VIA ESTACIO),Fetranspor,105,17355617,"-22.9104","-43.2093"
133,133-LARGO DO MACHADO X RODOVIARIA NOVO RIO (VIA ESTACIO),Fetranspor,106,17355617,"-22.9105","-43.2091"
133,133-LARGO DO MACHADO X RODOVIARIA NOVO RIO (VIA ESTACIO),Fetranspor,107,17355617,"-22.9106","-43.2089"
133,133-LARGO DO MACHADO X RODOVIARIA NOVO RIO (VIA ESTACIO),Fetranspor,108,17355617,"-22.9106","-43.2088"
133,133-LARGO DO MACHADO X RODOVIARIA NOVO RIO (VIA ESTACIO),Fetranspor,109,17355617,"-22.9106","-43.2086"
133,133-LARGO DO MACHADO X RODOVIARIA NOVO RIO (VIA ESTACIO),Fetranspor,110,17355617,"-22.9107","-43.2084"
133,133-LARGO DO MACHADO X RODOVIARIA NOVO RIO (VIA ESTACIO),Fetranspor,111,17355617,"-22.9107","-43.2082"
133,133-LARGO DO MACHADO X RODOVIARIA NOVO RIO (VIA ESTACIO),Fetranspor,112,17355617,"-22.9107","-43.208"
133,133-LARGO DO MACHADO X RODOVIARIA NOVO RIO (VIA ESTACIO),Fetranspor,113,17355617,"-22.9107","-43.2079"
133,133-LARGO DO MACHADO X RODOVIARIA NOVO RIO (VIA ESTACIO),Fetranspor,114,17355617,"-22.9106","-43.2077"
133,133-LARGO DO MACHADO X RODOVIARIA NOVO RIO (VIA ESTACIO),Fetranspor,115,17355617,"-22.9103","-43.2067"
133,133-LARGO DO MACHADO X RODOVIARIA NOVO RIO (VIA ESTACIO),Fetranspor,116,17355617,"-22.9101","-43.2061"
133,133-LARGO DO MACHADO X RODOVIARIA NOVO RIO (VIA ESTACIO),Fetranspor,117,17355617,"-22.9101","-43.2061"
133,133-LARGO DO MACHADO X RODOVIARIA NOVO RIO (VIA ESTACIO),Fetranspor,118,17355617,"-22.9095","-43.2042"
133,133-LARGO DO MACHADO X RODOVIARIA NOVO RIO (VIA ESTACIO),Fetranspor,119,17355617,"-22.9095","-43.2042"
133,133-LARGO DO MACHADO X RODOVIARIA NOVO RIO (VIA ESTACIO),Fetranspor,120,17355617,"-22.9094","-43.2038"
133,133-LARGO DO MACHADO X RODOVIARIA NOVO RIO (VIA ESTACIO),Fetranspor,121,17355617,"-22.9093","-43.2034"
133,133-LARGO DO MACHADO X RODOVIARIA NOVO RIO (VIA ESTACIO),Fetranspor,122,17355617,"-22.9093","-43.2034"
133,133-LARGO DO MACHADO X RODOVIARIA NOVO RIO (VIA ESTACIO),Fetranspor,123,17355617,"-22.9093","-43.2032"
133,133-LARGO DO MACHADO X RODOVIARIA NOVO RIO (VIA ESTACIO),Fetranspor,124,17355617,"-22.9093","-43.2029"
133,133-LARGO DO MACHADO X RODOVIARIA NOVO RIO (VIA ESTACIO),Fetranspor,125,17355617,"-22.9093","-43.2029"
133,133-LARGO DO MACHADO X RODOVIARIA NOVO RIO (VIA ESTACIO),Fetranspor,126,17355617,"-22.9092","-43.2028"
133,133-LARGO DO MACHADO X RODOVIARIA NOVO RIO (VIA ESTACIO),Fetranspor,127,17355617,"-22.9091","-43.2025"
133,133-LARGO DO MACHADO X RODOVIARIA NOVO RIO (VIA ESTACIO),Fetranspor,128,17355617,"-22.9091","-43.2025"
133,133-LARGO DO MACHADO X RODOVIARIA NOVO RIO (VIA ESTACIO),Fetranspor,129,17355617,"-22.909","-43.2021"
133,133-LARGO DO MACHADO X RODOVIARIA NOVO RIO (VIA ESTACIO),Fetranspor,130,17355617,"-22.9086","-43.2011"
133,133-LARGO DO MACHADO X RODOVIARIA NOVO RIO (VIA ESTACIO),Fetranspor,131,17355617,"-22.9085","-43.2006"
133,133-LARGO DO MACHADO X RODOVIARIA NOVO RIO (VIA ESTACIO),Fetranspor,132,17355617,"-22.9085","-43.2006"
133,133-LARGO DO MACHADO X RODOVIARIA NOVO RIO (VIA ESTACIO),Fetranspor,133,17355617,"-22.9089","-43.2004"
133,133-LARGO DO MACHADO X RODOVIARIA NOVO RIO (VIA ESTACIO),Fetranspor,134,17355617,"-22.9089","-43.2004"
133,133-LARGO DO MACHADO X RODOVIARIA NOVO RIO (VIA ESTACIO),Fetranspor,135,17355617,"-22.9092","-43.2003"
133,133-LARGO DO MACHADO X RODOVIARIA NOVO RIO (VIA ESTACIO),Fetranspor,136,17355617,"-22.9092","-43.2003"
133,133-LARGO DO MACHADO X RODOVIARIA NOVO RIO (VIA ESTACIO),Fetranspor,137,17355617,"-22.911","-43.1997"
133,133-LARGO DO MACHADO X RODOVIARIA NOVO RIO (VIA ESTACIO),Fetranspor,138,17355617,"-22.911","-43.1997"
133,133-LARGO DO MACHADO X RODOVIARIA NOVO RIO (VIA ESTACIO),Fetranspor,139,17355617,"-22.9116","-43.1994"
133,133-LARGO DO MACHADO X RODOVIARIA NOVO RIO (VIA ESTACIO),Fetranspor,140,17355617,"-22.9117","-43.1994"
133,133-LARGO DO MACHADO X RODOVIARIA NOVO RIO (VIA ESTACIO),Fetranspor,141,17355617,"-22.9124","-43.1994"
133,133-LARGO DO MACHADO X RODOVIARIA NOVO RIO (VIA ESTACIO),Fetranspor,142,17355617,"-22.9124","-43.1994"
133,133-LARGO DO MACHADO X RODOVIARIA NOVO RIO (VIA ESTACIO),Fetranspor,143,17355617,"-22.9125","-43.2001"
133,133-LARGO DO MACHADO X RODOVIARIA NOVO RIO (VIA ESTACIO),Fetranspor,144,17355617,"-22.9125","-43.2001"
133,133-LARGO DO MACHADO X RODOVIARIA NOVO RIO (VIA ESTACIO),Fetranspor,145,17355617,"-22.9126","-43.2008"
133,133-LARGO DO MACHADO X RODOVIARIA NOVO RIO (VIA ESTACIO),Fetranspor,146,17355617,"-22.9126","-43.2008"
133,133-LARGO DO MACHADO X RODOVIARIA NOVO RIO (VIA ESTACIO),Fetranspor,147,17355617,"-22.9128","-43.2015"
133,133-LARGO DO MACHADO X RODOVIARIA NOVO RIO (VIA ESTACIO),Fetranspor,148,17355617,"-22.9129","-43.2024"
133,133-LARGO DO MACHADO X RODOVIARIA NOVO RIO (VIA ESTACIO),Fetranspor,149,17355617,"-22.9129","-43.2024"
133,133-LARGO DO MACHADO X RODOVIARIA NOVO RIO (VIA ESTACIO),Fetranspor,150,17355617,"-22.913","-43.2028"
133,133-LARGO DO MACHADO X RODOVIARIA NOVO RIO (VIA ESTACIO),Fetranspor,151,17355617,"-22.913","-43.203"
133,133-LARGO DO MACHADO X RODOVIARIA NOVO RIO (VIA ESTACIO),Fetranspor,152,17355617,"-22.913","-43.203"
133,133-LARGO DO MACHADO X RODOVIARIA NOVO RIO (VIA ESTACIO),Fetranspor,153,17355617,"-22.9131","-43.2031"
133,133-LARGO DO MACHADO X RODOVIARIA NOVO RIO (VIA ESTACIO),Fetranspor,154,17355617,"-22.9131","-43.2032"
133,133-LARGO DO MACHADO X RODOVIARIA NOVO RIO (VIA ESTACIO),Fetranspor,155,17355617,"-22.9132","-43.2034"
133,133-LARGO DO MACHADO X RODOVIARIA NOVO RIO (VIA ESTACIO),Fetranspor,156,17355617,"-22.9138","-43.2041"
133,133-LARGO DO MACHADO X RODOVIARIA NOVO RIO (VIA ESTACIO),Fetranspor,157,17355617,"-22.9138","-43.2041"
133,133-LARGO DO MACHADO X RODOVIARIA NOVO RIO (VIA ESTACIO),Fetranspor,158,17355617,"-22.9139","-43.2044"
133,133-LARGO DO MACHADO X RODOVIARIA NOVO RIO (VIA ESTACIO),Fetranspor,159,17355617,"-22.9139","-43.2047"
133,133-LARGO DO MACHADO X RODOVIARIA NOVO RIO (VIA ESTACIO),Fetranspor,160,17355617,"-22.9139","-43.2047"
133,133-LARGO DO MACHADO X RODOVIARIA NOVO RIO (VIA ESTACIO),Fetranspor,161,17355617,"-22.9138","-43.2048"
133,133-LARGO DO MACHADO X RODOVIARIA NOVO RIO (VIA ESTACIO),Fetranspor,162,17355617,"-22.9136","-43.2048"
133,133-LARGO DO MACHADO X RODOVIARIA NOVO RIO (VIA ESTACIO),Fetranspor,163,17355617,"-22.9126","-43.2051"
133,133-LARGO DO MACHADO X RODOVIARIA NOVO RIO (VIA ESTACIO),Fetranspor,164,17355617,"-22.9124","-43.2052"
133,133-LARGO DO MACHADO X RODOVIARIA NOVO RIO (VIA ESTACIO),Fetranspor,165,17355617,"-22.9124","-43.2052"
133,133-LARGO DO MACHADO X RODOVIARIA NOVO RIO (VIA ESTACIO),Fetranspor,166,17355617,"-22.9127","-43.2063"
133,133-LARGO DO MACHADO X RODOVIARIA NOVO RIO (VIA ESTACIO),Fetranspor,167,17355617,"-22.9127","-43.2063"
133,133-LARGO DO MACHADO X RODOVIARIA NOVO RIO (VIA ESTACIO),Fetranspor,168,17355617,"-22.9131","-43.2076"
133,133-LARGO DO MACHADO X RODOVIARIA NOVO RIO (VIA ESTACIO),Fetranspor,169,17355617,"-22.9131","-43.2076"
133,133-LARGO DO MACHADO X RODOVIARIA NOVO RIO (VIA ESTACIO),Fetranspor,170,17355617,"-22.9133","-43.2081"
133,133-LARGO DO MACHADO X RODOVIARIA NOVO RIO (VIA ESTACIO),Fetranspor,171,17355617,"-22.9134","-43.2082"
133,133-LARGO DO MACHADO X RODOVIARIA NOVO RIO (VIA ESTACIO),Fetranspor,172,17355617,"-22.9134","-43.2082"
133,133-LARGO DO MACHADO X RODOVIARIA NOVO RIO (VIA ESTACIO),Fetranspor,173,17355617,"-22.9135","-43.2083"
133,133-LARGO DO MACHADO X RODOVIARIA NOVO RIO (VIA ESTACIO),Fetranspor,174,17355617,"-22.9135","-43.2083"
133,133-LARGO DO MACHADO X RODOVIARIA NOVO RIO (VIA ESTACIO),Fetranspor,175,17355617,"-22.9137","-43.2084"
133,133-LARGO DO MACHADO X RODOVIARIA NOVO RIO (VIA ESTACIO),Fetranspor,176,17355617,"-22.9137","-43.2084"
133,133-LARGO DO MACHADO X RODOVIARIA NOVO RIO (VIA ESTACIO),Fetranspor,177,17355617,"-22.914","-43.2079"
133,133-LARGO DO MACHADO X RODOVIARIA NOVO RIO (VIA ESTACIO),Fetranspor,178,17355617,"-22.9142","-43.2077"
133,133-LARGO DO MACHADO X RODOVIARIA NOVO RIO (VIA ESTACIO),Fetranspor,179,17355617,"-22.9143","-43.2075"
133,133-LARGO DO MACHADO X RODOVIARIA NOVO RIO (VIA ESTACIO),Fetranspor,180,17355617,"-22.9143","-43.2075"
133,133-LARGO DO MACHADO X RODOVIARIA NOVO RIO (VIA ESTACIO),Fetranspor,181,17355617,"-22.9145","-43.2076"
133,133-LARGO DO MACHADO X RODOVIARIA NOVO RIO (VIA ESTACIO),Fetranspor,182,17355617,"-22.9149","-43.2081"
133,133-LARGO DO MACHADO X RODOVIARIA NOVO RIO (VIA ESTACIO),Fetranspor,183,17355617,"-22.915","-43.2084"
133,133-LARGO DO MACHADO X RODOVIARIA NOVO RIO (VIA ESTACIO),Fetranspor,184,17355617,"-22.9152","-43.2087"
133,133-LARGO DO MACHADO X RODOVIARIA NOVO RIO (VIA ESTACIO),Fetranspor,185,17355617,"-22.9154","-43.2091"
133,133-LARGO DO MACHADO X RODOVIARIA NOVO RIO (VIA ESTACIO),Fetranspor,186,17355617,"-22.9155","-43.2094"
133,133-LARGO DO MACHADO X RODOVIARIA NOVO RIO (VIA ESTACIO),Fetranspor,187,17355617,"-22.9156","-43.21"
133,133-LARGO DO MACHADO X RODOVIARIA NOVO RIO (VIA ESTACIO),Fetranspor,188,17355617,"-22.9157","-43.2101"
133,133-LARGO DO MACHADO X RODOVIARIA NOVO RIO (VIA ESTACIO),Fetranspor,189,17355617,"-22.9157","-43.2101"
133,133-LARGO DO MACHADO X RODOVIARIA NOVO RIO (VIA ESTACIO),Fetranspor,190,17355617,"-22.9157","-43.2101"
133,133-LARGO DO MACHADO X RODOVIARIA NOVO RIO (VIA ESTACIO),Fetranspor,191,17355617,"-22.9157","-43.2102"
133,133-LARGO DO MACHADO X RODOVIARIA NOVO RIO (VIA ESTACIO),Fetranspor,192,17355617,"-22.9157","-43.2103"
133,133-LARGO DO MACHADO X RODOVIARIA NOVO RIO (VIA ESTACIO),Fetranspor,193,17355617,"-22.9157","-43.2103"
133,133-LARGO DO MACHADO X RODOVIARIA NOVO RIO (VIA ESTACIO),Fetranspor,194,17355617,"-22.9159","-43.2111"
133,133-LARGO DO MACHADO X RODOVIARIA NOVO RIO (VIA ESTACIO),Fetranspor,195,17355617,"-22.9159","-43.2113"
133,133-LARGO DO MACHADO X RODOVIARIA NOVO RIO (VIA ESTACIO),Fetranspor,196,17355617,"-22.9159","-43.2113"
133,133-LARGO DO MACHADO X RODOVIARIA NOVO RIO (VIA ESTACIO),Fetranspor,197,17355617,"-22.9159","-43.2113"
133,133-LARGO DO MACHADO X RODOVIARIA NOVO RIO (VIA ESTACIO),Fetranspor,198,17355617,"-22.9162","-43.2121"
133,133-LARGO DO MACHADO X RODOVIARIA NOVO RIO (VIA ESTACIO),Fetranspor,199,17355617,"-22.9162","-43.2123"
133,133-LARGO DO MACHADO X RODOVIARIA NOVO RIO (VIA ESTACIO),Fetranspor,200,17355617,"-22.9162","-43.2123"
133,133-LARGO DO MACHADO X RODOVIARIA NOVO RIO (VIA ESTACIO),Fetranspor,201,17355617,"-22.9164","-43.2122"
133,133-LARGO DO MACHADO X RODOVIARIA NOVO RIO (VIA ESTACIO),Fetranspor,202,17355617,"-22.9169","-43.2121"
133,133-LARGO DO MACHADO X RODOVIARIA NOVO RIO (VIA ESTACIO),Fetranspor,203,17355617,"-22.9176","-43.2119"
133,133-LARGO DO MACHADO X RODOVIARIA NOVO RIO (VIA ESTACIO),Fetranspor,204,17355617,"-22.9179","-43.2118"
133,133-LARGO DO MACHADO X RODOVIARIA NOVO RIO (VIA ESTACIO),Fetranspor,205,17355617,"-22.9179","-43.2118"
133,133-LARGO DO MACHADO X RODOVIARIA NOVO RIO (VIA ESTACIO),Fetranspor,206,17355617,"-22.918","-43.2119"
133,133-LARGO DO MACHADO X RODOVIARIA NOVO RIO (VIA ESTACIO),Fetranspor,207,17355617,"-22.919","-43.2118"
133,133-LARGO DO MACHADO X RODOVIARIA NOVO RIO (VIA ESTACIO),Fetranspor,208,17355617,"-22.9193","-43.2118"
133,133-LARGO DO MACHADO X RODOVIARIA NOVO RIO (VIA ESTACIO),Fetranspor,209,17355617,"-22.9195","-43.2118"
133,133-LARGO DO MACHADO X RODOVIARIA NOVO RIO (VIA ESTACIO),Fetranspor,210,17355617,"-22.9198","-43.2118"
133,133-LARGO DO MACHADO X RODOVIARIA NOVO RIO (VIA ESTACIO),Fetranspor,211,17355617,"-22.9199","-43.2118"
133,133-LARGO DO MACHADO X RODOVIARIA NOVO RIO (VIA ESTACIO),Fetranspor,212,17355617,"-22.9199","-43.2118"
133,133-LARGO DO MACHADO X RODOVIARIA NOVO RIO (VIA ESTACIO),Fetranspor,213,17355617,"-22.9199","-43.2118"
133,133-LARGO DO MACHADO X RODOVIARIA NOVO RIO (VIA ESTACIO),Fetranspor,214,17355617,"-22.9204","-43.2124"
133,133-LARGO DO MACHADO X RODOVIARIA NOVO RIO (VIA ESTACIO),Fetranspor,215,17355617,"-22.9205","-43.2127"
133,133-LARGO DO MACHADO X RODOVIARIA NOVO RIO (VIA ESTACIO),Fetranspor,216,17355617,"-22.921","-43.2133"
133,133-LARGO DO MACHADO X RODOVIARIA NOVO RIO (VIA ESTACIO),Fetranspor,217,17355617,"-22.921","-43.2133"
133,133-LARGO DO MACHADO X RODOVIARIA NOVO RIO (VIA ESTACIO),Fetranspor,218,17355617,"-22.9219","-43.2147"
133,133-LARGO DO MACHADO X RODOVIARIA NOVO RIO (VIA ESTACIO),Fetranspor,219,17355617,"-22.9219","-43.2147"
133,133-LARGO DO MACHADO X RODOVIARIA NOVO RIO (VIA ESTACIO),Fetranspor,220,17355617,"-22.922","-43.2146"
133,133-LARGO DO MACHADO X RODOVIARIA NOVO RIO (VIA ESTACIO),Fetranspor,221,17355617,"-22.922","-43.2146"
133,133-LARGO DO MACHADO X RODOVIARIA NOVO RIO (VIA ESTACIO),Fetranspor,222,17355617,"-22.9229","-43.2137"
133,133-LARGO DO MACHADO X RODOVIARIA NOVO RIO (VIA ESTACIO),Fetranspor,223,17355617,"-22.9229","-43.2137"
133,133-LARGO DO MACHADO X RODOVIARIA NOVO RIO (VIA ESTACIO),Fetranspor,224,17355617,"-22.9235","-43.213"
133,133-LARGO DO MACHADO X RODOVIARIA NOVO RIO (VIA ESTACIO),Fetranspor,225,17355617,"-22.924","-43.2125"
133,133-LARGO DO MACHADO X RODOVIARIA NOVO RIO (VIA ESTACIO),Fetranspor,226,17355617,"-22.924","-43.2125"
133,133-LARGO DO MACHADO X RODOVIARIA NOVO RIO (VIA ESTACIO),Fetranspor,227,17355617,"-22.924","-43.2124"
133,133-LARGO DO MACHADO X RODOVIARIA NOVO RIO (VIA ESTACIO),Fetranspor,228,17355617,"-22.9244","-43.2121"
133,133-LARGO DO MACHADO X RODOVIARIA NOVO RIO (VIA ESTACIO),Fetranspor,229,17355617,"-22.9248","-43.2116"
133,133-LARGO DO MACHADO X RODOVIARIA NOVO RIO (VIA ESTACIO),Fetranspor,230,17355617,"-22.9248","-43.2115"
133,133-LARGO DO MACHADO X RODOVIARIA NOVO RIO (VIA ESTACIO),Fetranspor,231,17355617,"-22.9248","-43.2115"
133,133-LARGO DO MACHADO X RODOVIARIA NOVO RIO (VIA ESTACIO),Fetranspor,232,17355617,"-22.9249","-43.2114"
133,133-LARGO DO MACHADO X RODOVIARIA NOVO RIO (VIA ESTACIO),Fetranspor,233,17355617,"-22.9249","-43.2114"
133,133-LARGO DO MACHADO X RODOVIARIA NOVO RIO (VIA ESTACIO),Fetranspor,234,17355617,"-22.9249","-43.2113"
133,133-LARGO DO MACHADO X RODOVIARIA NOVO RIO (VIA ESTACIO),Fetranspor,235,17355617,"-22.9249","-43.2113"
133,133-LARGO DO MACHADO X RODOVIARIA NOVO RIO (VIA ESTACIO),Fetranspor,236,17355617,"-22.9249","-43.2112"
133,133-LARGO DO MACHADO X RODOVIARIA NOVO RIO (VIA ESTACIO),Fetranspor,237,17355617,"-22.9248","-43.21"
133,133-LARGO DO MACHADO X RODOVIARIA NOVO RIO (VIA ESTACIO),Fetranspor,238,17355617,"-22.9247","-43.2097"
133,133-LARGO DO MACHADO X RODOVIARIA NOVO RIO (VIA ESTACIO),Fetranspor,239,17355617,"-22.9247","-43.2097"
133,133-LARGO DO MACHADO X RODOVIARIA NOVO RIO (VIA ESTACIO),Fetranspor,240,17355617,"-22.9247","-43.2097"
133,133-LARGO DO MACHADO X RODOVIARIA NOVO RIO (VIA ESTACIO),Fetranspor,241,17355617,"-22.9247","-43.2096"
133,133-LARGO DO MACHADO X RODOVIARIA NOVO RIO (VIA ESTACIO),Fetranspor,242,17355617,"-22.9247","-43.2095"
133,133-LARGO DO MACHADO X RODOVIARIA NOVO RIO (VIA ESTACIO),Fetranspor,243,17355617,"-22.9247","-43.2095"
133,133-LARGO DO MACHADO X RODOVIARIA NOVO RIO (VIA ESTACIO),Fetranspor,244,17355617,"-22.9247","-43.2094"
133,133-LARGO DO MACHADO X RODOVIARIA NOVO RIO (VIA ESTACIO),Fetranspor,245,17355617,"-22.9248","-43.2089"
133,133-LARGO DO MACHADO X RODOVIARIA NOVO RIO (VIA ESTACIO),Fetranspor,246,17355617,"-22.9248","-43.2088"
133,133-LARGO DO MACHADO X RODOVIARIA NOVO RIO (VIA ESTACIO),Fetranspor,247,17355617,"-22.9248","-43.2087"
133,133-LARGO DO MACHADO X RODOVIARIA NOVO RIO (VIA ESTACIO),Fetranspor,248,17355617,"-22.9248","-43.2087"
133,133-LARGO DO MACHADO X RODOVIARIA NOVO RIO (VIA ESTACIO),Fetranspor,249,17355617,"-22.9248","-43.2086"
133,133-LARGO DO MACHADO X RODOVIARIA NOVO RIO (VIA ESTACIO),Fetranspor,250,17355617,"-22.9249","-43.2081"
133,133-LARGO DO MACHADO X RODOVIARIA NOVO RIO (VIA ESTACIO),Fetranspor,251,17355617,"-22.9249","-43.2081"
133,133-LARGO DO MACHADO X RODOVIARIA NOVO RIO (VIA ESTACIO),Fetranspor,252,17355617,"-22.9251","-43.2069"
133,133-LARGO DO MACHADO X RODOVIARIA NOVO RIO (VIA ESTACIO),Fetranspor,253,17355617,"-22.9251","-43.2069"
133,133-LARGO DO MACHADO X RODOVIARIA NOVO RIO (VIA ESTACIO),Fetranspor,254,17355617,"-22.9251","-43.2062"
133,133-LARGO DO MACHADO X RODOVIARIA NOVO RIO (VIA ESTACIO),Fetranspor,255,17355617,"-22.9251","-43.2062"
133,133-LARGO DO MACHADO X RODOVIARIA NOVO RIO (VIA ESTACIO),Fetranspor,256,17355617,"-22.9252","-43.2056"
133,133-LARGO DO MACHADO X RODOVIARIA NOVO RIO (VIA ESTACIO),Fetranspor,257,17355617,"-22.9252","-43.2056"
133,133-LARGO DO MACHADO X RODOVIARIA NOVO RIO (VIA ESTACIO),Fetranspor,258,17355617,"-22.9253","-43.2055"
133,133-LARGO DO MACHADO X RODOVIARIA NOVO RIO (VIA ESTACIO),Fetranspor,259,17355617,"-22.9254","-43.2054"
133,133-LARGO DO MACHADO X RODOVIARIA NOVO RIO (VIA ESTACIO),Fetranspor,260,17355617,"-22.9256","-43.2052"
133,133-LARGO DO MACHADO X RODOVIARIA NOVO RIO (VIA ESTACIO),Fetranspor,261,17355617,"-22.9256","-43.2052"
133,133-LARGO DO MACHADO X RODOVIARIA NOVO RIO (VIA ESTACIO),Fetranspor,262,17355617,"-22.9266","-43.2045"
133,133-LARGO DO MACHADO X RODOVIARIA NOVO RIO (VIA ESTACIO),Fetranspor,263,17355617,"-22.9266","-43.2045"
133,133-LARGO DO MACHADO X RODOVIARIA NOVO RIO (VIA ESTACIO),Fetranspor,264,17355617,"-22.9271","-43.2042"
133,133-LARGO DO MACHADO X RODOVIARIA NOVO RIO (VIA ESTACIO),Fetranspor,265,17355617,"-22.9271","-43.2042"
133,133-LARGO DO MACHADO X RODOVIARIA NOVO RIO (VIA ESTACIO),Fetranspor,266,17355617,"-22.929","-43.2031"
133,133-LARGO DO MACHADO X RODOVIARIA NOVO RIO (VIA ESTACIO),Fetranspor,267,17355617,"-22.9291","-43.203"
133,133-LARGO DO MACHADO X RODOVIARIA NOVO RIO (VIA ESTACIO),Fetranspor,268,17355617,"-22.9291","-43.203"
133,133-LARGO DO MACHADO X RODOVIARIA NOVO RIO (VIA ESTACIO),Fetranspor,269,17355617,"-22.9291","-43.203"
133,133-LARGO DO MACHADO X RODOVIARIA NOVO RIO (VIA ESTACIO),Fetranspor,270,17355617,"-22.9292","-43.2029"
133,133-LARGO DO MACHADO X RODOVIARIA NOVO RIO (VIA ESTACIO),Fetranspor,271,17355617,"-22.9293","-43.2027"
133,133-LARGO DO MACHADO X RODOVIARIA NOVO RIO (VIA ESTACIO),Fetranspor,272,17355617,"-22.9293","-43.2027"
133,133-LARGO DO MACHADO X RODOVIARIA NOVO RIO (VIA ESTACIO),Fetranspor,273,17355617,"-22.9295","-43.2022"
133,133-LARGO DO MACHADO X RODOVIARIA NOVO RIO (VIA ESTACIO),Fetranspor,274,17355617,"-22.9296","-43.2021"
133,133-LARGO DO MACHADO X RODOVIARIA NOVO RIO (VIA ESTACIO),Fetranspor,275,17355617,"-22.9296","-43.202"
133,133-LARGO DO MACHADO X RODOVIARIA NOVO RIO (VIA ESTACIO),Fetranspor,276,17355617,"-22.9297","-43.202"
133,133-LARGO DO MACHADO X RODOVIARIA NOVO RIO (VIA ESTACIO),Fetranspor,277,17355617,"-22.9299","-43.2019"
133,133-LARGO DO MACHADO X RODOVIARIA NOVO RIO (VIA ESTACIO),Fetranspor,278,17355617,"-22.9302","-43.2019"
133,133-LARGO DO MACHADO X RODOVIARIA NOVO RIO (VIA ESTACIO),Fetranspor,279,17355617,"-22.9302","-43.2019"
133,133-LARGO DO MACHADO X RODOVIARIA NOVO RIO (VIA ESTACIO),Fetranspor,280,17355617,"-22.9305","-43.2019"
133,133-LARGO DO MACHADO X RODOVIARIA NOVO RIO (VIA ESTACIO),Fetranspor,281,17355617,"-22.9306","-43.2019"
133,133-LARGO DO MACHADO X RODOVIARIA NOVO RIO (VIA ESTACIO),Fetranspor,282,17355617,"-22.9307","-43.2018"
133,133-LARGO DO MACHADO X RODOVIARIA NOVO RIO (VIA ESTACIO),Fetranspor,283,17355617,"-22.9307","-43.2018"
133,133-LARGO DO MACHADO X RODOVIARIA NOVO RIO (VIA ESTACIO),Fetranspor,284,17355617,"-22.9307","-43.2018"
133,133-LARGO DO MACHADO X RODOVIARIA NOVO RIO (VIA ESTACIO),Fetranspor,285,17355617,"-22.9307","-43.2018"
133,133-LARGO DO MACHADO X RODOVIARIA NOVO RIO (VIA ESTACIO),Fetranspor,286,17355617,"-22.9308","-43.2018"
133,133-LARGO DO MACHADO X RODOVIARIA NOVO RIO (VIA ESTACIO),Fetranspor,287,17355617,"-22.9311","-43.2015"
133,133-LARGO DO MACHADO X RODOVIARIA NOVO RIO (VIA ESTACIO),Fetranspor,288,17355617,"-22.9311","-43.2014"
133,133-LARGO DO MACHADO X RODOVIARIA NOVO RIO (VIA ESTACIO),Fetranspor,289,17355617,"-22.9312","-43.2014"
133,133-LARGO DO MACHADO X RODOVIARIA NOVO RIO (VIA ESTACIO),Fetranspor,290,17355617,"-22.9313","-43.2014"
133,133-LARGO DO MACHADO X RODOVIARIA NOVO RIO (VIA ESTACIO),Fetranspor,291,17355617,"-22.9319","-43.2014"
133,133-LARGO DO MACHADO X RODOVIARIA NOVO RIO (VIA ESTACIO),Fetranspor,292,17355617,"-22.932","-43.2014"
133,133-LARGO DO MACHADO X RODOVIARIA NOVO RIO (VIA ESTACIO),Fetranspor,293,17355617,"-22.9321","-43.2013"
133,133-LARGO DO MACHADO X RODOVIARIA NOVO RIO (VIA ESTACIO),Fetranspor,294,17355617,"-22.9323","-43.2013"
133,133-LARGO DO MACHADO X RODOVIARIA NOVO RIO (VIA ESTACIO),Fetranspor,295,17355617,"-22.9323","-43.2013"
133,133-LARGO DO MACHADO X RODOVIARIA NOVO RIO (VIA ESTACIO),Fetranspor,296,17355617,"-22.9324","-43.2012"
133,133-LARGO DO MACHADO X RODOVIARIA NOVO RIO (VIA ESTACIO),Fetranspor,297,17355617,"-22.9325","-43.2011"
133,133-LARGO DO MACHADO X RODOVIARIA NOVO RIO (VIA ESTACIO),Fetranspor,298,17355617,"-22.9326","-43.2011"
133,133-LARGO DO MACHADO X RODOVIARIA NOVO RIO (VIA ESTACIO),Fetranspor,299,17355617,"-22.9327","-43.2011"
133,133-LARGO DO MACHADO X RODOVIARIA NOVO RIO (VIA ESTACIO),Fetranspor,300,17355617,"-22.933","-43.2011"
133,133-LARGO DO MACHADO X RODOVIARIA NOVO RIO (VIA ESTACIO),Fetranspor,301,17355617,"-22.9331","-43.2011"
133,133-LARGO DO MACHADO X RODOVIARIA NOVO RIO (VIA ESTACIO),Fetranspor,302,17355617,"-22.9332","-43.201"
133,133-LARGO DO MACHADO X RODOVIARIA NOVO RIO (VIA ESTACIO),Fetranspor,303,17355617,"-22.9333","-43.201"
133,133-LARGO DO MACHADO X RODOVIARIA NOVO RIO (VIA ESTACIO),Fetranspor,304,17355617,"-22.9334","-43.201"
133,133-LARGO DO MACHADO X RODOVIARIA NOVO RIO (VIA ESTACIO),Fetranspor,305,17355617,"-22.9335","-43.2009"
133,133-LARGO DO MACHADO X RODOVIARIA NOVO RIO (VIA ESTACIO),Fetranspor,306,17355617,"-22.9335","-43.2008"
133,133-LARGO DO MACHADO X RODOVIARIA NOVO RIO (VIA ESTACIO),Fetranspor,307,17355617,"-22.9336","-43.2007"
133,133-LARGO DO MACHADO X RODOVIARIA NOVO RIO (VIA ESTACIO),Fetranspor,308,17355617,"-22.9337","-43.2005"
133,133-LARGO DO MACHADO X RODOVIARIA NOVO RIO (VIA ESTACIO),Fetranspor,309,17355617,"-22.9338","-43.2003"
133,133-LARGO DO MACHADO X RODOVIARIA NOVO RIO (VIA ESTACIO),Fetranspor,310,17355617,"-22.9338","-43.2003"
133,133-LARGO DO MACHADO X RODOVIARIA NOVO RIO (VIA ESTACIO),Fetranspor,311,17355617,"-22.9338","-43.2002"
133,133-LARGO DO MACHADO X RODOVIARIA NOVO RIO (VIA ESTACIO),Fetranspor,312,17355617,"-22.9338","-43.2001"
133,133-LARGO DO MACHADO X RODOVIARIA NOVO RIO (VIA ESTACIO),Fetranspor,313,17355617,"-22.9339","-43.2"
133,133-LARGO DO MACHADO X RODOVIARIA NOVO RIO (VIA ESTACIO),Fetranspor,314,17355617,"-22.9359","-43.1995"
133,133-LARGO DO MACHADO X RODOVIARIA NOVO RIO (VIA ESTACIO),Fetranspor,315,17355617,"-22.9359","-43.1995"
133,133-LARGO DO MACHADO X RODOVIARIA NOVO RIO (VIA ESTACIO),Fetranspor,316,17355617,"-22.9362","-43.1993"
133,133-LARGO DO MACHADO X RODOVIARIA NOVO RIO (VIA ESTACIO),Fetranspor,317,17355617,"-22.9362","-43.1993"
133,133-LARGO DO MACHADO X RODOVIARIA NOVO RIO (VIA ESTACIO),Fetranspor,318,17355617,"-22.9363","-43.1993"
133,133-LARGO DO MACHADO X RODOVIARIA NOVO RIO (VIA ESTACIO),Fetranspor,319,17355617,"-22.9363","-43.1993"
133,133-LARGO DO MACHADO X RODOVIARIA NOVO RIO (VIA ESTACIO),Fetranspor,320,17355617,"-22.9365","-43.1991"
133,133-LARGO DO MACHADO X RODOVIARIA NOVO RIO (VIA ESTACIO),Fetranspor,321,17355617,"-22.9365","-43.1991"
133,133-LARGO DO MACHADO X RODOVIARIA NOVO RIO (VIA ESTACIO),Fetranspor,322,17355617,"-22.9365","-43.1991"
133,133-LARGO DO MACHADO X RODOVIARIA NOVO RIO (VIA ESTACIO),Fetranspor,323,17355617,"-22.9365","-43.1983"
133,133-LARGO DO MACHADO X RODOVIARIA NOVO RIO (VIA ESTACIO),Fetranspor,324,17355617,"-22.9365","-43.198"
133,133-LARGO DO MACHADO X RODOVIARIA NOVO RIO (VIA ESTACIO),Fetranspor,325,17355617,"-22.9365","-43.198"
133,133-LARGO DO MACHADO X RODOVIARIA NOVO RIO (VIA ESTACIO),Fetranspor,326,17355617,"-22.9365","-43.1979"
133,133-LARGO DO MACHADO X RODOVIARIA NOVO RIO (VIA ESTACIO),Fetranspor,327,17355617,"-22.9368","-43.1975"
133,133-LARGO DO MACHADO X RODOVIARIA NOVO RIO (VIA ESTACIO),Fetranspor,328,17355617,"-22.9368","-43.1974"
133,133-LARGO DO MACHADO X RODOVIARIA NOVO RIO (VIA ESTACIO),Fetranspor,329,17355617,"-22.9368","-43.1972"
133,133-LARGO DO MACHADO X RODOVIARIA NOVO RIO (VIA ESTACIO),Fetranspor,330,17355617,"-22.9368","-43.197"
133,133-LARGO DO MACHADO X RODOVIARIA NOVO RIO (VIA ESTACIO),Fetranspor,331,17355617,"-22.9368","-43.1969"
133,133-LARGO DO MACHADO X RODOVIARIA NOVO RIO (VIA ESTACIO),Fetranspor,332,17355617,"-22.9368","-43.1968"
133,133-LARGO DO MACHADO X RODOVIARIA NOVO RIO (VIA ESTACIO),Fetranspor,333,17355617,"-22.9364","-43.1951"
133,133-LARGO DO MACHADO X RODOVIARIA NOVO RIO (VIA ESTACIO),Fetranspor,334,17355617,"-22.9364","-43.1948"
133,133-LARGO DO MACHADO X RODOVIARIA NOVO RIO (VIA ESTACIO),Fetranspor,335,17355617,"-22.9363","-43.1947"
133,133-LARGO DO MACHADO X RODOVIARIA NOVO RIO (VIA ESTACIO),Fetranspor,336,17355617,"-22.9363","-43.1947"
133,133-LARGO DO MACHADO X RODOVIARIA NOVO RIO (VIA ESTACIO),Fetranspor,337,17355617,"-22.9362","-43.1946"
133,133-LARGO DO MACHADO X RODOVIARIA NOVO RIO (VIA ESTACIO),Fetranspor,338,17355617,"-22.9361","-43.1946"
133,133-LARGO DO MACHADO X RODOVIARIA NOVO RIO (VIA ESTACIO),Fetranspor,339,17355617,"-22.9361","-43.1946"
133,133-LARGO DO MACHADO X RODOVIARIA NOVO RIO (VIA ESTACIO),Fetranspor,340,17355617,"-22.936","-43.1947"
133,133-LARGO DO MACHADO X RODOVIARIA NOVO RIO (VIA ESTACIO),Fetranspor,341,17355617,"-22.936","-43.1947"
133,133-LARGO DO MACHADO X RODOVIARIA NOVO RIO (VIA ESTACIO),Fetranspor,342,17355617,"-22.9359","-43.1949"
133,133-LARGO DO MACHADO X RODOVIARIA NOVO RIO (VIA ESTACIO),Fetranspor,343,17355617,"-22.9358","-43.195"
133,133-LARGO DO MACHADO X RODOVIARIA NOVO RIO (VIA ESTACIO),Fetranspor,344,17355617,"-22.9358","-43.195"
133,133-LARGO DO MACHADO X RODOVIARIA NOVO RIO (VIA ESTACIO),Fetranspor,345,17355617,"-22.9357","-43.195"
133,133-LARGO DO MACHADO X RODOVIARIA NOVO RIO (VIA ESTACIO),Fetranspor,346,17355617,"-22.9357","-43.195"
133,133-LARGO DO MACHADO X RODOVIARIA NOVO RIO (VIA ESTACIO),Fetranspor,347,17355617,"-22.9356","-43.1949"
133,133-LARGO DO MACHADO X RODOVIARIA NOVO RIO (VIA ESTACIO),Fetranspor,348,17355617,"-22.9356","-43.1949"
133,133-LARGO DO MACHADO X RODOVIARIA NOVO RIO (VIA ESTACIO),Fetranspor,349,17355617,"-22.9355","-43.1948"
133,133-LARGO DO MACHADO X RODOVIARIA NOVO RIO (VIA ESTACIO),Fetranspor,350,17355617,"-22.9354","-43.1946"
133,133-LARGO DO MACHADO X RODOVIARIA NOVO RIO (VIA ESTACIO),Fetranspor,351,17355617,"-22.9351","-43.194"
133,133-LARGO DO MACHADO X RODOVIARIA NOVO RIO (VIA ESTACIO),Fetranspor,352,17355617,"-22.9349","-43.1938"
133,133-LARGO DO MACHADO X RODOVIARIA NOVO RIO (VIA ESTACIO),Fetranspor,353,17355617,"-22.9346","-43.1934"
133,133-LARGO DO MACHADO X RODOVIARIA NOVO RIO (VIA ESTACIO),Fetranspor,354,17355617,"-22.9345","-43.1932"
133,133-LARGO DO MACHADO X RODOVIARIA NOVO RIO (VIA ESTACIO),Fetranspor,355,17355617,"-22.9345","-43.1931"
133,133-LARGO DO MACHADO X RODOVIARIA NOVO RIO (VIA ESTACIO),Fetranspor,356,17355617,"-22.9344","-43.1929"
133,133-LARGO DO MACHADO X RODOVIARIA NOVO RIO (VIA ESTACIO),Fetranspor,357,17355617,"-22.9344","-43.1927"
133,133-LARGO DO MACHADO X RODOVIARIA NOVO RIO (VIA ESTACIO),Fetranspor,358,17355617,"-22.9344","-43.1926"
133,133-LARGO DO MACHADO X RODOVIARIA NOVO RIO (VIA ESTACIO),Fetranspor,359,17355617,"-22.9344","-43.1925"
133,133-LARGO DO MACHADO X RODOVIARIA NOVO RIO (VIA ESTACIO),Fetranspor,360,17355617,"-22.9346","-43.1918"
133,133-LARGO DO MACHADO X RODOVIARIA NOVO RIO (VIA ESTACIO),Fetranspor,361,17355617,"-22.9346","-43.1917"
133,133-LARGO DO MACHADO X RODOVIARIA NOVO RIO (VIA ESTACIO),Fetranspor,362,17355617,"-22.9346","-43.1916"
133,133-LARGO DO MACHADO X RODOVIARIA NOVO RIO (VIA ESTACIO),Fetranspor,363,17355617,"-22.9346","-43.1915"
133,133-LARGO DO MACHADO X RODOVIARIA NOVO RIO (VIA ESTACIO),Fetranspor,364,17355617,"-22.9346","-43.1913"
133,133-LARGO DO MACHADO X RODOVIARIA NOVO RIO (VIA ESTACIO),Fetranspor,365,17355617,"-22.9346","-43.1912"
133,133-LARGO DO MACHADO X RODOVIARIA NOVO RIO (VIA ESTACIO),Fetranspor,366,17355617,"-22.9346","-43.1912"
133,133-LARGO DO MACHADO X RODOVIARIA NOVO RIO (VIA ESTACIO),Fetranspor,367,17355617,"-22.9347","-43.1912"
133,133-LARGO DO MACHADO X RODOVIARIA NOVO RIO (VIA ESTACIO),Fetranspor,368,17355617,"-22.9347","-43.1912"
133,133-LARGO DO MACHADO X RODOVIARIA NOVO RIO (VIA ESTACIO),Fetranspor,369,17355617,"-22.9347","-43.1912"
133,133-LARGO DO MACHADO X RODOVIARIA NOVO RIO (VIA ESTACIO),Fetranspor,370,17355617,"-22.9347","-43.1914"
133,133-LARGO DO MACHADO X RODOVIARIA NOVO RIO (VIA ESTACIO),Fetranspor,371,17355617,"-22.9348","-43.1916"
133,133-LARGO DO MACHADO X RODOVIARIA NOVO RIO (VIA ESTACIO),Fetranspor,372,17355617,"-22.9347","-43.1918"
133,133-LARGO DO MACHADO X RODOVIARIA NOVO RIO (VIA ESTACIO),Fetranspor,373,17355617,"-22.9347","-43.192"
133,133-LARGO DO MACHADO X RODOVIARIA NOVO RIO (VIA ESTACIO),Fetranspor,374,17355617,"-22.9346","-43.1923"
133,133-LARGO DO MACHADO X RODOVIARIA NOVO RIO (VIA ESTACIO),Fetranspor,375,17355617,"-22.9346","-43.1923"
133,133-LARGO DO MACHADO X RODOVIARIA NOVO RIO (VIA ESTACIO),Fetranspor,376,17355617,"-22.9346","-43.1924"
133,133-LARGO DO MACHADO X RODOVIARIA NOVO RIO (VIA ESTACIO),Fetranspor,377,17355617,"-22.9346","-43.1926"
133,133-LARGO DO MACHADO X RODOVIARIA NOVO RIO (VIA ESTACIO),Fetranspor,378,17355617,"-22.9347","-43.1927"
133,133-LARGO DO MACHADO X RODOVIARIA NOVO RIO (VIA ESTACIO),Fetranspor,379,17355617,"-22.9347","-43.1929"
133,133-LARGO DO MACHADO X RODOVIARIA NOVO RIO (VIA ESTACIO),Fetranspor,380,17355617,"-22.9348","-43.193"
133,133-LARGO DO MACHADO X RODOVIARIA NOVO RIO (VIA ESTACIO),Fetranspor,381,17355617,"-22.9349","-43.1931"
133,133-LARGO DO MACHADO X RODOVIARIA NOVO RIO (VIA ESTACIO),Fetranspor,382,17355617,"-22.935","-43.1932"
133,133-LARGO DO MACHADO X RODOVIARIA NOVO RIO (VIA ESTACIO),Fetranspor,383,17355617,"-22.9352","-43.1934"
133,133-LARGO DO MACHADO X RODOVIARIA NOVO RIO (VIA ESTACIO),Fetranspor,384,17355617,"-22.9353","-43.1936"
133,133-LARGO DO MACHADO X RODOVIARIA NOVO RIO (VIA ESTACIO),Fetranspor,385,17355617,"-22.9354","-43.1937"
133,133-LARGO DO MACHADO X RODOVIARIA NOVO RIO (VIA ESTACIO),Fetranspor,386,17355617,"-22.9355","-43.1938"
133,133-LARGO DO MACHADO X RODOVIARIA NOVO RIO (VIA ESTACIO),Fetranspor,387,17355617,"-22.9356","-43.194"
133,133-LARGO DO MACHADO X RODOVIARIA NOVO RIO (VIA ESTACIO),Fetranspor,388,17355617,"-22.9356","-43.194"
133,133-LARGO DO MACHADO X RODOVIARIA NOVO RIO (VIA ESTACIO),Fetranspor,389,17355617,"-22.9356","-43.1941"
133,133-LARGO DO MACHADO X RODOVIARIA NOVO RIO (VIA ESTACIO),Fetranspor,390,17355617,"-22.9357","-43.1941"
133,133-LARGO DO MACHADO X RODOVIARIA NOVO RIO (VIA ESTACIO),Fetranspor,391,17355617,"-22.9357","-43.194"
133,133-LARGO DO MACHADO X RODOVIARIA NOVO RIO (VIA ESTACIO),Fetranspor,392,17355617,"-22.9357","-43.194"
133,133-LARGO DO MACHADO X RODOVIARIA NOVO RIO (VIA ESTACIO),Fetranspor,393,17355617,"-22.9357","-43.194"
133,133-LARGO DO MACHADO X RODOVIARIA NOVO RIO (VIA ESTACIO),Fetranspor,394,17355617,"-22.9357","-43.194"
133,133-LARGO DO MACHADO X RODOVIARIA NOVO RIO (VIA ESTACIO),Fetranspor,395,17355617,"-22.9357","-43.1939"
133,133-LARGO DO MACHADO X RODOVIARIA NOVO RIO (VIA ESTACIO),Fetranspor,396,17355617,"-22.9357","-43.1939"
133,133-LARGO DO MACHADO X RODOVIARIA NOVO RIO (VIA ESTACIO),Fetranspor,397,17355617,"-22.9357","-43.1939"
133,133-LARGO DO MACHADO X RODOVIARIA NOVO RIO (VIA ESTACIO),Fetranspor,398,17355617,"-22.9357","-43.1938"
133,133-LARGO DO MACHADO X RODOVIARIA NOVO RIO (VIA ESTACIO),Fetranspor,399,17355617,"-22.9357","-43.1937"
133,133-LARGO DO MACHADO X RODOVIARIA NOVO RIO (VIA ESTACIO),Fetranspor,400,17355617,"-22.9357","-43.1936"
133,133-LARGO DO MACHADO X RODOVIARIA NOVO RIO (VIA ESTACIO),Fetranspor,401,17355617,"-22.9357","-43.1934"
133,133-LARGO DO MACHADO X RODOVIARIA NOVO RIO (VIA ESTACIO),Fetranspor,402,17355617,"-22.9357","-43.1933"
133,133-LARGO DO MACHADO X RODOVIARIA NOVO RIO (VIA ESTACIO),Fetranspor,403,17355617,"-22.9357","-43.1932"
133,133-LARGO DO MACHADO X RODOVIARIA NOVO RIO (VIA ESTACIO),Fetranspor,404,17355617,"-22.9357","-43.1931"
133,133-LARGO DO MACHADO X RODOVIARIA NOVO RIO (VIA ESTACIO),Fetranspor,405,17355617,"-22.9357","-43.1931"
133,133-LARGO DO MACHADO X RODOVIARIA NOVO RIO (VIA ESTACIO),Fetranspor,406,17355617,"-22.9358","-43.1928"
133,133-LARGO DO MACHADO X RODOVIARIA NOVO RIO (VIA ESTACIO),Fetranspor,407,17355617,"-22.9362","-43.1917"
133,133-LARGO DO MACHADO X RODOVIARIA NOVO RIO (VIA ESTACIO),Fetranspor,408,17355617,"-22.9363","-43.1916"
133,133-LARGO DO MACHADO X RODOVIARIA NOVO RIO (VIA ESTACIO),Fetranspor,409,17355617,"-22.9363","-43.1915"
133,133-LARGO DO MACHADO X RODOVIARIA NOVO RIO (VIA ESTACIO),Fetranspor,410,17355617,"-22.9363","-43.1914"
133,133-LARGO DO MACHADO X RODOVIARIA NOVO RIO (VIA ESTACIO),Fetranspor,411,17355617,"-22.9364","-43.1903"
133,133-LARGO DO MACHADO X RODOVIARIA NOVO RIO (VIA ESTACIO),Fetranspor,412,17355617,"-22.9364","-43.1901"
133,133-LARGO DO MACHADO X RODOVIARIA NOVO RIO (VIA ESTACIO),Fetranspor,413,17355617,"-22.9364","-43.1901"
133,133-LARGO DO MACHADO X RODOVIARIA NOVO RIO (VIA ESTACIO),Fetranspor,414,17355617,"-22.9363","-43.1901"
133,133-LARGO DO MACHADO X RODOVIARIA NOVO RIO (VIA ESTACIO),Fetranspor,415,17355617,"-22.9363","-43.1901"
133,133-LARGO DO MACHADO X RODOVIARIA NOVO RIO (VIA ESTACIO),Fetranspor,416,17355617,"-22.9363","-43.19"
133,133-LARGO DO MACHADO X RODOVIARIA NOVO RIO (VIA ESTACIO),Fetranspor,417,17355617,"-22.9357","-43.1896"
133,133-LARGO DO MACHADO X RODOVIARIA NOVO RIO (VIA ESTACIO),Fetranspor,418,17355617,"-22.9356","-43.1895"
133,133-LARGO DO MACHADO X RODOVIARIA NOVO RIO (VIA ESTACIO),Fetranspor,419,17355617,"-22.9355","-43.1894"
133,133-LARGO DO MACHADO X RODOVIARIA NOVO RIO (VIA ESTACIO),Fetranspor,420,17355617,"-22.9354","-43.1893"
133,133-LARGO DO MACHADO X RODOVIARIA NOVO RIO (VIA ESTACIO),Fetranspor,421,17355617,"-22.9353","-43.189"
133,133-LARGO DO MACHADO X RODOVIARIA NOVO RIO (VIA ESTACIO),Fetranspor,422,17355617,"-22.9352","-43.1889"
133,133-LARGO DO MACHADO X RODOVIARIA NOVO RIO (VIA ESTACIO),Fetranspor,423,17355617,"-22.9352","-43.1889"
133,133-LARGO DO MACHADO X RODOVIARIA NOVO RIO (VIA ESTACIO),Fetranspor,424,17355617,"-22.9352","-43.1887"
133,133-LARGO DO MACHADO X RODOVIARIA NOVO RIO (VIA ESTACIO),Fetranspor,425,17355617,"-22.9352","-43.1887"
133,133-LARGO DO MACHADO X RODOVIARIA NOVO RIO (VIA ESTACIO),Fetranspor,426,17355617,"-22.9352","-43.1887"
133,133-LARGO DO MACHADO X RODOVIARIA NOVO RIO (VIA ESTACIO),Fetranspor,427,17355617,"-22.9351","-43.1886"
133,133-LARGO DO MACHADO X RODOVIARIA NOVO RIO (VIA ESTACIO),Fetranspor,428,17355617,"-22.9349","-43.1883"
133,133-LARGO DO MACHADO X RODOVIARIA NOVO RIO (VIA ESTACIO),Fetranspor,429,17355617,"-22.9345","-43.1875"
133,133-LARGO DO MACHADO X RODOVIARIA NOVO RIO (VIA ESTACIO),Fetranspor,430,17355617,"-22.9345","-43.1875"
133,133-LARGO DO MACHADO X RODOVIARIA NOVO RIO (VIA ESTACIO),Fetranspor,431,17355617,"-22.9346","-43.1873"
133,133-LARGO DO MACHADO X RODOVIARIA NOVO RIO (VIA ESTACIO),Fetranspor,432,17355617,"-22.9353","-43.1866"
133,133-LARGO DO MACHADO X RODOVIARIA NOVO RIO (VIA ESTACIO),Fetranspor,433,17355617,"-22.9354","-43.1865"
133,133-LARGO DO MACHADO X RODOVIARIA NOVO RIO (VIA ESTACIO),Fetranspor,434,17355617,"-22.9354","-43.1865"
133,133-LARGO DO MACHADO X RODOVIARIA NOVO RIO (VIA ESTACIO),Fetranspor,435,17355617,"-22.9352","-43.1862"
133,133-LARGO DO MACHADO X RODOVIARIA NOVO RIO (VIA ESTACIO),Fetranspor,436,17355617,"-22.9352","-43.186"
133,133-LARGO DO MACHADO X RODOVIARIA NOVO RIO (VIA ESTACIO),Fetranspor,437,17355617,"-22.9352","-43.186"
133,133-LARGO DO MACHADO X RODOVIARIA NOVO RIO (VIA ESTACIO),Fetranspor,438,17355617,"-22.9351","-43.1859"
133,133-LARGO DO MACHADO X RODOVIARIA NOVO RIO (VIA ESTACIO),Fetranspor,439,17355617,"-22.935","-43.1858"
133,133-LARGO DO MACHADO X RODOVIARIA NOVO RIO (VIA ESTACIO),Fetranspor,440,17355617,"-22.9346","-43.1849"
133,133-LARGO DO MACHADO X RODOVIARIA NOVO RIO (VIA ESTACIO),Fetranspor,441,17355617,"-22.9344","-43.1845"
133,133-LARGO DO MACHADO X RODOVIARIA NOVO RIO (VIA ESTACIO),Fetranspor,442,17355617,"-22.9344","-43.1844"
133,133-LARGO DO MACHADO X RODOVIARIA NOVO RIO (VIA ESTACIO),Fetranspor,443,17355617,"-22.9344","-43.1844"
133,133-LARGO DO MACHADO X RODOVIARIA NOVO RIO (VIA ESTACIO),Fetranspor,444,17355617,"-22.9343","-43.1843"
133,133-LARGO DO MACHADO X RODOVIARIA NOVO RIO (VIA ESTACIO),Fetranspor,445,17355617,"-22.934","-43.1836"
133,133-LARGO DO MACHADO X RODOVIARIA NOVO RIO (VIA ESTACIO),Fetranspor,446,17355617,"-22.934","-43.1836"
133,133-LARGO DO MACHADO X RODOVIARIA NOVO RIO (VIA ESTACIO),Fetranspor,447,17355617,"-22.9339","-43.1833"
133,133-LARGO DO MACHADO X RODOVIARIA NOVO RIO (VIA ESTACIO),Fetranspor,448,17355617,"-22.9338","-43.183"
133,133-LARGO DO MACHADO X RODOVIARIA NOVO RIO (VIA ESTACIO),Fetranspor,449,17355617,"-22.9337","-43.1828"
133,133-LARGO DO MACHADO X RODOVIARIA NOVO RIO (VIA ESTACIO),Fetranspor,450,17355617,"-22.9337","-43.1828"
133,133-LARGO DO MACHADO X RODOVIARIA NOVO RIO (VIA ESTACIO),Fetranspor,451,17355617,"-22.9337","-43.1827"
133,133-LARGO DO MACHADO X RODOVIARIA NOVO RIO (VIA ESTACIO),Fetranspor,452,17355617,"-22.9334","-43.1816"
133,133-LARGO DO MACHADO X RODOVIARIA NOVO RIO (VIA ESTACIO),Fetranspor,453,17355617,"-22.9333","-43.1813"
133,133-LARGO DO MACHADO X RODOVIARIA NOVO RIO (VIA ESTACIO),Fetranspor,454,17355617,"-22.9333","-43.1813"
133,133-LARGO DO MACHADO X RODOVIARIA NOVO RIO (VIA ESTACIO),Fetranspor,455,17355617,"-22.9332","-43.1809"
133,133-LARGO DO MACHADO X RODOVIARIA NOVO RIO (VIA ESTACIO),Fetranspor,456,17355617,"-22.9332","-43.1809"
133,133-LARGO DO MACHADO X RODOVIARIA NOVO RIO (VIA ESTACIO),Fetranspor,457,17355617,"-22.9331","-43.1804"
133,133-LARGO DO MACHADO X RODOVIARIA NOVO RIO (VIA ESTACIO),Fetranspor,458,17355617,"-22.9329","-43.1792"
133,133-LARGO DO MACHADO X RODOVIARIA NOVO RIO (VIA ESTACIO),Fetranspor,459,17355617,"-22.9329","-43.1792"
133,133-LARGO DO MACHADO X RODOVIARIA NOVO RIO (VIA ESTACIO),Fetranspor,460,17355617,"-22.9328","-43.1789"
133,133-LARGO DO MACHADO X RODOVIARIA NOVO RIO (VIA ESTACIO),Fetranspor,461,17355617,"-22.9328","-43.1789"
133,133-LARGO DO MACHADO X RODOVIARIA NOVO RIO (VIA ESTACIO),Fetranspor,462,17355617,"-22.9328","-43.1787"
133,133-LARGO DO MACHADO X RODOVIARIA NOVO RIO (VIA ESTACIO),Fetranspor,463,17355617,"-22.9327","-43.1778"
133,133-LARGO DO MACHADO X RODOVIARIA NOVO RIO (VIA ESTACIO),Fetranspor,464,17355617,"-22.9327","-43.1778"
133,133-LARGO DO MACHADO X RODOVIARIA NOVO RIO (VIA ESTACIO),Fetranspor,465,17355617,"-22.9328","-43.1777"
133,133-LARGO DO MACHADO X RODOVIARIA NOVO RIO (VIA ESTACIO),Fetranspor,466,17355617,"-22.9328","-43.1777"
133,133-LARGO DO MACHADO X RODOVIARIA NOVO RIO (VIA ESTACIO),Fetranspor,467,17355617,"-22.9329","-43.1777"
133,133-LARGO DO MACHADO X RODOVIARIA NOVO RIO (VIA ESTACIO),Fetranspor,468,17355617,"-22.9329","-43.1776"
133,133-LARGO DO MACHADO X RODOVIARIA NOVO RIO (VIA ESTACIO),Fetranspor,469,17355617,"-22.9329","-43.1776"
133,133-LARGO DO MACHADO X RODOVIARIA NOVO RIO (VIA ESTACIO),Fetranspor,470,17355617,"-22.9329","-43.1776"
133,133-LARGO DO MACHADO X RODOVIARIA NOVO RIO (VIA ESTACIO),Fetranspor,471,17355617,"-22.9328","-43.1775"
133,133-LARGO DO MACHADO X RODOVIARIA NOVO RIO (VIA ESTACIO),Fetranspor,472,17355617,"-22.9328","-43.1775"
133,133-LARGO DO MACHADO X RODOVIARIA NOVO RIO (VIA ESTACIO),Fetranspor,473,17355617,"-22.9328","-43.1774"
133,133-LARGO DO MACHADO X RODOVIARIA NOVO RIO (VIA ESTACIO),Fetranspor,474,17355617,"-22.9328","-43.1774"
133,133-LARGO DO MACHADO X RODOVIARIA NOVO RIO (VIA ESTACIO),Fetranspor,475,17355617,"-22.9327","-43.1774"
133,133-LARGO DO MACHADO X RODOVIARIA NOVO RIO (VIA ESTACIO),Fetranspor,476,17355617,"-22.9326","-43.1774"
133,133-LARGO DO MACHADO X RODOVIARIA NOVO RIO (VIA ESTACIO),Fetranspor,477,17355617,"-22.9326","-43.1774"
133,133-LARGO DO MACHADO X RODOVIARIA NOVO RIO (VIA ESTACIO),Fetranspor,478,17355617,"-22.9326","-43.1775"
133,133-LARGO DO MACHADO X RODOVIARIA NOVO RIO (VIA ESTACIO),Fetranspor,479,17355617,"-22.9325","-43.1775"
133,133-LARGO DO MACHADO X RODOVIARIA NOVO RIO (VIA ESTACIO),Fetranspor,480,17355617,"-22.9325","-43.1775"
133,133-LARGO DO MACHADO X RODOVIARIA NOVO RIO (VIA ESTACIO),Fetranspor,481,17355617,"-22.9322","-43.1776"
133,133-LARGO DO MACHADO X RODOVIARIA NOVO RIO (VIA ESTACIO),Fetranspor,482,17355617,"-22.9322","-43.1776"
133,133-LARGO DO MACHADO X RODOVIARIA NOVO RIO (VIA ESTACIO),Fetranspor,483,17355617,"-22.9315","-43.1776"
133,133-LARGO DO MACHADO X RODOVIARIA NOVO RIO (VIA ESTACIO),Fetranspor,484,17355617,"-22.9313","-43.1776"
133,133-LARGO DO MACHADO X RODOVIARIA NOVO RIO (VIA ESTACIO),Fetranspor,485,17355617,"-22.9313","-43.1776"
133,133-LARGO DO MACHADO X RODOVIARIA NOVO RIO (VIA ESTACIO),Fetranspor,486,17355617,"-22.9311","-43.1776"
133,133-LARGO DO MACHADO X RODOVIARIA NOVO RIO (VIA ESTACIO),Fetranspor,487,17355617,"-22.9311","-43.1776"
133,133-LARGO DO MACHADO X RODOVIARIA NOVO RIO (VIA ESTACIO),Fetranspor,488,17355617,"-22.931","-43.1777"
133,133-LARGO DO MACHADO X RODOVIARIA NOVO RIO (VIA ESTACIO),Fetranspor,489,17355617,"-22.9309","-43.1778"
133,133-LARGO DO MACHADO X RODOVIARIA NOVO RIO (VIA ESTACIO),Fetranspor,490,17355617,"-22.9309","-43.1779"
133,133-LARGO DO MACHADO X RODOVIARIA NOVO RIO (VIA ESTACIO),Fetranspor,491,17355617,"-22.9309","-43.178"
133,133-LARGO DO MACHADO X RODOVIARIA NOVO RIO (VIA ESTACIO),Fetranspor,492,17355617,"-22.9312","-43.1789"
133,133-LARGO DO MACHADO X RODOVIARIA NOVO RIO (VIA ESTACIO),Fetranspor,493,17355617,"-22.9313","-43.1791"
133,133-LARGO DO MACHADO X RODOVIARIA NOVO RIO (VIA ESTACIO),Fetranspor,0,17400774,"-22.9311","-43.1776"
133,133-LARGO DO MACHADO X RODOVIARIA NOVO RIO (VIA ESTACIO),Fetranspor,1,17400774,"-22.931","-43.1777"
133,133-LARGO DO MACHADO X RODOVIARIA NOVO RIO (VIA ESTACIO),Fetranspor,2,17400774,"-22.9309","-43.1778"
133,133-LARGO DO MACHADO X RODOVIARIA NOVO RIO (VIA ESTACIO),Fetranspor,3,17400774,"-22.9309","-43.1779"
133,133-LARGO DO MACHADO X RODOVIARIA NOVO RIO (VIA ESTACIO),Fetranspor,4,17400774,"-22.9309","-43.178"
133,133-LARGO DO MACHADO X RODOVIARIA NOVO RIO (VIA ESTACIO),Fetranspor,5,17400774,"-22.9312","-43.1789"
133,133-LARGO DO MACHADO X RODOVIARIA NOVO RIO (VIA ESTACIO),Fetranspor,6,17400774,"-22.9313","-43.1791"
133,133-LARGO DO MACHADO X RODOVIARIA NOVO RIO (VIA ESTACIO),Fetranspor,7,17400774,"-22.9313","-43.1791"
133,133-LARGO DO MACHADO X RODOVIARIA NOVO RIO (VIA ESTACIO),Fetranspor,8,17400774,"-22.9313","-43.1793"
133,133-LARGO DO MACHADO X RODOVIARIA NOVO RIO (VIA ESTACIO),Fetranspor,9,17400774,"-22.9313","-43.1793"
133,133-LARGO DO MACHADO X RODOVIARIA NOVO RIO (VIA ESTACIO),Fetranspor,10,17400774,"-22.9317","-43.1802"
133,133-LARGO DO MACHADO X RODOVIARIA NOVO RIO (VIA ESTACIO),Fetranspor,11,17400774,"-22.9319","-43.181"
133,133-LARGO DO MACHADO X RODOVIARIA NOVO RIO (VIA ESTACIO),Fetranspor,12,17400774,"-22.9322","-43.1817"
133,133-LARGO DO MACHADO X RODOVIARIA NOVO RIO (VIA ESTACIO),Fetranspor,13,17400774,"-22.9322","-43.1817"
133,133-LARGO DO MACHADO X RODOVIARIA NOVO RIO (VIA ESTACIO),Fetranspor,14,17400774,"-22.9323","-43.1822"
133,133-LARGO DO MACHADO X RODOVIARIA NOVO RIO (VIA ESTACIO),Fetranspor,15,17400774,"-22.9323","-43.1822"
133,133-LARGO DO MACHADO X RODOVIARIA NOVO RIO (VIA ESTACIO),Fetranspor,16,17400774,"-22.9327","-43.1833"
133,133-LARGO DO MACHADO X RODOVIARIA NOVO RIO (VIA ESTACIO),Fetranspor,17,17400774,"-22.9328","-43.1837"
133,133-LARGO DO MACHADO X RODOVIARIA NOVO RIO (VIA ESTACIO),Fetranspor,18,17400774,"-22.9328","-43.1837"
133,133-LARGO DO MACHADO X RODOVIARIA NOVO RIO (VIA ESTACIO),Fetranspor,19,17400774,"-22.9329","-43.1838"
133,133-LARGO DO MACHADO X RODOVIARIA NOVO RIO (VIA ESTACIO),Fetranspor,20,17400774,"-22.9329","-43.1839"
133,133-LARGO DO MACHADO X RODOVIARIA NOVO RIO (VIA ESTACIO),Fetranspor,21,17400774,"-22.9329","-43.1839"
133,133-LARGO DO MACHADO X RODOVIARIA NOVO RIO (VIA ESTACIO),Fetranspor,22,17400774,"-22.933","-43.184"
133,133-LARGO DO MACHADO X RODOVIARIA NOVO RIO (VIA ESTACIO),Fetranspor,23,17400774,"-22.9331","-43.1842"
133,133-LARGO DO MACHADO X RODOVIARIA NOVO RIO (VIA ESTACIO),Fetranspor,24,17400774,"-22.9331","-43.1842"
133,133-LARGO DO MACHADO X RODOVIARIA NOVO RIO (VIA ESTACIO),Fetranspor,25,17400774,"-22.9332","-43.1844"
133,133-LARGO DO MACHADO X RODOVIARIA NOVO RIO (VIA ESTACIO),Fetranspor,26,17400774,"-22.9333","-43.1845"
133,133-LARGO DO MACHADO X RODOVIARIA NOVO RIO (VIA ESTACIO),Fetranspor,27,17400774,"-22.9333","-43.1846"
133,133-LARGO DO MACHADO X RODOVIARIA NOVO RIO (VIA ESTACIO),Fetranspor,28,17400774,"-22.9333","-43.1846"
133,133-LARGO DO MACHADO X RODOVIARIA NOVO RIO (VIA ESTACIO),Fetranspor,29,17400774,"-22.9333","-43.1846"
133,133-LARGO DO MACHADO X RODOVIARIA NOVO RIO (VIA ESTACIO),Fetranspor,30,17400774,"-22.9333","-43.1847"
133,133-LARGO DO MACHADO X RODOVIARIA NOVO RIO (VIA ESTACIO),Fetranspor,31,17400774,"-22.9333","-43.1848"
133,133-LARGO DO MACHADO X RODOVIARIA NOVO RIO (VIA ESTACIO),Fetranspor,32,17400774,"-22.9333","-43.1848"
133,133-LARGO DO MACHADO X RODOVIARIA NOVO RIO (VIA ESTACIO),Fetranspor,33,17400774,"-22.9333","-43.185"
133,133-LARGO DO MACHADO X RODOVIARIA NOVO RIO (VIA ESTACIO),Fetranspor,34,17400774,"-22.9333","-43.1853"
133,133-LARGO DO MACHADO X RODOVIARIA NOVO RIO (VIA ESTACIO),Fetranspor,35,17400774,"-22.9333","-43.1853"
133,133-LARGO DO MACHADO X RODOVIARIA NOVO RIO (VIA ESTACIO),Fetranspor,36,17400774,"-22.9334","-43.1855"
133,133-LARGO DO MACHADO X RODOVIARIA NOVO RIO (VIA ESTACIO),Fetranspor,37,17400774,"-22.9334","-43.1856"
133,133-LARGO DO MACHADO X RODOVIARIA NOVO RIO (VIA ESTACIO),Fetranspor,38,17400774,"-22.9334","-43.1856"
133,133-LARGO DO MACHADO X RODOVIARIA NOVO RIO (VIA ESTACIO),Fetranspor,39,17400774,"-22.9334","-43.1857"
133,133-LARGO DO MACHADO X RODOVIARIA NOVO RIO (VIA ESTACIO),Fetranspor,40,17400774,"-22.9335","-43.1859"
133,133-LARGO DO MACHADO X RODOVIARIA NOVO RIO (VIA ESTACIO),Fetranspor,41,17400774,"-22.9336","-43.1861"
133,133-LARGO DO MACHADO X RODOVIARIA NOVO RIO (VIA ESTACIO),Fetranspor,42,17400774,"-22.9338","-43.1864"
133,133-LARGO DO MACHADO X RODOVIARIA NOVO RIO (VIA ESTACIO),Fetranspor,43,17400774,"-22.9338","-43.1864"
133,133-LARGO DO MACHADO X RODOVIARIA NOVO RIO (VIA ESTACIO),Fetranspor,44,17400774,"-22.9341","-43.187"
133,133-LARGO DO MACHADO X RODOVIARIA NOVO RIO (VIA ESTACIO),Fetranspor,45,17400774,"-22.9341","-43.187"
133,133-LARGO DO MACHADO X RODOVIARIA NOVO RIO (VIA ESTACIO),Fetranspor,46,17400774,"-22.9345","-43.1875"
133,133-LARGO DO MACHADO X RODOVIARIA NOVO RIO (VIA ESTACIO),Fetranspor,47,17400774,"-22.9345","-43.1875"
133,133-LARGO DO MACHADO X RODOVIARIA NOVO RIO (VIA ESTACIO),Fetranspor,48,17400774,"-22.9349","-43.1883"
133,133-LARGO DO MACHADO X RODOVIARIA NOVO RIO (VIA ESTACIO),Fetranspor,49,17400774,"-22.9351","-43.1886"
133,133-LARGO DO MACHADO X RODOVIARIA NOVO RIO (VIA ESTACIO),Fetranspor,50,17400774,"-22.9352","-43.1887"
133,133-LARGO DO MACHADO X RODOVIARIA NOVO RIO (VIA ESTACIO),Fetranspor,51,17400774,"-22.9352","-43.1887"
133,133-LARGO DO MACHADO X RODOVIARIA NOVO RIO (VIA ESTACIO),Fetranspor,52,17400774,"-22.9352","-43.1887"
133,133-LARGO DO MACHADO X RODOVIARIA NOVO RIO (VIA ESTACIO),Fetranspor,53,17400774,"-22.9352","-43.1889"
133,133-LARGO DO MACHADO X RODOVIARIA NOVO RIO (VIA ESTACIO),Fetranspor,54,17400774,"-22.9352","-43.1889"
133,133-LARGO DO MACHADO X RODOVIARIA NOVO RIO (VIA ESTACIO),Fetranspor,55,17400774,"-22.9353","-43.189"
133,133-LARGO DO MACHADO X RODOVIARIA NOVO RIO (VIA ESTACIO),Fetranspor,56,17400774,"-22.9354","-43.1893"
133,133-LARGO DO MACHADO X RODOVIARIA NOVO RIO (VIA ESTACIO),Fetranspor,57,17400774,"-22.9355","-43.1894"
133,133-LARGO DO MACHADO X RODOVIARIA NOVO RIO (VIA ESTACIO),Fetranspor,58,17400774,"-22.9356","-43.1895"
133,133-LARGO DO MACHADO X RODOVIARIA NOVO RIO (VIA ESTACIO),Fetranspor,59,17400774,"-22.9357","-43.1896"
133,133-LARGO DO MACHADO X RODOVIARIA NOVO RIO (VIA ESTACIO),Fetranspor,60,17400774,"-22.9363","-43.19"
133,133-LARGO DO MACHADO X RODOVIARIA NOVO RIO (VIA ESTACIO),Fetranspor,61,17400774,"-22.9363","-43.1901"
133,133-LARGO DO MACHADO X RODOVIARIA NOVO RIO (VIA ESTACIO),Fetranspor,62,17400774,"-22.9363","-43.1901"
133,133-LARGO DO MACHADO X RODOVIARIA NOVO RIO (VIA ESTACIO),Fetranspor,63,17400774,"-22.9363","-43.1902"
133,133-LARGO DO MACHADO X RODOVIARIA NOVO RIO (VIA ESTACIO),Fetranspor,64,17400774,"-22.9363","-43.1902"
133,133-LARGO DO MACHADO X RODOVIARIA NOVO RIO (VIA ESTACIO),Fetranspor,65,17400774,"-22.9363","-43.1903"
133,133-LARGO DO MACHADO X RODOVIARIA NOVO RIO (VIA ESTACIO),Fetranspor,66,17400774,"-22.936","-43.1907"
133,133-LARGO DO MACHADO X RODOVIARIA NOVO RIO (VIA ESTACIO),Fetranspor,67,17400774,"-22.9359","-43.1908"
133,133-LARGO DO MACHADO X RODOVIARIA NOVO RIO (VIA ESTACIO),Fetranspor,68,17400774,"-22.9358","-43.1911"
133,133-LARGO DO MACHADO X RODOVIARIA NOVO RIO (VIA ESTACIO),Fetranspor,69,17400774,"-22.9353","-43.1922"
133,133-LARGO DO MACHADO X RODOVIARIA NOVO RIO (VIA ESTACIO),Fetranspor,70,17400774,"-22.9353","-43.1924"
133,133-LARGO DO MACHADO X RODOVIARIA NOVO RIO (VIA ESTACIO),Fetranspor,71,17400774,"-22.9352","-43.1928"
133,133-LARGO DO MACHADO X RODOVIARIA NOVO RIO (VIA ESTACIO),Fetranspor,72,17400774,"-22.9352","-43.1929"
133,133-LARGO DO MACHADO X RODOVIARIA NOVO RIO (VIA ESTACIO),Fetranspor,73,17400774,"-22.9352","-43.193"
133,133-LARGO DO MACHADO X RODOVIARIA NOVO RIO (VIA ESTACIO),Fetranspor,74,17400774,"-22.9352","-43.1931"
133,133-LARGO DO MACHADO X RODOVIARIA NOVO RIO (VIA ESTACIO),Fetranspor,75,17400774,"-22.9352","-43.1931"
133,133-LARGO DO MACHADO X RODOVIARIA NOVO RIO (VIA ESTACIO),Fetranspor,76,17400774,"-22.9353","-43.1931"
133,133-LARGO DO MACHADO X RODOVIARIA NOVO RIO (VIA ESTACIO),Fetranspor,77,17400774,"-22.9353","-43.1932"
133,133-LARGO DO MACHADO X RODOVIARIA NOVO RIO (VIA ESTACIO),Fetranspor,78,17400774,"-22.9353","-43.1932"
133,133-LARGO DO MACHADO X RODOVIARIA NOVO RIO (VIA ESTACIO),Fetranspor,79,17400774,"-22.9354","-43.1931"
133,133-LARGO DO MACHADO X RODOVIARIA NOVO RIO (VIA ESTACIO),Fetranspor,80,17400774,"-22.9354","-43.1931"
133,133-LARGO DO MACHADO X RODOVIARIA NOVO RIO (VIA ESTACIO),Fetranspor,81,17400774,"-22.9354","-43.1931"
133,133-LARGO DO MACHADO X RODOVIARIA NOVO RIO (VIA ESTACIO),Fetranspor,82,17400774,"-22.9354","-43.1931"
133,133-LARGO DO MACHADO X RODOVIARIA NOVO RIO (VIA ESTACIO),Fetranspor,83,17400774,"-22.9354","-43.1928"
133,133-LARGO DO MACHADO X RODOVIARIA NOVO RIO (VIA ESTACIO),Fetranspor,84,17400774,"-22.9354","-43.1927"
133,133-LARGO DO MACHADO X RODOVIARIA NOVO RIO (VIA ESTACIO),Fetranspor,85,17400774,"-22.9354","-43.1927"
133,133-LARGO DO MACHADO X RODOVIARIA NOVO RIO (VIA ESTACIO),Fetranspor,86,17400774,"-22.9354","-43.1926"
133,133-LARGO DO MACHADO X RODOVIARIA NOVO RIO (VIA ESTACIO),Fetranspor,87,17400774,"-22.9355","-43.1926"
133,133-LARGO DO MACHADO X RODOVIARIA NOVO RIO (VIA ESTACIO),Fetranspor,88,17400774,"-22.9355","-43.1926"
133,133-LARGO DO MACHADO X RODOVIARIA NOVO RIO (VIA ESTACIO),Fetranspor,89,17400774,"-22.9355","-43.1926"
133,133-LARGO DO MACHADO X RODOVIARIA NOVO RIO (VIA ESTACIO),Fetranspor,90,17400774,"-22.9356","-43.1926"
133,133-LARGO DO MACHADO X RODOVIARIA NOVO RIO (VIA ESTACIO),Fetranspor,91,17400774,"-22.9356","-43.1926"
133,133-LARGO DO MACHADO X RODOVIARIA NOVO RIO (VIA ESTACIO),Fetranspor,92,17400774,"-22.9356","-43.1926"
133,133-LARGO DO MACHADO X RODOVIARIA NOVO RIO (VIA ESTACIO),Fetranspor,93,17400774,"-22.9357","-43.1927"
133,133-LARGO DO MACHADO X RODOVIARIA NOVO RIO (VIA ESTACIO),Fetranspor,94,17400774,"-22.9357","-43.1928"
133,133-LARGO DO MACHADO X RODOVIARIA NOVO RIO (VIA ESTACIO),Fetranspor,95,17400774,"-22.9355","-43.1931"
133,133-LARGO DO MACHADO X RODOVIARIA NOVO RIO (VIA ESTACIO),Fetranspor,96,17400774,"-22.9355","-43.1934"
133,133-LARGO DO MACHADO X RODOVIARIA NOVO RIO (VIA ESTACIO),Fetranspor,97,17400774,"-22.9355","-43.1935"
133,133-LARGO DO MACHADO X RODOVIARIA NOVO RIO (VIA ESTACIO),Fetranspor,98,17400774,"-22.9355","-43.1936"
133,133-LARGO DO MACHADO X RODOVIARIA NOVO RIO (VIA ESTACIO),Fetranspor,99,17400774,"-22.9356","-43.1937"
133,133-LARGO DO MACHADO X RODOVIARIA NOVO RIO (VIA ESTACIO),Fetranspor,100,17400774,"-22.9357","-43.1939"
133,133-LARGO DO MACHADO X RODOVIARIA NOVO RIO (VIA ESTACIO),Fetranspor,101,17400774,"-22.9357","-43.1939"
133,133-LARGO DO MACHADO X RODOVIARIA NOVO RIO (VIA ESTACIO),Fetranspor,102,17400774,"-22.9357","-43.1939"
133,133-LARGO DO MACHADO X RODOVIARIA NOVO RIO (VIA ESTACIO),Fetranspor,103,17400774,"-22.9357","-43.194"
133,133-LARGO DO MACHADO X RODOVIARIA NOVO RIO (VIA ESTACIO),Fetranspor,104,17400774,"-22.9357","-43.194"
133,133-LARGO DO MACHADO X RODOVIARIA NOVO RIO (VIA ESTACIO),Fetranspor,105,17400774,"-22.9357","-43.194"
133,133-LARGO DO MACHADO X RODOVIARIA NOVO RIO (VIA ESTACIO),Fetranspor,106,17400774,"-22.9357","-43.194"
133,133-LARGO DO MACHADO X RODOVIARIA NOVO RIO (VIA ESTACIO),Fetranspor,107,17400774,"-22.9357","-43.1941"
133,133-LARGO DO MACHADO X RODOVIARIA NOVO RIO (VIA ESTACIO),Fetranspor,108,17400774,"-22.9356","-43.1941"
133,133-LARGO DO MACHADO X RODOVIARIA NOVO RIO (VIA ESTACIO),Fetranspor,109,17400774,"-22.9356","-43.194"
133,133-LARGO DO MACHADO X RODOVIARIA NOVO RIO (VIA ESTACIO),Fetranspor,110,17400774,"-22.9356","-43.194"
133,133-LARGO DO MACHADO X RODOVIARIA NOVO RIO (VIA ESTACIO),Fetranspor,111,17400774,"-22.9355","-43.1938"
133,133-LARGO DO MACHADO X RODOVIARIA NOVO RIO (VIA ESTACIO),Fetranspor,112,17400774,"-22.9354","-43.1937"
133,133-LARGO DO MACHADO X RODOVIARIA NOVO RIO (VIA ESTACIO),Fetranspor,113,17400774,"-22.9353","-43.1936"
133,133-LARGO DO MACHADO X RODOVIARIA NOVO RIO (VIA ESTACIO),Fetranspor,114,17400774,"-22.9352","-43.1934"
133,133-LARGO DO MACHADO X RODOVIARIA NOVO RIO (VIA ESTACIO),Fetranspor,115,17400774,"-22.935","-43.1932"
133,133-LARGO DO MACHADO X RODOVIARIA NOVO RIO (VIA ESTACIO),Fetranspor,116,17400774,"-22.9349","-43.1931"
133,133-LARGO DO MACHADO X RODOVIARIA NOVO RIO (VIA ESTACIO),Fetranspor,117,17400774,"-22.9348","-43.193"
133,133-LARGO DO MACHADO X RODOVIARIA NOVO RIO (VIA ESTACIO),Fetranspor,118,17400774,"-22.9347","-43.1929"
133,133-LARGO DO MACHADO X RODOVIARIA NOVO RIO (VIA ESTACIO),Fetranspor,119,17400774,"-22.9347","-43.1927"
133,133-LARGO DO MACHADO X RODOVIARIA NOVO RIO (VIA ESTACIO),Fetranspor,120,17400774,"-22.9346","-43.1926"
133,133-LARGO DO MACHADO X RODOVIARIA NOVO RIO (VIA ESTACIO),Fetranspor,121,17400774,"-22.9346","-43.1924"
133,133-LARGO DO MACHADO X RODOVIARIA NOVO RIO (VIA ESTACIO),Fetranspor,122,17400774,"-22.9346","-43.1923"
133,133-LARGO DO MACHADO X RODOVIARIA NOVO RIO (VIA ESTACIO),Fetranspor,123,17400774,"-22.9346","-43.1923"
133,133-LARGO DO MACHADO X RODOVIARIA NOVO RIO (VIA ESTACIO),Fetranspor,124,17400774,"-22.9347","-43.192"
133,133-LARGO DO MACHADO X RODOVIARIA NOVO RIO (VIA ESTACIO),Fetranspor,125,17400774,"-22.9347","-43.1918"
133,133-LARGO DO MACHADO X RODOVIARIA NOVO RIO (VIA ESTACIO),Fetranspor,126,17400774,"-22.9348","-43.1916"
133,133-LARGO DO MACHADO X RODOVIARIA NOVO RIO (VIA ESTACIO),Fetranspor,127,17400774,"-22.9347","-43.1914"
133,133-LARGO DO MACHADO X RODOVIARIA NOVO RIO (VIA ESTACIO),Fetranspor,128,17400774,"-22.9347","-43.1912"
133,133-LARGO DO MACHADO X RODOVIARIA NOVO RIO (VIA ESTACIO),Fetranspor,129,17400774,"-22.9347","-43.1912"
133,133-LARGO DO MACHADO X RODOVIARIA NOVO RIO (VIA ESTACIO),Fetranspor,130,17400774,"-22.9347","-43.1912"
133,133-LARGO DO MACHADO X RODOVIARIA NOVO RIO (VIA ESTACIO),Fetranspor,131,17400774,"-22.9346","-43.1912"
133,133-LARGO DO MACHADO X RODOVIARIA NOVO RIO (VIA ESTACIO),Fetranspor,132,17400774,"-22.9346","-43.1912"
133,133-LARGO DO MACHADO X RODOVIARIA NOVO RIO (VIA ESTACIO),Fetranspor,133,17400774,"-22.9346","-43.1913"
133,133-LARGO DO MACHADO X RODOVIARIA NOVO RIO (VIA ESTACIO),Fetranspor,134,17400774,"-22.9346","-43.1915"
133,133-LARGO DO MACHADO X RODOVIARIA NOVO RIO (VIA ESTACIO),Fetranspor,135,17400774,"-22.9346","-43.1916"
133,133-LARGO DO MACHADO X RODOVIARIA NOVO RIO (VIA ESTACIO),Fetranspor,136,17400774,"-22.9346","-43.1917"
133,133-LARGO DO MACHADO X RODOVIARIA NOVO RIO (VIA ESTACIO),Fetranspor,137,17400774,"-22.9346","-43.1918"
133,133-LARGO DO MACHADO X RODOVIARIA NOVO RIO (VIA ESTACIO),Fetranspor,138,17400774,"-22.9344","-43.1925"
133,133-LARGO DO MACHADO X RODOVIARIA NOVO RIO (VIA ESTACIO),Fetranspor,139,17400774,"-22.9344","-43.1926"
133,133-LARGO DO MACHADO X RODOVIARIA NOVO RIO (VIA ESTACIO),Fetranspor,140,17400774,"-22.9344","-43.1927"
133,133-LARGO DO MACHADO X RODOVIARIA NOVO RIO (VIA ESTACIO),Fetranspor,141,17400774,"-22.9344","-43.1929"
133,133-LARGO DO MACHADO X RODOVIARIA NOVO RIO (VIA ESTACIO),Fetranspor,142,17400774,"-22.9345","-43.1931"
133,133-LARGO DO MACHADO X RODOVIARIA NOVO RIO (VIA ESTACIO),Fetranspor,143,17400774,"-22.9345","-43.1932"
133,133-LARGO DO MACHADO X RODOVIARIA NOVO RIO (VIA ESTACIO),Fetranspor,144,17400774,"-22.9346","-43.1934"
133,133-LARGO DO MACHADO X RODOVIARIA NOVO RIO (VIA ESTACIO),Fetranspor,145,17400774,"-22.9349","-43.1938"
133,133-LARGO DO MACHADO X RODOVIARIA NOVO RIO (VIA ESTACIO),Fetranspor,146,17400774,"-22.9351","-43.194"
133,133-LARGO DO MACHADO X RODOVIARIA NOVO RIO (VIA ESTACIO),Fetranspor,147,17400774,"-22.9354","-43.1946"
133,133-LARGO DO MACHADO X RODOVIARIA NOVO RIO (VIA ESTACIO),Fetranspor,148,17400774,"-22.9355","-43.1948"
133,133-LARGO DO MACHADO X RODOVIARIA NOVO RIO (VIA ESTACIO),Fetranspor,149,17400774,"-22.9356","-43.1949"
133,133-LARGO DO MACHADO X RODOVIARIA NOVO RIO (VIA ESTACIO),Fetranspor,150,17400774,"-22.9356","-43.1949"
133,133-LARGO DO MACHADO X RODOVIARIA NOVO RIO (VIA ESTACIO),Fetranspor,151,17400774,"-22.9357","-43.195"
133,133-LARGO DO MACHADO X RODOVIARIA NOVO RIO (VIA ESTACIO),Fetranspor,152,17400774,"-22.9357","-43.195"
133,133-LARGO DO MACHADO X RODOVIARIA NOVO RIO (VIA ESTACIO),Fetranspor,153,17400774,"-22.9358","-43.195"
133,133-LARGO DO MACHADO X RODOVIARIA NOVO RIO (VIA ESTACIO),Fetranspor,154,17400774,"-22.9358","-43.195"
133,133-LARGO DO MACHADO X RODOVIARIA NOVO RIO (VIA ESTACIO),Fetranspor,155,17400774,"-22.9359","-43.1949"
133,133-LARGO DO MACHADO X RODOVIARIA NOVO RIO (VIA ESTACIO),Fetranspor,156,17400774,"-22.936","-43.1947"
133,133-LARGO DO MACHADO X RODOVIARIA NOVO RIO (VIA ESTACIO),Fetranspor,157,17400774,"-22.936","-43.1947"
133,133-LARGO DO MACHADO X RODOVIARIA NOVO RIO (VIA ESTACIO),Fetranspor,158,17400774,"-22.9361","-43.1946"
133,133-LARGO DO MACHADO X RODOVIARIA NOVO RIO (VIA ESTACIO),Fetranspor,159,17400774,"-22.9361","-43.1946"
133,133-LARGO DO MACHADO X RODOVIARIA NOVO RIO (VIA ESTACIO),Fetranspor,160,17400774,"-22.9362","-43.1946"
133,133-LARGO DO MACHADO X RODOVIARIA NOVO RIO (VIA ESTACIO),Fetranspor,161,17400774,"-22.9363","-43.1947"
133,133-LARGO DO MACHADO X RODOVIARIA NOVO RIO (VIA ESTACIO),Fetranspor,162,17400774,"-22.9363","-43.1947"
133,133-LARGO DO MACHADO X RODOVIARIA NOVO RIO (VIA ESTACIO),Fetranspor,163,17400774,"-22.9364","-43.1948"
133,133-LARGO DO MACHADO X RODOVIARIA NOVO RIO (VIA ESTACIO),Fetranspor,164,17400774,"-22.9364","-43.1951"
133,133-LARGO DO MACHADO X RODOVIARIA NOVO RIO (VIA ESTACIO),Fetranspor,165,17400774,"-22.9368","-43.1968"
133,133-LARGO DO MACHADO X RODOVIARIA NOVO RIO (VIA ESTACIO),Fetranspor,166,17400774,"-22.9368","-43.1969"
133,133-LARGO DO MACHADO X RODOVIARIA NOVO RIO (VIA ESTACIO),Fetranspor,167,17400774,"-22.9368","-43.197"
133,133-LARGO DO MACHADO X RODOVIARIA NOVO RIO (VIA ESTACIO),Fetranspor,168,17400774,"-22.9368","-43.1972"
133,133-LARGO DO MACHADO X RODOVIARIA NOVO RIO (VIA ESTACIO),Fetranspor,169,17400774,"-22.9368","-43.1974"
133,133-LARGO DO MACHADO X RODOVIARIA NOVO RIO (VIA ESTACIO),Fetranspor,170,17400774,"-22.9368","-43.1975"
133,133-LARGO DO MACHADO X RODOVIARIA NOVO RIO (VIA ESTACIO),Fetranspor,171,17400774,"-22.9365","-43.1979"
133,133-LARGO DO MACHADO X RODOVIARIA NOVO RIO (VIA ESTACIO),Fetranspor,172,17400774,"-22.9365","-43.198"
133,133-LARGO DO MACHADO X RODOVIARIA NOVO RIO (VIA ESTACIO),Fetranspor,173,17400774,"-22.9365","-43.198"
133,133-LARGO DO MACHADO X RODOVIARIA NOVO RIO (VIA ESTACIO),Fetranspor,174,17400774,"-22.9365","-43.1983"
133,133-LARGO DO MACHADO X RODOVIARIA NOVO RIO (VIA ESTACIO),Fetranspor,175,17400774,"-22.9365","-43.1991"
133,133-LARGO DO MACHADO X RODOVIARIA NOVO RIO (VIA ESTACIO),Fetranspor,176,17400774,"-22.9365","-43.1991"
133,133-LARGO DO MACHADO X RODOVIARIA NOVO RIO (VIA ESTACIO),Fetranspor,177,17400774,"-22.9365","-43.1991"
133,133-LARGO DO MACHADO X RODOVIARIA NOVO RIO (VIA ESTACIO),Fetranspor,178,17400774,"-22.9363","-43.1993"
133,133-LARGO DO MACHADO X RODOVIARIA NOVO RIO (VIA ESTACIO),Fetranspor,179,17400774,"-22.9363","-43.1993"
133,133-LARGO DO MACHADO X RODOVIARIA NOVO RIO (VIA ESTACIO),Fetranspor,180,17400774,"-22.9362","-43.1993"
133,133-LARGO DO MACHADO X RODOVIARIA NOVO RIO (VIA ESTACIO),Fetranspor,181,17400774,"-22.9362","-43.1993"
133,133-LARGO DO MACHADO X RODOVIARIA NOVO RIO (VIA ESTACIO),Fetranspor,182,17400774,"-22.9359","-43.1995"
133,133-LARGO DO MACHADO X RODOVIARIA NOVO RIO (VIA ESTACIO),Fetranspor,183,17400774,"-22.9359","-43.1995"
133,133-LARGO DO MACHADO X RODOVIARIA NOVO RIO (VIA ESTACIO),Fetranspor,184,17400774,"-22.9339","-43.2"
133,133-LARGO DO MACHADO X RODOVIARIA NOVO RIO (VIA ESTACIO),Fetranspor,185,17400774,"-22.9338","-43.2001"
133,133-LARGO DO MACHADO X RODOVIARIA NOVO RIO (VIA ESTACIO),Fetranspor,186,17400774,"-22.9338","-43.2002"
133,133-LARGO DO MACHADO X RODOVIARIA NOVO RIO (VIA ESTACIO),Fetranspor,187,17400774,"-22.9338","-43.2003"
133,133-LARGO DO MACHADO X RODOVIARIA NOVO RIO (VIA ESTACIO),Fetranspor,188,17400774,"-22.9338","-43.2003"
133,133-LARGO DO MACHADO X RODOVIARIA NOVO RIO (VIA ESTACIO),Fetranspor,189,17400774,"-22.9337","-43.2005"
133,133-LARGO DO MACHADO X RODOVIARIA NOVO RIO (VIA ESTACIO),Fetranspor,190,17400774,"-22.9336","-43.2007"
133,133-LARGO DO MACHADO X RODOVIARIA NOVO RIO (VIA ESTACIO),Fetranspor,191,17400774,"-22.9335","-43.2008"
133,133-LARGO DO MACHADO X RODOVIARIA NOVO RIO (VIA ESTACIO),Fetranspor,192,17400774,"-22.9335","-43.2009"
133,133-LARGO DO MACHADO X RODOVIARIA NOVO RIO (VIA ESTACIO),Fetranspor,193,17400774,"-22.9334","-43.201"
133,133-LARGO DO MACHADO X RODOVIARIA NOVO RIO (VIA ESTACIO),Fetranspor,194,17400774,"-22.9333","-43.201"
133,133-LARGO DO MACHADO X RODOVIARIA NOVO RIO (VIA ESTACIO),Fetranspor,195,17400774,"-22.9332","-43.201"
133,133-LARGO DO MACHADO X RODOVIARIA NOVO RIO (VIA ESTACIO),Fetranspor,196,17400774,"-22.9331","-43.2011"
133,133-LARGO DO MACHADO X RODOVIARIA NOVO RIO (VIA ESTACIO),Fetranspor,197,17400774,"-22.933","-43.2011"
133,133-LARGO DO MACHADO X RODOVIARIA NOVO RIO (VIA ESTACIO),Fetranspor,198,17400774,"-22.9327","-43.2011"
133,133-LARGO DO MACHADO X RODOVIARIA NOVO RIO (VIA ESTACIO),Fetranspor,199,17400774,"-22.9326","-43.2011"
133,133-LARGO DO MACHADO X RODOVIARIA NOVO RIO (VIA ESTACIO),Fetranspor,200,17400774,"-22.9325","-43.2011"
133,133-LARGO DO MACHADO X RODOVIARIA NOVO RIO (VIA ESTACIO),Fetranspor,201,17400774,"-22.9324","-43.2012"
133,133-LARGO DO MACHADO X RODOVIARIA NOVO RIO (VIA ESTACIO),Fetranspor,202,17400774,"-22.9323","-43.2013"
133,133-LARGO DO MACHADO X RODOVIARIA NOVO RIO (VIA ESTACIO),Fetranspor,203,17400774,"-22.9323","-43.2013"
133,133-LARGO DO MACHADO X RODOVIARIA NOVO RIO (VIA ESTACIO),Fetranspor,204,17400774,"-22.9321","-43.2013"
133,133-LARGO DO MACHADO X RODOVIARIA NOVO RIO (VIA ESTACIO),Fetranspor,205,17400774,"-22.932","-43.2014"
133,133-LARGO DO MACHADO X RODOVIARIA NOVO RIO (VIA ESTACIO),Fetranspor,206,17400774,"-22.9319","-43.2014"
133,133-LARGO DO MACHADO X RODOVIARIA NOVO RIO (VIA ESTACIO),Fetranspor,207,17400774,"-22.9313","-43.2014"
133,133-LARGO DO MACHADO X RODOVIARIA NOVO RIO (VIA ESTACIO),Fetranspor,208,17400774,"-22.9312","-43.2014"
133,133-LARGO DO MACHADO X RODOVIARIA NOVO RIO (VIA ESTACIO),Fetranspor,209,17400774,"-22.9311","-43.2014"
133,133-LARGO DO MACHADO X RODOVIARIA NOVO RIO (VIA ESTACIO),Fetranspor,210,17400774,"-22.9311","-43.2015"
133,133-LARGO DO MACHADO X RODOVIARIA NOVO RIO (VIA ESTACIO),Fetranspor,211,17400774,"-22.9308","-43.2018"
133,133-LARGO DO MACHADO X RODOVIARIA NOVO RIO (VIA ESTACIO),Fetranspor,212,17400774,"-22.9307","-43.2018"
133,133-LARGO DO MACHADO X RODOVIARIA NOVO RIO (VIA ESTACIO),Fetranspor,213,17400774,"-22.9307","-43.2018"
133,133-LARGO DO MACHADO X RODOVIARIA NOVO RIO (VIA ESTACIO),Fetranspor,214,17400774,"-22.9307","-43.2018"
133,133-LARGO DO MACHADO X RODOVIARIA NOVO RIO (VIA ESTACIO),Fetranspor,215,17400774,"-22.9307","-43.2018"
133,133-LARGO DO MACHADO X RODOVIARIA NOVO RIO (VIA ESTACIO),Fetranspor,216,17400774,"-22.9306","-43.2019"
133,133-LARGO DO MACHADO X RODOVIARIA NOVO RIO (VIA ESTACIO),Fetranspor,217,17400774,"-22.9305","-43.2019"
133,133-LARGO DO MACHADO X RODOVIARIA NOVO RIO (VIA ESTACIO),Fetranspor,218,17400774,"-22.9302","-43.2019"
133,133-LARGO DO MACHADO X RODOVIARIA NOVO RIO (VIA ESTACIO),Fetranspor,219,17400774,"-22.9302","-43.2019"
133,133-LARGO DO MACHADO X RODOVIARIA NOVO RIO (VIA ESTACIO),Fetranspor,220,17400774,"-22.9299","-43.2019"
133,133-LARGO DO MACHADO X RODOVIARIA NOVO RIO (VIA ESTACIO),Fetranspor,221,17400774,"-22.9297","-43.202"
133,133-LARGO DO MACHADO X RODOVIARIA NOVO RIO (VIA ESTACIO),Fetranspor,222,17400774,"-22.9296","-43.202"
133,133-LARGO DO MACHADO X RODOVIARIA NOVO RIO (VIA ESTACIO),Fetranspor,223,17400774,"-22.9296","-43.2021"
133,133-LARGO DO MACHADO X RODOVIARIA NOVO RIO (VIA ESTACIO),Fetranspor,224,17400774,"-22.9295","-43.2022"
133,133-LARGO DO MACHADO X RODOVIARIA NOVO RIO (VIA ESTACIO),Fetranspor,225,17400774,"-22.9293","-43.2027"
133,133-LARGO DO MACHADO X RODOVIARIA NOVO RIO (VIA ESTACIO),Fetranspor,226,17400774,"-22.9293","-43.2027"
133,133-LARGO DO MACHADO X RODOVIARIA NOVO RIO (VIA ESTACIO),Fetranspor,227,17400774,"-22.9292","-43.2029"
133,133-LARGO DO MACHADO X RODOVIARIA NOVO RIO (VIA ESTACIO),Fetranspor,228,17400774,"-22.9291","-43.203"
133,133-LARGO DO MACHADO X RODOVIARIA NOVO RIO (VIA ESTACIO),Fetranspor,229,17400774,"-22.9291","-43.203"
133,133-LARGO DO MACHADO X RODOVIARIA NOVO RIO (VIA ESTACIO),Fetranspor,230,17400774,"-22.9291","-43.203"
133,133-LARGO DO MACHADO X RODOVIARIA NOVO RIO (VIA ESTACIO),Fetranspor,231,17400774,"-22.929","-43.2031"
133,133-LARGO DO MACHADO X RODOVIARIA NOVO RIO (VIA ESTACIO),Fetranspor,232,17400774,"-22.9271","-43.2042"
133,133-LARGO DO MACHADO X RODOVIARIA NOVO RIO (VIA ESTACIO),Fetranspor,233,17400774,"-22.9271","-43.2042"
133,133-LARGO DO MACHADO X RODOVIARIA NOVO RIO (VIA ESTACIO),Fetranspor,234,17400774,"-22.9266","-43.2045"
133,133-LARGO DO MACHADO X RODOVIARIA NOVO RIO (VIA ESTACIO),Fetranspor,235,17400774,"-22.9266","-43.2045"
133,133-LARGO DO MACHADO X RODOVIARIA NOVO RIO (VIA ESTACIO),Fetranspor,236,17400774,"-22.9256","-43.2052"
133,133-LARGO DO MACHADO X RODOVIARIA NOVO RIO (VIA ESTACIO),Fetranspor,237,17400774,"-22.9256","-43.2052"
133,133-LARGO DO MACHADO X RODOVIARIA NOVO RIO (VIA ESTACIO),Fetranspor,238,17400774,"-22.9253","-43.2053"
133,133-LARGO DO MACHADO X RODOVIARIA NOVO RIO (VIA ESTACIO),Fetranspor,239,17400774,"-22.9252","-43.2054"
133,133-LARGO DO MACHADO X RODOVIARIA NOVO RIO (VIA ESTACIO),Fetranspor,240,17400774,"-22.9252","-43.2054"
133,133-LARGO DO MACHADO X RODOVIARIA NOVO RIO (VIA ESTACIO),Fetranspor,241,17400774,"-22.925","-43.2051"
133,133-LARGO DO MACHADO X RODOVIARIA NOVO RIO (VIA ESTACIO),Fetranspor,242,17400774,"-22.925","-43.2051"
133,133-LARGO DO MACHADO X RODOVIARIA NOVO RIO (VIA ESTACIO),Fetranspor,243,17400774,"-22.925","-43.2051"
133,133-LARGO DO MACHADO X RODOVIARIA NOVO RIO (VIA ESTACIO),Fetranspor,244,17400774,"-22.9249","-43.2051"
133,133-LARGO DO MACHADO X RODOVIARIA NOVO RIO (VIA ESTACIO),Fetranspor,245,17400774,"-22.9239","-43.2049"
133,133-LARGO DO MACHADO X RODOVIARIA NOVO RIO (VIA ESTACIO),Fetranspor,246,17400774,"-22.9239","-43.2049"
133,133-LARGO DO MACHADO X RODOVIARIA NOVO RIO (VIA ESTACIO),Fetranspor,247,17400774,"-22.9237","-43.206"
133,133-LARGO DO MACHADO X RODOVIARIA NOVO RIO (VIA ESTACIO),Fetranspor,248,17400774,"-22.9237","-43.206"
133,133-LARGO DO MACHADO X RODOVIARIA NOVO RIO (VIA ESTACIO),Fetranspor,249,17400774,"-22.9237","-43.2061"
133,133-LARGO DO MACHADO X RODOVIARIA NOVO RIO (VIA ESTACIO),Fetranspor,250,17400774,"-22.9237","-43.2065"
133,133-LARGO DO MACHADO X RODOVIARIA NOVO RIO (VIA ESTACIO),Fetranspor,251,17400774,"-22.9237","-43.2065"
133,133-LARGO DO MACHADO X RODOVIARIA NOVO RIO (VIA ESTACIO),Fetranspor,252,17400774,"-22.9235","-43.2078"
133,133-LARGO DO MACHADO X RODOVIARIA NOVO RIO (VIA ESTACIO),Fetranspor,253,17400774,"-22.9235","-43.2078"
133,133-LARGO DO MACHADO X RODOVIARIA NOVO RIO (VIA ESTACIO),Fetranspor,254,17400774,"-22.9233","-43.2087"
133,133-LARGO DO MACHADO X RODOVIARIA NOVO RIO (VIA ESTACIO),Fetranspor,255,17400774,"-22.9233","-43.2087"
133,133-LARGO DO MACHADO X RODOVIARIA NOVO RIO (VIA ESTACIO),Fetranspor,256,17400774,"-22.923","-43.2087"
133,133-LARGO DO MACHADO X RODOVIARIA NOVO RIO (VIA ESTACIO),Fetranspor,257,17400774,"-22.923","-43.2087"
133,133-LARGO DO MACHADO X RODOVIARIA NOVO RIO (VIA ESTACIO),Fetranspor,258,17400774,"-22.923","-43.2087"
133,133-LARGO DO MACHADO X RODOVIARIA NOVO RIO (VIA ESTACIO),Fetranspor,259,17400774,"-22.9229","-43.2087"
133,133-LARGO DO MACHADO X RODOVIARIA NOVO RIO (VIA ESTACIO),Fetranspor,260,17400774,"-22.9225","-43.209"
133,133-LARGO DO MACHADO X RODOVIARIA NOVO RIO (VIA ESTACIO),Fetranspor,261,17400774,"-22.9225","-43.209"
133,133-LARGO DO MACHADO X RODOVIARIA NOVO RIO (VIA ESTACIO),Fetranspor,262,17400774,"-22.9224","-43.209"
133,133-LARGO DO MACHADO X RODOVIARIA NOVO RIO (VIA ESTACIO),Fetranspor,263,17400774,"-22.9224","-43.209"
133,133-LARGO DO MACHADO X RODOVIARIA NOVO RIO (VIA ESTACIO),Fetranspor,264,17400774,"-22.9212","-43.2088"
133,133-LARGO DO MACHADO X RODOVIARIA NOVO RIO (VIA ESTACIO),Fetranspor,265,17400774,"-22.9212","-43.2088"
133,133-LARGO DO MACHADO X RODOVIARIA NOVO RIO (VIA ESTACIO),Fetranspor,266,17400774,"-22.9205","-43.2087"
133,133-LARGO DO MACHADO X RODOVIARIA NOVO RIO (VIA ESTACIO),Fetranspor,267,17400774,"-22.9205","-43.2087"
133,133-LARGO DO MACHADO X RODOVIARIA NOVO RIO (VIA ESTACIO),Fetranspor,268,17400774,"-22.9201","-43.2087"
133,133-LARGO DO MACHADO X RODOVIARIA NOVO RIO (VIA ESTACIO),Fetranspor,269,17400774,"-22.9197","-43.2086"
133,133-LARGO DO MACHADO X RODOVIARIA NOVO RIO (VIA ESTACIO),Fetranspor,270,17400774,"-22.9196","-43.2087"
133,133-LARGO DO MACHADO X RODOVIARIA NOVO RIO (VIA ESTACIO),Fetranspor,271,17400774,"-22.9193","-43.2088"
133,133-LARGO DO MACHADO X RODOVIARIA NOVO RIO (VIA ESTACIO),Fetranspor,272,17400774,"-22.9193","-43.2088"
133,133-LARGO DO MACHADO X RODOVIARIA NOVO RIO (VIA ESTACIO),Fetranspor,273,17400774,"-22.9184","-43.2091"
133,133-LARGO DO MACHADO X RODOVIARIA NOVO RIO (VIA ESTACIO),Fetranspor,274,17400774,"-22.9183","-43.2091"
133,133-LARGO DO MACHADO X RODOVIARIA NOVO RIO (VIA ESTACIO),Fetranspor,275,17400774,"-22.9183","-43.2091"
133,133-LARGO DO MACHADO X RODOVIARIA NOVO RIO (VIA ESTACIO),Fetranspor,276,17400774,"-22.9175","-43.2094"
133,133-LARGO DO MACHADO X RODOVIARIA NOVO RIO (VIA ESTACIO),Fetranspor,277,17400774,"-22.9175","-43.2094"
133,133-LARGO DO MACHADO X RODOVIARIA NOVO RIO (VIA ESTACIO),Fetranspor,278,17400774,"-22.9171","-43.2095"
133,133-LARGO DO MACHADO X RODOVIARIA NOVO RIO (VIA ESTACIO),Fetranspor,279,17400774,"-22.917","-43.2096"
133,133-LARGO DO MACHADO X RODOVIARIA NOVO RIO (VIA ESTACIO),Fetranspor,280,17400774,"-22.917","-43.2096"
133,133-LARGO DO MACHADO X RODOVIARIA NOVO RIO (VIA ESTACIO),Fetranspor,281,17400774,"-22.917","-43.2095"
133,133-LARGO DO MACHADO X RODOVIARIA NOVO RIO (VIA ESTACIO),Fetranspor,282,17400774,"-22.9169","-43.2094"
133,133-LARGO DO MACHADO X RODOVIARIA NOVO RIO (VIA ESTACIO),Fetranspor,283,17400774,"-22.9164","-43.209"
133,133-LARGO DO MACHADO X RODOVIARIA NOVO RIO (VIA ESTACIO),Fetranspor,284,17400774,"-22.9163","-43.209"
133,133-LARGO DO MACHADO X RODOVIARIA NOVO RIO (VIA ESTACIO),Fetranspor,285,17400774,"-22.9162","-43.209"
133,133-LARGO DO MACHADO X RODOVIARIA NOVO RIO (VIA ESTACIO),Fetranspor,286,17400774,"-22.9161","-43.2089"
133,133-LARGO DO MACHADO X RODOVIARIA NOVO RIO (VIA ESTACIO),Fetranspor,287,17400774,"-22.916","-43.2089"
133,133-LARGO DO MACHADO X RODOVIARIA NOVO RIO (VIA ESTACIO),Fetranspor,288,17400774,"-22.916","-43.2089"
133,133-LARGO DO MACHADO X RODOVIARIA NOVO RIO (VIA ESTACIO),Fetranspor,289,17400774,"-22.9156","-43.2083"
133,133-LARGO DO MACHADO X RODOVIARIA NOVO RIO (VIA ESTACIO),Fetranspor,290,17400774,"-22.9156","-43.2083"
133,133-LARGO DO MACHADO X RODOVIARIA NOVO RIO (VIA ESTACIO),Fetranspor,291,17400774,"-22.9151","-43.2075"
133,133-LARGO DO MACHADO X RODOVIARIA NOVO RIO (VIA ESTACIO),Fetranspor,292,17400774,"-22.9151","-43.2075"
133,133-LARGO DO MACHADO X RODOVIARIA NOVO RIO (VIA ESTACIO),Fetranspor,293,17400774,"-22.9148","-43.2069"
133,133-LARGO DO MACHADO X RODOVIARIA NOVO RIO (VIA ESTACIO),Fetranspor,294,17400774,"-22.9147","-43.2068"
133,133-LARGO DO MACHADO X RODOVIARIA NOVO RIO (VIA ESTACIO),Fetranspor,295,17400774,"-22.9146","-43.2066"
133,133-LARGO DO MACHADO X RODOVIARIA NOVO RIO (VIA ESTACIO),Fetranspor,296,17400774,"-22.9146","-43.2066"
133,133-LARGO DO MACHADO X RODOVIARIA NOVO RIO (VIA ESTACIO),Fetranspor,297,17400774,"-22.9144","-43.2059"
133,133-LARGO DO MACHADO X RODOVIARIA NOVO RIO (VIA ESTACIO),Fetranspor,298,17400774,"-22.9142","-43.2054"
133,133-LARGO DO MACHADO X RODOVIARIA NOVO RIO (VIA ESTACIO),Fetranspor,299,17400774,"-22.9142","-43.2054"
133,133-LARGO DO MACHADO X RODOVIARIA NOVO RIO (VIA ESTACIO),Fetranspor,300,17400774,"-22.9142","-43.2053"
133,133-LARGO DO MACHADO X RODOVIARIA NOVO RIO (VIA ESTACIO),Fetranspor,301,17400774,"-22.9141","-43.2049"
133,133-LARGO DO MACHADO X RODOVIARIA NOVO RIO (VIA ESTACIO),Fetranspor,302,17400774,"-22.9141","-43.2049"
133,133-LARGO DO MACHADO X RODOVIARIA NOVO RIO (VIA ESTACIO),Fetranspor,303,17400774,"-22.914","-43.2048"
133,133-LARGO DO MACHADO X RODOVIARIA NOVO RIO (VIA ESTACIO),Fetranspor,304,17400774,"-22.914","-43.2048"
133,133-LARGO DO MACHADO X RODOVIARIA NOVO RIO (VIA ESTACIO),Fetranspor,305,17400774,"-22.9139","-43.2047"
133,133-LARGO DO MACHADO X RODOVIARIA NOVO RIO (VIA ESTACIO),Fetranspor,306,17400774,"-22.9139","-43.2047"
133,133-LARGO DO MACHADO X RODOVIARIA NOVO RIO (VIA ESTACIO),Fetranspor,307,17400774,"-22.9138","-43.2048"
133,133-LARGO DO MACHADO X RODOVIARIA NOVO RIO (VIA ESTACIO),Fetranspor,308,17400774,"-22.9136","-43.2048"
133,133-LARGO DO MACHADO X RODOVIARIA NOVO RIO (VIA ESTACIO),Fetranspor,309,17400774,"-22.9126","-43.2051"
133,133-LARGO DO MACHADO X RODOVIARIA NOVO RIO (VIA ESTACIO),Fetranspor,310,17400774,"-22.9124","-43.2052"
133,133-LARGO DO MACHADO X RODOVIARIA NOVO RIO (VIA ESTACIO),Fetranspor,311,17400774,"-22.9124","-43.2052"
133,133-LARGO DO MACHADO X RODOVIARIA NOVO RIO (VIA ESTACIO),Fetranspor,312,17400774,"-22.9127","-43.2063"
133,133-LARGO DO MACHADO X RODOVIARIA NOVO RIO (VIA ESTACIO),Fetranspor,313,17400774,"-22.9127","-43.2063"
133,133-LARGO DO MACHADO X RODOVIARIA NOVO RIO (VIA ESTACIO),Fetranspor,314,17400774,"-22.9131","-43.2076"
133,133-LARGO DO MACHADO X RODOVIARIA NOVO RIO (VIA ESTACIO),Fetranspor,315,17400774,"-22.9131","-43.2076"
133,133-LARGO DO MACHADO X RODOVIARIA NOVO RIO (VIA ESTACIO),Fetranspor,316,17400774,"-22.9133","-43.2081"
133,133-LARGO DO MACHADO X RODOVIARIA NOVO RIO (VIA ESTACIO),Fetranspor,317,17400774,"-22.9134","-43.2082"
133,133-LARGO DO MACHADO X RODOVIARIA NOVO RIO (VIA ESTACIO),Fetranspor,318,17400774,"-22.9134","-43.2082"
133,133-LARGO DO MACHADO X RODOVIARIA NOVO RIO (VIA ESTACIO),Fetranspor,319,17400774,"-22.9135","-43.2083"
133,133-LARGO DO MACHADO X RODOVIARIA NOVO RIO (VIA ESTACIO),Fetranspor,320,17400774,"-22.9135","-43.2083"
133,133-LARGO DO MACHADO X RODOVIARIA NOVO RIO (VIA ESTACIO),Fetranspor,321,17400774,"-22.9134","-43.2083"
133,133-LARGO DO MACHADO X RODOVIARIA NOVO RIO (VIA ESTACIO),Fetranspor,322,17400774,"-22.9134","-43.2083"
133,133-LARGO DO MACHADO X RODOVIARIA NOVO RIO (VIA ESTACIO),Fetranspor,323,17400774,"-22.9129","-43.2092"
133,133-LARGO DO MACHADO X RODOVIARIA NOVO RIO (VIA ESTACIO),Fetranspor,324,17400774,"-22.9129","-43.2092"
133,133-LARGO DO MACHADO X RODOVIARIA NOVO RIO (VIA ESTACIO),Fetranspor,325,17400774,"-22.9128","-43.2095"
133,133-LARGO DO MACHADO X RODOVIARIA NOVO RIO (VIA ESTACIO),Fetranspor,326,17400774,"-22.9127","-43.2095"
133,133-LARGO DO MACHADO X RODOVIARIA NOVO RIO (VIA ESTACIO),Fetranspor,327,17400774,"-22.9127","-43.2095"
133,133-LARGO DO MACHADO X RODOVIARIA NOVO RIO (VIA ESTACIO),Fetranspor,328,17400774,"-22.9127","-43.2095"
133,133-LARGO DO MACHADO X RODOVIARIA NOVO RIO (VIA ESTACIO),Fetranspor,329,17400774,"-22.9126","-43.2096"
133,133-LARGO DO MACHADO X RODOVIARIA NOVO RIO (VIA ESTACIO),Fetranspor,330,17400774,"-22.9125","-43.2096"
133,133-LARGO DO MACHADO X RODOVIARIA NOVO RIO (VIA ESTACIO),Fetranspor,331,17400774,"-22.9124","-43.2095"
133,133-LARGO DO MACHADO X RODOVIARIA NOVO RIO (VIA ESTACIO),Fetranspor,332,17400774,"-22.9124","-43.2095"
133,133-LARGO DO MACHADO X RODOVIARIA NOVO RIO (VIA ESTACIO),Fetranspor,333,17400774,"-22.9114","-43.2092"
133,133-LARGO DO MACHADO X RODOVIARIA NOVO RIO (VIA ESTACIO),Fetranspor,334,17400774,"-22.9112","-43.2091"
133,133-LARGO DO MACHADO X RODOVIARIA NOVO RIO (VIA ESTACIO),Fetranspor,335,17400774,"-22.9111","-43.2091"
133,133-LARGO DO MACHADO X RODOVIARIA NOVO RIO (VIA ESTACIO),Fetranspor,336,17400774,"-22.911","-43.209"
133,133-LARGO DO MACHADO X RODOVIARIA NOVO RIO (VIA ESTACIO),Fetranspor,337,17400774,"-22.911","-43.209"
133,133-LARGO DO MACHADO X RODOVIARIA NOVO RIO (VIA ESTACIO),Fetranspor,338,17400774,"-22.9108","-43.2085"
133,133-LARGO DO MACHADO X RODOVIARIA NOVO RIO (VIA ESTACIO),Fetranspor,339,17400774,"-22.9107","-43.2085"
133,133-LARGO DO MACHADO X RODOVIARIA NOVO RIO (VIA ESTACIO),Fetranspor,340,17400774,"-22.9107","-43.2084"
133,133-LARGO DO MACHADO X RODOVIARIA NOVO RIO (VIA ESTACIO),Fetranspor,341,17400774,"-22.9106","-43.2084"
133,133-LARGO DO MACHADO X RODOVIARIA NOVO RIO (VIA ESTACIO),Fetranspor,342,17400774,"-22.9105","-43.2084"
133,133-LARGO DO MACHADO X RODOVIARIA NOVO RIO (VIA ESTACIO),Fetranspor,343,17400774,"-22.9104","-43.2084"
133,133-LARGO DO MACHADO X RODOVIARIA NOVO RIO (VIA ESTACIO),Fetranspor,344,17400774,"-22.9103","-43.2084"
133,133-LARGO DO MACHADO X RODOVIARIA NOVO RIO (VIA ESTACIO),Fetranspor,345,17400774,"-22.9103","-43.2085"
133,133-LARGO DO MACHADO X RODOVIARIA NOVO RIO (VIA ESTACIO),Fetranspor,346,17400774,"-22.9102","-43.2086"
133,133-LARGO DO MACHADO X RODOVIARIA NOVO RIO (VIA ESTACIO),Fetranspor,347,17400774,"-22.9101","-43.2088"
133,133-LARGO DO MACHADO X RODOVIARIA NOVO RIO (VIA ESTACIO),Fetranspor,348,17400774,"-22.9101","-43.2088"
133,133-LARGO DO MACHADO X RODOVIARIA NOVO RIO (VIA ESTACIO),Fetranspor,349,17400774,"-22.91","-43.2089"
133,133-LARGO DO MACHADO X RODOVIARIA NOVO RIO (VIA ESTACIO),Fetranspor,350,17400774,"-22.9099","-43.2091"
133,133-LARGO DO MACHADO X RODOVIARIA NOVO RIO (VIA ESTACIO),Fetranspor,351,17400774,"-22.9098","-43.2092"
133,133-LARGO DO MACHADO X RODOVIARIA NOVO RIO (VIA ESTACIO),Fetranspor,352,17400774,"-22.9097","-43.2093"
133,133-LARGO DO MACHADO X RODOVIARIA NOVO RIO (VIA ESTACIO),Fetranspor,353,17400774,"-22.9097","-43.2093"
133,133-LARGO DO MACHADO X RODOVIARIA NOVO RIO (VIA ESTACIO),Fetranspor,354,17400774,"-22.9096","-43.2093"
133,133-LARGO DO MACHADO X RODOVIARIA NOVO RIO (VIA ESTACIO),Fetranspor,355,17400774,"-22.9095","-43.2094"
133,133-LARGO DO MACHADO X RODOVIARIA NOVO RIO (VIA ESTACIO),Fetranspor,356,17400774,"-22.9094","-43.2094"
133,133-LARGO DO MACHADO X RODOVIARIA NOVO RIO (VIA ESTACIO),Fetranspor,357,17400774,"-22.9085","-43.2095"
133,133-LARGO DO MACHADO X RODOVIARIA NOVO RIO (VIA ESTACIO),Fetranspor,358,17400774,"-22.9082","-43.2095"
133,133-LARGO DO MACHADO X RODOVIARIA NOVO RIO (VIA ESTACIO),Fetranspor,359,17400774,"-22.9082","-43.2095"
133,133-LARGO DO MACHADO X RODOVIARIA NOVO RIO (VIA ESTACIO),Fetranspor,360,17400774,"-22.9078","-43.2095"
133,133-LARGO DO MACHADO X RODOVIARIA NOVO RIO (VIA ESTACIO),Fetranspor,361,17400774,"-22.9064","-43.2096"
133,133-LARGO DO MACHADO X RODOVIARIA NOVO RIO (VIA ESTACIO),Fetranspor,362,17400774,"-22.9064","-43.2096"
133,133-LARGO DO MACHADO X RODOVIARIA NOVO RIO (VIA ESTACIO),Fetranspor,363,17400774,"-22.9064","-43.2096"
133,133-LARGO DO MACHADO X RODOVIARIA NOVO RIO (VIA ESTACIO),Fetranspor,364,17400774,"-22.9057","-43.2096"
133,133-LARGO DO MACHADO X RODOVIARIA NOVO RIO (VIA ESTACIO),Fetranspor,365,17400774,"-22.9057","-43.2096"
133,133-LARGO DO MACHADO X RODOVIARIA NOVO RIO (VIA ESTACIO),Fetranspor,366,17400774,"-22.905","-43.2095"
133,133-LARGO DO MACHADO X RODOVIARIA NOVO RIO (VIA ESTACIO),Fetranspor,367,17400774,"-22.905","-43.2095"
133,133-LARGO DO MACHADO X RODOVIARIA NOVO RIO (VIA ESTACIO),Fetranspor,368,17400774,"-22.9029","-43.2097"
133,133-LARGO DO MACHADO X RODOVIARIA NOVO RIO (VIA ESTACIO),Fetranspor,369,17400774,"-22.9029","-43.2097"
133,133-LARGO DO MACHADO X RODOVIARIA NOVO RIO (VIA ESTACIO),Fetranspor,370,17400774,"-22.9005","-43.2098"
133,133-LARGO DO MACHADO X RODOVIARIA NOVO RIO (VIA ESTACIO),Fetranspor,371,17400774,"-22.9005","-43.2098"
133,133-LARGO DO MACHADO X RODOVIARIA NOVO RIO (VIA ESTACIO),Fetranspor,372,17400774,"-22.9005","-43.2092"
133,133-LARGO DO MACHADO X RODOVIARIA NOVO RIO (VIA ESTACIO),Fetranspor,373,17400774,"-22.9005","-43.2092"
133,133-LARGO DO MACHADO X RODOVIARIA NOVO RIO (VIA ESTACIO),Fetranspor,374,17400774,"-22.9004","-43.2084"
133,133-LARGO DO MACHADO X RODOVIARIA NOVO RIO (VIA ESTACIO),Fetranspor,375,17400774,"-22.9004","-43.2084"
133,133-LARGO DO MACHADO X RODOVIARIA NOVO RIO (VIA ESTACIO),Fetranspor,376,17400774,"-22.9004","-43.2083"
133,133-LARGO DO MACHADO X RODOVIARIA NOVO RIO (VIA ESTACIO),Fetranspor,377,17400774,"-22.9004","-43.2083"
133,133-LARGO DO MACHADO X RODOVIARIA NOVO RIO (VIA ESTACIO),Fetranspor,378,17400774,"-22.9004","-43.2081"
133,133-LARGO DO MACHADO X RODOVIARIA NOVO RIO (VIA ESTACIO),Fetranspor,379,17400774,"-22.9004","-43.2081"
133,133-LARGO DO MACHADO X RODOVIARIA NOVO RIO (VIA ESTACIO),Fetranspor,380,17400774,"-22.9024","-43.208"
