linha,descricao,agencia,sequencia,shape_id,latitude,longitude
154,154-IPANEMA X CENTRAL,Fetranspor,0,20284382,"-22.9049","-43.1917"
154,154-IPANEMA X CENTRAL,Fetranspor,1,20284382,"-22.9048","-43.1919"
154,154-IPANEMA X CENTRAL,Fetranspor,2,20284382,"-22.9048","-43.1919"
154,154-IPANEMA X CENTRAL,Fetranspor,3,20284382,"-22.9051","-43.1928"
154,154-IPANEMA X CENTRAL,Fetranspor,4,20284382,"-22.9051","-43.193"
154,154-IPANEMA X CENTRAL,Fetranspor,5,20284382,"-22.9051","-43.193"
154,154-IPANEMA X CENTRAL,Fetranspor,6,20284382,"-22.9051","-43.1931"
154,154-IPANEMA X CENTRAL,Fetranspor,7,20284382,"-22.905","-43.1931"
154,154-IPANEMA X CENTRAL,Fetranspor,8,20284382,"-22.905","-43.1931"
154,154-IPANEMA X CENTRAL,Fetranspor,9,20284382,"-22.9049","-43.1931"
154,154-IPANEMA X CENTRAL,Fetranspor,10,20284382,"-22.9049","-43.1931"
154,154-IPANEMA X CENTRAL,Fetranspor,11,20284382,"-22.9048","-43.1931"
154,154-IPANEMA X CENTRAL,Fetranspor,12,20284382,"-22.9047","-43.193"
154,154-IPANEMA X CENTRAL,Fetranspor,13,20284382,"-22.9046","-43.1926"
154,154-IPANEMA X CENTRAL,Fetranspor,14,20284382,"-22.9044","-43.1915"
154,154-IPANEMA X CENTRAL,Fetranspor,15,20284382,"-22.9044","-43.1915"
154,154-IPANEMA X CENTRAL,Fetranspor,16,20284382,"-22.904","-43.1905"
154,154-IPANEMA X CENTRAL,Fetranspor,17,20284382,"-22.904","-43.1905"
154,154-IPANEMA X CENTRAL,Fetranspor,18,20284382,"-22.9037","-43.1896"
154,154-IPANEMA X CENTRAL,Fetranspor,19,20284382,"-22.9035","-43.1891"
154,154-IPANEMA X CENTRAL,Fetranspor,20,20284382,"-22.9034","-43.1886"
154,154-IPANEMA X CENTRAL,Fetranspor,21,20284382,"-22.9034","-43.1886"
154,154-IPANEMA X CENTRAL,Fetranspor,22,20284382,"-22.9033","-43.1885"
154,154-IPANEMA X CENTRAL,Fetranspor,23,20284382,"-22.9032","-43.188"
154,154-IPANEMA X CENTRAL,Fetranspor,24,20284382,"-22.903","-43.1874"
154,154-IPANEMA X CENTRAL,Fetranspor,25,20284382,"-22.903","-43.1874"
154,154-IPANEMA X CENTRAL,Fetranspor,26,20284382,"-22.9025","-43.1861"
154,154-IPANEMA X CENTRAL,Fetranspor,27,20284382,"-22.9025","-43.1861"
154,154-IPANEMA X CENTRAL,Fetranspor,28,20284382,"-22.9022","-43.1853"
154,154-IPANEMA X CENTRAL,Fetranspor,29,20284382,"-22.902","-43.1849"
154,154-IPANEMA X CENTRAL,Fetranspor,30,20284382,"-22.9019","-43.1847"
154,154-IPANEMA X CENTRAL,Fetranspor,31,20284382,"-22.9019","-43.1847"
154,154-IPANEMA X CENTRAL,Fetranspor,32,20284382,"-22.9019","-43.1846"
154,154-IPANEMA X CENTRAL,Fetranspor,33,20284382,"-22.9019","-43.1846"
154,154-IPANEMA X CENTRAL,Fetranspor,34,20284382,"-22.902","-43.1845"
154,154-IPANEMA X CENTRAL,Fetranspor,35,20284382,"-22.902","-43.1844"
154,154-IPANEMA X CENTRAL,Fetranspor,36,20284382,"-22.9026","-43.1841"
154,154-IPANEMA X CENTRAL,Fetranspor,37,20284382,"-22.9026","-43.1841"
154,154-IPANEMA X CENTRAL,Fetranspor,38,20284382,"-22.9026","-43.184"
154,154-IPANEMA X CENTRAL,Fetranspor,39,20284382,"-22.9027","-43.184"
154,154-IPANEMA X CENTRAL,Fetranspor,40,20284382,"-22.9027","-43.184"
154,154-IPANEMA X CENTRAL,Fetranspor,41,20284382,"-22.9029","-43.1839"
154,154-IPANEMA X CENTRAL,Fetranspor,42,20284382,"-22.9029","-43.1839"
154,154-IPANEMA X CENTRAL,Fetranspor,43,20284382,"-22.9026","-43.1831"
154,154-IPANEMA X CENTRAL,Fetranspor,44,20284382,"-22.9026","-43.1831"
154,154-IPANEMA X CENTRAL,Fetranspor,45,20284382,"-22.9023","-43.1821"
154,154-IPANEMA X CENTRAL,Fetranspor,46,20284382,"-22.9021","-43.1814"
154,154-IPANEMA X CENTRAL,Fetranspor,47,20284382,"-22.9021","-43.1814"
154,154-IPANEMA X CENTRAL,Fetranspor,48,20284382,"-22.9013","-43.1791"
154,154-IPANEMA X CENTRAL,Fetranspor,49,20284382,"-22.9013","-43.1791"
154,154-IPANEMA X CENTRAL,Fetranspor,50,20284382,"-22.9012","-43.1781"
154,154-IPANEMA X CENTRAL,Fetranspor,51,20284382,"-22.9012","-43.1781"
154,154-IPANEMA X CENTRAL,Fetranspor,52,20284382,"-22.9012","-43.178"
154,154-IPANEMA X CENTRAL,Fetranspor,53,20284382,"-22.901","-43.1773"
154,154-IPANEMA X CENTRAL,Fetranspor,54,20284382,"-22.9009","-43.1772"
154,154-IPANEMA X CENTRAL,Fetranspor,55,20284382,"-22.9009","-43.1772"
154,154-IPANEMA X CENTRAL,Fetranspor,56,20284382,"-22.9009","-43.1772"
154,154-IPANEMA X CENTRAL,Fetranspor,57,20284382,"-22.9009","-43.1772"
154,154-IPANEMA X CENTRAL,Fetranspor,58,20284382,"-22.9006","-43.1768"
154,154-IPANEMA X CENTRAL,Fetranspor,59,20284382,"-22.9006","-43.1768"
154,154-IPANEMA X CENTRAL,Fetranspor,60,20284382,"-22.9005","-43.1766"
154,154-IPANEMA X CENTRAL,Fetranspor,61,20284382,"-22.9004","-43.1765"
154,154-IPANEMA X CENTRAL,Fetranspor,62,20284382,"-22.9003","-43.1762"
154,154-IPANEMA X CENTRAL,Fetranspor,63,20284382,"-22.9002","-43.176"
154,154-IPANEMA X CENTRAL,Fetranspor,64,20284382,"-22.9002","-43.1759"
154,154-IPANEMA X CENTRAL,Fetranspor,65,20284382,"-22.9002","-43.1759"
154,154-IPANEMA X CENTRAL,Fetranspor,66,20284382,"-22.9002","-43.1758"
154,154-IPANEMA X CENTRAL,Fetranspor,67,20284382,"-22.9002","-43.1757"
154,154-IPANEMA X CENTRAL,Fetranspor,68,20284382,"-22.9002","-43.1756"
154,154-IPANEMA X CENTRAL,Fetranspor,69,20284382,"-22.9003","-43.1755"
154,154-IPANEMA X CENTRAL,Fetranspor,70,20284382,"-22.9005","-43.1753"
154,154-IPANEMA X CENTRAL,Fetranspor,71,20284382,"-22.9008","-43.1751"
154,154-IPANEMA X CENTRAL,Fetranspor,72,20284382,"-22.9016","-43.1744"
154,154-IPANEMA X CENTRAL,Fetranspor,73,20284382,"-22.9016","-43.1744"
154,154-IPANEMA X CENTRAL,Fetranspor,74,20284382,"-22.9019","-43.1741"
154,154-IPANEMA X CENTRAL,Fetranspor,75,20284382,"-22.9021","-43.1739"
154,154-IPANEMA X CENTRAL,Fetranspor,76,20284382,"-22.9023","-43.1738"
154,154-IPANEMA X CENTRAL,Fetranspor,77,20284382,"-22.9023","-43.1738"
154,154-IPANEMA X CENTRAL,Fetranspor,78,20284382,"-22.9028","-43.1734"
154,154-IPANEMA X CENTRAL,Fetranspor,79,20284382,"-22.9036","-43.1728"
154,154-IPANEMA X CENTRAL,Fetranspor,80,20284382,"-22.9038","-43.1726"
154,154-IPANEMA X CENTRAL,Fetranspor,81,20284382,"-22.904","-43.1724"
154,154-IPANEMA X CENTRAL,Fetranspor,82,20284382,"-22.9041","-43.1722"
154,154-IPANEMA X CENTRAL,Fetranspor,83,20284382,"-22.9043","-43.172"
154,154-IPANEMA X CENTRAL,Fetranspor,84,20284382,"-22.9044","-43.1717"
154,154-IPANEMA X CENTRAL,Fetranspor,85,20284382,"-22.9045","-43.1713"
154,154-IPANEMA X CENTRAL,Fetranspor,86,20284382,"-22.9045","-43.1713"
154,154-IPANEMA X CENTRAL,Fetranspor,87,20284382,"-22.9049","-43.1702"
154,154-IPANEMA X CENTRAL,Fetranspor,88,20284382,"-22.9049","-43.1702"
154,154-IPANEMA X CENTRAL,Fetranspor,89,20284382,"-22.9054","-43.1691"
154,154-IPANEMA X CENTRAL,Fetranspor,90,20284382,"-22.9054","-43.1691"
154,154-IPANEMA X CENTRAL,Fetranspor,91,20284382,"-22.9054","-43.169"
154,154-IPANEMA X CENTRAL,Fetranspor,92,20284382,"-22.9055","-43.1689"
154,154-IPANEMA X CENTRAL,Fetranspor,93,20284382,"-22.9056","-43.1689"
154,154-IPANEMA X CENTRAL,Fetranspor,94,20284382,"-22.9057","-43.1688"
154,154-IPANEMA X CENTRAL,Fetranspor,95,20284382,"-22.9058","-43.1687"
154,154-IPANEMA X CENTRAL,Fetranspor,96,20284382,"-22.9059","-43.1687"
154,154-IPANEMA X CENTRAL,Fetranspor,97,20284382,"-22.9063","-43.1687"
154,154-IPANEMA X CENTRAL,Fetranspor,98,20284382,"-22.9063","-43.1687"
154,154-IPANEMA X CENTRAL,Fetranspor,99,20284382,"-22.9069","-43.1686"
154,154-IPANEMA X CENTRAL,Fetranspor,100,20284382,"-22.9069","-43.1686"
154,154-IPANEMA X CENTRAL,Fetranspor,101,20284382,"-22.9075","-43.1686"
154,154-IPANEMA X CENTRAL,Fetranspor,102,20284382,"-22.9076","-43.1686"
154,154-IPANEMA X CENTRAL,Fetranspor,103,20284382,"-22.9077","-43.1686"
154,154-IPANEMA X CENTRAL,Fetranspor,104,20284382,"-22.9078","-43.1685"
154,154-IPANEMA X CENTRAL,Fetranspor,105,20284382,"-22.9078","-43.1685"
154,154-IPANEMA X CENTRAL,Fetranspor,106,20284382,"-22.9078","-43.1685"
154,154-IPANEMA X CENTRAL,Fetranspor,107,20284382,"-22.9082","-43.1684"
154,154-IPANEMA X CENTRAL,Fetranspor,108,20284382,"-22.9082","-43.1684"
154,154-IPANEMA X CENTRAL,Fetranspor,109,20284382,"-22.9094","-43.1684"
154,154-IPANEMA X CENTRAL,Fetranspor,110,20284382,"-22.9097","-43.1684"
154,154-IPANEMA X CENTRAL,Fetranspor,111,20284382,"-22.91","-43.1684"
154,154-IPANEMA X CENTRAL,Fetranspor,112,20284382,"-22.9102","-43.1684"
154,154-IPANEMA X CENTRAL,Fetranspor,113,20284382,"-22.9104","-43.1684"
154,154-IPANEMA X CENTRAL,Fetranspor,114,20284382,"-22.9104","-43.1684"
154,154-IPANEMA X CENTRAL,Fetranspor,115,20284382,"-22.9105","-43.1685"
154,154-IPANEMA X CENTRAL,Fetranspor,116,20284382,"-22.9106","-43.1686"
154,154-IPANEMA X CENTRAL,Fetranspor,117,20284382,"-22.9106","-43.1686"
154,154-IPANEMA X CENTRAL,Fetranspor,118,20284382,"-22.9106","-43.1687"
154,154-IPANEMA X CENTRAL,Fetranspor,119,20284382,"-22.9106","-43.1688"
154,154-IPANEMA X CENTRAL,Fetranspor,120,20284382,"-22.9106","-43.1689"
154,154-IPANEMA X CENTRAL,Fetranspor,121,20284382,"-22.9105","-43.1689"
154,154-IPANEMA X CENTRAL,Fetranspor,122,20284382,"-22.9105","-43.169"
154,154-IPANEMA X CENTRAL,Fetranspor,123,20284382,"-22.9103","-43.1691"
154,154-IPANEMA X CENTRAL,Fetranspor,124,20284382,"-22.9103","-43.1691"
154,154-IPANEMA X CENTRAL,Fetranspor,125,20284382,"-22.9103","-43.1691"
154,154-IPANEMA X CENTRAL,Fetranspor,126,20284382,"-22.9102","-43.1691"
154,154-IPANEMA X CENTRAL,Fetranspor,127,20284382,"-22.9098","-43.1693"
154,154-IPANEMA X CENTRAL,Fetranspor,128,20284382,"-22.9092","-43.1695"
154,154-IPANEMA X CENTRAL,Fetranspor,129,20284382,"-22.9092","-43.1695"
154,154-IPANEMA X CENTRAL,Fetranspor,130,20284382,"-22.9092","-43.1697"
154,154-IPANEMA X CENTRAL,Fetranspor,131,20284382,"-22.9092","-43.1697"
154,154-IPANEMA X CENTRAL,Fetranspor,132,20284382,"-22.9094","-43.1698"
154,154-IPANEMA X CENTRAL,Fetranspor,133,20284382,"-22.9095","-43.1702"
154,154-IPANEMA X CENTRAL,Fetranspor,134,20284382,"-22.9097","-43.1707"
154,154-IPANEMA X CENTRAL,Fetranspor,135,20284382,"-22.9097","-43.1707"
154,154-IPANEMA X CENTRAL,Fetranspor,136,20284382,"-22.9099","-43.1716"
154,154-IPANEMA X CENTRAL,Fetranspor,137,20284382,"-22.91","-43.1718"
154,154-IPANEMA X CENTRAL,Fetranspor,138,20284382,"-22.91","-43.1718"
154,154-IPANEMA X CENTRAL,Fetranspor,139,20284382,"-22.91","-43.1719"
154,154-IPANEMA X CENTRAL,Fetranspor,140,20284382,"-22.91","-43.1719"
154,154-IPANEMA X CENTRAL,Fetranspor,141,20284382,"-22.9101","-43.1721"
154,154-IPANEMA X CENTRAL,Fetranspor,142,20284382,"-22.9101","-43.1721"
154,154-IPANEMA X CENTRAL,Fetranspor,143,20284382,"-22.9101","-43.1721"
154,154-IPANEMA X CENTRAL,Fetranspor,144,20284382,"-22.9102","-43.1722"
154,154-IPANEMA X CENTRAL,Fetranspor,145,20284382,"-22.9104","-43.1724"
154,154-IPANEMA X CENTRAL,Fetranspor,146,20284382,"-22.9112","-43.1732"
154,154-IPANEMA X CENTRAL,Fetranspor,147,20284382,"-22.9112","-43.1732"
154,154-IPANEMA X CENTRAL,Fetranspor,148,20284382,"-22.9116","-43.1735"
154,154-IPANEMA X CENTRAL,Fetranspor,149,20284382,"-22.9116","-43.1735"
154,154-IPANEMA X CENTRAL,Fetranspor,150,20284382,"-22.912","-43.1738"
154,154-IPANEMA X CENTRAL,Fetranspor,151,20284382,"-22.912","-43.1738"
154,154-IPANEMA X CENTRAL,Fetranspor,152,20284382,"-22.912","-43.1739"
154,154-IPANEMA X CENTRAL,Fetranspor,153,20284382,"-22.912","-43.1739"
154,154-IPANEMA X CENTRAL,Fetranspor,154,20284382,"-22.9122","-43.1741"
154,154-IPANEMA X CENTRAL,Fetranspor,155,20284382,"-22.9125","-43.1743"
154,154-IPANEMA X CENTRAL,Fetranspor,156,20284382,"-22.9125","-43.1743"
154,154-IPANEMA X CENTRAL,Fetranspor,157,20284382,"-22.9127","-43.1745"
154,154-IPANEMA X CENTRAL,Fetranspor,158,20284382,"-22.9127","-43.1745"
154,154-IPANEMA X CENTRAL,Fetranspor,159,20284382,"-22.9129","-43.1747"
154,154-IPANEMA X CENTRAL,Fetranspor,160,20284382,"-22.9129","-43.1747"
154,154-IPANEMA X CENTRAL,Fetranspor,161,20284382,"-22.9131","-43.1749"
154,154-IPANEMA X CENTRAL,Fetranspor,162,20284382,"-22.9134","-43.1751"
154,154-IPANEMA X CENTRAL,Fetranspor,163,20284382,"-22.9139","-43.1755"
154,154-IPANEMA X CENTRAL,Fetranspor,164,20284382,"-22.9144","-43.1758"
154,154-IPANEMA X CENTRAL,Fetranspor,165,20284382,"-22.9144","-43.1758"
154,154-IPANEMA X CENTRAL,Fetranspor,166,20284382,"-22.9145","-43.1759"
154,154-IPANEMA X CENTRAL,Fetranspor,167,20284382,"-22.9145","-43.1759"
154,154-IPANEMA X CENTRAL,Fetranspor,168,20284382,"-22.9145","-43.1759"
154,154-IPANEMA X CENTRAL,Fetranspor,169,20284382,"-22.9146","-43.176"
154,154-IPANEMA X CENTRAL,Fetranspor,170,20284382,"-22.9149","-43.1761"
154,154-IPANEMA X CENTRAL,Fetranspor,171,20284382,"-22.9151","-43.1761"
154,154-IPANEMA X CENTRAL,Fetranspor,172,20284382,"-22.9174","-43.1765"
154,154-IPANEMA X CENTRAL,Fetranspor,173,20284382,"-22.9181","-43.1766"
154,154-IPANEMA X CENTRAL,Fetranspor,174,20284382,"-22.9182","-43.1766"
154,154-IPANEMA X CENTRAL,Fetranspor,175,20284382,"-22.9184","-43.1766"
154,154-IPANEMA X CENTRAL,Fetranspor,176,20284382,"-22.9185","-43.1765"
154,154-IPANEMA X CENTRAL,Fetranspor,177,20284382,"-22.9186","-43.1765"
154,154-IPANEMA X CENTRAL,Fetranspor,178,20284382,"-22.9187","-43.1764"
154,154-IPANEMA X CENTRAL,Fetranspor,179,20284382,"-22.9189","-43.1763"
154,154-IPANEMA X CENTRAL,Fetranspor,180,20284382,"-22.9193","-43.1758"
154,154-IPANEMA X CENTRAL,Fetranspor,181,20284382,"-22.9193","-43.1758"
154,154-IPANEMA X CENTRAL,Fetranspor,182,20284382,"-22.9197","-43.1753"
154,154-IPANEMA X CENTRAL,Fetranspor,183,20284382,"-22.92","-43.1749"
154,154-IPANEMA X CENTRAL,Fetranspor,184,20284382,"-22.9203","-43.1746"
154,154-IPANEMA X CENTRAL,Fetranspor,185,20284382,"-22.9204","-43.1745"
154,154-IPANEMA X CENTRAL,Fetranspor,186,20284382,"-22.9205","-43.1745"
154,154-IPANEMA X CENTRAL,Fetranspor,187,20284382,"-22.9205","-43.1745"
154,154-IPANEMA X CENTRAL,Fetranspor,188,20284382,"-22.9211","-43.1738"
154,154-IPANEMA X CENTRAL,Fetranspor,189,20284382,"-22.9214","-43.1733"
154,154-IPANEMA X CENTRAL,Fetranspor,190,20284382,"-22.9216","-43.1731"
154,154-IPANEMA X CENTRAL,Fetranspor,191,20284382,"-22.9218","-43.1729"
154,154-IPANEMA X CENTRAL,Fetranspor,192,20284382,"-22.9221","-43.1727"
154,154-IPANEMA X CENTRAL,Fetranspor,193,20284382,"-22.9223","-43.1726"
154,154-IPANEMA X CENTRAL,Fetranspor,194,20284382,"-22.9226","-43.1725"
154,154-IPANEMA X CENTRAL,Fetranspor,195,20284382,"-22.9228","-43.1724"
154,154-IPANEMA X CENTRAL,Fetranspor,196,20284382,"-22.923","-43.1724"
154,154-IPANEMA X CENTRAL,Fetranspor,197,20284382,"-22.9232","-43.1724"
154,154-IPANEMA X CENTRAL,Fetranspor,198,20284382,"-22.9235","-43.1724"
154,154-IPANEMA X CENTRAL,Fetranspor,199,20284382,"-22.9237","-43.1724"
154,154-IPANEMA X CENTRAL,Fetranspor,200,20284382,"-22.924","-43.1725"
154,154-IPANEMA X CENTRAL,Fetranspor,201,20284382,"-22.9244","-43.1726"
154,154-IPANEMA X CENTRAL,Fetranspor,202,20284382,"-22.9254","-43.1729"
154,154-IPANEMA X CENTRAL,Fetranspor,203,20284382,"-22.9254","-43.1729"
154,154-IPANEMA X CENTRAL,Fetranspor,204,20284382,"-22.926","-43.1731"
154,154-IPANEMA X CENTRAL,Fetranspor,205,20284382,"-22.9277","-43.1736"
154,154-IPANEMA X CENTRAL,Fetranspor,206,20284382,"-22.9277","-43.1736"
154,154-IPANEMA X CENTRAL,Fetranspor,207,20284382,"-22.9292","-43.1741"
154,154-IPANEMA X CENTRAL,Fetranspor,208,20284382,"-22.9294","-43.1741"
154,154-IPANEMA X CENTRAL,Fetranspor,209,20284382,"-22.9296","-43.1742"
154,154-IPANEMA X CENTRAL,Fetranspor,210,20284382,"-22.9301","-43.1742"
154,154-IPANEMA X CENTRAL,Fetranspor,211,20284382,"-22.9301","-43.1742"
154,154-IPANEMA X CENTRAL,Fetranspor,212,20284382,"-22.9309","-43.1743"
154,154-IPANEMA X CENTRAL,Fetranspor,213,20284382,"-22.9309","-43.1743"
154,154-IPANEMA X CENTRAL,Fetranspor,214,20284382,"-22.9318","-43.1744"
154,154-IPANEMA X CENTRAL,Fetranspor,215,20284382,"-22.9327","-43.1745"
154,154-IPANEMA X CENTRAL,Fetranspor,216,20284382,"-22.9332","-43.1745"
154,154-IPANEMA X CENTRAL,Fetranspor,217,20284382,"-22.9332","-43.1745"
154,154-IPANEMA X CENTRAL,Fetranspor,218,20284382,"-22.9334","-43.1745"
154,154-IPANEMA X CENTRAL,Fetranspor,219,20284382,"-22.9349","-43.1743"
154,154-IPANEMA X CENTRAL,Fetranspor,220,20284382,"-22.9352","-43.1742"
154,154-IPANEMA X CENTRAL,Fetranspor,221,20284382,"-22.9352","-43.1742"
154,154-IPANEMA X CENTRAL,Fetranspor,222,20284382,"-22.9373","-43.1739"
154,154-IPANEMA X CENTRAL,Fetranspor,223,20284382,"-22.9373","-43.1739"
154,154-IPANEMA X CENTRAL,Fetranspor,224,20284382,"-22.9379","-43.1738"
154,154-IPANEMA X CENTRAL,Fetranspor,225,20284382,"-22.9382","-43.1737"
154,154-IPANEMA X CENTRAL,Fetranspor,226,20284382,"-22.9382","-43.1737"
154,154-IPANEMA X CENTRAL,Fetranspor,227,20284382,"-22.9384","-43.1737"
154,154-IPANEMA X CENTRAL,Fetranspor,228,20284382,"-22.9385","-43.1737"
154,154-IPANEMA X CENTRAL,Fetranspor,229,20284382,"-22.9386","-43.1737"
154,154-IPANEMA X CENTRAL,Fetranspor,230,20284382,"-22.9387","-43.1738"
154,154-IPANEMA X CENTRAL,Fetranspor,231,20284382,"-22.9387","-43.1738"
154,154-IPANEMA X CENTRAL,Fetranspor,232,20284382,"-22.9388","-43.174"
154,154-IPANEMA X CENTRAL,Fetranspor,233,20284382,"-22.9389","-43.1741"
154,154-IPANEMA X CENTRAL,Fetranspor,234,20284382,"-22.9389","-43.1741"
154,154-IPANEMA X CENTRAL,Fetranspor,235,20284382,"-22.9393","-43.1745"
154,154-IPANEMA X CENTRAL,Fetranspor,236,20284382,"-22.9393","-43.1745"
154,154-IPANEMA X CENTRAL,Fetranspor,237,20284382,"-22.9398","-43.1751"
154,154-IPANEMA X CENTRAL,Fetranspor,238,20284382,"-22.9398","-43.1751"
154,154-IPANEMA X CENTRAL,Fetranspor,239,20284382,"-22.9405","-43.176"
154,154-IPANEMA X CENTRAL,Fetranspor,240,20284382,"-22.9405","-43.176"
154,154-IPANEMA X CENTRAL,Fetranspor,241,20284382,"-22.9411","-43.1766"
154,154-IPANEMA X CENTRAL,Fetranspor,242,20284382,"-22.9411","-43.1767"
154,154-IPANEMA X CENTRAL,Fetranspor,243,20284382,"-22.9412","-43.1767"
154,154-IPANEMA X CENTRAL,Fetranspor,244,20284382,"-22.9412","-43.1767"
154,154-IPANEMA X CENTRAL,Fetranspor,245,20284382,"-22.9412","-43.1769"
154,154-IPANEMA X CENTRAL,Fetranspor,246,20284382,"-22.9411","-43.177"
154,154-IPANEMA X CENTRAL,Fetranspor,247,20284382,"-22.9409","-43.1776"
154,154-IPANEMA X CENTRAL,Fetranspor,248,20284382,"-22.9409","-43.1776"
154,154-IPANEMA X CENTRAL,Fetranspor,249,20284382,"-22.941","-43.1785"
154,154-IPANEMA X CENTRAL,Fetranspor,250,20284382,"-22.941","-43.1786"
154,154-IPANEMA X CENTRAL,Fetranspor,251,20284382,"-22.9411","-43.1788"
154,154-IPANEMA X CENTRAL,Fetranspor,252,20284382,"-22.9411","-43.1788"
154,154-IPANEMA X CENTRAL,Fetranspor,253,20284382,"-22.9411","-43.1789"
154,154-IPANEMA X CENTRAL,Fetranspor,254,20284382,"-22.9412","-43.1791"
154,154-IPANEMA X CENTRAL,Fetranspor,255,20284382,"-22.9412","-43.1791"
154,154-IPANEMA X CENTRAL,Fetranspor,256,20284382,"-22.9416","-43.1798"
154,154-IPANEMA X CENTRAL,Fetranspor,257,20284382,"-22.9419","-43.1802"
154,154-IPANEMA X CENTRAL,Fetranspor,258,20284382,"-22.9419","-43.1802"
154,154-IPANEMA X CENTRAL,Fetranspor,259,20284382,"-22.942","-43.1803"
154,154-IPANEMA X CENTRAL,Fetranspor,260,20284382,"-22.9422","-43.1806"
154,154-IPANEMA X CENTRAL,Fetranspor,261,20284382,"-22.9422","-43.1806"
154,154-IPANEMA X CENTRAL,Fetranspor,262,20284382,"-22.9424","-43.1809"
154,154-IPANEMA X CENTRAL,Fetranspor,263,20284382,"-22.9427","-43.1812"
154,154-IPANEMA X CENTRAL,Fetranspor,264,20284382,"-22.9428","-43.1812"
154,154-IPANEMA X CENTRAL,Fetranspor,265,20284382,"-22.943","-43.1814"
154,154-IPANEMA X CENTRAL,Fetranspor,266,20284382,"-22.9434","-43.1817"
154,154-IPANEMA X CENTRAL,Fetranspor,267,20284382,"-22.9435","-43.1817"
154,154-IPANEMA X CENTRAL,Fetranspor,268,20284382,"-22.9435","-43.1817"
154,154-IPANEMA X CENTRAL,Fetranspor,269,20284382,"-22.9436","-43.1818"
154,154-IPANEMA X CENTRAL,Fetranspor,270,20284382,"-22.9438","-43.1819"
154,154-IPANEMA X CENTRAL,Fetranspor,271,20284382,"-22.9443","-43.1821"
154,154-IPANEMA X CENTRAL,Fetranspor,272,20284382,"-22.9443","-43.1821"
154,154-IPANEMA X CENTRAL,Fetranspor,273,20284382,"-22.9449","-43.1823"
154,154-IPANEMA X CENTRAL,Fetranspor,274,20284382,"-22.9454","-43.1825"
154,154-IPANEMA X CENTRAL,Fetranspor,275,20284382,"-22.946","-43.1826"
154,154-IPANEMA X CENTRAL,Fetranspor,276,20284382,"-22.946","-43.1826"
154,154-IPANEMA X CENTRAL,Fetranspor,277,20284382,"-22.9463","-43.1826"
154,154-IPANEMA X CENTRAL,Fetranspor,278,20284382,"-22.9469","-43.1826"
154,154-IPANEMA X CENTRAL,Fetranspor,279,20284382,"-22.9476","-43.1825"
154,154-IPANEMA X CENTRAL,Fetranspor,280,20284382,"-22.9476","-43.1825"
154,154-IPANEMA X CENTRAL,Fetranspor,281,20284382,"-22.9479","-43.1824"
154,154-IPANEMA X CENTRAL,Fetranspor,282,20284382,"-22.9479","-43.1824"
154,154-IPANEMA X CENTRAL,Fetranspor,283,20284382,"-22.9481","-43.1824"
154,154-IPANEMA X CENTRAL,Fetranspor,284,20284382,"-22.9482","-43.1824"
154,154-IPANEMA X CENTRAL,Fetranspor,285,20284382,"-22.9482","-43.1824"
154,154-IPANEMA X CENTRAL,Fetranspor,286,20284382,"-22.9484","-43.1824"
154,154-IPANEMA X CENTRAL,Fetranspor,287,20284382,"-22.9485","-43.1824"
154,154-IPANEMA X CENTRAL,Fetranspor,288,20284382,"-22.9487","-43.1823"
154,154-IPANEMA X CENTRAL,Fetranspor,289,20284382,"-22.9487","-43.1823"
154,154-IPANEMA X CENTRAL,Fetranspor,290,20284382,"-22.9488","-43.1823"
154,154-IPANEMA X CENTRAL,Fetranspor,291,20284382,"-22.9488","-43.1823"
154,154-IPANEMA X CENTRAL,Fetranspor,292,20284382,"-22.9489","-43.1824"
154,154-IPANEMA X CENTRAL,Fetranspor,293,20284382,"-22.949","-43.1824"
154,154-IPANEMA X CENTRAL,Fetranspor,294,20284382,"-22.949","-43.1825"
154,154-IPANEMA X CENTRAL,Fetranspor,295,20284382,"-22.9491","-43.1827"
154,154-IPANEMA X CENTRAL,Fetranspor,296,20284382,"-22.9491","-43.1827"
154,154-IPANEMA X CENTRAL,Fetranspor,297,20284382,"-22.9493","-43.1842"
154,154-IPANEMA X CENTRAL,Fetranspor,298,20284382,"-22.9493","-43.1842"
154,154-IPANEMA X CENTRAL,Fetranspor,299,20284382,"-22.9493","-43.185"
154,154-IPANEMA X CENTRAL,Fetranspor,300,20284382,"-22.9493","-43.185"
154,154-IPANEMA X CENTRAL,Fetranspor,301,20284382,"-22.9494","-43.1854"
154,154-IPANEMA X CENTRAL,Fetranspor,302,20284382,"-22.9494","-43.1854"
154,154-IPANEMA X CENTRAL,Fetranspor,303,20284382,"-22.9494","-43.1857"
154,154-IPANEMA X CENTRAL,Fetranspor,304,20284382,"-22.9494","-43.1857"
154,154-IPANEMA X CENTRAL,Fetranspor,305,20284382,"-22.9494","-43.1858"
154,154-IPANEMA X CENTRAL,Fetranspor,306,20284382,"-22.9494","-43.1858"
154,154-IPANEMA X CENTRAL,Fetranspor,307,20284382,"-22.9494","-43.1866"
154,154-IPANEMA X CENTRAL,Fetranspor,308,20284382,"-22.9494","-43.1866"
154,154-IPANEMA X CENTRAL,Fetranspor,309,20284382,"-22.9495","-43.187"
154,154-IPANEMA X CENTRAL,Fetranspor,310,20284382,"-22.9495","-43.187"
154,154-IPANEMA X CENTRAL,Fetranspor,311,20284382,"-22.9495","-43.1874"
154,154-IPANEMA X CENTRAL,Fetranspor,312,20284382,"-22.9495","-43.1874"
154,154-IPANEMA X CENTRAL,Fetranspor,313,20284382,"-22.9495","-43.1878"
154,154-IPANEMA X CENTRAL,Fetranspor,314,20284382,"-22.9495","-43.1878"
154,154-IPANEMA X CENTRAL,Fetranspor,315,20284382,"-22.9495","-43.1879"
154,154-IPANEMA X CENTRAL,Fetranspor,316,20284382,"-22.9495","-43.1879"
154,154-IPANEMA X CENTRAL,Fetranspor,317,20284382,"-22.9495","-43.1883"
154,154-IPANEMA X CENTRAL,Fetranspor,318,20284382,"-22.9495","-43.1888"
154,154-IPANEMA X CENTRAL,Fetranspor,319,20284382,"-22.9495","-43.1888"
154,154-IPANEMA X CENTRAL,Fetranspor,320,20284382,"-22.9496","-43.1893"
154,154-IPANEMA X CENTRAL,Fetranspor,321,20284382,"-22.9497","-43.1898"
154,154-IPANEMA X CENTRAL,Fetranspor,322,20284382,"-22.9497","-43.1898"
154,154-IPANEMA X CENTRAL,Fetranspor,323,20284382,"-22.9499","-43.1904"
154,154-IPANEMA X CENTRAL,Fetranspor,324,20284382,"-22.9499","-43.1904"
154,154-IPANEMA X CENTRAL,Fetranspor,325,20284382,"-22.9499","-43.1907"
154,154-IPANEMA X CENTRAL,Fetranspor,326,20284382,"-22.95","-43.1911"
154,154-IPANEMA X CENTRAL,Fetranspor,327,20284382,"-22.95","-43.1911"
154,154-IPANEMA X CENTRAL,Fetranspor,328,20284382,"-22.9502","-43.1919"
154,154-IPANEMA X CENTRAL,Fetranspor,329,20284382,"-22.9503","-43.192"
154,154-IPANEMA X CENTRAL,Fetranspor,330,20284382,"-22.9503","-43.192"
154,154-IPANEMA X CENTRAL,Fetranspor,331,20284382,"-22.9503","-43.1923"
154,154-IPANEMA X CENTRAL,Fetranspor,332,20284382,"-22.9503","-43.1923"
154,154-IPANEMA X CENTRAL,Fetranspor,333,20284382,"-22.9505","-43.1928"
154,154-IPANEMA X CENTRAL,Fetranspor,334,20284382,"-22.9505","-43.1928"
154,154-IPANEMA X CENTRAL,Fetranspor,335,20284382,"-22.9505","-43.1929"
154,154-IPANEMA X CENTRAL,Fetranspor,336,20284382,"-22.9505","-43.1929"
154,154-IPANEMA X CENTRAL,Fetranspor,337,20284382,"-22.9506","-43.1931"
154,154-IPANEMA X CENTRAL,Fetranspor,338,20284382,"-22.9509","-43.1937"
154,154-IPANEMA X CENTRAL,Fetranspor,339,20284382,"-22.9509","-43.1937"
154,154-IPANEMA X CENTRAL,Fetranspor,340,20284382,"-22.951","-43.194"
154,154-IPANEMA X CENTRAL,Fetranspor,341,20284382,"-22.951","-43.194"
154,154-IPANEMA X CENTRAL,Fetranspor,342,20284382,"-22.9511","-43.194"
154,154-IPANEMA X CENTRAL,Fetranspor,343,20284382,"-22.9512","-43.1941"
154,154-IPANEMA X CENTRAL,Fetranspor,344,20284382,"-22.9513","-43.1941"
154,154-IPANEMA X CENTRAL,Fetranspor,345,20284382,"-22.9514","-43.1941"
154,154-IPANEMA X CENTRAL,Fetranspor,346,20284382,"-22.9514","-43.1941"
154,154-IPANEMA X CENTRAL,Fetranspor,347,20284382,"-22.9518","-43.1939"
154,154-IPANEMA X CENTRAL,Fetranspor,348,20284382,"-22.9524","-43.1937"
154,154-IPANEMA X CENTRAL,Fetranspor,349,20284382,"-22.9524","-43.1937"
154,154-IPANEMA X CENTRAL,Fetranspor,350,20284382,"-22.9526","-43.1936"
154,154-IPANEMA X CENTRAL,Fetranspor,351,20284382,"-22.954","-43.1931"
154,154-IPANEMA X CENTRAL,Fetranspor,352,20284382,"-22.954","-43.1931"
154,154-IPANEMA X CENTRAL,Fetranspor,353,20284382,"-22.9544","-43.1929"
154,154-IPANEMA X CENTRAL,Fetranspor,354,20284382,"-22.9544","-43.1929"
154,154-IPANEMA X CENTRAL,Fetranspor,355,20284382,"-22.9549","-43.1927"
154,154-IPANEMA X CENTRAL,Fetranspor,356,20284382,"-22.9554","-43.1925"
154,154-IPANEMA X CENTRAL,Fetranspor,357,20284382,"-22.9554","-43.1925"
154,154-IPANEMA X CENTRAL,Fetranspor,358,20284382,"-22.9554","-43.1925"
154,154-IPANEMA X CENTRAL,Fetranspor,359,20284382,"-22.9554","-43.1925"
154,154-IPANEMA X CENTRAL,Fetranspor,360,20284382,"-22.9559","-43.1923"
154,154-IPANEMA X CENTRAL,Fetranspor,361,20284382,"-22.9559","-43.1923"
154,154-IPANEMA X CENTRAL,Fetranspor,362,20284382,"-22.9563","-43.1921"
154,154-IPANEMA X CENTRAL,Fetranspor,363,20284382,"-22.9563","-43.1921"
154,154-IPANEMA X CENTRAL,Fetranspor,364,20284382,"-22.9567","-43.192"
154,154-IPANEMA X CENTRAL,Fetranspor,365,20284382,"-22.9567","-43.192"
154,154-IPANEMA X CENTRAL,Fetranspor,366,20284382,"-22.9572","-43.1918"
154,154-IPANEMA X CENTRAL,Fetranspor,367,20284382,"-22.9572","-43.1918"
154,154-IPANEMA X CENTRAL,Fetranspor,368,20284382,"-22.9574","-43.1917"
154,154-IPANEMA X CENTRAL,Fetranspor,369,20284382,"-22.9574","-43.1917"
154,154-IPANEMA X CENTRAL,Fetranspor,370,20284382,"-22.9579","-43.1915"
154,154-IPANEMA X CENTRAL,Fetranspor,371,20284382,"-22.958","-43.1915"
154,154-IPANEMA X CENTRAL,Fetranspor,372,20284382,"-22.958","-43.1915"
154,154-IPANEMA X CENTRAL,Fetranspor,373,20284382,"-22.958","-43.1914"
154,154-IPANEMA X CENTRAL,Fetranspor,374,20284382,"-22.958","-43.1914"
154,154-IPANEMA X CENTRAL,Fetranspor,375,20284382,"-22.9583","-43.1914"
154,154-IPANEMA X CENTRAL,Fetranspor,376,20284382,"-22.9583","-43.1914"
154,154-IPANEMA X CENTRAL,Fetranspor,377,20284382,"-22.9584","-43.1914"
154,154-IPANEMA X CENTRAL,Fetranspor,378,20284382,"-22.9584","-43.1914"
154,154-IPANEMA X CENTRAL,Fetranspor,379,20284382,"-22.959","-43.1911"
154,154-IPANEMA X CENTRAL,Fetranspor,380,20284382,"-22.959","-43.1911"
154,154-IPANEMA X CENTRAL,Fetranspor,381,20284382,"-22.9601","-43.1907"
154,154-IPANEMA X CENTRAL,Fetranspor,382,20284382,"-22.9602","-43.1907"
154,154-IPANEMA X CENTRAL,Fetranspor,383,20284382,"-22.9603","-43.1907"
154,154-IPANEMA X CENTRAL,Fetranspor,384,20284382,"-22.9604","-43.1907"
154,154-IPANEMA X CENTRAL,Fetranspor,385,20284382,"-22.9605","-43.1907"
154,154-IPANEMA X CENTRAL,Fetranspor,386,20284382,"-22.9605","-43.1907"
154,154-IPANEMA X CENTRAL,Fetranspor,387,20284382,"-22.9606","-43.1907"
154,154-IPANEMA X CENTRAL,Fetranspor,388,20284382,"-22.961","-43.1909"
154,154-IPANEMA X CENTRAL,Fetranspor,389,20284382,"-22.961","-43.1909"
154,154-IPANEMA X CENTRAL,Fetranspor,390,20284382,"-22.9612","-43.1909"
154,154-IPANEMA X CENTRAL,Fetranspor,391,20284382,"-22.9613","-43.191"
154,154-IPANEMA X CENTRAL,Fetranspor,392,20284382,"-22.9617","-43.1911"
154,154-IPANEMA X CENTRAL,Fetranspor,393,20284382,"-22.9619","-43.1912"
154,154-IPANEMA X CENTRAL,Fetranspor,394,20284382,"-22.9622","-43.1912"
154,154-IPANEMA X CENTRAL,Fetranspor,395,20284382,"-22.9626","-43.1914"
154,154-IPANEMA X CENTRAL,Fetranspor,396,20284382,"-22.9632","-43.1916"
154,154-IPANEMA X CENTRAL,Fetranspor,397,20284382,"-22.9632","-43.1916"
154,154-IPANEMA X CENTRAL,Fetranspor,398,20284382,"-22.9634","-43.1916"
154,154-IPANEMA X CENTRAL,Fetranspor,399,20284382,"-22.9635","-43.1917"
154,154-IPANEMA X CENTRAL,Fetranspor,400,20284382,"-22.9636","-43.1918"
154,154-IPANEMA X CENTRAL,Fetranspor,401,20284382,"-22.9637","-43.1919"
154,154-IPANEMA X CENTRAL,Fetranspor,402,20284382,"-22.964","-43.1921"
154,154-IPANEMA X CENTRAL,Fetranspor,403,20284382,"-22.964","-43.1921"
154,154-IPANEMA X CENTRAL,Fetranspor,404,20284382,"-22.964","-43.1921"
154,154-IPANEMA X CENTRAL,Fetranspor,405,20284382,"-22.964","-43.1921"
154,154-IPANEMA X CENTRAL,Fetranspor,406,20284382,"-22.9647","-43.193"
154,154-IPANEMA X CENTRAL,Fetranspor,407,20284382,"-22.9647","-43.193"
154,154-IPANEMA X CENTRAL,Fetranspor,408,20284382,"-22.9647","-43.193"
154,154-IPANEMA X CENTRAL,Fetranspor,409,20284382,"-22.9648","-43.193"
154,154-IPANEMA X CENTRAL,Fetranspor,410,20284382,"-22.9649","-43.193"
154,154-IPANEMA X CENTRAL,Fetranspor,411,20284382,"-22.9649","-43.193"
154,154-IPANEMA X CENTRAL,Fetranspor,412,20284382,"-22.965","-43.193"
154,154-IPANEMA X CENTRAL,Fetranspor,413,20284382,"-22.9651","-43.193"
154,154-IPANEMA X CENTRAL,Fetranspor,414,20284382,"-22.9651","-43.193"
154,154-IPANEMA X CENTRAL,Fetranspor,415,20284382,"-22.9657","-43.1924"
154,154-IPANEMA X CENTRAL,Fetranspor,416,20284382,"-22.9672","-43.1911"
154,154-IPANEMA X CENTRAL,Fetranspor,417,20284382,"-22.968","-43.1904"
154,154-IPANEMA X CENTRAL,Fetranspor,418,20284382,"-22.968","-43.1904"
154,154-IPANEMA X CENTRAL,Fetranspor,419,20284382,"-22.969","-43.1894"
154,154-IPANEMA X CENTRAL,Fetranspor,420,20284382,"-22.969","-43.1894"
154,154-IPANEMA X CENTRAL,Fetranspor,421,20284382,"-22.9693","-43.1898"
154,154-IPANEMA X CENTRAL,Fetranspor,422,20284382,"-22.9693","-43.1898"
154,154-IPANEMA X CENTRAL,Fetranspor,423,20284382,"-22.9696","-43.1904"
154,154-IPANEMA X CENTRAL,Fetranspor,424,20284382,"-22.9696","-43.1904"
154,154-IPANEMA X CENTRAL,Fetranspor,425,20284382,"-22.9698","-43.1906"
154,154-IPANEMA X CENTRAL,Fetranspor,426,20284382,"-22.9701","-43.1907"
154,154-IPANEMA X CENTRAL,Fetranspor,427,20284382,"-22.9704","-43.191"
154,154-IPANEMA X CENTRAL,Fetranspor,428,20284382,"-22.9706","-43.1911"
154,154-IPANEMA X CENTRAL,Fetranspor,429,20284382,"-22.9709","-43.1912"
154,154-IPANEMA X CENTRAL,Fetranspor,430,20284382,"-22.9712","-43.1913"
154,154-IPANEMA X CENTRAL,Fetranspor,431,20284382,"-22.9714","-43.1914"
154,154-IPANEMA X CENTRAL,Fetranspor,432,20284382,"-22.9714","-43.1914"
154,154-IPANEMA X CENTRAL,Fetranspor,433,20284382,"-22.9716","-43.1915"
154,154-IPANEMA X CENTRAL,Fetranspor,434,20284382,"-22.9718","-43.1916"
154,154-IPANEMA X CENTRAL,Fetranspor,435,20284382,"-22.9721","-43.1917"
154,154-IPANEMA X CENTRAL,Fetranspor,436,20284382,"-22.9723","-43.1919"
154,154-IPANEMA X CENTRAL,Fetranspor,437,20284382,"-22.9723","-43.1919"
154,154-IPANEMA X CENTRAL,Fetranspor,438,20284382,"-22.9725","-43.1915"
154,154-IPANEMA X CENTRAL,Fetranspor,439,20284382,"-22.9725","-43.1915"
154,154-IPANEMA X CENTRAL,Fetranspor,440,20284382,"-22.9729","-43.1908"
154,154-IPANEMA X CENTRAL,Fetranspor,441,20284382,"-22.9729","-43.1908"
154,154-IPANEMA X CENTRAL,Fetranspor,442,20284382,"-22.974","-43.1914"
154,154-IPANEMA X CENTRAL,Fetranspor,443,20284382,"-22.9743","-43.1916"
154,154-IPANEMA X CENTRAL,Fetranspor,444,20284382,"-22.9743","-43.1916"
154,154-IPANEMA X CENTRAL,Fetranspor,445,20284382,"-22.9746","-43.1917"
154,154-IPANEMA X CENTRAL,Fetranspor,446,20284382,"-22.9756","-43.1923"
154,154-IPANEMA X CENTRAL,Fetranspor,447,20284382,"-22.9757","-43.1923"
154,154-IPANEMA X CENTRAL,Fetranspor,448,20284382,"-22.9757","-43.1923"
154,154-IPANEMA X CENTRAL,Fetranspor,449,20284382,"-22.9763","-43.1925"
154,154-IPANEMA X CENTRAL,Fetranspor,450,20284382,"-22.9764","-43.1925"
154,154-IPANEMA X CENTRAL,Fetranspor,451,20284382,"-22.9764","-43.1925"
154,154-IPANEMA X CENTRAL,Fetranspor,452,20284382,"-22.9764","-43.1925"
154,154-IPANEMA X CENTRAL,Fetranspor,453,20284382,"-22.9774","-43.1927"
154,154-IPANEMA X CENTRAL,Fetranspor,454,20284382,"-22.9774","-43.1927"
154,154-IPANEMA X CENTRAL,Fetranspor,455,20284382,"-22.9779","-43.1929"
154,154-IPANEMA X CENTRAL,Fetranspor,456,20284382,"-22.9779","-43.1929"
154,154-IPANEMA X CENTRAL,Fetranspor,457,20284382,"-22.978","-43.1929"
154,154-IPANEMA X CENTRAL,Fetranspor,458,20284382,"-22.9782","-43.193"
154,154-IPANEMA X CENTRAL,Fetranspor,459,20284382,"-22.9786","-43.193"
154,154-IPANEMA X CENTRAL,Fetranspor,460,20284382,"-22.9789","-43.193"
154,154-IPANEMA X CENTRAL,Fetranspor,461,20284382,"-22.9793","-43.193"
154,154-IPANEMA X CENTRAL,Fetranspor,462,20284382,"-22.9795","-43.1929"
154,154-IPANEMA X CENTRAL,Fetranspor,463,20284382,"-22.98","-43.1929"
154,154-IPANEMA X CENTRAL,Fetranspor,464,20284382,"-22.9802","-43.1928"
154,154-IPANEMA X CENTRAL,Fetranspor,465,20284382,"-22.9806","-43.1927"
154,154-IPANEMA X CENTRAL,Fetranspor,466,20284382,"-22.9806","-43.1927"
154,154-IPANEMA X CENTRAL,Fetranspor,467,20284382,"-22.9812","-43.1926"
154,154-IPANEMA X CENTRAL,Fetranspor,468,20284382,"-22.9812","-43.1926"
154,154-IPANEMA X CENTRAL,Fetranspor,469,20284382,"-22.982","-43.1923"
154,154-IPANEMA X CENTRAL,Fetranspor,470,20284382,"-22.982","-43.1923"
154,154-IPANEMA X CENTRAL,Fetranspor,471,20284382,"-22.9828","-43.192"
154,154-IPANEMA X CENTRAL,Fetranspor,472,20284382,"-22.9832","-43.1919"
154,154-IPANEMA X CENTRAL,Fetranspor,473,20284382,"-22.9832","-43.1919"
154,154-IPANEMA X CENTRAL,Fetranspor,474,20284382,"-22.9841","-43.1917"
154,154-IPANEMA X CENTRAL,Fetranspor,475,20284382,"-22.9842","-43.1917"
154,154-IPANEMA X CENTRAL,Fetranspor,476,20284382,"-22.9842","-43.1917"
154,154-IPANEMA X CENTRAL,Fetranspor,477,20284382,"-22.985","-43.1914"
154,154-IPANEMA X CENTRAL,Fetranspor,478,20284382,"-22.985","-43.1914"
154,154-IPANEMA X CENTRAL,Fetranspor,479,20284382,"-22.9852","-43.1919"
154,154-IPANEMA X CENTRAL,Fetranspor,480,20284382,"-22.9853","-43.1924"
154,154-IPANEMA X CENTRAL,Fetranspor,481,20284382,"-22.9853","-43.1924"
154,154-IPANEMA X CENTRAL,Fetranspor,482,20284382,"-22.9855","-43.1929"
154,154-IPANEMA X CENTRAL,Fetranspor,483,20284382,"-22.9855","-43.1929"
154,154-IPANEMA X CENTRAL,Fetranspor,484,20284382,"-22.9858","-43.1943"
154,154-IPANEMA X CENTRAL,Fetranspor,485,20284382,"-22.9858","-43.1943"
154,154-IPANEMA X CENTRAL,Fetranspor,486,20284382,"-22.986","-43.195"
154,154-IPANEMA X CENTRAL,Fetranspor,487,20284382,"-22.986","-43.195"
154,154-IPANEMA X CENTRAL,Fetranspor,488,20284382,"-22.9864","-43.1963"
154,154-IPANEMA X CENTRAL,Fetranspor,489,20284382,"-22.9864","-43.1963"
154,154-IPANEMA X CENTRAL,Fetranspor,490,20284382,"-22.9859","-43.1968"
154,154-IPANEMA X CENTRAL,Fetranspor,491,20284382,"-22.9859","-43.1968"
154,154-IPANEMA X CENTRAL,Fetranspor,492,20284382,"-22.9858","-43.1969"
154,154-IPANEMA X CENTRAL,Fetranspor,493,20284382,"-22.9857","-43.197"
154,154-IPANEMA X CENTRAL,Fetranspor,494,20284382,"-22.9857","-43.1971"
154,154-IPANEMA X CENTRAL,Fetranspor,495,20284382,"-22.9857","-43.1971"
154,154-IPANEMA X CENTRAL,Fetranspor,496,20284382,"-22.9857","-43.1975"
154,154-IPANEMA X CENTRAL,Fetranspor,497,20284382,"-22.9857","-43.1975"
154,154-IPANEMA X CENTRAL,Fetranspor,498,20284382,"-22.9856","-43.1987"
154,154-IPANEMA X CENTRAL,Fetranspor,499,20284382,"-22.9856","-43.1987"
154,154-IPANEMA X CENTRAL,Fetranspor,500,20284382,"-22.9855","-43.2008"
154,154-IPANEMA X CENTRAL,Fetranspor,501,20284382,"-22.9855","-43.2008"
154,154-IPANEMA X CENTRAL,Fetranspor,502,20284382,"-22.9854","-43.2025"
154,154-IPANEMA X CENTRAL,Fetranspor,503,20284382,"-22.9854","-43.2029"
154,154-IPANEMA X CENTRAL,Fetranspor,504,20284382,"-22.9854","-43.2029"
154,154-IPANEMA X CENTRAL,Fetranspor,505,20284382,"-22.9854","-43.2037"
154,154-IPANEMA X CENTRAL,Fetranspor,506,20284382,"-22.9853","-43.2046"
154,154-IPANEMA X CENTRAL,Fetranspor,507,20284382,"-22.9853","-43.205"
154,154-IPANEMA X CENTRAL,Fetranspor,508,20284382,"-22.9853","-43.205"
154,154-IPANEMA X CENTRAL,Fetranspor,509,20284382,"-22.9852","-43.2057"
154,154-IPANEMA X CENTRAL,Fetranspor,510,20284382,"-22.9852","-43.2069"
154,154-IPANEMA X CENTRAL,Fetranspor,511,20284382,"-22.9852","-43.2072"
154,154-IPANEMA X CENTRAL,Fetranspor,512,20284382,"-22.9852","-43.2072"
154,154-IPANEMA X CENTRAL,Fetranspor,513,20284382,"-22.9851","-43.2083"
154,154-IPANEMA X CENTRAL,Fetranspor,514,20284382,"-22.9851","-43.2093"
154,154-IPANEMA X CENTRAL,Fetranspor,515,20284382,"-22.9851","-43.2093"
154,154-IPANEMA X CENTRAL,Fetranspor,516,20284382,"-22.985","-43.2094"
154,154-IPANEMA X CENTRAL,Fetranspor,517,20284382,"-22.985","-43.2106"
154,154-IPANEMA X CENTRAL,Fetranspor,518,20284382,"-22.9849","-43.2114"
154,154-IPANEMA X CENTRAL,Fetranspor,519,20284382,"-22.9849","-43.2114"
154,154-IPANEMA X CENTRAL,Fetranspor,520,20284382,"-22.9849","-43.2126"
154,154-IPANEMA X CENTRAL,Fetranspor,521,20284382,"-22.9848","-43.2135"
154,154-IPANEMA X CENTRAL,Fetranspor,522,20284382,"-22.9848","-43.2135"
154,154-IPANEMA X CENTRAL,Fetranspor,523,20284382,"-22.9848","-43.2143"
154,154-IPANEMA X CENTRAL,Fetranspor,524,20284382,"-22.9848","-43.2143"
154,154-IPANEMA X CENTRAL,Fetranspor,525,20284382,"-22.9848","-43.2148"
154,154-IPANEMA X CENTRAL,Fetranspor,526,20284382,"-22.9847","-43.2149"
154,154-IPANEMA X CENTRAL,Fetranspor,527,20284382,"-22.9847","-43.2149"
154,154-IPANEMA X CENTRAL,Fetranspor,528,20284382,"-22.9847","-43.2151"
154,154-IPANEMA X CENTRAL,Fetranspor,529,20284382,"-22.9847","-43.2156"
154,154-IPANEMA X CENTRAL,Fetranspor,530,20284382,"-22.9847","-43.2156"
154,154-IPANEMA X CENTRAL,Fetranspor,531,20284382,"-22.9847","-43.216"
154,154-IPANEMA X CENTRAL,Fetranspor,532,20284382,"-22.9847","-43.216"
154,154-IPANEMA X CENTRAL,Fetranspor,533,20284382,"-22.9847","-43.2168"
154,154-IPANEMA X CENTRAL,Fetranspor,534,20284382,"-22.9847","-43.2168"
154,154-IPANEMA X CENTRAL,Fetranspor,535,20284382,"-22.9847","-43.2169"
154,154-IPANEMA X CENTRAL,Fetranspor,536,20284382,"-22.9847","-43.2175"
154,154-IPANEMA X CENTRAL,Fetranspor,537,20284382,"-22.9847","-43.2176"
154,154-IPANEMA X CENTRAL,Fetranspor,538,20284382,"-22.9847","-43.2176"
154,154-IPANEMA X CENTRAL,Fetranspor,539,20284382,"-22.9836","-43.2178"
154,154-IPANEMA X CENTRAL,Fetranspor,540,20284382,"-22.9836","-43.2178"
154,154-IPANEMA X CENTRAL,Fetranspor,541,20284382,"-22.9829","-43.2179"
154,154-IPANEMA X CENTRAL,Fetranspor,542,20284382,"-22.9828","-43.2179"
154,154-IPANEMA X CENTRAL,Fetranspor,543,20284382,"-22.9828","-43.2179"
154,154-IPANEMA X CENTRAL,Fetranspor,544,20284382,"-22.9824","-43.218"
154,154-IPANEMA X CENTRAL,Fetranspor,545,20284382,"-22.9815","-43.2181"
154,154-IPANEMA X CENTRAL,Fetranspor,546,20284382,"-22.9815","-43.2181"
154,154-IPANEMA X CENTRAL,Fetranspor,547,20284382,"-22.9814","-43.2175"
154,154-IPANEMA X CENTRAL,Fetranspor,548,20284382,"-22.9814","-43.2171"
154,154-IPANEMA X CENTRAL,Fetranspor,549,20284382,"-22.9814","-43.2167"
154,154-IPANEMA X CENTRAL,Fetranspor,550,20284382,"-22.9815","-43.2164"
154,154-IPANEMA X CENTRAL,Fetranspor,551,20284382,"-22.9815","-43.2161"
154,154-IPANEMA X CENTRAL,Fetranspor,552,20284382,"-22.9816","-43.2158"
154,154-IPANEMA X CENTRAL,Fetranspor,553,20284382,"-22.9818","-43.2152"
154,154-IPANEMA X CENTRAL,Fetranspor,554,20284382,"-22.9818","-43.2151"
154,154-IPANEMA X CENTRAL,Fetranspor,555,20284382,"-22.9818","-43.2151"
154,154-IPANEMA X CENTRAL,Fetranspor,556,20284382,"-22.9818","-43.215"
154,154-IPANEMA X CENTRAL,Fetranspor,557,20284382,"-22.9818","-43.215"
154,154-IPANEMA X CENTRAL,Fetranspor,558,20284382,"-22.9815","-43.2148"
154,154-IPANEMA X CENTRAL,Fetranspor,559,20284382,"-22.9809","-43.2147"
154,154-IPANEMA X CENTRAL,Fetranspor,560,20284382,"-22.9804","-43.2145"
154,154-IPANEMA X CENTRAL,Fetranspor,0,20284783,"-22.9847","-43.2168"
154,154-IPANEMA X CENTRAL,Fetranspor,1,20284783,"-22.9847","-43.2169"
154,154-IPANEMA X CENTRAL,Fetranspor,2,20284783,"-22.9847","-43.2175"
154,154-IPANEMA X CENTRAL,Fetranspor,3,20284783,"-22.9847","-43.2176"
154,154-IPANEMA X CENTRAL,Fetranspor,4,20284783,"-22.9847","-43.2176"
154,154-IPANEMA X CENTRAL,Fetranspor,5,20284783,"-22.9836","-43.2178"
154,154-IPANEMA X CENTRAL,Fetranspor,6,20284783,"-22.9836","-43.2178"
154,154-IPANEMA X CENTRAL,Fetranspor,7,20284783,"-22.9829","-43.2179"
154,154-IPANEMA X CENTRAL,Fetranspor,8,20284783,"-22.9828","-43.2179"
154,154-IPANEMA X CENTRAL,Fetranspor,9,20284783,"-22.9828","-43.2179"
154,154-IPANEMA X CENTRAL,Fetranspor,10,20284783,"-22.9824","-43.218"
154,154-IPANEMA X CENTRAL,Fetranspor,11,20284783,"-22.9815","-43.2181"
154,154-IPANEMA X CENTRAL,Fetranspor,12,20284783,"-22.9815","-43.2181"
154,154-IPANEMA X CENTRAL,Fetranspor,13,20284783,"-22.9814","-43.2175"
154,154-IPANEMA X CENTRAL,Fetranspor,14,20284783,"-22.9814","-43.2171"
154,154-IPANEMA X CENTRAL,Fetranspor,15,20284783,"-22.9814","-43.2167"
154,154-IPANEMA X CENTRAL,Fetranspor,16,20284783,"-22.9815","-43.2164"
154,154-IPANEMA X CENTRAL,Fetranspor,17,20284783,"-22.9815","-43.2161"
154,154-IPANEMA X CENTRAL,Fetranspor,18,20284783,"-22.9816","-43.2158"
154,154-IPANEMA X CENTRAL,Fetranspor,19,20284783,"-22.9818","-43.2152"
154,154-IPANEMA X CENTRAL,Fetranspor,20,20284783,"-22.9818","-43.2151"
154,154-IPANEMA X CENTRAL,Fetranspor,21,20284783,"-22.9818","-43.2151"
154,154-IPANEMA X CENTRAL,Fetranspor,22,20284783,"-22.9818","-43.215"
154,154-IPANEMA X CENTRAL,Fetranspor,23,20284783,"-22.9818","-43.215"
154,154-IPANEMA X CENTRAL,Fetranspor,24,20284783,"-22.9815","-43.2148"
154,154-IPANEMA X CENTRAL,Fetranspor,25,20284783,"-22.9809","-43.2147"
154,154-IPANEMA X CENTRAL,Fetranspor,26,20284783,"-22.9804","-43.2145"
154,154-IPANEMA X CENTRAL,Fetranspor,27,20284783,"-22.9804","-43.2145"
154,154-IPANEMA X CENTRAL,Fetranspor,28,20284783,"-22.9805","-43.2133"
154,154-IPANEMA X CENTRAL,Fetranspor,29,20284783,"-22.9805","-43.2128"
154,154-IPANEMA X CENTRAL,Fetranspor,30,20284783,"-22.9805","-43.2128"
154,154-IPANEMA X CENTRAL,Fetranspor,31,20284783,"-22.9805","-43.2129"
154,154-IPANEMA X CENTRAL,Fetranspor,32,20284783,"-22.9806","-43.2131"
154,154-IPANEMA X CENTRAL,Fetranspor,33,20284783,"-22.9808","-43.2133"
154,154-IPANEMA X CENTRAL,Fetranspor,34,20284783,"-22.9808","-43.2133"
154,154-IPANEMA X CENTRAL,Fetranspor,35,20284783,"-22.9809","-43.2134"
154,154-IPANEMA X CENTRAL,Fetranspor,36,20284783,"-22.9811","-43.2134"
154,154-IPANEMA X CENTRAL,Fetranspor,37,20284783,"-22.9811","-43.2134"
154,154-IPANEMA X CENTRAL,Fetranspor,38,20284783,"-22.9816","-43.2137"
154,154-IPANEMA X CENTRAL,Fetranspor,39,20284783,"-22.9816","-43.2137"
154,154-IPANEMA X CENTRAL,Fetranspor,40,20284783,"-22.9818","-43.2137"
154,154-IPANEMA X CENTRAL,Fetranspor,41,20284783,"-22.9821","-43.2139"
154,154-IPANEMA X CENTRAL,Fetranspor,42,20284783,"-22.9821","-43.2139"
154,154-IPANEMA X CENTRAL,Fetranspor,43,20284783,"-22.9826","-43.2141"
154,154-IPANEMA X CENTRAL,Fetranspor,44,20284783,"-22.9826","-43.2141"
154,154-IPANEMA X CENTRAL,Fetranspor,45,20284783,"-22.9837","-43.2145"
154,154-IPANEMA X CENTRAL,Fetranspor,46,20284783,"-22.9837","-43.2145"
154,154-IPANEMA X CENTRAL,Fetranspor,47,20284783,"-22.9837","-43.2142"
154,154-IPANEMA X CENTRAL,Fetranspor,48,20284783,"-22.9837","-43.2142"
154,154-IPANEMA X CENTRAL,Fetranspor,49,20284783,"-22.9837","-43.2137"
154,154-IPANEMA X CENTRAL,Fetranspor,50,20284783,"-22.9837","-43.2135"
154,154-IPANEMA X CENTRAL,Fetranspor,51,20284783,"-22.9837","-43.2135"
154,154-IPANEMA X CENTRAL,Fetranspor,52,20284783,"-22.9838","-43.2127"
154,154-IPANEMA X CENTRAL,Fetranspor,53,20284783,"-22.9838","-43.2116"
154,154-IPANEMA X CENTRAL,Fetranspor,54,20284783,"-22.9839","-43.2113"
154,154-IPANEMA X CENTRAL,Fetranspor,55,20284783,"-22.9839","-43.2113"
154,154-IPANEMA X CENTRAL,Fetranspor,56,20284783,"-22.984","-43.2092"
154,154-IPANEMA X CENTRAL,Fetranspor,57,20284783,"-22.984","-43.2092"
154,154-IPANEMA X CENTRAL,Fetranspor,58,20284783,"-22.984","-43.2086"
154,154-IPANEMA X CENTRAL,Fetranspor,59,20284783,"-22.9841","-43.2072"
154,154-IPANEMA X CENTRAL,Fetranspor,60,20284783,"-22.9841","-43.2071"
154,154-IPANEMA X CENTRAL,Fetranspor,61,20284783,"-22.9841","-43.2071"
154,154-IPANEMA X CENTRAL,Fetranspor,62,20284783,"-22.9842","-43.2055"
154,154-IPANEMA X CENTRAL,Fetranspor,63,20284783,"-22.9842","-43.2052"
154,154-IPANEMA X CENTRAL,Fetranspor,64,20284783,"-22.9842","-43.205"
154,154-IPANEMA X CENTRAL,Fetranspor,65,20284783,"-22.9842","-43.205"
154,154-IPANEMA X CENTRAL,Fetranspor,66,20284783,"-22.9842","-43.2043"
154,154-IPANEMA X CENTRAL,Fetranspor,67,20284783,"-22.9843","-43.2034"
154,154-IPANEMA X CENTRAL,Fetranspor,68,20284783,"-22.9843","-43.2029"
154,154-IPANEMA X CENTRAL,Fetranspor,69,20284783,"-22.9843","-43.2029"
154,154-IPANEMA X CENTRAL,Fetranspor,70,20284783,"-22.9844","-43.2007"
154,154-IPANEMA X CENTRAL,Fetranspor,71,20284783,"-22.9844","-43.2007"
154,154-IPANEMA X CENTRAL,Fetranspor,72,20284783,"-22.9845","-43.1986"
154,154-IPANEMA X CENTRAL,Fetranspor,73,20284783,"-22.9845","-43.1986"
154,154-IPANEMA X CENTRAL,Fetranspor,74,20284783,"-22.9846","-43.1969"
154,154-IPANEMA X CENTRAL,Fetranspor,75,20284783,"-22.9846","-43.1969"
154,154-IPANEMA X CENTRAL,Fetranspor,76,20284783,"-22.9847","-43.1952"
154,154-IPANEMA X CENTRAL,Fetranspor,77,20284783,"-22.9847","-43.1952"
154,154-IPANEMA X CENTRAL,Fetranspor,78,20284783,"-22.9845","-43.1949"
154,154-IPANEMA X CENTRAL,Fetranspor,79,20284783,"-22.984","-43.1942"
154,154-IPANEMA X CENTRAL,Fetranspor,80,20284783,"-22.9839","-43.1941"
154,154-IPANEMA X CENTRAL,Fetranspor,81,20284783,"-22.9839","-43.1941"
154,154-IPANEMA X CENTRAL,Fetranspor,82,20284783,"-22.9839","-43.1941"
154,154-IPANEMA X CENTRAL,Fetranspor,83,20284783,"-22.9839","-43.1941"
154,154-IPANEMA X CENTRAL,Fetranspor,84,20284783,"-22.9838","-43.194"
154,154-IPANEMA X CENTRAL,Fetranspor,85,20284783,"-22.9837","-43.1939"
154,154-IPANEMA X CENTRAL,Fetranspor,86,20284783,"-22.9837","-43.1938"
154,154-IPANEMA X CENTRAL,Fetranspor,87,20284783,"-22.9836","-43.1934"
154,154-IPANEMA X CENTRAL,Fetranspor,88,20284783,"-22.9836","-43.1934"
154,154-IPANEMA X CENTRAL,Fetranspor,89,20284783,"-22.9834","-43.1929"
154,154-IPANEMA X CENTRAL,Fetranspor,90,20284783,"-22.9834","-43.1929"
154,154-IPANEMA X CENTRAL,Fetranspor,91,20284783,"-22.9832","-43.1919"
154,154-IPANEMA X CENTRAL,Fetranspor,92,20284783,"-22.9832","-43.1919"
154,154-IPANEMA X CENTRAL,Fetranspor,93,20284783,"-22.9829","-43.1909"
154,154-IPANEMA X CENTRAL,Fetranspor,94,20284783,"-22.9829","-43.1909"
154,154-IPANEMA X CENTRAL,Fetranspor,95,20284783,"-22.9828","-43.1909"
154,154-IPANEMA X CENTRAL,Fetranspor,96,20284783,"-22.9817","-43.1911"
154,154-IPANEMA X CENTRAL,Fetranspor,97,20284783,"-22.9817","-43.1911"
154,154-IPANEMA X CENTRAL,Fetranspor,98,20284783,"-22.9816","-43.1911"
154,154-IPANEMA X CENTRAL,Fetranspor,99,20284783,"-22.9813","-43.1911"
154,154-IPANEMA X CENTRAL,Fetranspor,100,20284783,"-22.9809","-43.1911"
154,154-IPANEMA X CENTRAL,Fetranspor,101,20284783,"-22.9808","-43.1911"
154,154-IPANEMA X CENTRAL,Fetranspor,102,20284783,"-22.9808","-43.1911"
154,154-IPANEMA X CENTRAL,Fetranspor,103,20284783,"-22.9796","-43.1911"
154,154-IPANEMA X CENTRAL,Fetranspor,104,20284783,"-22.9789","-43.1909"
154,154-IPANEMA X CENTRAL,Fetranspor,105,20284783,"-22.9788","-43.1909"
154,154-IPANEMA X CENTRAL,Fetranspor,106,20284783,"-22.9788","-43.1909"
154,154-IPANEMA X CENTRAL,Fetranspor,107,20284783,"-22.9783","-43.1907"
154,154-IPANEMA X CENTRAL,Fetranspor,108,20284783,"-22.9779","-43.1906"
154,154-IPANEMA X CENTRAL,Fetranspor,109,20284783,"-22.9779","-43.1906"
154,154-IPANEMA X CENTRAL,Fetranspor,110,20284783,"-22.9776","-43.1905"
154,154-IPANEMA X CENTRAL,Fetranspor,111,20284783,"-22.9769","-43.1903"
154,154-IPANEMA X CENTRAL,Fetranspor,112,20284783,"-22.9769","-43.1903"
154,154-IPANEMA X CENTRAL,Fetranspor,113,20284783,"-22.976","-43.1901"
154,154-IPANEMA X CENTRAL,Fetranspor,114,20284783,"-22.9759","-43.19"
154,154-IPANEMA X CENTRAL,Fetranspor,115,20284783,"-22.9758","-43.19"
154,154-IPANEMA X CENTRAL,Fetranspor,116,20284783,"-22.9758","-43.19"
154,154-IPANEMA X CENTRAL,Fetranspor,117,20284783,"-22.9749","-43.1895"
154,154-IPANEMA X CENTRAL,Fetranspor,118,20284783,"-22.9749","-43.1895"
154,154-IPANEMA X CENTRAL,Fetranspor,119,20284783,"-22.974","-43.1889"
154,154-IPANEMA X CENTRAL,Fetranspor,120,20284783,"-22.974","-43.1889"
154,154-IPANEMA X CENTRAL,Fetranspor,121,20284783,"-22.9733","-43.1885"
154,154-IPANEMA X CENTRAL,Fetranspor,122,20284783,"-22.9733","-43.1885"
154,154-IPANEMA X CENTRAL,Fetranspor,123,20284783,"-22.9725","-43.188"
154,154-IPANEMA X CENTRAL,Fetranspor,124,20284783,"-22.9725","-43.188"
154,154-IPANEMA X CENTRAL,Fetranspor,125,20284783,"-22.9719","-43.1876"
154,154-IPANEMA X CENTRAL,Fetranspor,126,20284783,"-22.9719","-43.1876"
154,154-IPANEMA X CENTRAL,Fetranspor,127,20284783,"-22.9715","-43.1872"
154,154-IPANEMA X CENTRAL,Fetranspor,128,20284783,"-22.9715","-43.1872"
154,154-IPANEMA X CENTRAL,Fetranspor,129,20284783,"-22.9703","-43.186"
154,154-IPANEMA X CENTRAL,Fetranspor,130,20284783,"-22.9703","-43.186"
154,154-IPANEMA X CENTRAL,Fetranspor,131,20284783,"-22.9703","-43.186"
154,154-IPANEMA X CENTRAL,Fetranspor,132,20284783,"-22.9702","-43.1859"
154,154-IPANEMA X CENTRAL,Fetranspor,133,20284783,"-22.9691","-43.1846"
154,154-IPANEMA X CENTRAL,Fetranspor,134,20284783,"-22.9691","-43.1846"
154,154-IPANEMA X CENTRAL,Fetranspor,135,20284783,"-22.9697","-43.1841"
154,154-IPANEMA X CENTRAL,Fetranspor,136,20284783,"-22.9697","-43.1841"
154,154-IPANEMA X CENTRAL,Fetranspor,137,20284783,"-22.97","-43.1839"
154,154-IPANEMA X CENTRAL,Fetranspor,138,20284783,"-22.97","-43.1839"
154,154-IPANEMA X CENTRAL,Fetranspor,139,20284783,"-22.9703","-43.1836"
154,154-IPANEMA X CENTRAL,Fetranspor,140,20284783,"-22.9706","-43.1834"
154,154-IPANEMA X CENTRAL,Fetranspor,141,20284783,"-22.9706","-43.1834"
154,154-IPANEMA X CENTRAL,Fetranspor,142,20284783,"-22.971","-43.1839"
154,154-IPANEMA X CENTRAL,Fetranspor,143,20284783,"-22.9717","-43.1847"
154,154-IPANEMA X CENTRAL,Fetranspor,144,20284783,"-22.9717","-43.1847"
154,154-IPANEMA X CENTRAL,Fetranspor,145,20284783,"-22.9716","-43.1848"
154,154-IPANEMA X CENTRAL,Fetranspor,146,20284783,"-22.971","-43.1853"
154,154-IPANEMA X CENTRAL,Fetranspor,147,20284783,"-22.971","-43.1853"
154,154-IPANEMA X CENTRAL,Fetranspor,148,20284783,"-22.9703","-43.186"
154,154-IPANEMA X CENTRAL,Fetranspor,149,20284783,"-22.9703","-43.186"
154,154-IPANEMA X CENTRAL,Fetranspor,150,20284783,"-22.9693","-43.1868"
154,154-IPANEMA X CENTRAL,Fetranspor,151,20284783,"-22.9693","-43.1868"
154,154-IPANEMA X CENTRAL,Fetranspor,152,20284783,"-22.969","-43.187"
154,154-IPANEMA X CENTRAL,Fetranspor,153,20284783,"-22.969","-43.187"
154,154-IPANEMA X CENTRAL,Fetranspor,154,20284783,"-22.9687","-43.1873"
154,154-IPANEMA X CENTRAL,Fetranspor,155,20284783,"-22.9687","-43.1873"
154,154-IPANEMA X CENTRAL,Fetranspor,156,20284783,"-22.968","-43.1879"
154,154-IPANEMA X CENTRAL,Fetranspor,157,20284783,"-22.968","-43.1879"
154,154-IPANEMA X CENTRAL,Fetranspor,158,20284783,"-22.9672","-43.1885"
154,154-IPANEMA X CENTRAL,Fetranspor,159,20284783,"-22.9672","-43.1885"
154,154-IPANEMA X CENTRAL,Fetranspor,160,20284783,"-22.9667","-43.189"
154,154-IPANEMA X CENTRAL,Fetranspor,161,20284783,"-22.9667","-43.189"
154,154-IPANEMA X CENTRAL,Fetranspor,162,20284783,"-22.9662","-43.1894"
154,154-IPANEMA X CENTRAL,Fetranspor,163,20284783,"-22.9662","-43.1894"
154,154-IPANEMA X CENTRAL,Fetranspor,164,20284783,"-22.9659","-43.1896"
154,154-IPANEMA X CENTRAL,Fetranspor,165,20284783,"-22.9659","-43.1896"
154,154-IPANEMA X CENTRAL,Fetranspor,166,20284783,"-22.965","-43.1904"
154,154-IPANEMA X CENTRAL,Fetranspor,167,20284783,"-22.9648","-43.1906"
154,154-IPANEMA X CENTRAL,Fetranspor,168,20284783,"-22.9648","-43.1906"
154,154-IPANEMA X CENTRAL,Fetranspor,169,20284783,"-22.9646","-43.1908"
154,154-IPANEMA X CENTRAL,Fetranspor,170,20284783,"-22.9645","-43.1909"
154,154-IPANEMA X CENTRAL,Fetranspor,171,20284783,"-22.9639","-43.1915"
154,154-IPANEMA X CENTRAL,Fetranspor,172,20284783,"-22.9638","-43.1916"
154,154-IPANEMA X CENTRAL,Fetranspor,173,20284783,"-22.9637","-43.1916"
154,154-IPANEMA X CENTRAL,Fetranspor,174,20284783,"-22.9636","-43.1916"
154,154-IPANEMA X CENTRAL,Fetranspor,175,20284783,"-22.9635","-43.1916"
154,154-IPANEMA X CENTRAL,Fetranspor,176,20284783,"-22.9633","-43.1916"
154,154-IPANEMA X CENTRAL,Fetranspor,177,20284783,"-22.9626","-43.1913"
154,154-IPANEMA X CENTRAL,Fetranspor,178,20284783,"-22.9622","-43.1912"
154,154-IPANEMA X CENTRAL,Fetranspor,179,20284783,"-22.962","-43.1911"
154,154-IPANEMA X CENTRAL,Fetranspor,180,20284783,"-22.9617","-43.191"
154,154-IPANEMA X CENTRAL,Fetranspor,181,20284783,"-22.9613","-43.1909"
154,154-IPANEMA X CENTRAL,Fetranspor,182,20284783,"-22.9612","-43.1909"
154,154-IPANEMA X CENTRAL,Fetranspor,183,20284783,"-22.9611","-43.1908"
154,154-IPANEMA X CENTRAL,Fetranspor,184,20284783,"-22.9611","-43.1908"
154,154-IPANEMA X CENTRAL,Fetranspor,185,20284783,"-22.9611","-43.1908"
154,154-IPANEMA X CENTRAL,Fetranspor,186,20284783,"-22.961","-43.1907"
154,154-IPANEMA X CENTRAL,Fetranspor,187,20284783,"-22.9609","-43.1907"
154,154-IPANEMA X CENTRAL,Fetranspor,188,20284783,"-22.9608","-43.1906"
154,154-IPANEMA X CENTRAL,Fetranspor,189,20284783,"-22.9606","-43.1906"
154,154-IPANEMA X CENTRAL,Fetranspor,190,20284783,"-22.9606","-43.1906"
154,154-IPANEMA X CENTRAL,Fetranspor,191,20284783,"-22.9605","-43.1906"
154,154-IPANEMA X CENTRAL,Fetranspor,192,20284783,"-22.9604","-43.1905"
154,154-IPANEMA X CENTRAL,Fetranspor,193,20284783,"-22.9603","-43.1905"
154,154-IPANEMA X CENTRAL,Fetranspor,194,20284783,"-22.9603","-43.1905"
154,154-IPANEMA X CENTRAL,Fetranspor,195,20284783,"-22.9603","-43.1905"
154,154-IPANEMA X CENTRAL,Fetranspor,196,20284783,"-22.9603","-43.1905"
154,154-IPANEMA X CENTRAL,Fetranspor,197,20284783,"-22.9583","-43.1913"
154,154-IPANEMA X CENTRAL,Fetranspor,198,20284783,"-22.9582","-43.1913"
154,154-IPANEMA X CENTRAL,Fetranspor,199,20284783,"-22.9582","-43.1913"
154,154-IPANEMA X CENTRAL,Fetranspor,200,20284783,"-22.9581","-43.1913"
154,154-IPANEMA X CENTRAL,Fetranspor,201,20284783,"-22.9581","-43.1912"
154,154-IPANEMA X CENTRAL,Fetranspor,202,20284783,"-22.958","-43.1912"
154,154-IPANEMA X CENTRAL,Fetranspor,203,20284783,"-22.958","-43.1912"
154,154-IPANEMA X CENTRAL,Fetranspor,204,20284783,"-22.9579","-43.1908"
154,154-IPANEMA X CENTRAL,Fetranspor,205,20284783,"-22.9579","-43.1908"
154,154-IPANEMA X CENTRAL,Fetranspor,206,20284783,"-22.9573","-43.1892"
154,154-IPANEMA X CENTRAL,Fetranspor,207,20284783,"-22.9573","-43.1892"
154,154-IPANEMA X CENTRAL,Fetranspor,208,20284783,"-22.9558","-43.19"
154,154-IPANEMA X CENTRAL,Fetranspor,209,20284783,"-22.9558","-43.19"
154,154-IPANEMA X CENTRAL,Fetranspor,210,20284783,"-22.9547","-43.1905"
154,154-IPANEMA X CENTRAL,Fetranspor,211,20284783,"-22.9547","-43.1905"
154,154-IPANEMA X CENTRAL,Fetranspor,212,20284783,"-22.9537","-43.1909"
154,154-IPANEMA X CENTRAL,Fetranspor,213,20284783,"-22.9537","-43.1909"
154,154-IPANEMA X CENTRAL,Fetranspor,214,20284783,"-22.9536","-43.1907"
154,154-IPANEMA X CENTRAL,Fetranspor,215,20284783,"-22.9536","-43.1907"
154,154-IPANEMA X CENTRAL,Fetranspor,216,20284783,"-22.9533","-43.1898"
154,154-IPANEMA X CENTRAL,Fetranspor,217,20284783,"-22.9533","-43.1898"
154,154-IPANEMA X CENTRAL,Fetranspor,218,20284783,"-22.9529","-43.1886"
154,154-IPANEMA X CENTRAL,Fetranspor,219,20284783,"-22.9529","-43.1886"
154,154-IPANEMA X CENTRAL,Fetranspor,220,20284783,"-22.9526","-43.1877"
154,154-IPANEMA X CENTRAL,Fetranspor,221,20284783,"-22.9526","-43.1877"
154,154-IPANEMA X CENTRAL,Fetranspor,222,20284783,"-22.9526","-43.1875"
154,154-IPANEMA X CENTRAL,Fetranspor,223,20284783,"-22.9526","-43.1875"
154,154-IPANEMA X CENTRAL,Fetranspor,224,20284783,"-22.9525","-43.1872"
154,154-IPANEMA X CENTRAL,Fetranspor,225,20284783,"-22.9524","-43.187"
154,154-IPANEMA X CENTRAL,Fetranspor,226,20284783,"-22.9524","-43.187"
154,154-IPANEMA X CENTRAL,Fetranspor,227,20284783,"-22.9522","-43.1868"
154,154-IPANEMA X CENTRAL,Fetranspor,228,20284783,"-22.9522","-43.1867"
154,154-IPANEMA X CENTRAL,Fetranspor,229,20284783,"-22.9522","-43.1867"
154,154-IPANEMA X CENTRAL,Fetranspor,230,20284783,"-22.9521","-43.1863"
154,154-IPANEMA X CENTRAL,Fetranspor,231,20284783,"-22.9521","-43.1863"
154,154-IPANEMA X CENTRAL,Fetranspor,232,20284783,"-22.9515","-43.1848"
154,154-IPANEMA X CENTRAL,Fetranspor,233,20284783,"-22.9514","-43.1845"
154,154-IPANEMA X CENTRAL,Fetranspor,234,20284783,"-22.9514","-43.1845"
154,154-IPANEMA X CENTRAL,Fetranspor,235,20284783,"-22.9513","-43.1842"
154,154-IPANEMA X CENTRAL,Fetranspor,236,20284783,"-22.9513","-43.1842"
154,154-IPANEMA X CENTRAL,Fetranspor,237,20284783,"-22.9513","-43.1841"
154,154-IPANEMA X CENTRAL,Fetranspor,238,20284783,"-22.9513","-43.1841"
154,154-IPANEMA X CENTRAL,Fetranspor,239,20284783,"-22.9509","-43.1829"
154,154-IPANEMA X CENTRAL,Fetranspor,240,20284783,"-22.9509","-43.1829"
154,154-IPANEMA X CENTRAL,Fetranspor,241,20284783,"-22.9506","-43.182"
154,154-IPANEMA X CENTRAL,Fetranspor,242,20284783,"-22.9504","-43.1817"
154,154-IPANEMA X CENTRAL,Fetranspor,243,20284783,"-22.9504","-43.1817"
154,154-IPANEMA X CENTRAL,Fetranspor,244,20284783,"-22.9504","-43.1816"
154,154-IPANEMA X CENTRAL,Fetranspor,245,20284783,"-22.9504","-43.1816"
154,154-IPANEMA X CENTRAL,Fetranspor,246,20284783,"-22.9503","-43.1815"
154,154-IPANEMA X CENTRAL,Fetranspor,247,20284783,"-22.9503","-43.1815"
154,154-IPANEMA X CENTRAL,Fetranspor,248,20284783,"-22.9503","-43.1815"
154,154-IPANEMA X CENTRAL,Fetranspor,249,20284783,"-22.9502","-43.1815"
154,154-IPANEMA X CENTRAL,Fetranspor,250,20284783,"-22.9502","-43.1814"
154,154-IPANEMA X CENTRAL,Fetranspor,251,20284783,"-22.95","-43.1814"
154,154-IPANEMA X CENTRAL,Fetranspor,252,20284783,"-22.95","-43.1814"
154,154-IPANEMA X CENTRAL,Fetranspor,253,20284783,"-22.9499","-43.1814"
154,154-IPANEMA X CENTRAL,Fetranspor,254,20284783,"-22.9498","-43.1814"
154,154-IPANEMA X CENTRAL,Fetranspor,255,20284783,"-22.9494","-43.1816"
154,154-IPANEMA X CENTRAL,Fetranspor,256,20284783,"-22.9494","-43.1816"
154,154-IPANEMA X CENTRAL,Fetranspor,257,20284783,"-22.9487","-43.1819"
154,154-IPANEMA X CENTRAL,Fetranspor,258,20284783,"-22.9482","-43.182"
154,154-IPANEMA X CENTRAL,Fetranspor,259,20284783,"-22.9476","-43.1822"
154,154-IPANEMA X CENTRAL,Fetranspor,260,20284783,"-22.9476","-43.1822"
154,154-IPANEMA X CENTRAL,Fetranspor,261,20284783,"-22.9471","-43.1822"
154,154-IPANEMA X CENTRAL,Fetranspor,262,20284783,"-22.9468","-43.1822"
154,154-IPANEMA X CENTRAL,Fetranspor,263,20284783,"-22.9462","-43.1822"
154,154-IPANEMA X CENTRAL,Fetranspor,264,20284783,"-22.9462","-43.1822"
154,154-IPANEMA X CENTRAL,Fetranspor,265,20284783,"-22.9461","-43.1822"
154,154-IPANEMA X CENTRAL,Fetranspor,266,20284783,"-22.9459","-43.1821"
154,154-IPANEMA X CENTRAL,Fetranspor,267,20284783,"-22.9454","-43.182"
154,154-IPANEMA X CENTRAL,Fetranspor,268,20284783,"-22.9451","-43.1819"
154,154-IPANEMA X CENTRAL,Fetranspor,269,20284783,"-22.9444","-43.1816"
154,154-IPANEMA X CENTRAL,Fetranspor,270,20284783,"-22.9437","-43.1812"
154,154-IPANEMA X CENTRAL,Fetranspor,271,20284783,"-22.9437","-43.1812"
154,154-IPANEMA X CENTRAL,Fetranspor,272,20284783,"-22.9431","-43.1808"
154,154-IPANEMA X CENTRAL,Fetranspor,273,20284783,"-22.9431","-43.1808"
154,154-IPANEMA X CENTRAL,Fetranspor,274,20284783,"-22.9431","-43.1808"
154,154-IPANEMA X CENTRAL,Fetranspor,275,20284783,"-22.9426","-43.1803"
154,154-IPANEMA X CENTRAL,Fetranspor,276,20284783,"-22.9424","-43.1801"
154,154-IPANEMA X CENTRAL,Fetranspor,277,20284783,"-22.9422","-43.1798"
154,154-IPANEMA X CENTRAL,Fetranspor,278,20284783,"-22.9421","-43.1796"
154,154-IPANEMA X CENTRAL,Fetranspor,279,20284783,"-22.942","-43.1794"
154,154-IPANEMA X CENTRAL,Fetranspor,280,20284783,"-22.942","-43.1794"
154,154-IPANEMA X CENTRAL,Fetranspor,281,20284783,"-22.9419","-43.1792"
154,154-IPANEMA X CENTRAL,Fetranspor,282,20284783,"-22.9418","-43.179"
154,154-IPANEMA X CENTRAL,Fetranspor,283,20284783,"-22.9418","-43.1788"
154,154-IPANEMA X CENTRAL,Fetranspor,284,20284783,"-22.9418","-43.1788"
154,154-IPANEMA X CENTRAL,Fetranspor,285,20284783,"-22.9418","-43.1786"
154,154-IPANEMA X CENTRAL,Fetranspor,286,20284783,"-22.9418","-43.1784"
154,154-IPANEMA X CENTRAL,Fetranspor,287,20284783,"-22.9419","-43.1779"
154,154-IPANEMA X CENTRAL,Fetranspor,288,20284783,"-22.9419","-43.1779"
154,154-IPANEMA X CENTRAL,Fetranspor,289,20284783,"-22.9419","-43.1778"
154,154-IPANEMA X CENTRAL,Fetranspor,290,20284783,"-22.942","-43.1777"
154,154-IPANEMA X CENTRAL,Fetranspor,291,20284783,"-22.9421","-43.1775"
154,154-IPANEMA X CENTRAL,Fetranspor,292,20284783,"-22.9424","-43.1771"
154,154-IPANEMA X CENTRAL,Fetranspor,293,20284783,"-22.9427","-43.1767"
154,154-IPANEMA X CENTRAL,Fetranspor,294,20284783,"-22.9427","-43.1767"
154,154-IPANEMA X CENTRAL,Fetranspor,295,20284783,"-22.943","-43.1763"
154,154-IPANEMA X CENTRAL,Fetranspor,296,20284783,"-22.9432","-43.1761"
154,154-IPANEMA X CENTRAL,Fetranspor,297,20284783,"-22.9432","-43.176"
154,154-IPANEMA X CENTRAL,Fetranspor,298,20284783,"-22.9433","-43.1759"
154,154-IPANEMA X CENTRAL,Fetranspor,299,20284783,"-22.9433","-43.1758"
154,154-IPANEMA X CENTRAL,Fetranspor,300,20284783,"-22.9433","-43.1757"
154,154-IPANEMA X CENTRAL,Fetranspor,301,20284783,"-22.9433","-43.1755"
154,154-IPANEMA X CENTRAL,Fetranspor,302,20284783,"-22.9433","-43.1754"
154,154-IPANEMA X CENTRAL,Fetranspor,303,20284783,"-22.9433","-43.1752"
154,154-IPANEMA X CENTRAL,Fetranspor,304,20284783,"-22.9432","-43.1751"
154,154-IPANEMA X CENTRAL,Fetranspor,305,20284783,"-22.9432","-43.175"
154,154-IPANEMA X CENTRAL,Fetranspor,306,20284783,"-22.9431","-43.1749"
154,154-IPANEMA X CENTRAL,Fetranspor,307,20284783,"-22.943","-43.1748"
154,154-IPANEMA X CENTRAL,Fetranspor,308,20284783,"-22.943","-43.1748"
154,154-IPANEMA X CENTRAL,Fetranspor,309,20284783,"-22.943","-43.1747"
154,154-IPANEMA X CENTRAL,Fetranspor,310,20284783,"-22.943","-43.1747"
154,154-IPANEMA X CENTRAL,Fetranspor,311,20284783,"-22.9427","-43.1744"
154,154-IPANEMA X CENTRAL,Fetranspor,312,20284783,"-22.9425","-43.1742"
154,154-IPANEMA X CENTRAL,Fetranspor,313,20284783,"-22.9423","-43.174"
154,154-IPANEMA X CENTRAL,Fetranspor,314,20284783,"-22.9421","-43.1737"
154,154-IPANEMA X CENTRAL,Fetranspor,315,20284783,"-22.9416","-43.1729"
154,154-IPANEMA X CENTRAL,Fetranspor,316,20284783,"-22.9411","-43.1723"
154,154-IPANEMA X CENTRAL,Fetranspor,317,20284783,"-22.9409","-43.172"
154,154-IPANEMA X CENTRAL,Fetranspor,318,20284783,"-22.9409","-43.1719"
154,154-IPANEMA X CENTRAL,Fetranspor,319,20284783,"-22.9407","-43.1717"
154,154-IPANEMA X CENTRAL,Fetranspor,320,20284783,"-22.9405","-43.1716"
154,154-IPANEMA X CENTRAL,Fetranspor,321,20284783,"-22.9404","-43.1715"
154,154-IPANEMA X CENTRAL,Fetranspor,322,20284783,"-22.9399","-43.1713"
154,154-IPANEMA X CENTRAL,Fetranspor,323,20284783,"-22.9396","-43.1711"
154,154-IPANEMA X CENTRAL,Fetranspor,324,20284783,"-22.9395","-43.171"
154,154-IPANEMA X CENTRAL,Fetranspor,325,20284783,"-22.9393","-43.171"
154,154-IPANEMA X CENTRAL,Fetranspor,326,20284783,"-22.9393","-43.1709"
154,154-IPANEMA X CENTRAL,Fetranspor,327,20284783,"-22.9392","-43.1709"
154,154-IPANEMA X CENTRAL,Fetranspor,328,20284783,"-22.9391","-43.1709"
154,154-IPANEMA X CENTRAL,Fetranspor,329,20284783,"-22.939","-43.1709"
154,154-IPANEMA X CENTRAL,Fetranspor,330,20284783,"-22.9388","-43.171"
154,154-IPANEMA X CENTRAL,Fetranspor,331,20284783,"-22.9387","-43.171"
154,154-IPANEMA X CENTRAL,Fetranspor,332,20284783,"-22.9386","-43.1711"
154,154-IPANEMA X CENTRAL,Fetranspor,333,20284783,"-22.9386","-43.1711"
154,154-IPANEMA X CENTRAL,Fetranspor,334,20284783,"-22.9385","-43.1712"
154,154-IPANEMA X CENTRAL,Fetranspor,335,20284783,"-22.9384","-43.1713"
154,154-IPANEMA X CENTRAL,Fetranspor,336,20284783,"-22.9383","-43.1714"
154,154-IPANEMA X CENTRAL,Fetranspor,337,20284783,"-22.9382","-43.1715"
154,154-IPANEMA X CENTRAL,Fetranspor,338,20284783,"-22.938","-43.1719"
154,154-IPANEMA X CENTRAL,Fetranspor,339,20284783,"-22.9379","-43.172"
154,154-IPANEMA X CENTRAL,Fetranspor,340,20284783,"-22.9379","-43.172"
154,154-IPANEMA X CENTRAL,Fetranspor,341,20284783,"-22.9378","-43.1723"
154,154-IPANEMA X CENTRAL,Fetranspor,342,20284783,"-22.9378","-43.1723"
154,154-IPANEMA X CENTRAL,Fetranspor,343,20284783,"-22.9377","-43.1724"
154,154-IPANEMA X CENTRAL,Fetranspor,344,20284783,"-22.9375","-43.1727"
154,154-IPANEMA X CENTRAL,Fetranspor,345,20284783,"-22.9372","-43.1731"
154,154-IPANEMA X CENTRAL,Fetranspor,346,20284783,"-22.937","-43.1733"
154,154-IPANEMA X CENTRAL,Fetranspor,347,20284783,"-22.937","-43.1733"
154,154-IPANEMA X CENTRAL,Fetranspor,348,20284783,"-22.937","-43.1734"
154,154-IPANEMA X CENTRAL,Fetranspor,349,20284783,"-22.9368","-43.1735"
154,154-IPANEMA X CENTRAL,Fetranspor,350,20284783,"-22.9366","-43.1737"
154,154-IPANEMA X CENTRAL,Fetranspor,351,20284783,"-22.9364","-43.1738"
154,154-IPANEMA X CENTRAL,Fetranspor,352,20284783,"-22.9362","-43.1739"
154,154-IPANEMA X CENTRAL,Fetranspor,353,20284783,"-22.936","-43.174"
154,154-IPANEMA X CENTRAL,Fetranspor,354,20284783,"-22.9355","-43.1741"
154,154-IPANEMA X CENTRAL,Fetranspor,355,20284783,"-22.9351","-43.1741"
154,154-IPANEMA X CENTRAL,Fetranspor,356,20284783,"-22.9351","-43.1741"
154,154-IPANEMA X CENTRAL,Fetranspor,357,20284783,"-22.9342","-43.1743"
154,154-IPANEMA X CENTRAL,Fetranspor,358,20284783,"-22.9338","-43.1743"
154,154-IPANEMA X CENTRAL,Fetranspor,359,20284783,"-22.9332","-43.1744"
154,154-IPANEMA X CENTRAL,Fetranspor,360,20284783,"-22.9332","-43.1744"
154,154-IPANEMA X CENTRAL,Fetranspor,361,20284783,"-22.9329","-43.1744"
154,154-IPANEMA X CENTRAL,Fetranspor,362,20284783,"-22.9326","-43.1744"
154,154-IPANEMA X CENTRAL,Fetranspor,363,20284783,"-22.9322","-43.1743"
154,154-IPANEMA X CENTRAL,Fetranspor,364,20284783,"-22.9319","-43.1743"
154,154-IPANEMA X CENTRAL,Fetranspor,365,20284783,"-22.9317","-43.1743"
154,154-IPANEMA X CENTRAL,Fetranspor,366,20284783,"-22.9306","-43.1741"
154,154-IPANEMA X CENTRAL,Fetranspor,367,20284783,"-22.93","-43.1741"
154,154-IPANEMA X CENTRAL,Fetranspor,368,20284783,"-22.93","-43.1741"
154,154-IPANEMA X CENTRAL,Fetranspor,369,20284783,"-22.9298","-43.1741"
154,154-IPANEMA X CENTRAL,Fetranspor,370,20284783,"-22.9296","-43.174"
154,154-IPANEMA X CENTRAL,Fetranspor,371,20284783,"-22.9293","-43.174"
154,154-IPANEMA X CENTRAL,Fetranspor,372,20284783,"-22.9277","-43.1735"
154,154-IPANEMA X CENTRAL,Fetranspor,373,20284783,"-22.9277","-43.1735"
154,154-IPANEMA X CENTRAL,Fetranspor,374,20284783,"-22.9254","-43.1728"
154,154-IPANEMA X CENTRAL,Fetranspor,375,20284783,"-22.9254","-43.1728"
154,154-IPANEMA X CENTRAL,Fetranspor,376,20284783,"-22.9239","-43.1723"
154,154-IPANEMA X CENTRAL,Fetranspor,377,20284783,"-22.9236","-43.1723"
154,154-IPANEMA X CENTRAL,Fetranspor,378,20284783,"-22.9234","-43.1722"
154,154-IPANEMA X CENTRAL,Fetranspor,379,20284783,"-22.9232","-43.1722"
154,154-IPANEMA X CENTRAL,Fetranspor,380,20284783,"-22.9231","-43.1722"
154,154-IPANEMA X CENTRAL,Fetranspor,381,20284783,"-22.9228","-43.1723"
154,154-IPANEMA X CENTRAL,Fetranspor,382,20284783,"-22.9227","-43.1723"
154,154-IPANEMA X CENTRAL,Fetranspor,383,20284783,"-22.9227","-43.1723"
154,154-IPANEMA X CENTRAL,Fetranspor,384,20284783,"-22.9226","-43.1723"
154,154-IPANEMA X CENTRAL,Fetranspor,385,20284783,"-22.9222","-43.1725"
154,154-IPANEMA X CENTRAL,Fetranspor,386,20284783,"-22.9221","-43.1726"
154,154-IPANEMA X CENTRAL,Fetranspor,387,20284783,"-22.9218","-43.1727"
154,154-IPANEMA X CENTRAL,Fetranspor,388,20284783,"-22.9216","-43.1729"
154,154-IPANEMA X CENTRAL,Fetranspor,389,20284783,"-22.9214","-43.1731"
154,154-IPANEMA X CENTRAL,Fetranspor,390,20284783,"-22.9212","-43.1734"
154,154-IPANEMA X CENTRAL,Fetranspor,391,20284783,"-22.9212","-43.1734"
154,154-IPANEMA X CENTRAL,Fetranspor,392,20284783,"-22.921","-43.1737"
154,154-IPANEMA X CENTRAL,Fetranspor,393,20284783,"-22.9208","-43.174"
154,154-IPANEMA X CENTRAL,Fetranspor,394,20284783,"-22.9208","-43.174"
154,154-IPANEMA X CENTRAL,Fetranspor,395,20284783,"-22.9203","-43.1745"
154,154-IPANEMA X CENTRAL,Fetranspor,396,20284783,"-22.9203","-43.1745"
154,154-IPANEMA X CENTRAL,Fetranspor,397,20284783,"-22.9202","-43.1745"
154,154-IPANEMA X CENTRAL,Fetranspor,398,20284783,"-22.9202","-43.1745"
154,154-IPANEMA X CENTRAL,Fetranspor,399,20284783,"-22.9198","-43.1747"
154,154-IPANEMA X CENTRAL,Fetranspor,400,20284783,"-22.9196","-43.1748"
154,154-IPANEMA X CENTRAL,Fetranspor,401,20284783,"-22.9191","-43.175"
154,154-IPANEMA X CENTRAL,Fetranspor,402,20284783,"-22.9187","-43.1751"
154,154-IPANEMA X CENTRAL,Fetranspor,403,20284783,"-22.9183","-43.1752"
154,154-IPANEMA X CENTRAL,Fetranspor,404,20284783,"-22.9179","-43.1752"
154,154-IPANEMA X CENTRAL,Fetranspor,405,20284783,"-22.9172","-43.1753"
154,154-IPANEMA X CENTRAL,Fetranspor,406,20284783,"-22.9168","-43.1753"
154,154-IPANEMA X CENTRAL,Fetranspor,407,20284783,"-22.9162","-43.1752"
154,154-IPANEMA X CENTRAL,Fetranspor,408,20284783,"-22.9156","-43.1751"
154,154-IPANEMA X CENTRAL,Fetranspor,409,20284783,"-22.9153","-43.175"
154,154-IPANEMA X CENTRAL,Fetranspor,410,20284783,"-22.9148","-43.1749"
154,154-IPANEMA X CENTRAL,Fetranspor,411,20284783,"-22.9148","-43.1749"
154,154-IPANEMA X CENTRAL,Fetranspor,412,20284783,"-22.9144","-43.1747"
154,154-IPANEMA X CENTRAL,Fetranspor,413,20284783,"-22.9141","-43.1746"
154,154-IPANEMA X CENTRAL,Fetranspor,414,20284783,"-22.9139","-43.1745"
154,154-IPANEMA X CENTRAL,Fetranspor,415,20284783,"-22.9137","-43.1744"
154,154-IPANEMA X CENTRAL,Fetranspor,416,20284783,"-22.9137","-43.1744"
154,154-IPANEMA X CENTRAL,Fetranspor,417,20284783,"-22.9134","-43.1742"
154,154-IPANEMA X CENTRAL,Fetranspor,418,20284783,"-22.9129","-43.1738"
154,154-IPANEMA X CENTRAL,Fetranspor,419,20284783,"-22.9129","-43.1738"
154,154-IPANEMA X CENTRAL,Fetranspor,420,20284783,"-22.9125","-43.1735"
154,154-IPANEMA X CENTRAL,Fetranspor,421,20284783,"-22.9122","-43.1731"
154,154-IPANEMA X CENTRAL,Fetranspor,422,20284783,"-22.912","-43.1729"
154,154-IPANEMA X CENTRAL,Fetranspor,423,20284783,"-22.912","-43.1729"
154,154-IPANEMA X CENTRAL,Fetranspor,424,20284783,"-22.9118","-43.1727"
154,154-IPANEMA X CENTRAL,Fetranspor,425,20284783,"-22.9117","-43.1726"
154,154-IPANEMA X CENTRAL,Fetranspor,426,20284783,"-22.9117","-43.1726"
154,154-IPANEMA X CENTRAL,Fetranspor,427,20284783,"-22.9116","-43.1724"
154,154-IPANEMA X CENTRAL,Fetranspor,428,20284783,"-22.9114","-43.1721"
154,154-IPANEMA X CENTRAL,Fetranspor,429,20284783,"-22.9113","-43.172"
154,154-IPANEMA X CENTRAL,Fetranspor,430,20284783,"-22.9113","-43.172"
154,154-IPANEMA X CENTRAL,Fetranspor,431,20284783,"-22.9113","-43.1719"
154,154-IPANEMA X CENTRAL,Fetranspor,432,20284783,"-22.9113","-43.1719"
154,154-IPANEMA X CENTRAL,Fetranspor,433,20284783,"-22.9112","-43.1718"
154,154-IPANEMA X CENTRAL,Fetranspor,434,20284783,"-22.9111","-43.1717"
154,154-IPANEMA X CENTRAL,Fetranspor,435,20284783,"-22.911","-43.1717"
154,154-IPANEMA X CENTRAL,Fetranspor,436,20284783,"-22.9109","-43.1717"
154,154-IPANEMA X CENTRAL,Fetranspor,437,20284783,"-22.9108","-43.1717"
154,154-IPANEMA X CENTRAL,Fetranspor,438,20284783,"-22.9108","-43.1717"
154,154-IPANEMA X CENTRAL,Fetranspor,439,20284783,"-22.91","-43.1719"
154,154-IPANEMA X CENTRAL,Fetranspor,440,20284783,"-22.91","-43.1719"
154,154-IPANEMA X CENTRAL,Fetranspor,441,20284783,"-22.9099","-43.172"
154,154-IPANEMA X CENTRAL,Fetranspor,442,20284783,"-22.9099","-43.172"
154,154-IPANEMA X CENTRAL,Fetranspor,443,20284783,"-22.9097","-43.1721"
154,154-IPANEMA X CENTRAL,Fetranspor,444,20284783,"-22.9094","-43.1722"
154,154-IPANEMA X CENTRAL,Fetranspor,445,20284783,"-22.9094","-43.1722"
154,154-IPANEMA X CENTRAL,Fetranspor,446,20284783,"-22.9086","-43.1725"
154,154-IPANEMA X CENTRAL,Fetranspor,447,20284783,"-22.9086","-43.1725"
154,154-IPANEMA X CENTRAL,Fetranspor,448,20284783,"-22.9082","-43.1726"
154,154-IPANEMA X CENTRAL,Fetranspor,449,20284783,"-22.9082","-43.1726"
154,154-IPANEMA X CENTRAL,Fetranspor,450,20284783,"-22.9071","-43.173"
154,154-IPANEMA X CENTRAL,Fetranspor,451,20284783,"-22.9071","-43.173"
154,154-IPANEMA X CENTRAL,Fetranspor,452,20284783,"-22.9069","-43.1731"
154,154-IPANEMA X CENTRAL,Fetranspor,453,20284783,"-22.9069","-43.1731"
154,154-IPANEMA X CENTRAL,Fetranspor,454,20284783,"-22.9064","-43.1733"
154,154-IPANEMA X CENTRAL,Fetranspor,455,20284783,"-22.9064","-43.1733"
154,154-IPANEMA X CENTRAL,Fetranspor,456,20284783,"-22.9063","-43.1734"
154,154-IPANEMA X CENTRAL,Fetranspor,457,20284783,"-22.9062","-43.1735"
154,154-IPANEMA X CENTRAL,Fetranspor,458,20284783,"-22.9062","-43.1735"
154,154-IPANEMA X CENTRAL,Fetranspor,459,20284783,"-22.9062","-43.1736"
154,154-IPANEMA X CENTRAL,Fetranspor,460,20284783,"-22.9062","-43.1737"
154,154-IPANEMA X CENTRAL,Fetranspor,461,20284783,"-22.9064","-43.1743"
154,154-IPANEMA X CENTRAL,Fetranspor,462,20284783,"-22.9064","-43.1744"
154,154-IPANEMA X CENTRAL,Fetranspor,463,20284783,"-22.9064","-43.1745"
154,154-IPANEMA X CENTRAL,Fetranspor,464,20284783,"-22.9064","-43.1745"
154,154-IPANEMA X CENTRAL,Fetranspor,465,20284783,"-22.9064","-43.1753"
154,154-IPANEMA X CENTRAL,Fetranspor,466,20284783,"-22.9064","-43.1753"
154,154-IPANEMA X CENTRAL,Fetranspor,467,20284783,"-22.9064","-43.1761"
154,154-IPANEMA X CENTRAL,Fetranspor,468,20284783,"-22.9064","-43.1761"
154,154-IPANEMA X CENTRAL,Fetranspor,469,20284783,"-22.9064","-43.1767"
154,154-IPANEMA X CENTRAL,Fetranspor,470,20284783,"-22.9064","-43.1767"
154,154-IPANEMA X CENTRAL,Fetranspor,471,20284783,"-22.9064","-43.1767"
154,154-IPANEMA X CENTRAL,Fetranspor,472,20284783,"-22.9064","-43.1767"
154,154-IPANEMA X CENTRAL,Fetranspor,473,20284783,"-22.9063","-43.1769"
154,154-IPANEMA X CENTRAL,Fetranspor,474,20284783,"-22.9063","-43.177"
154,154-IPANEMA X CENTRAL,Fetranspor,475,20284783,"-22.9064","-43.1771"
154,154-IPANEMA X CENTRAL,Fetranspor,476,20284783,"-22.9064","-43.1771"
154,154-IPANEMA X CENTRAL,Fetranspor,477,20284783,"-22.9064","-43.1772"
154,154-IPANEMA X CENTRAL,Fetranspor,478,20284783,"-22.9064","-43.1781"
154,154-IPANEMA X CENTRAL,Fetranspor,479,20284783,"-22.9064","-43.1782"
154,154-IPANEMA X CENTRAL,Fetranspor,480,20284783,"-22.9064","-43.1782"
154,154-IPANEMA X CENTRAL,Fetranspor,481,20284783,"-22.9064","-43.1784"
154,154-IPANEMA X CENTRAL,Fetranspor,482,20284783,"-22.9064","-43.1785"
154,154-IPANEMA X CENTRAL,Fetranspor,483,20284783,"-22.9063","-43.1786"
154,154-IPANEMA X CENTRAL,Fetranspor,484,20284783,"-22.9063","-43.1786"
154,154-IPANEMA X CENTRAL,Fetranspor,485,20284783,"-22.9064","-43.1788"
154,154-IPANEMA X CENTRAL,Fetranspor,486,20284783,"-22.9065","-43.1795"
154,154-IPANEMA X CENTRAL,Fetranspor,487,20284783,"-22.9065","-43.1795"
154,154-IPANEMA X CENTRAL,Fetranspor,488,20284783,"-22.9065","-43.18"
154,154-IPANEMA X CENTRAL,Fetranspor,489,20284783,"-22.9067","-43.181"
154,154-IPANEMA X CENTRAL,Fetranspor,490,20284783,"-22.9068","-43.1811"
154,154-IPANEMA X CENTRAL,Fetranspor,491,20284783,"-22.9068","-43.1811"
154,154-IPANEMA X CENTRAL,Fetranspor,492,20284783,"-22.9068","-43.1812"
154,154-IPANEMA X CENTRAL,Fetranspor,493,20284783,"-22.9069","-43.1814"
154,154-IPANEMA X CENTRAL,Fetranspor,494,20284783,"-22.907","-43.1818"
154,154-IPANEMA X CENTRAL,Fetranspor,495,20284783,"-22.907","-43.1818"
154,154-IPANEMA X CENTRAL,Fetranspor,496,20284783,"-22.907","-43.1819"
154,154-IPANEMA X CENTRAL,Fetranspor,497,20284783,"-22.907","-43.1819"
154,154-IPANEMA X CENTRAL,Fetranspor,498,20284783,"-22.9071","-43.1821"
154,154-IPANEMA X CENTRAL,Fetranspor,499,20284783,"-22.9072","-43.1825"
154,154-IPANEMA X CENTRAL,Fetranspor,500,20284783,"-22.9072","-43.1825"
154,154-IPANEMA X CENTRAL,Fetranspor,501,20284783,"-22.9074","-43.1831"
154,154-IPANEMA X CENTRAL,Fetranspor,502,20284783,"-22.9074","-43.1831"
154,154-IPANEMA X CENTRAL,Fetranspor,503,20284783,"-22.9074","-43.1832"
154,154-IPANEMA X CENTRAL,Fetranspor,504,20284783,"-22.9074","-43.1832"
154,154-IPANEMA X CENTRAL,Fetranspor,505,20284783,"-22.9075","-43.1835"
154,154-IPANEMA X CENTRAL,Fetranspor,506,20284783,"-22.9075","-43.1835"
154,154-IPANEMA X CENTRAL,Fetranspor,507,20284783,"-22.9077","-43.184"
154,154-IPANEMA X CENTRAL,Fetranspor,508,20284783,"-22.9077","-43.184"
154,154-IPANEMA X CENTRAL,Fetranspor,509,20284783,"-22.9078","-43.1844"
154,154-IPANEMA X CENTRAL,Fetranspor,510,20284783,"-22.9078","-43.1844"
154,154-IPANEMA X CENTRAL,Fetranspor,511,20284783,"-22.908","-43.185"
154,154-IPANEMA X CENTRAL,Fetranspor,512,20284783,"-22.908","-43.185"
154,154-IPANEMA X CENTRAL,Fetranspor,513,20284783,"-22.9081","-43.1854"
154,154-IPANEMA X CENTRAL,Fetranspor,514,20284783,"-22.9081","-43.1856"
154,154-IPANEMA X CENTRAL,Fetranspor,515,20284783,"-22.9081","-43.1856"
154,154-IPANEMA X CENTRAL,Fetranspor,516,20284783,"-22.9083","-43.1861"
154,154-IPANEMA X CENTRAL,Fetranspor,517,20284783,"-22.9083","-43.1861"
154,154-IPANEMA X CENTRAL,Fetranspor,518,20284783,"-22.9083","-43.1862"
154,154-IPANEMA X CENTRAL,Fetranspor,519,20284783,"-22.9083","-43.1862"
154,154-IPANEMA X CENTRAL,Fetranspor,520,20284783,"-22.9083","-43.1864"
154,154-IPANEMA X CENTRAL,Fetranspor,521,20284783,"-22.9085","-43.1871"
154,154-IPANEMA X CENTRAL,Fetranspor,522,20284783,"-22.909","-43.1888"
154,154-IPANEMA X CENTRAL,Fetranspor,523,20284783,"-22.909","-43.1888"
154,154-IPANEMA X CENTRAL,Fetranspor,524,20284783,"-22.9077","-43.19"
154,154-IPANEMA X CENTRAL,Fetranspor,525,20284783,"-22.9077","-43.19"
154,154-IPANEMA X CENTRAL,Fetranspor,526,20284783,"-22.9076","-43.1901"
154,154-IPANEMA X CENTRAL,Fetranspor,527,20284783,"-22.9075","-43.1901"
154,154-IPANEMA X CENTRAL,Fetranspor,528,20284783,"-22.9075","-43.1901"
154,154-IPANEMA X CENTRAL,Fetranspor,529,20284783,"-22.9072","-43.1902"
154,154-IPANEMA X CENTRAL,Fetranspor,530,20284783,"-22.9072","-43.1902"
154,154-IPANEMA X CENTRAL,Fetranspor,531,20284783,"-22.9066","-43.1904"
154,154-IPANEMA X CENTRAL,Fetranspor,532,20284783,"-22.906","-43.1906"
154,154-IPANEMA X CENTRAL,Fetranspor,533,20284783,"-22.906","-43.1906"
154,154-IPANEMA X CENTRAL,Fetranspor,534,20284783,"-22.9055","-43.1907"
154,154-IPANEMA X CENTRAL,Fetranspor,535,20284783,"-22.9054","-43.1908"
154,154-IPANEMA X CENTRAL,Fetranspor,536,20284783,"-22.9053","-43.1908"
154,154-IPANEMA X CENTRAL,Fetranspor,537,20284783,"-22.9052","-43.1907"
154,154-IPANEMA X CENTRAL,Fetranspor,538,20284783,"-22.9052","-43.1907"
154,154-IPANEMA X CENTRAL,Fetranspor,539,20284783,"-22.9051","-43.1909"
154,154-IPANEMA X CENTRAL,Fetranspor,540,20284783,"-22.9051","-43.1909"
154,154-IPANEMA X CENTRAL,Fetranspor,541,20284783,"-22.905","-43.191"
154,154-IPANEMA X CENTRAL,Fetranspor,542,20284783,"-22.905","-43.191"
154,154-IPANEMA X CENTRAL,Fetranspor,543,20284783,"-22.9049","-43.1912"
154,154-IPANEMA X CENTRAL,Fetranspor,544,20284783,"-22.9049","-43.1912"
154,154-IPANEMA X CENTRAL,Fetranspor,545,20284783,"-22.905","-43.1914"
154,154-IPANEMA X CENTRAL,Fetranspor,546,20284783,"-22.905","-43.1914"
154,154-IPANEMA X CENTRAL,Fetranspor,547,20284783,"-22.905","-43.1916"
154,154-IPANEMA X CENTRAL,Fetranspor,548,20284783,"-22.905","-43.1916"
154,154-IPANEMA X CENTRAL,Fetranspor,549,20284783,"-22.9049","-43.1917"
154,154-IPANEMA X CENTRAL,Fetranspor,550,20284783,"-22.9049","-43.1917"
154,154-IPANEMA X CENTRAL,Fetranspor,551,20284783,"-22.9049","-43.1917"
154,154-IPANEMA X CENTRAL,Fetranspor,552,20284783,"-22.905","-43.1921"
154,154-IPANEMA X CENTRAL,Fetranspor,553,20284783,"-22.9052","-43.1927"
154,154-IPANEMA X CENTRAL,Fetranspor,554,20284783,"-22.9053","-43.1929"
154,154-IPANEMA X CENTRAL,Fetranspor,555,20284783,"-22.9052","-43.1929"
154,154-IPANEMA X CENTRAL,Fetranspor,556,20284783,"-22.9052","-43.193"
154,154-IPANEMA X CENTRAL,Fetranspor,557,20284783,"-22.9052","-43.193"
154,154-IPANEMA X CENTRAL,Fetranspor,558,20284783,"-22.905","-43.1931"
