linha,descricao,agencia,sequencia,shape_id,latitude,longitude
155,155-IPANEMA X CENTRAL (VIA TUNEL SANTA BARBARA),Fetranspor,0,20289880,"-22.9049","-43.1917"
155,155-IPANEMA X CENTRAL (VIA TUNEL SANTA BARBARA),Fetranspor,1,20289880,"-22.9048","-43.1919"
155,155-IPANEMA X CENTRAL (VIA TUNEL SANTA BARBARA),Fetranspor,2,20289880,"-22.9048","-43.1919"
155,155-IPANEMA X CENTRAL (VIA TUNEL SANTA BARBARA),Fetranspor,3,20289880,"-22.9051","-43.1928"
155,155-IPANEMA X CENTRAL (VIA TUNEL SANTA BARBARA),Fetranspor,4,20289880,"-22.9051","-43.193"
155,155-IPANEMA X CENTRAL (VIA TUNEL SANTA BARBARA),Fetranspor,5,20289880,"-22.9051","-43.193"
155,155-IPANEMA X CENTRAL (VIA TUNEL SANTA BARBARA),Fetranspor,6,20289880,"-22.9051","-43.1931"
155,155-IPANEMA X CENTRAL (VIA TUNEL SANTA BARBARA),Fetranspor,7,20289880,"-22.905","-43.1931"
155,155-IPANEMA X CENTRAL (VIA TUNEL SANTA BARBARA),Fetranspor,8,20289880,"-22.905","-43.1931"
155,155-IPANEMA X CENTRAL (VIA TUNEL SANTA BARBARA),Fetranspor,9,20289880,"-22.9049","-43.1931"
155,155-IPANEMA X CENTRAL (VIA TUNEL SANTA BARBARA),Fetranspor,10,20289880,"-22.9049","-43.1931"
155,155-IPANEMA X CENTRAL (VIA TUNEL SANTA BARBARA),Fetranspor,11,20289880,"-22.9048","-43.1931"
155,155-IPANEMA X CENTRAL (VIA TUNEL SANTA BARBARA),Fetranspor,12,20289880,"-22.9047","-43.193"
155,155-IPANEMA X CENTRAL (VIA TUNEL SANTA BARBARA),Fetranspor,13,20289880,"-22.9046","-43.1926"
155,155-IPANEMA X CENTRAL (VIA TUNEL SANTA BARBARA),Fetranspor,14,20289880,"-22.9044","-43.1915"
155,155-IPANEMA X CENTRAL (VIA TUNEL SANTA BARBARA),Fetranspor,15,20289880,"-22.9044","-43.1915"
155,155-IPANEMA X CENTRAL (VIA TUNEL SANTA BARBARA),Fetranspor,16,20289880,"-22.904","-43.1905"
155,155-IPANEMA X CENTRAL (VIA TUNEL SANTA BARBARA),Fetranspor,17,20289880,"-22.904","-43.1905"
155,155-IPANEMA X CENTRAL (VIA TUNEL SANTA BARBARA),Fetranspor,18,20289880,"-22.9037","-43.1896"
155,155-IPANEMA X CENTRAL (VIA TUNEL SANTA BARBARA),Fetranspor,19,20289880,"-22.9035","-43.1891"
155,155-IPANEMA X CENTRAL (VIA TUNEL SANTA BARBARA),Fetranspor,20,20289880,"-22.9034","-43.1886"
155,155-IPANEMA X CENTRAL (VIA TUNEL SANTA BARBARA),Fetranspor,21,20289880,"-22.9034","-43.1886"
155,155-IPANEMA X CENTRAL (VIA TUNEL SANTA BARBARA),Fetranspor,22,20289880,"-22.9038","-43.1885"
155,155-IPANEMA X CENTRAL (VIA TUNEL SANTA BARBARA),Fetranspor,23,20289880,"-22.904","-43.1884"
155,155-IPANEMA X CENTRAL (VIA TUNEL SANTA BARBARA),Fetranspor,24,20289880,"-22.904","-43.1884"
155,155-IPANEMA X CENTRAL (VIA TUNEL SANTA BARBARA),Fetranspor,25,20289880,"-22.9043","-43.1894"
155,155-IPANEMA X CENTRAL (VIA TUNEL SANTA BARBARA),Fetranspor,26,20289880,"-22.9045","-43.1901"
155,155-IPANEMA X CENTRAL (VIA TUNEL SANTA BARBARA),Fetranspor,27,20289880,"-22.9045","-43.1901"
155,155-IPANEMA X CENTRAL (VIA TUNEL SANTA BARBARA),Fetranspor,28,20289880,"-22.9047","-43.1906"
155,155-IPANEMA X CENTRAL (VIA TUNEL SANTA BARBARA),Fetranspor,29,20289880,"-22.9047","-43.1906"
155,155-IPANEMA X CENTRAL (VIA TUNEL SANTA BARBARA),Fetranspor,30,20289880,"-22.9047","-43.1908"
155,155-IPANEMA X CENTRAL (VIA TUNEL SANTA BARBARA),Fetranspor,31,20289880,"-22.9049","-43.1912"
155,155-IPANEMA X CENTRAL (VIA TUNEL SANTA BARBARA),Fetranspor,32,20289880,"-22.9049","-43.1912"
155,155-IPANEMA X CENTRAL (VIA TUNEL SANTA BARBARA),Fetranspor,33,20289880,"-22.905","-43.1914"
155,155-IPANEMA X CENTRAL (VIA TUNEL SANTA BARBARA),Fetranspor,34,20289880,"-22.905","-43.1914"
155,155-IPANEMA X CENTRAL (VIA TUNEL SANTA BARBARA),Fetranspor,35,20289880,"-22.9054","-43.1926"
155,155-IPANEMA X CENTRAL (VIA TUNEL SANTA BARBARA),Fetranspor,36,20289880,"-22.9055","-43.193"
155,155-IPANEMA X CENTRAL (VIA TUNEL SANTA BARBARA),Fetranspor,37,20289880,"-22.9055","-43.193"
155,155-IPANEMA X CENTRAL (VIA TUNEL SANTA BARBARA),Fetranspor,38,20289880,"-22.906","-43.1948"
155,155-IPANEMA X CENTRAL (VIA TUNEL SANTA BARBARA),Fetranspor,39,20289880,"-22.906","-43.1948"
155,155-IPANEMA X CENTRAL (VIA TUNEL SANTA BARBARA),Fetranspor,40,20289880,"-22.9063","-43.1957"
155,155-IPANEMA X CENTRAL (VIA TUNEL SANTA BARBARA),Fetranspor,41,20289880,"-22.9063","-43.1957"
155,155-IPANEMA X CENTRAL (VIA TUNEL SANTA BARBARA),Fetranspor,42,20289880,"-22.9062","-43.1958"
155,155-IPANEMA X CENTRAL (VIA TUNEL SANTA BARBARA),Fetranspor,43,20289880,"-22.9062","-43.1958"
155,155-IPANEMA X CENTRAL (VIA TUNEL SANTA BARBARA),Fetranspor,44,20289880,"-22.9062","-43.1958"
155,155-IPANEMA X CENTRAL (VIA TUNEL SANTA BARBARA),Fetranspor,45,20289880,"-22.9057","-43.1965"
155,155-IPANEMA X CENTRAL (VIA TUNEL SANTA BARBARA),Fetranspor,46,20289880,"-22.9056","-43.1966"
155,155-IPANEMA X CENTRAL (VIA TUNEL SANTA BARBARA),Fetranspor,47,20289880,"-22.9056","-43.1967"
155,155-IPANEMA X CENTRAL (VIA TUNEL SANTA BARBARA),Fetranspor,48,20289880,"-22.9055","-43.1969"
155,155-IPANEMA X CENTRAL (VIA TUNEL SANTA BARBARA),Fetranspor,49,20289880,"-22.9055","-43.197"
155,155-IPANEMA X CENTRAL (VIA TUNEL SANTA BARBARA),Fetranspor,50,20289880,"-22.9055","-43.1971"
155,155-IPANEMA X CENTRAL (VIA TUNEL SANTA BARBARA),Fetranspor,51,20289880,"-22.9056","-43.1972"
155,155-IPANEMA X CENTRAL (VIA TUNEL SANTA BARBARA),Fetranspor,52,20289880,"-22.9058","-43.1979"
155,155-IPANEMA X CENTRAL (VIA TUNEL SANTA BARBARA),Fetranspor,53,20289880,"-22.9058","-43.1979"
155,155-IPANEMA X CENTRAL (VIA TUNEL SANTA BARBARA),Fetranspor,54,20289880,"-22.9059","-43.198"
155,155-IPANEMA X CENTRAL (VIA TUNEL SANTA BARBARA),Fetranspor,55,20289880,"-22.9059","-43.198"
155,155-IPANEMA X CENTRAL (VIA TUNEL SANTA BARBARA),Fetranspor,56,20289880,"-22.906","-43.1981"
155,155-IPANEMA X CENTRAL (VIA TUNEL SANTA BARBARA),Fetranspor,57,20289880,"-22.9061","-43.1981"
155,155-IPANEMA X CENTRAL (VIA TUNEL SANTA BARBARA),Fetranspor,58,20289880,"-22.9062","-43.1981"
155,155-IPANEMA X CENTRAL (VIA TUNEL SANTA BARBARA),Fetranspor,59,20289880,"-22.9063","-43.1981"
155,155-IPANEMA X CENTRAL (VIA TUNEL SANTA BARBARA),Fetranspor,60,20289880,"-22.9063","-43.1981"
155,155-IPANEMA X CENTRAL (VIA TUNEL SANTA BARBARA),Fetranspor,61,20289880,"-22.9067","-43.1982"
155,155-IPANEMA X CENTRAL (VIA TUNEL SANTA BARBARA),Fetranspor,62,20289880,"-22.9068","-43.1983"
155,155-IPANEMA X CENTRAL (VIA TUNEL SANTA BARBARA),Fetranspor,63,20289880,"-22.9069","-43.1983"
155,155-IPANEMA X CENTRAL (VIA TUNEL SANTA BARBARA),Fetranspor,64,20289880,"-22.9069","-43.1983"
155,155-IPANEMA X CENTRAL (VIA TUNEL SANTA BARBARA),Fetranspor,65,20289880,"-22.907","-43.1984"
155,155-IPANEMA X CENTRAL (VIA TUNEL SANTA BARBARA),Fetranspor,66,20289880,"-22.907","-43.1984"
155,155-IPANEMA X CENTRAL (VIA TUNEL SANTA BARBARA),Fetranspor,67,20289880,"-22.9071","-43.1986"
155,155-IPANEMA X CENTRAL (VIA TUNEL SANTA BARBARA),Fetranspor,68,20289880,"-22.9071","-43.1987"
155,155-IPANEMA X CENTRAL (VIA TUNEL SANTA BARBARA),Fetranspor,69,20289880,"-22.9071","-43.1988"
155,155-IPANEMA X CENTRAL (VIA TUNEL SANTA BARBARA),Fetranspor,70,20289880,"-22.907","-43.1989"
155,155-IPANEMA X CENTRAL (VIA TUNEL SANTA BARBARA),Fetranspor,71,20289880,"-22.907","-43.199"
155,155-IPANEMA X CENTRAL (VIA TUNEL SANTA BARBARA),Fetranspor,72,20289880,"-22.9069","-43.199"
155,155-IPANEMA X CENTRAL (VIA TUNEL SANTA BARBARA),Fetranspor,73,20289880,"-22.9068","-43.1991"
155,155-IPANEMA X CENTRAL (VIA TUNEL SANTA BARBARA),Fetranspor,74,20289880,"-22.9068","-43.1991"
155,155-IPANEMA X CENTRAL (VIA TUNEL SANTA BARBARA),Fetranspor,75,20289880,"-22.9067","-43.1991"
155,155-IPANEMA X CENTRAL (VIA TUNEL SANTA BARBARA),Fetranspor,76,20289880,"-22.9066","-43.1991"
155,155-IPANEMA X CENTRAL (VIA TUNEL SANTA BARBARA),Fetranspor,77,20289880,"-22.9065","-43.1991"
155,155-IPANEMA X CENTRAL (VIA TUNEL SANTA BARBARA),Fetranspor,78,20289880,"-22.9065","-43.1991"
155,155-IPANEMA X CENTRAL (VIA TUNEL SANTA BARBARA),Fetranspor,79,20289880,"-22.9064","-43.199"
155,155-IPANEMA X CENTRAL (VIA TUNEL SANTA BARBARA),Fetranspor,80,20289880,"-22.9063","-43.199"
155,155-IPANEMA X CENTRAL (VIA TUNEL SANTA BARBARA),Fetranspor,81,20289880,"-22.9063","-43.1989"
155,155-IPANEMA X CENTRAL (VIA TUNEL SANTA BARBARA),Fetranspor,82,20289880,"-22.9062","-43.1988"
155,155-IPANEMA X CENTRAL (VIA TUNEL SANTA BARBARA),Fetranspor,83,20289880,"-22.9062","-43.1986"
155,155-IPANEMA X CENTRAL (VIA TUNEL SANTA BARBARA),Fetranspor,84,20289880,"-22.9062","-43.1985"
155,155-IPANEMA X CENTRAL (VIA TUNEL SANTA BARBARA),Fetranspor,85,20289880,"-22.9062","-43.1983"
155,155-IPANEMA X CENTRAL (VIA TUNEL SANTA BARBARA),Fetranspor,86,20289880,"-22.9062","-43.1982"
155,155-IPANEMA X CENTRAL (VIA TUNEL SANTA BARBARA),Fetranspor,87,20289880,"-22.9062","-43.1981"
155,155-IPANEMA X CENTRAL (VIA TUNEL SANTA BARBARA),Fetranspor,88,20289880,"-22.9063","-43.198"
155,155-IPANEMA X CENTRAL (VIA TUNEL SANTA BARBARA),Fetranspor,89,20289880,"-22.9063","-43.198"
155,155-IPANEMA X CENTRAL (VIA TUNEL SANTA BARBARA),Fetranspor,90,20289880,"-22.9065","-43.1978"
155,155-IPANEMA X CENTRAL (VIA TUNEL SANTA BARBARA),Fetranspor,91,20289880,"-22.9065","-43.1978"
155,155-IPANEMA X CENTRAL (VIA TUNEL SANTA BARBARA),Fetranspor,92,20289880,"-22.9069","-43.1977"
155,155-IPANEMA X CENTRAL (VIA TUNEL SANTA BARBARA),Fetranspor,93,20289880,"-22.9069","-43.1976"
155,155-IPANEMA X CENTRAL (VIA TUNEL SANTA BARBARA),Fetranspor,94,20289880,"-22.907","-43.1976"
155,155-IPANEMA X CENTRAL (VIA TUNEL SANTA BARBARA),Fetranspor,95,20289880,"-22.9073","-43.1975"
155,155-IPANEMA X CENTRAL (VIA TUNEL SANTA BARBARA),Fetranspor,96,20289880,"-22.9075","-43.1974"
155,155-IPANEMA X CENTRAL (VIA TUNEL SANTA BARBARA),Fetranspor,97,20289880,"-22.9083","-43.1971"
155,155-IPANEMA X CENTRAL (VIA TUNEL SANTA BARBARA),Fetranspor,98,20289880,"-22.9084","-43.1971"
155,155-IPANEMA X CENTRAL (VIA TUNEL SANTA BARBARA),Fetranspor,99,20289880,"-22.9097","-43.1966"
155,155-IPANEMA X CENTRAL (VIA TUNEL SANTA BARBARA),Fetranspor,100,20289880,"-22.9097","-43.1966"
155,155-IPANEMA X CENTRAL (VIA TUNEL SANTA BARBARA),Fetranspor,101,20289880,"-22.9105","-43.1963"
155,155-IPANEMA X CENTRAL (VIA TUNEL SANTA BARBARA),Fetranspor,102,20289880,"-22.9105","-43.1963"
155,155-IPANEMA X CENTRAL (VIA TUNEL SANTA BARBARA),Fetranspor,103,20289880,"-22.9108","-43.1962"
155,155-IPANEMA X CENTRAL (VIA TUNEL SANTA BARBARA),Fetranspor,104,20289880,"-22.9115","-43.1959"
155,155-IPANEMA X CENTRAL (VIA TUNEL SANTA BARBARA),Fetranspor,105,20289880,"-22.9116","-43.1959"
155,155-IPANEMA X CENTRAL (VIA TUNEL SANTA BARBARA),Fetranspor,106,20289880,"-22.9117","-43.1958"
155,155-IPANEMA X CENTRAL (VIA TUNEL SANTA BARBARA),Fetranspor,107,20289880,"-22.9123","-43.1956"
155,155-IPANEMA X CENTRAL (VIA TUNEL SANTA BARBARA),Fetranspor,108,20289880,"-22.9127","-43.1954"
155,155-IPANEMA X CENTRAL (VIA TUNEL SANTA BARBARA),Fetranspor,109,20289880,"-22.9139","-43.195"
155,155-IPANEMA X CENTRAL (VIA TUNEL SANTA BARBARA),Fetranspor,110,20289880,"-22.914","-43.195"
155,155-IPANEMA X CENTRAL (VIA TUNEL SANTA BARBARA),Fetranspor,111,20289880,"-22.9147","-43.1947"
155,155-IPANEMA X CENTRAL (VIA TUNEL SANTA BARBARA),Fetranspor,112,20289880,"-22.915","-43.1946"
155,155-IPANEMA X CENTRAL (VIA TUNEL SANTA BARBARA),Fetranspor,113,20289880,"-22.9156","-43.1943"
155,155-IPANEMA X CENTRAL (VIA TUNEL SANTA BARBARA),Fetranspor,114,20289880,"-22.9158","-43.1943"
155,155-IPANEMA X CENTRAL (VIA TUNEL SANTA BARBARA),Fetranspor,115,20289880,"-22.9158","-43.1943"
155,155-IPANEMA X CENTRAL (VIA TUNEL SANTA BARBARA),Fetranspor,116,20289880,"-22.916","-43.1942"
155,155-IPANEMA X CENTRAL (VIA TUNEL SANTA BARBARA),Fetranspor,117,20289880,"-22.9161","-43.1942"
155,155-IPANEMA X CENTRAL (VIA TUNEL SANTA BARBARA),Fetranspor,118,20289880,"-22.9164","-43.1942"
155,155-IPANEMA X CENTRAL (VIA TUNEL SANTA BARBARA),Fetranspor,119,20289880,"-22.9167","-43.1942"
155,155-IPANEMA X CENTRAL (VIA TUNEL SANTA BARBARA),Fetranspor,120,20289880,"-22.9172","-43.1943"
155,155-IPANEMA X CENTRAL (VIA TUNEL SANTA BARBARA),Fetranspor,121,20289880,"-22.9177","-43.1944"
155,155-IPANEMA X CENTRAL (VIA TUNEL SANTA BARBARA),Fetranspor,122,20289880,"-22.9184","-43.1946"
155,155-IPANEMA X CENTRAL (VIA TUNEL SANTA BARBARA),Fetranspor,123,20289880,"-22.9188","-43.1946"
155,155-IPANEMA X CENTRAL (VIA TUNEL SANTA BARBARA),Fetranspor,124,20289880,"-22.9188","-43.1946"
155,155-IPANEMA X CENTRAL (VIA TUNEL SANTA BARBARA),Fetranspor,125,20289880,"-22.919","-43.1945"
155,155-IPANEMA X CENTRAL (VIA TUNEL SANTA BARBARA),Fetranspor,126,20289880,"-22.9194","-43.1945"
155,155-IPANEMA X CENTRAL (VIA TUNEL SANTA BARBARA),Fetranspor,127,20289880,"-22.9196","-43.1944"
155,155-IPANEMA X CENTRAL (VIA TUNEL SANTA BARBARA),Fetranspor,128,20289880,"-22.9199","-43.1943"
155,155-IPANEMA X CENTRAL (VIA TUNEL SANTA BARBARA),Fetranspor,129,20289880,"-22.9199","-43.1943"
155,155-IPANEMA X CENTRAL (VIA TUNEL SANTA BARBARA),Fetranspor,130,20289880,"-22.92","-43.1942"
155,155-IPANEMA X CENTRAL (VIA TUNEL SANTA BARBARA),Fetranspor,131,20289880,"-22.9203","-43.194"
155,155-IPANEMA X CENTRAL (VIA TUNEL SANTA BARBARA),Fetranspor,132,20289880,"-22.9205","-43.1939"
155,155-IPANEMA X CENTRAL (VIA TUNEL SANTA BARBARA),Fetranspor,133,20289880,"-22.9205","-43.1939"
155,155-IPANEMA X CENTRAL (VIA TUNEL SANTA BARBARA),Fetranspor,134,20289880,"-22.9205","-43.1939"
155,155-IPANEMA X CENTRAL (VIA TUNEL SANTA BARBARA),Fetranspor,135,20289880,"-22.9207","-43.1938"
155,155-IPANEMA X CENTRAL (VIA TUNEL SANTA BARBARA),Fetranspor,136,20289880,"-22.9209","-43.1936"
155,155-IPANEMA X CENTRAL (VIA TUNEL SANTA BARBARA),Fetranspor,137,20289880,"-22.9211","-43.1934"
155,155-IPANEMA X CENTRAL (VIA TUNEL SANTA BARBARA),Fetranspor,138,20289880,"-22.9214","-43.1933"
155,155-IPANEMA X CENTRAL (VIA TUNEL SANTA BARBARA),Fetranspor,139,20289880,"-22.9216","-43.1932"
155,155-IPANEMA X CENTRAL (VIA TUNEL SANTA BARBARA),Fetranspor,140,20289880,"-22.9221","-43.1929"
155,155-IPANEMA X CENTRAL (VIA TUNEL SANTA BARBARA),Fetranspor,141,20289880,"-22.9232","-43.1919"
155,155-IPANEMA X CENTRAL (VIA TUNEL SANTA BARBARA),Fetranspor,142,20289880,"-22.9237","-43.1915"
155,155-IPANEMA X CENTRAL (VIA TUNEL SANTA BARBARA),Fetranspor,143,20289880,"-22.9243","-43.1911"
155,155-IPANEMA X CENTRAL (VIA TUNEL SANTA BARBARA),Fetranspor,144,20289880,"-22.9248","-43.1907"
155,155-IPANEMA X CENTRAL (VIA TUNEL SANTA BARBARA),Fetranspor,145,20289880,"-22.9254","-43.1902"
155,155-IPANEMA X CENTRAL (VIA TUNEL SANTA BARBARA),Fetranspor,146,20289880,"-22.9256","-43.1901"
155,155-IPANEMA X CENTRAL (VIA TUNEL SANTA BARBARA),Fetranspor,147,20289880,"-22.9297","-43.1869"
155,155-IPANEMA X CENTRAL (VIA TUNEL SANTA BARBARA),Fetranspor,148,20289880,"-22.9306","-43.1863"
155,155-IPANEMA X CENTRAL (VIA TUNEL SANTA BARBARA),Fetranspor,149,20289880,"-22.9306","-43.1863"
155,155-IPANEMA X CENTRAL (VIA TUNEL SANTA BARBARA),Fetranspor,150,20289880,"-22.9308","-43.1861"
155,155-IPANEMA X CENTRAL (VIA TUNEL SANTA BARBARA),Fetranspor,151,20289880,"-22.9309","-43.186"
155,155-IPANEMA X CENTRAL (VIA TUNEL SANTA BARBARA),Fetranspor,152,20289880,"-22.9313","-43.1857"
155,155-IPANEMA X CENTRAL (VIA TUNEL SANTA BARBARA),Fetranspor,153,20289880,"-22.9313","-43.1857"
155,155-IPANEMA X CENTRAL (VIA TUNEL SANTA BARBARA),Fetranspor,154,20289880,"-22.9315","-43.1856"
155,155-IPANEMA X CENTRAL (VIA TUNEL SANTA BARBARA),Fetranspor,155,20289880,"-22.9328","-43.1849"
155,155-IPANEMA X CENTRAL (VIA TUNEL SANTA BARBARA),Fetranspor,156,20289880,"-22.933","-43.1848"
155,155-IPANEMA X CENTRAL (VIA TUNEL SANTA BARBARA),Fetranspor,157,20289880,"-22.9333","-43.1847"
155,155-IPANEMA X CENTRAL (VIA TUNEL SANTA BARBARA),Fetranspor,158,20289880,"-22.9334","-43.1847"
155,155-IPANEMA X CENTRAL (VIA TUNEL SANTA BARBARA),Fetranspor,159,20289880,"-22.9344","-43.1844"
155,155-IPANEMA X CENTRAL (VIA TUNEL SANTA BARBARA),Fetranspor,160,20289880,"-22.9344","-43.1844"
155,155-IPANEMA X CENTRAL (VIA TUNEL SANTA BARBARA),Fetranspor,161,20289880,"-22.9348","-43.1843"
155,155-IPANEMA X CENTRAL (VIA TUNEL SANTA BARBARA),Fetranspor,162,20289880,"-22.9349","-43.1844"
155,155-IPANEMA X CENTRAL (VIA TUNEL SANTA BARBARA),Fetranspor,163,20289880,"-22.9349","-43.1844"
155,155-IPANEMA X CENTRAL (VIA TUNEL SANTA BARBARA),Fetranspor,164,20289880,"-22.9352","-43.1842"
155,155-IPANEMA X CENTRAL (VIA TUNEL SANTA BARBARA),Fetranspor,165,20289880,"-22.9355","-43.1841"
155,155-IPANEMA X CENTRAL (VIA TUNEL SANTA BARBARA),Fetranspor,166,20289880,"-22.9356","-43.1841"
155,155-IPANEMA X CENTRAL (VIA TUNEL SANTA BARBARA),Fetranspor,167,20289880,"-22.9358","-43.184"
155,155-IPANEMA X CENTRAL (VIA TUNEL SANTA BARBARA),Fetranspor,168,20289880,"-22.9358","-43.184"
155,155-IPANEMA X CENTRAL (VIA TUNEL SANTA BARBARA),Fetranspor,169,20289880,"-22.937","-43.1837"
155,155-IPANEMA X CENTRAL (VIA TUNEL SANTA BARBARA),Fetranspor,170,20289880,"-22.9396","-43.1831"
155,155-IPANEMA X CENTRAL (VIA TUNEL SANTA BARBARA),Fetranspor,171,20289880,"-22.9405","-43.1828"
155,155-IPANEMA X CENTRAL (VIA TUNEL SANTA BARBARA),Fetranspor,172,20289880,"-22.9405","-43.1828"
155,155-IPANEMA X CENTRAL (VIA TUNEL SANTA BARBARA),Fetranspor,173,20289880,"-22.9407","-43.1828"
155,155-IPANEMA X CENTRAL (VIA TUNEL SANTA BARBARA),Fetranspor,174,20289880,"-22.9411","-43.1826"
155,155-IPANEMA X CENTRAL (VIA TUNEL SANTA BARBARA),Fetranspor,175,20289880,"-22.9411","-43.1826"
155,155-IPANEMA X CENTRAL (VIA TUNEL SANTA BARBARA),Fetranspor,176,20289880,"-22.9417","-43.1823"
155,155-IPANEMA X CENTRAL (VIA TUNEL SANTA BARBARA),Fetranspor,177,20289880,"-22.9418","-43.1823"
155,155-IPANEMA X CENTRAL (VIA TUNEL SANTA BARBARA),Fetranspor,178,20289880,"-22.9418","-43.1823"
155,155-IPANEMA X CENTRAL (VIA TUNEL SANTA BARBARA),Fetranspor,179,20289880,"-22.9419","-43.1823"
155,155-IPANEMA X CENTRAL (VIA TUNEL SANTA BARBARA),Fetranspor,180,20289880,"-22.942","-43.1824"
155,155-IPANEMA X CENTRAL (VIA TUNEL SANTA BARBARA),Fetranspor,181,20289880,"-22.9421","-43.1824"
155,155-IPANEMA X CENTRAL (VIA TUNEL SANTA BARBARA),Fetranspor,182,20289880,"-22.9422","-43.1825"
155,155-IPANEMA X CENTRAL (VIA TUNEL SANTA BARBARA),Fetranspor,183,20289880,"-22.9422","-43.1826"
155,155-IPANEMA X CENTRAL (VIA TUNEL SANTA BARBARA),Fetranspor,184,20289880,"-22.9423","-43.1826"
155,155-IPANEMA X CENTRAL (VIA TUNEL SANTA BARBARA),Fetranspor,185,20289880,"-22.9423","-43.1826"
155,155-IPANEMA X CENTRAL (VIA TUNEL SANTA BARBARA),Fetranspor,186,20289880,"-22.9423","-43.1827"
155,155-IPANEMA X CENTRAL (VIA TUNEL SANTA BARBARA),Fetranspor,187,20289880,"-22.9426","-43.183"
155,155-IPANEMA X CENTRAL (VIA TUNEL SANTA BARBARA),Fetranspor,188,20289880,"-22.9429","-43.1832"
155,155-IPANEMA X CENTRAL (VIA TUNEL SANTA BARBARA),Fetranspor,189,20289880,"-22.943","-43.1833"
155,155-IPANEMA X CENTRAL (VIA TUNEL SANTA BARBARA),Fetranspor,190,20289880,"-22.9433","-43.1835"
155,155-IPANEMA X CENTRAL (VIA TUNEL SANTA BARBARA),Fetranspor,191,20289880,"-22.9436","-43.1837"
155,155-IPANEMA X CENTRAL (VIA TUNEL SANTA BARBARA),Fetranspor,192,20289880,"-22.9438","-43.1837"
155,155-IPANEMA X CENTRAL (VIA TUNEL SANTA BARBARA),Fetranspor,193,20289880,"-22.9438","-43.1837"
155,155-IPANEMA X CENTRAL (VIA TUNEL SANTA BARBARA),Fetranspor,194,20289880,"-22.9441","-43.1838"
155,155-IPANEMA X CENTRAL (VIA TUNEL SANTA BARBARA),Fetranspor,195,20289880,"-22.9444","-43.1839"
155,155-IPANEMA X CENTRAL (VIA TUNEL SANTA BARBARA),Fetranspor,196,20289880,"-22.9447","-43.1839"
155,155-IPANEMA X CENTRAL (VIA TUNEL SANTA BARBARA),Fetranspor,197,20289880,"-22.9447","-43.1839"
155,155-IPANEMA X CENTRAL (VIA TUNEL SANTA BARBARA),Fetranspor,198,20289880,"-22.9449","-43.184"
155,155-IPANEMA X CENTRAL (VIA TUNEL SANTA BARBARA),Fetranspor,199,20289880,"-22.9457","-43.1842"
155,155-IPANEMA X CENTRAL (VIA TUNEL SANTA BARBARA),Fetranspor,200,20289880,"-22.946","-43.1842"
155,155-IPANEMA X CENTRAL (VIA TUNEL SANTA BARBARA),Fetranspor,201,20289880,"-22.946","-43.1842"
155,155-IPANEMA X CENTRAL (VIA TUNEL SANTA BARBARA),Fetranspor,202,20289880,"-22.9468","-43.1842"
155,155-IPANEMA X CENTRAL (VIA TUNEL SANTA BARBARA),Fetranspor,203,20289880,"-22.9468","-43.1842"
155,155-IPANEMA X CENTRAL (VIA TUNEL SANTA BARBARA),Fetranspor,204,20289880,"-22.9472","-43.1842"
155,155-IPANEMA X CENTRAL (VIA TUNEL SANTA BARBARA),Fetranspor,205,20289880,"-22.9478","-43.1842"
155,155-IPANEMA X CENTRAL (VIA TUNEL SANTA BARBARA),Fetranspor,206,20289880,"-22.9478","-43.1842"
155,155-IPANEMA X CENTRAL (VIA TUNEL SANTA BARBARA),Fetranspor,207,20289880,"-22.9486","-43.1842"
155,155-IPANEMA X CENTRAL (VIA TUNEL SANTA BARBARA),Fetranspor,208,20289880,"-22.9493","-43.1842"
155,155-IPANEMA X CENTRAL (VIA TUNEL SANTA BARBARA),Fetranspor,209,20289880,"-22.9493","-43.1842"
155,155-IPANEMA X CENTRAL (VIA TUNEL SANTA BARBARA),Fetranspor,210,20289880,"-22.9493","-43.185"
155,155-IPANEMA X CENTRAL (VIA TUNEL SANTA BARBARA),Fetranspor,211,20289880,"-22.9493","-43.185"
155,155-IPANEMA X CENTRAL (VIA TUNEL SANTA BARBARA),Fetranspor,212,20289880,"-22.9494","-43.1854"
155,155-IPANEMA X CENTRAL (VIA TUNEL SANTA BARBARA),Fetranspor,213,20289880,"-22.9494","-43.1854"
155,155-IPANEMA X CENTRAL (VIA TUNEL SANTA BARBARA),Fetranspor,214,20289880,"-22.9494","-43.1857"
155,155-IPANEMA X CENTRAL (VIA TUNEL SANTA BARBARA),Fetranspor,215,20289880,"-22.9494","-43.1857"
155,155-IPANEMA X CENTRAL (VIA TUNEL SANTA BARBARA),Fetranspor,216,20289880,"-22.9494","-43.1858"
155,155-IPANEMA X CENTRAL (VIA TUNEL SANTA BARBARA),Fetranspor,217,20289880,"-22.9494","-43.1858"
155,155-IPANEMA X CENTRAL (VIA TUNEL SANTA BARBARA),Fetranspor,218,20289880,"-22.9494","-43.1866"
155,155-IPANEMA X CENTRAL (VIA TUNEL SANTA BARBARA),Fetranspor,219,20289880,"-22.9494","-43.1866"
155,155-IPANEMA X CENTRAL (VIA TUNEL SANTA BARBARA),Fetranspor,220,20289880,"-22.9495","-43.187"
155,155-IPANEMA X CENTRAL (VIA TUNEL SANTA BARBARA),Fetranspor,221,20289880,"-22.9495","-43.187"
155,155-IPANEMA X CENTRAL (VIA TUNEL SANTA BARBARA),Fetranspor,222,20289880,"-22.9495","-43.1874"
155,155-IPANEMA X CENTRAL (VIA TUNEL SANTA BARBARA),Fetranspor,223,20289880,"-22.9495","-43.1874"
155,155-IPANEMA X CENTRAL (VIA TUNEL SANTA BARBARA),Fetranspor,224,20289880,"-22.9495","-43.1878"
155,155-IPANEMA X CENTRAL (VIA TUNEL SANTA BARBARA),Fetranspor,225,20289880,"-22.9495","-43.1878"
155,155-IPANEMA X CENTRAL (VIA TUNEL SANTA BARBARA),Fetranspor,226,20289880,"-22.9495","-43.1879"
155,155-IPANEMA X CENTRAL (VIA TUNEL SANTA BARBARA),Fetranspor,227,20289880,"-22.9495","-43.1879"
155,155-IPANEMA X CENTRAL (VIA TUNEL SANTA BARBARA),Fetranspor,228,20289880,"-22.9495","-43.1883"
155,155-IPANEMA X CENTRAL (VIA TUNEL SANTA BARBARA),Fetranspor,229,20289880,"-22.9495","-43.1888"
155,155-IPANEMA X CENTRAL (VIA TUNEL SANTA BARBARA),Fetranspor,230,20289880,"-22.9495","-43.1888"
155,155-IPANEMA X CENTRAL (VIA TUNEL SANTA BARBARA),Fetranspor,231,20289880,"-22.9496","-43.1893"
155,155-IPANEMA X CENTRAL (VIA TUNEL SANTA BARBARA),Fetranspor,232,20289880,"-22.9497","-43.1898"
155,155-IPANEMA X CENTRAL (VIA TUNEL SANTA BARBARA),Fetranspor,233,20289880,"-22.9497","-43.1898"
155,155-IPANEMA X CENTRAL (VIA TUNEL SANTA BARBARA),Fetranspor,234,20289880,"-22.9499","-43.1904"
155,155-IPANEMA X CENTRAL (VIA TUNEL SANTA BARBARA),Fetranspor,235,20289880,"-22.9499","-43.1904"
155,155-IPANEMA X CENTRAL (VIA TUNEL SANTA BARBARA),Fetranspor,236,20289880,"-22.9499","-43.1907"
155,155-IPANEMA X CENTRAL (VIA TUNEL SANTA BARBARA),Fetranspor,237,20289880,"-22.95","-43.1911"
155,155-IPANEMA X CENTRAL (VIA TUNEL SANTA BARBARA),Fetranspor,238,20289880,"-22.95","-43.1911"
155,155-IPANEMA X CENTRAL (VIA TUNEL SANTA BARBARA),Fetranspor,239,20289880,"-22.9502","-43.1919"
155,155-IPANEMA X CENTRAL (VIA TUNEL SANTA BARBARA),Fetranspor,240,20289880,"-22.9503","-43.192"
155,155-IPANEMA X CENTRAL (VIA TUNEL SANTA BARBARA),Fetranspor,241,20289880,"-22.9503","-43.192"
155,155-IPANEMA X CENTRAL (VIA TUNEL SANTA BARBARA),Fetranspor,242,20289880,"-22.9503","-43.1923"
155,155-IPANEMA X CENTRAL (VIA TUNEL SANTA BARBARA),Fetranspor,243,20289880,"-22.9503","-43.1923"
155,155-IPANEMA X CENTRAL (VIA TUNEL SANTA BARBARA),Fetranspor,244,20289880,"-22.9505","-43.1928"
155,155-IPANEMA X CENTRAL (VIA TUNEL SANTA BARBARA),Fetranspor,245,20289880,"-22.9505","-43.1928"
155,155-IPANEMA X CENTRAL (VIA TUNEL SANTA BARBARA),Fetranspor,246,20289880,"-22.9505","-43.1929"
155,155-IPANEMA X CENTRAL (VIA TUNEL SANTA BARBARA),Fetranspor,247,20289880,"-22.9505","-43.1929"
155,155-IPANEMA X CENTRAL (VIA TUNEL SANTA BARBARA),Fetranspor,248,20289880,"-22.9506","-43.1931"
155,155-IPANEMA X CENTRAL (VIA TUNEL SANTA BARBARA),Fetranspor,249,20289880,"-22.9509","-43.1937"
155,155-IPANEMA X CENTRAL (VIA TUNEL SANTA BARBARA),Fetranspor,250,20289880,"-22.9509","-43.1937"
155,155-IPANEMA X CENTRAL (VIA TUNEL SANTA BARBARA),Fetranspor,251,20289880,"-22.951","-43.194"
155,155-IPANEMA X CENTRAL (VIA TUNEL SANTA BARBARA),Fetranspor,252,20289880,"-22.951","-43.194"
155,155-IPANEMA X CENTRAL (VIA TUNEL SANTA BARBARA),Fetranspor,253,20289880,"-22.9511","-43.194"
155,155-IPANEMA X CENTRAL (VIA TUNEL SANTA BARBARA),Fetranspor,254,20289880,"-22.9512","-43.1941"
155,155-IPANEMA X CENTRAL (VIA TUNEL SANTA BARBARA),Fetranspor,255,20289880,"-22.9513","-43.1941"
155,155-IPANEMA X CENTRAL (VIA TUNEL SANTA BARBARA),Fetranspor,256,20289880,"-22.9514","-43.1941"
155,155-IPANEMA X CENTRAL (VIA TUNEL SANTA BARBARA),Fetranspor,257,20289880,"-22.9514","-43.1941"
155,155-IPANEMA X CENTRAL (VIA TUNEL SANTA BARBARA),Fetranspor,258,20289880,"-22.9518","-43.1939"
155,155-IPANEMA X CENTRAL (VIA TUNEL SANTA BARBARA),Fetranspor,259,20289880,"-22.9524","-43.1937"
155,155-IPANEMA X CENTRAL (VIA TUNEL SANTA BARBARA),Fetranspor,260,20289880,"-22.9524","-43.1937"
155,155-IPANEMA X CENTRAL (VIA TUNEL SANTA BARBARA),Fetranspor,261,20289880,"-22.9526","-43.1936"
155,155-IPANEMA X CENTRAL (VIA TUNEL SANTA BARBARA),Fetranspor,262,20289880,"-22.954","-43.1931"
155,155-IPANEMA X CENTRAL (VIA TUNEL SANTA BARBARA),Fetranspor,263,20289880,"-22.954","-43.1931"
155,155-IPANEMA X CENTRAL (VIA TUNEL SANTA BARBARA),Fetranspor,264,20289880,"-22.9544","-43.1929"
155,155-IPANEMA X CENTRAL (VIA TUNEL SANTA BARBARA),Fetranspor,265,20289880,"-22.9544","-43.1929"
155,155-IPANEMA X CENTRAL (VIA TUNEL SANTA BARBARA),Fetranspor,266,20289880,"-22.9549","-43.1927"
155,155-IPANEMA X CENTRAL (VIA TUNEL SANTA BARBARA),Fetranspor,267,20289880,"-22.9554","-43.1925"
155,155-IPANEMA X CENTRAL (VIA TUNEL SANTA BARBARA),Fetranspor,268,20289880,"-22.9554","-43.1925"
155,155-IPANEMA X CENTRAL (VIA TUNEL SANTA BARBARA),Fetranspor,269,20289880,"-22.9554","-43.1925"
155,155-IPANEMA X CENTRAL (VIA TUNEL SANTA BARBARA),Fetranspor,270,20289880,"-22.9554","-43.1925"
155,155-IPANEMA X CENTRAL (VIA TUNEL SANTA BARBARA),Fetranspor,271,20289880,"-22.9559","-43.1923"
155,155-IPANEMA X CENTRAL (VIA TUNEL SANTA BARBARA),Fetranspor,272,20289880,"-22.9559","-43.1923"
155,155-IPANEMA X CENTRAL (VIA TUNEL SANTA BARBARA),Fetranspor,273,20289880,"-22.9563","-43.1921"
155,155-IPANEMA X CENTRAL (VIA TUNEL SANTA BARBARA),Fetranspor,274,20289880,"-22.9563","-43.1921"
155,155-IPANEMA X CENTRAL (VIA TUNEL SANTA BARBARA),Fetranspor,275,20289880,"-22.9567","-43.192"
155,155-IPANEMA X CENTRAL (VIA TUNEL SANTA BARBARA),Fetranspor,276,20289880,"-22.9567","-43.192"
155,155-IPANEMA X CENTRAL (VIA TUNEL SANTA BARBARA),Fetranspor,277,20289880,"-22.9572","-43.1918"
155,155-IPANEMA X CENTRAL (VIA TUNEL SANTA BARBARA),Fetranspor,278,20289880,"-22.9572","-43.1918"
155,155-IPANEMA X CENTRAL (VIA TUNEL SANTA BARBARA),Fetranspor,279,20289880,"-22.9574","-43.1917"
155,155-IPANEMA X CENTRAL (VIA TUNEL SANTA BARBARA),Fetranspor,280,20289880,"-22.9574","-43.1917"
155,155-IPANEMA X CENTRAL (VIA TUNEL SANTA BARBARA),Fetranspor,281,20289880,"-22.9579","-43.1915"
155,155-IPANEMA X CENTRAL (VIA TUNEL SANTA BARBARA),Fetranspor,282,20289880,"-22.958","-43.1915"
155,155-IPANEMA X CENTRAL (VIA TUNEL SANTA BARBARA),Fetranspor,283,20289880,"-22.958","-43.1915"
155,155-IPANEMA X CENTRAL (VIA TUNEL SANTA BARBARA),Fetranspor,284,20289880,"-22.958","-43.1914"
155,155-IPANEMA X CENTRAL (VIA TUNEL SANTA BARBARA),Fetranspor,285,20289880,"-22.958","-43.1914"
155,155-IPANEMA X CENTRAL (VIA TUNEL SANTA BARBARA),Fetranspor,286,20289880,"-22.9583","-43.1914"
155,155-IPANEMA X CENTRAL (VIA TUNEL SANTA BARBARA),Fetranspor,287,20289880,"-22.9583","-43.1914"
155,155-IPANEMA X CENTRAL (VIA TUNEL SANTA BARBARA),Fetranspor,288,20289880,"-22.9584","-43.1914"
155,155-IPANEMA X CENTRAL (VIA TUNEL SANTA BARBARA),Fetranspor,289,20289880,"-22.9584","-43.1914"
155,155-IPANEMA X CENTRAL (VIA TUNEL SANTA BARBARA),Fetranspor,290,20289880,"-22.959","-43.1911"
155,155-IPANEMA X CENTRAL (VIA TUNEL SANTA BARBARA),Fetranspor,291,20289880,"-22.959","-43.1911"
155,155-IPANEMA X CENTRAL (VIA TUNEL SANTA BARBARA),Fetranspor,292,20289880,"-22.9601","-43.1907"
155,155-IPANEMA X CENTRAL (VIA TUNEL SANTA BARBARA),Fetranspor,293,20289880,"-22.9602","-43.1907"
155,155-IPANEMA X CENTRAL (VIA TUNEL SANTA BARBARA),Fetranspor,294,20289880,"-22.9603","-43.1907"
155,155-IPANEMA X CENTRAL (VIA TUNEL SANTA BARBARA),Fetranspor,295,20289880,"-22.9604","-43.1907"
155,155-IPANEMA X CENTRAL (VIA TUNEL SANTA BARBARA),Fetranspor,296,20289880,"-22.9605","-43.1907"
155,155-IPANEMA X CENTRAL (VIA TUNEL SANTA BARBARA),Fetranspor,297,20289880,"-22.9605","-43.1907"
155,155-IPANEMA X CENTRAL (VIA TUNEL SANTA BARBARA),Fetranspor,298,20289880,"-22.9606","-43.1907"
155,155-IPANEMA X CENTRAL (VIA TUNEL SANTA BARBARA),Fetranspor,299,20289880,"-22.961","-43.1909"
155,155-IPANEMA X CENTRAL (VIA TUNEL SANTA BARBARA),Fetranspor,300,20289880,"-22.961","-43.1909"
155,155-IPANEMA X CENTRAL (VIA TUNEL SANTA BARBARA),Fetranspor,301,20289880,"-22.9612","-43.1909"
155,155-IPANEMA X CENTRAL (VIA TUNEL SANTA BARBARA),Fetranspor,302,20289880,"-22.9613","-43.191"
155,155-IPANEMA X CENTRAL (VIA TUNEL SANTA BARBARA),Fetranspor,303,20289880,"-22.9617","-43.1911"
155,155-IPANEMA X CENTRAL (VIA TUNEL SANTA BARBARA),Fetranspor,304,20289880,"-22.9619","-43.1912"
155,155-IPANEMA X CENTRAL (VIA TUNEL SANTA BARBARA),Fetranspor,305,20289880,"-22.9622","-43.1912"
155,155-IPANEMA X CENTRAL (VIA TUNEL SANTA BARBARA),Fetranspor,306,20289880,"-22.9626","-43.1914"
155,155-IPANEMA X CENTRAL (VIA TUNEL SANTA BARBARA),Fetranspor,307,20289880,"-22.9632","-43.1916"
155,155-IPANEMA X CENTRAL (VIA TUNEL SANTA BARBARA),Fetranspor,308,20289880,"-22.9632","-43.1916"
155,155-IPANEMA X CENTRAL (VIA TUNEL SANTA BARBARA),Fetranspor,309,20289880,"-22.9634","-43.1916"
155,155-IPANEMA X CENTRAL (VIA TUNEL SANTA BARBARA),Fetranspor,310,20289880,"-22.9635","-43.1917"
155,155-IPANEMA X CENTRAL (VIA TUNEL SANTA BARBARA),Fetranspor,311,20289880,"-22.9636","-43.1918"
155,155-IPANEMA X CENTRAL (VIA TUNEL SANTA BARBARA),Fetranspor,312,20289880,"-22.9637","-43.1919"
155,155-IPANEMA X CENTRAL (VIA TUNEL SANTA BARBARA),Fetranspor,313,20289880,"-22.964","-43.1921"
155,155-IPANEMA X CENTRAL (VIA TUNEL SANTA BARBARA),Fetranspor,314,20289880,"-22.964","-43.1921"
155,155-IPANEMA X CENTRAL (VIA TUNEL SANTA BARBARA),Fetranspor,315,20289880,"-22.964","-43.1921"
155,155-IPANEMA X CENTRAL (VIA TUNEL SANTA BARBARA),Fetranspor,316,20289880,"-22.964","-43.1921"
155,155-IPANEMA X CENTRAL (VIA TUNEL SANTA BARBARA),Fetranspor,317,20289880,"-22.9647","-43.193"
155,155-IPANEMA X CENTRAL (VIA TUNEL SANTA BARBARA),Fetranspor,318,20289880,"-22.9647","-43.193"
155,155-IPANEMA X CENTRAL (VIA TUNEL SANTA BARBARA),Fetranspor,319,20289880,"-22.9647","-43.193"
155,155-IPANEMA X CENTRAL (VIA TUNEL SANTA BARBARA),Fetranspor,320,20289880,"-22.9648","-43.193"
155,155-IPANEMA X CENTRAL (VIA TUNEL SANTA BARBARA),Fetranspor,321,20289880,"-22.9649","-43.193"
155,155-IPANEMA X CENTRAL (VIA TUNEL SANTA BARBARA),Fetranspor,322,20289880,"-22.9649","-43.193"
155,155-IPANEMA X CENTRAL (VIA TUNEL SANTA BARBARA),Fetranspor,323,20289880,"-22.965","-43.193"
155,155-IPANEMA X CENTRAL (VIA TUNEL SANTA BARBARA),Fetranspor,324,20289880,"-22.9651","-43.193"
155,155-IPANEMA X CENTRAL (VIA TUNEL SANTA BARBARA),Fetranspor,325,20289880,"-22.9651","-43.193"
155,155-IPANEMA X CENTRAL (VIA TUNEL SANTA BARBARA),Fetranspor,326,20289880,"-22.9657","-43.1924"
155,155-IPANEMA X CENTRAL (VIA TUNEL SANTA BARBARA),Fetranspor,327,20289880,"-22.9672","-43.1911"
155,155-IPANEMA X CENTRAL (VIA TUNEL SANTA BARBARA),Fetranspor,328,20289880,"-22.968","-43.1904"
155,155-IPANEMA X CENTRAL (VIA TUNEL SANTA BARBARA),Fetranspor,329,20289880,"-22.968","-43.1904"
155,155-IPANEMA X CENTRAL (VIA TUNEL SANTA BARBARA),Fetranspor,330,20289880,"-22.969","-43.1894"
155,155-IPANEMA X CENTRAL (VIA TUNEL SANTA BARBARA),Fetranspor,331,20289880,"-22.969","-43.1894"
155,155-IPANEMA X CENTRAL (VIA TUNEL SANTA BARBARA),Fetranspor,332,20289880,"-22.9693","-43.1898"
155,155-IPANEMA X CENTRAL (VIA TUNEL SANTA BARBARA),Fetranspor,333,20289880,"-22.9693","-43.1898"
155,155-IPANEMA X CENTRAL (VIA TUNEL SANTA BARBARA),Fetranspor,334,20289880,"-22.9696","-43.1904"
155,155-IPANEMA X CENTRAL (VIA TUNEL SANTA BARBARA),Fetranspor,335,20289880,"-22.9696","-43.1904"
155,155-IPANEMA X CENTRAL (VIA TUNEL SANTA BARBARA),Fetranspor,336,20289880,"-22.9698","-43.1906"
155,155-IPANEMA X CENTRAL (VIA TUNEL SANTA BARBARA),Fetranspor,337,20289880,"-22.9701","-43.1907"
155,155-IPANEMA X CENTRAL (VIA TUNEL SANTA BARBARA),Fetranspor,338,20289880,"-22.9704","-43.191"
155,155-IPANEMA X CENTRAL (VIA TUNEL SANTA BARBARA),Fetranspor,339,20289880,"-22.9706","-43.1911"
155,155-IPANEMA X CENTRAL (VIA TUNEL SANTA BARBARA),Fetranspor,340,20289880,"-22.9709","-43.1912"
155,155-IPANEMA X CENTRAL (VIA TUNEL SANTA BARBARA),Fetranspor,341,20289880,"-22.9712","-43.1913"
155,155-IPANEMA X CENTRAL (VIA TUNEL SANTA BARBARA),Fetranspor,342,20289880,"-22.9714","-43.1914"
155,155-IPANEMA X CENTRAL (VIA TUNEL SANTA BARBARA),Fetranspor,343,20289880,"-22.9714","-43.1914"
155,155-IPANEMA X CENTRAL (VIA TUNEL SANTA BARBARA),Fetranspor,344,20289880,"-22.9716","-43.1915"
155,155-IPANEMA X CENTRAL (VIA TUNEL SANTA BARBARA),Fetranspor,345,20289880,"-22.9718","-43.1916"
155,155-IPANEMA X CENTRAL (VIA TUNEL SANTA BARBARA),Fetranspor,346,20289880,"-22.9721","-43.1917"
155,155-IPANEMA X CENTRAL (VIA TUNEL SANTA BARBARA),Fetranspor,347,20289880,"-22.9723","-43.1919"
155,155-IPANEMA X CENTRAL (VIA TUNEL SANTA BARBARA),Fetranspor,348,20289880,"-22.9723","-43.1919"
155,155-IPANEMA X CENTRAL (VIA TUNEL SANTA BARBARA),Fetranspor,349,20289880,"-22.9725","-43.1915"
155,155-IPANEMA X CENTRAL (VIA TUNEL SANTA BARBARA),Fetranspor,350,20289880,"-22.9725","-43.1915"
155,155-IPANEMA X CENTRAL (VIA TUNEL SANTA BARBARA),Fetranspor,351,20289880,"-22.9729","-43.1908"
155,155-IPANEMA X CENTRAL (VIA TUNEL SANTA BARBARA),Fetranspor,352,20289880,"-22.9729","-43.1908"
155,155-IPANEMA X CENTRAL (VIA TUNEL SANTA BARBARA),Fetranspor,353,20289880,"-22.974","-43.1914"
155,155-IPANEMA X CENTRAL (VIA TUNEL SANTA BARBARA),Fetranspor,354,20289880,"-22.9743","-43.1916"
155,155-IPANEMA X CENTRAL (VIA TUNEL SANTA BARBARA),Fetranspor,355,20289880,"-22.9743","-43.1916"
155,155-IPANEMA X CENTRAL (VIA TUNEL SANTA BARBARA),Fetranspor,356,20289880,"-22.9746","-43.1917"
155,155-IPANEMA X CENTRAL (VIA TUNEL SANTA BARBARA),Fetranspor,357,20289880,"-22.9756","-43.1923"
155,155-IPANEMA X CENTRAL (VIA TUNEL SANTA BARBARA),Fetranspor,358,20289880,"-22.9757","-43.1923"
155,155-IPANEMA X CENTRAL (VIA TUNEL SANTA BARBARA),Fetranspor,359,20289880,"-22.9757","-43.1923"
155,155-IPANEMA X CENTRAL (VIA TUNEL SANTA BARBARA),Fetranspor,360,20289880,"-22.9763","-43.1925"
155,155-IPANEMA X CENTRAL (VIA TUNEL SANTA BARBARA),Fetranspor,361,20289880,"-22.9764","-43.1925"
155,155-IPANEMA X CENTRAL (VIA TUNEL SANTA BARBARA),Fetranspor,362,20289880,"-22.9764","-43.1925"
155,155-IPANEMA X CENTRAL (VIA TUNEL SANTA BARBARA),Fetranspor,363,20289880,"-22.9764","-43.1925"
155,155-IPANEMA X CENTRAL (VIA TUNEL SANTA BARBARA),Fetranspor,364,20289880,"-22.9774","-43.1927"
155,155-IPANEMA X CENTRAL (VIA TUNEL SANTA BARBARA),Fetranspor,365,20289880,"-22.9774","-43.1927"
155,155-IPANEMA X CENTRAL (VIA TUNEL SANTA BARBARA),Fetranspor,366,20289880,"-22.9779","-43.1929"
155,155-IPANEMA X CENTRAL (VIA TUNEL SANTA BARBARA),Fetranspor,367,20289880,"-22.9779","-43.1929"
155,155-IPANEMA X CENTRAL (VIA TUNEL SANTA BARBARA),Fetranspor,368,20289880,"-22.978","-43.1929"
155,155-IPANEMA X CENTRAL (VIA TUNEL SANTA BARBARA),Fetranspor,369,20289880,"-22.9782","-43.193"
155,155-IPANEMA X CENTRAL (VIA TUNEL SANTA BARBARA),Fetranspor,370,20289880,"-22.9786","-43.193"
155,155-IPANEMA X CENTRAL (VIA TUNEL SANTA BARBARA),Fetranspor,371,20289880,"-22.9789","-43.193"
155,155-IPANEMA X CENTRAL (VIA TUNEL SANTA BARBARA),Fetranspor,372,20289880,"-22.9793","-43.193"
155,155-IPANEMA X CENTRAL (VIA TUNEL SANTA BARBARA),Fetranspor,373,20289880,"-22.9795","-43.1929"
155,155-IPANEMA X CENTRAL (VIA TUNEL SANTA BARBARA),Fetranspor,374,20289880,"-22.98","-43.1929"
155,155-IPANEMA X CENTRAL (VIA TUNEL SANTA BARBARA),Fetranspor,375,20289880,"-22.9802","-43.1928"
155,155-IPANEMA X CENTRAL (VIA TUNEL SANTA BARBARA),Fetranspor,376,20289880,"-22.9806","-43.1927"
155,155-IPANEMA X CENTRAL (VIA TUNEL SANTA BARBARA),Fetranspor,377,20289880,"-22.9806","-43.1927"
155,155-IPANEMA X CENTRAL (VIA TUNEL SANTA BARBARA),Fetranspor,378,20289880,"-22.9812","-43.1926"
155,155-IPANEMA X CENTRAL (VIA TUNEL SANTA BARBARA),Fetranspor,379,20289880,"-22.9812","-43.1926"
155,155-IPANEMA X CENTRAL (VIA TUNEL SANTA BARBARA),Fetranspor,380,20289880,"-22.982","-43.1923"
155,155-IPANEMA X CENTRAL (VIA TUNEL SANTA BARBARA),Fetranspor,381,20289880,"-22.982","-43.1923"
155,155-IPANEMA X CENTRAL (VIA TUNEL SANTA BARBARA),Fetranspor,382,20289880,"-22.9828","-43.192"
155,155-IPANEMA X CENTRAL (VIA TUNEL SANTA BARBARA),Fetranspor,383,20289880,"-22.9832","-43.1919"
155,155-IPANEMA X CENTRAL (VIA TUNEL SANTA BARBARA),Fetranspor,384,20289880,"-22.9832","-43.1919"
155,155-IPANEMA X CENTRAL (VIA TUNEL SANTA BARBARA),Fetranspor,385,20289880,"-22.9841","-43.1917"
155,155-IPANEMA X CENTRAL (VIA TUNEL SANTA BARBARA),Fetranspor,386,20289880,"-22.9842","-43.1917"
155,155-IPANEMA X CENTRAL (VIA TUNEL SANTA BARBARA),Fetranspor,387,20289880,"-22.9842","-43.1917"
155,155-IPANEMA X CENTRAL (VIA TUNEL SANTA BARBARA),Fetranspor,388,20289880,"-22.985","-43.1914"
155,155-IPANEMA X CENTRAL (VIA TUNEL SANTA BARBARA),Fetranspor,389,20289880,"-22.985","-43.1914"
155,155-IPANEMA X CENTRAL (VIA TUNEL SANTA BARBARA),Fetranspor,390,20289880,"-22.9852","-43.1919"
155,155-IPANEMA X CENTRAL (VIA TUNEL SANTA BARBARA),Fetranspor,391,20289880,"-22.9853","-43.1924"
155,155-IPANEMA X CENTRAL (VIA TUNEL SANTA BARBARA),Fetranspor,392,20289880,"-22.9853","-43.1924"
155,155-IPANEMA X CENTRAL (VIA TUNEL SANTA BARBARA),Fetranspor,393,20289880,"-22.9855","-43.1929"
155,155-IPANEMA X CENTRAL (VIA TUNEL SANTA BARBARA),Fetranspor,394,20289880,"-22.9855","-43.1929"
155,155-IPANEMA X CENTRAL (VIA TUNEL SANTA BARBARA),Fetranspor,395,20289880,"-22.9858","-43.1943"
155,155-IPANEMA X CENTRAL (VIA TUNEL SANTA BARBARA),Fetranspor,396,20289880,"-22.9858","-43.1943"
155,155-IPANEMA X CENTRAL (VIA TUNEL SANTA BARBARA),Fetranspor,397,20289880,"-22.986","-43.195"
155,155-IPANEMA X CENTRAL (VIA TUNEL SANTA BARBARA),Fetranspor,398,20289880,"-22.986","-43.195"
155,155-IPANEMA X CENTRAL (VIA TUNEL SANTA BARBARA),Fetranspor,399,20289880,"-22.9864","-43.1963"
155,155-IPANEMA X CENTRAL (VIA TUNEL SANTA BARBARA),Fetranspor,400,20289880,"-22.9864","-43.1963"
155,155-IPANEMA X CENTRAL (VIA TUNEL SANTA BARBARA),Fetranspor,401,20289880,"-22.9859","-43.1968"
155,155-IPANEMA X CENTRAL (VIA TUNEL SANTA BARBARA),Fetranspor,402,20289880,"-22.9859","-43.1968"
155,155-IPANEMA X CENTRAL (VIA TUNEL SANTA BARBARA),Fetranspor,403,20289880,"-22.9858","-43.1969"
155,155-IPANEMA X CENTRAL (VIA TUNEL SANTA BARBARA),Fetranspor,404,20289880,"-22.9857","-43.197"
155,155-IPANEMA X CENTRAL (VIA TUNEL SANTA BARBARA),Fetranspor,405,20289880,"-22.9857","-43.1971"
155,155-IPANEMA X CENTRAL (VIA TUNEL SANTA BARBARA),Fetranspor,406,20289880,"-22.9857","-43.1971"
155,155-IPANEMA X CENTRAL (VIA TUNEL SANTA BARBARA),Fetranspor,407,20289880,"-22.9857","-43.1975"
155,155-IPANEMA X CENTRAL (VIA TUNEL SANTA BARBARA),Fetranspor,408,20289880,"-22.9857","-43.1975"
155,155-IPANEMA X CENTRAL (VIA TUNEL SANTA BARBARA),Fetranspor,409,20289880,"-22.9856","-43.1987"
155,155-IPANEMA X CENTRAL (VIA TUNEL SANTA BARBARA),Fetranspor,410,20289880,"-22.9856","-43.1987"
155,155-IPANEMA X CENTRAL (VIA TUNEL SANTA BARBARA),Fetranspor,411,20289880,"-22.9855","-43.2008"
155,155-IPANEMA X CENTRAL (VIA TUNEL SANTA BARBARA),Fetranspor,412,20289880,"-22.9855","-43.2008"
155,155-IPANEMA X CENTRAL (VIA TUNEL SANTA BARBARA),Fetranspor,413,20289880,"-22.9854","-43.2025"
155,155-IPANEMA X CENTRAL (VIA TUNEL SANTA BARBARA),Fetranspor,414,20289880,"-22.9854","-43.2029"
155,155-IPANEMA X CENTRAL (VIA TUNEL SANTA BARBARA),Fetranspor,415,20289880,"-22.9854","-43.2029"
155,155-IPANEMA X CENTRAL (VIA TUNEL SANTA BARBARA),Fetranspor,416,20289880,"-22.9854","-43.2037"
155,155-IPANEMA X CENTRAL (VIA TUNEL SANTA BARBARA),Fetranspor,417,20289880,"-22.9853","-43.2046"
155,155-IPANEMA X CENTRAL (VIA TUNEL SANTA BARBARA),Fetranspor,418,20289880,"-22.9853","-43.205"
155,155-IPANEMA X CENTRAL (VIA TUNEL SANTA BARBARA),Fetranspor,419,20289880,"-22.9853","-43.205"
155,155-IPANEMA X CENTRAL (VIA TUNEL SANTA BARBARA),Fetranspor,420,20289880,"-22.9852","-43.2057"
155,155-IPANEMA X CENTRAL (VIA TUNEL SANTA BARBARA),Fetranspor,421,20289880,"-22.9852","-43.2069"
155,155-IPANEMA X CENTRAL (VIA TUNEL SANTA BARBARA),Fetranspor,422,20289880,"-22.9852","-43.2072"
155,155-IPANEMA X CENTRAL (VIA TUNEL SANTA BARBARA),Fetranspor,423,20289880,"-22.9852","-43.2072"
155,155-IPANEMA X CENTRAL (VIA TUNEL SANTA BARBARA),Fetranspor,424,20289880,"-22.9851","-43.2083"
155,155-IPANEMA X CENTRAL (VIA TUNEL SANTA BARBARA),Fetranspor,425,20289880,"-22.9851","-43.2093"
155,155-IPANEMA X CENTRAL (VIA TUNEL SANTA BARBARA),Fetranspor,426,20289880,"-22.9851","-43.2093"
155,155-IPANEMA X CENTRAL (VIA TUNEL SANTA BARBARA),Fetranspor,427,20289880,"-22.985","-43.2094"
155,155-IPANEMA X CENTRAL (VIA TUNEL SANTA BARBARA),Fetranspor,428,20289880,"-22.985","-43.2106"
155,155-IPANEMA X CENTRAL (VIA TUNEL SANTA BARBARA),Fetranspor,429,20289880,"-22.9849","-43.2114"
155,155-IPANEMA X CENTRAL (VIA TUNEL SANTA BARBARA),Fetranspor,430,20289880,"-22.9849","-43.2114"
155,155-IPANEMA X CENTRAL (VIA TUNEL SANTA BARBARA),Fetranspor,431,20289880,"-22.9849","-43.2126"
155,155-IPANEMA X CENTRAL (VIA TUNEL SANTA BARBARA),Fetranspor,432,20289880,"-22.9848","-43.2135"
155,155-IPANEMA X CENTRAL (VIA TUNEL SANTA BARBARA),Fetranspor,433,20289880,"-22.9848","-43.2135"
155,155-IPANEMA X CENTRAL (VIA TUNEL SANTA BARBARA),Fetranspor,434,20289880,"-22.9848","-43.2143"
155,155-IPANEMA X CENTRAL (VIA TUNEL SANTA BARBARA),Fetranspor,435,20289880,"-22.9848","-43.2143"
155,155-IPANEMA X CENTRAL (VIA TUNEL SANTA BARBARA),Fetranspor,436,20289880,"-22.9848","-43.2148"
155,155-IPANEMA X CENTRAL (VIA TUNEL SANTA BARBARA),Fetranspor,437,20289880,"-22.9847","-43.2149"
155,155-IPANEMA X CENTRAL (VIA TUNEL SANTA BARBARA),Fetranspor,438,20289880,"-22.9847","-43.2149"
155,155-IPANEMA X CENTRAL (VIA TUNEL SANTA BARBARA),Fetranspor,439,20289880,"-22.9847","-43.2151"
155,155-IPANEMA X CENTRAL (VIA TUNEL SANTA BARBARA),Fetranspor,440,20289880,"-22.9847","-43.2156"
155,155-IPANEMA X CENTRAL (VIA TUNEL SANTA BARBARA),Fetranspor,441,20289880,"-22.9847","-43.2156"
155,155-IPANEMA X CENTRAL (VIA TUNEL SANTA BARBARA),Fetranspor,442,20289880,"-22.9847","-43.216"
155,155-IPANEMA X CENTRAL (VIA TUNEL SANTA BARBARA),Fetranspor,443,20289880,"-22.9847","-43.216"
155,155-IPANEMA X CENTRAL (VIA TUNEL SANTA BARBARA),Fetranspor,444,20289880,"-22.9847","-43.2168"
155,155-IPANEMA X CENTRAL (VIA TUNEL SANTA BARBARA),Fetranspor,445,20289880,"-22.9847","-43.2168"
155,155-IPANEMA X CENTRAL (VIA TUNEL SANTA BARBARA),Fetranspor,446,20289880,"-22.9847","-43.2169"
155,155-IPANEMA X CENTRAL (VIA TUNEL SANTA BARBARA),Fetranspor,447,20289880,"-22.9847","-43.2175"
155,155-IPANEMA X CENTRAL (VIA TUNEL SANTA BARBARA),Fetranspor,448,20289880,"-22.9847","-43.2176"
155,155-IPANEMA X CENTRAL (VIA TUNEL SANTA BARBARA),Fetranspor,449,20289880,"-22.9847","-43.2176"
155,155-IPANEMA X CENTRAL (VIA TUNEL SANTA BARBARA),Fetranspor,450,20289880,"-22.9836","-43.2178"
155,155-IPANEMA X CENTRAL (VIA TUNEL SANTA BARBARA),Fetranspor,451,20289880,"-22.9836","-43.2178"
155,155-IPANEMA X CENTRAL (VIA TUNEL SANTA BARBARA),Fetranspor,452,20289880,"-22.9829","-43.2179"
155,155-IPANEMA X CENTRAL (VIA TUNEL SANTA BARBARA),Fetranspor,453,20289880,"-22.9828","-43.2179"
155,155-IPANEMA X CENTRAL (VIA TUNEL SANTA BARBARA),Fetranspor,454,20289880,"-22.9828","-43.2179"
155,155-IPANEMA X CENTRAL (VIA TUNEL SANTA BARBARA),Fetranspor,455,20289880,"-22.9824","-43.218"
155,155-IPANEMA X CENTRAL (VIA TUNEL SANTA BARBARA),Fetranspor,456,20289880,"-22.9815","-43.2181"
155,155-IPANEMA X CENTRAL (VIA TUNEL SANTA BARBARA),Fetranspor,457,20289880,"-22.9815","-43.2181"
155,155-IPANEMA X CENTRAL (VIA TUNEL SANTA BARBARA),Fetranspor,458,20289880,"-22.9814","-43.2175"
155,155-IPANEMA X CENTRAL (VIA TUNEL SANTA BARBARA),Fetranspor,459,20289880,"-22.9814","-43.2171"
155,155-IPANEMA X CENTRAL (VIA TUNEL SANTA BARBARA),Fetranspor,460,20289880,"-22.9814","-43.2167"
155,155-IPANEMA X CENTRAL (VIA TUNEL SANTA BARBARA),Fetranspor,461,20289880,"-22.9815","-43.2164"
155,155-IPANEMA X CENTRAL (VIA TUNEL SANTA BARBARA),Fetranspor,462,20289880,"-22.9815","-43.2161"
155,155-IPANEMA X CENTRAL (VIA TUNEL SANTA BARBARA),Fetranspor,463,20289880,"-22.9816","-43.2158"
155,155-IPANEMA X CENTRAL (VIA TUNEL SANTA BARBARA),Fetranspor,464,20289880,"-22.9818","-43.2152"
155,155-IPANEMA X CENTRAL (VIA TUNEL SANTA BARBARA),Fetranspor,465,20289880,"-22.9818","-43.2151"
155,155-IPANEMA X CENTRAL (VIA TUNEL SANTA BARBARA),Fetranspor,466,20289880,"-22.9818","-43.2151"
155,155-IPANEMA X CENTRAL (VIA TUNEL SANTA BARBARA),Fetranspor,467,20289880,"-22.9818","-43.215"
155,155-IPANEMA X CENTRAL (VIA TUNEL SANTA BARBARA),Fetranspor,468,20289880,"-22.9818","-43.215"
155,155-IPANEMA X CENTRAL (VIA TUNEL SANTA BARBARA),Fetranspor,469,20289880,"-22.9815","-43.2148"
155,155-IPANEMA X CENTRAL (VIA TUNEL SANTA BARBARA),Fetranspor,470,20289880,"-22.9809","-43.2147"
155,155-IPANEMA X CENTRAL (VIA TUNEL SANTA BARBARA),Fetranspor,471,20289880,"-22.9804","-43.2145"
