linha,descricao,agencia,sequencia,shape_id,latitude,longitude
158,158-CENTRAL X GAVEA (CIRCULAR),Fetranspor,0,17394953,"-22.9049","-43.1917"
158,158-CENTRAL X GAVEA (CIRCULAR),Fetranspor,1,17394953,"-22.9048","-43.1919"
158,158-CENTRAL X GAVEA (CIRCULAR),Fetranspor,2,17394953,"-22.9048","-43.1919"
158,158-CENTRAL X GAVEA (CIRCULAR),Fetranspor,3,17394953,"-22.9051","-43.1928"
158,158-CENTRAL X GAVEA (CIRCULAR),Fetranspor,4,17394953,"-22.9051","-43.193"
158,158-CENTRAL X GAVEA (CIRCULAR),Fetranspor,5,17394953,"-22.9051","-43.193"
158,158-CENTRAL X GAVEA (CIRCULAR),Fetranspor,6,17394953,"-22.9051","-43.1931"
158,158-CENTRAL X GAVEA (CIRCULAR),Fetranspor,7,17394953,"-22.905","-43.1931"
158,158-CENTRAL X GAVEA (CIRCULAR),Fetranspor,8,17394953,"-22.905","-43.1931"
158,158-CENTRAL X GAVEA (CIRCULAR),Fetranspor,9,17394953,"-22.9049","-43.1931"
158,158-CENTRAL X GAVEA (CIRCULAR),Fetranspor,10,17394953,"-22.9049","-43.1931"
158,158-CENTRAL X GAVEA (CIRCULAR),Fetranspor,11,17394953,"-22.9048","-43.1931"
158,158-CENTRAL X GAVEA (CIRCULAR),Fetranspor,12,17394953,"-22.9047","-43.193"
158,158-CENTRAL X GAVEA (CIRCULAR),Fetranspor,13,17394953,"-22.9046","-43.1926"
158,158-CENTRAL X GAVEA (CIRCULAR),Fetranspor,14,17394953,"-22.9044","-43.1915"
158,158-CENTRAL X GAVEA (CIRCULAR),Fetranspor,15,17394953,"-22.9044","-43.1915"
158,158-CENTRAL X GAVEA (CIRCULAR),Fetranspor,16,17394953,"-22.904","-43.1905"
158,158-CENTRAL X GAVEA (CIRCULAR),Fetranspor,17,17394953,"-22.904","-43.1905"
158,158-CENTRAL X GAVEA (CIRCULAR),Fetranspor,18,17394953,"-22.9037","-43.1896"
158,158-CENTRAL X GAVEA (CIRCULAR),Fetranspor,19,17394953,"-22.9035","-43.1891"
158,158-CENTRAL X GAVEA (CIRCULAR),Fetranspor,20,17394953,"-22.9034","-43.1886"
158,158-CENTRAL X GAVEA (CIRCULAR),Fetranspor,21,17394953,"-22.9034","-43.1886"
158,158-CENTRAL X GAVEA (CIRCULAR),Fetranspor,22,17394953,"-22.9033","-43.1885"
158,158-CENTRAL X GAVEA (CIRCULAR),Fetranspor,23,17394953,"-22.9032","-43.188"
158,158-CENTRAL X GAVEA (CIRCULAR),Fetranspor,24,17394953,"-22.903","-43.1874"
158,158-CENTRAL X GAVEA (CIRCULAR),Fetranspor,25,17394953,"-22.903","-43.1874"
158,158-CENTRAL X GAVEA (CIRCULAR),Fetranspor,26,17394953,"-22.9025","-43.1861"
158,158-CENTRAL X GAVEA (CIRCULAR),Fetranspor,27,17394953,"-22.9025","-43.1861"
158,158-CENTRAL X GAVEA (CIRCULAR),Fetranspor,28,17394953,"-22.9022","-43.1853"
158,158-CENTRAL X GAVEA (CIRCULAR),Fetranspor,29,17394953,"-22.902","-43.1849"
158,158-CENTRAL X GAVEA (CIRCULAR),Fetranspor,30,17394953,"-22.9019","-43.1847"
158,158-CENTRAL X GAVEA (CIRCULAR),Fetranspor,31,17394953,"-22.9019","-43.1847"
158,158-CENTRAL X GAVEA (CIRCULAR),Fetranspor,32,17394953,"-22.9019","-43.1846"
158,158-CENTRAL X GAVEA (CIRCULAR),Fetranspor,33,17394953,"-22.9019","-43.1846"
158,158-CENTRAL X GAVEA (CIRCULAR),Fetranspor,34,17394953,"-22.902","-43.1845"
158,158-CENTRAL X GAVEA (CIRCULAR),Fetranspor,35,17394953,"-22.902","-43.1844"
158,158-CENTRAL X GAVEA (CIRCULAR),Fetranspor,36,17394953,"-22.9026","-43.1841"
158,158-CENTRAL X GAVEA (CIRCULAR),Fetranspor,37,17394953,"-22.9026","-43.1841"
158,158-CENTRAL X GAVEA (CIRCULAR),Fetranspor,38,17394953,"-22.9026","-43.184"
158,158-CENTRAL X GAVEA (CIRCULAR),Fetranspor,39,17394953,"-22.9027","-43.184"
158,158-CENTRAL X GAVEA (CIRCULAR),Fetranspor,40,17394953,"-22.9027","-43.184"
158,158-CENTRAL X GAVEA (CIRCULAR),Fetranspor,41,17394953,"-22.9029","-43.1839"
158,158-CENTRAL X GAVEA (CIRCULAR),Fetranspor,42,17394953,"-22.9029","-43.1839"
158,158-CENTRAL X GAVEA (CIRCULAR),Fetranspor,43,17394953,"-22.903","-43.1838"
158,158-CENTRAL X GAVEA (CIRCULAR),Fetranspor,44,17394953,"-22.903","-43.1838"
158,158-CENTRAL X GAVEA (CIRCULAR),Fetranspor,45,17394953,"-22.9036","-43.1836"
158,158-CENTRAL X GAVEA (CIRCULAR),Fetranspor,46,17394953,"-22.9036","-43.1836"
158,158-CENTRAL X GAVEA (CIRCULAR),Fetranspor,47,17394953,"-22.904","-43.1834"
158,158-CENTRAL X GAVEA (CIRCULAR),Fetranspor,48,17394953,"-22.904","-43.1834"
158,158-CENTRAL X GAVEA (CIRCULAR),Fetranspor,49,17394953,"-22.9045","-43.1832"
158,158-CENTRAL X GAVEA (CIRCULAR),Fetranspor,50,17394953,"-22.9045","-43.1832"
158,158-CENTRAL X GAVEA (CIRCULAR),Fetranspor,51,17394953,"-22.9048","-43.1831"
158,158-CENTRAL X GAVEA (CIRCULAR),Fetranspor,52,17394953,"-22.9048","-43.1831"
158,158-CENTRAL X GAVEA (CIRCULAR),Fetranspor,53,17394953,"-22.905","-43.183"
158,158-CENTRAL X GAVEA (CIRCULAR),Fetranspor,54,17394953,"-22.9053","-43.1829"
158,158-CENTRAL X GAVEA (CIRCULAR),Fetranspor,55,17394953,"-22.9053","-43.1829"
158,158-CENTRAL X GAVEA (CIRCULAR),Fetranspor,56,17394953,"-22.9057","-43.1827"
158,158-CENTRAL X GAVEA (CIRCULAR),Fetranspor,57,17394953,"-22.9057","-43.1827"
158,158-CENTRAL X GAVEA (CIRCULAR),Fetranspor,58,17394953,"-22.9058","-43.1826"
158,158-CENTRAL X GAVEA (CIRCULAR),Fetranspor,59,17394953,"-22.9064","-43.1824"
158,158-CENTRAL X GAVEA (CIRCULAR),Fetranspor,60,17394953,"-22.9064","-43.1824"
158,158-CENTRAL X GAVEA (CIRCULAR),Fetranspor,61,17394953,"-22.9064","-43.1823"
158,158-CENTRAL X GAVEA (CIRCULAR),Fetranspor,62,17394953,"-22.9064","-43.1822"
158,158-CENTRAL X GAVEA (CIRCULAR),Fetranspor,63,17394953,"-22.9065","-43.1822"
158,158-CENTRAL X GAVEA (CIRCULAR),Fetranspor,64,17394953,"-22.9065","-43.1821"
158,158-CENTRAL X GAVEA (CIRCULAR),Fetranspor,65,17394953,"-22.9066","-43.1821"
158,158-CENTRAL X GAVEA (CIRCULAR),Fetranspor,66,17394953,"-22.9069","-43.182"
158,158-CENTRAL X GAVEA (CIRCULAR),Fetranspor,67,17394953,"-22.907","-43.1819"
158,158-CENTRAL X GAVEA (CIRCULAR),Fetranspor,68,17394953,"-22.907","-43.1819"
158,158-CENTRAL X GAVEA (CIRCULAR),Fetranspor,69,17394953,"-22.9073","-43.1818"
158,158-CENTRAL X GAVEA (CIRCULAR),Fetranspor,70,17394953,"-22.9074","-43.1817"
158,158-CENTRAL X GAVEA (CIRCULAR),Fetranspor,71,17394953,"-22.9074","-43.1817"
158,158-CENTRAL X GAVEA (CIRCULAR),Fetranspor,72,17394953,"-22.9074","-43.1817"
158,158-CENTRAL X GAVEA (CIRCULAR),Fetranspor,73,17394953,"-22.9074","-43.1813"
158,158-CENTRAL X GAVEA (CIRCULAR),Fetranspor,74,17394953,"-22.9075","-43.1811"
158,158-CENTRAL X GAVEA (CIRCULAR),Fetranspor,75,17394953,"-22.9075","-43.1811"
158,158-CENTRAL X GAVEA (CIRCULAR),Fetranspor,76,17394953,"-22.9075","-43.1811"
158,158-CENTRAL X GAVEA (CIRCULAR),Fetranspor,77,17394953,"-22.9076","-43.181"
158,158-CENTRAL X GAVEA (CIRCULAR),Fetranspor,78,17394953,"-22.9076","-43.1809"
158,158-CENTRAL X GAVEA (CIRCULAR),Fetranspor,79,17394953,"-22.9077","-43.1809"
158,158-CENTRAL X GAVEA (CIRCULAR),Fetranspor,80,17394953,"-22.9078","-43.1808"
158,158-CENTRAL X GAVEA (CIRCULAR),Fetranspor,81,17394953,"-22.908","-43.1808"
158,158-CENTRAL X GAVEA (CIRCULAR),Fetranspor,82,17394953,"-22.9084","-43.1806"
158,158-CENTRAL X GAVEA (CIRCULAR),Fetranspor,83,17394953,"-22.9084","-43.1806"
158,158-CENTRAL X GAVEA (CIRCULAR),Fetranspor,84,17394953,"-22.9091","-43.1803"
158,158-CENTRAL X GAVEA (CIRCULAR),Fetranspor,85,17394953,"-22.9091","-43.1803"
158,158-CENTRAL X GAVEA (CIRCULAR),Fetranspor,86,17394953,"-22.9092","-43.1803"
158,158-CENTRAL X GAVEA (CIRCULAR),Fetranspor,87,17394953,"-22.9092","-43.1803"
158,158-CENTRAL X GAVEA (CIRCULAR),Fetranspor,88,17394953,"-22.9094","-43.1802"
158,158-CENTRAL X GAVEA (CIRCULAR),Fetranspor,89,17394953,"-22.9094","-43.1802"
158,158-CENTRAL X GAVEA (CIRCULAR),Fetranspor,90,17394953,"-22.9109","-43.1797"
158,158-CENTRAL X GAVEA (CIRCULAR),Fetranspor,91,17394953,"-22.9109","-43.1797"
158,158-CENTRAL X GAVEA (CIRCULAR),Fetranspor,92,17394953,"-22.9123","-43.1792"
158,158-CENTRAL X GAVEA (CIRCULAR),Fetranspor,93,17394953,"-22.9123","-43.1792"
158,158-CENTRAL X GAVEA (CIRCULAR),Fetranspor,94,17394953,"-22.9122","-43.1791"
158,158-CENTRAL X GAVEA (CIRCULAR),Fetranspor,95,17394953,"-22.9122","-43.1791"
158,158-CENTRAL X GAVEA (CIRCULAR),Fetranspor,96,17394953,"-22.9122","-43.179"
158,158-CENTRAL X GAVEA (CIRCULAR),Fetranspor,97,17394953,"-22.9122","-43.1789"
158,158-CENTRAL X GAVEA (CIRCULAR),Fetranspor,98,17394953,"-22.9117","-43.1786"
158,158-CENTRAL X GAVEA (CIRCULAR),Fetranspor,99,17394953,"-22.9117","-43.1786"
158,158-CENTRAL X GAVEA (CIRCULAR),Fetranspor,100,17394953,"-22.9106","-43.1776"
158,158-CENTRAL X GAVEA (CIRCULAR),Fetranspor,101,17394953,"-22.9104","-43.1775"
158,158-CENTRAL X GAVEA (CIRCULAR),Fetranspor,102,17394953,"-22.9104","-43.1775"
158,158-CENTRAL X GAVEA (CIRCULAR),Fetranspor,103,17394953,"-22.9097","-43.1768"
158,158-CENTRAL X GAVEA (CIRCULAR),Fetranspor,104,17394953,"-22.9097","-43.1767"
158,158-CENTRAL X GAVEA (CIRCULAR),Fetranspor,105,17394953,"-22.9096","-43.1765"
158,158-CENTRAL X GAVEA (CIRCULAR),Fetranspor,106,17394953,"-22.9096","-43.1765"
158,158-CENTRAL X GAVEA (CIRCULAR),Fetranspor,107,17394953,"-22.9093","-43.1762"
158,158-CENTRAL X GAVEA (CIRCULAR),Fetranspor,108,17394953,"-22.9093","-43.1761"
158,158-CENTRAL X GAVEA (CIRCULAR),Fetranspor,109,17394953,"-22.9093","-43.1761"
158,158-CENTRAL X GAVEA (CIRCULAR),Fetranspor,110,17394953,"-22.9103","-43.1757"
158,158-CENTRAL X GAVEA (CIRCULAR),Fetranspor,111,17394953,"-22.9103","-43.1757"
158,158-CENTRAL X GAVEA (CIRCULAR),Fetranspor,112,17394953,"-22.9114","-43.1753"
158,158-CENTRAL X GAVEA (CIRCULAR),Fetranspor,113,17394953,"-22.9114","-43.1753"
158,158-CENTRAL X GAVEA (CIRCULAR),Fetranspor,114,17394953,"-22.912","-43.175"
158,158-CENTRAL X GAVEA (CIRCULAR),Fetranspor,115,17394953,"-22.912","-43.175"
158,158-CENTRAL X GAVEA (CIRCULAR),Fetranspor,116,17394953,"-22.9123","-43.1749"
158,158-CENTRAL X GAVEA (CIRCULAR),Fetranspor,117,17394953,"-22.9123","-43.1749"
158,158-CENTRAL X GAVEA (CIRCULAR),Fetranspor,118,17394953,"-22.9124","-43.1749"
158,158-CENTRAL X GAVEA (CIRCULAR),Fetranspor,119,17394953,"-22.9125","-43.1749"
158,158-CENTRAL X GAVEA (CIRCULAR),Fetranspor,120,17394953,"-22.9128","-43.1748"
158,158-CENTRAL X GAVEA (CIRCULAR),Fetranspor,121,17394953,"-22.9128","-43.1748"
158,158-CENTRAL X GAVEA (CIRCULAR),Fetranspor,122,17394953,"-22.9128","-43.1748"
158,158-CENTRAL X GAVEA (CIRCULAR),Fetranspor,123,17394953,"-22.9129","-43.1747"
158,158-CENTRAL X GAVEA (CIRCULAR),Fetranspor,124,17394953,"-22.9129","-43.1747"
158,158-CENTRAL X GAVEA (CIRCULAR),Fetranspor,125,17394953,"-22.9131","-43.1749"
158,158-CENTRAL X GAVEA (CIRCULAR),Fetranspor,126,17394953,"-22.9134","-43.1751"
158,158-CENTRAL X GAVEA (CIRCULAR),Fetranspor,127,17394953,"-22.9139","-43.1755"
158,158-CENTRAL X GAVEA (CIRCULAR),Fetranspor,128,17394953,"-22.9144","-43.1758"
158,158-CENTRAL X GAVEA (CIRCULAR),Fetranspor,129,17394953,"-22.9144","-43.1758"
158,158-CENTRAL X GAVEA (CIRCULAR),Fetranspor,130,17394953,"-22.9145","-43.1759"
158,158-CENTRAL X GAVEA (CIRCULAR),Fetranspor,131,17394953,"-22.9145","-43.1759"
158,158-CENTRAL X GAVEA (CIRCULAR),Fetranspor,132,17394953,"-22.9145","-43.1759"
158,158-CENTRAL X GAVEA (CIRCULAR),Fetranspor,133,17394953,"-22.9146","-43.176"
158,158-CENTRAL X GAVEA (CIRCULAR),Fetranspor,134,17394953,"-22.9149","-43.1761"
158,158-CENTRAL X GAVEA (CIRCULAR),Fetranspor,135,17394953,"-22.9151","-43.1761"
158,158-CENTRAL X GAVEA (CIRCULAR),Fetranspor,136,17394953,"-22.9174","-43.1765"
158,158-CENTRAL X GAVEA (CIRCULAR),Fetranspor,137,17394953,"-22.9181","-43.1766"
158,158-CENTRAL X GAVEA (CIRCULAR),Fetranspor,138,17394953,"-22.9182","-43.1766"
158,158-CENTRAL X GAVEA (CIRCULAR),Fetranspor,139,17394953,"-22.9184","-43.1766"
158,158-CENTRAL X GAVEA (CIRCULAR),Fetranspor,140,17394953,"-22.9185","-43.1765"
158,158-CENTRAL X GAVEA (CIRCULAR),Fetranspor,141,17394953,"-22.9186","-43.1765"
158,158-CENTRAL X GAVEA (CIRCULAR),Fetranspor,142,17394953,"-22.9187","-43.1764"
158,158-CENTRAL X GAVEA (CIRCULAR),Fetranspor,143,17394953,"-22.9189","-43.1763"
158,158-CENTRAL X GAVEA (CIRCULAR),Fetranspor,144,17394953,"-22.9193","-43.1758"
158,158-CENTRAL X GAVEA (CIRCULAR),Fetranspor,145,17394953,"-22.9193","-43.1758"
158,158-CENTRAL X GAVEA (CIRCULAR),Fetranspor,146,17394953,"-22.9197","-43.1753"
158,158-CENTRAL X GAVEA (CIRCULAR),Fetranspor,147,17394953,"-22.92","-43.1749"
158,158-CENTRAL X GAVEA (CIRCULAR),Fetranspor,148,17394953,"-22.9203","-43.1746"
158,158-CENTRAL X GAVEA (CIRCULAR),Fetranspor,149,17394953,"-22.9204","-43.1745"
158,158-CENTRAL X GAVEA (CIRCULAR),Fetranspor,150,17394953,"-22.9205","-43.1745"
158,158-CENTRAL X GAVEA (CIRCULAR),Fetranspor,151,17394953,"-22.9205","-43.1745"
158,158-CENTRAL X GAVEA (CIRCULAR),Fetranspor,152,17394953,"-22.9211","-43.1738"
158,158-CENTRAL X GAVEA (CIRCULAR),Fetranspor,153,17394953,"-22.9214","-43.1733"
158,158-CENTRAL X GAVEA (CIRCULAR),Fetranspor,154,17394953,"-22.9216","-43.1731"
158,158-CENTRAL X GAVEA (CIRCULAR),Fetranspor,155,17394953,"-22.9218","-43.1729"
158,158-CENTRAL X GAVEA (CIRCULAR),Fetranspor,156,17394953,"-22.9221","-43.1727"
158,158-CENTRAL X GAVEA (CIRCULAR),Fetranspor,157,17394953,"-22.9223","-43.1726"
158,158-CENTRAL X GAVEA (CIRCULAR),Fetranspor,158,17394953,"-22.9226","-43.1725"
158,158-CENTRAL X GAVEA (CIRCULAR),Fetranspor,159,17394953,"-22.9228","-43.1724"
158,158-CENTRAL X GAVEA (CIRCULAR),Fetranspor,160,17394953,"-22.923","-43.1724"
158,158-CENTRAL X GAVEA (CIRCULAR),Fetranspor,161,17394953,"-22.9232","-43.1724"
158,158-CENTRAL X GAVEA (CIRCULAR),Fetranspor,162,17394953,"-22.9235","-43.1724"
158,158-CENTRAL X GAVEA (CIRCULAR),Fetranspor,163,17394953,"-22.9237","-43.1724"
158,158-CENTRAL X GAVEA (CIRCULAR),Fetranspor,164,17394953,"-22.924","-43.1725"
158,158-CENTRAL X GAVEA (CIRCULAR),Fetranspor,165,17394953,"-22.9244","-43.1726"
158,158-CENTRAL X GAVEA (CIRCULAR),Fetranspor,166,17394953,"-22.9254","-43.1729"
158,158-CENTRAL X GAVEA (CIRCULAR),Fetranspor,167,17394953,"-22.9254","-43.1729"
158,158-CENTRAL X GAVEA (CIRCULAR),Fetranspor,168,17394953,"-22.926","-43.1731"
158,158-CENTRAL X GAVEA (CIRCULAR),Fetranspor,169,17394953,"-22.9277","-43.1736"
158,158-CENTRAL X GAVEA (CIRCULAR),Fetranspor,170,17394953,"-22.9277","-43.1736"
158,158-CENTRAL X GAVEA (CIRCULAR),Fetranspor,171,17394953,"-22.9292","-43.1741"
158,158-CENTRAL X GAVEA (CIRCULAR),Fetranspor,172,17394953,"-22.9294","-43.1741"
158,158-CENTRAL X GAVEA (CIRCULAR),Fetranspor,173,17394953,"-22.9296","-43.1742"
158,158-CENTRAL X GAVEA (CIRCULAR),Fetranspor,174,17394953,"-22.9301","-43.1742"
158,158-CENTRAL X GAVEA (CIRCULAR),Fetranspor,175,17394953,"-22.9301","-43.1742"
158,158-CENTRAL X GAVEA (CIRCULAR),Fetranspor,176,17394953,"-22.9309","-43.1743"
158,158-CENTRAL X GAVEA (CIRCULAR),Fetranspor,177,17394953,"-22.9309","-43.1743"
158,158-CENTRAL X GAVEA (CIRCULAR),Fetranspor,178,17394953,"-22.9318","-43.1744"
158,158-CENTRAL X GAVEA (CIRCULAR),Fetranspor,179,17394953,"-22.9327","-43.1745"
158,158-CENTRAL X GAVEA (CIRCULAR),Fetranspor,180,17394953,"-22.9332","-43.1745"
158,158-CENTRAL X GAVEA (CIRCULAR),Fetranspor,181,17394953,"-22.9332","-43.1745"
158,158-CENTRAL X GAVEA (CIRCULAR),Fetranspor,182,17394953,"-22.9334","-43.1745"
158,158-CENTRAL X GAVEA (CIRCULAR),Fetranspor,183,17394953,"-22.9349","-43.1743"
158,158-CENTRAL X GAVEA (CIRCULAR),Fetranspor,184,17394953,"-22.9352","-43.1742"
158,158-CENTRAL X GAVEA (CIRCULAR),Fetranspor,185,17394953,"-22.9352","-43.1742"
158,158-CENTRAL X GAVEA (CIRCULAR),Fetranspor,186,17394953,"-22.9373","-43.1739"
158,158-CENTRAL X GAVEA (CIRCULAR),Fetranspor,187,17394953,"-22.9373","-43.1739"
158,158-CENTRAL X GAVEA (CIRCULAR),Fetranspor,188,17394953,"-22.9379","-43.1738"
158,158-CENTRAL X GAVEA (CIRCULAR),Fetranspor,189,17394953,"-22.9382","-43.1737"
158,158-CENTRAL X GAVEA (CIRCULAR),Fetranspor,190,17394953,"-22.9382","-43.1737"
158,158-CENTRAL X GAVEA (CIRCULAR),Fetranspor,191,17394953,"-22.9384","-43.1737"
158,158-CENTRAL X GAVEA (CIRCULAR),Fetranspor,192,17394953,"-22.9385","-43.1737"
158,158-CENTRAL X GAVEA (CIRCULAR),Fetranspor,193,17394953,"-22.9386","-43.1737"
158,158-CENTRAL X GAVEA (CIRCULAR),Fetranspor,194,17394953,"-22.9387","-43.1738"
158,158-CENTRAL X GAVEA (CIRCULAR),Fetranspor,195,17394953,"-22.9387","-43.1738"
158,158-CENTRAL X GAVEA (CIRCULAR),Fetranspor,196,17394953,"-22.9388","-43.174"
158,158-CENTRAL X GAVEA (CIRCULAR),Fetranspor,197,17394953,"-22.9389","-43.1741"
158,158-CENTRAL X GAVEA (CIRCULAR),Fetranspor,198,17394953,"-22.9389","-43.1741"
158,158-CENTRAL X GAVEA (CIRCULAR),Fetranspor,199,17394953,"-22.9393","-43.1745"
158,158-CENTRAL X GAVEA (CIRCULAR),Fetranspor,200,17394953,"-22.9393","-43.1745"
158,158-CENTRAL X GAVEA (CIRCULAR),Fetranspor,201,17394953,"-22.9398","-43.1751"
158,158-CENTRAL X GAVEA (CIRCULAR),Fetranspor,202,17394953,"-22.9398","-43.1751"
158,158-CENTRAL X GAVEA (CIRCULAR),Fetranspor,203,17394953,"-22.9405","-43.176"
158,158-CENTRAL X GAVEA (CIRCULAR),Fetranspor,204,17394953,"-22.9405","-43.176"
158,158-CENTRAL X GAVEA (CIRCULAR),Fetranspor,205,17394953,"-22.9411","-43.1766"
158,158-CENTRAL X GAVEA (CIRCULAR),Fetranspor,206,17394953,"-22.9411","-43.1767"
158,158-CENTRAL X GAVEA (CIRCULAR),Fetranspor,207,17394953,"-22.9412","-43.1767"
158,158-CENTRAL X GAVEA (CIRCULAR),Fetranspor,208,17394953,"-22.9412","-43.1767"
158,158-CENTRAL X GAVEA (CIRCULAR),Fetranspor,209,17394953,"-22.9412","-43.1769"
158,158-CENTRAL X GAVEA (CIRCULAR),Fetranspor,210,17394953,"-22.9411","-43.177"
158,158-CENTRAL X GAVEA (CIRCULAR),Fetranspor,211,17394953,"-22.9409","-43.1776"
158,158-CENTRAL X GAVEA (CIRCULAR),Fetranspor,212,17394953,"-22.9409","-43.1776"
158,158-CENTRAL X GAVEA (CIRCULAR),Fetranspor,213,17394953,"-22.941","-43.1785"
158,158-CENTRAL X GAVEA (CIRCULAR),Fetranspor,214,17394953,"-22.941","-43.1786"
158,158-CENTRAL X GAVEA (CIRCULAR),Fetranspor,215,17394953,"-22.9411","-43.1788"
158,158-CENTRAL X GAVEA (CIRCULAR),Fetranspor,216,17394953,"-22.9411","-43.1788"
158,158-CENTRAL X GAVEA (CIRCULAR),Fetranspor,217,17394953,"-22.9411","-43.1789"
158,158-CENTRAL X GAVEA (CIRCULAR),Fetranspor,218,17394953,"-22.9412","-43.1791"
158,158-CENTRAL X GAVEA (CIRCULAR),Fetranspor,219,17394953,"-22.9412","-43.1791"
158,158-CENTRAL X GAVEA (CIRCULAR),Fetranspor,220,17394953,"-22.9416","-43.1798"
158,158-CENTRAL X GAVEA (CIRCULAR),Fetranspor,221,17394953,"-22.9419","-43.1802"
158,158-CENTRAL X GAVEA (CIRCULAR),Fetranspor,222,17394953,"-22.9419","-43.1802"
158,158-CENTRAL X GAVEA (CIRCULAR),Fetranspor,223,17394953,"-22.942","-43.1803"
158,158-CENTRAL X GAVEA (CIRCULAR),Fetranspor,224,17394953,"-22.9422","-43.1806"
158,158-CENTRAL X GAVEA (CIRCULAR),Fetranspor,225,17394953,"-22.9422","-43.1806"
158,158-CENTRAL X GAVEA (CIRCULAR),Fetranspor,226,17394953,"-22.9424","-43.1809"
158,158-CENTRAL X GAVEA (CIRCULAR),Fetranspor,227,17394953,"-22.9427","-43.1812"
158,158-CENTRAL X GAVEA (CIRCULAR),Fetranspor,228,17394953,"-22.9428","-43.1812"
158,158-CENTRAL X GAVEA (CIRCULAR),Fetranspor,229,17394953,"-22.943","-43.1814"
158,158-CENTRAL X GAVEA (CIRCULAR),Fetranspor,230,17394953,"-22.9434","-43.1817"
158,158-CENTRAL X GAVEA (CIRCULAR),Fetranspor,231,17394953,"-22.9435","-43.1817"
158,158-CENTRAL X GAVEA (CIRCULAR),Fetranspor,232,17394953,"-22.9435","-43.1817"
158,158-CENTRAL X GAVEA (CIRCULAR),Fetranspor,233,17394953,"-22.9436","-43.1818"
158,158-CENTRAL X GAVEA (CIRCULAR),Fetranspor,234,17394953,"-22.9438","-43.1819"
158,158-CENTRAL X GAVEA (CIRCULAR),Fetranspor,235,17394953,"-22.9443","-43.1821"
158,158-CENTRAL X GAVEA (CIRCULAR),Fetranspor,236,17394953,"-22.9443","-43.1821"
158,158-CENTRAL X GAVEA (CIRCULAR),Fetranspor,237,17394953,"-22.9449","-43.1823"
158,158-CENTRAL X GAVEA (CIRCULAR),Fetranspor,238,17394953,"-22.9454","-43.1825"
158,158-CENTRAL X GAVEA (CIRCULAR),Fetranspor,239,17394953,"-22.946","-43.1826"
158,158-CENTRAL X GAVEA (CIRCULAR),Fetranspor,240,17394953,"-22.946","-43.1826"
158,158-CENTRAL X GAVEA (CIRCULAR),Fetranspor,241,17394953,"-22.9463","-43.1826"
158,158-CENTRAL X GAVEA (CIRCULAR),Fetranspor,242,17394953,"-22.9469","-43.1826"
158,158-CENTRAL X GAVEA (CIRCULAR),Fetranspor,243,17394953,"-22.9476","-43.1825"
158,158-CENTRAL X GAVEA (CIRCULAR),Fetranspor,244,17394953,"-22.9476","-43.1825"
158,158-CENTRAL X GAVEA (CIRCULAR),Fetranspor,245,17394953,"-22.9479","-43.1824"
158,158-CENTRAL X GAVEA (CIRCULAR),Fetranspor,246,17394953,"-22.9479","-43.1824"
158,158-CENTRAL X GAVEA (CIRCULAR),Fetranspor,247,17394953,"-22.948","-43.1825"
158,158-CENTRAL X GAVEA (CIRCULAR),Fetranspor,248,17394953,"-22.948","-43.1825"
158,158-CENTRAL X GAVEA (CIRCULAR),Fetranspor,249,17394953,"-22.9481","-43.1826"
158,158-CENTRAL X GAVEA (CIRCULAR),Fetranspor,250,17394953,"-22.9481","-43.1826"
158,158-CENTRAL X GAVEA (CIRCULAR),Fetranspor,251,17394953,"-22.9487","-43.1825"
158,158-CENTRAL X GAVEA (CIRCULAR),Fetranspor,252,17394953,"-22.9489","-43.1825"
158,158-CENTRAL X GAVEA (CIRCULAR),Fetranspor,253,17394953,"-22.9489","-43.1825"
158,158-CENTRAL X GAVEA (CIRCULAR),Fetranspor,254,17394953,"-22.9491","-43.1827"
158,158-CENTRAL X GAVEA (CIRCULAR),Fetranspor,255,17394953,"-22.9491","-43.1827"
158,158-CENTRAL X GAVEA (CIRCULAR),Fetranspor,256,17394953,"-22.9493","-43.1842"
158,158-CENTRAL X GAVEA (CIRCULAR),Fetranspor,257,17394953,"-22.9493","-43.1842"
158,158-CENTRAL X GAVEA (CIRCULAR),Fetranspor,258,17394953,"-22.9493","-43.185"
158,158-CENTRAL X GAVEA (CIRCULAR),Fetranspor,259,17394953,"-22.9493","-43.185"
158,158-CENTRAL X GAVEA (CIRCULAR),Fetranspor,260,17394953,"-22.9494","-43.1854"
158,158-CENTRAL X GAVEA (CIRCULAR),Fetranspor,261,17394953,"-22.9494","-43.1854"
158,158-CENTRAL X GAVEA (CIRCULAR),Fetranspor,262,17394953,"-22.9494","-43.1857"
158,158-CENTRAL X GAVEA (CIRCULAR),Fetranspor,263,17394953,"-22.9494","-43.1857"
158,158-CENTRAL X GAVEA (CIRCULAR),Fetranspor,264,17394953,"-22.9494","-43.1858"
158,158-CENTRAL X GAVEA (CIRCULAR),Fetranspor,265,17394953,"-22.9494","-43.1858"
158,158-CENTRAL X GAVEA (CIRCULAR),Fetranspor,266,17394953,"-22.9494","-43.1866"
158,158-CENTRAL X GAVEA (CIRCULAR),Fetranspor,267,17394953,"-22.9494","-43.1866"
158,158-CENTRAL X GAVEA (CIRCULAR),Fetranspor,268,17394953,"-22.9495","-43.187"
158,158-CENTRAL X GAVEA (CIRCULAR),Fetranspor,269,17394953,"-22.9495","-43.187"
158,158-CENTRAL X GAVEA (CIRCULAR),Fetranspor,270,17394953,"-22.9495","-43.1874"
158,158-CENTRAL X GAVEA (CIRCULAR),Fetranspor,271,17394953,"-22.9495","-43.1874"
158,158-CENTRAL X GAVEA (CIRCULAR),Fetranspor,272,17394953,"-22.9495","-43.1878"
158,158-CENTRAL X GAVEA (CIRCULAR),Fetranspor,273,17394953,"-22.9495","-43.1878"
158,158-CENTRAL X GAVEA (CIRCULAR),Fetranspor,274,17394953,"-22.9495","-43.1879"
158,158-CENTRAL X GAVEA (CIRCULAR),Fetranspor,275,17394953,"-22.9495","-43.1879"
158,158-CENTRAL X GAVEA (CIRCULAR),Fetranspor,276,17394953,"-22.9495","-43.1883"
158,158-CENTRAL X GAVEA (CIRCULAR),Fetranspor,277,17394953,"-22.9495","-43.1888"
158,158-CENTRAL X GAVEA (CIRCULAR),Fetranspor,278,17394953,"-22.9495","-43.1888"
158,158-CENTRAL X GAVEA (CIRCULAR),Fetranspor,279,17394953,"-22.9496","-43.1893"
158,158-CENTRAL X GAVEA (CIRCULAR),Fetranspor,280,17394953,"-22.9497","-43.1898"
158,158-CENTRAL X GAVEA (CIRCULAR),Fetranspor,281,17394953,"-22.9497","-43.1898"
158,158-CENTRAL X GAVEA (CIRCULAR),Fetranspor,282,17394953,"-22.9499","-43.1904"
158,158-CENTRAL X GAVEA (CIRCULAR),Fetranspor,283,17394953,"-22.9499","-43.1904"
158,158-CENTRAL X GAVEA (CIRCULAR),Fetranspor,284,17394953,"-22.9499","-43.1907"
158,158-CENTRAL X GAVEA (CIRCULAR),Fetranspor,285,17394953,"-22.95","-43.1911"
158,158-CENTRAL X GAVEA (CIRCULAR),Fetranspor,286,17394953,"-22.95","-43.1911"
158,158-CENTRAL X GAVEA (CIRCULAR),Fetranspor,287,17394953,"-22.9502","-43.1919"
158,158-CENTRAL X GAVEA (CIRCULAR),Fetranspor,288,17394953,"-22.9503","-43.192"
158,158-CENTRAL X GAVEA (CIRCULAR),Fetranspor,289,17394953,"-22.9503","-43.192"
158,158-CENTRAL X GAVEA (CIRCULAR),Fetranspor,290,17394953,"-22.9503","-43.1923"
158,158-CENTRAL X GAVEA (CIRCULAR),Fetranspor,291,17394953,"-22.9503","-43.1923"
158,158-CENTRAL X GAVEA (CIRCULAR),Fetranspor,292,17394953,"-22.9505","-43.1928"
158,158-CENTRAL X GAVEA (CIRCULAR),Fetranspor,293,17394953,"-22.9505","-43.1928"
158,158-CENTRAL X GAVEA (CIRCULAR),Fetranspor,294,17394953,"-22.9505","-43.1929"
158,158-CENTRAL X GAVEA (CIRCULAR),Fetranspor,295,17394953,"-22.9505","-43.1929"
158,158-CENTRAL X GAVEA (CIRCULAR),Fetranspor,296,17394953,"-22.9506","-43.1931"
158,158-CENTRAL X GAVEA (CIRCULAR),Fetranspor,297,17394953,"-22.9509","-43.1937"
158,158-CENTRAL X GAVEA (CIRCULAR),Fetranspor,298,17394953,"-22.9509","-43.1937"
158,158-CENTRAL X GAVEA (CIRCULAR),Fetranspor,299,17394953,"-22.951","-43.194"
158,158-CENTRAL X GAVEA (CIRCULAR),Fetranspor,300,17394953,"-22.951","-43.194"
158,158-CENTRAL X GAVEA (CIRCULAR),Fetranspor,301,17394953,"-22.9513","-43.1945"
158,158-CENTRAL X GAVEA (CIRCULAR),Fetranspor,302,17394953,"-22.9516","-43.1951"
158,158-CENTRAL X GAVEA (CIRCULAR),Fetranspor,303,17394953,"-22.9518","-43.1954"
158,158-CENTRAL X GAVEA (CIRCULAR),Fetranspor,304,17394953,"-22.952","-43.1957"
158,158-CENTRAL X GAVEA (CIRCULAR),Fetranspor,305,17394953,"-22.952","-43.1957"
158,158-CENTRAL X GAVEA (CIRCULAR),Fetranspor,306,17394953,"-22.9524","-43.1962"
158,158-CENTRAL X GAVEA (CIRCULAR),Fetranspor,307,17394953,"-22.9525","-43.1963"
158,158-CENTRAL X GAVEA (CIRCULAR),Fetranspor,308,17394953,"-22.9525","-43.1963"
158,158-CENTRAL X GAVEA (CIRCULAR),Fetranspor,309,17394953,"-22.9527","-43.1964"
158,158-CENTRAL X GAVEA (CIRCULAR),Fetranspor,310,17394953,"-22.9527","-43.1964"
158,158-CENTRAL X GAVEA (CIRCULAR),Fetranspor,311,17394953,"-22.9537","-43.197"
158,158-CENTRAL X GAVEA (CIRCULAR),Fetranspor,312,17394953,"-22.9537","-43.197"
158,158-CENTRAL X GAVEA (CIRCULAR),Fetranspor,313,17394953,"-22.954","-43.1971"
158,158-CENTRAL X GAVEA (CIRCULAR),Fetranspor,314,17394953,"-22.954","-43.1971"
158,158-CENTRAL X GAVEA (CIRCULAR),Fetranspor,315,17394953,"-22.9544","-43.1974"
158,158-CENTRAL X GAVEA (CIRCULAR),Fetranspor,316,17394953,"-22.9547","-43.1976"
158,158-CENTRAL X GAVEA (CIRCULAR),Fetranspor,317,17394953,"-22.9547","-43.1976"
158,158-CENTRAL X GAVEA (CIRCULAR),Fetranspor,318,17394953,"-22.955","-43.1978"
158,158-CENTRAL X GAVEA (CIRCULAR),Fetranspor,319,17394953,"-22.955","-43.1978"
158,158-CENTRAL X GAVEA (CIRCULAR),Fetranspor,320,17394953,"-22.9553","-43.198"
158,158-CENTRAL X GAVEA (CIRCULAR),Fetranspor,321,17394953,"-22.9556","-43.1981"
158,158-CENTRAL X GAVEA (CIRCULAR),Fetranspor,322,17394953,"-22.9556","-43.1981"
158,158-CENTRAL X GAVEA (CIRCULAR),Fetranspor,323,17394953,"-22.9556","-43.1981"
158,158-CENTRAL X GAVEA (CIRCULAR),Fetranspor,324,17394953,"-22.9556","-43.1981"
158,158-CENTRAL X GAVEA (CIRCULAR),Fetranspor,325,17394953,"-22.9564","-43.1985"
158,158-CENTRAL X GAVEA (CIRCULAR),Fetranspor,326,17394953,"-22.9564","-43.1985"
158,158-CENTRAL X GAVEA (CIRCULAR),Fetranspor,327,17394953,"-22.9565","-43.1986"
158,158-CENTRAL X GAVEA (CIRCULAR),Fetranspor,328,17394953,"-22.9565","-43.1986"
158,158-CENTRAL X GAVEA (CIRCULAR),Fetranspor,329,17394953,"-22.9568","-43.1987"
158,158-CENTRAL X GAVEA (CIRCULAR),Fetranspor,330,17394953,"-22.9572","-43.199"
158,158-CENTRAL X GAVEA (CIRCULAR),Fetranspor,331,17394953,"-22.9572","-43.199"
158,158-CENTRAL X GAVEA (CIRCULAR),Fetranspor,332,17394953,"-22.9577","-43.1993"
158,158-CENTRAL X GAVEA (CIRCULAR),Fetranspor,333,17394953,"-22.9577","-43.1993"
158,158-CENTRAL X GAVEA (CIRCULAR),Fetranspor,334,17394953,"-22.9581","-43.1997"
158,158-CENTRAL X GAVEA (CIRCULAR),Fetranspor,335,17394953,"-22.9581","-43.1997"
158,158-CENTRAL X GAVEA (CIRCULAR),Fetranspor,336,17394953,"-22.9585","-43.1999"
158,158-CENTRAL X GAVEA (CIRCULAR),Fetranspor,337,17394953,"-22.9587","-43.2001"
158,158-CENTRAL X GAVEA (CIRCULAR),Fetranspor,338,17394953,"-22.9587","-43.2001"
158,158-CENTRAL X GAVEA (CIRCULAR),Fetranspor,339,17394953,"-22.9587","-43.2002"
158,158-CENTRAL X GAVEA (CIRCULAR),Fetranspor,340,17394953,"-22.9588","-43.2003"
158,158-CENTRAL X GAVEA (CIRCULAR),Fetranspor,341,17394953,"-22.9593","-43.2013"
158,158-CENTRAL X GAVEA (CIRCULAR),Fetranspor,342,17394953,"-22.9593","-43.2013"
158,158-CENTRAL X GAVEA (CIRCULAR),Fetranspor,343,17394953,"-22.9597","-43.2019"
158,158-CENTRAL X GAVEA (CIRCULAR),Fetranspor,344,17394953,"-22.9599","-43.2024"
158,158-CENTRAL X GAVEA (CIRCULAR),Fetranspor,345,17394953,"-22.96","-43.2026"
158,158-CENTRAL X GAVEA (CIRCULAR),Fetranspor,346,17394953,"-22.9601","-43.2029"
158,158-CENTRAL X GAVEA (CIRCULAR),Fetranspor,347,17394953,"-22.9601","-43.2029"
158,158-CENTRAL X GAVEA (CIRCULAR),Fetranspor,348,17394953,"-22.9601","-43.2032"
158,158-CENTRAL X GAVEA (CIRCULAR),Fetranspor,349,17394953,"-22.9601","-43.2035"
158,158-CENTRAL X GAVEA (CIRCULAR),Fetranspor,350,17394953,"-22.9601","-43.2035"
158,158-CENTRAL X GAVEA (CIRCULAR),Fetranspor,351,17394953,"-22.9602","-43.204"
158,158-CENTRAL X GAVEA (CIRCULAR),Fetranspor,352,17394953,"-22.9602","-43.204"
158,158-CENTRAL X GAVEA (CIRCULAR),Fetranspor,353,17394953,"-22.9602","-43.2042"
158,158-CENTRAL X GAVEA (CIRCULAR),Fetranspor,354,17394953,"-22.9602","-43.2042"
158,158-CENTRAL X GAVEA (CIRCULAR),Fetranspor,355,17394953,"-22.9602","-43.2043"
158,158-CENTRAL X GAVEA (CIRCULAR),Fetranspor,356,17394953,"-22.9602","-43.2043"
158,158-CENTRAL X GAVEA (CIRCULAR),Fetranspor,357,17394953,"-22.9603","-43.2043"
158,158-CENTRAL X GAVEA (CIRCULAR),Fetranspor,358,17394953,"-22.9603","-43.2043"
158,158-CENTRAL X GAVEA (CIRCULAR),Fetranspor,359,17394953,"-22.9603","-43.2051"
158,158-CENTRAL X GAVEA (CIRCULAR),Fetranspor,360,17394953,"-22.9603","-43.2051"
158,158-CENTRAL X GAVEA (CIRCULAR),Fetranspor,361,17394953,"-22.9604","-43.206"
158,158-CENTRAL X GAVEA (CIRCULAR),Fetranspor,362,17394953,"-22.9604","-43.206"
158,158-CENTRAL X GAVEA (CIRCULAR),Fetranspor,363,17394953,"-22.9605","-43.2065"
158,158-CENTRAL X GAVEA (CIRCULAR),Fetranspor,364,17394953,"-22.9605","-43.2065"
158,158-CENTRAL X GAVEA (CIRCULAR),Fetranspor,365,17394953,"-22.9606","-43.207"
158,158-CENTRAL X GAVEA (CIRCULAR),Fetranspor,366,17394953,"-22.9606","-43.207"
158,158-CENTRAL X GAVEA (CIRCULAR),Fetranspor,367,17394953,"-22.9607","-43.208"
158,158-CENTRAL X GAVEA (CIRCULAR),Fetranspor,368,17394953,"-22.9607","-43.208"
158,158-CENTRAL X GAVEA (CIRCULAR),Fetranspor,369,17394953,"-22.9607","-43.2088"
158,158-CENTRAL X GAVEA (CIRCULAR),Fetranspor,370,17394953,"-22.9607","-43.2088"
158,158-CENTRAL X GAVEA (CIRCULAR),Fetranspor,371,17394953,"-22.9608","-43.2095"
158,158-CENTRAL X GAVEA (CIRCULAR),Fetranspor,372,17394953,"-22.9609","-43.2101"
158,158-CENTRAL X GAVEA (CIRCULAR),Fetranspor,373,17394953,"-22.9609","-43.2101"
158,158-CENTRAL X GAVEA (CIRCULAR),Fetranspor,374,17394953,"-22.961","-43.2116"
158,158-CENTRAL X GAVEA (CIRCULAR),Fetranspor,375,17394953,"-22.961","-43.2116"
158,158-CENTRAL X GAVEA (CIRCULAR),Fetranspor,376,17394953,"-22.9612","-43.2127"
158,158-CENTRAL X GAVEA (CIRCULAR),Fetranspor,377,17394953,"-22.9612","-43.2127"
158,158-CENTRAL X GAVEA (CIRCULAR),Fetranspor,378,17394953,"-22.9613","-43.2136"
158,158-CENTRAL X GAVEA (CIRCULAR),Fetranspor,379,17394953,"-22.9613","-43.2136"
158,158-CENTRAL X GAVEA (CIRCULAR),Fetranspor,380,17394953,"-22.9614","-43.214"
158,158-CENTRAL X GAVEA (CIRCULAR),Fetranspor,381,17394953,"-22.9614","-43.2142"
158,158-CENTRAL X GAVEA (CIRCULAR),Fetranspor,382,17394953,"-22.9614","-43.2143"
158,158-CENTRAL X GAVEA (CIRCULAR),Fetranspor,383,17394953,"-22.9614","-43.2143"
158,158-CENTRAL X GAVEA (CIRCULAR),Fetranspor,384,17394953,"-22.9615","-43.2144"
158,158-CENTRAL X GAVEA (CIRCULAR),Fetranspor,385,17394953,"-22.9616","-43.2145"
158,158-CENTRAL X GAVEA (CIRCULAR),Fetranspor,386,17394953,"-22.9616","-43.2147"
158,158-CENTRAL X GAVEA (CIRCULAR),Fetranspor,387,17394953,"-22.9617","-43.2149"
158,158-CENTRAL X GAVEA (CIRCULAR),Fetranspor,388,17394953,"-22.9617","-43.2149"
158,158-CENTRAL X GAVEA (CIRCULAR),Fetranspor,389,17394953,"-22.9618","-43.2151"
158,158-CENTRAL X GAVEA (CIRCULAR),Fetranspor,390,17394953,"-22.9619","-43.2153"
158,158-CENTRAL X GAVEA (CIRCULAR),Fetranspor,391,17394953,"-22.962","-43.2154"
158,158-CENTRAL X GAVEA (CIRCULAR),Fetranspor,392,17394953,"-22.962","-43.2154"
158,158-CENTRAL X GAVEA (CIRCULAR),Fetranspor,393,17394953,"-22.9622","-43.2155"
158,158-CENTRAL X GAVEA (CIRCULAR),Fetranspor,394,17394953,"-22.9625","-43.2159"
158,158-CENTRAL X GAVEA (CIRCULAR),Fetranspor,395,17394953,"-22.9625","-43.2159"
158,158-CENTRAL X GAVEA (CIRCULAR),Fetranspor,396,17394953,"-22.963","-43.2164"
158,158-CENTRAL X GAVEA (CIRCULAR),Fetranspor,397,17394953,"-22.963","-43.2164"
158,158-CENTRAL X GAVEA (CIRCULAR),Fetranspor,398,17394953,"-22.9634","-43.2167"
158,158-CENTRAL X GAVEA (CIRCULAR),Fetranspor,399,17394953,"-22.9634","-43.2167"
158,158-CENTRAL X GAVEA (CIRCULAR),Fetranspor,400,17394953,"-22.9636","-43.2169"
158,158-CENTRAL X GAVEA (CIRCULAR),Fetranspor,401,17394953,"-22.9636","-43.2169"
158,158-CENTRAL X GAVEA (CIRCULAR),Fetranspor,402,17394953,"-22.9641","-43.2174"
158,158-CENTRAL X GAVEA (CIRCULAR),Fetranspor,403,17394953,"-22.9641","-43.2174"
158,158-CENTRAL X GAVEA (CIRCULAR),Fetranspor,404,17394953,"-22.9642","-43.2175"
158,158-CENTRAL X GAVEA (CIRCULAR),Fetranspor,405,17394953,"-22.9642","-43.2175"
158,158-CENTRAL X GAVEA (CIRCULAR),Fetranspor,406,17394953,"-22.9642","-43.2175"
158,158-CENTRAL X GAVEA (CIRCULAR),Fetranspor,407,17394953,"-22.9642","-43.2175"
158,158-CENTRAL X GAVEA (CIRCULAR),Fetranspor,408,17394953,"-22.9648","-43.218"
158,158-CENTRAL X GAVEA (CIRCULAR),Fetranspor,409,17394953,"-22.9653","-43.2186"
158,158-CENTRAL X GAVEA (CIRCULAR),Fetranspor,410,17394953,"-22.9653","-43.2186"
158,158-CENTRAL X GAVEA (CIRCULAR),Fetranspor,411,17394953,"-22.9664","-43.2194"
158,158-CENTRAL X GAVEA (CIRCULAR),Fetranspor,412,17394953,"-22.9664","-43.2194"
158,158-CENTRAL X GAVEA (CIRCULAR),Fetranspor,413,17394953,"-22.9664","-43.2194"
158,158-CENTRAL X GAVEA (CIRCULAR),Fetranspor,414,17394953,"-22.9664","-43.2194"
158,158-CENTRAL X GAVEA (CIRCULAR),Fetranspor,415,17394953,"-22.9665","-43.2195"
158,158-CENTRAL X GAVEA (CIRCULAR),Fetranspor,416,17394953,"-22.9665","-43.2195"
158,158-CENTRAL X GAVEA (CIRCULAR),Fetranspor,417,17394953,"-22.9698","-43.2222"
158,158-CENTRAL X GAVEA (CIRCULAR),Fetranspor,418,17394953,"-22.9723","-43.2244"
158,158-CENTRAL X GAVEA (CIRCULAR),Fetranspor,419,17394953,"-22.9724","-43.2245"
158,158-CENTRAL X GAVEA (CIRCULAR),Fetranspor,420,17394953,"-22.9724","-43.2245"
158,158-CENTRAL X GAVEA (CIRCULAR),Fetranspor,421,17394953,"-22.9727","-43.2249"
158,158-CENTRAL X GAVEA (CIRCULAR),Fetranspor,422,17394953,"-22.9731","-43.2253"
158,158-CENTRAL X GAVEA (CIRCULAR),Fetranspor,423,17394953,"-22.9731","-43.2253"
158,158-CENTRAL X GAVEA (CIRCULAR),Fetranspor,424,17394953,"-22.9734","-43.2256"
158,158-CENTRAL X GAVEA (CIRCULAR),Fetranspor,425,17394953,"-22.9738","-43.226"
158,158-CENTRAL X GAVEA (CIRCULAR),Fetranspor,426,17394953,"-22.9742","-43.2262"
158,158-CENTRAL X GAVEA (CIRCULAR),Fetranspor,427,17394953,"-22.9742","-43.2262"
158,158-CENTRAL X GAVEA (CIRCULAR),Fetranspor,428,17394953,"-22.9743","-43.2262"
158,158-CENTRAL X GAVEA (CIRCULAR),Fetranspor,429,17394953,"-22.9745","-43.2264"
158,158-CENTRAL X GAVEA (CIRCULAR),Fetranspor,430,17394953,"-22.9747","-43.2266"
158,158-CENTRAL X GAVEA (CIRCULAR),Fetranspor,431,17394953,"-22.9747","-43.2266"
158,158-CENTRAL X GAVEA (CIRCULAR),Fetranspor,432,17394953,"-22.9748","-43.2267"
158,158-CENTRAL X GAVEA (CIRCULAR),Fetranspor,433,17394953,"-22.9748","-43.2267"
158,158-CENTRAL X GAVEA (CIRCULAR),Fetranspor,434,17394953,"-22.9753","-43.2275"
158,158-CENTRAL X GAVEA (CIRCULAR),Fetranspor,435,17394953,"-22.9753","-43.2275"
158,158-CENTRAL X GAVEA (CIRCULAR),Fetranspor,436,17394953,"-22.9757","-43.2282"
158,158-CENTRAL X GAVEA (CIRCULAR),Fetranspor,437,17394953,"-22.9757","-43.2282"
158,158-CENTRAL X GAVEA (CIRCULAR),Fetranspor,438,17394953,"-22.9759","-43.2285"
158,158-CENTRAL X GAVEA (CIRCULAR),Fetranspor,439,17394953,"-22.9759","-43.2285"
158,158-CENTRAL X GAVEA (CIRCULAR),Fetranspor,440,17394953,"-22.9761","-43.2288"
158,158-CENTRAL X GAVEA (CIRCULAR),Fetranspor,441,17394953,"-22.9761","-43.2288"
158,158-CENTRAL X GAVEA (CIRCULAR),Fetranspor,442,17394953,"-22.9763","-43.2292"
158,158-CENTRAL X GAVEA (CIRCULAR),Fetranspor,443,17394953,"-22.9763","-43.2292"
158,158-CENTRAL X GAVEA (CIRCULAR),Fetranspor,444,17394953,"-22.9769","-43.2302"
158,158-CENTRAL X GAVEA (CIRCULAR),Fetranspor,445,17394953,"-22.9769","-43.2302"
158,158-CENTRAL X GAVEA (CIRCULAR),Fetranspor,446,17394953,"-22.9771","-43.2305"
158,158-CENTRAL X GAVEA (CIRCULAR),Fetranspor,447,17394953,"-22.9771","-43.2305"
158,158-CENTRAL X GAVEA (CIRCULAR),Fetranspor,448,17394953,"-22.9772","-43.2308"
158,158-CENTRAL X GAVEA (CIRCULAR),Fetranspor,449,17394953,"-22.9772","-43.2308"
158,158-CENTRAL X GAVEA (CIRCULAR),Fetranspor,450,17394953,"-22.9772","-43.2311"
158,158-CENTRAL X GAVEA (CIRCULAR),Fetranspor,451,17394953,"-22.9772","-43.2313"
158,158-CENTRAL X GAVEA (CIRCULAR),Fetranspor,452,17394953,"-22.9772","-43.2316"
158,158-CENTRAL X GAVEA (CIRCULAR),Fetranspor,453,17394953,"-22.9772","-43.2318"
158,158-CENTRAL X GAVEA (CIRCULAR),Fetranspor,454,17394953,"-22.9774","-43.2324"
158,158-CENTRAL X GAVEA (CIRCULAR),Fetranspor,455,17394953,"-22.9774","-43.2326"
158,158-CENTRAL X GAVEA (CIRCULAR),Fetranspor,456,17394953,"-22.9775","-43.2326"
158,158-CENTRAL X GAVEA (CIRCULAR),Fetranspor,457,17394953,"-22.9781","-43.2335"
158,158-CENTRAL X GAVEA (CIRCULAR),Fetranspor,458,17394953,"-22.9784","-43.2338"
158,158-CENTRAL X GAVEA (CIRCULAR),Fetranspor,459,17394953,"-22.9784","-43.2338"
158,158-CENTRAL X GAVEA (CIRCULAR),Fetranspor,460,17394953,"-22.9788","-43.2343"
158,158-CENTRAL X GAVEA (CIRCULAR),Fetranspor,461,17394953,"-22.9788","-43.2343"
158,158-CENTRAL X GAVEA (CIRCULAR),Fetranspor,462,17394953,"-22.9789","-43.2344"
158,158-CENTRAL X GAVEA (CIRCULAR),Fetranspor,463,17394953,"-22.9789","-43.2345"
158,158-CENTRAL X GAVEA (CIRCULAR),Fetranspor,464,17394953,"-22.979","-43.2345"
158,158-CENTRAL X GAVEA (CIRCULAR),Fetranspor,465,17394953,"-22.9799","-43.2346"
158,158-CENTRAL X GAVEA (CIRCULAR),Fetranspor,466,17394953,"-22.9799","-43.2346"
158,158-CENTRAL X GAVEA (CIRCULAR),Fetranspor,467,17394953,"-22.98","-43.2347"
158,158-CENTRAL X GAVEA (CIRCULAR),Fetranspor,468,17394953,"-22.98","-43.2347"
158,158-CENTRAL X GAVEA (CIRCULAR),Fetranspor,469,17394953,"-22.9803","-43.235"
158,158-CENTRAL X GAVEA (CIRCULAR),Fetranspor,470,17394953,"-22.9803","-43.235"
158,158-CENTRAL X GAVEA (CIRCULAR),Fetranspor,471,17394953,"-22.9807","-43.2355"
158,158-CENTRAL X GAVEA (CIRCULAR),Fetranspor,472,17394953,"-22.9809","-43.2357"
158,158-CENTRAL X GAVEA (CIRCULAR),Fetranspor,473,17394953,"-22.9811","-43.236"
158,158-CENTRAL X GAVEA (CIRCULAR),Fetranspor,474,17394953,"-22.9812","-43.2361"
158,158-CENTRAL X GAVEA (CIRCULAR),Fetranspor,475,17394953,"-22.9812","-43.2361"
158,158-CENTRAL X GAVEA (CIRCULAR),Fetranspor,476,17394953,"-22.9816","-43.2367"
158,158-CENTRAL X GAVEA (CIRCULAR),Fetranspor,477,17394953,"-22.982","-43.2375"
158,158-CENTRAL X GAVEA (CIRCULAR),Fetranspor,478,17394953,"-22.982","-43.2375"
158,158-CENTRAL X GAVEA (CIRCULAR),Fetranspor,479,17394953,"-22.982","-43.2377"
158,158-CENTRAL X GAVEA (CIRCULAR),Fetranspor,480,17394953,"-22.982","-43.2377"
158,158-CENTRAL X GAVEA (CIRCULAR),Fetranspor,481,17394953,"-22.9821","-43.2378"
158,158-CENTRAL X GAVEA (CIRCULAR),Fetranspor,482,17394953,"-22.9821","-43.2379"
158,158-CENTRAL X GAVEA (CIRCULAR),Fetranspor,483,17394953,"-22.9821","-43.2379"
158,158-CENTRAL X GAVEA (CIRCULAR),Fetranspor,484,17394953,"-22.9821","-43.2383"
158,158-CENTRAL X GAVEA (CIRCULAR),Fetranspor,485,17394953,"-22.9821","-43.2383"
158,158-CENTRAL X GAVEA (CIRCULAR),Fetranspor,486,17394953,"-22.9821","-43.2386"
158,158-CENTRAL X GAVEA (CIRCULAR),Fetranspor,487,17394953,"-22.982","-43.239"
158,158-CENTRAL X GAVEA (CIRCULAR),Fetranspor,488,17394953,"-22.982","-43.2396"
158,158-CENTRAL X GAVEA (CIRCULAR),Fetranspor,489,17394953,"-22.982","-43.2397"
158,158-CENTRAL X GAVEA (CIRCULAR),Fetranspor,490,17394953,"-22.9819","-43.2398"
158,158-CENTRAL X GAVEA (CIRCULAR),Fetranspor,491,17394953,"-22.9819","-43.2399"
158,158-CENTRAL X GAVEA (CIRCULAR),Fetranspor,492,17394953,"-22.9818","-43.24"
158,158-CENTRAL X GAVEA (CIRCULAR),Fetranspor,493,17394953,"-22.9817","-43.2402"
158,158-CENTRAL X GAVEA (CIRCULAR),Fetranspor,494,17394953,"-22.9817","-43.2402"
158,158-CENTRAL X GAVEA (CIRCULAR),Fetranspor,495,17394953,"-22.9817","-43.2403"
158,158-CENTRAL X GAVEA (CIRCULAR),Fetranspor,496,17394953,"-22.9818","-43.2404"
158,158-CENTRAL X GAVEA (CIRCULAR),Fetranspor,497,17394953,"-22.9821","-43.241"
158,158-CENTRAL X GAVEA (CIRCULAR),Fetranspor,498,17394953,"-22.9821","-43.2411"
158,158-CENTRAL X GAVEA (CIRCULAR),Fetranspor,499,17394953,"-22.9822","-43.2411"
158,158-CENTRAL X GAVEA (CIRCULAR),Fetranspor,500,17394953,"-22.9822","-43.2412"
158,158-CENTRAL X GAVEA (CIRCULAR),Fetranspor,501,17394953,"-22.9832","-43.2418"
158,158-CENTRAL X GAVEA (CIRCULAR),Fetranspor,502,17394953,"-22.9835","-43.242"
158,158-CENTRAL X GAVEA (CIRCULAR),Fetranspor,503,17394953,"-22.9835","-43.242"
158,158-CENTRAL X GAVEA (CIRCULAR),Fetranspor,504,17394953,"-22.984","-43.2421"
158,158-CENTRAL X GAVEA (CIRCULAR),Fetranspor,505,17394953,"-22.9841","-43.2422"
158,158-CENTRAL X GAVEA (CIRCULAR),Fetranspor,506,17394953,"-22.9841","-43.2421"
158,158-CENTRAL X GAVEA (CIRCULAR),Fetranspor,0,17429660,"-22.9843","-43.2419"
158,158-CENTRAL X GAVEA (CIRCULAR),Fetranspor,1,17429660,"-22.9842","-43.2417"
158,158-CENTRAL X GAVEA (CIRCULAR),Fetranspor,2,17429660,"-22.9842","-43.2415"
158,158-CENTRAL X GAVEA (CIRCULAR),Fetranspor,3,17429660,"-22.9843","-43.2413"
158,158-CENTRAL X GAVEA (CIRCULAR),Fetranspor,4,17429660,"-22.9843","-43.2411"
158,158-CENTRAL X GAVEA (CIRCULAR),Fetranspor,5,17429660,"-22.9843","-43.2411"
158,158-CENTRAL X GAVEA (CIRCULAR),Fetranspor,6,17429660,"-22.9843","-43.241"
158,158-CENTRAL X GAVEA (CIRCULAR),Fetranspor,7,17429660,"-22.9843","-43.2409"
158,158-CENTRAL X GAVEA (CIRCULAR),Fetranspor,8,17429660,"-22.9843","-43.2408"
158,158-CENTRAL X GAVEA (CIRCULAR),Fetranspor,9,17429660,"-22.9842","-43.2406"
158,158-CENTRAL X GAVEA (CIRCULAR),Fetranspor,10,17429660,"-22.9842","-43.2406"
158,158-CENTRAL X GAVEA (CIRCULAR),Fetranspor,11,17429660,"-22.984","-43.2401"
158,158-CENTRAL X GAVEA (CIRCULAR),Fetranspor,12,17429660,"-22.9838","-43.2398"
158,158-CENTRAL X GAVEA (CIRCULAR),Fetranspor,13,17429660,"-22.9837","-43.2397"
158,158-CENTRAL X GAVEA (CIRCULAR),Fetranspor,14,17429660,"-22.9836","-43.2395"
158,158-CENTRAL X GAVEA (CIRCULAR),Fetranspor,15,17429660,"-22.9834","-43.2392"
158,158-CENTRAL X GAVEA (CIRCULAR),Fetranspor,16,17429660,"-22.9831","-43.239"
158,158-CENTRAL X GAVEA (CIRCULAR),Fetranspor,17,17429660,"-22.9829","-43.2388"
158,158-CENTRAL X GAVEA (CIRCULAR),Fetranspor,18,17429660,"-22.9828","-43.2387"
158,158-CENTRAL X GAVEA (CIRCULAR),Fetranspor,19,17429660,"-22.9828","-43.2387"
158,158-CENTRAL X GAVEA (CIRCULAR),Fetranspor,20,17429660,"-22.9826","-43.2386"
158,158-CENTRAL X GAVEA (CIRCULAR),Fetranspor,21,17429660,"-22.9825","-43.2385"
158,158-CENTRAL X GAVEA (CIRCULAR),Fetranspor,22,17429660,"-22.9825","-43.2384"
158,158-CENTRAL X GAVEA (CIRCULAR),Fetranspor,23,17429660,"-22.9824","-43.2383"
158,158-CENTRAL X GAVEA (CIRCULAR),Fetranspor,24,17429660,"-22.9824","-43.2383"
158,158-CENTRAL X GAVEA (CIRCULAR),Fetranspor,25,17429660,"-22.9822","-43.238"
158,158-CENTRAL X GAVEA (CIRCULAR),Fetranspor,26,17429660,"-22.9822","-43.238"
158,158-CENTRAL X GAVEA (CIRCULAR),Fetranspor,27,17429660,"-22.9821","-43.2378"
158,158-CENTRAL X GAVEA (CIRCULAR),Fetranspor,28,17429660,"-22.982","-43.2377"
158,158-CENTRAL X GAVEA (CIRCULAR),Fetranspor,29,17429660,"-22.982","-43.2377"
158,158-CENTRAL X GAVEA (CIRCULAR),Fetranspor,30,17429660,"-22.982","-43.2375"
158,158-CENTRAL X GAVEA (CIRCULAR),Fetranspor,31,17429660,"-22.982","-43.2375"
158,158-CENTRAL X GAVEA (CIRCULAR),Fetranspor,32,17429660,"-22.9816","-43.2367"
158,158-CENTRAL X GAVEA (CIRCULAR),Fetranspor,33,17429660,"-22.9812","-43.2361"
158,158-CENTRAL X GAVEA (CIRCULAR),Fetranspor,34,17429660,"-22.9812","-43.2361"
158,158-CENTRAL X GAVEA (CIRCULAR),Fetranspor,35,17429660,"-22.9811","-43.236"
158,158-CENTRAL X GAVEA (CIRCULAR),Fetranspor,36,17429660,"-22.9809","-43.2357"
158,158-CENTRAL X GAVEA (CIRCULAR),Fetranspor,37,17429660,"-22.9807","-43.2355"
158,158-CENTRAL X GAVEA (CIRCULAR),Fetranspor,38,17429660,"-22.9803","-43.235"
158,158-CENTRAL X GAVEA (CIRCULAR),Fetranspor,39,17429660,"-22.9803","-43.235"
158,158-CENTRAL X GAVEA (CIRCULAR),Fetranspor,40,17429660,"-22.98","-43.2347"
158,158-CENTRAL X GAVEA (CIRCULAR),Fetranspor,41,17429660,"-22.98","-43.2347"
158,158-CENTRAL X GAVEA (CIRCULAR),Fetranspor,42,17429660,"-22.9799","-43.2346"
158,158-CENTRAL X GAVEA (CIRCULAR),Fetranspor,43,17429660,"-22.9799","-43.2346"
158,158-CENTRAL X GAVEA (CIRCULAR),Fetranspor,44,17429660,"-22.979","-43.2345"
158,158-CENTRAL X GAVEA (CIRCULAR),Fetranspor,45,17429660,"-22.9789","-43.2345"
158,158-CENTRAL X GAVEA (CIRCULAR),Fetranspor,46,17429660,"-22.9789","-43.2344"
158,158-CENTRAL X GAVEA (CIRCULAR),Fetranspor,47,17429660,"-22.9788","-43.2343"
158,158-CENTRAL X GAVEA (CIRCULAR),Fetranspor,48,17429660,"-22.9788","-43.2343"
158,158-CENTRAL X GAVEA (CIRCULAR),Fetranspor,49,17429660,"-22.9784","-43.2338"
158,158-CENTRAL X GAVEA (CIRCULAR),Fetranspor,50,17429660,"-22.9784","-43.2338"
158,158-CENTRAL X GAVEA (CIRCULAR),Fetranspor,51,17429660,"-22.9781","-43.2335"
158,158-CENTRAL X GAVEA (CIRCULAR),Fetranspor,52,17429660,"-22.9775","-43.2326"
158,158-CENTRAL X GAVEA (CIRCULAR),Fetranspor,53,17429660,"-22.9774","-43.2326"
158,158-CENTRAL X GAVEA (CIRCULAR),Fetranspor,54,17429660,"-22.9774","-43.2324"
158,158-CENTRAL X GAVEA (CIRCULAR),Fetranspor,55,17429660,"-22.9772","-43.2318"
158,158-CENTRAL X GAVEA (CIRCULAR),Fetranspor,56,17429660,"-22.9772","-43.2316"
158,158-CENTRAL X GAVEA (CIRCULAR),Fetranspor,57,17429660,"-22.9772","-43.2313"
158,158-CENTRAL X GAVEA (CIRCULAR),Fetranspor,58,17429660,"-22.9772","-43.2311"
158,158-CENTRAL X GAVEA (CIRCULAR),Fetranspor,59,17429660,"-22.9772","-43.2308"
158,158-CENTRAL X GAVEA (CIRCULAR),Fetranspor,60,17429660,"-22.9772","-43.2308"
158,158-CENTRAL X GAVEA (CIRCULAR),Fetranspor,61,17429660,"-22.9771","-43.2305"
158,158-CENTRAL X GAVEA (CIRCULAR),Fetranspor,62,17429660,"-22.9771","-43.2305"
158,158-CENTRAL X GAVEA (CIRCULAR),Fetranspor,63,17429660,"-22.9769","-43.2302"
158,158-CENTRAL X GAVEA (CIRCULAR),Fetranspor,64,17429660,"-22.9769","-43.2302"
158,158-CENTRAL X GAVEA (CIRCULAR),Fetranspor,65,17429660,"-22.9763","-43.2292"
158,158-CENTRAL X GAVEA (CIRCULAR),Fetranspor,66,17429660,"-22.9763","-43.2292"
158,158-CENTRAL X GAVEA (CIRCULAR),Fetranspor,67,17429660,"-22.9761","-43.2288"
158,158-CENTRAL X GAVEA (CIRCULAR),Fetranspor,68,17429660,"-22.9761","-43.2288"
158,158-CENTRAL X GAVEA (CIRCULAR),Fetranspor,69,17429660,"-22.9759","-43.2285"
158,158-CENTRAL X GAVEA (CIRCULAR),Fetranspor,70,17429660,"-22.9759","-43.2285"
158,158-CENTRAL X GAVEA (CIRCULAR),Fetranspor,71,17429660,"-22.9759","-43.2284"
158,158-CENTRAL X GAVEA (CIRCULAR),Fetranspor,72,17429660,"-22.9759","-43.2284"
158,158-CENTRAL X GAVEA (CIRCULAR),Fetranspor,73,17429660,"-22.976","-43.2282"
158,158-CENTRAL X GAVEA (CIRCULAR),Fetranspor,74,17429660,"-22.976","-43.2282"
158,158-CENTRAL X GAVEA (CIRCULAR),Fetranspor,75,17429660,"-22.9769","-43.2275"
158,158-CENTRAL X GAVEA (CIRCULAR),Fetranspor,76,17429660,"-22.9774","-43.2271"
158,158-CENTRAL X GAVEA (CIRCULAR),Fetranspor,77,17429660,"-22.9778","-43.2268"
158,158-CENTRAL X GAVEA (CIRCULAR),Fetranspor,78,17429660,"-22.9778","-43.2268"
158,158-CENTRAL X GAVEA (CIRCULAR),Fetranspor,79,17429660,"-22.9779","-43.2267"
158,158-CENTRAL X GAVEA (CIRCULAR),Fetranspor,80,17429660,"-22.9779","-43.2266"
158,158-CENTRAL X GAVEA (CIRCULAR),Fetranspor,81,17429660,"-22.9779","-43.2265"
158,158-CENTRAL X GAVEA (CIRCULAR),Fetranspor,82,17429660,"-22.9779","-43.2265"
158,158-CENTRAL X GAVEA (CIRCULAR),Fetranspor,83,17429660,"-22.9779","-43.2264"
158,158-CENTRAL X GAVEA (CIRCULAR),Fetranspor,84,17429660,"-22.9779","-43.2263"
158,158-CENTRAL X GAVEA (CIRCULAR),Fetranspor,85,17429660,"-22.9779","-43.2263"
158,158-CENTRAL X GAVEA (CIRCULAR),Fetranspor,86,17429660,"-22.9779","-43.2262"
158,158-CENTRAL X GAVEA (CIRCULAR),Fetranspor,87,17429660,"-22.9779","-43.2262"
158,158-CENTRAL X GAVEA (CIRCULAR),Fetranspor,88,17429660,"-22.9778","-43.2261"
158,158-CENTRAL X GAVEA (CIRCULAR),Fetranspor,89,17429660,"-22.9778","-43.2261"
158,158-CENTRAL X GAVEA (CIRCULAR),Fetranspor,90,17429660,"-22.9769","-43.2252"
158,158-CENTRAL X GAVEA (CIRCULAR),Fetranspor,91,17429660,"-22.9769","-43.2252"
158,158-CENTRAL X GAVEA (CIRCULAR),Fetranspor,92,17429660,"-22.9768","-43.2252"
158,158-CENTRAL X GAVEA (CIRCULAR),Fetranspor,93,17429660,"-22.9767","-43.2251"
158,158-CENTRAL X GAVEA (CIRCULAR),Fetranspor,94,17429660,"-22.9766","-43.2251"
158,158-CENTRAL X GAVEA (CIRCULAR),Fetranspor,95,17429660,"-22.9766","-43.2251"
158,158-CENTRAL X GAVEA (CIRCULAR),Fetranspor,96,17429660,"-22.9764","-43.2251"
158,158-CENTRAL X GAVEA (CIRCULAR),Fetranspor,97,17429660,"-22.9762","-43.2252"
158,158-CENTRAL X GAVEA (CIRCULAR),Fetranspor,98,17429660,"-22.9749","-43.2259"
158,158-CENTRAL X GAVEA (CIRCULAR),Fetranspor,99,17429660,"-22.9749","-43.2259"
158,158-CENTRAL X GAVEA (CIRCULAR),Fetranspor,100,17429660,"-22.9745","-43.2261"
158,158-CENTRAL X GAVEA (CIRCULAR),Fetranspor,101,17429660,"-22.9744","-43.2261"
158,158-CENTRAL X GAVEA (CIRCULAR),Fetranspor,102,17429660,"-22.9743","-43.2261"
158,158-CENTRAL X GAVEA (CIRCULAR),Fetranspor,103,17429660,"-22.9743","-43.2261"
158,158-CENTRAL X GAVEA (CIRCULAR),Fetranspor,104,17429660,"-22.9743","-43.2261"
158,158-CENTRAL X GAVEA (CIRCULAR),Fetranspor,105,17429660,"-22.9741","-43.2259"
158,158-CENTRAL X GAVEA (CIRCULAR),Fetranspor,106,17429660,"-22.9739","-43.2258"
158,158-CENTRAL X GAVEA (CIRCULAR),Fetranspor,107,17429660,"-22.9736","-43.2257"
158,158-CENTRAL X GAVEA (CIRCULAR),Fetranspor,108,17429660,"-22.9731","-43.2252"
158,158-CENTRAL X GAVEA (CIRCULAR),Fetranspor,109,17429660,"-22.9731","-43.2252"
158,158-CENTRAL X GAVEA (CIRCULAR),Fetranspor,110,17429660,"-22.9727","-43.2247"
158,158-CENTRAL X GAVEA (CIRCULAR),Fetranspor,111,17429660,"-22.9724","-43.2245"
158,158-CENTRAL X GAVEA (CIRCULAR),Fetranspor,112,17429660,"-22.9724","-43.2245"
158,158-CENTRAL X GAVEA (CIRCULAR),Fetranspor,113,17429660,"-22.9723","-43.2244"
158,158-CENTRAL X GAVEA (CIRCULAR),Fetranspor,114,17429660,"-22.9698","-43.2222"
158,158-CENTRAL X GAVEA (CIRCULAR),Fetranspor,115,17429660,"-22.9665","-43.2195"
158,158-CENTRAL X GAVEA (CIRCULAR),Fetranspor,116,17429660,"-22.9665","-43.2195"
158,158-CENTRAL X GAVEA (CIRCULAR),Fetranspor,117,17429660,"-22.9664","-43.2194"
158,158-CENTRAL X GAVEA (CIRCULAR),Fetranspor,118,17429660,"-22.9664","-43.2194"
158,158-CENTRAL X GAVEA (CIRCULAR),Fetranspor,119,17429660,"-22.9664","-43.2194"
158,158-CENTRAL X GAVEA (CIRCULAR),Fetranspor,120,17429660,"-22.9664","-43.2194"
158,158-CENTRAL X GAVEA (CIRCULAR),Fetranspor,121,17429660,"-22.9653","-43.2186"
158,158-CENTRAL X GAVEA (CIRCULAR),Fetranspor,122,17429660,"-22.9653","-43.2186"
158,158-CENTRAL X GAVEA (CIRCULAR),Fetranspor,123,17429660,"-22.9648","-43.218"
158,158-CENTRAL X GAVEA (CIRCULAR),Fetranspor,124,17429660,"-22.9642","-43.2175"
158,158-CENTRAL X GAVEA (CIRCULAR),Fetranspor,125,17429660,"-22.9642","-43.2175"
158,158-CENTRAL X GAVEA (CIRCULAR),Fetranspor,126,17429660,"-22.9642","-43.2175"
158,158-CENTRAL X GAVEA (CIRCULAR),Fetranspor,127,17429660,"-22.9642","-43.2175"
158,158-CENTRAL X GAVEA (CIRCULAR),Fetranspor,128,17429660,"-22.9641","-43.2174"
158,158-CENTRAL X GAVEA (CIRCULAR),Fetranspor,129,17429660,"-22.9641","-43.2174"
158,158-CENTRAL X GAVEA (CIRCULAR),Fetranspor,130,17429660,"-22.9636","-43.2169"
158,158-CENTRAL X GAVEA (CIRCULAR),Fetranspor,131,17429660,"-22.9636","-43.2169"
158,158-CENTRAL X GAVEA (CIRCULAR),Fetranspor,132,17429660,"-22.9634","-43.2167"
158,158-CENTRAL X GAVEA (CIRCULAR),Fetranspor,133,17429660,"-22.9634","-43.2167"
158,158-CENTRAL X GAVEA (CIRCULAR),Fetranspor,134,17429660,"-22.963","-43.2164"
158,158-CENTRAL X GAVEA (CIRCULAR),Fetranspor,135,17429660,"-22.963","-43.2164"
158,158-CENTRAL X GAVEA (CIRCULAR),Fetranspor,136,17429660,"-22.9625","-43.2159"
158,158-CENTRAL X GAVEA (CIRCULAR),Fetranspor,137,17429660,"-22.9625","-43.2159"
158,158-CENTRAL X GAVEA (CIRCULAR),Fetranspor,138,17429660,"-22.9622","-43.2155"
158,158-CENTRAL X GAVEA (CIRCULAR),Fetranspor,139,17429660,"-22.962","-43.2154"
158,158-CENTRAL X GAVEA (CIRCULAR),Fetranspor,140,17429660,"-22.962","-43.2154"
158,158-CENTRAL X GAVEA (CIRCULAR),Fetranspor,141,17429660,"-22.9619","-43.2153"
158,158-CENTRAL X GAVEA (CIRCULAR),Fetranspor,142,17429660,"-22.9618","-43.2151"
158,158-CENTRAL X GAVEA (CIRCULAR),Fetranspor,143,17429660,"-22.9617","-43.2149"
158,158-CENTRAL X GAVEA (CIRCULAR),Fetranspor,144,17429660,"-22.9617","-43.2149"
158,158-CENTRAL X GAVEA (CIRCULAR),Fetranspor,145,17429660,"-22.9616","-43.2147"
158,158-CENTRAL X GAVEA (CIRCULAR),Fetranspor,146,17429660,"-22.9616","-43.2145"
158,158-CENTRAL X GAVEA (CIRCULAR),Fetranspor,147,17429660,"-22.9615","-43.2144"
158,158-CENTRAL X GAVEA (CIRCULAR),Fetranspor,148,17429660,"-22.9614","-43.2143"
158,158-CENTRAL X GAVEA (CIRCULAR),Fetranspor,149,17429660,"-22.9614","-43.2143"
158,158-CENTRAL X GAVEA (CIRCULAR),Fetranspor,150,17429660,"-22.9614","-43.2142"
158,158-CENTRAL X GAVEA (CIRCULAR),Fetranspor,151,17429660,"-22.9614","-43.214"
158,158-CENTRAL X GAVEA (CIRCULAR),Fetranspor,152,17429660,"-22.9613","-43.2136"
158,158-CENTRAL X GAVEA (CIRCULAR),Fetranspor,153,17429660,"-22.9613","-43.2136"
158,158-CENTRAL X GAVEA (CIRCULAR),Fetranspor,154,17429660,"-22.9612","-43.2127"
158,158-CENTRAL X GAVEA (CIRCULAR),Fetranspor,155,17429660,"-22.9612","-43.2127"
158,158-CENTRAL X GAVEA (CIRCULAR),Fetranspor,156,17429660,"-22.961","-43.2116"
158,158-CENTRAL X GAVEA (CIRCULAR),Fetranspor,157,17429660,"-22.961","-43.2116"
158,158-CENTRAL X GAVEA (CIRCULAR),Fetranspor,158,17429660,"-22.9609","-43.2101"
158,158-CENTRAL X GAVEA (CIRCULAR),Fetranspor,159,17429660,"-22.9609","-43.2101"
158,158-CENTRAL X GAVEA (CIRCULAR),Fetranspor,160,17429660,"-22.9608","-43.2095"
158,158-CENTRAL X GAVEA (CIRCULAR),Fetranspor,161,17429660,"-22.9607","-43.2088"
158,158-CENTRAL X GAVEA (CIRCULAR),Fetranspor,162,17429660,"-22.9607","-43.2088"
158,158-CENTRAL X GAVEA (CIRCULAR),Fetranspor,163,17429660,"-22.9607","-43.208"
158,158-CENTRAL X GAVEA (CIRCULAR),Fetranspor,164,17429660,"-22.9607","-43.208"
158,158-CENTRAL X GAVEA (CIRCULAR),Fetranspor,165,17429660,"-22.9606","-43.207"
158,158-CENTRAL X GAVEA (CIRCULAR),Fetranspor,166,17429660,"-22.9606","-43.207"
158,158-CENTRAL X GAVEA (CIRCULAR),Fetranspor,167,17429660,"-22.9605","-43.2065"
158,158-CENTRAL X GAVEA (CIRCULAR),Fetranspor,168,17429660,"-22.9605","-43.2065"
158,158-CENTRAL X GAVEA (CIRCULAR),Fetranspor,169,17429660,"-22.9604","-43.206"
158,158-CENTRAL X GAVEA (CIRCULAR),Fetranspor,170,17429660,"-22.9604","-43.206"
158,158-CENTRAL X GAVEA (CIRCULAR),Fetranspor,171,17429660,"-22.9603","-43.2051"
158,158-CENTRAL X GAVEA (CIRCULAR),Fetranspor,172,17429660,"-22.9603","-43.2051"
158,158-CENTRAL X GAVEA (CIRCULAR),Fetranspor,173,17429660,"-22.9603","-43.2043"
158,158-CENTRAL X GAVEA (CIRCULAR),Fetranspor,174,17429660,"-22.9603","-43.2043"
158,158-CENTRAL X GAVEA (CIRCULAR),Fetranspor,175,17429660,"-22.9603","-43.2043"
158,158-CENTRAL X GAVEA (CIRCULAR),Fetranspor,176,17429660,"-22.9603","-43.2043"
158,158-CENTRAL X GAVEA (CIRCULAR),Fetranspor,177,17429660,"-22.9603","-43.2042"
158,158-CENTRAL X GAVEA (CIRCULAR),Fetranspor,178,17429660,"-22.9603","-43.2042"
158,158-CENTRAL X GAVEA (CIRCULAR),Fetranspor,179,17429660,"-22.9603","-43.2041"
158,158-CENTRAL X GAVEA (CIRCULAR),Fetranspor,180,17429660,"-22.9603","-43.2038"
158,158-CENTRAL X GAVEA (CIRCULAR),Fetranspor,181,17429660,"-22.9603","-43.2038"
158,158-CENTRAL X GAVEA (CIRCULAR),Fetranspor,182,17429660,"-22.9603","-43.2035"
158,158-CENTRAL X GAVEA (CIRCULAR),Fetranspor,183,17429660,"-22.9603","-43.203"
158,158-CENTRAL X GAVEA (CIRCULAR),Fetranspor,184,17429660,"-22.9603","-43.203"
158,158-CENTRAL X GAVEA (CIRCULAR),Fetranspor,185,17429660,"-22.9602","-43.2026"
158,158-CENTRAL X GAVEA (CIRCULAR),Fetranspor,186,17429660,"-22.96","-43.2023"
158,158-CENTRAL X GAVEA (CIRCULAR),Fetranspor,187,17429660,"-22.9599","-43.2021"
158,158-CENTRAL X GAVEA (CIRCULAR),Fetranspor,188,17429660,"-22.9599","-43.2021"
158,158-CENTRAL X GAVEA (CIRCULAR),Fetranspor,189,17429660,"-22.9597","-43.2017"
158,158-CENTRAL X GAVEA (CIRCULAR),Fetranspor,190,17429660,"-22.9595","-43.2011"
158,158-CENTRAL X GAVEA (CIRCULAR),Fetranspor,191,17429660,"-22.9595","-43.2011"
158,158-CENTRAL X GAVEA (CIRCULAR),Fetranspor,192,17429660,"-22.9593","-43.2007"
158,158-CENTRAL X GAVEA (CIRCULAR),Fetranspor,193,17429660,"-22.959","-43.2002"
158,158-CENTRAL X GAVEA (CIRCULAR),Fetranspor,194,17429660,"-22.9589","-43.2001"
158,158-CENTRAL X GAVEA (CIRCULAR),Fetranspor,195,17429660,"-22.9589","-43.2001"
158,158-CENTRAL X GAVEA (CIRCULAR),Fetranspor,196,17429660,"-22.9587","-43.1999"
158,158-CENTRAL X GAVEA (CIRCULAR),Fetranspor,197,17429660,"-22.9586","-43.1999"
158,158-CENTRAL X GAVEA (CIRCULAR),Fetranspor,198,17429660,"-22.9577","-43.1992"
158,158-CENTRAL X GAVEA (CIRCULAR),Fetranspor,199,17429660,"-22.9577","-43.1992"
158,158-CENTRAL X GAVEA (CIRCULAR),Fetranspor,200,17429660,"-22.9575","-43.199"
158,158-CENTRAL X GAVEA (CIRCULAR),Fetranspor,201,17429660,"-22.9575","-43.199"
158,158-CENTRAL X GAVEA (CIRCULAR),Fetranspor,202,17429660,"-22.9568","-43.1985"
158,158-CENTRAL X GAVEA (CIRCULAR),Fetranspor,203,17429660,"-22.9567","-43.1985"
158,158-CENTRAL X GAVEA (CIRCULAR),Fetranspor,204,17429660,"-22.9567","-43.1985"
158,158-CENTRAL X GAVEA (CIRCULAR),Fetranspor,205,17429660,"-22.9564","-43.1983"
158,158-CENTRAL X GAVEA (CIRCULAR),Fetranspor,206,17429660,"-22.9563","-43.1982"
158,158-CENTRAL X GAVEA (CIRCULAR),Fetranspor,207,17429660,"-22.9563","-43.1982"
158,158-CENTRAL X GAVEA (CIRCULAR),Fetranspor,208,17429660,"-22.9562","-43.1981"
158,158-CENTRAL X GAVEA (CIRCULAR),Fetranspor,209,17429660,"-22.9562","-43.198"
158,158-CENTRAL X GAVEA (CIRCULAR),Fetranspor,210,17429660,"-22.9559","-43.1972"
158,158-CENTRAL X GAVEA (CIRCULAR),Fetranspor,211,17429660,"-22.9559","-43.1972"
158,158-CENTRAL X GAVEA (CIRCULAR),Fetranspor,212,17429660,"-22.9557","-43.1966"
158,158-CENTRAL X GAVEA (CIRCULAR),Fetranspor,213,17429660,"-22.9557","-43.1966"
158,158-CENTRAL X GAVEA (CIRCULAR),Fetranspor,214,17429660,"-22.9556","-43.1962"
158,158-CENTRAL X GAVEA (CIRCULAR),Fetranspor,215,17429660,"-22.9556","-43.1962"
158,158-CENTRAL X GAVEA (CIRCULAR),Fetranspor,216,17429660,"-22.9552","-43.1953"
158,158-CENTRAL X GAVEA (CIRCULAR),Fetranspor,217,17429660,"-22.9552","-43.1953"
158,158-CENTRAL X GAVEA (CIRCULAR),Fetranspor,218,17429660,"-22.955","-43.1946"
158,158-CENTRAL X GAVEA (CIRCULAR),Fetranspor,219,17429660,"-22.955","-43.1946"
158,158-CENTRAL X GAVEA (CIRCULAR),Fetranspor,220,17429660,"-22.9548","-43.194"
158,158-CENTRAL X GAVEA (CIRCULAR),Fetranspor,221,17429660,"-22.9548","-43.194"
158,158-CENTRAL X GAVEA (CIRCULAR),Fetranspor,222,17429660,"-22.9546","-43.1935"
158,158-CENTRAL X GAVEA (CIRCULAR),Fetranspor,223,17429660,"-22.9544","-43.1929"
158,158-CENTRAL X GAVEA (CIRCULAR),Fetranspor,224,17429660,"-22.9544","-43.1929"
158,158-CENTRAL X GAVEA (CIRCULAR),Fetranspor,225,17429660,"-22.9542","-43.1923"
158,158-CENTRAL X GAVEA (CIRCULAR),Fetranspor,226,17429660,"-22.9542","-43.1923"
158,158-CENTRAL X GAVEA (CIRCULAR),Fetranspor,227,17429660,"-22.9539","-43.1914"
158,158-CENTRAL X GAVEA (CIRCULAR),Fetranspor,228,17429660,"-22.9539","-43.1914"
158,158-CENTRAL X GAVEA (CIRCULAR),Fetranspor,229,17429660,"-22.9537","-43.1909"
158,158-CENTRAL X GAVEA (CIRCULAR),Fetranspor,230,17429660,"-22.9537","-43.1909"
158,158-CENTRAL X GAVEA (CIRCULAR),Fetranspor,231,17429660,"-22.9536","-43.1907"
158,158-CENTRAL X GAVEA (CIRCULAR),Fetranspor,232,17429660,"-22.9536","-43.1907"
158,158-CENTRAL X GAVEA (CIRCULAR),Fetranspor,233,17429660,"-22.9533","-43.1898"
158,158-CENTRAL X GAVEA (CIRCULAR),Fetranspor,234,17429660,"-22.9533","-43.1898"
158,158-CENTRAL X GAVEA (CIRCULAR),Fetranspor,235,17429660,"-22.9529","-43.1886"
158,158-CENTRAL X GAVEA (CIRCULAR),Fetranspor,236,17429660,"-22.9529","-43.1886"
158,158-CENTRAL X GAVEA (CIRCULAR),Fetranspor,237,17429660,"-22.9526","-43.1877"
158,158-CENTRAL X GAVEA (CIRCULAR),Fetranspor,238,17429660,"-22.9526","-43.1877"
158,158-CENTRAL X GAVEA (CIRCULAR),Fetranspor,239,17429660,"-22.9526","-43.1875"
158,158-CENTRAL X GAVEA (CIRCULAR),Fetranspor,240,17429660,"-22.9526","-43.1875"
158,158-CENTRAL X GAVEA (CIRCULAR),Fetranspor,241,17429660,"-22.9525","-43.1872"
158,158-CENTRAL X GAVEA (CIRCULAR),Fetranspor,242,17429660,"-22.9524","-43.187"
158,158-CENTRAL X GAVEA (CIRCULAR),Fetranspor,243,17429660,"-22.9524","-43.187"
158,158-CENTRAL X GAVEA (CIRCULAR),Fetranspor,244,17429660,"-22.9522","-43.1868"
158,158-CENTRAL X GAVEA (CIRCULAR),Fetranspor,245,17429660,"-22.9522","-43.1867"
158,158-CENTRAL X GAVEA (CIRCULAR),Fetranspor,246,17429660,"-22.9522","-43.1867"
158,158-CENTRAL X GAVEA (CIRCULAR),Fetranspor,247,17429660,"-22.9521","-43.1863"
158,158-CENTRAL X GAVEA (CIRCULAR),Fetranspor,248,17429660,"-22.9521","-43.1863"
158,158-CENTRAL X GAVEA (CIRCULAR),Fetranspor,249,17429660,"-22.9515","-43.1848"
158,158-CENTRAL X GAVEA (CIRCULAR),Fetranspor,250,17429660,"-22.9514","-43.1845"
158,158-CENTRAL X GAVEA (CIRCULAR),Fetranspor,251,17429660,"-22.9514","-43.1845"
158,158-CENTRAL X GAVEA (CIRCULAR),Fetranspor,252,17429660,"-22.9513","-43.1842"
158,158-CENTRAL X GAVEA (CIRCULAR),Fetranspor,253,17429660,"-22.9513","-43.1842"
158,158-CENTRAL X GAVEA (CIRCULAR),Fetranspor,254,17429660,"-22.9513","-43.1841"
158,158-CENTRAL X GAVEA (CIRCULAR),Fetranspor,255,17429660,"-22.9513","-43.1841"
158,158-CENTRAL X GAVEA (CIRCULAR),Fetranspor,256,17429660,"-22.9509","-43.1829"
158,158-CENTRAL X GAVEA (CIRCULAR),Fetranspor,257,17429660,"-22.9509","-43.1829"
158,158-CENTRAL X GAVEA (CIRCULAR),Fetranspor,258,17429660,"-22.9506","-43.182"
158,158-CENTRAL X GAVEA (CIRCULAR),Fetranspor,259,17429660,"-22.9504","-43.1817"
158,158-CENTRAL X GAVEA (CIRCULAR),Fetranspor,260,17429660,"-22.9504","-43.1817"
158,158-CENTRAL X GAVEA (CIRCULAR),Fetranspor,261,17429660,"-22.9504","-43.1816"
158,158-CENTRAL X GAVEA (CIRCULAR),Fetranspor,262,17429660,"-22.9504","-43.1816"
158,158-CENTRAL X GAVEA (CIRCULAR),Fetranspor,263,17429660,"-22.9503","-43.1815"
158,158-CENTRAL X GAVEA (CIRCULAR),Fetranspor,264,17429660,"-22.9503","-43.1815"
158,158-CENTRAL X GAVEA (CIRCULAR),Fetranspor,265,17429660,"-22.9503","-43.1815"
158,158-CENTRAL X GAVEA (CIRCULAR),Fetranspor,266,17429660,"-22.9502","-43.1815"
158,158-CENTRAL X GAVEA (CIRCULAR),Fetranspor,267,17429660,"-22.9502","-43.1814"
158,158-CENTRAL X GAVEA (CIRCULAR),Fetranspor,268,17429660,"-22.95","-43.1814"
158,158-CENTRAL X GAVEA (CIRCULAR),Fetranspor,269,17429660,"-22.95","-43.1814"
158,158-CENTRAL X GAVEA (CIRCULAR),Fetranspor,270,17429660,"-22.9499","-43.1814"
158,158-CENTRAL X GAVEA (CIRCULAR),Fetranspor,271,17429660,"-22.9498","-43.1814"
158,158-CENTRAL X GAVEA (CIRCULAR),Fetranspor,272,17429660,"-22.9494","-43.1816"
158,158-CENTRAL X GAVEA (CIRCULAR),Fetranspor,273,17429660,"-22.9494","-43.1816"
158,158-CENTRAL X GAVEA (CIRCULAR),Fetranspor,274,17429660,"-22.9487","-43.1819"
158,158-CENTRAL X GAVEA (CIRCULAR),Fetranspor,275,17429660,"-22.9482","-43.182"
158,158-CENTRAL X GAVEA (CIRCULAR),Fetranspor,276,17429660,"-22.9476","-43.1822"
158,158-CENTRAL X GAVEA (CIRCULAR),Fetranspor,277,17429660,"-22.9476","-43.1822"
158,158-CENTRAL X GAVEA (CIRCULAR),Fetranspor,278,17429660,"-22.9471","-43.1822"
158,158-CENTRAL X GAVEA (CIRCULAR),Fetranspor,279,17429660,"-22.9468","-43.1822"
158,158-CENTRAL X GAVEA (CIRCULAR),Fetranspor,280,17429660,"-22.9462","-43.1822"
158,158-CENTRAL X GAVEA (CIRCULAR),Fetranspor,281,17429660,"-22.9462","-43.1822"
158,158-CENTRAL X GAVEA (CIRCULAR),Fetranspor,282,17429660,"-22.9461","-43.1822"
158,158-CENTRAL X GAVEA (CIRCULAR),Fetranspor,283,17429660,"-22.9459","-43.1821"
158,158-CENTRAL X GAVEA (CIRCULAR),Fetranspor,284,17429660,"-22.9454","-43.182"
158,158-CENTRAL X GAVEA (CIRCULAR),Fetranspor,285,17429660,"-22.9451","-43.1819"
158,158-CENTRAL X GAVEA (CIRCULAR),Fetranspor,286,17429660,"-22.9444","-43.1816"
158,158-CENTRAL X GAVEA (CIRCULAR),Fetranspor,287,17429660,"-22.9437","-43.1812"
158,158-CENTRAL X GAVEA (CIRCULAR),Fetranspor,288,17429660,"-22.9437","-43.1812"
158,158-CENTRAL X GAVEA (CIRCULAR),Fetranspor,289,17429660,"-22.9431","-43.1808"
158,158-CENTRAL X GAVEA (CIRCULAR),Fetranspor,290,17429660,"-22.9431","-43.1808"
158,158-CENTRAL X GAVEA (CIRCULAR),Fetranspor,291,17429660,"-22.9431","-43.1808"
158,158-CENTRAL X GAVEA (CIRCULAR),Fetranspor,292,17429660,"-22.9426","-43.1803"
158,158-CENTRAL X GAVEA (CIRCULAR),Fetranspor,293,17429660,"-22.9424","-43.1801"
158,158-CENTRAL X GAVEA (CIRCULAR),Fetranspor,294,17429660,"-22.9422","-43.1798"
158,158-CENTRAL X GAVEA (CIRCULAR),Fetranspor,295,17429660,"-22.9421","-43.1796"
158,158-CENTRAL X GAVEA (CIRCULAR),Fetranspor,296,17429660,"-22.942","-43.1794"
158,158-CENTRAL X GAVEA (CIRCULAR),Fetranspor,297,17429660,"-22.942","-43.1794"
158,158-CENTRAL X GAVEA (CIRCULAR),Fetranspor,298,17429660,"-22.9419","-43.1792"
158,158-CENTRAL X GAVEA (CIRCULAR),Fetranspor,299,17429660,"-22.9418","-43.179"
158,158-CENTRAL X GAVEA (CIRCULAR),Fetranspor,300,17429660,"-22.9418","-43.1788"
158,158-CENTRAL X GAVEA (CIRCULAR),Fetranspor,301,17429660,"-22.9418","-43.1788"
158,158-CENTRAL X GAVEA (CIRCULAR),Fetranspor,302,17429660,"-22.9418","-43.1786"
158,158-CENTRAL X GAVEA (CIRCULAR),Fetranspor,303,17429660,"-22.9418","-43.1784"
158,158-CENTRAL X GAVEA (CIRCULAR),Fetranspor,304,17429660,"-22.9419","-43.1779"
158,158-CENTRAL X GAVEA (CIRCULAR),Fetranspor,305,17429660,"-22.9419","-43.1779"
158,158-CENTRAL X GAVEA (CIRCULAR),Fetranspor,306,17429660,"-22.9419","-43.1778"
158,158-CENTRAL X GAVEA (CIRCULAR),Fetranspor,307,17429660,"-22.942","-43.1777"
158,158-CENTRAL X GAVEA (CIRCULAR),Fetranspor,308,17429660,"-22.9421","-43.1775"
158,158-CENTRAL X GAVEA (CIRCULAR),Fetranspor,309,17429660,"-22.9424","-43.1771"
158,158-CENTRAL X GAVEA (CIRCULAR),Fetranspor,310,17429660,"-22.9427","-43.1767"
158,158-CENTRAL X GAVEA (CIRCULAR),Fetranspor,311,17429660,"-22.9427","-43.1767"
158,158-CENTRAL X GAVEA (CIRCULAR),Fetranspor,312,17429660,"-22.943","-43.1763"
158,158-CENTRAL X GAVEA (CIRCULAR),Fetranspor,313,17429660,"-22.9432","-43.1761"
158,158-CENTRAL X GAVEA (CIRCULAR),Fetranspor,314,17429660,"-22.9432","-43.176"
158,158-CENTRAL X GAVEA (CIRCULAR),Fetranspor,315,17429660,"-22.9433","-43.1759"
158,158-CENTRAL X GAVEA (CIRCULAR),Fetranspor,316,17429660,"-22.9433","-43.1758"
158,158-CENTRAL X GAVEA (CIRCULAR),Fetranspor,317,17429660,"-22.9433","-43.1757"
158,158-CENTRAL X GAVEA (CIRCULAR),Fetranspor,318,17429660,"-22.9433","-43.1755"
158,158-CENTRAL X GAVEA (CIRCULAR),Fetranspor,319,17429660,"-22.9433","-43.1754"
158,158-CENTRAL X GAVEA (CIRCULAR),Fetranspor,320,17429660,"-22.9433","-43.1752"
158,158-CENTRAL X GAVEA (CIRCULAR),Fetranspor,321,17429660,"-22.9432","-43.1751"
158,158-CENTRAL X GAVEA (CIRCULAR),Fetranspor,322,17429660,"-22.9432","-43.175"
158,158-CENTRAL X GAVEA (CIRCULAR),Fetranspor,323,17429660,"-22.9431","-43.1749"
158,158-CENTRAL X GAVEA (CIRCULAR),Fetranspor,324,17429660,"-22.943","-43.1748"
158,158-CENTRAL X GAVEA (CIRCULAR),Fetranspor,325,17429660,"-22.943","-43.1748"
158,158-CENTRAL X GAVEA (CIRCULAR),Fetranspor,326,17429660,"-22.943","-43.1747"
158,158-CENTRAL X GAVEA (CIRCULAR),Fetranspor,327,17429660,"-22.943","-43.1747"
158,158-CENTRAL X GAVEA (CIRCULAR),Fetranspor,328,17429660,"-22.9427","-43.1744"
158,158-CENTRAL X GAVEA (CIRCULAR),Fetranspor,329,17429660,"-22.9425","-43.1742"
158,158-CENTRAL X GAVEA (CIRCULAR),Fetranspor,330,17429660,"-22.9423","-43.174"
158,158-CENTRAL X GAVEA (CIRCULAR),Fetranspor,331,17429660,"-22.9421","-43.1737"
158,158-CENTRAL X GAVEA (CIRCULAR),Fetranspor,332,17429660,"-22.9416","-43.1729"
158,158-CENTRAL X GAVEA (CIRCULAR),Fetranspor,333,17429660,"-22.9411","-43.1723"
158,158-CENTRAL X GAVEA (CIRCULAR),Fetranspor,334,17429660,"-22.9409","-43.172"
158,158-CENTRAL X GAVEA (CIRCULAR),Fetranspor,335,17429660,"-22.9409","-43.1719"
158,158-CENTRAL X GAVEA (CIRCULAR),Fetranspor,336,17429660,"-22.9407","-43.1717"
158,158-CENTRAL X GAVEA (CIRCULAR),Fetranspor,337,17429660,"-22.9405","-43.1716"
158,158-CENTRAL X GAVEA (CIRCULAR),Fetranspor,338,17429660,"-22.9404","-43.1715"
158,158-CENTRAL X GAVEA (CIRCULAR),Fetranspor,339,17429660,"-22.9399","-43.1713"
158,158-CENTRAL X GAVEA (CIRCULAR),Fetranspor,340,17429660,"-22.9396","-43.1711"
158,158-CENTRAL X GAVEA (CIRCULAR),Fetranspor,341,17429660,"-22.9395","-43.171"
158,158-CENTRAL X GAVEA (CIRCULAR),Fetranspor,342,17429660,"-22.9393","-43.171"
158,158-CENTRAL X GAVEA (CIRCULAR),Fetranspor,343,17429660,"-22.9393","-43.1709"
158,158-CENTRAL X GAVEA (CIRCULAR),Fetranspor,344,17429660,"-22.9392","-43.1709"
158,158-CENTRAL X GAVEA (CIRCULAR),Fetranspor,345,17429660,"-22.9391","-43.1709"
158,158-CENTRAL X GAVEA (CIRCULAR),Fetranspor,346,17429660,"-22.939","-43.1709"
158,158-CENTRAL X GAVEA (CIRCULAR),Fetranspor,347,17429660,"-22.9388","-43.171"
158,158-CENTRAL X GAVEA (CIRCULAR),Fetranspor,348,17429660,"-22.9387","-43.171"
158,158-CENTRAL X GAVEA (CIRCULAR),Fetranspor,349,17429660,"-22.9386","-43.1711"
158,158-CENTRAL X GAVEA (CIRCULAR),Fetranspor,350,17429660,"-22.9386","-43.1711"
158,158-CENTRAL X GAVEA (CIRCULAR),Fetranspor,351,17429660,"-22.9385","-43.1712"
158,158-CENTRAL X GAVEA (CIRCULAR),Fetranspor,352,17429660,"-22.9384","-43.1713"
158,158-CENTRAL X GAVEA (CIRCULAR),Fetranspor,353,17429660,"-22.9383","-43.1714"
158,158-CENTRAL X GAVEA (CIRCULAR),Fetranspor,354,17429660,"-22.9382","-43.1715"
158,158-CENTRAL X GAVEA (CIRCULAR),Fetranspor,355,17429660,"-22.938","-43.1719"
158,158-CENTRAL X GAVEA (CIRCULAR),Fetranspor,356,17429660,"-22.9379","-43.172"
158,158-CENTRAL X GAVEA (CIRCULAR),Fetranspor,357,17429660,"-22.9379","-43.172"
158,158-CENTRAL X GAVEA (CIRCULAR),Fetranspor,358,17429660,"-22.9378","-43.1723"
158,158-CENTRAL X GAVEA (CIRCULAR),Fetranspor,359,17429660,"-22.9378","-43.1723"
158,158-CENTRAL X GAVEA (CIRCULAR),Fetranspor,360,17429660,"-22.9377","-43.1724"
158,158-CENTRAL X GAVEA (CIRCULAR),Fetranspor,361,17429660,"-22.9375","-43.1727"
158,158-CENTRAL X GAVEA (CIRCULAR),Fetranspor,362,17429660,"-22.9372","-43.1731"
158,158-CENTRAL X GAVEA (CIRCULAR),Fetranspor,363,17429660,"-22.937","-43.1733"
158,158-CENTRAL X GAVEA (CIRCULAR),Fetranspor,364,17429660,"-22.937","-43.1733"
158,158-CENTRAL X GAVEA (CIRCULAR),Fetranspor,365,17429660,"-22.937","-43.1734"
158,158-CENTRAL X GAVEA (CIRCULAR),Fetranspor,366,17429660,"-22.9368","-43.1735"
158,158-CENTRAL X GAVEA (CIRCULAR),Fetranspor,367,17429660,"-22.9366","-43.1737"
158,158-CENTRAL X GAVEA (CIRCULAR),Fetranspor,368,17429660,"-22.9364","-43.1738"
158,158-CENTRAL X GAVEA (CIRCULAR),Fetranspor,369,17429660,"-22.9362","-43.1739"
158,158-CENTRAL X GAVEA (CIRCULAR),Fetranspor,370,17429660,"-22.936","-43.174"
158,158-CENTRAL X GAVEA (CIRCULAR),Fetranspor,371,17429660,"-22.9355","-43.1741"
158,158-CENTRAL X GAVEA (CIRCULAR),Fetranspor,372,17429660,"-22.9351","-43.1741"
158,158-CENTRAL X GAVEA (CIRCULAR),Fetranspor,373,17429660,"-22.9351","-43.1741"
158,158-CENTRAL X GAVEA (CIRCULAR),Fetranspor,374,17429660,"-22.9342","-43.1743"
158,158-CENTRAL X GAVEA (CIRCULAR),Fetranspor,375,17429660,"-22.9338","-43.1743"
158,158-CENTRAL X GAVEA (CIRCULAR),Fetranspor,376,17429660,"-22.9332","-43.1744"
158,158-CENTRAL X GAVEA (CIRCULAR),Fetranspor,377,17429660,"-22.9332","-43.1744"
158,158-CENTRAL X GAVEA (CIRCULAR),Fetranspor,378,17429660,"-22.9329","-43.1744"
158,158-CENTRAL X GAVEA (CIRCULAR),Fetranspor,379,17429660,"-22.9326","-43.1744"
158,158-CENTRAL X GAVEA (CIRCULAR),Fetranspor,380,17429660,"-22.9322","-43.1743"
158,158-CENTRAL X GAVEA (CIRCULAR),Fetranspor,381,17429660,"-22.9319","-43.1743"
158,158-CENTRAL X GAVEA (CIRCULAR),Fetranspor,382,17429660,"-22.9317","-43.1743"
158,158-CENTRAL X GAVEA (CIRCULAR),Fetranspor,383,17429660,"-22.9306","-43.1741"
158,158-CENTRAL X GAVEA (CIRCULAR),Fetranspor,384,17429660,"-22.93","-43.1741"
158,158-CENTRAL X GAVEA (CIRCULAR),Fetranspor,385,17429660,"-22.93","-43.1741"
158,158-CENTRAL X GAVEA (CIRCULAR),Fetranspor,386,17429660,"-22.9298","-43.1741"
158,158-CENTRAL X GAVEA (CIRCULAR),Fetranspor,387,17429660,"-22.9296","-43.174"
158,158-CENTRAL X GAVEA (CIRCULAR),Fetranspor,388,17429660,"-22.9293","-43.174"
158,158-CENTRAL X GAVEA (CIRCULAR),Fetranspor,389,17429660,"-22.9277","-43.1735"
158,158-CENTRAL X GAVEA (CIRCULAR),Fetranspor,390,17429660,"-22.9277","-43.1735"
158,158-CENTRAL X GAVEA (CIRCULAR),Fetranspor,391,17429660,"-22.9254","-43.1728"
158,158-CENTRAL X GAVEA (CIRCULAR),Fetranspor,392,17429660,"-22.9254","-43.1728"
158,158-CENTRAL X GAVEA (CIRCULAR),Fetranspor,393,17429660,"-22.9239","-43.1723"
158,158-CENTRAL X GAVEA (CIRCULAR),Fetranspor,394,17429660,"-22.9236","-43.1723"
158,158-CENTRAL X GAVEA (CIRCULAR),Fetranspor,395,17429660,"-22.9234","-43.1722"
158,158-CENTRAL X GAVEA (CIRCULAR),Fetranspor,396,17429660,"-22.9232","-43.1722"
158,158-CENTRAL X GAVEA (CIRCULAR),Fetranspor,397,17429660,"-22.9231","-43.1722"
158,158-CENTRAL X GAVEA (CIRCULAR),Fetranspor,398,17429660,"-22.9228","-43.1723"
158,158-CENTRAL X GAVEA (CIRCULAR),Fetranspor,399,17429660,"-22.9227","-43.1723"
158,158-CENTRAL X GAVEA (CIRCULAR),Fetranspor,400,17429660,"-22.9227","-43.1723"
158,158-CENTRAL X GAVEA (CIRCULAR),Fetranspor,401,17429660,"-22.9226","-43.1723"
158,158-CENTRAL X GAVEA (CIRCULAR),Fetranspor,402,17429660,"-22.9222","-43.1725"
158,158-CENTRAL X GAVEA (CIRCULAR),Fetranspor,403,17429660,"-22.9221","-43.1726"
158,158-CENTRAL X GAVEA (CIRCULAR),Fetranspor,404,17429660,"-22.9218","-43.1727"
158,158-CENTRAL X GAVEA (CIRCULAR),Fetranspor,405,17429660,"-22.9216","-43.1729"
158,158-CENTRAL X GAVEA (CIRCULAR),Fetranspor,406,17429660,"-22.9214","-43.1731"
158,158-CENTRAL X GAVEA (CIRCULAR),Fetranspor,407,17429660,"-22.9212","-43.1734"
158,158-CENTRAL X GAVEA (CIRCULAR),Fetranspor,408,17429660,"-22.9212","-43.1734"
158,158-CENTRAL X GAVEA (CIRCULAR),Fetranspor,409,17429660,"-22.921","-43.1737"
158,158-CENTRAL X GAVEA (CIRCULAR),Fetranspor,410,17429660,"-22.9208","-43.174"
158,158-CENTRAL X GAVEA (CIRCULAR),Fetranspor,411,17429660,"-22.9208","-43.174"
158,158-CENTRAL X GAVEA (CIRCULAR),Fetranspor,412,17429660,"-22.9203","-43.1745"
158,158-CENTRAL X GAVEA (CIRCULAR),Fetranspor,413,17429660,"-22.9203","-43.1745"
158,158-CENTRAL X GAVEA (CIRCULAR),Fetranspor,414,17429660,"-22.9203","-43.1745"
158,158-CENTRAL X GAVEA (CIRCULAR),Fetranspor,415,17429660,"-22.9202","-43.1745"
158,158-CENTRAL X GAVEA (CIRCULAR),Fetranspor,416,17429660,"-22.9201","-43.1746"
158,158-CENTRAL X GAVEA (CIRCULAR),Fetranspor,417,17429660,"-22.92","-43.1747"
158,158-CENTRAL X GAVEA (CIRCULAR),Fetranspor,418,17429660,"-22.9196","-43.1749"
158,158-CENTRAL X GAVEA (CIRCULAR),Fetranspor,419,17429660,"-22.919","-43.1752"
158,158-CENTRAL X GAVEA (CIRCULAR),Fetranspor,420,17429660,"-22.9187","-43.1753"
158,158-CENTRAL X GAVEA (CIRCULAR),Fetranspor,421,17429660,"-22.9187","-43.1753"
158,158-CENTRAL X GAVEA (CIRCULAR),Fetranspor,422,17429660,"-22.9185","-43.1753"
158,158-CENTRAL X GAVEA (CIRCULAR),Fetranspor,423,17429660,"-22.918","-43.1754"
158,158-CENTRAL X GAVEA (CIRCULAR),Fetranspor,424,17429660,"-22.9171","-43.1755"
158,158-CENTRAL X GAVEA (CIRCULAR),Fetranspor,425,17429660,"-22.9167","-43.1754"
158,158-CENTRAL X GAVEA (CIRCULAR),Fetranspor,426,17429660,"-22.9162","-43.1754"
158,158-CENTRAL X GAVEA (CIRCULAR),Fetranspor,427,17429660,"-22.9159","-43.1753"
158,158-CENTRAL X GAVEA (CIRCULAR),Fetranspor,428,17429660,"-22.9157","-43.1753"
158,158-CENTRAL X GAVEA (CIRCULAR),Fetranspor,429,17429660,"-22.915","-43.1751"
158,158-CENTRAL X GAVEA (CIRCULAR),Fetranspor,430,17429660,"-22.9148","-43.175"
158,158-CENTRAL X GAVEA (CIRCULAR),Fetranspor,431,17429660,"-22.9148","-43.175"
158,158-CENTRAL X GAVEA (CIRCULAR),Fetranspor,432,17429660,"-22.9147","-43.175"
158,158-CENTRAL X GAVEA (CIRCULAR),Fetranspor,433,17429660,"-22.9147","-43.175"
158,158-CENTRAL X GAVEA (CIRCULAR),Fetranspor,434,17429660,"-22.9144","-43.1758"
158,158-CENTRAL X GAVEA (CIRCULAR),Fetranspor,435,17429660,"-22.9144","-43.1758"
158,158-CENTRAL X GAVEA (CIRCULAR),Fetranspor,436,17429660,"-22.9144","-43.176"
158,158-CENTRAL X GAVEA (CIRCULAR),Fetranspor,437,17429660,"-22.9144","-43.176"
158,158-CENTRAL X GAVEA (CIRCULAR),Fetranspor,438,17429660,"-22.9143","-43.1761"
158,158-CENTRAL X GAVEA (CIRCULAR),Fetranspor,439,17429660,"-22.9143","-43.1762"
158,158-CENTRAL X GAVEA (CIRCULAR),Fetranspor,440,17429660,"-22.9143","-43.1765"
158,158-CENTRAL X GAVEA (CIRCULAR),Fetranspor,441,17429660,"-22.9143","-43.1765"
158,158-CENTRAL X GAVEA (CIRCULAR),Fetranspor,442,17429660,"-22.9142","-43.1768"
158,158-CENTRAL X GAVEA (CIRCULAR),Fetranspor,443,17429660,"-22.914","-43.1776"
158,158-CENTRAL X GAVEA (CIRCULAR),Fetranspor,444,17429660,"-22.914","-43.1777"
158,158-CENTRAL X GAVEA (CIRCULAR),Fetranspor,445,17429660,"-22.914","-43.1777"
158,158-CENTRAL X GAVEA (CIRCULAR),Fetranspor,446,17429660,"-22.914","-43.1778"
158,158-CENTRAL X GAVEA (CIRCULAR),Fetranspor,447,17429660,"-22.914","-43.1778"
158,158-CENTRAL X GAVEA (CIRCULAR),Fetranspor,448,17429660,"-22.914","-43.178"
158,158-CENTRAL X GAVEA (CIRCULAR),Fetranspor,449,17429660,"-22.9139","-43.1781"
158,158-CENTRAL X GAVEA (CIRCULAR),Fetranspor,450,17429660,"-22.9138","-43.1782"
158,158-CENTRAL X GAVEA (CIRCULAR),Fetranspor,451,17429660,"-22.9137","-43.1783"
158,158-CENTRAL X GAVEA (CIRCULAR),Fetranspor,452,17429660,"-22.9136","-43.1785"
158,158-CENTRAL X GAVEA (CIRCULAR),Fetranspor,453,17429660,"-22.9136","-43.1785"
158,158-CENTRAL X GAVEA (CIRCULAR),Fetranspor,454,17429660,"-22.9135","-43.1785"
158,158-CENTRAL X GAVEA (CIRCULAR),Fetranspor,455,17429660,"-22.9131","-43.1787"
158,158-CENTRAL X GAVEA (CIRCULAR),Fetranspor,456,17429660,"-22.9125","-43.179"
158,158-CENTRAL X GAVEA (CIRCULAR),Fetranspor,457,17429660,"-22.9122","-43.1791"
158,158-CENTRAL X GAVEA (CIRCULAR),Fetranspor,458,17429660,"-22.9122","-43.1791"
158,158-CENTRAL X GAVEA (CIRCULAR),Fetranspor,459,17429660,"-22.9119","-43.1792"
158,158-CENTRAL X GAVEA (CIRCULAR),Fetranspor,460,17429660,"-22.9111","-43.1795"
158,158-CENTRAL X GAVEA (CIRCULAR),Fetranspor,461,17429660,"-22.9094","-43.1802"
158,158-CENTRAL X GAVEA (CIRCULAR),Fetranspor,462,17429660,"-22.9094","-43.1802"
158,158-CENTRAL X GAVEA (CIRCULAR),Fetranspor,463,17429660,"-22.9092","-43.1802"
158,158-CENTRAL X GAVEA (CIRCULAR),Fetranspor,464,17429660,"-22.9092","-43.1802"
158,158-CENTRAL X GAVEA (CIRCULAR),Fetranspor,465,17429660,"-22.9091","-43.1803"
158,158-CENTRAL X GAVEA (CIRCULAR),Fetranspor,466,17429660,"-22.9091","-43.1803"
158,158-CENTRAL X GAVEA (CIRCULAR),Fetranspor,467,17429660,"-22.9084","-43.1805"
158,158-CENTRAL X GAVEA (CIRCULAR),Fetranspor,468,17429660,"-22.9084","-43.1805"
158,158-CENTRAL X GAVEA (CIRCULAR),Fetranspor,469,17429660,"-22.9074","-43.1809"
158,158-CENTRAL X GAVEA (CIRCULAR),Fetranspor,470,17429660,"-22.9074","-43.1809"
158,158-CENTRAL X GAVEA (CIRCULAR),Fetranspor,471,17429660,"-22.9071","-43.181"
158,158-CENTRAL X GAVEA (CIRCULAR),Fetranspor,472,17429660,"-22.9071","-43.181"
158,158-CENTRAL X GAVEA (CIRCULAR),Fetranspor,473,17429660,"-22.9068","-43.1811"
158,158-CENTRAL X GAVEA (CIRCULAR),Fetranspor,474,17429660,"-22.9068","-43.1811"
158,158-CENTRAL X GAVEA (CIRCULAR),Fetranspor,475,17429660,"-22.9068","-43.1812"
158,158-CENTRAL X GAVEA (CIRCULAR),Fetranspor,476,17429660,"-22.9069","-43.1814"
158,158-CENTRAL X GAVEA (CIRCULAR),Fetranspor,477,17429660,"-22.907","-43.1818"
158,158-CENTRAL X GAVEA (CIRCULAR),Fetranspor,478,17429660,"-22.907","-43.1818"
158,158-CENTRAL X GAVEA (CIRCULAR),Fetranspor,479,17429660,"-22.907","-43.1819"
158,158-CENTRAL X GAVEA (CIRCULAR),Fetranspor,480,17429660,"-22.907","-43.1819"
158,158-CENTRAL X GAVEA (CIRCULAR),Fetranspor,481,17429660,"-22.9071","-43.1821"
158,158-CENTRAL X GAVEA (CIRCULAR),Fetranspor,482,17429660,"-22.9072","-43.1825"
158,158-CENTRAL X GAVEA (CIRCULAR),Fetranspor,483,17429660,"-22.9072","-43.1825"
158,158-CENTRAL X GAVEA (CIRCULAR),Fetranspor,484,17429660,"-22.9074","-43.1831"
158,158-CENTRAL X GAVEA (CIRCULAR),Fetranspor,485,17429660,"-22.9074","-43.1831"
158,158-CENTRAL X GAVEA (CIRCULAR),Fetranspor,486,17429660,"-22.9074","-43.1832"
158,158-CENTRAL X GAVEA (CIRCULAR),Fetranspor,487,17429660,"-22.9074","-43.1832"
158,158-CENTRAL X GAVEA (CIRCULAR),Fetranspor,488,17429660,"-22.9075","-43.1835"
158,158-CENTRAL X GAVEA (CIRCULAR),Fetranspor,489,17429660,"-22.9075","-43.1835"
158,158-CENTRAL X GAVEA (CIRCULAR),Fetranspor,490,17429660,"-22.9077","-43.184"
158,158-CENTRAL X GAVEA (CIRCULAR),Fetranspor,491,17429660,"-22.9077","-43.184"
158,158-CENTRAL X GAVEA (CIRCULAR),Fetranspor,492,17429660,"-22.9078","-43.1844"
158,158-CENTRAL X GAVEA (CIRCULAR),Fetranspor,493,17429660,"-22.9078","-43.1844"
158,158-CENTRAL X GAVEA (CIRCULAR),Fetranspor,494,17429660,"-22.908","-43.185"
158,158-CENTRAL X GAVEA (CIRCULAR),Fetranspor,495,17429660,"-22.908","-43.185"
158,158-CENTRAL X GAVEA (CIRCULAR),Fetranspor,496,17429660,"-22.9081","-43.1854"
158,158-CENTRAL X GAVEA (CIRCULAR),Fetranspor,497,17429660,"-22.9081","-43.1856"
158,158-CENTRAL X GAVEA (CIRCULAR),Fetranspor,498,17429660,"-22.9081","-43.1856"
158,158-CENTRAL X GAVEA (CIRCULAR),Fetranspor,499,17429660,"-22.9083","-43.1861"
158,158-CENTRAL X GAVEA (CIRCULAR),Fetranspor,500,17429660,"-22.9083","-43.1861"
158,158-CENTRAL X GAVEA (CIRCULAR),Fetranspor,501,17429660,"-22.9083","-43.1862"
158,158-CENTRAL X GAVEA (CIRCULAR),Fetranspor,502,17429660,"-22.9083","-43.1862"
158,158-CENTRAL X GAVEA (CIRCULAR),Fetranspor,503,17429660,"-22.9083","-43.1864"
158,158-CENTRAL X GAVEA (CIRCULAR),Fetranspor,504,17429660,"-22.9085","-43.1871"
158,158-CENTRAL X GAVEA (CIRCULAR),Fetranspor,505,17429660,"-22.909","-43.1888"
158,158-CENTRAL X GAVEA (CIRCULAR),Fetranspor,506,17429660,"-22.909","-43.1888"
158,158-CENTRAL X GAVEA (CIRCULAR),Fetranspor,507,17429660,"-22.9077","-43.19"
158,158-CENTRAL X GAVEA (CIRCULAR),Fetranspor,508,17429660,"-22.9077","-43.19"
158,158-CENTRAL X GAVEA (CIRCULAR),Fetranspor,509,17429660,"-22.9076","-43.1901"
158,158-CENTRAL X GAVEA (CIRCULAR),Fetranspor,510,17429660,"-22.9075","-43.1901"
158,158-CENTRAL X GAVEA (CIRCULAR),Fetranspor,511,17429660,"-22.9075","-43.1901"
158,158-CENTRAL X GAVEA (CIRCULAR),Fetranspor,512,17429660,"-22.9072","-43.1902"
158,158-CENTRAL X GAVEA (CIRCULAR),Fetranspor,513,17429660,"-22.9072","-43.1902"
158,158-CENTRAL X GAVEA (CIRCULAR),Fetranspor,514,17429660,"-22.9066","-43.1904"
158,158-CENTRAL X GAVEA (CIRCULAR),Fetranspor,515,17429660,"-22.906","-43.1906"
158,158-CENTRAL X GAVEA (CIRCULAR),Fetranspor,516,17429660,"-22.906","-43.1906"
158,158-CENTRAL X GAVEA (CIRCULAR),Fetranspor,517,17429660,"-22.9055","-43.1907"
158,158-CENTRAL X GAVEA (CIRCULAR),Fetranspor,518,17429660,"-22.9054","-43.1908"
158,158-CENTRAL X GAVEA (CIRCULAR),Fetranspor,519,17429660,"-22.9053","-43.1908"
158,158-CENTRAL X GAVEA (CIRCULAR),Fetranspor,520,17429660,"-22.9052","-43.1907"
158,158-CENTRAL X GAVEA (CIRCULAR),Fetranspor,521,17429660,"-22.9052","-43.1907"
158,158-CENTRAL X GAVEA (CIRCULAR),Fetranspor,522,17429660,"-22.9051","-43.1909"
158,158-CENTRAL X GAVEA (CIRCULAR),Fetranspor,523,17429660,"-22.9051","-43.1909"
158,158-CENTRAL X GAVEA (CIRCULAR),Fetranspor,524,17429660,"-22.905","-43.191"
158,158-CENTRAL X GAVEA (CIRCULAR),Fetranspor,525,17429660,"-22.905","-43.191"
158,158-CENTRAL X GAVEA (CIRCULAR),Fetranspor,526,17429660,"-22.9049","-43.1912"
158,158-CENTRAL X GAVEA (CIRCULAR),Fetranspor,527,17429660,"-22.9049","-43.1912"
158,158-CENTRAL X GAVEA (CIRCULAR),Fetranspor,528,17429660,"-22.905","-43.1914"
158,158-CENTRAL X GAVEA (CIRCULAR),Fetranspor,529,17429660,"-22.905","-43.1914"
158,158-CENTRAL X GAVEA (CIRCULAR),Fetranspor,530,17429660,"-22.905","-43.1916"
158,158-CENTRAL X GAVEA (CIRCULAR),Fetranspor,531,17429660,"-22.905","-43.1916"
158,158-CENTRAL X GAVEA (CIRCULAR),Fetranspor,532,17429660,"-22.9049","-43.1917"
158,158-CENTRAL X GAVEA (CIRCULAR),Fetranspor,533,17429660,"-22.9049","-43.1917"
158,158-CENTRAL X GAVEA (CIRCULAR),Fetranspor,534,17429660,"-22.9049","-43.1917"
158,158-CENTRAL X GAVEA (CIRCULAR),Fetranspor,535,17429660,"-22.905","-43.1921"
158,158-CENTRAL X GAVEA (CIRCULAR),Fetranspor,536,17429660,"-22.9052","-43.1927"
158,158-CENTRAL X GAVEA (CIRCULAR),Fetranspor,537,17429660,"-22.9053","-43.1929"
158,158-CENTRAL X GAVEA (CIRCULAR),Fetranspor,538,17429660,"-22.9052","-43.1929"
158,158-CENTRAL X GAVEA (CIRCULAR),Fetranspor,539,17429660,"-22.9052","-43.193"
158,158-CENTRAL X GAVEA (CIRCULAR),Fetranspor,540,17429660,"-22.9052","-43.193"
158,158-CENTRAL X GAVEA (CIRCULAR),Fetranspor,541,17429660,"-22.905","-43.1931"
