linha,descricao,agencia,sequencia,shape_id,latitude,longitude
176,176-SAO CONRADO X CENTRAL,Fetranspor,0,17367101,"-22.999","-43.2699"
176,176-SAO CONRADO X CENTRAL,Fetranspor,1,17367101,"-22.999","-43.2698"
176,176-SAO CONRADO X CENTRAL,Fetranspor,2,17367101,"-22.999","-43.2697"
176,176-SAO CONRADO X CENTRAL,Fetranspor,3,17367101,"-22.9991","-43.2691"
176,176-SAO CONRADO X CENTRAL,Fetranspor,4,17367101,"-22.9991","-43.269"
176,176-SAO CONRADO X CENTRAL,Fetranspor,5,17367101,"-22.9991","-43.2688"
176,176-SAO CONRADO X CENTRAL,Fetranspor,6,17367101,"-22.9991","-43.2687"
176,176-SAO CONRADO X CENTRAL,Fetranspor,7,17367101,"-22.999","-43.2686"
176,176-SAO CONRADO X CENTRAL,Fetranspor,8,17367101,"-22.9988","-43.2682"
176,176-SAO CONRADO X CENTRAL,Fetranspor,9,17367101,"-22.9988","-43.2681"
176,176-SAO CONRADO X CENTRAL,Fetranspor,10,17367101,"-22.9987","-43.268"
176,176-SAO CONRADO X CENTRAL,Fetranspor,11,17367101,"-22.9985","-43.2673"
176,176-SAO CONRADO X CENTRAL,Fetranspor,12,17367101,"-22.9984","-43.2669"
176,176-SAO CONRADO X CENTRAL,Fetranspor,13,17367101,"-22.9983","-43.2665"
176,176-SAO CONRADO X CENTRAL,Fetranspor,14,17367101,"-22.9983","-43.2665"
176,176-SAO CONRADO X CENTRAL,Fetranspor,15,17367101,"-22.9982","-43.2661"
176,176-SAO CONRADO X CENTRAL,Fetranspor,16,17367101,"-22.9981","-43.266"
176,176-SAO CONRADO X CENTRAL,Fetranspor,17,17367101,"-22.9977","-43.2644"
176,176-SAO CONRADO X CENTRAL,Fetranspor,18,17367101,"-22.9968","-43.2612"
176,176-SAO CONRADO X CENTRAL,Fetranspor,19,17367101,"-22.9968","-43.2612"
176,176-SAO CONRADO X CENTRAL,Fetranspor,20,17367101,"-22.9968","-43.2611"
176,176-SAO CONRADO X CENTRAL,Fetranspor,21,17367101,"-22.9968","-43.2611"
176,176-SAO CONRADO X CENTRAL,Fetranspor,22,17367101,"-22.9966","-43.2607"
176,176-SAO CONRADO X CENTRAL,Fetranspor,23,17367101,"-22.9966","-43.2604"
176,176-SAO CONRADO X CENTRAL,Fetranspor,24,17367101,"-22.9965","-43.2602"
176,176-SAO CONRADO X CENTRAL,Fetranspor,25,17367101,"-22.9965","-43.2602"
176,176-SAO CONRADO X CENTRAL,Fetranspor,26,17367101,"-22.9963","-43.2599"
176,176-SAO CONRADO X CENTRAL,Fetranspor,27,17367101,"-22.9959","-43.2592"
176,176-SAO CONRADO X CENTRAL,Fetranspor,28,17367101,"-22.9958","-43.2591"
176,176-SAO CONRADO X CENTRAL,Fetranspor,29,17367101,"-22.9958","-43.2591"
176,176-SAO CONRADO X CENTRAL,Fetranspor,30,17367101,"-22.9957","-43.259"
176,176-SAO CONRADO X CENTRAL,Fetranspor,31,17367101,"-22.9957","-43.2589"
176,176-SAO CONRADO X CENTRAL,Fetranspor,32,17367101,"-22.9954","-43.2583"
176,176-SAO CONRADO X CENTRAL,Fetranspor,33,17367101,"-22.9954","-43.2583"
176,176-SAO CONRADO X CENTRAL,Fetranspor,34,17367101,"-22.9933","-43.2538"
176,176-SAO CONRADO X CENTRAL,Fetranspor,35,17367101,"-22.9933","-43.2536"
176,176-SAO CONRADO X CENTRAL,Fetranspor,36,17367101,"-22.9932","-43.2534"
176,176-SAO CONRADO X CENTRAL,Fetranspor,37,17367101,"-22.9932","-43.2534"
176,176-SAO CONRADO X CENTRAL,Fetranspor,38,17367101,"-22.9932","-43.2533"
176,176-SAO CONRADO X CENTRAL,Fetranspor,39,17367101,"-22.9932","-43.2533"
176,176-SAO CONRADO X CENTRAL,Fetranspor,40,17367101,"-22.9931","-43.253"
176,176-SAO CONRADO X CENTRAL,Fetranspor,41,17367101,"-22.9931","-43.253"
176,176-SAO CONRADO X CENTRAL,Fetranspor,42,17367101,"-22.9928","-43.2523"
176,176-SAO CONRADO X CENTRAL,Fetranspor,43,17367101,"-22.9926","-43.2518"
176,176-SAO CONRADO X CENTRAL,Fetranspor,44,17367101,"-22.9925","-43.2515"
176,176-SAO CONRADO X CENTRAL,Fetranspor,45,17367101,"-22.9925","-43.2515"
176,176-SAO CONRADO X CENTRAL,Fetranspor,46,17367101,"-22.9925","-43.2511"
176,176-SAO CONRADO X CENTRAL,Fetranspor,47,17367101,"-22.9925","-43.2501"
176,176-SAO CONRADO X CENTRAL,Fetranspor,48,17367101,"-22.9925","-43.2493"
176,176-SAO CONRADO X CENTRAL,Fetranspor,49,17367101,"-22.9925","-43.2493"
176,176-SAO CONRADO X CENTRAL,Fetranspor,50,17367101,"-22.9926","-43.2489"
176,176-SAO CONRADO X CENTRAL,Fetranspor,51,17367101,"-22.9926","-43.2486"
176,176-SAO CONRADO X CENTRAL,Fetranspor,52,17367101,"-22.9925","-43.2482"
176,176-SAO CONRADO X CENTRAL,Fetranspor,53,17367101,"-22.9925","-43.2479"
176,176-SAO CONRADO X CENTRAL,Fetranspor,54,17367101,"-22.9925","-43.2474"
176,176-SAO CONRADO X CENTRAL,Fetranspor,55,17367101,"-22.9924","-43.2471"
176,176-SAO CONRADO X CENTRAL,Fetranspor,56,17367101,"-22.9923","-43.2467"
176,176-SAO CONRADO X CENTRAL,Fetranspor,57,17367101,"-22.9922","-43.2464"
176,176-SAO CONRADO X CENTRAL,Fetranspor,58,17367101,"-22.9921","-43.246"
176,176-SAO CONRADO X CENTRAL,Fetranspor,59,17367101,"-22.992","-43.2457"
176,176-SAO CONRADO X CENTRAL,Fetranspor,60,17367101,"-22.9919","-43.2454"
176,176-SAO CONRADO X CENTRAL,Fetranspor,61,17367101,"-22.9917","-43.2449"
176,176-SAO CONRADO X CENTRAL,Fetranspor,62,17367101,"-22.9916","-43.2446"
176,176-SAO CONRADO X CENTRAL,Fetranspor,63,17367101,"-22.9914","-43.2443"
176,176-SAO CONRADO X CENTRAL,Fetranspor,64,17367101,"-22.9912","-43.244"
176,176-SAO CONRADO X CENTRAL,Fetranspor,65,17367101,"-22.9909","-43.2436"
176,176-SAO CONRADO X CENTRAL,Fetranspor,66,17367101,"-22.9908","-43.2434"
176,176-SAO CONRADO X CENTRAL,Fetranspor,67,17367101,"-22.9906","-43.2431"
176,176-SAO CONRADO X CENTRAL,Fetranspor,68,17367101,"-22.9904","-43.2429"
176,176-SAO CONRADO X CENTRAL,Fetranspor,69,17367101,"-22.9901","-43.2426"
176,176-SAO CONRADO X CENTRAL,Fetranspor,70,17367101,"-22.99","-43.2424"
176,176-SAO CONRADO X CENTRAL,Fetranspor,71,17367101,"-22.9897","-43.2422"
176,176-SAO CONRADO X CENTRAL,Fetranspor,72,17367101,"-22.9895","-43.2419"
176,176-SAO CONRADO X CENTRAL,Fetranspor,73,17367101,"-22.9892","-43.2417"
176,176-SAO CONRADO X CENTRAL,Fetranspor,74,17367101,"-22.9891","-43.2416"
176,176-SAO CONRADO X CENTRAL,Fetranspor,75,17367101,"-22.9858","-43.2395"
176,176-SAO CONRADO X CENTRAL,Fetranspor,76,17367101,"-22.9852","-43.2391"
176,176-SAO CONRADO X CENTRAL,Fetranspor,77,17367101,"-22.9843","-43.2385"
176,176-SAO CONRADO X CENTRAL,Fetranspor,78,17367101,"-22.984","-43.2383"
176,176-SAO CONRADO X CENTRAL,Fetranspor,79,17367101,"-22.984","-43.2383"
176,176-SAO CONRADO X CENTRAL,Fetranspor,80,17367101,"-22.9837","-43.238"
176,176-SAO CONRADO X CENTRAL,Fetranspor,81,17367101,"-22.9835","-43.2378"
176,176-SAO CONRADO X CENTRAL,Fetranspor,82,17367101,"-22.9834","-43.2377"
176,176-SAO CONRADO X CENTRAL,Fetranspor,83,17367101,"-22.9832","-43.2374"
176,176-SAO CONRADO X CENTRAL,Fetranspor,84,17367101,"-22.983","-43.2372"
176,176-SAO CONRADO X CENTRAL,Fetranspor,85,17367101,"-22.983","-43.237"
176,176-SAO CONRADO X CENTRAL,Fetranspor,86,17367101,"-22.9829","-43.2369"
176,176-SAO CONRADO X CENTRAL,Fetranspor,87,17367101,"-22.9828","-43.2366"
176,176-SAO CONRADO X CENTRAL,Fetranspor,88,17367101,"-22.9826","-43.2359"
176,176-SAO CONRADO X CENTRAL,Fetranspor,89,17367101,"-22.9826","-43.2355"
176,176-SAO CONRADO X CENTRAL,Fetranspor,90,17367101,"-22.9824","-43.2352"
176,176-SAO CONRADO X CENTRAL,Fetranspor,91,17367101,"-22.9823","-43.235"
176,176-SAO CONRADO X CENTRAL,Fetranspor,92,17367101,"-22.9822","-43.2347"
176,176-SAO CONRADO X CENTRAL,Fetranspor,93,17367101,"-22.9821","-43.2347"
176,176-SAO CONRADO X CENTRAL,Fetranspor,94,17367101,"-22.982","-43.2345"
176,176-SAO CONRADO X CENTRAL,Fetranspor,95,17367101,"-22.9807","-43.2326"
176,176-SAO CONRADO X CENTRAL,Fetranspor,96,17367101,"-22.9805","-43.2323"
176,176-SAO CONRADO X CENTRAL,Fetranspor,97,17367101,"-22.9803","-43.2319"
176,176-SAO CONRADO X CENTRAL,Fetranspor,98,17367101,"-22.9796","-43.2304"
176,176-SAO CONRADO X CENTRAL,Fetranspor,99,17367101,"-22.9795","-43.2302"
176,176-SAO CONRADO X CENTRAL,Fetranspor,100,17367101,"-22.9794","-43.23"
176,176-SAO CONRADO X CENTRAL,Fetranspor,101,17367101,"-22.9793","-43.2296"
176,176-SAO CONRADO X CENTRAL,Fetranspor,102,17367101,"-22.9792","-43.2293"
176,176-SAO CONRADO X CENTRAL,Fetranspor,103,17367101,"-22.979","-43.2289"
176,176-SAO CONRADO X CENTRAL,Fetranspor,104,17367101,"-22.9789","-43.2284"
176,176-SAO CONRADO X CENTRAL,Fetranspor,105,17367101,"-22.9789","-43.2284"
176,176-SAO CONRADO X CENTRAL,Fetranspor,106,17367101,"-22.9786","-43.227"
176,176-SAO CONRADO X CENTRAL,Fetranspor,107,17367101,"-22.9786","-43.227"
176,176-SAO CONRADO X CENTRAL,Fetranspor,108,17367101,"-22.9785","-43.2266"
176,176-SAO CONRADO X CENTRAL,Fetranspor,109,17367101,"-22.9785","-43.2266"
176,176-SAO CONRADO X CENTRAL,Fetranspor,110,17367101,"-22.9784","-43.2263"
176,176-SAO CONRADO X CENTRAL,Fetranspor,111,17367101,"-22.9784","-43.2263"
176,176-SAO CONRADO X CENTRAL,Fetranspor,112,17367101,"-22.9784","-43.2259"
176,176-SAO CONRADO X CENTRAL,Fetranspor,113,17367101,"-22.9783","-43.2255"
176,176-SAO CONRADO X CENTRAL,Fetranspor,114,17367101,"-22.9782","-43.2249"
176,176-SAO CONRADO X CENTRAL,Fetranspor,115,17367101,"-22.9782","-43.2249"
176,176-SAO CONRADO X CENTRAL,Fetranspor,116,17367101,"-22.9782","-43.2247"
176,176-SAO CONRADO X CENTRAL,Fetranspor,117,17367101,"-22.9782","-43.2247"
176,176-SAO CONRADO X CENTRAL,Fetranspor,118,17367101,"-22.9779","-43.2236"
176,176-SAO CONRADO X CENTRAL,Fetranspor,119,17367101,"-22.9779","-43.2236"
176,176-SAO CONRADO X CENTRAL,Fetranspor,120,17367101,"-22.9783","-43.2235"
176,176-SAO CONRADO X CENTRAL,Fetranspor,121,17367101,"-22.9786","-43.2234"
176,176-SAO CONRADO X CENTRAL,Fetranspor,122,17367101,"-22.9786","-43.2234"
176,176-SAO CONRADO X CENTRAL,Fetranspor,123,17367101,"-22.9789","-43.2242"
176,176-SAO CONRADO X CENTRAL,Fetranspor,124,17367101,"-22.9789","-43.2242"
176,176-SAO CONRADO X CENTRAL,Fetranspor,125,17367101,"-22.9788","-43.2243"
176,176-SAO CONRADO X CENTRAL,Fetranspor,126,17367101,"-22.9785","-43.2246"
176,176-SAO CONRADO X CENTRAL,Fetranspor,127,17367101,"-22.9784","-43.2246"
176,176-SAO CONRADO X CENTRAL,Fetranspor,128,17367101,"-22.9783","-43.2246"
176,176-SAO CONRADO X CENTRAL,Fetranspor,129,17367101,"-22.9782","-43.2247"
176,176-SAO CONRADO X CENTRAL,Fetranspor,130,17367101,"-22.9782","-43.2247"
176,176-SAO CONRADO X CENTRAL,Fetranspor,131,17367101,"-22.978","-43.2247"
176,176-SAO CONRADO X CENTRAL,Fetranspor,132,17367101,"-22.978","-43.2247"
176,176-SAO CONRADO X CENTRAL,Fetranspor,133,17367101,"-22.9771","-43.225"
176,176-SAO CONRADO X CENTRAL,Fetranspor,134,17367101,"-22.9771","-43.225"
176,176-SAO CONRADO X CENTRAL,Fetranspor,135,17367101,"-22.9766","-43.2251"
176,176-SAO CONRADO X CENTRAL,Fetranspor,136,17367101,"-22.9766","-43.2251"
176,176-SAO CONRADO X CENTRAL,Fetranspor,137,17367101,"-22.9764","-43.2251"
176,176-SAO CONRADO X CENTRAL,Fetranspor,138,17367101,"-22.9762","-43.2252"
176,176-SAO CONRADO X CENTRAL,Fetranspor,139,17367101,"-22.9749","-43.2259"
176,176-SAO CONRADO X CENTRAL,Fetranspor,140,17367101,"-22.9749","-43.2259"
176,176-SAO CONRADO X CENTRAL,Fetranspor,141,17367101,"-22.9745","-43.2261"
176,176-SAO CONRADO X CENTRAL,Fetranspor,142,17367101,"-22.9744","-43.2261"
176,176-SAO CONRADO X CENTRAL,Fetranspor,143,17367101,"-22.9743","-43.2261"
176,176-SAO CONRADO X CENTRAL,Fetranspor,144,17367101,"-22.9743","-43.2261"
176,176-SAO CONRADO X CENTRAL,Fetranspor,145,17367101,"-22.9743","-43.2261"
176,176-SAO CONRADO X CENTRAL,Fetranspor,146,17367101,"-22.9741","-43.2259"
176,176-SAO CONRADO X CENTRAL,Fetranspor,147,17367101,"-22.9739","-43.2258"
176,176-SAO CONRADO X CENTRAL,Fetranspor,148,17367101,"-22.9736","-43.2257"
176,176-SAO CONRADO X CENTRAL,Fetranspor,149,17367101,"-22.9731","-43.2252"
176,176-SAO CONRADO X CENTRAL,Fetranspor,150,17367101,"-22.9731","-43.2252"
176,176-SAO CONRADO X CENTRAL,Fetranspor,151,17367101,"-22.9727","-43.2247"
176,176-SAO CONRADO X CENTRAL,Fetranspor,152,17367101,"-22.9724","-43.2245"
176,176-SAO CONRADO X CENTRAL,Fetranspor,153,17367101,"-22.9724","-43.2245"
176,176-SAO CONRADO X CENTRAL,Fetranspor,154,17367101,"-22.9723","-43.2244"
176,176-SAO CONRADO X CENTRAL,Fetranspor,155,17367101,"-22.9698","-43.2222"
176,176-SAO CONRADO X CENTRAL,Fetranspor,156,17367101,"-22.9665","-43.2195"
176,176-SAO CONRADO X CENTRAL,Fetranspor,157,17367101,"-22.9665","-43.2195"
176,176-SAO CONRADO X CENTRAL,Fetranspor,158,17367101,"-22.9664","-43.2194"
176,176-SAO CONRADO X CENTRAL,Fetranspor,159,17367101,"-22.9664","-43.2194"
176,176-SAO CONRADO X CENTRAL,Fetranspor,160,17367101,"-22.9664","-43.2194"
176,176-SAO CONRADO X CENTRAL,Fetranspor,161,17367101,"-22.9664","-43.2194"
176,176-SAO CONRADO X CENTRAL,Fetranspor,162,17367101,"-22.9653","-43.2186"
176,176-SAO CONRADO X CENTRAL,Fetranspor,163,17367101,"-22.9653","-43.2186"
176,176-SAO CONRADO X CENTRAL,Fetranspor,164,17367101,"-22.9648","-43.218"
176,176-SAO CONRADO X CENTRAL,Fetranspor,165,17367101,"-22.9642","-43.2175"
176,176-SAO CONRADO X CENTRAL,Fetranspor,166,17367101,"-22.9642","-43.2175"
176,176-SAO CONRADO X CENTRAL,Fetranspor,167,17367101,"-22.9642","-43.2175"
176,176-SAO CONRADO X CENTRAL,Fetranspor,168,17367101,"-22.9642","-43.2175"
176,176-SAO CONRADO X CENTRAL,Fetranspor,169,17367101,"-22.9641","-43.2174"
176,176-SAO CONRADO X CENTRAL,Fetranspor,170,17367101,"-22.9641","-43.2174"
176,176-SAO CONRADO X CENTRAL,Fetranspor,171,17367101,"-22.9636","-43.2169"
176,176-SAO CONRADO X CENTRAL,Fetranspor,172,17367101,"-22.9636","-43.2169"
176,176-SAO CONRADO X CENTRAL,Fetranspor,173,17367101,"-22.9634","-43.2167"
176,176-SAO CONRADO X CENTRAL,Fetranspor,174,17367101,"-22.9634","-43.2167"
176,176-SAO CONRADO X CENTRAL,Fetranspor,175,17367101,"-22.963","-43.2164"
176,176-SAO CONRADO X CENTRAL,Fetranspor,176,17367101,"-22.963","-43.2164"
176,176-SAO CONRADO X CENTRAL,Fetranspor,177,17367101,"-22.9625","-43.2159"
176,176-SAO CONRADO X CENTRAL,Fetranspor,178,17367101,"-22.9625","-43.2159"
176,176-SAO CONRADO X CENTRAL,Fetranspor,179,17367101,"-22.9622","-43.2155"
176,176-SAO CONRADO X CENTRAL,Fetranspor,180,17367101,"-22.962","-43.2154"
176,176-SAO CONRADO X CENTRAL,Fetranspor,181,17367101,"-22.962","-43.2154"
176,176-SAO CONRADO X CENTRAL,Fetranspor,182,17367101,"-22.9619","-43.2153"
176,176-SAO CONRADO X CENTRAL,Fetranspor,183,17367101,"-22.9618","-43.2151"
176,176-SAO CONRADO X CENTRAL,Fetranspor,184,17367101,"-22.9617","-43.2149"
176,176-SAO CONRADO X CENTRAL,Fetranspor,185,17367101,"-22.9617","-43.2149"
176,176-SAO CONRADO X CENTRAL,Fetranspor,186,17367101,"-22.9616","-43.2147"
176,176-SAO CONRADO X CENTRAL,Fetranspor,187,17367101,"-22.9616","-43.2145"
176,176-SAO CONRADO X CENTRAL,Fetranspor,188,17367101,"-22.9615","-43.2144"
176,176-SAO CONRADO X CENTRAL,Fetranspor,189,17367101,"-22.9614","-43.2143"
176,176-SAO CONRADO X CENTRAL,Fetranspor,190,17367101,"-22.9614","-43.2143"
176,176-SAO CONRADO X CENTRAL,Fetranspor,191,17367101,"-22.9614","-43.2142"
176,176-SAO CONRADO X CENTRAL,Fetranspor,192,17367101,"-22.9614","-43.214"
176,176-SAO CONRADO X CENTRAL,Fetranspor,193,17367101,"-22.9613","-43.2136"
176,176-SAO CONRADO X CENTRAL,Fetranspor,194,17367101,"-22.9613","-43.2136"
176,176-SAO CONRADO X CENTRAL,Fetranspor,195,17367101,"-22.9612","-43.2127"
176,176-SAO CONRADO X CENTRAL,Fetranspor,196,17367101,"-22.9612","-43.2127"
176,176-SAO CONRADO X CENTRAL,Fetranspor,197,17367101,"-22.961","-43.2116"
176,176-SAO CONRADO X CENTRAL,Fetranspor,198,17367101,"-22.961","-43.2116"
176,176-SAO CONRADO X CENTRAL,Fetranspor,199,17367101,"-22.9609","-43.2101"
176,176-SAO CONRADO X CENTRAL,Fetranspor,200,17367101,"-22.9609","-43.2101"
176,176-SAO CONRADO X CENTRAL,Fetranspor,201,17367101,"-22.9608","-43.2095"
176,176-SAO CONRADO X CENTRAL,Fetranspor,202,17367101,"-22.9607","-43.2088"
176,176-SAO CONRADO X CENTRAL,Fetranspor,203,17367101,"-22.9607","-43.2088"
176,176-SAO CONRADO X CENTRAL,Fetranspor,204,17367101,"-22.9607","-43.208"
176,176-SAO CONRADO X CENTRAL,Fetranspor,205,17367101,"-22.9607","-43.208"
176,176-SAO CONRADO X CENTRAL,Fetranspor,206,17367101,"-22.9606","-43.207"
176,176-SAO CONRADO X CENTRAL,Fetranspor,207,17367101,"-22.9606","-43.207"
176,176-SAO CONRADO X CENTRAL,Fetranspor,208,17367101,"-22.9605","-43.2065"
176,176-SAO CONRADO X CENTRAL,Fetranspor,209,17367101,"-22.9605","-43.2065"
176,176-SAO CONRADO X CENTRAL,Fetranspor,210,17367101,"-22.9604","-43.206"
176,176-SAO CONRADO X CENTRAL,Fetranspor,211,17367101,"-22.9604","-43.206"
176,176-SAO CONRADO X CENTRAL,Fetranspor,212,17367101,"-22.9603","-43.2051"
176,176-SAO CONRADO X CENTRAL,Fetranspor,213,17367101,"-22.9603","-43.2051"
176,176-SAO CONRADO X CENTRAL,Fetranspor,214,17367101,"-22.9603","-43.2043"
176,176-SAO CONRADO X CENTRAL,Fetranspor,215,17367101,"-22.9603","-43.2043"
176,176-SAO CONRADO X CENTRAL,Fetranspor,216,17367101,"-22.9603","-43.2043"
176,176-SAO CONRADO X CENTRAL,Fetranspor,217,17367101,"-22.9603","-43.2043"
176,176-SAO CONRADO X CENTRAL,Fetranspor,218,17367101,"-22.9603","-43.2042"
176,176-SAO CONRADO X CENTRAL,Fetranspor,219,17367101,"-22.9603","-43.2042"
176,176-SAO CONRADO X CENTRAL,Fetranspor,220,17367101,"-22.9603","-43.2041"
176,176-SAO CONRADO X CENTRAL,Fetranspor,221,17367101,"-22.9603","-43.2038"
176,176-SAO CONRADO X CENTRAL,Fetranspor,222,17367101,"-22.9603","-43.2038"
176,176-SAO CONRADO X CENTRAL,Fetranspor,223,17367101,"-22.9603","-43.2035"
176,176-SAO CONRADO X CENTRAL,Fetranspor,224,17367101,"-22.9603","-43.203"
176,176-SAO CONRADO X CENTRAL,Fetranspor,225,17367101,"-22.9603","-43.203"
176,176-SAO CONRADO X CENTRAL,Fetranspor,226,17367101,"-22.9602","-43.2026"
176,176-SAO CONRADO X CENTRAL,Fetranspor,227,17367101,"-22.96","-43.2023"
176,176-SAO CONRADO X CENTRAL,Fetranspor,228,17367101,"-22.9599","-43.2021"
176,176-SAO CONRADO X CENTRAL,Fetranspor,229,17367101,"-22.9599","-43.2021"
176,176-SAO CONRADO X CENTRAL,Fetranspor,230,17367101,"-22.9597","-43.2017"
176,176-SAO CONRADO X CENTRAL,Fetranspor,231,17367101,"-22.9595","-43.2011"
176,176-SAO CONRADO X CENTRAL,Fetranspor,232,17367101,"-22.9595","-43.2011"
176,176-SAO CONRADO X CENTRAL,Fetranspor,233,17367101,"-22.9593","-43.2007"
176,176-SAO CONRADO X CENTRAL,Fetranspor,234,17367101,"-22.959","-43.2002"
176,176-SAO CONRADO X CENTRAL,Fetranspor,235,17367101,"-22.9589","-43.2001"
176,176-SAO CONRADO X CENTRAL,Fetranspor,236,17367101,"-22.9589","-43.2001"
176,176-SAO CONRADO X CENTRAL,Fetranspor,237,17367101,"-22.9587","-43.1999"
176,176-SAO CONRADO X CENTRAL,Fetranspor,238,17367101,"-22.9586","-43.1999"
176,176-SAO CONRADO X CENTRAL,Fetranspor,239,17367101,"-22.9577","-43.1992"
176,176-SAO CONRADO X CENTRAL,Fetranspor,240,17367101,"-22.9577","-43.1992"
176,176-SAO CONRADO X CENTRAL,Fetranspor,241,17367101,"-22.9575","-43.199"
176,176-SAO CONRADO X CENTRAL,Fetranspor,242,17367101,"-22.9575","-43.199"
176,176-SAO CONRADO X CENTRAL,Fetranspor,243,17367101,"-22.9568","-43.1985"
176,176-SAO CONRADO X CENTRAL,Fetranspor,244,17367101,"-22.9567","-43.1985"
176,176-SAO CONRADO X CENTRAL,Fetranspor,245,17367101,"-22.9567","-43.1985"
176,176-SAO CONRADO X CENTRAL,Fetranspor,246,17367101,"-22.9564","-43.1983"
176,176-SAO CONRADO X CENTRAL,Fetranspor,247,17367101,"-22.9563","-43.1982"
176,176-SAO CONRADO X CENTRAL,Fetranspor,248,17367101,"-22.9563","-43.1982"
176,176-SAO CONRADO X CENTRAL,Fetranspor,249,17367101,"-22.9562","-43.1981"
176,176-SAO CONRADO X CENTRAL,Fetranspor,250,17367101,"-22.9562","-43.198"
176,176-SAO CONRADO X CENTRAL,Fetranspor,251,17367101,"-22.9559","-43.1972"
176,176-SAO CONRADO X CENTRAL,Fetranspor,252,17367101,"-22.9559","-43.1972"
176,176-SAO CONRADO X CENTRAL,Fetranspor,253,17367101,"-22.9557","-43.1966"
176,176-SAO CONRADO X CENTRAL,Fetranspor,254,17367101,"-22.9557","-43.1966"
176,176-SAO CONRADO X CENTRAL,Fetranspor,255,17367101,"-22.9556","-43.1962"
176,176-SAO CONRADO X CENTRAL,Fetranspor,256,17367101,"-22.9556","-43.1962"
176,176-SAO CONRADO X CENTRAL,Fetranspor,257,17367101,"-22.9552","-43.1953"
176,176-SAO CONRADO X CENTRAL,Fetranspor,258,17367101,"-22.9552","-43.1953"
176,176-SAO CONRADO X CENTRAL,Fetranspor,259,17367101,"-22.955","-43.1946"
176,176-SAO CONRADO X CENTRAL,Fetranspor,260,17367101,"-22.955","-43.1946"
176,176-SAO CONRADO X CENTRAL,Fetranspor,261,17367101,"-22.9548","-43.194"
176,176-SAO CONRADO X CENTRAL,Fetranspor,262,17367101,"-22.9548","-43.194"
176,176-SAO CONRADO X CENTRAL,Fetranspor,263,17367101,"-22.9546","-43.1935"
176,176-SAO CONRADO X CENTRAL,Fetranspor,264,17367101,"-22.9544","-43.1929"
176,176-SAO CONRADO X CENTRAL,Fetranspor,265,17367101,"-22.9544","-43.1929"
176,176-SAO CONRADO X CENTRAL,Fetranspor,266,17367101,"-22.9542","-43.1923"
176,176-SAO CONRADO X CENTRAL,Fetranspor,267,17367101,"-22.9542","-43.1923"
176,176-SAO CONRADO X CENTRAL,Fetranspor,268,17367101,"-22.9539","-43.1914"
176,176-SAO CONRADO X CENTRAL,Fetranspor,269,17367101,"-22.9539","-43.1914"
176,176-SAO CONRADO X CENTRAL,Fetranspor,270,17367101,"-22.9537","-43.1909"
176,176-SAO CONRADO X CENTRAL,Fetranspor,271,17367101,"-22.9537","-43.1909"
176,176-SAO CONRADO X CENTRAL,Fetranspor,272,17367101,"-22.9536","-43.1907"
176,176-SAO CONRADO X CENTRAL,Fetranspor,273,17367101,"-22.9536","-43.1907"
176,176-SAO CONRADO X CENTRAL,Fetranspor,274,17367101,"-22.9533","-43.1898"
176,176-SAO CONRADO X CENTRAL,Fetranspor,275,17367101,"-22.9533","-43.1898"
176,176-SAO CONRADO X CENTRAL,Fetranspor,276,17367101,"-22.9529","-43.1886"
176,176-SAO CONRADO X CENTRAL,Fetranspor,277,17367101,"-22.9529","-43.1886"
176,176-SAO CONRADO X CENTRAL,Fetranspor,278,17367101,"-22.9526","-43.1877"
176,176-SAO CONRADO X CENTRAL,Fetranspor,279,17367101,"-22.9526","-43.1877"
176,176-SAO CONRADO X CENTRAL,Fetranspor,280,17367101,"-22.9526","-43.1875"
176,176-SAO CONRADO X CENTRAL,Fetranspor,281,17367101,"-22.9526","-43.1875"
176,176-SAO CONRADO X CENTRAL,Fetranspor,282,17367101,"-22.9525","-43.1872"
176,176-SAO CONRADO X CENTRAL,Fetranspor,283,17367101,"-22.9524","-43.187"
176,176-SAO CONRADO X CENTRAL,Fetranspor,284,17367101,"-22.9524","-43.187"
176,176-SAO CONRADO X CENTRAL,Fetranspor,285,17367101,"-22.9522","-43.1868"
176,176-SAO CONRADO X CENTRAL,Fetranspor,286,17367101,"-22.9522","-43.1867"
176,176-SAO CONRADO X CENTRAL,Fetranspor,287,17367101,"-22.9522","-43.1867"
176,176-SAO CONRADO X CENTRAL,Fetranspor,288,17367101,"-22.9521","-43.1863"
176,176-SAO CONRADO X CENTRAL,Fetranspor,289,17367101,"-22.9521","-43.1863"
176,176-SAO CONRADO X CENTRAL,Fetranspor,290,17367101,"-22.9515","-43.1848"
176,176-SAO CONRADO X CENTRAL,Fetranspor,291,17367101,"-22.9514","-43.1845"
176,176-SAO CONRADO X CENTRAL,Fetranspor,292,17367101,"-22.9514","-43.1845"
176,176-SAO CONRADO X CENTRAL,Fetranspor,293,17367101,"-22.9513","-43.1842"
176,176-SAO CONRADO X CENTRAL,Fetranspor,294,17367101,"-22.9513","-43.1842"
176,176-SAO CONRADO X CENTRAL,Fetranspor,295,17367101,"-22.9513","-43.1841"
176,176-SAO CONRADO X CENTRAL,Fetranspor,296,17367101,"-22.9513","-43.1841"
176,176-SAO CONRADO X CENTRAL,Fetranspor,297,17367101,"-22.9509","-43.1829"
176,176-SAO CONRADO X CENTRAL,Fetranspor,298,17367101,"-22.9509","-43.1829"
176,176-SAO CONRADO X CENTRAL,Fetranspor,299,17367101,"-22.9506","-43.182"
176,176-SAO CONRADO X CENTRAL,Fetranspor,300,17367101,"-22.9504","-43.1817"
176,176-SAO CONRADO X CENTRAL,Fetranspor,301,17367101,"-22.9504","-43.1817"
176,176-SAO CONRADO X CENTRAL,Fetranspor,302,17367101,"-22.9504","-43.1816"
176,176-SAO CONRADO X CENTRAL,Fetranspor,303,17367101,"-22.9504","-43.1816"
176,176-SAO CONRADO X CENTRAL,Fetranspor,304,17367101,"-22.9503","-43.1815"
176,176-SAO CONRADO X CENTRAL,Fetranspor,305,17367101,"-22.9503","-43.1815"
176,176-SAO CONRADO X CENTRAL,Fetranspor,306,17367101,"-22.9503","-43.1815"
176,176-SAO CONRADO X CENTRAL,Fetranspor,307,17367101,"-22.9502","-43.1815"
176,176-SAO CONRADO X CENTRAL,Fetranspor,308,17367101,"-22.9502","-43.1814"
176,176-SAO CONRADO X CENTRAL,Fetranspor,309,17367101,"-22.95","-43.1814"
176,176-SAO CONRADO X CENTRAL,Fetranspor,310,17367101,"-22.95","-43.1814"
176,176-SAO CONRADO X CENTRAL,Fetranspor,311,17367101,"-22.9499","-43.1814"
176,176-SAO CONRADO X CENTRAL,Fetranspor,312,17367101,"-22.9498","-43.1814"
176,176-SAO CONRADO X CENTRAL,Fetranspor,313,17367101,"-22.9494","-43.1816"
176,176-SAO CONRADO X CENTRAL,Fetranspor,314,17367101,"-22.9494","-43.1816"
176,176-SAO CONRADO X CENTRAL,Fetranspor,315,17367101,"-22.9487","-43.1819"
176,176-SAO CONRADO X CENTRAL,Fetranspor,316,17367101,"-22.9482","-43.182"
176,176-SAO CONRADO X CENTRAL,Fetranspor,317,17367101,"-22.9476","-43.1822"
176,176-SAO CONRADO X CENTRAL,Fetranspor,318,17367101,"-22.9476","-43.1822"
176,176-SAO CONRADO X CENTRAL,Fetranspor,319,17367101,"-22.9471","-43.1822"
176,176-SAO CONRADO X CENTRAL,Fetranspor,320,17367101,"-22.9468","-43.1822"
176,176-SAO CONRADO X CENTRAL,Fetranspor,321,17367101,"-22.9462","-43.1822"
176,176-SAO CONRADO X CENTRAL,Fetranspor,322,17367101,"-22.9462","-43.1822"
176,176-SAO CONRADO X CENTRAL,Fetranspor,323,17367101,"-22.9461","-43.1822"
176,176-SAO CONRADO X CENTRAL,Fetranspor,324,17367101,"-22.9459","-43.1821"
176,176-SAO CONRADO X CENTRAL,Fetranspor,325,17367101,"-22.9454","-43.182"
176,176-SAO CONRADO X CENTRAL,Fetranspor,326,17367101,"-22.9451","-43.1819"
176,176-SAO CONRADO X CENTRAL,Fetranspor,327,17367101,"-22.9444","-43.1816"
176,176-SAO CONRADO X CENTRAL,Fetranspor,328,17367101,"-22.9437","-43.1812"
176,176-SAO CONRADO X CENTRAL,Fetranspor,329,17367101,"-22.9437","-43.1812"
176,176-SAO CONRADO X CENTRAL,Fetranspor,330,17367101,"-22.9431","-43.1808"
176,176-SAO CONRADO X CENTRAL,Fetranspor,331,17367101,"-22.9431","-43.1808"
176,176-SAO CONRADO X CENTRAL,Fetranspor,332,17367101,"-22.9431","-43.1808"
176,176-SAO CONRADO X CENTRAL,Fetranspor,333,17367101,"-22.9426","-43.1803"
176,176-SAO CONRADO X CENTRAL,Fetranspor,334,17367101,"-22.9424","-43.1801"
176,176-SAO CONRADO X CENTRAL,Fetranspor,335,17367101,"-22.9422","-43.1798"
176,176-SAO CONRADO X CENTRAL,Fetranspor,336,17367101,"-22.9421","-43.1796"
176,176-SAO CONRADO X CENTRAL,Fetranspor,337,17367101,"-22.942","-43.1794"
176,176-SAO CONRADO X CENTRAL,Fetranspor,338,17367101,"-22.942","-43.1794"
176,176-SAO CONRADO X CENTRAL,Fetranspor,339,17367101,"-22.9419","-43.1792"
176,176-SAO CONRADO X CENTRAL,Fetranspor,340,17367101,"-22.9418","-43.179"
176,176-SAO CONRADO X CENTRAL,Fetranspor,341,17367101,"-22.9418","-43.1788"
176,176-SAO CONRADO X CENTRAL,Fetranspor,342,17367101,"-22.9418","-43.1788"
176,176-SAO CONRADO X CENTRAL,Fetranspor,343,17367101,"-22.9418","-43.1786"
176,176-SAO CONRADO X CENTRAL,Fetranspor,344,17367101,"-22.9418","-43.1784"
176,176-SAO CONRADO X CENTRAL,Fetranspor,345,17367101,"-22.9419","-43.1779"
176,176-SAO CONRADO X CENTRAL,Fetranspor,346,17367101,"-22.9419","-43.1779"
176,176-SAO CONRADO X CENTRAL,Fetranspor,347,17367101,"-22.9419","-43.1778"
176,176-SAO CONRADO X CENTRAL,Fetranspor,348,17367101,"-22.942","-43.1777"
176,176-SAO CONRADO X CENTRAL,Fetranspor,349,17367101,"-22.9421","-43.1775"
176,176-SAO CONRADO X CENTRAL,Fetranspor,350,17367101,"-22.9424","-43.1771"
176,176-SAO CONRADO X CENTRAL,Fetranspor,351,17367101,"-22.9427","-43.1767"
176,176-SAO CONRADO X CENTRAL,Fetranspor,352,17367101,"-22.9427","-43.1767"
176,176-SAO CONRADO X CENTRAL,Fetranspor,353,17367101,"-22.943","-43.1763"
176,176-SAO CONRADO X CENTRAL,Fetranspor,354,17367101,"-22.9432","-43.1761"
176,176-SAO CONRADO X CENTRAL,Fetranspor,355,17367101,"-22.9432","-43.176"
176,176-SAO CONRADO X CENTRAL,Fetranspor,356,17367101,"-22.9433","-43.1759"
176,176-SAO CONRADO X CENTRAL,Fetranspor,357,17367101,"-22.9433","-43.1758"
176,176-SAO CONRADO X CENTRAL,Fetranspor,358,17367101,"-22.9433","-43.1757"
176,176-SAO CONRADO X CENTRAL,Fetranspor,359,17367101,"-22.9433","-43.1755"
176,176-SAO CONRADO X CENTRAL,Fetranspor,360,17367101,"-22.9433","-43.1754"
176,176-SAO CONRADO X CENTRAL,Fetranspor,361,17367101,"-22.9433","-43.1752"
176,176-SAO CONRADO X CENTRAL,Fetranspor,362,17367101,"-22.9432","-43.1751"
176,176-SAO CONRADO X CENTRAL,Fetranspor,363,17367101,"-22.9432","-43.175"
176,176-SAO CONRADO X CENTRAL,Fetranspor,364,17367101,"-22.9431","-43.1749"
176,176-SAO CONRADO X CENTRAL,Fetranspor,365,17367101,"-22.943","-43.1748"
176,176-SAO CONRADO X CENTRAL,Fetranspor,366,17367101,"-22.943","-43.1748"
176,176-SAO CONRADO X CENTRAL,Fetranspor,367,17367101,"-22.943","-43.1747"
176,176-SAO CONRADO X CENTRAL,Fetranspor,368,17367101,"-22.943","-43.1747"
176,176-SAO CONRADO X CENTRAL,Fetranspor,369,17367101,"-22.9427","-43.1744"
176,176-SAO CONRADO X CENTRAL,Fetranspor,370,17367101,"-22.9425","-43.1742"
176,176-SAO CONRADO X CENTRAL,Fetranspor,371,17367101,"-22.9423","-43.174"
176,176-SAO CONRADO X CENTRAL,Fetranspor,372,17367101,"-22.9421","-43.1737"
176,176-SAO CONRADO X CENTRAL,Fetranspor,373,17367101,"-22.9416","-43.1729"
176,176-SAO CONRADO X CENTRAL,Fetranspor,374,17367101,"-22.9411","-43.1723"
176,176-SAO CONRADO X CENTRAL,Fetranspor,375,17367101,"-22.9409","-43.172"
176,176-SAO CONRADO X CENTRAL,Fetranspor,376,17367101,"-22.9409","-43.1719"
176,176-SAO CONRADO X CENTRAL,Fetranspor,377,17367101,"-22.9407","-43.1717"
176,176-SAO CONRADO X CENTRAL,Fetranspor,378,17367101,"-22.9405","-43.1716"
176,176-SAO CONRADO X CENTRAL,Fetranspor,379,17367101,"-22.9404","-43.1715"
176,176-SAO CONRADO X CENTRAL,Fetranspor,380,17367101,"-22.9399","-43.1713"
176,176-SAO CONRADO X CENTRAL,Fetranspor,381,17367101,"-22.9396","-43.1711"
176,176-SAO CONRADO X CENTRAL,Fetranspor,382,17367101,"-22.9395","-43.171"
176,176-SAO CONRADO X CENTRAL,Fetranspor,383,17367101,"-22.9393","-43.171"
176,176-SAO CONRADO X CENTRAL,Fetranspor,384,17367101,"-22.9393","-43.1709"
176,176-SAO CONRADO X CENTRAL,Fetranspor,385,17367101,"-22.9392","-43.1709"
176,176-SAO CONRADO X CENTRAL,Fetranspor,386,17367101,"-22.9391","-43.1709"
176,176-SAO CONRADO X CENTRAL,Fetranspor,387,17367101,"-22.939","-43.1709"
176,176-SAO CONRADO X CENTRAL,Fetranspor,388,17367101,"-22.9388","-43.171"
176,176-SAO CONRADO X CENTRAL,Fetranspor,389,17367101,"-22.9387","-43.171"
176,176-SAO CONRADO X CENTRAL,Fetranspor,390,17367101,"-22.9386","-43.1711"
176,176-SAO CONRADO X CENTRAL,Fetranspor,391,17367101,"-22.9386","-43.1711"
176,176-SAO CONRADO X CENTRAL,Fetranspor,392,17367101,"-22.9385","-43.1712"
176,176-SAO CONRADO X CENTRAL,Fetranspor,393,17367101,"-22.9384","-43.1713"
176,176-SAO CONRADO X CENTRAL,Fetranspor,394,17367101,"-22.9383","-43.1714"
176,176-SAO CONRADO X CENTRAL,Fetranspor,395,17367101,"-22.9382","-43.1715"
176,176-SAO CONRADO X CENTRAL,Fetranspor,396,17367101,"-22.938","-43.1719"
176,176-SAO CONRADO X CENTRAL,Fetranspor,397,17367101,"-22.9379","-43.172"
176,176-SAO CONRADO X CENTRAL,Fetranspor,398,17367101,"-22.9379","-43.172"
176,176-SAO CONRADO X CENTRAL,Fetranspor,399,17367101,"-22.9378","-43.1723"
176,176-SAO CONRADO X CENTRAL,Fetranspor,400,17367101,"-22.9378","-43.1723"
176,176-SAO CONRADO X CENTRAL,Fetranspor,401,17367101,"-22.9377","-43.1724"
176,176-SAO CONRADO X CENTRAL,Fetranspor,402,17367101,"-22.9375","-43.1727"
176,176-SAO CONRADO X CENTRAL,Fetranspor,403,17367101,"-22.9372","-43.1731"
176,176-SAO CONRADO X CENTRAL,Fetranspor,404,17367101,"-22.937","-43.1733"
176,176-SAO CONRADO X CENTRAL,Fetranspor,405,17367101,"-22.937","-43.1733"
176,176-SAO CONRADO X CENTRAL,Fetranspor,406,17367101,"-22.937","-43.1734"
176,176-SAO CONRADO X CENTRAL,Fetranspor,407,17367101,"-22.9368","-43.1735"
176,176-SAO CONRADO X CENTRAL,Fetranspor,408,17367101,"-22.9366","-43.1737"
176,176-SAO CONRADO X CENTRAL,Fetranspor,409,17367101,"-22.9364","-43.1738"
176,176-SAO CONRADO X CENTRAL,Fetranspor,410,17367101,"-22.9362","-43.1739"
176,176-SAO CONRADO X CENTRAL,Fetranspor,411,17367101,"-22.936","-43.174"
176,176-SAO CONRADO X CENTRAL,Fetranspor,412,17367101,"-22.9355","-43.1741"
176,176-SAO CONRADO X CENTRAL,Fetranspor,413,17367101,"-22.9351","-43.1741"
176,176-SAO CONRADO X CENTRAL,Fetranspor,414,17367101,"-22.9351","-43.1741"
176,176-SAO CONRADO X CENTRAL,Fetranspor,415,17367101,"-22.9342","-43.1743"
176,176-SAO CONRADO X CENTRAL,Fetranspor,416,17367101,"-22.9338","-43.1743"
176,176-SAO CONRADO X CENTRAL,Fetranspor,417,17367101,"-22.9332","-43.1744"
176,176-SAO CONRADO X CENTRAL,Fetranspor,418,17367101,"-22.9332","-43.1744"
176,176-SAO CONRADO X CENTRAL,Fetranspor,419,17367101,"-22.9329","-43.1744"
176,176-SAO CONRADO X CENTRAL,Fetranspor,420,17367101,"-22.9326","-43.1744"
176,176-SAO CONRADO X CENTRAL,Fetranspor,421,17367101,"-22.9322","-43.1743"
176,176-SAO CONRADO X CENTRAL,Fetranspor,422,17367101,"-22.9319","-43.1743"
176,176-SAO CONRADO X CENTRAL,Fetranspor,423,17367101,"-22.9317","-43.1743"
176,176-SAO CONRADO X CENTRAL,Fetranspor,424,17367101,"-22.9306","-43.1741"
176,176-SAO CONRADO X CENTRAL,Fetranspor,425,17367101,"-22.93","-43.1741"
176,176-SAO CONRADO X CENTRAL,Fetranspor,426,17367101,"-22.93","-43.1741"
176,176-SAO CONRADO X CENTRAL,Fetranspor,427,17367101,"-22.9298","-43.1741"
176,176-SAO CONRADO X CENTRAL,Fetranspor,428,17367101,"-22.9296","-43.174"
176,176-SAO CONRADO X CENTRAL,Fetranspor,429,17367101,"-22.9293","-43.174"
176,176-SAO CONRADO X CENTRAL,Fetranspor,430,17367101,"-22.9277","-43.1735"
176,176-SAO CONRADO X CENTRAL,Fetranspor,431,17367101,"-22.9277","-43.1735"
176,176-SAO CONRADO X CENTRAL,Fetranspor,432,17367101,"-22.9254","-43.1728"
176,176-SAO CONRADO X CENTRAL,Fetranspor,433,17367101,"-22.9254","-43.1728"
176,176-SAO CONRADO X CENTRAL,Fetranspor,434,17367101,"-22.9239","-43.1723"
176,176-SAO CONRADO X CENTRAL,Fetranspor,435,17367101,"-22.9236","-43.1723"
176,176-SAO CONRADO X CENTRAL,Fetranspor,436,17367101,"-22.9234","-43.1722"
176,176-SAO CONRADO X CENTRAL,Fetranspor,437,17367101,"-22.9232","-43.1722"
176,176-SAO CONRADO X CENTRAL,Fetranspor,438,17367101,"-22.9231","-43.1722"
176,176-SAO CONRADO X CENTRAL,Fetranspor,439,17367101,"-22.9228","-43.1723"
176,176-SAO CONRADO X CENTRAL,Fetranspor,440,17367101,"-22.9227","-43.1723"
176,176-SAO CONRADO X CENTRAL,Fetranspor,441,17367101,"-22.9227","-43.1723"
176,176-SAO CONRADO X CENTRAL,Fetranspor,442,17367101,"-22.9226","-43.1723"
176,176-SAO CONRADO X CENTRAL,Fetranspor,443,17367101,"-22.9222","-43.1725"
176,176-SAO CONRADO X CENTRAL,Fetranspor,444,17367101,"-22.9221","-43.1726"
176,176-SAO CONRADO X CENTRAL,Fetranspor,445,17367101,"-22.9218","-43.1727"
176,176-SAO CONRADO X CENTRAL,Fetranspor,446,17367101,"-22.9216","-43.1729"
176,176-SAO CONRADO X CENTRAL,Fetranspor,447,17367101,"-22.9214","-43.1731"
176,176-SAO CONRADO X CENTRAL,Fetranspor,448,17367101,"-22.9212","-43.1734"
176,176-SAO CONRADO X CENTRAL,Fetranspor,449,17367101,"-22.9212","-43.1734"
176,176-SAO CONRADO X CENTRAL,Fetranspor,450,17367101,"-22.921","-43.1737"
176,176-SAO CONRADO X CENTRAL,Fetranspor,451,17367101,"-22.9208","-43.174"
176,176-SAO CONRADO X CENTRAL,Fetranspor,452,17367101,"-22.9208","-43.174"
176,176-SAO CONRADO X CENTRAL,Fetranspor,453,17367101,"-22.9203","-43.1745"
176,176-SAO CONRADO X CENTRAL,Fetranspor,454,17367101,"-22.9203","-43.1745"
176,176-SAO CONRADO X CENTRAL,Fetranspor,455,17367101,"-22.9202","-43.1745"
176,176-SAO CONRADO X CENTRAL,Fetranspor,456,17367101,"-22.9202","-43.1745"
176,176-SAO CONRADO X CENTRAL,Fetranspor,457,17367101,"-22.9198","-43.1747"
176,176-SAO CONRADO X CENTRAL,Fetranspor,458,17367101,"-22.9196","-43.1748"
176,176-SAO CONRADO X CENTRAL,Fetranspor,459,17367101,"-22.9191","-43.175"
176,176-SAO CONRADO X CENTRAL,Fetranspor,460,17367101,"-22.9187","-43.1751"
176,176-SAO CONRADO X CENTRAL,Fetranspor,461,17367101,"-22.9183","-43.1752"
176,176-SAO CONRADO X CENTRAL,Fetranspor,462,17367101,"-22.9179","-43.1752"
176,176-SAO CONRADO X CENTRAL,Fetranspor,463,17367101,"-22.9172","-43.1753"
176,176-SAO CONRADO X CENTRAL,Fetranspor,464,17367101,"-22.9168","-43.1753"
176,176-SAO CONRADO X CENTRAL,Fetranspor,465,17367101,"-22.9162","-43.1752"
176,176-SAO CONRADO X CENTRAL,Fetranspor,466,17367101,"-22.9156","-43.1751"
176,176-SAO CONRADO X CENTRAL,Fetranspor,467,17367101,"-22.9153","-43.175"
176,176-SAO CONRADO X CENTRAL,Fetranspor,468,17367101,"-22.9148","-43.1749"
176,176-SAO CONRADO X CENTRAL,Fetranspor,469,17367101,"-22.9148","-43.1749"
176,176-SAO CONRADO X CENTRAL,Fetranspor,470,17367101,"-22.9144","-43.1747"
176,176-SAO CONRADO X CENTRAL,Fetranspor,471,17367101,"-22.9141","-43.1746"
176,176-SAO CONRADO X CENTRAL,Fetranspor,472,17367101,"-22.9139","-43.1745"
176,176-SAO CONRADO X CENTRAL,Fetranspor,473,17367101,"-22.9137","-43.1744"
176,176-SAO CONRADO X CENTRAL,Fetranspor,474,17367101,"-22.9137","-43.1744"
176,176-SAO CONRADO X CENTRAL,Fetranspor,475,17367101,"-22.9134","-43.1742"
176,176-SAO CONRADO X CENTRAL,Fetranspor,476,17367101,"-22.9129","-43.1738"
176,176-SAO CONRADO X CENTRAL,Fetranspor,477,17367101,"-22.9129","-43.1738"
176,176-SAO CONRADO X CENTRAL,Fetranspor,478,17367101,"-22.9125","-43.1735"
176,176-SAO CONRADO X CENTRAL,Fetranspor,479,17367101,"-22.9122","-43.1731"
176,176-SAO CONRADO X CENTRAL,Fetranspor,480,17367101,"-22.912","-43.1729"
176,176-SAO CONRADO X CENTRAL,Fetranspor,481,17367101,"-22.912","-43.1729"
176,176-SAO CONRADO X CENTRAL,Fetranspor,482,17367101,"-22.9118","-43.1727"
176,176-SAO CONRADO X CENTRAL,Fetranspor,483,17367101,"-22.9117","-43.1726"
176,176-SAO CONRADO X CENTRAL,Fetranspor,484,17367101,"-22.9117","-43.1726"
176,176-SAO CONRADO X CENTRAL,Fetranspor,485,17367101,"-22.9116","-43.1724"
176,176-SAO CONRADO X CENTRAL,Fetranspor,486,17367101,"-22.9114","-43.1721"
176,176-SAO CONRADO X CENTRAL,Fetranspor,487,17367101,"-22.9113","-43.172"
176,176-SAO CONRADO X CENTRAL,Fetranspor,488,17367101,"-22.9113","-43.172"
176,176-SAO CONRADO X CENTRAL,Fetranspor,489,17367101,"-22.9113","-43.1719"
176,176-SAO CONRADO X CENTRAL,Fetranspor,490,17367101,"-22.9113","-43.1719"
176,176-SAO CONRADO X CENTRAL,Fetranspor,491,17367101,"-22.9112","-43.1718"
176,176-SAO CONRADO X CENTRAL,Fetranspor,492,17367101,"-22.9111","-43.1717"
176,176-SAO CONRADO X CENTRAL,Fetranspor,493,17367101,"-22.911","-43.1717"
176,176-SAO CONRADO X CENTRAL,Fetranspor,494,17367101,"-22.9109","-43.1717"
176,176-SAO CONRADO X CENTRAL,Fetranspor,495,17367101,"-22.9108","-43.1717"
176,176-SAO CONRADO X CENTRAL,Fetranspor,496,17367101,"-22.9108","-43.1717"
176,176-SAO CONRADO X CENTRAL,Fetranspor,497,17367101,"-22.91","-43.1719"
176,176-SAO CONRADO X CENTRAL,Fetranspor,498,17367101,"-22.91","-43.1719"
176,176-SAO CONRADO X CENTRAL,Fetranspor,499,17367101,"-22.91","-43.1719"
176,176-SAO CONRADO X CENTRAL,Fetranspor,500,17367101,"-22.9099","-43.1719"
176,176-SAO CONRADO X CENTRAL,Fetranspor,501,17367101,"-22.9097","-43.172"
176,176-SAO CONRADO X CENTRAL,Fetranspor,502,17367101,"-22.9097","-43.172"
176,176-SAO CONRADO X CENTRAL,Fetranspor,503,17367101,"-22.9096","-43.172"
176,176-SAO CONRADO X CENTRAL,Fetranspor,504,17367101,"-22.9096","-43.172"
176,176-SAO CONRADO X CENTRAL,Fetranspor,505,17367101,"-22.9093","-43.1721"
176,176-SAO CONRADO X CENTRAL,Fetranspor,506,17367101,"-22.9093","-43.1721"
176,176-SAO CONRADO X CENTRAL,Fetranspor,507,17367101,"-22.909","-43.1722"
176,176-SAO CONRADO X CENTRAL,Fetranspor,508,17367101,"-22.909","-43.1722"
176,176-SAO CONRADO X CENTRAL,Fetranspor,509,17367101,"-22.9081","-43.1725"
176,176-SAO CONRADO X CENTRAL,Fetranspor,510,17367101,"-22.9081","-43.1725"
176,176-SAO CONRADO X CENTRAL,Fetranspor,511,17367101,"-22.9071","-43.1728"
176,176-SAO CONRADO X CENTRAL,Fetranspor,512,17367101,"-22.9071","-43.1728"
176,176-SAO CONRADO X CENTRAL,Fetranspor,513,17367101,"-22.9066","-43.173"
176,176-SAO CONRADO X CENTRAL,Fetranspor,514,17367101,"-22.9066","-43.173"
176,176-SAO CONRADO X CENTRAL,Fetranspor,515,17367101,"-22.9065","-43.173"
176,176-SAO CONRADO X CENTRAL,Fetranspor,516,17367101,"-22.9065","-43.173"
176,176-SAO CONRADO X CENTRAL,Fetranspor,517,17367101,"-22.9061","-43.1732"
176,176-SAO CONRADO X CENTRAL,Fetranspor,518,17367101,"-22.9057","-43.1734"
176,176-SAO CONRADO X CENTRAL,Fetranspor,519,17367101,"-22.9052","-43.1738"
176,176-SAO CONRADO X CENTRAL,Fetranspor,520,17367101,"-22.905","-43.1739"
176,176-SAO CONRADO X CENTRAL,Fetranspor,521,17367101,"-22.905","-43.1739"
176,176-SAO CONRADO X CENTRAL,Fetranspor,522,17367101,"-22.9047","-43.1742"
176,176-SAO CONRADO X CENTRAL,Fetranspor,523,17367101,"-22.9047","-43.1742"
176,176-SAO CONRADO X CENTRAL,Fetranspor,524,17367101,"-22.9046","-43.1742"
176,176-SAO CONRADO X CENTRAL,Fetranspor,525,17367101,"-22.9044","-43.1743"
176,176-SAO CONRADO X CENTRAL,Fetranspor,526,17367101,"-22.9044","-43.1743"
176,176-SAO CONRADO X CENTRAL,Fetranspor,527,17367101,"-22.9043","-43.1744"
176,176-SAO CONRADO X CENTRAL,Fetranspor,528,17367101,"-22.9041","-43.1745"
176,176-SAO CONRADO X CENTRAL,Fetranspor,529,17367101,"-22.904","-43.1745"
176,176-SAO CONRADO X CENTRAL,Fetranspor,530,17367101,"-22.904","-43.1745"
176,176-SAO CONRADO X CENTRAL,Fetranspor,531,17367101,"-22.9039","-43.1746"
176,176-SAO CONRADO X CENTRAL,Fetranspor,532,17367101,"-22.9037","-43.1748"
176,176-SAO CONRADO X CENTRAL,Fetranspor,533,17367101,"-22.9034","-43.175"
176,176-SAO CONRADO X CENTRAL,Fetranspor,534,17367101,"-22.9034","-43.175"
176,176-SAO CONRADO X CENTRAL,Fetranspor,535,17367101,"-22.9032","-43.1752"
176,176-SAO CONRADO X CENTRAL,Fetranspor,536,17367101,"-22.9032","-43.1752"
176,176-SAO CONRADO X CENTRAL,Fetranspor,537,17367101,"-22.9029","-43.1755"
176,176-SAO CONRADO X CENTRAL,Fetranspor,538,17367101,"-22.9029","-43.1755"
176,176-SAO CONRADO X CENTRAL,Fetranspor,539,17367101,"-22.9024","-43.1759"
176,176-SAO CONRADO X CENTRAL,Fetranspor,540,17367101,"-22.9024","-43.1759"
176,176-SAO CONRADO X CENTRAL,Fetranspor,541,17367101,"-22.9019","-43.1761"
176,176-SAO CONRADO X CENTRAL,Fetranspor,542,17367101,"-22.9019","-43.1761"
176,176-SAO CONRADO X CENTRAL,Fetranspor,543,17367101,"-22.9018","-43.1762"
176,176-SAO CONRADO X CENTRAL,Fetranspor,544,17367101,"-22.9017","-43.1763"
176,176-SAO CONRADO X CENTRAL,Fetranspor,545,17367101,"-22.9017","-43.1763"
176,176-SAO CONRADO X CENTRAL,Fetranspor,546,17367101,"-22.9015","-43.1764"
176,176-SAO CONRADO X CENTRAL,Fetranspor,547,17367101,"-22.9015","-43.1764"
176,176-SAO CONRADO X CENTRAL,Fetranspor,548,17367101,"-22.9013","-43.1765"
176,176-SAO CONRADO X CENTRAL,Fetranspor,549,17367101,"-22.9013","-43.1765"
176,176-SAO CONRADO X CENTRAL,Fetranspor,550,17367101,"-22.901","-43.1766"
176,176-SAO CONRADO X CENTRAL,Fetranspor,551,17367101,"-22.9008","-43.1767"
176,176-SAO CONRADO X CENTRAL,Fetranspor,552,17367101,"-22.9008","-43.1767"
176,176-SAO CONRADO X CENTRAL,Fetranspor,553,17367101,"-22.9006","-43.1768"
176,176-SAO CONRADO X CENTRAL,Fetranspor,554,17367101,"-22.9006","-43.1768"
176,176-SAO CONRADO X CENTRAL,Fetranspor,555,17367101,"-22.9003","-43.1769"
176,176-SAO CONRADO X CENTRAL,Fetranspor,556,17367101,"-22.9003","-43.1769"
176,176-SAO CONRADO X CENTRAL,Fetranspor,557,17367101,"-22.9004","-43.1772"
176,176-SAO CONRADO X CENTRAL,Fetranspor,558,17367101,"-22.9004","-43.1774"
176,176-SAO CONRADO X CENTRAL,Fetranspor,559,17367101,"-22.9004","-43.1774"
176,176-SAO CONRADO X CENTRAL,Fetranspor,560,17367101,"-22.9004","-43.1774"
176,176-SAO CONRADO X CENTRAL,Fetranspor,561,17367101,"-22.9004","-43.1774"
176,176-SAO CONRADO X CENTRAL,Fetranspor,562,17367101,"-22.9007","-43.1783"
176,176-SAO CONRADO X CENTRAL,Fetranspor,563,17367101,"-22.9007","-43.1783"
176,176-SAO CONRADO X CENTRAL,Fetranspor,564,17367101,"-22.9008","-43.1785"
176,176-SAO CONRADO X CENTRAL,Fetranspor,565,17367101,"-22.9009","-43.179"
176,176-SAO CONRADO X CENTRAL,Fetranspor,566,17367101,"-22.9009","-43.179"
176,176-SAO CONRADO X CENTRAL,Fetranspor,567,17367101,"-22.9012","-43.1791"
176,176-SAO CONRADO X CENTRAL,Fetranspor,568,17367101,"-22.9012","-43.1791"
176,176-SAO CONRADO X CENTRAL,Fetranspor,569,17367101,"-22.9013","-43.1795"
176,176-SAO CONRADO X CENTRAL,Fetranspor,570,17367101,"-22.9018","-43.181"
176,176-SAO CONRADO X CENTRAL,Fetranspor,571,17367101,"-22.9018","-43.1813"
176,176-SAO CONRADO X CENTRAL,Fetranspor,572,17367101,"-22.9019","-43.1815"
176,176-SAO CONRADO X CENTRAL,Fetranspor,573,17367101,"-22.9019","-43.1815"
176,176-SAO CONRADO X CENTRAL,Fetranspor,574,17367101,"-22.9027","-43.184"
176,176-SAO CONRADO X CENTRAL,Fetranspor,575,17367101,"-22.9027","-43.184"
176,176-SAO CONRADO X CENTRAL,Fetranspor,576,17367101,"-22.9028","-43.1842"
176,176-SAO CONRADO X CENTRAL,Fetranspor,577,17367101,"-22.9028","-43.1842"
176,176-SAO CONRADO X CENTRAL,Fetranspor,578,17367101,"-22.9029","-43.1852"
176,176-SAO CONRADO X CENTRAL,Fetranspor,579,17367101,"-22.9029","-43.1852"
176,176-SAO CONRADO X CENTRAL,Fetranspor,580,17367101,"-22.9031","-43.1858"
176,176-SAO CONRADO X CENTRAL,Fetranspor,581,17367101,"-22.9031","-43.1858"
176,176-SAO CONRADO X CENTRAL,Fetranspor,582,17367101,"-22.9036","-43.1871"
176,176-SAO CONRADO X CENTRAL,Fetranspor,583,17367101,"-22.9036","-43.1871"
176,176-SAO CONRADO X CENTRAL,Fetranspor,584,17367101,"-22.904","-43.1884"
176,176-SAO CONRADO X CENTRAL,Fetranspor,585,17367101,"-22.904","-43.1884"
176,176-SAO CONRADO X CENTRAL,Fetranspor,586,17367101,"-22.9043","-43.1894"
176,176-SAO CONRADO X CENTRAL,Fetranspor,587,17367101,"-22.9045","-43.1901"
176,176-SAO CONRADO X CENTRAL,Fetranspor,588,17367101,"-22.9045","-43.1901"
176,176-SAO CONRADO X CENTRAL,Fetranspor,589,17367101,"-22.9047","-43.1906"
176,176-SAO CONRADO X CENTRAL,Fetranspor,590,17367101,"-22.9047","-43.1906"
176,176-SAO CONRADO X CENTRAL,Fetranspor,591,17367101,"-22.9047","-43.1908"
176,176-SAO CONRADO X CENTRAL,Fetranspor,592,17367101,"-22.9049","-43.1912"
176,176-SAO CONRADO X CENTRAL,Fetranspor,593,17367101,"-22.9049","-43.1912"
176,176-SAO CONRADO X CENTRAL,Fetranspor,594,17367101,"-22.905","-43.1914"
176,176-SAO CONRADO X CENTRAL,Fetranspor,595,17367101,"-22.905","-43.1914"
176,176-SAO CONRADO X CENTRAL,Fetranspor,596,17367101,"-22.905","-43.1916"
176,176-SAO CONRADO X CENTRAL,Fetranspor,597,17367101,"-22.905","-43.1916"
176,176-SAO CONRADO X CENTRAL,Fetranspor,598,17367101,"-22.9049","-43.1917"
176,176-SAO CONRADO X CENTRAL,Fetranspor,599,17367101,"-22.9049","-43.1917"
176,176-SAO CONRADO X CENTRAL,Fetranspor,600,17367101,"-22.9049","-43.1917"
176,176-SAO CONRADO X CENTRAL,Fetranspor,601,17367101,"-22.905","-43.1921"
176,176-SAO CONRADO X CENTRAL,Fetranspor,602,17367101,"-22.9052","-43.1927"
176,176-SAO CONRADO X CENTRAL,Fetranspor,603,17367101,"-22.9053","-43.1929"
176,176-SAO CONRADO X CENTRAL,Fetranspor,604,17367101,"-22.9052","-43.1929"
176,176-SAO CONRADO X CENTRAL,Fetranspor,605,17367101,"-22.9052","-43.193"
176,176-SAO CONRADO X CENTRAL,Fetranspor,606,17367101,"-22.9052","-43.193"
176,176-SAO CONRADO X CENTRAL,Fetranspor,607,17367101,"-22.905","-43.1931"
176,176-SAO CONRADO X CENTRAL,Fetranspor,0,17387583,"-22.9049","-43.1917"
176,176-SAO CONRADO X CENTRAL,Fetranspor,1,17387583,"-22.9048","-43.1919"
176,176-SAO CONRADO X CENTRAL,Fetranspor,2,17387583,"-22.9048","-43.1919"
176,176-SAO CONRADO X CENTRAL,Fetranspor,3,17387583,"-22.9051","-43.1928"
176,176-SAO CONRADO X CENTRAL,Fetranspor,4,17387583,"-22.9051","-43.193"
176,176-SAO CONRADO X CENTRAL,Fetranspor,5,17387583,"-22.9051","-43.193"
176,176-SAO CONRADO X CENTRAL,Fetranspor,6,17387583,"-22.9051","-43.1931"
176,176-SAO CONRADO X CENTRAL,Fetranspor,7,17387583,"-22.905","-43.1931"
176,176-SAO CONRADO X CENTRAL,Fetranspor,8,17387583,"-22.905","-43.1931"
176,176-SAO CONRADO X CENTRAL,Fetranspor,9,17387583,"-22.9049","-43.1931"
176,176-SAO CONRADO X CENTRAL,Fetranspor,10,17387583,"-22.9049","-43.1931"
176,176-SAO CONRADO X CENTRAL,Fetranspor,11,17387583,"-22.9048","-43.1931"
176,176-SAO CONRADO X CENTRAL,Fetranspor,12,17387583,"-22.9047","-43.193"
176,176-SAO CONRADO X CENTRAL,Fetranspor,13,17387583,"-22.9046","-43.1926"
176,176-SAO CONRADO X CENTRAL,Fetranspor,14,17387583,"-22.9044","-43.1915"
176,176-SAO CONRADO X CENTRAL,Fetranspor,15,17387583,"-22.9044","-43.1915"
176,176-SAO CONRADO X CENTRAL,Fetranspor,16,17387583,"-22.904","-43.1905"
176,176-SAO CONRADO X CENTRAL,Fetranspor,17,17387583,"-22.904","-43.1905"
176,176-SAO CONRADO X CENTRAL,Fetranspor,18,17387583,"-22.9037","-43.1896"
176,176-SAO CONRADO X CENTRAL,Fetranspor,19,17387583,"-22.9035","-43.1891"
176,176-SAO CONRADO X CENTRAL,Fetranspor,20,17387583,"-22.9034","-43.1886"
176,176-SAO CONRADO X CENTRAL,Fetranspor,21,17387583,"-22.9034","-43.1886"
176,176-SAO CONRADO X CENTRAL,Fetranspor,22,17387583,"-22.9033","-43.1885"
176,176-SAO CONRADO X CENTRAL,Fetranspor,23,17387583,"-22.9032","-43.188"
176,176-SAO CONRADO X CENTRAL,Fetranspor,24,17387583,"-22.903","-43.1874"
176,176-SAO CONRADO X CENTRAL,Fetranspor,25,17387583,"-22.903","-43.1874"
176,176-SAO CONRADO X CENTRAL,Fetranspor,26,17387583,"-22.9025","-43.1861"
176,176-SAO CONRADO X CENTRAL,Fetranspor,27,17387583,"-22.9025","-43.1861"
176,176-SAO CONRADO X CENTRAL,Fetranspor,28,17387583,"-22.9022","-43.1853"
176,176-SAO CONRADO X CENTRAL,Fetranspor,29,17387583,"-22.902","-43.1849"
176,176-SAO CONRADO X CENTRAL,Fetranspor,30,17387583,"-22.9019","-43.1847"
176,176-SAO CONRADO X CENTRAL,Fetranspor,31,17387583,"-22.9019","-43.1847"
176,176-SAO CONRADO X CENTRAL,Fetranspor,32,17387583,"-22.9019","-43.1846"
176,176-SAO CONRADO X CENTRAL,Fetranspor,33,17387583,"-22.9019","-43.1846"
176,176-SAO CONRADO X CENTRAL,Fetranspor,34,17387583,"-22.902","-43.1845"
176,176-SAO CONRADO X CENTRAL,Fetranspor,35,17387583,"-22.902","-43.1844"
176,176-SAO CONRADO X CENTRAL,Fetranspor,36,17387583,"-22.9026","-43.1841"
176,176-SAO CONRADO X CENTRAL,Fetranspor,37,17387583,"-22.9026","-43.1841"
176,176-SAO CONRADO X CENTRAL,Fetranspor,38,17387583,"-22.9026","-43.184"
176,176-SAO CONRADO X CENTRAL,Fetranspor,39,17387583,"-22.9027","-43.184"
176,176-SAO CONRADO X CENTRAL,Fetranspor,40,17387583,"-22.9027","-43.184"
176,176-SAO CONRADO X CENTRAL,Fetranspor,41,17387583,"-22.9029","-43.1839"
176,176-SAO CONRADO X CENTRAL,Fetranspor,42,17387583,"-22.9029","-43.1839"
176,176-SAO CONRADO X CENTRAL,Fetranspor,43,17387583,"-22.903","-43.1838"
176,176-SAO CONRADO X CENTRAL,Fetranspor,44,17387583,"-22.903","-43.1838"
176,176-SAO CONRADO X CENTRAL,Fetranspor,45,17387583,"-22.9036","-43.1836"
176,176-SAO CONRADO X CENTRAL,Fetranspor,46,17387583,"-22.9036","-43.1836"
176,176-SAO CONRADO X CENTRAL,Fetranspor,47,17387583,"-22.904","-43.1834"
176,176-SAO CONRADO X CENTRAL,Fetranspor,48,17387583,"-22.904","-43.1834"
176,176-SAO CONRADO X CENTRAL,Fetranspor,49,17387583,"-22.9045","-43.1832"
176,176-SAO CONRADO X CENTRAL,Fetranspor,50,17387583,"-22.9045","-43.1832"
176,176-SAO CONRADO X CENTRAL,Fetranspor,51,17387583,"-22.9048","-43.1831"
176,176-SAO CONRADO X CENTRAL,Fetranspor,52,17387583,"-22.9048","-43.1831"
176,176-SAO CONRADO X CENTRAL,Fetranspor,53,17387583,"-22.905","-43.183"
176,176-SAO CONRADO X CENTRAL,Fetranspor,54,17387583,"-22.9053","-43.1829"
176,176-SAO CONRADO X CENTRAL,Fetranspor,55,17387583,"-22.9053","-43.1829"
176,176-SAO CONRADO X CENTRAL,Fetranspor,56,17387583,"-22.9057","-43.1827"
176,176-SAO CONRADO X CENTRAL,Fetranspor,57,17387583,"-22.9057","-43.1827"
176,176-SAO CONRADO X CENTRAL,Fetranspor,58,17387583,"-22.9058","-43.1826"
176,176-SAO CONRADO X CENTRAL,Fetranspor,59,17387583,"-22.9064","-43.1824"
176,176-SAO CONRADO X CENTRAL,Fetranspor,60,17387583,"-22.9064","-43.1824"
176,176-SAO CONRADO X CENTRAL,Fetranspor,61,17387583,"-22.9064","-43.1823"
176,176-SAO CONRADO X CENTRAL,Fetranspor,62,17387583,"-22.9064","-43.1822"
176,176-SAO CONRADO X CENTRAL,Fetranspor,63,17387583,"-22.9065","-43.1822"
176,176-SAO CONRADO X CENTRAL,Fetranspor,64,17387583,"-22.9065","-43.1821"
176,176-SAO CONRADO X CENTRAL,Fetranspor,65,17387583,"-22.9066","-43.1821"
176,176-SAO CONRADO X CENTRAL,Fetranspor,66,17387583,"-22.9069","-43.182"
176,176-SAO CONRADO X CENTRAL,Fetranspor,67,17387583,"-22.907","-43.1819"
176,176-SAO CONRADO X CENTRAL,Fetranspor,68,17387583,"-22.907","-43.1819"
176,176-SAO CONRADO X CENTRAL,Fetranspor,69,17387583,"-22.9073","-43.1818"
176,176-SAO CONRADO X CENTRAL,Fetranspor,70,17387583,"-22.9074","-43.1817"
176,176-SAO CONRADO X CENTRAL,Fetranspor,71,17387583,"-22.9074","-43.1817"
176,176-SAO CONRADO X CENTRAL,Fetranspor,72,17387583,"-22.9074","-43.1817"
176,176-SAO CONRADO X CENTRAL,Fetranspor,73,17387583,"-22.9074","-43.1813"
176,176-SAO CONRADO X CENTRAL,Fetranspor,74,17387583,"-22.9075","-43.1811"
176,176-SAO CONRADO X CENTRAL,Fetranspor,75,17387583,"-22.9075","-43.1811"
176,176-SAO CONRADO X CENTRAL,Fetranspor,76,17387583,"-22.9075","-43.1811"
176,176-SAO CONRADO X CENTRAL,Fetranspor,77,17387583,"-22.9076","-43.181"
176,176-SAO CONRADO X CENTRAL,Fetranspor,78,17387583,"-22.9076","-43.1809"
176,176-SAO CONRADO X CENTRAL,Fetranspor,79,17387583,"-22.9077","-43.1809"
176,176-SAO CONRADO X CENTRAL,Fetranspor,80,17387583,"-22.9078","-43.1808"
176,176-SAO CONRADO X CENTRAL,Fetranspor,81,17387583,"-22.908","-43.1808"
176,176-SAO CONRADO X CENTRAL,Fetranspor,82,17387583,"-22.9084","-43.1806"
176,176-SAO CONRADO X CENTRAL,Fetranspor,83,17387583,"-22.9084","-43.1806"
176,176-SAO CONRADO X CENTRAL,Fetranspor,84,17387583,"-22.9091","-43.1803"
176,176-SAO CONRADO X CENTRAL,Fetranspor,85,17387583,"-22.9091","-43.1803"
176,176-SAO CONRADO X CENTRAL,Fetranspor,86,17387583,"-22.9092","-43.1803"
176,176-SAO CONRADO X CENTRAL,Fetranspor,87,17387583,"-22.9092","-43.1803"
176,176-SAO CONRADO X CENTRAL,Fetranspor,88,17387583,"-22.9094","-43.1802"
176,176-SAO CONRADO X CENTRAL,Fetranspor,89,17387583,"-22.9094","-43.1802"
176,176-SAO CONRADO X CENTRAL,Fetranspor,90,17387583,"-22.9109","-43.1797"
176,176-SAO CONRADO X CENTRAL,Fetranspor,91,17387583,"-22.9109","-43.1797"
176,176-SAO CONRADO X CENTRAL,Fetranspor,92,17387583,"-22.9123","-43.1792"
176,176-SAO CONRADO X CENTRAL,Fetranspor,93,17387583,"-22.9123","-43.1792"
176,176-SAO CONRADO X CENTRAL,Fetranspor,94,17387583,"-22.9122","-43.1791"
176,176-SAO CONRADO X CENTRAL,Fetranspor,95,17387583,"-22.9122","-43.1791"
176,176-SAO CONRADO X CENTRAL,Fetranspor,96,17387583,"-22.9122","-43.179"
176,176-SAO CONRADO X CENTRAL,Fetranspor,97,17387583,"-22.9122","-43.1789"
176,176-SAO CONRADO X CENTRAL,Fetranspor,98,17387583,"-22.9117","-43.1786"
176,176-SAO CONRADO X CENTRAL,Fetranspor,99,17387583,"-22.9117","-43.1786"
176,176-SAO CONRADO X CENTRAL,Fetranspor,100,17387583,"-22.9106","-43.1776"
176,176-SAO CONRADO X CENTRAL,Fetranspor,101,17387583,"-22.9104","-43.1775"
176,176-SAO CONRADO X CENTRAL,Fetranspor,102,17387583,"-22.9104","-43.1775"
176,176-SAO CONRADO X CENTRAL,Fetranspor,103,17387583,"-22.9097","-43.1768"
176,176-SAO CONRADO X CENTRAL,Fetranspor,104,17387583,"-22.9097","-43.1767"
176,176-SAO CONRADO X CENTRAL,Fetranspor,105,17387583,"-22.9096","-43.1765"
176,176-SAO CONRADO X CENTRAL,Fetranspor,106,17387583,"-22.9096","-43.1765"
176,176-SAO CONRADO X CENTRAL,Fetranspor,107,17387583,"-22.9093","-43.1762"
176,176-SAO CONRADO X CENTRAL,Fetranspor,108,17387583,"-22.9093","-43.1761"
176,176-SAO CONRADO X CENTRAL,Fetranspor,109,17387583,"-22.9093","-43.1761"
176,176-SAO CONRADO X CENTRAL,Fetranspor,110,17387583,"-22.9103","-43.1757"
176,176-SAO CONRADO X CENTRAL,Fetranspor,111,17387583,"-22.9103","-43.1757"
176,176-SAO CONRADO X CENTRAL,Fetranspor,112,17387583,"-22.9114","-43.1753"
176,176-SAO CONRADO X CENTRAL,Fetranspor,113,17387583,"-22.9114","-43.1753"
176,176-SAO CONRADO X CENTRAL,Fetranspor,114,17387583,"-22.912","-43.175"
176,176-SAO CONRADO X CENTRAL,Fetranspor,115,17387583,"-22.912","-43.175"
176,176-SAO CONRADO X CENTRAL,Fetranspor,116,17387583,"-22.9123","-43.1749"
176,176-SAO CONRADO X CENTRAL,Fetranspor,117,17387583,"-22.9123","-43.1749"
176,176-SAO CONRADO X CENTRAL,Fetranspor,118,17387583,"-22.9124","-43.1749"
176,176-SAO CONRADO X CENTRAL,Fetranspor,119,17387583,"-22.9125","-43.1749"
176,176-SAO CONRADO X CENTRAL,Fetranspor,120,17387583,"-22.9128","-43.1748"
176,176-SAO CONRADO X CENTRAL,Fetranspor,121,17387583,"-22.9128","-43.1748"
176,176-SAO CONRADO X CENTRAL,Fetranspor,122,17387583,"-22.9128","-43.1748"
176,176-SAO CONRADO X CENTRAL,Fetranspor,123,17387583,"-22.9129","-43.1747"
176,176-SAO CONRADO X CENTRAL,Fetranspor,124,17387583,"-22.9129","-43.1747"
176,176-SAO CONRADO X CENTRAL,Fetranspor,125,17387583,"-22.9131","-43.1749"
176,176-SAO CONRADO X CENTRAL,Fetranspor,126,17387583,"-22.9134","-43.1751"
176,176-SAO CONRADO X CENTRAL,Fetranspor,127,17387583,"-22.9139","-43.1755"
176,176-SAO CONRADO X CENTRAL,Fetranspor,128,17387583,"-22.9144","-43.1758"
176,176-SAO CONRADO X CENTRAL,Fetranspor,129,17387583,"-22.9144","-43.1758"
176,176-SAO CONRADO X CENTRAL,Fetranspor,130,17387583,"-22.9145","-43.1759"
176,176-SAO CONRADO X CENTRAL,Fetranspor,131,17387583,"-22.9145","-43.1759"
176,176-SAO CONRADO X CENTRAL,Fetranspor,132,17387583,"-22.9145","-43.1759"
176,176-SAO CONRADO X CENTRAL,Fetranspor,133,17387583,"-22.9146","-43.176"
176,176-SAO CONRADO X CENTRAL,Fetranspor,134,17387583,"-22.9149","-43.1761"
176,176-SAO CONRADO X CENTRAL,Fetranspor,135,17387583,"-22.9151","-43.1761"
176,176-SAO CONRADO X CENTRAL,Fetranspor,136,17387583,"-22.9174","-43.1765"
176,176-SAO CONRADO X CENTRAL,Fetranspor,137,17387583,"-22.9181","-43.1766"
176,176-SAO CONRADO X CENTRAL,Fetranspor,138,17387583,"-22.9182","-43.1766"
176,176-SAO CONRADO X CENTRAL,Fetranspor,139,17387583,"-22.9184","-43.1766"
176,176-SAO CONRADO X CENTRAL,Fetranspor,140,17387583,"-22.9185","-43.1765"
176,176-SAO CONRADO X CENTRAL,Fetranspor,141,17387583,"-22.9186","-43.1765"
176,176-SAO CONRADO X CENTRAL,Fetranspor,142,17387583,"-22.9187","-43.1764"
176,176-SAO CONRADO X CENTRAL,Fetranspor,143,17387583,"-22.9189","-43.1763"
176,176-SAO CONRADO X CENTRAL,Fetranspor,144,17387583,"-22.9193","-43.1758"
176,176-SAO CONRADO X CENTRAL,Fetranspor,145,17387583,"-22.9193","-43.1758"
176,176-SAO CONRADO X CENTRAL,Fetranspor,146,17387583,"-22.9197","-43.1753"
176,176-SAO CONRADO X CENTRAL,Fetranspor,147,17387583,"-22.92","-43.1749"
176,176-SAO CONRADO X CENTRAL,Fetranspor,148,17387583,"-22.9203","-43.1746"
176,176-SAO CONRADO X CENTRAL,Fetranspor,149,17387583,"-22.9204","-43.1745"
176,176-SAO CONRADO X CENTRAL,Fetranspor,150,17387583,"-22.9205","-43.1745"
176,176-SAO CONRADO X CENTRAL,Fetranspor,151,17387583,"-22.9205","-43.1745"
176,176-SAO CONRADO X CENTRAL,Fetranspor,152,17387583,"-22.9211","-43.1738"
176,176-SAO CONRADO X CENTRAL,Fetranspor,153,17387583,"-22.9214","-43.1733"
176,176-SAO CONRADO X CENTRAL,Fetranspor,154,17387583,"-22.9216","-43.1731"
176,176-SAO CONRADO X CENTRAL,Fetranspor,155,17387583,"-22.9218","-43.1729"
176,176-SAO CONRADO X CENTRAL,Fetranspor,156,17387583,"-22.9221","-43.1727"
176,176-SAO CONRADO X CENTRAL,Fetranspor,157,17387583,"-22.9223","-43.1726"
176,176-SAO CONRADO X CENTRAL,Fetranspor,158,17387583,"-22.9226","-43.1725"
176,176-SAO CONRADO X CENTRAL,Fetranspor,159,17387583,"-22.9228","-43.1724"
176,176-SAO CONRADO X CENTRAL,Fetranspor,160,17387583,"-22.923","-43.1724"
176,176-SAO CONRADO X CENTRAL,Fetranspor,161,17387583,"-22.9232","-43.1724"
176,176-SAO CONRADO X CENTRAL,Fetranspor,162,17387583,"-22.9235","-43.1724"
176,176-SAO CONRADO X CENTRAL,Fetranspor,163,17387583,"-22.9237","-43.1724"
176,176-SAO CONRADO X CENTRAL,Fetranspor,164,17387583,"-22.924","-43.1725"
176,176-SAO CONRADO X CENTRAL,Fetranspor,165,17387583,"-22.9244","-43.1726"
176,176-SAO CONRADO X CENTRAL,Fetranspor,166,17387583,"-22.9254","-43.1729"
176,176-SAO CONRADO X CENTRAL,Fetranspor,167,17387583,"-22.9254","-43.1729"
176,176-SAO CONRADO X CENTRAL,Fetranspor,168,17387583,"-22.926","-43.1731"
176,176-SAO CONRADO X CENTRAL,Fetranspor,169,17387583,"-22.9277","-43.1736"
176,176-SAO CONRADO X CENTRAL,Fetranspor,170,17387583,"-22.9277","-43.1736"
176,176-SAO CONRADO X CENTRAL,Fetranspor,171,17387583,"-22.9292","-43.1741"
176,176-SAO CONRADO X CENTRAL,Fetranspor,172,17387583,"-22.9294","-43.1741"
176,176-SAO CONRADO X CENTRAL,Fetranspor,173,17387583,"-22.9296","-43.1742"
176,176-SAO CONRADO X CENTRAL,Fetranspor,174,17387583,"-22.9301","-43.1742"
176,176-SAO CONRADO X CENTRAL,Fetranspor,175,17387583,"-22.9301","-43.1742"
176,176-SAO CONRADO X CENTRAL,Fetranspor,176,17387583,"-22.9309","-43.1743"
176,176-SAO CONRADO X CENTRAL,Fetranspor,177,17387583,"-22.9309","-43.1743"
176,176-SAO CONRADO X CENTRAL,Fetranspor,178,17387583,"-22.9318","-43.1744"
176,176-SAO CONRADO X CENTRAL,Fetranspor,179,17387583,"-22.9327","-43.1745"
176,176-SAO CONRADO X CENTRAL,Fetranspor,180,17387583,"-22.9332","-43.1745"
176,176-SAO CONRADO X CENTRAL,Fetranspor,181,17387583,"-22.9332","-43.1745"
176,176-SAO CONRADO X CENTRAL,Fetranspor,182,17387583,"-22.9334","-43.1745"
176,176-SAO CONRADO X CENTRAL,Fetranspor,183,17387583,"-22.9349","-43.1743"
176,176-SAO CONRADO X CENTRAL,Fetranspor,184,17387583,"-22.9352","-43.1742"
176,176-SAO CONRADO X CENTRAL,Fetranspor,185,17387583,"-22.9352","-43.1742"
176,176-SAO CONRADO X CENTRAL,Fetranspor,186,17387583,"-22.9373","-43.1739"
176,176-SAO CONRADO X CENTRAL,Fetranspor,187,17387583,"-22.9373","-43.1739"
176,176-SAO CONRADO X CENTRAL,Fetranspor,188,17387583,"-22.9379","-43.1738"
176,176-SAO CONRADO X CENTRAL,Fetranspor,189,17387583,"-22.9382","-43.1737"
176,176-SAO CONRADO X CENTRAL,Fetranspor,190,17387583,"-22.9382","-43.1737"
176,176-SAO CONRADO X CENTRAL,Fetranspor,191,17387583,"-22.9384","-43.1737"
176,176-SAO CONRADO X CENTRAL,Fetranspor,192,17387583,"-22.9385","-43.1737"
176,176-SAO CONRADO X CENTRAL,Fetranspor,193,17387583,"-22.9386","-43.1737"
176,176-SAO CONRADO X CENTRAL,Fetranspor,194,17387583,"-22.9387","-43.1738"
176,176-SAO CONRADO X CENTRAL,Fetranspor,195,17387583,"-22.9387","-43.1738"
176,176-SAO CONRADO X CENTRAL,Fetranspor,196,17387583,"-22.9388","-43.174"
176,176-SAO CONRADO X CENTRAL,Fetranspor,197,17387583,"-22.9389","-43.1741"
176,176-SAO CONRADO X CENTRAL,Fetranspor,198,17387583,"-22.9389","-43.1741"
176,176-SAO CONRADO X CENTRAL,Fetranspor,199,17387583,"-22.9393","-43.1745"
176,176-SAO CONRADO X CENTRAL,Fetranspor,200,17387583,"-22.9393","-43.1745"
176,176-SAO CONRADO X CENTRAL,Fetranspor,201,17387583,"-22.9398","-43.1751"
176,176-SAO CONRADO X CENTRAL,Fetranspor,202,17387583,"-22.9398","-43.1751"
176,176-SAO CONRADO X CENTRAL,Fetranspor,203,17387583,"-22.9405","-43.176"
176,176-SAO CONRADO X CENTRAL,Fetranspor,204,17387583,"-22.9405","-43.176"
176,176-SAO CONRADO X CENTRAL,Fetranspor,205,17387583,"-22.9411","-43.1766"
176,176-SAO CONRADO X CENTRAL,Fetranspor,206,17387583,"-22.9411","-43.1767"
176,176-SAO CONRADO X CENTRAL,Fetranspor,207,17387583,"-22.9412","-43.1767"
176,176-SAO CONRADO X CENTRAL,Fetranspor,208,17387583,"-22.9412","-43.1767"
176,176-SAO CONRADO X CENTRAL,Fetranspor,209,17387583,"-22.9412","-43.1769"
176,176-SAO CONRADO X CENTRAL,Fetranspor,210,17387583,"-22.9411","-43.177"
176,176-SAO CONRADO X CENTRAL,Fetranspor,211,17387583,"-22.9409","-43.1776"
176,176-SAO CONRADO X CENTRAL,Fetranspor,212,17387583,"-22.9409","-43.1776"
176,176-SAO CONRADO X CENTRAL,Fetranspor,213,17387583,"-22.941","-43.1785"
176,176-SAO CONRADO X CENTRAL,Fetranspor,214,17387583,"-22.941","-43.1786"
176,176-SAO CONRADO X CENTRAL,Fetranspor,215,17387583,"-22.9411","-43.1788"
176,176-SAO CONRADO X CENTRAL,Fetranspor,216,17387583,"-22.9411","-43.1788"
176,176-SAO CONRADO X CENTRAL,Fetranspor,217,17387583,"-22.9411","-43.1789"
176,176-SAO CONRADO X CENTRAL,Fetranspor,218,17387583,"-22.9412","-43.1791"
176,176-SAO CONRADO X CENTRAL,Fetranspor,219,17387583,"-22.9412","-43.1791"
176,176-SAO CONRADO X CENTRAL,Fetranspor,220,17387583,"-22.9416","-43.1798"
176,176-SAO CONRADO X CENTRAL,Fetranspor,221,17387583,"-22.9419","-43.1802"
176,176-SAO CONRADO X CENTRAL,Fetranspor,222,17387583,"-22.9419","-43.1802"
176,176-SAO CONRADO X CENTRAL,Fetranspor,223,17387583,"-22.942","-43.1803"
176,176-SAO CONRADO X CENTRAL,Fetranspor,224,17387583,"-22.9422","-43.1806"
176,176-SAO CONRADO X CENTRAL,Fetranspor,225,17387583,"-22.9422","-43.1806"
176,176-SAO CONRADO X CENTRAL,Fetranspor,226,17387583,"-22.9424","-43.1809"
176,176-SAO CONRADO X CENTRAL,Fetranspor,227,17387583,"-22.9427","-43.1812"
176,176-SAO CONRADO X CENTRAL,Fetranspor,228,17387583,"-22.9428","-43.1812"
176,176-SAO CONRADO X CENTRAL,Fetranspor,229,17387583,"-22.943","-43.1814"
176,176-SAO CONRADO X CENTRAL,Fetranspor,230,17387583,"-22.9434","-43.1817"
176,176-SAO CONRADO X CENTRAL,Fetranspor,231,17387583,"-22.9435","-43.1817"
176,176-SAO CONRADO X CENTRAL,Fetranspor,232,17387583,"-22.9435","-43.1817"
176,176-SAO CONRADO X CENTRAL,Fetranspor,233,17387583,"-22.9436","-43.1818"
176,176-SAO CONRADO X CENTRAL,Fetranspor,234,17387583,"-22.9438","-43.1819"
176,176-SAO CONRADO X CENTRAL,Fetranspor,235,17387583,"-22.9443","-43.1821"
176,176-SAO CONRADO X CENTRAL,Fetranspor,236,17387583,"-22.9443","-43.1821"
176,176-SAO CONRADO X CENTRAL,Fetranspor,237,17387583,"-22.9449","-43.1823"
176,176-SAO CONRADO X CENTRAL,Fetranspor,238,17387583,"-22.9454","-43.1825"
176,176-SAO CONRADO X CENTRAL,Fetranspor,239,17387583,"-22.946","-43.1826"
176,176-SAO CONRADO X CENTRAL,Fetranspor,240,17387583,"-22.946","-43.1826"
176,176-SAO CONRADO X CENTRAL,Fetranspor,241,17387583,"-22.9463","-43.1826"
176,176-SAO CONRADO X CENTRAL,Fetranspor,242,17387583,"-22.9469","-43.1826"
176,176-SAO CONRADO X CENTRAL,Fetranspor,243,17387583,"-22.9476","-43.1825"
176,176-SAO CONRADO X CENTRAL,Fetranspor,244,17387583,"-22.9476","-43.1825"
176,176-SAO CONRADO X CENTRAL,Fetranspor,245,17387583,"-22.9479","-43.1824"
176,176-SAO CONRADO X CENTRAL,Fetranspor,246,17387583,"-22.9479","-43.1824"
176,176-SAO CONRADO X CENTRAL,Fetranspor,247,17387583,"-22.948","-43.1825"
176,176-SAO CONRADO X CENTRAL,Fetranspor,248,17387583,"-22.948","-43.1825"
176,176-SAO CONRADO X CENTRAL,Fetranspor,249,17387583,"-22.9481","-43.1826"
176,176-SAO CONRADO X CENTRAL,Fetranspor,250,17387583,"-22.9481","-43.1826"
176,176-SAO CONRADO X CENTRAL,Fetranspor,251,17387583,"-22.9487","-43.1825"
176,176-SAO CONRADO X CENTRAL,Fetranspor,252,17387583,"-22.9489","-43.1825"
176,176-SAO CONRADO X CENTRAL,Fetranspor,253,17387583,"-22.9489","-43.1825"
176,176-SAO CONRADO X CENTRAL,Fetranspor,254,17387583,"-22.9491","-43.1827"
176,176-SAO CONRADO X CENTRAL,Fetranspor,255,17387583,"-22.9491","-43.1827"
176,176-SAO CONRADO X CENTRAL,Fetranspor,256,17387583,"-22.9493","-43.1842"
176,176-SAO CONRADO X CENTRAL,Fetranspor,257,17387583,"-22.9493","-43.1842"
176,176-SAO CONRADO X CENTRAL,Fetranspor,258,17387583,"-22.9493","-43.185"
176,176-SAO CONRADO X CENTRAL,Fetranspor,259,17387583,"-22.9493","-43.185"
176,176-SAO CONRADO X CENTRAL,Fetranspor,260,17387583,"-22.9494","-43.1854"
176,176-SAO CONRADO X CENTRAL,Fetranspor,261,17387583,"-22.9494","-43.1854"
176,176-SAO CONRADO X CENTRAL,Fetranspor,262,17387583,"-22.9494","-43.1857"
176,176-SAO CONRADO X CENTRAL,Fetranspor,263,17387583,"-22.9494","-43.1857"
176,176-SAO CONRADO X CENTRAL,Fetranspor,264,17387583,"-22.9494","-43.1858"
176,176-SAO CONRADO X CENTRAL,Fetranspor,265,17387583,"-22.9494","-43.1858"
176,176-SAO CONRADO X CENTRAL,Fetranspor,266,17387583,"-22.9494","-43.1866"
176,176-SAO CONRADO X CENTRAL,Fetranspor,267,17387583,"-22.9494","-43.1866"
176,176-SAO CONRADO X CENTRAL,Fetranspor,268,17387583,"-22.9495","-43.187"
176,176-SAO CONRADO X CENTRAL,Fetranspor,269,17387583,"-22.9495","-43.187"
176,176-SAO CONRADO X CENTRAL,Fetranspor,270,17387583,"-22.9495","-43.1874"
176,176-SAO CONRADO X CENTRAL,Fetranspor,271,17387583,"-22.9495","-43.1874"
176,176-SAO CONRADO X CENTRAL,Fetranspor,272,17387583,"-22.9495","-43.1878"
176,176-SAO CONRADO X CENTRAL,Fetranspor,273,17387583,"-22.9495","-43.1878"
176,176-SAO CONRADO X CENTRAL,Fetranspor,274,17387583,"-22.9495","-43.1879"
176,176-SAO CONRADO X CENTRAL,Fetranspor,275,17387583,"-22.9495","-43.1879"
176,176-SAO CONRADO X CENTRAL,Fetranspor,276,17387583,"-22.9495","-43.1883"
176,176-SAO CONRADO X CENTRAL,Fetranspor,277,17387583,"-22.9495","-43.1888"
176,176-SAO CONRADO X CENTRAL,Fetranspor,278,17387583,"-22.9495","-43.1888"
176,176-SAO CONRADO X CENTRAL,Fetranspor,279,17387583,"-22.9496","-43.1893"
176,176-SAO CONRADO X CENTRAL,Fetranspor,280,17387583,"-22.9497","-43.1898"
176,176-SAO CONRADO X CENTRAL,Fetranspor,281,17387583,"-22.9497","-43.1898"
176,176-SAO CONRADO X CENTRAL,Fetranspor,282,17387583,"-22.9499","-43.1904"
176,176-SAO CONRADO X CENTRAL,Fetranspor,283,17387583,"-22.9499","-43.1904"
176,176-SAO CONRADO X CENTRAL,Fetranspor,284,17387583,"-22.9499","-43.1907"
176,176-SAO CONRADO X CENTRAL,Fetranspor,285,17387583,"-22.95","-43.1911"
176,176-SAO CONRADO X CENTRAL,Fetranspor,286,17387583,"-22.95","-43.1911"
176,176-SAO CONRADO X CENTRAL,Fetranspor,287,17387583,"-22.9502","-43.1919"
176,176-SAO CONRADO X CENTRAL,Fetranspor,288,17387583,"-22.9503","-43.192"
176,176-SAO CONRADO X CENTRAL,Fetranspor,289,17387583,"-22.9503","-43.192"
176,176-SAO CONRADO X CENTRAL,Fetranspor,290,17387583,"-22.9503","-43.1923"
176,176-SAO CONRADO X CENTRAL,Fetranspor,291,17387583,"-22.9503","-43.1923"
176,176-SAO CONRADO X CENTRAL,Fetranspor,292,17387583,"-22.9505","-43.1928"
176,176-SAO CONRADO X CENTRAL,Fetranspor,293,17387583,"-22.9505","-43.1928"
176,176-SAO CONRADO X CENTRAL,Fetranspor,294,17387583,"-22.9505","-43.1929"
176,176-SAO CONRADO X CENTRAL,Fetranspor,295,17387583,"-22.9505","-43.1929"
176,176-SAO CONRADO X CENTRAL,Fetranspor,296,17387583,"-22.9506","-43.1931"
176,176-SAO CONRADO X CENTRAL,Fetranspor,297,17387583,"-22.9509","-43.1937"
176,176-SAO CONRADO X CENTRAL,Fetranspor,298,17387583,"-22.9509","-43.1937"
176,176-SAO CONRADO X CENTRAL,Fetranspor,299,17387583,"-22.951","-43.194"
176,176-SAO CONRADO X CENTRAL,Fetranspor,300,17387583,"-22.951","-43.194"
176,176-SAO CONRADO X CENTRAL,Fetranspor,301,17387583,"-22.9513","-43.1945"
176,176-SAO CONRADO X CENTRAL,Fetranspor,302,17387583,"-22.9516","-43.1951"
176,176-SAO CONRADO X CENTRAL,Fetranspor,303,17387583,"-22.9518","-43.1954"
176,176-SAO CONRADO X CENTRAL,Fetranspor,304,17387583,"-22.952","-43.1957"
176,176-SAO CONRADO X CENTRAL,Fetranspor,305,17387583,"-22.952","-43.1957"
176,176-SAO CONRADO X CENTRAL,Fetranspor,306,17387583,"-22.9524","-43.1962"
176,176-SAO CONRADO X CENTRAL,Fetranspor,307,17387583,"-22.9525","-43.1963"
176,176-SAO CONRADO X CENTRAL,Fetranspor,308,17387583,"-22.9525","-43.1963"
176,176-SAO CONRADO X CENTRAL,Fetranspor,309,17387583,"-22.9527","-43.1964"
176,176-SAO CONRADO X CENTRAL,Fetranspor,310,17387583,"-22.9527","-43.1964"
176,176-SAO CONRADO X CENTRAL,Fetranspor,311,17387583,"-22.9537","-43.197"
176,176-SAO CONRADO X CENTRAL,Fetranspor,312,17387583,"-22.9537","-43.197"
176,176-SAO CONRADO X CENTRAL,Fetranspor,313,17387583,"-22.954","-43.1971"
176,176-SAO CONRADO X CENTRAL,Fetranspor,314,17387583,"-22.954","-43.1971"
176,176-SAO CONRADO X CENTRAL,Fetranspor,315,17387583,"-22.9544","-43.1974"
176,176-SAO CONRADO X CENTRAL,Fetranspor,316,17387583,"-22.9547","-43.1976"
176,176-SAO CONRADO X CENTRAL,Fetranspor,317,17387583,"-22.9547","-43.1976"
176,176-SAO CONRADO X CENTRAL,Fetranspor,318,17387583,"-22.955","-43.1978"
176,176-SAO CONRADO X CENTRAL,Fetranspor,319,17387583,"-22.955","-43.1978"
176,176-SAO CONRADO X CENTRAL,Fetranspor,320,17387583,"-22.9553","-43.198"
176,176-SAO CONRADO X CENTRAL,Fetranspor,321,17387583,"-22.9556","-43.1981"
176,176-SAO CONRADO X CENTRAL,Fetranspor,322,17387583,"-22.9556","-43.1981"
176,176-SAO CONRADO X CENTRAL,Fetranspor,323,17387583,"-22.9556","-43.1981"
176,176-SAO CONRADO X CENTRAL,Fetranspor,324,17387583,"-22.9556","-43.1981"
176,176-SAO CONRADO X CENTRAL,Fetranspor,325,17387583,"-22.9564","-43.1985"
176,176-SAO CONRADO X CENTRAL,Fetranspor,326,17387583,"-22.9564","-43.1985"
176,176-SAO CONRADO X CENTRAL,Fetranspor,327,17387583,"-22.9565","-43.1986"
176,176-SAO CONRADO X CENTRAL,Fetranspor,328,17387583,"-22.9565","-43.1986"
176,176-SAO CONRADO X CENTRAL,Fetranspor,329,17387583,"-22.9568","-43.1987"
176,176-SAO CONRADO X CENTRAL,Fetranspor,330,17387583,"-22.9572","-43.199"
176,176-SAO CONRADO X CENTRAL,Fetranspor,331,17387583,"-22.9572","-43.199"
176,176-SAO CONRADO X CENTRAL,Fetranspor,332,17387583,"-22.9577","-43.1993"
176,176-SAO CONRADO X CENTRAL,Fetranspor,333,17387583,"-22.9577","-43.1993"
176,176-SAO CONRADO X CENTRAL,Fetranspor,334,17387583,"-22.9581","-43.1997"
176,176-SAO CONRADO X CENTRAL,Fetranspor,335,17387583,"-22.9581","-43.1997"
176,176-SAO CONRADO X CENTRAL,Fetranspor,336,17387583,"-22.9585","-43.1999"
176,176-SAO CONRADO X CENTRAL,Fetranspor,337,17387583,"-22.9587","-43.2001"
176,176-SAO CONRADO X CENTRAL,Fetranspor,338,17387583,"-22.9587","-43.2001"
176,176-SAO CONRADO X CENTRAL,Fetranspor,339,17387583,"-22.9587","-43.2002"
176,176-SAO CONRADO X CENTRAL,Fetranspor,340,17387583,"-22.9588","-43.2003"
176,176-SAO CONRADO X CENTRAL,Fetranspor,341,17387583,"-22.9593","-43.2013"
176,176-SAO CONRADO X CENTRAL,Fetranspor,342,17387583,"-22.9593","-43.2013"
176,176-SAO CONRADO X CENTRAL,Fetranspor,343,17387583,"-22.9597","-43.2019"
176,176-SAO CONRADO X CENTRAL,Fetranspor,344,17387583,"-22.9599","-43.2024"
176,176-SAO CONRADO X CENTRAL,Fetranspor,345,17387583,"-22.96","-43.2026"
176,176-SAO CONRADO X CENTRAL,Fetranspor,346,17387583,"-22.9601","-43.2029"
176,176-SAO CONRADO X CENTRAL,Fetranspor,347,17387583,"-22.9601","-43.2029"
176,176-SAO CONRADO X CENTRAL,Fetranspor,348,17387583,"-22.9601","-43.2032"
176,176-SAO CONRADO X CENTRAL,Fetranspor,349,17387583,"-22.9601","-43.2035"
176,176-SAO CONRADO X CENTRAL,Fetranspor,350,17387583,"-22.9601","-43.2035"
176,176-SAO CONRADO X CENTRAL,Fetranspor,351,17387583,"-22.9602","-43.204"
176,176-SAO CONRADO X CENTRAL,Fetranspor,352,17387583,"-22.9602","-43.204"
176,176-SAO CONRADO X CENTRAL,Fetranspor,353,17387583,"-22.9602","-43.2042"
176,176-SAO CONRADO X CENTRAL,Fetranspor,354,17387583,"-22.9602","-43.2042"
176,176-SAO CONRADO X CENTRAL,Fetranspor,355,17387583,"-22.9602","-43.2043"
176,176-SAO CONRADO X CENTRAL,Fetranspor,356,17387583,"-22.9602","-43.2043"
176,176-SAO CONRADO X CENTRAL,Fetranspor,357,17387583,"-22.9603","-43.2043"
176,176-SAO CONRADO X CENTRAL,Fetranspor,358,17387583,"-22.9603","-43.2043"
176,176-SAO CONRADO X CENTRAL,Fetranspor,359,17387583,"-22.9603","-43.2051"
176,176-SAO CONRADO X CENTRAL,Fetranspor,360,17387583,"-22.9603","-43.2051"
176,176-SAO CONRADO X CENTRAL,Fetranspor,361,17387583,"-22.9604","-43.206"
176,176-SAO CONRADO X CENTRAL,Fetranspor,362,17387583,"-22.9604","-43.206"
176,176-SAO CONRADO X CENTRAL,Fetranspor,363,17387583,"-22.9605","-43.2065"
176,176-SAO CONRADO X CENTRAL,Fetranspor,364,17387583,"-22.9605","-43.2065"
176,176-SAO CONRADO X CENTRAL,Fetranspor,365,17387583,"-22.9606","-43.207"
176,176-SAO CONRADO X CENTRAL,Fetranspor,366,17387583,"-22.9606","-43.207"
176,176-SAO CONRADO X CENTRAL,Fetranspor,367,17387583,"-22.9607","-43.208"
176,176-SAO CONRADO X CENTRAL,Fetranspor,368,17387583,"-22.9607","-43.208"
176,176-SAO CONRADO X CENTRAL,Fetranspor,369,17387583,"-22.9607","-43.2088"
176,176-SAO CONRADO X CENTRAL,Fetranspor,370,17387583,"-22.9607","-43.2088"
176,176-SAO CONRADO X CENTRAL,Fetranspor,371,17387583,"-22.9608","-43.2095"
176,176-SAO CONRADO X CENTRAL,Fetranspor,372,17387583,"-22.9609","-43.2101"
176,176-SAO CONRADO X CENTRAL,Fetranspor,373,17387583,"-22.9609","-43.2101"
176,176-SAO CONRADO X CENTRAL,Fetranspor,374,17387583,"-22.961","-43.2116"
176,176-SAO CONRADO X CENTRAL,Fetranspor,375,17387583,"-22.961","-43.2116"
176,176-SAO CONRADO X CENTRAL,Fetranspor,376,17387583,"-22.9612","-43.2127"
176,176-SAO CONRADO X CENTRAL,Fetranspor,377,17387583,"-22.9612","-43.2127"
176,176-SAO CONRADO X CENTRAL,Fetranspor,378,17387583,"-22.9613","-43.2136"
176,176-SAO CONRADO X CENTRAL,Fetranspor,379,17387583,"-22.9613","-43.2136"
176,176-SAO CONRADO X CENTRAL,Fetranspor,380,17387583,"-22.9614","-43.214"
176,176-SAO CONRADO X CENTRAL,Fetranspor,381,17387583,"-22.9614","-43.2142"
176,176-SAO CONRADO X CENTRAL,Fetranspor,382,17387583,"-22.9614","-43.2143"
176,176-SAO CONRADO X CENTRAL,Fetranspor,383,17387583,"-22.9614","-43.2143"
176,176-SAO CONRADO X CENTRAL,Fetranspor,384,17387583,"-22.9615","-43.2144"
176,176-SAO CONRADO X CENTRAL,Fetranspor,385,17387583,"-22.9616","-43.2145"
176,176-SAO CONRADO X CENTRAL,Fetranspor,386,17387583,"-22.9616","-43.2147"
176,176-SAO CONRADO X CENTRAL,Fetranspor,387,17387583,"-22.9617","-43.2149"
176,176-SAO CONRADO X CENTRAL,Fetranspor,388,17387583,"-22.9617","-43.2149"
176,176-SAO CONRADO X CENTRAL,Fetranspor,389,17387583,"-22.9618","-43.2151"
176,176-SAO CONRADO X CENTRAL,Fetranspor,390,17387583,"-22.9619","-43.2153"
176,176-SAO CONRADO X CENTRAL,Fetranspor,391,17387583,"-22.962","-43.2154"
176,176-SAO CONRADO X CENTRAL,Fetranspor,392,17387583,"-22.962","-43.2154"
176,176-SAO CONRADO X CENTRAL,Fetranspor,393,17387583,"-22.9622","-43.2155"
176,176-SAO CONRADO X CENTRAL,Fetranspor,394,17387583,"-22.9625","-43.2159"
176,176-SAO CONRADO X CENTRAL,Fetranspor,395,17387583,"-22.9625","-43.2159"
176,176-SAO CONRADO X CENTRAL,Fetranspor,396,17387583,"-22.963","-43.2164"
176,176-SAO CONRADO X CENTRAL,Fetranspor,397,17387583,"-22.963","-43.2164"
176,176-SAO CONRADO X CENTRAL,Fetranspor,398,17387583,"-22.9634","-43.2167"
176,176-SAO CONRADO X CENTRAL,Fetranspor,399,17387583,"-22.9634","-43.2167"
176,176-SAO CONRADO X CENTRAL,Fetranspor,400,17387583,"-22.9636","-43.2169"
176,176-SAO CONRADO X CENTRAL,Fetranspor,401,17387583,"-22.9636","-43.2169"
176,176-SAO CONRADO X CENTRAL,Fetranspor,402,17387583,"-22.9641","-43.2174"
176,176-SAO CONRADO X CENTRAL,Fetranspor,403,17387583,"-22.9641","-43.2174"
176,176-SAO CONRADO X CENTRAL,Fetranspor,404,17387583,"-22.9642","-43.2175"
176,176-SAO CONRADO X CENTRAL,Fetranspor,405,17387583,"-22.9642","-43.2175"
176,176-SAO CONRADO X CENTRAL,Fetranspor,406,17387583,"-22.9642","-43.2175"
176,176-SAO CONRADO X CENTRAL,Fetranspor,407,17387583,"-22.9642","-43.2175"
176,176-SAO CONRADO X CENTRAL,Fetranspor,408,17387583,"-22.9648","-43.218"
176,176-SAO CONRADO X CENTRAL,Fetranspor,409,17387583,"-22.9653","-43.2186"
176,176-SAO CONRADO X CENTRAL,Fetranspor,410,17387583,"-22.9653","-43.2186"
176,176-SAO CONRADO X CENTRAL,Fetranspor,411,17387583,"-22.9664","-43.2194"
176,176-SAO CONRADO X CENTRAL,Fetranspor,412,17387583,"-22.9664","-43.2194"
176,176-SAO CONRADO X CENTRAL,Fetranspor,413,17387583,"-22.9664","-43.2194"
176,176-SAO CONRADO X CENTRAL,Fetranspor,414,17387583,"-22.9664","-43.2194"
176,176-SAO CONRADO X CENTRAL,Fetranspor,415,17387583,"-22.9665","-43.2195"
176,176-SAO CONRADO X CENTRAL,Fetranspor,416,17387583,"-22.9665","-43.2195"
176,176-SAO CONRADO X CENTRAL,Fetranspor,417,17387583,"-22.9698","-43.2222"
176,176-SAO CONRADO X CENTRAL,Fetranspor,418,17387583,"-22.9723","-43.2244"
176,176-SAO CONRADO X CENTRAL,Fetranspor,419,17387583,"-22.9724","-43.2245"
176,176-SAO CONRADO X CENTRAL,Fetranspor,420,17387583,"-22.9724","-43.2245"
176,176-SAO CONRADO X CENTRAL,Fetranspor,421,17387583,"-22.9727","-43.2249"
176,176-SAO CONRADO X CENTRAL,Fetranspor,422,17387583,"-22.9731","-43.2253"
176,176-SAO CONRADO X CENTRAL,Fetranspor,423,17387583,"-22.9731","-43.2253"
176,176-SAO CONRADO X CENTRAL,Fetranspor,424,17387583,"-22.9734","-43.2256"
176,176-SAO CONRADO X CENTRAL,Fetranspor,425,17387583,"-22.9738","-43.226"
176,176-SAO CONRADO X CENTRAL,Fetranspor,426,17387583,"-22.9742","-43.2262"
176,176-SAO CONRADO X CENTRAL,Fetranspor,427,17387583,"-22.9742","-43.2262"
176,176-SAO CONRADO X CENTRAL,Fetranspor,428,17387583,"-22.9743","-43.2262"
176,176-SAO CONRADO X CENTRAL,Fetranspor,429,17387583,"-22.9743","-43.2262"
176,176-SAO CONRADO X CENTRAL,Fetranspor,430,17387583,"-22.9746","-43.2263"
176,176-SAO CONRADO X CENTRAL,Fetranspor,431,17387583,"-22.9746","-43.2263"
176,176-SAO CONRADO X CENTRAL,Fetranspor,432,17387583,"-22.9747","-43.2264"
176,176-SAO CONRADO X CENTRAL,Fetranspor,433,17387583,"-22.9749","-43.2264"
176,176-SAO CONRADO X CENTRAL,Fetranspor,434,17387583,"-22.9763","-43.2265"
176,176-SAO CONRADO X CENTRAL,Fetranspor,435,17387583,"-22.9763","-43.2265"
176,176-SAO CONRADO X CENTRAL,Fetranspor,436,17387583,"-22.9772","-43.2265"
176,176-SAO CONRADO X CENTRAL,Fetranspor,437,17387583,"-22.9772","-43.2265"
176,176-SAO CONRADO X CENTRAL,Fetranspor,438,17387583,"-22.9778","-43.2265"
176,176-SAO CONRADO X CENTRAL,Fetranspor,439,17387583,"-22.9779","-43.2265"
176,176-SAO CONRADO X CENTRAL,Fetranspor,440,17387583,"-22.9779","-43.2265"
176,176-SAO CONRADO X CENTRAL,Fetranspor,441,17387583,"-22.9781","-43.2266"
176,176-SAO CONRADO X CENTRAL,Fetranspor,442,17387583,"-22.9782","-43.2266"
176,176-SAO CONRADO X CENTRAL,Fetranspor,443,17387583,"-22.9782","-43.2267"
176,176-SAO CONRADO X CENTRAL,Fetranspor,444,17387583,"-22.9784","-43.2269"
176,176-SAO CONRADO X CENTRAL,Fetranspor,445,17387583,"-22.9784","-43.2269"
176,176-SAO CONRADO X CENTRAL,Fetranspor,446,17387583,"-22.9784","-43.2269"
176,176-SAO CONRADO X CENTRAL,Fetranspor,447,17387583,"-22.9784","-43.2269"
176,176-SAO CONRADO X CENTRAL,Fetranspor,448,17387583,"-22.9787","-43.2279"
176,176-SAO CONRADO X CENTRAL,Fetranspor,449,17387583,"-22.9787","-43.2279"
176,176-SAO CONRADO X CENTRAL,Fetranspor,450,17387583,"-22.9788","-43.2287"
176,176-SAO CONRADO X CENTRAL,Fetranspor,451,17387583,"-22.9789","-43.2291"
176,176-SAO CONRADO X CENTRAL,Fetranspor,452,17387583,"-22.9789","-43.2291"
176,176-SAO CONRADO X CENTRAL,Fetranspor,453,17387583,"-22.979","-43.2293"
176,176-SAO CONRADO X CENTRAL,Fetranspor,454,17387583,"-22.9791","-43.2296"
176,176-SAO CONRADO X CENTRAL,Fetranspor,455,17387583,"-22.9793","-43.23"
176,176-SAO CONRADO X CENTRAL,Fetranspor,456,17387583,"-22.9794","-43.2303"
176,176-SAO CONRADO X CENTRAL,Fetranspor,457,17387583,"-22.9795","-43.2305"
176,176-SAO CONRADO X CENTRAL,Fetranspor,458,17387583,"-22.9803","-43.2321"
176,176-SAO CONRADO X CENTRAL,Fetranspor,459,17387583,"-22.9804","-43.2324"
176,176-SAO CONRADO X CENTRAL,Fetranspor,460,17387583,"-22.9805","-43.2325"
176,176-SAO CONRADO X CENTRAL,Fetranspor,461,17387583,"-22.982","-43.2345"
176,176-SAO CONRADO X CENTRAL,Fetranspor,462,17387583,"-22.9821","-43.2348"
176,176-SAO CONRADO X CENTRAL,Fetranspor,463,17387583,"-22.9823","-43.2351"
176,176-SAO CONRADO X CENTRAL,Fetranspor,464,17387583,"-22.9824","-43.2353"
176,176-SAO CONRADO X CENTRAL,Fetranspor,465,17387583,"-22.9825","-43.2356"
176,176-SAO CONRADO X CENTRAL,Fetranspor,466,17387583,"-22.9825","-43.2359"
176,176-SAO CONRADO X CENTRAL,Fetranspor,467,17387583,"-22.9827","-43.2366"
176,176-SAO CONRADO X CENTRAL,Fetranspor,468,17387583,"-22.9828","-43.237"
176,176-SAO CONRADO X CENTRAL,Fetranspor,469,17387583,"-22.9829","-43.2372"
176,176-SAO CONRADO X CENTRAL,Fetranspor,470,17387583,"-22.9829","-43.2372"
176,176-SAO CONRADO X CENTRAL,Fetranspor,471,17387583,"-22.9829","-43.2373"
176,176-SAO CONRADO X CENTRAL,Fetranspor,472,17387583,"-22.983","-43.2375"
176,176-SAO CONRADO X CENTRAL,Fetranspor,473,17387583,"-22.983","-43.2375"
176,176-SAO CONRADO X CENTRAL,Fetranspor,474,17387583,"-22.9832","-43.2378"
176,176-SAO CONRADO X CENTRAL,Fetranspor,475,17387583,"-22.9833","-43.2379"
176,176-SAO CONRADO X CENTRAL,Fetranspor,476,17387583,"-22.9833","-43.2379"
176,176-SAO CONRADO X CENTRAL,Fetranspor,477,17387583,"-22.9838","-43.2384"
176,176-SAO CONRADO X CENTRAL,Fetranspor,478,17387583,"-22.9838","-43.2384"
176,176-SAO CONRADO X CENTRAL,Fetranspor,479,17387583,"-22.9842","-43.2387"
176,176-SAO CONRADO X CENTRAL,Fetranspor,480,17387583,"-22.9849","-43.2392"
176,176-SAO CONRADO X CENTRAL,Fetranspor,481,17387583,"-22.9856","-43.2396"
176,176-SAO CONRADO X CENTRAL,Fetranspor,482,17387583,"-22.9889","-43.2419"
176,176-SAO CONRADO X CENTRAL,Fetranspor,483,17387583,"-22.9892","-43.2421"
176,176-SAO CONRADO X CENTRAL,Fetranspor,484,17387583,"-22.9894","-43.2423"
176,176-SAO CONRADO X CENTRAL,Fetranspor,485,17387583,"-22.9897","-43.2425"
176,176-SAO CONRADO X CENTRAL,Fetranspor,486,17387583,"-22.9898","-43.2427"
176,176-SAO CONRADO X CENTRAL,Fetranspor,487,17387583,"-22.9901","-43.2429"
176,176-SAO CONRADO X CENTRAL,Fetranspor,488,17387583,"-22.9903","-43.2432"
176,176-SAO CONRADO X CENTRAL,Fetranspor,489,17387583,"-22.9905","-43.2434"
176,176-SAO CONRADO X CENTRAL,Fetranspor,490,17387583,"-22.9906","-43.2436"
176,176-SAO CONRADO X CENTRAL,Fetranspor,491,17387583,"-22.9908","-43.2438"
176,176-SAO CONRADO X CENTRAL,Fetranspor,492,17387583,"-22.991","-43.2441"
176,176-SAO CONRADO X CENTRAL,Fetranspor,493,17387583,"-22.9912","-43.2445"
176,176-SAO CONRADO X CENTRAL,Fetranspor,494,17387583,"-22.9914","-43.2448"
176,176-SAO CONRADO X CENTRAL,Fetranspor,495,17387583,"-22.9916","-43.2451"
176,176-SAO CONRADO X CENTRAL,Fetranspor,496,17387583,"-22.9917","-43.2454"
176,176-SAO CONRADO X CENTRAL,Fetranspor,497,17387583,"-22.9918","-43.2458"
176,176-SAO CONRADO X CENTRAL,Fetranspor,498,17387583,"-22.9919","-43.2461"
176,176-SAO CONRADO X CENTRAL,Fetranspor,499,17387583,"-22.992","-43.2464"
176,176-SAO CONRADO X CENTRAL,Fetranspor,500,17387583,"-22.9921","-43.2468"
176,176-SAO CONRADO X CENTRAL,Fetranspor,501,17387583,"-22.9922","-43.2471"
176,176-SAO CONRADO X CENTRAL,Fetranspor,502,17387583,"-22.9923","-43.2474"
176,176-SAO CONRADO X CENTRAL,Fetranspor,503,17387583,"-22.9923","-43.2478"
176,176-SAO CONRADO X CENTRAL,Fetranspor,504,17387583,"-22.9924","-43.2481"
176,176-SAO CONRADO X CENTRAL,Fetranspor,505,17387583,"-22.9924","-43.2485"
176,176-SAO CONRADO X CENTRAL,Fetranspor,506,17387583,"-22.9924","-43.2488"
176,176-SAO CONRADO X CENTRAL,Fetranspor,507,17387583,"-22.9924","-43.2493"
176,176-SAO CONRADO X CENTRAL,Fetranspor,508,17387583,"-22.9924","-43.2493"
176,176-SAO CONRADO X CENTRAL,Fetranspor,509,17387583,"-22.9923","-43.2499"
176,176-SAO CONRADO X CENTRAL,Fetranspor,510,17387583,"-22.9923","-43.2501"
176,176-SAO CONRADO X CENTRAL,Fetranspor,511,17387583,"-22.9923","-43.2501"
176,176-SAO CONRADO X CENTRAL,Fetranspor,512,17387583,"-22.9923","-43.2506"
176,176-SAO CONRADO X CENTRAL,Fetranspor,513,17387583,"-22.9922","-43.251"
176,176-SAO CONRADO X CENTRAL,Fetranspor,514,17387583,"-22.9923","-43.2516"
176,176-SAO CONRADO X CENTRAL,Fetranspor,515,17387583,"-22.9923","-43.2516"
176,176-SAO CONRADO X CENTRAL,Fetranspor,516,17387583,"-22.9923","-43.2519"
176,176-SAO CONRADO X CENTRAL,Fetranspor,517,17387583,"-22.9923","-43.2521"
176,176-SAO CONRADO X CENTRAL,Fetranspor,518,17387583,"-22.9927","-43.2534"
176,176-SAO CONRADO X CENTRAL,Fetranspor,519,17387583,"-22.9927","-43.2534"
176,176-SAO CONRADO X CENTRAL,Fetranspor,520,17387583,"-22.9923","-43.2536"
176,176-SAO CONRADO X CENTRAL,Fetranspor,521,17387583,"-22.9923","-43.2536"
176,176-SAO CONRADO X CENTRAL,Fetranspor,522,17387583,"-22.9923","-43.2537"
176,176-SAO CONRADO X CENTRAL,Fetranspor,523,17387583,"-22.9922","-43.2537"
176,176-SAO CONRADO X CENTRAL,Fetranspor,524,17387583,"-22.9922","-43.2538"
176,176-SAO CONRADO X CENTRAL,Fetranspor,525,17387583,"-22.9922","-43.2539"
176,176-SAO CONRADO X CENTRAL,Fetranspor,526,17387583,"-22.9922","-43.254"
176,176-SAO CONRADO X CENTRAL,Fetranspor,527,17387583,"-22.9922","-43.2541"
176,176-SAO CONRADO X CENTRAL,Fetranspor,528,17387583,"-22.9923","-43.2544"
176,176-SAO CONRADO X CENTRAL,Fetranspor,529,17387583,"-22.9923","-43.2544"
176,176-SAO CONRADO X CENTRAL,Fetranspor,530,17387583,"-22.9927","-43.255"
176,176-SAO CONRADO X CENTRAL,Fetranspor,531,17387583,"-22.9927","-43.2551"
176,176-SAO CONRADO X CENTRAL,Fetranspor,532,17387583,"-22.9927","-43.2551"
176,176-SAO CONRADO X CENTRAL,Fetranspor,533,17387583,"-22.993","-43.2554"
176,176-SAO CONRADO X CENTRAL,Fetranspor,534,17387583,"-22.9934","-43.2558"
176,176-SAO CONRADO X CENTRAL,Fetranspor,535,17387583,"-22.9934","-43.2559"
176,176-SAO CONRADO X CENTRAL,Fetranspor,536,17387583,"-22.9934","-43.2559"
176,176-SAO CONRADO X CENTRAL,Fetranspor,537,17387583,"-22.9935","-43.256"
176,176-SAO CONRADO X CENTRAL,Fetranspor,538,17387583,"-22.9936","-43.256"
176,176-SAO CONRADO X CENTRAL,Fetranspor,539,17387583,"-22.9939","-43.2562"
176,176-SAO CONRADO X CENTRAL,Fetranspor,540,17387583,"-22.9939","-43.2562"
176,176-SAO CONRADO X CENTRAL,Fetranspor,541,17387583,"-22.994","-43.2563"
176,176-SAO CONRADO X CENTRAL,Fetranspor,542,17387583,"-22.9941","-43.2564"
176,176-SAO CONRADO X CENTRAL,Fetranspor,543,17387583,"-22.9941","-43.2565"
176,176-SAO CONRADO X CENTRAL,Fetranspor,544,17387583,"-22.9942","-43.2565"
176,176-SAO CONRADO X CENTRAL,Fetranspor,545,17387583,"-22.9946","-43.2575"
176,176-SAO CONRADO X CENTRAL,Fetranspor,546,17387583,"-22.9946","-43.2575"
176,176-SAO CONRADO X CENTRAL,Fetranspor,547,17387583,"-22.9953","-43.259"
176,176-SAO CONRADO X CENTRAL,Fetranspor,548,17387583,"-22.9953","-43.259"
176,176-SAO CONRADO X CENTRAL,Fetranspor,549,17387583,"-22.9954","-43.2591"
176,176-SAO CONRADO X CENTRAL,Fetranspor,550,17387583,"-22.9954","-43.2591"
176,176-SAO CONRADO X CENTRAL,Fetranspor,551,17387583,"-22.9959","-43.26"
176,176-SAO CONRADO X CENTRAL,Fetranspor,552,17387583,"-22.9961","-43.2602"
176,176-SAO CONRADO X CENTRAL,Fetranspor,553,17387583,"-22.9964","-43.261"
176,176-SAO CONRADO X CENTRAL,Fetranspor,554,17387583,"-22.9964","-43.261"
176,176-SAO CONRADO X CENTRAL,Fetranspor,555,17387583,"-22.9965","-43.2613"
176,176-SAO CONRADO X CENTRAL,Fetranspor,556,17387583,"-22.9968","-43.2621"
176,176-SAO CONRADO X CENTRAL,Fetranspor,557,17387583,"-22.9976","-43.265"
176,176-SAO CONRADO X CENTRAL,Fetranspor,558,17387583,"-22.9979","-43.2663"
176,176-SAO CONRADO X CENTRAL,Fetranspor,559,17387583,"-22.998","-43.2665"
176,176-SAO CONRADO X CENTRAL,Fetranspor,560,17387583,"-22.9981","-43.2667"
176,176-SAO CONRADO X CENTRAL,Fetranspor,561,17387583,"-22.9981","-43.2667"
176,176-SAO CONRADO X CENTRAL,Fetranspor,562,17387583,"-22.9982","-43.2671"
176,176-SAO CONRADO X CENTRAL,Fetranspor,563,17387583,"-22.9985","-43.2678"
176,176-SAO CONRADO X CENTRAL,Fetranspor,564,17387583,"-22.9985","-43.2678"
176,176-SAO CONRADO X CENTRAL,Fetranspor,565,17387583,"-22.9985","-43.268"
176,176-SAO CONRADO X CENTRAL,Fetranspor,566,17387583,"-22.9985","-43.268"
176,176-SAO CONRADO X CENTRAL,Fetranspor,567,17387583,"-22.9987","-43.2686"
