linha,descricao,agencia,sequencia,shape_id,latitude,longitude
180,180-COSME VELHO X CENTRAL (VIA LARGO DO MACHADO),Fetranspor,0,17402903,"-22.9399","-43.2013"
180,180-COSME VELHO X CENTRAL (VIA LARGO DO MACHADO),Fetranspor,1,17402903,"-22.9401","-43.2003"
180,180-COSME VELHO X CENTRAL (VIA LARGO DO MACHADO),Fetranspor,2,17402903,"-22.9402","-43.2"
180,180-COSME VELHO X CENTRAL (VIA LARGO DO MACHADO),Fetranspor,3,17402903,"-22.9402","-43.1998"
180,180-COSME VELHO X CENTRAL (VIA LARGO DO MACHADO),Fetranspor,4,17402903,"-22.9402","-43.1998"
180,180-COSME VELHO X CENTRAL (VIA LARGO DO MACHADO),Fetranspor,5,17402903,"-22.9402","-43.1997"
180,180-COSME VELHO X CENTRAL (VIA LARGO DO MACHADO),Fetranspor,6,17402903,"-22.9402","-43.1996"
180,180-COSME VELHO X CENTRAL (VIA LARGO DO MACHADO),Fetranspor,7,17402903,"-22.9402","-43.1996"
180,180-COSME VELHO X CENTRAL (VIA LARGO DO MACHADO),Fetranspor,8,17402903,"-22.9401","-43.1993"
180,180-COSME VELHO X CENTRAL (VIA LARGO DO MACHADO),Fetranspor,9,17402903,"-22.9401","-43.1991"
180,180-COSME VELHO X CENTRAL (VIA LARGO DO MACHADO),Fetranspor,10,17402903,"-22.9401","-43.199"
180,180-COSME VELHO X CENTRAL (VIA LARGO DO MACHADO),Fetranspor,11,17402903,"-22.9402","-43.1988"
180,180-COSME VELHO X CENTRAL (VIA LARGO DO MACHADO),Fetranspor,12,17402903,"-22.9403","-43.1986"
180,180-COSME VELHO X CENTRAL (VIA LARGO DO MACHADO),Fetranspor,13,17402903,"-22.9403","-43.1986"
180,180-COSME VELHO X CENTRAL (VIA LARGO DO MACHADO),Fetranspor,14,17402903,"-22.9403","-43.1985"
180,180-COSME VELHO X CENTRAL (VIA LARGO DO MACHADO),Fetranspor,15,17402903,"-22.9403","-43.1984"
180,180-COSME VELHO X CENTRAL (VIA LARGO DO MACHADO),Fetranspor,16,17402903,"-22.9403","-43.1984"
180,180-COSME VELHO X CENTRAL (VIA LARGO DO MACHADO),Fetranspor,17,17402903,"-22.9404","-43.1983"
180,180-COSME VELHO X CENTRAL (VIA LARGO DO MACHADO),Fetranspor,18,17402903,"-22.9404","-43.1981"
180,180-COSME VELHO X CENTRAL (VIA LARGO DO MACHADO),Fetranspor,19,17402903,"-22.9404","-43.1981"
180,180-COSME VELHO X CENTRAL (VIA LARGO DO MACHADO),Fetranspor,20,17402903,"-22.9406","-43.1976"
180,180-COSME VELHO X CENTRAL (VIA LARGO DO MACHADO),Fetranspor,21,17402903,"-22.9406","-43.1976"
180,180-COSME VELHO X CENTRAL (VIA LARGO DO MACHADO),Fetranspor,22,17402903,"-22.9406","-43.1975"
180,180-COSME VELHO X CENTRAL (VIA LARGO DO MACHADO),Fetranspor,23,17402903,"-22.9406","-43.1973"
180,180-COSME VELHO X CENTRAL (VIA LARGO DO MACHADO),Fetranspor,24,17402903,"-22.9405","-43.1972"
180,180-COSME VELHO X CENTRAL (VIA LARGO DO MACHADO),Fetranspor,25,17402903,"-22.9405","-43.1972"
180,180-COSME VELHO X CENTRAL (VIA LARGO DO MACHADO),Fetranspor,26,17402903,"-22.9404","-43.1971"
180,180-COSME VELHO X CENTRAL (VIA LARGO DO MACHADO),Fetranspor,27,17402903,"-22.9404","-43.1971"
180,180-COSME VELHO X CENTRAL (VIA LARGO DO MACHADO),Fetranspor,28,17402903,"-22.9399","-43.1964"
180,180-COSME VELHO X CENTRAL (VIA LARGO DO MACHADO),Fetranspor,29,17402903,"-22.9398","-43.1963"
180,180-COSME VELHO X CENTRAL (VIA LARGO DO MACHADO),Fetranspor,30,17402903,"-22.9398","-43.1963"
180,180-COSME VELHO X CENTRAL (VIA LARGO DO MACHADO),Fetranspor,31,17402903,"-22.9397","-43.1962"
180,180-COSME VELHO X CENTRAL (VIA LARGO DO MACHADO),Fetranspor,32,17402903,"-22.9396","-43.1962"
180,180-COSME VELHO X CENTRAL (VIA LARGO DO MACHADO),Fetranspor,33,17402903,"-22.9393","-43.1961"
180,180-COSME VELHO X CENTRAL (VIA LARGO DO MACHADO),Fetranspor,34,17402903,"-22.9393","-43.1961"
180,180-COSME VELHO X CENTRAL (VIA LARGO DO MACHADO),Fetranspor,35,17402903,"-22.9392","-43.1961"
180,180-COSME VELHO X CENTRAL (VIA LARGO DO MACHADO),Fetranspor,36,17402903,"-22.9389","-43.196"
180,180-COSME VELHO X CENTRAL (VIA LARGO DO MACHADO),Fetranspor,37,17402903,"-22.9386","-43.1959"
180,180-COSME VELHO X CENTRAL (VIA LARGO DO MACHADO),Fetranspor,38,17402903,"-22.9385","-43.1959"
180,180-COSME VELHO X CENTRAL (VIA LARGO DO MACHADO),Fetranspor,39,17402903,"-22.9384","-43.1958"
180,180-COSME VELHO X CENTRAL (VIA LARGO DO MACHADO),Fetranspor,40,17402903,"-22.9383","-43.1958"
180,180-COSME VELHO X CENTRAL (VIA LARGO DO MACHADO),Fetranspor,41,17402903,"-22.9383","-43.1957"
180,180-COSME VELHO X CENTRAL (VIA LARGO DO MACHADO),Fetranspor,42,17402903,"-22.9382","-43.1957"
180,180-COSME VELHO X CENTRAL (VIA LARGO DO MACHADO),Fetranspor,43,17402903,"-22.9382","-43.1955"
180,180-COSME VELHO X CENTRAL (VIA LARGO DO MACHADO),Fetranspor,44,17402903,"-22.9382","-43.1955"
180,180-COSME VELHO X CENTRAL (VIA LARGO DO MACHADO),Fetranspor,45,17402903,"-22.9381","-43.1954"
180,180-COSME VELHO X CENTRAL (VIA LARGO DO MACHADO),Fetranspor,46,17402903,"-22.9381","-43.1953"
180,180-COSME VELHO X CENTRAL (VIA LARGO DO MACHADO),Fetranspor,47,17402903,"-22.9382","-43.1953"
180,180-COSME VELHO X CENTRAL (VIA LARGO DO MACHADO),Fetranspor,48,17402903,"-22.9382","-43.1951"
180,180-COSME VELHO X CENTRAL (VIA LARGO DO MACHADO),Fetranspor,49,17402903,"-22.9384","-43.1946"
180,180-COSME VELHO X CENTRAL (VIA LARGO DO MACHADO),Fetranspor,50,17402903,"-22.9384","-43.1946"
180,180-COSME VELHO X CENTRAL (VIA LARGO DO MACHADO),Fetranspor,51,17402903,"-22.9385","-43.1944"
180,180-COSME VELHO X CENTRAL (VIA LARGO DO MACHADO),Fetranspor,52,17402903,"-22.9385","-43.1944"
180,180-COSME VELHO X CENTRAL (VIA LARGO DO MACHADO),Fetranspor,53,17402903,"-22.9385","-43.1943"
180,180-COSME VELHO X CENTRAL (VIA LARGO DO MACHADO),Fetranspor,54,17402903,"-22.9386","-43.194"
180,180-COSME VELHO X CENTRAL (VIA LARGO DO MACHADO),Fetranspor,55,17402903,"-22.9386","-43.1938"
180,180-COSME VELHO X CENTRAL (VIA LARGO DO MACHADO),Fetranspor,56,17402903,"-22.9386","-43.1938"
180,180-COSME VELHO X CENTRAL (VIA LARGO DO MACHADO),Fetranspor,57,17402903,"-22.9386","-43.1938"
180,180-COSME VELHO X CENTRAL (VIA LARGO DO MACHADO),Fetranspor,58,17402903,"-22.9386","-43.1938"
180,180-COSME VELHO X CENTRAL (VIA LARGO DO MACHADO),Fetranspor,59,17402903,"-22.9386","-43.1937"
180,180-COSME VELHO X CENTRAL (VIA LARGO DO MACHADO),Fetranspor,60,17402903,"-22.9386","-43.1936"
180,180-COSME VELHO X CENTRAL (VIA LARGO DO MACHADO),Fetranspor,61,17402903,"-22.9386","-43.1932"
180,180-COSME VELHO X CENTRAL (VIA LARGO DO MACHADO),Fetranspor,62,17402903,"-22.9385","-43.1927"
180,180-COSME VELHO X CENTRAL (VIA LARGO DO MACHADO),Fetranspor,63,17402903,"-22.9384","-43.1916"
180,180-COSME VELHO X CENTRAL (VIA LARGO DO MACHADO),Fetranspor,64,17402903,"-22.9384","-43.1916"
180,180-COSME VELHO X CENTRAL (VIA LARGO DO MACHADO),Fetranspor,65,17402903,"-22.9383","-43.1913"
180,180-COSME VELHO X CENTRAL (VIA LARGO DO MACHADO),Fetranspor,66,17402903,"-22.9383","-43.1911"
180,180-COSME VELHO X CENTRAL (VIA LARGO DO MACHADO),Fetranspor,67,17402903,"-22.9383","-43.191"
180,180-COSME VELHO X CENTRAL (VIA LARGO DO MACHADO),Fetranspor,68,17402903,"-22.9383","-43.191"
180,180-COSME VELHO X CENTRAL (VIA LARGO DO MACHADO),Fetranspor,69,17402903,"-22.9383","-43.191"
180,180-COSME VELHO X CENTRAL (VIA LARGO DO MACHADO),Fetranspor,70,17402903,"-22.9382","-43.1909"
180,180-COSME VELHO X CENTRAL (VIA LARGO DO MACHADO),Fetranspor,71,17402903,"-22.9382","-43.1909"
180,180-COSME VELHO X CENTRAL (VIA LARGO DO MACHADO),Fetranspor,72,17402903,"-22.9382","-43.1908"
180,180-COSME VELHO X CENTRAL (VIA LARGO DO MACHADO),Fetranspor,73,17402903,"-22.9381","-43.1907"
180,180-COSME VELHO X CENTRAL (VIA LARGO DO MACHADO),Fetranspor,74,17402903,"-22.938","-43.1906"
180,180-COSME VELHO X CENTRAL (VIA LARGO DO MACHADO),Fetranspor,75,17402903,"-22.9379","-43.1905"
180,180-COSME VELHO X CENTRAL (VIA LARGO DO MACHADO),Fetranspor,76,17402903,"-22.9378","-43.1905"
180,180-COSME VELHO X CENTRAL (VIA LARGO DO MACHADO),Fetranspor,77,17402903,"-22.9378","-43.1905"
180,180-COSME VELHO X CENTRAL (VIA LARGO DO MACHADO),Fetranspor,78,17402903,"-22.9377","-43.1904"
180,180-COSME VELHO X CENTRAL (VIA LARGO DO MACHADO),Fetranspor,79,17402903,"-22.9366","-43.1902"
180,180-COSME VELHO X CENTRAL (VIA LARGO DO MACHADO),Fetranspor,80,17402903,"-22.9366","-43.1902"
180,180-COSME VELHO X CENTRAL (VIA LARGO DO MACHADO),Fetranspor,81,17402903,"-22.9365","-43.1902"
180,180-COSME VELHO X CENTRAL (VIA LARGO DO MACHADO),Fetranspor,82,17402903,"-22.9364","-43.1901"
180,180-COSME VELHO X CENTRAL (VIA LARGO DO MACHADO),Fetranspor,83,17402903,"-22.9364","-43.1901"
180,180-COSME VELHO X CENTRAL (VIA LARGO DO MACHADO),Fetranspor,84,17402903,"-22.9363","-43.1901"
180,180-COSME VELHO X CENTRAL (VIA LARGO DO MACHADO),Fetranspor,85,17402903,"-22.9363","-43.1901"
180,180-COSME VELHO X CENTRAL (VIA LARGO DO MACHADO),Fetranspor,86,17402903,"-22.9363","-43.19"
180,180-COSME VELHO X CENTRAL (VIA LARGO DO MACHADO),Fetranspor,87,17402903,"-22.9357","-43.1896"
180,180-COSME VELHO X CENTRAL (VIA LARGO DO MACHADO),Fetranspor,88,17402903,"-22.9356","-43.1895"
180,180-COSME VELHO X CENTRAL (VIA LARGO DO MACHADO),Fetranspor,89,17402903,"-22.9355","-43.1894"
180,180-COSME VELHO X CENTRAL (VIA LARGO DO MACHADO),Fetranspor,90,17402903,"-22.9354","-43.1893"
180,180-COSME VELHO X CENTRAL (VIA LARGO DO MACHADO),Fetranspor,91,17402903,"-22.9353","-43.189"
180,180-COSME VELHO X CENTRAL (VIA LARGO DO MACHADO),Fetranspor,92,17402903,"-22.9352","-43.1889"
180,180-COSME VELHO X CENTRAL (VIA LARGO DO MACHADO),Fetranspor,93,17402903,"-22.9352","-43.1889"
180,180-COSME VELHO X CENTRAL (VIA LARGO DO MACHADO),Fetranspor,94,17402903,"-22.9352","-43.1887"
180,180-COSME VELHO X CENTRAL (VIA LARGO DO MACHADO),Fetranspor,95,17402903,"-22.9352","-43.1887"
180,180-COSME VELHO X CENTRAL (VIA LARGO DO MACHADO),Fetranspor,96,17402903,"-22.9352","-43.1887"
180,180-COSME VELHO X CENTRAL (VIA LARGO DO MACHADO),Fetranspor,97,17402903,"-22.9351","-43.1886"
180,180-COSME VELHO X CENTRAL (VIA LARGO DO MACHADO),Fetranspor,98,17402903,"-22.9349","-43.1883"
180,180-COSME VELHO X CENTRAL (VIA LARGO DO MACHADO),Fetranspor,99,17402903,"-22.9345","-43.1875"
180,180-COSME VELHO X CENTRAL (VIA LARGO DO MACHADO),Fetranspor,100,17402903,"-22.9345","-43.1875"
180,180-COSME VELHO X CENTRAL (VIA LARGO DO MACHADO),Fetranspor,101,17402903,"-22.9346","-43.1873"
180,180-COSME VELHO X CENTRAL (VIA LARGO DO MACHADO),Fetranspor,102,17402903,"-22.9353","-43.1866"
180,180-COSME VELHO X CENTRAL (VIA LARGO DO MACHADO),Fetranspor,103,17402903,"-22.9354","-43.1865"
180,180-COSME VELHO X CENTRAL (VIA LARGO DO MACHADO),Fetranspor,104,17402903,"-22.9354","-43.1865"
180,180-COSME VELHO X CENTRAL (VIA LARGO DO MACHADO),Fetranspor,105,17402903,"-22.9352","-43.1862"
180,180-COSME VELHO X CENTRAL (VIA LARGO DO MACHADO),Fetranspor,106,17402903,"-22.9352","-43.186"
180,180-COSME VELHO X CENTRAL (VIA LARGO DO MACHADO),Fetranspor,107,17402903,"-22.9352","-43.186"
180,180-COSME VELHO X CENTRAL (VIA LARGO DO MACHADO),Fetranspor,108,17402903,"-22.9351","-43.1859"
180,180-COSME VELHO X CENTRAL (VIA LARGO DO MACHADO),Fetranspor,109,17402903,"-22.935","-43.1858"
180,180-COSME VELHO X CENTRAL (VIA LARGO DO MACHADO),Fetranspor,110,17402903,"-22.9346","-43.1849"
180,180-COSME VELHO X CENTRAL (VIA LARGO DO MACHADO),Fetranspor,111,17402903,"-22.9344","-43.1845"
180,180-COSME VELHO X CENTRAL (VIA LARGO DO MACHADO),Fetranspor,112,17402903,"-22.9344","-43.1844"
180,180-COSME VELHO X CENTRAL (VIA LARGO DO MACHADO),Fetranspor,113,17402903,"-22.9344","-43.1844"
180,180-COSME VELHO X CENTRAL (VIA LARGO DO MACHADO),Fetranspor,114,17402903,"-22.9343","-43.1843"
180,180-COSME VELHO X CENTRAL (VIA LARGO DO MACHADO),Fetranspor,115,17402903,"-22.934","-43.1836"
180,180-COSME VELHO X CENTRAL (VIA LARGO DO MACHADO),Fetranspor,116,17402903,"-22.934","-43.1836"
180,180-COSME VELHO X CENTRAL (VIA LARGO DO MACHADO),Fetranspor,117,17402903,"-22.9339","-43.1833"
180,180-COSME VELHO X CENTRAL (VIA LARGO DO MACHADO),Fetranspor,118,17402903,"-22.9338","-43.183"
180,180-COSME VELHO X CENTRAL (VIA LARGO DO MACHADO),Fetranspor,119,17402903,"-22.9337","-43.1828"
180,180-COSME VELHO X CENTRAL (VIA LARGO DO MACHADO),Fetranspor,120,17402903,"-22.9337","-43.1828"
180,180-COSME VELHO X CENTRAL (VIA LARGO DO MACHADO),Fetranspor,121,17402903,"-22.9337","-43.1827"
180,180-COSME VELHO X CENTRAL (VIA LARGO DO MACHADO),Fetranspor,122,17402903,"-22.9334","-43.1816"
180,180-COSME VELHO X CENTRAL (VIA LARGO DO MACHADO),Fetranspor,123,17402903,"-22.9333","-43.1813"
180,180-COSME VELHO X CENTRAL (VIA LARGO DO MACHADO),Fetranspor,124,17402903,"-22.9333","-43.1813"
180,180-COSME VELHO X CENTRAL (VIA LARGO DO MACHADO),Fetranspor,125,17402903,"-22.9332","-43.1809"
180,180-COSME VELHO X CENTRAL (VIA LARGO DO MACHADO),Fetranspor,126,17402903,"-22.9332","-43.1809"
180,180-COSME VELHO X CENTRAL (VIA LARGO DO MACHADO),Fetranspor,127,17402903,"-22.9331","-43.1804"
180,180-COSME VELHO X CENTRAL (VIA LARGO DO MACHADO),Fetranspor,128,17402903,"-22.9329","-43.1792"
180,180-COSME VELHO X CENTRAL (VIA LARGO DO MACHADO),Fetranspor,129,17402903,"-22.9329","-43.1792"
180,180-COSME VELHO X CENTRAL (VIA LARGO DO MACHADO),Fetranspor,130,17402903,"-22.9328","-43.1789"
180,180-COSME VELHO X CENTRAL (VIA LARGO DO MACHADO),Fetranspor,131,17402903,"-22.9328","-43.1789"
180,180-COSME VELHO X CENTRAL (VIA LARGO DO MACHADO),Fetranspor,132,17402903,"-22.9328","-43.1787"
180,180-COSME VELHO X CENTRAL (VIA LARGO DO MACHADO),Fetranspor,133,17402903,"-22.9327","-43.1778"
180,180-COSME VELHO X CENTRAL (VIA LARGO DO MACHADO),Fetranspor,134,17402903,"-22.9327","-43.1778"
180,180-COSME VELHO X CENTRAL (VIA LARGO DO MACHADO),Fetranspor,135,17402903,"-22.9328","-43.1777"
180,180-COSME VELHO X CENTRAL (VIA LARGO DO MACHADO),Fetranspor,136,17402903,"-22.9328","-43.1777"
180,180-COSME VELHO X CENTRAL (VIA LARGO DO MACHADO),Fetranspor,137,17402903,"-22.9329","-43.1777"
180,180-COSME VELHO X CENTRAL (VIA LARGO DO MACHADO),Fetranspor,138,17402903,"-22.9329","-43.1776"
180,180-COSME VELHO X CENTRAL (VIA LARGO DO MACHADO),Fetranspor,139,17402903,"-22.9329","-43.1776"
180,180-COSME VELHO X CENTRAL (VIA LARGO DO MACHADO),Fetranspor,140,17402903,"-22.9329","-43.1776"
180,180-COSME VELHO X CENTRAL (VIA LARGO DO MACHADO),Fetranspor,141,17402903,"-22.9328","-43.1775"
180,180-COSME VELHO X CENTRAL (VIA LARGO DO MACHADO),Fetranspor,142,17402903,"-22.9328","-43.1775"
180,180-COSME VELHO X CENTRAL (VIA LARGO DO MACHADO),Fetranspor,143,17402903,"-22.9328","-43.1774"
180,180-COSME VELHO X CENTRAL (VIA LARGO DO MACHADO),Fetranspor,144,17402903,"-22.9328","-43.1774"
180,180-COSME VELHO X CENTRAL (VIA LARGO DO MACHADO),Fetranspor,145,17402903,"-22.9327","-43.1774"
180,180-COSME VELHO X CENTRAL (VIA LARGO DO MACHADO),Fetranspor,146,17402903,"-22.9326","-43.1774"
180,180-COSME VELHO X CENTRAL (VIA LARGO DO MACHADO),Fetranspor,147,17402903,"-22.9326","-43.1774"
180,180-COSME VELHO X CENTRAL (VIA LARGO DO MACHADO),Fetranspor,148,17402903,"-22.9326","-43.1775"
180,180-COSME VELHO X CENTRAL (VIA LARGO DO MACHADO),Fetranspor,149,17402903,"-22.9325","-43.1775"
180,180-COSME VELHO X CENTRAL (VIA LARGO DO MACHADO),Fetranspor,150,17402903,"-22.9325","-43.1775"
180,180-COSME VELHO X CENTRAL (VIA LARGO DO MACHADO),Fetranspor,151,17402903,"-22.9322","-43.1776"
180,180-COSME VELHO X CENTRAL (VIA LARGO DO MACHADO),Fetranspor,152,17402903,"-22.9322","-43.1776"
180,180-COSME VELHO X CENTRAL (VIA LARGO DO MACHADO),Fetranspor,153,17402903,"-22.9315","-43.1776"
180,180-COSME VELHO X CENTRAL (VIA LARGO DO MACHADO),Fetranspor,154,17402903,"-22.9313","-43.1776"
180,180-COSME VELHO X CENTRAL (VIA LARGO DO MACHADO),Fetranspor,155,17402903,"-22.9313","-43.1776"
180,180-COSME VELHO X CENTRAL (VIA LARGO DO MACHADO),Fetranspor,156,17402903,"-22.9311","-43.1776"
180,180-COSME VELHO X CENTRAL (VIA LARGO DO MACHADO),Fetranspor,157,17402903,"-22.9311","-43.1776"
180,180-COSME VELHO X CENTRAL (VIA LARGO DO MACHADO),Fetranspor,158,17402903,"-22.9305","-43.1777"
180,180-COSME VELHO X CENTRAL (VIA LARGO DO MACHADO),Fetranspor,159,17402903,"-22.9305","-43.1777"
180,180-COSME VELHO X CENTRAL (VIA LARGO DO MACHADO),Fetranspor,160,17402903,"-22.9303","-43.1777"
180,180-COSME VELHO X CENTRAL (VIA LARGO DO MACHADO),Fetranspor,161,17402903,"-22.9303","-43.1777"
180,180-COSME VELHO X CENTRAL (VIA LARGO DO MACHADO),Fetranspor,162,17402903,"-22.9301","-43.1776"
180,180-COSME VELHO X CENTRAL (VIA LARGO DO MACHADO),Fetranspor,163,17402903,"-22.9299","-43.1776"
180,180-COSME VELHO X CENTRAL (VIA LARGO DO MACHADO),Fetranspor,164,17402903,"-22.9298","-43.1776"
180,180-COSME VELHO X CENTRAL (VIA LARGO DO MACHADO),Fetranspor,165,17402903,"-22.9298","-43.1776"
180,180-COSME VELHO X CENTRAL (VIA LARGO DO MACHADO),Fetranspor,166,17402903,"-22.9289","-43.1773"
180,180-COSME VELHO X CENTRAL (VIA LARGO DO MACHADO),Fetranspor,167,17402903,"-22.9289","-43.1773"
180,180-COSME VELHO X CENTRAL (VIA LARGO DO MACHADO),Fetranspor,168,17402903,"-22.9288","-43.1772"
180,180-COSME VELHO X CENTRAL (VIA LARGO DO MACHADO),Fetranspor,169,17402903,"-22.9288","-43.1772"
180,180-COSME VELHO X CENTRAL (VIA LARGO DO MACHADO),Fetranspor,170,17402903,"-22.9283","-43.1771"
180,180-COSME VELHO X CENTRAL (VIA LARGO DO MACHADO),Fetranspor,171,17402903,"-22.9283","-43.1771"
180,180-COSME VELHO X CENTRAL (VIA LARGO DO MACHADO),Fetranspor,172,17402903,"-22.928","-43.177"
180,180-COSME VELHO X CENTRAL (VIA LARGO DO MACHADO),Fetranspor,173,17402903,"-22.928","-43.177"
180,180-COSME VELHO X CENTRAL (VIA LARGO DO MACHADO),Fetranspor,174,17402903,"-22.9275","-43.1768"
180,180-COSME VELHO X CENTRAL (VIA LARGO DO MACHADO),Fetranspor,175,17402903,"-22.9275","-43.1768"
180,180-COSME VELHO X CENTRAL (VIA LARGO DO MACHADO),Fetranspor,176,17402903,"-22.9274","-43.1768"
180,180-COSME VELHO X CENTRAL (VIA LARGO DO MACHADO),Fetranspor,177,17402903,"-22.9271","-43.1767"
180,180-COSME VELHO X CENTRAL (VIA LARGO DO MACHADO),Fetranspor,178,17402903,"-22.9269","-43.1766"
180,180-COSME VELHO X CENTRAL (VIA LARGO DO MACHADO),Fetranspor,179,17402903,"-22.9268","-43.1766"
180,180-COSME VELHO X CENTRAL (VIA LARGO DO MACHADO),Fetranspor,180,17402903,"-22.9268","-43.1766"
180,180-COSME VELHO X CENTRAL (VIA LARGO DO MACHADO),Fetranspor,181,17402903,"-22.9265","-43.1766"
180,180-COSME VELHO X CENTRAL (VIA LARGO DO MACHADO),Fetranspor,182,17402903,"-22.9263","-43.1766"
180,180-COSME VELHO X CENTRAL (VIA LARGO DO MACHADO),Fetranspor,183,17402903,"-22.9257","-43.1766"
180,180-COSME VELHO X CENTRAL (VIA LARGO DO MACHADO),Fetranspor,184,17402903,"-22.9257","-43.1766"
180,180-COSME VELHO X CENTRAL (VIA LARGO DO MACHADO),Fetranspor,185,17402903,"-22.9256","-43.1766"
180,180-COSME VELHO X CENTRAL (VIA LARGO DO MACHADO),Fetranspor,186,17402903,"-22.9254","-43.1766"
180,180-COSME VELHO X CENTRAL (VIA LARGO DO MACHADO),Fetranspor,187,17402903,"-22.9253","-43.1766"
180,180-COSME VELHO X CENTRAL (VIA LARGO DO MACHADO),Fetranspor,188,17402903,"-22.9244","-43.1769"
180,180-COSME VELHO X CENTRAL (VIA LARGO DO MACHADO),Fetranspor,189,17402903,"-22.9244","-43.1769"
180,180-COSME VELHO X CENTRAL (VIA LARGO DO MACHADO),Fetranspor,190,17402903,"-22.9241","-43.177"
180,180-COSME VELHO X CENTRAL (VIA LARGO DO MACHADO),Fetranspor,191,17402903,"-22.9241","-43.177"
180,180-COSME VELHO X CENTRAL (VIA LARGO DO MACHADO),Fetranspor,192,17402903,"-22.9238","-43.177"
180,180-COSME VELHO X CENTRAL (VIA LARGO DO MACHADO),Fetranspor,193,17402903,"-22.9238","-43.177"
180,180-COSME VELHO X CENTRAL (VIA LARGO DO MACHADO),Fetranspor,194,17402903,"-22.9235","-43.177"
180,180-COSME VELHO X CENTRAL (VIA LARGO DO MACHADO),Fetranspor,195,17402903,"-22.9235","-43.177"
180,180-COSME VELHO X CENTRAL (VIA LARGO DO MACHADO),Fetranspor,196,17402903,"-22.9233","-43.1771"
180,180-COSME VELHO X CENTRAL (VIA LARGO DO MACHADO),Fetranspor,197,17402903,"-22.9228","-43.1771"
180,180-COSME VELHO X CENTRAL (VIA LARGO DO MACHADO),Fetranspor,198,17402903,"-22.9224","-43.177"
180,180-COSME VELHO X CENTRAL (VIA LARGO DO MACHADO),Fetranspor,199,17402903,"-22.922","-43.1769"
180,180-COSME VELHO X CENTRAL (VIA LARGO DO MACHADO),Fetranspor,200,17402903,"-22.922","-43.1769"
180,180-COSME VELHO X CENTRAL (VIA LARGO DO MACHADO),Fetranspor,201,17402903,"-22.9216","-43.1768"
180,180-COSME VELHO X CENTRAL (VIA LARGO DO MACHADO),Fetranspor,202,17402903,"-22.9214","-43.1767"
180,180-COSME VELHO X CENTRAL (VIA LARGO DO MACHADO),Fetranspor,203,17402903,"-22.9214","-43.1767"
180,180-COSME VELHO X CENTRAL (VIA LARGO DO MACHADO),Fetranspor,204,17402903,"-22.9212","-43.1766"
180,180-COSME VELHO X CENTRAL (VIA LARGO DO MACHADO),Fetranspor,205,17402903,"-22.9212","-43.1766"
180,180-COSME VELHO X CENTRAL (VIA LARGO DO MACHADO),Fetranspor,206,17402903,"-22.9212","-43.1766"
180,180-COSME VELHO X CENTRAL (VIA LARGO DO MACHADO),Fetranspor,207,17402903,"-22.9211","-43.1765"
180,180-COSME VELHO X CENTRAL (VIA LARGO DO MACHADO),Fetranspor,208,17402903,"-22.9208","-43.1763"
180,180-COSME VELHO X CENTRAL (VIA LARGO DO MACHADO),Fetranspor,209,17402903,"-22.9206","-43.1761"
180,180-COSME VELHO X CENTRAL (VIA LARGO DO MACHADO),Fetranspor,210,17402903,"-22.9206","-43.1761"
180,180-COSME VELHO X CENTRAL (VIA LARGO DO MACHADO),Fetranspor,211,17402903,"-22.9205","-43.176"
180,180-COSME VELHO X CENTRAL (VIA LARGO DO MACHADO),Fetranspor,212,17402903,"-22.9204","-43.176"
180,180-COSME VELHO X CENTRAL (VIA LARGO DO MACHADO),Fetranspor,213,17402903,"-22.9203","-43.176"
180,180-COSME VELHO X CENTRAL (VIA LARGO DO MACHADO),Fetranspor,214,17402903,"-22.9203","-43.176"
180,180-COSME VELHO X CENTRAL (VIA LARGO DO MACHADO),Fetranspor,215,17402903,"-22.9203","-43.176"
180,180-COSME VELHO X CENTRAL (VIA LARGO DO MACHADO),Fetranspor,216,17402903,"-22.9201","-43.1762"
180,180-COSME VELHO X CENTRAL (VIA LARGO DO MACHADO),Fetranspor,217,17402903,"-22.9199","-43.1765"
180,180-COSME VELHO X CENTRAL (VIA LARGO DO MACHADO),Fetranspor,218,17402903,"-22.9199","-43.1765"
180,180-COSME VELHO X CENTRAL (VIA LARGO DO MACHADO),Fetranspor,219,17402903,"-22.9198","-43.1767"
180,180-COSME VELHO X CENTRAL (VIA LARGO DO MACHADO),Fetranspor,220,17402903,"-22.9197","-43.1768"
180,180-COSME VELHO X CENTRAL (VIA LARGO DO MACHADO),Fetranspor,221,17402903,"-22.9197","-43.1769"
180,180-COSME VELHO X CENTRAL (VIA LARGO DO MACHADO),Fetranspor,222,17402903,"-22.9197","-43.1769"
180,180-COSME VELHO X CENTRAL (VIA LARGO DO MACHADO),Fetranspor,223,17402903,"-22.9195","-43.1769"
180,180-COSME VELHO X CENTRAL (VIA LARGO DO MACHADO),Fetranspor,224,17402903,"-22.9193","-43.1769"
180,180-COSME VELHO X CENTRAL (VIA LARGO DO MACHADO),Fetranspor,225,17402903,"-22.9192","-43.1769"
180,180-COSME VELHO X CENTRAL (VIA LARGO DO MACHADO),Fetranspor,226,17402903,"-22.9191","-43.1769"
180,180-COSME VELHO X CENTRAL (VIA LARGO DO MACHADO),Fetranspor,227,17402903,"-22.9191","-43.1768"
180,180-COSME VELHO X CENTRAL (VIA LARGO DO MACHADO),Fetranspor,228,17402903,"-22.919","-43.1768"
180,180-COSME VELHO X CENTRAL (VIA LARGO DO MACHADO),Fetranspor,229,17402903,"-22.9188","-43.1768"
180,180-COSME VELHO X CENTRAL (VIA LARGO DO MACHADO),Fetranspor,230,17402903,"-22.9186","-43.1769"
180,180-COSME VELHO X CENTRAL (VIA LARGO DO MACHADO),Fetranspor,231,17402903,"-22.9181","-43.1769"
180,180-COSME VELHO X CENTRAL (VIA LARGO DO MACHADO),Fetranspor,232,17402903,"-22.9179","-43.1769"
180,180-COSME VELHO X CENTRAL (VIA LARGO DO MACHADO),Fetranspor,233,17402903,"-22.9172","-43.1768"
180,180-COSME VELHO X CENTRAL (VIA LARGO DO MACHADO),Fetranspor,234,17402903,"-22.9171","-43.1768"
180,180-COSME VELHO X CENTRAL (VIA LARGO DO MACHADO),Fetranspor,235,17402903,"-22.9171","-43.1768"
180,180-COSME VELHO X CENTRAL (VIA LARGO DO MACHADO),Fetranspor,236,17402903,"-22.917","-43.1768"
180,180-COSME VELHO X CENTRAL (VIA LARGO DO MACHADO),Fetranspor,237,17402903,"-22.917","-43.1768"
180,180-COSME VELHO X CENTRAL (VIA LARGO DO MACHADO),Fetranspor,238,17402903,"-22.9159","-43.1766"
180,180-COSME VELHO X CENTRAL (VIA LARGO DO MACHADO),Fetranspor,239,17402903,"-22.9159","-43.1766"
180,180-COSME VELHO X CENTRAL (VIA LARGO DO MACHADO),Fetranspor,240,17402903,"-22.9152","-43.1765"
180,180-COSME VELHO X CENTRAL (VIA LARGO DO MACHADO),Fetranspor,241,17402903,"-22.9152","-43.1765"
180,180-COSME VELHO X CENTRAL (VIA LARGO DO MACHADO),Fetranspor,242,17402903,"-22.915","-43.1765"
180,180-COSME VELHO X CENTRAL (VIA LARGO DO MACHADO),Fetranspor,243,17402903,"-22.9145","-43.1764"
180,180-COSME VELHO X CENTRAL (VIA LARGO DO MACHADO),Fetranspor,244,17402903,"-22.9145","-43.1764"
180,180-COSME VELHO X CENTRAL (VIA LARGO DO MACHADO),Fetranspor,245,17402903,"-22.9144","-43.1764"
180,180-COSME VELHO X CENTRAL (VIA LARGO DO MACHADO),Fetranspor,246,17402903,"-22.9144","-43.1764"
180,180-COSME VELHO X CENTRAL (VIA LARGO DO MACHADO),Fetranspor,247,17402903,"-22.9144","-43.1764"
180,180-COSME VELHO X CENTRAL (VIA LARGO DO MACHADO),Fetranspor,248,17402903,"-22.9143","-43.1765"
180,180-COSME VELHO X CENTRAL (VIA LARGO DO MACHADO),Fetranspor,249,17402903,"-22.9143","-43.1765"
180,180-COSME VELHO X CENTRAL (VIA LARGO DO MACHADO),Fetranspor,250,17402903,"-22.9142","-43.1766"
180,180-COSME VELHO X CENTRAL (VIA LARGO DO MACHADO),Fetranspor,251,17402903,"-22.9141","-43.1767"
180,180-COSME VELHO X CENTRAL (VIA LARGO DO MACHADO),Fetranspor,252,17402903,"-22.9141","-43.1767"
180,180-COSME VELHO X CENTRAL (VIA LARGO DO MACHADO),Fetranspor,253,17402903,"-22.914","-43.1773"
180,180-COSME VELHO X CENTRAL (VIA LARGO DO MACHADO),Fetranspor,254,17402903,"-22.914","-43.1773"
180,180-COSME VELHO X CENTRAL (VIA LARGO DO MACHADO),Fetranspor,255,17402903,"-22.9139","-43.1775"
180,180-COSME VELHO X CENTRAL (VIA LARGO DO MACHADO),Fetranspor,256,17402903,"-22.9139","-43.1777"
180,180-COSME VELHO X CENTRAL (VIA LARGO DO MACHADO),Fetranspor,257,17402903,"-22.9139","-43.1777"
180,180-COSME VELHO X CENTRAL (VIA LARGO DO MACHADO),Fetranspor,258,17402903,"-22.9138","-43.1777"
180,180-COSME VELHO X CENTRAL (VIA LARGO DO MACHADO),Fetranspor,259,17402903,"-22.9138","-43.1778"
180,180-COSME VELHO X CENTRAL (VIA LARGO DO MACHADO),Fetranspor,260,17402903,"-22.9137","-43.1778"
180,180-COSME VELHO X CENTRAL (VIA LARGO DO MACHADO),Fetranspor,261,17402903,"-22.9137","-43.1778"
180,180-COSME VELHO X CENTRAL (VIA LARGO DO MACHADO),Fetranspor,262,17402903,"-22.9136","-43.1778"
180,180-COSME VELHO X CENTRAL (VIA LARGO DO MACHADO),Fetranspor,263,17402903,"-22.9135","-43.1777"
180,180-COSME VELHO X CENTRAL (VIA LARGO DO MACHADO),Fetranspor,264,17402903,"-22.9133","-43.1775"
180,180-COSME VELHO X CENTRAL (VIA LARGO DO MACHADO),Fetranspor,265,17402903,"-22.913","-43.1772"
180,180-COSME VELHO X CENTRAL (VIA LARGO DO MACHADO),Fetranspor,266,17402903,"-22.913","-43.1772"
180,180-COSME VELHO X CENTRAL (VIA LARGO DO MACHADO),Fetranspor,267,17402903,"-22.9122","-43.1763"
180,180-COSME VELHO X CENTRAL (VIA LARGO DO MACHADO),Fetranspor,268,17402903,"-22.9122","-43.1763"
180,180-COSME VELHO X CENTRAL (VIA LARGO DO MACHADO),Fetranspor,269,17402903,"-22.9121","-43.1761"
180,180-COSME VELHO X CENTRAL (VIA LARGO DO MACHADO),Fetranspor,270,17402903,"-22.9121","-43.1761"
180,180-COSME VELHO X CENTRAL (VIA LARGO DO MACHADO),Fetranspor,271,17402903,"-22.9119","-43.1758"
180,180-COSME VELHO X CENTRAL (VIA LARGO DO MACHADO),Fetranspor,272,17402903,"-22.9118","-43.1756"
180,180-COSME VELHO X CENTRAL (VIA LARGO DO MACHADO),Fetranspor,273,17402903,"-22.9118","-43.1756"
180,180-COSME VELHO X CENTRAL (VIA LARGO DO MACHADO),Fetranspor,274,17402903,"-22.9117","-43.1756"
180,180-COSME VELHO X CENTRAL (VIA LARGO DO MACHADO),Fetranspor,275,17402903,"-22.9117","-43.1756"
180,180-COSME VELHO X CENTRAL (VIA LARGO DO MACHADO),Fetranspor,276,17402903,"-22.9114","-43.1753"
180,180-COSME VELHO X CENTRAL (VIA LARGO DO MACHADO),Fetranspor,277,17402903,"-22.9114","-43.1753"
180,180-COSME VELHO X CENTRAL (VIA LARGO DO MACHADO),Fetranspor,278,17402903,"-22.911","-43.1745"
180,180-COSME VELHO X CENTRAL (VIA LARGO DO MACHADO),Fetranspor,279,17402903,"-22.911","-43.1745"
180,180-COSME VELHO X CENTRAL (VIA LARGO DO MACHADO),Fetranspor,280,17402903,"-22.9105","-43.1737"
180,180-COSME VELHO X CENTRAL (VIA LARGO DO MACHADO),Fetranspor,281,17402903,"-22.9105","-43.1737"
180,180-COSME VELHO X CENTRAL (VIA LARGO DO MACHADO),Fetranspor,282,17402903,"-22.9103","-43.1734"
180,180-COSME VELHO X CENTRAL (VIA LARGO DO MACHADO),Fetranspor,283,17402903,"-22.9098","-43.1726"
180,180-COSME VELHO X CENTRAL (VIA LARGO DO MACHADO),Fetranspor,284,17402903,"-22.9098","-43.1726"
180,180-COSME VELHO X CENTRAL (VIA LARGO DO MACHADO),Fetranspor,285,17402903,"-22.9096","-43.1723"
180,180-COSME VELHO X CENTRAL (VIA LARGO DO MACHADO),Fetranspor,286,17402903,"-22.9096","-43.1723"
180,180-COSME VELHO X CENTRAL (VIA LARGO DO MACHADO),Fetranspor,287,17402903,"-22.9094","-43.1722"
180,180-COSME VELHO X CENTRAL (VIA LARGO DO MACHADO),Fetranspor,288,17402903,"-22.9094","-43.1722"
180,180-COSME VELHO X CENTRAL (VIA LARGO DO MACHADO),Fetranspor,289,17402903,"-22.9093","-43.1721"
180,180-COSME VELHO X CENTRAL (VIA LARGO DO MACHADO),Fetranspor,290,17402903,"-22.9093","-43.1721"
180,180-COSME VELHO X CENTRAL (VIA LARGO DO MACHADO),Fetranspor,291,17402903,"-22.909","-43.1722"
180,180-COSME VELHO X CENTRAL (VIA LARGO DO MACHADO),Fetranspor,292,17402903,"-22.909","-43.1722"
180,180-COSME VELHO X CENTRAL (VIA LARGO DO MACHADO),Fetranspor,293,17402903,"-22.9081","-43.1725"
180,180-COSME VELHO X CENTRAL (VIA LARGO DO MACHADO),Fetranspor,294,17402903,"-22.9081","-43.1725"
180,180-COSME VELHO X CENTRAL (VIA LARGO DO MACHADO),Fetranspor,295,17402903,"-22.9071","-43.1728"
180,180-COSME VELHO X CENTRAL (VIA LARGO DO MACHADO),Fetranspor,296,17402903,"-22.9071","-43.1728"
180,180-COSME VELHO X CENTRAL (VIA LARGO DO MACHADO),Fetranspor,297,17402903,"-22.9066","-43.173"
180,180-COSME VELHO X CENTRAL (VIA LARGO DO MACHADO),Fetranspor,298,17402903,"-22.9066","-43.173"
180,180-COSME VELHO X CENTRAL (VIA LARGO DO MACHADO),Fetranspor,299,17402903,"-22.9065","-43.173"
180,180-COSME VELHO X CENTRAL (VIA LARGO DO MACHADO),Fetranspor,300,17402903,"-22.9065","-43.173"
180,180-COSME VELHO X CENTRAL (VIA LARGO DO MACHADO),Fetranspor,301,17402903,"-22.9061","-43.1732"
180,180-COSME VELHO X CENTRAL (VIA LARGO DO MACHADO),Fetranspor,302,17402903,"-22.9057","-43.1734"
180,180-COSME VELHO X CENTRAL (VIA LARGO DO MACHADO),Fetranspor,303,17402903,"-22.9052","-43.1738"
180,180-COSME VELHO X CENTRAL (VIA LARGO DO MACHADO),Fetranspor,304,17402903,"-22.905","-43.1739"
180,180-COSME VELHO X CENTRAL (VIA LARGO DO MACHADO),Fetranspor,305,17402903,"-22.905","-43.1739"
180,180-COSME VELHO X CENTRAL (VIA LARGO DO MACHADO),Fetranspor,306,17402903,"-22.9047","-43.1742"
180,180-COSME VELHO X CENTRAL (VIA LARGO DO MACHADO),Fetranspor,307,17402903,"-22.9047","-43.1742"
180,180-COSME VELHO X CENTRAL (VIA LARGO DO MACHADO),Fetranspor,308,17402903,"-22.9046","-43.1742"
180,180-COSME VELHO X CENTRAL (VIA LARGO DO MACHADO),Fetranspor,309,17402903,"-22.9044","-43.1743"
180,180-COSME VELHO X CENTRAL (VIA LARGO DO MACHADO),Fetranspor,310,17402903,"-22.9044","-43.1743"
180,180-COSME VELHO X CENTRAL (VIA LARGO DO MACHADO),Fetranspor,311,17402903,"-22.9043","-43.1744"
180,180-COSME VELHO X CENTRAL (VIA LARGO DO MACHADO),Fetranspor,312,17402903,"-22.9041","-43.1745"
180,180-COSME VELHO X CENTRAL (VIA LARGO DO MACHADO),Fetranspor,313,17402903,"-22.904","-43.1745"
180,180-COSME VELHO X CENTRAL (VIA LARGO DO MACHADO),Fetranspor,314,17402903,"-22.904","-43.1745"
180,180-COSME VELHO X CENTRAL (VIA LARGO DO MACHADO),Fetranspor,315,17402903,"-22.9039","-43.1746"
180,180-COSME VELHO X CENTRAL (VIA LARGO DO MACHADO),Fetranspor,316,17402903,"-22.9037","-43.1748"
180,180-COSME VELHO X CENTRAL (VIA LARGO DO MACHADO),Fetranspor,317,17402903,"-22.9034","-43.175"
180,180-COSME VELHO X CENTRAL (VIA LARGO DO MACHADO),Fetranspor,318,17402903,"-22.9034","-43.175"
180,180-COSME VELHO X CENTRAL (VIA LARGO DO MACHADO),Fetranspor,319,17402903,"-22.9032","-43.1752"
180,180-COSME VELHO X CENTRAL (VIA LARGO DO MACHADO),Fetranspor,320,17402903,"-22.9032","-43.1752"
180,180-COSME VELHO X CENTRAL (VIA LARGO DO MACHADO),Fetranspor,321,17402903,"-22.9029","-43.1755"
180,180-COSME VELHO X CENTRAL (VIA LARGO DO MACHADO),Fetranspor,322,17402903,"-22.9029","-43.1755"
180,180-COSME VELHO X CENTRAL (VIA LARGO DO MACHADO),Fetranspor,323,17402903,"-22.9024","-43.1759"
180,180-COSME VELHO X CENTRAL (VIA LARGO DO MACHADO),Fetranspor,324,17402903,"-22.9024","-43.1759"
180,180-COSME VELHO X CENTRAL (VIA LARGO DO MACHADO),Fetranspor,325,17402903,"-22.9019","-43.1761"
180,180-COSME VELHO X CENTRAL (VIA LARGO DO MACHADO),Fetranspor,326,17402903,"-22.9019","-43.1761"
180,180-COSME VELHO X CENTRAL (VIA LARGO DO MACHADO),Fetranspor,327,17402903,"-22.9018","-43.1762"
180,180-COSME VELHO X CENTRAL (VIA LARGO DO MACHADO),Fetranspor,328,17402903,"-22.9017","-43.1763"
180,180-COSME VELHO X CENTRAL (VIA LARGO DO MACHADO),Fetranspor,329,17402903,"-22.9017","-43.1763"
180,180-COSME VELHO X CENTRAL (VIA LARGO DO MACHADO),Fetranspor,330,17402903,"-22.9015","-43.1764"
180,180-COSME VELHO X CENTRAL (VIA LARGO DO MACHADO),Fetranspor,331,17402903,"-22.9015","-43.1764"
180,180-COSME VELHO X CENTRAL (VIA LARGO DO MACHADO),Fetranspor,332,17402903,"-22.9013","-43.1765"
180,180-COSME VELHO X CENTRAL (VIA LARGO DO MACHADO),Fetranspor,333,17402903,"-22.9013","-43.1765"
180,180-COSME VELHO X CENTRAL (VIA LARGO DO MACHADO),Fetranspor,334,17402903,"-22.901","-43.1766"
180,180-COSME VELHO X CENTRAL (VIA LARGO DO MACHADO),Fetranspor,335,17402903,"-22.9008","-43.1767"
180,180-COSME VELHO X CENTRAL (VIA LARGO DO MACHADO),Fetranspor,336,17402903,"-22.9008","-43.1767"
180,180-COSME VELHO X CENTRAL (VIA LARGO DO MACHADO),Fetranspor,337,17402903,"-22.9006","-43.1768"
180,180-COSME VELHO X CENTRAL (VIA LARGO DO MACHADO),Fetranspor,338,17402903,"-22.9006","-43.1768"
180,180-COSME VELHO X CENTRAL (VIA LARGO DO MACHADO),Fetranspor,339,17402903,"-22.9003","-43.1769"
180,180-COSME VELHO X CENTRAL (VIA LARGO DO MACHADO),Fetranspor,340,17402903,"-22.9003","-43.1769"
180,180-COSME VELHO X CENTRAL (VIA LARGO DO MACHADO),Fetranspor,341,17402903,"-22.9001","-43.177"
180,180-COSME VELHO X CENTRAL (VIA LARGO DO MACHADO),Fetranspor,342,17402903,"-22.8997","-43.1771"
180,180-COSME VELHO X CENTRAL (VIA LARGO DO MACHADO),Fetranspor,343,17402903,"-22.8997","-43.1771"
180,180-COSME VELHO X CENTRAL (VIA LARGO DO MACHADO),Fetranspor,344,17402903,"-22.8991","-43.1772"
180,180-COSME VELHO X CENTRAL (VIA LARGO DO MACHADO),Fetranspor,345,17402903,"-22.8991","-43.1772"
180,180-COSME VELHO X CENTRAL (VIA LARGO DO MACHADO),Fetranspor,346,17402903,"-22.8993","-43.1778"
180,180-COSME VELHO X CENTRAL (VIA LARGO DO MACHADO),Fetranspor,347,17402903,"-22.8993","-43.1778"
180,180-COSME VELHO X CENTRAL (VIA LARGO DO MACHADO),Fetranspor,348,17402903,"-22.8995","-43.1784"
180,180-COSME VELHO X CENTRAL (VIA LARGO DO MACHADO),Fetranspor,349,17402903,"-22.8996","-43.1788"
180,180-COSME VELHO X CENTRAL (VIA LARGO DO MACHADO),Fetranspor,350,17402903,"-22.8996","-43.1788"
180,180-COSME VELHO X CENTRAL (VIA LARGO DO MACHADO),Fetranspor,351,17402903,"-22.8996","-43.1788"
180,180-COSME VELHO X CENTRAL (VIA LARGO DO MACHADO),Fetranspor,352,17402903,"-22.8996","-43.179"
180,180-COSME VELHO X CENTRAL (VIA LARGO DO MACHADO),Fetranspor,353,17402903,"-22.8998","-43.1796"
180,180-COSME VELHO X CENTRAL (VIA LARGO DO MACHADO),Fetranspor,354,17402903,"-22.8998","-43.1796"
180,180-COSME VELHO X CENTRAL (VIA LARGO DO MACHADO),Fetranspor,355,17402903,"-22.9","-43.1803"
180,180-COSME VELHO X CENTRAL (VIA LARGO DO MACHADO),Fetranspor,356,17402903,"-22.9","-43.1803"
180,180-COSME VELHO X CENTRAL (VIA LARGO DO MACHADO),Fetranspor,357,17402903,"-22.9001","-43.1806"
180,180-COSME VELHO X CENTRAL (VIA LARGO DO MACHADO),Fetranspor,358,17402903,"-22.9002","-43.1808"
180,180-COSME VELHO X CENTRAL (VIA LARGO DO MACHADO),Fetranspor,359,17402903,"-22.9003","-43.181"
180,180-COSME VELHO X CENTRAL (VIA LARGO DO MACHADO),Fetranspor,360,17402903,"-22.9003","-43.181"
180,180-COSME VELHO X CENTRAL (VIA LARGO DO MACHADO),Fetranspor,361,17402903,"-22.9009","-43.1822"
180,180-COSME VELHO X CENTRAL (VIA LARGO DO MACHADO),Fetranspor,362,17402903,"-22.9009","-43.1822"
180,180-COSME VELHO X CENTRAL (VIA LARGO DO MACHADO),Fetranspor,363,17402903,"-22.9012","-43.1828"
180,180-COSME VELHO X CENTRAL (VIA LARGO DO MACHADO),Fetranspor,364,17402903,"-22.9012","-43.1828"
180,180-COSME VELHO X CENTRAL (VIA LARGO DO MACHADO),Fetranspor,365,17402903,"-22.9015","-43.1836"
180,180-COSME VELHO X CENTRAL (VIA LARGO DO MACHADO),Fetranspor,366,17402903,"-22.9015","-43.1836"
180,180-COSME VELHO X CENTRAL (VIA LARGO DO MACHADO),Fetranspor,367,17402903,"-22.9016","-43.1839"
180,180-COSME VELHO X CENTRAL (VIA LARGO DO MACHADO),Fetranspor,368,17402903,"-22.9019","-43.1846"
180,180-COSME VELHO X CENTRAL (VIA LARGO DO MACHADO),Fetranspor,369,17402903,"-22.9019","-43.1846"
180,180-COSME VELHO X CENTRAL (VIA LARGO DO MACHADO),Fetranspor,370,17402903,"-22.9019","-43.1847"
180,180-COSME VELHO X CENTRAL (VIA LARGO DO MACHADO),Fetranspor,371,17402903,"-22.9019","-43.1847"
180,180-COSME VELHO X CENTRAL (VIA LARGO DO MACHADO),Fetranspor,372,17402903,"-22.902","-43.1849"
180,180-COSME VELHO X CENTRAL (VIA LARGO DO MACHADO),Fetranspor,373,17402903,"-22.9022","-43.1853"
180,180-COSME VELHO X CENTRAL (VIA LARGO DO MACHADO),Fetranspor,374,17402903,"-22.9025","-43.1861"
180,180-COSME VELHO X CENTRAL (VIA LARGO DO MACHADO),Fetranspor,375,17402903,"-22.9025","-43.1861"
180,180-COSME VELHO X CENTRAL (VIA LARGO DO MACHADO),Fetranspor,376,17402903,"-22.903","-43.1874"
180,180-COSME VELHO X CENTRAL (VIA LARGO DO MACHADO),Fetranspor,377,17402903,"-22.903","-43.1874"
180,180-COSME VELHO X CENTRAL (VIA LARGO DO MACHADO),Fetranspor,378,17402903,"-22.9032","-43.188"
180,180-COSME VELHO X CENTRAL (VIA LARGO DO MACHADO),Fetranspor,379,17402903,"-22.9033","-43.1885"
180,180-COSME VELHO X CENTRAL (VIA LARGO DO MACHADO),Fetranspor,380,17402903,"-22.9034","-43.1886"
180,180-COSME VELHO X CENTRAL (VIA LARGO DO MACHADO),Fetranspor,381,17402903,"-22.9034","-43.1886"
180,180-COSME VELHO X CENTRAL (VIA LARGO DO MACHADO),Fetranspor,382,17402903,"-22.9035","-43.1891"
180,180-COSME VELHO X CENTRAL (VIA LARGO DO MACHADO),Fetranspor,383,17402903,"-22.9037","-43.1896"
180,180-COSME VELHO X CENTRAL (VIA LARGO DO MACHADO),Fetranspor,384,17402903,"-22.904","-43.1905"
180,180-COSME VELHO X CENTRAL (VIA LARGO DO MACHADO),Fetranspor,0,17616515,"-22.9034","-43.1886"
180,180-COSME VELHO X CENTRAL (VIA LARGO DO MACHADO),Fetranspor,1,17616515,"-22.9035","-43.1891"
180,180-COSME VELHO X CENTRAL (VIA LARGO DO MACHADO),Fetranspor,2,17616515,"-22.9037","-43.1896"
180,180-COSME VELHO X CENTRAL (VIA LARGO DO MACHADO),Fetranspor,3,17616515,"-22.904","-43.1905"
180,180-COSME VELHO X CENTRAL (VIA LARGO DO MACHADO),Fetranspor,4,17616515,"-22.904","-43.1905"
180,180-COSME VELHO X CENTRAL (VIA LARGO DO MACHADO),Fetranspor,5,17616515,"-22.9039","-43.1905"
180,180-COSME VELHO X CENTRAL (VIA LARGO DO MACHADO),Fetranspor,6,17616515,"-22.9038","-43.1905"
180,180-COSME VELHO X CENTRAL (VIA LARGO DO MACHADO),Fetranspor,7,17616515,"-22.9034","-43.1907"
180,180-COSME VELHO X CENTRAL (VIA LARGO DO MACHADO),Fetranspor,8,17616515,"-22.9029","-43.191"
180,180-COSME VELHO X CENTRAL (VIA LARGO DO MACHADO),Fetranspor,9,17616515,"-22.9027","-43.1912"
180,180-COSME VELHO X CENTRAL (VIA LARGO DO MACHADO),Fetranspor,10,17616515,"-22.9027","-43.1912"
180,180-COSME VELHO X CENTRAL (VIA LARGO DO MACHADO),Fetranspor,11,17616515,"-22.9025","-43.1913"
180,180-COSME VELHO X CENTRAL (VIA LARGO DO MACHADO),Fetranspor,12,17616515,"-22.9025","-43.1913"
180,180-COSME VELHO X CENTRAL (VIA LARGO DO MACHADO),Fetranspor,13,17616515,"-22.9021","-43.1916"
180,180-COSME VELHO X CENTRAL (VIA LARGO DO MACHADO),Fetranspor,14,17616515,"-22.9018","-43.1919"
180,180-COSME VELHO X CENTRAL (VIA LARGO DO MACHADO),Fetranspor,15,17616515,"-22.9018","-43.1919"
180,180-COSME VELHO X CENTRAL (VIA LARGO DO MACHADO),Fetranspor,16,17616515,"-22.9014","-43.1923"
180,180-COSME VELHO X CENTRAL (VIA LARGO DO MACHADO),Fetranspor,17,17616515,"-22.9014","-43.1923"
180,180-COSME VELHO X CENTRAL (VIA LARGO DO MACHADO),Fetranspor,18,17616515,"-22.901","-43.1927"
180,180-COSME VELHO X CENTRAL (VIA LARGO DO MACHADO),Fetranspor,19,17616515,"-22.901","-43.1927"
180,180-COSME VELHO X CENTRAL (VIA LARGO DO MACHADO),Fetranspor,20,17616515,"-22.9006","-43.193"
180,180-COSME VELHO X CENTRAL (VIA LARGO DO MACHADO),Fetranspor,21,17616515,"-22.9004","-43.1933"
180,180-COSME VELHO X CENTRAL (VIA LARGO DO MACHADO),Fetranspor,22,17616515,"-22.9004","-43.1933"
180,180-COSME VELHO X CENTRAL (VIA LARGO DO MACHADO),Fetranspor,23,17616515,"-22.9","-43.1936"
180,180-COSME VELHO X CENTRAL (VIA LARGO DO MACHADO),Fetranspor,24,17616515,"-22.8997","-43.1939"
180,180-COSME VELHO X CENTRAL (VIA LARGO DO MACHADO),Fetranspor,25,17616515,"-22.8996","-43.194"
180,180-COSME VELHO X CENTRAL (VIA LARGO DO MACHADO),Fetranspor,26,17616515,"-22.8994","-43.1942"
180,180-COSME VELHO X CENTRAL (VIA LARGO DO MACHADO),Fetranspor,27,17616515,"-22.8983","-43.1951"
180,180-COSME VELHO X CENTRAL (VIA LARGO DO MACHADO),Fetranspor,28,17616515,"-22.8983","-43.1951"
180,180-COSME VELHO X CENTRAL (VIA LARGO DO MACHADO),Fetranspor,29,17616515,"-22.8976","-43.1958"
180,180-COSME VELHO X CENTRAL (VIA LARGO DO MACHADO),Fetranspor,30,17616515,"-22.8976","-43.1958"
180,180-COSME VELHO X CENTRAL (VIA LARGO DO MACHADO),Fetranspor,31,17616515,"-22.8973","-43.196"
180,180-COSME VELHO X CENTRAL (VIA LARGO DO MACHADO),Fetranspor,32,17616515,"-22.8973","-43.196"
180,180-COSME VELHO X CENTRAL (VIA LARGO DO MACHADO),Fetranspor,33,17616515,"-22.897","-43.1956"
180,180-COSME VELHO X CENTRAL (VIA LARGO DO MACHADO),Fetranspor,34,17616515,"-22.8969","-43.1955"
180,180-COSME VELHO X CENTRAL (VIA LARGO DO MACHADO),Fetranspor,35,17616515,"-22.8969","-43.1955"
180,180-COSME VELHO X CENTRAL (VIA LARGO DO MACHADO),Fetranspor,36,17616515,"-22.8963","-43.1953"
180,180-COSME VELHO X CENTRAL (VIA LARGO DO MACHADO),Fetranspor,37,17616515,"-22.8963","-43.1953"
180,180-COSME VELHO X CENTRAL (VIA LARGO DO MACHADO),Fetranspor,38,17616515,"-22.8963","-43.195"
180,180-COSME VELHO X CENTRAL (VIA LARGO DO MACHADO),Fetranspor,39,17616515,"-22.8963","-43.1946"
180,180-COSME VELHO X CENTRAL (VIA LARGO DO MACHADO),Fetranspor,40,17616515,"-22.8963","-43.1946"
180,180-COSME VELHO X CENTRAL (VIA LARGO DO MACHADO),Fetranspor,41,17616515,"-22.8961","-43.1934"
180,180-COSME VELHO X CENTRAL (VIA LARGO DO MACHADO),Fetranspor,42,17616515,"-22.8961","-43.1934"
180,180-COSME VELHO X CENTRAL (VIA LARGO DO MACHADO),Fetranspor,43,17616515,"-22.8961","-43.1933"
180,180-COSME VELHO X CENTRAL (VIA LARGO DO MACHADO),Fetranspor,44,17616515,"-22.8961","-43.1928"
180,180-COSME VELHO X CENTRAL (VIA LARGO DO MACHADO),Fetranspor,45,17616515,"-22.8961","-43.1925"
180,180-COSME VELHO X CENTRAL (VIA LARGO DO MACHADO),Fetranspor,46,17616515,"-22.8961","-43.1923"
180,180-COSME VELHO X CENTRAL (VIA LARGO DO MACHADO),Fetranspor,47,17616515,"-22.8961","-43.1921"
180,180-COSME VELHO X CENTRAL (VIA LARGO DO MACHADO),Fetranspor,48,17616515,"-22.8961","-43.1919"
180,180-COSME VELHO X CENTRAL (VIA LARGO DO MACHADO),Fetranspor,49,17616515,"-22.896","-43.1919"
180,180-COSME VELHO X CENTRAL (VIA LARGO DO MACHADO),Fetranspor,50,17616515,"-22.896","-43.1918"
180,180-COSME VELHO X CENTRAL (VIA LARGO DO MACHADO),Fetranspor,51,17616515,"-22.896","-43.1918"
180,180-COSME VELHO X CENTRAL (VIA LARGO DO MACHADO),Fetranspor,52,17616515,"-22.8959","-43.1917"
180,180-COSME VELHO X CENTRAL (VIA LARGO DO MACHADO),Fetranspor,53,17616515,"-22.8953","-43.1908"
180,180-COSME VELHO X CENTRAL (VIA LARGO DO MACHADO),Fetranspor,54,17616515,"-22.8951","-43.1906"
180,180-COSME VELHO X CENTRAL (VIA LARGO DO MACHADO),Fetranspor,55,17616515,"-22.895","-43.1905"
180,180-COSME VELHO X CENTRAL (VIA LARGO DO MACHADO),Fetranspor,56,17616515,"-22.895","-43.1904"
180,180-COSME VELHO X CENTRAL (VIA LARGO DO MACHADO),Fetranspor,57,17616515,"-22.895","-43.1904"
180,180-COSME VELHO X CENTRAL (VIA LARGO DO MACHADO),Fetranspor,58,17616515,"-22.8948","-43.1903"
180,180-COSME VELHO X CENTRAL (VIA LARGO DO MACHADO),Fetranspor,59,17616515,"-22.8946","-43.1902"
180,180-COSME VELHO X CENTRAL (VIA LARGO DO MACHADO),Fetranspor,60,17616515,"-22.8945","-43.1901"
180,180-COSME VELHO X CENTRAL (VIA LARGO DO MACHADO),Fetranspor,61,17616515,"-22.8945","-43.1901"
180,180-COSME VELHO X CENTRAL (VIA LARGO DO MACHADO),Fetranspor,62,17616515,"-22.8949","-43.1889"
180,180-COSME VELHO X CENTRAL (VIA LARGO DO MACHADO),Fetranspor,63,17616515,"-22.895","-43.1886"
180,180-COSME VELHO X CENTRAL (VIA LARGO DO MACHADO),Fetranspor,64,17616515,"-22.895","-43.1886"
180,180-COSME VELHO X CENTRAL (VIA LARGO DO MACHADO),Fetranspor,65,17616515,"-22.895","-43.1885"
180,180-COSME VELHO X CENTRAL (VIA LARGO DO MACHADO),Fetranspor,66,17616515,"-22.8957","-43.1868"
180,180-COSME VELHO X CENTRAL (VIA LARGO DO MACHADO),Fetranspor,67,17616515,"-22.8957","-43.1868"
180,180-COSME VELHO X CENTRAL (VIA LARGO DO MACHADO),Fetranspor,68,17616515,"-22.896","-43.1858"
180,180-COSME VELHO X CENTRAL (VIA LARGO DO MACHADO),Fetranspor,69,17616515,"-22.8963","-43.1849"
180,180-COSME VELHO X CENTRAL (VIA LARGO DO MACHADO),Fetranspor,70,17616515,"-22.8963","-43.1849"
180,180-COSME VELHO X CENTRAL (VIA LARGO DO MACHADO),Fetranspor,71,17616515,"-22.8967","-43.1838"
180,180-COSME VELHO X CENTRAL (VIA LARGO DO MACHADO),Fetranspor,72,17616515,"-22.8967","-43.1838"
180,180-COSME VELHO X CENTRAL (VIA LARGO DO MACHADO),Fetranspor,73,17616515,"-22.8968","-43.1836"
180,180-COSME VELHO X CENTRAL (VIA LARGO DO MACHADO),Fetranspor,74,17616515,"-22.8972","-43.1824"
180,180-COSME VELHO X CENTRAL (VIA LARGO DO MACHADO),Fetranspor,75,17616515,"-22.8972","-43.1824"
180,180-COSME VELHO X CENTRAL (VIA LARGO DO MACHADO),Fetranspor,76,17616515,"-22.8972","-43.1823"
180,180-COSME VELHO X CENTRAL (VIA LARGO DO MACHADO),Fetranspor,77,17616515,"-22.8972","-43.1821"
180,180-COSME VELHO X CENTRAL (VIA LARGO DO MACHADO),Fetranspor,78,17616515,"-22.8972","-43.1821"
180,180-COSME VELHO X CENTRAL (VIA LARGO DO MACHADO),Fetranspor,79,17616515,"-22.8972","-43.182"
180,180-COSME VELHO X CENTRAL (VIA LARGO DO MACHADO),Fetranspor,80,17616515,"-22.8972","-43.182"
180,180-COSME VELHO X CENTRAL (VIA LARGO DO MACHADO),Fetranspor,81,17616515,"-22.8971","-43.1818"
180,180-COSME VELHO X CENTRAL (VIA LARGO DO MACHADO),Fetranspor,82,17616515,"-22.8971","-43.1818"
180,180-COSME VELHO X CENTRAL (VIA LARGO DO MACHADO),Fetranspor,83,17616515,"-22.8969","-43.1814"
180,180-COSME VELHO X CENTRAL (VIA LARGO DO MACHADO),Fetranspor,84,17616515,"-22.8969","-43.1814"
180,180-COSME VELHO X CENTRAL (VIA LARGO DO MACHADO),Fetranspor,85,17616515,"-22.8972","-43.1806"
180,180-COSME VELHO X CENTRAL (VIA LARGO DO MACHADO),Fetranspor,86,17616515,"-22.8972","-43.1806"
180,180-COSME VELHO X CENTRAL (VIA LARGO DO MACHADO),Fetranspor,87,17616515,"-22.8977","-43.1805"
180,180-COSME VELHO X CENTRAL (VIA LARGO DO MACHADO),Fetranspor,88,17616515,"-22.8979","-43.1804"
180,180-COSME VELHO X CENTRAL (VIA LARGO DO MACHADO),Fetranspor,89,17616515,"-22.8979","-43.1804"
180,180-COSME VELHO X CENTRAL (VIA LARGO DO MACHADO),Fetranspor,90,17616515,"-22.8986","-43.1801"
180,180-COSME VELHO X CENTRAL (VIA LARGO DO MACHADO),Fetranspor,91,17616515,"-22.8986","-43.1801"
180,180-COSME VELHO X CENTRAL (VIA LARGO DO MACHADO),Fetranspor,92,17616515,"-22.8993","-43.1798"
180,180-COSME VELHO X CENTRAL (VIA LARGO DO MACHADO),Fetranspor,93,17616515,"-22.8993","-43.1798"
180,180-COSME VELHO X CENTRAL (VIA LARGO DO MACHADO),Fetranspor,94,17616515,"-22.8998","-43.1796"
180,180-COSME VELHO X CENTRAL (VIA LARGO DO MACHADO),Fetranspor,95,17616515,"-22.8998","-43.1796"
180,180-COSME VELHO X CENTRAL (VIA LARGO DO MACHADO),Fetranspor,96,17616515,"-22.9003","-43.1795"
180,180-COSME VELHO X CENTRAL (VIA LARGO DO MACHADO),Fetranspor,97,17616515,"-22.9003","-43.1795"
180,180-COSME VELHO X CENTRAL (VIA LARGO DO MACHADO),Fetranspor,98,17616515,"-22.901","-43.1792"
180,180-COSME VELHO X CENTRAL (VIA LARGO DO MACHADO),Fetranspor,99,17616515,"-22.901","-43.1792"
180,180-COSME VELHO X CENTRAL (VIA LARGO DO MACHADO),Fetranspor,100,17616515,"-22.9012","-43.1791"
180,180-COSME VELHO X CENTRAL (VIA LARGO DO MACHADO),Fetranspor,101,17616515,"-22.9012","-43.1791"
180,180-COSME VELHO X CENTRAL (VIA LARGO DO MACHADO),Fetranspor,102,17616515,"-22.9013","-43.1791"
180,180-COSME VELHO X CENTRAL (VIA LARGO DO MACHADO),Fetranspor,103,17616515,"-22.9013","-43.1791"
180,180-COSME VELHO X CENTRAL (VIA LARGO DO MACHADO),Fetranspor,104,17616515,"-22.9015","-43.179"
180,180-COSME VELHO X CENTRAL (VIA LARGO DO MACHADO),Fetranspor,105,17616515,"-22.9015","-43.179"
180,180-COSME VELHO X CENTRAL (VIA LARGO DO MACHADO),Fetranspor,106,17616515,"-22.9021","-43.1788"
180,180-COSME VELHO X CENTRAL (VIA LARGO DO MACHADO),Fetranspor,107,17616515,"-22.9021","-43.1788"
180,180-COSME VELHO X CENTRAL (VIA LARGO DO MACHADO),Fetranspor,108,17616515,"-22.9026","-43.1786"
180,180-COSME VELHO X CENTRAL (VIA LARGO DO MACHADO),Fetranspor,109,17616515,"-22.9026","-43.1786"
180,180-COSME VELHO X CENTRAL (VIA LARGO DO MACHADO),Fetranspor,110,17616515,"-22.9031","-43.1784"
180,180-COSME VELHO X CENTRAL (VIA LARGO DO MACHADO),Fetranspor,111,17616515,"-22.9031","-43.1784"
180,180-COSME VELHO X CENTRAL (VIA LARGO DO MACHADO),Fetranspor,112,17616515,"-22.9036","-43.1782"
180,180-COSME VELHO X CENTRAL (VIA LARGO DO MACHADO),Fetranspor,113,17616515,"-22.9036","-43.1782"
180,180-COSME VELHO X CENTRAL (VIA LARGO DO MACHADO),Fetranspor,114,17616515,"-22.9042","-43.178"
180,180-COSME VELHO X CENTRAL (VIA LARGO DO MACHADO),Fetranspor,115,17616515,"-22.9049","-43.1777"
180,180-COSME VELHO X CENTRAL (VIA LARGO DO MACHADO),Fetranspor,116,17616515,"-22.905","-43.1777"
180,180-COSME VELHO X CENTRAL (VIA LARGO DO MACHADO),Fetranspor,117,17616515,"-22.905","-43.1777"
180,180-COSME VELHO X CENTRAL (VIA LARGO DO MACHADO),Fetranspor,118,17616515,"-22.9053","-43.1776"
180,180-COSME VELHO X CENTRAL (VIA LARGO DO MACHADO),Fetranspor,119,17616515,"-22.9058","-43.1774"
180,180-COSME VELHO X CENTRAL (VIA LARGO DO MACHADO),Fetranspor,120,17616515,"-22.9058","-43.1774"
180,180-COSME VELHO X CENTRAL (VIA LARGO DO MACHADO),Fetranspor,121,17616515,"-22.9062","-43.1772"
180,180-COSME VELHO X CENTRAL (VIA LARGO DO MACHADO),Fetranspor,122,17616515,"-22.9064","-43.1771"
180,180-COSME VELHO X CENTRAL (VIA LARGO DO MACHADO),Fetranspor,123,17616515,"-22.9064","-43.1771"
180,180-COSME VELHO X CENTRAL (VIA LARGO DO MACHADO),Fetranspor,124,17616515,"-22.9066","-43.1771"
180,180-COSME VELHO X CENTRAL (VIA LARGO DO MACHADO),Fetranspor,125,17616515,"-22.9066","-43.1771"
180,180-COSME VELHO X CENTRAL (VIA LARGO DO MACHADO),Fetranspor,126,17616515,"-22.9069","-43.177"
180,180-COSME VELHO X CENTRAL (VIA LARGO DO MACHADO),Fetranspor,127,17616515,"-22.9071","-43.1769"
180,180-COSME VELHO X CENTRAL (VIA LARGO DO MACHADO),Fetranspor,128,17616515,"-22.9071","-43.1769"
180,180-COSME VELHO X CENTRAL (VIA LARGO DO MACHADO),Fetranspor,129,17616515,"-22.9074","-43.1768"
180,180-COSME VELHO X CENTRAL (VIA LARGO DO MACHADO),Fetranspor,130,17616515,"-22.9074","-43.1768"
180,180-COSME VELHO X CENTRAL (VIA LARGO DO MACHADO),Fetranspor,131,17616515,"-22.9079","-43.1766"
180,180-COSME VELHO X CENTRAL (VIA LARGO DO MACHADO),Fetranspor,132,17616515,"-22.9079","-43.1766"
180,180-COSME VELHO X CENTRAL (VIA LARGO DO MACHADO),Fetranspor,133,17616515,"-22.908","-43.1766"
180,180-COSME VELHO X CENTRAL (VIA LARGO DO MACHADO),Fetranspor,134,17616515,"-22.908","-43.1766"
180,180-COSME VELHO X CENTRAL (VIA LARGO DO MACHADO),Fetranspor,135,17616515,"-22.9085","-43.1764"
180,180-COSME VELHO X CENTRAL (VIA LARGO DO MACHADO),Fetranspor,136,17616515,"-22.9085","-43.1764"
180,180-COSME VELHO X CENTRAL (VIA LARGO DO MACHADO),Fetranspor,137,17616515,"-22.9093","-43.1761"
180,180-COSME VELHO X CENTRAL (VIA LARGO DO MACHADO),Fetranspor,138,17616515,"-22.9093","-43.1761"
180,180-COSME VELHO X CENTRAL (VIA LARGO DO MACHADO),Fetranspor,139,17616515,"-22.9103","-43.1757"
180,180-COSME VELHO X CENTRAL (VIA LARGO DO MACHADO),Fetranspor,140,17616515,"-22.9103","-43.1757"
180,180-COSME VELHO X CENTRAL (VIA LARGO DO MACHADO),Fetranspor,141,17616515,"-22.9114","-43.1753"
180,180-COSME VELHO X CENTRAL (VIA LARGO DO MACHADO),Fetranspor,142,17616515,"-22.9114","-43.1753"
180,180-COSME VELHO X CENTRAL (VIA LARGO DO MACHADO),Fetranspor,143,17616515,"-22.912","-43.175"
180,180-COSME VELHO X CENTRAL (VIA LARGO DO MACHADO),Fetranspor,144,17616515,"-22.912","-43.175"
180,180-COSME VELHO X CENTRAL (VIA LARGO DO MACHADO),Fetranspor,145,17616515,"-22.9123","-43.1749"
180,180-COSME VELHO X CENTRAL (VIA LARGO DO MACHADO),Fetranspor,146,17616515,"-22.9123","-43.1749"
180,180-COSME VELHO X CENTRAL (VIA LARGO DO MACHADO),Fetranspor,147,17616515,"-22.9124","-43.1749"
180,180-COSME VELHO X CENTRAL (VIA LARGO DO MACHADO),Fetranspor,148,17616515,"-22.9125","-43.1749"
180,180-COSME VELHO X CENTRAL (VIA LARGO DO MACHADO),Fetranspor,149,17616515,"-22.9128","-43.1748"
180,180-COSME VELHO X CENTRAL (VIA LARGO DO MACHADO),Fetranspor,150,17616515,"-22.9128","-43.1748"
180,180-COSME VELHO X CENTRAL (VIA LARGO DO MACHADO),Fetranspor,151,17616515,"-22.9128","-43.1748"
180,180-COSME VELHO X CENTRAL (VIA LARGO DO MACHADO),Fetranspor,152,17616515,"-22.9133","-43.1752"
180,180-COSME VELHO X CENTRAL (VIA LARGO DO MACHADO),Fetranspor,153,17616515,"-22.9135","-43.1754"
180,180-COSME VELHO X CENTRAL (VIA LARGO DO MACHADO),Fetranspor,154,17616515,"-22.9135","-43.1754"
180,180-COSME VELHO X CENTRAL (VIA LARGO DO MACHADO),Fetranspor,155,17616515,"-22.9141","-43.1759"
180,180-COSME VELHO X CENTRAL (VIA LARGO DO MACHADO),Fetranspor,156,17616515,"-22.9141","-43.1759"
180,180-COSME VELHO X CENTRAL (VIA LARGO DO MACHADO),Fetranspor,157,17616515,"-22.9144","-43.176"
180,180-COSME VELHO X CENTRAL (VIA LARGO DO MACHADO),Fetranspor,158,17616515,"-22.9144","-43.176"
180,180-COSME VELHO X CENTRAL (VIA LARGO DO MACHADO),Fetranspor,159,17616515,"-22.9145","-43.1761"
180,180-COSME VELHO X CENTRAL (VIA LARGO DO MACHADO),Fetranspor,160,17616515,"-22.9146","-43.1762"
180,180-COSME VELHO X CENTRAL (VIA LARGO DO MACHADO),Fetranspor,161,17616515,"-22.9146","-43.1762"
180,180-COSME VELHO X CENTRAL (VIA LARGO DO MACHADO),Fetranspor,162,17616515,"-22.9147","-43.1762"
180,180-COSME VELHO X CENTRAL (VIA LARGO DO MACHADO),Fetranspor,163,17616515,"-22.915","-43.1763"
180,180-COSME VELHO X CENTRAL (VIA LARGO DO MACHADO),Fetranspor,164,17616515,"-22.9168","-43.1765"
180,180-COSME VELHO X CENTRAL (VIA LARGO DO MACHADO),Fetranspor,165,17616515,"-22.9171","-43.1766"
180,180-COSME VELHO X CENTRAL (VIA LARGO DO MACHADO),Fetranspor,166,17616515,"-22.9171","-43.1766"
180,180-COSME VELHO X CENTRAL (VIA LARGO DO MACHADO),Fetranspor,167,17616515,"-22.9177","-43.1767"
180,180-COSME VELHO X CENTRAL (VIA LARGO DO MACHADO),Fetranspor,168,17616515,"-22.9181","-43.1767"
180,180-COSME VELHO X CENTRAL (VIA LARGO DO MACHADO),Fetranspor,169,17616515,"-22.9182","-43.1767"
180,180-COSME VELHO X CENTRAL (VIA LARGO DO MACHADO),Fetranspor,170,17616515,"-22.9183","-43.1767"
180,180-COSME VELHO X CENTRAL (VIA LARGO DO MACHADO),Fetranspor,171,17616515,"-22.9185","-43.1767"
180,180-COSME VELHO X CENTRAL (VIA LARGO DO MACHADO),Fetranspor,172,17616515,"-22.9186","-43.1767"
180,180-COSME VELHO X CENTRAL (VIA LARGO DO MACHADO),Fetranspor,173,17616515,"-22.9187","-43.1766"
180,180-COSME VELHO X CENTRAL (VIA LARGO DO MACHADO),Fetranspor,174,17616515,"-22.9189","-43.1765"
180,180-COSME VELHO X CENTRAL (VIA LARGO DO MACHADO),Fetranspor,175,17616515,"-22.9192","-43.1761"
180,180-COSME VELHO X CENTRAL (VIA LARGO DO MACHADO),Fetranspor,176,17616515,"-22.9194","-43.176"
180,180-COSME VELHO X CENTRAL (VIA LARGO DO MACHADO),Fetranspor,177,17616515,"-22.9194","-43.176"
180,180-COSME VELHO X CENTRAL (VIA LARGO DO MACHADO),Fetranspor,178,17616515,"-22.9194","-43.176"
180,180-COSME VELHO X CENTRAL (VIA LARGO DO MACHADO),Fetranspor,179,17616515,"-22.9199","-43.1765"
180,180-COSME VELHO X CENTRAL (VIA LARGO DO MACHADO),Fetranspor,180,17616515,"-22.9199","-43.1765"
180,180-COSME VELHO X CENTRAL (VIA LARGO DO MACHADO),Fetranspor,181,17616515,"-22.9201","-43.1766"
180,180-COSME VELHO X CENTRAL (VIA LARGO DO MACHADO),Fetranspor,182,17616515,"-22.9205","-43.1768"
180,180-COSME VELHO X CENTRAL (VIA LARGO DO MACHADO),Fetranspor,183,17616515,"-22.9205","-43.1768"
180,180-COSME VELHO X CENTRAL (VIA LARGO DO MACHADO),Fetranspor,184,17616515,"-22.9211","-43.1769"
180,180-COSME VELHO X CENTRAL (VIA LARGO DO MACHADO),Fetranspor,185,17616515,"-22.9211","-43.1769"
180,180-COSME VELHO X CENTRAL (VIA LARGO DO MACHADO),Fetranspor,186,17616515,"-22.9219","-43.1771"
180,180-COSME VELHO X CENTRAL (VIA LARGO DO MACHADO),Fetranspor,187,17616515,"-22.9219","-43.1771"
180,180-COSME VELHO X CENTRAL (VIA LARGO DO MACHADO),Fetranspor,188,17616515,"-22.9222","-43.1771"
180,180-COSME VELHO X CENTRAL (VIA LARGO DO MACHADO),Fetranspor,189,17616515,"-22.9232","-43.1773"
180,180-COSME VELHO X CENTRAL (VIA LARGO DO MACHADO),Fetranspor,190,17616515,"-22.9235","-43.1773"
180,180-COSME VELHO X CENTRAL (VIA LARGO DO MACHADO),Fetranspor,191,17616515,"-22.9235","-43.1774"
180,180-COSME VELHO X CENTRAL (VIA LARGO DO MACHADO),Fetranspor,192,17616515,"-22.9235","-43.1774"
180,180-COSME VELHO X CENTRAL (VIA LARGO DO MACHADO),Fetranspor,193,17616515,"-22.9236","-43.1774"
180,180-COSME VELHO X CENTRAL (VIA LARGO DO MACHADO),Fetranspor,194,17616515,"-22.9237","-43.1775"
180,180-COSME VELHO X CENTRAL (VIA LARGO DO MACHADO),Fetranspor,195,17616515,"-22.9237","-43.1775"
180,180-COSME VELHO X CENTRAL (VIA LARGO DO MACHADO),Fetranspor,196,17616515,"-22.9249","-43.1796"
180,180-COSME VELHO X CENTRAL (VIA LARGO DO MACHADO),Fetranspor,197,17616515,"-22.9249","-43.1796"
180,180-COSME VELHO X CENTRAL (VIA LARGO DO MACHADO),Fetranspor,198,17616515,"-22.9252","-43.1796"
180,180-COSME VELHO X CENTRAL (VIA LARGO DO MACHADO),Fetranspor,199,17616515,"-22.9257","-43.1794"
180,180-COSME VELHO X CENTRAL (VIA LARGO DO MACHADO),Fetranspor,200,17616515,"-22.926","-43.1794"
180,180-COSME VELHO X CENTRAL (VIA LARGO DO MACHADO),Fetranspor,201,17616515,"-22.926","-43.1794"
180,180-COSME VELHO X CENTRAL (VIA LARGO DO MACHADO),Fetranspor,202,17616515,"-22.9268","-43.1794"
180,180-COSME VELHO X CENTRAL (VIA LARGO DO MACHADO),Fetranspor,203,17616515,"-22.9268","-43.1794"
180,180-COSME VELHO X CENTRAL (VIA LARGO DO MACHADO),Fetranspor,204,17616515,"-22.9271","-43.1794"
180,180-COSME VELHO X CENTRAL (VIA LARGO DO MACHADO),Fetranspor,205,17616515,"-22.9271","-43.1794"
180,180-COSME VELHO X CENTRAL (VIA LARGO DO MACHADO),Fetranspor,206,17616515,"-22.9272","-43.1794"
180,180-COSME VELHO X CENTRAL (VIA LARGO DO MACHADO),Fetranspor,207,17616515,"-22.9272","-43.1794"
180,180-COSME VELHO X CENTRAL (VIA LARGO DO MACHADO),Fetranspor,208,17616515,"-22.9275","-43.1794"
180,180-COSME VELHO X CENTRAL (VIA LARGO DO MACHADO),Fetranspor,209,17616515,"-22.9275","-43.1794"
180,180-COSME VELHO X CENTRAL (VIA LARGO DO MACHADO),Fetranspor,210,17616515,"-22.9283","-43.1793"
180,180-COSME VELHO X CENTRAL (VIA LARGO DO MACHADO),Fetranspor,211,17616515,"-22.9283","-43.1793"
180,180-COSME VELHO X CENTRAL (VIA LARGO DO MACHADO),Fetranspor,212,17616515,"-22.9287","-43.1793"
180,180-COSME VELHO X CENTRAL (VIA LARGO DO MACHADO),Fetranspor,213,17616515,"-22.9289","-43.1794"
180,180-COSME VELHO X CENTRAL (VIA LARGO DO MACHADO),Fetranspor,214,17616515,"-22.9291","-43.1794"
180,180-COSME VELHO X CENTRAL (VIA LARGO DO MACHADO),Fetranspor,215,17616515,"-22.9291","-43.1794"
180,180-COSME VELHO X CENTRAL (VIA LARGO DO MACHADO),Fetranspor,216,17616515,"-22.9293","-43.1794"
180,180-COSME VELHO X CENTRAL (VIA LARGO DO MACHADO),Fetranspor,217,17616515,"-22.9298","-43.1795"
180,180-COSME VELHO X CENTRAL (VIA LARGO DO MACHADO),Fetranspor,218,17616515,"-22.9302","-43.1794"
180,180-COSME VELHO X CENTRAL (VIA LARGO DO MACHADO),Fetranspor,219,17616515,"-22.9306","-43.1792"
180,180-COSME VELHO X CENTRAL (VIA LARGO DO MACHADO),Fetranspor,220,17616515,"-22.9306","-43.1792"
180,180-COSME VELHO X CENTRAL (VIA LARGO DO MACHADO),Fetranspor,221,17616515,"-22.9307","-43.1795"
180,180-COSME VELHO X CENTRAL (VIA LARGO DO MACHADO),Fetranspor,222,17616515,"-22.9307","-43.1795"
180,180-COSME VELHO X CENTRAL (VIA LARGO DO MACHADO),Fetranspor,223,17616515,"-22.9313","-43.1793"
180,180-COSME VELHO X CENTRAL (VIA LARGO DO MACHADO),Fetranspor,224,17616515,"-22.9313","-43.1793"
180,180-COSME VELHO X CENTRAL (VIA LARGO DO MACHADO),Fetranspor,225,17616515,"-22.9317","-43.1802"
180,180-COSME VELHO X CENTRAL (VIA LARGO DO MACHADO),Fetranspor,226,17616515,"-22.9319","-43.181"
180,180-COSME VELHO X CENTRAL (VIA LARGO DO MACHADO),Fetranspor,227,17616515,"-22.9322","-43.1817"
180,180-COSME VELHO X CENTRAL (VIA LARGO DO MACHADO),Fetranspor,228,17616515,"-22.9322","-43.1817"
180,180-COSME VELHO X CENTRAL (VIA LARGO DO MACHADO),Fetranspor,229,17616515,"-22.9323","-43.1822"
180,180-COSME VELHO X CENTRAL (VIA LARGO DO MACHADO),Fetranspor,230,17616515,"-22.9323","-43.1822"
180,180-COSME VELHO X CENTRAL (VIA LARGO DO MACHADO),Fetranspor,231,17616515,"-22.9327","-43.1833"
180,180-COSME VELHO X CENTRAL (VIA LARGO DO MACHADO),Fetranspor,232,17616515,"-22.9328","-43.1837"
180,180-COSME VELHO X CENTRAL (VIA LARGO DO MACHADO),Fetranspor,233,17616515,"-22.9328","-43.1837"
180,180-COSME VELHO X CENTRAL (VIA LARGO DO MACHADO),Fetranspor,234,17616515,"-22.9329","-43.1838"
180,180-COSME VELHO X CENTRAL (VIA LARGO DO MACHADO),Fetranspor,235,17616515,"-22.9329","-43.1839"
180,180-COSME VELHO X CENTRAL (VIA LARGO DO MACHADO),Fetranspor,236,17616515,"-22.9329","-43.1839"
180,180-COSME VELHO X CENTRAL (VIA LARGO DO MACHADO),Fetranspor,237,17616515,"-22.933","-43.184"
180,180-COSME VELHO X CENTRAL (VIA LARGO DO MACHADO),Fetranspor,238,17616515,"-22.9331","-43.1842"
180,180-COSME VELHO X CENTRAL (VIA LARGO DO MACHADO),Fetranspor,239,17616515,"-22.9331","-43.1842"
180,180-COSME VELHO X CENTRAL (VIA LARGO DO MACHADO),Fetranspor,240,17616515,"-22.9332","-43.1844"
180,180-COSME VELHO X CENTRAL (VIA LARGO DO MACHADO),Fetranspor,241,17616515,"-22.9333","-43.1845"
180,180-COSME VELHO X CENTRAL (VIA LARGO DO MACHADO),Fetranspor,242,17616515,"-22.9333","-43.1846"
180,180-COSME VELHO X CENTRAL (VIA LARGO DO MACHADO),Fetranspor,243,17616515,"-22.9333","-43.1846"
180,180-COSME VELHO X CENTRAL (VIA LARGO DO MACHADO),Fetranspor,244,17616515,"-22.9333","-43.1846"
180,180-COSME VELHO X CENTRAL (VIA LARGO DO MACHADO),Fetranspor,245,17616515,"-22.9333","-43.1847"
180,180-COSME VELHO X CENTRAL (VIA LARGO DO MACHADO),Fetranspor,246,17616515,"-22.9333","-43.1848"
180,180-COSME VELHO X CENTRAL (VIA LARGO DO MACHADO),Fetranspor,247,17616515,"-22.9333","-43.1848"
180,180-COSME VELHO X CENTRAL (VIA LARGO DO MACHADO),Fetranspor,248,17616515,"-22.9333","-43.185"
180,180-COSME VELHO X CENTRAL (VIA LARGO DO MACHADO),Fetranspor,249,17616515,"-22.9333","-43.1853"
180,180-COSME VELHO X CENTRAL (VIA LARGO DO MACHADO),Fetranspor,250,17616515,"-22.9333","-43.1853"
180,180-COSME VELHO X CENTRAL (VIA LARGO DO MACHADO),Fetranspor,251,17616515,"-22.9334","-43.1855"
180,180-COSME VELHO X CENTRAL (VIA LARGO DO MACHADO),Fetranspor,252,17616515,"-22.9334","-43.1856"
180,180-COSME VELHO X CENTRAL (VIA LARGO DO MACHADO),Fetranspor,253,17616515,"-22.9334","-43.1856"
180,180-COSME VELHO X CENTRAL (VIA LARGO DO MACHADO),Fetranspor,254,17616515,"-22.9334","-43.1857"
180,180-COSME VELHO X CENTRAL (VIA LARGO DO MACHADO),Fetranspor,255,17616515,"-22.9335","-43.1859"
180,180-COSME VELHO X CENTRAL (VIA LARGO DO MACHADO),Fetranspor,256,17616515,"-22.9336","-43.1861"
180,180-COSME VELHO X CENTRAL (VIA LARGO DO MACHADO),Fetranspor,257,17616515,"-22.9338","-43.1864"
180,180-COSME VELHO X CENTRAL (VIA LARGO DO MACHADO),Fetranspor,258,17616515,"-22.9338","-43.1864"
180,180-COSME VELHO X CENTRAL (VIA LARGO DO MACHADO),Fetranspor,259,17616515,"-22.9341","-43.187"
180,180-COSME VELHO X CENTRAL (VIA LARGO DO MACHADO),Fetranspor,260,17616515,"-22.9341","-43.187"
180,180-COSME VELHO X CENTRAL (VIA LARGO DO MACHADO),Fetranspor,261,17616515,"-22.9345","-43.1875"
180,180-COSME VELHO X CENTRAL (VIA LARGO DO MACHADO),Fetranspor,262,17616515,"-22.9345","-43.1875"
180,180-COSME VELHO X CENTRAL (VIA LARGO DO MACHADO),Fetranspor,263,17616515,"-22.9349","-43.1883"
180,180-COSME VELHO X CENTRAL (VIA LARGO DO MACHADO),Fetranspor,264,17616515,"-22.9351","-43.1886"
180,180-COSME VELHO X CENTRAL (VIA LARGO DO MACHADO),Fetranspor,265,17616515,"-22.9352","-43.1887"
180,180-COSME VELHO X CENTRAL (VIA LARGO DO MACHADO),Fetranspor,266,17616515,"-22.9352","-43.1887"
180,180-COSME VELHO X CENTRAL (VIA LARGO DO MACHADO),Fetranspor,267,17616515,"-22.9352","-43.1887"
180,180-COSME VELHO X CENTRAL (VIA LARGO DO MACHADO),Fetranspor,268,17616515,"-22.9352","-43.1889"
180,180-COSME VELHO X CENTRAL (VIA LARGO DO MACHADO),Fetranspor,269,17616515,"-22.9352","-43.1889"
180,180-COSME VELHO X CENTRAL (VIA LARGO DO MACHADO),Fetranspor,270,17616515,"-22.9353","-43.189"
180,180-COSME VELHO X CENTRAL (VIA LARGO DO MACHADO),Fetranspor,271,17616515,"-22.9354","-43.1893"
180,180-COSME VELHO X CENTRAL (VIA LARGO DO MACHADO),Fetranspor,272,17616515,"-22.9355","-43.1894"
180,180-COSME VELHO X CENTRAL (VIA LARGO DO MACHADO),Fetranspor,273,17616515,"-22.9356","-43.1895"
180,180-COSME VELHO X CENTRAL (VIA LARGO DO MACHADO),Fetranspor,274,17616515,"-22.9357","-43.1896"
180,180-COSME VELHO X CENTRAL (VIA LARGO DO MACHADO),Fetranspor,275,17616515,"-22.9363","-43.19"
180,180-COSME VELHO X CENTRAL (VIA LARGO DO MACHADO),Fetranspor,276,17616515,"-22.9363","-43.1901"
180,180-COSME VELHO X CENTRAL (VIA LARGO DO MACHADO),Fetranspor,277,17616515,"-22.9363","-43.1901"
180,180-COSME VELHO X CENTRAL (VIA LARGO DO MACHADO),Fetranspor,278,17616515,"-22.9364","-43.1901"
180,180-COSME VELHO X CENTRAL (VIA LARGO DO MACHADO),Fetranspor,279,17616515,"-22.9364","-43.1901"
180,180-COSME VELHO X CENTRAL (VIA LARGO DO MACHADO),Fetranspor,280,17616515,"-22.9365","-43.1902"
180,180-COSME VELHO X CENTRAL (VIA LARGO DO MACHADO),Fetranspor,281,17616515,"-22.9366","-43.1902"
180,180-COSME VELHO X CENTRAL (VIA LARGO DO MACHADO),Fetranspor,282,17616515,"-22.9366","-43.1902"
180,180-COSME VELHO X CENTRAL (VIA LARGO DO MACHADO),Fetranspor,283,17616515,"-22.9377","-43.1904"
180,180-COSME VELHO X CENTRAL (VIA LARGO DO MACHADO),Fetranspor,284,17616515,"-22.9378","-43.1905"
180,180-COSME VELHO X CENTRAL (VIA LARGO DO MACHADO),Fetranspor,285,17616515,"-22.9378","-43.1905"
180,180-COSME VELHO X CENTRAL (VIA LARGO DO MACHADO),Fetranspor,286,17616515,"-22.9379","-43.1905"
180,180-COSME VELHO X CENTRAL (VIA LARGO DO MACHADO),Fetranspor,287,17616515,"-22.938","-43.1906"
180,180-COSME VELHO X CENTRAL (VIA LARGO DO MACHADO),Fetranspor,288,17616515,"-22.9381","-43.1907"
180,180-COSME VELHO X CENTRAL (VIA LARGO DO MACHADO),Fetranspor,289,17616515,"-22.9382","-43.1908"
180,180-COSME VELHO X CENTRAL (VIA LARGO DO MACHADO),Fetranspor,290,17616515,"-22.9382","-43.1909"
180,180-COSME VELHO X CENTRAL (VIA LARGO DO MACHADO),Fetranspor,291,17616515,"-22.9382","-43.1909"
180,180-COSME VELHO X CENTRAL (VIA LARGO DO MACHADO),Fetranspor,292,17616515,"-22.9383","-43.191"
180,180-COSME VELHO X CENTRAL (VIA LARGO DO MACHADO),Fetranspor,293,17616515,"-22.9383","-43.191"
180,180-COSME VELHO X CENTRAL (VIA LARGO DO MACHADO),Fetranspor,294,17616515,"-22.9383","-43.191"
180,180-COSME VELHO X CENTRAL (VIA LARGO DO MACHADO),Fetranspor,295,17616515,"-22.9383","-43.1911"
180,180-COSME VELHO X CENTRAL (VIA LARGO DO MACHADO),Fetranspor,296,17616515,"-22.9383","-43.1913"
180,180-COSME VELHO X CENTRAL (VIA LARGO DO MACHADO),Fetranspor,297,17616515,"-22.9384","-43.1916"
180,180-COSME VELHO X CENTRAL (VIA LARGO DO MACHADO),Fetranspor,298,17616515,"-22.9384","-43.1916"
180,180-COSME VELHO X CENTRAL (VIA LARGO DO MACHADO),Fetranspor,299,17616515,"-22.9385","-43.1927"
180,180-COSME VELHO X CENTRAL (VIA LARGO DO MACHADO),Fetranspor,300,17616515,"-22.9386","-43.1932"
180,180-COSME VELHO X CENTRAL (VIA LARGO DO MACHADO),Fetranspor,301,17616515,"-22.9386","-43.1936"
180,180-COSME VELHO X CENTRAL (VIA LARGO DO MACHADO),Fetranspor,302,17616515,"-22.9386","-43.1937"
180,180-COSME VELHO X CENTRAL (VIA LARGO DO MACHADO),Fetranspor,303,17616515,"-22.9386","-43.1938"
180,180-COSME VELHO X CENTRAL (VIA LARGO DO MACHADO),Fetranspor,304,17616515,"-22.9386","-43.1938"
180,180-COSME VELHO X CENTRAL (VIA LARGO DO MACHADO),Fetranspor,305,17616515,"-22.9386","-43.1938"
180,180-COSME VELHO X CENTRAL (VIA LARGO DO MACHADO),Fetranspor,306,17616515,"-22.9386","-43.1938"
180,180-COSME VELHO X CENTRAL (VIA LARGO DO MACHADO),Fetranspor,307,17616515,"-22.9386","-43.194"
180,180-COSME VELHO X CENTRAL (VIA LARGO DO MACHADO),Fetranspor,308,17616515,"-22.9385","-43.1943"
180,180-COSME VELHO X CENTRAL (VIA LARGO DO MACHADO),Fetranspor,309,17616515,"-22.9385","-43.1944"
180,180-COSME VELHO X CENTRAL (VIA LARGO DO MACHADO),Fetranspor,310,17616515,"-22.9385","-43.1944"
180,180-COSME VELHO X CENTRAL (VIA LARGO DO MACHADO),Fetranspor,311,17616515,"-22.9384","-43.1946"
180,180-COSME VELHO X CENTRAL (VIA LARGO DO MACHADO),Fetranspor,312,17616515,"-22.9384","-43.1946"
180,180-COSME VELHO X CENTRAL (VIA LARGO DO MACHADO),Fetranspor,313,17616515,"-22.9382","-43.1951"
180,180-COSME VELHO X CENTRAL (VIA LARGO DO MACHADO),Fetranspor,314,17616515,"-22.9382","-43.1953"
180,180-COSME VELHO X CENTRAL (VIA LARGO DO MACHADO),Fetranspor,315,17616515,"-22.9381","-43.1953"
180,180-COSME VELHO X CENTRAL (VIA LARGO DO MACHADO),Fetranspor,316,17616515,"-22.9381","-43.1954"
180,180-COSME VELHO X CENTRAL (VIA LARGO DO MACHADO),Fetranspor,317,17616515,"-22.9382","-43.1955"
180,180-COSME VELHO X CENTRAL (VIA LARGO DO MACHADO),Fetranspor,318,17616515,"-22.9382","-43.1955"
180,180-COSME VELHO X CENTRAL (VIA LARGO DO MACHADO),Fetranspor,319,17616515,"-22.9382","-43.1957"
180,180-COSME VELHO X CENTRAL (VIA LARGO DO MACHADO),Fetranspor,320,17616515,"-22.9383","-43.1957"
180,180-COSME VELHO X CENTRAL (VIA LARGO DO MACHADO),Fetranspor,321,17616515,"-22.9383","-43.1958"
180,180-COSME VELHO X CENTRAL (VIA LARGO DO MACHADO),Fetranspor,322,17616515,"-22.9384","-43.1958"
180,180-COSME VELHO X CENTRAL (VIA LARGO DO MACHADO),Fetranspor,323,17616515,"-22.9385","-43.1959"
180,180-COSME VELHO X CENTRAL (VIA LARGO DO MACHADO),Fetranspor,324,17616515,"-22.9386","-43.1959"
180,180-COSME VELHO X CENTRAL (VIA LARGO DO MACHADO),Fetranspor,325,17616515,"-22.9389","-43.196"
180,180-COSME VELHO X CENTRAL (VIA LARGO DO MACHADO),Fetranspor,326,17616515,"-22.9392","-43.1961"
180,180-COSME VELHO X CENTRAL (VIA LARGO DO MACHADO),Fetranspor,327,17616515,"-22.9393","-43.1961"
180,180-COSME VELHO X CENTRAL (VIA LARGO DO MACHADO),Fetranspor,328,17616515,"-22.9393","-43.1961"
180,180-COSME VELHO X CENTRAL (VIA LARGO DO MACHADO),Fetranspor,329,17616515,"-22.9396","-43.1962"
180,180-COSME VELHO X CENTRAL (VIA LARGO DO MACHADO),Fetranspor,330,17616515,"-22.9397","-43.1962"
180,180-COSME VELHO X CENTRAL (VIA LARGO DO MACHADO),Fetranspor,331,17616515,"-22.9398","-43.1963"
180,180-COSME VELHO X CENTRAL (VIA LARGO DO MACHADO),Fetranspor,332,17616515,"-22.9398","-43.1963"
180,180-COSME VELHO X CENTRAL (VIA LARGO DO MACHADO),Fetranspor,333,17616515,"-22.9399","-43.1964"
180,180-COSME VELHO X CENTRAL (VIA LARGO DO MACHADO),Fetranspor,334,17616515,"-22.9404","-43.1971"
180,180-COSME VELHO X CENTRAL (VIA LARGO DO MACHADO),Fetranspor,335,17616515,"-22.9404","-43.1971"
180,180-COSME VELHO X CENTRAL (VIA LARGO DO MACHADO),Fetranspor,336,17616515,"-22.9405","-43.1972"
180,180-COSME VELHO X CENTRAL (VIA LARGO DO MACHADO),Fetranspor,337,17616515,"-22.9405","-43.1972"
180,180-COSME VELHO X CENTRAL (VIA LARGO DO MACHADO),Fetranspor,338,17616515,"-22.9406","-43.1973"
180,180-COSME VELHO X CENTRAL (VIA LARGO DO MACHADO),Fetranspor,339,17616515,"-22.9406","-43.1975"
180,180-COSME VELHO X CENTRAL (VIA LARGO DO MACHADO),Fetranspor,340,17616515,"-22.9406","-43.1976"
180,180-COSME VELHO X CENTRAL (VIA LARGO DO MACHADO),Fetranspor,341,17616515,"-22.9406","-43.1976"
180,180-COSME VELHO X CENTRAL (VIA LARGO DO MACHADO),Fetranspor,342,17616515,"-22.9404","-43.1981"
180,180-COSME VELHO X CENTRAL (VIA LARGO DO MACHADO),Fetranspor,343,17616515,"-22.9404","-43.1981"
180,180-COSME VELHO X CENTRAL (VIA LARGO DO MACHADO),Fetranspor,344,17616515,"-22.9404","-43.1983"
180,180-COSME VELHO X CENTRAL (VIA LARGO DO MACHADO),Fetranspor,345,17616515,"-22.9403","-43.1984"
180,180-COSME VELHO X CENTRAL (VIA LARGO DO MACHADO),Fetranspor,346,17616515,"-22.9403","-43.1984"
180,180-COSME VELHO X CENTRAL (VIA LARGO DO MACHADO),Fetranspor,347,17616515,"-22.9403","-43.1985"
180,180-COSME VELHO X CENTRAL (VIA LARGO DO MACHADO),Fetranspor,348,17616515,"-22.9403","-43.1986"
180,180-COSME VELHO X CENTRAL (VIA LARGO DO MACHADO),Fetranspor,349,17616515,"-22.9403","-43.1986"
180,180-COSME VELHO X CENTRAL (VIA LARGO DO MACHADO),Fetranspor,350,17616515,"-22.9402","-43.1988"
180,180-COSME VELHO X CENTRAL (VIA LARGO DO MACHADO),Fetranspor,351,17616515,"-22.9401","-43.199"
180,180-COSME VELHO X CENTRAL (VIA LARGO DO MACHADO),Fetranspor,352,17616515,"-22.9401","-43.1991"
180,180-COSME VELHO X CENTRAL (VIA LARGO DO MACHADO),Fetranspor,353,17616515,"-22.9401","-43.1993"
180,180-COSME VELHO X CENTRAL (VIA LARGO DO MACHADO),Fetranspor,354,17616515,"-22.9402","-43.1996"
180,180-COSME VELHO X CENTRAL (VIA LARGO DO MACHADO),Fetranspor,355,17616515,"-22.9402","-43.1996"
180,180-COSME VELHO X CENTRAL (VIA LARGO DO MACHADO),Fetranspor,356,17616515,"-22.9402","-43.1997"
180,180-COSME VELHO X CENTRAL (VIA LARGO DO MACHADO),Fetranspor,357,17616515,"-22.9402","-43.1998"
180,180-COSME VELHO X CENTRAL (VIA LARGO DO MACHADO),Fetranspor,358,17616515,"-22.9402","-43.1998"
180,180-COSME VELHO X CENTRAL (VIA LARGO DO MACHADO),Fetranspor,359,17616515,"-22.9402","-43.2"
180,180-COSME VELHO X CENTRAL (VIA LARGO DO MACHADO),Fetranspor,360,17616515,"-22.9401","-43.2003"
180,180-COSME VELHO X CENTRAL (VIA LARGO DO MACHADO),Fetranspor,361,17616515,"-22.9399","-43.2013"
