linha,descricao,agencia,sequencia,shape_id,latitude,longitude
183,183-LARANJEIRAS X CENTRAL (VIA TUNEL SANTA BARBARA),Fetranspor,0,17537933,"-22.943","-43.1917"
183,183-LARANJEIRAS X CENTRAL (VIA TUNEL SANTA BARBARA),Fetranspor,1,17537933,"-22.943","-43.1915"
183,183-LARANJEIRAS X CENTRAL (VIA TUNEL SANTA BARBARA),Fetranspor,2,17537933,"-22.943","-43.1915"
183,183-LARANJEIRAS X CENTRAL (VIA TUNEL SANTA BARBARA),Fetranspor,3,17537933,"-22.943","-43.1913"
183,183-LARANJEIRAS X CENTRAL (VIA TUNEL SANTA BARBARA),Fetranspor,4,17537933,"-22.943","-43.1912"
183,183-LARANJEIRAS X CENTRAL (VIA TUNEL SANTA BARBARA),Fetranspor,5,17537933,"-22.9429","-43.1911"
183,183-LARANJEIRAS X CENTRAL (VIA TUNEL SANTA BARBARA),Fetranspor,6,17537933,"-22.9428","-43.1911"
183,183-LARANJEIRAS X CENTRAL (VIA TUNEL SANTA BARBARA),Fetranspor,7,17537933,"-22.9426","-43.191"
183,183-LARANJEIRAS X CENTRAL (VIA TUNEL SANTA BARBARA),Fetranspor,8,17537933,"-22.9424","-43.191"
183,183-LARANJEIRAS X CENTRAL (VIA TUNEL SANTA BARBARA),Fetranspor,9,17537933,"-22.9422","-43.191"
183,183-LARANJEIRAS X CENTRAL (VIA TUNEL SANTA BARBARA),Fetranspor,10,17537933,"-22.9416","-43.191"
183,183-LARANJEIRAS X CENTRAL (VIA TUNEL SANTA BARBARA),Fetranspor,11,17537933,"-22.9414","-43.1911"
183,183-LARANJEIRAS X CENTRAL (VIA TUNEL SANTA BARBARA),Fetranspor,12,17537933,"-22.9412","-43.1911"
183,183-LARANJEIRAS X CENTRAL (VIA TUNEL SANTA BARBARA),Fetranspor,13,17537933,"-22.9412","-43.1911"
183,183-LARANJEIRAS X CENTRAL (VIA TUNEL SANTA BARBARA),Fetranspor,14,17537933,"-22.941","-43.1912"
183,183-LARANJEIRAS X CENTRAL (VIA TUNEL SANTA BARBARA),Fetranspor,15,17537933,"-22.941","-43.1913"
183,183-LARANJEIRAS X CENTRAL (VIA TUNEL SANTA BARBARA),Fetranspor,16,17537933,"-22.9409","-43.1914"
183,183-LARANJEIRAS X CENTRAL (VIA TUNEL SANTA BARBARA),Fetranspor,17,17537933,"-22.9409","-43.1914"
183,183-LARANJEIRAS X CENTRAL (VIA TUNEL SANTA BARBARA),Fetranspor,18,17537933,"-22.9409","-43.1917"
183,183-LARANJEIRAS X CENTRAL (VIA TUNEL SANTA BARBARA),Fetranspor,19,17537933,"-22.9409","-43.1917"
183,183-LARANJEIRAS X CENTRAL (VIA TUNEL SANTA BARBARA),Fetranspor,20,17537933,"-22.9408","-43.1916"
183,183-LARANJEIRAS X CENTRAL (VIA TUNEL SANTA BARBARA),Fetranspor,21,17537933,"-22.9408","-43.1916"
183,183-LARANJEIRAS X CENTRAL (VIA TUNEL SANTA BARBARA),Fetranspor,22,17537933,"-22.9405","-43.1916"
183,183-LARANJEIRAS X CENTRAL (VIA TUNEL SANTA BARBARA),Fetranspor,23,17537933,"-22.9405","-43.1916"
183,183-LARANJEIRAS X CENTRAL (VIA TUNEL SANTA BARBARA),Fetranspor,24,17537933,"-22.9404","-43.1916"
183,183-LARANJEIRAS X CENTRAL (VIA TUNEL SANTA BARBARA),Fetranspor,25,17537933,"-22.9404","-43.1916"
183,183-LARANJEIRAS X CENTRAL (VIA TUNEL SANTA BARBARA),Fetranspor,26,17537933,"-22.9404","-43.1914"
183,183-LARANJEIRAS X CENTRAL (VIA TUNEL SANTA BARBARA),Fetranspor,27,17537933,"-22.9404","-43.1913"
183,183-LARANJEIRAS X CENTRAL (VIA TUNEL SANTA BARBARA),Fetranspor,28,17537933,"-22.9403","-43.1912"
183,183-LARANJEIRAS X CENTRAL (VIA TUNEL SANTA BARBARA),Fetranspor,29,17537933,"-22.9403","-43.191"
183,183-LARANJEIRAS X CENTRAL (VIA TUNEL SANTA BARBARA),Fetranspor,30,17537933,"-22.9402","-43.191"
183,183-LARANJEIRAS X CENTRAL (VIA TUNEL SANTA BARBARA),Fetranspor,31,17537933,"-22.9402","-43.1909"
183,183-LARANJEIRAS X CENTRAL (VIA TUNEL SANTA BARBARA),Fetranspor,32,17537933,"-22.9401","-43.1909"
183,183-LARANJEIRAS X CENTRAL (VIA TUNEL SANTA BARBARA),Fetranspor,33,17537933,"-22.9401","-43.1909"
183,183-LARANJEIRAS X CENTRAL (VIA TUNEL SANTA BARBARA),Fetranspor,34,17537933,"-22.94","-43.1909"
183,183-LARANJEIRAS X CENTRAL (VIA TUNEL SANTA BARBARA),Fetranspor,35,17537933,"-22.9396","-43.1909"
183,183-LARANJEIRAS X CENTRAL (VIA TUNEL SANTA BARBARA),Fetranspor,36,17537933,"-22.9387","-43.1908"
183,183-LARANJEIRAS X CENTRAL (VIA TUNEL SANTA BARBARA),Fetranspor,37,17537933,"-22.9386","-43.1908"
183,183-LARANJEIRAS X CENTRAL (VIA TUNEL SANTA BARBARA),Fetranspor,38,17537933,"-22.9385","-43.1908"
183,183-LARANJEIRAS X CENTRAL (VIA TUNEL SANTA BARBARA),Fetranspor,39,17537933,"-22.9385","-43.1908"
183,183-LARANJEIRAS X CENTRAL (VIA TUNEL SANTA BARBARA),Fetranspor,40,17537933,"-22.9385","-43.1908"
183,183-LARANJEIRAS X CENTRAL (VIA TUNEL SANTA BARBARA),Fetranspor,41,17537933,"-22.9385","-43.1908"
183,183-LARANJEIRAS X CENTRAL (VIA TUNEL SANTA BARBARA),Fetranspor,42,17537933,"-22.9382","-43.1909"
183,183-LARANJEIRAS X CENTRAL (VIA TUNEL SANTA BARBARA),Fetranspor,43,17537933,"-22.9382","-43.1909"
183,183-LARANJEIRAS X CENTRAL (VIA TUNEL SANTA BARBARA),Fetranspor,44,17537933,"-22.9382","-43.1908"
183,183-LARANJEIRAS X CENTRAL (VIA TUNEL SANTA BARBARA),Fetranspor,45,17537933,"-22.9381","-43.1907"
183,183-LARANJEIRAS X CENTRAL (VIA TUNEL SANTA BARBARA),Fetranspor,46,17537933,"-22.938","-43.1906"
183,183-LARANJEIRAS X CENTRAL (VIA TUNEL SANTA BARBARA),Fetranspor,47,17537933,"-22.9379","-43.1905"
183,183-LARANJEIRAS X CENTRAL (VIA TUNEL SANTA BARBARA),Fetranspor,48,17537933,"-22.9378","-43.1905"
183,183-LARANJEIRAS X CENTRAL (VIA TUNEL SANTA BARBARA),Fetranspor,49,17537933,"-22.9378","-43.1905"
183,183-LARANJEIRAS X CENTRAL (VIA TUNEL SANTA BARBARA),Fetranspor,50,17537933,"-22.9377","-43.1904"
183,183-LARANJEIRAS X CENTRAL (VIA TUNEL SANTA BARBARA),Fetranspor,51,17537933,"-22.9366","-43.1902"
183,183-LARANJEIRAS X CENTRAL (VIA TUNEL SANTA BARBARA),Fetranspor,52,17537933,"-22.9366","-43.1902"
183,183-LARANJEIRAS X CENTRAL (VIA TUNEL SANTA BARBARA),Fetranspor,53,17537933,"-22.9365","-43.1902"
183,183-LARANJEIRAS X CENTRAL (VIA TUNEL SANTA BARBARA),Fetranspor,54,17537933,"-22.9364","-43.1901"
183,183-LARANJEIRAS X CENTRAL (VIA TUNEL SANTA BARBARA),Fetranspor,55,17537933,"-22.9364","-43.1901"
183,183-LARANJEIRAS X CENTRAL (VIA TUNEL SANTA BARBARA),Fetranspor,56,17537933,"-22.9363","-43.1901"
183,183-LARANJEIRAS X CENTRAL (VIA TUNEL SANTA BARBARA),Fetranspor,57,17537933,"-22.9363","-43.1901"
183,183-LARANJEIRAS X CENTRAL (VIA TUNEL SANTA BARBARA),Fetranspor,58,17537933,"-22.9363","-43.19"
183,183-LARANJEIRAS X CENTRAL (VIA TUNEL SANTA BARBARA),Fetranspor,59,17537933,"-22.9357","-43.1896"
183,183-LARANJEIRAS X CENTRAL (VIA TUNEL SANTA BARBARA),Fetranspor,60,17537933,"-22.9356","-43.1895"
183,183-LARANJEIRAS X CENTRAL (VIA TUNEL SANTA BARBARA),Fetranspor,61,17537933,"-22.9355","-43.1894"
183,183-LARANJEIRAS X CENTRAL (VIA TUNEL SANTA BARBARA),Fetranspor,62,17537933,"-22.9354","-43.1893"
183,183-LARANJEIRAS X CENTRAL (VIA TUNEL SANTA BARBARA),Fetranspor,63,17537933,"-22.9353","-43.189"
183,183-LARANJEIRAS X CENTRAL (VIA TUNEL SANTA BARBARA),Fetranspor,64,17537933,"-22.9352","-43.1889"
183,183-LARANJEIRAS X CENTRAL (VIA TUNEL SANTA BARBARA),Fetranspor,65,17537933,"-22.9352","-43.1889"
183,183-LARANJEIRAS X CENTRAL (VIA TUNEL SANTA BARBARA),Fetranspor,66,17537933,"-22.9352","-43.1887"
183,183-LARANJEIRAS X CENTRAL (VIA TUNEL SANTA BARBARA),Fetranspor,67,17537933,"-22.9352","-43.1887"
183,183-LARANJEIRAS X CENTRAL (VIA TUNEL SANTA BARBARA),Fetranspor,68,17537933,"-22.9352","-43.1887"
183,183-LARANJEIRAS X CENTRAL (VIA TUNEL SANTA BARBARA),Fetranspor,69,17537933,"-22.9351","-43.1886"
183,183-LARANJEIRAS X CENTRAL (VIA TUNEL SANTA BARBARA),Fetranspor,70,17537933,"-22.9349","-43.1883"
183,183-LARANJEIRAS X CENTRAL (VIA TUNEL SANTA BARBARA),Fetranspor,71,17537933,"-22.9345","-43.1875"
183,183-LARANJEIRAS X CENTRAL (VIA TUNEL SANTA BARBARA),Fetranspor,72,17537933,"-22.9345","-43.1875"
183,183-LARANJEIRAS X CENTRAL (VIA TUNEL SANTA BARBARA),Fetranspor,73,17537933,"-22.9346","-43.1873"
183,183-LARANJEIRAS X CENTRAL (VIA TUNEL SANTA BARBARA),Fetranspor,74,17537933,"-22.9353","-43.1866"
183,183-LARANJEIRAS X CENTRAL (VIA TUNEL SANTA BARBARA),Fetranspor,75,17537933,"-22.9354","-43.1865"
183,183-LARANJEIRAS X CENTRAL (VIA TUNEL SANTA BARBARA),Fetranspor,76,17537933,"-22.9354","-43.1865"
183,183-LARANJEIRAS X CENTRAL (VIA TUNEL SANTA BARBARA),Fetranspor,77,17537933,"-22.9352","-43.1862"
183,183-LARANJEIRAS X CENTRAL (VIA TUNEL SANTA BARBARA),Fetranspor,78,17537933,"-22.9352","-43.186"
183,183-LARANJEIRAS X CENTRAL (VIA TUNEL SANTA BARBARA),Fetranspor,79,17537933,"-22.9352","-43.186"
183,183-LARANJEIRAS X CENTRAL (VIA TUNEL SANTA BARBARA),Fetranspor,80,17537933,"-22.9351","-43.1859"
183,183-LARANJEIRAS X CENTRAL (VIA TUNEL SANTA BARBARA),Fetranspor,81,17537933,"-22.935","-43.1858"
183,183-LARANJEIRAS X CENTRAL (VIA TUNEL SANTA BARBARA),Fetranspor,82,17537933,"-22.9346","-43.1849"
183,183-LARANJEIRAS X CENTRAL (VIA TUNEL SANTA BARBARA),Fetranspor,83,17537933,"-22.9344","-43.1845"
183,183-LARANJEIRAS X CENTRAL (VIA TUNEL SANTA BARBARA),Fetranspor,84,17537933,"-22.9344","-43.1844"
183,183-LARANJEIRAS X CENTRAL (VIA TUNEL SANTA BARBARA),Fetranspor,85,17537933,"-22.9344","-43.1844"
183,183-LARANJEIRAS X CENTRAL (VIA TUNEL SANTA BARBARA),Fetranspor,86,17537933,"-22.9343","-43.1843"
183,183-LARANJEIRAS X CENTRAL (VIA TUNEL SANTA BARBARA),Fetranspor,87,17537933,"-22.934","-43.1836"
183,183-LARANJEIRAS X CENTRAL (VIA TUNEL SANTA BARBARA),Fetranspor,88,17537933,"-22.934","-43.1836"
183,183-LARANJEIRAS X CENTRAL (VIA TUNEL SANTA BARBARA),Fetranspor,89,17537933,"-22.934","-43.1836"
183,183-LARANJEIRAS X CENTRAL (VIA TUNEL SANTA BARBARA),Fetranspor,90,17537933,"-22.934","-43.1836"
183,183-LARANJEIRAS X CENTRAL (VIA TUNEL SANTA BARBARA),Fetranspor,91,17537933,"-22.9339","-43.1835"
183,183-LARANJEIRAS X CENTRAL (VIA TUNEL SANTA BARBARA),Fetranspor,92,17537933,"-22.9339","-43.1835"
183,183-LARANJEIRAS X CENTRAL (VIA TUNEL SANTA BARBARA),Fetranspor,93,17537933,"-22.9337","-43.1831"
183,183-LARANJEIRAS X CENTRAL (VIA TUNEL SANTA BARBARA),Fetranspor,94,17537933,"-22.9337","-43.183"
183,183-LARANJEIRAS X CENTRAL (VIA TUNEL SANTA BARBARA),Fetranspor,95,17537933,"-22.9336","-43.183"
183,183-LARANJEIRAS X CENTRAL (VIA TUNEL SANTA BARBARA),Fetranspor,96,17537933,"-22.9336","-43.183"
183,183-LARANJEIRAS X CENTRAL (VIA TUNEL SANTA BARBARA),Fetranspor,97,17537933,"-22.9336","-43.183"
183,183-LARANJEIRAS X CENTRAL (VIA TUNEL SANTA BARBARA),Fetranspor,98,17537933,"-22.9334","-43.1831"
183,183-LARANJEIRAS X CENTRAL (VIA TUNEL SANTA BARBARA),Fetranspor,99,17537933,"-22.9334","-43.1831"
183,183-LARANJEIRAS X CENTRAL (VIA TUNEL SANTA BARBARA),Fetranspor,100,17537933,"-22.9328","-43.1837"
183,183-LARANJEIRAS X CENTRAL (VIA TUNEL SANTA BARBARA),Fetranspor,101,17537933,"-22.9328","-43.1837"
183,183-LARANJEIRAS X CENTRAL (VIA TUNEL SANTA BARBARA),Fetranspor,102,17537933,"-22.9329","-43.1838"
183,183-LARANJEIRAS X CENTRAL (VIA TUNEL SANTA BARBARA),Fetranspor,103,17537933,"-22.9329","-43.1839"
183,183-LARANJEIRAS X CENTRAL (VIA TUNEL SANTA BARBARA),Fetranspor,104,17537933,"-22.9329","-43.1839"
183,183-LARANJEIRAS X CENTRAL (VIA TUNEL SANTA BARBARA),Fetranspor,105,17537933,"-22.933","-43.184"
183,183-LARANJEIRAS X CENTRAL (VIA TUNEL SANTA BARBARA),Fetranspor,106,17537933,"-22.9331","-43.1842"
183,183-LARANJEIRAS X CENTRAL (VIA TUNEL SANTA BARBARA),Fetranspor,107,17537933,"-22.9331","-43.1842"
183,183-LARANJEIRAS X CENTRAL (VIA TUNEL SANTA BARBARA),Fetranspor,108,17537933,"-22.9331","-43.1844"
183,183-LARANJEIRAS X CENTRAL (VIA TUNEL SANTA BARBARA),Fetranspor,109,17537933,"-22.9331","-43.1846"
183,183-LARANJEIRAS X CENTRAL (VIA TUNEL SANTA BARBARA),Fetranspor,110,17537933,"-22.9331","-43.1846"
183,183-LARANJEIRAS X CENTRAL (VIA TUNEL SANTA BARBARA),Fetranspor,111,17537933,"-22.933","-43.1847"
183,183-LARANJEIRAS X CENTRAL (VIA TUNEL SANTA BARBARA),Fetranspor,112,17537933,"-22.933","-43.1847"
183,183-LARANJEIRAS X CENTRAL (VIA TUNEL SANTA BARBARA),Fetranspor,113,17537933,"-22.9328","-43.1847"
183,183-LARANJEIRAS X CENTRAL (VIA TUNEL SANTA BARBARA),Fetranspor,114,17537933,"-22.9326","-43.1849"
183,183-LARANJEIRAS X CENTRAL (VIA TUNEL SANTA BARBARA),Fetranspor,115,17537933,"-22.9326","-43.1849"
183,183-LARANJEIRAS X CENTRAL (VIA TUNEL SANTA BARBARA),Fetranspor,116,17537933,"-22.9317","-43.1853"
183,183-LARANJEIRAS X CENTRAL (VIA TUNEL SANTA BARBARA),Fetranspor,117,17537933,"-22.9316","-43.1854"
183,183-LARANJEIRAS X CENTRAL (VIA TUNEL SANTA BARBARA),Fetranspor,118,17537933,"-22.9314","-43.1855"
183,183-LARANJEIRAS X CENTRAL (VIA TUNEL SANTA BARBARA),Fetranspor,119,17537933,"-22.9312","-43.1856"
183,183-LARANJEIRAS X CENTRAL (VIA TUNEL SANTA BARBARA),Fetranspor,120,17537933,"-22.9312","-43.1856"
183,183-LARANJEIRAS X CENTRAL (VIA TUNEL SANTA BARBARA),Fetranspor,121,17537933,"-22.931","-43.1858"
183,183-LARANJEIRAS X CENTRAL (VIA TUNEL SANTA BARBARA),Fetranspor,122,17537933,"-22.9305","-43.1862"
183,183-LARANJEIRAS X CENTRAL (VIA TUNEL SANTA BARBARA),Fetranspor,123,17537933,"-22.9305","-43.1862"
183,183-LARANJEIRAS X CENTRAL (VIA TUNEL SANTA BARBARA),Fetranspor,124,17537933,"-22.9297","-43.1868"
183,183-LARANJEIRAS X CENTRAL (VIA TUNEL SANTA BARBARA),Fetranspor,125,17537933,"-22.9255","-43.19"
183,183-LARANJEIRAS X CENTRAL (VIA TUNEL SANTA BARBARA),Fetranspor,126,17537933,"-22.9254","-43.1901"
183,183-LARANJEIRAS X CENTRAL (VIA TUNEL SANTA BARBARA),Fetranspor,127,17537933,"-22.9248","-43.1906"
183,183-LARANJEIRAS X CENTRAL (VIA TUNEL SANTA BARBARA),Fetranspor,128,17537933,"-22.9245","-43.1908"
183,183-LARANJEIRAS X CENTRAL (VIA TUNEL SANTA BARBARA),Fetranspor,129,17537933,"-22.9236","-43.1915"
183,183-LARANJEIRAS X CENTRAL (VIA TUNEL SANTA BARBARA),Fetranspor,130,17537933,"-22.9231","-43.1919"
183,183-LARANJEIRAS X CENTRAL (VIA TUNEL SANTA BARBARA),Fetranspor,131,17537933,"-22.9226","-43.1923"
183,183-LARANJEIRAS X CENTRAL (VIA TUNEL SANTA BARBARA),Fetranspor,132,17537933,"-22.9219","-43.1928"
183,183-LARANJEIRAS X CENTRAL (VIA TUNEL SANTA BARBARA),Fetranspor,133,17537933,"-22.9216","-43.1931"
183,183-LARANJEIRAS X CENTRAL (VIA TUNEL SANTA BARBARA),Fetranspor,134,17537933,"-22.9213","-43.1933"
183,183-LARANJEIRAS X CENTRAL (VIA TUNEL SANTA BARBARA),Fetranspor,135,17537933,"-22.9211","-43.1934"
183,183-LARANJEIRAS X CENTRAL (VIA TUNEL SANTA BARBARA),Fetranspor,136,17537933,"-22.921","-43.1934"
183,183-LARANJEIRAS X CENTRAL (VIA TUNEL SANTA BARBARA),Fetranspor,137,17537933,"-22.9208","-43.1935"
183,183-LARANJEIRAS X CENTRAL (VIA TUNEL SANTA BARBARA),Fetranspor,138,17537933,"-22.9205","-43.1938"
183,183-LARANJEIRAS X CENTRAL (VIA TUNEL SANTA BARBARA),Fetranspor,139,17537933,"-22.9204","-43.1938"
183,183-LARANJEIRAS X CENTRAL (VIA TUNEL SANTA BARBARA),Fetranspor,140,17537933,"-22.9204","-43.1938"
183,183-LARANJEIRAS X CENTRAL (VIA TUNEL SANTA BARBARA),Fetranspor,141,17537933,"-22.9204","-43.1939"
183,183-LARANJEIRAS X CENTRAL (VIA TUNEL SANTA BARBARA),Fetranspor,142,17537933,"-22.9204","-43.1939"
183,183-LARANJEIRAS X CENTRAL (VIA TUNEL SANTA BARBARA),Fetranspor,143,17537933,"-22.9202","-43.1939"
183,183-LARANJEIRAS X CENTRAL (VIA TUNEL SANTA BARBARA),Fetranspor,144,17537933,"-22.92","-43.194"
183,183-LARANJEIRAS X CENTRAL (VIA TUNEL SANTA BARBARA),Fetranspor,145,17537933,"-22.92","-43.194"
183,183-LARANJEIRAS X CENTRAL (VIA TUNEL SANTA BARBARA),Fetranspor,146,17537933,"-22.9196","-43.1941"
183,183-LARANJEIRAS X CENTRAL (VIA TUNEL SANTA BARBARA),Fetranspor,147,17537933,"-22.9196","-43.1941"
183,183-LARANJEIRAS X CENTRAL (VIA TUNEL SANTA BARBARA),Fetranspor,148,17537933,"-22.9191","-43.1942"
183,183-LARANJEIRAS X CENTRAL (VIA TUNEL SANTA BARBARA),Fetranspor,149,17537933,"-22.9191","-43.1942"
183,183-LARANJEIRAS X CENTRAL (VIA TUNEL SANTA BARBARA),Fetranspor,150,17537933,"-22.9189","-43.1943"
183,183-LARANJEIRAS X CENTRAL (VIA TUNEL SANTA BARBARA),Fetranspor,151,17537933,"-22.9187","-43.1943"
183,183-LARANJEIRAS X CENTRAL (VIA TUNEL SANTA BARBARA),Fetranspor,152,17537933,"-22.9185","-43.1943"
183,183-LARANJEIRAS X CENTRAL (VIA TUNEL SANTA BARBARA),Fetranspor,153,17537933,"-22.9184","-43.1943"
183,183-LARANJEIRAS X CENTRAL (VIA TUNEL SANTA BARBARA),Fetranspor,154,17537933,"-22.9184","-43.1943"
183,183-LARANJEIRAS X CENTRAL (VIA TUNEL SANTA BARBARA),Fetranspor,155,17537933,"-22.9183","-43.1943"
183,183-LARANJEIRAS X CENTRAL (VIA TUNEL SANTA BARBARA),Fetranspor,156,17537933,"-22.9181","-43.1942"
183,183-LARANJEIRAS X CENTRAL (VIA TUNEL SANTA BARBARA),Fetranspor,157,17537933,"-22.9181","-43.1942"
183,183-LARANJEIRAS X CENTRAL (VIA TUNEL SANTA BARBARA),Fetranspor,158,17537933,"-22.9176","-43.1941"
183,183-LARANJEIRAS X CENTRAL (VIA TUNEL SANTA BARBARA),Fetranspor,159,17537933,"-22.9176","-43.1941"
183,183-LARANJEIRAS X CENTRAL (VIA TUNEL SANTA BARBARA),Fetranspor,160,17537933,"-22.9172","-43.1941"
183,183-LARANJEIRAS X CENTRAL (VIA TUNEL SANTA BARBARA),Fetranspor,161,17537933,"-22.9172","-43.1941"
183,183-LARANJEIRAS X CENTRAL (VIA TUNEL SANTA BARBARA),Fetranspor,162,17537933,"-22.9169","-43.194"
183,183-LARANJEIRAS X CENTRAL (VIA TUNEL SANTA BARBARA),Fetranspor,163,17537933,"-22.9163","-43.1939"
183,183-LARANJEIRAS X CENTRAL (VIA TUNEL SANTA BARBARA),Fetranspor,164,17537933,"-22.9163","-43.1939"
183,183-LARANJEIRAS X CENTRAL (VIA TUNEL SANTA BARBARA),Fetranspor,165,17537933,"-22.9162","-43.1939"
183,183-LARANJEIRAS X CENTRAL (VIA TUNEL SANTA BARBARA),Fetranspor,166,17537933,"-22.916","-43.1939"
183,183-LARANJEIRAS X CENTRAL (VIA TUNEL SANTA BARBARA),Fetranspor,167,17537933,"-22.9159","-43.1939"
183,183-LARANJEIRAS X CENTRAL (VIA TUNEL SANTA BARBARA),Fetranspor,168,17537933,"-22.9157","-43.1939"
183,183-LARANJEIRAS X CENTRAL (VIA TUNEL SANTA BARBARA),Fetranspor,169,17537933,"-22.9156","-43.1939"
183,183-LARANJEIRAS X CENTRAL (VIA TUNEL SANTA BARBARA),Fetranspor,170,17537933,"-22.9154","-43.1939"
183,183-LARANJEIRAS X CENTRAL (VIA TUNEL SANTA BARBARA),Fetranspor,171,17537933,"-22.9153","-43.194"
183,183-LARANJEIRAS X CENTRAL (VIA TUNEL SANTA BARBARA),Fetranspor,172,17537933,"-22.9152","-43.194"
183,183-LARANJEIRAS X CENTRAL (VIA TUNEL SANTA BARBARA),Fetranspor,173,17537933,"-22.915","-43.1941"
183,183-LARANJEIRAS X CENTRAL (VIA TUNEL SANTA BARBARA),Fetranspor,174,17537933,"-22.915","-43.1941"
183,183-LARANJEIRAS X CENTRAL (VIA TUNEL SANTA BARBARA),Fetranspor,175,17537933,"-22.915","-43.1942"
183,183-LARANJEIRAS X CENTRAL (VIA TUNEL SANTA BARBARA),Fetranspor,176,17537933,"-22.915","-43.1943"
183,183-LARANJEIRAS X CENTRAL (VIA TUNEL SANTA BARBARA),Fetranspor,177,17537933,"-22.9149","-43.1944"
183,183-LARANJEIRAS X CENTRAL (VIA TUNEL SANTA BARBARA),Fetranspor,178,17537933,"-22.915","-43.1945"
183,183-LARANJEIRAS X CENTRAL (VIA TUNEL SANTA BARBARA),Fetranspor,179,17537933,"-22.915","-43.1946"
183,183-LARANJEIRAS X CENTRAL (VIA TUNEL SANTA BARBARA),Fetranspor,180,17537933,"-22.915","-43.1947"
183,183-LARANJEIRAS X CENTRAL (VIA TUNEL SANTA BARBARA),Fetranspor,181,17537933,"-22.9151","-43.1947"
183,183-LARANJEIRAS X CENTRAL (VIA TUNEL SANTA BARBARA),Fetranspor,182,17537933,"-22.9152","-43.1948"
183,183-LARANJEIRAS X CENTRAL (VIA TUNEL SANTA BARBARA),Fetranspor,183,17537933,"-22.9153","-43.1948"
183,183-LARANJEIRAS X CENTRAL (VIA TUNEL SANTA BARBARA),Fetranspor,184,17537933,"-22.9153","-43.1948"
183,183-LARANJEIRAS X CENTRAL (VIA TUNEL SANTA BARBARA),Fetranspor,185,17537933,"-22.9155","-43.1947"
183,183-LARANJEIRAS X CENTRAL (VIA TUNEL SANTA BARBARA),Fetranspor,186,17537933,"-22.9158","-43.1946"
183,183-LARANJEIRAS X CENTRAL (VIA TUNEL SANTA BARBARA),Fetranspor,187,17537933,"-22.916","-43.1945"
183,183-LARANJEIRAS X CENTRAL (VIA TUNEL SANTA BARBARA),Fetranspor,188,17537933,"-22.9163","-43.1945"
183,183-LARANJEIRAS X CENTRAL (VIA TUNEL SANTA BARBARA),Fetranspor,189,17537933,"-22.9165","-43.1944"
183,183-LARANJEIRAS X CENTRAL (VIA TUNEL SANTA BARBARA),Fetranspor,190,17537933,"-22.9168","-43.1944"
183,183-LARANJEIRAS X CENTRAL (VIA TUNEL SANTA BARBARA),Fetranspor,191,17537933,"-22.9168","-43.1944"
183,183-LARANJEIRAS X CENTRAL (VIA TUNEL SANTA BARBARA),Fetranspor,192,17537933,"-22.9169","-43.1945"
183,183-LARANJEIRAS X CENTRAL (VIA TUNEL SANTA BARBARA),Fetranspor,193,17537933,"-22.9169","-43.1946"
183,183-LARANJEIRAS X CENTRAL (VIA TUNEL SANTA BARBARA),Fetranspor,194,17537933,"-22.917","-43.1947"
183,183-LARANJEIRAS X CENTRAL (VIA TUNEL SANTA BARBARA),Fetranspor,195,17537933,"-22.917","-43.1948"
183,183-LARANJEIRAS X CENTRAL (VIA TUNEL SANTA BARBARA),Fetranspor,196,17537933,"-22.917","-43.1948"
183,183-LARANJEIRAS X CENTRAL (VIA TUNEL SANTA BARBARA),Fetranspor,197,17537933,"-22.917","-43.1949"
183,183-LARANJEIRAS X CENTRAL (VIA TUNEL SANTA BARBARA),Fetranspor,198,17537933,"-22.9169","-43.195"
183,183-LARANJEIRAS X CENTRAL (VIA TUNEL SANTA BARBARA),Fetranspor,199,17537933,"-22.9168","-43.1952"
183,183-LARANJEIRAS X CENTRAL (VIA TUNEL SANTA BARBARA),Fetranspor,200,17537933,"-22.9168","-43.1952"
183,183-LARANJEIRAS X CENTRAL (VIA TUNEL SANTA BARBARA),Fetranspor,201,17537933,"-22.9166","-43.1953"
183,183-LARANJEIRAS X CENTRAL (VIA TUNEL SANTA BARBARA),Fetranspor,202,17537933,"-22.9162","-43.1954"
183,183-LARANJEIRAS X CENTRAL (VIA TUNEL SANTA BARBARA),Fetranspor,203,17537933,"-22.9162","-43.1954"
183,183-LARANJEIRAS X CENTRAL (VIA TUNEL SANTA BARBARA),Fetranspor,204,17537933,"-22.9158","-43.1956"
183,183-LARANJEIRAS X CENTRAL (VIA TUNEL SANTA BARBARA),Fetranspor,205,17537933,"-22.9156","-43.1957"
183,183-LARANJEIRAS X CENTRAL (VIA TUNEL SANTA BARBARA),Fetranspor,206,17537933,"-22.9156","-43.1957"
183,183-LARANJEIRAS X CENTRAL (VIA TUNEL SANTA BARBARA),Fetranspor,207,17537933,"-22.915","-43.1959"
183,183-LARANJEIRAS X CENTRAL (VIA TUNEL SANTA BARBARA),Fetranspor,208,17537933,"-22.915","-43.1959"
183,183-LARANJEIRAS X CENTRAL (VIA TUNEL SANTA BARBARA),Fetranspor,209,17537933,"-22.9149","-43.196"
183,183-LARANJEIRAS X CENTRAL (VIA TUNEL SANTA BARBARA),Fetranspor,210,17537933,"-22.9149","-43.196"
183,183-LARANJEIRAS X CENTRAL (VIA TUNEL SANTA BARBARA),Fetranspor,211,17537933,"-22.9141","-43.1961"
183,183-LARANJEIRAS X CENTRAL (VIA TUNEL SANTA BARBARA),Fetranspor,212,17537933,"-22.9141","-43.1961"
183,183-LARANJEIRAS X CENTRAL (VIA TUNEL SANTA BARBARA),Fetranspor,213,17537933,"-22.914","-43.1957"
183,183-LARANJEIRAS X CENTRAL (VIA TUNEL SANTA BARBARA),Fetranspor,214,17537933,"-22.914","-43.1957"
183,183-LARANJEIRAS X CENTRAL (VIA TUNEL SANTA BARBARA),Fetranspor,215,17537933,"-22.9139","-43.195"
183,183-LARANJEIRAS X CENTRAL (VIA TUNEL SANTA BARBARA),Fetranspor,216,17537933,"-22.9139","-43.1949"
183,183-LARANJEIRAS X CENTRAL (VIA TUNEL SANTA BARBARA),Fetranspor,217,17537933,"-22.9139","-43.1949"
183,183-LARANJEIRAS X CENTRAL (VIA TUNEL SANTA BARBARA),Fetranspor,218,17537933,"-22.9139","-43.1949"
183,183-LARANJEIRAS X CENTRAL (VIA TUNEL SANTA BARBARA),Fetranspor,219,17537933,"-22.9139","-43.1946"
183,183-LARANJEIRAS X CENTRAL (VIA TUNEL SANTA BARBARA),Fetranspor,220,17537933,"-22.9139","-43.1946"
183,183-LARANJEIRAS X CENTRAL (VIA TUNEL SANTA BARBARA),Fetranspor,221,17537933,"-22.9138","-43.1941"
183,183-LARANJEIRAS X CENTRAL (VIA TUNEL SANTA BARBARA),Fetranspor,222,17537933,"-22.9138","-43.1938"
183,183-LARANJEIRAS X CENTRAL (VIA TUNEL SANTA BARBARA),Fetranspor,223,17537933,"-22.9138","-43.1938"
183,183-LARANJEIRAS X CENTRAL (VIA TUNEL SANTA BARBARA),Fetranspor,224,17537933,"-22.9137","-43.1934"
183,183-LARANJEIRAS X CENTRAL (VIA TUNEL SANTA BARBARA),Fetranspor,225,17537933,"-22.9137","-43.1932"
183,183-LARANJEIRAS X CENTRAL (VIA TUNEL SANTA BARBARA),Fetranspor,226,17537933,"-22.9135","-43.1927"
183,183-LARANJEIRAS X CENTRAL (VIA TUNEL SANTA BARBARA),Fetranspor,227,17537933,"-22.9134","-43.1924"
183,183-LARANJEIRAS X CENTRAL (VIA TUNEL SANTA BARBARA),Fetranspor,228,17537933,"-22.9134","-43.1924"
183,183-LARANJEIRAS X CENTRAL (VIA TUNEL SANTA BARBARA),Fetranspor,229,17537933,"-22.913","-43.1913"
183,183-LARANJEIRAS X CENTRAL (VIA TUNEL SANTA BARBARA),Fetranspor,230,17537933,"-22.913","-43.1913"
183,183-LARANJEIRAS X CENTRAL (VIA TUNEL SANTA BARBARA),Fetranspor,231,17537933,"-22.9125","-43.1902"
183,183-LARANJEIRAS X CENTRAL (VIA TUNEL SANTA BARBARA),Fetranspor,232,17537933,"-22.9125","-43.1902"
183,183-LARANJEIRAS X CENTRAL (VIA TUNEL SANTA BARBARA),Fetranspor,233,17537933,"-22.9125","-43.19"
183,183-LARANJEIRAS X CENTRAL (VIA TUNEL SANTA BARBARA),Fetranspor,234,17537933,"-22.912","-43.1887"
183,183-LARANJEIRAS X CENTRAL (VIA TUNEL SANTA BARBARA),Fetranspor,235,17537933,"-22.912","-43.1887"
183,183-LARANJEIRAS X CENTRAL (VIA TUNEL SANTA BARBARA),Fetranspor,236,17537933,"-22.9121","-43.1886"
183,183-LARANJEIRAS X CENTRAL (VIA TUNEL SANTA BARBARA),Fetranspor,237,17537933,"-22.9122","-43.1885"
183,183-LARANJEIRAS X CENTRAL (VIA TUNEL SANTA BARBARA),Fetranspor,238,17537933,"-22.9122","-43.1884"
183,183-LARANJEIRAS X CENTRAL (VIA TUNEL SANTA BARBARA),Fetranspor,239,17537933,"-22.9122","-43.1884"
183,183-LARANJEIRAS X CENTRAL (VIA TUNEL SANTA BARBARA),Fetranspor,240,17537933,"-22.9122","-43.1883"
183,183-LARANJEIRAS X CENTRAL (VIA TUNEL SANTA BARBARA),Fetranspor,241,17537933,"-22.9122","-43.1883"
183,183-LARANJEIRAS X CENTRAL (VIA TUNEL SANTA BARBARA),Fetranspor,242,17537933,"-22.9122","-43.1882"
183,183-LARANJEIRAS X CENTRAL (VIA TUNEL SANTA BARBARA),Fetranspor,243,17537933,"-22.9122","-43.1881"
183,183-LARANJEIRAS X CENTRAL (VIA TUNEL SANTA BARBARA),Fetranspor,244,17537933,"-22.9121","-43.188"
183,183-LARANJEIRAS X CENTRAL (VIA TUNEL SANTA BARBARA),Fetranspor,245,17537933,"-22.9121","-43.188"
183,183-LARANJEIRAS X CENTRAL (VIA TUNEL SANTA BARBARA),Fetranspor,246,17537933,"-22.912","-43.188"
183,183-LARANJEIRAS X CENTRAL (VIA TUNEL SANTA BARBARA),Fetranspor,247,17537933,"-22.912","-43.1879"
183,183-LARANJEIRAS X CENTRAL (VIA TUNEL SANTA BARBARA),Fetranspor,248,17537933,"-22.9119","-43.1879"
183,183-LARANJEIRAS X CENTRAL (VIA TUNEL SANTA BARBARA),Fetranspor,249,17537933,"-22.9119","-43.1879"
183,183-LARANJEIRAS X CENTRAL (VIA TUNEL SANTA BARBARA),Fetranspor,250,17537933,"-22.9118","-43.1879"
183,183-LARANJEIRAS X CENTRAL (VIA TUNEL SANTA BARBARA),Fetranspor,251,17537933,"-22.9118","-43.1879"
183,183-LARANJEIRAS X CENTRAL (VIA TUNEL SANTA BARBARA),Fetranspor,252,17537933,"-22.9118","-43.1879"
183,183-LARANJEIRAS X CENTRAL (VIA TUNEL SANTA BARBARA),Fetranspor,253,17537933,"-22.9117","-43.188"
183,183-LARANJEIRAS X CENTRAL (VIA TUNEL SANTA BARBARA),Fetranspor,254,17537933,"-22.9116","-43.188"
183,183-LARANJEIRAS X CENTRAL (VIA TUNEL SANTA BARBARA),Fetranspor,255,17537933,"-22.9116","-43.1881"
183,183-LARANJEIRAS X CENTRAL (VIA TUNEL SANTA BARBARA),Fetranspor,256,17537933,"-22.9116","-43.1882"
183,183-LARANJEIRAS X CENTRAL (VIA TUNEL SANTA BARBARA),Fetranspor,257,17537933,"-22.9116","-43.1883"
183,183-LARANJEIRAS X CENTRAL (VIA TUNEL SANTA BARBARA),Fetranspor,258,17537933,"-22.9116","-43.1883"
183,183-LARANJEIRAS X CENTRAL (VIA TUNEL SANTA BARBARA),Fetranspor,259,17537933,"-22.911","-43.1883"
183,183-LARANJEIRAS X CENTRAL (VIA TUNEL SANTA BARBARA),Fetranspor,260,17537933,"-22.911","-43.1883"
183,183-LARANJEIRAS X CENTRAL (VIA TUNEL SANTA BARBARA),Fetranspor,261,17537933,"-22.9104","-43.1883"
183,183-LARANJEIRAS X CENTRAL (VIA TUNEL SANTA BARBARA),Fetranspor,262,17537933,"-22.9102","-43.1883"
183,183-LARANJEIRAS X CENTRAL (VIA TUNEL SANTA BARBARA),Fetranspor,263,17537933,"-22.9102","-43.1883"
183,183-LARANJEIRAS X CENTRAL (VIA TUNEL SANTA BARBARA),Fetranspor,264,17537933,"-22.9099","-43.1884"
183,183-LARANJEIRAS X CENTRAL (VIA TUNEL SANTA BARBARA),Fetranspor,265,17537933,"-22.9095","-43.1886"
183,183-LARANJEIRAS X CENTRAL (VIA TUNEL SANTA BARBARA),Fetranspor,266,17537933,"-22.909","-43.1888"
183,183-LARANJEIRAS X CENTRAL (VIA TUNEL SANTA BARBARA),Fetranspor,267,17537933,"-22.909","-43.1888"
183,183-LARANJEIRAS X CENTRAL (VIA TUNEL SANTA BARBARA),Fetranspor,268,17537933,"-22.9077","-43.19"
183,183-LARANJEIRAS X CENTRAL (VIA TUNEL SANTA BARBARA),Fetranspor,269,17537933,"-22.9077","-43.19"
183,183-LARANJEIRAS X CENTRAL (VIA TUNEL SANTA BARBARA),Fetranspor,270,17537933,"-22.9076","-43.1901"
183,183-LARANJEIRAS X CENTRAL (VIA TUNEL SANTA BARBARA),Fetranspor,271,17537933,"-22.9075","-43.1901"
183,183-LARANJEIRAS X CENTRAL (VIA TUNEL SANTA BARBARA),Fetranspor,272,17537933,"-22.9075","-43.1901"
183,183-LARANJEIRAS X CENTRAL (VIA TUNEL SANTA BARBARA),Fetranspor,273,17537933,"-22.9072","-43.1902"
183,183-LARANJEIRAS X CENTRAL (VIA TUNEL SANTA BARBARA),Fetranspor,274,17537933,"-22.9072","-43.1902"
183,183-LARANJEIRAS X CENTRAL (VIA TUNEL SANTA BARBARA),Fetranspor,275,17537933,"-22.9066","-43.1904"
183,183-LARANJEIRAS X CENTRAL (VIA TUNEL SANTA BARBARA),Fetranspor,276,17537933,"-22.906","-43.1906"
183,183-LARANJEIRAS X CENTRAL (VIA TUNEL SANTA BARBARA),Fetranspor,277,17537933,"-22.906","-43.1906"
183,183-LARANJEIRAS X CENTRAL (VIA TUNEL SANTA BARBARA),Fetranspor,278,17537933,"-22.9055","-43.1907"
183,183-LARANJEIRAS X CENTRAL (VIA TUNEL SANTA BARBARA),Fetranspor,279,17537933,"-22.9054","-43.1908"
183,183-LARANJEIRAS X CENTRAL (VIA TUNEL SANTA BARBARA),Fetranspor,280,17537933,"-22.9053","-43.1908"
183,183-LARANJEIRAS X CENTRAL (VIA TUNEL SANTA BARBARA),Fetranspor,281,17537933,"-22.9052","-43.1907"
183,183-LARANJEIRAS X CENTRAL (VIA TUNEL SANTA BARBARA),Fetranspor,282,17537933,"-22.9052","-43.1907"
183,183-LARANJEIRAS X CENTRAL (VIA TUNEL SANTA BARBARA),Fetranspor,283,17537933,"-22.9052","-43.1907"
183,183-LARANJEIRAS X CENTRAL (VIA TUNEL SANTA BARBARA),Fetranspor,284,17537933,"-22.9052","-43.1907"
183,183-LARANJEIRAS X CENTRAL (VIA TUNEL SANTA BARBARA),Fetranspor,285,17537933,"-22.9051","-43.1907"
183,183-LARANJEIRAS X CENTRAL (VIA TUNEL SANTA BARBARA),Fetranspor,286,17537933,"-22.905","-43.1907"
183,183-LARANJEIRAS X CENTRAL (VIA TUNEL SANTA BARBARA),Fetranspor,287,17537933,"-22.905","-43.1907"
183,183-LARANJEIRAS X CENTRAL (VIA TUNEL SANTA BARBARA),Fetranspor,288,17537933,"-22.9049","-43.1906"
183,183-LARANJEIRAS X CENTRAL (VIA TUNEL SANTA BARBARA),Fetranspor,289,17537933,"-22.9049","-43.1906"
183,183-LARANJEIRAS X CENTRAL (VIA TUNEL SANTA BARBARA),Fetranspor,290,17537933,"-22.9047","-43.1906"
183,183-LARANJEIRAS X CENTRAL (VIA TUNEL SANTA BARBARA),Fetranspor,291,17537933,"-22.9047","-43.1906"
183,183-LARANJEIRAS X CENTRAL (VIA TUNEL SANTA BARBARA),Fetranspor,292,17537933,"-22.9047","-43.1908"
183,183-LARANJEIRAS X CENTRAL (VIA TUNEL SANTA BARBARA),Fetranspor,293,17537933,"-22.9049","-43.1912"
183,183-LARANJEIRAS X CENTRAL (VIA TUNEL SANTA BARBARA),Fetranspor,294,17537933,"-22.9049","-43.1912"
183,183-LARANJEIRAS X CENTRAL (VIA TUNEL SANTA BARBARA),Fetranspor,295,17537933,"-22.905","-43.1914"
183,183-LARANJEIRAS X CENTRAL (VIA TUNEL SANTA BARBARA),Fetranspor,296,17537933,"-22.905","-43.1914"
183,183-LARANJEIRAS X CENTRAL (VIA TUNEL SANTA BARBARA),Fetranspor,297,17537933,"-22.905","-43.1916"
183,183-LARANJEIRAS X CENTRAL (VIA TUNEL SANTA BARBARA),Fetranspor,298,17537933,"-22.905","-43.1916"
183,183-LARANJEIRAS X CENTRAL (VIA TUNEL SANTA BARBARA),Fetranspor,299,17537933,"-22.9049","-43.1917"
183,183-LARANJEIRAS X CENTRAL (VIA TUNEL SANTA BARBARA),Fetranspor,300,17537933,"-22.9049","-43.1917"
183,183-LARANJEIRAS X CENTRAL (VIA TUNEL SANTA BARBARA),Fetranspor,301,17537933,"-22.9049","-43.1917"
183,183-LARANJEIRAS X CENTRAL (VIA TUNEL SANTA BARBARA),Fetranspor,302,17537933,"-22.9048","-43.1919"
183,183-LARANJEIRAS X CENTRAL (VIA TUNEL SANTA BARBARA),Fetranspor,303,17537933,"-22.9048","-43.1919"
183,183-LARANJEIRAS X CENTRAL (VIA TUNEL SANTA BARBARA),Fetranspor,304,17537933,"-22.9051","-43.1928"
183,183-LARANJEIRAS X CENTRAL (VIA TUNEL SANTA BARBARA),Fetranspor,305,17537933,"-22.9051","-43.193"
183,183-LARANJEIRAS X CENTRAL (VIA TUNEL SANTA BARBARA),Fetranspor,306,17537933,"-22.9051","-43.193"
183,183-LARANJEIRAS X CENTRAL (VIA TUNEL SANTA BARBARA),Fetranspor,307,17537933,"-22.9051","-43.1931"
183,183-LARANJEIRAS X CENTRAL (VIA TUNEL SANTA BARBARA),Fetranspor,308,17537933,"-22.905","-43.1931"
183,183-LARANJEIRAS X CENTRAL (VIA TUNEL SANTA BARBARA),Fetranspor,0,17541124,"-22.9049","-43.1917"
183,183-LARANJEIRAS X CENTRAL (VIA TUNEL SANTA BARBARA),Fetranspor,1,17541124,"-22.9048","-43.1919"
183,183-LARANJEIRAS X CENTRAL (VIA TUNEL SANTA BARBARA),Fetranspor,2,17541124,"-22.9048","-43.1919"
183,183-LARANJEIRAS X CENTRAL (VIA TUNEL SANTA BARBARA),Fetranspor,3,17541124,"-22.9051","-43.1928"
183,183-LARANJEIRAS X CENTRAL (VIA TUNEL SANTA BARBARA),Fetranspor,4,17541124,"-22.9051","-43.193"
183,183-LARANJEIRAS X CENTRAL (VIA TUNEL SANTA BARBARA),Fetranspor,5,17541124,"-22.9051","-43.193"
183,183-LARANJEIRAS X CENTRAL (VIA TUNEL SANTA BARBARA),Fetranspor,6,17541124,"-22.9051","-43.1931"
183,183-LARANJEIRAS X CENTRAL (VIA TUNEL SANTA BARBARA),Fetranspor,7,17541124,"-22.905","-43.1931"
183,183-LARANJEIRAS X CENTRAL (VIA TUNEL SANTA BARBARA),Fetranspor,8,17541124,"-22.905","-43.1931"
183,183-LARANJEIRAS X CENTRAL (VIA TUNEL SANTA BARBARA),Fetranspor,9,17541124,"-22.9049","-43.1931"
183,183-LARANJEIRAS X CENTRAL (VIA TUNEL SANTA BARBARA),Fetranspor,10,17541124,"-22.9049","-43.1931"
183,183-LARANJEIRAS X CENTRAL (VIA TUNEL SANTA BARBARA),Fetranspor,11,17541124,"-22.9048","-43.1931"
183,183-LARANJEIRAS X CENTRAL (VIA TUNEL SANTA BARBARA),Fetranspor,12,17541124,"-22.9047","-43.193"
183,183-LARANJEIRAS X CENTRAL (VIA TUNEL SANTA BARBARA),Fetranspor,13,17541124,"-22.9046","-43.1926"
183,183-LARANJEIRAS X CENTRAL (VIA TUNEL SANTA BARBARA),Fetranspor,14,17541124,"-22.9044","-43.1915"
183,183-LARANJEIRAS X CENTRAL (VIA TUNEL SANTA BARBARA),Fetranspor,15,17541124,"-22.9044","-43.1915"
183,183-LARANJEIRAS X CENTRAL (VIA TUNEL SANTA BARBARA),Fetranspor,16,17541124,"-22.904","-43.1905"
183,183-LARANJEIRAS X CENTRAL (VIA TUNEL SANTA BARBARA),Fetranspor,17,17541124,"-22.904","-43.1905"
183,183-LARANJEIRAS X CENTRAL (VIA TUNEL SANTA BARBARA),Fetranspor,18,17541124,"-22.9037","-43.1896"
183,183-LARANJEIRAS X CENTRAL (VIA TUNEL SANTA BARBARA),Fetranspor,19,17541124,"-22.9035","-43.1891"
183,183-LARANJEIRAS X CENTRAL (VIA TUNEL SANTA BARBARA),Fetranspor,20,17541124,"-22.9034","-43.1886"
183,183-LARANJEIRAS X CENTRAL (VIA TUNEL SANTA BARBARA),Fetranspor,21,17541124,"-22.9034","-43.1886"
183,183-LARANJEIRAS X CENTRAL (VIA TUNEL SANTA BARBARA),Fetranspor,22,17541124,"-22.9038","-43.1885"
183,183-LARANJEIRAS X CENTRAL (VIA TUNEL SANTA BARBARA),Fetranspor,23,17541124,"-22.904","-43.1884"
183,183-LARANJEIRAS X CENTRAL (VIA TUNEL SANTA BARBARA),Fetranspor,24,17541124,"-22.904","-43.1884"
183,183-LARANJEIRAS X CENTRAL (VIA TUNEL SANTA BARBARA),Fetranspor,25,17541124,"-22.9043","-43.1894"
183,183-LARANJEIRAS X CENTRAL (VIA TUNEL SANTA BARBARA),Fetranspor,26,17541124,"-22.9045","-43.1901"
183,183-LARANJEIRAS X CENTRAL (VIA TUNEL SANTA BARBARA),Fetranspor,27,17541124,"-22.9045","-43.1901"
183,183-LARANJEIRAS X CENTRAL (VIA TUNEL SANTA BARBARA),Fetranspor,28,17541124,"-22.9047","-43.1906"
183,183-LARANJEIRAS X CENTRAL (VIA TUNEL SANTA BARBARA),Fetranspor,29,17541124,"-22.9047","-43.1906"
183,183-LARANJEIRAS X CENTRAL (VIA TUNEL SANTA BARBARA),Fetranspor,30,17541124,"-22.9047","-43.1908"
183,183-LARANJEIRAS X CENTRAL (VIA TUNEL SANTA BARBARA),Fetranspor,31,17541124,"-22.9049","-43.1912"
183,183-LARANJEIRAS X CENTRAL (VIA TUNEL SANTA BARBARA),Fetranspor,32,17541124,"-22.9049","-43.1912"
183,183-LARANJEIRAS X CENTRAL (VIA TUNEL SANTA BARBARA),Fetranspor,33,17541124,"-22.905","-43.1914"
183,183-LARANJEIRAS X CENTRAL (VIA TUNEL SANTA BARBARA),Fetranspor,34,17541124,"-22.905","-43.1914"
183,183-LARANJEIRAS X CENTRAL (VIA TUNEL SANTA BARBARA),Fetranspor,35,17541124,"-22.9054","-43.1926"
183,183-LARANJEIRAS X CENTRAL (VIA TUNEL SANTA BARBARA),Fetranspor,36,17541124,"-22.9055","-43.193"
183,183-LARANJEIRAS X CENTRAL (VIA TUNEL SANTA BARBARA),Fetranspor,37,17541124,"-22.9055","-43.193"
183,183-LARANJEIRAS X CENTRAL (VIA TUNEL SANTA BARBARA),Fetranspor,38,17541124,"-22.906","-43.1948"
183,183-LARANJEIRAS X CENTRAL (VIA TUNEL SANTA BARBARA),Fetranspor,39,17541124,"-22.906","-43.1948"
183,183-LARANJEIRAS X CENTRAL (VIA TUNEL SANTA BARBARA),Fetranspor,40,17541124,"-22.9063","-43.1957"
183,183-LARANJEIRAS X CENTRAL (VIA TUNEL SANTA BARBARA),Fetranspor,41,17541124,"-22.9063","-43.1957"
183,183-LARANJEIRAS X CENTRAL (VIA TUNEL SANTA BARBARA),Fetranspor,42,17541124,"-22.9062","-43.1958"
183,183-LARANJEIRAS X CENTRAL (VIA TUNEL SANTA BARBARA),Fetranspor,43,17541124,"-22.9062","-43.1958"
183,183-LARANJEIRAS X CENTRAL (VIA TUNEL SANTA BARBARA),Fetranspor,44,17541124,"-22.9062","-43.1958"
183,183-LARANJEIRAS X CENTRAL (VIA TUNEL SANTA BARBARA),Fetranspor,45,17541124,"-22.9057","-43.1965"
183,183-LARANJEIRAS X CENTRAL (VIA TUNEL SANTA BARBARA),Fetranspor,46,17541124,"-22.9056","-43.1966"
183,183-LARANJEIRAS X CENTRAL (VIA TUNEL SANTA BARBARA),Fetranspor,47,17541124,"-22.9056","-43.1967"
183,183-LARANJEIRAS X CENTRAL (VIA TUNEL SANTA BARBARA),Fetranspor,48,17541124,"-22.9055","-43.1969"
183,183-LARANJEIRAS X CENTRAL (VIA TUNEL SANTA BARBARA),Fetranspor,49,17541124,"-22.9055","-43.197"
183,183-LARANJEIRAS X CENTRAL (VIA TUNEL SANTA BARBARA),Fetranspor,50,17541124,"-22.9055","-43.1971"
183,183-LARANJEIRAS X CENTRAL (VIA TUNEL SANTA BARBARA),Fetranspor,51,17541124,"-22.9056","-43.1972"
183,183-LARANJEIRAS X CENTRAL (VIA TUNEL SANTA BARBARA),Fetranspor,52,17541124,"-22.9058","-43.1979"
183,183-LARANJEIRAS X CENTRAL (VIA TUNEL SANTA BARBARA),Fetranspor,53,17541124,"-22.9058","-43.1979"
183,183-LARANJEIRAS X CENTRAL (VIA TUNEL SANTA BARBARA),Fetranspor,54,17541124,"-22.9059","-43.198"
183,183-LARANJEIRAS X CENTRAL (VIA TUNEL SANTA BARBARA),Fetranspor,55,17541124,"-22.9059","-43.198"
183,183-LARANJEIRAS X CENTRAL (VIA TUNEL SANTA BARBARA),Fetranspor,56,17541124,"-22.906","-43.1981"
183,183-LARANJEIRAS X CENTRAL (VIA TUNEL SANTA BARBARA),Fetranspor,57,17541124,"-22.9061","-43.1981"
183,183-LARANJEIRAS X CENTRAL (VIA TUNEL SANTA BARBARA),Fetranspor,58,17541124,"-22.9062","-43.1981"
183,183-LARANJEIRAS X CENTRAL (VIA TUNEL SANTA BARBARA),Fetranspor,59,17541124,"-22.9063","-43.1981"
183,183-LARANJEIRAS X CENTRAL (VIA TUNEL SANTA BARBARA),Fetranspor,60,17541124,"-22.9063","-43.1981"
183,183-LARANJEIRAS X CENTRAL (VIA TUNEL SANTA BARBARA),Fetranspor,61,17541124,"-22.9067","-43.1982"
183,183-LARANJEIRAS X CENTRAL (VIA TUNEL SANTA BARBARA),Fetranspor,62,17541124,"-22.9068","-43.1983"
183,183-LARANJEIRAS X CENTRAL (VIA TUNEL SANTA BARBARA),Fetranspor,63,17541124,"-22.9069","-43.1983"
183,183-LARANJEIRAS X CENTRAL (VIA TUNEL SANTA BARBARA),Fetranspor,64,17541124,"-22.9069","-43.1983"
183,183-LARANJEIRAS X CENTRAL (VIA TUNEL SANTA BARBARA),Fetranspor,65,17541124,"-22.907","-43.1984"
183,183-LARANJEIRAS X CENTRAL (VIA TUNEL SANTA BARBARA),Fetranspor,66,17541124,"-22.907","-43.1984"
183,183-LARANJEIRAS X CENTRAL (VIA TUNEL SANTA BARBARA),Fetranspor,67,17541124,"-22.9071","-43.1986"
183,183-LARANJEIRAS X CENTRAL (VIA TUNEL SANTA BARBARA),Fetranspor,68,17541124,"-22.9071","-43.1987"
183,183-LARANJEIRAS X CENTRAL (VIA TUNEL SANTA BARBARA),Fetranspor,69,17541124,"-22.9071","-43.1988"
183,183-LARANJEIRAS X CENTRAL (VIA TUNEL SANTA BARBARA),Fetranspor,70,17541124,"-22.907","-43.1989"
183,183-LARANJEIRAS X CENTRAL (VIA TUNEL SANTA BARBARA),Fetranspor,71,17541124,"-22.907","-43.199"
183,183-LARANJEIRAS X CENTRAL (VIA TUNEL SANTA BARBARA),Fetranspor,72,17541124,"-22.9069","-43.199"
183,183-LARANJEIRAS X CENTRAL (VIA TUNEL SANTA BARBARA),Fetranspor,73,17541124,"-22.9068","-43.1991"
183,183-LARANJEIRAS X CENTRAL (VIA TUNEL SANTA BARBARA),Fetranspor,74,17541124,"-22.9068","-43.1991"
183,183-LARANJEIRAS X CENTRAL (VIA TUNEL SANTA BARBARA),Fetranspor,75,17541124,"-22.9067","-43.1991"
183,183-LARANJEIRAS X CENTRAL (VIA TUNEL SANTA BARBARA),Fetranspor,76,17541124,"-22.9066","-43.1991"
183,183-LARANJEIRAS X CENTRAL (VIA TUNEL SANTA BARBARA),Fetranspor,77,17541124,"-22.9065","-43.1991"
183,183-LARANJEIRAS X CENTRAL (VIA TUNEL SANTA BARBARA),Fetranspor,78,17541124,"-22.9065","-43.1991"
183,183-LARANJEIRAS X CENTRAL (VIA TUNEL SANTA BARBARA),Fetranspor,79,17541124,"-22.9064","-43.199"
183,183-LARANJEIRAS X CENTRAL (VIA TUNEL SANTA BARBARA),Fetranspor,80,17541124,"-22.9063","-43.199"
183,183-LARANJEIRAS X CENTRAL (VIA TUNEL SANTA BARBARA),Fetranspor,81,17541124,"-22.9063","-43.1989"
183,183-LARANJEIRAS X CENTRAL (VIA TUNEL SANTA BARBARA),Fetranspor,82,17541124,"-22.9062","-43.1988"
183,183-LARANJEIRAS X CENTRAL (VIA TUNEL SANTA BARBARA),Fetranspor,83,17541124,"-22.9062","-43.1986"
183,183-LARANJEIRAS X CENTRAL (VIA TUNEL SANTA BARBARA),Fetranspor,84,17541124,"-22.9062","-43.1985"
183,183-LARANJEIRAS X CENTRAL (VIA TUNEL SANTA BARBARA),Fetranspor,85,17541124,"-22.9062","-43.1983"
183,183-LARANJEIRAS X CENTRAL (VIA TUNEL SANTA BARBARA),Fetranspor,86,17541124,"-22.9062","-43.1982"
183,183-LARANJEIRAS X CENTRAL (VIA TUNEL SANTA BARBARA),Fetranspor,87,17541124,"-22.9062","-43.1981"
183,183-LARANJEIRAS X CENTRAL (VIA TUNEL SANTA BARBARA),Fetranspor,88,17541124,"-22.9063","-43.198"
183,183-LARANJEIRAS X CENTRAL (VIA TUNEL SANTA BARBARA),Fetranspor,89,17541124,"-22.9063","-43.198"
183,183-LARANJEIRAS X CENTRAL (VIA TUNEL SANTA BARBARA),Fetranspor,90,17541124,"-22.9065","-43.1978"
183,183-LARANJEIRAS X CENTRAL (VIA TUNEL SANTA BARBARA),Fetranspor,91,17541124,"-22.9065","-43.1978"
183,183-LARANJEIRAS X CENTRAL (VIA TUNEL SANTA BARBARA),Fetranspor,92,17541124,"-22.9069","-43.1977"
183,183-LARANJEIRAS X CENTRAL (VIA TUNEL SANTA BARBARA),Fetranspor,93,17541124,"-22.9069","-43.1976"
183,183-LARANJEIRAS X CENTRAL (VIA TUNEL SANTA BARBARA),Fetranspor,94,17541124,"-22.907","-43.1976"
183,183-LARANJEIRAS X CENTRAL (VIA TUNEL SANTA BARBARA),Fetranspor,95,17541124,"-22.9073","-43.1975"
183,183-LARANJEIRAS X CENTRAL (VIA TUNEL SANTA BARBARA),Fetranspor,96,17541124,"-22.9075","-43.1974"
183,183-LARANJEIRAS X CENTRAL (VIA TUNEL SANTA BARBARA),Fetranspor,97,17541124,"-22.9083","-43.1971"
183,183-LARANJEIRAS X CENTRAL (VIA TUNEL SANTA BARBARA),Fetranspor,98,17541124,"-22.9084","-43.1971"
183,183-LARANJEIRAS X CENTRAL (VIA TUNEL SANTA BARBARA),Fetranspor,99,17541124,"-22.9097","-43.1966"
183,183-LARANJEIRAS X CENTRAL (VIA TUNEL SANTA BARBARA),Fetranspor,100,17541124,"-22.9097","-43.1966"
183,183-LARANJEIRAS X CENTRAL (VIA TUNEL SANTA BARBARA),Fetranspor,101,17541124,"-22.9105","-43.1963"
183,183-LARANJEIRAS X CENTRAL (VIA TUNEL SANTA BARBARA),Fetranspor,102,17541124,"-22.9105","-43.1963"
183,183-LARANJEIRAS X CENTRAL (VIA TUNEL SANTA BARBARA),Fetranspor,103,17541124,"-22.9108","-43.1962"
183,183-LARANJEIRAS X CENTRAL (VIA TUNEL SANTA BARBARA),Fetranspor,104,17541124,"-22.9115","-43.1959"
183,183-LARANJEIRAS X CENTRAL (VIA TUNEL SANTA BARBARA),Fetranspor,105,17541124,"-22.9116","-43.1959"
183,183-LARANJEIRAS X CENTRAL (VIA TUNEL SANTA BARBARA),Fetranspor,106,17541124,"-22.9117","-43.1958"
183,183-LARANJEIRAS X CENTRAL (VIA TUNEL SANTA BARBARA),Fetranspor,107,17541124,"-22.9123","-43.1956"
183,183-LARANJEIRAS X CENTRAL (VIA TUNEL SANTA BARBARA),Fetranspor,108,17541124,"-22.9127","-43.1954"
183,183-LARANJEIRAS X CENTRAL (VIA TUNEL SANTA BARBARA),Fetranspor,109,17541124,"-22.9139","-43.195"
183,183-LARANJEIRAS X CENTRAL (VIA TUNEL SANTA BARBARA),Fetranspor,110,17541124,"-22.914","-43.195"
183,183-LARANJEIRAS X CENTRAL (VIA TUNEL SANTA BARBARA),Fetranspor,111,17541124,"-22.9147","-43.1947"
183,183-LARANJEIRAS X CENTRAL (VIA TUNEL SANTA BARBARA),Fetranspor,112,17541124,"-22.915","-43.1946"
183,183-LARANJEIRAS X CENTRAL (VIA TUNEL SANTA BARBARA),Fetranspor,113,17541124,"-22.9156","-43.1943"
183,183-LARANJEIRAS X CENTRAL (VIA TUNEL SANTA BARBARA),Fetranspor,114,17541124,"-22.9158","-43.1943"
183,183-LARANJEIRAS X CENTRAL (VIA TUNEL SANTA BARBARA),Fetranspor,115,17541124,"-22.9158","-43.1943"
183,183-LARANJEIRAS X CENTRAL (VIA TUNEL SANTA BARBARA),Fetranspor,116,17541124,"-22.916","-43.1942"
183,183-LARANJEIRAS X CENTRAL (VIA TUNEL SANTA BARBARA),Fetranspor,117,17541124,"-22.9161","-43.1942"
183,183-LARANJEIRAS X CENTRAL (VIA TUNEL SANTA BARBARA),Fetranspor,118,17541124,"-22.9164","-43.1942"
183,183-LARANJEIRAS X CENTRAL (VIA TUNEL SANTA BARBARA),Fetranspor,119,17541124,"-22.9167","-43.1942"
183,183-LARANJEIRAS X CENTRAL (VIA TUNEL SANTA BARBARA),Fetranspor,120,17541124,"-22.9172","-43.1943"
183,183-LARANJEIRAS X CENTRAL (VIA TUNEL SANTA BARBARA),Fetranspor,121,17541124,"-22.9177","-43.1944"
183,183-LARANJEIRAS X CENTRAL (VIA TUNEL SANTA BARBARA),Fetranspor,122,17541124,"-22.9184","-43.1946"
183,183-LARANJEIRAS X CENTRAL (VIA TUNEL SANTA BARBARA),Fetranspor,123,17541124,"-22.9188","-43.1946"
183,183-LARANJEIRAS X CENTRAL (VIA TUNEL SANTA BARBARA),Fetranspor,124,17541124,"-22.9188","-43.1946"
183,183-LARANJEIRAS X CENTRAL (VIA TUNEL SANTA BARBARA),Fetranspor,125,17541124,"-22.919","-43.1945"
183,183-LARANJEIRAS X CENTRAL (VIA TUNEL SANTA BARBARA),Fetranspor,126,17541124,"-22.9194","-43.1945"
183,183-LARANJEIRAS X CENTRAL (VIA TUNEL SANTA BARBARA),Fetranspor,127,17541124,"-22.9196","-43.1944"
183,183-LARANJEIRAS X CENTRAL (VIA TUNEL SANTA BARBARA),Fetranspor,128,17541124,"-22.9199","-43.1943"
183,183-LARANJEIRAS X CENTRAL (VIA TUNEL SANTA BARBARA),Fetranspor,129,17541124,"-22.9199","-43.1943"
183,183-LARANJEIRAS X CENTRAL (VIA TUNEL SANTA BARBARA),Fetranspor,130,17541124,"-22.92","-43.1942"
183,183-LARANJEIRAS X CENTRAL (VIA TUNEL SANTA BARBARA),Fetranspor,131,17541124,"-22.9203","-43.194"
183,183-LARANJEIRAS X CENTRAL (VIA TUNEL SANTA BARBARA),Fetranspor,132,17541124,"-22.9205","-43.1939"
183,183-LARANJEIRAS X CENTRAL (VIA TUNEL SANTA BARBARA),Fetranspor,133,17541124,"-22.9205","-43.1939"
183,183-LARANJEIRAS X CENTRAL (VIA TUNEL SANTA BARBARA),Fetranspor,134,17541124,"-22.9205","-43.1939"
183,183-LARANJEIRAS X CENTRAL (VIA TUNEL SANTA BARBARA),Fetranspor,135,17541124,"-22.9207","-43.1938"
183,183-LARANJEIRAS X CENTRAL (VIA TUNEL SANTA BARBARA),Fetranspor,136,17541124,"-22.9209","-43.1936"
183,183-LARANJEIRAS X CENTRAL (VIA TUNEL SANTA BARBARA),Fetranspor,137,17541124,"-22.9211","-43.1934"
183,183-LARANJEIRAS X CENTRAL (VIA TUNEL SANTA BARBARA),Fetranspor,138,17541124,"-22.9214","-43.1933"
183,183-LARANJEIRAS X CENTRAL (VIA TUNEL SANTA BARBARA),Fetranspor,139,17541124,"-22.9216","-43.1932"
183,183-LARANJEIRAS X CENTRAL (VIA TUNEL SANTA BARBARA),Fetranspor,140,17541124,"-22.9221","-43.1929"
183,183-LARANJEIRAS X CENTRAL (VIA TUNEL SANTA BARBARA),Fetranspor,141,17541124,"-22.9232","-43.1919"
183,183-LARANJEIRAS X CENTRAL (VIA TUNEL SANTA BARBARA),Fetranspor,142,17541124,"-22.9237","-43.1915"
183,183-LARANJEIRAS X CENTRAL (VIA TUNEL SANTA BARBARA),Fetranspor,143,17541124,"-22.9243","-43.1911"
183,183-LARANJEIRAS X CENTRAL (VIA TUNEL SANTA BARBARA),Fetranspor,144,17541124,"-22.9248","-43.1907"
183,183-LARANJEIRAS X CENTRAL (VIA TUNEL SANTA BARBARA),Fetranspor,145,17541124,"-22.9254","-43.1902"
183,183-LARANJEIRAS X CENTRAL (VIA TUNEL SANTA BARBARA),Fetranspor,146,17541124,"-22.9256","-43.1901"
183,183-LARANJEIRAS X CENTRAL (VIA TUNEL SANTA BARBARA),Fetranspor,147,17541124,"-22.9297","-43.1869"
183,183-LARANJEIRAS X CENTRAL (VIA TUNEL SANTA BARBARA),Fetranspor,148,17541124,"-22.9306","-43.1863"
183,183-LARANJEIRAS X CENTRAL (VIA TUNEL SANTA BARBARA),Fetranspor,149,17541124,"-22.9306","-43.1863"
183,183-LARANJEIRAS X CENTRAL (VIA TUNEL SANTA BARBARA),Fetranspor,150,17541124,"-22.9308","-43.1861"
183,183-LARANJEIRAS X CENTRAL (VIA TUNEL SANTA BARBARA),Fetranspor,151,17541124,"-22.9309","-43.186"
183,183-LARANJEIRAS X CENTRAL (VIA TUNEL SANTA BARBARA),Fetranspor,152,17541124,"-22.9313","-43.1857"
183,183-LARANJEIRAS X CENTRAL (VIA TUNEL SANTA BARBARA),Fetranspor,153,17541124,"-22.9313","-43.1857"
183,183-LARANJEIRAS X CENTRAL (VIA TUNEL SANTA BARBARA),Fetranspor,154,17541124,"-22.9316","-43.1856"
183,183-LARANJEIRAS X CENTRAL (VIA TUNEL SANTA BARBARA),Fetranspor,155,17541124,"-22.9327","-43.1851"
183,183-LARANJEIRAS X CENTRAL (VIA TUNEL SANTA BARBARA),Fetranspor,156,17541124,"-22.9327","-43.1851"
183,183-LARANJEIRAS X CENTRAL (VIA TUNEL SANTA BARBARA),Fetranspor,157,17541124,"-22.933","-43.1849"
183,183-LARANJEIRAS X CENTRAL (VIA TUNEL SANTA BARBARA),Fetranspor,158,17541124,"-22.933","-43.1849"
183,183-LARANJEIRAS X CENTRAL (VIA TUNEL SANTA BARBARA),Fetranspor,159,17541124,"-22.9331","-43.1849"
183,183-LARANJEIRAS X CENTRAL (VIA TUNEL SANTA BARBARA),Fetranspor,160,17541124,"-22.9332","-43.185"
183,183-LARANJEIRAS X CENTRAL (VIA TUNEL SANTA BARBARA),Fetranspor,161,17541124,"-22.9332","-43.185"
183,183-LARANJEIRAS X CENTRAL (VIA TUNEL SANTA BARBARA),Fetranspor,162,17541124,"-22.9332","-43.1852"
183,183-LARANJEIRAS X CENTRAL (VIA TUNEL SANTA BARBARA),Fetranspor,163,17541124,"-22.9333","-43.1853"
183,183-LARANJEIRAS X CENTRAL (VIA TUNEL SANTA BARBARA),Fetranspor,164,17541124,"-22.9333","-43.1853"
183,183-LARANJEIRAS X CENTRAL (VIA TUNEL SANTA BARBARA),Fetranspor,165,17541124,"-22.9334","-43.1855"
183,183-LARANJEIRAS X CENTRAL (VIA TUNEL SANTA BARBARA),Fetranspor,166,17541124,"-22.9334","-43.1856"
183,183-LARANJEIRAS X CENTRAL (VIA TUNEL SANTA BARBARA),Fetranspor,167,17541124,"-22.9334","-43.1856"
183,183-LARANJEIRAS X CENTRAL (VIA TUNEL SANTA BARBARA),Fetranspor,168,17541124,"-22.9334","-43.1857"
183,183-LARANJEIRAS X CENTRAL (VIA TUNEL SANTA BARBARA),Fetranspor,169,17541124,"-22.9335","-43.1859"
183,183-LARANJEIRAS X CENTRAL (VIA TUNEL SANTA BARBARA),Fetranspor,170,17541124,"-22.9336","-43.1861"
183,183-LARANJEIRAS X CENTRAL (VIA TUNEL SANTA BARBARA),Fetranspor,171,17541124,"-22.9338","-43.1864"
183,183-LARANJEIRAS X CENTRAL (VIA TUNEL SANTA BARBARA),Fetranspor,172,17541124,"-22.9338","-43.1864"
183,183-LARANJEIRAS X CENTRAL (VIA TUNEL SANTA BARBARA),Fetranspor,173,17541124,"-22.9341","-43.187"
183,183-LARANJEIRAS X CENTRAL (VIA TUNEL SANTA BARBARA),Fetranspor,174,17541124,"-22.9341","-43.187"
183,183-LARANJEIRAS X CENTRAL (VIA TUNEL SANTA BARBARA),Fetranspor,175,17541124,"-22.9345","-43.1875"
183,183-LARANJEIRAS X CENTRAL (VIA TUNEL SANTA BARBARA),Fetranspor,176,17541124,"-22.9345","-43.1875"
183,183-LARANJEIRAS X CENTRAL (VIA TUNEL SANTA BARBARA),Fetranspor,177,17541124,"-22.9349","-43.1883"
183,183-LARANJEIRAS X CENTRAL (VIA TUNEL SANTA BARBARA),Fetranspor,178,17541124,"-22.9351","-43.1886"
183,183-LARANJEIRAS X CENTRAL (VIA TUNEL SANTA BARBARA),Fetranspor,179,17541124,"-22.9352","-43.1887"
183,183-LARANJEIRAS X CENTRAL (VIA TUNEL SANTA BARBARA),Fetranspor,180,17541124,"-22.9352","-43.1887"
183,183-LARANJEIRAS X CENTRAL (VIA TUNEL SANTA BARBARA),Fetranspor,181,17541124,"-22.9352","-43.1887"
183,183-LARANJEIRAS X CENTRAL (VIA TUNEL SANTA BARBARA),Fetranspor,182,17541124,"-22.9352","-43.1889"
183,183-LARANJEIRAS X CENTRAL (VIA TUNEL SANTA BARBARA),Fetranspor,183,17541124,"-22.9352","-43.1889"
183,183-LARANJEIRAS X CENTRAL (VIA TUNEL SANTA BARBARA),Fetranspor,184,17541124,"-22.9353","-43.189"
183,183-LARANJEIRAS X CENTRAL (VIA TUNEL SANTA BARBARA),Fetranspor,185,17541124,"-22.9354","-43.1893"
183,183-LARANJEIRAS X CENTRAL (VIA TUNEL SANTA BARBARA),Fetranspor,186,17541124,"-22.9355","-43.1894"
183,183-LARANJEIRAS X CENTRAL (VIA TUNEL SANTA BARBARA),Fetranspor,187,17541124,"-22.9356","-43.1895"
183,183-LARANJEIRAS X CENTRAL (VIA TUNEL SANTA BARBARA),Fetranspor,188,17541124,"-22.9357","-43.1896"
183,183-LARANJEIRAS X CENTRAL (VIA TUNEL SANTA BARBARA),Fetranspor,189,17541124,"-22.9363","-43.19"
183,183-LARANJEIRAS X CENTRAL (VIA TUNEL SANTA BARBARA),Fetranspor,190,17541124,"-22.9363","-43.1901"
183,183-LARANJEIRAS X CENTRAL (VIA TUNEL SANTA BARBARA),Fetranspor,191,17541124,"-22.9363","-43.1901"
183,183-LARANJEIRAS X CENTRAL (VIA TUNEL SANTA BARBARA),Fetranspor,192,17541124,"-22.9364","-43.1901"
183,183-LARANJEIRAS X CENTRAL (VIA TUNEL SANTA BARBARA),Fetranspor,193,17541124,"-22.9364","-43.1901"
183,183-LARANJEIRAS X CENTRAL (VIA TUNEL SANTA BARBARA),Fetranspor,194,17541124,"-22.9365","-43.1902"
183,183-LARANJEIRAS X CENTRAL (VIA TUNEL SANTA BARBARA),Fetranspor,195,17541124,"-22.9366","-43.1902"
183,183-LARANJEIRAS X CENTRAL (VIA TUNEL SANTA BARBARA),Fetranspor,196,17541124,"-22.9366","-43.1902"
183,183-LARANJEIRAS X CENTRAL (VIA TUNEL SANTA BARBARA),Fetranspor,197,17541124,"-22.9377","-43.1904"
183,183-LARANJEIRAS X CENTRAL (VIA TUNEL SANTA BARBARA),Fetranspor,198,17541124,"-22.9378","-43.1905"
183,183-LARANJEIRAS X CENTRAL (VIA TUNEL SANTA BARBARA),Fetranspor,199,17541124,"-22.9378","-43.1905"
183,183-LARANJEIRAS X CENTRAL (VIA TUNEL SANTA BARBARA),Fetranspor,200,17541124,"-22.9379","-43.1905"
183,183-LARANJEIRAS X CENTRAL (VIA TUNEL SANTA BARBARA),Fetranspor,201,17541124,"-22.938","-43.1906"
183,183-LARANJEIRAS X CENTRAL (VIA TUNEL SANTA BARBARA),Fetranspor,202,17541124,"-22.9381","-43.1907"
183,183-LARANJEIRAS X CENTRAL (VIA TUNEL SANTA BARBARA),Fetranspor,203,17541124,"-22.9382","-43.1908"
183,183-LARANJEIRAS X CENTRAL (VIA TUNEL SANTA BARBARA),Fetranspor,204,17541124,"-22.9382","-43.1909"
183,183-LARANJEIRAS X CENTRAL (VIA TUNEL SANTA BARBARA),Fetranspor,205,17541124,"-22.9382","-43.1909"
183,183-LARANJEIRAS X CENTRAL (VIA TUNEL SANTA BARBARA),Fetranspor,206,17541124,"-22.9383","-43.191"
183,183-LARANJEIRAS X CENTRAL (VIA TUNEL SANTA BARBARA),Fetranspor,207,17541124,"-22.9383","-43.191"
183,183-LARANJEIRAS X CENTRAL (VIA TUNEL SANTA BARBARA),Fetranspor,208,17541124,"-22.9383","-43.191"
183,183-LARANJEIRAS X CENTRAL (VIA TUNEL SANTA BARBARA),Fetranspor,209,17541124,"-22.9383","-43.1911"
183,183-LARANJEIRAS X CENTRAL (VIA TUNEL SANTA BARBARA),Fetranspor,210,17541124,"-22.9383","-43.1913"
183,183-LARANJEIRAS X CENTRAL (VIA TUNEL SANTA BARBARA),Fetranspor,211,17541124,"-22.9384","-43.1916"
183,183-LARANJEIRAS X CENTRAL (VIA TUNEL SANTA BARBARA),Fetranspor,212,17541124,"-22.9384","-43.1916"
183,183-LARANJEIRAS X CENTRAL (VIA TUNEL SANTA BARBARA),Fetranspor,213,17541124,"-22.9388","-43.1916"
183,183-LARANJEIRAS X CENTRAL (VIA TUNEL SANTA BARBARA),Fetranspor,214,17541124,"-22.9404","-43.1916"
183,183-LARANJEIRAS X CENTRAL (VIA TUNEL SANTA BARBARA),Fetranspor,215,17541124,"-22.9404","-43.1916"
183,183-LARANJEIRAS X CENTRAL (VIA TUNEL SANTA BARBARA),Fetranspor,216,17541124,"-22.9404","-43.1917"
183,183-LARANJEIRAS X CENTRAL (VIA TUNEL SANTA BARBARA),Fetranspor,217,17541124,"-22.9404","-43.1917"
183,183-LARANJEIRAS X CENTRAL (VIA TUNEL SANTA BARBARA),Fetranspor,218,17541124,"-22.9404","-43.1917"
183,183-LARANJEIRAS X CENTRAL (VIA TUNEL SANTA BARBARA),Fetranspor,219,17541124,"-22.9405","-43.1917"
183,183-LARANJEIRAS X CENTRAL (VIA TUNEL SANTA BARBARA),Fetranspor,220,17541124,"-22.9406","-43.1917"
183,183-LARANJEIRAS X CENTRAL (VIA TUNEL SANTA BARBARA),Fetranspor,221,17541124,"-22.9408","-43.1917"
183,183-LARANJEIRAS X CENTRAL (VIA TUNEL SANTA BARBARA),Fetranspor,222,17541124,"-22.9408","-43.1917"
183,183-LARANJEIRAS X CENTRAL (VIA TUNEL SANTA BARBARA),Fetranspor,223,17541124,"-22.9409","-43.1917"
183,183-LARANJEIRAS X CENTRAL (VIA TUNEL SANTA BARBARA),Fetranspor,224,17541124,"-22.9409","-43.1917"
183,183-LARANJEIRAS X CENTRAL (VIA TUNEL SANTA BARBARA),Fetranspor,225,17541124,"-22.9409","-43.1918"
183,183-LARANJEIRAS X CENTRAL (VIA TUNEL SANTA BARBARA),Fetranspor,226,17541124,"-22.9409","-43.1919"
183,183-LARANJEIRAS X CENTRAL (VIA TUNEL SANTA BARBARA),Fetranspor,227,17541124,"-22.9409","-43.192"
183,183-LARANJEIRAS X CENTRAL (VIA TUNEL SANTA BARBARA),Fetranspor,228,17541124,"-22.941","-43.1921"
183,183-LARANJEIRAS X CENTRAL (VIA TUNEL SANTA BARBARA),Fetranspor,229,17541124,"-22.9411","-43.1922"
183,183-LARANJEIRAS X CENTRAL (VIA TUNEL SANTA BARBARA),Fetranspor,230,17541124,"-22.9411","-43.1922"
183,183-LARANJEIRAS X CENTRAL (VIA TUNEL SANTA BARBARA),Fetranspor,231,17541124,"-22.9412","-43.1922"
183,183-LARANJEIRAS X CENTRAL (VIA TUNEL SANTA BARBARA),Fetranspor,232,17541124,"-22.9414","-43.1923"
183,183-LARANJEIRAS X CENTRAL (VIA TUNEL SANTA BARBARA),Fetranspor,233,17541124,"-22.9419","-43.1923"
183,183-LARANJEIRAS X CENTRAL (VIA TUNEL SANTA BARBARA),Fetranspor,234,17541124,"-22.9424","-43.1924"
183,183-LARANJEIRAS X CENTRAL (VIA TUNEL SANTA BARBARA),Fetranspor,235,17541124,"-22.9425","-43.1923"
183,183-LARANJEIRAS X CENTRAL (VIA TUNEL SANTA BARBARA),Fetranspor,236,17541124,"-22.9428","-43.1923"
183,183-LARANJEIRAS X CENTRAL (VIA TUNEL SANTA BARBARA),Fetranspor,237,17541124,"-22.9429","-43.1922"
183,183-LARANJEIRAS X CENTRAL (VIA TUNEL SANTA BARBARA),Fetranspor,238,17541124,"-22.9429","-43.1922"
183,183-LARANJEIRAS X CENTRAL (VIA TUNEL SANTA BARBARA),Fetranspor,239,17541124,"-22.943","-43.1921"
183,183-LARANJEIRAS X CENTRAL (VIA TUNEL SANTA BARBARA),Fetranspor,240,17541124,"-22.943","-43.192"
183,183-LARANJEIRAS X CENTRAL (VIA TUNEL SANTA BARBARA),Fetranspor,241,17541124,"-22.943","-43.1919"
183,183-LARANJEIRAS X CENTRAL (VIA TUNEL SANTA BARBARA),Fetranspor,242,17541124,"-22.943","-43.1919"
183,183-LARANJEIRAS X CENTRAL (VIA TUNEL SANTA BARBARA),Fetranspor,243,17541124,"-22.943","-43.1919"
183,183-LARANJEIRAS X CENTRAL (VIA TUNEL SANTA BARBARA),Fetranspor,244,17541124,"-22.943","-43.1917"
