linha,descricao,agencia,sequencia,shape_id,latitude,longitude
184,184-LARANJEIRAS X CENTRAL,Fetranspor,0,17391142,"-22.9049","-43.1917"
184,184-LARANJEIRAS X CENTRAL,Fetranspor,1,17391142,"-22.9048","-43.1919"
184,184-LARANJEIRAS X CENTRAL,Fetranspor,2,17391142,"-22.9048","-43.1919"
184,184-LARANJEIRAS X CENTRAL,Fetranspor,3,17391142,"-22.9051","-43.1928"
184,184-LARANJEIRAS X CENTRAL,Fetranspor,4,17391142,"-22.9051","-43.193"
184,184-LARANJEIRAS X CENTRAL,Fetranspor,5,17391142,"-22.9051","-43.193"
184,184-LARANJEIRAS X CENTRAL,Fetranspor,6,17391142,"-22.9051","-43.1931"
184,184-LARANJEIRAS X CENTRAL,Fetranspor,7,17391142,"-22.905","-43.1931"
184,184-LARANJEIRAS X CENTRAL,Fetranspor,8,17391142,"-22.905","-43.1931"
184,184-LARANJEIRAS X CENTRAL,Fetranspor,9,17391142,"-22.9049","-43.1931"
184,184-LARANJEIRAS X CENTRAL,Fetranspor,10,17391142,"-22.9049","-43.1931"
184,184-LARANJEIRAS X CENTRAL,Fetranspor,11,17391142,"-22.9048","-43.1931"
184,184-LARANJEIRAS X CENTRAL,Fetranspor,12,17391142,"-22.9047","-43.193"
184,184-LARANJEIRAS X CENTRAL,Fetranspor,13,17391142,"-22.9046","-43.1926"
184,184-LARANJEIRAS X CENTRAL,Fetranspor,14,17391142,"-22.9044","-43.1915"
184,184-LARANJEIRAS X CENTRAL,Fetranspor,15,17391142,"-22.9044","-43.1915"
184,184-LARANJEIRAS X CENTRAL,Fetranspor,16,17391142,"-22.904","-43.1905"
184,184-LARANJEIRAS X CENTRAL,Fetranspor,17,17391142,"-22.904","-43.1905"
184,184-LARANJEIRAS X CENTRAL,Fetranspor,18,17391142,"-22.9037","-43.1896"
184,184-LARANJEIRAS X CENTRAL,Fetranspor,19,17391142,"-22.9035","-43.1891"
184,184-LARANJEIRAS X CENTRAL,Fetranspor,20,17391142,"-22.9034","-43.1886"
184,184-LARANJEIRAS X CENTRAL,Fetranspor,21,17391142,"-22.9034","-43.1886"
184,184-LARANJEIRAS X CENTRAL,Fetranspor,22,17391142,"-22.9033","-43.1885"
184,184-LARANJEIRAS X CENTRAL,Fetranspor,23,17391142,"-22.9032","-43.188"
184,184-LARANJEIRAS X CENTRAL,Fetranspor,24,17391142,"-22.903","-43.1874"
184,184-LARANJEIRAS X CENTRAL,Fetranspor,25,17391142,"-22.903","-43.1874"
184,184-LARANJEIRAS X CENTRAL,Fetranspor,26,17391142,"-22.9025","-43.1861"
184,184-LARANJEIRAS X CENTRAL,Fetranspor,27,17391142,"-22.9025","-43.1861"
184,184-LARANJEIRAS X CENTRAL,Fetranspor,28,17391142,"-22.9022","-43.1853"
184,184-LARANJEIRAS X CENTRAL,Fetranspor,29,17391142,"-22.902","-43.1849"
184,184-LARANJEIRAS X CENTRAL,Fetranspor,30,17391142,"-22.9019","-43.1847"
184,184-LARANJEIRAS X CENTRAL,Fetranspor,31,17391142,"-22.9019","-43.1847"
184,184-LARANJEIRAS X CENTRAL,Fetranspor,32,17391142,"-22.9019","-43.1846"
184,184-LARANJEIRAS X CENTRAL,Fetranspor,33,17391142,"-22.9019","-43.1846"
184,184-LARANJEIRAS X CENTRAL,Fetranspor,34,17391142,"-22.902","-43.1845"
184,184-LARANJEIRAS X CENTRAL,Fetranspor,35,17391142,"-22.902","-43.1844"
184,184-LARANJEIRAS X CENTRAL,Fetranspor,36,17391142,"-22.9026","-43.1841"
184,184-LARANJEIRAS X CENTRAL,Fetranspor,37,17391142,"-22.9026","-43.1841"
184,184-LARANJEIRAS X CENTRAL,Fetranspor,38,17391142,"-22.9026","-43.184"
184,184-LARANJEIRAS X CENTRAL,Fetranspor,39,17391142,"-22.9027","-43.184"
184,184-LARANJEIRAS X CENTRAL,Fetranspor,40,17391142,"-22.9027","-43.184"
184,184-LARANJEIRAS X CENTRAL,Fetranspor,41,17391142,"-22.9029","-43.1839"
184,184-LARANJEIRAS X CENTRAL,Fetranspor,42,17391142,"-22.9029","-43.1839"
184,184-LARANJEIRAS X CENTRAL,Fetranspor,43,17391142,"-22.903","-43.1838"
184,184-LARANJEIRAS X CENTRAL,Fetranspor,44,17391142,"-22.903","-43.1838"
184,184-LARANJEIRAS X CENTRAL,Fetranspor,45,17391142,"-22.9036","-43.1836"
184,184-LARANJEIRAS X CENTRAL,Fetranspor,46,17391142,"-22.9036","-43.1836"
184,184-LARANJEIRAS X CENTRAL,Fetranspor,47,17391142,"-22.904","-43.1834"
184,184-LARANJEIRAS X CENTRAL,Fetranspor,48,17391142,"-22.904","-43.1834"
184,184-LARANJEIRAS X CENTRAL,Fetranspor,49,17391142,"-22.9045","-43.1832"
184,184-LARANJEIRAS X CENTRAL,Fetranspor,50,17391142,"-22.9045","-43.1832"
184,184-LARANJEIRAS X CENTRAL,Fetranspor,51,17391142,"-22.9048","-43.1831"
184,184-LARANJEIRAS X CENTRAL,Fetranspor,52,17391142,"-22.9048","-43.1831"
184,184-LARANJEIRAS X CENTRAL,Fetranspor,53,17391142,"-22.905","-43.183"
184,184-LARANJEIRAS X CENTRAL,Fetranspor,54,17391142,"-22.9053","-43.1829"
184,184-LARANJEIRAS X CENTRAL,Fetranspor,55,17391142,"-22.9053","-43.1829"
184,184-LARANJEIRAS X CENTRAL,Fetranspor,56,17391142,"-22.9057","-43.1827"
184,184-LARANJEIRAS X CENTRAL,Fetranspor,57,17391142,"-22.9057","-43.1827"
184,184-LARANJEIRAS X CENTRAL,Fetranspor,58,17391142,"-22.9058","-43.1826"
184,184-LARANJEIRAS X CENTRAL,Fetranspor,59,17391142,"-22.9064","-43.1824"
184,184-LARANJEIRAS X CENTRAL,Fetranspor,60,17391142,"-22.9064","-43.1824"
184,184-LARANJEIRAS X CENTRAL,Fetranspor,61,17391142,"-22.9064","-43.1823"
184,184-LARANJEIRAS X CENTRAL,Fetranspor,62,17391142,"-22.9064","-43.1822"
184,184-LARANJEIRAS X CENTRAL,Fetranspor,63,17391142,"-22.9065","-43.1822"
184,184-LARANJEIRAS X CENTRAL,Fetranspor,64,17391142,"-22.9065","-43.1821"
184,184-LARANJEIRAS X CENTRAL,Fetranspor,65,17391142,"-22.9066","-43.1821"
184,184-LARANJEIRAS X CENTRAL,Fetranspor,66,17391142,"-22.9069","-43.182"
184,184-LARANJEIRAS X CENTRAL,Fetranspor,67,17391142,"-22.907","-43.1819"
184,184-LARANJEIRAS X CENTRAL,Fetranspor,68,17391142,"-22.907","-43.1819"
184,184-LARANJEIRAS X CENTRAL,Fetranspor,69,17391142,"-22.9073","-43.1818"
184,184-LARANJEIRAS X CENTRAL,Fetranspor,70,17391142,"-22.9074","-43.1817"
184,184-LARANJEIRAS X CENTRAL,Fetranspor,71,17391142,"-22.9074","-43.1817"
184,184-LARANJEIRAS X CENTRAL,Fetranspor,72,17391142,"-22.9074","-43.1817"
184,184-LARANJEIRAS X CENTRAL,Fetranspor,73,17391142,"-22.9074","-43.1813"
184,184-LARANJEIRAS X CENTRAL,Fetranspor,74,17391142,"-22.9075","-43.1811"
184,184-LARANJEIRAS X CENTRAL,Fetranspor,75,17391142,"-22.9075","-43.1811"
184,184-LARANJEIRAS X CENTRAL,Fetranspor,76,17391142,"-22.9075","-43.1811"
184,184-LARANJEIRAS X CENTRAL,Fetranspor,77,17391142,"-22.9076","-43.181"
184,184-LARANJEIRAS X CENTRAL,Fetranspor,78,17391142,"-22.9076","-43.1809"
184,184-LARANJEIRAS X CENTRAL,Fetranspor,79,17391142,"-22.9077","-43.1809"
184,184-LARANJEIRAS X CENTRAL,Fetranspor,80,17391142,"-22.9078","-43.1808"
184,184-LARANJEIRAS X CENTRAL,Fetranspor,81,17391142,"-22.908","-43.1808"
184,184-LARANJEIRAS X CENTRAL,Fetranspor,82,17391142,"-22.9084","-43.1806"
184,184-LARANJEIRAS X CENTRAL,Fetranspor,83,17391142,"-22.9084","-43.1806"
184,184-LARANJEIRAS X CENTRAL,Fetranspor,84,17391142,"-22.9091","-43.1803"
184,184-LARANJEIRAS X CENTRAL,Fetranspor,85,17391142,"-22.9091","-43.1803"
184,184-LARANJEIRAS X CENTRAL,Fetranspor,86,17391142,"-22.9092","-43.1803"
184,184-LARANJEIRAS X CENTRAL,Fetranspor,87,17391142,"-22.9092","-43.1803"
184,184-LARANJEIRAS X CENTRAL,Fetranspor,88,17391142,"-22.9094","-43.1802"
184,184-LARANJEIRAS X CENTRAL,Fetranspor,89,17391142,"-22.9094","-43.1802"
184,184-LARANJEIRAS X CENTRAL,Fetranspor,90,17391142,"-22.9109","-43.1797"
184,184-LARANJEIRAS X CENTRAL,Fetranspor,91,17391142,"-22.9109","-43.1797"
184,184-LARANJEIRAS X CENTRAL,Fetranspor,92,17391142,"-22.9123","-43.1792"
184,184-LARANJEIRAS X CENTRAL,Fetranspor,93,17391142,"-22.9123","-43.1792"
184,184-LARANJEIRAS X CENTRAL,Fetranspor,94,17391142,"-22.9122","-43.1791"
184,184-LARANJEIRAS X CENTRAL,Fetranspor,95,17391142,"-22.9122","-43.1791"
184,184-LARANJEIRAS X CENTRAL,Fetranspor,96,17391142,"-22.9122","-43.179"
184,184-LARANJEIRAS X CENTRAL,Fetranspor,97,17391142,"-22.9122","-43.1789"
184,184-LARANJEIRAS X CENTRAL,Fetranspor,98,17391142,"-22.9117","-43.1786"
184,184-LARANJEIRAS X CENTRAL,Fetranspor,99,17391142,"-22.9117","-43.1786"
184,184-LARANJEIRAS X CENTRAL,Fetranspor,100,17391142,"-22.9106","-43.1776"
184,184-LARANJEIRAS X CENTRAL,Fetranspor,101,17391142,"-22.9104","-43.1775"
184,184-LARANJEIRAS X CENTRAL,Fetranspor,102,17391142,"-22.9104","-43.1775"
184,184-LARANJEIRAS X CENTRAL,Fetranspor,103,17391142,"-22.9097","-43.1768"
184,184-LARANJEIRAS X CENTRAL,Fetranspor,104,17391142,"-22.9097","-43.1767"
184,184-LARANJEIRAS X CENTRAL,Fetranspor,105,17391142,"-22.9096","-43.1765"
184,184-LARANJEIRAS X CENTRAL,Fetranspor,106,17391142,"-22.9096","-43.1765"
184,184-LARANJEIRAS X CENTRAL,Fetranspor,107,17391142,"-22.9093","-43.1762"
184,184-LARANJEIRAS X CENTRAL,Fetranspor,108,17391142,"-22.9093","-43.1761"
184,184-LARANJEIRAS X CENTRAL,Fetranspor,109,17391142,"-22.9093","-43.1761"
184,184-LARANJEIRAS X CENTRAL,Fetranspor,110,17391142,"-22.9103","-43.1757"
184,184-LARANJEIRAS X CENTRAL,Fetranspor,111,17391142,"-22.9103","-43.1757"
184,184-LARANJEIRAS X CENTRAL,Fetranspor,112,17391142,"-22.9114","-43.1753"
184,184-LARANJEIRAS X CENTRAL,Fetranspor,113,17391142,"-22.9114","-43.1753"
184,184-LARANJEIRAS X CENTRAL,Fetranspor,114,17391142,"-22.912","-43.175"
184,184-LARANJEIRAS X CENTRAL,Fetranspor,115,17391142,"-22.912","-43.175"
184,184-LARANJEIRAS X CENTRAL,Fetranspor,116,17391142,"-22.9123","-43.1749"
184,184-LARANJEIRAS X CENTRAL,Fetranspor,117,17391142,"-22.9123","-43.1749"
184,184-LARANJEIRAS X CENTRAL,Fetranspor,118,17391142,"-22.9124","-43.1749"
184,184-LARANJEIRAS X CENTRAL,Fetranspor,119,17391142,"-22.9125","-43.1749"
184,184-LARANJEIRAS X CENTRAL,Fetranspor,120,17391142,"-22.9128","-43.1748"
184,184-LARANJEIRAS X CENTRAL,Fetranspor,121,17391142,"-22.9128","-43.1748"
184,184-LARANJEIRAS X CENTRAL,Fetranspor,122,17391142,"-22.9128","-43.1748"
184,184-LARANJEIRAS X CENTRAL,Fetranspor,123,17391142,"-22.9133","-43.1752"
184,184-LARANJEIRAS X CENTRAL,Fetranspor,124,17391142,"-22.9135","-43.1754"
184,184-LARANJEIRAS X CENTRAL,Fetranspor,125,17391142,"-22.9135","-43.1754"
184,184-LARANJEIRAS X CENTRAL,Fetranspor,126,17391142,"-22.9141","-43.1759"
184,184-LARANJEIRAS X CENTRAL,Fetranspor,127,17391142,"-22.9141","-43.1759"
184,184-LARANJEIRAS X CENTRAL,Fetranspor,128,17391142,"-22.9144","-43.176"
184,184-LARANJEIRAS X CENTRAL,Fetranspor,129,17391142,"-22.9144","-43.176"
184,184-LARANJEIRAS X CENTRAL,Fetranspor,130,17391142,"-22.9145","-43.1761"
184,184-LARANJEIRAS X CENTRAL,Fetranspor,131,17391142,"-22.9146","-43.1762"
184,184-LARANJEIRAS X CENTRAL,Fetranspor,132,17391142,"-22.9146","-43.1762"
184,184-LARANJEIRAS X CENTRAL,Fetranspor,133,17391142,"-22.9147","-43.1762"
184,184-LARANJEIRAS X CENTRAL,Fetranspor,134,17391142,"-22.915","-43.1763"
184,184-LARANJEIRAS X CENTRAL,Fetranspor,135,17391142,"-22.9168","-43.1765"
184,184-LARANJEIRAS X CENTRAL,Fetranspor,136,17391142,"-22.9171","-43.1766"
184,184-LARANJEIRAS X CENTRAL,Fetranspor,137,17391142,"-22.9171","-43.1766"
184,184-LARANJEIRAS X CENTRAL,Fetranspor,138,17391142,"-22.9177","-43.1767"
184,184-LARANJEIRAS X CENTRAL,Fetranspor,139,17391142,"-22.9181","-43.1767"
184,184-LARANJEIRAS X CENTRAL,Fetranspor,140,17391142,"-22.9182","-43.1767"
184,184-LARANJEIRAS X CENTRAL,Fetranspor,141,17391142,"-22.9183","-43.1767"
184,184-LARANJEIRAS X CENTRAL,Fetranspor,142,17391142,"-22.9185","-43.1767"
184,184-LARANJEIRAS X CENTRAL,Fetranspor,143,17391142,"-22.9186","-43.1767"
184,184-LARANJEIRAS X CENTRAL,Fetranspor,144,17391142,"-22.9187","-43.1766"
184,184-LARANJEIRAS X CENTRAL,Fetranspor,145,17391142,"-22.9189","-43.1765"
184,184-LARANJEIRAS X CENTRAL,Fetranspor,146,17391142,"-22.9192","-43.1761"
184,184-LARANJEIRAS X CENTRAL,Fetranspor,147,17391142,"-22.9194","-43.176"
184,184-LARANJEIRAS X CENTRAL,Fetranspor,148,17391142,"-22.9194","-43.176"
184,184-LARANJEIRAS X CENTRAL,Fetranspor,149,17391142,"-22.9194","-43.176"
184,184-LARANJEIRAS X CENTRAL,Fetranspor,150,17391142,"-22.9199","-43.1765"
184,184-LARANJEIRAS X CENTRAL,Fetranspor,151,17391142,"-22.9199","-43.1765"
184,184-LARANJEIRAS X CENTRAL,Fetranspor,152,17391142,"-22.9201","-43.1766"
184,184-LARANJEIRAS X CENTRAL,Fetranspor,153,17391142,"-22.9205","-43.1768"
184,184-LARANJEIRAS X CENTRAL,Fetranspor,154,17391142,"-22.9205","-43.1768"
184,184-LARANJEIRAS X CENTRAL,Fetranspor,155,17391142,"-22.9211","-43.1769"
184,184-LARANJEIRAS X CENTRAL,Fetranspor,156,17391142,"-22.9211","-43.1769"
184,184-LARANJEIRAS X CENTRAL,Fetranspor,157,17391142,"-22.9219","-43.1771"
184,184-LARANJEIRAS X CENTRAL,Fetranspor,158,17391142,"-22.9219","-43.1771"
184,184-LARANJEIRAS X CENTRAL,Fetranspor,159,17391142,"-22.9222","-43.1771"
184,184-LARANJEIRAS X CENTRAL,Fetranspor,160,17391142,"-22.9232","-43.1773"
184,184-LARANJEIRAS X CENTRAL,Fetranspor,161,17391142,"-22.9235","-43.1773"
184,184-LARANJEIRAS X CENTRAL,Fetranspor,162,17391142,"-22.9235","-43.1774"
184,184-LARANJEIRAS X CENTRAL,Fetranspor,163,17391142,"-22.9235","-43.1774"
184,184-LARANJEIRAS X CENTRAL,Fetranspor,164,17391142,"-22.9236","-43.1774"
184,184-LARANJEIRAS X CENTRAL,Fetranspor,165,17391142,"-22.9237","-43.1775"
184,184-LARANJEIRAS X CENTRAL,Fetranspor,166,17391142,"-22.9237","-43.1775"
184,184-LARANJEIRAS X CENTRAL,Fetranspor,167,17391142,"-22.9249","-43.1796"
184,184-LARANJEIRAS X CENTRAL,Fetranspor,168,17391142,"-22.9249","-43.1796"
184,184-LARANJEIRAS X CENTRAL,Fetranspor,169,17391142,"-22.9252","-43.1796"
184,184-LARANJEIRAS X CENTRAL,Fetranspor,170,17391142,"-22.9257","-43.1794"
184,184-LARANJEIRAS X CENTRAL,Fetranspor,171,17391142,"-22.926","-43.1794"
184,184-LARANJEIRAS X CENTRAL,Fetranspor,172,17391142,"-22.926","-43.1794"
184,184-LARANJEIRAS X CENTRAL,Fetranspor,173,17391142,"-22.9268","-43.1794"
184,184-LARANJEIRAS X CENTRAL,Fetranspor,174,17391142,"-22.9268","-43.1794"
184,184-LARANJEIRAS X CENTRAL,Fetranspor,175,17391142,"-22.9271","-43.1794"
184,184-LARANJEIRAS X CENTRAL,Fetranspor,176,17391142,"-22.9271","-43.1794"
184,184-LARANJEIRAS X CENTRAL,Fetranspor,177,17391142,"-22.9272","-43.1794"
184,184-LARANJEIRAS X CENTRAL,Fetranspor,178,17391142,"-22.9272","-43.1794"
184,184-LARANJEIRAS X CENTRAL,Fetranspor,179,17391142,"-22.9275","-43.1794"
184,184-LARANJEIRAS X CENTRAL,Fetranspor,180,17391142,"-22.9275","-43.1794"
184,184-LARANJEIRAS X CENTRAL,Fetranspor,181,17391142,"-22.9283","-43.1793"
184,184-LARANJEIRAS X CENTRAL,Fetranspor,182,17391142,"-22.9283","-43.1793"
184,184-LARANJEIRAS X CENTRAL,Fetranspor,183,17391142,"-22.9287","-43.1793"
184,184-LARANJEIRAS X CENTRAL,Fetranspor,184,17391142,"-22.9289","-43.1794"
184,184-LARANJEIRAS X CENTRAL,Fetranspor,185,17391142,"-22.9291","-43.1794"
184,184-LARANJEIRAS X CENTRAL,Fetranspor,186,17391142,"-22.9291","-43.1794"
184,184-LARANJEIRAS X CENTRAL,Fetranspor,187,17391142,"-22.9293","-43.1794"
184,184-LARANJEIRAS X CENTRAL,Fetranspor,188,17391142,"-22.9298","-43.1795"
184,184-LARANJEIRAS X CENTRAL,Fetranspor,189,17391142,"-22.9302","-43.1794"
184,184-LARANJEIRAS X CENTRAL,Fetranspor,190,17391142,"-22.9306","-43.1792"
184,184-LARANJEIRAS X CENTRAL,Fetranspor,191,17391142,"-22.9306","-43.1792"
184,184-LARANJEIRAS X CENTRAL,Fetranspor,192,17391142,"-22.9307","-43.1795"
184,184-LARANJEIRAS X CENTRAL,Fetranspor,193,17391142,"-22.9307","-43.1795"
184,184-LARANJEIRAS X CENTRAL,Fetranspor,194,17391142,"-22.9313","-43.1793"
184,184-LARANJEIRAS X CENTRAL,Fetranspor,195,17391142,"-22.9313","-43.1793"
184,184-LARANJEIRAS X CENTRAL,Fetranspor,196,17391142,"-22.9317","-43.1802"
184,184-LARANJEIRAS X CENTRAL,Fetranspor,197,17391142,"-22.9319","-43.181"
184,184-LARANJEIRAS X CENTRAL,Fetranspor,198,17391142,"-22.9322","-43.1817"
184,184-LARANJEIRAS X CENTRAL,Fetranspor,199,17391142,"-22.9322","-43.1817"
184,184-LARANJEIRAS X CENTRAL,Fetranspor,200,17391142,"-22.9323","-43.1822"
184,184-LARANJEIRAS X CENTRAL,Fetranspor,201,17391142,"-22.9323","-43.1822"
184,184-LARANJEIRAS X CENTRAL,Fetranspor,202,17391142,"-22.9327","-43.1833"
184,184-LARANJEIRAS X CENTRAL,Fetranspor,203,17391142,"-22.9328","-43.1837"
184,184-LARANJEIRAS X CENTRAL,Fetranspor,204,17391142,"-22.9328","-43.1837"
184,184-LARANJEIRAS X CENTRAL,Fetranspor,205,17391142,"-22.9329","-43.1838"
184,184-LARANJEIRAS X CENTRAL,Fetranspor,206,17391142,"-22.9329","-43.1839"
184,184-LARANJEIRAS X CENTRAL,Fetranspor,207,17391142,"-22.9329","-43.1839"
184,184-LARANJEIRAS X CENTRAL,Fetranspor,208,17391142,"-22.933","-43.184"
184,184-LARANJEIRAS X CENTRAL,Fetranspor,209,17391142,"-22.9331","-43.1842"
184,184-LARANJEIRAS X CENTRAL,Fetranspor,210,17391142,"-22.9331","-43.1842"
184,184-LARANJEIRAS X CENTRAL,Fetranspor,211,17391142,"-22.9332","-43.1844"
184,184-LARANJEIRAS X CENTRAL,Fetranspor,212,17391142,"-22.9333","-43.1845"
184,184-LARANJEIRAS X CENTRAL,Fetranspor,213,17391142,"-22.9333","-43.1846"
184,184-LARANJEIRAS X CENTRAL,Fetranspor,214,17391142,"-22.9333","-43.1846"
184,184-LARANJEIRAS X CENTRAL,Fetranspor,215,17391142,"-22.9333","-43.1846"
184,184-LARANJEIRAS X CENTRAL,Fetranspor,216,17391142,"-22.9333","-43.1847"
184,184-LARANJEIRAS X CENTRAL,Fetranspor,217,17391142,"-22.9333","-43.1848"
184,184-LARANJEIRAS X CENTRAL,Fetranspor,218,17391142,"-22.9333","-43.1848"
184,184-LARANJEIRAS X CENTRAL,Fetranspor,219,17391142,"-22.9333","-43.185"
184,184-LARANJEIRAS X CENTRAL,Fetranspor,220,17391142,"-22.9333","-43.1853"
184,184-LARANJEIRAS X CENTRAL,Fetranspor,221,17391142,"-22.9333","-43.1853"
184,184-LARANJEIRAS X CENTRAL,Fetranspor,222,17391142,"-22.9334","-43.1855"
184,184-LARANJEIRAS X CENTRAL,Fetranspor,223,17391142,"-22.9334","-43.1856"
184,184-LARANJEIRAS X CENTRAL,Fetranspor,224,17391142,"-22.9334","-43.1856"
184,184-LARANJEIRAS X CENTRAL,Fetranspor,225,17391142,"-22.9334","-43.1857"
184,184-LARANJEIRAS X CENTRAL,Fetranspor,226,17391142,"-22.9335","-43.1859"
184,184-LARANJEIRAS X CENTRAL,Fetranspor,227,17391142,"-22.9336","-43.1861"
184,184-LARANJEIRAS X CENTRAL,Fetranspor,228,17391142,"-22.9338","-43.1864"
184,184-LARANJEIRAS X CENTRAL,Fetranspor,229,17391142,"-22.9338","-43.1864"
184,184-LARANJEIRAS X CENTRAL,Fetranspor,230,17391142,"-22.9341","-43.187"
184,184-LARANJEIRAS X CENTRAL,Fetranspor,231,17391142,"-22.9341","-43.187"
184,184-LARANJEIRAS X CENTRAL,Fetranspor,232,17391142,"-22.9345","-43.1875"
184,184-LARANJEIRAS X CENTRAL,Fetranspor,233,17391142,"-22.9345","-43.1875"
184,184-LARANJEIRAS X CENTRAL,Fetranspor,234,17391142,"-22.9349","-43.1883"
184,184-LARANJEIRAS X CENTRAL,Fetranspor,235,17391142,"-22.9351","-43.1886"
184,184-LARANJEIRAS X CENTRAL,Fetranspor,236,17391142,"-22.9352","-43.1887"
184,184-LARANJEIRAS X CENTRAL,Fetranspor,237,17391142,"-22.9352","-43.1887"
184,184-LARANJEIRAS X CENTRAL,Fetranspor,238,17391142,"-22.9352","-43.1887"
184,184-LARANJEIRAS X CENTRAL,Fetranspor,239,17391142,"-22.9352","-43.1889"
184,184-LARANJEIRAS X CENTRAL,Fetranspor,240,17391142,"-22.9352","-43.1889"
184,184-LARANJEIRAS X CENTRAL,Fetranspor,241,17391142,"-22.9353","-43.189"
184,184-LARANJEIRAS X CENTRAL,Fetranspor,242,17391142,"-22.9354","-43.1893"
184,184-LARANJEIRAS X CENTRAL,Fetranspor,243,17391142,"-22.9355","-43.1894"
184,184-LARANJEIRAS X CENTRAL,Fetranspor,244,17391142,"-22.9356","-43.1895"
184,184-LARANJEIRAS X CENTRAL,Fetranspor,245,17391142,"-22.9357","-43.1896"
184,184-LARANJEIRAS X CENTRAL,Fetranspor,246,17391142,"-22.9363","-43.19"
184,184-LARANJEIRAS X CENTRAL,Fetranspor,247,17391142,"-22.9363","-43.1901"
184,184-LARANJEIRAS X CENTRAL,Fetranspor,248,17391142,"-22.9363","-43.1901"
184,184-LARANJEIRAS X CENTRAL,Fetranspor,249,17391142,"-22.9364","-43.1901"
184,184-LARANJEIRAS X CENTRAL,Fetranspor,250,17391142,"-22.9364","-43.1901"
184,184-LARANJEIRAS X CENTRAL,Fetranspor,251,17391142,"-22.9365","-43.1902"
184,184-LARANJEIRAS X CENTRAL,Fetranspor,252,17391142,"-22.9366","-43.1902"
184,184-LARANJEIRAS X CENTRAL,Fetranspor,253,17391142,"-22.9366","-43.1902"
184,184-LARANJEIRAS X CENTRAL,Fetranspor,254,17391142,"-22.9377","-43.1904"
184,184-LARANJEIRAS X CENTRAL,Fetranspor,255,17391142,"-22.9378","-43.1905"
184,184-LARANJEIRAS X CENTRAL,Fetranspor,256,17391142,"-22.9378","-43.1905"
184,184-LARANJEIRAS X CENTRAL,Fetranspor,257,17391142,"-22.9379","-43.1905"
184,184-LARANJEIRAS X CENTRAL,Fetranspor,258,17391142,"-22.938","-43.1906"
184,184-LARANJEIRAS X CENTRAL,Fetranspor,259,17391142,"-22.9381","-43.1907"
184,184-LARANJEIRAS X CENTRAL,Fetranspor,260,17391142,"-22.9382","-43.1908"
184,184-LARANJEIRAS X CENTRAL,Fetranspor,261,17391142,"-22.9382","-43.1909"
184,184-LARANJEIRAS X CENTRAL,Fetranspor,262,17391142,"-22.9382","-43.1909"
184,184-LARANJEIRAS X CENTRAL,Fetranspor,263,17391142,"-22.9383","-43.191"
184,184-LARANJEIRAS X CENTRAL,Fetranspor,264,17391142,"-22.9383","-43.191"
184,184-LARANJEIRAS X CENTRAL,Fetranspor,265,17391142,"-22.9383","-43.191"
184,184-LARANJEIRAS X CENTRAL,Fetranspor,266,17391142,"-22.9383","-43.1911"
184,184-LARANJEIRAS X CENTRAL,Fetranspor,267,17391142,"-22.9383","-43.1913"
184,184-LARANJEIRAS X CENTRAL,Fetranspor,268,17391142,"-22.9384","-43.1916"
184,184-LARANJEIRAS X CENTRAL,Fetranspor,269,17391142,"-22.9384","-43.1916"
184,184-LARANJEIRAS X CENTRAL,Fetranspor,270,17391142,"-22.9388","-43.1916"
184,184-LARANJEIRAS X CENTRAL,Fetranspor,271,17391142,"-22.9404","-43.1916"
184,184-LARANJEIRAS X CENTRAL,Fetranspor,272,17391142,"-22.9404","-43.1916"
184,184-LARANJEIRAS X CENTRAL,Fetranspor,273,17391142,"-22.9404","-43.1917"
184,184-LARANJEIRAS X CENTRAL,Fetranspor,274,17391142,"-22.9404","-43.1917"
184,184-LARANJEIRAS X CENTRAL,Fetranspor,275,17391142,"-22.9404","-43.1917"
184,184-LARANJEIRAS X CENTRAL,Fetranspor,276,17391142,"-22.9405","-43.1917"
184,184-LARANJEIRAS X CENTRAL,Fetranspor,277,17391142,"-22.9406","-43.1917"
184,184-LARANJEIRAS X CENTRAL,Fetranspor,278,17391142,"-22.9408","-43.1917"
184,184-LARANJEIRAS X CENTRAL,Fetranspor,279,17391142,"-22.9408","-43.1917"
184,184-LARANJEIRAS X CENTRAL,Fetranspor,280,17391142,"-22.9409","-43.1917"
184,184-LARANJEIRAS X CENTRAL,Fetranspor,281,17391142,"-22.9409","-43.1917"
184,184-LARANJEIRAS X CENTRAL,Fetranspor,282,17391142,"-22.9409","-43.1918"
184,184-LARANJEIRAS X CENTRAL,Fetranspor,283,17391142,"-22.9409","-43.1919"
184,184-LARANJEIRAS X CENTRAL,Fetranspor,284,17391142,"-22.9409","-43.192"
184,184-LARANJEIRAS X CENTRAL,Fetranspor,285,17391142,"-22.941","-43.1921"
184,184-LARANJEIRAS X CENTRAL,Fetranspor,286,17391142,"-22.9411","-43.1922"
184,184-LARANJEIRAS X CENTRAL,Fetranspor,287,17391142,"-22.9411","-43.1922"
184,184-LARANJEIRAS X CENTRAL,Fetranspor,288,17391142,"-22.9412","-43.1922"
184,184-LARANJEIRAS X CENTRAL,Fetranspor,289,17391142,"-22.9414","-43.1923"
184,184-LARANJEIRAS X CENTRAL,Fetranspor,290,17391142,"-22.9419","-43.1923"
184,184-LARANJEIRAS X CENTRAL,Fetranspor,291,17391142,"-22.9424","-43.1924"
184,184-LARANJEIRAS X CENTRAL,Fetranspor,292,17391142,"-22.9425","-43.1923"
184,184-LARANJEIRAS X CENTRAL,Fetranspor,293,17391142,"-22.9428","-43.1923"
184,184-LARANJEIRAS X CENTRAL,Fetranspor,294,17391142,"-22.9429","-43.1922"
184,184-LARANJEIRAS X CENTRAL,Fetranspor,295,17391142,"-22.9429","-43.1922"
184,184-LARANJEIRAS X CENTRAL,Fetranspor,296,17391142,"-22.943","-43.1921"
184,184-LARANJEIRAS X CENTRAL,Fetranspor,297,17391142,"-22.943","-43.192"
184,184-LARANJEIRAS X CENTRAL,Fetranspor,298,17391142,"-22.943","-43.1919"
184,184-LARANJEIRAS X CENTRAL,Fetranspor,299,17391142,"-22.943","-43.1919"
184,184-LARANJEIRAS X CENTRAL,Fetranspor,300,17391142,"-22.943","-43.1919"
184,184-LARANJEIRAS X CENTRAL,Fetranspor,301,17391142,"-22.943","-43.1917"
184,184-LARANJEIRAS X CENTRAL,Fetranspor,0,17418316,"-22.943","-43.1917"
184,184-LARANJEIRAS X CENTRAL,Fetranspor,1,17418316,"-22.943","-43.1915"
184,184-LARANJEIRAS X CENTRAL,Fetranspor,2,17418316,"-22.943","-43.1915"
184,184-LARANJEIRAS X CENTRAL,Fetranspor,3,17418316,"-22.943","-43.1913"
184,184-LARANJEIRAS X CENTRAL,Fetranspor,4,17418316,"-22.943","-43.1912"
184,184-LARANJEIRAS X CENTRAL,Fetranspor,5,17418316,"-22.9429","-43.1911"
184,184-LARANJEIRAS X CENTRAL,Fetranspor,6,17418316,"-22.9428","-43.1911"
184,184-LARANJEIRAS X CENTRAL,Fetranspor,7,17418316,"-22.9426","-43.191"
184,184-LARANJEIRAS X CENTRAL,Fetranspor,8,17418316,"-22.9424","-43.191"
184,184-LARANJEIRAS X CENTRAL,Fetranspor,9,17418316,"-22.9422","-43.191"
184,184-LARANJEIRAS X CENTRAL,Fetranspor,10,17418316,"-22.9416","-43.191"
184,184-LARANJEIRAS X CENTRAL,Fetranspor,11,17418316,"-22.9414","-43.1911"
184,184-LARANJEIRAS X CENTRAL,Fetranspor,12,17418316,"-22.9412","-43.1911"
184,184-LARANJEIRAS X CENTRAL,Fetranspor,13,17418316,"-22.9412","-43.1911"
184,184-LARANJEIRAS X CENTRAL,Fetranspor,14,17418316,"-22.941","-43.1912"
184,184-LARANJEIRAS X CENTRAL,Fetranspor,15,17418316,"-22.941","-43.1913"
184,184-LARANJEIRAS X CENTRAL,Fetranspor,16,17418316,"-22.9409","-43.1914"
184,184-LARANJEIRAS X CENTRAL,Fetranspor,17,17418316,"-22.9409","-43.1914"
184,184-LARANJEIRAS X CENTRAL,Fetranspor,18,17418316,"-22.9409","-43.1917"
184,184-LARANJEIRAS X CENTRAL,Fetranspor,19,17418316,"-22.9409","-43.1917"
184,184-LARANJEIRAS X CENTRAL,Fetranspor,20,17418316,"-22.9408","-43.1916"
184,184-LARANJEIRAS X CENTRAL,Fetranspor,21,17418316,"-22.9408","-43.1916"
184,184-LARANJEIRAS X CENTRAL,Fetranspor,22,17418316,"-22.9405","-43.1916"
184,184-LARANJEIRAS X CENTRAL,Fetranspor,23,17418316,"-22.9405","-43.1916"
184,184-LARANJEIRAS X CENTRAL,Fetranspor,24,17418316,"-22.9404","-43.1916"
184,184-LARANJEIRAS X CENTRAL,Fetranspor,25,17418316,"-22.9404","-43.1916"
184,184-LARANJEIRAS X CENTRAL,Fetranspor,26,17418316,"-22.9404","-43.1914"
184,184-LARANJEIRAS X CENTRAL,Fetranspor,27,17418316,"-22.9404","-43.1913"
184,184-LARANJEIRAS X CENTRAL,Fetranspor,28,17418316,"-22.9403","-43.1912"
184,184-LARANJEIRAS X CENTRAL,Fetranspor,29,17418316,"-22.9403","-43.191"
184,184-LARANJEIRAS X CENTRAL,Fetranspor,30,17418316,"-22.9402","-43.191"
184,184-LARANJEIRAS X CENTRAL,Fetranspor,31,17418316,"-22.9402","-43.1909"
184,184-LARANJEIRAS X CENTRAL,Fetranspor,32,17418316,"-22.9401","-43.1909"
184,184-LARANJEIRAS X CENTRAL,Fetranspor,33,17418316,"-22.9401","-43.1909"
184,184-LARANJEIRAS X CENTRAL,Fetranspor,34,17418316,"-22.94","-43.1909"
184,184-LARANJEIRAS X CENTRAL,Fetranspor,35,17418316,"-22.9396","-43.1909"
184,184-LARANJEIRAS X CENTRAL,Fetranspor,36,17418316,"-22.9387","-43.1908"
184,184-LARANJEIRAS X CENTRAL,Fetranspor,37,17418316,"-22.9386","-43.1908"
184,184-LARANJEIRAS X CENTRAL,Fetranspor,38,17418316,"-22.9385","-43.1908"
184,184-LARANJEIRAS X CENTRAL,Fetranspor,39,17418316,"-22.9385","-43.1908"
184,184-LARANJEIRAS X CENTRAL,Fetranspor,40,17418316,"-22.9385","-43.1908"
184,184-LARANJEIRAS X CENTRAL,Fetranspor,41,17418316,"-22.9385","-43.1908"
184,184-LARANJEIRAS X CENTRAL,Fetranspor,42,17418316,"-22.9382","-43.1909"
184,184-LARANJEIRAS X CENTRAL,Fetranspor,43,17418316,"-22.9382","-43.1909"
184,184-LARANJEIRAS X CENTRAL,Fetranspor,44,17418316,"-22.9382","-43.1908"
184,184-LARANJEIRAS X CENTRAL,Fetranspor,45,17418316,"-22.9381","-43.1907"
184,184-LARANJEIRAS X CENTRAL,Fetranspor,46,17418316,"-22.938","-43.1906"
184,184-LARANJEIRAS X CENTRAL,Fetranspor,47,17418316,"-22.9379","-43.1905"
184,184-LARANJEIRAS X CENTRAL,Fetranspor,48,17418316,"-22.9378","-43.1905"
184,184-LARANJEIRAS X CENTRAL,Fetranspor,49,17418316,"-22.9378","-43.1905"
184,184-LARANJEIRAS X CENTRAL,Fetranspor,50,17418316,"-22.9377","-43.1904"
184,184-LARANJEIRAS X CENTRAL,Fetranspor,51,17418316,"-22.9366","-43.1902"
184,184-LARANJEIRAS X CENTRAL,Fetranspor,52,17418316,"-22.9366","-43.1902"
184,184-LARANJEIRAS X CENTRAL,Fetranspor,53,17418316,"-22.9365","-43.1902"
184,184-LARANJEIRAS X CENTRAL,Fetranspor,54,17418316,"-22.9364","-43.1901"
184,184-LARANJEIRAS X CENTRAL,Fetranspor,55,17418316,"-22.9364","-43.1901"
184,184-LARANJEIRAS X CENTRAL,Fetranspor,56,17418316,"-22.9363","-43.1901"
184,184-LARANJEIRAS X CENTRAL,Fetranspor,57,17418316,"-22.9363","-43.1901"
184,184-LARANJEIRAS X CENTRAL,Fetranspor,58,17418316,"-22.9363","-43.19"
184,184-LARANJEIRAS X CENTRAL,Fetranspor,59,17418316,"-22.9357","-43.1896"
184,184-LARANJEIRAS X CENTRAL,Fetranspor,60,17418316,"-22.9356","-43.1895"
184,184-LARANJEIRAS X CENTRAL,Fetranspor,61,17418316,"-22.9355","-43.1894"
184,184-LARANJEIRAS X CENTRAL,Fetranspor,62,17418316,"-22.9354","-43.1893"
184,184-LARANJEIRAS X CENTRAL,Fetranspor,63,17418316,"-22.9353","-43.189"
184,184-LARANJEIRAS X CENTRAL,Fetranspor,64,17418316,"-22.9352","-43.1889"
184,184-LARANJEIRAS X CENTRAL,Fetranspor,65,17418316,"-22.9352","-43.1889"
184,184-LARANJEIRAS X CENTRAL,Fetranspor,66,17418316,"-22.9352","-43.1887"
184,184-LARANJEIRAS X CENTRAL,Fetranspor,67,17418316,"-22.9352","-43.1887"
184,184-LARANJEIRAS X CENTRAL,Fetranspor,68,17418316,"-22.9352","-43.1887"
184,184-LARANJEIRAS X CENTRAL,Fetranspor,69,17418316,"-22.9351","-43.1886"
184,184-LARANJEIRAS X CENTRAL,Fetranspor,70,17418316,"-22.9349","-43.1883"
184,184-LARANJEIRAS X CENTRAL,Fetranspor,71,17418316,"-22.9345","-43.1875"
184,184-LARANJEIRAS X CENTRAL,Fetranspor,72,17418316,"-22.9345","-43.1875"
184,184-LARANJEIRAS X CENTRAL,Fetranspor,73,17418316,"-22.9346","-43.1873"
184,184-LARANJEIRAS X CENTRAL,Fetranspor,74,17418316,"-22.9353","-43.1866"
184,184-LARANJEIRAS X CENTRAL,Fetranspor,75,17418316,"-22.9354","-43.1865"
184,184-LARANJEIRAS X CENTRAL,Fetranspor,76,17418316,"-22.9354","-43.1865"
184,184-LARANJEIRAS X CENTRAL,Fetranspor,77,17418316,"-22.9352","-43.1862"
184,184-LARANJEIRAS X CENTRAL,Fetranspor,78,17418316,"-22.9352","-43.186"
184,184-LARANJEIRAS X CENTRAL,Fetranspor,79,17418316,"-22.9352","-43.186"
184,184-LARANJEIRAS X CENTRAL,Fetranspor,80,17418316,"-22.9351","-43.1859"
184,184-LARANJEIRAS X CENTRAL,Fetranspor,81,17418316,"-22.935","-43.1858"
184,184-LARANJEIRAS X CENTRAL,Fetranspor,82,17418316,"-22.9346","-43.1849"
184,184-LARANJEIRAS X CENTRAL,Fetranspor,83,17418316,"-22.9344","-43.1845"
184,184-LARANJEIRAS X CENTRAL,Fetranspor,84,17418316,"-22.9344","-43.1844"
184,184-LARANJEIRAS X CENTRAL,Fetranspor,85,17418316,"-22.9344","-43.1844"
184,184-LARANJEIRAS X CENTRAL,Fetranspor,86,17418316,"-22.9343","-43.1843"
184,184-LARANJEIRAS X CENTRAL,Fetranspor,87,17418316,"-22.934","-43.1836"
184,184-LARANJEIRAS X CENTRAL,Fetranspor,88,17418316,"-22.934","-43.1836"
184,184-LARANJEIRAS X CENTRAL,Fetranspor,89,17418316,"-22.9339","-43.1833"
184,184-LARANJEIRAS X CENTRAL,Fetranspor,90,17418316,"-22.9338","-43.183"
184,184-LARANJEIRAS X CENTRAL,Fetranspor,91,17418316,"-22.9337","-43.1828"
184,184-LARANJEIRAS X CENTRAL,Fetranspor,92,17418316,"-22.9337","-43.1828"
184,184-LARANJEIRAS X CENTRAL,Fetranspor,93,17418316,"-22.9337","-43.1827"
184,184-LARANJEIRAS X CENTRAL,Fetranspor,94,17418316,"-22.9334","-43.1816"
184,184-LARANJEIRAS X CENTRAL,Fetranspor,95,17418316,"-22.9333","-43.1813"
184,184-LARANJEIRAS X CENTRAL,Fetranspor,96,17418316,"-22.9333","-43.1813"
184,184-LARANJEIRAS X CENTRAL,Fetranspor,97,17418316,"-22.9332","-43.1809"
184,184-LARANJEIRAS X CENTRAL,Fetranspor,98,17418316,"-22.9332","-43.1809"
184,184-LARANJEIRAS X CENTRAL,Fetranspor,99,17418316,"-22.9331","-43.1804"
184,184-LARANJEIRAS X CENTRAL,Fetranspor,100,17418316,"-22.9329","-43.1792"
184,184-LARANJEIRAS X CENTRAL,Fetranspor,101,17418316,"-22.9329","-43.1792"
184,184-LARANJEIRAS X CENTRAL,Fetranspor,102,17418316,"-22.9328","-43.1789"
184,184-LARANJEIRAS X CENTRAL,Fetranspor,103,17418316,"-22.9328","-43.1789"
184,184-LARANJEIRAS X CENTRAL,Fetranspor,104,17418316,"-22.9328","-43.1787"
184,184-LARANJEIRAS X CENTRAL,Fetranspor,105,17418316,"-22.9327","-43.1778"
184,184-LARANJEIRAS X CENTRAL,Fetranspor,106,17418316,"-22.9327","-43.1778"
184,184-LARANJEIRAS X CENTRAL,Fetranspor,107,17418316,"-22.9328","-43.1777"
184,184-LARANJEIRAS X CENTRAL,Fetranspor,108,17418316,"-22.9328","-43.1777"
184,184-LARANJEIRAS X CENTRAL,Fetranspor,109,17418316,"-22.9329","-43.1777"
184,184-LARANJEIRAS X CENTRAL,Fetranspor,110,17418316,"-22.9329","-43.1776"
184,184-LARANJEIRAS X CENTRAL,Fetranspor,111,17418316,"-22.9329","-43.1776"
184,184-LARANJEIRAS X CENTRAL,Fetranspor,112,17418316,"-22.9329","-43.1776"
184,184-LARANJEIRAS X CENTRAL,Fetranspor,113,17418316,"-22.9328","-43.1775"
184,184-LARANJEIRAS X CENTRAL,Fetranspor,114,17418316,"-22.9328","-43.1775"
184,184-LARANJEIRAS X CENTRAL,Fetranspor,115,17418316,"-22.9328","-43.1774"
184,184-LARANJEIRAS X CENTRAL,Fetranspor,116,17418316,"-22.9328","-43.1774"
184,184-LARANJEIRAS X CENTRAL,Fetranspor,117,17418316,"-22.9327","-43.1774"
184,184-LARANJEIRAS X CENTRAL,Fetranspor,118,17418316,"-22.9326","-43.1774"
184,184-LARANJEIRAS X CENTRAL,Fetranspor,119,17418316,"-22.9326","-43.1774"
184,184-LARANJEIRAS X CENTRAL,Fetranspor,120,17418316,"-22.9326","-43.1775"
184,184-LARANJEIRAS X CENTRAL,Fetranspor,121,17418316,"-22.9325","-43.1775"
184,184-LARANJEIRAS X CENTRAL,Fetranspor,122,17418316,"-22.9325","-43.1775"
184,184-LARANJEIRAS X CENTRAL,Fetranspor,123,17418316,"-22.9322","-43.1776"
184,184-LARANJEIRAS X CENTRAL,Fetranspor,124,17418316,"-22.9322","-43.1776"
184,184-LARANJEIRAS X CENTRAL,Fetranspor,125,17418316,"-22.9315","-43.1776"
184,184-LARANJEIRAS X CENTRAL,Fetranspor,126,17418316,"-22.9313","-43.1776"
184,184-LARANJEIRAS X CENTRAL,Fetranspor,127,17418316,"-22.9313","-43.1776"
184,184-LARANJEIRAS X CENTRAL,Fetranspor,128,17418316,"-22.9311","-43.1776"
184,184-LARANJEIRAS X CENTRAL,Fetranspor,129,17418316,"-22.9311","-43.1776"
184,184-LARANJEIRAS X CENTRAL,Fetranspor,130,17418316,"-22.9305","-43.1777"
184,184-LARANJEIRAS X CENTRAL,Fetranspor,131,17418316,"-22.9305","-43.1777"
184,184-LARANJEIRAS X CENTRAL,Fetranspor,132,17418316,"-22.9303","-43.1777"
184,184-LARANJEIRAS X CENTRAL,Fetranspor,133,17418316,"-22.9303","-43.1777"
184,184-LARANJEIRAS X CENTRAL,Fetranspor,134,17418316,"-22.9301","-43.1776"
184,184-LARANJEIRAS X CENTRAL,Fetranspor,135,17418316,"-22.9299","-43.1776"
184,184-LARANJEIRAS X CENTRAL,Fetranspor,136,17418316,"-22.9298","-43.1776"
184,184-LARANJEIRAS X CENTRAL,Fetranspor,137,17418316,"-22.9298","-43.1776"
184,184-LARANJEIRAS X CENTRAL,Fetranspor,138,17418316,"-22.9289","-43.1773"
184,184-LARANJEIRAS X CENTRAL,Fetranspor,139,17418316,"-22.9289","-43.1773"
184,184-LARANJEIRAS X CENTRAL,Fetranspor,140,17418316,"-22.9288","-43.1772"
184,184-LARANJEIRAS X CENTRAL,Fetranspor,141,17418316,"-22.9288","-43.1772"
184,184-LARANJEIRAS X CENTRAL,Fetranspor,142,17418316,"-22.9283","-43.1771"
184,184-LARANJEIRAS X CENTRAL,Fetranspor,143,17418316,"-22.9283","-43.1771"
184,184-LARANJEIRAS X CENTRAL,Fetranspor,144,17418316,"-22.928","-43.177"
184,184-LARANJEIRAS X CENTRAL,Fetranspor,145,17418316,"-22.928","-43.177"
184,184-LARANJEIRAS X CENTRAL,Fetranspor,146,17418316,"-22.9275","-43.1768"
184,184-LARANJEIRAS X CENTRAL,Fetranspor,147,17418316,"-22.9275","-43.1768"
184,184-LARANJEIRAS X CENTRAL,Fetranspor,148,17418316,"-22.9274","-43.1768"
184,184-LARANJEIRAS X CENTRAL,Fetranspor,149,17418316,"-22.9271","-43.1767"
184,184-LARANJEIRAS X CENTRAL,Fetranspor,150,17418316,"-22.9269","-43.1766"
184,184-LARANJEIRAS X CENTRAL,Fetranspor,151,17418316,"-22.9268","-43.1766"
184,184-LARANJEIRAS X CENTRAL,Fetranspor,152,17418316,"-22.9268","-43.1766"
184,184-LARANJEIRAS X CENTRAL,Fetranspor,153,17418316,"-22.9265","-43.1766"
184,184-LARANJEIRAS X CENTRAL,Fetranspor,154,17418316,"-22.9263","-43.1766"
184,184-LARANJEIRAS X CENTRAL,Fetranspor,155,17418316,"-22.9257","-43.1766"
184,184-LARANJEIRAS X CENTRAL,Fetranspor,156,17418316,"-22.9257","-43.1766"
184,184-LARANJEIRAS X CENTRAL,Fetranspor,157,17418316,"-22.9256","-43.1766"
184,184-LARANJEIRAS X CENTRAL,Fetranspor,158,17418316,"-22.9254","-43.1766"
184,184-LARANJEIRAS X CENTRAL,Fetranspor,159,17418316,"-22.9253","-43.1766"
184,184-LARANJEIRAS X CENTRAL,Fetranspor,160,17418316,"-22.9244","-43.1769"
184,184-LARANJEIRAS X CENTRAL,Fetranspor,161,17418316,"-22.9244","-43.1769"
184,184-LARANJEIRAS X CENTRAL,Fetranspor,162,17418316,"-22.9241","-43.177"
184,184-LARANJEIRAS X CENTRAL,Fetranspor,163,17418316,"-22.9241","-43.177"
184,184-LARANJEIRAS X CENTRAL,Fetranspor,164,17418316,"-22.9238","-43.177"
184,184-LARANJEIRAS X CENTRAL,Fetranspor,165,17418316,"-22.9238","-43.177"
184,184-LARANJEIRAS X CENTRAL,Fetranspor,166,17418316,"-22.9235","-43.177"
184,184-LARANJEIRAS X CENTRAL,Fetranspor,167,17418316,"-22.9235","-43.177"
184,184-LARANJEIRAS X CENTRAL,Fetranspor,168,17418316,"-22.9233","-43.1771"
184,184-LARANJEIRAS X CENTRAL,Fetranspor,169,17418316,"-22.9228","-43.1771"
184,184-LARANJEIRAS X CENTRAL,Fetranspor,170,17418316,"-22.9224","-43.177"
184,184-LARANJEIRAS X CENTRAL,Fetranspor,171,17418316,"-22.922","-43.1769"
184,184-LARANJEIRAS X CENTRAL,Fetranspor,172,17418316,"-22.922","-43.1769"
184,184-LARANJEIRAS X CENTRAL,Fetranspor,173,17418316,"-22.9216","-43.1768"
184,184-LARANJEIRAS X CENTRAL,Fetranspor,174,17418316,"-22.9214","-43.1767"
184,184-LARANJEIRAS X CENTRAL,Fetranspor,175,17418316,"-22.9214","-43.1767"
184,184-LARANJEIRAS X CENTRAL,Fetranspor,176,17418316,"-22.9212","-43.1766"
184,184-LARANJEIRAS X CENTRAL,Fetranspor,177,17418316,"-22.9212","-43.1766"
184,184-LARANJEIRAS X CENTRAL,Fetranspor,178,17418316,"-22.9212","-43.1766"
184,184-LARANJEIRAS X CENTRAL,Fetranspor,179,17418316,"-22.9211","-43.1765"
184,184-LARANJEIRAS X CENTRAL,Fetranspor,180,17418316,"-22.9208","-43.1763"
184,184-LARANJEIRAS X CENTRAL,Fetranspor,181,17418316,"-22.9206","-43.1761"
184,184-LARANJEIRAS X CENTRAL,Fetranspor,182,17418316,"-22.9206","-43.1761"
184,184-LARANJEIRAS X CENTRAL,Fetranspor,183,17418316,"-22.9205","-43.1759"
184,184-LARANJEIRAS X CENTRAL,Fetranspor,184,17418316,"-22.9205","-43.1758"
184,184-LARANJEIRAS X CENTRAL,Fetranspor,185,17418316,"-22.9205","-43.1758"
184,184-LARANJEIRAS X CENTRAL,Fetranspor,186,17418316,"-22.9206","-43.1756"
184,184-LARANJEIRAS X CENTRAL,Fetranspor,187,17418316,"-22.9206","-43.1756"
184,184-LARANJEIRAS X CENTRAL,Fetranspor,188,17418316,"-22.9206","-43.1753"
184,184-LARANJEIRAS X CENTRAL,Fetranspor,189,17418316,"-22.9207","-43.1749"
184,184-LARANJEIRAS X CENTRAL,Fetranspor,190,17418316,"-22.9206","-43.1748"
184,184-LARANJEIRAS X CENTRAL,Fetranspor,191,17418316,"-22.9206","-43.1747"
184,184-LARANJEIRAS X CENTRAL,Fetranspor,192,17418316,"-22.9206","-43.1747"
184,184-LARANJEIRAS X CENTRAL,Fetranspor,193,17418316,"-22.9206","-43.1747"
184,184-LARANJEIRAS X CENTRAL,Fetranspor,194,17418316,"-22.9205","-43.1746"
184,184-LARANJEIRAS X CENTRAL,Fetranspor,195,17418316,"-22.9205","-43.1745"
184,184-LARANJEIRAS X CENTRAL,Fetranspor,196,17418316,"-22.9205","-43.1745"
184,184-LARANJEIRAS X CENTRAL,Fetranspor,197,17418316,"-22.9204","-43.1745"
184,184-LARANJEIRAS X CENTRAL,Fetranspor,198,17418316,"-22.9203","-43.1745"
184,184-LARANJEIRAS X CENTRAL,Fetranspor,199,17418316,"-22.9203","-43.1745"
184,184-LARANJEIRAS X CENTRAL,Fetranspor,200,17418316,"-22.9203","-43.1745"
184,184-LARANJEIRAS X CENTRAL,Fetranspor,201,17418316,"-22.9202","-43.1745"
184,184-LARANJEIRAS X CENTRAL,Fetranspor,202,17418316,"-22.9202","-43.1745"
184,184-LARANJEIRAS X CENTRAL,Fetranspor,203,17418316,"-22.9198","-43.1747"
184,184-LARANJEIRAS X CENTRAL,Fetranspor,204,17418316,"-22.9196","-43.1748"
184,184-LARANJEIRAS X CENTRAL,Fetranspor,205,17418316,"-22.9191","-43.175"
184,184-LARANJEIRAS X CENTRAL,Fetranspor,206,17418316,"-22.9187","-43.1751"
184,184-LARANJEIRAS X CENTRAL,Fetranspor,207,17418316,"-22.9183","-43.1752"
184,184-LARANJEIRAS X CENTRAL,Fetranspor,208,17418316,"-22.9179","-43.1752"
184,184-LARANJEIRAS X CENTRAL,Fetranspor,209,17418316,"-22.9172","-43.1753"
184,184-LARANJEIRAS X CENTRAL,Fetranspor,210,17418316,"-22.9168","-43.1753"
184,184-LARANJEIRAS X CENTRAL,Fetranspor,211,17418316,"-22.9162","-43.1752"
184,184-LARANJEIRAS X CENTRAL,Fetranspor,212,17418316,"-22.9156","-43.1751"
184,184-LARANJEIRAS X CENTRAL,Fetranspor,213,17418316,"-22.9153","-43.175"
184,184-LARANJEIRAS X CENTRAL,Fetranspor,214,17418316,"-22.9148","-43.1749"
184,184-LARANJEIRAS X CENTRAL,Fetranspor,215,17418316,"-22.9148","-43.1749"
184,184-LARANJEIRAS X CENTRAL,Fetranspor,216,17418316,"-22.9144","-43.1747"
184,184-LARANJEIRAS X CENTRAL,Fetranspor,217,17418316,"-22.9141","-43.1746"
184,184-LARANJEIRAS X CENTRAL,Fetranspor,218,17418316,"-22.9139","-43.1745"
184,184-LARANJEIRAS X CENTRAL,Fetranspor,219,17418316,"-22.9137","-43.1744"
184,184-LARANJEIRAS X CENTRAL,Fetranspor,220,17418316,"-22.9137","-43.1744"
184,184-LARANJEIRAS X CENTRAL,Fetranspor,221,17418316,"-22.9134","-43.1742"
184,184-LARANJEIRAS X CENTRAL,Fetranspor,222,17418316,"-22.9129","-43.1738"
184,184-LARANJEIRAS X CENTRAL,Fetranspor,223,17418316,"-22.9129","-43.1738"
184,184-LARANJEIRAS X CENTRAL,Fetranspor,224,17418316,"-22.9125","-43.1735"
184,184-LARANJEIRAS X CENTRAL,Fetranspor,225,17418316,"-22.9122","-43.1731"
184,184-LARANJEIRAS X CENTRAL,Fetranspor,226,17418316,"-22.912","-43.1729"
184,184-LARANJEIRAS X CENTRAL,Fetranspor,227,17418316,"-22.912","-43.1729"
184,184-LARANJEIRAS X CENTRAL,Fetranspor,228,17418316,"-22.9118","-43.1727"
184,184-LARANJEIRAS X CENTRAL,Fetranspor,229,17418316,"-22.9117","-43.1726"
184,184-LARANJEIRAS X CENTRAL,Fetranspor,230,17418316,"-22.9117","-43.1726"
184,184-LARANJEIRAS X CENTRAL,Fetranspor,231,17418316,"-22.9116","-43.1724"
184,184-LARANJEIRAS X CENTRAL,Fetranspor,232,17418316,"-22.9114","-43.1721"
184,184-LARANJEIRAS X CENTRAL,Fetranspor,233,17418316,"-22.9113","-43.172"
184,184-LARANJEIRAS X CENTRAL,Fetranspor,234,17418316,"-22.9113","-43.172"
184,184-LARANJEIRAS X CENTRAL,Fetranspor,235,17418316,"-22.9113","-43.1719"
184,184-LARANJEIRAS X CENTRAL,Fetranspor,236,17418316,"-22.9113","-43.1719"
184,184-LARANJEIRAS X CENTRAL,Fetranspor,237,17418316,"-22.9112","-43.1718"
184,184-LARANJEIRAS X CENTRAL,Fetranspor,238,17418316,"-22.9111","-43.1717"
184,184-LARANJEIRAS X CENTRAL,Fetranspor,239,17418316,"-22.911","-43.1717"
184,184-LARANJEIRAS X CENTRAL,Fetranspor,240,17418316,"-22.9109","-43.1717"
184,184-LARANJEIRAS X CENTRAL,Fetranspor,241,17418316,"-22.9108","-43.1717"
184,184-LARANJEIRAS X CENTRAL,Fetranspor,242,17418316,"-22.9108","-43.1717"
184,184-LARANJEIRAS X CENTRAL,Fetranspor,243,17418316,"-22.91","-43.1719"
184,184-LARANJEIRAS X CENTRAL,Fetranspor,244,17418316,"-22.91","-43.1719"
184,184-LARANJEIRAS X CENTRAL,Fetranspor,245,17418316,"-22.91","-43.1719"
184,184-LARANJEIRAS X CENTRAL,Fetranspor,246,17418316,"-22.9099","-43.1719"
184,184-LARANJEIRAS X CENTRAL,Fetranspor,247,17418316,"-22.9097","-43.172"
184,184-LARANJEIRAS X CENTRAL,Fetranspor,248,17418316,"-22.9097","-43.172"
184,184-LARANJEIRAS X CENTRAL,Fetranspor,249,17418316,"-22.9096","-43.172"
184,184-LARANJEIRAS X CENTRAL,Fetranspor,250,17418316,"-22.9096","-43.172"
184,184-LARANJEIRAS X CENTRAL,Fetranspor,251,17418316,"-22.9093","-43.1721"
184,184-LARANJEIRAS X CENTRAL,Fetranspor,252,17418316,"-22.9093","-43.1721"
184,184-LARANJEIRAS X CENTRAL,Fetranspor,253,17418316,"-22.909","-43.1722"
184,184-LARANJEIRAS X CENTRAL,Fetranspor,254,17418316,"-22.909","-43.1722"
184,184-LARANJEIRAS X CENTRAL,Fetranspor,255,17418316,"-22.9081","-43.1725"
184,184-LARANJEIRAS X CENTRAL,Fetranspor,256,17418316,"-22.9081","-43.1725"
184,184-LARANJEIRAS X CENTRAL,Fetranspor,257,17418316,"-22.9071","-43.1728"
184,184-LARANJEIRAS X CENTRAL,Fetranspor,258,17418316,"-22.9071","-43.1728"
184,184-LARANJEIRAS X CENTRAL,Fetranspor,259,17418316,"-22.9066","-43.173"
184,184-LARANJEIRAS X CENTRAL,Fetranspor,260,17418316,"-22.9066","-43.173"
184,184-LARANJEIRAS X CENTRAL,Fetranspor,261,17418316,"-22.9065","-43.173"
184,184-LARANJEIRAS X CENTRAL,Fetranspor,262,17418316,"-22.9065","-43.173"
184,184-LARANJEIRAS X CENTRAL,Fetranspor,263,17418316,"-22.9061","-43.1732"
184,184-LARANJEIRAS X CENTRAL,Fetranspor,264,17418316,"-22.9057","-43.1734"
184,184-LARANJEIRAS X CENTRAL,Fetranspor,265,17418316,"-22.9052","-43.1738"
184,184-LARANJEIRAS X CENTRAL,Fetranspor,266,17418316,"-22.905","-43.1739"
184,184-LARANJEIRAS X CENTRAL,Fetranspor,267,17418316,"-22.905","-43.1739"
184,184-LARANJEIRAS X CENTRAL,Fetranspor,268,17418316,"-22.9047","-43.1742"
184,184-LARANJEIRAS X CENTRAL,Fetranspor,269,17418316,"-22.9047","-43.1742"
184,184-LARANJEIRAS X CENTRAL,Fetranspor,270,17418316,"-22.9046","-43.1742"
184,184-LARANJEIRAS X CENTRAL,Fetranspor,271,17418316,"-22.9044","-43.1743"
184,184-LARANJEIRAS X CENTRAL,Fetranspor,272,17418316,"-22.9044","-43.1743"
184,184-LARANJEIRAS X CENTRAL,Fetranspor,273,17418316,"-22.9043","-43.1744"
184,184-LARANJEIRAS X CENTRAL,Fetranspor,274,17418316,"-22.9041","-43.1745"
184,184-LARANJEIRAS X CENTRAL,Fetranspor,275,17418316,"-22.904","-43.1745"
184,184-LARANJEIRAS X CENTRAL,Fetranspor,276,17418316,"-22.904","-43.1745"
184,184-LARANJEIRAS X CENTRAL,Fetranspor,277,17418316,"-22.9039","-43.1746"
184,184-LARANJEIRAS X CENTRAL,Fetranspor,278,17418316,"-22.9037","-43.1748"
184,184-LARANJEIRAS X CENTRAL,Fetranspor,279,17418316,"-22.9034","-43.175"
184,184-LARANJEIRAS X CENTRAL,Fetranspor,280,17418316,"-22.9034","-43.175"
184,184-LARANJEIRAS X CENTRAL,Fetranspor,281,17418316,"-22.9032","-43.1752"
184,184-LARANJEIRAS X CENTRAL,Fetranspor,282,17418316,"-22.9032","-43.1752"
184,184-LARANJEIRAS X CENTRAL,Fetranspor,283,17418316,"-22.9029","-43.1755"
184,184-LARANJEIRAS X CENTRAL,Fetranspor,284,17418316,"-22.9029","-43.1755"
184,184-LARANJEIRAS X CENTRAL,Fetranspor,285,17418316,"-22.9024","-43.1759"
184,184-LARANJEIRAS X CENTRAL,Fetranspor,286,17418316,"-22.9024","-43.1759"
184,184-LARANJEIRAS X CENTRAL,Fetranspor,287,17418316,"-22.9019","-43.1761"
184,184-LARANJEIRAS X CENTRAL,Fetranspor,288,17418316,"-22.9019","-43.1761"
184,184-LARANJEIRAS X CENTRAL,Fetranspor,289,17418316,"-22.9018","-43.1762"
184,184-LARANJEIRAS X CENTRAL,Fetranspor,290,17418316,"-22.9017","-43.1763"
184,184-LARANJEIRAS X CENTRAL,Fetranspor,291,17418316,"-22.9017","-43.1763"
184,184-LARANJEIRAS X CENTRAL,Fetranspor,292,17418316,"-22.9015","-43.1764"
184,184-LARANJEIRAS X CENTRAL,Fetranspor,293,17418316,"-22.9015","-43.1764"
184,184-LARANJEIRAS X CENTRAL,Fetranspor,294,17418316,"-22.9013","-43.1765"
184,184-LARANJEIRAS X CENTRAL,Fetranspor,295,17418316,"-22.9013","-43.1765"
184,184-LARANJEIRAS X CENTRAL,Fetranspor,296,17418316,"-22.901","-43.1766"
184,184-LARANJEIRAS X CENTRAL,Fetranspor,297,17418316,"-22.9008","-43.1767"
184,184-LARANJEIRAS X CENTRAL,Fetranspor,298,17418316,"-22.9008","-43.1767"
184,184-LARANJEIRAS X CENTRAL,Fetranspor,299,17418316,"-22.9006","-43.1768"
184,184-LARANJEIRAS X CENTRAL,Fetranspor,300,17418316,"-22.9006","-43.1768"
184,184-LARANJEIRAS X CENTRAL,Fetranspor,301,17418316,"-22.9003","-43.1769"
184,184-LARANJEIRAS X CENTRAL,Fetranspor,302,17418316,"-22.9003","-43.1769"
184,184-LARANJEIRAS X CENTRAL,Fetranspor,303,17418316,"-22.9004","-43.1772"
184,184-LARANJEIRAS X CENTRAL,Fetranspor,304,17418316,"-22.9004","-43.1774"
184,184-LARANJEIRAS X CENTRAL,Fetranspor,305,17418316,"-22.9004","-43.1774"
184,184-LARANJEIRAS X CENTRAL,Fetranspor,306,17418316,"-22.9004","-43.1774"
184,184-LARANJEIRAS X CENTRAL,Fetranspor,307,17418316,"-22.9004","-43.1774"
184,184-LARANJEIRAS X CENTRAL,Fetranspor,308,17418316,"-22.9007","-43.1783"
184,184-LARANJEIRAS X CENTRAL,Fetranspor,309,17418316,"-22.9007","-43.1783"
184,184-LARANJEIRAS X CENTRAL,Fetranspor,310,17418316,"-22.9008","-43.1785"
184,184-LARANJEIRAS X CENTRAL,Fetranspor,311,17418316,"-22.9009","-43.179"
184,184-LARANJEIRAS X CENTRAL,Fetranspor,312,17418316,"-22.9009","-43.179"
184,184-LARANJEIRAS X CENTRAL,Fetranspor,313,17418316,"-22.9012","-43.1791"
184,184-LARANJEIRAS X CENTRAL,Fetranspor,314,17418316,"-22.9012","-43.1791"
184,184-LARANJEIRAS X CENTRAL,Fetranspor,315,17418316,"-22.9013","-43.1795"
184,184-LARANJEIRAS X CENTRAL,Fetranspor,316,17418316,"-22.9018","-43.181"
184,184-LARANJEIRAS X CENTRAL,Fetranspor,317,17418316,"-22.9018","-43.1813"
184,184-LARANJEIRAS X CENTRAL,Fetranspor,318,17418316,"-22.9019","-43.1815"
184,184-LARANJEIRAS X CENTRAL,Fetranspor,319,17418316,"-22.9019","-43.1815"
184,184-LARANJEIRAS X CENTRAL,Fetranspor,320,17418316,"-22.9027","-43.184"
184,184-LARANJEIRAS X CENTRAL,Fetranspor,321,17418316,"-22.9027","-43.184"
184,184-LARANJEIRAS X CENTRAL,Fetranspor,322,17418316,"-22.9028","-43.1842"
184,184-LARANJEIRAS X CENTRAL,Fetranspor,323,17418316,"-22.9028","-43.1842"
184,184-LARANJEIRAS X CENTRAL,Fetranspor,324,17418316,"-22.9029","-43.1852"
184,184-LARANJEIRAS X CENTRAL,Fetranspor,325,17418316,"-22.9029","-43.1852"
184,184-LARANJEIRAS X CENTRAL,Fetranspor,326,17418316,"-22.9031","-43.1858"
184,184-LARANJEIRAS X CENTRAL,Fetranspor,327,17418316,"-22.9031","-43.1858"
184,184-LARANJEIRAS X CENTRAL,Fetranspor,328,17418316,"-22.9036","-43.1871"
184,184-LARANJEIRAS X CENTRAL,Fetranspor,329,17418316,"-22.9036","-43.1871"
184,184-LARANJEIRAS X CENTRAL,Fetranspor,330,17418316,"-22.904","-43.1884"
184,184-LARANJEIRAS X CENTRAL,Fetranspor,331,17418316,"-22.904","-43.1884"
184,184-LARANJEIRAS X CENTRAL,Fetranspor,332,17418316,"-22.9043","-43.1894"
184,184-LARANJEIRAS X CENTRAL,Fetranspor,333,17418316,"-22.9045","-43.1901"
184,184-LARANJEIRAS X CENTRAL,Fetranspor,334,17418316,"-22.9045","-43.1901"
184,184-LARANJEIRAS X CENTRAL,Fetranspor,335,17418316,"-22.9047","-43.1906"
184,184-LARANJEIRAS X CENTRAL,Fetranspor,336,17418316,"-22.9047","-43.1906"
184,184-LARANJEIRAS X CENTRAL,Fetranspor,337,17418316,"-22.9047","-43.1908"
184,184-LARANJEIRAS X CENTRAL,Fetranspor,338,17418316,"-22.9049","-43.1912"
184,184-LARANJEIRAS X CENTRAL,Fetranspor,339,17418316,"-22.9049","-43.1912"
184,184-LARANJEIRAS X CENTRAL,Fetranspor,340,17418316,"-22.905","-43.1914"
184,184-LARANJEIRAS X CENTRAL,Fetranspor,341,17418316,"-22.905","-43.1914"
184,184-LARANJEIRAS X CENTRAL,Fetranspor,342,17418316,"-22.905","-43.1916"
184,184-LARANJEIRAS X CENTRAL,Fetranspor,343,17418316,"-22.905","-43.1916"
184,184-LARANJEIRAS X CENTRAL,Fetranspor,344,17418316,"-22.9049","-43.1917"
184,184-LARANJEIRAS X CENTRAL,Fetranspor,345,17418316,"-22.9049","-43.1917"
184,184-LARANJEIRAS X CENTRAL,Fetranspor,346,17418316,"-22.9049","-43.1917"
184,184-LARANJEIRAS X CENTRAL,Fetranspor,347,17418316,"-22.905","-43.1921"
184,184-LARANJEIRAS X CENTRAL,Fetranspor,348,17418316,"-22.9052","-43.1927"
184,184-LARANJEIRAS X CENTRAL,Fetranspor,349,17418316,"-22.9053","-43.1929"
184,184-LARANJEIRAS X CENTRAL,Fetranspor,350,17418316,"-22.9052","-43.1929"
184,184-LARANJEIRAS X CENTRAL,Fetranspor,351,17418316,"-22.9052","-43.193"
184,184-LARANJEIRAS X CENTRAL,Fetranspor,352,17418316,"-22.9052","-43.193"
184,184-LARANJEIRAS X CENTRAL,Fetranspor,353,17418316,"-22.905","-43.1931"
