linha,descricao,agencia,sequencia,shape_id,latitude,longitude
201,201-SANTA ALEXANDRINA X PRACA XV (CIRCULAR),Fetranspor,0,17432108,"-22.9064","-43.1745"
201,201-SANTA ALEXANDRINA X PRACA XV (CIRCULAR),Fetranspor,1,17432108,"-22.9064","-43.1753"
201,201-SANTA ALEXANDRINA X PRACA XV (CIRCULAR),Fetranspor,2,17432108,"-22.9064","-43.1753"
201,201-SANTA ALEXANDRINA X PRACA XV (CIRCULAR),Fetranspor,3,17432108,"-22.9064","-43.1761"
201,201-SANTA ALEXANDRINA X PRACA XV (CIRCULAR),Fetranspor,4,17432108,"-22.9064","-43.1761"
201,201-SANTA ALEXANDRINA X PRACA XV (CIRCULAR),Fetranspor,5,17432108,"-22.9064","-43.1767"
201,201-SANTA ALEXANDRINA X PRACA XV (CIRCULAR),Fetranspor,6,17432108,"-22.9064","-43.1767"
201,201-SANTA ALEXANDRINA X PRACA XV (CIRCULAR),Fetranspor,7,17432108,"-22.9064","-43.1767"
201,201-SANTA ALEXANDRINA X PRACA XV (CIRCULAR),Fetranspor,8,17432108,"-22.9064","-43.1767"
201,201-SANTA ALEXANDRINA X PRACA XV (CIRCULAR),Fetranspor,9,17432108,"-22.9063","-43.1769"
201,201-SANTA ALEXANDRINA X PRACA XV (CIRCULAR),Fetranspor,10,17432108,"-22.9063","-43.177"
201,201-SANTA ALEXANDRINA X PRACA XV (CIRCULAR),Fetranspor,11,17432108,"-22.9064","-43.1771"
201,201-SANTA ALEXANDRINA X PRACA XV (CIRCULAR),Fetranspor,12,17432108,"-22.9064","-43.1771"
201,201-SANTA ALEXANDRINA X PRACA XV (CIRCULAR),Fetranspor,13,17432108,"-22.9064","-43.1772"
201,201-SANTA ALEXANDRINA X PRACA XV (CIRCULAR),Fetranspor,14,17432108,"-22.9064","-43.1781"
201,201-SANTA ALEXANDRINA X PRACA XV (CIRCULAR),Fetranspor,15,17432108,"-22.9064","-43.1782"
201,201-SANTA ALEXANDRINA X PRACA XV (CIRCULAR),Fetranspor,16,17432108,"-22.9064","-43.1782"
201,201-SANTA ALEXANDRINA X PRACA XV (CIRCULAR),Fetranspor,17,17432108,"-22.9064","-43.1784"
201,201-SANTA ALEXANDRINA X PRACA XV (CIRCULAR),Fetranspor,18,17432108,"-22.9064","-43.1785"
201,201-SANTA ALEXANDRINA X PRACA XV (CIRCULAR),Fetranspor,19,17432108,"-22.9063","-43.1786"
201,201-SANTA ALEXANDRINA X PRACA XV (CIRCULAR),Fetranspor,20,17432108,"-22.9063","-43.1786"
201,201-SANTA ALEXANDRINA X PRACA XV (CIRCULAR),Fetranspor,21,17432108,"-22.9064","-43.1788"
201,201-SANTA ALEXANDRINA X PRACA XV (CIRCULAR),Fetranspor,22,17432108,"-22.9065","-43.1795"
201,201-SANTA ALEXANDRINA X PRACA XV (CIRCULAR),Fetranspor,23,17432108,"-22.9065","-43.1795"
201,201-SANTA ALEXANDRINA X PRACA XV (CIRCULAR),Fetranspor,24,17432108,"-22.9065","-43.18"
201,201-SANTA ALEXANDRINA X PRACA XV (CIRCULAR),Fetranspor,25,17432108,"-22.9067","-43.181"
201,201-SANTA ALEXANDRINA X PRACA XV (CIRCULAR),Fetranspor,26,17432108,"-22.9068","-43.1811"
201,201-SANTA ALEXANDRINA X PRACA XV (CIRCULAR),Fetranspor,27,17432108,"-22.9068","-43.1811"
201,201-SANTA ALEXANDRINA X PRACA XV (CIRCULAR),Fetranspor,28,17432108,"-22.9068","-43.1812"
201,201-SANTA ALEXANDRINA X PRACA XV (CIRCULAR),Fetranspor,29,17432108,"-22.9069","-43.1814"
201,201-SANTA ALEXANDRINA X PRACA XV (CIRCULAR),Fetranspor,30,17432108,"-22.907","-43.1818"
201,201-SANTA ALEXANDRINA X PRACA XV (CIRCULAR),Fetranspor,31,17432108,"-22.907","-43.1818"
201,201-SANTA ALEXANDRINA X PRACA XV (CIRCULAR),Fetranspor,32,17432108,"-22.907","-43.1819"
201,201-SANTA ALEXANDRINA X PRACA XV (CIRCULAR),Fetranspor,33,17432108,"-22.907","-43.1819"
201,201-SANTA ALEXANDRINA X PRACA XV (CIRCULAR),Fetranspor,34,17432108,"-22.9071","-43.1821"
201,201-SANTA ALEXANDRINA X PRACA XV (CIRCULAR),Fetranspor,35,17432108,"-22.9072","-43.1825"
201,201-SANTA ALEXANDRINA X PRACA XV (CIRCULAR),Fetranspor,36,17432108,"-22.9072","-43.1825"
201,201-SANTA ALEXANDRINA X PRACA XV (CIRCULAR),Fetranspor,37,17432108,"-22.9074","-43.1831"
201,201-SANTA ALEXANDRINA X PRACA XV (CIRCULAR),Fetranspor,38,17432108,"-22.9074","-43.1831"
201,201-SANTA ALEXANDRINA X PRACA XV (CIRCULAR),Fetranspor,39,17432108,"-22.9074","-43.1832"
201,201-SANTA ALEXANDRINA X PRACA XV (CIRCULAR),Fetranspor,40,17432108,"-22.9074","-43.1832"
201,201-SANTA ALEXANDRINA X PRACA XV (CIRCULAR),Fetranspor,41,17432108,"-22.9075","-43.1835"
201,201-SANTA ALEXANDRINA X PRACA XV (CIRCULAR),Fetranspor,42,17432108,"-22.9075","-43.1835"
201,201-SANTA ALEXANDRINA X PRACA XV (CIRCULAR),Fetranspor,43,17432108,"-22.9077","-43.184"
201,201-SANTA ALEXANDRINA X PRACA XV (CIRCULAR),Fetranspor,44,17432108,"-22.9077","-43.184"
201,201-SANTA ALEXANDRINA X PRACA XV (CIRCULAR),Fetranspor,45,17432108,"-22.9078","-43.1844"
201,201-SANTA ALEXANDRINA X PRACA XV (CIRCULAR),Fetranspor,46,17432108,"-22.9078","-43.1844"
201,201-SANTA ALEXANDRINA X PRACA XV (CIRCULAR),Fetranspor,47,17432108,"-22.908","-43.185"
201,201-SANTA ALEXANDRINA X PRACA XV (CIRCULAR),Fetranspor,48,17432108,"-22.908","-43.185"
201,201-SANTA ALEXANDRINA X PRACA XV (CIRCULAR),Fetranspor,49,17432108,"-22.9081","-43.1854"
201,201-SANTA ALEXANDRINA X PRACA XV (CIRCULAR),Fetranspor,50,17432108,"-22.9081","-43.1856"
201,201-SANTA ALEXANDRINA X PRACA XV (CIRCULAR),Fetranspor,51,17432108,"-22.9081","-43.1856"
201,201-SANTA ALEXANDRINA X PRACA XV (CIRCULAR),Fetranspor,52,17432108,"-22.9083","-43.1861"
201,201-SANTA ALEXANDRINA X PRACA XV (CIRCULAR),Fetranspor,53,17432108,"-22.9083","-43.1861"
201,201-SANTA ALEXANDRINA X PRACA XV (CIRCULAR),Fetranspor,54,17432108,"-22.9083","-43.1862"
201,201-SANTA ALEXANDRINA X PRACA XV (CIRCULAR),Fetranspor,55,17432108,"-22.9083","-43.1862"
201,201-SANTA ALEXANDRINA X PRACA XV (CIRCULAR),Fetranspor,56,17432108,"-22.9083","-43.1864"
201,201-SANTA ALEXANDRINA X PRACA XV (CIRCULAR),Fetranspor,57,17432108,"-22.9085","-43.1871"
201,201-SANTA ALEXANDRINA X PRACA XV (CIRCULAR),Fetranspor,58,17432108,"-22.909","-43.1888"
201,201-SANTA ALEXANDRINA X PRACA XV (CIRCULAR),Fetranspor,59,17432108,"-22.909","-43.1888"
201,201-SANTA ALEXANDRINA X PRACA XV (CIRCULAR),Fetranspor,60,17432108,"-22.9094","-43.1902"
201,201-SANTA ALEXANDRINA X PRACA XV (CIRCULAR),Fetranspor,61,17432108,"-22.9095","-43.1904"
201,201-SANTA ALEXANDRINA X PRACA XV (CIRCULAR),Fetranspor,62,17432108,"-22.9095","-43.1906"
201,201-SANTA ALEXANDRINA X PRACA XV (CIRCULAR),Fetranspor,63,17432108,"-22.9096","-43.1908"
201,201-SANTA ALEXANDRINA X PRACA XV (CIRCULAR),Fetranspor,64,17432108,"-22.91","-43.1914"
201,201-SANTA ALEXANDRINA X PRACA XV (CIRCULAR),Fetranspor,65,17432108,"-22.9101","-43.1915"
201,201-SANTA ALEXANDRINA X PRACA XV (CIRCULAR),Fetranspor,66,17432108,"-22.9101","-43.1915"
201,201-SANTA ALEXANDRINA X PRACA XV (CIRCULAR),Fetranspor,67,17432108,"-22.9104","-43.192"
201,201-SANTA ALEXANDRINA X PRACA XV (CIRCULAR),Fetranspor,68,17432108,"-22.9105","-43.1922"
201,201-SANTA ALEXANDRINA X PRACA XV (CIRCULAR),Fetranspor,69,17432108,"-22.9105","-43.1922"
201,201-SANTA ALEXANDRINA X PRACA XV (CIRCULAR),Fetranspor,70,17432108,"-22.9106","-43.1924"
201,201-SANTA ALEXANDRINA X PRACA XV (CIRCULAR),Fetranspor,71,17432108,"-22.9109","-43.193"
201,201-SANTA ALEXANDRINA X PRACA XV (CIRCULAR),Fetranspor,72,17432108,"-22.9109","-43.193"
201,201-SANTA ALEXANDRINA X PRACA XV (CIRCULAR),Fetranspor,73,17432108,"-22.9112","-43.1935"
201,201-SANTA ALEXANDRINA X PRACA XV (CIRCULAR),Fetranspor,74,17432108,"-22.9112","-43.1935"
201,201-SANTA ALEXANDRINA X PRACA XV (CIRCULAR),Fetranspor,75,17432108,"-22.9113","-43.1937"
201,201-SANTA ALEXANDRINA X PRACA XV (CIRCULAR),Fetranspor,76,17432108,"-22.9114","-43.1942"
201,201-SANTA ALEXANDRINA X PRACA XV (CIRCULAR),Fetranspor,77,17432108,"-22.9116","-43.1953"
201,201-SANTA ALEXANDRINA X PRACA XV (CIRCULAR),Fetranspor,78,17432108,"-22.9116","-43.1953"
201,201-SANTA ALEXANDRINA X PRACA XV (CIRCULAR),Fetranspor,79,17432108,"-22.9117","-43.1956"
201,201-SANTA ALEXANDRINA X PRACA XV (CIRCULAR),Fetranspor,80,17432108,"-22.9117","-43.1956"
201,201-SANTA ALEXANDRINA X PRACA XV (CIRCULAR),Fetranspor,81,17432108,"-22.9117","-43.1957"
201,201-SANTA ALEXANDRINA X PRACA XV (CIRCULAR),Fetranspor,82,17432108,"-22.9117","-43.1958"
201,201-SANTA ALEXANDRINA X PRACA XV (CIRCULAR),Fetranspor,83,17432108,"-22.9118","-43.1963"
201,201-SANTA ALEXANDRINA X PRACA XV (CIRCULAR),Fetranspor,84,17432108,"-22.9118","-43.1963"
201,201-SANTA ALEXANDRINA X PRACA XV (CIRCULAR),Fetranspor,85,17432108,"-22.9118","-43.1967"
201,201-SANTA ALEXANDRINA X PRACA XV (CIRCULAR),Fetranspor,86,17432108,"-22.9118","-43.1967"
201,201-SANTA ALEXANDRINA X PRACA XV (CIRCULAR),Fetranspor,87,17432108,"-22.9119","-43.197"
201,201-SANTA ALEXANDRINA X PRACA XV (CIRCULAR),Fetranspor,88,17432108,"-22.9119","-43.197"
201,201-SANTA ALEXANDRINA X PRACA XV (CIRCULAR),Fetranspor,89,17432108,"-22.912","-43.1975"
201,201-SANTA ALEXANDRINA X PRACA XV (CIRCULAR),Fetranspor,90,17432108,"-22.912","-43.1975"
201,201-SANTA ALEXANDRINA X PRACA XV (CIRCULAR),Fetranspor,91,17432108,"-22.9121","-43.1979"
201,201-SANTA ALEXANDRINA X PRACA XV (CIRCULAR),Fetranspor,92,17432108,"-22.9121","-43.1979"
201,201-SANTA ALEXANDRINA X PRACA XV (CIRCULAR),Fetranspor,93,17432108,"-22.9122","-43.1983"
201,201-SANTA ALEXANDRINA X PRACA XV (CIRCULAR),Fetranspor,94,17432108,"-22.9122","-43.1983"
201,201-SANTA ALEXANDRINA X PRACA XV (CIRCULAR),Fetranspor,95,17432108,"-22.9123","-43.1988"
201,201-SANTA ALEXANDRINA X PRACA XV (CIRCULAR),Fetranspor,96,17432108,"-22.9123","-43.1988"
201,201-SANTA ALEXANDRINA X PRACA XV (CIRCULAR),Fetranspor,97,17432108,"-22.9124","-43.1994"
201,201-SANTA ALEXANDRINA X PRACA XV (CIRCULAR),Fetranspor,98,17432108,"-22.9124","-43.1994"
201,201-SANTA ALEXANDRINA X PRACA XV (CIRCULAR),Fetranspor,99,17432108,"-22.9131","-43.1994"
201,201-SANTA ALEXANDRINA X PRACA XV (CIRCULAR),Fetranspor,100,17432108,"-22.9131","-43.1994"
201,201-SANTA ALEXANDRINA X PRACA XV (CIRCULAR),Fetranspor,101,17432108,"-22.9141","-43.1995"
201,201-SANTA ALEXANDRINA X PRACA XV (CIRCULAR),Fetranspor,102,17432108,"-22.9141","-43.1994"
201,201-SANTA ALEXANDRINA X PRACA XV (CIRCULAR),Fetranspor,103,17432108,"-22.9142","-43.1994"
201,201-SANTA ALEXANDRINA X PRACA XV (CIRCULAR),Fetranspor,104,17432108,"-22.9142","-43.1994"
201,201-SANTA ALEXANDRINA X PRACA XV (CIRCULAR),Fetranspor,105,17432108,"-22.9143","-43.1993"
201,201-SANTA ALEXANDRINA X PRACA XV (CIRCULAR),Fetranspor,106,17432108,"-22.9143","-43.1993"
201,201-SANTA ALEXANDRINA X PRACA XV (CIRCULAR),Fetranspor,107,17432108,"-22.9143","-43.1992"
201,201-SANTA ALEXANDRINA X PRACA XV (CIRCULAR),Fetranspor,108,17432108,"-22.9143","-43.1992"
201,201-SANTA ALEXANDRINA X PRACA XV (CIRCULAR),Fetranspor,109,17432108,"-22.9144","-43.1986"
201,201-SANTA ALEXANDRINA X PRACA XV (CIRCULAR),Fetranspor,110,17432108,"-22.9144","-43.1986"
201,201-SANTA ALEXANDRINA X PRACA XV (CIRCULAR),Fetranspor,111,17432108,"-22.9145","-43.1983"
201,201-SANTA ALEXANDRINA X PRACA XV (CIRCULAR),Fetranspor,112,17432108,"-22.9144","-43.1981"
201,201-SANTA ALEXANDRINA X PRACA XV (CIRCULAR),Fetranspor,113,17432108,"-22.9143","-43.1975"
201,201-SANTA ALEXANDRINA X PRACA XV (CIRCULAR),Fetranspor,114,17432108,"-22.9143","-43.1971"
201,201-SANTA ALEXANDRINA X PRACA XV (CIRCULAR),Fetranspor,115,17432108,"-22.9143","-43.1971"
201,201-SANTA ALEXANDRINA X PRACA XV (CIRCULAR),Fetranspor,116,17432108,"-22.9153","-43.1967"
201,201-SANTA ALEXANDRINA X PRACA XV (CIRCULAR),Fetranspor,117,17432108,"-22.9153","-43.1967"
201,201-SANTA ALEXANDRINA X PRACA XV (CIRCULAR),Fetranspor,118,17432108,"-22.9158","-43.1965"
201,201-SANTA ALEXANDRINA X PRACA XV (CIRCULAR),Fetranspor,119,17432108,"-22.9162","-43.1963"
201,201-SANTA ALEXANDRINA X PRACA XV (CIRCULAR),Fetranspor,120,17432108,"-22.9162","-43.1963"
201,201-SANTA ALEXANDRINA X PRACA XV (CIRCULAR),Fetranspor,121,17432108,"-22.9164","-43.1963"
201,201-SANTA ALEXANDRINA X PRACA XV (CIRCULAR),Fetranspor,122,17432108,"-22.9165","-43.1962"
201,201-SANTA ALEXANDRINA X PRACA XV (CIRCULAR),Fetranspor,123,17432108,"-22.9166","-43.1962"
201,201-SANTA ALEXANDRINA X PRACA XV (CIRCULAR),Fetranspor,124,17432108,"-22.9168","-43.1962"
201,201-SANTA ALEXANDRINA X PRACA XV (CIRCULAR),Fetranspor,125,17432108,"-22.9168","-43.1962"
201,201-SANTA ALEXANDRINA X PRACA XV (CIRCULAR),Fetranspor,126,17432108,"-22.9168","-43.1961"
201,201-SANTA ALEXANDRINA X PRACA XV (CIRCULAR),Fetranspor,127,17432108,"-22.917","-43.1959"
201,201-SANTA ALEXANDRINA X PRACA XV (CIRCULAR),Fetranspor,128,17432108,"-22.917","-43.1958"
201,201-SANTA ALEXANDRINA X PRACA XV (CIRCULAR),Fetranspor,129,17432108,"-22.917","-43.1958"
201,201-SANTA ALEXANDRINA X PRACA XV (CIRCULAR),Fetranspor,130,17432108,"-22.917","-43.1953"
201,201-SANTA ALEXANDRINA X PRACA XV (CIRCULAR),Fetranspor,131,17432108,"-22.917","-43.1953"
201,201-SANTA ALEXANDRINA X PRACA XV (CIRCULAR),Fetranspor,132,17432108,"-22.917","-43.1953"
201,201-SANTA ALEXANDRINA X PRACA XV (CIRCULAR),Fetranspor,133,17432108,"-22.917","-43.1952"
201,201-SANTA ALEXANDRINA X PRACA XV (CIRCULAR),Fetranspor,134,17432108,"-22.917","-43.1951"
201,201-SANTA ALEXANDRINA X PRACA XV (CIRCULAR),Fetranspor,135,17432108,"-22.9171","-43.1951"
201,201-SANTA ALEXANDRINA X PRACA XV (CIRCULAR),Fetranspor,136,17432108,"-22.9171","-43.195"
201,201-SANTA ALEXANDRINA X PRACA XV (CIRCULAR),Fetranspor,137,17432108,"-22.9175","-43.1949"
201,201-SANTA ALEXANDRINA X PRACA XV (CIRCULAR),Fetranspor,138,17432108,"-22.9176","-43.1949"
201,201-SANTA ALEXANDRINA X PRACA XV (CIRCULAR),Fetranspor,139,17432108,"-22.9177","-43.1948"
201,201-SANTA ALEXANDRINA X PRACA XV (CIRCULAR),Fetranspor,140,17432108,"-22.9178","-43.1949"
201,201-SANTA ALEXANDRINA X PRACA XV (CIRCULAR),Fetranspor,141,17432108,"-22.9178","-43.1949"
201,201-SANTA ALEXANDRINA X PRACA XV (CIRCULAR),Fetranspor,142,17432108,"-22.918","-43.195"
201,201-SANTA ALEXANDRINA X PRACA XV (CIRCULAR),Fetranspor,143,17432108,"-22.9184","-43.1952"
201,201-SANTA ALEXANDRINA X PRACA XV (CIRCULAR),Fetranspor,144,17432108,"-22.9184","-43.1952"
201,201-SANTA ALEXANDRINA X PRACA XV (CIRCULAR),Fetranspor,145,17432108,"-22.9186","-43.1954"
201,201-SANTA ALEXANDRINA X PRACA XV (CIRCULAR),Fetranspor,146,17432108,"-22.9186","-43.1954"
201,201-SANTA ALEXANDRINA X PRACA XV (CIRCULAR),Fetranspor,147,17432108,"-22.9193","-43.1958"
201,201-SANTA ALEXANDRINA X PRACA XV (CIRCULAR),Fetranspor,148,17432108,"-22.9199","-43.1963"
201,201-SANTA ALEXANDRINA X PRACA XV (CIRCULAR),Fetranspor,149,17432108,"-22.9205","-43.1967"
201,201-SANTA ALEXANDRINA X PRACA XV (CIRCULAR),Fetranspor,150,17432108,"-22.9208","-43.1968"
201,201-SANTA ALEXANDRINA X PRACA XV (CIRCULAR),Fetranspor,151,17432108,"-22.9208","-43.1968"
201,201-SANTA ALEXANDRINA X PRACA XV (CIRCULAR),Fetranspor,152,17432108,"-22.9209","-43.1969"
201,201-SANTA ALEXANDRINA X PRACA XV (CIRCULAR),Fetranspor,153,17432108,"-22.9211","-43.197"
201,201-SANTA ALEXANDRINA X PRACA XV (CIRCULAR),Fetranspor,154,17432108,"-22.9215","-43.1971"
201,201-SANTA ALEXANDRINA X PRACA XV (CIRCULAR),Fetranspor,155,17432108,"-22.9219","-43.1972"
201,201-SANTA ALEXANDRINA X PRACA XV (CIRCULAR),Fetranspor,156,17432108,"-22.9223","-43.1973"
201,201-SANTA ALEXANDRINA X PRACA XV (CIRCULAR),Fetranspor,157,17432108,"-22.9223","-43.1973"
201,201-SANTA ALEXANDRINA X PRACA XV (CIRCULAR),Fetranspor,158,17432108,"-22.9226","-43.1975"
201,201-SANTA ALEXANDRINA X PRACA XV (CIRCULAR),Fetranspor,159,17432108,"-22.9226","-43.1975"
201,201-SANTA ALEXANDRINA X PRACA XV (CIRCULAR),Fetranspor,160,17432108,"-22.9229","-43.1976"
201,201-SANTA ALEXANDRINA X PRACA XV (CIRCULAR),Fetranspor,161,17432108,"-22.9229","-43.1976"
201,201-SANTA ALEXANDRINA X PRACA XV (CIRCULAR),Fetranspor,162,17432108,"-22.923","-43.1977"
201,201-SANTA ALEXANDRINA X PRACA XV (CIRCULAR),Fetranspor,163,17432108,"-22.9233","-43.1978"
201,201-SANTA ALEXANDRINA X PRACA XV (CIRCULAR),Fetranspor,164,17432108,"-22.9236","-43.198"
201,201-SANTA ALEXANDRINA X PRACA XV (CIRCULAR),Fetranspor,165,17432108,"-22.9238","-43.1981"
201,201-SANTA ALEXANDRINA X PRACA XV (CIRCULAR),Fetranspor,166,17432108,"-22.9238","-43.1981"
201,201-SANTA ALEXANDRINA X PRACA XV (CIRCULAR),Fetranspor,167,17432108,"-22.9242","-43.1985"
201,201-SANTA ALEXANDRINA X PRACA XV (CIRCULAR),Fetranspor,168,17432108,"-22.9242","-43.1985"
201,201-SANTA ALEXANDRINA X PRACA XV (CIRCULAR),Fetranspor,169,17432108,"-22.9247","-43.1989"
201,201-SANTA ALEXANDRINA X PRACA XV (CIRCULAR),Fetranspor,170,17432108,"-22.9248","-43.199"
201,201-SANTA ALEXANDRINA X PRACA XV (CIRCULAR),Fetranspor,171,17432108,"-22.9248","-43.199"
201,201-SANTA ALEXANDRINA X PRACA XV (CIRCULAR),Fetranspor,172,17432108,"-22.9248","-43.1991"
201,201-SANTA ALEXANDRINA X PRACA XV (CIRCULAR),Fetranspor,173,17432108,"-22.9249","-43.1992"
201,201-SANTA ALEXANDRINA X PRACA XV (CIRCULAR),Fetranspor,174,17432108,"-22.925","-43.1997"
201,201-SANTA ALEXANDRINA X PRACA XV (CIRCULAR),Fetranspor,175,17432108,"-22.9251","-43.1998"
201,201-SANTA ALEXANDRINA X PRACA XV (CIRCULAR),Fetranspor,176,17432108,"-22.9251","-43.2002"
201,201-SANTA ALEXANDRINA X PRACA XV (CIRCULAR),Fetranspor,177,17432108,"-22.9252","-43.2004"
201,201-SANTA ALEXANDRINA X PRACA XV (CIRCULAR),Fetranspor,178,17432108,"-22.9252","-43.201"
201,201-SANTA ALEXANDRINA X PRACA XV (CIRCULAR),Fetranspor,179,17432108,"-22.9252","-43.2019"
201,201-SANTA ALEXANDRINA X PRACA XV (CIRCULAR),Fetranspor,180,17432108,"-22.9252","-43.2023"
201,201-SANTA ALEXANDRINA X PRACA XV (CIRCULAR),Fetranspor,181,17432108,"-22.9252","-43.2024"
201,201-SANTA ALEXANDRINA X PRACA XV (CIRCULAR),Fetranspor,182,17432108,"-22.9252","-43.2024"
201,201-SANTA ALEXANDRINA X PRACA XV (CIRCULAR),Fetranspor,183,17432108,"-22.925","-43.2029"
201,201-SANTA ALEXANDRINA X PRACA XV (CIRCULAR),Fetranspor,184,17432108,"-22.9248","-43.204"
201,201-SANTA ALEXANDRINA X PRACA XV (CIRCULAR),Fetranspor,185,17432108,"-22.9248","-43.204"
201,201-SANTA ALEXANDRINA X PRACA XV (CIRCULAR),Fetranspor,186,17432108,"-22.924","-43.2038"
201,201-SANTA ALEXANDRINA X PRACA XV (CIRCULAR),Fetranspor,187,17432108,"-22.924","-43.2038"
201,201-SANTA ALEXANDRINA X PRACA XV (CIRCULAR),Fetranspor,188,17432108,"-22.9239","-43.2049"
201,201-SANTA ALEXANDRINA X PRACA XV (CIRCULAR),Fetranspor,189,17432108,"-22.9239","-43.2049"
201,201-SANTA ALEXANDRINA X PRACA XV (CIRCULAR),Fetranspor,190,17432108,"-22.9237","-43.206"
201,201-SANTA ALEXANDRINA X PRACA XV (CIRCULAR),Fetranspor,191,17432108,"-22.9237","-43.206"
201,201-SANTA ALEXANDRINA X PRACA XV (CIRCULAR),Fetranspor,192,17432108,"-22.9237","-43.2061"
201,201-SANTA ALEXANDRINA X PRACA XV (CIRCULAR),Fetranspor,193,17432108,"-22.9237","-43.2065"
201,201-SANTA ALEXANDRINA X PRACA XV (CIRCULAR),Fetranspor,194,17432108,"-22.9237","-43.2065"
201,201-SANTA ALEXANDRINA X PRACA XV (CIRCULAR),Fetranspor,195,17432108,"-22.9235","-43.2078"
201,201-SANTA ALEXANDRINA X PRACA XV (CIRCULAR),Fetranspor,196,17432108,"-22.9235","-43.2078"
201,201-SANTA ALEXANDRINA X PRACA XV (CIRCULAR),Fetranspor,197,17432108,"-22.9233","-43.2087"
201,201-SANTA ALEXANDRINA X PRACA XV (CIRCULAR),Fetranspor,198,17432108,"-22.9233","-43.2087"
201,201-SANTA ALEXANDRINA X PRACA XV (CIRCULAR),Fetranspor,199,17432108,"-22.9233","-43.2089"
201,201-SANTA ALEXANDRINA X PRACA XV (CIRCULAR),Fetranspor,200,17432108,"-22.9233","-43.2096"
201,201-SANTA ALEXANDRINA X PRACA XV (CIRCULAR),Fetranspor,201,17432108,"-22.9233","-43.2096"
201,201-SANTA ALEXANDRINA X PRACA XV (CIRCULAR),Fetranspor,202,17432108,"-22.923","-43.2096"
201,201-SANTA ALEXANDRINA X PRACA XV (CIRCULAR),Fetranspor,203,17432108,"-22.9221","-43.2097"
201,201-SANTA ALEXANDRINA X PRACA XV (CIRCULAR),Fetranspor,204,17432108,"-22.9221","-43.2097"
201,201-SANTA ALEXANDRINA X PRACA XV (CIRCULAR),Fetranspor,205,17432108,"-22.9221","-43.2098"
201,201-SANTA ALEXANDRINA X PRACA XV (CIRCULAR),Fetranspor,206,17432108,"-22.9221","-43.2098"
201,201-SANTA ALEXANDRINA X PRACA XV (CIRCULAR),Fetranspor,207,17432108,"-22.9221","-43.2099"
201,201-SANTA ALEXANDRINA X PRACA XV (CIRCULAR),Fetranspor,208,17432108,"-22.9221","-43.2099"
201,201-SANTA ALEXANDRINA X PRACA XV (CIRCULAR),Fetranspor,209,17432108,"-22.9247","-43.2097"
201,201-SANTA ALEXANDRINA X PRACA XV (CIRCULAR),Fetranspor,210,17432108,"-22.9247","-43.2097"
201,201-SANTA ALEXANDRINA X PRACA XV (CIRCULAR),Fetranspor,211,17432108,"-22.9249","-43.2097"
201,201-SANTA ALEXANDRINA X PRACA XV (CIRCULAR),Fetranspor,212,17432108,"-22.927","-43.2096"
201,201-SANTA ALEXANDRINA X PRACA XV (CIRCULAR),Fetranspor,213,17432108,"-22.927","-43.2096"
201,201-SANTA ALEXANDRINA X PRACA XV (CIRCULAR),Fetranspor,214,17432108,"-22.928","-43.2095"
201,201-SANTA ALEXANDRINA X PRACA XV (CIRCULAR),Fetranspor,215,17432108,"-22.9284","-43.2095"
201,201-SANTA ALEXANDRINA X PRACA XV (CIRCULAR),Fetranspor,216,17432108,"-22.9286","-43.2095"
201,201-SANTA ALEXANDRINA X PRACA XV (CIRCULAR),Fetranspor,217,17432108,"-22.9288","-43.2094"
201,201-SANTA ALEXANDRINA X PRACA XV (CIRCULAR),Fetranspor,218,17432108,"-22.9292","-43.2093"
201,201-SANTA ALEXANDRINA X PRACA XV (CIRCULAR),Fetranspor,219,17432108,"-22.9292","-43.2093"
201,201-SANTA ALEXANDRINA X PRACA XV (CIRCULAR),Fetranspor,220,17432108,"-22.9294","-43.2093"
201,201-SANTA ALEXANDRINA X PRACA XV (CIRCULAR),Fetranspor,221,17432108,"-22.9298","-43.2092"
201,201-SANTA ALEXANDRINA X PRACA XV (CIRCULAR),Fetranspor,222,17432108,"-22.9301","-43.2091"
201,201-SANTA ALEXANDRINA X PRACA XV (CIRCULAR),Fetranspor,223,17432108,"-22.9306","-43.2089"
201,201-SANTA ALEXANDRINA X PRACA XV (CIRCULAR),Fetranspor,224,17432108,"-22.9307","-43.2089"
201,201-SANTA ALEXANDRINA X PRACA XV (CIRCULAR),Fetranspor,225,17432108,"-22.9308","-43.2089"
201,201-SANTA ALEXANDRINA X PRACA XV (CIRCULAR),Fetranspor,226,17432108,"-22.931","-43.2089"
201,201-SANTA ALEXANDRINA X PRACA XV (CIRCULAR),Fetranspor,227,17432108,"-22.9312","-43.209"
201,201-SANTA ALEXANDRINA X PRACA XV (CIRCULAR),Fetranspor,228,17432108,"-22.9315","-43.2091"
201,201-SANTA ALEXANDRINA X PRACA XV (CIRCULAR),Fetranspor,229,17432108,"-22.9321","-43.2095"
201,201-SANTA ALEXANDRINA X PRACA XV (CIRCULAR),Fetranspor,230,17432108,"-22.9323","-43.2096"
201,201-SANTA ALEXANDRINA X PRACA XV (CIRCULAR),Fetranspor,231,17432108,"-22.9323","-43.2096"
201,201-SANTA ALEXANDRINA X PRACA XV (CIRCULAR),Fetranspor,232,17432108,"-22.9326","-43.2097"
201,201-SANTA ALEXANDRINA X PRACA XV (CIRCULAR),Fetranspor,233,17432108,"-22.9328","-43.2098"
201,201-SANTA ALEXANDRINA X PRACA XV (CIRCULAR),Fetranspor,234,17432108,"-22.9334","-43.2099"
201,201-SANTA ALEXANDRINA X PRACA XV (CIRCULAR),Fetranspor,235,17432108,"-22.9339","-43.21"
201,201-SANTA ALEXANDRINA X PRACA XV (CIRCULAR),Fetranspor,236,17432108,"-22.934","-43.21"
201,201-SANTA ALEXANDRINA X PRACA XV (CIRCULAR),Fetranspor,237,17432108,"-22.934","-43.21"
201,201-SANTA ALEXANDRINA X PRACA XV (CIRCULAR),Fetranspor,238,17432108,"-22.934","-43.21"
201,201-SANTA ALEXANDRINA X PRACA XV (CIRCULAR),Fetranspor,239,17432108,"-22.9341","-43.2101"
201,201-SANTA ALEXANDRINA X PRACA XV (CIRCULAR),Fetranspor,240,17432108,"-22.9342","-43.2101"
201,201-SANTA ALEXANDRINA X PRACA XV (CIRCULAR),Fetranspor,241,17432108,"-22.9343","-43.2101"
201,201-SANTA ALEXANDRINA X PRACA XV (CIRCULAR),Fetranspor,242,17432108,"-22.9344","-43.2101"
201,201-SANTA ALEXANDRINA X PRACA XV (CIRCULAR),Fetranspor,243,17432108,"-22.9344","-43.2101"
201,201-SANTA ALEXANDRINA X PRACA XV (CIRCULAR),Fetranspor,244,17432108,"-22.9346","-43.21"
201,201-SANTA ALEXANDRINA X PRACA XV (CIRCULAR),Fetranspor,245,17432108,"-22.9347","-43.21"
201,201-SANTA ALEXANDRINA X PRACA XV (CIRCULAR),Fetranspor,246,17432108,"-22.9347","-43.21"
201,201-SANTA ALEXANDRINA X PRACA XV (CIRCULAR),Fetranspor,247,17432108,"-22.9348","-43.21"
201,201-SANTA ALEXANDRINA X PRACA XV (CIRCULAR),Fetranspor,248,17432108,"-22.935","-43.2099"
201,201-SANTA ALEXANDRINA X PRACA XV (CIRCULAR),Fetranspor,249,17432108,"-22.935","-43.2098"
201,201-SANTA ALEXANDRINA X PRACA XV (CIRCULAR),Fetranspor,250,17432108,"-22.9352","-43.2097"
201,201-SANTA ALEXANDRINA X PRACA XV (CIRCULAR),Fetranspor,251,17432108,"-22.9352","-43.2096"
201,201-SANTA ALEXANDRINA X PRACA XV (CIRCULAR),Fetranspor,252,17432108,"-22.9352","-43.2095"
201,201-SANTA ALEXANDRINA X PRACA XV (CIRCULAR),Fetranspor,253,17432108,"-22.9352","-43.2095"
201,201-SANTA ALEXANDRINA X PRACA XV (CIRCULAR),Fetranspor,254,17432108,"-22.9352","-43.2094"
201,201-SANTA ALEXANDRINA X PRACA XV (CIRCULAR),Fetranspor,255,17432108,"-22.9352","-43.2094"
201,201-SANTA ALEXANDRINA X PRACA XV (CIRCULAR),Fetranspor,256,17432108,"-22.9351","-43.2093"
201,201-SANTA ALEXANDRINA X PRACA XV (CIRCULAR),Fetranspor,257,17432108,"-22.935","-43.2092"
201,201-SANTA ALEXANDRINA X PRACA XV (CIRCULAR),Fetranspor,258,17432108,"-22.935","-43.2092"
201,201-SANTA ALEXANDRINA X PRACA XV (CIRCULAR),Fetranspor,259,17432108,"-22.9349","-43.2091"
201,201-SANTA ALEXANDRINA X PRACA XV (CIRCULAR),Fetranspor,260,17432108,"-22.9349","-43.2091"
201,201-SANTA ALEXANDRINA X PRACA XV (CIRCULAR),Fetranspor,261,17432108,"-22.9349","-43.2091"
201,201-SANTA ALEXANDRINA X PRACA XV (CIRCULAR),Fetranspor,262,17432108,"-22.9346","-43.2092"
201,201-SANTA ALEXANDRINA X PRACA XV (CIRCULAR),Fetranspor,263,17432108,"-22.9344","-43.2093"
201,201-SANTA ALEXANDRINA X PRACA XV (CIRCULAR),Fetranspor,264,17432108,"-22.9343","-43.2093"
201,201-SANTA ALEXANDRINA X PRACA XV (CIRCULAR),Fetranspor,265,17432108,"-22.9342","-43.2094"
201,201-SANTA ALEXANDRINA X PRACA XV (CIRCULAR),Fetranspor,266,17432108,"-22.9342","-43.2094"
201,201-SANTA ALEXANDRINA X PRACA XV (CIRCULAR),Fetranspor,267,17432108,"-22.9342","-43.2094"
201,201-SANTA ALEXANDRINA X PRACA XV (CIRCULAR),Fetranspor,268,17432108,"-22.9342","-43.2094"
201,201-SANTA ALEXANDRINA X PRACA XV (CIRCULAR),Fetranspor,269,17432108,"-22.9341","-43.2094"
201,201-SANTA ALEXANDRINA X PRACA XV (CIRCULAR),Fetranspor,270,17432108,"-22.9338","-43.2093"
201,201-SANTA ALEXANDRINA X PRACA XV (CIRCULAR),Fetranspor,271,17432108,"-22.9336","-43.2093"
201,201-SANTA ALEXANDRINA X PRACA XV (CIRCULAR),Fetranspor,272,17432108,"-22.9335","-43.2093"
201,201-SANTA ALEXANDRINA X PRACA XV (CIRCULAR),Fetranspor,273,17432108,"-22.9332","-43.2092"
201,201-SANTA ALEXANDRINA X PRACA XV (CIRCULAR),Fetranspor,274,17432108,"-22.9332","-43.2092"
201,201-SANTA ALEXANDRINA X PRACA XV (CIRCULAR),Fetranspor,275,17432108,"-22.933","-43.2092"
201,201-SANTA ALEXANDRINA X PRACA XV (CIRCULAR),Fetranspor,276,17432108,"-22.9329","-43.2091"
201,201-SANTA ALEXANDRINA X PRACA XV (CIRCULAR),Fetranspor,277,17432108,"-22.9328","-43.2091"
201,201-SANTA ALEXANDRINA X PRACA XV (CIRCULAR),Fetranspor,278,17432108,"-22.9326","-43.2089"
201,201-SANTA ALEXANDRINA X PRACA XV (CIRCULAR),Fetranspor,279,17432108,"-22.9326","-43.2089"
201,201-SANTA ALEXANDRINA X PRACA XV (CIRCULAR),Fetranspor,280,17432108,"-22.9325","-43.2087"
201,201-SANTA ALEXANDRINA X PRACA XV (CIRCULAR),Fetranspor,281,17432108,"-22.9324","-43.2087"
201,201-SANTA ALEXANDRINA X PRACA XV (CIRCULAR),Fetranspor,282,17432108,"-22.9323","-43.2087"
201,201-SANTA ALEXANDRINA X PRACA XV (CIRCULAR),Fetranspor,283,17432108,"-22.9323","-43.2087"
201,201-SANTA ALEXANDRINA X PRACA XV (CIRCULAR),Fetranspor,284,17432108,"-22.9318","-43.2086"
201,201-SANTA ALEXANDRINA X PRACA XV (CIRCULAR),Fetranspor,285,17432108,"-22.9316","-43.2086"
201,201-SANTA ALEXANDRINA X PRACA XV (CIRCULAR),Fetranspor,286,17432108,"-22.9315","-43.2086"
201,201-SANTA ALEXANDRINA X PRACA XV (CIRCULAR),Fetranspor,287,17432108,"-22.9315","-43.2086"
201,201-SANTA ALEXANDRINA X PRACA XV (CIRCULAR),Fetranspor,288,17432108,"-22.9312","-43.2083"
201,201-SANTA ALEXANDRINA X PRACA XV (CIRCULAR),Fetranspor,289,17432108,"-22.9312","-43.2083"
201,201-SANTA ALEXANDRINA X PRACA XV (CIRCULAR),Fetranspor,290,17432108,"-22.9309","-43.2082"
201,201-SANTA ALEXANDRINA X PRACA XV (CIRCULAR),Fetranspor,291,17432108,"-22.9309","-43.2081"
201,201-SANTA ALEXANDRINA X PRACA XV (CIRCULAR),Fetranspor,292,17432108,"-22.9308","-43.2081"
201,201-SANTA ALEXANDRINA X PRACA XV (CIRCULAR),Fetranspor,293,17432108,"-22.9307","-43.2081"
201,201-SANTA ALEXANDRINA X PRACA XV (CIRCULAR),Fetranspor,294,17432108,"-22.9305","-43.2083"
201,201-SANTA ALEXANDRINA X PRACA XV (CIRCULAR),Fetranspor,295,17432108,"-22.9302","-43.2085"
201,201-SANTA ALEXANDRINA X PRACA XV (CIRCULAR),Fetranspor,296,17432108,"-22.93","-43.2085"
201,201-SANTA ALEXANDRINA X PRACA XV (CIRCULAR),Fetranspor,297,17432108,"-22.9299","-43.2085"
201,201-SANTA ALEXANDRINA X PRACA XV (CIRCULAR),Fetranspor,298,17432108,"-22.9298","-43.2085"
201,201-SANTA ALEXANDRINA X PRACA XV (CIRCULAR),Fetranspor,299,17432108,"-22.9293","-43.2085"
201,201-SANTA ALEXANDRINA X PRACA XV (CIRCULAR),Fetranspor,300,17432108,"-22.9293","-43.2085"
201,201-SANTA ALEXANDRINA X PRACA XV (CIRCULAR),Fetranspor,301,17432108,"-22.9293","-43.2085"
201,201-SANTA ALEXANDRINA X PRACA XV (CIRCULAR),Fetranspor,302,17432108,"-22.9292","-43.2085"
201,201-SANTA ALEXANDRINA X PRACA XV (CIRCULAR),Fetranspor,303,17432108,"-22.929","-43.2083"
201,201-SANTA ALEXANDRINA X PRACA XV (CIRCULAR),Fetranspor,0,17589578,"-22.929","-43.2083"
201,201-SANTA ALEXANDRINA X PRACA XV (CIRCULAR),Fetranspor,1,17589578,"-22.9288","-43.2082"
201,201-SANTA ALEXANDRINA X PRACA XV (CIRCULAR),Fetranspor,2,17589578,"-22.9287","-43.2082"
201,201-SANTA ALEXANDRINA X PRACA XV (CIRCULAR),Fetranspor,3,17589578,"-22.9286","-43.2082"
201,201-SANTA ALEXANDRINA X PRACA XV (CIRCULAR),Fetranspor,4,17589578,"-22.9277","-43.2083"
201,201-SANTA ALEXANDRINA X PRACA XV (CIRCULAR),Fetranspor,5,17589578,"-22.9259","-43.2085"
201,201-SANTA ALEXANDRINA X PRACA XV (CIRCULAR),Fetranspor,6,17589578,"-22.9257","-43.2086"
201,201-SANTA ALEXANDRINA X PRACA XV (CIRCULAR),Fetranspor,7,17589578,"-22.9257","-43.2086"
201,201-SANTA ALEXANDRINA X PRACA XV (CIRCULAR),Fetranspor,8,17589578,"-22.9249","-43.2087"
201,201-SANTA ALEXANDRINA X PRACA XV (CIRCULAR),Fetranspor,9,17589578,"-22.9248","-43.2087"
201,201-SANTA ALEXANDRINA X PRACA XV (CIRCULAR),Fetranspor,10,17589578,"-22.9248","-43.2087"
201,201-SANTA ALEXANDRINA X PRACA XV (CIRCULAR),Fetranspor,11,17589578,"-22.9248","-43.2086"
201,201-SANTA ALEXANDRINA X PRACA XV (CIRCULAR),Fetranspor,12,17589578,"-22.9249","-43.2081"
201,201-SANTA ALEXANDRINA X PRACA XV (CIRCULAR),Fetranspor,13,17589578,"-22.9249","-43.2081"
201,201-SANTA ALEXANDRINA X PRACA XV (CIRCULAR),Fetranspor,14,17589578,"-22.9251","-43.2069"
201,201-SANTA ALEXANDRINA X PRACA XV (CIRCULAR),Fetranspor,15,17589578,"-22.9251","-43.2069"
201,201-SANTA ALEXANDRINA X PRACA XV (CIRCULAR),Fetranspor,16,17589578,"-22.9251","-43.2062"
201,201-SANTA ALEXANDRINA X PRACA XV (CIRCULAR),Fetranspor,17,17589578,"-22.9251","-43.2062"
201,201-SANTA ALEXANDRINA X PRACA XV (CIRCULAR),Fetranspor,18,17589578,"-22.9252","-43.2056"
201,201-SANTA ALEXANDRINA X PRACA XV (CIRCULAR),Fetranspor,19,17589578,"-22.9252","-43.2056"
201,201-SANTA ALEXANDRINA X PRACA XV (CIRCULAR),Fetranspor,20,17589578,"-22.9252","-43.2055"
201,201-SANTA ALEXANDRINA X PRACA XV (CIRCULAR),Fetranspor,21,17589578,"-22.9252","-43.2055"
201,201-SANTA ALEXANDRINA X PRACA XV (CIRCULAR),Fetranspor,22,17589578,"-22.9252","-43.2054"
201,201-SANTA ALEXANDRINA X PRACA XV (CIRCULAR),Fetranspor,23,17589578,"-22.9252","-43.2054"
201,201-SANTA ALEXANDRINA X PRACA XV (CIRCULAR),Fetranspor,24,17589578,"-22.9252","-43.2054"
201,201-SANTA ALEXANDRINA X PRACA XV (CIRCULAR),Fetranspor,25,17589578,"-22.925","-43.2051"
201,201-SANTA ALEXANDRINA X PRACA XV (CIRCULAR),Fetranspor,26,17589578,"-22.925","-43.2051"
201,201-SANTA ALEXANDRINA X PRACA XV (CIRCULAR),Fetranspor,27,17589578,"-22.9247","-43.2045"
201,201-SANTA ALEXANDRINA X PRACA XV (CIRCULAR),Fetranspor,28,17589578,"-22.9247","-43.2044"
201,201-SANTA ALEXANDRINA X PRACA XV (CIRCULAR),Fetranspor,29,17589578,"-22.9247","-43.2044"
201,201-SANTA ALEXANDRINA X PRACA XV (CIRCULAR),Fetranspor,30,17589578,"-22.9247","-43.2043"
201,201-SANTA ALEXANDRINA X PRACA XV (CIRCULAR),Fetranspor,31,17589578,"-22.9248","-43.204"
201,201-SANTA ALEXANDRINA X PRACA XV (CIRCULAR),Fetranspor,32,17589578,"-22.9248","-43.204"
201,201-SANTA ALEXANDRINA X PRACA XV (CIRCULAR),Fetranspor,33,17589578,"-22.925","-43.2029"
201,201-SANTA ALEXANDRINA X PRACA XV (CIRCULAR),Fetranspor,34,17589578,"-22.9252","-43.2024"
201,201-SANTA ALEXANDRINA X PRACA XV (CIRCULAR),Fetranspor,35,17589578,"-22.9252","-43.2024"
201,201-SANTA ALEXANDRINA X PRACA XV (CIRCULAR),Fetranspor,36,17589578,"-22.9252","-43.2023"
201,201-SANTA ALEXANDRINA X PRACA XV (CIRCULAR),Fetranspor,37,17589578,"-22.9252","-43.2019"
201,201-SANTA ALEXANDRINA X PRACA XV (CIRCULAR),Fetranspor,38,17589578,"-22.9252","-43.201"
201,201-SANTA ALEXANDRINA X PRACA XV (CIRCULAR),Fetranspor,39,17589578,"-22.9252","-43.2004"
201,201-SANTA ALEXANDRINA X PRACA XV (CIRCULAR),Fetranspor,40,17589578,"-22.9251","-43.2002"
201,201-SANTA ALEXANDRINA X PRACA XV (CIRCULAR),Fetranspor,41,17589578,"-22.9251","-43.1998"
201,201-SANTA ALEXANDRINA X PRACA XV (CIRCULAR),Fetranspor,42,17589578,"-22.925","-43.1997"
201,201-SANTA ALEXANDRINA X PRACA XV (CIRCULAR),Fetranspor,43,17589578,"-22.9249","-43.1992"
201,201-SANTA ALEXANDRINA X PRACA XV (CIRCULAR),Fetranspor,44,17589578,"-22.9248","-43.1991"
201,201-SANTA ALEXANDRINA X PRACA XV (CIRCULAR),Fetranspor,45,17589578,"-22.9248","-43.199"
201,201-SANTA ALEXANDRINA X PRACA XV (CIRCULAR),Fetranspor,46,17589578,"-22.9248","-43.199"
201,201-SANTA ALEXANDRINA X PRACA XV (CIRCULAR),Fetranspor,47,17589578,"-22.9247","-43.1989"
201,201-SANTA ALEXANDRINA X PRACA XV (CIRCULAR),Fetranspor,48,17589578,"-22.9242","-43.1985"
201,201-SANTA ALEXANDRINA X PRACA XV (CIRCULAR),Fetranspor,49,17589578,"-22.9242","-43.1985"
201,201-SANTA ALEXANDRINA X PRACA XV (CIRCULAR),Fetranspor,50,17589578,"-22.9238","-43.1981"
201,201-SANTA ALEXANDRINA X PRACA XV (CIRCULAR),Fetranspor,51,17589578,"-22.9238","-43.1981"
201,201-SANTA ALEXANDRINA X PRACA XV (CIRCULAR),Fetranspor,52,17589578,"-22.9236","-43.198"
201,201-SANTA ALEXANDRINA X PRACA XV (CIRCULAR),Fetranspor,53,17589578,"-22.9233","-43.1978"
201,201-SANTA ALEXANDRINA X PRACA XV (CIRCULAR),Fetranspor,54,17589578,"-22.923","-43.1977"
201,201-SANTA ALEXANDRINA X PRACA XV (CIRCULAR),Fetranspor,55,17589578,"-22.9229","-43.1976"
201,201-SANTA ALEXANDRINA X PRACA XV (CIRCULAR),Fetranspor,56,17589578,"-22.9229","-43.1976"
201,201-SANTA ALEXANDRINA X PRACA XV (CIRCULAR),Fetranspor,57,17589578,"-22.9226","-43.1975"
201,201-SANTA ALEXANDRINA X PRACA XV (CIRCULAR),Fetranspor,58,17589578,"-22.9226","-43.1975"
201,201-SANTA ALEXANDRINA X PRACA XV (CIRCULAR),Fetranspor,59,17589578,"-22.9223","-43.1973"
201,201-SANTA ALEXANDRINA X PRACA XV (CIRCULAR),Fetranspor,60,17589578,"-22.9223","-43.1973"
201,201-SANTA ALEXANDRINA X PRACA XV (CIRCULAR),Fetranspor,61,17589578,"-22.9219","-43.1972"
201,201-SANTA ALEXANDRINA X PRACA XV (CIRCULAR),Fetranspor,62,17589578,"-22.9215","-43.1971"
201,201-SANTA ALEXANDRINA X PRACA XV (CIRCULAR),Fetranspor,63,17589578,"-22.9211","-43.197"
201,201-SANTA ALEXANDRINA X PRACA XV (CIRCULAR),Fetranspor,64,17589578,"-22.9209","-43.1969"
201,201-SANTA ALEXANDRINA X PRACA XV (CIRCULAR),Fetranspor,65,17589578,"-22.9208","-43.1968"
201,201-SANTA ALEXANDRINA X PRACA XV (CIRCULAR),Fetranspor,66,17589578,"-22.9208","-43.1968"
201,201-SANTA ALEXANDRINA X PRACA XV (CIRCULAR),Fetranspor,67,17589578,"-22.9208","-43.1967"
201,201-SANTA ALEXANDRINA X PRACA XV (CIRCULAR),Fetranspor,68,17589578,"-22.9208","-43.1966"
201,201-SANTA ALEXANDRINA X PRACA XV (CIRCULAR),Fetranspor,69,17589578,"-22.9202","-43.1956"
201,201-SANTA ALEXANDRINA X PRACA XV (CIRCULAR),Fetranspor,70,17589578,"-22.9201","-43.1954"
201,201-SANTA ALEXANDRINA X PRACA XV (CIRCULAR),Fetranspor,71,17589578,"-22.9201","-43.1954"
201,201-SANTA ALEXANDRINA X PRACA XV (CIRCULAR),Fetranspor,72,17589578,"-22.92","-43.195"
201,201-SANTA ALEXANDRINA X PRACA XV (CIRCULAR),Fetranspor,73,17589578,"-22.92","-43.195"
201,201-SANTA ALEXANDRINA X PRACA XV (CIRCULAR),Fetranspor,74,17589578,"-22.9199","-43.1949"
201,201-SANTA ALEXANDRINA X PRACA XV (CIRCULAR),Fetranspor,75,17589578,"-22.9199","-43.1949"
201,201-SANTA ALEXANDRINA X PRACA XV (CIRCULAR),Fetranspor,76,17589578,"-22.9197","-43.1945"
201,201-SANTA ALEXANDRINA X PRACA XV (CIRCULAR),Fetranspor,77,17589578,"-22.9197","-43.1945"
201,201-SANTA ALEXANDRINA X PRACA XV (CIRCULAR),Fetranspor,78,17589578,"-22.9196","-43.1944"
201,201-SANTA ALEXANDRINA X PRACA XV (CIRCULAR),Fetranspor,79,17589578,"-22.9196","-43.1943"
201,201-SANTA ALEXANDRINA X PRACA XV (CIRCULAR),Fetranspor,80,17589578,"-22.9196","-43.1943"
201,201-SANTA ALEXANDRINA X PRACA XV (CIRCULAR),Fetranspor,81,17589578,"-22.9195","-43.1943"
201,201-SANTA ALEXANDRINA X PRACA XV (CIRCULAR),Fetranspor,82,17589578,"-22.9195","-43.1942"
201,201-SANTA ALEXANDRINA X PRACA XV (CIRCULAR),Fetranspor,83,17589578,"-22.9194","-43.1942"
201,201-SANTA ALEXANDRINA X PRACA XV (CIRCULAR),Fetranspor,84,17589578,"-22.9194","-43.1942"
201,201-SANTA ALEXANDRINA X PRACA XV (CIRCULAR),Fetranspor,85,17589578,"-22.9191","-43.1942"
201,201-SANTA ALEXANDRINA X PRACA XV (CIRCULAR),Fetranspor,86,17589578,"-22.9191","-43.1942"
201,201-SANTA ALEXANDRINA X PRACA XV (CIRCULAR),Fetranspor,87,17589578,"-22.9189","-43.1943"
201,201-SANTA ALEXANDRINA X PRACA XV (CIRCULAR),Fetranspor,88,17589578,"-22.9187","-43.1943"
201,201-SANTA ALEXANDRINA X PRACA XV (CIRCULAR),Fetranspor,89,17589578,"-22.9185","-43.1943"
201,201-SANTA ALEXANDRINA X PRACA XV (CIRCULAR),Fetranspor,90,17589578,"-22.9184","-43.1943"
201,201-SANTA ALEXANDRINA X PRACA XV (CIRCULAR),Fetranspor,91,17589578,"-22.9184","-43.1943"
201,201-SANTA ALEXANDRINA X PRACA XV (CIRCULAR),Fetranspor,92,17589578,"-22.9183","-43.1943"
201,201-SANTA ALEXANDRINA X PRACA XV (CIRCULAR),Fetranspor,93,17589578,"-22.9181","-43.1942"
201,201-SANTA ALEXANDRINA X PRACA XV (CIRCULAR),Fetranspor,94,17589578,"-22.9181","-43.1942"
201,201-SANTA ALEXANDRINA X PRACA XV (CIRCULAR),Fetranspor,95,17589578,"-22.9176","-43.1941"
201,201-SANTA ALEXANDRINA X PRACA XV (CIRCULAR),Fetranspor,96,17589578,"-22.9176","-43.1941"
201,201-SANTA ALEXANDRINA X PRACA XV (CIRCULAR),Fetranspor,97,17589578,"-22.9172","-43.1941"
201,201-SANTA ALEXANDRINA X PRACA XV (CIRCULAR),Fetranspor,98,17589578,"-22.9172","-43.1941"
201,201-SANTA ALEXANDRINA X PRACA XV (CIRCULAR),Fetranspor,99,17589578,"-22.9169","-43.194"
201,201-SANTA ALEXANDRINA X PRACA XV (CIRCULAR),Fetranspor,100,17589578,"-22.9163","-43.1939"
201,201-SANTA ALEXANDRINA X PRACA XV (CIRCULAR),Fetranspor,101,17589578,"-22.9163","-43.1939"
201,201-SANTA ALEXANDRINA X PRACA XV (CIRCULAR),Fetranspor,102,17589578,"-22.9162","-43.1939"
201,201-SANTA ALEXANDRINA X PRACA XV (CIRCULAR),Fetranspor,103,17589578,"-22.916","-43.1939"
201,201-SANTA ALEXANDRINA X PRACA XV (CIRCULAR),Fetranspor,104,17589578,"-22.9159","-43.1939"
201,201-SANTA ALEXANDRINA X PRACA XV (CIRCULAR),Fetranspor,105,17589578,"-22.9157","-43.1939"
201,201-SANTA ALEXANDRINA X PRACA XV (CIRCULAR),Fetranspor,106,17589578,"-22.9156","-43.1939"
201,201-SANTA ALEXANDRINA X PRACA XV (CIRCULAR),Fetranspor,107,17589578,"-22.9154","-43.1939"
201,201-SANTA ALEXANDRINA X PRACA XV (CIRCULAR),Fetranspor,108,17589578,"-22.9153","-43.194"
201,201-SANTA ALEXANDRINA X PRACA XV (CIRCULAR),Fetranspor,109,17589578,"-22.9152","-43.194"
201,201-SANTA ALEXANDRINA X PRACA XV (CIRCULAR),Fetranspor,110,17589578,"-22.915","-43.1941"
201,201-SANTA ALEXANDRINA X PRACA XV (CIRCULAR),Fetranspor,111,17589578,"-22.915","-43.1941"
201,201-SANTA ALEXANDRINA X PRACA XV (CIRCULAR),Fetranspor,112,17589578,"-22.915","-43.1942"
201,201-SANTA ALEXANDRINA X PRACA XV (CIRCULAR),Fetranspor,113,17589578,"-22.915","-43.1943"
201,201-SANTA ALEXANDRINA X PRACA XV (CIRCULAR),Fetranspor,114,17589578,"-22.9149","-43.1944"
201,201-SANTA ALEXANDRINA X PRACA XV (CIRCULAR),Fetranspor,115,17589578,"-22.915","-43.1945"
201,201-SANTA ALEXANDRINA X PRACA XV (CIRCULAR),Fetranspor,116,17589578,"-22.915","-43.1946"
201,201-SANTA ALEXANDRINA X PRACA XV (CIRCULAR),Fetranspor,117,17589578,"-22.915","-43.1947"
201,201-SANTA ALEXANDRINA X PRACA XV (CIRCULAR),Fetranspor,118,17589578,"-22.9151","-43.1947"
201,201-SANTA ALEXANDRINA X PRACA XV (CIRCULAR),Fetranspor,119,17589578,"-22.9152","-43.1948"
201,201-SANTA ALEXANDRINA X PRACA XV (CIRCULAR),Fetranspor,120,17589578,"-22.9153","-43.1948"
201,201-SANTA ALEXANDRINA X PRACA XV (CIRCULAR),Fetranspor,121,17589578,"-22.9153","-43.1948"
201,201-SANTA ALEXANDRINA X PRACA XV (CIRCULAR),Fetranspor,122,17589578,"-22.9155","-43.1947"
201,201-SANTA ALEXANDRINA X PRACA XV (CIRCULAR),Fetranspor,123,17589578,"-22.9158","-43.1946"
201,201-SANTA ALEXANDRINA X PRACA XV (CIRCULAR),Fetranspor,124,17589578,"-22.916","-43.1945"
201,201-SANTA ALEXANDRINA X PRACA XV (CIRCULAR),Fetranspor,125,17589578,"-22.9163","-43.1945"
201,201-SANTA ALEXANDRINA X PRACA XV (CIRCULAR),Fetranspor,126,17589578,"-22.9165","-43.1944"
201,201-SANTA ALEXANDRINA X PRACA XV (CIRCULAR),Fetranspor,127,17589578,"-22.9168","-43.1944"
201,201-SANTA ALEXANDRINA X PRACA XV (CIRCULAR),Fetranspor,128,17589578,"-22.9168","-43.1944"
201,201-SANTA ALEXANDRINA X PRACA XV (CIRCULAR),Fetranspor,129,17589578,"-22.9169","-43.1945"
201,201-SANTA ALEXANDRINA X PRACA XV (CIRCULAR),Fetranspor,130,17589578,"-22.9169","-43.1946"
201,201-SANTA ALEXANDRINA X PRACA XV (CIRCULAR),Fetranspor,131,17589578,"-22.917","-43.1947"
201,201-SANTA ALEXANDRINA X PRACA XV (CIRCULAR),Fetranspor,132,17589578,"-22.917","-43.1948"
201,201-SANTA ALEXANDRINA X PRACA XV (CIRCULAR),Fetranspor,133,17589578,"-22.917","-43.1948"
201,201-SANTA ALEXANDRINA X PRACA XV (CIRCULAR),Fetranspor,134,17589578,"-22.917","-43.1949"
201,201-SANTA ALEXANDRINA X PRACA XV (CIRCULAR),Fetranspor,135,17589578,"-22.9169","-43.195"
201,201-SANTA ALEXANDRINA X PRACA XV (CIRCULAR),Fetranspor,136,17589578,"-22.9168","-43.1952"
201,201-SANTA ALEXANDRINA X PRACA XV (CIRCULAR),Fetranspor,137,17589578,"-22.9168","-43.1952"
201,201-SANTA ALEXANDRINA X PRACA XV (CIRCULAR),Fetranspor,138,17589578,"-22.9166","-43.1953"
201,201-SANTA ALEXANDRINA X PRACA XV (CIRCULAR),Fetranspor,139,17589578,"-22.9162","-43.1954"
201,201-SANTA ALEXANDRINA X PRACA XV (CIRCULAR),Fetranspor,140,17589578,"-22.9162","-43.1954"
201,201-SANTA ALEXANDRINA X PRACA XV (CIRCULAR),Fetranspor,141,17589578,"-22.9158","-43.1956"
201,201-SANTA ALEXANDRINA X PRACA XV (CIRCULAR),Fetranspor,142,17589578,"-22.9156","-43.1957"
201,201-SANTA ALEXANDRINA X PRACA XV (CIRCULAR),Fetranspor,143,17589578,"-22.9156","-43.1957"
201,201-SANTA ALEXANDRINA X PRACA XV (CIRCULAR),Fetranspor,144,17589578,"-22.915","-43.1959"
201,201-SANTA ALEXANDRINA X PRACA XV (CIRCULAR),Fetranspor,145,17589578,"-22.915","-43.1959"
201,201-SANTA ALEXANDRINA X PRACA XV (CIRCULAR),Fetranspor,146,17589578,"-22.9149","-43.196"
201,201-SANTA ALEXANDRINA X PRACA XV (CIRCULAR),Fetranspor,147,17589578,"-22.9149","-43.196"
201,201-SANTA ALEXANDRINA X PRACA XV (CIRCULAR),Fetranspor,148,17589578,"-22.9141","-43.1961"
201,201-SANTA ALEXANDRINA X PRACA XV (CIRCULAR),Fetranspor,149,17589578,"-22.9141","-43.1961"
201,201-SANTA ALEXANDRINA X PRACA XV (CIRCULAR),Fetranspor,150,17589578,"-22.914","-43.1957"
201,201-SANTA ALEXANDRINA X PRACA XV (CIRCULAR),Fetranspor,151,17589578,"-22.914","-43.1957"
201,201-SANTA ALEXANDRINA X PRACA XV (CIRCULAR),Fetranspor,152,17589578,"-22.9139","-43.195"
201,201-SANTA ALEXANDRINA X PRACA XV (CIRCULAR),Fetranspor,153,17589578,"-22.9139","-43.1949"
201,201-SANTA ALEXANDRINA X PRACA XV (CIRCULAR),Fetranspor,154,17589578,"-22.9139","-43.1949"
201,201-SANTA ALEXANDRINA X PRACA XV (CIRCULAR),Fetranspor,155,17589578,"-22.9139","-43.1949"
201,201-SANTA ALEXANDRINA X PRACA XV (CIRCULAR),Fetranspor,156,17589578,"-22.9139","-43.1946"
201,201-SANTA ALEXANDRINA X PRACA XV (CIRCULAR),Fetranspor,157,17589578,"-22.9139","-43.1946"
201,201-SANTA ALEXANDRINA X PRACA XV (CIRCULAR),Fetranspor,158,17589578,"-22.9138","-43.1941"
201,201-SANTA ALEXANDRINA X PRACA XV (CIRCULAR),Fetranspor,159,17589578,"-22.9138","-43.1938"
201,201-SANTA ALEXANDRINA X PRACA XV (CIRCULAR),Fetranspor,160,17589578,"-22.9138","-43.1938"
201,201-SANTA ALEXANDRINA X PRACA XV (CIRCULAR),Fetranspor,161,17589578,"-22.9137","-43.1934"
201,201-SANTA ALEXANDRINA X PRACA XV (CIRCULAR),Fetranspor,162,17589578,"-22.9137","-43.1932"
201,201-SANTA ALEXANDRINA X PRACA XV (CIRCULAR),Fetranspor,163,17589578,"-22.9135","-43.1927"
201,201-SANTA ALEXANDRINA X PRACA XV (CIRCULAR),Fetranspor,164,17589578,"-22.9134","-43.1924"
201,201-SANTA ALEXANDRINA X PRACA XV (CIRCULAR),Fetranspor,165,17589578,"-22.9134","-43.1924"
201,201-SANTA ALEXANDRINA X PRACA XV (CIRCULAR),Fetranspor,166,17589578,"-22.913","-43.1913"
201,201-SANTA ALEXANDRINA X PRACA XV (CIRCULAR),Fetranspor,167,17589578,"-22.913","-43.1913"
201,201-SANTA ALEXANDRINA X PRACA XV (CIRCULAR),Fetranspor,168,17589578,"-22.9125","-43.1902"
201,201-SANTA ALEXANDRINA X PRACA XV (CIRCULAR),Fetranspor,169,17589578,"-22.9125","-43.1902"
201,201-SANTA ALEXANDRINA X PRACA XV (CIRCULAR),Fetranspor,170,17589578,"-22.9125","-43.19"
201,201-SANTA ALEXANDRINA X PRACA XV (CIRCULAR),Fetranspor,171,17589578,"-22.912","-43.1887"
201,201-SANTA ALEXANDRINA X PRACA XV (CIRCULAR),Fetranspor,172,17589578,"-22.912","-43.1887"
201,201-SANTA ALEXANDRINA X PRACA XV (CIRCULAR),Fetranspor,173,17589578,"-22.9121","-43.1886"
201,201-SANTA ALEXANDRINA X PRACA XV (CIRCULAR),Fetranspor,174,17589578,"-22.9122","-43.1885"
201,201-SANTA ALEXANDRINA X PRACA XV (CIRCULAR),Fetranspor,175,17589578,"-22.9122","-43.1884"
201,201-SANTA ALEXANDRINA X PRACA XV (CIRCULAR),Fetranspor,176,17589578,"-22.9122","-43.1884"
201,201-SANTA ALEXANDRINA X PRACA XV (CIRCULAR),Fetranspor,177,17589578,"-22.9122","-43.1883"
201,201-SANTA ALEXANDRINA X PRACA XV (CIRCULAR),Fetranspor,178,17589578,"-22.9122","-43.1883"
201,201-SANTA ALEXANDRINA X PRACA XV (CIRCULAR),Fetranspor,179,17589578,"-22.9122","-43.1882"
201,201-SANTA ALEXANDRINA X PRACA XV (CIRCULAR),Fetranspor,180,17589578,"-22.9122","-43.1881"
201,201-SANTA ALEXANDRINA X PRACA XV (CIRCULAR),Fetranspor,181,17589578,"-22.9121","-43.188"
201,201-SANTA ALEXANDRINA X PRACA XV (CIRCULAR),Fetranspor,182,17589578,"-22.9121","-43.188"
201,201-SANTA ALEXANDRINA X PRACA XV (CIRCULAR),Fetranspor,183,17589578,"-22.912","-43.188"
201,201-SANTA ALEXANDRINA X PRACA XV (CIRCULAR),Fetranspor,184,17589578,"-22.912","-43.1879"
201,201-SANTA ALEXANDRINA X PRACA XV (CIRCULAR),Fetranspor,185,17589578,"-22.9119","-43.1879"
201,201-SANTA ALEXANDRINA X PRACA XV (CIRCULAR),Fetranspor,186,17589578,"-22.9119","-43.1879"
201,201-SANTA ALEXANDRINA X PRACA XV (CIRCULAR),Fetranspor,187,17589578,"-22.9118","-43.1879"
201,201-SANTA ALEXANDRINA X PRACA XV (CIRCULAR),Fetranspor,188,17589578,"-22.9118","-43.1879"
201,201-SANTA ALEXANDRINA X PRACA XV (CIRCULAR),Fetranspor,189,17589578,"-22.9118","-43.1879"
201,201-SANTA ALEXANDRINA X PRACA XV (CIRCULAR),Fetranspor,190,17589578,"-22.9114","-43.1868"
201,201-SANTA ALEXANDRINA X PRACA XV (CIRCULAR),Fetranspor,191,17589578,"-22.9114","-43.1868"
201,201-SANTA ALEXANDRINA X PRACA XV (CIRCULAR),Fetranspor,192,17589578,"-22.9112","-43.1864"
201,201-SANTA ALEXANDRINA X PRACA XV (CIRCULAR),Fetranspor,193,17589578,"-22.9112","-43.1864"
201,201-SANTA ALEXANDRINA X PRACA XV (CIRCULAR),Fetranspor,194,17589578,"-22.9108","-43.1852"
201,201-SANTA ALEXANDRINA X PRACA XV (CIRCULAR),Fetranspor,195,17589578,"-22.9108","-43.1852"
201,201-SANTA ALEXANDRINA X PRACA XV (CIRCULAR),Fetranspor,196,17589578,"-22.9104","-43.184"
201,201-SANTA ALEXANDRINA X PRACA XV (CIRCULAR),Fetranspor,197,17589578,"-22.9104","-43.184"
201,201-SANTA ALEXANDRINA X PRACA XV (CIRCULAR),Fetranspor,198,17589578,"-22.91","-43.183"
201,201-SANTA ALEXANDRINA X PRACA XV (CIRCULAR),Fetranspor,199,17589578,"-22.91","-43.183"
201,201-SANTA ALEXANDRINA X PRACA XV (CIRCULAR),Fetranspor,200,17589578,"-22.9101","-43.1829"
201,201-SANTA ALEXANDRINA X PRACA XV (CIRCULAR),Fetranspor,201,17589578,"-22.9101","-43.1828"
201,201-SANTA ALEXANDRINA X PRACA XV (CIRCULAR),Fetranspor,202,17589578,"-22.9098","-43.1819"
201,201-SANTA ALEXANDRINA X PRACA XV (CIRCULAR),Fetranspor,203,17589578,"-22.9097","-43.1816"
201,201-SANTA ALEXANDRINA X PRACA XV (CIRCULAR),Fetranspor,204,17589578,"-22.9097","-43.1816"
201,201-SANTA ALEXANDRINA X PRACA XV (CIRCULAR),Fetranspor,205,17589578,"-22.9095","-43.1809"
201,201-SANTA ALEXANDRINA X PRACA XV (CIRCULAR),Fetranspor,206,17589578,"-22.9094","-43.1808"
201,201-SANTA ALEXANDRINA X PRACA XV (CIRCULAR),Fetranspor,207,17589578,"-22.9094","-43.1808"
201,201-SANTA ALEXANDRINA X PRACA XV (CIRCULAR),Fetranspor,208,17589578,"-22.9092","-43.1803"
201,201-SANTA ALEXANDRINA X PRACA XV (CIRCULAR),Fetranspor,209,17589578,"-22.9092","-43.1803"
201,201-SANTA ALEXANDRINA X PRACA XV (CIRCULAR),Fetranspor,210,17589578,"-22.9092","-43.1802"
201,201-SANTA ALEXANDRINA X PRACA XV (CIRCULAR),Fetranspor,211,17589578,"-22.9092","-43.1802"
201,201-SANTA ALEXANDRINA X PRACA XV (CIRCULAR),Fetranspor,212,17589578,"-22.909","-43.1795"
201,201-SANTA ALEXANDRINA X PRACA XV (CIRCULAR),Fetranspor,213,17589578,"-22.9087","-43.1788"
201,201-SANTA ALEXANDRINA X PRACA XV (CIRCULAR),Fetranspor,214,17589578,"-22.9087","-43.1788"
201,201-SANTA ALEXANDRINA X PRACA XV (CIRCULAR),Fetranspor,215,17589578,"-22.9087","-43.1786"
201,201-SANTA ALEXANDRINA X PRACA XV (CIRCULAR),Fetranspor,216,17589578,"-22.9086","-43.1784"
201,201-SANTA ALEXANDRINA X PRACA XV (CIRCULAR),Fetranspor,217,17589578,"-22.9086","-43.1784"
201,201-SANTA ALEXANDRINA X PRACA XV (CIRCULAR),Fetranspor,218,17589578,"-22.9084","-43.1777"
201,201-SANTA ALEXANDRINA X PRACA XV (CIRCULAR),Fetranspor,219,17589578,"-22.9084","-43.1777"
201,201-SANTA ALEXANDRINA X PRACA XV (CIRCULAR),Fetranspor,220,17589578,"-22.9081","-43.1769"
201,201-SANTA ALEXANDRINA X PRACA XV (CIRCULAR),Fetranspor,221,17589578,"-22.9081","-43.1769"
201,201-SANTA ALEXANDRINA X PRACA XV (CIRCULAR),Fetranspor,222,17589578,"-22.908","-43.1766"
201,201-SANTA ALEXANDRINA X PRACA XV (CIRCULAR),Fetranspor,223,17589578,"-22.908","-43.1766"
201,201-SANTA ALEXANDRINA X PRACA XV (CIRCULAR),Fetranspor,224,17589578,"-22.9078","-43.1757"
201,201-SANTA ALEXANDRINA X PRACA XV (CIRCULAR),Fetranspor,225,17589578,"-22.9078","-43.1757"
201,201-SANTA ALEXANDRINA X PRACA XV (CIRCULAR),Fetranspor,226,17589578,"-22.9075","-43.1749"
201,201-SANTA ALEXANDRINA X PRACA XV (CIRCULAR),Fetranspor,227,17589578,"-22.9075","-43.1749"
201,201-SANTA ALEXANDRINA X PRACA XV (CIRCULAR),Fetranspor,228,17589578,"-22.9073","-43.1742"
201,201-SANTA ALEXANDRINA X PRACA XV (CIRCULAR),Fetranspor,229,17589578,"-22.9073","-43.1742"
201,201-SANTA ALEXANDRINA X PRACA XV (CIRCULAR),Fetranspor,230,17589578,"-22.9071","-43.1735"
201,201-SANTA ALEXANDRINA X PRACA XV (CIRCULAR),Fetranspor,231,17589578,"-22.9071","-43.1735"
201,201-SANTA ALEXANDRINA X PRACA XV (CIRCULAR),Fetranspor,232,17589578,"-22.907","-43.1733"
201,201-SANTA ALEXANDRINA X PRACA XV (CIRCULAR),Fetranspor,233,17589578,"-22.907","-43.1733"
201,201-SANTA ALEXANDRINA X PRACA XV (CIRCULAR),Fetranspor,234,17589578,"-22.9069","-43.1732"
201,201-SANTA ALEXANDRINA X PRACA XV (CIRCULAR),Fetranspor,235,17589578,"-22.9069","-43.1732"
201,201-SANTA ALEXANDRINA X PRACA XV (CIRCULAR),Fetranspor,236,17589578,"-22.9069","-43.1731"
201,201-SANTA ALEXANDRINA X PRACA XV (CIRCULAR),Fetranspor,237,17589578,"-22.9069","-43.1731"
201,201-SANTA ALEXANDRINA X PRACA XV (CIRCULAR),Fetranspor,238,17589578,"-22.9064","-43.1733"
201,201-SANTA ALEXANDRINA X PRACA XV (CIRCULAR),Fetranspor,239,17589578,"-22.9064","-43.1733"
201,201-SANTA ALEXANDRINA X PRACA XV (CIRCULAR),Fetranspor,240,17589578,"-22.9063","-43.1734"
201,201-SANTA ALEXANDRINA X PRACA XV (CIRCULAR),Fetranspor,241,17589578,"-22.9062","-43.1735"
201,201-SANTA ALEXANDRINA X PRACA XV (CIRCULAR),Fetranspor,242,17589578,"-22.9062","-43.1735"
201,201-SANTA ALEXANDRINA X PRACA XV (CIRCULAR),Fetranspor,243,17589578,"-22.9062","-43.1736"
201,201-SANTA ALEXANDRINA X PRACA XV (CIRCULAR),Fetranspor,244,17589578,"-22.9062","-43.1737"
201,201-SANTA ALEXANDRINA X PRACA XV (CIRCULAR),Fetranspor,245,17589578,"-22.9064","-43.1743"
201,201-SANTA ALEXANDRINA X PRACA XV (CIRCULAR),Fetranspor,246,17589578,"-22.9064","-43.1744"
201,201-SANTA ALEXANDRINA X PRACA XV (CIRCULAR),Fetranspor,247,17589578,"-22.9064","-43.1745"
201,201-SANTA ALEXANDRINA X PRACA XV (CIRCULAR),Fetranspor,248,17589578,"-22.9064","-43.1745"
201,201-SANTA ALEXANDRINA X PRACA XV (CIRCULAR),Fetranspor,249,17589578,"-22.9064","-43.1753"
201,201-SANTA ALEXANDRINA X PRACA XV (CIRCULAR),Fetranspor,250,17589578,"-22.9064","-43.1753"
201,201-SANTA ALEXANDRINA X PRACA XV (CIRCULAR),Fetranspor,251,17589578,"-22.9064","-43.1761"
