linha,descricao,agencia,sequencia,shape_id,latitude,longitude
202,202-RIO COMPRIDO X PRACA XV - CIRCULAR,Fetranspor,0,17425230,"-22.9001","-43.1764"
202,202-RIO COMPRIDO X PRACA XV - CIRCULAR,Fetranspor,1,17425230,"-22.8996","-43.1765"
202,202-RIO COMPRIDO X PRACA XV - CIRCULAR,Fetranspor,2,17425230,"-22.8996","-43.1765"
202,202-RIO COMPRIDO X PRACA XV - CIRCULAR,Fetranspor,3,17425230,"-22.8993","-43.1766"
202,202-RIO COMPRIDO X PRACA XV - CIRCULAR,Fetranspor,4,17425230,"-22.899","-43.1768"
202,202-RIO COMPRIDO X PRACA XV - CIRCULAR,Fetranspor,5,17425230,"-22.899","-43.1768"
202,202-RIO COMPRIDO X PRACA XV - CIRCULAR,Fetranspor,6,17425230,"-22.8991","-43.1772"
202,202-RIO COMPRIDO X PRACA XV - CIRCULAR,Fetranspor,7,17425230,"-22.8991","-43.1772"
202,202-RIO COMPRIDO X PRACA XV - CIRCULAR,Fetranspor,8,17425230,"-22.8993","-43.1778"
202,202-RIO COMPRIDO X PRACA XV - CIRCULAR,Fetranspor,9,17425230,"-22.8993","-43.1778"
202,202-RIO COMPRIDO X PRACA XV - CIRCULAR,Fetranspor,10,17425230,"-22.8995","-43.1784"
202,202-RIO COMPRIDO X PRACA XV - CIRCULAR,Fetranspor,11,17425230,"-22.8996","-43.1788"
202,202-RIO COMPRIDO X PRACA XV - CIRCULAR,Fetranspor,12,17425230,"-22.8996","-43.1788"
202,202-RIO COMPRIDO X PRACA XV - CIRCULAR,Fetranspor,13,17425230,"-22.8996","-43.1788"
202,202-RIO COMPRIDO X PRACA XV - CIRCULAR,Fetranspor,14,17425230,"-22.8996","-43.179"
202,202-RIO COMPRIDO X PRACA XV - CIRCULAR,Fetranspor,15,17425230,"-22.8998","-43.1796"
202,202-RIO COMPRIDO X PRACA XV - CIRCULAR,Fetranspor,16,17425230,"-22.8998","-43.1796"
202,202-RIO COMPRIDO X PRACA XV - CIRCULAR,Fetranspor,17,17425230,"-22.9","-43.1803"
202,202-RIO COMPRIDO X PRACA XV - CIRCULAR,Fetranspor,18,17425230,"-22.9","-43.1803"
202,202-RIO COMPRIDO X PRACA XV - CIRCULAR,Fetranspor,19,17425230,"-22.9001","-43.1806"
202,202-RIO COMPRIDO X PRACA XV - CIRCULAR,Fetranspor,20,17425230,"-22.9002","-43.1808"
202,202-RIO COMPRIDO X PRACA XV - CIRCULAR,Fetranspor,21,17425230,"-22.9003","-43.181"
202,202-RIO COMPRIDO X PRACA XV - CIRCULAR,Fetranspor,22,17425230,"-22.9003","-43.181"
202,202-RIO COMPRIDO X PRACA XV - CIRCULAR,Fetranspor,23,17425230,"-22.9009","-43.1822"
202,202-RIO COMPRIDO X PRACA XV - CIRCULAR,Fetranspor,24,17425230,"-22.9009","-43.1822"
202,202-RIO COMPRIDO X PRACA XV - CIRCULAR,Fetranspor,25,17425230,"-22.9012","-43.1828"
202,202-RIO COMPRIDO X PRACA XV - CIRCULAR,Fetranspor,26,17425230,"-22.9012","-43.1828"
202,202-RIO COMPRIDO X PRACA XV - CIRCULAR,Fetranspor,27,17425230,"-22.9015","-43.1836"
202,202-RIO COMPRIDO X PRACA XV - CIRCULAR,Fetranspor,28,17425230,"-22.9015","-43.1836"
202,202-RIO COMPRIDO X PRACA XV - CIRCULAR,Fetranspor,29,17425230,"-22.9016","-43.1839"
202,202-RIO COMPRIDO X PRACA XV - CIRCULAR,Fetranspor,30,17425230,"-22.9019","-43.1846"
202,202-RIO COMPRIDO X PRACA XV - CIRCULAR,Fetranspor,31,17425230,"-22.9019","-43.1846"
202,202-RIO COMPRIDO X PRACA XV - CIRCULAR,Fetranspor,32,17425230,"-22.9019","-43.1847"
202,202-RIO COMPRIDO X PRACA XV - CIRCULAR,Fetranspor,33,17425230,"-22.9019","-43.1847"
202,202-RIO COMPRIDO X PRACA XV - CIRCULAR,Fetranspor,34,17425230,"-22.902","-43.1849"
202,202-RIO COMPRIDO X PRACA XV - CIRCULAR,Fetranspor,35,17425230,"-22.9022","-43.1853"
202,202-RIO COMPRIDO X PRACA XV - CIRCULAR,Fetranspor,36,17425230,"-22.9025","-43.1861"
202,202-RIO COMPRIDO X PRACA XV - CIRCULAR,Fetranspor,37,17425230,"-22.9025","-43.1861"
202,202-RIO COMPRIDO X PRACA XV - CIRCULAR,Fetranspor,38,17425230,"-22.903","-43.1874"
202,202-RIO COMPRIDO X PRACA XV - CIRCULAR,Fetranspor,39,17425230,"-22.903","-43.1874"
202,202-RIO COMPRIDO X PRACA XV - CIRCULAR,Fetranspor,40,17425230,"-22.9032","-43.188"
202,202-RIO COMPRIDO X PRACA XV - CIRCULAR,Fetranspor,41,17425230,"-22.9033","-43.1885"
202,202-RIO COMPRIDO X PRACA XV - CIRCULAR,Fetranspor,42,17425230,"-22.9034","-43.1886"
202,202-RIO COMPRIDO X PRACA XV - CIRCULAR,Fetranspor,43,17425230,"-22.9034","-43.1886"
202,202-RIO COMPRIDO X PRACA XV - CIRCULAR,Fetranspor,44,17425230,"-22.9038","-43.1885"
202,202-RIO COMPRIDO X PRACA XV - CIRCULAR,Fetranspor,45,17425230,"-22.904","-43.1884"
202,202-RIO COMPRIDO X PRACA XV - CIRCULAR,Fetranspor,46,17425230,"-22.904","-43.1884"
202,202-RIO COMPRIDO X PRACA XV - CIRCULAR,Fetranspor,47,17425230,"-22.9041","-43.1883"
202,202-RIO COMPRIDO X PRACA XV - CIRCULAR,Fetranspor,48,17425230,"-22.9041","-43.1883"
202,202-RIO COMPRIDO X PRACA XV - CIRCULAR,Fetranspor,49,17425230,"-22.9042","-43.1882"
202,202-RIO COMPRIDO X PRACA XV - CIRCULAR,Fetranspor,50,17425230,"-22.9042","-43.1882"
202,202-RIO COMPRIDO X PRACA XV - CIRCULAR,Fetranspor,51,17425230,"-22.9044","-43.1881"
202,202-RIO COMPRIDO X PRACA XV - CIRCULAR,Fetranspor,52,17425230,"-22.9044","-43.1881"
202,202-RIO COMPRIDO X PRACA XV - CIRCULAR,Fetranspor,53,17425230,"-22.9049","-43.1879"
202,202-RIO COMPRIDO X PRACA XV - CIRCULAR,Fetranspor,54,17425230,"-22.9052","-43.1877"
202,202-RIO COMPRIDO X PRACA XV - CIRCULAR,Fetranspor,55,17425230,"-22.9052","-43.1877"
202,202-RIO COMPRIDO X PRACA XV - CIRCULAR,Fetranspor,56,17425230,"-22.9057","-43.1875"
202,202-RIO COMPRIDO X PRACA XV - CIRCULAR,Fetranspor,57,17425230,"-22.9057","-43.1875"
202,202-RIO COMPRIDO X PRACA XV - CIRCULAR,Fetranspor,58,17425230,"-22.9061","-43.1873"
202,202-RIO COMPRIDO X PRACA XV - CIRCULAR,Fetranspor,59,17425230,"-22.9061","-43.1873"
202,202-RIO COMPRIDO X PRACA XV - CIRCULAR,Fetranspor,60,17425230,"-22.907","-43.1868"
202,202-RIO COMPRIDO X PRACA XV - CIRCULAR,Fetranspor,61,17425230,"-22.9072","-43.1867"
202,202-RIO COMPRIDO X PRACA XV - CIRCULAR,Fetranspor,62,17425230,"-22.9072","-43.1867"
202,202-RIO COMPRIDO X PRACA XV - CIRCULAR,Fetranspor,63,17425230,"-22.9082","-43.1862"
202,202-RIO COMPRIDO X PRACA XV - CIRCULAR,Fetranspor,64,17425230,"-22.9082","-43.1862"
202,202-RIO COMPRIDO X PRACA XV - CIRCULAR,Fetranspor,65,17425230,"-22.9083","-43.1862"
202,202-RIO COMPRIDO X PRACA XV - CIRCULAR,Fetranspor,66,17425230,"-22.9083","-43.1862"
202,202-RIO COMPRIDO X PRACA XV - CIRCULAR,Fetranspor,67,17425230,"-22.9083","-43.1864"
202,202-RIO COMPRIDO X PRACA XV - CIRCULAR,Fetranspor,68,17425230,"-22.9085","-43.1871"
202,202-RIO COMPRIDO X PRACA XV - CIRCULAR,Fetranspor,69,17425230,"-22.909","-43.1888"
202,202-RIO COMPRIDO X PRACA XV - CIRCULAR,Fetranspor,70,17425230,"-22.909","-43.1888"
202,202-RIO COMPRIDO X PRACA XV - CIRCULAR,Fetranspor,71,17425230,"-22.9094","-43.1902"
202,202-RIO COMPRIDO X PRACA XV - CIRCULAR,Fetranspor,72,17425230,"-22.9095","-43.1904"
202,202-RIO COMPRIDO X PRACA XV - CIRCULAR,Fetranspor,73,17425230,"-22.9095","-43.1906"
202,202-RIO COMPRIDO X PRACA XV - CIRCULAR,Fetranspor,74,17425230,"-22.9096","-43.1908"
202,202-RIO COMPRIDO X PRACA XV - CIRCULAR,Fetranspor,75,17425230,"-22.91","-43.1914"
202,202-RIO COMPRIDO X PRACA XV - CIRCULAR,Fetranspor,76,17425230,"-22.9101","-43.1915"
202,202-RIO COMPRIDO X PRACA XV - CIRCULAR,Fetranspor,77,17425230,"-22.9101","-43.1915"
202,202-RIO COMPRIDO X PRACA XV - CIRCULAR,Fetranspor,78,17425230,"-22.9104","-43.192"
202,202-RIO COMPRIDO X PRACA XV - CIRCULAR,Fetranspor,79,17425230,"-22.9105","-43.1922"
202,202-RIO COMPRIDO X PRACA XV - CIRCULAR,Fetranspor,80,17425230,"-22.9105","-43.1922"
202,202-RIO COMPRIDO X PRACA XV - CIRCULAR,Fetranspor,81,17425230,"-22.9106","-43.1924"
202,202-RIO COMPRIDO X PRACA XV - CIRCULAR,Fetranspor,82,17425230,"-22.9109","-43.193"
202,202-RIO COMPRIDO X PRACA XV - CIRCULAR,Fetranspor,83,17425230,"-22.9109","-43.193"
202,202-RIO COMPRIDO X PRACA XV - CIRCULAR,Fetranspor,84,17425230,"-22.9112","-43.1935"
202,202-RIO COMPRIDO X PRACA XV - CIRCULAR,Fetranspor,85,17425230,"-22.9112","-43.1935"
202,202-RIO COMPRIDO X PRACA XV - CIRCULAR,Fetranspor,86,17425230,"-22.9113","-43.1937"
202,202-RIO COMPRIDO X PRACA XV - CIRCULAR,Fetranspor,87,17425230,"-22.9114","-43.1942"
202,202-RIO COMPRIDO X PRACA XV - CIRCULAR,Fetranspor,88,17425230,"-22.9116","-43.1953"
202,202-RIO COMPRIDO X PRACA XV - CIRCULAR,Fetranspor,89,17425230,"-22.9116","-43.1953"
202,202-RIO COMPRIDO X PRACA XV - CIRCULAR,Fetranspor,90,17425230,"-22.9117","-43.1956"
202,202-RIO COMPRIDO X PRACA XV - CIRCULAR,Fetranspor,91,17425230,"-22.9117","-43.1956"
202,202-RIO COMPRIDO X PRACA XV - CIRCULAR,Fetranspor,92,17425230,"-22.9117","-43.1957"
202,202-RIO COMPRIDO X PRACA XV - CIRCULAR,Fetranspor,93,17425230,"-22.9117","-43.1958"
202,202-RIO COMPRIDO X PRACA XV - CIRCULAR,Fetranspor,94,17425230,"-22.9118","-43.1963"
202,202-RIO COMPRIDO X PRACA XV - CIRCULAR,Fetranspor,95,17425230,"-22.9118","-43.1963"
202,202-RIO COMPRIDO X PRACA XV - CIRCULAR,Fetranspor,96,17425230,"-22.9118","-43.1967"
202,202-RIO COMPRIDO X PRACA XV - CIRCULAR,Fetranspor,97,17425230,"-22.9118","-43.1967"
202,202-RIO COMPRIDO X PRACA XV - CIRCULAR,Fetranspor,98,17425230,"-22.9119","-43.197"
202,202-RIO COMPRIDO X PRACA XV - CIRCULAR,Fetranspor,99,17425230,"-22.9119","-43.197"
202,202-RIO COMPRIDO X PRACA XV - CIRCULAR,Fetranspor,100,17425230,"-22.912","-43.1975"
202,202-RIO COMPRIDO X PRACA XV - CIRCULAR,Fetranspor,101,17425230,"-22.912","-43.1975"
202,202-RIO COMPRIDO X PRACA XV - CIRCULAR,Fetranspor,102,17425230,"-22.9121","-43.1979"
202,202-RIO COMPRIDO X PRACA XV - CIRCULAR,Fetranspor,103,17425230,"-22.9121","-43.1979"
202,202-RIO COMPRIDO X PRACA XV - CIRCULAR,Fetranspor,104,17425230,"-22.9122","-43.1983"
202,202-RIO COMPRIDO X PRACA XV - CIRCULAR,Fetranspor,105,17425230,"-22.9122","-43.1983"
202,202-RIO COMPRIDO X PRACA XV - CIRCULAR,Fetranspor,106,17425230,"-22.9123","-43.1988"
202,202-RIO COMPRIDO X PRACA XV - CIRCULAR,Fetranspor,107,17425230,"-22.9123","-43.1988"
202,202-RIO COMPRIDO X PRACA XV - CIRCULAR,Fetranspor,108,17425230,"-22.9124","-43.1994"
202,202-RIO COMPRIDO X PRACA XV - CIRCULAR,Fetranspor,109,17425230,"-22.9124","-43.1994"
202,202-RIO COMPRIDO X PRACA XV - CIRCULAR,Fetranspor,110,17425230,"-22.9131","-43.1994"
202,202-RIO COMPRIDO X PRACA XV - CIRCULAR,Fetranspor,111,17425230,"-22.9131","-43.1994"
202,202-RIO COMPRIDO X PRACA XV - CIRCULAR,Fetranspor,112,17425230,"-22.9141","-43.1995"
202,202-RIO COMPRIDO X PRACA XV - CIRCULAR,Fetranspor,113,17425230,"-22.9141","-43.1994"
202,202-RIO COMPRIDO X PRACA XV - CIRCULAR,Fetranspor,114,17425230,"-22.9142","-43.1994"
202,202-RIO COMPRIDO X PRACA XV - CIRCULAR,Fetranspor,115,17425230,"-22.9142","-43.1994"
202,202-RIO COMPRIDO X PRACA XV - CIRCULAR,Fetranspor,116,17425230,"-22.9143","-43.1993"
202,202-RIO COMPRIDO X PRACA XV - CIRCULAR,Fetranspor,117,17425230,"-22.9143","-43.1993"
202,202-RIO COMPRIDO X PRACA XV - CIRCULAR,Fetranspor,118,17425230,"-22.9143","-43.1992"
202,202-RIO COMPRIDO X PRACA XV - CIRCULAR,Fetranspor,119,17425230,"-22.9143","-43.1992"
202,202-RIO COMPRIDO X PRACA XV - CIRCULAR,Fetranspor,120,17425230,"-22.9144","-43.1986"
202,202-RIO COMPRIDO X PRACA XV - CIRCULAR,Fetranspor,121,17425230,"-22.9144","-43.1986"
202,202-RIO COMPRIDO X PRACA XV - CIRCULAR,Fetranspor,122,17425230,"-22.9145","-43.1983"
202,202-RIO COMPRIDO X PRACA XV - CIRCULAR,Fetranspor,123,17425230,"-22.9144","-43.1981"
202,202-RIO COMPRIDO X PRACA XV - CIRCULAR,Fetranspor,124,17425230,"-22.9143","-43.1975"
202,202-RIO COMPRIDO X PRACA XV - CIRCULAR,Fetranspor,125,17425230,"-22.9143","-43.1971"
202,202-RIO COMPRIDO X PRACA XV - CIRCULAR,Fetranspor,126,17425230,"-22.9143","-43.1971"
202,202-RIO COMPRIDO X PRACA XV - CIRCULAR,Fetranspor,127,17425230,"-22.9153","-43.1967"
202,202-RIO COMPRIDO X PRACA XV - CIRCULAR,Fetranspor,128,17425230,"-22.9153","-43.1967"
202,202-RIO COMPRIDO X PRACA XV - CIRCULAR,Fetranspor,129,17425230,"-22.9158","-43.1965"
202,202-RIO COMPRIDO X PRACA XV - CIRCULAR,Fetranspor,130,17425230,"-22.9162","-43.1963"
202,202-RIO COMPRIDO X PRACA XV - CIRCULAR,Fetranspor,131,17425230,"-22.9162","-43.1963"
202,202-RIO COMPRIDO X PRACA XV - CIRCULAR,Fetranspor,132,17425230,"-22.9164","-43.1963"
202,202-RIO COMPRIDO X PRACA XV - CIRCULAR,Fetranspor,133,17425230,"-22.9165","-43.1962"
202,202-RIO COMPRIDO X PRACA XV - CIRCULAR,Fetranspor,134,17425230,"-22.9166","-43.1962"
202,202-RIO COMPRIDO X PRACA XV - CIRCULAR,Fetranspor,135,17425230,"-22.9168","-43.1962"
202,202-RIO COMPRIDO X PRACA XV - CIRCULAR,Fetranspor,136,17425230,"-22.9168","-43.1962"
202,202-RIO COMPRIDO X PRACA XV - CIRCULAR,Fetranspor,137,17425230,"-22.9168","-43.1961"
202,202-RIO COMPRIDO X PRACA XV - CIRCULAR,Fetranspor,138,17425230,"-22.917","-43.1959"
202,202-RIO COMPRIDO X PRACA XV - CIRCULAR,Fetranspor,139,17425230,"-22.917","-43.1958"
202,202-RIO COMPRIDO X PRACA XV - CIRCULAR,Fetranspor,140,17425230,"-22.917","-43.1958"
202,202-RIO COMPRIDO X PRACA XV - CIRCULAR,Fetranspor,141,17425230,"-22.917","-43.1953"
202,202-RIO COMPRIDO X PRACA XV - CIRCULAR,Fetranspor,142,17425230,"-22.917","-43.1953"
202,202-RIO COMPRIDO X PRACA XV - CIRCULAR,Fetranspor,143,17425230,"-22.917","-43.1953"
202,202-RIO COMPRIDO X PRACA XV - CIRCULAR,Fetranspor,144,17425230,"-22.917","-43.1952"
202,202-RIO COMPRIDO X PRACA XV - CIRCULAR,Fetranspor,145,17425230,"-22.917","-43.1951"
202,202-RIO COMPRIDO X PRACA XV - CIRCULAR,Fetranspor,146,17425230,"-22.9171","-43.1951"
202,202-RIO COMPRIDO X PRACA XV - CIRCULAR,Fetranspor,147,17425230,"-22.9171","-43.195"
202,202-RIO COMPRIDO X PRACA XV - CIRCULAR,Fetranspor,148,17425230,"-22.9175","-43.1949"
202,202-RIO COMPRIDO X PRACA XV - CIRCULAR,Fetranspor,149,17425230,"-22.9176","-43.1949"
202,202-RIO COMPRIDO X PRACA XV - CIRCULAR,Fetranspor,150,17425230,"-22.9177","-43.1948"
202,202-RIO COMPRIDO X PRACA XV - CIRCULAR,Fetranspor,151,17425230,"-22.9178","-43.1949"
202,202-RIO COMPRIDO X PRACA XV - CIRCULAR,Fetranspor,152,17425230,"-22.9178","-43.1949"
202,202-RIO COMPRIDO X PRACA XV - CIRCULAR,Fetranspor,153,17425230,"-22.918","-43.195"
202,202-RIO COMPRIDO X PRACA XV - CIRCULAR,Fetranspor,154,17425230,"-22.9184","-43.1952"
202,202-RIO COMPRIDO X PRACA XV - CIRCULAR,Fetranspor,155,17425230,"-22.9184","-43.1952"
202,202-RIO COMPRIDO X PRACA XV - CIRCULAR,Fetranspor,156,17425230,"-22.9186","-43.1954"
202,202-RIO COMPRIDO X PRACA XV - CIRCULAR,Fetranspor,157,17425230,"-22.9186","-43.1954"
202,202-RIO COMPRIDO X PRACA XV - CIRCULAR,Fetranspor,158,17425230,"-22.9193","-43.1958"
202,202-RIO COMPRIDO X PRACA XV - CIRCULAR,Fetranspor,159,17425230,"-22.9199","-43.1963"
202,202-RIO COMPRIDO X PRACA XV - CIRCULAR,Fetranspor,160,17425230,"-22.9205","-43.1967"
202,202-RIO COMPRIDO X PRACA XV - CIRCULAR,Fetranspor,161,17425230,"-22.9208","-43.1968"
202,202-RIO COMPRIDO X PRACA XV - CIRCULAR,Fetranspor,162,17425230,"-22.9208","-43.1968"
202,202-RIO COMPRIDO X PRACA XV - CIRCULAR,Fetranspor,163,17425230,"-22.9209","-43.1969"
202,202-RIO COMPRIDO X PRACA XV - CIRCULAR,Fetranspor,164,17425230,"-22.9211","-43.197"
202,202-RIO COMPRIDO X PRACA XV - CIRCULAR,Fetranspor,165,17425230,"-22.9215","-43.1971"
202,202-RIO COMPRIDO X PRACA XV - CIRCULAR,Fetranspor,166,17425230,"-22.9219","-43.1972"
202,202-RIO COMPRIDO X PRACA XV - CIRCULAR,Fetranspor,167,17425230,"-22.9223","-43.1973"
202,202-RIO COMPRIDO X PRACA XV - CIRCULAR,Fetranspor,168,17425230,"-22.9223","-43.1973"
202,202-RIO COMPRIDO X PRACA XV - CIRCULAR,Fetranspor,169,17425230,"-22.9226","-43.1975"
202,202-RIO COMPRIDO X PRACA XV - CIRCULAR,Fetranspor,170,17425230,"-22.9226","-43.1975"
202,202-RIO COMPRIDO X PRACA XV - CIRCULAR,Fetranspor,171,17425230,"-22.9229","-43.1976"
202,202-RIO COMPRIDO X PRACA XV - CIRCULAR,Fetranspor,172,17425230,"-22.9229","-43.1976"
202,202-RIO COMPRIDO X PRACA XV - CIRCULAR,Fetranspor,173,17425230,"-22.923","-43.1977"
202,202-RIO COMPRIDO X PRACA XV - CIRCULAR,Fetranspor,174,17425230,"-22.9233","-43.1978"
202,202-RIO COMPRIDO X PRACA XV - CIRCULAR,Fetranspor,175,17425230,"-22.9236","-43.198"
202,202-RIO COMPRIDO X PRACA XV - CIRCULAR,Fetranspor,176,17425230,"-22.9238","-43.1981"
202,202-RIO COMPRIDO X PRACA XV - CIRCULAR,Fetranspor,177,17425230,"-22.9238","-43.1981"
202,202-RIO COMPRIDO X PRACA XV - CIRCULAR,Fetranspor,178,17425230,"-22.9242","-43.1985"
202,202-RIO COMPRIDO X PRACA XV - CIRCULAR,Fetranspor,179,17425230,"-22.9242","-43.1985"
202,202-RIO COMPRIDO X PRACA XV - CIRCULAR,Fetranspor,180,17425230,"-22.9247","-43.1989"
202,202-RIO COMPRIDO X PRACA XV - CIRCULAR,Fetranspor,181,17425230,"-22.9248","-43.199"
202,202-RIO COMPRIDO X PRACA XV - CIRCULAR,Fetranspor,182,17425230,"-22.9248","-43.199"
202,202-RIO COMPRIDO X PRACA XV - CIRCULAR,Fetranspor,183,17425230,"-22.9248","-43.1991"
202,202-RIO COMPRIDO X PRACA XV - CIRCULAR,Fetranspor,184,17425230,"-22.9249","-43.1992"
202,202-RIO COMPRIDO X PRACA XV - CIRCULAR,Fetranspor,185,17425230,"-22.925","-43.1997"
202,202-RIO COMPRIDO X PRACA XV - CIRCULAR,Fetranspor,186,17425230,"-22.9251","-43.1998"
202,202-RIO COMPRIDO X PRACA XV - CIRCULAR,Fetranspor,187,17425230,"-22.9251","-43.2002"
202,202-RIO COMPRIDO X PRACA XV - CIRCULAR,Fetranspor,188,17425230,"-22.9252","-43.2004"
202,202-RIO COMPRIDO X PRACA XV - CIRCULAR,Fetranspor,189,17425230,"-22.9252","-43.201"
202,202-RIO COMPRIDO X PRACA XV - CIRCULAR,Fetranspor,190,17425230,"-22.9252","-43.2019"
202,202-RIO COMPRIDO X PRACA XV - CIRCULAR,Fetranspor,191,17425230,"-22.9252","-43.2023"
202,202-RIO COMPRIDO X PRACA XV - CIRCULAR,Fetranspor,192,17425230,"-22.9252","-43.2024"
202,202-RIO COMPRIDO X PRACA XV - CIRCULAR,Fetranspor,193,17425230,"-22.9252","-43.2024"
202,202-RIO COMPRIDO X PRACA XV - CIRCULAR,Fetranspor,194,17425230,"-22.925","-43.2029"
202,202-RIO COMPRIDO X PRACA XV - CIRCULAR,Fetranspor,195,17425230,"-22.9248","-43.204"
202,202-RIO COMPRIDO X PRACA XV - CIRCULAR,Fetranspor,196,17425230,"-22.9248","-43.204"
202,202-RIO COMPRIDO X PRACA XV - CIRCULAR,Fetranspor,197,17425230,"-22.924","-43.2038"
202,202-RIO COMPRIDO X PRACA XV - CIRCULAR,Fetranspor,198,17425230,"-22.924","-43.2038"
202,202-RIO COMPRIDO X PRACA XV - CIRCULAR,Fetranspor,199,17425230,"-22.9239","-43.2049"
202,202-RIO COMPRIDO X PRACA XV - CIRCULAR,Fetranspor,200,17425230,"-22.9239","-43.2049"
202,202-RIO COMPRIDO X PRACA XV - CIRCULAR,Fetranspor,201,17425230,"-22.9237","-43.206"
202,202-RIO COMPRIDO X PRACA XV - CIRCULAR,Fetranspor,202,17425230,"-22.9237","-43.206"
202,202-RIO COMPRIDO X PRACA XV - CIRCULAR,Fetranspor,203,17425230,"-22.9237","-43.2061"
202,202-RIO COMPRIDO X PRACA XV - CIRCULAR,Fetranspor,204,17425230,"-22.9237","-43.2065"
202,202-RIO COMPRIDO X PRACA XV - CIRCULAR,Fetranspor,205,17425230,"-22.9237","-43.2065"
202,202-RIO COMPRIDO X PRACA XV - CIRCULAR,Fetranspor,206,17425230,"-22.9235","-43.2078"
202,202-RIO COMPRIDO X PRACA XV - CIRCULAR,Fetranspor,207,17425230,"-22.9235","-43.2078"
202,202-RIO COMPRIDO X PRACA XV - CIRCULAR,Fetranspor,208,17425230,"-22.9233","-43.2087"
202,202-RIO COMPRIDO X PRACA XV - CIRCULAR,Fetranspor,209,17425230,"-22.9233","-43.2087"
202,202-RIO COMPRIDO X PRACA XV - CIRCULAR,Fetranspor,210,17425230,"-22.9233","-43.2089"
202,202-RIO COMPRIDO X PRACA XV - CIRCULAR,Fetranspor,211,17425230,"-22.9233","-43.2096"
202,202-RIO COMPRIDO X PRACA XV - CIRCULAR,Fetranspor,212,17425230,"-22.9233","-43.2096"
202,202-RIO COMPRIDO X PRACA XV - CIRCULAR,Fetranspor,213,17425230,"-22.923","-43.2096"
202,202-RIO COMPRIDO X PRACA XV - CIRCULAR,Fetranspor,214,17425230,"-22.9221","-43.2097"
202,202-RIO COMPRIDO X PRACA XV - CIRCULAR,Fetranspor,215,17425230,"-22.9221","-43.2097"
202,202-RIO COMPRIDO X PRACA XV - CIRCULAR,Fetranspor,216,17425230,"-22.9217","-43.2097"
202,202-RIO COMPRIDO X PRACA XV - CIRCULAR,Fetranspor,217,17425230,"-22.9217","-43.2097"
202,202-RIO COMPRIDO X PRACA XV - CIRCULAR,Fetranspor,218,17425230,"-22.9212","-43.2097"
202,202-RIO COMPRIDO X PRACA XV - CIRCULAR,Fetranspor,219,17425230,"-22.9212","-43.2097"
202,202-RIO COMPRIDO X PRACA XV - CIRCULAR,Fetranspor,220,17425230,"-22.92","-43.2098"
202,202-RIO COMPRIDO X PRACA XV - CIRCULAR,Fetranspor,221,17425230,"-22.92","-43.2098"
202,202-RIO COMPRIDO X PRACA XV - CIRCULAR,Fetranspor,222,17425230,"-22.9187","-43.2099"
202,202-RIO COMPRIDO X PRACA XV - CIRCULAR,Fetranspor,223,17425230,"-22.9187","-43.2099"
202,202-RIO COMPRIDO X PRACA XV - CIRCULAR,Fetranspor,224,17425230,"-22.9172","-43.21"
202,202-RIO COMPRIDO X PRACA XV - CIRCULAR,Fetranspor,225,17425230,"-22.9172","-43.21"
202,202-RIO COMPRIDO X PRACA XV - CIRCULAR,Fetranspor,226,17425230,"-22.9167","-43.21"
202,202-RIO COMPRIDO X PRACA XV - CIRCULAR,Fetranspor,227,17425230,"-22.9167","-43.21"
202,202-RIO COMPRIDO X PRACA XV - CIRCULAR,Fetranspor,228,17425230,"-22.9165","-43.21"
202,202-RIO COMPRIDO X PRACA XV - CIRCULAR,Fetranspor,229,17425230,"-22.9157","-43.2101"
202,202-RIO COMPRIDO X PRACA XV - CIRCULAR,Fetranspor,230,17425230,"-22.9157","-43.2101"
202,202-RIO COMPRIDO X PRACA XV - CIRCULAR,Fetranspor,231,17425230,"-22.9157","-43.2101"
202,202-RIO COMPRIDO X PRACA XV - CIRCULAR,Fetranspor,232,17425230,"-22.9157","-43.2102"
202,202-RIO COMPRIDO X PRACA XV - CIRCULAR,Fetranspor,233,17425230,"-22.9157","-43.2103"
202,202-RIO COMPRIDO X PRACA XV - CIRCULAR,Fetranspor,234,17425230,"-22.9157","-43.2103"
202,202-RIO COMPRIDO X PRACA XV - CIRCULAR,Fetranspor,235,17425230,"-22.9168","-43.2102"
202,202-RIO COMPRIDO X PRACA XV - CIRCULAR,Fetranspor,236,17425230,"-22.9168","-43.2102"
202,202-RIO COMPRIDO X PRACA XV - CIRCULAR,Fetranspor,237,17425230,"-22.9185","-43.2101"
202,202-RIO COMPRIDO X PRACA XV - CIRCULAR,Fetranspor,238,17425230,"-22.9185","-43.2101"
202,202-RIO COMPRIDO X PRACA XV - CIRCULAR,Fetranspor,239,17425230,"-22.9188","-43.2101"
202,202-RIO COMPRIDO X PRACA XV - CIRCULAR,Fetranspor,240,17425230,"-22.9188","-43.2101"
202,202-RIO COMPRIDO X PRACA XV - CIRCULAR,Fetranspor,241,17425230,"-22.92","-43.21"
202,202-RIO COMPRIDO X PRACA XV - CIRCULAR,Fetranspor,242,17425230,"-22.92","-43.21"
202,202-RIO COMPRIDO X PRACA XV - CIRCULAR,Fetranspor,243,17425230,"-22.9214","-43.2099"
202,202-RIO COMPRIDO X PRACA XV - CIRCULAR,Fetranspor,244,17425230,"-22.9214","-43.2099"
202,202-RIO COMPRIDO X PRACA XV - CIRCULAR,Fetranspor,245,17425230,"-22.9215","-43.21"
202,202-RIO COMPRIDO X PRACA XV - CIRCULAR,Fetranspor,246,17425230,"-22.9219","-43.2101"
202,202-RIO COMPRIDO X PRACA XV - CIRCULAR,Fetranspor,247,17425230,"-22.9219","-43.2101"
202,202-RIO COMPRIDO X PRACA XV - CIRCULAR,Fetranspor,248,17425230,"-22.922","-43.2104"
202,202-RIO COMPRIDO X PRACA XV - CIRCULAR,Fetranspor,249,17425230,"-22.922","-43.2104"
202,202-RIO COMPRIDO X PRACA XV - CIRCULAR,Fetranspor,250,17425230,"-22.9223","-43.2108"
202,202-RIO COMPRIDO X PRACA XV - CIRCULAR,Fetranspor,0,17743696,"-22.9223","-43.2108"
202,202-RIO COMPRIDO X PRACA XV - CIRCULAR,Fetranspor,1,17743696,"-22.9227","-43.2112"
202,202-RIO COMPRIDO X PRACA XV - CIRCULAR,Fetranspor,2,17743696,"-22.9232","-43.2117"
202,202-RIO COMPRIDO X PRACA XV - CIRCULAR,Fetranspor,3,17743696,"-22.9232","-43.2117"
202,202-RIO COMPRIDO X PRACA XV - CIRCULAR,Fetranspor,4,17743696,"-22.9236","-43.2122"
202,202-RIO COMPRIDO X PRACA XV - CIRCULAR,Fetranspor,5,17743696,"-22.924","-43.2125"
202,202-RIO COMPRIDO X PRACA XV - CIRCULAR,Fetranspor,6,17743696,"-22.924","-43.2125"
202,202-RIO COMPRIDO X PRACA XV - CIRCULAR,Fetranspor,7,17743696,"-22.924","-43.2124"
202,202-RIO COMPRIDO X PRACA XV - CIRCULAR,Fetranspor,8,17743696,"-22.9244","-43.2121"
202,202-RIO COMPRIDO X PRACA XV - CIRCULAR,Fetranspor,9,17743696,"-22.9248","-43.2116"
202,202-RIO COMPRIDO X PRACA XV - CIRCULAR,Fetranspor,10,17743696,"-22.9248","-43.2115"
202,202-RIO COMPRIDO X PRACA XV - CIRCULAR,Fetranspor,11,17743696,"-22.9248","-43.2115"
202,202-RIO COMPRIDO X PRACA XV - CIRCULAR,Fetranspor,12,17743696,"-22.9249","-43.2114"
202,202-RIO COMPRIDO X PRACA XV - CIRCULAR,Fetranspor,13,17743696,"-22.9249","-43.2114"
202,202-RIO COMPRIDO X PRACA XV - CIRCULAR,Fetranspor,14,17743696,"-22.9249","-43.2113"
202,202-RIO COMPRIDO X PRACA XV - CIRCULAR,Fetranspor,15,17743696,"-22.9249","-43.2113"
202,202-RIO COMPRIDO X PRACA XV - CIRCULAR,Fetranspor,16,17743696,"-22.9249","-43.2112"
202,202-RIO COMPRIDO X PRACA XV - CIRCULAR,Fetranspor,17,17743696,"-22.9248","-43.21"
202,202-RIO COMPRIDO X PRACA XV - CIRCULAR,Fetranspor,18,17743696,"-22.9247","-43.2097"
202,202-RIO COMPRIDO X PRACA XV - CIRCULAR,Fetranspor,19,17743696,"-22.9247","-43.2097"
202,202-RIO COMPRIDO X PRACA XV - CIRCULAR,Fetranspor,20,17743696,"-22.9247","-43.2097"
202,202-RIO COMPRIDO X PRACA XV - CIRCULAR,Fetranspor,21,17743696,"-22.9247","-43.2096"
202,202-RIO COMPRIDO X PRACA XV - CIRCULAR,Fetranspor,22,17743696,"-22.9247","-43.2095"
202,202-RIO COMPRIDO X PRACA XV - CIRCULAR,Fetranspor,23,17743696,"-22.9247","-43.2095"
202,202-RIO COMPRIDO X PRACA XV - CIRCULAR,Fetranspor,24,17743696,"-22.9247","-43.2094"
202,202-RIO COMPRIDO X PRACA XV - CIRCULAR,Fetranspor,25,17743696,"-22.9248","-43.2089"
202,202-RIO COMPRIDO X PRACA XV - CIRCULAR,Fetranspor,26,17743696,"-22.9248","-43.2088"
202,202-RIO COMPRIDO X PRACA XV - CIRCULAR,Fetranspor,27,17743696,"-22.9248","-43.2087"
202,202-RIO COMPRIDO X PRACA XV - CIRCULAR,Fetranspor,28,17743696,"-22.9248","-43.2087"
202,202-RIO COMPRIDO X PRACA XV - CIRCULAR,Fetranspor,29,17743696,"-22.9248","-43.2086"
202,202-RIO COMPRIDO X PRACA XV - CIRCULAR,Fetranspor,30,17743696,"-22.9249","-43.2081"
202,202-RIO COMPRIDO X PRACA XV - CIRCULAR,Fetranspor,31,17743696,"-22.9249","-43.2081"
202,202-RIO COMPRIDO X PRACA XV - CIRCULAR,Fetranspor,32,17743696,"-22.9251","-43.2069"
202,202-RIO COMPRIDO X PRACA XV - CIRCULAR,Fetranspor,33,17743696,"-22.9251","-43.2069"
202,202-RIO COMPRIDO X PRACA XV - CIRCULAR,Fetranspor,34,17743696,"-22.9251","-43.2062"
202,202-RIO COMPRIDO X PRACA XV - CIRCULAR,Fetranspor,35,17743696,"-22.9251","-43.2062"
202,202-RIO COMPRIDO X PRACA XV - CIRCULAR,Fetranspor,36,17743696,"-22.9252","-43.2056"
202,202-RIO COMPRIDO X PRACA XV - CIRCULAR,Fetranspor,37,17743696,"-22.9252","-43.2056"
202,202-RIO COMPRIDO X PRACA XV - CIRCULAR,Fetranspor,38,17743696,"-22.9252","-43.2055"
202,202-RIO COMPRIDO X PRACA XV - CIRCULAR,Fetranspor,39,17743696,"-22.9252","-43.2055"
202,202-RIO COMPRIDO X PRACA XV - CIRCULAR,Fetranspor,40,17743696,"-22.9252","-43.2054"
202,202-RIO COMPRIDO X PRACA XV - CIRCULAR,Fetranspor,41,17743696,"-22.9252","-43.2054"
202,202-RIO COMPRIDO X PRACA XV - CIRCULAR,Fetranspor,42,17743696,"-22.9252","-43.2054"
202,202-RIO COMPRIDO X PRACA XV - CIRCULAR,Fetranspor,43,17743696,"-22.925","-43.2051"
202,202-RIO COMPRIDO X PRACA XV - CIRCULAR,Fetranspor,44,17743696,"-22.925","-43.2051"
202,202-RIO COMPRIDO X PRACA XV - CIRCULAR,Fetranspor,45,17743696,"-22.9247","-43.2045"
202,202-RIO COMPRIDO X PRACA XV - CIRCULAR,Fetranspor,46,17743696,"-22.9247","-43.2044"
202,202-RIO COMPRIDO X PRACA XV - CIRCULAR,Fetranspor,47,17743696,"-22.9247","-43.2044"
202,202-RIO COMPRIDO X PRACA XV - CIRCULAR,Fetranspor,48,17743696,"-22.9247","-43.2043"
202,202-RIO COMPRIDO X PRACA XV - CIRCULAR,Fetranspor,49,17743696,"-22.9248","-43.204"
202,202-RIO COMPRIDO X PRACA XV - CIRCULAR,Fetranspor,50,17743696,"-22.9248","-43.204"
202,202-RIO COMPRIDO X PRACA XV - CIRCULAR,Fetranspor,51,17743696,"-22.925","-43.2029"
202,202-RIO COMPRIDO X PRACA XV - CIRCULAR,Fetranspor,52,17743696,"-22.9252","-43.2024"
202,202-RIO COMPRIDO X PRACA XV - CIRCULAR,Fetranspor,53,17743696,"-22.9252","-43.2024"
202,202-RIO COMPRIDO X PRACA XV - CIRCULAR,Fetranspor,54,17743696,"-22.9252","-43.2023"
202,202-RIO COMPRIDO X PRACA XV - CIRCULAR,Fetranspor,55,17743696,"-22.9252","-43.2019"
202,202-RIO COMPRIDO X PRACA XV - CIRCULAR,Fetranspor,56,17743696,"-22.9252","-43.201"
202,202-RIO COMPRIDO X PRACA XV - CIRCULAR,Fetranspor,57,17743696,"-22.9252","-43.2004"
202,202-RIO COMPRIDO X PRACA XV - CIRCULAR,Fetranspor,58,17743696,"-22.9251","-43.2002"
202,202-RIO COMPRIDO X PRACA XV - CIRCULAR,Fetranspor,59,17743696,"-22.9251","-43.1998"
202,202-RIO COMPRIDO X PRACA XV - CIRCULAR,Fetranspor,60,17743696,"-22.925","-43.1997"
202,202-RIO COMPRIDO X PRACA XV - CIRCULAR,Fetranspor,61,17743696,"-22.9249","-43.1992"
202,202-RIO COMPRIDO X PRACA XV - CIRCULAR,Fetranspor,62,17743696,"-22.9248","-43.1991"
202,202-RIO COMPRIDO X PRACA XV - CIRCULAR,Fetranspor,63,17743696,"-22.9248","-43.199"
202,202-RIO COMPRIDO X PRACA XV - CIRCULAR,Fetranspor,64,17743696,"-22.9248","-43.199"
202,202-RIO COMPRIDO X PRACA XV - CIRCULAR,Fetranspor,65,17743696,"-22.9247","-43.1989"
202,202-RIO COMPRIDO X PRACA XV - CIRCULAR,Fetranspor,66,17743696,"-22.9242","-43.1985"
202,202-RIO COMPRIDO X PRACA XV - CIRCULAR,Fetranspor,67,17743696,"-22.9242","-43.1985"
202,202-RIO COMPRIDO X PRACA XV - CIRCULAR,Fetranspor,68,17743696,"-22.9238","-43.1981"
202,202-RIO COMPRIDO X PRACA XV - CIRCULAR,Fetranspor,69,17743696,"-22.9238","-43.1981"
202,202-RIO COMPRIDO X PRACA XV - CIRCULAR,Fetranspor,70,17743696,"-22.9236","-43.198"
202,202-RIO COMPRIDO X PRACA XV - CIRCULAR,Fetranspor,71,17743696,"-22.9233","-43.1978"
202,202-RIO COMPRIDO X PRACA XV - CIRCULAR,Fetranspor,72,17743696,"-22.923","-43.1977"
202,202-RIO COMPRIDO X PRACA XV - CIRCULAR,Fetranspor,73,17743696,"-22.9229","-43.1976"
202,202-RIO COMPRIDO X PRACA XV - CIRCULAR,Fetranspor,74,17743696,"-22.9229","-43.1976"
202,202-RIO COMPRIDO X PRACA XV - CIRCULAR,Fetranspor,75,17743696,"-22.9226","-43.1975"
202,202-RIO COMPRIDO X PRACA XV - CIRCULAR,Fetranspor,76,17743696,"-22.9226","-43.1975"
202,202-RIO COMPRIDO X PRACA XV - CIRCULAR,Fetranspor,77,17743696,"-22.9223","-43.1973"
202,202-RIO COMPRIDO X PRACA XV - CIRCULAR,Fetranspor,78,17743696,"-22.9223","-43.1973"
202,202-RIO COMPRIDO X PRACA XV - CIRCULAR,Fetranspor,79,17743696,"-22.9219","-43.1972"
202,202-RIO COMPRIDO X PRACA XV - CIRCULAR,Fetranspor,80,17743696,"-22.9215","-43.1971"
202,202-RIO COMPRIDO X PRACA XV - CIRCULAR,Fetranspor,81,17743696,"-22.9211","-43.197"
202,202-RIO COMPRIDO X PRACA XV - CIRCULAR,Fetranspor,82,17743696,"-22.9209","-43.1969"
202,202-RIO COMPRIDO X PRACA XV - CIRCULAR,Fetranspor,83,17743696,"-22.9208","-43.1968"
202,202-RIO COMPRIDO X PRACA XV - CIRCULAR,Fetranspor,84,17743696,"-22.9208","-43.1968"
202,202-RIO COMPRIDO X PRACA XV - CIRCULAR,Fetranspor,85,17743696,"-22.9208","-43.1967"
202,202-RIO COMPRIDO X PRACA XV - CIRCULAR,Fetranspor,86,17743696,"-22.9208","-43.1966"
202,202-RIO COMPRIDO X PRACA XV - CIRCULAR,Fetranspor,87,17743696,"-22.9202","-43.1956"
202,202-RIO COMPRIDO X PRACA XV - CIRCULAR,Fetranspor,88,17743696,"-22.9201","-43.1954"
202,202-RIO COMPRIDO X PRACA XV - CIRCULAR,Fetranspor,89,17743696,"-22.9201","-43.1954"
202,202-RIO COMPRIDO X PRACA XV - CIRCULAR,Fetranspor,90,17743696,"-22.92","-43.195"
202,202-RIO COMPRIDO X PRACA XV - CIRCULAR,Fetranspor,91,17743696,"-22.92","-43.195"
202,202-RIO COMPRIDO X PRACA XV - CIRCULAR,Fetranspor,92,17743696,"-22.9199","-43.1949"
202,202-RIO COMPRIDO X PRACA XV - CIRCULAR,Fetranspor,93,17743696,"-22.9199","-43.1949"
202,202-RIO COMPRIDO X PRACA XV - CIRCULAR,Fetranspor,94,17743696,"-22.9197","-43.1945"
202,202-RIO COMPRIDO X PRACA XV - CIRCULAR,Fetranspor,95,17743696,"-22.9197","-43.1945"
202,202-RIO COMPRIDO X PRACA XV - CIRCULAR,Fetranspor,96,17743696,"-22.9196","-43.1944"
202,202-RIO COMPRIDO X PRACA XV - CIRCULAR,Fetranspor,97,17743696,"-22.9196","-43.1943"
202,202-RIO COMPRIDO X PRACA XV - CIRCULAR,Fetranspor,98,17743696,"-22.9196","-43.1943"
202,202-RIO COMPRIDO X PRACA XV - CIRCULAR,Fetranspor,99,17743696,"-22.9195","-43.1943"
202,202-RIO COMPRIDO X PRACA XV - CIRCULAR,Fetranspor,100,17743696,"-22.9195","-43.1942"
202,202-RIO COMPRIDO X PRACA XV - CIRCULAR,Fetranspor,101,17743696,"-22.9194","-43.1942"
202,202-RIO COMPRIDO X PRACA XV - CIRCULAR,Fetranspor,102,17743696,"-22.9194","-43.1942"
202,202-RIO COMPRIDO X PRACA XV - CIRCULAR,Fetranspor,103,17743696,"-22.9191","-43.1942"
202,202-RIO COMPRIDO X PRACA XV - CIRCULAR,Fetranspor,104,17743696,"-22.9191","-43.1942"
202,202-RIO COMPRIDO X PRACA XV - CIRCULAR,Fetranspor,105,17743696,"-22.9189","-43.1943"
202,202-RIO COMPRIDO X PRACA XV - CIRCULAR,Fetranspor,106,17743696,"-22.9187","-43.1943"
202,202-RIO COMPRIDO X PRACA XV - CIRCULAR,Fetranspor,107,17743696,"-22.9185","-43.1943"
202,202-RIO COMPRIDO X PRACA XV - CIRCULAR,Fetranspor,108,17743696,"-22.9184","-43.1943"
202,202-RIO COMPRIDO X PRACA XV - CIRCULAR,Fetranspor,109,17743696,"-22.9184","-43.1943"
202,202-RIO COMPRIDO X PRACA XV - CIRCULAR,Fetranspor,110,17743696,"-22.9183","-43.1943"
202,202-RIO COMPRIDO X PRACA XV - CIRCULAR,Fetranspor,111,17743696,"-22.9181","-43.1942"
202,202-RIO COMPRIDO X PRACA XV - CIRCULAR,Fetranspor,112,17743696,"-22.9181","-43.1942"
202,202-RIO COMPRIDO X PRACA XV - CIRCULAR,Fetranspor,113,17743696,"-22.9176","-43.1941"
202,202-RIO COMPRIDO X PRACA XV - CIRCULAR,Fetranspor,114,17743696,"-22.9176","-43.1941"
202,202-RIO COMPRIDO X PRACA XV - CIRCULAR,Fetranspor,115,17743696,"-22.9172","-43.1941"
202,202-RIO COMPRIDO X PRACA XV - CIRCULAR,Fetranspor,116,17743696,"-22.9172","-43.1941"
202,202-RIO COMPRIDO X PRACA XV - CIRCULAR,Fetranspor,117,17743696,"-22.9169","-43.194"
202,202-RIO COMPRIDO X PRACA XV - CIRCULAR,Fetranspor,118,17743696,"-22.9163","-43.1939"
202,202-RIO COMPRIDO X PRACA XV - CIRCULAR,Fetranspor,119,17743696,"-22.9163","-43.1939"
202,202-RIO COMPRIDO X PRACA XV - CIRCULAR,Fetranspor,120,17743696,"-22.9162","-43.1939"
202,202-RIO COMPRIDO X PRACA XV - CIRCULAR,Fetranspor,121,17743696,"-22.916","-43.1939"
202,202-RIO COMPRIDO X PRACA XV - CIRCULAR,Fetranspor,122,17743696,"-22.9159","-43.1939"
202,202-RIO COMPRIDO X PRACA XV - CIRCULAR,Fetranspor,123,17743696,"-22.9157","-43.1939"
202,202-RIO COMPRIDO X PRACA XV - CIRCULAR,Fetranspor,124,17743696,"-22.9156","-43.1939"
202,202-RIO COMPRIDO X PRACA XV - CIRCULAR,Fetranspor,125,17743696,"-22.9154","-43.1939"
202,202-RIO COMPRIDO X PRACA XV - CIRCULAR,Fetranspor,126,17743696,"-22.9153","-43.194"
202,202-RIO COMPRIDO X PRACA XV - CIRCULAR,Fetranspor,127,17743696,"-22.9152","-43.194"
202,202-RIO COMPRIDO X PRACA XV - CIRCULAR,Fetranspor,128,17743696,"-22.915","-43.1941"
202,202-RIO COMPRIDO X PRACA XV - CIRCULAR,Fetranspor,129,17743696,"-22.915","-43.1941"
202,202-RIO COMPRIDO X PRACA XV - CIRCULAR,Fetranspor,130,17743696,"-22.915","-43.1942"
202,202-RIO COMPRIDO X PRACA XV - CIRCULAR,Fetranspor,131,17743696,"-22.915","-43.1943"
202,202-RIO COMPRIDO X PRACA XV - CIRCULAR,Fetranspor,132,17743696,"-22.9149","-43.1944"
202,202-RIO COMPRIDO X PRACA XV - CIRCULAR,Fetranspor,133,17743696,"-22.915","-43.1945"
202,202-RIO COMPRIDO X PRACA XV - CIRCULAR,Fetranspor,134,17743696,"-22.915","-43.1946"
202,202-RIO COMPRIDO X PRACA XV - CIRCULAR,Fetranspor,135,17743696,"-22.915","-43.1947"
202,202-RIO COMPRIDO X PRACA XV - CIRCULAR,Fetranspor,136,17743696,"-22.9151","-43.1947"
202,202-RIO COMPRIDO X PRACA XV - CIRCULAR,Fetranspor,137,17743696,"-22.9152","-43.1948"
202,202-RIO COMPRIDO X PRACA XV - CIRCULAR,Fetranspor,138,17743696,"-22.9153","-43.1948"
202,202-RIO COMPRIDO X PRACA XV - CIRCULAR,Fetranspor,139,17743696,"-22.9153","-43.1948"
202,202-RIO COMPRIDO X PRACA XV - CIRCULAR,Fetranspor,140,17743696,"-22.9155","-43.1947"
202,202-RIO COMPRIDO X PRACA XV - CIRCULAR,Fetranspor,141,17743696,"-22.9158","-43.1946"
202,202-RIO COMPRIDO X PRACA XV - CIRCULAR,Fetranspor,142,17743696,"-22.916","-43.1945"
202,202-RIO COMPRIDO X PRACA XV - CIRCULAR,Fetranspor,143,17743696,"-22.9163","-43.1945"
202,202-RIO COMPRIDO X PRACA XV - CIRCULAR,Fetranspor,144,17743696,"-22.9165","-43.1944"
202,202-RIO COMPRIDO X PRACA XV - CIRCULAR,Fetranspor,145,17743696,"-22.9168","-43.1944"
202,202-RIO COMPRIDO X PRACA XV - CIRCULAR,Fetranspor,146,17743696,"-22.9168","-43.1944"
202,202-RIO COMPRIDO X PRACA XV - CIRCULAR,Fetranspor,147,17743696,"-22.9169","-43.1945"
202,202-RIO COMPRIDO X PRACA XV - CIRCULAR,Fetranspor,148,17743696,"-22.9169","-43.1946"
202,202-RIO COMPRIDO X PRACA XV - CIRCULAR,Fetranspor,149,17743696,"-22.917","-43.1947"
202,202-RIO COMPRIDO X PRACA XV - CIRCULAR,Fetranspor,150,17743696,"-22.917","-43.1948"
202,202-RIO COMPRIDO X PRACA XV - CIRCULAR,Fetranspor,151,17743696,"-22.917","-43.1948"
202,202-RIO COMPRIDO X PRACA XV - CIRCULAR,Fetranspor,152,17743696,"-22.917","-43.1949"
202,202-RIO COMPRIDO X PRACA XV - CIRCULAR,Fetranspor,153,17743696,"-22.9169","-43.195"
202,202-RIO COMPRIDO X PRACA XV - CIRCULAR,Fetranspor,154,17743696,"-22.9168","-43.1952"
202,202-RIO COMPRIDO X PRACA XV - CIRCULAR,Fetranspor,155,17743696,"-22.9168","-43.1952"
202,202-RIO COMPRIDO X PRACA XV - CIRCULAR,Fetranspor,156,17743696,"-22.9166","-43.1953"
202,202-RIO COMPRIDO X PRACA XV - CIRCULAR,Fetranspor,157,17743696,"-22.9162","-43.1954"
202,202-RIO COMPRIDO X PRACA XV - CIRCULAR,Fetranspor,158,17743696,"-22.9162","-43.1954"
202,202-RIO COMPRIDO X PRACA XV - CIRCULAR,Fetranspor,159,17743696,"-22.9158","-43.1956"
202,202-RIO COMPRIDO X PRACA XV - CIRCULAR,Fetranspor,160,17743696,"-22.9156","-43.1957"
202,202-RIO COMPRIDO X PRACA XV - CIRCULAR,Fetranspor,161,17743696,"-22.9156","-43.1957"
202,202-RIO COMPRIDO X PRACA XV - CIRCULAR,Fetranspor,162,17743696,"-22.915","-43.1959"
202,202-RIO COMPRIDO X PRACA XV - CIRCULAR,Fetranspor,163,17743696,"-22.915","-43.1959"
202,202-RIO COMPRIDO X PRACA XV - CIRCULAR,Fetranspor,164,17743696,"-22.9149","-43.196"
202,202-RIO COMPRIDO X PRACA XV - CIRCULAR,Fetranspor,165,17743696,"-22.9149","-43.196"
202,202-RIO COMPRIDO X PRACA XV - CIRCULAR,Fetranspor,166,17743696,"-22.9141","-43.1961"
202,202-RIO COMPRIDO X PRACA XV - CIRCULAR,Fetranspor,167,17743696,"-22.9141","-43.1961"
202,202-RIO COMPRIDO X PRACA XV - CIRCULAR,Fetranspor,168,17743696,"-22.914","-43.1957"
202,202-RIO COMPRIDO X PRACA XV - CIRCULAR,Fetranspor,169,17743696,"-22.914","-43.1957"
202,202-RIO COMPRIDO X PRACA XV - CIRCULAR,Fetranspor,170,17743696,"-22.9139","-43.1956"
202,202-RIO COMPRIDO X PRACA XV - CIRCULAR,Fetranspor,171,17743696,"-22.9138","-43.1955"
202,202-RIO COMPRIDO X PRACA XV - CIRCULAR,Fetranspor,172,17743696,"-22.9137","-43.1954"
202,202-RIO COMPRIDO X PRACA XV - CIRCULAR,Fetranspor,173,17743696,"-22.9136","-43.1954"
202,202-RIO COMPRIDO X PRACA XV - CIRCULAR,Fetranspor,174,17743696,"-22.9134","-43.1954"
202,202-RIO COMPRIDO X PRACA XV - CIRCULAR,Fetranspor,175,17743696,"-22.9134","-43.1954"
202,202-RIO COMPRIDO X PRACA XV - CIRCULAR,Fetranspor,176,17743696,"-22.9129","-43.1955"
202,202-RIO COMPRIDO X PRACA XV - CIRCULAR,Fetranspor,177,17743696,"-22.9129","-43.1955"
202,202-RIO COMPRIDO X PRACA XV - CIRCULAR,Fetranspor,178,17743696,"-22.9128","-43.1955"
202,202-RIO COMPRIDO X PRACA XV - CIRCULAR,Fetranspor,179,17743696,"-22.9127","-43.1954"
202,202-RIO COMPRIDO X PRACA XV - CIRCULAR,Fetranspor,180,17743696,"-22.9126","-43.1954"
202,202-RIO COMPRIDO X PRACA XV - CIRCULAR,Fetranspor,181,17743696,"-22.9125","-43.1954"
202,202-RIO COMPRIDO X PRACA XV - CIRCULAR,Fetranspor,182,17743696,"-22.9123","-43.1953"
202,202-RIO COMPRIDO X PRACA XV - CIRCULAR,Fetranspor,183,17743696,"-22.9123","-43.1953"
202,202-RIO COMPRIDO X PRACA XV - CIRCULAR,Fetranspor,184,17743696,"-22.9121","-43.1952"
202,202-RIO COMPRIDO X PRACA XV - CIRCULAR,Fetranspor,185,17743696,"-22.9121","-43.1952"
202,202-RIO COMPRIDO X PRACA XV - CIRCULAR,Fetranspor,186,17743696,"-22.9119","-43.1953"
202,202-RIO COMPRIDO X PRACA XV - CIRCULAR,Fetranspor,187,17743696,"-22.9119","-43.1953"
202,202-RIO COMPRIDO X PRACA XV - CIRCULAR,Fetranspor,188,17743696,"-22.9117","-43.1953"
202,202-RIO COMPRIDO X PRACA XV - CIRCULAR,Fetranspor,189,17743696,"-22.9116","-43.1953"
202,202-RIO COMPRIDO X PRACA XV - CIRCULAR,Fetranspor,190,17743696,"-22.9116","-43.1953"
202,202-RIO COMPRIDO X PRACA XV - CIRCULAR,Fetranspor,191,17743696,"-22.9111","-43.1956"
202,202-RIO COMPRIDO X PRACA XV - CIRCULAR,Fetranspor,192,17743696,"-22.9111","-43.1956"
202,202-RIO COMPRIDO X PRACA XV - CIRCULAR,Fetranspor,193,17743696,"-22.9105","-43.196"
202,202-RIO COMPRIDO X PRACA XV - CIRCULAR,Fetranspor,194,17743696,"-22.9104","-43.1961"
202,202-RIO COMPRIDO X PRACA XV - CIRCULAR,Fetranspor,195,17743696,"-22.9103","-43.1961"
202,202-RIO COMPRIDO X PRACA XV - CIRCULAR,Fetranspor,196,17743696,"-22.9103","-43.1961"
202,202-RIO COMPRIDO X PRACA XV - CIRCULAR,Fetranspor,197,17743696,"-22.9101","-43.1962"
202,202-RIO COMPRIDO X PRACA XV - CIRCULAR,Fetranspor,198,17743696,"-22.9095","-43.1964"
202,202-RIO COMPRIDO X PRACA XV - CIRCULAR,Fetranspor,199,17743696,"-22.9095","-43.1964"
202,202-RIO COMPRIDO X PRACA XV - CIRCULAR,Fetranspor,200,17743696,"-22.9095","-43.1964"
202,202-RIO COMPRIDO X PRACA XV - CIRCULAR,Fetranspor,201,17743696,"-22.9093","-43.1965"
202,202-RIO COMPRIDO X PRACA XV - CIRCULAR,Fetranspor,202,17743696,"-22.9086","-43.1966"
202,202-RIO COMPRIDO X PRACA XV - CIRCULAR,Fetranspor,203,17743696,"-22.9086","-43.1966"
202,202-RIO COMPRIDO X PRACA XV - CIRCULAR,Fetranspor,204,17743696,"-22.9086","-43.1966"
202,202-RIO COMPRIDO X PRACA XV - CIRCULAR,Fetranspor,205,17743696,"-22.9084","-43.1966"
202,202-RIO COMPRIDO X PRACA XV - CIRCULAR,Fetranspor,206,17743696,"-22.9083","-43.1966"
202,202-RIO COMPRIDO X PRACA XV - CIRCULAR,Fetranspor,207,17743696,"-22.9083","-43.1965"
202,202-RIO COMPRIDO X PRACA XV - CIRCULAR,Fetranspor,208,17743696,"-22.9082","-43.1965"
202,202-RIO COMPRIDO X PRACA XV - CIRCULAR,Fetranspor,209,17743696,"-22.9082","-43.1965"
202,202-RIO COMPRIDO X PRACA XV - CIRCULAR,Fetranspor,210,17743696,"-22.9081","-43.1964"
202,202-RIO COMPRIDO X PRACA XV - CIRCULAR,Fetranspor,211,17743696,"-22.908","-43.1963"
202,202-RIO COMPRIDO X PRACA XV - CIRCULAR,Fetranspor,212,17743696,"-22.908","-43.1963"
202,202-RIO COMPRIDO X PRACA XV - CIRCULAR,Fetranspor,213,17743696,"-22.9077","-43.1954"
202,202-RIO COMPRIDO X PRACA XV - CIRCULAR,Fetranspor,214,17743696,"-22.9077","-43.1954"
202,202-RIO COMPRIDO X PRACA XV - CIRCULAR,Fetranspor,215,17743696,"-22.9074","-43.1944"
202,202-RIO COMPRIDO X PRACA XV - CIRCULAR,Fetranspor,216,17743696,"-22.9074","-43.1944"
202,202-RIO COMPRIDO X PRACA XV - CIRCULAR,Fetranspor,217,17743696,"-22.9074","-43.1943"
202,202-RIO COMPRIDO X PRACA XV - CIRCULAR,Fetranspor,218,17743696,"-22.9074","-43.1943"
202,202-RIO COMPRIDO X PRACA XV - CIRCULAR,Fetranspor,219,17743696,"-22.9065","-43.1945"
202,202-RIO COMPRIDO X PRACA XV - CIRCULAR,Fetranspor,220,17743696,"-22.9065","-43.1945"
202,202-RIO COMPRIDO X PRACA XV - CIRCULAR,Fetranspor,221,17743696,"-22.9063","-43.1946"
202,202-RIO COMPRIDO X PRACA XV - CIRCULAR,Fetranspor,222,17743696,"-22.9063","-43.1946"
202,202-RIO COMPRIDO X PRACA XV - CIRCULAR,Fetranspor,223,17743696,"-22.9062","-43.1943"
202,202-RIO COMPRIDO X PRACA XV - CIRCULAR,Fetranspor,224,17743696,"-22.9051","-43.1909"
202,202-RIO COMPRIDO X PRACA XV - CIRCULAR,Fetranspor,225,17743696,"-22.9051","-43.1909"
202,202-RIO COMPRIDO X PRACA XV - CIRCULAR,Fetranspor,226,17743696,"-22.905","-43.1907"
202,202-RIO COMPRIDO X PRACA XV - CIRCULAR,Fetranspor,227,17743696,"-22.905","-43.1907"
202,202-RIO COMPRIDO X PRACA XV - CIRCULAR,Fetranspor,228,17743696,"-22.9047","-43.1896"
202,202-RIO COMPRIDO X PRACA XV - CIRCULAR,Fetranspor,229,17743696,"-22.9044","-43.1887"
202,202-RIO COMPRIDO X PRACA XV - CIRCULAR,Fetranspor,230,17743696,"-22.9042","-43.1882"
202,202-RIO COMPRIDO X PRACA XV - CIRCULAR,Fetranspor,231,17743696,"-22.9042","-43.1882"
202,202-RIO COMPRIDO X PRACA XV - CIRCULAR,Fetranspor,232,17743696,"-22.9039","-43.1873"
202,202-RIO COMPRIDO X PRACA XV - CIRCULAR,Fetranspor,233,17743696,"-22.9037","-43.1864"
202,202-RIO COMPRIDO X PRACA XV - CIRCULAR,Fetranspor,234,17743696,"-22.9033","-43.1854"
202,202-RIO COMPRIDO X PRACA XV - CIRCULAR,Fetranspor,235,17743696,"-22.9031","-43.1846"
202,202-RIO COMPRIDO X PRACA XV - CIRCULAR,Fetranspor,236,17743696,"-22.9029","-43.1839"
202,202-RIO COMPRIDO X PRACA XV - CIRCULAR,Fetranspor,237,17743696,"-22.9029","-43.1839"
202,202-RIO COMPRIDO X PRACA XV - CIRCULAR,Fetranspor,238,17743696,"-22.9026","-43.1831"
202,202-RIO COMPRIDO X PRACA XV - CIRCULAR,Fetranspor,239,17743696,"-22.9026","-43.1831"
202,202-RIO COMPRIDO X PRACA XV - CIRCULAR,Fetranspor,240,17743696,"-22.9023","-43.1821"
202,202-RIO COMPRIDO X PRACA XV - CIRCULAR,Fetranspor,241,17743696,"-22.9021","-43.1814"
202,202-RIO COMPRIDO X PRACA XV - CIRCULAR,Fetranspor,242,17743696,"-22.9021","-43.1814"
202,202-RIO COMPRIDO X PRACA XV - CIRCULAR,Fetranspor,243,17743696,"-22.9013","-43.1791"
202,202-RIO COMPRIDO X PRACA XV - CIRCULAR,Fetranspor,244,17743696,"-22.9013","-43.1791"
202,202-RIO COMPRIDO X PRACA XV - CIRCULAR,Fetranspor,245,17743696,"-22.9012","-43.1781"
202,202-RIO COMPRIDO X PRACA XV - CIRCULAR,Fetranspor,246,17743696,"-22.9012","-43.1781"
202,202-RIO COMPRIDO X PRACA XV - CIRCULAR,Fetranspor,247,17743696,"-22.9012","-43.178"
202,202-RIO COMPRIDO X PRACA XV - CIRCULAR,Fetranspor,248,17743696,"-22.901","-43.1773"
202,202-RIO COMPRIDO X PRACA XV - CIRCULAR,Fetranspor,249,17743696,"-22.9009","-43.1772"
202,202-RIO COMPRIDO X PRACA XV - CIRCULAR,Fetranspor,250,17743696,"-22.9009","-43.1772"
202,202-RIO COMPRIDO X PRACA XV - CIRCULAR,Fetranspor,251,17743696,"-22.9009","-43.1772"
202,202-RIO COMPRIDO X PRACA XV - CIRCULAR,Fetranspor,252,17743696,"-22.9009","-43.1772"
202,202-RIO COMPRIDO X PRACA XV - CIRCULAR,Fetranspor,253,17743696,"-22.9006","-43.1768"
202,202-RIO COMPRIDO X PRACA XV - CIRCULAR,Fetranspor,254,17743696,"-22.9006","-43.1768"
202,202-RIO COMPRIDO X PRACA XV - CIRCULAR,Fetranspor,255,17743696,"-22.9005","-43.1766"
202,202-RIO COMPRIDO X PRACA XV - CIRCULAR,Fetranspor,256,17743696,"-22.9004","-43.1765"
202,202-RIO COMPRIDO X PRACA XV - CIRCULAR,Fetranspor,257,17743696,"-22.9003","-43.1762"
202,202-RIO COMPRIDO X PRACA XV - CIRCULAR,Fetranspor,258,17743696,"-22.9002","-43.176"
202,202-RIO COMPRIDO X PRACA XV - CIRCULAR,Fetranspor,259,17743696,"-22.9002","-43.1759"
202,202-RIO COMPRIDO X PRACA XV - CIRCULAR,Fetranspor,260,17743696,"-22.9002","-43.1759"
202,202-RIO COMPRIDO X PRACA XV - CIRCULAR,Fetranspor,261,17743696,"-22.9002","-43.1758"
202,202-RIO COMPRIDO X PRACA XV - CIRCULAR,Fetranspor,262,17743696,"-22.9002","-43.1757"
202,202-RIO COMPRIDO X PRACA XV - CIRCULAR,Fetranspor,263,17743696,"-22.9002","-43.1756"
202,202-RIO COMPRIDO X PRACA XV - CIRCULAR,Fetranspor,264,17743696,"-22.9003","-43.1755"
202,202-RIO COMPRIDO X PRACA XV - CIRCULAR,Fetranspor,265,17743696,"-22.9005","-43.1753"
202,202-RIO COMPRIDO X PRACA XV - CIRCULAR,Fetranspor,266,17743696,"-22.9008","-43.1751"
202,202-RIO COMPRIDO X PRACA XV - CIRCULAR,Fetranspor,267,17743696,"-22.9016","-43.1744"
202,202-RIO COMPRIDO X PRACA XV - CIRCULAR,Fetranspor,268,17743696,"-22.9016","-43.1744"
202,202-RIO COMPRIDO X PRACA XV - CIRCULAR,Fetranspor,269,17743696,"-22.9019","-43.1741"
202,202-RIO COMPRIDO X PRACA XV - CIRCULAR,Fetranspor,270,17743696,"-22.9021","-43.1739"
202,202-RIO COMPRIDO X PRACA XV - CIRCULAR,Fetranspor,271,17743696,"-22.9023","-43.1738"
202,202-RIO COMPRIDO X PRACA XV - CIRCULAR,Fetranspor,272,17743696,"-22.9023","-43.1738"
202,202-RIO COMPRIDO X PRACA XV - CIRCULAR,Fetranspor,273,17743696,"-22.9028","-43.1734"
202,202-RIO COMPRIDO X PRACA XV - CIRCULAR,Fetranspor,274,17743696,"-22.9036","-43.1728"
202,202-RIO COMPRIDO X PRACA XV - CIRCULAR,Fetranspor,275,17743696,"-22.9038","-43.1726"
202,202-RIO COMPRIDO X PRACA XV - CIRCULAR,Fetranspor,276,17743696,"-22.904","-43.1724"
202,202-RIO COMPRIDO X PRACA XV - CIRCULAR,Fetranspor,277,17743696,"-22.9041","-43.1722"
202,202-RIO COMPRIDO X PRACA XV - CIRCULAR,Fetranspor,278,17743696,"-22.9043","-43.172"
202,202-RIO COMPRIDO X PRACA XV - CIRCULAR,Fetranspor,279,17743696,"-22.9044","-43.1717"
202,202-RIO COMPRIDO X PRACA XV - CIRCULAR,Fetranspor,280,17743696,"-22.9045","-43.1713"
202,202-RIO COMPRIDO X PRACA XV - CIRCULAR,Fetranspor,281,17743696,"-22.9045","-43.1713"
202,202-RIO COMPRIDO X PRACA XV - CIRCULAR,Fetranspor,282,17743696,"-22.9049","-43.1702"
202,202-RIO COMPRIDO X PRACA XV - CIRCULAR,Fetranspor,283,17743696,"-22.9049","-43.1702"
202,202-RIO COMPRIDO X PRACA XV - CIRCULAR,Fetranspor,284,17743696,"-22.9054","-43.1691"
202,202-RIO COMPRIDO X PRACA XV - CIRCULAR,Fetranspor,285,17743696,"-22.9054","-43.1691"
202,202-RIO COMPRIDO X PRACA XV - CIRCULAR,Fetranspor,286,17743696,"-22.9054","-43.169"
202,202-RIO COMPRIDO X PRACA XV - CIRCULAR,Fetranspor,287,17743696,"-22.9055","-43.1689"
202,202-RIO COMPRIDO X PRACA XV - CIRCULAR,Fetranspor,288,17743696,"-22.9056","-43.1689"
202,202-RIO COMPRIDO X PRACA XV - CIRCULAR,Fetranspor,289,17743696,"-22.9057","-43.1688"
202,202-RIO COMPRIDO X PRACA XV - CIRCULAR,Fetranspor,290,17743696,"-22.9058","-43.1687"
202,202-RIO COMPRIDO X PRACA XV - CIRCULAR,Fetranspor,291,17743696,"-22.9059","-43.1687"
202,202-RIO COMPRIDO X PRACA XV - CIRCULAR,Fetranspor,292,17743696,"-22.9063","-43.1687"
202,202-RIO COMPRIDO X PRACA XV - CIRCULAR,Fetranspor,293,17743696,"-22.9063","-43.1687"
202,202-RIO COMPRIDO X PRACA XV - CIRCULAR,Fetranspor,294,17743696,"-22.9069","-43.1686"
202,202-RIO COMPRIDO X PRACA XV - CIRCULAR,Fetranspor,295,17743696,"-22.9069","-43.1686"
202,202-RIO COMPRIDO X PRACA XV - CIRCULAR,Fetranspor,296,17743696,"-22.9075","-43.1686"
202,202-RIO COMPRIDO X PRACA XV - CIRCULAR,Fetranspor,297,17743696,"-22.9076","-43.1686"
202,202-RIO COMPRIDO X PRACA XV - CIRCULAR,Fetranspor,298,17743696,"-22.9077","-43.1686"
202,202-RIO COMPRIDO X PRACA XV - CIRCULAR,Fetranspor,299,17743696,"-22.9078","-43.1685"
202,202-RIO COMPRIDO X PRACA XV - CIRCULAR,Fetranspor,300,17743696,"-22.9078","-43.1685"
202,202-RIO COMPRIDO X PRACA XV - CIRCULAR,Fetranspor,301,17743696,"-22.9078","-43.1685"
202,202-RIO COMPRIDO X PRACA XV - CIRCULAR,Fetranspor,302,17743696,"-22.9082","-43.1684"
202,202-RIO COMPRIDO X PRACA XV - CIRCULAR,Fetranspor,303,17743696,"-22.9082","-43.1684"
202,202-RIO COMPRIDO X PRACA XV - CIRCULAR,Fetranspor,304,17743696,"-22.9094","-43.1684"
202,202-RIO COMPRIDO X PRACA XV - CIRCULAR,Fetranspor,305,17743696,"-22.9097","-43.1684"
202,202-RIO COMPRIDO X PRACA XV - CIRCULAR,Fetranspor,306,17743696,"-22.91","-43.1684"
202,202-RIO COMPRIDO X PRACA XV - CIRCULAR,Fetranspor,307,17743696,"-22.9102","-43.1684"
202,202-RIO COMPRIDO X PRACA XV - CIRCULAR,Fetranspor,308,17743696,"-22.9104","-43.1684"
202,202-RIO COMPRIDO X PRACA XV - CIRCULAR,Fetranspor,309,17743696,"-22.9104","-43.1684"
202,202-RIO COMPRIDO X PRACA XV - CIRCULAR,Fetranspor,310,17743696,"-22.9106","-43.1685"
202,202-RIO COMPRIDO X PRACA XV - CIRCULAR,Fetranspor,311,17743696,"-22.9107","-43.1685"
202,202-RIO COMPRIDO X PRACA XV - CIRCULAR,Fetranspor,312,17743696,"-22.9108","-43.1686"
202,202-RIO COMPRIDO X PRACA XV - CIRCULAR,Fetranspor,313,17743696,"-22.911","-43.1687"
202,202-RIO COMPRIDO X PRACA XV - CIRCULAR,Fetranspor,314,17743696,"-22.9111","-43.1688"
202,202-RIO COMPRIDO X PRACA XV - CIRCULAR,Fetranspor,315,17743696,"-22.9111","-43.1688"
202,202-RIO COMPRIDO X PRACA XV - CIRCULAR,Fetranspor,316,17743696,"-22.9113","-43.1691"
202,202-RIO COMPRIDO X PRACA XV - CIRCULAR,Fetranspor,317,17743696,"-22.9114","-43.1692"
202,202-RIO COMPRIDO X PRACA XV - CIRCULAR,Fetranspor,318,17743696,"-22.9114","-43.1693"
202,202-RIO COMPRIDO X PRACA XV - CIRCULAR,Fetranspor,319,17743696,"-22.9115","-43.1695"
202,202-RIO COMPRIDO X PRACA XV - CIRCULAR,Fetranspor,320,17743696,"-22.9116","-43.1698"
202,202-RIO COMPRIDO X PRACA XV - CIRCULAR,Fetranspor,321,17743696,"-22.9116","-43.1698"
202,202-RIO COMPRIDO X PRACA XV - CIRCULAR,Fetranspor,322,17743696,"-22.9115","-43.17"
202,202-RIO COMPRIDO X PRACA XV - CIRCULAR,Fetranspor,323,17743696,"-22.9115","-43.17"
202,202-RIO COMPRIDO X PRACA XV - CIRCULAR,Fetranspor,324,17743696,"-22.9114","-43.1701"
202,202-RIO COMPRIDO X PRACA XV - CIRCULAR,Fetranspor,325,17743696,"-22.9114","-43.1701"
202,202-RIO COMPRIDO X PRACA XV - CIRCULAR,Fetranspor,326,17743696,"-22.9113","-43.1701"
202,202-RIO COMPRIDO X PRACA XV - CIRCULAR,Fetranspor,327,17743696,"-22.9113","-43.1702"
202,202-RIO COMPRIDO X PRACA XV - CIRCULAR,Fetranspor,328,17743696,"-22.9112","-43.1702"
202,202-RIO COMPRIDO X PRACA XV - CIRCULAR,Fetranspor,329,17743696,"-22.9112","-43.1702"
202,202-RIO COMPRIDO X PRACA XV - CIRCULAR,Fetranspor,330,17743696,"-22.9111","-43.1701"
202,202-RIO COMPRIDO X PRACA XV - CIRCULAR,Fetranspor,331,17743696,"-22.911","-43.1701"
202,202-RIO COMPRIDO X PRACA XV - CIRCULAR,Fetranspor,332,17743696,"-22.911","-43.17"
202,202-RIO COMPRIDO X PRACA XV - CIRCULAR,Fetranspor,333,17743696,"-22.911","-43.1699"
202,202-RIO COMPRIDO X PRACA XV - CIRCULAR,Fetranspor,334,17743696,"-22.9109","-43.1698"
202,202-RIO COMPRIDO X PRACA XV - CIRCULAR,Fetranspor,335,17743696,"-22.9109","-43.1697"
202,202-RIO COMPRIDO X PRACA XV - CIRCULAR,Fetranspor,336,17743696,"-22.9109","-43.1697"
202,202-RIO COMPRIDO X PRACA XV - CIRCULAR,Fetranspor,337,17743696,"-22.911","-43.1697"
202,202-RIO COMPRIDO X PRACA XV - CIRCULAR,Fetranspor,338,17743696,"-22.9111","-43.1695"
202,202-RIO COMPRIDO X PRACA XV - CIRCULAR,Fetranspor,339,17743696,"-22.9113","-43.1694"
202,202-RIO COMPRIDO X PRACA XV - CIRCULAR,Fetranspor,340,17743696,"-22.9114","-43.1693"
202,202-RIO COMPRIDO X PRACA XV - CIRCULAR,Fetranspor,341,17743696,"-22.9116","-43.1693"
202,202-RIO COMPRIDO X PRACA XV - CIRCULAR,Fetranspor,342,17743696,"-22.9117","-43.1692"
202,202-RIO COMPRIDO X PRACA XV - CIRCULAR,Fetranspor,343,17743696,"-22.9118","-43.1692"
202,202-RIO COMPRIDO X PRACA XV - CIRCULAR,Fetranspor,344,17743696,"-22.9119","-43.1692"
202,202-RIO COMPRIDO X PRACA XV - CIRCULAR,Fetranspor,345,17743696,"-22.912","-43.1692"
202,202-RIO COMPRIDO X PRACA XV - CIRCULAR,Fetranspor,346,17743696,"-22.9121","-43.1692"
202,202-RIO COMPRIDO X PRACA XV - CIRCULAR,Fetranspor,347,17743696,"-22.9122","-43.1693"
202,202-RIO COMPRIDO X PRACA XV - CIRCULAR,Fetranspor,348,17743696,"-22.9122","-43.1693"
202,202-RIO COMPRIDO X PRACA XV - CIRCULAR,Fetranspor,349,17743696,"-22.9122","-43.1694"
202,202-RIO COMPRIDO X PRACA XV - CIRCULAR,Fetranspor,350,17743696,"-22.9122","-43.1695"
202,202-RIO COMPRIDO X PRACA XV - CIRCULAR,Fetranspor,351,17743696,"-22.9122","-43.1695"
202,202-RIO COMPRIDO X PRACA XV - CIRCULAR,Fetranspor,352,17743696,"-22.9122","-43.1696"
202,202-RIO COMPRIDO X PRACA XV - CIRCULAR,Fetranspor,353,17743696,"-22.9122","-43.1697"
202,202-RIO COMPRIDO X PRACA XV - CIRCULAR,Fetranspor,354,17743696,"-22.9121","-43.1697"
202,202-RIO COMPRIDO X PRACA XV - CIRCULAR,Fetranspor,355,17743696,"-22.912","-43.1698"
202,202-RIO COMPRIDO X PRACA XV - CIRCULAR,Fetranspor,356,17743696,"-22.9119","-43.1698"
202,202-RIO COMPRIDO X PRACA XV - CIRCULAR,Fetranspor,357,17743696,"-22.9119","-43.1698"
202,202-RIO COMPRIDO X PRACA XV - CIRCULAR,Fetranspor,358,17743696,"-22.9118","-43.1697"
202,202-RIO COMPRIDO X PRACA XV - CIRCULAR,Fetranspor,359,17743696,"-22.9117","-43.1696"
202,202-RIO COMPRIDO X PRACA XV - CIRCULAR,Fetranspor,360,17743696,"-22.9117","-43.1695"
202,202-RIO COMPRIDO X PRACA XV - CIRCULAR,Fetranspor,361,17743696,"-22.9117","-43.1695"
202,202-RIO COMPRIDO X PRACA XV - CIRCULAR,Fetranspor,362,17743696,"-22.9116","-43.1694"
202,202-RIO COMPRIDO X PRACA XV - CIRCULAR,Fetranspor,363,17743696,"-22.9116","-43.1693"
202,202-RIO COMPRIDO X PRACA XV - CIRCULAR,Fetranspor,364,17743696,"-22.9115","-43.1692"
202,202-RIO COMPRIDO X PRACA XV - CIRCULAR,Fetranspor,365,17743696,"-22.9115","-43.1691"
202,202-RIO COMPRIDO X PRACA XV - CIRCULAR,Fetranspor,366,17743696,"-22.9115","-43.1691"
202,202-RIO COMPRIDO X PRACA XV - CIRCULAR,Fetranspor,367,17743696,"-22.9114","-43.1689"
202,202-RIO COMPRIDO X PRACA XV - CIRCULAR,Fetranspor,368,17743696,"-22.9114","-43.1689"
202,202-RIO COMPRIDO X PRACA XV - CIRCULAR,Fetranspor,369,17743696,"-22.9112","-43.1687"
202,202-RIO COMPRIDO X PRACA XV - CIRCULAR,Fetranspor,370,17743696,"-22.911","-43.1686"
202,202-RIO COMPRIDO X PRACA XV - CIRCULAR,Fetranspor,371,17743696,"-22.9108","-43.1685"
202,202-RIO COMPRIDO X PRACA XV - CIRCULAR,Fetranspor,372,17743696,"-22.9107","-43.1684"
202,202-RIO COMPRIDO X PRACA XV - CIRCULAR,Fetranspor,373,17743696,"-22.9105","-43.1683"
202,202-RIO COMPRIDO X PRACA XV - CIRCULAR,Fetranspor,374,17743696,"-22.9104","-43.1683"
202,202-RIO COMPRIDO X PRACA XV - CIRCULAR,Fetranspor,375,17743696,"-22.9102","-43.1682"
202,202-RIO COMPRIDO X PRACA XV - CIRCULAR,Fetranspor,376,17743696,"-22.91","-43.1682"
202,202-RIO COMPRIDO X PRACA XV - CIRCULAR,Fetranspor,377,17743696,"-22.91","-43.1682"
202,202-RIO COMPRIDO X PRACA XV - CIRCULAR,Fetranspor,378,17743696,"-22.9079","-43.1684"
202,202-RIO COMPRIDO X PRACA XV - CIRCULAR,Fetranspor,379,17743696,"-22.9066","-43.1684"
202,202-RIO COMPRIDO X PRACA XV - CIRCULAR,Fetranspor,380,17743696,"-22.9066","-43.1684"
202,202-RIO COMPRIDO X PRACA XV - CIRCULAR,Fetranspor,381,17743696,"-22.9063","-43.1684"
202,202-RIO COMPRIDO X PRACA XV - CIRCULAR,Fetranspor,382,17743696,"-22.9061","-43.1684"
202,202-RIO COMPRIDO X PRACA XV - CIRCULAR,Fetranspor,383,17743696,"-22.906","-43.1684"
202,202-RIO COMPRIDO X PRACA XV - CIRCULAR,Fetranspor,384,17743696,"-22.9058","-43.1684"
202,202-RIO COMPRIDO X PRACA XV - CIRCULAR,Fetranspor,385,17743696,"-22.9057","-43.1684"
202,202-RIO COMPRIDO X PRACA XV - CIRCULAR,Fetranspor,386,17743696,"-22.9056","-43.1685"
202,202-RIO COMPRIDO X PRACA XV - CIRCULAR,Fetranspor,387,17743696,"-22.9055","-43.1686"
202,202-RIO COMPRIDO X PRACA XV - CIRCULAR,Fetranspor,388,17743696,"-22.9054","-43.1686"
202,202-RIO COMPRIDO X PRACA XV - CIRCULAR,Fetranspor,389,17743696,"-22.9054","-43.1687"
202,202-RIO COMPRIDO X PRACA XV - CIRCULAR,Fetranspor,390,17743696,"-22.9053","-43.1688"
202,202-RIO COMPRIDO X PRACA XV - CIRCULAR,Fetranspor,391,17743696,"-22.9052","-43.1689"
202,202-RIO COMPRIDO X PRACA XV - CIRCULAR,Fetranspor,392,17743696,"-22.9051","-43.1691"
202,202-RIO COMPRIDO X PRACA XV - CIRCULAR,Fetranspor,393,17743696,"-22.905","-43.1693"
202,202-RIO COMPRIDO X PRACA XV - CIRCULAR,Fetranspor,394,17743696,"-22.905","-43.1693"
202,202-RIO COMPRIDO X PRACA XV - CIRCULAR,Fetranspor,395,17743696,"-22.9049","-43.1699"
202,202-RIO COMPRIDO X PRACA XV - CIRCULAR,Fetranspor,396,17743696,"-22.9049","-43.1699"
202,202-RIO COMPRIDO X PRACA XV - CIRCULAR,Fetranspor,397,17743696,"-22.9048","-43.1701"
202,202-RIO COMPRIDO X PRACA XV - CIRCULAR,Fetranspor,398,17743696,"-22.9048","-43.1701"
202,202-RIO COMPRIDO X PRACA XV - CIRCULAR,Fetranspor,399,17743696,"-22.9047","-43.1702"
202,202-RIO COMPRIDO X PRACA XV - CIRCULAR,Fetranspor,400,17743696,"-22.9047","-43.1702"
202,202-RIO COMPRIDO X PRACA XV - CIRCULAR,Fetranspor,401,17743696,"-22.9042","-43.1716"
202,202-RIO COMPRIDO X PRACA XV - CIRCULAR,Fetranspor,402,17743696,"-22.9041","-43.1717"
202,202-RIO COMPRIDO X PRACA XV - CIRCULAR,Fetranspor,403,17743696,"-22.904","-43.172"
202,202-RIO COMPRIDO X PRACA XV - CIRCULAR,Fetranspor,404,17743696,"-22.904","-43.172"
202,202-RIO COMPRIDO X PRACA XV - CIRCULAR,Fetranspor,405,17743696,"-22.9039","-43.1722"
202,202-RIO COMPRIDO X PRACA XV - CIRCULAR,Fetranspor,406,17743696,"-22.9037","-43.1724"
202,202-RIO COMPRIDO X PRACA XV - CIRCULAR,Fetranspor,407,17743696,"-22.9036","-43.1725"
202,202-RIO COMPRIDO X PRACA XV - CIRCULAR,Fetranspor,408,17743696,"-22.9035","-43.1726"
202,202-RIO COMPRIDO X PRACA XV - CIRCULAR,Fetranspor,409,17743696,"-22.9033","-43.1728"
202,202-RIO COMPRIDO X PRACA XV - CIRCULAR,Fetranspor,410,17743696,"-22.903","-43.173"
202,202-RIO COMPRIDO X PRACA XV - CIRCULAR,Fetranspor,411,17743696,"-22.9025","-43.1734"
202,202-RIO COMPRIDO X PRACA XV - CIRCULAR,Fetranspor,412,17743696,"-22.9022","-43.1736"
202,202-RIO COMPRIDO X PRACA XV - CIRCULAR,Fetranspor,413,17743696,"-22.9022","-43.1736"
202,202-RIO COMPRIDO X PRACA XV - CIRCULAR,Fetranspor,414,17743696,"-22.9019","-43.1739"
202,202-RIO COMPRIDO X PRACA XV - CIRCULAR,Fetranspor,415,17743696,"-22.9016","-43.1742"
202,202-RIO COMPRIDO X PRACA XV - CIRCULAR,Fetranspor,416,17743696,"-22.9013","-43.1744"
202,202-RIO COMPRIDO X PRACA XV - CIRCULAR,Fetranspor,417,17743696,"-22.9013","-43.1744"
202,202-RIO COMPRIDO X PRACA XV - CIRCULAR,Fetranspor,418,17743696,"-22.9001","-43.1755"
202,202-RIO COMPRIDO X PRACA XV - CIRCULAR,Fetranspor,419,17743696,"-22.9001","-43.1755"
202,202-RIO COMPRIDO X PRACA XV - CIRCULAR,Fetranspor,420,17743696,"-22.9","-43.1756"
202,202-RIO COMPRIDO X PRACA XV - CIRCULAR,Fetranspor,421,17743696,"-22.9","-43.1756"
202,202-RIO COMPRIDO X PRACA XV - CIRCULAR,Fetranspor,422,17743696,"-22.9","-43.1757"
202,202-RIO COMPRIDO X PRACA XV - CIRCULAR,Fetranspor,423,17743696,"-22.9","-43.1758"
202,202-RIO COMPRIDO X PRACA XV - CIRCULAR,Fetranspor,424,17743696,"-22.9","-43.1758"
202,202-RIO COMPRIDO X PRACA XV - CIRCULAR,Fetranspor,425,17743696,"-22.9","-43.176"
202,202-RIO COMPRIDO X PRACA XV - CIRCULAR,Fetranspor,426,17743696,"-22.9","-43.176"
202,202-RIO COMPRIDO X PRACA XV - CIRCULAR,Fetranspor,427,17743696,"-22.9001","-43.1764"
202,202-RIO COMPRIDO X PRACA XV - CIRCULAR,Fetranspor,428,17743696,"-22.9001","-43.1764"
202,202-RIO COMPRIDO X PRACA XV - CIRCULAR,Fetranspor,429,17743696,"-22.8996","-43.1765"
