linha,descricao,agencia,sequencia,shape_id,latitude,longitude
209,209-ESTACIO X CAJU (VIA SAO CRISTOVAO) - CIRCULAR,Fetranspor,0,17558653,"-22.9127","-43.2063"
209,209-ESTACIO X CAJU (VIA SAO CRISTOVAO) - CIRCULAR,Fetranspor,1,17558653,"-22.9131","-43.2076"
209,209-ESTACIO X CAJU (VIA SAO CRISTOVAO) - CIRCULAR,Fetranspor,2,17558653,"-22.9131","-43.2076"
209,209-ESTACIO X CAJU (VIA SAO CRISTOVAO) - CIRCULAR,Fetranspor,3,17558653,"-22.9133","-43.2081"
209,209-ESTACIO X CAJU (VIA SAO CRISTOVAO) - CIRCULAR,Fetranspor,4,17558653,"-22.9134","-43.2082"
209,209-ESTACIO X CAJU (VIA SAO CRISTOVAO) - CIRCULAR,Fetranspor,5,17558653,"-22.9134","-43.2082"
209,209-ESTACIO X CAJU (VIA SAO CRISTOVAO) - CIRCULAR,Fetranspor,6,17558653,"-22.9135","-43.2083"
209,209-ESTACIO X CAJU (VIA SAO CRISTOVAO) - CIRCULAR,Fetranspor,7,17558653,"-22.9135","-43.2083"
209,209-ESTACIO X CAJU (VIA SAO CRISTOVAO) - CIRCULAR,Fetranspor,8,17558653,"-22.9134","-43.2083"
209,209-ESTACIO X CAJU (VIA SAO CRISTOVAO) - CIRCULAR,Fetranspor,9,17558653,"-22.9134","-43.2083"
209,209-ESTACIO X CAJU (VIA SAO CRISTOVAO) - CIRCULAR,Fetranspor,10,17558653,"-22.9129","-43.2092"
209,209-ESTACIO X CAJU (VIA SAO CRISTOVAO) - CIRCULAR,Fetranspor,11,17558653,"-22.9129","-43.2092"
209,209-ESTACIO X CAJU (VIA SAO CRISTOVAO) - CIRCULAR,Fetranspor,12,17558653,"-22.9128","-43.2095"
209,209-ESTACIO X CAJU (VIA SAO CRISTOVAO) - CIRCULAR,Fetranspor,13,17558653,"-22.9127","-43.2095"
209,209-ESTACIO X CAJU (VIA SAO CRISTOVAO) - CIRCULAR,Fetranspor,14,17558653,"-22.9127","-43.2095"
209,209-ESTACIO X CAJU (VIA SAO CRISTOVAO) - CIRCULAR,Fetranspor,15,17558653,"-22.9127","-43.2095"
209,209-ESTACIO X CAJU (VIA SAO CRISTOVAO) - CIRCULAR,Fetranspor,16,17558653,"-22.9126","-43.2096"
209,209-ESTACIO X CAJU (VIA SAO CRISTOVAO) - CIRCULAR,Fetranspor,17,17558653,"-22.9125","-43.2096"
209,209-ESTACIO X CAJU (VIA SAO CRISTOVAO) - CIRCULAR,Fetranspor,18,17558653,"-22.9124","-43.2095"
209,209-ESTACIO X CAJU (VIA SAO CRISTOVAO) - CIRCULAR,Fetranspor,19,17558653,"-22.9124","-43.2095"
209,209-ESTACIO X CAJU (VIA SAO CRISTOVAO) - CIRCULAR,Fetranspor,20,17558653,"-22.9114","-43.2092"
209,209-ESTACIO X CAJU (VIA SAO CRISTOVAO) - CIRCULAR,Fetranspor,21,17558653,"-22.9112","-43.2091"
209,209-ESTACIO X CAJU (VIA SAO CRISTOVAO) - CIRCULAR,Fetranspor,22,17558653,"-22.9111","-43.2091"
209,209-ESTACIO X CAJU (VIA SAO CRISTOVAO) - CIRCULAR,Fetranspor,23,17558653,"-22.911","-43.209"
209,209-ESTACIO X CAJU (VIA SAO CRISTOVAO) - CIRCULAR,Fetranspor,24,17558653,"-22.911","-43.209"
209,209-ESTACIO X CAJU (VIA SAO CRISTOVAO) - CIRCULAR,Fetranspor,25,17558653,"-22.9108","-43.2085"
209,209-ESTACIO X CAJU (VIA SAO CRISTOVAO) - CIRCULAR,Fetranspor,26,17558653,"-22.9107","-43.2085"
209,209-ESTACIO X CAJU (VIA SAO CRISTOVAO) - CIRCULAR,Fetranspor,27,17558653,"-22.9107","-43.2084"
209,209-ESTACIO X CAJU (VIA SAO CRISTOVAO) - CIRCULAR,Fetranspor,28,17558653,"-22.9106","-43.2084"
209,209-ESTACIO X CAJU (VIA SAO CRISTOVAO) - CIRCULAR,Fetranspor,29,17558653,"-22.9105","-43.2084"
209,209-ESTACIO X CAJU (VIA SAO CRISTOVAO) - CIRCULAR,Fetranspor,30,17558653,"-22.9104","-43.2084"
209,209-ESTACIO X CAJU (VIA SAO CRISTOVAO) - CIRCULAR,Fetranspor,31,17558653,"-22.9103","-43.2084"
209,209-ESTACIO X CAJU (VIA SAO CRISTOVAO) - CIRCULAR,Fetranspor,32,17558653,"-22.9103","-43.2085"
209,209-ESTACIO X CAJU (VIA SAO CRISTOVAO) - CIRCULAR,Fetranspor,33,17558653,"-22.9102","-43.2086"
209,209-ESTACIO X CAJU (VIA SAO CRISTOVAO) - CIRCULAR,Fetranspor,34,17558653,"-22.9101","-43.2088"
209,209-ESTACIO X CAJU (VIA SAO CRISTOVAO) - CIRCULAR,Fetranspor,35,17558653,"-22.9101","-43.2088"
209,209-ESTACIO X CAJU (VIA SAO CRISTOVAO) - CIRCULAR,Fetranspor,36,17558653,"-22.91","-43.2089"
209,209-ESTACIO X CAJU (VIA SAO CRISTOVAO) - CIRCULAR,Fetranspor,37,17558653,"-22.9099","-43.2091"
209,209-ESTACIO X CAJU (VIA SAO CRISTOVAO) - CIRCULAR,Fetranspor,38,17558653,"-22.9098","-43.2092"
209,209-ESTACIO X CAJU (VIA SAO CRISTOVAO) - CIRCULAR,Fetranspor,39,17558653,"-22.9097","-43.2093"
209,209-ESTACIO X CAJU (VIA SAO CRISTOVAO) - CIRCULAR,Fetranspor,40,17558653,"-22.9097","-43.2093"
209,209-ESTACIO X CAJU (VIA SAO CRISTOVAO) - CIRCULAR,Fetranspor,41,17558653,"-22.9096","-43.2093"
209,209-ESTACIO X CAJU (VIA SAO CRISTOVAO) - CIRCULAR,Fetranspor,42,17558653,"-22.9095","-43.2094"
209,209-ESTACIO X CAJU (VIA SAO CRISTOVAO) - CIRCULAR,Fetranspor,43,17558653,"-22.9094","-43.2094"
209,209-ESTACIO X CAJU (VIA SAO CRISTOVAO) - CIRCULAR,Fetranspor,44,17558653,"-22.9085","-43.2095"
209,209-ESTACIO X CAJU (VIA SAO CRISTOVAO) - CIRCULAR,Fetranspor,45,17558653,"-22.9082","-43.2095"
209,209-ESTACIO X CAJU (VIA SAO CRISTOVAO) - CIRCULAR,Fetranspor,46,17558653,"-22.9082","-43.2095"
209,209-ESTACIO X CAJU (VIA SAO CRISTOVAO) - CIRCULAR,Fetranspor,47,17558653,"-22.9078","-43.2095"
209,209-ESTACIO X CAJU (VIA SAO CRISTOVAO) - CIRCULAR,Fetranspor,48,17558653,"-22.9064","-43.2096"
209,209-ESTACIO X CAJU (VIA SAO CRISTOVAO) - CIRCULAR,Fetranspor,49,17558653,"-22.9064","-43.2096"
209,209-ESTACIO X CAJU (VIA SAO CRISTOVAO) - CIRCULAR,Fetranspor,50,17558653,"-22.9064","-43.2096"
209,209-ESTACIO X CAJU (VIA SAO CRISTOVAO) - CIRCULAR,Fetranspor,51,17558653,"-22.9057","-43.2096"
209,209-ESTACIO X CAJU (VIA SAO CRISTOVAO) - CIRCULAR,Fetranspor,52,17558653,"-22.9057","-43.2096"
209,209-ESTACIO X CAJU (VIA SAO CRISTOVAO) - CIRCULAR,Fetranspor,53,17558653,"-22.905","-43.2095"
209,209-ESTACIO X CAJU (VIA SAO CRISTOVAO) - CIRCULAR,Fetranspor,54,17558653,"-22.905","-43.2095"
209,209-ESTACIO X CAJU (VIA SAO CRISTOVAO) - CIRCULAR,Fetranspor,55,17558653,"-22.9029","-43.2097"
209,209-ESTACIO X CAJU (VIA SAO CRISTOVAO) - CIRCULAR,Fetranspor,56,17558653,"-22.9029","-43.2097"
209,209-ESTACIO X CAJU (VIA SAO CRISTOVAO) - CIRCULAR,Fetranspor,57,17558653,"-22.9005","-43.2098"
209,209-ESTACIO X CAJU (VIA SAO CRISTOVAO) - CIRCULAR,Fetranspor,58,17558653,"-22.9005","-43.2098"
209,209-ESTACIO X CAJU (VIA SAO CRISTOVAO) - CIRCULAR,Fetranspor,59,17558653,"-22.9005","-43.2092"
209,209-ESTACIO X CAJU (VIA SAO CRISTOVAO) - CIRCULAR,Fetranspor,60,17558653,"-22.9005","-43.2092"
209,209-ESTACIO X CAJU (VIA SAO CRISTOVAO) - CIRCULAR,Fetranspor,61,17558653,"-22.9004","-43.2084"
209,209-ESTACIO X CAJU (VIA SAO CRISTOVAO) - CIRCULAR,Fetranspor,62,17558653,"-22.9004","-43.2084"
209,209-ESTACIO X CAJU (VIA SAO CRISTOVAO) - CIRCULAR,Fetranspor,63,17558653,"-22.9013","-43.2084"
209,209-ESTACIO X CAJU (VIA SAO CRISTOVAO) - CIRCULAR,Fetranspor,64,17558653,"-22.902","-43.2084"
209,209-ESTACIO X CAJU (VIA SAO CRISTOVAO) - CIRCULAR,Fetranspor,65,17558653,"-22.9027","-43.2083"
209,209-ESTACIO X CAJU (VIA SAO CRISTOVAO) - CIRCULAR,Fetranspor,66,17558653,"-22.9027","-43.2083"
209,209-ESTACIO X CAJU (VIA SAO CRISTOVAO) - CIRCULAR,Fetranspor,67,17558653,"-22.9028","-43.2083"
209,209-ESTACIO X CAJU (VIA SAO CRISTOVAO) - CIRCULAR,Fetranspor,68,17558653,"-22.9032","-43.2083"
209,209-ESTACIO X CAJU (VIA SAO CRISTOVAO) - CIRCULAR,Fetranspor,69,17558653,"-22.904","-43.2082"
209,209-ESTACIO X CAJU (VIA SAO CRISTOVAO) - CIRCULAR,Fetranspor,70,17558653,"-22.9043","-43.2082"
209,209-ESTACIO X CAJU (VIA SAO CRISTOVAO) - CIRCULAR,Fetranspor,71,17558653,"-22.9043","-43.2082"
209,209-ESTACIO X CAJU (VIA SAO CRISTOVAO) - CIRCULAR,Fetranspor,72,17558653,"-22.9044","-43.2082"
209,209-ESTACIO X CAJU (VIA SAO CRISTOVAO) - CIRCULAR,Fetranspor,73,17558653,"-22.9045","-43.2082"
209,209-ESTACIO X CAJU (VIA SAO CRISTOVAO) - CIRCULAR,Fetranspor,74,17558653,"-22.9049","-43.2082"
209,209-ESTACIO X CAJU (VIA SAO CRISTOVAO) - CIRCULAR,Fetranspor,75,17558653,"-22.905","-43.2082"
209,209-ESTACIO X CAJU (VIA SAO CRISTOVAO) - CIRCULAR,Fetranspor,76,17558653,"-22.905","-43.2082"
209,209-ESTACIO X CAJU (VIA SAO CRISTOVAO) - CIRCULAR,Fetranspor,77,17558653,"-22.9051","-43.2081"
209,209-ESTACIO X CAJU (VIA SAO CRISTOVAO) - CIRCULAR,Fetranspor,78,17558653,"-22.9051","-43.2081"
209,209-ESTACIO X CAJU (VIA SAO CRISTOVAO) - CIRCULAR,Fetranspor,79,17558653,"-22.9052","-43.2082"
209,209-ESTACIO X CAJU (VIA SAO CRISTOVAO) - CIRCULAR,Fetranspor,80,17558653,"-22.9053","-43.2082"
209,209-ESTACIO X CAJU (VIA SAO CRISTOVAO) - CIRCULAR,Fetranspor,81,17558653,"-22.9059","-43.2086"
209,209-ESTACIO X CAJU (VIA SAO CRISTOVAO) - CIRCULAR,Fetranspor,82,17558653,"-22.9061","-43.2089"
209,209-ESTACIO X CAJU (VIA SAO CRISTOVAO) - CIRCULAR,Fetranspor,83,17558653,"-22.9062","-43.209"
209,209-ESTACIO X CAJU (VIA SAO CRISTOVAO) - CIRCULAR,Fetranspor,84,17558653,"-22.9063","-43.2091"
209,209-ESTACIO X CAJU (VIA SAO CRISTOVAO) - CIRCULAR,Fetranspor,85,17558653,"-22.9063","-43.2093"
209,209-ESTACIO X CAJU (VIA SAO CRISTOVAO) - CIRCULAR,Fetranspor,86,17558653,"-22.9064","-43.2094"
209,209-ESTACIO X CAJU (VIA SAO CRISTOVAO) - CIRCULAR,Fetranspor,87,17558653,"-22.9064","-43.2095"
209,209-ESTACIO X CAJU (VIA SAO CRISTOVAO) - CIRCULAR,Fetranspor,88,17558653,"-22.9064","-43.2096"
209,209-ESTACIO X CAJU (VIA SAO CRISTOVAO) - CIRCULAR,Fetranspor,89,17558653,"-22.9065","-43.2099"
209,209-ESTACIO X CAJU (VIA SAO CRISTOVAO) - CIRCULAR,Fetranspor,90,17558653,"-22.9065","-43.21"
209,209-ESTACIO X CAJU (VIA SAO CRISTOVAO) - CIRCULAR,Fetranspor,91,17558653,"-22.9065","-43.2102"
209,209-ESTACIO X CAJU (VIA SAO CRISTOVAO) - CIRCULAR,Fetranspor,92,17558653,"-22.9065","-43.2103"
209,209-ESTACIO X CAJU (VIA SAO CRISTOVAO) - CIRCULAR,Fetranspor,93,17558653,"-22.9067","-43.2115"
209,209-ESTACIO X CAJU (VIA SAO CRISTOVAO) - CIRCULAR,Fetranspor,94,17558653,"-22.9067","-43.2121"
209,209-ESTACIO X CAJU (VIA SAO CRISTOVAO) - CIRCULAR,Fetranspor,95,17558653,"-22.9067","-43.2121"
209,209-ESTACIO X CAJU (VIA SAO CRISTOVAO) - CIRCULAR,Fetranspor,96,17558653,"-22.9067","-43.2128"
209,209-ESTACIO X CAJU (VIA SAO CRISTOVAO) - CIRCULAR,Fetranspor,97,17558653,"-22.9068","-43.2133"
209,209-ESTACIO X CAJU (VIA SAO CRISTOVAO) - CIRCULAR,Fetranspor,98,17558653,"-22.9068","-43.2133"
209,209-ESTACIO X CAJU (VIA SAO CRISTOVAO) - CIRCULAR,Fetranspor,99,17558653,"-22.9067","-43.2134"
209,209-ESTACIO X CAJU (VIA SAO CRISTOVAO) - CIRCULAR,Fetranspor,100,17558653,"-22.9067","-43.2135"
209,209-ESTACIO X CAJU (VIA SAO CRISTOVAO) - CIRCULAR,Fetranspor,101,17558653,"-22.9066","-43.2136"
209,209-ESTACIO X CAJU (VIA SAO CRISTOVAO) - CIRCULAR,Fetranspor,102,17558653,"-22.9065","-43.2137"
209,209-ESTACIO X CAJU (VIA SAO CRISTOVAO) - CIRCULAR,Fetranspor,103,17558653,"-22.9064","-43.2137"
209,209-ESTACIO X CAJU (VIA SAO CRISTOVAO) - CIRCULAR,Fetranspor,104,17558653,"-22.9058","-43.214"
209,209-ESTACIO X CAJU (VIA SAO CRISTOVAO) - CIRCULAR,Fetranspor,105,17558653,"-22.9058","-43.214"
209,209-ESTACIO X CAJU (VIA SAO CRISTOVAO) - CIRCULAR,Fetranspor,106,17558653,"-22.9055","-43.2141"
209,209-ESTACIO X CAJU (VIA SAO CRISTOVAO) - CIRCULAR,Fetranspor,107,17558653,"-22.9055","-43.2141"
209,209-ESTACIO X CAJU (VIA SAO CRISTOVAO) - CIRCULAR,Fetranspor,108,17558653,"-22.9051","-43.2144"
209,209-ESTACIO X CAJU (VIA SAO CRISTOVAO) - CIRCULAR,Fetranspor,109,17558653,"-22.9036","-43.2153"
209,209-ESTACIO X CAJU (VIA SAO CRISTOVAO) - CIRCULAR,Fetranspor,110,17558653,"-22.9036","-43.2153"
209,209-ESTACIO X CAJU (VIA SAO CRISTOVAO) - CIRCULAR,Fetranspor,111,17558653,"-22.9035","-43.2154"
209,209-ESTACIO X CAJU (VIA SAO CRISTOVAO) - CIRCULAR,Fetranspor,112,17558653,"-22.9035","-43.2154"
209,209-ESTACIO X CAJU (VIA SAO CRISTOVAO) - CIRCULAR,Fetranspor,113,17558653,"-22.9034","-43.2155"
209,209-ESTACIO X CAJU (VIA SAO CRISTOVAO) - CIRCULAR,Fetranspor,114,17558653,"-22.9026","-43.216"
209,209-ESTACIO X CAJU (VIA SAO CRISTOVAO) - CIRCULAR,Fetranspor,115,17558653,"-22.9025","-43.2161"
209,209-ESTACIO X CAJU (VIA SAO CRISTOVAO) - CIRCULAR,Fetranspor,116,17558653,"-22.9025","-43.2161"
209,209-ESTACIO X CAJU (VIA SAO CRISTOVAO) - CIRCULAR,Fetranspor,117,17558653,"-22.9012","-43.2169"
209,209-ESTACIO X CAJU (VIA SAO CRISTOVAO) - CIRCULAR,Fetranspor,118,17558653,"-22.9012","-43.2169"
209,209-ESTACIO X CAJU (VIA SAO CRISTOVAO) - CIRCULAR,Fetranspor,119,17558653,"-22.9012","-43.2169"
209,209-ESTACIO X CAJU (VIA SAO CRISTOVAO) - CIRCULAR,Fetranspor,120,17558653,"-22.9009","-43.2166"
209,209-ESTACIO X CAJU (VIA SAO CRISTOVAO) - CIRCULAR,Fetranspor,121,17558653,"-22.9004","-43.2162"
209,209-ESTACIO X CAJU (VIA SAO CRISTOVAO) - CIRCULAR,Fetranspor,122,17558653,"-22.9003","-43.216"
209,209-ESTACIO X CAJU (VIA SAO CRISTOVAO) - CIRCULAR,Fetranspor,123,17558653,"-22.9003","-43.216"
209,209-ESTACIO X CAJU (VIA SAO CRISTOVAO) - CIRCULAR,Fetranspor,124,17558653,"-22.9002","-43.2161"
209,209-ESTACIO X CAJU (VIA SAO CRISTOVAO) - CIRCULAR,Fetranspor,125,17558653,"-22.9002","-43.2161"
209,209-ESTACIO X CAJU (VIA SAO CRISTOVAO) - CIRCULAR,Fetranspor,126,17558653,"-22.8991","-43.2168"
209,209-ESTACIO X CAJU (VIA SAO CRISTOVAO) - CIRCULAR,Fetranspor,127,17558653,"-22.8991","-43.2168"
209,209-ESTACIO X CAJU (VIA SAO CRISTOVAO) - CIRCULAR,Fetranspor,128,17558653,"-22.899","-43.2169"
209,209-ESTACIO X CAJU (VIA SAO CRISTOVAO) - CIRCULAR,Fetranspor,129,17558653,"-22.8989","-43.217"
209,209-ESTACIO X CAJU (VIA SAO CRISTOVAO) - CIRCULAR,Fetranspor,130,17558653,"-22.8989","-43.217"
209,209-ESTACIO X CAJU (VIA SAO CRISTOVAO) - CIRCULAR,Fetranspor,131,17558653,"-22.8987","-43.2172"
209,209-ESTACIO X CAJU (VIA SAO CRISTOVAO) - CIRCULAR,Fetranspor,132,17558653,"-22.8976","-43.2179"
209,209-ESTACIO X CAJU (VIA SAO CRISTOVAO) - CIRCULAR,Fetranspor,133,17558653,"-22.8976","-43.2179"
209,209-ESTACIO X CAJU (VIA SAO CRISTOVAO) - CIRCULAR,Fetranspor,134,17558653,"-22.8974","-43.218"
209,209-ESTACIO X CAJU (VIA SAO CRISTOVAO) - CIRCULAR,Fetranspor,135,17558653,"-22.8974","-43.218"
209,209-ESTACIO X CAJU (VIA SAO CRISTOVAO) - CIRCULAR,Fetranspor,136,17558653,"-22.8972","-43.2181"
209,209-ESTACIO X CAJU (VIA SAO CRISTOVAO) - CIRCULAR,Fetranspor,137,17558653,"-22.8972","-43.2181"
209,209-ESTACIO X CAJU (VIA SAO CRISTOVAO) - CIRCULAR,Fetranspor,138,17558653,"-22.8963","-43.2188"
209,209-ESTACIO X CAJU (VIA SAO CRISTOVAO) - CIRCULAR,Fetranspor,139,17558653,"-22.8963","-43.2188"
209,209-ESTACIO X CAJU (VIA SAO CRISTOVAO) - CIRCULAR,Fetranspor,140,17558653,"-22.8953","-43.2195"
209,209-ESTACIO X CAJU (VIA SAO CRISTOVAO) - CIRCULAR,Fetranspor,141,17558653,"-22.8953","-43.2195"
209,209-ESTACIO X CAJU (VIA SAO CRISTOVAO) - CIRCULAR,Fetranspor,142,17558653,"-22.8949","-43.2197"
209,209-ESTACIO X CAJU (VIA SAO CRISTOVAO) - CIRCULAR,Fetranspor,143,17558653,"-22.8949","-43.2197"
209,209-ESTACIO X CAJU (VIA SAO CRISTOVAO) - CIRCULAR,Fetranspor,144,17558653,"-22.8947","-43.2198"
209,209-ESTACIO X CAJU (VIA SAO CRISTOVAO) - CIRCULAR,Fetranspor,145,17558653,"-22.8947","-43.2198"
209,209-ESTACIO X CAJU (VIA SAO CRISTOVAO) - CIRCULAR,Fetranspor,146,17558653,"-22.8947","-43.2198"
209,209-ESTACIO X CAJU (VIA SAO CRISTOVAO) - CIRCULAR,Fetranspor,147,17558653,"-22.8947","-43.2198"
209,209-ESTACIO X CAJU (VIA SAO CRISTOVAO) - CIRCULAR,Fetranspor,148,17558653,"-22.8948","-43.22"
209,209-ESTACIO X CAJU (VIA SAO CRISTOVAO) - CIRCULAR,Fetranspor,149,17558653,"-22.895","-43.2201"
209,209-ESTACIO X CAJU (VIA SAO CRISTOVAO) - CIRCULAR,Fetranspor,150,17558653,"-22.895","-43.2201"
209,209-ESTACIO X CAJU (VIA SAO CRISTOVAO) - CIRCULAR,Fetranspor,151,17558653,"-22.8951","-43.2202"
209,209-ESTACIO X CAJU (VIA SAO CRISTOVAO) - CIRCULAR,Fetranspor,152,17558653,"-22.8956","-43.2206"
209,209-ESTACIO X CAJU (VIA SAO CRISTOVAO) - CIRCULAR,Fetranspor,153,17558653,"-22.8956","-43.2206"
209,209-ESTACIO X CAJU (VIA SAO CRISTOVAO) - CIRCULAR,Fetranspor,154,17558653,"-22.8958","-43.2208"
209,209-ESTACIO X CAJU (VIA SAO CRISTOVAO) - CIRCULAR,Fetranspor,155,17558653,"-22.8958","-43.2208"
209,209-ESTACIO X CAJU (VIA SAO CRISTOVAO) - CIRCULAR,Fetranspor,156,17558653,"-22.8958","-43.2208"
209,209-ESTACIO X CAJU (VIA SAO CRISTOVAO) - CIRCULAR,Fetranspor,157,17558653,"-22.896","-43.221"
209,209-ESTACIO X CAJU (VIA SAO CRISTOVAO) - CIRCULAR,Fetranspor,158,17558653,"-22.8964","-43.2212"
209,209-ESTACIO X CAJU (VIA SAO CRISTOVAO) - CIRCULAR,Fetranspor,159,17558653,"-22.8964","-43.2212"
209,209-ESTACIO X CAJU (VIA SAO CRISTOVAO) - CIRCULAR,Fetranspor,160,17558653,"-22.8969","-43.2217"
209,209-ESTACIO X CAJU (VIA SAO CRISTOVAO) - CIRCULAR,Fetranspor,161,17558653,"-22.8969","-43.2217"
209,209-ESTACIO X CAJU (VIA SAO CRISTOVAO) - CIRCULAR,Fetranspor,162,17558653,"-22.8972","-43.222"
209,209-ESTACIO X CAJU (VIA SAO CRISTOVAO) - CIRCULAR,Fetranspor,163,17558653,"-22.8978","-43.2224"
209,209-ESTACIO X CAJU (VIA SAO CRISTOVAO) - CIRCULAR,Fetranspor,164,17558653,"-22.8978","-43.2224"
209,209-ESTACIO X CAJU (VIA SAO CRISTOVAO) - CIRCULAR,Fetranspor,165,17558653,"-22.8982","-43.2228"
209,209-ESTACIO X CAJU (VIA SAO CRISTOVAO) - CIRCULAR,Fetranspor,166,17558653,"-22.8984","-43.2229"
209,209-ESTACIO X CAJU (VIA SAO CRISTOVAO) - CIRCULAR,Fetranspor,167,17558653,"-22.8984","-43.2229"
209,209-ESTACIO X CAJU (VIA SAO CRISTOVAO) - CIRCULAR,Fetranspor,168,17558653,"-22.8988","-43.2233"
209,209-ESTACIO X CAJU (VIA SAO CRISTOVAO) - CIRCULAR,Fetranspor,169,17558653,"-22.8988","-43.2233"
209,209-ESTACIO X CAJU (VIA SAO CRISTOVAO) - CIRCULAR,Fetranspor,170,17558653,"-22.8989","-43.2232"
209,209-ESTACIO X CAJU (VIA SAO CRISTOVAO) - CIRCULAR,Fetranspor,171,17558653,"-22.8995","-43.2228"
209,209-ESTACIO X CAJU (VIA SAO CRISTOVAO) - CIRCULAR,Fetranspor,172,17558653,"-22.8995","-43.2228"
209,209-ESTACIO X CAJU (VIA SAO CRISTOVAO) - CIRCULAR,Fetranspor,173,17558653,"-22.8995","-43.2228"
209,209-ESTACIO X CAJU (VIA SAO CRISTOVAO) - CIRCULAR,Fetranspor,174,17558653,"-22.8996","-43.2228"
209,209-ESTACIO X CAJU (VIA SAO CRISTOVAO) - CIRCULAR,Fetranspor,175,17558653,"-22.8996","-43.2228"
209,209-ESTACIO X CAJU (VIA SAO CRISTOVAO) - CIRCULAR,Fetranspor,176,17558653,"-22.8996","-43.2228"
209,209-ESTACIO X CAJU (VIA SAO CRISTOVAO) - CIRCULAR,Fetranspor,177,17558653,"-22.8998","-43.2231"
209,209-ESTACIO X CAJU (VIA SAO CRISTOVAO) - CIRCULAR,Fetranspor,178,17558653,"-22.8999","-43.2233"
209,209-ESTACIO X CAJU (VIA SAO CRISTOVAO) - CIRCULAR,Fetranspor,179,17558653,"-22.8999","-43.2233"
209,209-ESTACIO X CAJU (VIA SAO CRISTOVAO) - CIRCULAR,Fetranspor,180,17558653,"-22.9","-43.2234"
209,209-ESTACIO X CAJU (VIA SAO CRISTOVAO) - CIRCULAR,Fetranspor,181,17558653,"-22.9","-43.2237"
209,209-ESTACIO X CAJU (VIA SAO CRISTOVAO) - CIRCULAR,Fetranspor,182,17558653,"-22.9002","-43.2246"
209,209-ESTACIO X CAJU (VIA SAO CRISTOVAO) - CIRCULAR,Fetranspor,183,17558653,"-22.9002","-43.2246"
209,209-ESTACIO X CAJU (VIA SAO CRISTOVAO) - CIRCULAR,Fetranspor,184,17558653,"-22.9003","-43.2249"
209,209-ESTACIO X CAJU (VIA SAO CRISTOVAO) - CIRCULAR,Fetranspor,185,17558653,"-22.9003","-43.2249"
209,209-ESTACIO X CAJU (VIA SAO CRISTOVAO) - CIRCULAR,Fetranspor,186,17558653,"-22.9003","-43.2249"
209,209-ESTACIO X CAJU (VIA SAO CRISTOVAO) - CIRCULAR,Fetranspor,187,17558653,"-22.9003","-43.2249"
209,209-ESTACIO X CAJU (VIA SAO CRISTOVAO) - CIRCULAR,Fetranspor,188,17558653,"-22.9003","-43.2251"
209,209-ESTACIO X CAJU (VIA SAO CRISTOVAO) - CIRCULAR,Fetranspor,189,17558653,"-22.9003","-43.2251"
209,209-ESTACIO X CAJU (VIA SAO CRISTOVAO) - CIRCULAR,Fetranspor,190,17558653,"-22.9003","-43.2251"
209,209-ESTACIO X CAJU (VIA SAO CRISTOVAO) - CIRCULAR,Fetranspor,191,17558653,"-22.8988","-43.2257"
209,209-ESTACIO X CAJU (VIA SAO CRISTOVAO) - CIRCULAR,Fetranspor,192,17558653,"-22.8988","-43.2257"
209,209-ESTACIO X CAJU (VIA SAO CRISTOVAO) - CIRCULAR,Fetranspor,193,17558653,"-22.8986","-43.2257"
209,209-ESTACIO X CAJU (VIA SAO CRISTOVAO) - CIRCULAR,Fetranspor,194,17558653,"-22.8976","-43.2261"
209,209-ESTACIO X CAJU (VIA SAO CRISTOVAO) - CIRCULAR,Fetranspor,195,17558653,"-22.8962","-43.2267"
209,209-ESTACIO X CAJU (VIA SAO CRISTOVAO) - CIRCULAR,Fetranspor,196,17558653,"-22.8962","-43.2267"
209,209-ESTACIO X CAJU (VIA SAO CRISTOVAO) - CIRCULAR,Fetranspor,197,17558653,"-22.8954","-43.2269"
209,209-ESTACIO X CAJU (VIA SAO CRISTOVAO) - CIRCULAR,Fetranspor,198,17558653,"-22.8954","-43.2269"
209,209-ESTACIO X CAJU (VIA SAO CRISTOVAO) - CIRCULAR,Fetranspor,199,17558653,"-22.8942","-43.2274"
209,209-ESTACIO X CAJU (VIA SAO CRISTOVAO) - CIRCULAR,Fetranspor,200,17558653,"-22.8942","-43.2274"
209,209-ESTACIO X CAJU (VIA SAO CRISTOVAO) - CIRCULAR,Fetranspor,201,17558653,"-22.8936","-43.2276"
209,209-ESTACIO X CAJU (VIA SAO CRISTOVAO) - CIRCULAR,Fetranspor,202,17558653,"-22.8932","-43.2277"
209,209-ESTACIO X CAJU (VIA SAO CRISTOVAO) - CIRCULAR,Fetranspor,203,17558653,"-22.8931","-43.2277"
209,209-ESTACIO X CAJU (VIA SAO CRISTOVAO) - CIRCULAR,Fetranspor,204,17558653,"-22.893","-43.2277"
209,209-ESTACIO X CAJU (VIA SAO CRISTOVAO) - CIRCULAR,Fetranspor,205,17558653,"-22.8928","-43.2277"
209,209-ESTACIO X CAJU (VIA SAO CRISTOVAO) - CIRCULAR,Fetranspor,206,17558653,"-22.8928","-43.2277"
209,209-ESTACIO X CAJU (VIA SAO CRISTOVAO) - CIRCULAR,Fetranspor,207,17558653,"-22.8927","-43.2276"
209,209-ESTACIO X CAJU (VIA SAO CRISTOVAO) - CIRCULAR,Fetranspor,208,17558653,"-22.8925","-43.2275"
209,209-ESTACIO X CAJU (VIA SAO CRISTOVAO) - CIRCULAR,Fetranspor,209,17558653,"-22.8919","-43.2271"
209,209-ESTACIO X CAJU (VIA SAO CRISTOVAO) - CIRCULAR,Fetranspor,210,17558653,"-22.8919","-43.2271"
209,209-ESTACIO X CAJU (VIA SAO CRISTOVAO) - CIRCULAR,Fetranspor,211,17558653,"-22.8908","-43.2265"
209,209-ESTACIO X CAJU (VIA SAO CRISTOVAO) - CIRCULAR,Fetranspor,212,17558653,"-22.8908","-43.2265"
209,209-ESTACIO X CAJU (VIA SAO CRISTOVAO) - CIRCULAR,Fetranspor,213,17558653,"-22.8908","-43.2268"
209,209-ESTACIO X CAJU (VIA SAO CRISTOVAO) - CIRCULAR,Fetranspor,214,17558653,"-22.8907","-43.227"
209,209-ESTACIO X CAJU (VIA SAO CRISTOVAO) - CIRCULAR,Fetranspor,215,17558653,"-22.8907","-43.2271"
209,209-ESTACIO X CAJU (VIA SAO CRISTOVAO) - CIRCULAR,Fetranspor,216,17558653,"-22.8906","-43.2272"
209,209-ESTACIO X CAJU (VIA SAO CRISTOVAO) - CIRCULAR,Fetranspor,217,17558653,"-22.8906","-43.2272"
209,209-ESTACIO X CAJU (VIA SAO CRISTOVAO) - CIRCULAR,Fetranspor,218,17558653,"-22.8904","-43.2273"
209,209-ESTACIO X CAJU (VIA SAO CRISTOVAO) - CIRCULAR,Fetranspor,219,17558653,"-22.8898","-43.2276"
209,209-ESTACIO X CAJU (VIA SAO CRISTOVAO) - CIRCULAR,Fetranspor,220,17558653,"-22.8891","-43.2279"
209,209-ESTACIO X CAJU (VIA SAO CRISTOVAO) - CIRCULAR,Fetranspor,221,17558653,"-22.8891","-43.2279"
209,209-ESTACIO X CAJU (VIA SAO CRISTOVAO) - CIRCULAR,Fetranspor,222,17558653,"-22.8892","-43.228"
209,209-ESTACIO X CAJU (VIA SAO CRISTOVAO) - CIRCULAR,Fetranspor,223,17558653,"-22.8892","-43.228"
209,209-ESTACIO X CAJU (VIA SAO CRISTOVAO) - CIRCULAR,Fetranspor,224,17558653,"-22.8893","-43.2282"
209,209-ESTACIO X CAJU (VIA SAO CRISTOVAO) - CIRCULAR,Fetranspor,225,17558653,"-22.8893","-43.2282"
209,209-ESTACIO X CAJU (VIA SAO CRISTOVAO) - CIRCULAR,Fetranspor,226,17558653,"-22.8893","-43.2284"
209,209-ESTACIO X CAJU (VIA SAO CRISTOVAO) - CIRCULAR,Fetranspor,227,17558653,"-22.8893","-43.2284"
209,209-ESTACIO X CAJU (VIA SAO CRISTOVAO) - CIRCULAR,Fetranspor,228,17558653,"-22.8894","-43.2286"
209,209-ESTACIO X CAJU (VIA SAO CRISTOVAO) - CIRCULAR,Fetranspor,229,17558653,"-22.8894","-43.2286"
209,209-ESTACIO X CAJU (VIA SAO CRISTOVAO) - CIRCULAR,Fetranspor,230,17558653,"-22.8896","-43.2289"
209,209-ESTACIO X CAJU (VIA SAO CRISTOVAO) - CIRCULAR,Fetranspor,231,17558653,"-22.8896","-43.2289"
209,209-ESTACIO X CAJU (VIA SAO CRISTOVAO) - CIRCULAR,Fetranspor,232,17558653,"-22.8897","-43.2291"
209,209-ESTACIO X CAJU (VIA SAO CRISTOVAO) - CIRCULAR,Fetranspor,233,17558653,"-22.8897","-43.2292"
209,209-ESTACIO X CAJU (VIA SAO CRISTOVAO) - CIRCULAR,Fetranspor,234,17558653,"-22.8897","-43.2292"
209,209-ESTACIO X CAJU (VIA SAO CRISTOVAO) - CIRCULAR,Fetranspor,235,17558653,"-22.8898","-43.2293"
209,209-ESTACIO X CAJU (VIA SAO CRISTOVAO) - CIRCULAR,Fetranspor,236,17558653,"-22.8898","-43.2293"
209,209-ESTACIO X CAJU (VIA SAO CRISTOVAO) - CIRCULAR,Fetranspor,237,17558653,"-22.8899","-43.2295"
209,209-ESTACIO X CAJU (VIA SAO CRISTOVAO) - CIRCULAR,Fetranspor,238,17558653,"-22.8899","-43.2295"
209,209-ESTACIO X CAJU (VIA SAO CRISTOVAO) - CIRCULAR,Fetranspor,239,17558653,"-22.8899","-43.2296"
209,209-ESTACIO X CAJU (VIA SAO CRISTOVAO) - CIRCULAR,Fetranspor,240,17558653,"-22.8899","-43.2296"
209,209-ESTACIO X CAJU (VIA SAO CRISTOVAO) - CIRCULAR,Fetranspor,241,17558653,"-22.89","-43.2299"
209,209-ESTACIO X CAJU (VIA SAO CRISTOVAO) - CIRCULAR,Fetranspor,242,17558653,"-22.8901","-43.2301"
209,209-ESTACIO X CAJU (VIA SAO CRISTOVAO) - CIRCULAR,Fetranspor,243,17558653,"-22.8901","-43.2302"
209,209-ESTACIO X CAJU (VIA SAO CRISTOVAO) - CIRCULAR,Fetranspor,244,17558653,"-22.8901","-43.2305"
209,209-ESTACIO X CAJU (VIA SAO CRISTOVAO) - CIRCULAR,Fetranspor,245,17558653,"-22.8901","-43.2308"
209,209-ESTACIO X CAJU (VIA SAO CRISTOVAO) - CIRCULAR,Fetranspor,246,17558653,"-22.89","-43.231"
209,209-ESTACIO X CAJU (VIA SAO CRISTOVAO) - CIRCULAR,Fetranspor,247,17558653,"-22.89","-43.2311"
209,209-ESTACIO X CAJU (VIA SAO CRISTOVAO) - CIRCULAR,Fetranspor,248,17558653,"-22.8899","-43.2312"
209,209-ESTACIO X CAJU (VIA SAO CRISTOVAO) - CIRCULAR,Fetranspor,249,17558653,"-22.8898","-43.2314"
209,209-ESTACIO X CAJU (VIA SAO CRISTOVAO) - CIRCULAR,Fetranspor,250,17558653,"-22.8898","-43.2314"
209,209-ESTACIO X CAJU (VIA SAO CRISTOVAO) - CIRCULAR,Fetranspor,251,17558653,"-22.8897","-43.2315"
209,209-ESTACIO X CAJU (VIA SAO CRISTOVAO) - CIRCULAR,Fetranspor,252,17558653,"-22.8896","-43.2316"
209,209-ESTACIO X CAJU (VIA SAO CRISTOVAO) - CIRCULAR,Fetranspor,253,17558653,"-22.8894","-43.2318"
209,209-ESTACIO X CAJU (VIA SAO CRISTOVAO) - CIRCULAR,Fetranspor,254,17558653,"-22.8894","-43.2318"
209,209-ESTACIO X CAJU (VIA SAO CRISTOVAO) - CIRCULAR,Fetranspor,255,17558653,"-22.8892","-43.2319"
209,209-ESTACIO X CAJU (VIA SAO CRISTOVAO) - CIRCULAR,Fetranspor,256,17558653,"-22.8892","-43.2319"
209,209-ESTACIO X CAJU (VIA SAO CRISTOVAO) - CIRCULAR,Fetranspor,257,17558653,"-22.8888","-43.2323"
209,209-ESTACIO X CAJU (VIA SAO CRISTOVAO) - CIRCULAR,Fetranspor,258,17558653,"-22.8887","-43.2324"
209,209-ESTACIO X CAJU (VIA SAO CRISTOVAO) - CIRCULAR,Fetranspor,259,17558653,"-22.8887","-43.2324"
209,209-ESTACIO X CAJU (VIA SAO CRISTOVAO) - CIRCULAR,Fetranspor,260,17558653,"-22.8885","-43.2321"
209,209-ESTACIO X CAJU (VIA SAO CRISTOVAO) - CIRCULAR,Fetranspor,261,17558653,"-22.8885","-43.2321"
209,209-ESTACIO X CAJU (VIA SAO CRISTOVAO) - CIRCULAR,Fetranspor,262,17558653,"-22.8883","-43.2318"
209,209-ESTACIO X CAJU (VIA SAO CRISTOVAO) - CIRCULAR,Fetranspor,263,17558653,"-22.8883","-43.2318"
209,209-ESTACIO X CAJU (VIA SAO CRISTOVAO) - CIRCULAR,Fetranspor,264,17558653,"-22.8876","-43.231"
209,209-ESTACIO X CAJU (VIA SAO CRISTOVAO) - CIRCULAR,Fetranspor,265,17558653,"-22.8876","-43.231"
209,209-ESTACIO X CAJU (VIA SAO CRISTOVAO) - CIRCULAR,Fetranspor,266,17558653,"-22.8876","-43.231"
209,209-ESTACIO X CAJU (VIA SAO CRISTOVAO) - CIRCULAR,Fetranspor,267,17558653,"-22.8866","-43.2298"
209,209-ESTACIO X CAJU (VIA SAO CRISTOVAO) - CIRCULAR,Fetranspor,268,17558653,"-22.8866","-43.2298"
209,209-ESTACIO X CAJU (VIA SAO CRISTOVAO) - CIRCULAR,Fetranspor,269,17558653,"-22.8866","-43.2297"
209,209-ESTACIO X CAJU (VIA SAO CRISTOVAO) - CIRCULAR,Fetranspor,270,17558653,"-22.8862","-43.2293"
209,209-ESTACIO X CAJU (VIA SAO CRISTOVAO) - CIRCULAR,Fetranspor,271,17558653,"-22.8858","-43.2288"
209,209-ESTACIO X CAJU (VIA SAO CRISTOVAO) - CIRCULAR,Fetranspor,272,17558653,"-22.8858","-43.2288"
209,209-ESTACIO X CAJU (VIA SAO CRISTOVAO) - CIRCULAR,Fetranspor,273,17558653,"-22.8856","-43.2285"
209,209-ESTACIO X CAJU (VIA SAO CRISTOVAO) - CIRCULAR,Fetranspor,274,17558653,"-22.8854","-43.2282"
209,209-ESTACIO X CAJU (VIA SAO CRISTOVAO) - CIRCULAR,Fetranspor,275,17558653,"-22.8853","-43.2281"
209,209-ESTACIO X CAJU (VIA SAO CRISTOVAO) - CIRCULAR,Fetranspor,276,17558653,"-22.8852","-43.2279"
209,209-ESTACIO X CAJU (VIA SAO CRISTOVAO) - CIRCULAR,Fetranspor,277,17558653,"-22.8852","-43.2279"
209,209-ESTACIO X CAJU (VIA SAO CRISTOVAO) - CIRCULAR,Fetranspor,278,17558653,"-22.8852","-43.2278"
209,209-ESTACIO X CAJU (VIA SAO CRISTOVAO) - CIRCULAR,Fetranspor,279,17558653,"-22.8851","-43.2276"
209,209-ESTACIO X CAJU (VIA SAO CRISTOVAO) - CIRCULAR,Fetranspor,280,17558653,"-22.8851","-43.2276"
209,209-ESTACIO X CAJU (VIA SAO CRISTOVAO) - CIRCULAR,Fetranspor,281,17558653,"-22.8851","-43.2275"
209,209-ESTACIO X CAJU (VIA SAO CRISTOVAO) - CIRCULAR,Fetranspor,282,17558653,"-22.8851","-43.2273"
209,209-ESTACIO X CAJU (VIA SAO CRISTOVAO) - CIRCULAR,Fetranspor,283,17558653,"-22.8851","-43.2271"
209,209-ESTACIO X CAJU (VIA SAO CRISTOVAO) - CIRCULAR,Fetranspor,284,17558653,"-22.8851","-43.227"
209,209-ESTACIO X CAJU (VIA SAO CRISTOVAO) - CIRCULAR,Fetranspor,285,17558653,"-22.8852","-43.2268"
209,209-ESTACIO X CAJU (VIA SAO CRISTOVAO) - CIRCULAR,Fetranspor,286,17558653,"-22.8852","-43.2268"
209,209-ESTACIO X CAJU (VIA SAO CRISTOVAO) - CIRCULAR,Fetranspor,287,17558653,"-22.8853","-43.2265"
209,209-ESTACIO X CAJU (VIA SAO CRISTOVAO) - CIRCULAR,Fetranspor,288,17558653,"-22.8854","-43.2263"
209,209-ESTACIO X CAJU (VIA SAO CRISTOVAO) - CIRCULAR,Fetranspor,289,17558653,"-22.8855","-43.2262"
209,209-ESTACIO X CAJU (VIA SAO CRISTOVAO) - CIRCULAR,Fetranspor,290,17558653,"-22.8855","-43.2262"
209,209-ESTACIO X CAJU (VIA SAO CRISTOVAO) - CIRCULAR,Fetranspor,291,17558653,"-22.8856","-43.2261"
209,209-ESTACIO X CAJU (VIA SAO CRISTOVAO) - CIRCULAR,Fetranspor,292,17558653,"-22.8858","-43.2258"
209,209-ESTACIO X CAJU (VIA SAO CRISTOVAO) - CIRCULAR,Fetranspor,293,17558653,"-22.8858","-43.2258"
209,209-ESTACIO X CAJU (VIA SAO CRISTOVAO) - CIRCULAR,Fetranspor,294,17558653,"-22.8859","-43.2258"
209,209-ESTACIO X CAJU (VIA SAO CRISTOVAO) - CIRCULAR,Fetranspor,295,17558653,"-22.8859","-43.2257"
209,209-ESTACIO X CAJU (VIA SAO CRISTOVAO) - CIRCULAR,Fetranspor,296,17558653,"-22.8863","-43.2252"
209,209-ESTACIO X CAJU (VIA SAO CRISTOVAO) - CIRCULAR,Fetranspor,297,17558653,"-22.8864","-43.2252"
209,209-ESTACIO X CAJU (VIA SAO CRISTOVAO) - CIRCULAR,Fetranspor,298,17558653,"-22.8865","-43.225"
209,209-ESTACIO X CAJU (VIA SAO CRISTOVAO) - CIRCULAR,Fetranspor,299,17558653,"-22.8865","-43.225"
209,209-ESTACIO X CAJU (VIA SAO CRISTOVAO) - CIRCULAR,Fetranspor,300,17558653,"-22.8865","-43.2249"
209,209-ESTACIO X CAJU (VIA SAO CRISTOVAO) - CIRCULAR,Fetranspor,301,17558653,"-22.8865","-43.2249"
209,209-ESTACIO X CAJU (VIA SAO CRISTOVAO) - CIRCULAR,Fetranspor,302,17558653,"-22.8874","-43.224"
209,209-ESTACIO X CAJU (VIA SAO CRISTOVAO) - CIRCULAR,Fetranspor,303,17558653,"-22.8883","-43.2231"
209,209-ESTACIO X CAJU (VIA SAO CRISTOVAO) - CIRCULAR,Fetranspor,304,17558653,"-22.8884","-43.223"
209,209-ESTACIO X CAJU (VIA SAO CRISTOVAO) - CIRCULAR,Fetranspor,305,17558653,"-22.8885","-43.2229"
209,209-ESTACIO X CAJU (VIA SAO CRISTOVAO) - CIRCULAR,Fetranspor,306,17558653,"-22.8886","-43.2227"
209,209-ESTACIO X CAJU (VIA SAO CRISTOVAO) - CIRCULAR,Fetranspor,307,17558653,"-22.8887","-43.2226"
209,209-ESTACIO X CAJU (VIA SAO CRISTOVAO) - CIRCULAR,Fetranspor,308,17558653,"-22.8887","-43.2226"
209,209-ESTACIO X CAJU (VIA SAO CRISTOVAO) - CIRCULAR,Fetranspor,309,17558653,"-22.8887","-43.2226"
209,209-ESTACIO X CAJU (VIA SAO CRISTOVAO) - CIRCULAR,Fetranspor,310,17558653,"-22.8888","-43.2225"
209,209-ESTACIO X CAJU (VIA SAO CRISTOVAO) - CIRCULAR,Fetranspor,311,17558653,"-22.8888","-43.2223"
209,209-ESTACIO X CAJU (VIA SAO CRISTOVAO) - CIRCULAR,Fetranspor,312,17558653,"-22.8889","-43.2222"
209,209-ESTACIO X CAJU (VIA SAO CRISTOVAO) - CIRCULAR,Fetranspor,313,17558653,"-22.889","-43.222"
209,209-ESTACIO X CAJU (VIA SAO CRISTOVAO) - CIRCULAR,Fetranspor,314,17558653,"-22.889","-43.2218"
209,209-ESTACIO X CAJU (VIA SAO CRISTOVAO) - CIRCULAR,Fetranspor,315,17558653,"-22.889","-43.2215"
209,209-ESTACIO X CAJU (VIA SAO CRISTOVAO) - CIRCULAR,Fetranspor,316,17558653,"-22.8891","-43.2208"
209,209-ESTACIO X CAJU (VIA SAO CRISTOVAO) - CIRCULAR,Fetranspor,317,17558653,"-22.8891","-43.2208"
209,209-ESTACIO X CAJU (VIA SAO CRISTOVAO) - CIRCULAR,Fetranspor,318,17558653,"-22.8891","-43.2205"
209,209-ESTACIO X CAJU (VIA SAO CRISTOVAO) - CIRCULAR,Fetranspor,319,17558653,"-22.8891","-43.2203"
209,209-ESTACIO X CAJU (VIA SAO CRISTOVAO) - CIRCULAR,Fetranspor,320,17558653,"-22.8892","-43.2191"
209,209-ESTACIO X CAJU (VIA SAO CRISTOVAO) - CIRCULAR,Fetranspor,321,17558653,"-22.8892","-43.2191"
209,209-ESTACIO X CAJU (VIA SAO CRISTOVAO) - CIRCULAR,Fetranspor,322,17558653,"-22.8891","-43.2188"
209,209-ESTACIO X CAJU (VIA SAO CRISTOVAO) - CIRCULAR,Fetranspor,323,17558653,"-22.8891","-43.2187"
209,209-ESTACIO X CAJU (VIA SAO CRISTOVAO) - CIRCULAR,Fetranspor,324,17558653,"-22.8892","-43.2185"
209,209-ESTACIO X CAJU (VIA SAO CRISTOVAO) - CIRCULAR,Fetranspor,325,17558653,"-22.8892","-43.2183"
209,209-ESTACIO X CAJU (VIA SAO CRISTOVAO) - CIRCULAR,Fetranspor,326,17558653,"-22.8893","-43.2181"
209,209-ESTACIO X CAJU (VIA SAO CRISTOVAO) - CIRCULAR,Fetranspor,327,17558653,"-22.8894","-43.2179"
209,209-ESTACIO X CAJU (VIA SAO CRISTOVAO) - CIRCULAR,Fetranspor,328,17558653,"-22.8895","-43.2177"
209,209-ESTACIO X CAJU (VIA SAO CRISTOVAO) - CIRCULAR,Fetranspor,329,17558653,"-22.8896","-43.2176"
209,209-ESTACIO X CAJU (VIA SAO CRISTOVAO) - CIRCULAR,Fetranspor,330,17558653,"-22.8896","-43.2175"
209,209-ESTACIO X CAJU (VIA SAO CRISTOVAO) - CIRCULAR,Fetranspor,331,17558653,"-22.8898","-43.2173"
209,209-ESTACIO X CAJU (VIA SAO CRISTOVAO) - CIRCULAR,Fetranspor,332,17558653,"-22.89","-43.2172"
209,209-ESTACIO X CAJU (VIA SAO CRISTOVAO) - CIRCULAR,Fetranspor,333,17558653,"-22.89","-43.2172"
209,209-ESTACIO X CAJU (VIA SAO CRISTOVAO) - CIRCULAR,Fetranspor,334,17558653,"-22.8913","-43.2166"
209,209-ESTACIO X CAJU (VIA SAO CRISTOVAO) - CIRCULAR,Fetranspor,335,17558653,"-22.8913","-43.2166"
209,209-ESTACIO X CAJU (VIA SAO CRISTOVAO) - CIRCULAR,Fetranspor,336,17558653,"-22.8923","-43.2161"
209,209-ESTACIO X CAJU (VIA SAO CRISTOVAO) - CIRCULAR,Fetranspor,337,17558653,"-22.8923","-43.2161"
209,209-ESTACIO X CAJU (VIA SAO CRISTOVAO) - CIRCULAR,Fetranspor,338,17558653,"-22.8929","-43.2158"
209,209-ESTACIO X CAJU (VIA SAO CRISTOVAO) - CIRCULAR,Fetranspor,339,17558653,"-22.8935","-43.2156"
209,209-ESTACIO X CAJU (VIA SAO CRISTOVAO) - CIRCULAR,Fetranspor,340,17558653,"-22.8942","-43.2152"
209,209-ESTACIO X CAJU (VIA SAO CRISTOVAO) - CIRCULAR,Fetranspor,341,17558653,"-22.8942","-43.2152"
209,209-ESTACIO X CAJU (VIA SAO CRISTOVAO) - CIRCULAR,Fetranspor,342,17558653,"-22.8947","-43.215"
209,209-ESTACIO X CAJU (VIA SAO CRISTOVAO) - CIRCULAR,Fetranspor,343,17558653,"-22.8947","-43.215"
209,209-ESTACIO X CAJU (VIA SAO CRISTOVAO) - CIRCULAR,Fetranspor,344,17558653,"-22.8954","-43.2147"
209,209-ESTACIO X CAJU (VIA SAO CRISTOVAO) - CIRCULAR,Fetranspor,345,17558653,"-22.8955","-43.2146"
209,209-ESTACIO X CAJU (VIA SAO CRISTOVAO) - CIRCULAR,Fetranspor,346,17558653,"-22.8957","-43.2145"
209,209-ESTACIO X CAJU (VIA SAO CRISTOVAO) - CIRCULAR,Fetranspor,347,17558653,"-22.8957","-43.2145"
209,209-ESTACIO X CAJU (VIA SAO CRISTOVAO) - CIRCULAR,Fetranspor,348,17558653,"-22.8958","-43.2143"
209,209-ESTACIO X CAJU (VIA SAO CRISTOVAO) - CIRCULAR,Fetranspor,349,17558653,"-22.8959","-43.2142"
209,209-ESTACIO X CAJU (VIA SAO CRISTOVAO) - CIRCULAR,Fetranspor,350,17558653,"-22.896","-43.2141"
209,209-ESTACIO X CAJU (VIA SAO CRISTOVAO) - CIRCULAR,Fetranspor,351,17558653,"-22.8966","-43.2133"
209,209-ESTACIO X CAJU (VIA SAO CRISTOVAO) - CIRCULAR,Fetranspor,352,17558653,"-22.8966","-43.2133"
209,209-ESTACIO X CAJU (VIA SAO CRISTOVAO) - CIRCULAR,Fetranspor,353,17558653,"-22.8966","-43.2133"
209,209-ESTACIO X CAJU (VIA SAO CRISTOVAO) - CIRCULAR,Fetranspor,354,17558653,"-22.8966","-43.2132"
209,209-ESTACIO X CAJU (VIA SAO CRISTOVAO) - CIRCULAR,Fetranspor,355,17558653,"-22.8966","-43.2131"
209,209-ESTACIO X CAJU (VIA SAO CRISTOVAO) - CIRCULAR,Fetranspor,356,17558653,"-22.8966","-43.213"
209,209-ESTACIO X CAJU (VIA SAO CRISTOVAO) - CIRCULAR,Fetranspor,357,17558653,"-22.8965","-43.213"
209,209-ESTACIO X CAJU (VIA SAO CRISTOVAO) - CIRCULAR,Fetranspor,358,17558653,"-22.8965","-43.213"
209,209-ESTACIO X CAJU (VIA SAO CRISTOVAO) - CIRCULAR,Fetranspor,359,17558653,"-22.8965","-43.2129"
209,209-ESTACIO X CAJU (VIA SAO CRISTOVAO) - CIRCULAR,Fetranspor,360,17558653,"-22.8964","-43.2129"
209,209-ESTACIO X CAJU (VIA SAO CRISTOVAO) - CIRCULAR,Fetranspor,361,17558653,"-22.8963","-43.2129"
209,209-ESTACIO X CAJU (VIA SAO CRISTOVAO) - CIRCULAR,Fetranspor,362,17558653,"-22.8963","-43.2129"
209,209-ESTACIO X CAJU (VIA SAO CRISTOVAO) - CIRCULAR,Fetranspor,363,17558653,"-22.8942","-43.2139"
209,209-ESTACIO X CAJU (VIA SAO CRISTOVAO) - CIRCULAR,Fetranspor,364,17558653,"-22.8942","-43.2139"
209,209-ESTACIO X CAJU (VIA SAO CRISTOVAO) - CIRCULAR,Fetranspor,365,17558653,"-22.8937","-43.2142"
209,209-ESTACIO X CAJU (VIA SAO CRISTOVAO) - CIRCULAR,Fetranspor,366,17558653,"-22.8937","-43.2142"
209,209-ESTACIO X CAJU (VIA SAO CRISTOVAO) - CIRCULAR,Fetranspor,367,17558653,"-22.8929","-43.2143"
209,209-ESTACIO X CAJU (VIA SAO CRISTOVAO) - CIRCULAR,Fetranspor,368,17558653,"-22.8925","-43.2144"
209,209-ESTACIO X CAJU (VIA SAO CRISTOVAO) - CIRCULAR,Fetranspor,369,17558653,"-22.8923","-43.2145"
209,209-ESTACIO X CAJU (VIA SAO CRISTOVAO) - CIRCULAR,Fetranspor,370,17558653,"-22.8923","-43.2145"
209,209-ESTACIO X CAJU (VIA SAO CRISTOVAO) - CIRCULAR,Fetranspor,371,17558653,"-22.8892","-43.216"
209,209-ESTACIO X CAJU (VIA SAO CRISTOVAO) - CIRCULAR,Fetranspor,372,17558653,"-22.8891","-43.2161"
209,209-ESTACIO X CAJU (VIA SAO CRISTOVAO) - CIRCULAR,Fetranspor,373,17558653,"-22.8891","-43.2161"
209,209-ESTACIO X CAJU (VIA SAO CRISTOVAO) - CIRCULAR,Fetranspor,374,17558653,"-22.8891","-43.2162"
209,209-ESTACIO X CAJU (VIA SAO CRISTOVAO) - CIRCULAR,Fetranspor,375,17558653,"-22.8888","-43.2171"
209,209-ESTACIO X CAJU (VIA SAO CRISTOVAO) - CIRCULAR,Fetranspor,376,17558653,"-22.8887","-43.2173"
209,209-ESTACIO X CAJU (VIA SAO CRISTOVAO) - CIRCULAR,Fetranspor,377,17558653,"-22.8887","-43.2174"
209,209-ESTACIO X CAJU (VIA SAO CRISTOVAO) - CIRCULAR,Fetranspor,378,17558653,"-22.8887","-43.2176"
209,209-ESTACIO X CAJU (VIA SAO CRISTOVAO) - CIRCULAR,Fetranspor,379,17558653,"-22.8887","-43.2178"
209,209-ESTACIO X CAJU (VIA SAO CRISTOVAO) - CIRCULAR,Fetranspor,380,17558653,"-22.8886","-43.2187"
209,209-ESTACIO X CAJU (VIA SAO CRISTOVAO) - CIRCULAR,Fetranspor,381,17558653,"-22.8886","-43.2193"
209,209-ESTACIO X CAJU (VIA SAO CRISTOVAO) - CIRCULAR,Fetranspor,382,17558653,"-22.8886","-43.2193"
209,209-ESTACIO X CAJU (VIA SAO CRISTOVAO) - CIRCULAR,Fetranspor,383,17558653,"-22.8886","-43.2193"
209,209-ESTACIO X CAJU (VIA SAO CRISTOVAO) - CIRCULAR,Fetranspor,384,17558653,"-22.8886","-43.2193"
209,209-ESTACIO X CAJU (VIA SAO CRISTOVAO) - CIRCULAR,Fetranspor,385,17558653,"-22.8874","-43.2193"
209,209-ESTACIO X CAJU (VIA SAO CRISTOVAO) - CIRCULAR,Fetranspor,386,17558653,"-22.8852","-43.2192"
209,209-ESTACIO X CAJU (VIA SAO CRISTOVAO) - CIRCULAR,Fetranspor,387,17558653,"-22.885","-43.2192"
209,209-ESTACIO X CAJU (VIA SAO CRISTOVAO) - CIRCULAR,Fetranspor,388,17558653,"-22.8845","-43.2191"
209,209-ESTACIO X CAJU (VIA SAO CRISTOVAO) - CIRCULAR,Fetranspor,389,17558653,"-22.8842","-43.219"
209,209-ESTACIO X CAJU (VIA SAO CRISTOVAO) - CIRCULAR,Fetranspor,390,17558653,"-22.8841","-43.219"
209,209-ESTACIO X CAJU (VIA SAO CRISTOVAO) - CIRCULAR,Fetranspor,391,17558653,"-22.8834","-43.2186"
209,209-ESTACIO X CAJU (VIA SAO CRISTOVAO) - CIRCULAR,Fetranspor,392,17558653,"-22.8825","-43.2182"
209,209-ESTACIO X CAJU (VIA SAO CRISTOVAO) - CIRCULAR,Fetranspor,393,17558653,"-22.8819","-43.2179"
209,209-ESTACIO X CAJU (VIA SAO CRISTOVAO) - CIRCULAR,Fetranspor,394,17558653,"-22.8817","-43.2177"
209,209-ESTACIO X CAJU (VIA SAO CRISTOVAO) - CIRCULAR,Fetranspor,395,17558653,"-22.8816","-43.2177"
209,209-ESTACIO X CAJU (VIA SAO CRISTOVAO) - CIRCULAR,Fetranspor,396,17558653,"-22.8816","-43.2177"
209,209-ESTACIO X CAJU (VIA SAO CRISTOVAO) - CIRCULAR,Fetranspor,397,17558653,"-22.8814","-43.2176"
209,209-ESTACIO X CAJU (VIA SAO CRISTOVAO) - CIRCULAR,Fetranspor,398,17558653,"-22.8809","-43.2172"
209,209-ESTACIO X CAJU (VIA SAO CRISTOVAO) - CIRCULAR,Fetranspor,399,17558653,"-22.8806","-43.217"
209,209-ESTACIO X CAJU (VIA SAO CRISTOVAO) - CIRCULAR,Fetranspor,400,17558653,"-22.88","-43.2165"
209,209-ESTACIO X CAJU (VIA SAO CRISTOVAO) - CIRCULAR,Fetranspor,401,17558653,"-22.88","-43.2165"
209,209-ESTACIO X CAJU (VIA SAO CRISTOVAO) - CIRCULAR,Fetranspor,402,17558653,"-22.8799","-43.2164"
209,209-ESTACIO X CAJU (VIA SAO CRISTOVAO) - CIRCULAR,Fetranspor,403,17558653,"-22.8798","-43.2163"
209,209-ESTACIO X CAJU (VIA SAO CRISTOVAO) - CIRCULAR,Fetranspor,404,17558653,"-22.8796","-43.2162"
209,209-ESTACIO X CAJU (VIA SAO CRISTOVAO) - CIRCULAR,Fetranspor,405,17558653,"-22.8795","-43.2161"
209,209-ESTACIO X CAJU (VIA SAO CRISTOVAO) - CIRCULAR,Fetranspor,406,17558653,"-22.8793","-43.2159"
209,209-ESTACIO X CAJU (VIA SAO CRISTOVAO) - CIRCULAR,Fetranspor,407,17558653,"-22.8791","-43.2156"
209,209-ESTACIO X CAJU (VIA SAO CRISTOVAO) - CIRCULAR,Fetranspor,408,17558653,"-22.8791","-43.2156"
209,209-ESTACIO X CAJU (VIA SAO CRISTOVAO) - CIRCULAR,Fetranspor,409,17558653,"-22.8783","-43.2159"
209,209-ESTACIO X CAJU (VIA SAO CRISTOVAO) - CIRCULAR,Fetranspor,410,17558653,"-22.8783","-43.2159"
209,209-ESTACIO X CAJU (VIA SAO CRISTOVAO) - CIRCULAR,Fetranspor,411,17558653,"-22.8779","-43.216"
209,209-ESTACIO X CAJU (VIA SAO CRISTOVAO) - CIRCULAR,Fetranspor,412,17558653,"-22.8776","-43.2161"
209,209-ESTACIO X CAJU (VIA SAO CRISTOVAO) - CIRCULAR,Fetranspor,413,17558653,"-22.8776","-43.2161"
209,209-ESTACIO X CAJU (VIA SAO CRISTOVAO) - CIRCULAR,Fetranspor,414,17558653,"-22.8776","-43.2161"
209,209-ESTACIO X CAJU (VIA SAO CRISTOVAO) - CIRCULAR,Fetranspor,415,17558653,"-22.8773","-43.2164"
209,209-ESTACIO X CAJU (VIA SAO CRISTOVAO) - CIRCULAR,Fetranspor,416,17558653,"-22.8773","-43.2164"
209,209-ESTACIO X CAJU (VIA SAO CRISTOVAO) - CIRCULAR,Fetranspor,417,17558653,"-22.8773","-43.2166"
209,209-ESTACIO X CAJU (VIA SAO CRISTOVAO) - CIRCULAR,Fetranspor,418,17558653,"-22.8773","-43.2169"
209,209-ESTACIO X CAJU (VIA SAO CRISTOVAO) - CIRCULAR,Fetranspor,419,17558653,"-22.8773","-43.2172"
209,209-ESTACIO X CAJU (VIA SAO CRISTOVAO) - CIRCULAR,Fetranspor,420,17558653,"-22.8773","-43.2174"
209,209-ESTACIO X CAJU (VIA SAO CRISTOVAO) - CIRCULAR,Fetranspor,421,17558653,"-22.8773","-43.2174"
209,209-ESTACIO X CAJU (VIA SAO CRISTOVAO) - CIRCULAR,Fetranspor,422,17558653,"-22.8773","-43.2176"
209,209-ESTACIO X CAJU (VIA SAO CRISTOVAO) - CIRCULAR,Fetranspor,423,17558653,"-22.8773","-43.2177"
209,209-ESTACIO X CAJU (VIA SAO CRISTOVAO) - CIRCULAR,Fetranspor,424,17558653,"-22.8772","-43.2178"
209,209-ESTACIO X CAJU (VIA SAO CRISTOVAO) - CIRCULAR,Fetranspor,425,17558653,"-22.8769","-43.2186"
209,209-ESTACIO X CAJU (VIA SAO CRISTOVAO) - CIRCULAR,Fetranspor,426,17558653,"-22.8767","-43.219"
209,209-ESTACIO X CAJU (VIA SAO CRISTOVAO) - CIRCULAR,Fetranspor,427,17558653,"-22.8766","-43.2192"
209,209-ESTACIO X CAJU (VIA SAO CRISTOVAO) - CIRCULAR,Fetranspor,428,17558653,"-22.8764","-43.2194"
209,209-ESTACIO X CAJU (VIA SAO CRISTOVAO) - CIRCULAR,Fetranspor,429,17558653,"-22.8762","-43.2197"
209,209-ESTACIO X CAJU (VIA SAO CRISTOVAO) - CIRCULAR,Fetranspor,430,17558653,"-22.8758","-43.2203"
209,209-ESTACIO X CAJU (VIA SAO CRISTOVAO) - CIRCULAR,Fetranspor,431,17558653,"-22.8755","-43.2206"
209,209-ESTACIO X CAJU (VIA SAO CRISTOVAO) - CIRCULAR,Fetranspor,432,17558653,"-22.8753","-43.2209"
209,209-ESTACIO X CAJU (VIA SAO CRISTOVAO) - CIRCULAR,Fetranspor,433,17558653,"-22.8752","-43.221"
209,209-ESTACIO X CAJU (VIA SAO CRISTOVAO) - CIRCULAR,Fetranspor,434,17558653,"-22.8752","-43.2211"
209,209-ESTACIO X CAJU (VIA SAO CRISTOVAO) - CIRCULAR,Fetranspor,435,17558653,"-22.8752","-43.2211"
209,209-ESTACIO X CAJU (VIA SAO CRISTOVAO) - CIRCULAR,Fetranspor,436,17558653,"-22.8752","-43.2212"
209,209-ESTACIO X CAJU (VIA SAO CRISTOVAO) - CIRCULAR,Fetranspor,437,17558653,"-22.8752","-43.2213"
209,209-ESTACIO X CAJU (VIA SAO CRISTOVAO) - CIRCULAR,Fetranspor,438,17558653,"-22.8758","-43.2229"
209,209-ESTACIO X CAJU (VIA SAO CRISTOVAO) - CIRCULAR,Fetranspor,439,17558653,"-22.8758","-43.2229"
209,209-ESTACIO X CAJU (VIA SAO CRISTOVAO) - CIRCULAR,Fetranspor,440,17558653,"-22.876","-43.2235"
209,209-ESTACIO X CAJU (VIA SAO CRISTOVAO) - CIRCULAR,Fetranspor,441,17558653,"-22.8761","-43.2235"
209,209-ESTACIO X CAJU (VIA SAO CRISTOVAO) - CIRCULAR,Fetranspor,442,17558653,"-22.8761","-43.2236"
209,209-ESTACIO X CAJU (VIA SAO CRISTOVAO) - CIRCULAR,Fetranspor,443,17558653,"-22.8762","-43.2236"
209,209-ESTACIO X CAJU (VIA SAO CRISTOVAO) - CIRCULAR,Fetranspor,444,17558653,"-22.8763","-43.2236"
209,209-ESTACIO X CAJU (VIA SAO CRISTOVAO) - CIRCULAR,Fetranspor,445,17558653,"-22.8763","-43.2236"
209,209-ESTACIO X CAJU (VIA SAO CRISTOVAO) - CIRCULAR,Fetranspor,446,17558653,"-22.8765","-43.2237"
209,209-ESTACIO X CAJU (VIA SAO CRISTOVAO) - CIRCULAR,Fetranspor,447,17558653,"-22.8765","-43.2237"
209,209-ESTACIO X CAJU (VIA SAO CRISTOVAO) - CIRCULAR,Fetranspor,448,17558653,"-22.8769","-43.2237"
209,209-ESTACIO X CAJU (VIA SAO CRISTOVAO) - CIRCULAR,Fetranspor,449,17558653,"-22.8772","-43.2238"
209,209-ESTACIO X CAJU (VIA SAO CRISTOVAO) - CIRCULAR,Fetranspor,450,17558653,"-22.8774","-43.2238"
209,209-ESTACIO X CAJU (VIA SAO CRISTOVAO) - CIRCULAR,Fetranspor,451,17558653,"-22.8787","-43.2244"
209,209-ESTACIO X CAJU (VIA SAO CRISTOVAO) - CIRCULAR,Fetranspor,452,17558653,"-22.8789","-43.2245"
209,209-ESTACIO X CAJU (VIA SAO CRISTOVAO) - CIRCULAR,Fetranspor,453,17558653,"-22.8789","-43.2245"
209,209-ESTACIO X CAJU (VIA SAO CRISTOVAO) - CIRCULAR,Fetranspor,454,17558653,"-22.8792","-43.2246"
209,209-ESTACIO X CAJU (VIA SAO CRISTOVAO) - CIRCULAR,Fetranspor,455,17558653,"-22.8793","-43.2246"
209,209-ESTACIO X CAJU (VIA SAO CRISTOVAO) - CIRCULAR,Fetranspor,456,17558653,"-22.8796","-43.2247"
209,209-ESTACIO X CAJU (VIA SAO CRISTOVAO) - CIRCULAR,Fetranspor,457,17558653,"-22.8796","-43.2247"
209,209-ESTACIO X CAJU (VIA SAO CRISTOVAO) - CIRCULAR,Fetranspor,458,17558653,"-22.88","-43.2248"
209,209-ESTACIO X CAJU (VIA SAO CRISTOVAO) - CIRCULAR,Fetranspor,459,17558653,"-22.8801","-43.2248"
209,209-ESTACIO X CAJU (VIA SAO CRISTOVAO) - CIRCULAR,Fetranspor,460,17558653,"-22.8801","-43.2248"
209,209-ESTACIO X CAJU (VIA SAO CRISTOVAO) - CIRCULAR,Fetranspor,461,17558653,"-22.8802","-43.2248"
209,209-ESTACIO X CAJU (VIA SAO CRISTOVAO) - CIRCULAR,Fetranspor,462,17558653,"-22.8803","-43.2248"
209,209-ESTACIO X CAJU (VIA SAO CRISTOVAO) - CIRCULAR,Fetranspor,463,17558653,"-22.8803","-43.2248"
209,209-ESTACIO X CAJU (VIA SAO CRISTOVAO) - CIRCULAR,Fetranspor,464,17558653,"-22.8804","-43.2248"
209,209-ESTACIO X CAJU (VIA SAO CRISTOVAO) - CIRCULAR,Fetranspor,465,17558653,"-22.8804","-43.2248"
209,209-ESTACIO X CAJU (VIA SAO CRISTOVAO) - CIRCULAR,Fetranspor,466,17558653,"-22.8808","-43.2248"
209,209-ESTACIO X CAJU (VIA SAO CRISTOVAO) - CIRCULAR,Fetranspor,467,17558653,"-22.8813","-43.2247"
209,209-ESTACIO X CAJU (VIA SAO CRISTOVAO) - CIRCULAR,Fetranspor,468,17558653,"-22.8814","-43.2247"
209,209-ESTACIO X CAJU (VIA SAO CRISTOVAO) - CIRCULAR,Fetranspor,469,17558653,"-22.8816","-43.2247"
209,209-ESTACIO X CAJU (VIA SAO CRISTOVAO) - CIRCULAR,Fetranspor,470,17558653,"-22.8817","-43.2247"
209,209-ESTACIO X CAJU (VIA SAO CRISTOVAO) - CIRCULAR,Fetranspor,471,17558653,"-22.8819","-43.2248"
209,209-ESTACIO X CAJU (VIA SAO CRISTOVAO) - CIRCULAR,Fetranspor,472,17558653,"-22.8827","-43.2251"
209,209-ESTACIO X CAJU (VIA SAO CRISTOVAO) - CIRCULAR,Fetranspor,473,17558653,"-22.8828","-43.2252"
209,209-ESTACIO X CAJU (VIA SAO CRISTOVAO) - CIRCULAR,Fetranspor,474,17558653,"-22.8828","-43.2252"
209,209-ESTACIO X CAJU (VIA SAO CRISTOVAO) - CIRCULAR,Fetranspor,475,17558653,"-22.8832","-43.2256"
209,209-ESTACIO X CAJU (VIA SAO CRISTOVAO) - CIRCULAR,Fetranspor,476,17558653,"-22.8832","-43.2256"
209,209-ESTACIO X CAJU (VIA SAO CRISTOVAO) - CIRCULAR,Fetranspor,477,17558653,"-22.8845","-43.2272"
209,209-ESTACIO X CAJU (VIA SAO CRISTOVAO) - CIRCULAR,Fetranspor,0,17574166,"-22.8847","-43.2275"
209,209-ESTACIO X CAJU (VIA SAO CRISTOVAO) - CIRCULAR,Fetranspor,1,17574166,"-22.8847","-43.2276"
209,209-ESTACIO X CAJU (VIA SAO CRISTOVAO) - CIRCULAR,Fetranspor,2,17574166,"-22.8847","-43.2276"
209,209-ESTACIO X CAJU (VIA SAO CRISTOVAO) - CIRCULAR,Fetranspor,3,17574166,"-22.8847","-43.2278"
209,209-ESTACIO X CAJU (VIA SAO CRISTOVAO) - CIRCULAR,Fetranspor,4,17574166,"-22.8847","-43.2279"
209,209-ESTACIO X CAJU (VIA SAO CRISTOVAO) - CIRCULAR,Fetranspor,5,17574166,"-22.8848","-43.228"
209,209-ESTACIO X CAJU (VIA SAO CRISTOVAO) - CIRCULAR,Fetranspor,6,17574166,"-22.8848","-43.2281"
209,209-ESTACIO X CAJU (VIA SAO CRISTOVAO) - CIRCULAR,Fetranspor,7,17574166,"-22.8848","-43.2281"
209,209-ESTACIO X CAJU (VIA SAO CRISTOVAO) - CIRCULAR,Fetranspor,8,17574166,"-22.8849","-43.2283"
209,209-ESTACIO X CAJU (VIA SAO CRISTOVAO) - CIRCULAR,Fetranspor,9,17574166,"-22.885","-43.2285"
209,209-ESTACIO X CAJU (VIA SAO CRISTOVAO) - CIRCULAR,Fetranspor,10,17574166,"-22.8851","-43.2286"
209,209-ESTACIO X CAJU (VIA SAO CRISTOVAO) - CIRCULAR,Fetranspor,11,17574166,"-22.8853","-43.2288"
209,209-ESTACIO X CAJU (VIA SAO CRISTOVAO) - CIRCULAR,Fetranspor,12,17574166,"-22.8853","-43.2288"
209,209-ESTACIO X CAJU (VIA SAO CRISTOVAO) - CIRCULAR,Fetranspor,13,17574166,"-22.8855","-43.2291"
209,209-ESTACIO X CAJU (VIA SAO CRISTOVAO) - CIRCULAR,Fetranspor,14,17574166,"-22.8855","-43.2291"
209,209-ESTACIO X CAJU (VIA SAO CRISTOVAO) - CIRCULAR,Fetranspor,15,17574166,"-22.8864","-43.2302"
209,209-ESTACIO X CAJU (VIA SAO CRISTOVAO) - CIRCULAR,Fetranspor,16,17574166,"-22.8864","-43.2303"
209,209-ESTACIO X CAJU (VIA SAO CRISTOVAO) - CIRCULAR,Fetranspor,17,17574166,"-22.8865","-43.2304"
209,209-ESTACIO X CAJU (VIA SAO CRISTOVAO) - CIRCULAR,Fetranspor,18,17574166,"-22.8865","-43.2304"
209,209-ESTACIO X CAJU (VIA SAO CRISTOVAO) - CIRCULAR,Fetranspor,19,17574166,"-22.8866","-43.2307"
209,209-ESTACIO X CAJU (VIA SAO CRISTOVAO) - CIRCULAR,Fetranspor,20,17574166,"-22.8866","-43.2308"
209,209-ESTACIO X CAJU (VIA SAO CRISTOVAO) - CIRCULAR,Fetranspor,21,17574166,"-22.8865","-43.231"
209,209-ESTACIO X CAJU (VIA SAO CRISTOVAO) - CIRCULAR,Fetranspor,22,17574166,"-22.8864","-43.2313"
209,209-ESTACIO X CAJU (VIA SAO CRISTOVAO) - CIRCULAR,Fetranspor,23,17574166,"-22.8863","-43.2318"
209,209-ESTACIO X CAJU (VIA SAO CRISTOVAO) - CIRCULAR,Fetranspor,24,17574166,"-22.8863","-43.2319"
209,209-ESTACIO X CAJU (VIA SAO CRISTOVAO) - CIRCULAR,Fetranspor,25,17574166,"-22.8863","-43.2321"
209,209-ESTACIO X CAJU (VIA SAO CRISTOVAO) - CIRCULAR,Fetranspor,26,17574166,"-22.8863","-43.2322"
209,209-ESTACIO X CAJU (VIA SAO CRISTOVAO) - CIRCULAR,Fetranspor,27,17574166,"-22.8864","-43.2322"
209,209-ESTACIO X CAJU (VIA SAO CRISTOVAO) - CIRCULAR,Fetranspor,28,17574166,"-22.8864","-43.2323"
209,209-ESTACIO X CAJU (VIA SAO CRISTOVAO) - CIRCULAR,Fetranspor,29,17574166,"-22.8865","-43.2324"
209,209-ESTACIO X CAJU (VIA SAO CRISTOVAO) - CIRCULAR,Fetranspor,30,17574166,"-22.8867","-43.2325"
209,209-ESTACIO X CAJU (VIA SAO CRISTOVAO) - CIRCULAR,Fetranspor,31,17574166,"-22.8868","-43.2325"
209,209-ESTACIO X CAJU (VIA SAO CRISTOVAO) - CIRCULAR,Fetranspor,32,17574166,"-22.8876","-43.2327"
209,209-ESTACIO X CAJU (VIA SAO CRISTOVAO) - CIRCULAR,Fetranspor,33,17574166,"-22.8877","-43.2327"
209,209-ESTACIO X CAJU (VIA SAO CRISTOVAO) - CIRCULAR,Fetranspor,34,17574166,"-22.8878","-43.2327"
209,209-ESTACIO X CAJU (VIA SAO CRISTOVAO) - CIRCULAR,Fetranspor,35,17574166,"-22.8879","-43.2328"
209,209-ESTACIO X CAJU (VIA SAO CRISTOVAO) - CIRCULAR,Fetranspor,36,17574166,"-22.888","-43.2329"
209,209-ESTACIO X CAJU (VIA SAO CRISTOVAO) - CIRCULAR,Fetranspor,37,17574166,"-22.888","-43.233"
209,209-ESTACIO X CAJU (VIA SAO CRISTOVAO) - CIRCULAR,Fetranspor,38,17574166,"-22.888","-43.233"
209,209-ESTACIO X CAJU (VIA SAO CRISTOVAO) - CIRCULAR,Fetranspor,39,17574166,"-22.8884","-43.2335"
209,209-ESTACIO X CAJU (VIA SAO CRISTOVAO) - CIRCULAR,Fetranspor,40,17574166,"-22.8884","-43.2335"
209,209-ESTACIO X CAJU (VIA SAO CRISTOVAO) - CIRCULAR,Fetranspor,41,17574166,"-22.8884","-43.2335"
209,209-ESTACIO X CAJU (VIA SAO CRISTOVAO) - CIRCULAR,Fetranspor,42,17574166,"-22.8884","-43.2336"
209,209-ESTACIO X CAJU (VIA SAO CRISTOVAO) - CIRCULAR,Fetranspor,43,17574166,"-22.8884","-43.2336"
209,209-ESTACIO X CAJU (VIA SAO CRISTOVAO) - CIRCULAR,Fetranspor,44,17574166,"-22.8884","-43.2337"
209,209-ESTACIO X CAJU (VIA SAO CRISTOVAO) - CIRCULAR,Fetranspor,45,17574166,"-22.8884","-43.2338"
209,209-ESTACIO X CAJU (VIA SAO CRISTOVAO) - CIRCULAR,Fetranspor,46,17574166,"-22.8883","-43.2339"
209,209-ESTACIO X CAJU (VIA SAO CRISTOVAO) - CIRCULAR,Fetranspor,47,17574166,"-22.8881","-43.234"
209,209-ESTACIO X CAJU (VIA SAO CRISTOVAO) - CIRCULAR,Fetranspor,48,17574166,"-22.888","-43.2342"
209,209-ESTACIO X CAJU (VIA SAO CRISTOVAO) - CIRCULAR,Fetranspor,49,17574166,"-22.8879","-43.2342"
209,209-ESTACIO X CAJU (VIA SAO CRISTOVAO) - CIRCULAR,Fetranspor,50,17574166,"-22.8879","-43.2342"
209,209-ESTACIO X CAJU (VIA SAO CRISTOVAO) - CIRCULAR,Fetranspor,51,17574166,"-22.8878","-43.2342"
209,209-ESTACIO X CAJU (VIA SAO CRISTOVAO) - CIRCULAR,Fetranspor,52,17574166,"-22.8878","-43.2343"
209,209-ESTACIO X CAJU (VIA SAO CRISTOVAO) - CIRCULAR,Fetranspor,53,17574166,"-22.8877","-43.2342"
209,209-ESTACIO X CAJU (VIA SAO CRISTOVAO) - CIRCULAR,Fetranspor,54,17574166,"-22.8877","-43.2342"
209,209-ESTACIO X CAJU (VIA SAO CRISTOVAO) - CIRCULAR,Fetranspor,55,17574166,"-22.8876","-43.2342"
209,209-ESTACIO X CAJU (VIA SAO CRISTOVAO) - CIRCULAR,Fetranspor,56,17574166,"-22.8871","-43.2336"
209,209-ESTACIO X CAJU (VIA SAO CRISTOVAO) - CIRCULAR,Fetranspor,57,17574166,"-22.8871","-43.2335"
209,209-ESTACIO X CAJU (VIA SAO CRISTOVAO) - CIRCULAR,Fetranspor,58,17574166,"-22.8871","-43.2334"
209,209-ESTACIO X CAJU (VIA SAO CRISTOVAO) - CIRCULAR,Fetranspor,59,17574166,"-22.8871","-43.2332"
209,209-ESTACIO X CAJU (VIA SAO CRISTOVAO) - CIRCULAR,Fetranspor,60,17574166,"-22.8871","-43.2332"
209,209-ESTACIO X CAJU (VIA SAO CRISTOVAO) - CIRCULAR,Fetranspor,61,17574166,"-22.8872","-43.233"
209,209-ESTACIO X CAJU (VIA SAO CRISTOVAO) - CIRCULAR,Fetranspor,62,17574166,"-22.8872","-43.2327"
209,209-ESTACIO X CAJU (VIA SAO CRISTOVAO) - CIRCULAR,Fetranspor,63,17574166,"-22.8873","-43.2324"
209,209-ESTACIO X CAJU (VIA SAO CRISTOVAO) - CIRCULAR,Fetranspor,64,17574166,"-22.8873","-43.2322"
209,209-ESTACIO X CAJU (VIA SAO CRISTOVAO) - CIRCULAR,Fetranspor,65,17574166,"-22.8873","-43.232"
209,209-ESTACIO X CAJU (VIA SAO CRISTOVAO) - CIRCULAR,Fetranspor,66,17574166,"-22.8873","-43.2317"
209,209-ESTACIO X CAJU (VIA SAO CRISTOVAO) - CIRCULAR,Fetranspor,67,17574166,"-22.8873","-43.2313"
209,209-ESTACIO X CAJU (VIA SAO CRISTOVAO) - CIRCULAR,Fetranspor,68,17574166,"-22.8872","-43.2311"
209,209-ESTACIO X CAJU (VIA SAO CRISTOVAO) - CIRCULAR,Fetranspor,69,17574166,"-22.8872","-43.2311"
209,209-ESTACIO X CAJU (VIA SAO CRISTOVAO) - CIRCULAR,Fetranspor,70,17574166,"-22.8872","-43.231"
209,209-ESTACIO X CAJU (VIA SAO CRISTOVAO) - CIRCULAR,Fetranspor,71,17574166,"-22.8871","-43.2307"
209,209-ESTACIO X CAJU (VIA SAO CRISTOVAO) - CIRCULAR,Fetranspor,72,17574166,"-22.8871","-43.2305"
209,209-ESTACIO X CAJU (VIA SAO CRISTOVAO) - CIRCULAR,Fetranspor,73,17574166,"-22.887","-43.2303"
209,209-ESTACIO X CAJU (VIA SAO CRISTOVAO) - CIRCULAR,Fetranspor,74,17574166,"-22.8868","-43.2301"
209,209-ESTACIO X CAJU (VIA SAO CRISTOVAO) - CIRCULAR,Fetranspor,75,17574166,"-22.8866","-43.2298"
209,209-ESTACIO X CAJU (VIA SAO CRISTOVAO) - CIRCULAR,Fetranspor,76,17574166,"-22.8866","-43.2298"
209,209-ESTACIO X CAJU (VIA SAO CRISTOVAO) - CIRCULAR,Fetranspor,77,17574166,"-22.8866","-43.2297"
209,209-ESTACIO X CAJU (VIA SAO CRISTOVAO) - CIRCULAR,Fetranspor,78,17574166,"-22.8862","-43.2293"
209,209-ESTACIO X CAJU (VIA SAO CRISTOVAO) - CIRCULAR,Fetranspor,79,17574166,"-22.8858","-43.2288"
209,209-ESTACIO X CAJU (VIA SAO CRISTOVAO) - CIRCULAR,Fetranspor,80,17574166,"-22.8858","-43.2288"
209,209-ESTACIO X CAJU (VIA SAO CRISTOVAO) - CIRCULAR,Fetranspor,81,17574166,"-22.8856","-43.2285"
209,209-ESTACIO X CAJU (VIA SAO CRISTOVAO) - CIRCULAR,Fetranspor,82,17574166,"-22.8854","-43.2282"
209,209-ESTACIO X CAJU (VIA SAO CRISTOVAO) - CIRCULAR,Fetranspor,83,17574166,"-22.8853","-43.2281"
209,209-ESTACIO X CAJU (VIA SAO CRISTOVAO) - CIRCULAR,Fetranspor,84,17574166,"-22.8852","-43.2279"
209,209-ESTACIO X CAJU (VIA SAO CRISTOVAO) - CIRCULAR,Fetranspor,85,17574166,"-22.8852","-43.2279"
209,209-ESTACIO X CAJU (VIA SAO CRISTOVAO) - CIRCULAR,Fetranspor,86,17574166,"-22.8852","-43.2278"
209,209-ESTACIO X CAJU (VIA SAO CRISTOVAO) - CIRCULAR,Fetranspor,87,17574166,"-22.8851","-43.2276"
209,209-ESTACIO X CAJU (VIA SAO CRISTOVAO) - CIRCULAR,Fetranspor,88,17574166,"-22.8851","-43.2276"
209,209-ESTACIO X CAJU (VIA SAO CRISTOVAO) - CIRCULAR,Fetranspor,89,17574166,"-22.8852","-43.2274"
209,209-ESTACIO X CAJU (VIA SAO CRISTOVAO) - CIRCULAR,Fetranspor,90,17574166,"-22.8853","-43.2273"
209,209-ESTACIO X CAJU (VIA SAO CRISTOVAO) - CIRCULAR,Fetranspor,91,17574166,"-22.8854","-43.2272"
209,209-ESTACIO X CAJU (VIA SAO CRISTOVAO) - CIRCULAR,Fetranspor,92,17574166,"-22.8858","-43.2269"
209,209-ESTACIO X CAJU (VIA SAO CRISTOVAO) - CIRCULAR,Fetranspor,93,17574166,"-22.8861","-43.2267"
209,209-ESTACIO X CAJU (VIA SAO CRISTOVAO) - CIRCULAR,Fetranspor,94,17574166,"-22.8861","-43.2267"
209,209-ESTACIO X CAJU (VIA SAO CRISTOVAO) - CIRCULAR,Fetranspor,95,17574166,"-22.8863","-43.2265"
209,209-ESTACIO X CAJU (VIA SAO CRISTOVAO) - CIRCULAR,Fetranspor,96,17574166,"-22.8863","-43.2265"
209,209-ESTACIO X CAJU (VIA SAO CRISTOVAO) - CIRCULAR,Fetranspor,97,17574166,"-22.887","-43.2259"
209,209-ESTACIO X CAJU (VIA SAO CRISTOVAO) - CIRCULAR,Fetranspor,98,17574166,"-22.887","-43.2259"
209,209-ESTACIO X CAJU (VIA SAO CRISTOVAO) - CIRCULAR,Fetranspor,99,17574166,"-22.8878","-43.2253"
209,209-ESTACIO X CAJU (VIA SAO CRISTOVAO) - CIRCULAR,Fetranspor,100,17574166,"-22.8878","-43.2253"
209,209-ESTACIO X CAJU (VIA SAO CRISTOVAO) - CIRCULAR,Fetranspor,101,17574166,"-22.8879","-43.2253"
209,209-ESTACIO X CAJU (VIA SAO CRISTOVAO) - CIRCULAR,Fetranspor,102,17574166,"-22.888","-43.2255"
209,209-ESTACIO X CAJU (VIA SAO CRISTOVAO) - CIRCULAR,Fetranspor,103,17574166,"-22.888","-43.2255"
209,209-ESTACIO X CAJU (VIA SAO CRISTOVAO) - CIRCULAR,Fetranspor,104,17574166,"-22.8881","-43.2257"
209,209-ESTACIO X CAJU (VIA SAO CRISTOVAO) - CIRCULAR,Fetranspor,105,17574166,"-22.8881","-43.2257"
209,209-ESTACIO X CAJU (VIA SAO CRISTOVAO) - CIRCULAR,Fetranspor,106,17574166,"-22.8884","-43.2264"
209,209-ESTACIO X CAJU (VIA SAO CRISTOVAO) - CIRCULAR,Fetranspor,107,17574166,"-22.8884","-43.2264"
209,209-ESTACIO X CAJU (VIA SAO CRISTOVAO) - CIRCULAR,Fetranspor,108,17574166,"-22.8885","-43.2267"
209,209-ESTACIO X CAJU (VIA SAO CRISTOVAO) - CIRCULAR,Fetranspor,109,17574166,"-22.8886","-43.2268"
209,209-ESTACIO X CAJU (VIA SAO CRISTOVAO) - CIRCULAR,Fetranspor,110,17574166,"-22.8887","-43.227"
209,209-ESTACIO X CAJU (VIA SAO CRISTOVAO) - CIRCULAR,Fetranspor,111,17574166,"-22.8888","-43.2273"
209,209-ESTACIO X CAJU (VIA SAO CRISTOVAO) - CIRCULAR,Fetranspor,112,17574166,"-22.8888","-43.2273"
209,209-ESTACIO X CAJU (VIA SAO CRISTOVAO) - CIRCULAR,Fetranspor,113,17574166,"-22.8889","-43.2274"
209,209-ESTACIO X CAJU (VIA SAO CRISTOVAO) - CIRCULAR,Fetranspor,114,17574166,"-22.8889","-43.2274"
209,209-ESTACIO X CAJU (VIA SAO CRISTOVAO) - CIRCULAR,Fetranspor,115,17574166,"-22.8891","-43.2279"
209,209-ESTACIO X CAJU (VIA SAO CRISTOVAO) - CIRCULAR,Fetranspor,116,17574166,"-22.8891","-43.2279"
209,209-ESTACIO X CAJU (VIA SAO CRISTOVAO) - CIRCULAR,Fetranspor,117,17574166,"-22.8892","-43.228"
209,209-ESTACIO X CAJU (VIA SAO CRISTOVAO) - CIRCULAR,Fetranspor,118,17574166,"-22.8892","-43.228"
209,209-ESTACIO X CAJU (VIA SAO CRISTOVAO) - CIRCULAR,Fetranspor,119,17574166,"-22.8893","-43.2282"
209,209-ESTACIO X CAJU (VIA SAO CRISTOVAO) - CIRCULAR,Fetranspor,120,17574166,"-22.8893","-43.2282"
209,209-ESTACIO X CAJU (VIA SAO CRISTOVAO) - CIRCULAR,Fetranspor,121,17574166,"-22.8893","-43.2284"
209,209-ESTACIO X CAJU (VIA SAO CRISTOVAO) - CIRCULAR,Fetranspor,122,17574166,"-22.8893","-43.2284"
209,209-ESTACIO X CAJU (VIA SAO CRISTOVAO) - CIRCULAR,Fetranspor,123,17574166,"-22.8894","-43.2286"
209,209-ESTACIO X CAJU (VIA SAO CRISTOVAO) - CIRCULAR,Fetranspor,124,17574166,"-22.8894","-43.2286"
209,209-ESTACIO X CAJU (VIA SAO CRISTOVAO) - CIRCULAR,Fetranspor,125,17574166,"-22.8896","-43.2289"
209,209-ESTACIO X CAJU (VIA SAO CRISTOVAO) - CIRCULAR,Fetranspor,126,17574166,"-22.8896","-43.2289"
209,209-ESTACIO X CAJU (VIA SAO CRISTOVAO) - CIRCULAR,Fetranspor,127,17574166,"-22.8897","-43.2291"
209,209-ESTACIO X CAJU (VIA SAO CRISTOVAO) - CIRCULAR,Fetranspor,128,17574166,"-22.8897","-43.2292"
209,209-ESTACIO X CAJU (VIA SAO CRISTOVAO) - CIRCULAR,Fetranspor,129,17574166,"-22.8897","-43.2292"
209,209-ESTACIO X CAJU (VIA SAO CRISTOVAO) - CIRCULAR,Fetranspor,130,17574166,"-22.8898","-43.2293"
209,209-ESTACIO X CAJU (VIA SAO CRISTOVAO) - CIRCULAR,Fetranspor,131,17574166,"-22.8898","-43.2293"
209,209-ESTACIO X CAJU (VIA SAO CRISTOVAO) - CIRCULAR,Fetranspor,132,17574166,"-22.8901","-43.2293"
209,209-ESTACIO X CAJU (VIA SAO CRISTOVAO) - CIRCULAR,Fetranspor,133,17574166,"-22.8908","-43.2291"
209,209-ESTACIO X CAJU (VIA SAO CRISTOVAO) - CIRCULAR,Fetranspor,134,17574166,"-22.8909","-43.2291"
209,209-ESTACIO X CAJU (VIA SAO CRISTOVAO) - CIRCULAR,Fetranspor,135,17574166,"-22.8914","-43.229"
209,209-ESTACIO X CAJU (VIA SAO CRISTOVAO) - CIRCULAR,Fetranspor,136,17574166,"-22.8914","-43.229"
209,209-ESTACIO X CAJU (VIA SAO CRISTOVAO) - CIRCULAR,Fetranspor,137,17574166,"-22.892","-43.2289"
209,209-ESTACIO X CAJU (VIA SAO CRISTOVAO) - CIRCULAR,Fetranspor,138,17574166,"-22.8924","-43.2288"
209,209-ESTACIO X CAJU (VIA SAO CRISTOVAO) - CIRCULAR,Fetranspor,139,17574166,"-22.8924","-43.2288"
209,209-ESTACIO X CAJU (VIA SAO CRISTOVAO) - CIRCULAR,Fetranspor,140,17574166,"-22.8929","-43.2287"
209,209-ESTACIO X CAJU (VIA SAO CRISTOVAO) - CIRCULAR,Fetranspor,141,17574166,"-22.8929","-43.2287"
209,209-ESTACIO X CAJU (VIA SAO CRISTOVAO) - CIRCULAR,Fetranspor,142,17574166,"-22.8934","-43.2287"
209,209-ESTACIO X CAJU (VIA SAO CRISTOVAO) - CIRCULAR,Fetranspor,143,17574166,"-22.8936","-43.2287"
209,209-ESTACIO X CAJU (VIA SAO CRISTOVAO) - CIRCULAR,Fetranspor,144,17574166,"-22.8937","-43.2287"
209,209-ESTACIO X CAJU (VIA SAO CRISTOVAO) - CIRCULAR,Fetranspor,145,17574166,"-22.8937","-43.2287"
209,209-ESTACIO X CAJU (VIA SAO CRISTOVAO) - CIRCULAR,Fetranspor,146,17574166,"-22.8938","-43.2287"
209,209-ESTACIO X CAJU (VIA SAO CRISTOVAO) - CIRCULAR,Fetranspor,147,17574166,"-22.8942","-43.2286"
209,209-ESTACIO X CAJU (VIA SAO CRISTOVAO) - CIRCULAR,Fetranspor,148,17574166,"-22.8942","-43.2286"
209,209-ESTACIO X CAJU (VIA SAO CRISTOVAO) - CIRCULAR,Fetranspor,149,17574166,"-22.8948","-43.2286"
209,209-ESTACIO X CAJU (VIA SAO CRISTOVAO) - CIRCULAR,Fetranspor,150,17574166,"-22.895","-43.2286"
209,209-ESTACIO X CAJU (VIA SAO CRISTOVAO) - CIRCULAR,Fetranspor,151,17574166,"-22.8952","-43.2287"
209,209-ESTACIO X CAJU (VIA SAO CRISTOVAO) - CIRCULAR,Fetranspor,152,17574166,"-22.8954","-43.2287"
209,209-ESTACIO X CAJU (VIA SAO CRISTOVAO) - CIRCULAR,Fetranspor,153,17574166,"-22.8955","-43.2288"
209,209-ESTACIO X CAJU (VIA SAO CRISTOVAO) - CIRCULAR,Fetranspor,154,17574166,"-22.8955","-43.2288"
209,209-ESTACIO X CAJU (VIA SAO CRISTOVAO) - CIRCULAR,Fetranspor,155,17574166,"-22.8955","-43.2287"
209,209-ESTACIO X CAJU (VIA SAO CRISTOVAO) - CIRCULAR,Fetranspor,156,17574166,"-22.8956","-43.2287"
209,209-ESTACIO X CAJU (VIA SAO CRISTOVAO) - CIRCULAR,Fetranspor,157,17574166,"-22.8958","-43.2286"
209,209-ESTACIO X CAJU (VIA SAO CRISTOVAO) - CIRCULAR,Fetranspor,158,17574166,"-22.8967","-43.2283"
209,209-ESTACIO X CAJU (VIA SAO CRISTOVAO) - CIRCULAR,Fetranspor,159,17574166,"-22.8967","-43.2283"
209,209-ESTACIO X CAJU (VIA SAO CRISTOVAO) - CIRCULAR,Fetranspor,160,17574166,"-22.8977","-43.2278"
209,209-ESTACIO X CAJU (VIA SAO CRISTOVAO) - CIRCULAR,Fetranspor,161,17574166,"-22.8977","-43.2278"
209,209-ESTACIO X CAJU (VIA SAO CRISTOVAO) - CIRCULAR,Fetranspor,162,17574166,"-22.8979","-43.2278"
209,209-ESTACIO X CAJU (VIA SAO CRISTOVAO) - CIRCULAR,Fetranspor,163,17574166,"-22.8979","-43.2278"
209,209-ESTACIO X CAJU (VIA SAO CRISTOVAO) - CIRCULAR,Fetranspor,164,17574166,"-22.898","-43.2278"
209,209-ESTACIO X CAJU (VIA SAO CRISTOVAO) - CIRCULAR,Fetranspor,165,17574166,"-22.8981","-43.2278"
209,209-ESTACIO X CAJU (VIA SAO CRISTOVAO) - CIRCULAR,Fetranspor,166,17574166,"-22.8981","-43.2278"
209,209-ESTACIO X CAJU (VIA SAO CRISTOVAO) - CIRCULAR,Fetranspor,167,17574166,"-22.8981","-43.2278"
209,209-ESTACIO X CAJU (VIA SAO CRISTOVAO) - CIRCULAR,Fetranspor,168,17574166,"-22.8981","-43.2278"
209,209-ESTACIO X CAJU (VIA SAO CRISTOVAO) - CIRCULAR,Fetranspor,169,17574166,"-22.8982","-43.2278"
209,209-ESTACIO X CAJU (VIA SAO CRISTOVAO) - CIRCULAR,Fetranspor,170,17574166,"-22.8984","-43.2278"
209,209-ESTACIO X CAJU (VIA SAO CRISTOVAO) - CIRCULAR,Fetranspor,171,17574166,"-22.8984","-43.2278"
209,209-ESTACIO X CAJU (VIA SAO CRISTOVAO) - CIRCULAR,Fetranspor,172,17574166,"-22.8996","-43.2276"
209,209-ESTACIO X CAJU (VIA SAO CRISTOVAO) - CIRCULAR,Fetranspor,173,17574166,"-22.8996","-43.2276"
209,209-ESTACIO X CAJU (VIA SAO CRISTOVAO) - CIRCULAR,Fetranspor,174,17574166,"-22.8996","-43.2275"
209,209-ESTACIO X CAJU (VIA SAO CRISTOVAO) - CIRCULAR,Fetranspor,175,17574166,"-22.8996","-43.2274"
209,209-ESTACIO X CAJU (VIA SAO CRISTOVAO) - CIRCULAR,Fetranspor,176,17574166,"-22.8996","-43.2272"
209,209-ESTACIO X CAJU (VIA SAO CRISTOVAO) - CIRCULAR,Fetranspor,177,17574166,"-22.8996","-43.2272"
209,209-ESTACIO X CAJU (VIA SAO CRISTOVAO) - CIRCULAR,Fetranspor,178,17574166,"-22.8997","-43.2271"
209,209-ESTACIO X CAJU (VIA SAO CRISTOVAO) - CIRCULAR,Fetranspor,179,17574166,"-22.9001","-43.2256"
209,209-ESTACIO X CAJU (VIA SAO CRISTOVAO) - CIRCULAR,Fetranspor,180,17574166,"-22.9001","-43.2256"
209,209-ESTACIO X CAJU (VIA SAO CRISTOVAO) - CIRCULAR,Fetranspor,181,17574166,"-22.9002","-43.2254"
209,209-ESTACIO X CAJU (VIA SAO CRISTOVAO) - CIRCULAR,Fetranspor,182,17574166,"-22.9002","-43.2254"
209,209-ESTACIO X CAJU (VIA SAO CRISTOVAO) - CIRCULAR,Fetranspor,183,17574166,"-22.9004","-43.2251"
209,209-ESTACIO X CAJU (VIA SAO CRISTOVAO) - CIRCULAR,Fetranspor,184,17574166,"-22.9004","-43.2251"
209,209-ESTACIO X CAJU (VIA SAO CRISTOVAO) - CIRCULAR,Fetranspor,185,17574166,"-22.9004","-43.2248"
209,209-ESTACIO X CAJU (VIA SAO CRISTOVAO) - CIRCULAR,Fetranspor,186,17574166,"-22.9004","-43.2248"
209,209-ESTACIO X CAJU (VIA SAO CRISTOVAO) - CIRCULAR,Fetranspor,187,17574166,"-22.9005","-43.2247"
209,209-ESTACIO X CAJU (VIA SAO CRISTOVAO) - CIRCULAR,Fetranspor,188,17574166,"-22.9005","-43.2247"
209,209-ESTACIO X CAJU (VIA SAO CRISTOVAO) - CIRCULAR,Fetranspor,189,17574166,"-22.9005","-43.2246"
209,209-ESTACIO X CAJU (VIA SAO CRISTOVAO) - CIRCULAR,Fetranspor,190,17574166,"-22.9011","-43.2243"
209,209-ESTACIO X CAJU (VIA SAO CRISTOVAO) - CIRCULAR,Fetranspor,191,17574166,"-22.9012","-43.2243"
209,209-ESTACIO X CAJU (VIA SAO CRISTOVAO) - CIRCULAR,Fetranspor,192,17574166,"-22.9012","-43.2243"
209,209-ESTACIO X CAJU (VIA SAO CRISTOVAO) - CIRCULAR,Fetranspor,193,17574166,"-22.9007","-43.2238"
209,209-ESTACIO X CAJU (VIA SAO CRISTOVAO) - CIRCULAR,Fetranspor,194,17574166,"-22.9006","-43.2236"
209,209-ESTACIO X CAJU (VIA SAO CRISTOVAO) - CIRCULAR,Fetranspor,195,17574166,"-22.9006","-43.2236"
209,209-ESTACIO X CAJU (VIA SAO CRISTOVAO) - CIRCULAR,Fetranspor,196,17574166,"-22.9001","-43.2232"
209,209-ESTACIO X CAJU (VIA SAO CRISTOVAO) - CIRCULAR,Fetranspor,197,17574166,"-22.9001","-43.2232"
209,209-ESTACIO X CAJU (VIA SAO CRISTOVAO) - CIRCULAR,Fetranspor,198,17574166,"-22.8995","-43.2226"
209,209-ESTACIO X CAJU (VIA SAO CRISTOVAO) - CIRCULAR,Fetranspor,199,17574166,"-22.8995","-43.2226"
209,209-ESTACIO X CAJU (VIA SAO CRISTOVAO) - CIRCULAR,Fetranspor,200,17574166,"-22.8994","-43.2225"
209,209-ESTACIO X CAJU (VIA SAO CRISTOVAO) - CIRCULAR,Fetranspor,201,17574166,"-22.8994","-43.2224"
209,209-ESTACIO X CAJU (VIA SAO CRISTOVAO) - CIRCULAR,Fetranspor,202,17574166,"-22.8993","-43.2223"
209,209-ESTACIO X CAJU (VIA SAO CRISTOVAO) - CIRCULAR,Fetranspor,203,17574166,"-22.899","-43.2207"
209,209-ESTACIO X CAJU (VIA SAO CRISTOVAO) - CIRCULAR,Fetranspor,204,17574166,"-22.8989","-43.2205"
209,209-ESTACIO X CAJU (VIA SAO CRISTOVAO) - CIRCULAR,Fetranspor,205,17574166,"-22.8988","-43.2201"
209,209-ESTACIO X CAJU (VIA SAO CRISTOVAO) - CIRCULAR,Fetranspor,206,17574166,"-22.8988","-43.2201"
209,209-ESTACIO X CAJU (VIA SAO CRISTOVAO) - CIRCULAR,Fetranspor,207,17574166,"-22.8987","-43.22"
209,209-ESTACIO X CAJU (VIA SAO CRISTOVAO) - CIRCULAR,Fetranspor,208,17574166,"-22.8984","-43.2192"
209,209-ESTACIO X CAJU (VIA SAO CRISTOVAO) - CIRCULAR,Fetranspor,209,17574166,"-22.8982","-43.219"
209,209-ESTACIO X CAJU (VIA SAO CRISTOVAO) - CIRCULAR,Fetranspor,210,17574166,"-22.8982","-43.219"
209,209-ESTACIO X CAJU (VIA SAO CRISTOVAO) - CIRCULAR,Fetranspor,211,17574166,"-22.8983","-43.2189"
209,209-ESTACIO X CAJU (VIA SAO CRISTOVAO) - CIRCULAR,Fetranspor,212,17574166,"-22.8984","-43.2188"
209,209-ESTACIO X CAJU (VIA SAO CRISTOVAO) - CIRCULAR,Fetranspor,213,17574166,"-22.8985","-43.2187"
209,209-ESTACIO X CAJU (VIA SAO CRISTOVAO) - CIRCULAR,Fetranspor,214,17574166,"-22.8985","-43.2187"
209,209-ESTACIO X CAJU (VIA SAO CRISTOVAO) - CIRCULAR,Fetranspor,215,17574166,"-22.8987","-43.2186"
209,209-ESTACIO X CAJU (VIA SAO CRISTOVAO) - CIRCULAR,Fetranspor,216,17574166,"-22.8988","-43.2185"
209,209-ESTACIO X CAJU (VIA SAO CRISTOVAO) - CIRCULAR,Fetranspor,217,17574166,"-22.8994","-43.2181"
209,209-ESTACIO X CAJU (VIA SAO CRISTOVAO) - CIRCULAR,Fetranspor,218,17574166,"-22.8994","-43.2181"
209,209-ESTACIO X CAJU (VIA SAO CRISTOVAO) - CIRCULAR,Fetranspor,219,17574166,"-22.8995","-43.218"
209,209-ESTACIO X CAJU (VIA SAO CRISTOVAO) - CIRCULAR,Fetranspor,220,17574166,"-22.8995","-43.218"
209,209-ESTACIO X CAJU (VIA SAO CRISTOVAO) - CIRCULAR,Fetranspor,221,17574166,"-22.9004","-43.2175"
209,209-ESTACIO X CAJU (VIA SAO CRISTOVAO) - CIRCULAR,Fetranspor,222,17574166,"-22.9004","-43.2175"
209,209-ESTACIO X CAJU (VIA SAO CRISTOVAO) - CIRCULAR,Fetranspor,223,17574166,"-22.9012","-43.217"
209,209-ESTACIO X CAJU (VIA SAO CRISTOVAO) - CIRCULAR,Fetranspor,224,17574166,"-22.9012","-43.217"
209,209-ESTACIO X CAJU (VIA SAO CRISTOVAO) - CIRCULAR,Fetranspor,225,17574166,"-22.9012","-43.217"
209,209-ESTACIO X CAJU (VIA SAO CRISTOVAO) - CIRCULAR,Fetranspor,226,17574166,"-22.9014","-43.2171"
209,209-ESTACIO X CAJU (VIA SAO CRISTOVAO) - CIRCULAR,Fetranspor,227,17574166,"-22.9014","-43.2171"
209,209-ESTACIO X CAJU (VIA SAO CRISTOVAO) - CIRCULAR,Fetranspor,228,17574166,"-22.9025","-43.218"
209,209-ESTACIO X CAJU (VIA SAO CRISTOVAO) - CIRCULAR,Fetranspor,229,17574166,"-22.9029","-43.2184"
209,209-ESTACIO X CAJU (VIA SAO CRISTOVAO) - CIRCULAR,Fetranspor,230,17574166,"-22.903","-43.2185"
209,209-ESTACIO X CAJU (VIA SAO CRISTOVAO) - CIRCULAR,Fetranspor,231,17574166,"-22.903","-43.2185"
209,209-ESTACIO X CAJU (VIA SAO CRISTOVAO) - CIRCULAR,Fetranspor,232,17574166,"-22.903","-43.2185"
209,209-ESTACIO X CAJU (VIA SAO CRISTOVAO) - CIRCULAR,Fetranspor,233,17574166,"-22.903","-43.2185"
209,209-ESTACIO X CAJU (VIA SAO CRISTOVAO) - CIRCULAR,Fetranspor,234,17574166,"-22.9031","-43.2185"
209,209-ESTACIO X CAJU (VIA SAO CRISTOVAO) - CIRCULAR,Fetranspor,235,17574166,"-22.9036","-43.2186"
209,209-ESTACIO X CAJU (VIA SAO CRISTOVAO) - CIRCULAR,Fetranspor,236,17574166,"-22.9037","-43.2187"
209,209-ESTACIO X CAJU (VIA SAO CRISTOVAO) - CIRCULAR,Fetranspor,237,17574166,"-22.9039","-43.2186"
209,209-ESTACIO X CAJU (VIA SAO CRISTOVAO) - CIRCULAR,Fetranspor,238,17574166,"-22.9039","-43.2186"
209,209-ESTACIO X CAJU (VIA SAO CRISTOVAO) - CIRCULAR,Fetranspor,239,17574166,"-22.9045","-43.2184"
209,209-ESTACIO X CAJU (VIA SAO CRISTOVAO) - CIRCULAR,Fetranspor,240,17574166,"-22.9045","-43.2184"
209,209-ESTACIO X CAJU (VIA SAO CRISTOVAO) - CIRCULAR,Fetranspor,241,17574166,"-22.9045","-43.2185"
209,209-ESTACIO X CAJU (VIA SAO CRISTOVAO) - CIRCULAR,Fetranspor,242,17574166,"-22.9045","-43.2185"
209,209-ESTACIO X CAJU (VIA SAO CRISTOVAO) - CIRCULAR,Fetranspor,243,17574166,"-22.9046","-43.2186"
209,209-ESTACIO X CAJU (VIA SAO CRISTOVAO) - CIRCULAR,Fetranspor,244,17574166,"-22.9046","-43.2186"
209,209-ESTACIO X CAJU (VIA SAO CRISTOVAO) - CIRCULAR,Fetranspor,245,17574166,"-22.9046","-43.2186"
209,209-ESTACIO X CAJU (VIA SAO CRISTOVAO) - CIRCULAR,Fetranspor,246,17574166,"-22.9047","-43.2186"
209,209-ESTACIO X CAJU (VIA SAO CRISTOVAO) - CIRCULAR,Fetranspor,247,17574166,"-22.9048","-43.2186"
209,209-ESTACIO X CAJU (VIA SAO CRISTOVAO) - CIRCULAR,Fetranspor,248,17574166,"-22.9048","-43.2186"
209,209-ESTACIO X CAJU (VIA SAO CRISTOVAO) - CIRCULAR,Fetranspor,249,17574166,"-22.9049","-43.2186"
209,209-ESTACIO X CAJU (VIA SAO CRISTOVAO) - CIRCULAR,Fetranspor,250,17574166,"-22.9049","-43.2185"
209,209-ESTACIO X CAJU (VIA SAO CRISTOVAO) - CIRCULAR,Fetranspor,251,17574166,"-22.905","-43.2185"
209,209-ESTACIO X CAJU (VIA SAO CRISTOVAO) - CIRCULAR,Fetranspor,252,17574166,"-22.905","-43.2184"
209,209-ESTACIO X CAJU (VIA SAO CRISTOVAO) - CIRCULAR,Fetranspor,253,17574166,"-22.905","-43.2183"
209,209-ESTACIO X CAJU (VIA SAO CRISTOVAO) - CIRCULAR,Fetranspor,254,17574166,"-22.905","-43.2182"
209,209-ESTACIO X CAJU (VIA SAO CRISTOVAO) - CIRCULAR,Fetranspor,255,17574166,"-22.905","-43.2182"
209,209-ESTACIO X CAJU (VIA SAO CRISTOVAO) - CIRCULAR,Fetranspor,256,17574166,"-22.905","-43.2182"
209,209-ESTACIO X CAJU (VIA SAO CRISTOVAO) - CIRCULAR,Fetranspor,257,17574166,"-22.9049","-43.2181"
209,209-ESTACIO X CAJU (VIA SAO CRISTOVAO) - CIRCULAR,Fetranspor,258,17574166,"-22.9049","-43.2181"
209,209-ESTACIO X CAJU (VIA SAO CRISTOVAO) - CIRCULAR,Fetranspor,259,17574166,"-22.9048","-43.218"
209,209-ESTACIO X CAJU (VIA SAO CRISTOVAO) - CIRCULAR,Fetranspor,260,17574166,"-22.9047","-43.218"
209,209-ESTACIO X CAJU (VIA SAO CRISTOVAO) - CIRCULAR,Fetranspor,261,17574166,"-22.9047","-43.218"
209,209-ESTACIO X CAJU (VIA SAO CRISTOVAO) - CIRCULAR,Fetranspor,262,17574166,"-22.9047","-43.218"
209,209-ESTACIO X CAJU (VIA SAO CRISTOVAO) - CIRCULAR,Fetranspor,263,17574166,"-22.9042","-43.2168"
209,209-ESTACIO X CAJU (VIA SAO CRISTOVAO) - CIRCULAR,Fetranspor,264,17574166,"-22.9042","-43.2168"
209,209-ESTACIO X CAJU (VIA SAO CRISTOVAO) - CIRCULAR,Fetranspor,265,17574166,"-22.9037","-43.2153"
209,209-ESTACIO X CAJU (VIA SAO CRISTOVAO) - CIRCULAR,Fetranspor,266,17574166,"-22.9036","-43.2153"
209,209-ESTACIO X CAJU (VIA SAO CRISTOVAO) - CIRCULAR,Fetranspor,267,17574166,"-22.9036","-43.2153"
209,209-ESTACIO X CAJU (VIA SAO CRISTOVAO) - CIRCULAR,Fetranspor,268,17574166,"-22.9036","-43.2153"
209,209-ESTACIO X CAJU (VIA SAO CRISTOVAO) - CIRCULAR,Fetranspor,269,17574166,"-22.9034","-43.2147"
209,209-ESTACIO X CAJU (VIA SAO CRISTOVAO) - CIRCULAR,Fetranspor,270,17574166,"-22.9034","-43.2147"
209,209-ESTACIO X CAJU (VIA SAO CRISTOVAO) - CIRCULAR,Fetranspor,271,17574166,"-22.9031","-43.214"
209,209-ESTACIO X CAJU (VIA SAO CRISTOVAO) - CIRCULAR,Fetranspor,272,17574166,"-22.9031","-43.214"
209,209-ESTACIO X CAJU (VIA SAO CRISTOVAO) - CIRCULAR,Fetranspor,273,17574166,"-22.903","-43.2136"
209,209-ESTACIO X CAJU (VIA SAO CRISTOVAO) - CIRCULAR,Fetranspor,274,17574166,"-22.903","-43.2136"
209,209-ESTACIO X CAJU (VIA SAO CRISTOVAO) - CIRCULAR,Fetranspor,275,17574166,"-22.903","-43.2136"
209,209-ESTACIO X CAJU (VIA SAO CRISTOVAO) - CIRCULAR,Fetranspor,276,17574166,"-22.9026","-43.2127"
209,209-ESTACIO X CAJU (VIA SAO CRISTOVAO) - CIRCULAR,Fetranspor,277,17574166,"-22.9026","-43.2127"
209,209-ESTACIO X CAJU (VIA SAO CRISTOVAO) - CIRCULAR,Fetranspor,278,17574166,"-22.9022","-43.2116"
209,209-ESTACIO X CAJU (VIA SAO CRISTOVAO) - CIRCULAR,Fetranspor,279,17574166,"-22.9021","-43.2113"
209,209-ESTACIO X CAJU (VIA SAO CRISTOVAO) - CIRCULAR,Fetranspor,280,17574166,"-22.9021","-43.2113"
209,209-ESTACIO X CAJU (VIA SAO CRISTOVAO) - CIRCULAR,Fetranspor,281,17574166,"-22.902","-43.2111"
209,209-ESTACIO X CAJU (VIA SAO CRISTOVAO) - CIRCULAR,Fetranspor,282,17574166,"-22.9018","-43.2106"
209,209-ESTACIO X CAJU (VIA SAO CRISTOVAO) - CIRCULAR,Fetranspor,283,17574166,"-22.9018","-43.2106"
209,209-ESTACIO X CAJU (VIA SAO CRISTOVAO) - CIRCULAR,Fetranspor,284,17574166,"-22.9018","-43.2105"
209,209-ESTACIO X CAJU (VIA SAO CRISTOVAO) - CIRCULAR,Fetranspor,285,17574166,"-22.9018","-43.2105"
209,209-ESTACIO X CAJU (VIA SAO CRISTOVAO) - CIRCULAR,Fetranspor,286,17574166,"-22.9018","-43.2105"
209,209-ESTACIO X CAJU (VIA SAO CRISTOVAO) - CIRCULAR,Fetranspor,287,17574166,"-22.9022","-43.2104"
209,209-ESTACIO X CAJU (VIA SAO CRISTOVAO) - CIRCULAR,Fetranspor,288,17574166,"-22.9025","-43.2104"
209,209-ESTACIO X CAJU (VIA SAO CRISTOVAO) - CIRCULAR,Fetranspor,289,17574166,"-22.9033","-43.2104"
209,209-ESTACIO X CAJU (VIA SAO CRISTOVAO) - CIRCULAR,Fetranspor,290,17574166,"-22.9038","-43.2104"
209,209-ESTACIO X CAJU (VIA SAO CRISTOVAO) - CIRCULAR,Fetranspor,291,17574166,"-22.9038","-43.2104"
209,209-ESTACIO X CAJU (VIA SAO CRISTOVAO) - CIRCULAR,Fetranspor,292,17574166,"-22.9039","-43.2103"
209,209-ESTACIO X CAJU (VIA SAO CRISTOVAO) - CIRCULAR,Fetranspor,293,17574166,"-22.9039","-43.2103"
209,209-ESTACIO X CAJU (VIA SAO CRISTOVAO) - CIRCULAR,Fetranspor,294,17574166,"-22.9048","-43.2103"
209,209-ESTACIO X CAJU (VIA SAO CRISTOVAO) - CIRCULAR,Fetranspor,295,17574166,"-22.9048","-43.2103"
209,209-ESTACIO X CAJU (VIA SAO CRISTOVAO) - CIRCULAR,Fetranspor,296,17574166,"-22.9057","-43.2102"
209,209-ESTACIO X CAJU (VIA SAO CRISTOVAO) - CIRCULAR,Fetranspor,297,17574166,"-22.9065","-43.2102"
209,209-ESTACIO X CAJU (VIA SAO CRISTOVAO) - CIRCULAR,Fetranspor,298,17574166,"-22.9065","-43.2102"
209,209-ESTACIO X CAJU (VIA SAO CRISTOVAO) - CIRCULAR,Fetranspor,299,17574166,"-22.9065","-43.2102"
209,209-ESTACIO X CAJU (VIA SAO CRISTOVAO) - CIRCULAR,Fetranspor,300,17574166,"-22.9068","-43.2101"
209,209-ESTACIO X CAJU (VIA SAO CRISTOVAO) - CIRCULAR,Fetranspor,301,17574166,"-22.9068","-43.2101"
209,209-ESTACIO X CAJU (VIA SAO CRISTOVAO) - CIRCULAR,Fetranspor,302,17574166,"-22.9068","-43.21"
209,209-ESTACIO X CAJU (VIA SAO CRISTOVAO) - CIRCULAR,Fetranspor,303,17574166,"-22.9068","-43.21"
209,209-ESTACIO X CAJU (VIA SAO CRISTOVAO) - CIRCULAR,Fetranspor,304,17574166,"-22.907","-43.21"
209,209-ESTACIO X CAJU (VIA SAO CRISTOVAO) - CIRCULAR,Fetranspor,305,17574166,"-22.907","-43.21"
209,209-ESTACIO X CAJU (VIA SAO CRISTOVAO) - CIRCULAR,Fetranspor,306,17574166,"-22.9084","-43.2099"
209,209-ESTACIO X CAJU (VIA SAO CRISTOVAO) - CIRCULAR,Fetranspor,307,17574166,"-22.9092","-43.2099"
209,209-ESTACIO X CAJU (VIA SAO CRISTOVAO) - CIRCULAR,Fetranspor,308,17574166,"-22.9096","-43.2098"
209,209-ESTACIO X CAJU (VIA SAO CRISTOVAO) - CIRCULAR,Fetranspor,309,17574166,"-22.9097","-43.2098"
209,209-ESTACIO X CAJU (VIA SAO CRISTOVAO) - CIRCULAR,Fetranspor,310,17574166,"-22.9097","-43.2098"
209,209-ESTACIO X CAJU (VIA SAO CRISTOVAO) - CIRCULAR,Fetranspor,311,17574166,"-22.9099","-43.2097"
209,209-ESTACIO X CAJU (VIA SAO CRISTOVAO) - CIRCULAR,Fetranspor,312,17574166,"-22.91","-43.2097"
209,209-ESTACIO X CAJU (VIA SAO CRISTOVAO) - CIRCULAR,Fetranspor,313,17574166,"-22.91","-43.2097"
209,209-ESTACIO X CAJU (VIA SAO CRISTOVAO) - CIRCULAR,Fetranspor,314,17574166,"-22.9102","-43.2096"
209,209-ESTACIO X CAJU (VIA SAO CRISTOVAO) - CIRCULAR,Fetranspor,315,17574166,"-22.9103","-43.2094"
209,209-ESTACIO X CAJU (VIA SAO CRISTOVAO) - CIRCULAR,Fetranspor,316,17574166,"-22.9104","-43.2093"
209,209-ESTACIO X CAJU (VIA SAO CRISTOVAO) - CIRCULAR,Fetranspor,317,17574166,"-22.9105","-43.2091"
209,209-ESTACIO X CAJU (VIA SAO CRISTOVAO) - CIRCULAR,Fetranspor,318,17574166,"-22.9106","-43.2089"
209,209-ESTACIO X CAJU (VIA SAO CRISTOVAO) - CIRCULAR,Fetranspor,319,17574166,"-22.9106","-43.2088"
209,209-ESTACIO X CAJU (VIA SAO CRISTOVAO) - CIRCULAR,Fetranspor,320,17574166,"-22.9106","-43.2086"
209,209-ESTACIO X CAJU (VIA SAO CRISTOVAO) - CIRCULAR,Fetranspor,321,17574166,"-22.9107","-43.2084"
209,209-ESTACIO X CAJU (VIA SAO CRISTOVAO) - CIRCULAR,Fetranspor,322,17574166,"-22.9107","-43.2082"
209,209-ESTACIO X CAJU (VIA SAO CRISTOVAO) - CIRCULAR,Fetranspor,323,17574166,"-22.9107","-43.208"
209,209-ESTACIO X CAJU (VIA SAO CRISTOVAO) - CIRCULAR,Fetranspor,324,17574166,"-22.9107","-43.2079"
209,209-ESTACIO X CAJU (VIA SAO CRISTOVAO) - CIRCULAR,Fetranspor,325,17574166,"-22.9106","-43.2077"
209,209-ESTACIO X CAJU (VIA SAO CRISTOVAO) - CIRCULAR,Fetranspor,326,17574166,"-22.9103","-43.2067"
209,209-ESTACIO X CAJU (VIA SAO CRISTOVAO) - CIRCULAR,Fetranspor,327,17574166,"-22.9101","-43.2061"
209,209-ESTACIO X CAJU (VIA SAO CRISTOVAO) - CIRCULAR,Fetranspor,328,17574166,"-22.9101","-43.2061"
209,209-ESTACIO X CAJU (VIA SAO CRISTOVAO) - CIRCULAR,Fetranspor,329,17574166,"-22.9095","-43.2042"
209,209-ESTACIO X CAJU (VIA SAO CRISTOVAO) - CIRCULAR,Fetranspor,330,17574166,"-22.9095","-43.2042"
209,209-ESTACIO X CAJU (VIA SAO CRISTOVAO) - CIRCULAR,Fetranspor,331,17574166,"-22.9094","-43.2038"
209,209-ESTACIO X CAJU (VIA SAO CRISTOVAO) - CIRCULAR,Fetranspor,332,17574166,"-22.9093","-43.2034"
209,209-ESTACIO X CAJU (VIA SAO CRISTOVAO) - CIRCULAR,Fetranspor,333,17574166,"-22.9093","-43.2034"
209,209-ESTACIO X CAJU (VIA SAO CRISTOVAO) - CIRCULAR,Fetranspor,334,17574166,"-22.9093","-43.2032"
209,209-ESTACIO X CAJU (VIA SAO CRISTOVAO) - CIRCULAR,Fetranspor,335,17574166,"-22.9093","-43.2029"
209,209-ESTACIO X CAJU (VIA SAO CRISTOVAO) - CIRCULAR,Fetranspor,336,17574166,"-22.9093","-43.2029"
209,209-ESTACIO X CAJU (VIA SAO CRISTOVAO) - CIRCULAR,Fetranspor,337,17574166,"-22.9092","-43.2028"
209,209-ESTACIO X CAJU (VIA SAO CRISTOVAO) - CIRCULAR,Fetranspor,338,17574166,"-22.9091","-43.2025"
209,209-ESTACIO X CAJU (VIA SAO CRISTOVAO) - CIRCULAR,Fetranspor,339,17574166,"-22.9091","-43.2025"
209,209-ESTACIO X CAJU (VIA SAO CRISTOVAO) - CIRCULAR,Fetranspor,340,17574166,"-22.909","-43.2021"
209,209-ESTACIO X CAJU (VIA SAO CRISTOVAO) - CIRCULAR,Fetranspor,341,17574166,"-22.9086","-43.2011"
209,209-ESTACIO X CAJU (VIA SAO CRISTOVAO) - CIRCULAR,Fetranspor,342,17574166,"-22.9085","-43.2006"
209,209-ESTACIO X CAJU (VIA SAO CRISTOVAO) - CIRCULAR,Fetranspor,343,17574166,"-22.9085","-43.2006"
209,209-ESTACIO X CAJU (VIA SAO CRISTOVAO) - CIRCULAR,Fetranspor,344,17574166,"-22.9089","-43.2004"
209,209-ESTACIO X CAJU (VIA SAO CRISTOVAO) - CIRCULAR,Fetranspor,345,17574166,"-22.9089","-43.2004"
209,209-ESTACIO X CAJU (VIA SAO CRISTOVAO) - CIRCULAR,Fetranspor,346,17574166,"-22.9092","-43.2003"
209,209-ESTACIO X CAJU (VIA SAO CRISTOVAO) - CIRCULAR,Fetranspor,347,17574166,"-22.9092","-43.2003"
209,209-ESTACIO X CAJU (VIA SAO CRISTOVAO) - CIRCULAR,Fetranspor,348,17574166,"-22.911","-43.1997"
209,209-ESTACIO X CAJU (VIA SAO CRISTOVAO) - CIRCULAR,Fetranspor,349,17574166,"-22.911","-43.1997"
209,209-ESTACIO X CAJU (VIA SAO CRISTOVAO) - CIRCULAR,Fetranspor,350,17574166,"-22.9116","-43.1994"
209,209-ESTACIO X CAJU (VIA SAO CRISTOVAO) - CIRCULAR,Fetranspor,351,17574166,"-22.9117","-43.1994"
209,209-ESTACIO X CAJU (VIA SAO CRISTOVAO) - CIRCULAR,Fetranspor,352,17574166,"-22.9124","-43.1994"
209,209-ESTACIO X CAJU (VIA SAO CRISTOVAO) - CIRCULAR,Fetranspor,353,17574166,"-22.9124","-43.1994"
209,209-ESTACIO X CAJU (VIA SAO CRISTOVAO) - CIRCULAR,Fetranspor,354,17574166,"-22.9125","-43.2001"
209,209-ESTACIO X CAJU (VIA SAO CRISTOVAO) - CIRCULAR,Fetranspor,355,17574166,"-22.9125","-43.2001"
209,209-ESTACIO X CAJU (VIA SAO CRISTOVAO) - CIRCULAR,Fetranspor,356,17574166,"-22.9126","-43.2008"
209,209-ESTACIO X CAJU (VIA SAO CRISTOVAO) - CIRCULAR,Fetranspor,357,17574166,"-22.9126","-43.2008"
209,209-ESTACIO X CAJU (VIA SAO CRISTOVAO) - CIRCULAR,Fetranspor,358,17574166,"-22.9128","-43.2015"
209,209-ESTACIO X CAJU (VIA SAO CRISTOVAO) - CIRCULAR,Fetranspor,359,17574166,"-22.9129","-43.2024"
209,209-ESTACIO X CAJU (VIA SAO CRISTOVAO) - CIRCULAR,Fetranspor,360,17574166,"-22.9129","-43.2024"
209,209-ESTACIO X CAJU (VIA SAO CRISTOVAO) - CIRCULAR,Fetranspor,361,17574166,"-22.913","-43.2028"
209,209-ESTACIO X CAJU (VIA SAO CRISTOVAO) - CIRCULAR,Fetranspor,362,17574166,"-22.913","-43.203"
209,209-ESTACIO X CAJU (VIA SAO CRISTOVAO) - CIRCULAR,Fetranspor,363,17574166,"-22.913","-43.203"
209,209-ESTACIO X CAJU (VIA SAO CRISTOVAO) - CIRCULAR,Fetranspor,364,17574166,"-22.9131","-43.2031"
209,209-ESTACIO X CAJU (VIA SAO CRISTOVAO) - CIRCULAR,Fetranspor,365,17574166,"-22.9131","-43.2032"
209,209-ESTACIO X CAJU (VIA SAO CRISTOVAO) - CIRCULAR,Fetranspor,366,17574166,"-22.9132","-43.2034"
209,209-ESTACIO X CAJU (VIA SAO CRISTOVAO) - CIRCULAR,Fetranspor,367,17574166,"-22.9138","-43.2041"
209,209-ESTACIO X CAJU (VIA SAO CRISTOVAO) - CIRCULAR,Fetranspor,368,17574166,"-22.9138","-43.2041"
209,209-ESTACIO X CAJU (VIA SAO CRISTOVAO) - CIRCULAR,Fetranspor,369,17574166,"-22.9139","-43.2044"
209,209-ESTACIO X CAJU (VIA SAO CRISTOVAO) - CIRCULAR,Fetranspor,370,17574166,"-22.9139","-43.2047"
209,209-ESTACIO X CAJU (VIA SAO CRISTOVAO) - CIRCULAR,Fetranspor,371,17574166,"-22.9139","-43.2047"
209,209-ESTACIO X CAJU (VIA SAO CRISTOVAO) - CIRCULAR,Fetranspor,372,17574166,"-22.9138","-43.2048"
209,209-ESTACIO X CAJU (VIA SAO CRISTOVAO) - CIRCULAR,Fetranspor,373,17574166,"-22.9136","-43.2048"
209,209-ESTACIO X CAJU (VIA SAO CRISTOVAO) - CIRCULAR,Fetranspor,374,17574166,"-22.9126","-43.2051"
209,209-ESTACIO X CAJU (VIA SAO CRISTOVAO) - CIRCULAR,Fetranspor,375,17574166,"-22.9124","-43.2052"
209,209-ESTACIO X CAJU (VIA SAO CRISTOVAO) - CIRCULAR,Fetranspor,376,17574166,"-22.9124","-43.2052"
209,209-ESTACIO X CAJU (VIA SAO CRISTOVAO) - CIRCULAR,Fetranspor,377,17574166,"-22.9127","-43.2063"
