linha,descricao,agencia,sequencia,shape_id,latitude,longitude
210,210-CAJU X PRACA XV - CIRCULAR,Fetranspor,0,26458354,"-22.9066","-43.1684"
210,210-CAJU X PRACA XV - CIRCULAR,Fetranspor,1,26458354,"-22.9063","-43.1684"
210,210-CAJU X PRACA XV - CIRCULAR,Fetranspor,2,26458354,"-22.9061","-43.1684"
210,210-CAJU X PRACA XV - CIRCULAR,Fetranspor,3,26458354,"-22.906","-43.1684"
210,210-CAJU X PRACA XV - CIRCULAR,Fetranspor,4,26458354,"-22.9058","-43.1684"
210,210-CAJU X PRACA XV - CIRCULAR,Fetranspor,5,26458354,"-22.9057","-43.1684"
210,210-CAJU X PRACA XV - CIRCULAR,Fetranspor,6,26458354,"-22.9056","-43.1685"
210,210-CAJU X PRACA XV - CIRCULAR,Fetranspor,7,26458354,"-22.9055","-43.1686"
210,210-CAJU X PRACA XV - CIRCULAR,Fetranspor,8,26458354,"-22.9054","-43.1686"
210,210-CAJU X PRACA XV - CIRCULAR,Fetranspor,9,26458354,"-22.9054","-43.1687"
210,210-CAJU X PRACA XV - CIRCULAR,Fetranspor,10,26458354,"-22.9053","-43.1688"
210,210-CAJU X PRACA XV - CIRCULAR,Fetranspor,11,26458354,"-22.9052","-43.1689"
210,210-CAJU X PRACA XV - CIRCULAR,Fetranspor,12,26458354,"-22.9051","-43.1691"
210,210-CAJU X PRACA XV - CIRCULAR,Fetranspor,13,26458354,"-22.905","-43.1693"
210,210-CAJU X PRACA XV - CIRCULAR,Fetranspor,14,26458354,"-22.905","-43.1693"
210,210-CAJU X PRACA XV - CIRCULAR,Fetranspor,15,26458354,"-22.9049","-43.1699"
210,210-CAJU X PRACA XV - CIRCULAR,Fetranspor,16,26458354,"-22.9049","-43.1699"
210,210-CAJU X PRACA XV - CIRCULAR,Fetranspor,17,26458354,"-22.9048","-43.1701"
210,210-CAJU X PRACA XV - CIRCULAR,Fetranspor,18,26458354,"-22.9048","-43.1701"
210,210-CAJU X PRACA XV - CIRCULAR,Fetranspor,19,26458354,"-22.9047","-43.1702"
210,210-CAJU X PRACA XV - CIRCULAR,Fetranspor,20,26458354,"-22.9047","-43.1702"
210,210-CAJU X PRACA XV - CIRCULAR,Fetranspor,21,26458354,"-22.9042","-43.1716"
210,210-CAJU X PRACA XV - CIRCULAR,Fetranspor,22,26458354,"-22.9041","-43.1717"
210,210-CAJU X PRACA XV - CIRCULAR,Fetranspor,23,26458354,"-22.904","-43.172"
210,210-CAJU X PRACA XV - CIRCULAR,Fetranspor,24,26458354,"-22.904","-43.172"
210,210-CAJU X PRACA XV - CIRCULAR,Fetranspor,25,26458354,"-22.9039","-43.1722"
210,210-CAJU X PRACA XV - CIRCULAR,Fetranspor,26,26458354,"-22.9037","-43.1724"
210,210-CAJU X PRACA XV - CIRCULAR,Fetranspor,27,26458354,"-22.9036","-43.1725"
210,210-CAJU X PRACA XV - CIRCULAR,Fetranspor,28,26458354,"-22.9035","-43.1726"
210,210-CAJU X PRACA XV - CIRCULAR,Fetranspor,29,26458354,"-22.9033","-43.1728"
210,210-CAJU X PRACA XV - CIRCULAR,Fetranspor,30,26458354,"-22.903","-43.173"
210,210-CAJU X PRACA XV - CIRCULAR,Fetranspor,31,26458354,"-22.9025","-43.1734"
210,210-CAJU X PRACA XV - CIRCULAR,Fetranspor,32,26458354,"-22.9022","-43.1736"
210,210-CAJU X PRACA XV - CIRCULAR,Fetranspor,33,26458354,"-22.9022","-43.1736"
210,210-CAJU X PRACA XV - CIRCULAR,Fetranspor,34,26458354,"-22.9019","-43.1739"
210,210-CAJU X PRACA XV - CIRCULAR,Fetranspor,35,26458354,"-22.9016","-43.1742"
210,210-CAJU X PRACA XV - CIRCULAR,Fetranspor,36,26458354,"-22.9013","-43.1744"
210,210-CAJU X PRACA XV - CIRCULAR,Fetranspor,37,26458354,"-22.9013","-43.1744"
210,210-CAJU X PRACA XV - CIRCULAR,Fetranspor,38,26458354,"-22.9001","-43.1755"
210,210-CAJU X PRACA XV - CIRCULAR,Fetranspor,39,26458354,"-22.9001","-43.1755"
210,210-CAJU X PRACA XV - CIRCULAR,Fetranspor,40,26458354,"-22.9","-43.1756"
210,210-CAJU X PRACA XV - CIRCULAR,Fetranspor,41,26458354,"-22.9","-43.1756"
210,210-CAJU X PRACA XV - CIRCULAR,Fetranspor,42,26458354,"-22.9","-43.1757"
210,210-CAJU X PRACA XV - CIRCULAR,Fetranspor,43,26458354,"-22.9","-43.1758"
210,210-CAJU X PRACA XV - CIRCULAR,Fetranspor,44,26458354,"-22.9","-43.1758"
210,210-CAJU X PRACA XV - CIRCULAR,Fetranspor,45,26458354,"-22.9","-43.176"
210,210-CAJU X PRACA XV - CIRCULAR,Fetranspor,46,26458354,"-22.9","-43.176"
210,210-CAJU X PRACA XV - CIRCULAR,Fetranspor,47,26458354,"-22.9001","-43.1764"
210,210-CAJU X PRACA XV - CIRCULAR,Fetranspor,48,26458354,"-22.9001","-43.1764"
210,210-CAJU X PRACA XV - CIRCULAR,Fetranspor,49,26458354,"-22.8996","-43.1765"
210,210-CAJU X PRACA XV - CIRCULAR,Fetranspor,50,26458354,"-22.8996","-43.1765"
210,210-CAJU X PRACA XV - CIRCULAR,Fetranspor,51,26458354,"-22.8993","-43.1766"
210,210-CAJU X PRACA XV - CIRCULAR,Fetranspor,52,26458354,"-22.899","-43.1768"
210,210-CAJU X PRACA XV - CIRCULAR,Fetranspor,53,26458354,"-22.899","-43.1768"
210,210-CAJU X PRACA XV - CIRCULAR,Fetranspor,54,26458354,"-22.8991","-43.1772"
210,210-CAJU X PRACA XV - CIRCULAR,Fetranspor,55,26458354,"-22.8991","-43.1772"
210,210-CAJU X PRACA XV - CIRCULAR,Fetranspor,56,26458354,"-22.8993","-43.1778"
210,210-CAJU X PRACA XV - CIRCULAR,Fetranspor,57,26458354,"-22.8993","-43.1778"
210,210-CAJU X PRACA XV - CIRCULAR,Fetranspor,58,26458354,"-22.8995","-43.1784"
210,210-CAJU X PRACA XV - CIRCULAR,Fetranspor,59,26458354,"-22.8996","-43.1788"
210,210-CAJU X PRACA XV - CIRCULAR,Fetranspor,60,26458354,"-22.8996","-43.1788"
210,210-CAJU X PRACA XV - CIRCULAR,Fetranspor,61,26458354,"-22.8996","-43.1788"
210,210-CAJU X PRACA XV - CIRCULAR,Fetranspor,62,26458354,"-22.8996","-43.179"
210,210-CAJU X PRACA XV - CIRCULAR,Fetranspor,63,26458354,"-22.8998","-43.1796"
210,210-CAJU X PRACA XV - CIRCULAR,Fetranspor,64,26458354,"-22.8998","-43.1796"
210,210-CAJU X PRACA XV - CIRCULAR,Fetranspor,65,26458354,"-22.9","-43.1803"
210,210-CAJU X PRACA XV - CIRCULAR,Fetranspor,66,26458354,"-22.9","-43.1803"
210,210-CAJU X PRACA XV - CIRCULAR,Fetranspor,67,26458354,"-22.9001","-43.1806"
210,210-CAJU X PRACA XV - CIRCULAR,Fetranspor,68,26458354,"-22.9002","-43.1808"
210,210-CAJU X PRACA XV - CIRCULAR,Fetranspor,69,26458354,"-22.9003","-43.181"
210,210-CAJU X PRACA XV - CIRCULAR,Fetranspor,70,26458354,"-22.9003","-43.181"
210,210-CAJU X PRACA XV - CIRCULAR,Fetranspor,71,26458354,"-22.9009","-43.1822"
210,210-CAJU X PRACA XV - CIRCULAR,Fetranspor,72,26458354,"-22.9009","-43.1822"
210,210-CAJU X PRACA XV - CIRCULAR,Fetranspor,73,26458354,"-22.9012","-43.1828"
210,210-CAJU X PRACA XV - CIRCULAR,Fetranspor,74,26458354,"-22.9012","-43.1828"
210,210-CAJU X PRACA XV - CIRCULAR,Fetranspor,75,26458354,"-22.9015","-43.1836"
210,210-CAJU X PRACA XV - CIRCULAR,Fetranspor,76,26458354,"-22.9015","-43.1836"
210,210-CAJU X PRACA XV - CIRCULAR,Fetranspor,77,26458354,"-22.9016","-43.1839"
210,210-CAJU X PRACA XV - CIRCULAR,Fetranspor,78,26458354,"-22.9019","-43.1846"
210,210-CAJU X PRACA XV - CIRCULAR,Fetranspor,79,26458354,"-22.9019","-43.1846"
210,210-CAJU X PRACA XV - CIRCULAR,Fetranspor,80,26458354,"-22.9019","-43.1847"
210,210-CAJU X PRACA XV - CIRCULAR,Fetranspor,81,26458354,"-22.9019","-43.1847"
210,210-CAJU X PRACA XV - CIRCULAR,Fetranspor,82,26458354,"-22.902","-43.1849"
210,210-CAJU X PRACA XV - CIRCULAR,Fetranspor,83,26458354,"-22.9022","-43.1853"
210,210-CAJU X PRACA XV - CIRCULAR,Fetranspor,84,26458354,"-22.9025","-43.1861"
210,210-CAJU X PRACA XV - CIRCULAR,Fetranspor,85,26458354,"-22.9025","-43.1861"
210,210-CAJU X PRACA XV - CIRCULAR,Fetranspor,86,26458354,"-22.903","-43.1874"
210,210-CAJU X PRACA XV - CIRCULAR,Fetranspor,87,26458354,"-22.903","-43.1874"
210,210-CAJU X PRACA XV - CIRCULAR,Fetranspor,88,26458354,"-22.9032","-43.188"
210,210-CAJU X PRACA XV - CIRCULAR,Fetranspor,89,26458354,"-22.9033","-43.1885"
210,210-CAJU X PRACA XV - CIRCULAR,Fetranspor,90,26458354,"-22.9034","-43.1886"
210,210-CAJU X PRACA XV - CIRCULAR,Fetranspor,91,26458354,"-22.9034","-43.1886"
210,210-CAJU X PRACA XV - CIRCULAR,Fetranspor,92,26458354,"-22.9035","-43.1891"
210,210-CAJU X PRACA XV - CIRCULAR,Fetranspor,93,26458354,"-22.9037","-43.1896"
210,210-CAJU X PRACA XV - CIRCULAR,Fetranspor,94,26458354,"-22.904","-43.1905"
210,210-CAJU X PRACA XV - CIRCULAR,Fetranspor,95,26458354,"-22.904","-43.1905"
210,210-CAJU X PRACA XV - CIRCULAR,Fetranspor,96,26458354,"-22.9039","-43.1905"
210,210-CAJU X PRACA XV - CIRCULAR,Fetranspor,97,26458354,"-22.9038","-43.1905"
210,210-CAJU X PRACA XV - CIRCULAR,Fetranspor,98,26458354,"-22.9034","-43.1907"
210,210-CAJU X PRACA XV - CIRCULAR,Fetranspor,99,26458354,"-22.9029","-43.191"
210,210-CAJU X PRACA XV - CIRCULAR,Fetranspor,100,26458354,"-22.9027","-43.1912"
210,210-CAJU X PRACA XV - CIRCULAR,Fetranspor,101,26458354,"-22.9027","-43.1912"
210,210-CAJU X PRACA XV - CIRCULAR,Fetranspor,102,26458354,"-22.9025","-43.1913"
210,210-CAJU X PRACA XV - CIRCULAR,Fetranspor,103,26458354,"-22.9025","-43.1913"
210,210-CAJU X PRACA XV - CIRCULAR,Fetranspor,104,26458354,"-22.9021","-43.1916"
210,210-CAJU X PRACA XV - CIRCULAR,Fetranspor,105,26458354,"-22.9018","-43.1919"
210,210-CAJU X PRACA XV - CIRCULAR,Fetranspor,106,26458354,"-22.9018","-43.1919"
210,210-CAJU X PRACA XV - CIRCULAR,Fetranspor,107,26458354,"-22.9014","-43.1923"
210,210-CAJU X PRACA XV - CIRCULAR,Fetranspor,108,26458354,"-22.9014","-43.1923"
210,210-CAJU X PRACA XV - CIRCULAR,Fetranspor,109,26458354,"-22.901","-43.1927"
210,210-CAJU X PRACA XV - CIRCULAR,Fetranspor,110,26458354,"-22.901","-43.1927"
210,210-CAJU X PRACA XV - CIRCULAR,Fetranspor,111,26458354,"-22.9006","-43.193"
210,210-CAJU X PRACA XV - CIRCULAR,Fetranspor,112,26458354,"-22.9004","-43.1933"
210,210-CAJU X PRACA XV - CIRCULAR,Fetranspor,113,26458354,"-22.9004","-43.1933"
210,210-CAJU X PRACA XV - CIRCULAR,Fetranspor,114,26458354,"-22.9","-43.1936"
210,210-CAJU X PRACA XV - CIRCULAR,Fetranspor,115,26458354,"-22.8997","-43.1939"
210,210-CAJU X PRACA XV - CIRCULAR,Fetranspor,116,26458354,"-22.8996","-43.194"
210,210-CAJU X PRACA XV - CIRCULAR,Fetranspor,117,26458354,"-22.8994","-43.1942"
210,210-CAJU X PRACA XV - CIRCULAR,Fetranspor,118,26458354,"-22.8983","-43.1951"
210,210-CAJU X PRACA XV - CIRCULAR,Fetranspor,119,26458354,"-22.8983","-43.1951"
210,210-CAJU X PRACA XV - CIRCULAR,Fetranspor,120,26458354,"-22.8976","-43.1958"
210,210-CAJU X PRACA XV - CIRCULAR,Fetranspor,121,26458354,"-22.8976","-43.1958"
210,210-CAJU X PRACA XV - CIRCULAR,Fetranspor,122,26458354,"-22.8973","-43.196"
210,210-CAJU X PRACA XV - CIRCULAR,Fetranspor,123,26458354,"-22.8973","-43.196"
210,210-CAJU X PRACA XV - CIRCULAR,Fetranspor,124,26458354,"-22.8973","-43.1961"
210,210-CAJU X PRACA XV - CIRCULAR,Fetranspor,125,26458354,"-22.8973","-43.1962"
210,210-CAJU X PRACA XV - CIRCULAR,Fetranspor,126,26458354,"-22.8973","-43.1962"
210,210-CAJU X PRACA XV - CIRCULAR,Fetranspor,127,26458354,"-22.8977","-43.1972"
210,210-CAJU X PRACA XV - CIRCULAR,Fetranspor,128,26458354,"-22.8977","-43.1973"
210,210-CAJU X PRACA XV - CIRCULAR,Fetranspor,129,26458354,"-22.8977","-43.1974"
210,210-CAJU X PRACA XV - CIRCULAR,Fetranspor,130,26458354,"-22.8977","-43.1976"
210,210-CAJU X PRACA XV - CIRCULAR,Fetranspor,131,26458354,"-22.8974","-43.199"
210,210-CAJU X PRACA XV - CIRCULAR,Fetranspor,132,26458354,"-22.8974","-43.199"
210,210-CAJU X PRACA XV - CIRCULAR,Fetranspor,133,26458354,"-22.8974","-43.199"
210,210-CAJU X PRACA XV - CIRCULAR,Fetranspor,134,26458354,"-22.8974","-43.1991"
210,210-CAJU X PRACA XV - CIRCULAR,Fetranspor,135,26458354,"-22.8974","-43.1991"
210,210-CAJU X PRACA XV - CIRCULAR,Fetranspor,136,26458354,"-22.8977","-43.1994"
210,210-CAJU X PRACA XV - CIRCULAR,Fetranspor,137,26458354,"-22.8977","-43.1994"
210,210-CAJU X PRACA XV - CIRCULAR,Fetranspor,138,26458354,"-22.8983","-43.2"
210,210-CAJU X PRACA XV - CIRCULAR,Fetranspor,139,26458354,"-22.8984","-43.2"
210,210-CAJU X PRACA XV - CIRCULAR,Fetranspor,140,26458354,"-22.8984","-43.2"
210,210-CAJU X PRACA XV - CIRCULAR,Fetranspor,141,26458354,"-22.8985","-43.2001"
210,210-CAJU X PRACA XV - CIRCULAR,Fetranspor,142,26458354,"-22.8987","-43.2002"
210,210-CAJU X PRACA XV - CIRCULAR,Fetranspor,143,26458354,"-22.8987","-43.2002"
210,210-CAJU X PRACA XV - CIRCULAR,Fetranspor,144,26458354,"-22.8988","-43.2003"
210,210-CAJU X PRACA XV - CIRCULAR,Fetranspor,145,26458354,"-22.899","-43.2006"
210,210-CAJU X PRACA XV - CIRCULAR,Fetranspor,146,26458354,"-22.899","-43.2006"
210,210-CAJU X PRACA XV - CIRCULAR,Fetranspor,147,26458354,"-22.8991","-43.2007"
210,210-CAJU X PRACA XV - CIRCULAR,Fetranspor,148,26458354,"-22.8993","-43.201"
210,210-CAJU X PRACA XV - CIRCULAR,Fetranspor,149,26458354,"-22.8993","-43.2011"
210,210-CAJU X PRACA XV - CIRCULAR,Fetranspor,150,26458354,"-22.8993","-43.2012"
210,210-CAJU X PRACA XV - CIRCULAR,Fetranspor,151,26458354,"-22.8993","-43.2012"
210,210-CAJU X PRACA XV - CIRCULAR,Fetranspor,152,26458354,"-22.8993","-43.2012"
210,210-CAJU X PRACA XV - CIRCULAR,Fetranspor,153,26458354,"-22.8992","-43.2012"
210,210-CAJU X PRACA XV - CIRCULAR,Fetranspor,154,26458354,"-22.8991","-43.2013"
210,210-CAJU X PRACA XV - CIRCULAR,Fetranspor,155,26458354,"-22.8991","-43.2013"
210,210-CAJU X PRACA XV - CIRCULAR,Fetranspor,156,26458354,"-22.899","-43.2013"
210,210-CAJU X PRACA XV - CIRCULAR,Fetranspor,157,26458354,"-22.8989","-43.2014"
210,210-CAJU X PRACA XV - CIRCULAR,Fetranspor,158,26458354,"-22.8989","-43.2015"
210,210-CAJU X PRACA XV - CIRCULAR,Fetranspor,159,26458354,"-22.8989","-43.2016"
210,210-CAJU X PRACA XV - CIRCULAR,Fetranspor,160,26458354,"-22.8988","-43.2017"
210,210-CAJU X PRACA XV - CIRCULAR,Fetranspor,161,26458354,"-22.8988","-43.2017"
210,210-CAJU X PRACA XV - CIRCULAR,Fetranspor,162,26458354,"-22.8988","-43.2018"
210,210-CAJU X PRACA XV - CIRCULAR,Fetranspor,163,26458354,"-22.8987","-43.2018"
210,210-CAJU X PRACA XV - CIRCULAR,Fetranspor,164,26458354,"-22.8982","-43.2021"
210,210-CAJU X PRACA XV - CIRCULAR,Fetranspor,165,26458354,"-22.8982","-43.2021"
210,210-CAJU X PRACA XV - CIRCULAR,Fetranspor,166,26458354,"-22.8982","-43.2022"
210,210-CAJU X PRACA XV - CIRCULAR,Fetranspor,167,26458354,"-22.8982","-43.2022"
210,210-CAJU X PRACA XV - CIRCULAR,Fetranspor,168,26458354,"-22.8987","-43.2033"
210,210-CAJU X PRACA XV - CIRCULAR,Fetranspor,169,26458354,"-22.8987","-43.2033"
210,210-CAJU X PRACA XV - CIRCULAR,Fetranspor,170,26458354,"-22.8989","-43.2039"
210,210-CAJU X PRACA XV - CIRCULAR,Fetranspor,171,26458354,"-22.8995","-43.2052"
210,210-CAJU X PRACA XV - CIRCULAR,Fetranspor,172,26458354,"-22.8995","-43.2052"
210,210-CAJU X PRACA XV - CIRCULAR,Fetranspor,173,26458354,"-22.9","-43.2065"
210,210-CAJU X PRACA XV - CIRCULAR,Fetranspor,174,26458354,"-22.9","-43.2065"
210,210-CAJU X PRACA XV - CIRCULAR,Fetranspor,175,26458354,"-22.9003","-43.2071"
210,210-CAJU X PRACA XV - CIRCULAR,Fetranspor,176,26458354,"-22.9003","-43.2072"
210,210-CAJU X PRACA XV - CIRCULAR,Fetranspor,177,26458354,"-22.9003","-43.2073"
210,210-CAJU X PRACA XV - CIRCULAR,Fetranspor,178,26458354,"-22.9004","-43.2085"
210,210-CAJU X PRACA XV - CIRCULAR,Fetranspor,179,26458354,"-22.9004","-43.2074"
210,210-CAJU X PRACA XV - CIRCULAR,Fetranspor,180,26458354,"-22.9004","-43.2079"
210,210-CAJU X PRACA XV - CIRCULAR,Fetranspor,181,26458354,"-22.9004","-43.2079"
210,210-CAJU X PRACA XV - CIRCULAR,Fetranspor,182,26458354,"-22.9004","-43.2081"
210,210-CAJU X PRACA XV - CIRCULAR,Fetranspor,183,26458354,"-22.9004","-43.2081"
210,210-CAJU X PRACA XV - CIRCULAR,Fetranspor,184,26458354,"-22.9004","-43.2083"
210,210-CAJU X PRACA XV - CIRCULAR,Fetranspor,185,26458354,"-22.9004","-43.2083"
210,210-CAJU X PRACA XV - CIRCULAR,Fetranspor,186,26458354,"-22.9004","-43.2084"
210,210-CAJU X PRACA XV - CIRCULAR,Fetranspor,187,26458354,"-22.9004","-43.2084"
210,210-CAJU X PRACA XV - CIRCULAR,Fetranspor,188,26458354,"-22.9005","-43.2092"
210,210-CAJU X PRACA XV - CIRCULAR,Fetranspor,189,26458354,"-22.9004","-43.2085"
210,210-CAJU X PRACA XV - CIRCULAR,Fetranspor,190,26458354,"-22.9004","-43.209"
210,210-CAJU X PRACA XV - CIRCULAR,Fetranspor,191,26458354,"-22.9004","-43.209"
210,210-CAJU X PRACA XV - CIRCULAR,Fetranspor,192,26458354,"-22.9004","-43.2091"
210,210-CAJU X PRACA XV - CIRCULAR,Fetranspor,193,26458354,"-22.9004","-43.2092"
210,210-CAJU X PRACA XV - CIRCULAR,Fetranspor,194,26458354,"-22.9002","-43.2095"
210,210-CAJU X PRACA XV - CIRCULAR,Fetranspor,195,26458354,"-22.9002","-43.2095"
210,210-CAJU X PRACA XV - CIRCULAR,Fetranspor,196,26458354,"-22.9001","-43.2097"
210,210-CAJU X PRACA XV - CIRCULAR,Fetranspor,197,26458354,"-22.9","-43.2098"
210,210-CAJU X PRACA XV - CIRCULAR,Fetranspor,198,26458354,"-22.8999","-43.2099"
210,210-CAJU X PRACA XV - CIRCULAR,Fetranspor,199,26458354,"-22.8999","-43.2099"
210,210-CAJU X PRACA XV - CIRCULAR,Fetranspor,200,26458354,"-22.8995","-43.2099"
210,210-CAJU X PRACA XV - CIRCULAR,Fetranspor,201,26458354,"-22.8992","-43.2099"
210,210-CAJU X PRACA XV - CIRCULAR,Fetranspor,202,26458354,"-22.8992","-43.2099"
210,210-CAJU X PRACA XV - CIRCULAR,Fetranspor,203,26458354,"-22.8988","-43.2099"
210,210-CAJU X PRACA XV - CIRCULAR,Fetranspor,204,26458354,"-22.8987","-43.2099"
210,210-CAJU X PRACA XV - CIRCULAR,Fetranspor,205,26458354,"-22.8986","-43.21"
210,210-CAJU X PRACA XV - CIRCULAR,Fetranspor,206,26458354,"-22.8985","-43.2101"
210,210-CAJU X PRACA XV - CIRCULAR,Fetranspor,207,26458354,"-22.8984","-43.2102"
210,210-CAJU X PRACA XV - CIRCULAR,Fetranspor,208,26458354,"-22.8984","-43.2104"
210,210-CAJU X PRACA XV - CIRCULAR,Fetranspor,209,26458354,"-22.8984","-43.2104"
210,210-CAJU X PRACA XV - CIRCULAR,Fetranspor,210,26458354,"-22.8984","-43.2105"
210,210-CAJU X PRACA XV - CIRCULAR,Fetranspor,211,26458354,"-22.8984","-43.2107"
210,210-CAJU X PRACA XV - CIRCULAR,Fetranspor,212,26458354,"-22.8984","-43.2108"
210,210-CAJU X PRACA XV - CIRCULAR,Fetranspor,213,26458354,"-22.8983","-43.2109"
210,210-CAJU X PRACA XV - CIRCULAR,Fetranspor,214,26458354,"-22.8982","-43.211"
210,210-CAJU X PRACA XV - CIRCULAR,Fetranspor,215,26458354,"-22.8977","-43.2116"
210,210-CAJU X PRACA XV - CIRCULAR,Fetranspor,216,26458354,"-22.8977","-43.2116"
210,210-CAJU X PRACA XV - CIRCULAR,Fetranspor,217,26458354,"-22.897","-43.2122"
210,210-CAJU X PRACA XV - CIRCULAR,Fetranspor,218,26458354,"-22.8969","-43.2123"
210,210-CAJU X PRACA XV - CIRCULAR,Fetranspor,219,26458354,"-22.8968","-43.2124"
210,210-CAJU X PRACA XV - CIRCULAR,Fetranspor,220,26458354,"-22.8929","-43.2142"
210,210-CAJU X PRACA XV - CIRCULAR,Fetranspor,221,26458354,"-22.8929","-43.2142"
210,210-CAJU X PRACA XV - CIRCULAR,Fetranspor,222,26458354,"-22.8923","-43.2145"
210,210-CAJU X PRACA XV - CIRCULAR,Fetranspor,223,26458354,"-22.8923","-43.2145"
210,210-CAJU X PRACA XV - CIRCULAR,Fetranspor,224,26458354,"-22.8892","-43.216"
210,210-CAJU X PRACA XV - CIRCULAR,Fetranspor,225,26458354,"-22.8891","-43.2161"
210,210-CAJU X PRACA XV - CIRCULAR,Fetranspor,226,26458354,"-22.8891","-43.2161"
210,210-CAJU X PRACA XV - CIRCULAR,Fetranspor,227,26458354,"-22.8891","-43.2162"
210,210-CAJU X PRACA XV - CIRCULAR,Fetranspor,228,26458354,"-22.8888","-43.2171"
210,210-CAJU X PRACA XV - CIRCULAR,Fetranspor,229,26458354,"-22.8887","-43.2173"
210,210-CAJU X PRACA XV - CIRCULAR,Fetranspor,230,26458354,"-22.8887","-43.2174"
210,210-CAJU X PRACA XV - CIRCULAR,Fetranspor,231,26458354,"-22.8887","-43.2176"
210,210-CAJU X PRACA XV - CIRCULAR,Fetranspor,232,26458354,"-22.8887","-43.2178"
210,210-CAJU X PRACA XV - CIRCULAR,Fetranspor,233,26458354,"-22.8886","-43.2187"
210,210-CAJU X PRACA XV - CIRCULAR,Fetranspor,234,26458354,"-22.8886","-43.2193"
210,210-CAJU X PRACA XV - CIRCULAR,Fetranspor,235,26458354,"-22.8886","-43.2193"
210,210-CAJU X PRACA XV - CIRCULAR,Fetranspor,236,26458354,"-22.8887","-43.2195"
210,210-CAJU X PRACA XV - CIRCULAR,Fetranspor,237,26458354,"-22.8886","-43.2203"
210,210-CAJU X PRACA XV - CIRCULAR,Fetranspor,238,26458354,"-22.8886","-43.2217"
210,210-CAJU X PRACA XV - CIRCULAR,Fetranspor,239,26458354,"-22.8886","-43.2217"
210,210-CAJU X PRACA XV - CIRCULAR,Fetranspor,240,26458354,"-22.8886","-43.2219"
210,210-CAJU X PRACA XV - CIRCULAR,Fetranspor,241,26458354,"-22.8886","-43.2219"
210,210-CAJU X PRACA XV - CIRCULAR,Fetranspor,242,26458354,"-22.8886","-43.2219"
210,210-CAJU X PRACA XV - CIRCULAR,Fetranspor,243,26458354,"-22.8885","-43.2222"
210,210-CAJU X PRACA XV - CIRCULAR,Fetranspor,244,26458354,"-22.8885","-43.2223"
210,210-CAJU X PRACA XV - CIRCULAR,Fetranspor,245,26458354,"-22.8884","-43.2225"
210,210-CAJU X PRACA XV - CIRCULAR,Fetranspor,246,26458354,"-22.8883","-43.2227"
210,210-CAJU X PRACA XV - CIRCULAR,Fetranspor,247,26458354,"-22.8882","-43.2229"
210,210-CAJU X PRACA XV - CIRCULAR,Fetranspor,248,26458354,"-22.8881","-43.2229"
210,210-CAJU X PRACA XV - CIRCULAR,Fetranspor,249,26458354,"-22.8881","-43.2229"
210,210-CAJU X PRACA XV - CIRCULAR,Fetranspor,250,26458354,"-22.8878","-43.2232"
210,210-CAJU X PRACA XV - CIRCULAR,Fetranspor,251,26458354,"-22.8872","-43.2239"
210,210-CAJU X PRACA XV - CIRCULAR,Fetranspor,252,26458354,"-22.8872","-43.2239"
210,210-CAJU X PRACA XV - CIRCULAR,Fetranspor,253,26458354,"-22.8869","-43.2242"
210,210-CAJU X PRACA XV - CIRCULAR,Fetranspor,254,26458354,"-22.8864","-43.2246"
210,210-CAJU X PRACA XV - CIRCULAR,Fetranspor,255,26458354,"-22.8862","-43.2248"
210,210-CAJU X PRACA XV - CIRCULAR,Fetranspor,256,26458354,"-22.8862","-43.2248"
210,210-CAJU X PRACA XV - CIRCULAR,Fetranspor,257,26458354,"-22.8861","-43.2249"
210,210-CAJU X PRACA XV - CIRCULAR,Fetranspor,258,26458354,"-22.8858","-43.2253"
210,210-CAJU X PRACA XV - CIRCULAR,Fetranspor,259,26458354,"-22.8858","-43.2253"
210,210-CAJU X PRACA XV - CIRCULAR,Fetranspor,260,26458354,"-22.8852","-43.2258"
210,210-CAJU X PRACA XV - CIRCULAR,Fetranspor,261,26458354,"-22.885","-43.226"
210,210-CAJU X PRACA XV - CIRCULAR,Fetranspor,262,26458354,"-22.885","-43.226"
210,210-CAJU X PRACA XV - CIRCULAR,Fetranspor,263,26458354,"-22.8849","-43.2261"
210,210-CAJU X PRACA XV - CIRCULAR,Fetranspor,264,26458354,"-22.8848","-43.2261"
210,210-CAJU X PRACA XV - CIRCULAR,Fetranspor,265,26458354,"-22.8848","-43.226"
210,210-CAJU X PRACA XV - CIRCULAR,Fetranspor,266,26458354,"-22.8834","-43.2254"
210,210-CAJU X PRACA XV - CIRCULAR,Fetranspor,267,26458354,"-22.8834","-43.2254"
210,210-CAJU X PRACA XV - CIRCULAR,Fetranspor,268,26458354,"-22.8828","-43.2252"
210,210-CAJU X PRACA XV - CIRCULAR,Fetranspor,269,26458354,"-22.8828","-43.2252"
210,210-CAJU X PRACA XV - CIRCULAR,Fetranspor,270,26458354,"-22.8827","-43.2251"
210,210-CAJU X PRACA XV - CIRCULAR,Fetranspor,271,26458354,"-22.8819","-43.2248"
210,210-CAJU X PRACA XV - CIRCULAR,Fetranspor,272,26458354,"-22.8817","-43.2247"
210,210-CAJU X PRACA XV - CIRCULAR,Fetranspor,273,26458354,"-22.8816","-43.2247"
210,210-CAJU X PRACA XV - CIRCULAR,Fetranspor,274,26458354,"-22.8814","-43.2247"
210,210-CAJU X PRACA XV - CIRCULAR,Fetranspor,275,26458354,"-22.8813","-43.2247"
210,210-CAJU X PRACA XV - CIRCULAR,Fetranspor,276,26458354,"-22.8808","-43.2248"
210,210-CAJU X PRACA XV - CIRCULAR,Fetranspor,277,26458354,"-22.8804","-43.2248"
210,210-CAJU X PRACA XV - CIRCULAR,Fetranspor,278,26458354,"-22.8804","-43.2248"
210,210-CAJU X PRACA XV - CIRCULAR,Fetranspor,279,26458354,"-22.8803","-43.2248"
210,210-CAJU X PRACA XV - CIRCULAR,Fetranspor,280,26458354,"-22.8803","-43.2248"
210,210-CAJU X PRACA XV - CIRCULAR,Fetranspor,281,26458354,"-22.8802","-43.2248"
210,210-CAJU X PRACA XV - CIRCULAR,Fetranspor,282,26458354,"-22.8801","-43.2248"
210,210-CAJU X PRACA XV - CIRCULAR,Fetranspor,283,26458354,"-22.8801","-43.2248"
210,210-CAJU X PRACA XV - CIRCULAR,Fetranspor,284,26458354,"-22.88","-43.2248"
210,210-CAJU X PRACA XV - CIRCULAR,Fetranspor,285,26458354,"-22.8796","-43.2247"
210,210-CAJU X PRACA XV - CIRCULAR,Fetranspor,286,26458354,"-22.8796","-43.2247"
210,210-CAJU X PRACA XV - CIRCULAR,Fetranspor,287,26458354,"-22.8793","-43.2246"
210,210-CAJU X PRACA XV - CIRCULAR,Fetranspor,288,26458354,"-22.8792","-43.2246"
210,210-CAJU X PRACA XV - CIRCULAR,Fetranspor,289,26458354,"-22.8789","-43.2245"
210,210-CAJU X PRACA XV - CIRCULAR,Fetranspor,290,26458354,"-22.8789","-43.2245"
210,210-CAJU X PRACA XV - CIRCULAR,Fetranspor,291,26458354,"-22.8787","-43.2244"
210,210-CAJU X PRACA XV - CIRCULAR,Fetranspor,292,26458354,"-22.8774","-43.2238"
210,210-CAJU X PRACA XV - CIRCULAR,Fetranspor,293,26458354,"-22.8772","-43.2238"
210,210-CAJU X PRACA XV - CIRCULAR,Fetranspor,294,26458354,"-22.8769","-43.2237"
210,210-CAJU X PRACA XV - CIRCULAR,Fetranspor,295,26458354,"-22.8765","-43.2237"
210,210-CAJU X PRACA XV - CIRCULAR,Fetranspor,296,26458354,"-22.8765","-43.2237"
210,210-CAJU X PRACA XV - CIRCULAR,Fetranspor,297,26458354,"-22.8763","-43.2236"
210,210-CAJU X PRACA XV - CIRCULAR,Fetranspor,298,26458354,"-22.8763","-43.2236"
210,210-CAJU X PRACA XV - CIRCULAR,Fetranspor,299,26458354,"-22.8762","-43.2236"
210,210-CAJU X PRACA XV - CIRCULAR,Fetranspor,300,26458354,"-22.8761","-43.2236"
210,210-CAJU X PRACA XV - CIRCULAR,Fetranspor,301,26458354,"-22.8761","-43.2235"
210,210-CAJU X PRACA XV - CIRCULAR,Fetranspor,302,26458354,"-22.876","-43.2235"
210,210-CAJU X PRACA XV - CIRCULAR,Fetranspor,303,26458354,"-22.8758","-43.2229"
210,210-CAJU X PRACA XV - CIRCULAR,Fetranspor,304,26458354,"-22.8758","-43.2229"
210,210-CAJU X PRACA XV - CIRCULAR,Fetranspor,305,26458354,"-22.8752","-43.2213"
210,210-CAJU X PRACA XV - CIRCULAR,Fetranspor,306,26458354,"-22.8752","-43.2212"
210,210-CAJU X PRACA XV - CIRCULAR,Fetranspor,307,26458354,"-22.8752","-43.2211"
210,210-CAJU X PRACA XV - CIRCULAR,Fetranspor,308,26458354,"-22.8752","-43.2211"
210,210-CAJU X PRACA XV - CIRCULAR,Fetranspor,309,26458354,"-22.8752","-43.221"
210,210-CAJU X PRACA XV - CIRCULAR,Fetranspor,310,26458354,"-22.8753","-43.2209"
210,210-CAJU X PRACA XV - CIRCULAR,Fetranspor,311,26458354,"-22.8755","-43.2206"
210,210-CAJU X PRACA XV - CIRCULAR,Fetranspor,312,26458354,"-22.8758","-43.2203"
210,210-CAJU X PRACA XV - CIRCULAR,Fetranspor,313,26458354,"-22.8762","-43.2197"
210,210-CAJU X PRACA XV - CIRCULAR,Fetranspor,314,26458354,"-22.8764","-43.2194"
210,210-CAJU X PRACA XV - CIRCULAR,Fetranspor,315,26458354,"-22.8766","-43.2192"
210,210-CAJU X PRACA XV - CIRCULAR,Fetranspor,316,26458354,"-22.8767","-43.219"
210,210-CAJU X PRACA XV - CIRCULAR,Fetranspor,317,26458354,"-22.8769","-43.2186"
210,210-CAJU X PRACA XV - CIRCULAR,Fetranspor,318,26458354,"-22.8772","-43.2178"
210,210-CAJU X PRACA XV - CIRCULAR,Fetranspor,319,26458354,"-22.8773","-43.2177"
210,210-CAJU X PRACA XV - CIRCULAR,Fetranspor,320,26458354,"-22.8773","-43.2176"
210,210-CAJU X PRACA XV - CIRCULAR,Fetranspor,321,26458354,"-22.8773","-43.2174"
210,210-CAJU X PRACA XV - CIRCULAR,Fetranspor,322,26458354,"-22.8773","-43.2174"
210,210-CAJU X PRACA XV - CIRCULAR,Fetranspor,323,26458354,"-22.8773","-43.2172"
210,210-CAJU X PRACA XV - CIRCULAR,Fetranspor,324,26458354,"-22.8773","-43.2169"
210,210-CAJU X PRACA XV - CIRCULAR,Fetranspor,325,26458354,"-22.8773","-43.2166"
210,210-CAJU X PRACA XV - CIRCULAR,Fetranspor,326,26458354,"-22.8773","-43.2164"
210,210-CAJU X PRACA XV - CIRCULAR,Fetranspor,327,26458354,"-22.8773","-43.2164"
210,210-CAJU X PRACA XV - CIRCULAR,Fetranspor,328,26458354,"-22.8772","-43.2162"
210,210-CAJU X PRACA XV - CIRCULAR,Fetranspor,329,26458354,"-22.8772","-43.2162"
210,210-CAJU X PRACA XV - CIRCULAR,Fetranspor,330,26458354,"-22.8776","-43.2161"
210,210-CAJU X PRACA XV - CIRCULAR,Fetranspor,331,26458354,"-22.8776","-43.2161"
210,210-CAJU X PRACA XV - CIRCULAR,Fetranspor,332,26458354,"-22.8776","-43.2161"
210,210-CAJU X PRACA XV - CIRCULAR,Fetranspor,333,26458354,"-22.8779","-43.216"
210,210-CAJU X PRACA XV - CIRCULAR,Fetranspor,334,26458354,"-22.8783","-43.2159"
210,210-CAJU X PRACA XV - CIRCULAR,Fetranspor,335,26458354,"-22.8783","-43.2159"
210,210-CAJU X PRACA XV - CIRCULAR,Fetranspor,336,26458354,"-22.8791","-43.2156"
210,210-CAJU X PRACA XV - CIRCULAR,Fetranspor,337,26458354,"-22.8791","-43.2156"
210,210-CAJU X PRACA XV - CIRCULAR,Fetranspor,338,26458354,"-22.879","-43.2153"
210,210-CAJU X PRACA XV - CIRCULAR,Fetranspor,339,26458354,"-22.8789","-43.2149"
210,210-CAJU X PRACA XV - CIRCULAR,Fetranspor,340,26458354,"-22.8789","-43.2148"
210,210-CAJU X PRACA XV - CIRCULAR,Fetranspor,341,26458354,"-22.8789","-43.2146"
210,210-CAJU X PRACA XV - CIRCULAR,Fetranspor,342,26458354,"-22.879","-43.2144"
210,210-CAJU X PRACA XV - CIRCULAR,Fetranspor,343,26458354,"-22.8791","-43.2142"
210,210-CAJU X PRACA XV - CIRCULAR,Fetranspor,344,26458354,"-22.8791","-43.2137"
210,210-CAJU X PRACA XV - CIRCULAR,Fetranspor,345,26458354,"-22.8791","-43.2135"
210,210-CAJU X PRACA XV - CIRCULAR,Fetranspor,346,26458354,"-22.879","-43.2128"
210,210-CAJU X PRACA XV - CIRCULAR,Fetranspor,347,26458354,"-22.8789","-43.2124"
210,210-CAJU X PRACA XV - CIRCULAR,Fetranspor,348,26458354,"-22.879","-43.2123"
210,210-CAJU X PRACA XV - CIRCULAR,Fetranspor,349,26458354,"-22.879","-43.212"
210,210-CAJU X PRACA XV - CIRCULAR,Fetranspor,350,26458354,"-22.879","-43.2119"
210,210-CAJU X PRACA XV - CIRCULAR,Fetranspor,351,26458354,"-22.879","-43.2119"
210,210-CAJU X PRACA XV - CIRCULAR,Fetranspor,352,26458354,"-22.879","-43.2119"
210,210-CAJU X PRACA XV - CIRCULAR,Fetranspor,353,26458354,"-22.879","-43.2118"
210,210-CAJU X PRACA XV - CIRCULAR,Fetranspor,354,26458354,"-22.8789","-43.2117"
210,210-CAJU X PRACA XV - CIRCULAR,Fetranspor,355,26458354,"-22.8789","-43.2117"
210,210-CAJU X PRACA XV - CIRCULAR,Fetranspor,356,26458354,"-22.8788","-43.2117"
210,210-CAJU X PRACA XV - CIRCULAR,Fetranspor,357,26458354,"-22.8788","-43.2117"
210,210-CAJU X PRACA XV - CIRCULAR,Fetranspor,358,26458354,"-22.8787","-43.2117"
210,210-CAJU X PRACA XV - CIRCULAR,Fetranspor,359,26458354,"-22.8786","-43.2118"
210,210-CAJU X PRACA XV - CIRCULAR,Fetranspor,360,26458354,"-22.8786","-43.2118"
210,210-CAJU X PRACA XV - CIRCULAR,Fetranspor,361,26458354,"-22.8785","-43.2118"
210,210-CAJU X PRACA XV - CIRCULAR,Fetranspor,362,26458354,"-22.8782","-43.2119"
210,210-CAJU X PRACA XV - CIRCULAR,Fetranspor,363,26458354,"-22.8781","-43.212"
210,210-CAJU X PRACA XV - CIRCULAR,Fetranspor,364,26458354,"-22.8781","-43.212"
210,210-CAJU X PRACA XV - CIRCULAR,Fetranspor,365,26458354,"-22.878","-43.212"
210,210-CAJU X PRACA XV - CIRCULAR,Fetranspor,366,26458354,"-22.8779","-43.212"
210,210-CAJU X PRACA XV - CIRCULAR,Fetranspor,367,26458354,"-22.8765","-43.2116"
210,210-CAJU X PRACA XV - CIRCULAR,Fetranspor,368,26458354,"-22.8765","-43.2116"
210,210-CAJU X PRACA XV - CIRCULAR,Fetranspor,369,26458354,"-22.8764","-43.212"
210,210-CAJU X PRACA XV - CIRCULAR,Fetranspor,370,26458354,"-22.8762","-43.2129"
210,210-CAJU X PRACA XV - CIRCULAR,Fetranspor,371,26458354,"-22.8762","-43.2131"
210,210-CAJU X PRACA XV - CIRCULAR,Fetranspor,372,26458354,"-22.8762","-43.2132"
210,210-CAJU X PRACA XV - CIRCULAR,Fetranspor,373,26458354,"-22.8761","-43.2133"
210,210-CAJU X PRACA XV - CIRCULAR,Fetranspor,0,26458563,"-22.8761","-43.2133"
210,210-CAJU X PRACA XV - CIRCULAR,Fetranspor,1,26458563,"-22.8762","-43.2135"
210,210-CAJU X PRACA XV - CIRCULAR,Fetranspor,2,26458563,"-22.8764","-43.2137"
210,210-CAJU X PRACA XV - CIRCULAR,Fetranspor,3,26458563,"-22.8764","-43.2137"
210,210-CAJU X PRACA XV - CIRCULAR,Fetranspor,4,26458563,"-22.8766","-43.2141"
210,210-CAJU X PRACA XV - CIRCULAR,Fetranspor,5,26458563,"-22.8771","-43.2149"
210,210-CAJU X PRACA XV - CIRCULAR,Fetranspor,6,26458563,"-22.8774","-43.2153"
210,210-CAJU X PRACA XV - CIRCULAR,Fetranspor,7,26458563,"-22.8774","-43.2153"
210,210-CAJU X PRACA XV - CIRCULAR,Fetranspor,8,26458563,"-22.8783","-43.2159"
210,210-CAJU X PRACA XV - CIRCULAR,Fetranspor,9,26458563,"-22.8783","-43.2159"
210,210-CAJU X PRACA XV - CIRCULAR,Fetranspor,10,26458563,"-22.8779","-43.216"
210,210-CAJU X PRACA XV - CIRCULAR,Fetranspor,11,26458563,"-22.8776","-43.2161"
210,210-CAJU X PRACA XV - CIRCULAR,Fetranspor,12,26458563,"-22.8776","-43.2161"
210,210-CAJU X PRACA XV - CIRCULAR,Fetranspor,13,26458563,"-22.8776","-43.2161"
210,210-CAJU X PRACA XV - CIRCULAR,Fetranspor,14,26458563,"-22.8772","-43.2162"
210,210-CAJU X PRACA XV - CIRCULAR,Fetranspor,15,26458563,"-22.8772","-43.2162"
210,210-CAJU X PRACA XV - CIRCULAR,Fetranspor,16,26458563,"-22.8773","-43.2164"
210,210-CAJU X PRACA XV - CIRCULAR,Fetranspor,17,26458563,"-22.8773","-43.2164"
210,210-CAJU X PRACA XV - CIRCULAR,Fetranspor,18,26458563,"-22.8773","-43.2166"
210,210-CAJU X PRACA XV - CIRCULAR,Fetranspor,19,26458563,"-22.8773","-43.2169"
210,210-CAJU X PRACA XV - CIRCULAR,Fetranspor,20,26458563,"-22.8773","-43.2172"
210,210-CAJU X PRACA XV - CIRCULAR,Fetranspor,21,26458563,"-22.8773","-43.2174"
210,210-CAJU X PRACA XV - CIRCULAR,Fetranspor,22,26458563,"-22.8773","-43.2174"
210,210-CAJU X PRACA XV - CIRCULAR,Fetranspor,23,26458563,"-22.8773","-43.2176"
210,210-CAJU X PRACA XV - CIRCULAR,Fetranspor,24,26458563,"-22.8773","-43.2177"
210,210-CAJU X PRACA XV - CIRCULAR,Fetranspor,25,26458563,"-22.8772","-43.2178"
210,210-CAJU X PRACA XV - CIRCULAR,Fetranspor,26,26458563,"-22.8769","-43.2186"
210,210-CAJU X PRACA XV - CIRCULAR,Fetranspor,27,26458563,"-22.8767","-43.219"
210,210-CAJU X PRACA XV - CIRCULAR,Fetranspor,28,26458563,"-22.8766","-43.2192"
210,210-CAJU X PRACA XV - CIRCULAR,Fetranspor,29,26458563,"-22.8764","-43.2194"
210,210-CAJU X PRACA XV - CIRCULAR,Fetranspor,30,26458563,"-22.8762","-43.2197"
210,210-CAJU X PRACA XV - CIRCULAR,Fetranspor,31,26458563,"-22.8758","-43.2203"
210,210-CAJU X PRACA XV - CIRCULAR,Fetranspor,32,26458563,"-22.8755","-43.2206"
210,210-CAJU X PRACA XV - CIRCULAR,Fetranspor,33,26458563,"-22.8753","-43.2209"
210,210-CAJU X PRACA XV - CIRCULAR,Fetranspor,34,26458563,"-22.8752","-43.221"
210,210-CAJU X PRACA XV - CIRCULAR,Fetranspor,35,26458563,"-22.8752","-43.2211"
210,210-CAJU X PRACA XV - CIRCULAR,Fetranspor,36,26458563,"-22.8752","-43.2211"
210,210-CAJU X PRACA XV - CIRCULAR,Fetranspor,37,26458563,"-22.8752","-43.2212"
210,210-CAJU X PRACA XV - CIRCULAR,Fetranspor,38,26458563,"-22.8752","-43.2213"
210,210-CAJU X PRACA XV - CIRCULAR,Fetranspor,39,26458563,"-22.8758","-43.2229"
210,210-CAJU X PRACA XV - CIRCULAR,Fetranspor,40,26458563,"-22.8758","-43.2229"
210,210-CAJU X PRACA XV - CIRCULAR,Fetranspor,41,26458563,"-22.876","-43.2235"
210,210-CAJU X PRACA XV - CIRCULAR,Fetranspor,42,26458563,"-22.8761","-43.2235"
210,210-CAJU X PRACA XV - CIRCULAR,Fetranspor,43,26458563,"-22.8761","-43.2236"
210,210-CAJU X PRACA XV - CIRCULAR,Fetranspor,44,26458563,"-22.8762","-43.2236"
210,210-CAJU X PRACA XV - CIRCULAR,Fetranspor,45,26458563,"-22.8763","-43.2236"
210,210-CAJU X PRACA XV - CIRCULAR,Fetranspor,46,26458563,"-22.8763","-43.2236"
210,210-CAJU X PRACA XV - CIRCULAR,Fetranspor,47,26458563,"-22.8765","-43.2237"
210,210-CAJU X PRACA XV - CIRCULAR,Fetranspor,48,26458563,"-22.8765","-43.2237"
210,210-CAJU X PRACA XV - CIRCULAR,Fetranspor,49,26458563,"-22.8769","-43.2237"
210,210-CAJU X PRACA XV - CIRCULAR,Fetranspor,50,26458563,"-22.8772","-43.2238"
210,210-CAJU X PRACA XV - CIRCULAR,Fetranspor,51,26458563,"-22.8774","-43.2238"
210,210-CAJU X PRACA XV - CIRCULAR,Fetranspor,52,26458563,"-22.8787","-43.2244"
210,210-CAJU X PRACA XV - CIRCULAR,Fetranspor,53,26458563,"-22.8789","-43.2245"
210,210-CAJU X PRACA XV - CIRCULAR,Fetranspor,54,26458563,"-22.8789","-43.2245"
210,210-CAJU X PRACA XV - CIRCULAR,Fetranspor,55,26458563,"-22.8792","-43.2246"
210,210-CAJU X PRACA XV - CIRCULAR,Fetranspor,56,26458563,"-22.8793","-43.2246"
210,210-CAJU X PRACA XV - CIRCULAR,Fetranspor,57,26458563,"-22.8796","-43.2247"
210,210-CAJU X PRACA XV - CIRCULAR,Fetranspor,58,26458563,"-22.8796","-43.2247"
210,210-CAJU X PRACA XV - CIRCULAR,Fetranspor,59,26458563,"-22.88","-43.2248"
210,210-CAJU X PRACA XV - CIRCULAR,Fetranspor,60,26458563,"-22.8801","-43.2248"
210,210-CAJU X PRACA XV - CIRCULAR,Fetranspor,61,26458563,"-22.8801","-43.2248"
210,210-CAJU X PRACA XV - CIRCULAR,Fetranspor,62,26458563,"-22.8802","-43.2248"
210,210-CAJU X PRACA XV - CIRCULAR,Fetranspor,63,26458563,"-22.8803","-43.2248"
210,210-CAJU X PRACA XV - CIRCULAR,Fetranspor,64,26458563,"-22.8803","-43.2248"
210,210-CAJU X PRACA XV - CIRCULAR,Fetranspor,65,26458563,"-22.8804","-43.2248"
210,210-CAJU X PRACA XV - CIRCULAR,Fetranspor,66,26458563,"-22.8804","-43.2248"
210,210-CAJU X PRACA XV - CIRCULAR,Fetranspor,67,26458563,"-22.8808","-43.2248"
210,210-CAJU X PRACA XV - CIRCULAR,Fetranspor,68,26458563,"-22.8813","-43.2247"
210,210-CAJU X PRACA XV - CIRCULAR,Fetranspor,69,26458563,"-22.8814","-43.2247"
210,210-CAJU X PRACA XV - CIRCULAR,Fetranspor,70,26458563,"-22.8816","-43.2247"
210,210-CAJU X PRACA XV - CIRCULAR,Fetranspor,71,26458563,"-22.8817","-43.2247"
210,210-CAJU X PRACA XV - CIRCULAR,Fetranspor,72,26458563,"-22.8819","-43.2248"
210,210-CAJU X PRACA XV - CIRCULAR,Fetranspor,73,26458563,"-22.8827","-43.2251"
210,210-CAJU X PRACA XV - CIRCULAR,Fetranspor,74,26458563,"-22.8828","-43.2252"
210,210-CAJU X PRACA XV - CIRCULAR,Fetranspor,75,26458563,"-22.8828","-43.2252"
210,210-CAJU X PRACA XV - CIRCULAR,Fetranspor,76,26458563,"-22.8832","-43.2256"
210,210-CAJU X PRACA XV - CIRCULAR,Fetranspor,77,26458563,"-22.8832","-43.2256"
210,210-CAJU X PRACA XV - CIRCULAR,Fetranspor,78,26458563,"-22.8845","-43.2272"
210,210-CAJU X PRACA XV - CIRCULAR,Fetranspor,79,26458563,"-22.8845","-43.2272"
210,210-CAJU X PRACA XV - CIRCULAR,Fetranspor,80,26458563,"-22.8845","-43.2272"
210,210-CAJU X PRACA XV - CIRCULAR,Fetranspor,81,26458563,"-22.8846","-43.2273"
210,210-CAJU X PRACA XV - CIRCULAR,Fetranspor,82,26458563,"-22.8847","-43.2275"
210,210-CAJU X PRACA XV - CIRCULAR,Fetranspor,83,26458563,"-22.8847","-43.2275"
210,210-CAJU X PRACA XV - CIRCULAR,Fetranspor,84,26458563,"-22.8847","-43.2276"
210,210-CAJU X PRACA XV - CIRCULAR,Fetranspor,85,26458563,"-22.8847","-43.2276"
210,210-CAJU X PRACA XV - CIRCULAR,Fetranspor,86,26458563,"-22.8847","-43.2278"
210,210-CAJU X PRACA XV - CIRCULAR,Fetranspor,87,26458563,"-22.8847","-43.2279"
210,210-CAJU X PRACA XV - CIRCULAR,Fetranspor,88,26458563,"-22.8848","-43.228"
210,210-CAJU X PRACA XV - CIRCULAR,Fetranspor,89,26458563,"-22.8848","-43.2281"
210,210-CAJU X PRACA XV - CIRCULAR,Fetranspor,90,26458563,"-22.8848","-43.2281"
210,210-CAJU X PRACA XV - CIRCULAR,Fetranspor,91,26458563,"-22.8849","-43.2283"
210,210-CAJU X PRACA XV - CIRCULAR,Fetranspor,92,26458563,"-22.885","-43.2285"
210,210-CAJU X PRACA XV - CIRCULAR,Fetranspor,93,26458563,"-22.8851","-43.2286"
210,210-CAJU X PRACA XV - CIRCULAR,Fetranspor,94,26458563,"-22.8853","-43.2288"
210,210-CAJU X PRACA XV - CIRCULAR,Fetranspor,95,26458563,"-22.8853","-43.2288"
210,210-CAJU X PRACA XV - CIRCULAR,Fetranspor,96,26458563,"-22.8855","-43.2291"
210,210-CAJU X PRACA XV - CIRCULAR,Fetranspor,97,26458563,"-22.8855","-43.2291"
210,210-CAJU X PRACA XV - CIRCULAR,Fetranspor,98,26458563,"-22.8864","-43.2302"
210,210-CAJU X PRACA XV - CIRCULAR,Fetranspor,99,26458563,"-22.8864","-43.2303"
210,210-CAJU X PRACA XV - CIRCULAR,Fetranspor,100,26458563,"-22.8865","-43.2304"
210,210-CAJU X PRACA XV - CIRCULAR,Fetranspor,101,26458563,"-22.8865","-43.2304"
210,210-CAJU X PRACA XV - CIRCULAR,Fetranspor,102,26458563,"-22.8866","-43.2307"
210,210-CAJU X PRACA XV - CIRCULAR,Fetranspor,103,26458563,"-22.8866","-43.2308"
210,210-CAJU X PRACA XV - CIRCULAR,Fetranspor,104,26458563,"-22.8865","-43.231"
210,210-CAJU X PRACA XV - CIRCULAR,Fetranspor,105,26458563,"-22.8864","-43.2313"
210,210-CAJU X PRACA XV - CIRCULAR,Fetranspor,106,26458563,"-22.8863","-43.2318"
210,210-CAJU X PRACA XV - CIRCULAR,Fetranspor,107,26458563,"-22.8863","-43.2319"
210,210-CAJU X PRACA XV - CIRCULAR,Fetranspor,108,26458563,"-22.8863","-43.2321"
210,210-CAJU X PRACA XV - CIRCULAR,Fetranspor,109,26458563,"-22.8863","-43.2322"
210,210-CAJU X PRACA XV - CIRCULAR,Fetranspor,110,26458563,"-22.8864","-43.2322"
210,210-CAJU X PRACA XV - CIRCULAR,Fetranspor,111,26458563,"-22.8864","-43.2323"
210,210-CAJU X PRACA XV - CIRCULAR,Fetranspor,112,26458563,"-22.8865","-43.2324"
210,210-CAJU X PRACA XV - CIRCULAR,Fetranspor,113,26458563,"-22.8867","-43.2325"
210,210-CAJU X PRACA XV - CIRCULAR,Fetranspor,114,26458563,"-22.8868","-43.2325"
210,210-CAJU X PRACA XV - CIRCULAR,Fetranspor,115,26458563,"-22.8876","-43.2327"
210,210-CAJU X PRACA XV - CIRCULAR,Fetranspor,116,26458563,"-22.8877","-43.2327"
210,210-CAJU X PRACA XV - CIRCULAR,Fetranspor,117,26458563,"-22.8878","-43.2327"
210,210-CAJU X PRACA XV - CIRCULAR,Fetranspor,118,26458563,"-22.8879","-43.2328"
210,210-CAJU X PRACA XV - CIRCULAR,Fetranspor,119,26458563,"-22.888","-43.2329"
210,210-CAJU X PRACA XV - CIRCULAR,Fetranspor,120,26458563,"-22.888","-43.233"
210,210-CAJU X PRACA XV - CIRCULAR,Fetranspor,121,26458563,"-22.888","-43.233"
210,210-CAJU X PRACA XV - CIRCULAR,Fetranspor,122,26458563,"-22.8884","-43.2335"
210,210-CAJU X PRACA XV - CIRCULAR,Fetranspor,123,26458563,"-22.8884","-43.2335"
210,210-CAJU X PRACA XV - CIRCULAR,Fetranspor,124,26458563,"-22.8884","-43.2335"
210,210-CAJU X PRACA XV - CIRCULAR,Fetranspor,125,26458563,"-22.8884","-43.2336"
210,210-CAJU X PRACA XV - CIRCULAR,Fetranspor,126,26458563,"-22.8884","-43.2336"
210,210-CAJU X PRACA XV - CIRCULAR,Fetranspor,127,26458563,"-22.8884","-43.2337"
210,210-CAJU X PRACA XV - CIRCULAR,Fetranspor,128,26458563,"-22.8884","-43.2338"
210,210-CAJU X PRACA XV - CIRCULAR,Fetranspor,129,26458563,"-22.8883","-43.2339"
210,210-CAJU X PRACA XV - CIRCULAR,Fetranspor,130,26458563,"-22.8881","-43.234"
210,210-CAJU X PRACA XV - CIRCULAR,Fetranspor,131,26458563,"-22.888","-43.2342"
210,210-CAJU X PRACA XV - CIRCULAR,Fetranspor,132,26458563,"-22.8879","-43.2342"
210,210-CAJU X PRACA XV - CIRCULAR,Fetranspor,133,26458563,"-22.8879","-43.2342"
210,210-CAJU X PRACA XV - CIRCULAR,Fetranspor,134,26458563,"-22.8878","-43.2342"
210,210-CAJU X PRACA XV - CIRCULAR,Fetranspor,135,26458563,"-22.8878","-43.2343"
210,210-CAJU X PRACA XV - CIRCULAR,Fetranspor,136,26458563,"-22.8877","-43.2342"
210,210-CAJU X PRACA XV - CIRCULAR,Fetranspor,137,26458563,"-22.8877","-43.2342"
210,210-CAJU X PRACA XV - CIRCULAR,Fetranspor,138,26458563,"-22.8876","-43.2342"
210,210-CAJU X PRACA XV - CIRCULAR,Fetranspor,139,26458563,"-22.8871","-43.2336"
210,210-CAJU X PRACA XV - CIRCULAR,Fetranspor,140,26458563,"-22.8871","-43.2335"
210,210-CAJU X PRACA XV - CIRCULAR,Fetranspor,141,26458563,"-22.8871","-43.2334"
210,210-CAJU X PRACA XV - CIRCULAR,Fetranspor,142,26458563,"-22.8871","-43.2332"
210,210-CAJU X PRACA XV - CIRCULAR,Fetranspor,143,26458563,"-22.8871","-43.2332"
210,210-CAJU X PRACA XV - CIRCULAR,Fetranspor,144,26458563,"-22.8872","-43.233"
210,210-CAJU X PRACA XV - CIRCULAR,Fetranspor,145,26458563,"-22.8872","-43.2327"
210,210-CAJU X PRACA XV - CIRCULAR,Fetranspor,146,26458563,"-22.8873","-43.2324"
210,210-CAJU X PRACA XV - CIRCULAR,Fetranspor,147,26458563,"-22.8873","-43.2322"
210,210-CAJU X PRACA XV - CIRCULAR,Fetranspor,148,26458563,"-22.8873","-43.232"
210,210-CAJU X PRACA XV - CIRCULAR,Fetranspor,149,26458563,"-22.8873","-43.2317"
210,210-CAJU X PRACA XV - CIRCULAR,Fetranspor,150,26458563,"-22.8873","-43.2313"
210,210-CAJU X PRACA XV - CIRCULAR,Fetranspor,151,26458563,"-22.8872","-43.2311"
210,210-CAJU X PRACA XV - CIRCULAR,Fetranspor,152,26458563,"-22.8872","-43.2311"
210,210-CAJU X PRACA XV - CIRCULAR,Fetranspor,153,26458563,"-22.8872","-43.231"
210,210-CAJU X PRACA XV - CIRCULAR,Fetranspor,154,26458563,"-22.8871","-43.2307"
210,210-CAJU X PRACA XV - CIRCULAR,Fetranspor,155,26458563,"-22.8871","-43.2305"
210,210-CAJU X PRACA XV - CIRCULAR,Fetranspor,156,26458563,"-22.887","-43.2303"
210,210-CAJU X PRACA XV - CIRCULAR,Fetranspor,157,26458563,"-22.8868","-43.2301"
210,210-CAJU X PRACA XV - CIRCULAR,Fetranspor,158,26458563,"-22.8866","-43.2298"
210,210-CAJU X PRACA XV - CIRCULAR,Fetranspor,159,26458563,"-22.8866","-43.2298"
210,210-CAJU X PRACA XV - CIRCULAR,Fetranspor,160,26458563,"-22.8866","-43.2297"
210,210-CAJU X PRACA XV - CIRCULAR,Fetranspor,161,26458563,"-22.8862","-43.2293"
210,210-CAJU X PRACA XV - CIRCULAR,Fetranspor,162,26458563,"-22.8858","-43.2288"
210,210-CAJU X PRACA XV - CIRCULAR,Fetranspor,163,26458563,"-22.8858","-43.2288"
210,210-CAJU X PRACA XV - CIRCULAR,Fetranspor,164,26458563,"-22.8856","-43.2285"
210,210-CAJU X PRACA XV - CIRCULAR,Fetranspor,165,26458563,"-22.8854","-43.2282"
210,210-CAJU X PRACA XV - CIRCULAR,Fetranspor,166,26458563,"-22.8853","-43.2281"
210,210-CAJU X PRACA XV - CIRCULAR,Fetranspor,167,26458563,"-22.8852","-43.2279"
210,210-CAJU X PRACA XV - CIRCULAR,Fetranspor,168,26458563,"-22.8852","-43.2279"
210,210-CAJU X PRACA XV - CIRCULAR,Fetranspor,169,26458563,"-22.8852","-43.2278"
210,210-CAJU X PRACA XV - CIRCULAR,Fetranspor,170,26458563,"-22.8851","-43.2276"
210,210-CAJU X PRACA XV - CIRCULAR,Fetranspor,171,26458563,"-22.8851","-43.2276"
210,210-CAJU X PRACA XV - CIRCULAR,Fetranspor,172,26458563,"-22.8852","-43.2274"
210,210-CAJU X PRACA XV - CIRCULAR,Fetranspor,173,26458563,"-22.8853","-43.2273"
210,210-CAJU X PRACA XV - CIRCULAR,Fetranspor,174,26458563,"-22.8854","-43.2272"
210,210-CAJU X PRACA XV - CIRCULAR,Fetranspor,175,26458563,"-22.8858","-43.2269"
210,210-CAJU X PRACA XV - CIRCULAR,Fetranspor,176,26458563,"-22.8861","-43.2267"
210,210-CAJU X PRACA XV - CIRCULAR,Fetranspor,177,26458563,"-22.8861","-43.2267"
210,210-CAJU X PRACA XV - CIRCULAR,Fetranspor,178,26458563,"-22.8863","-43.2265"
210,210-CAJU X PRACA XV - CIRCULAR,Fetranspor,179,26458563,"-22.8863","-43.2265"
210,210-CAJU X PRACA XV - CIRCULAR,Fetranspor,180,26458563,"-22.887","-43.2259"
210,210-CAJU X PRACA XV - CIRCULAR,Fetranspor,181,26458563,"-22.887","-43.2259"
210,210-CAJU X PRACA XV - CIRCULAR,Fetranspor,182,26458563,"-22.8878","-43.2253"
210,210-CAJU X PRACA XV - CIRCULAR,Fetranspor,183,26458563,"-22.8878","-43.2253"
210,210-CAJU X PRACA XV - CIRCULAR,Fetranspor,184,26458563,"-22.8885","-43.2248"
210,210-CAJU X PRACA XV - CIRCULAR,Fetranspor,185,26458563,"-22.8885","-43.2248"
210,210-CAJU X PRACA XV - CIRCULAR,Fetranspor,186,26458563,"-22.8904","-43.2233"
210,210-CAJU X PRACA XV - CIRCULAR,Fetranspor,187,26458563,"-22.8904","-43.2233"
210,210-CAJU X PRACA XV - CIRCULAR,Fetranspor,188,26458563,"-22.8905","-43.2231"
210,210-CAJU X PRACA XV - CIRCULAR,Fetranspor,189,26458563,"-22.8905","-43.2231"
210,210-CAJU X PRACA XV - CIRCULAR,Fetranspor,190,26458563,"-22.8914","-43.2225"
210,210-CAJU X PRACA XV - CIRCULAR,Fetranspor,191,26458563,"-22.8914","-43.2225"
210,210-CAJU X PRACA XV - CIRCULAR,Fetranspor,192,26458563,"-22.8925","-43.2215"
210,210-CAJU X PRACA XV - CIRCULAR,Fetranspor,193,26458563,"-22.8925","-43.2215"
210,210-CAJU X PRACA XV - CIRCULAR,Fetranspor,194,26458563,"-22.8937","-43.2206"
210,210-CAJU X PRACA XV - CIRCULAR,Fetranspor,195,26458563,"-22.8937","-43.2206"
210,210-CAJU X PRACA XV - CIRCULAR,Fetranspor,196,26458563,"-22.8933","-43.2202"
210,210-CAJU X PRACA XV - CIRCULAR,Fetranspor,197,26458563,"-22.893","-43.2199"
210,210-CAJU X PRACA XV - CIRCULAR,Fetranspor,198,26458563,"-22.8923","-43.2192"
210,210-CAJU X PRACA XV - CIRCULAR,Fetranspor,199,26458563,"-22.8922","-43.2191"
210,210-CAJU X PRACA XV - CIRCULAR,Fetranspor,200,26458563,"-22.8922","-43.2191"
210,210-CAJU X PRACA XV - CIRCULAR,Fetranspor,201,26458563,"-22.8921","-43.219"
210,210-CAJU X PRACA XV - CIRCULAR,Fetranspor,202,26458563,"-22.8921","-43.219"
210,210-CAJU X PRACA XV - CIRCULAR,Fetranspor,203,26458563,"-22.892","-43.2189"
210,210-CAJU X PRACA XV - CIRCULAR,Fetranspor,204,26458563,"-22.892","-43.2189"
210,210-CAJU X PRACA XV - CIRCULAR,Fetranspor,205,26458563,"-22.8913","-43.219"
210,210-CAJU X PRACA XV - CIRCULAR,Fetranspor,206,26458563,"-22.8913","-43.219"
210,210-CAJU X PRACA XV - CIRCULAR,Fetranspor,207,26458563,"-22.8905","-43.2192"
210,210-CAJU X PRACA XV - CIRCULAR,Fetranspor,208,26458563,"-22.8905","-43.2192"
210,210-CAJU X PRACA XV - CIRCULAR,Fetranspor,209,26458563,"-22.8905","-43.2192"
210,210-CAJU X PRACA XV - CIRCULAR,Fetranspor,210,26458563,"-22.8905","-43.2192"
210,210-CAJU X PRACA XV - CIRCULAR,Fetranspor,211,26458563,"-22.8896","-43.2192"
210,210-CAJU X PRACA XV - CIRCULAR,Fetranspor,212,26458563,"-22.8895","-43.2192"
210,210-CAJU X PRACA XV - CIRCULAR,Fetranspor,213,26458563,"-22.8894","-43.2192"
210,210-CAJU X PRACA XV - CIRCULAR,Fetranspor,214,26458563,"-22.8894","-43.2192"
210,210-CAJU X PRACA XV - CIRCULAR,Fetranspor,215,26458563,"-22.8894","-43.2189"
210,210-CAJU X PRACA XV - CIRCULAR,Fetranspor,216,26458563,"-22.8894","-43.2187"
210,210-CAJU X PRACA XV - CIRCULAR,Fetranspor,217,26458563,"-22.8894","-43.2186"
210,210-CAJU X PRACA XV - CIRCULAR,Fetranspor,218,26458563,"-22.8895","-43.2184"
210,210-CAJU X PRACA XV - CIRCULAR,Fetranspor,219,26458563,"-22.8895","-43.2183"
210,210-CAJU X PRACA XV - CIRCULAR,Fetranspor,220,26458563,"-22.8896","-43.2181"
210,210-CAJU X PRACA XV - CIRCULAR,Fetranspor,221,26458563,"-22.8896","-43.2181"
210,210-CAJU X PRACA XV - CIRCULAR,Fetranspor,222,26458563,"-22.8897","-43.218"
210,210-CAJU X PRACA XV - CIRCULAR,Fetranspor,223,26458563,"-22.8898","-43.2179"
210,210-CAJU X PRACA XV - CIRCULAR,Fetranspor,224,26458563,"-22.8899","-43.2178"
210,210-CAJU X PRACA XV - CIRCULAR,Fetranspor,225,26458563,"-22.89","-43.2177"
210,210-CAJU X PRACA XV - CIRCULAR,Fetranspor,226,26458563,"-22.8901","-43.2176"
210,210-CAJU X PRACA XV - CIRCULAR,Fetranspor,227,26458563,"-22.8904","-43.2174"
210,210-CAJU X PRACA XV - CIRCULAR,Fetranspor,228,26458563,"-22.891","-43.2172"
210,210-CAJU X PRACA XV - CIRCULAR,Fetranspor,229,26458563,"-22.8925","-43.2164"
210,210-CAJU X PRACA XV - CIRCULAR,Fetranspor,230,26458563,"-22.8925","-43.2164"
210,210-CAJU X PRACA XV - CIRCULAR,Fetranspor,231,26458563,"-22.8955","-43.215"
210,210-CAJU X PRACA XV - CIRCULAR,Fetranspor,232,26458563,"-22.8955","-43.215"
210,210-CAJU X PRACA XV - CIRCULAR,Fetranspor,233,26458563,"-22.8957","-43.2149"
210,210-CAJU X PRACA XV - CIRCULAR,Fetranspor,234,26458563,"-22.8958","-43.2148"
210,210-CAJU X PRACA XV - CIRCULAR,Fetranspor,235,26458563,"-22.8959","-43.2147"
210,210-CAJU X PRACA XV - CIRCULAR,Fetranspor,236,26458563,"-22.8962","-43.2145"
210,210-CAJU X PRACA XV - CIRCULAR,Fetranspor,237,26458563,"-22.8964","-43.2143"
210,210-CAJU X PRACA XV - CIRCULAR,Fetranspor,238,26458563,"-22.8968","-43.2137"
210,210-CAJU X PRACA XV - CIRCULAR,Fetranspor,239,26458563,"-22.8968","-43.2137"
210,210-CAJU X PRACA XV - CIRCULAR,Fetranspor,240,26458563,"-22.8968","-43.2131"
210,210-CAJU X PRACA XV - CIRCULAR,Fetranspor,241,26458563,"-22.8968","-43.2131"
210,210-CAJU X PRACA XV - CIRCULAR,Fetranspor,242,26458563,"-22.8969","-43.213"
210,210-CAJU X PRACA XV - CIRCULAR,Fetranspor,243,26458563,"-22.8971","-43.2128"
210,210-CAJU X PRACA XV - CIRCULAR,Fetranspor,244,26458563,"-22.8973","-43.2125"
210,210-CAJU X PRACA XV - CIRCULAR,Fetranspor,245,26458563,"-22.8973","-43.2125"
210,210-CAJU X PRACA XV - CIRCULAR,Fetranspor,246,26458563,"-22.8982","-43.2115"
210,210-CAJU X PRACA XV - CIRCULAR,Fetranspor,247,26458563,"-22.8985","-43.2111"
210,210-CAJU X PRACA XV - CIRCULAR,Fetranspor,248,26458563,"-22.8985","-43.2111"
210,210-CAJU X PRACA XV - CIRCULAR,Fetranspor,249,26458563,"-22.8986","-43.2109"
210,210-CAJU X PRACA XV - CIRCULAR,Fetranspor,250,26458563,"-22.8987","-43.2107"
210,210-CAJU X PRACA XV - CIRCULAR,Fetranspor,251,26458563,"-22.8987","-43.2106"
210,210-CAJU X PRACA XV - CIRCULAR,Fetranspor,252,26458563,"-22.8987","-43.2103"
210,210-CAJU X PRACA XV - CIRCULAR,Fetranspor,253,26458563,"-22.8988","-43.2102"
210,210-CAJU X PRACA XV - CIRCULAR,Fetranspor,254,26458563,"-22.8988","-43.2101"
210,210-CAJU X PRACA XV - CIRCULAR,Fetranspor,255,26458563,"-22.899","-43.2101"
210,210-CAJU X PRACA XV - CIRCULAR,Fetranspor,256,26458563,"-22.8992","-43.21"
210,210-CAJU X PRACA XV - CIRCULAR,Fetranspor,257,26458563,"-22.8996","-43.2101"
210,210-CAJU X PRACA XV - CIRCULAR,Fetranspor,258,26458563,"-22.8997","-43.2101"
210,210-CAJU X PRACA XV - CIRCULAR,Fetranspor,259,26458563,"-22.8998","-43.21"
210,210-CAJU X PRACA XV - CIRCULAR,Fetranspor,260,26458563,"-22.9","-43.21"
210,210-CAJU X PRACA XV - CIRCULAR,Fetranspor,261,26458563,"-22.9001","-43.2099"
210,210-CAJU X PRACA XV - CIRCULAR,Fetranspor,262,26458563,"-22.9002","-43.2099"
210,210-CAJU X PRACA XV - CIRCULAR,Fetranspor,263,26458563,"-22.9002","-43.2098"
210,210-CAJU X PRACA XV - CIRCULAR,Fetranspor,264,26458563,"-22.9002","-43.2098"
210,210-CAJU X PRACA XV - CIRCULAR,Fetranspor,265,26458563,"-22.9004","-43.2094"
210,210-CAJU X PRACA XV - CIRCULAR,Fetranspor,266,26458563,"-22.9005","-43.2093"
210,210-CAJU X PRACA XV - CIRCULAR,Fetranspor,267,26458563,"-22.9005","-43.2092"
210,210-CAJU X PRACA XV - CIRCULAR,Fetranspor,268,26458563,"-22.9005","-43.2092"
210,210-CAJU X PRACA XV - CIRCULAR,Fetranspor,269,26458563,"-22.9004","-43.2084"
210,210-CAJU X PRACA XV - CIRCULAR,Fetranspor,270,26458563,"-22.9004","-43.2084"
210,210-CAJU X PRACA XV - CIRCULAR,Fetranspor,271,26458563,"-22.9004","-43.2083"
210,210-CAJU X PRACA XV - CIRCULAR,Fetranspor,272,26458563,"-22.9004","-43.2083"
210,210-CAJU X PRACA XV - CIRCULAR,Fetranspor,273,26458563,"-22.9004","-43.2081"
210,210-CAJU X PRACA XV - CIRCULAR,Fetranspor,274,26458563,"-22.9004","-43.2081"
210,210-CAJU X PRACA XV - CIRCULAR,Fetranspor,275,26458563,"-22.9004","-43.2079"
210,210-CAJU X PRACA XV - CIRCULAR,Fetranspor,276,26458563,"-22.9004","-43.2079"
210,210-CAJU X PRACA XV - CIRCULAR,Fetranspor,277,26458563,"-22.9004","-43.2074"
210,210-CAJU X PRACA XV - CIRCULAR,Fetranspor,278,26458563,"-22.9004","-43.2074"
210,210-CAJU X PRACA XV - CIRCULAR,Fetranspor,279,26458563,"-22.9003","-43.2065"
210,210-CAJU X PRACA XV - CIRCULAR,Fetranspor,280,26458563,"-22.9003","-43.2065"
210,210-CAJU X PRACA XV - CIRCULAR,Fetranspor,281,26458563,"-22.9003","-43.2059"
210,210-CAJU X PRACA XV - CIRCULAR,Fetranspor,282,26458563,"-22.9002","-43.2051"
210,210-CAJU X PRACA XV - CIRCULAR,Fetranspor,283,26458563,"-22.9002","-43.2051"
210,210-CAJU X PRACA XV - CIRCULAR,Fetranspor,284,26458563,"-22.9003","-43.2049"
210,210-CAJU X PRACA XV - CIRCULAR,Fetranspor,285,26458563,"-22.9003","-43.2049"
210,210-CAJU X PRACA XV - CIRCULAR,Fetranspor,286,26458563,"-22.9003","-43.2045"
210,210-CAJU X PRACA XV - CIRCULAR,Fetranspor,287,26458563,"-22.9004","-43.2041"
210,210-CAJU X PRACA XV - CIRCULAR,Fetranspor,288,26458563,"-22.9004","-43.2041"
210,210-CAJU X PRACA XV - CIRCULAR,Fetranspor,289,26458563,"-22.9004","-43.2038"
210,210-CAJU X PRACA XV - CIRCULAR,Fetranspor,290,26458563,"-22.9004","-43.2034"
210,210-CAJU X PRACA XV - CIRCULAR,Fetranspor,291,26458563,"-22.9004","-43.2033"
210,210-CAJU X PRACA XV - CIRCULAR,Fetranspor,292,26458563,"-22.9003","-43.203"
210,210-CAJU X PRACA XV - CIRCULAR,Fetranspor,293,26458563,"-22.9003","-43.2029"
210,210-CAJU X PRACA XV - CIRCULAR,Fetranspor,294,26458563,"-22.9003","-43.2029"
210,210-CAJU X PRACA XV - CIRCULAR,Fetranspor,295,26458563,"-22.9","-43.2024"
210,210-CAJU X PRACA XV - CIRCULAR,Fetranspor,296,26458563,"-22.9","-43.2024"
210,210-CAJU X PRACA XV - CIRCULAR,Fetranspor,297,26458563,"-22.8998","-43.202"
210,210-CAJU X PRACA XV - CIRCULAR,Fetranspor,298,26458563,"-22.8998","-43.2019"
210,210-CAJU X PRACA XV - CIRCULAR,Fetranspor,299,26458563,"-22.8997","-43.2018"
210,210-CAJU X PRACA XV - CIRCULAR,Fetranspor,300,26458563,"-22.8996","-43.2018"
210,210-CAJU X PRACA XV - CIRCULAR,Fetranspor,301,26458563,"-22.8996","-43.2018"
210,210-CAJU X PRACA XV - CIRCULAR,Fetranspor,302,26458563,"-22.8996","-43.2017"
210,210-CAJU X PRACA XV - CIRCULAR,Fetranspor,303,26458563,"-22.8996","-43.2016"
210,210-CAJU X PRACA XV - CIRCULAR,Fetranspor,304,26458563,"-22.8996","-43.2016"
210,210-CAJU X PRACA XV - CIRCULAR,Fetranspor,305,26458563,"-22.8996","-43.2016"
210,210-CAJU X PRACA XV - CIRCULAR,Fetranspor,306,26458563,"-22.8996","-43.2015"
210,210-CAJU X PRACA XV - CIRCULAR,Fetranspor,307,26458563,"-22.8996","-43.2014"
210,210-CAJU X PRACA XV - CIRCULAR,Fetranspor,308,26458563,"-22.8997","-43.2014"
210,210-CAJU X PRACA XV - CIRCULAR,Fetranspor,309,26458563,"-22.9012","-43.2003"
210,210-CAJU X PRACA XV - CIRCULAR,Fetranspor,310,26458563,"-22.9012","-43.2003"
210,210-CAJU X PRACA XV - CIRCULAR,Fetranspor,311,26458563,"-22.9016","-43.2"
210,210-CAJU X PRACA XV - CIRCULAR,Fetranspor,312,26458563,"-22.9019","-43.1999"
210,210-CAJU X PRACA XV - CIRCULAR,Fetranspor,313,26458563,"-22.9023","-43.1997"
210,210-CAJU X PRACA XV - CIRCULAR,Fetranspor,314,26458563,"-22.9025","-43.1996"
210,210-CAJU X PRACA XV - CIRCULAR,Fetranspor,315,26458563,"-22.9026","-43.1996"
210,210-CAJU X PRACA XV - CIRCULAR,Fetranspor,316,26458563,"-22.9026","-43.1996"
210,210-CAJU X PRACA XV - CIRCULAR,Fetranspor,317,26458563,"-22.9027","-43.1995"
210,210-CAJU X PRACA XV - CIRCULAR,Fetranspor,318,26458563,"-22.9028","-43.1994"
210,210-CAJU X PRACA XV - CIRCULAR,Fetranspor,319,26458563,"-22.9028","-43.1993"
210,210-CAJU X PRACA XV - CIRCULAR,Fetranspor,320,26458563,"-22.9028","-43.1993"
210,210-CAJU X PRACA XV - CIRCULAR,Fetranspor,321,26458563,"-22.9034","-43.1981"
210,210-CAJU X PRACA XV - CIRCULAR,Fetranspor,322,26458563,"-22.9034","-43.1981"
210,210-CAJU X PRACA XV - CIRCULAR,Fetranspor,323,26458563,"-22.9037","-43.1974"
210,210-CAJU X PRACA XV - CIRCULAR,Fetranspor,324,26458563,"-22.9037","-43.1974"
210,210-CAJU X PRACA XV - CIRCULAR,Fetranspor,325,26458563,"-22.904","-43.1968"
210,210-CAJU X PRACA XV - CIRCULAR,Fetranspor,326,26458563,"-22.9041","-43.1967"
210,210-CAJU X PRACA XV - CIRCULAR,Fetranspor,327,26458563,"-22.9041","-43.1966"
210,210-CAJU X PRACA XV - CIRCULAR,Fetranspor,328,26458563,"-22.9038","-43.1958"
210,210-CAJU X PRACA XV - CIRCULAR,Fetranspor,329,26458563,"-22.9038","-43.1958"
210,210-CAJU X PRACA XV - CIRCULAR,Fetranspor,330,26458563,"-22.9035","-43.195"
210,210-CAJU X PRACA XV - CIRCULAR,Fetranspor,331,26458563,"-22.9033","-43.1946"
210,210-CAJU X PRACA XV - CIRCULAR,Fetranspor,332,26458563,"-22.9033","-43.1946"
210,210-CAJU X PRACA XV - CIRCULAR,Fetranspor,333,26458563,"-22.9031","-43.1939"
210,210-CAJU X PRACA XV - CIRCULAR,Fetranspor,334,26458563,"-22.9031","-43.1939"
210,210-CAJU X PRACA XV - CIRCULAR,Fetranspor,335,26458563,"-22.9031","-43.1936"
210,210-CAJU X PRACA XV - CIRCULAR,Fetranspor,336,26458563,"-22.9028","-43.1926"
210,210-CAJU X PRACA XV - CIRCULAR,Fetranspor,337,26458563,"-22.9026","-43.1915"
210,210-CAJU X PRACA XV - CIRCULAR,Fetranspor,338,26458563,"-22.9026","-43.1915"
210,210-CAJU X PRACA XV - CIRCULAR,Fetranspor,339,26458563,"-22.9025","-43.1914"
210,210-CAJU X PRACA XV - CIRCULAR,Fetranspor,340,26458563,"-22.9025","-43.1913"
210,210-CAJU X PRACA XV - CIRCULAR,Fetranspor,341,26458563,"-22.9025","-43.1913"
210,210-CAJU X PRACA XV - CIRCULAR,Fetranspor,342,26458563,"-22.9021","-43.1908"
210,210-CAJU X PRACA XV - CIRCULAR,Fetranspor,343,26458563,"-22.9018","-43.1903"
210,210-CAJU X PRACA XV - CIRCULAR,Fetranspor,344,26458563,"-22.9013","-43.1896"
210,210-CAJU X PRACA XV - CIRCULAR,Fetranspor,345,26458563,"-22.9013","-43.1896"
210,210-CAJU X PRACA XV - CIRCULAR,Fetranspor,346,26458563,"-22.9016","-43.1894"
210,210-CAJU X PRACA XV - CIRCULAR,Fetranspor,347,26458563,"-22.9019","-43.1893"
210,210-CAJU X PRACA XV - CIRCULAR,Fetranspor,348,26458563,"-22.9019","-43.1893"
210,210-CAJU X PRACA XV - CIRCULAR,Fetranspor,349,26458563,"-22.9022","-43.1892"
210,210-CAJU X PRACA XV - CIRCULAR,Fetranspor,350,26458563,"-22.9034","-43.1886"
210,210-CAJU X PRACA XV - CIRCULAR,Fetranspor,351,26458563,"-22.9034","-43.1886"
210,210-CAJU X PRACA XV - CIRCULAR,Fetranspor,352,26458563,"-22.9033","-43.1885"
210,210-CAJU X PRACA XV - CIRCULAR,Fetranspor,353,26458563,"-22.9032","-43.188"
210,210-CAJU X PRACA XV - CIRCULAR,Fetranspor,354,26458563,"-22.903","-43.1874"
210,210-CAJU X PRACA XV - CIRCULAR,Fetranspor,355,26458563,"-22.903","-43.1874"
210,210-CAJU X PRACA XV - CIRCULAR,Fetranspor,356,26458563,"-22.9025","-43.1861"
210,210-CAJU X PRACA XV - CIRCULAR,Fetranspor,357,26458563,"-22.9025","-43.1861"
210,210-CAJU X PRACA XV - CIRCULAR,Fetranspor,358,26458563,"-22.9022","-43.1853"
210,210-CAJU X PRACA XV - CIRCULAR,Fetranspor,359,26458563,"-22.902","-43.1849"
210,210-CAJU X PRACA XV - CIRCULAR,Fetranspor,360,26458563,"-22.9019","-43.1847"
210,210-CAJU X PRACA XV - CIRCULAR,Fetranspor,361,26458563,"-22.9019","-43.1847"
210,210-CAJU X PRACA XV - CIRCULAR,Fetranspor,362,26458563,"-22.9019","-43.1846"
210,210-CAJU X PRACA XV - CIRCULAR,Fetranspor,363,26458563,"-22.9019","-43.1846"
210,210-CAJU X PRACA XV - CIRCULAR,Fetranspor,364,26458563,"-22.902","-43.1845"
210,210-CAJU X PRACA XV - CIRCULAR,Fetranspor,365,26458563,"-22.902","-43.1844"
210,210-CAJU X PRACA XV - CIRCULAR,Fetranspor,366,26458563,"-22.9026","-43.1841"
210,210-CAJU X PRACA XV - CIRCULAR,Fetranspor,367,26458563,"-22.9026","-43.1841"
210,210-CAJU X PRACA XV - CIRCULAR,Fetranspor,368,26458563,"-22.9026","-43.184"
210,210-CAJU X PRACA XV - CIRCULAR,Fetranspor,369,26458563,"-22.9027","-43.184"
210,210-CAJU X PRACA XV - CIRCULAR,Fetranspor,370,26458563,"-22.9027","-43.184"
210,210-CAJU X PRACA XV - CIRCULAR,Fetranspor,371,26458563,"-22.9029","-43.1839"
210,210-CAJU X PRACA XV - CIRCULAR,Fetranspor,372,26458563,"-22.9029","-43.1839"
210,210-CAJU X PRACA XV - CIRCULAR,Fetranspor,373,26458563,"-22.903","-43.1838"
210,210-CAJU X PRACA XV - CIRCULAR,Fetranspor,374,26458563,"-22.903","-43.1838"
210,210-CAJU X PRACA XV - CIRCULAR,Fetranspor,375,26458563,"-22.9036","-43.1836"
210,210-CAJU X PRACA XV - CIRCULAR,Fetranspor,376,26458563,"-22.9036","-43.1836"
210,210-CAJU X PRACA XV - CIRCULAR,Fetranspor,377,26458563,"-22.904","-43.1834"
210,210-CAJU X PRACA XV - CIRCULAR,Fetranspor,378,26458563,"-22.904","-43.1834"
210,210-CAJU X PRACA XV - CIRCULAR,Fetranspor,379,26458563,"-22.9045","-43.1832"
210,210-CAJU X PRACA XV - CIRCULAR,Fetranspor,380,26458563,"-22.9045","-43.1832"
210,210-CAJU X PRACA XV - CIRCULAR,Fetranspor,381,26458563,"-22.9048","-43.1831"
210,210-CAJU X PRACA XV - CIRCULAR,Fetranspor,382,26458563,"-22.9048","-43.1831"
210,210-CAJU X PRACA XV - CIRCULAR,Fetranspor,383,26458563,"-22.905","-43.183"
210,210-CAJU X PRACA XV - CIRCULAR,Fetranspor,384,26458563,"-22.9053","-43.1829"
210,210-CAJU X PRACA XV - CIRCULAR,Fetranspor,385,26458563,"-22.9053","-43.1829"
210,210-CAJU X PRACA XV - CIRCULAR,Fetranspor,386,26458563,"-22.9057","-43.1827"
210,210-CAJU X PRACA XV - CIRCULAR,Fetranspor,387,26458563,"-22.9057","-43.1827"
210,210-CAJU X PRACA XV - CIRCULAR,Fetranspor,388,26458563,"-22.9058","-43.1826"
210,210-CAJU X PRACA XV - CIRCULAR,Fetranspor,389,26458563,"-22.9064","-43.1824"
210,210-CAJU X PRACA XV - CIRCULAR,Fetranspor,390,26458563,"-22.9064","-43.1824"
210,210-CAJU X PRACA XV - CIRCULAR,Fetranspor,391,26458563,"-22.9064","-43.1823"
210,210-CAJU X PRACA XV - CIRCULAR,Fetranspor,392,26458563,"-22.9064","-43.1822"
210,210-CAJU X PRACA XV - CIRCULAR,Fetranspor,393,26458563,"-22.9065","-43.1822"
210,210-CAJU X PRACA XV - CIRCULAR,Fetranspor,394,26458563,"-22.9065","-43.1821"
210,210-CAJU X PRACA XV - CIRCULAR,Fetranspor,395,26458563,"-22.9066","-43.1821"
210,210-CAJU X PRACA XV - CIRCULAR,Fetranspor,396,26458563,"-22.9069","-43.182"
210,210-CAJU X PRACA XV - CIRCULAR,Fetranspor,397,26458563,"-22.907","-43.1819"
210,210-CAJU X PRACA XV - CIRCULAR,Fetranspor,398,26458563,"-22.907","-43.1819"
210,210-CAJU X PRACA XV - CIRCULAR,Fetranspor,399,26458563,"-22.9073","-43.1818"
210,210-CAJU X PRACA XV - CIRCULAR,Fetranspor,400,26458563,"-22.9074","-43.1817"
210,210-CAJU X PRACA XV - CIRCULAR,Fetranspor,401,26458563,"-22.9074","-43.1817"
210,210-CAJU X PRACA XV - CIRCULAR,Fetranspor,402,26458563,"-22.9074","-43.1817"
210,210-CAJU X PRACA XV - CIRCULAR,Fetranspor,403,26458563,"-22.9074","-43.1813"
210,210-CAJU X PRACA XV - CIRCULAR,Fetranspor,404,26458563,"-22.9075","-43.1811"
210,210-CAJU X PRACA XV - CIRCULAR,Fetranspor,405,26458563,"-22.9075","-43.1811"
210,210-CAJU X PRACA XV - CIRCULAR,Fetranspor,406,26458563,"-22.9075","-43.1811"
210,210-CAJU X PRACA XV - CIRCULAR,Fetranspor,407,26458563,"-22.9076","-43.181"
210,210-CAJU X PRACA XV - CIRCULAR,Fetranspor,408,26458563,"-22.9076","-43.1809"
210,210-CAJU X PRACA XV - CIRCULAR,Fetranspor,409,26458563,"-22.9077","-43.1809"
210,210-CAJU X PRACA XV - CIRCULAR,Fetranspor,410,26458563,"-22.9078","-43.1808"
210,210-CAJU X PRACA XV - CIRCULAR,Fetranspor,411,26458563,"-22.908","-43.1808"
210,210-CAJU X PRACA XV - CIRCULAR,Fetranspor,412,26458563,"-22.9084","-43.1806"
210,210-CAJU X PRACA XV - CIRCULAR,Fetranspor,413,26458563,"-22.9084","-43.1806"
210,210-CAJU X PRACA XV - CIRCULAR,Fetranspor,414,26458563,"-22.9091","-43.1803"
210,210-CAJU X PRACA XV - CIRCULAR,Fetranspor,415,26458563,"-22.9091","-43.1803"
210,210-CAJU X PRACA XV - CIRCULAR,Fetranspor,416,26458563,"-22.9092","-43.1803"
210,210-CAJU X PRACA XV - CIRCULAR,Fetranspor,417,26458563,"-22.9092","-43.1803"
210,210-CAJU X PRACA XV - CIRCULAR,Fetranspor,418,26458563,"-22.9094","-43.1802"
210,210-CAJU X PRACA XV - CIRCULAR,Fetranspor,419,26458563,"-22.9094","-43.1802"
210,210-CAJU X PRACA XV - CIRCULAR,Fetranspor,420,26458563,"-22.9109","-43.1797"
210,210-CAJU X PRACA XV - CIRCULAR,Fetranspor,421,26458563,"-22.9109","-43.1797"
210,210-CAJU X PRACA XV - CIRCULAR,Fetranspor,422,26458563,"-22.9123","-43.1792"
210,210-CAJU X PRACA XV - CIRCULAR,Fetranspor,423,26458563,"-22.9123","-43.1792"
210,210-CAJU X PRACA XV - CIRCULAR,Fetranspor,424,26458563,"-22.9122","-43.1791"
210,210-CAJU X PRACA XV - CIRCULAR,Fetranspor,425,26458563,"-22.9122","-43.1791"
210,210-CAJU X PRACA XV - CIRCULAR,Fetranspor,426,26458563,"-22.9122","-43.179"
210,210-CAJU X PRACA XV - CIRCULAR,Fetranspor,427,26458563,"-22.9122","-43.1789"
210,210-CAJU X PRACA XV - CIRCULAR,Fetranspor,428,26458563,"-22.9117","-43.1786"
210,210-CAJU X PRACA XV - CIRCULAR,Fetranspor,429,26458563,"-22.9117","-43.1786"
210,210-CAJU X PRACA XV - CIRCULAR,Fetranspor,430,26458563,"-22.9106","-43.1776"
210,210-CAJU X PRACA XV - CIRCULAR,Fetranspor,431,26458563,"-22.9104","-43.1775"
210,210-CAJU X PRACA XV - CIRCULAR,Fetranspor,432,26458563,"-22.9104","-43.1775"
210,210-CAJU X PRACA XV - CIRCULAR,Fetranspor,433,26458563,"-22.9097","-43.1768"
210,210-CAJU X PRACA XV - CIRCULAR,Fetranspor,434,26458563,"-22.9097","-43.1767"
210,210-CAJU X PRACA XV - CIRCULAR,Fetranspor,435,26458563,"-22.9096","-43.1765"
210,210-CAJU X PRACA XV - CIRCULAR,Fetranspor,436,26458563,"-22.9096","-43.1765"
210,210-CAJU X PRACA XV - CIRCULAR,Fetranspor,437,26458563,"-22.9093","-43.1762"
210,210-CAJU X PRACA XV - CIRCULAR,Fetranspor,438,26458563,"-22.9093","-43.1761"
210,210-CAJU X PRACA XV - CIRCULAR,Fetranspor,439,26458563,"-22.9093","-43.1761"
210,210-CAJU X PRACA XV - CIRCULAR,Fetranspor,440,26458563,"-22.9093","-43.176"
210,210-CAJU X PRACA XV - CIRCULAR,Fetranspor,441,26458563,"-22.909","-43.1752"
210,210-CAJU X PRACA XV - CIRCULAR,Fetranspor,442,26458563,"-22.909","-43.1752"
210,210-CAJU X PRACA XV - CIRCULAR,Fetranspor,443,26458563,"-22.9088","-43.1744"
210,210-CAJU X PRACA XV - CIRCULAR,Fetranspor,444,26458563,"-22.9088","-43.1744"
210,210-CAJU X PRACA XV - CIRCULAR,Fetranspor,445,26458563,"-22.9086","-43.1738"
210,210-CAJU X PRACA XV - CIRCULAR,Fetranspor,446,26458563,"-22.9086","-43.1738"
210,210-CAJU X PRACA XV - CIRCULAR,Fetranspor,447,26458563,"-22.9085","-43.1735"
210,210-CAJU X PRACA XV - CIRCULAR,Fetranspor,448,26458563,"-22.9085","-43.1735"
210,210-CAJU X PRACA XV - CIRCULAR,Fetranspor,449,26458563,"-22.9082","-43.1728"
210,210-CAJU X PRACA XV - CIRCULAR,Fetranspor,450,26458563,"-22.9082","-43.1728"
210,210-CAJU X PRACA XV - CIRCULAR,Fetranspor,451,26458563,"-22.9082","-43.1726"
210,210-CAJU X PRACA XV - CIRCULAR,Fetranspor,452,26458563,"-22.9082","-43.1726"
210,210-CAJU X PRACA XV - CIRCULAR,Fetranspor,453,26458563,"-22.9081","-43.1725"
210,210-CAJU X PRACA XV - CIRCULAR,Fetranspor,454,26458563,"-22.9081","-43.1725"
210,210-CAJU X PRACA XV - CIRCULAR,Fetranspor,455,26458563,"-22.9071","-43.1728"
210,210-CAJU X PRACA XV - CIRCULAR,Fetranspor,456,26458563,"-22.9071","-43.1728"
210,210-CAJU X PRACA XV - CIRCULAR,Fetranspor,457,26458563,"-22.9071","-43.1726"
210,210-CAJU X PRACA XV - CIRCULAR,Fetranspor,458,26458563,"-22.9072","-43.1721"
210,210-CAJU X PRACA XV - CIRCULAR,Fetranspor,459,26458563,"-22.9072","-43.1721"
210,210-CAJU X PRACA XV - CIRCULAR,Fetranspor,460,26458563,"-22.9072","-43.1719"
210,210-CAJU X PRACA XV - CIRCULAR,Fetranspor,461,26458563,"-22.9071","-43.1718"
210,210-CAJU X PRACA XV - CIRCULAR,Fetranspor,462,26458563,"-22.9071","-43.1718"
210,210-CAJU X PRACA XV - CIRCULAR,Fetranspor,463,26458563,"-22.9071","-43.1717"
210,210-CAJU X PRACA XV - CIRCULAR,Fetranspor,464,26458563,"-22.907","-43.1716"
210,210-CAJU X PRACA XV - CIRCULAR,Fetranspor,465,26458563,"-22.9069","-43.1715"
210,210-CAJU X PRACA XV - CIRCULAR,Fetranspor,466,26458563,"-22.9069","-43.1715"
210,210-CAJU X PRACA XV - CIRCULAR,Fetranspor,467,26458563,"-22.9065","-43.1713"
210,210-CAJU X PRACA XV - CIRCULAR,Fetranspor,468,26458563,"-22.9062","-43.1711"
210,210-CAJU X PRACA XV - CIRCULAR,Fetranspor,469,26458563,"-22.9061","-43.1709"
210,210-CAJU X PRACA XV - CIRCULAR,Fetranspor,470,26458563,"-22.906","-43.1709"
210,210-CAJU X PRACA XV - CIRCULAR,Fetranspor,471,26458563,"-22.906","-43.1709"
210,210-CAJU X PRACA XV - CIRCULAR,Fetranspor,472,26458563,"-22.9059","-43.1708"
210,210-CAJU X PRACA XV - CIRCULAR,Fetranspor,473,26458563,"-22.9059","-43.1708"
210,210-CAJU X PRACA XV - CIRCULAR,Fetranspor,474,26458563,"-22.9057","-43.1706"
210,210-CAJU X PRACA XV - CIRCULAR,Fetranspor,475,26458563,"-22.9057","-43.1706"
210,210-CAJU X PRACA XV - CIRCULAR,Fetranspor,476,26458563,"-22.9056","-43.1705"
210,210-CAJU X PRACA XV - CIRCULAR,Fetranspor,477,26458563,"-22.9056","-43.1705"
210,210-CAJU X PRACA XV - CIRCULAR,Fetranspor,478,26458563,"-22.9055","-43.1704"
210,210-CAJU X PRACA XV - CIRCULAR,Fetranspor,479,26458563,"-22.9055","-43.1704"
210,210-CAJU X PRACA XV - CIRCULAR,Fetranspor,480,26458563,"-22.9054","-43.1704"
210,210-CAJU X PRACA XV - CIRCULAR,Fetranspor,481,26458563,"-22.9054","-43.1704"
210,210-CAJU X PRACA XV - CIRCULAR,Fetranspor,482,26458563,"-22.9054","-43.1703"
210,210-CAJU X PRACA XV - CIRCULAR,Fetranspor,483,26458563,"-22.9054","-43.1703"
210,210-CAJU X PRACA XV - CIRCULAR,Fetranspor,484,26458563,"-22.9053","-43.1703"
210,210-CAJU X PRACA XV - CIRCULAR,Fetranspor,485,26458563,"-22.9053","-43.1703"
210,210-CAJU X PRACA XV - CIRCULAR,Fetranspor,486,26458563,"-22.9051","-43.1702"
210,210-CAJU X PRACA XV - CIRCULAR,Fetranspor,487,26458563,"-22.905","-43.1702"
210,210-CAJU X PRACA XV - CIRCULAR,Fetranspor,488,26458563,"-22.9049","-43.1702"
210,210-CAJU X PRACA XV - CIRCULAR,Fetranspor,489,26458563,"-22.9049","-43.1702"
210,210-CAJU X PRACA XV - CIRCULAR,Fetranspor,490,26458563,"-22.9049","-43.1702"
210,210-CAJU X PRACA XV - CIRCULAR,Fetranspor,491,26458563,"-22.9049","-43.1702"
210,210-CAJU X PRACA XV - CIRCULAR,Fetranspor,492,26458563,"-22.9048","-43.1702"
210,210-CAJU X PRACA XV - CIRCULAR,Fetranspor,493,26458563,"-22.9048","-43.1702"
210,210-CAJU X PRACA XV - CIRCULAR,Fetranspor,494,26458563,"-22.9047","-43.1702"
210,210-CAJU X PRACA XV - CIRCULAR,Fetranspor,495,26458563,"-22.9047","-43.1702"
210,210-CAJU X PRACA XV - CIRCULAR,Fetranspor,496,26458563,"-22.9042","-43.1716"
210,210-CAJU X PRACA XV - CIRCULAR,Fetranspor,497,26458563,"-22.9041","-43.1717"
210,210-CAJU X PRACA XV - CIRCULAR,Fetranspor,498,26458563,"-22.904","-43.172"
210,210-CAJU X PRACA XV - CIRCULAR,Fetranspor,499,26458563,"-22.904","-43.172"
210,210-CAJU X PRACA XV - CIRCULAR,Fetranspor,500,26458563,"-22.9039","-43.1722"
210,210-CAJU X PRACA XV - CIRCULAR,Fetranspor,501,26458563,"-22.9037","-43.1724"
210,210-CAJU X PRACA XV - CIRCULAR,Fetranspor,502,26458563,"-22.9036","-43.1725"
210,210-CAJU X PRACA XV - CIRCULAR,Fetranspor,503,26458563,"-22.9035","-43.1726"
210,210-CAJU X PRACA XV - CIRCULAR,Fetranspor,504,26458563,"-22.9033","-43.1728"
210,210-CAJU X PRACA XV - CIRCULAR,Fetranspor,505,26458563,"-22.903","-43.173"
210,210-CAJU X PRACA XV - CIRCULAR,Fetranspor,506,26458563,"-22.9025","-43.1734"
210,210-CAJU X PRACA XV - CIRCULAR,Fetranspor,507,26458563,"-22.9022","-43.1736"
