linha,descricao,agencia,sequencia,shape_id,latitude,longitude
220,220-USINA X CANDELARIA (VIA HADDOCK LOBO) - CIRCULAR,Fetranspor,0,17369294,"-22.9465","-43.2574"
220,220-USINA X CANDELARIA (VIA HADDOCK LOBO) - CIRCULAR,Fetranspor,1,17369294,"-22.9464","-43.2572"
220,220-USINA X CANDELARIA (VIA HADDOCK LOBO) - CIRCULAR,Fetranspor,2,17369294,"-22.9463","-43.2571"
220,220-USINA X CANDELARIA (VIA HADDOCK LOBO) - CIRCULAR,Fetranspor,3,17369294,"-22.9463","-43.2571"
220,220-USINA X CANDELARIA (VIA HADDOCK LOBO) - CIRCULAR,Fetranspor,4,17369294,"-22.9461","-43.2569"
220,220-USINA X CANDELARIA (VIA HADDOCK LOBO) - CIRCULAR,Fetranspor,5,17369294,"-22.946","-43.2568"
220,220-USINA X CANDELARIA (VIA HADDOCK LOBO) - CIRCULAR,Fetranspor,6,17369294,"-22.9453","-43.2564"
220,220-USINA X CANDELARIA (VIA HADDOCK LOBO) - CIRCULAR,Fetranspor,7,17369294,"-22.9449","-43.2561"
220,220-USINA X CANDELARIA (VIA HADDOCK LOBO) - CIRCULAR,Fetranspor,8,17369294,"-22.9447","-43.256"
220,220-USINA X CANDELARIA (VIA HADDOCK LOBO) - CIRCULAR,Fetranspor,9,17369294,"-22.9447","-43.256"
220,220-USINA X CANDELARIA (VIA HADDOCK LOBO) - CIRCULAR,Fetranspor,10,17369294,"-22.9435","-43.2551"
220,220-USINA X CANDELARIA (VIA HADDOCK LOBO) - CIRCULAR,Fetranspor,11,17369294,"-22.9435","-43.2551"
220,220-USINA X CANDELARIA (VIA HADDOCK LOBO) - CIRCULAR,Fetranspor,12,17369294,"-22.9437","-43.2547"
220,220-USINA X CANDELARIA (VIA HADDOCK LOBO) - CIRCULAR,Fetranspor,13,17369294,"-22.9437","-43.2547"
220,220-USINA X CANDELARIA (VIA HADDOCK LOBO) - CIRCULAR,Fetranspor,14,17369294,"-22.9438","-43.2545"
220,220-USINA X CANDELARIA (VIA HADDOCK LOBO) - CIRCULAR,Fetranspor,15,17369294,"-22.9439","-43.2543"
220,220-USINA X CANDELARIA (VIA HADDOCK LOBO) - CIRCULAR,Fetranspor,16,17369294,"-22.9439","-43.2542"
220,220-USINA X CANDELARIA (VIA HADDOCK LOBO) - CIRCULAR,Fetranspor,17,17369294,"-22.944","-43.2542"
220,220-USINA X CANDELARIA (VIA HADDOCK LOBO) - CIRCULAR,Fetranspor,18,17369294,"-22.944","-43.2542"
220,220-USINA X CANDELARIA (VIA HADDOCK LOBO) - CIRCULAR,Fetranspor,19,17369294,"-22.9437","-43.2541"
220,220-USINA X CANDELARIA (VIA HADDOCK LOBO) - CIRCULAR,Fetranspor,20,17369294,"-22.9434","-43.254"
220,220-USINA X CANDELARIA (VIA HADDOCK LOBO) - CIRCULAR,Fetranspor,21,17369294,"-22.9433","-43.254"
220,220-USINA X CANDELARIA (VIA HADDOCK LOBO) - CIRCULAR,Fetranspor,22,17369294,"-22.9427","-43.2536"
220,220-USINA X CANDELARIA (VIA HADDOCK LOBO) - CIRCULAR,Fetranspor,23,17369294,"-22.9426","-43.2536"
220,220-USINA X CANDELARIA (VIA HADDOCK LOBO) - CIRCULAR,Fetranspor,24,17369294,"-22.9426","-43.2536"
220,220-USINA X CANDELARIA (VIA HADDOCK LOBO) - CIRCULAR,Fetranspor,25,17369294,"-22.9425","-43.2534"
220,220-USINA X CANDELARIA (VIA HADDOCK LOBO) - CIRCULAR,Fetranspor,26,17369294,"-22.9424","-43.2533"
220,220-USINA X CANDELARIA (VIA HADDOCK LOBO) - CIRCULAR,Fetranspor,27,17369294,"-22.9424","-43.2533"
220,220-USINA X CANDELARIA (VIA HADDOCK LOBO) - CIRCULAR,Fetranspor,28,17369294,"-22.942","-43.2529"
220,220-USINA X CANDELARIA (VIA HADDOCK LOBO) - CIRCULAR,Fetranspor,29,17369294,"-22.9416","-43.2524"
220,220-USINA X CANDELARIA (VIA HADDOCK LOBO) - CIRCULAR,Fetranspor,30,17369294,"-22.9413","-43.2521"
220,220-USINA X CANDELARIA (VIA HADDOCK LOBO) - CIRCULAR,Fetranspor,31,17369294,"-22.9413","-43.2521"
220,220-USINA X CANDELARIA (VIA HADDOCK LOBO) - CIRCULAR,Fetranspor,32,17369294,"-22.9412","-43.252"
220,220-USINA X CANDELARIA (VIA HADDOCK LOBO) - CIRCULAR,Fetranspor,33,17369294,"-22.9412","-43.252"
220,220-USINA X CANDELARIA (VIA HADDOCK LOBO) - CIRCULAR,Fetranspor,34,17369294,"-22.9408","-43.2507"
220,220-USINA X CANDELARIA (VIA HADDOCK LOBO) - CIRCULAR,Fetranspor,35,17369294,"-22.9406","-43.2503"
220,220-USINA X CANDELARIA (VIA HADDOCK LOBO) - CIRCULAR,Fetranspor,36,17369294,"-22.9406","-43.2503"
220,220-USINA X CANDELARIA (VIA HADDOCK LOBO) - CIRCULAR,Fetranspor,37,17369294,"-22.9406","-43.2501"
220,220-USINA X CANDELARIA (VIA HADDOCK LOBO) - CIRCULAR,Fetranspor,38,17369294,"-22.9405","-43.25"
220,220-USINA X CANDELARIA (VIA HADDOCK LOBO) - CIRCULAR,Fetranspor,39,17369294,"-22.9403","-43.2497"
220,220-USINA X CANDELARIA (VIA HADDOCK LOBO) - CIRCULAR,Fetranspor,40,17369294,"-22.9403","-43.2497"
220,220-USINA X CANDELARIA (VIA HADDOCK LOBO) - CIRCULAR,Fetranspor,41,17369294,"-22.94","-43.2493"
220,220-USINA X CANDELARIA (VIA HADDOCK LOBO) - CIRCULAR,Fetranspor,42,17369294,"-22.9399","-43.2491"
220,220-USINA X CANDELARIA (VIA HADDOCK LOBO) - CIRCULAR,Fetranspor,43,17369294,"-22.9399","-43.2491"
220,220-USINA X CANDELARIA (VIA HADDOCK LOBO) - CIRCULAR,Fetranspor,44,17369294,"-22.9397","-43.2488"
220,220-USINA X CANDELARIA (VIA HADDOCK LOBO) - CIRCULAR,Fetranspor,45,17369294,"-22.9397","-43.2488"
220,220-USINA X CANDELARIA (VIA HADDOCK LOBO) - CIRCULAR,Fetranspor,46,17369294,"-22.9395","-43.2486"
220,220-USINA X CANDELARIA (VIA HADDOCK LOBO) - CIRCULAR,Fetranspor,47,17369294,"-22.9394","-43.2485"
220,220-USINA X CANDELARIA (VIA HADDOCK LOBO) - CIRCULAR,Fetranspor,48,17369294,"-22.9394","-43.2485"
220,220-USINA X CANDELARIA (VIA HADDOCK LOBO) - CIRCULAR,Fetranspor,49,17369294,"-22.9393","-43.2483"
220,220-USINA X CANDELARIA (VIA HADDOCK LOBO) - CIRCULAR,Fetranspor,50,17369294,"-22.9391","-43.2479"
220,220-USINA X CANDELARIA (VIA HADDOCK LOBO) - CIRCULAR,Fetranspor,51,17369294,"-22.9388","-43.2476"
220,220-USINA X CANDELARIA (VIA HADDOCK LOBO) - CIRCULAR,Fetranspor,52,17369294,"-22.9388","-43.2476"
220,220-USINA X CANDELARIA (VIA HADDOCK LOBO) - CIRCULAR,Fetranspor,53,17369294,"-22.9386","-43.2474"
220,220-USINA X CANDELARIA (VIA HADDOCK LOBO) - CIRCULAR,Fetranspor,54,17369294,"-22.9385","-43.2472"
220,220-USINA X CANDELARIA (VIA HADDOCK LOBO) - CIRCULAR,Fetranspor,55,17369294,"-22.9385","-43.2472"
220,220-USINA X CANDELARIA (VIA HADDOCK LOBO) - CIRCULAR,Fetranspor,56,17369294,"-22.9382","-43.2469"
220,220-USINA X CANDELARIA (VIA HADDOCK LOBO) - CIRCULAR,Fetranspor,57,17369294,"-22.9382","-43.2469"
220,220-USINA X CANDELARIA (VIA HADDOCK LOBO) - CIRCULAR,Fetranspor,58,17369294,"-22.9377","-43.2464"
220,220-USINA X CANDELARIA (VIA HADDOCK LOBO) - CIRCULAR,Fetranspor,59,17369294,"-22.9377","-43.2464"
220,220-USINA X CANDELARIA (VIA HADDOCK LOBO) - CIRCULAR,Fetranspor,60,17369294,"-22.9372","-43.2459"
220,220-USINA X CANDELARIA (VIA HADDOCK LOBO) - CIRCULAR,Fetranspor,61,17369294,"-22.9372","-43.2459"
220,220-USINA X CANDELARIA (VIA HADDOCK LOBO) - CIRCULAR,Fetranspor,62,17369294,"-22.937","-43.2456"
220,220-USINA X CANDELARIA (VIA HADDOCK LOBO) - CIRCULAR,Fetranspor,63,17369294,"-22.937","-43.2456"
220,220-USINA X CANDELARIA (VIA HADDOCK LOBO) - CIRCULAR,Fetranspor,64,17369294,"-22.9367","-43.2453"
220,220-USINA X CANDELARIA (VIA HADDOCK LOBO) - CIRCULAR,Fetranspor,65,17369294,"-22.9367","-43.2453"
220,220-USINA X CANDELARIA (VIA HADDOCK LOBO) - CIRCULAR,Fetranspor,66,17369294,"-22.9361","-43.2447"
220,220-USINA X CANDELARIA (VIA HADDOCK LOBO) - CIRCULAR,Fetranspor,67,17369294,"-22.9357","-43.2442"
220,220-USINA X CANDELARIA (VIA HADDOCK LOBO) - CIRCULAR,Fetranspor,68,17369294,"-22.9357","-43.2442"
220,220-USINA X CANDELARIA (VIA HADDOCK LOBO) - CIRCULAR,Fetranspor,69,17369294,"-22.9353","-43.2437"
220,220-USINA X CANDELARIA (VIA HADDOCK LOBO) - CIRCULAR,Fetranspor,70,17369294,"-22.9353","-43.2437"
220,220-USINA X CANDELARIA (VIA HADDOCK LOBO) - CIRCULAR,Fetranspor,71,17369294,"-22.9345","-43.243"
220,220-USINA X CANDELARIA (VIA HADDOCK LOBO) - CIRCULAR,Fetranspor,72,17369294,"-22.9345","-43.243"
220,220-USINA X CANDELARIA (VIA HADDOCK LOBO) - CIRCULAR,Fetranspor,73,17369294,"-22.9343","-43.2427"
220,220-USINA X CANDELARIA (VIA HADDOCK LOBO) - CIRCULAR,Fetranspor,74,17369294,"-22.934","-43.2425"
220,220-USINA X CANDELARIA (VIA HADDOCK LOBO) - CIRCULAR,Fetranspor,75,17369294,"-22.934","-43.2425"
220,220-USINA X CANDELARIA (VIA HADDOCK LOBO) - CIRCULAR,Fetranspor,76,17369294,"-22.9334","-43.2419"
220,220-USINA X CANDELARIA (VIA HADDOCK LOBO) - CIRCULAR,Fetranspor,77,17369294,"-22.9334","-43.2419"
220,220-USINA X CANDELARIA (VIA HADDOCK LOBO) - CIRCULAR,Fetranspor,78,17369294,"-22.9331","-43.2417"
220,220-USINA X CANDELARIA (VIA HADDOCK LOBO) - CIRCULAR,Fetranspor,79,17369294,"-22.9331","-43.2417"
220,220-USINA X CANDELARIA (VIA HADDOCK LOBO) - CIRCULAR,Fetranspor,80,17369294,"-22.9331","-43.2416"
220,220-USINA X CANDELARIA (VIA HADDOCK LOBO) - CIRCULAR,Fetranspor,81,17369294,"-22.9331","-43.2416"
220,220-USINA X CANDELARIA (VIA HADDOCK LOBO) - CIRCULAR,Fetranspor,82,17369294,"-22.9331","-43.2416"
220,220-USINA X CANDELARIA (VIA HADDOCK LOBO) - CIRCULAR,Fetranspor,83,17369294,"-22.9327","-43.2413"
220,220-USINA X CANDELARIA (VIA HADDOCK LOBO) - CIRCULAR,Fetranspor,84,17369294,"-22.9327","-43.2412"
220,220-USINA X CANDELARIA (VIA HADDOCK LOBO) - CIRCULAR,Fetranspor,85,17369294,"-22.9327","-43.2412"
220,220-USINA X CANDELARIA (VIA HADDOCK LOBO) - CIRCULAR,Fetranspor,86,17369294,"-22.9325","-43.241"
220,220-USINA X CANDELARIA (VIA HADDOCK LOBO) - CIRCULAR,Fetranspor,87,17369294,"-22.9325","-43.241"
220,220-USINA X CANDELARIA (VIA HADDOCK LOBO) - CIRCULAR,Fetranspor,88,17369294,"-22.9323","-43.2407"
220,220-USINA X CANDELARIA (VIA HADDOCK LOBO) - CIRCULAR,Fetranspor,89,17369294,"-22.9321","-43.2401"
220,220-USINA X CANDELARIA (VIA HADDOCK LOBO) - CIRCULAR,Fetranspor,90,17369294,"-22.9319","-43.2398"
220,220-USINA X CANDELARIA (VIA HADDOCK LOBO) - CIRCULAR,Fetranspor,91,17369294,"-22.9318","-43.2396"
220,220-USINA X CANDELARIA (VIA HADDOCK LOBO) - CIRCULAR,Fetranspor,92,17369294,"-22.9318","-43.2396"
220,220-USINA X CANDELARIA (VIA HADDOCK LOBO) - CIRCULAR,Fetranspor,93,17369294,"-22.9318","-43.2396"
220,220-USINA X CANDELARIA (VIA HADDOCK LOBO) - CIRCULAR,Fetranspor,94,17369294,"-22.9316","-43.2391"
220,220-USINA X CANDELARIA (VIA HADDOCK LOBO) - CIRCULAR,Fetranspor,95,17369294,"-22.9314","-43.2388"
220,220-USINA X CANDELARIA (VIA HADDOCK LOBO) - CIRCULAR,Fetranspor,96,17369294,"-22.9312","-43.2386"
220,220-USINA X CANDELARIA (VIA HADDOCK LOBO) - CIRCULAR,Fetranspor,97,17369294,"-22.9309","-43.2382"
220,220-USINA X CANDELARIA (VIA HADDOCK LOBO) - CIRCULAR,Fetranspor,98,17369294,"-22.9309","-43.2382"
220,220-USINA X CANDELARIA (VIA HADDOCK LOBO) - CIRCULAR,Fetranspor,99,17369294,"-22.9307","-43.238"
220,220-USINA X CANDELARIA (VIA HADDOCK LOBO) - CIRCULAR,Fetranspor,100,17369294,"-22.9304","-43.2377"
220,220-USINA X CANDELARIA (VIA HADDOCK LOBO) - CIRCULAR,Fetranspor,101,17369294,"-22.9302","-43.2375"
220,220-USINA X CANDELARIA (VIA HADDOCK LOBO) - CIRCULAR,Fetranspor,102,17369294,"-22.9301","-43.2375"
220,220-USINA X CANDELARIA (VIA HADDOCK LOBO) - CIRCULAR,Fetranspor,103,17369294,"-22.9299","-43.2373"
220,220-USINA X CANDELARIA (VIA HADDOCK LOBO) - CIRCULAR,Fetranspor,104,17369294,"-22.9299","-43.2373"
220,220-USINA X CANDELARIA (VIA HADDOCK LOBO) - CIRCULAR,Fetranspor,105,17369294,"-22.9297","-43.2372"
220,220-USINA X CANDELARIA (VIA HADDOCK LOBO) - CIRCULAR,Fetranspor,106,17369294,"-22.929","-43.2368"
220,220-USINA X CANDELARIA (VIA HADDOCK LOBO) - CIRCULAR,Fetranspor,107,17369294,"-22.9287","-43.2367"
220,220-USINA X CANDELARIA (VIA HADDOCK LOBO) - CIRCULAR,Fetranspor,108,17369294,"-22.9287","-43.2367"
220,220-USINA X CANDELARIA (VIA HADDOCK LOBO) - CIRCULAR,Fetranspor,109,17369294,"-22.9286","-43.2366"
220,220-USINA X CANDELARIA (VIA HADDOCK LOBO) - CIRCULAR,Fetranspor,110,17369294,"-22.9284","-43.2365"
220,220-USINA X CANDELARIA (VIA HADDOCK LOBO) - CIRCULAR,Fetranspor,111,17369294,"-22.9279","-43.2362"
220,220-USINA X CANDELARIA (VIA HADDOCK LOBO) - CIRCULAR,Fetranspor,112,17369294,"-22.9279","-43.2362"
220,220-USINA X CANDELARIA (VIA HADDOCK LOBO) - CIRCULAR,Fetranspor,113,17369294,"-22.9275","-43.236"
220,220-USINA X CANDELARIA (VIA HADDOCK LOBO) - CIRCULAR,Fetranspor,114,17369294,"-22.9272","-43.2358"
220,220-USINA X CANDELARIA (VIA HADDOCK LOBO) - CIRCULAR,Fetranspor,115,17369294,"-22.9269","-43.2355"
220,220-USINA X CANDELARIA (VIA HADDOCK LOBO) - CIRCULAR,Fetranspor,116,17369294,"-22.9264","-43.2352"
220,220-USINA X CANDELARIA (VIA HADDOCK LOBO) - CIRCULAR,Fetranspor,117,17369294,"-22.9264","-43.2352"
220,220-USINA X CANDELARIA (VIA HADDOCK LOBO) - CIRCULAR,Fetranspor,118,17369294,"-22.9262","-43.2351"
220,220-USINA X CANDELARIA (VIA HADDOCK LOBO) - CIRCULAR,Fetranspor,119,17369294,"-22.9262","-43.2351"
220,220-USINA X CANDELARIA (VIA HADDOCK LOBO) - CIRCULAR,Fetranspor,120,17369294,"-22.9261","-43.235"
220,220-USINA X CANDELARIA (VIA HADDOCK LOBO) - CIRCULAR,Fetranspor,121,17369294,"-22.9258","-43.2348"
220,220-USINA X CANDELARIA (VIA HADDOCK LOBO) - CIRCULAR,Fetranspor,122,17369294,"-22.9257","-43.2347"
220,220-USINA X CANDELARIA (VIA HADDOCK LOBO) - CIRCULAR,Fetranspor,123,17369294,"-22.9256","-43.2346"
220,220-USINA X CANDELARIA (VIA HADDOCK LOBO) - CIRCULAR,Fetranspor,124,17369294,"-22.9256","-43.2346"
220,220-USINA X CANDELARIA (VIA HADDOCK LOBO) - CIRCULAR,Fetranspor,125,17369294,"-22.9254","-43.2344"
220,220-USINA X CANDELARIA (VIA HADDOCK LOBO) - CIRCULAR,Fetranspor,126,17369294,"-22.9252","-43.2341"
220,220-USINA X CANDELARIA (VIA HADDOCK LOBO) - CIRCULAR,Fetranspor,127,17369294,"-22.9247","-43.2334"
220,220-USINA X CANDELARIA (VIA HADDOCK LOBO) - CIRCULAR,Fetranspor,128,17369294,"-22.9247","-43.2334"
220,220-USINA X CANDELARIA (VIA HADDOCK LOBO) - CIRCULAR,Fetranspor,129,17369294,"-22.9246","-43.2332"
220,220-USINA X CANDELARIA (VIA HADDOCK LOBO) - CIRCULAR,Fetranspor,130,17369294,"-22.9243","-43.2329"
220,220-USINA X CANDELARIA (VIA HADDOCK LOBO) - CIRCULAR,Fetranspor,131,17369294,"-22.9233","-43.2314"
220,220-USINA X CANDELARIA (VIA HADDOCK LOBO) - CIRCULAR,Fetranspor,132,17369294,"-22.9233","-43.2314"
220,220-USINA X CANDELARIA (VIA HADDOCK LOBO) - CIRCULAR,Fetranspor,133,17369294,"-22.9233","-43.2313"
220,220-USINA X CANDELARIA (VIA HADDOCK LOBO) - CIRCULAR,Fetranspor,134,17369294,"-22.9232","-43.231"
220,220-USINA X CANDELARIA (VIA HADDOCK LOBO) - CIRCULAR,Fetranspor,135,17369294,"-22.9232","-43.231"
220,220-USINA X CANDELARIA (VIA HADDOCK LOBO) - CIRCULAR,Fetranspor,136,17369294,"-22.9233","-43.2305"
220,220-USINA X CANDELARIA (VIA HADDOCK LOBO) - CIRCULAR,Fetranspor,137,17369294,"-22.9233","-43.2305"
220,220-USINA X CANDELARIA (VIA HADDOCK LOBO) - CIRCULAR,Fetranspor,138,17369294,"-22.9233","-43.2304"
220,220-USINA X CANDELARIA (VIA HADDOCK LOBO) - CIRCULAR,Fetranspor,139,17369294,"-22.9233","-43.2304"
220,220-USINA X CANDELARIA (VIA HADDOCK LOBO) - CIRCULAR,Fetranspor,140,17369294,"-22.9233","-43.2303"
220,220-USINA X CANDELARIA (VIA HADDOCK LOBO) - CIRCULAR,Fetranspor,141,17369294,"-22.9234","-43.2299"
220,220-USINA X CANDELARIA (VIA HADDOCK LOBO) - CIRCULAR,Fetranspor,142,17369294,"-22.9234","-43.2299"
220,220-USINA X CANDELARIA (VIA HADDOCK LOBO) - CIRCULAR,Fetranspor,143,17369294,"-22.9236","-43.2293"
220,220-USINA X CANDELARIA (VIA HADDOCK LOBO) - CIRCULAR,Fetranspor,144,17369294,"-22.9237","-43.2291"
220,220-USINA X CANDELARIA (VIA HADDOCK LOBO) - CIRCULAR,Fetranspor,145,17369294,"-22.9237","-43.2291"
220,220-USINA X CANDELARIA (VIA HADDOCK LOBO) - CIRCULAR,Fetranspor,146,17369294,"-22.9237","-43.229"
220,220-USINA X CANDELARIA (VIA HADDOCK LOBO) - CIRCULAR,Fetranspor,147,17369294,"-22.9241","-43.2281"
220,220-USINA X CANDELARIA (VIA HADDOCK LOBO) - CIRCULAR,Fetranspor,148,17369294,"-22.9241","-43.2281"
220,220-USINA X CANDELARIA (VIA HADDOCK LOBO) - CIRCULAR,Fetranspor,149,17369294,"-22.9243","-43.2275"
220,220-USINA X CANDELARIA (VIA HADDOCK LOBO) - CIRCULAR,Fetranspor,150,17369294,"-22.9243","-43.2275"
220,220-USINA X CANDELARIA (VIA HADDOCK LOBO) - CIRCULAR,Fetranspor,151,17369294,"-22.9245","-43.2272"
220,220-USINA X CANDELARIA (VIA HADDOCK LOBO) - CIRCULAR,Fetranspor,152,17369294,"-22.9246","-43.2269"
220,220-USINA X CANDELARIA (VIA HADDOCK LOBO) - CIRCULAR,Fetranspor,153,17369294,"-22.9247","-43.2267"
220,220-USINA X CANDELARIA (VIA HADDOCK LOBO) - CIRCULAR,Fetranspor,154,17369294,"-22.9247","-43.2267"
220,220-USINA X CANDELARIA (VIA HADDOCK LOBO) - CIRCULAR,Fetranspor,155,17369294,"-22.9247","-43.2266"
220,220-USINA X CANDELARIA (VIA HADDOCK LOBO) - CIRCULAR,Fetranspor,156,17369294,"-22.9249","-43.2263"
220,220-USINA X CANDELARIA (VIA HADDOCK LOBO) - CIRCULAR,Fetranspor,157,17369294,"-22.925","-43.226"
220,220-USINA X CANDELARIA (VIA HADDOCK LOBO) - CIRCULAR,Fetranspor,158,17369294,"-22.925","-43.2258"
220,220-USINA X CANDELARIA (VIA HADDOCK LOBO) - CIRCULAR,Fetranspor,159,17369294,"-22.925","-43.2258"
220,220-USINA X CANDELARIA (VIA HADDOCK LOBO) - CIRCULAR,Fetranspor,160,17369294,"-22.925","-43.2257"
220,220-USINA X CANDELARIA (VIA HADDOCK LOBO) - CIRCULAR,Fetranspor,161,17369294,"-22.9251","-43.2254"
220,220-USINA X CANDELARIA (VIA HADDOCK LOBO) - CIRCULAR,Fetranspor,162,17369294,"-22.9251","-43.2254"
220,220-USINA X CANDELARIA (VIA HADDOCK LOBO) - CIRCULAR,Fetranspor,163,17369294,"-22.9251","-43.2253"
220,220-USINA X CANDELARIA (VIA HADDOCK LOBO) - CIRCULAR,Fetranspor,164,17369294,"-22.9251","-43.2253"
220,220-USINA X CANDELARIA (VIA HADDOCK LOBO) - CIRCULAR,Fetranspor,165,17369294,"-22.925","-43.2251"
220,220-USINA X CANDELARIA (VIA HADDOCK LOBO) - CIRCULAR,Fetranspor,166,17369294,"-22.925","-43.225"
220,220-USINA X CANDELARIA (VIA HADDOCK LOBO) - CIRCULAR,Fetranspor,167,17369294,"-22.9249","-43.2248"
220,220-USINA X CANDELARIA (VIA HADDOCK LOBO) - CIRCULAR,Fetranspor,168,17369294,"-22.9248","-43.2246"
220,220-USINA X CANDELARIA (VIA HADDOCK LOBO) - CIRCULAR,Fetranspor,169,17369294,"-22.9248","-43.2245"
220,220-USINA X CANDELARIA (VIA HADDOCK LOBO) - CIRCULAR,Fetranspor,170,17369294,"-22.9247","-43.2245"
220,220-USINA X CANDELARIA (VIA HADDOCK LOBO) - CIRCULAR,Fetranspor,171,17369294,"-22.9246","-43.2244"
220,220-USINA X CANDELARIA (VIA HADDOCK LOBO) - CIRCULAR,Fetranspor,172,17369294,"-22.9245","-43.2243"
220,220-USINA X CANDELARIA (VIA HADDOCK LOBO) - CIRCULAR,Fetranspor,173,17369294,"-22.9245","-43.2243"
220,220-USINA X CANDELARIA (VIA HADDOCK LOBO) - CIRCULAR,Fetranspor,174,17369294,"-22.9244","-43.2241"
220,220-USINA X CANDELARIA (VIA HADDOCK LOBO) - CIRCULAR,Fetranspor,175,17369294,"-22.9244","-43.2241"
220,220-USINA X CANDELARIA (VIA HADDOCK LOBO) - CIRCULAR,Fetranspor,176,17369294,"-22.9242","-43.224"
220,220-USINA X CANDELARIA (VIA HADDOCK LOBO) - CIRCULAR,Fetranspor,177,17369294,"-22.9237","-43.2234"
220,220-USINA X CANDELARIA (VIA HADDOCK LOBO) - CIRCULAR,Fetranspor,178,17369294,"-22.9236","-43.2233"
220,220-USINA X CANDELARIA (VIA HADDOCK LOBO) - CIRCULAR,Fetranspor,179,17369294,"-22.9236","-43.2233"
220,220-USINA X CANDELARIA (VIA HADDOCK LOBO) - CIRCULAR,Fetranspor,180,17369294,"-22.9235","-43.2232"
220,220-USINA X CANDELARIA (VIA HADDOCK LOBO) - CIRCULAR,Fetranspor,181,17369294,"-22.9235","-43.2232"
220,220-USINA X CANDELARIA (VIA HADDOCK LOBO) - CIRCULAR,Fetranspor,182,17369294,"-22.9234","-43.2231"
220,220-USINA X CANDELARIA (VIA HADDOCK LOBO) - CIRCULAR,Fetranspor,183,17369294,"-22.923","-43.2226"
220,220-USINA X CANDELARIA (VIA HADDOCK LOBO) - CIRCULAR,Fetranspor,184,17369294,"-22.923","-43.2226"
220,220-USINA X CANDELARIA (VIA HADDOCK LOBO) - CIRCULAR,Fetranspor,185,17369294,"-22.9229","-43.2224"
220,220-USINA X CANDELARIA (VIA HADDOCK LOBO) - CIRCULAR,Fetranspor,186,17369294,"-22.9229","-43.2224"
220,220-USINA X CANDELARIA (VIA HADDOCK LOBO) - CIRCULAR,Fetranspor,187,17369294,"-22.9226","-43.2221"
220,220-USINA X CANDELARIA (VIA HADDOCK LOBO) - CIRCULAR,Fetranspor,188,17369294,"-22.9222","-43.2217"
220,220-USINA X CANDELARIA (VIA HADDOCK LOBO) - CIRCULAR,Fetranspor,189,17369294,"-22.9222","-43.2217"
220,220-USINA X CANDELARIA (VIA HADDOCK LOBO) - CIRCULAR,Fetranspor,190,17369294,"-22.9219","-43.2214"
220,220-USINA X CANDELARIA (VIA HADDOCK LOBO) - CIRCULAR,Fetranspor,191,17369294,"-22.9218","-43.2212"
220,220-USINA X CANDELARIA (VIA HADDOCK LOBO) - CIRCULAR,Fetranspor,192,17369294,"-22.9218","-43.2212"
220,220-USINA X CANDELARIA (VIA HADDOCK LOBO) - CIRCULAR,Fetranspor,193,17369294,"-22.9217","-43.2211"
220,220-USINA X CANDELARIA (VIA HADDOCK LOBO) - CIRCULAR,Fetranspor,194,17369294,"-22.9216","-43.2209"
220,220-USINA X CANDELARIA (VIA HADDOCK LOBO) - CIRCULAR,Fetranspor,195,17369294,"-22.9216","-43.2209"
220,220-USINA X CANDELARIA (VIA HADDOCK LOBO) - CIRCULAR,Fetranspor,196,17369294,"-22.9216","-43.2207"
220,220-USINA X CANDELARIA (VIA HADDOCK LOBO) - CIRCULAR,Fetranspor,197,17369294,"-22.9215","-43.2206"
220,220-USINA X CANDELARIA (VIA HADDOCK LOBO) - CIRCULAR,Fetranspor,198,17369294,"-22.9215","-43.2206"
220,220-USINA X CANDELARIA (VIA HADDOCK LOBO) - CIRCULAR,Fetranspor,199,17369294,"-22.9215","-43.2205"
220,220-USINA X CANDELARIA (VIA HADDOCK LOBO) - CIRCULAR,Fetranspor,200,17369294,"-22.9215","-43.2205"
220,220-USINA X CANDELARIA (VIA HADDOCK LOBO) - CIRCULAR,Fetranspor,201,17369294,"-22.9214","-43.2202"
220,220-USINA X CANDELARIA (VIA HADDOCK LOBO) - CIRCULAR,Fetranspor,202,17369294,"-22.9214","-43.2202"
220,220-USINA X CANDELARIA (VIA HADDOCK LOBO) - CIRCULAR,Fetranspor,203,17369294,"-22.9213","-43.2196"
220,220-USINA X CANDELARIA (VIA HADDOCK LOBO) - CIRCULAR,Fetranspor,204,17369294,"-22.9213","-43.2196"
220,220-USINA X CANDELARIA (VIA HADDOCK LOBO) - CIRCULAR,Fetranspor,205,17369294,"-22.9211","-43.2188"
220,220-USINA X CANDELARIA (VIA HADDOCK LOBO) - CIRCULAR,Fetranspor,206,17369294,"-22.9211","-43.2188"
220,220-USINA X CANDELARIA (VIA HADDOCK LOBO) - CIRCULAR,Fetranspor,207,17369294,"-22.9207","-43.2175"
220,220-USINA X CANDELARIA (VIA HADDOCK LOBO) - CIRCULAR,Fetranspor,208,17369294,"-22.9207","-43.2174"
220,220-USINA X CANDELARIA (VIA HADDOCK LOBO) - CIRCULAR,Fetranspor,209,17369294,"-22.9207","-43.2174"
220,220-USINA X CANDELARIA (VIA HADDOCK LOBO) - CIRCULAR,Fetranspor,210,17369294,"-22.9206","-43.2173"
220,220-USINA X CANDELARIA (VIA HADDOCK LOBO) - CIRCULAR,Fetranspor,211,17369294,"-22.9206","-43.2173"
220,220-USINA X CANDELARIA (VIA HADDOCK LOBO) - CIRCULAR,Fetranspor,212,17369294,"-22.9203","-43.2166"
220,220-USINA X CANDELARIA (VIA HADDOCK LOBO) - CIRCULAR,Fetranspor,213,17369294,"-22.9203","-43.2166"
220,220-USINA X CANDELARIA (VIA HADDOCK LOBO) - CIRCULAR,Fetranspor,214,17369294,"-22.9202","-43.2164"
220,220-USINA X CANDELARIA (VIA HADDOCK LOBO) - CIRCULAR,Fetranspor,215,17369294,"-22.9202","-43.2164"
220,220-USINA X CANDELARIA (VIA HADDOCK LOBO) - CIRCULAR,Fetranspor,216,17369294,"-22.9201","-43.2162"
220,220-USINA X CANDELARIA (VIA HADDOCK LOBO) - CIRCULAR,Fetranspor,217,17369294,"-22.92","-43.2159"
220,220-USINA X CANDELARIA (VIA HADDOCK LOBO) - CIRCULAR,Fetranspor,218,17369294,"-22.92","-43.2159"
220,220-USINA X CANDELARIA (VIA HADDOCK LOBO) - CIRCULAR,Fetranspor,219,17369294,"-22.9198","-43.2154"
220,220-USINA X CANDELARIA (VIA HADDOCK LOBO) - CIRCULAR,Fetranspor,220,17369294,"-22.9198","-43.2154"
220,220-USINA X CANDELARIA (VIA HADDOCK LOBO) - CIRCULAR,Fetranspor,221,17369294,"-22.9197","-43.2151"
220,220-USINA X CANDELARIA (VIA HADDOCK LOBO) - CIRCULAR,Fetranspor,222,17369294,"-22.9197","-43.2151"
220,220-USINA X CANDELARIA (VIA HADDOCK LOBO) - CIRCULAR,Fetranspor,223,17369294,"-22.9195","-43.2147"
220,220-USINA X CANDELARIA (VIA HADDOCK LOBO) - CIRCULAR,Fetranspor,224,17369294,"-22.9192","-43.2141"
220,220-USINA X CANDELARIA (VIA HADDOCK LOBO) - CIRCULAR,Fetranspor,225,17369294,"-22.9192","-43.2141"
220,220-USINA X CANDELARIA (VIA HADDOCK LOBO) - CIRCULAR,Fetranspor,226,17369294,"-22.9191","-43.2139"
220,220-USINA X CANDELARIA (VIA HADDOCK LOBO) - CIRCULAR,Fetranspor,227,17369294,"-22.9191","-43.2138"
220,220-USINA X CANDELARIA (VIA HADDOCK LOBO) - CIRCULAR,Fetranspor,228,17369294,"-22.9191","-43.2138"
220,220-USINA X CANDELARIA (VIA HADDOCK LOBO) - CIRCULAR,Fetranspor,229,17369294,"-22.919","-43.2137"
220,220-USINA X CANDELARIA (VIA HADDOCK LOBO) - CIRCULAR,Fetranspor,230,17369294,"-22.9189","-43.2134"
220,220-USINA X CANDELARIA (VIA HADDOCK LOBO) - CIRCULAR,Fetranspor,231,17369294,"-22.9189","-43.2134"
220,220-USINA X CANDELARIA (VIA HADDOCK LOBO) - CIRCULAR,Fetranspor,232,17369294,"-22.9188","-43.2133"
220,220-USINA X CANDELARIA (VIA HADDOCK LOBO) - CIRCULAR,Fetranspor,233,17369294,"-22.9183","-43.2124"
220,220-USINA X CANDELARIA (VIA HADDOCK LOBO) - CIRCULAR,Fetranspor,234,17369294,"-22.9183","-43.2124"
220,220-USINA X CANDELARIA (VIA HADDOCK LOBO) - CIRCULAR,Fetranspor,235,17369294,"-22.918","-43.212"
220,220-USINA X CANDELARIA (VIA HADDOCK LOBO) - CIRCULAR,Fetranspor,236,17369294,"-22.918","-43.212"
220,220-USINA X CANDELARIA (VIA HADDOCK LOBO) - CIRCULAR,Fetranspor,237,17369294,"-22.9179","-43.2119"
220,220-USINA X CANDELARIA (VIA HADDOCK LOBO) - CIRCULAR,Fetranspor,238,17369294,"-22.9179","-43.2118"
220,220-USINA X CANDELARIA (VIA HADDOCK LOBO) - CIRCULAR,Fetranspor,239,17369294,"-22.9179","-43.2118"
220,220-USINA X CANDELARIA (VIA HADDOCK LOBO) - CIRCULAR,Fetranspor,240,17369294,"-22.9178","-43.2117"
220,220-USINA X CANDELARIA (VIA HADDOCK LOBO) - CIRCULAR,Fetranspor,241,17369294,"-22.9176","-43.2115"
220,220-USINA X CANDELARIA (VIA HADDOCK LOBO) - CIRCULAR,Fetranspor,242,17369294,"-22.9176","-43.2115"
220,220-USINA X CANDELARIA (VIA HADDOCK LOBO) - CIRCULAR,Fetranspor,243,17369294,"-22.9175","-43.2112"
220,220-USINA X CANDELARIA (VIA HADDOCK LOBO) - CIRCULAR,Fetranspor,244,17369294,"-22.9171","-43.2106"
220,220-USINA X CANDELARIA (VIA HADDOCK LOBO) - CIRCULAR,Fetranspor,245,17369294,"-22.9171","-43.2106"
220,220-USINA X CANDELARIA (VIA HADDOCK LOBO) - CIRCULAR,Fetranspor,246,17369294,"-22.9168","-43.2102"
220,220-USINA X CANDELARIA (VIA HADDOCK LOBO) - CIRCULAR,Fetranspor,247,17369294,"-22.9168","-43.2102"
220,220-USINA X CANDELARIA (VIA HADDOCK LOBO) - CIRCULAR,Fetranspor,248,17369294,"-22.9168","-43.2102"
220,220-USINA X CANDELARIA (VIA HADDOCK LOBO) - CIRCULAR,Fetranspor,249,17369294,"-22.9167","-43.2101"
220,220-USINA X CANDELARIA (VIA HADDOCK LOBO) - CIRCULAR,Fetranspor,250,17369294,"-22.9167","-43.21"
220,220-USINA X CANDELARIA (VIA HADDOCK LOBO) - CIRCULAR,Fetranspor,251,17369294,"-22.9167","-43.21"
220,220-USINA X CANDELARIA (VIA HADDOCK LOBO) - CIRCULAR,Fetranspor,252,17369294,"-22.9166","-43.2098"
220,220-USINA X CANDELARIA (VIA HADDOCK LOBO) - CIRCULAR,Fetranspor,253,17369294,"-22.9166","-43.2098"
220,220-USINA X CANDELARIA (VIA HADDOCK LOBO) - CIRCULAR,Fetranspor,254,17369294,"-22.916","-43.2089"
220,220-USINA X CANDELARIA (VIA HADDOCK LOBO) - CIRCULAR,Fetranspor,255,17369294,"-22.916","-43.2089"
220,220-USINA X CANDELARIA (VIA HADDOCK LOBO) - CIRCULAR,Fetranspor,256,17369294,"-22.9156","-43.2083"
220,220-USINA X CANDELARIA (VIA HADDOCK LOBO) - CIRCULAR,Fetranspor,257,17369294,"-22.9156","-43.2083"
220,220-USINA X CANDELARIA (VIA HADDOCK LOBO) - CIRCULAR,Fetranspor,258,17369294,"-22.9151","-43.2075"
220,220-USINA X CANDELARIA (VIA HADDOCK LOBO) - CIRCULAR,Fetranspor,259,17369294,"-22.9151","-43.2075"
220,220-USINA X CANDELARIA (VIA HADDOCK LOBO) - CIRCULAR,Fetranspor,260,17369294,"-22.9148","-43.2069"
220,220-USINA X CANDELARIA (VIA HADDOCK LOBO) - CIRCULAR,Fetranspor,261,17369294,"-22.9147","-43.2068"
220,220-USINA X CANDELARIA (VIA HADDOCK LOBO) - CIRCULAR,Fetranspor,262,17369294,"-22.9146","-43.2066"
220,220-USINA X CANDELARIA (VIA HADDOCK LOBO) - CIRCULAR,Fetranspor,263,17369294,"-22.9146","-43.2066"
220,220-USINA X CANDELARIA (VIA HADDOCK LOBO) - CIRCULAR,Fetranspor,264,17369294,"-22.9144","-43.2059"
220,220-USINA X CANDELARIA (VIA HADDOCK LOBO) - CIRCULAR,Fetranspor,265,17369294,"-22.9142","-43.2054"
220,220-USINA X CANDELARIA (VIA HADDOCK LOBO) - CIRCULAR,Fetranspor,266,17369294,"-22.9142","-43.2054"
220,220-USINA X CANDELARIA (VIA HADDOCK LOBO) - CIRCULAR,Fetranspor,267,17369294,"-22.9142","-43.2053"
220,220-USINA X CANDELARIA (VIA HADDOCK LOBO) - CIRCULAR,Fetranspor,268,17369294,"-22.9141","-43.2049"
220,220-USINA X CANDELARIA (VIA HADDOCK LOBO) - CIRCULAR,Fetranspor,269,17369294,"-22.9141","-43.2049"
220,220-USINA X CANDELARIA (VIA HADDOCK LOBO) - CIRCULAR,Fetranspor,270,17369294,"-22.914","-43.2048"
220,220-USINA X CANDELARIA (VIA HADDOCK LOBO) - CIRCULAR,Fetranspor,271,17369294,"-22.914","-43.2048"
220,220-USINA X CANDELARIA (VIA HADDOCK LOBO) - CIRCULAR,Fetranspor,272,17369294,"-22.9139","-43.2047"
220,220-USINA X CANDELARIA (VIA HADDOCK LOBO) - CIRCULAR,Fetranspor,273,17369294,"-22.9139","-43.2047"
220,220-USINA X CANDELARIA (VIA HADDOCK LOBO) - CIRCULAR,Fetranspor,274,17369294,"-22.9138","-43.2048"
220,220-USINA X CANDELARIA (VIA HADDOCK LOBO) - CIRCULAR,Fetranspor,275,17369294,"-22.9136","-43.2048"
220,220-USINA X CANDELARIA (VIA HADDOCK LOBO) - CIRCULAR,Fetranspor,276,17369294,"-22.9126","-43.2051"
220,220-USINA X CANDELARIA (VIA HADDOCK LOBO) - CIRCULAR,Fetranspor,277,17369294,"-22.9124","-43.2052"
220,220-USINA X CANDELARIA (VIA HADDOCK LOBO) - CIRCULAR,Fetranspor,278,17369294,"-22.9124","-43.2052"
220,220-USINA X CANDELARIA (VIA HADDOCK LOBO) - CIRCULAR,Fetranspor,279,17369294,"-22.9123","-43.205"
220,220-USINA X CANDELARIA (VIA HADDOCK LOBO) - CIRCULAR,Fetranspor,280,17369294,"-22.9123","-43.2046"
220,220-USINA X CANDELARIA (VIA HADDOCK LOBO) - CIRCULAR,Fetranspor,281,17369294,"-22.9121","-43.2041"
220,220-USINA X CANDELARIA (VIA HADDOCK LOBO) - CIRCULAR,Fetranspor,282,17369294,"-22.9121","-43.2041"
220,220-USINA X CANDELARIA (VIA HADDOCK LOBO) - CIRCULAR,Fetranspor,283,17369294,"-22.9119","-43.2035"
220,220-USINA X CANDELARIA (VIA HADDOCK LOBO) - CIRCULAR,Fetranspor,284,17369294,"-22.9119","-43.2034"
220,220-USINA X CANDELARIA (VIA HADDOCK LOBO) - CIRCULAR,Fetranspor,285,17369294,"-22.9118","-43.2034"
220,220-USINA X CANDELARIA (VIA HADDOCK LOBO) - CIRCULAR,Fetranspor,286,17369294,"-22.9117","-43.2034"
220,220-USINA X CANDELARIA (VIA HADDOCK LOBO) - CIRCULAR,Fetranspor,287,17369294,"-22.9117","-43.2034"
220,220-USINA X CANDELARIA (VIA HADDOCK LOBO) - CIRCULAR,Fetranspor,288,17369294,"-22.9117","-43.2034"
220,220-USINA X CANDELARIA (VIA HADDOCK LOBO) - CIRCULAR,Fetranspor,289,17369294,"-22.911","-43.2037"
220,220-USINA X CANDELARIA (VIA HADDOCK LOBO) - CIRCULAR,Fetranspor,290,17369294,"-22.9109","-43.2037"
220,220-USINA X CANDELARIA (VIA HADDOCK LOBO) - CIRCULAR,Fetranspor,291,17369294,"-22.9109","-43.2037"
220,220-USINA X CANDELARIA (VIA HADDOCK LOBO) - CIRCULAR,Fetranspor,292,17369294,"-22.9103","-43.2039"
220,220-USINA X CANDELARIA (VIA HADDOCK LOBO) - CIRCULAR,Fetranspor,293,17369294,"-22.9103","-43.2039"
220,220-USINA X CANDELARIA (VIA HADDOCK LOBO) - CIRCULAR,Fetranspor,294,17369294,"-22.91","-43.2029"
220,220-USINA X CANDELARIA (VIA HADDOCK LOBO) - CIRCULAR,Fetranspor,295,17369294,"-22.91","-43.2029"
220,220-USINA X CANDELARIA (VIA HADDOCK LOBO) - CIRCULAR,Fetranspor,296,17369294,"-22.9098","-43.2022"
220,220-USINA X CANDELARIA (VIA HADDOCK LOBO) - CIRCULAR,Fetranspor,297,17369294,"-22.9098","-43.2022"
220,220-USINA X CANDELARIA (VIA HADDOCK LOBO) - CIRCULAR,Fetranspor,298,17369294,"-22.9096","-43.2016"
220,220-USINA X CANDELARIA (VIA HADDOCK LOBO) - CIRCULAR,Fetranspor,299,17369294,"-22.9095","-43.2012"
220,220-USINA X CANDELARIA (VIA HADDOCK LOBO) - CIRCULAR,Fetranspor,300,17369294,"-22.9093","-43.2008"
220,220-USINA X CANDELARIA (VIA HADDOCK LOBO) - CIRCULAR,Fetranspor,301,17369294,"-22.9093","-43.2008"
220,220-USINA X CANDELARIA (VIA HADDOCK LOBO) - CIRCULAR,Fetranspor,302,17369294,"-22.9092","-43.2003"
220,220-USINA X CANDELARIA (VIA HADDOCK LOBO) - CIRCULAR,Fetranspor,303,17369294,"-22.9092","-43.2003"
220,220-USINA X CANDELARIA (VIA HADDOCK LOBO) - CIRCULAR,Fetranspor,304,17369294,"-22.9091","-43.2"
220,220-USINA X CANDELARIA (VIA HADDOCK LOBO) - CIRCULAR,Fetranspor,305,17369294,"-22.9091","-43.2"
220,220-USINA X CANDELARIA (VIA HADDOCK LOBO) - CIRCULAR,Fetranspor,306,17369294,"-22.9087","-43.1986"
220,220-USINA X CANDELARIA (VIA HADDOCK LOBO) - CIRCULAR,Fetranspor,307,17369294,"-22.9087","-43.1986"
220,220-USINA X CANDELARIA (VIA HADDOCK LOBO) - CIRCULAR,Fetranspor,308,17369294,"-22.9084","-43.1977"
220,220-USINA X CANDELARIA (VIA HADDOCK LOBO) - CIRCULAR,Fetranspor,309,17369294,"-22.9084","-43.1977"
220,220-USINA X CANDELARIA (VIA HADDOCK LOBO) - CIRCULAR,Fetranspor,310,17369294,"-22.9084","-43.1975"
220,220-USINA X CANDELARIA (VIA HADDOCK LOBO) - CIRCULAR,Fetranspor,311,17369294,"-22.9084","-43.1975"
220,220-USINA X CANDELARIA (VIA HADDOCK LOBO) - CIRCULAR,Fetranspor,312,17369294,"-22.9083","-43.1971"
220,220-USINA X CANDELARIA (VIA HADDOCK LOBO) - CIRCULAR,Fetranspor,313,17369294,"-22.9082","-43.1971"
220,220-USINA X CANDELARIA (VIA HADDOCK LOBO) - CIRCULAR,Fetranspor,314,17369294,"-22.908","-43.1963"
220,220-USINA X CANDELARIA (VIA HADDOCK LOBO) - CIRCULAR,Fetranspor,315,17369294,"-22.908","-43.1963"
220,220-USINA X CANDELARIA (VIA HADDOCK LOBO) - CIRCULAR,Fetranspor,316,17369294,"-22.9077","-43.1954"
220,220-USINA X CANDELARIA (VIA HADDOCK LOBO) - CIRCULAR,Fetranspor,317,17369294,"-22.9077","-43.1954"
220,220-USINA X CANDELARIA (VIA HADDOCK LOBO) - CIRCULAR,Fetranspor,318,17369294,"-22.9074","-43.1944"
220,220-USINA X CANDELARIA (VIA HADDOCK LOBO) - CIRCULAR,Fetranspor,319,17369294,"-22.9074","-43.1944"
220,220-USINA X CANDELARIA (VIA HADDOCK LOBO) - CIRCULAR,Fetranspor,320,17369294,"-22.9074","-43.1943"
220,220-USINA X CANDELARIA (VIA HADDOCK LOBO) - CIRCULAR,Fetranspor,321,17369294,"-22.9074","-43.1943"
220,220-USINA X CANDELARIA (VIA HADDOCK LOBO) - CIRCULAR,Fetranspor,322,17369294,"-22.9065","-43.1945"
220,220-USINA X CANDELARIA (VIA HADDOCK LOBO) - CIRCULAR,Fetranspor,323,17369294,"-22.9065","-43.1945"
220,220-USINA X CANDELARIA (VIA HADDOCK LOBO) - CIRCULAR,Fetranspor,324,17369294,"-22.9063","-43.1946"
220,220-USINA X CANDELARIA (VIA HADDOCK LOBO) - CIRCULAR,Fetranspor,325,17369294,"-22.9063","-43.1946"
220,220-USINA X CANDELARIA (VIA HADDOCK LOBO) - CIRCULAR,Fetranspor,326,17369294,"-22.9062","-43.1943"
220,220-USINA X CANDELARIA (VIA HADDOCK LOBO) - CIRCULAR,Fetranspor,327,17369294,"-22.9051","-43.1909"
220,220-USINA X CANDELARIA (VIA HADDOCK LOBO) - CIRCULAR,Fetranspor,328,17369294,"-22.9051","-43.1909"
220,220-USINA X CANDELARIA (VIA HADDOCK LOBO) - CIRCULAR,Fetranspor,329,17369294,"-22.905","-43.1907"
220,220-USINA X CANDELARIA (VIA HADDOCK LOBO) - CIRCULAR,Fetranspor,330,17369294,"-22.905","-43.1907"
220,220-USINA X CANDELARIA (VIA HADDOCK LOBO) - CIRCULAR,Fetranspor,331,17369294,"-22.9047","-43.1896"
220,220-USINA X CANDELARIA (VIA HADDOCK LOBO) - CIRCULAR,Fetranspor,332,17369294,"-22.9044","-43.1887"
220,220-USINA X CANDELARIA (VIA HADDOCK LOBO) - CIRCULAR,Fetranspor,333,17369294,"-22.9042","-43.1882"
220,220-USINA X CANDELARIA (VIA HADDOCK LOBO) - CIRCULAR,Fetranspor,334,17369294,"-22.9042","-43.1882"
220,220-USINA X CANDELARIA (VIA HADDOCK LOBO) - CIRCULAR,Fetranspor,335,17369294,"-22.9039","-43.1873"
220,220-USINA X CANDELARIA (VIA HADDOCK LOBO) - CIRCULAR,Fetranspor,336,17369294,"-22.9037","-43.1864"
220,220-USINA X CANDELARIA (VIA HADDOCK LOBO) - CIRCULAR,Fetranspor,337,17369294,"-22.9033","-43.1854"
220,220-USINA X CANDELARIA (VIA HADDOCK LOBO) - CIRCULAR,Fetranspor,338,17369294,"-22.9031","-43.1846"
220,220-USINA X CANDELARIA (VIA HADDOCK LOBO) - CIRCULAR,Fetranspor,339,17369294,"-22.9029","-43.1839"
220,220-USINA X CANDELARIA (VIA HADDOCK LOBO) - CIRCULAR,Fetranspor,340,17369294,"-22.9029","-43.1839"
220,220-USINA X CANDELARIA (VIA HADDOCK LOBO) - CIRCULAR,Fetranspor,341,17369294,"-22.9026","-43.1831"
220,220-USINA X CANDELARIA (VIA HADDOCK LOBO) - CIRCULAR,Fetranspor,342,17369294,"-22.9026","-43.1831"
220,220-USINA X CANDELARIA (VIA HADDOCK LOBO) - CIRCULAR,Fetranspor,343,17369294,"-22.9023","-43.1821"
220,220-USINA X CANDELARIA (VIA HADDOCK LOBO) - CIRCULAR,Fetranspor,344,17369294,"-22.9021","-43.1814"
220,220-USINA X CANDELARIA (VIA HADDOCK LOBO) - CIRCULAR,Fetranspor,345,17369294,"-22.9021","-43.1814"
220,220-USINA X CANDELARIA (VIA HADDOCK LOBO) - CIRCULAR,Fetranspor,346,17369294,"-22.9013","-43.1791"
220,220-USINA X CANDELARIA (VIA HADDOCK LOBO) - CIRCULAR,Fetranspor,347,17369294,"-22.9013","-43.1791"
220,220-USINA X CANDELARIA (VIA HADDOCK LOBO) - CIRCULAR,Fetranspor,348,17369294,"-22.9012","-43.1781"
220,220-USINA X CANDELARIA (VIA HADDOCK LOBO) - CIRCULAR,Fetranspor,349,17369294,"-22.9012","-43.1781"
220,220-USINA X CANDELARIA (VIA HADDOCK LOBO) - CIRCULAR,Fetranspor,350,17369294,"-22.9012","-43.178"
220,220-USINA X CANDELARIA (VIA HADDOCK LOBO) - CIRCULAR,Fetranspor,351,17369294,"-22.901","-43.1773"
220,220-USINA X CANDELARIA (VIA HADDOCK LOBO) - CIRCULAR,Fetranspor,352,17369294,"-22.9009","-43.1772"
220,220-USINA X CANDELARIA (VIA HADDOCK LOBO) - CIRCULAR,Fetranspor,353,17369294,"-22.9009","-43.1772"
220,220-USINA X CANDELARIA (VIA HADDOCK LOBO) - CIRCULAR,Fetranspor,354,17369294,"-22.9009","-43.1772"
220,220-USINA X CANDELARIA (VIA HADDOCK LOBO) - CIRCULAR,Fetranspor,355,17369294,"-22.9009","-43.1772"
220,220-USINA X CANDELARIA (VIA HADDOCK LOBO) - CIRCULAR,Fetranspor,356,17369294,"-22.9006","-43.1768"
220,220-USINA X CANDELARIA (VIA HADDOCK LOBO) - CIRCULAR,Fetranspor,357,17369294,"-22.9006","-43.1768"
220,220-USINA X CANDELARIA (VIA HADDOCK LOBO) - CIRCULAR,Fetranspor,358,17369294,"-22.9003","-43.1769"
220,220-USINA X CANDELARIA (VIA HADDOCK LOBO) - CIRCULAR,Fetranspor,359,17369294,"-22.9003","-43.1769"
220,220-USINA X CANDELARIA (VIA HADDOCK LOBO) - CIRCULAR,Fetranspor,360,17369294,"-22.9001","-43.177"
220,220-USINA X CANDELARIA (VIA HADDOCK LOBO) - CIRCULAR,Fetranspor,361,17369294,"-22.8997","-43.1771"
220,220-USINA X CANDELARIA (VIA HADDOCK LOBO) - CIRCULAR,Fetranspor,362,17369294,"-22.8997","-43.1771"
220,220-USINA X CANDELARIA (VIA HADDOCK LOBO) - CIRCULAR,Fetranspor,363,17369294,"-22.8991","-43.1772"
220,220-USINA X CANDELARIA (VIA HADDOCK LOBO) - CIRCULAR,Fetranspor,364,17369294,"-22.8991","-43.1772"
220,220-USINA X CANDELARIA (VIA HADDOCK LOBO) - CIRCULAR,Fetranspor,365,17369294,"-22.8993","-43.1778"
220,220-USINA X CANDELARIA (VIA HADDOCK LOBO) - CIRCULAR,Fetranspor,366,17369294,"-22.8993","-43.1778"
220,220-USINA X CANDELARIA (VIA HADDOCK LOBO) - CIRCULAR,Fetranspor,367,17369294,"-22.8995","-43.1784"
220,220-USINA X CANDELARIA (VIA HADDOCK LOBO) - CIRCULAR,Fetranspor,368,17369294,"-22.8996","-43.1788"
220,220-USINA X CANDELARIA (VIA HADDOCK LOBO) - CIRCULAR,Fetranspor,0,17621878,"-22.8996","-43.1788"
220,220-USINA X CANDELARIA (VIA HADDOCK LOBO) - CIRCULAR,Fetranspor,1,17621878,"-22.8996","-43.1788"
220,220-USINA X CANDELARIA (VIA HADDOCK LOBO) - CIRCULAR,Fetranspor,2,17621878,"-22.8996","-43.179"
220,220-USINA X CANDELARIA (VIA HADDOCK LOBO) - CIRCULAR,Fetranspor,3,17621878,"-22.8998","-43.1796"
220,220-USINA X CANDELARIA (VIA HADDOCK LOBO) - CIRCULAR,Fetranspor,4,17621878,"-22.8998","-43.1796"
220,220-USINA X CANDELARIA (VIA HADDOCK LOBO) - CIRCULAR,Fetranspor,5,17621878,"-22.9003","-43.1795"
220,220-USINA X CANDELARIA (VIA HADDOCK LOBO) - CIRCULAR,Fetranspor,6,17621878,"-22.9003","-43.1795"
220,220-USINA X CANDELARIA (VIA HADDOCK LOBO) - CIRCULAR,Fetranspor,7,17621878,"-22.901","-43.1792"
220,220-USINA X CANDELARIA (VIA HADDOCK LOBO) - CIRCULAR,Fetranspor,8,17621878,"-22.901","-43.1792"
220,220-USINA X CANDELARIA (VIA HADDOCK LOBO) - CIRCULAR,Fetranspor,9,17621878,"-22.9012","-43.1791"
220,220-USINA X CANDELARIA (VIA HADDOCK LOBO) - CIRCULAR,Fetranspor,10,17621878,"-22.9012","-43.1791"
220,220-USINA X CANDELARIA (VIA HADDOCK LOBO) - CIRCULAR,Fetranspor,11,17621878,"-22.9013","-43.1795"
220,220-USINA X CANDELARIA (VIA HADDOCK LOBO) - CIRCULAR,Fetranspor,12,17621878,"-22.9018","-43.181"
220,220-USINA X CANDELARIA (VIA HADDOCK LOBO) - CIRCULAR,Fetranspor,13,17621878,"-22.9018","-43.1813"
220,220-USINA X CANDELARIA (VIA HADDOCK LOBO) - CIRCULAR,Fetranspor,14,17621878,"-22.9019","-43.1815"
220,220-USINA X CANDELARIA (VIA HADDOCK LOBO) - CIRCULAR,Fetranspor,15,17621878,"-22.9019","-43.1815"
220,220-USINA X CANDELARIA (VIA HADDOCK LOBO) - CIRCULAR,Fetranspor,16,17621878,"-22.9027","-43.184"
220,220-USINA X CANDELARIA (VIA HADDOCK LOBO) - CIRCULAR,Fetranspor,17,17621878,"-22.9027","-43.184"
220,220-USINA X CANDELARIA (VIA HADDOCK LOBO) - CIRCULAR,Fetranspor,18,17621878,"-22.9028","-43.1842"
220,220-USINA X CANDELARIA (VIA HADDOCK LOBO) - CIRCULAR,Fetranspor,19,17621878,"-22.9028","-43.1842"
220,220-USINA X CANDELARIA (VIA HADDOCK LOBO) - CIRCULAR,Fetranspor,20,17621878,"-22.9032","-43.1854"
220,220-USINA X CANDELARIA (VIA HADDOCK LOBO) - CIRCULAR,Fetranspor,21,17621878,"-22.9041","-43.1883"
220,220-USINA X CANDELARIA (VIA HADDOCK LOBO) - CIRCULAR,Fetranspor,22,17621878,"-22.9041","-43.1883"
220,220-USINA X CANDELARIA (VIA HADDOCK LOBO) - CIRCULAR,Fetranspor,23,17621878,"-22.9043","-43.1888"
220,220-USINA X CANDELARIA (VIA HADDOCK LOBO) - CIRCULAR,Fetranspor,24,17621878,"-22.9049","-43.1906"
220,220-USINA X CANDELARIA (VIA HADDOCK LOBO) - CIRCULAR,Fetranspor,25,17621878,"-22.9049","-43.1906"
220,220-USINA X CANDELARIA (VIA HADDOCK LOBO) - CIRCULAR,Fetranspor,26,17621878,"-22.905","-43.191"
220,220-USINA X CANDELARIA (VIA HADDOCK LOBO) - CIRCULAR,Fetranspor,27,17621878,"-22.905","-43.191"
220,220-USINA X CANDELARIA (VIA HADDOCK LOBO) - CIRCULAR,Fetranspor,28,17621878,"-22.9057","-43.1931"
220,220-USINA X CANDELARIA (VIA HADDOCK LOBO) - CIRCULAR,Fetranspor,29,17621878,"-22.9062","-43.1947"
220,220-USINA X CANDELARIA (VIA HADDOCK LOBO) - CIRCULAR,Fetranspor,30,17621878,"-22.9062","-43.1947"
220,220-USINA X CANDELARIA (VIA HADDOCK LOBO) - CIRCULAR,Fetranspor,31,17621878,"-22.9065","-43.1958"
220,220-USINA X CANDELARIA (VIA HADDOCK LOBO) - CIRCULAR,Fetranspor,32,17621878,"-22.9066","-43.1962"
220,220-USINA X CANDELARIA (VIA HADDOCK LOBO) - CIRCULAR,Fetranspor,33,17621878,"-22.9067","-43.1967"
220,220-USINA X CANDELARIA (VIA HADDOCK LOBO) - CIRCULAR,Fetranspor,34,17621878,"-22.9067","-43.1967"
220,220-USINA X CANDELARIA (VIA HADDOCK LOBO) - CIRCULAR,Fetranspor,35,17621878,"-22.907","-43.1975"
220,220-USINA X CANDELARIA (VIA HADDOCK LOBO) - CIRCULAR,Fetranspor,36,17621878,"-22.907","-43.1976"
220,220-USINA X CANDELARIA (VIA HADDOCK LOBO) - CIRCULAR,Fetranspor,37,17621878,"-22.9072","-43.1981"
220,220-USINA X CANDELARIA (VIA HADDOCK LOBO) - CIRCULAR,Fetranspor,38,17621878,"-22.9072","-43.1981"
220,220-USINA X CANDELARIA (VIA HADDOCK LOBO) - CIRCULAR,Fetranspor,39,17621878,"-22.9077","-43.1997"
220,220-USINA X CANDELARIA (VIA HADDOCK LOBO) - CIRCULAR,Fetranspor,40,17621878,"-22.9081","-43.2008"
220,220-USINA X CANDELARIA (VIA HADDOCK LOBO) - CIRCULAR,Fetranspor,41,17621878,"-22.9081","-43.2008"
220,220-USINA X CANDELARIA (VIA HADDOCK LOBO) - CIRCULAR,Fetranspor,42,17621878,"-22.9082","-43.2011"
220,220-USINA X CANDELARIA (VIA HADDOCK LOBO) - CIRCULAR,Fetranspor,43,17621878,"-22.9084","-43.2018"
220,220-USINA X CANDELARIA (VIA HADDOCK LOBO) - CIRCULAR,Fetranspor,44,17621878,"-22.9084","-43.2018"
220,220-USINA X CANDELARIA (VIA HADDOCK LOBO) - CIRCULAR,Fetranspor,45,17621878,"-22.9086","-43.2025"
220,220-USINA X CANDELARIA (VIA HADDOCK LOBO) - CIRCULAR,Fetranspor,46,17621878,"-22.9089","-43.2034"
220,220-USINA X CANDELARIA (VIA HADDOCK LOBO) - CIRCULAR,Fetranspor,47,17621878,"-22.9092","-43.2044"
220,220-USINA X CANDELARIA (VIA HADDOCK LOBO) - CIRCULAR,Fetranspor,48,17621878,"-22.9092","-43.2044"
220,220-USINA X CANDELARIA (VIA HADDOCK LOBO) - CIRCULAR,Fetranspor,49,17621878,"-22.9098","-43.2062"
220,220-USINA X CANDELARIA (VIA HADDOCK LOBO) - CIRCULAR,Fetranspor,50,17621878,"-22.9098","-43.2062"
220,220-USINA X CANDELARIA (VIA HADDOCK LOBO) - CIRCULAR,Fetranspor,51,17621878,"-22.9102","-43.2072"
220,220-USINA X CANDELARIA (VIA HADDOCK LOBO) - CIRCULAR,Fetranspor,52,17621878,"-22.9102","-43.2074"
220,220-USINA X CANDELARIA (VIA HADDOCK LOBO) - CIRCULAR,Fetranspor,53,17621878,"-22.9102","-43.2075"
220,220-USINA X CANDELARIA (VIA HADDOCK LOBO) - CIRCULAR,Fetranspor,54,17621878,"-22.9102","-43.2075"
220,220-USINA X CANDELARIA (VIA HADDOCK LOBO) - CIRCULAR,Fetranspor,55,17621878,"-22.9102","-43.2076"
220,220-USINA X CANDELARIA (VIA HADDOCK LOBO) - CIRCULAR,Fetranspor,56,17621878,"-22.9102","-43.2078"
220,220-USINA X CANDELARIA (VIA HADDOCK LOBO) - CIRCULAR,Fetranspor,57,17621878,"-22.9102","-43.2079"
220,220-USINA X CANDELARIA (VIA HADDOCK LOBO) - CIRCULAR,Fetranspor,58,17621878,"-22.9099","-43.2091"
220,220-USINA X CANDELARIA (VIA HADDOCK LOBO) - CIRCULAR,Fetranspor,59,17621878,"-22.9099","-43.2095"
220,220-USINA X CANDELARIA (VIA HADDOCK LOBO) - CIRCULAR,Fetranspor,60,17621878,"-22.9099","-43.2097"
220,220-USINA X CANDELARIA (VIA HADDOCK LOBO) - CIRCULAR,Fetranspor,61,17621878,"-22.9099","-43.2098"
220,220-USINA X CANDELARIA (VIA HADDOCK LOBO) - CIRCULAR,Fetranspor,62,17621878,"-22.9099","-43.2099"
220,220-USINA X CANDELARIA (VIA HADDOCK LOBO) - CIRCULAR,Fetranspor,63,17621878,"-22.9099","-43.21"
220,220-USINA X CANDELARIA (VIA HADDOCK LOBO) - CIRCULAR,Fetranspor,64,17621878,"-22.9099","-43.2102"
220,220-USINA X CANDELARIA (VIA HADDOCK LOBO) - CIRCULAR,Fetranspor,65,17621878,"-22.91","-43.2104"
220,220-USINA X CANDELARIA (VIA HADDOCK LOBO) - CIRCULAR,Fetranspor,66,17621878,"-22.91","-43.2105"
220,220-USINA X CANDELARIA (VIA HADDOCK LOBO) - CIRCULAR,Fetranspor,67,17621878,"-22.91","-43.2106"
220,220-USINA X CANDELARIA (VIA HADDOCK LOBO) - CIRCULAR,Fetranspor,68,17621878,"-22.91","-43.2106"
220,220-USINA X CANDELARIA (VIA HADDOCK LOBO) - CIRCULAR,Fetranspor,69,17621878,"-22.9101","-43.2106"
220,220-USINA X CANDELARIA (VIA HADDOCK LOBO) - CIRCULAR,Fetranspor,70,17621878,"-22.9101","-43.2106"
220,220-USINA X CANDELARIA (VIA HADDOCK LOBO) - CIRCULAR,Fetranspor,71,17621878,"-22.9102","-43.2107"
220,220-USINA X CANDELARIA (VIA HADDOCK LOBO) - CIRCULAR,Fetranspor,72,17621878,"-22.9103","-43.2109"
220,220-USINA X CANDELARIA (VIA HADDOCK LOBO) - CIRCULAR,Fetranspor,73,17621878,"-22.9104","-43.2109"
220,220-USINA X CANDELARIA (VIA HADDOCK LOBO) - CIRCULAR,Fetranspor,74,17621878,"-22.9105","-43.211"
220,220-USINA X CANDELARIA (VIA HADDOCK LOBO) - CIRCULAR,Fetranspor,75,17621878,"-22.9106","-43.211"
220,220-USINA X CANDELARIA (VIA HADDOCK LOBO) - CIRCULAR,Fetranspor,76,17621878,"-22.9107","-43.211"
220,220-USINA X CANDELARIA (VIA HADDOCK LOBO) - CIRCULAR,Fetranspor,77,17621878,"-22.9107","-43.2109"
220,220-USINA X CANDELARIA (VIA HADDOCK LOBO) - CIRCULAR,Fetranspor,78,17621878,"-22.9108","-43.2109"
220,220-USINA X CANDELARIA (VIA HADDOCK LOBO) - CIRCULAR,Fetranspor,79,17621878,"-22.9108","-43.2109"
220,220-USINA X CANDELARIA (VIA HADDOCK LOBO) - CIRCULAR,Fetranspor,80,17621878,"-22.9109","-43.2107"
220,220-USINA X CANDELARIA (VIA HADDOCK LOBO) - CIRCULAR,Fetranspor,81,17621878,"-22.9109","-43.2106"
220,220-USINA X CANDELARIA (VIA HADDOCK LOBO) - CIRCULAR,Fetranspor,82,17621878,"-22.9109","-43.2106"
220,220-USINA X CANDELARIA (VIA HADDOCK LOBO) - CIRCULAR,Fetranspor,83,17621878,"-22.911","-43.2103"
220,220-USINA X CANDELARIA (VIA HADDOCK LOBO) - CIRCULAR,Fetranspor,84,17621878,"-22.911","-43.2102"
220,220-USINA X CANDELARIA (VIA HADDOCK LOBO) - CIRCULAR,Fetranspor,85,17621878,"-22.911","-43.2102"
220,220-USINA X CANDELARIA (VIA HADDOCK LOBO) - CIRCULAR,Fetranspor,86,17621878,"-22.9111","-43.2101"
220,220-USINA X CANDELARIA (VIA HADDOCK LOBO) - CIRCULAR,Fetranspor,87,17621878,"-22.9111","-43.21"
220,220-USINA X CANDELARIA (VIA HADDOCK LOBO) - CIRCULAR,Fetranspor,88,17621878,"-22.9113","-43.2099"
220,220-USINA X CANDELARIA (VIA HADDOCK LOBO) - CIRCULAR,Fetranspor,89,17621878,"-22.9115","-43.2098"
220,220-USINA X CANDELARIA (VIA HADDOCK LOBO) - CIRCULAR,Fetranspor,90,17621878,"-22.9116","-43.2098"
220,220-USINA X CANDELARIA (VIA HADDOCK LOBO) - CIRCULAR,Fetranspor,91,17621878,"-22.9117","-43.2098"
220,220-USINA X CANDELARIA (VIA HADDOCK LOBO) - CIRCULAR,Fetranspor,92,17621878,"-22.9119","-43.2098"
220,220-USINA X CANDELARIA (VIA HADDOCK LOBO) - CIRCULAR,Fetranspor,93,17621878,"-22.912","-43.2098"
220,220-USINA X CANDELARIA (VIA HADDOCK LOBO) - CIRCULAR,Fetranspor,94,17621878,"-22.9125","-43.21"
220,220-USINA X CANDELARIA (VIA HADDOCK LOBO) - CIRCULAR,Fetranspor,95,17621878,"-22.9128","-43.21"
220,220-USINA X CANDELARIA (VIA HADDOCK LOBO) - CIRCULAR,Fetranspor,96,17621878,"-22.913","-43.2102"
220,220-USINA X CANDELARIA (VIA HADDOCK LOBO) - CIRCULAR,Fetranspor,97,17621878,"-22.913","-43.2102"
220,220-USINA X CANDELARIA (VIA HADDOCK LOBO) - CIRCULAR,Fetranspor,98,17621878,"-22.9131","-43.2102"
220,220-USINA X CANDELARIA (VIA HADDOCK LOBO) - CIRCULAR,Fetranspor,99,17621878,"-22.9132","-43.2102"
220,220-USINA X CANDELARIA (VIA HADDOCK LOBO) - CIRCULAR,Fetranspor,100,17621878,"-22.9137","-43.2102"
220,220-USINA X CANDELARIA (VIA HADDOCK LOBO) - CIRCULAR,Fetranspor,101,17621878,"-22.9142","-43.2102"
220,220-USINA X CANDELARIA (VIA HADDOCK LOBO) - CIRCULAR,Fetranspor,102,17621878,"-22.9142","-43.2102"
220,220-USINA X CANDELARIA (VIA HADDOCK LOBO) - CIRCULAR,Fetranspor,103,17621878,"-22.9149","-43.2103"
220,220-USINA X CANDELARIA (VIA HADDOCK LOBO) - CIRCULAR,Fetranspor,104,17621878,"-22.9153","-43.2103"
220,220-USINA X CANDELARIA (VIA HADDOCK LOBO) - CIRCULAR,Fetranspor,105,17621878,"-22.9157","-43.2103"
220,220-USINA X CANDELARIA (VIA HADDOCK LOBO) - CIRCULAR,Fetranspor,106,17621878,"-22.9157","-43.2103"
220,220-USINA X CANDELARIA (VIA HADDOCK LOBO) - CIRCULAR,Fetranspor,107,17621878,"-22.9159","-43.2111"
220,220-USINA X CANDELARIA (VIA HADDOCK LOBO) - CIRCULAR,Fetranspor,108,17621878,"-22.9159","-43.2113"
220,220-USINA X CANDELARIA (VIA HADDOCK LOBO) - CIRCULAR,Fetranspor,109,17621878,"-22.9159","-43.2113"
220,220-USINA X CANDELARIA (VIA HADDOCK LOBO) - CIRCULAR,Fetranspor,110,17621878,"-22.9159","-43.2113"
220,220-USINA X CANDELARIA (VIA HADDOCK LOBO) - CIRCULAR,Fetranspor,111,17621878,"-22.9162","-43.2121"
220,220-USINA X CANDELARIA (VIA HADDOCK LOBO) - CIRCULAR,Fetranspor,112,17621878,"-22.9162","-43.2123"
220,220-USINA X CANDELARIA (VIA HADDOCK LOBO) - CIRCULAR,Fetranspor,113,17621878,"-22.9162","-43.2123"
220,220-USINA X CANDELARIA (VIA HADDOCK LOBO) - CIRCULAR,Fetranspor,114,17621878,"-22.9165","-43.213"
220,220-USINA X CANDELARIA (VIA HADDOCK LOBO) - CIRCULAR,Fetranspor,115,17621878,"-22.9165","-43.213"
220,220-USINA X CANDELARIA (VIA HADDOCK LOBO) - CIRCULAR,Fetranspor,116,17621878,"-22.9167","-43.2135"
220,220-USINA X CANDELARIA (VIA HADDOCK LOBO) - CIRCULAR,Fetranspor,117,17621878,"-22.9167","-43.2135"
220,220-USINA X CANDELARIA (VIA HADDOCK LOBO) - CIRCULAR,Fetranspor,118,17621878,"-22.9171","-43.2146"
220,220-USINA X CANDELARIA (VIA HADDOCK LOBO) - CIRCULAR,Fetranspor,119,17621878,"-22.9171","-43.2146"
220,220-USINA X CANDELARIA (VIA HADDOCK LOBO) - CIRCULAR,Fetranspor,120,17621878,"-22.9173","-43.215"
220,220-USINA X CANDELARIA (VIA HADDOCK LOBO) - CIRCULAR,Fetranspor,121,17621878,"-22.9173","-43.215"
220,220-USINA X CANDELARIA (VIA HADDOCK LOBO) - CIRCULAR,Fetranspor,122,17621878,"-22.9174","-43.2154"
220,220-USINA X CANDELARIA (VIA HADDOCK LOBO) - CIRCULAR,Fetranspor,123,17621878,"-22.9174","-43.2154"
220,220-USINA X CANDELARIA (VIA HADDOCK LOBO) - CIRCULAR,Fetranspor,124,17621878,"-22.9175","-43.2156"
220,220-USINA X CANDELARIA (VIA HADDOCK LOBO) - CIRCULAR,Fetranspor,125,17621878,"-22.9175","-43.2156"
220,220-USINA X CANDELARIA (VIA HADDOCK LOBO) - CIRCULAR,Fetranspor,126,17621878,"-22.918","-43.2168"
220,220-USINA X CANDELARIA (VIA HADDOCK LOBO) - CIRCULAR,Fetranspor,127,17621878,"-22.9181","-43.2169"
220,220-USINA X CANDELARIA (VIA HADDOCK LOBO) - CIRCULAR,Fetranspor,128,17621878,"-22.9182","-43.2173"
220,220-USINA X CANDELARIA (VIA HADDOCK LOBO) - CIRCULAR,Fetranspor,129,17621878,"-22.9182","-43.2173"
220,220-USINA X CANDELARIA (VIA HADDOCK LOBO) - CIRCULAR,Fetranspor,130,17621878,"-22.9187","-43.2184"
220,220-USINA X CANDELARIA (VIA HADDOCK LOBO) - CIRCULAR,Fetranspor,131,17621878,"-22.9187","-43.2184"
220,220-USINA X CANDELARIA (VIA HADDOCK LOBO) - CIRCULAR,Fetranspor,132,17621878,"-22.919","-43.2192"
220,220-USINA X CANDELARIA (VIA HADDOCK LOBO) - CIRCULAR,Fetranspor,133,17621878,"-22.9191","-43.2195"
220,220-USINA X CANDELARIA (VIA HADDOCK LOBO) - CIRCULAR,Fetranspor,134,17621878,"-22.9191","-43.2195"
220,220-USINA X CANDELARIA (VIA HADDOCK LOBO) - CIRCULAR,Fetranspor,135,17621878,"-22.9193","-43.2199"
220,220-USINA X CANDELARIA (VIA HADDOCK LOBO) - CIRCULAR,Fetranspor,136,17621878,"-22.9198","-43.2208"
220,220-USINA X CANDELARIA (VIA HADDOCK LOBO) - CIRCULAR,Fetranspor,137,17621878,"-22.9198","-43.2208"
220,220-USINA X CANDELARIA (VIA HADDOCK LOBO) - CIRCULAR,Fetranspor,138,17621878,"-22.92","-43.2213"
220,220-USINA X CANDELARIA (VIA HADDOCK LOBO) - CIRCULAR,Fetranspor,139,17621878,"-22.92","-43.2213"
220,220-USINA X CANDELARIA (VIA HADDOCK LOBO) - CIRCULAR,Fetranspor,140,17621878,"-22.92","-43.2213"
220,220-USINA X CANDELARIA (VIA HADDOCK LOBO) - CIRCULAR,Fetranspor,141,17621878,"-22.92","-43.2213"
220,220-USINA X CANDELARIA (VIA HADDOCK LOBO) - CIRCULAR,Fetranspor,142,17621878,"-22.9203","-43.2217"
220,220-USINA X CANDELARIA (VIA HADDOCK LOBO) - CIRCULAR,Fetranspor,143,17621878,"-22.9204","-43.2221"
220,220-USINA X CANDELARIA (VIA HADDOCK LOBO) - CIRCULAR,Fetranspor,144,17621878,"-22.9204","-43.2221"
220,220-USINA X CANDELARIA (VIA HADDOCK LOBO) - CIRCULAR,Fetranspor,145,17621878,"-22.9205","-43.2222"
220,220-USINA X CANDELARIA (VIA HADDOCK LOBO) - CIRCULAR,Fetranspor,146,17621878,"-22.9206","-43.2224"
220,220-USINA X CANDELARIA (VIA HADDOCK LOBO) - CIRCULAR,Fetranspor,147,17621878,"-22.9206","-43.2225"
220,220-USINA X CANDELARIA (VIA HADDOCK LOBO) - CIRCULAR,Fetranspor,148,17621878,"-22.9207","-43.2227"
220,220-USINA X CANDELARIA (VIA HADDOCK LOBO) - CIRCULAR,Fetranspor,149,17621878,"-22.9207","-43.2227"
220,220-USINA X CANDELARIA (VIA HADDOCK LOBO) - CIRCULAR,Fetranspor,150,17621878,"-22.9207","-43.223"
220,220-USINA X CANDELARIA (VIA HADDOCK LOBO) - CIRCULAR,Fetranspor,151,17621878,"-22.9208","-43.2232"
220,220-USINA X CANDELARIA (VIA HADDOCK LOBO) - CIRCULAR,Fetranspor,152,17621878,"-22.9208","-43.2237"
220,220-USINA X CANDELARIA (VIA HADDOCK LOBO) - CIRCULAR,Fetranspor,153,17621878,"-22.9208","-43.2237"
220,220-USINA X CANDELARIA (VIA HADDOCK LOBO) - CIRCULAR,Fetranspor,154,17621878,"-22.9208","-43.2239"
220,220-USINA X CANDELARIA (VIA HADDOCK LOBO) - CIRCULAR,Fetranspor,155,17621878,"-22.9208","-43.2239"
220,220-USINA X CANDELARIA (VIA HADDOCK LOBO) - CIRCULAR,Fetranspor,156,17621878,"-22.9208","-43.225"
220,220-USINA X CANDELARIA (VIA HADDOCK LOBO) - CIRCULAR,Fetranspor,157,17621878,"-22.9208","-43.225"
220,220-USINA X CANDELARIA (VIA HADDOCK LOBO) - CIRCULAR,Fetranspor,158,17621878,"-22.9208","-43.2251"
220,220-USINA X CANDELARIA (VIA HADDOCK LOBO) - CIRCULAR,Fetranspor,159,17621878,"-22.9208","-43.2255"
220,220-USINA X CANDELARIA (VIA HADDOCK LOBO) - CIRCULAR,Fetranspor,160,17621878,"-22.9208","-43.2258"
220,220-USINA X CANDELARIA (VIA HADDOCK LOBO) - CIRCULAR,Fetranspor,161,17621878,"-22.9208","-43.2258"
220,220-USINA X CANDELARIA (VIA HADDOCK LOBO) - CIRCULAR,Fetranspor,162,17621878,"-22.9209","-43.2263"
220,220-USINA X CANDELARIA (VIA HADDOCK LOBO) - CIRCULAR,Fetranspor,163,17621878,"-22.9209","-43.2266"
220,220-USINA X CANDELARIA (VIA HADDOCK LOBO) - CIRCULAR,Fetranspor,164,17621878,"-22.921","-43.2266"
220,220-USINA X CANDELARIA (VIA HADDOCK LOBO) - CIRCULAR,Fetranspor,165,17621878,"-22.921","-43.2266"
220,220-USINA X CANDELARIA (VIA HADDOCK LOBO) - CIRCULAR,Fetranspor,166,17621878,"-22.921","-43.2268"
220,220-USINA X CANDELARIA (VIA HADDOCK LOBO) - CIRCULAR,Fetranspor,167,17621878,"-22.9211","-43.227"
220,220-USINA X CANDELARIA (VIA HADDOCK LOBO) - CIRCULAR,Fetranspor,168,17621878,"-22.9212","-43.2273"
220,220-USINA X CANDELARIA (VIA HADDOCK LOBO) - CIRCULAR,Fetranspor,169,17621878,"-22.9212","-43.2273"
220,220-USINA X CANDELARIA (VIA HADDOCK LOBO) - CIRCULAR,Fetranspor,170,17621878,"-22.9213","-43.2275"
220,220-USINA X CANDELARIA (VIA HADDOCK LOBO) - CIRCULAR,Fetranspor,171,17621878,"-22.9215","-43.2281"
220,220-USINA X CANDELARIA (VIA HADDOCK LOBO) - CIRCULAR,Fetranspor,172,17621878,"-22.9215","-43.2281"
220,220-USINA X CANDELARIA (VIA HADDOCK LOBO) - CIRCULAR,Fetranspor,173,17621878,"-22.9219","-43.2291"
220,220-USINA X CANDELARIA (VIA HADDOCK LOBO) - CIRCULAR,Fetranspor,174,17621878,"-22.9219","-43.2291"
220,220-USINA X CANDELARIA (VIA HADDOCK LOBO) - CIRCULAR,Fetranspor,175,17621878,"-22.9222","-43.2297"
220,220-USINA X CANDELARIA (VIA HADDOCK LOBO) - CIRCULAR,Fetranspor,176,17621878,"-22.9223","-43.2299"
220,220-USINA X CANDELARIA (VIA HADDOCK LOBO) - CIRCULAR,Fetranspor,177,17621878,"-22.9223","-43.2299"
220,220-USINA X CANDELARIA (VIA HADDOCK LOBO) - CIRCULAR,Fetranspor,178,17621878,"-22.9224","-43.2303"
220,220-USINA X CANDELARIA (VIA HADDOCK LOBO) - CIRCULAR,Fetranspor,179,17621878,"-22.9224","-43.2303"
220,220-USINA X CANDELARIA (VIA HADDOCK LOBO) - CIRCULAR,Fetranspor,180,17621878,"-22.923","-43.2312"
220,220-USINA X CANDELARIA (VIA HADDOCK LOBO) - CIRCULAR,Fetranspor,181,17621878,"-22.923","-43.2312"
220,220-USINA X CANDELARIA (VIA HADDOCK LOBO) - CIRCULAR,Fetranspor,182,17621878,"-22.9233","-43.2316"
220,220-USINA X CANDELARIA (VIA HADDOCK LOBO) - CIRCULAR,Fetranspor,183,17621878,"-22.9238","-43.2324"
220,220-USINA X CANDELARIA (VIA HADDOCK LOBO) - CIRCULAR,Fetranspor,184,17621878,"-22.9238","-43.2324"
220,220-USINA X CANDELARIA (VIA HADDOCK LOBO) - CIRCULAR,Fetranspor,185,17621878,"-22.9245","-43.2333"
220,220-USINA X CANDELARIA (VIA HADDOCK LOBO) - CIRCULAR,Fetranspor,186,17621878,"-22.9246","-43.2335"
220,220-USINA X CANDELARIA (VIA HADDOCK LOBO) - CIRCULAR,Fetranspor,187,17621878,"-22.9246","-43.2335"
220,220-USINA X CANDELARIA (VIA HADDOCK LOBO) - CIRCULAR,Fetranspor,188,17621878,"-22.9252","-43.2343"
220,220-USINA X CANDELARIA (VIA HADDOCK LOBO) - CIRCULAR,Fetranspor,189,17621878,"-22.9253","-43.2344"
220,220-USINA X CANDELARIA (VIA HADDOCK LOBO) - CIRCULAR,Fetranspor,190,17621878,"-22.9256","-43.2347"
220,220-USINA X CANDELARIA (VIA HADDOCK LOBO) - CIRCULAR,Fetranspor,191,17621878,"-22.9256","-43.2347"
220,220-USINA X CANDELARIA (VIA HADDOCK LOBO) - CIRCULAR,Fetranspor,192,17621878,"-22.9257","-43.2349"
220,220-USINA X CANDELARIA (VIA HADDOCK LOBO) - CIRCULAR,Fetranspor,193,17621878,"-22.9257","-43.2349"
220,220-USINA X CANDELARIA (VIA HADDOCK LOBO) - CIRCULAR,Fetranspor,194,17621878,"-22.9259","-43.235"
220,220-USINA X CANDELARIA (VIA HADDOCK LOBO) - CIRCULAR,Fetranspor,195,17621878,"-22.9263","-43.2353"
220,220-USINA X CANDELARIA (VIA HADDOCK LOBO) - CIRCULAR,Fetranspor,196,17621878,"-22.9263","-43.2353"
220,220-USINA X CANDELARIA (VIA HADDOCK LOBO) - CIRCULAR,Fetranspor,197,17621878,"-22.9268","-43.2356"
220,220-USINA X CANDELARIA (VIA HADDOCK LOBO) - CIRCULAR,Fetranspor,198,17621878,"-22.9268","-43.2356"
220,220-USINA X CANDELARIA (VIA HADDOCK LOBO) - CIRCULAR,Fetranspor,199,17621878,"-22.9271","-43.2358"
220,220-USINA X CANDELARIA (VIA HADDOCK LOBO) - CIRCULAR,Fetranspor,200,17621878,"-22.9273","-43.236"
220,220-USINA X CANDELARIA (VIA HADDOCK LOBO) - CIRCULAR,Fetranspor,201,17621878,"-22.9278","-43.2362"
220,220-USINA X CANDELARIA (VIA HADDOCK LOBO) - CIRCULAR,Fetranspor,202,17621878,"-22.9278","-43.2362"
220,220-USINA X CANDELARIA (VIA HADDOCK LOBO) - CIRCULAR,Fetranspor,203,17621878,"-22.9279","-43.2363"
220,220-USINA X CANDELARIA (VIA HADDOCK LOBO) - CIRCULAR,Fetranspor,204,17621878,"-22.9282","-43.2365"
220,220-USINA X CANDELARIA (VIA HADDOCK LOBO) - CIRCULAR,Fetranspor,205,17621878,"-22.9287","-43.2368"
220,220-USINA X CANDELARIA (VIA HADDOCK LOBO) - CIRCULAR,Fetranspor,206,17621878,"-22.9287","-43.2368"
220,220-USINA X CANDELARIA (VIA HADDOCK LOBO) - CIRCULAR,Fetranspor,207,17621878,"-22.9289","-43.2369"
220,220-USINA X CANDELARIA (VIA HADDOCK LOBO) - CIRCULAR,Fetranspor,208,17621878,"-22.9296","-43.2373"
220,220-USINA X CANDELARIA (VIA HADDOCK LOBO) - CIRCULAR,Fetranspor,209,17621878,"-22.9298","-43.2374"
220,220-USINA X CANDELARIA (VIA HADDOCK LOBO) - CIRCULAR,Fetranspor,210,17621878,"-22.9298","-43.2374"
220,220-USINA X CANDELARIA (VIA HADDOCK LOBO) - CIRCULAR,Fetranspor,211,17621878,"-22.93","-43.2375"
220,220-USINA X CANDELARIA (VIA HADDOCK LOBO) - CIRCULAR,Fetranspor,212,17621878,"-22.9302","-43.2377"
220,220-USINA X CANDELARIA (VIA HADDOCK LOBO) - CIRCULAR,Fetranspor,213,17621878,"-22.9306","-43.238"
220,220-USINA X CANDELARIA (VIA HADDOCK LOBO) - CIRCULAR,Fetranspor,214,17621878,"-22.9308","-43.2383"
220,220-USINA X CANDELARIA (VIA HADDOCK LOBO) - CIRCULAR,Fetranspor,215,17621878,"-22.9308","-43.2383"
220,220-USINA X CANDELARIA (VIA HADDOCK LOBO) - CIRCULAR,Fetranspor,216,17621878,"-22.9311","-43.2386"
220,220-USINA X CANDELARIA (VIA HADDOCK LOBO) - CIRCULAR,Fetranspor,217,17621878,"-22.9313","-43.2389"
220,220-USINA X CANDELARIA (VIA HADDOCK LOBO) - CIRCULAR,Fetranspor,218,17621878,"-22.9313","-43.2389"
220,220-USINA X CANDELARIA (VIA HADDOCK LOBO) - CIRCULAR,Fetranspor,219,17621878,"-22.9314","-43.239"
220,220-USINA X CANDELARIA (VIA HADDOCK LOBO) - CIRCULAR,Fetranspor,220,17621878,"-22.9317","-43.2395"
220,220-USINA X CANDELARIA (VIA HADDOCK LOBO) - CIRCULAR,Fetranspor,221,17621878,"-22.9318","-43.2397"
220,220-USINA X CANDELARIA (VIA HADDOCK LOBO) - CIRCULAR,Fetranspor,222,17621878,"-22.9318","-43.2397"
220,220-USINA X CANDELARIA (VIA HADDOCK LOBO) - CIRCULAR,Fetranspor,223,17621878,"-22.9321","-43.2404"
220,220-USINA X CANDELARIA (VIA HADDOCK LOBO) - CIRCULAR,Fetranspor,224,17621878,"-22.9323","-43.2407"
220,220-USINA X CANDELARIA (VIA HADDOCK LOBO) - CIRCULAR,Fetranspor,225,17621878,"-22.9324","-43.2411"
220,220-USINA X CANDELARIA (VIA HADDOCK LOBO) - CIRCULAR,Fetranspor,226,17621878,"-22.9324","-43.2411"
220,220-USINA X CANDELARIA (VIA HADDOCK LOBO) - CIRCULAR,Fetranspor,227,17621878,"-22.9326","-43.2413"
220,220-USINA X CANDELARIA (VIA HADDOCK LOBO) - CIRCULAR,Fetranspor,228,17621878,"-22.9328","-43.2415"
220,220-USINA X CANDELARIA (VIA HADDOCK LOBO) - CIRCULAR,Fetranspor,229,17621878,"-22.9328","-43.2415"
220,220-USINA X CANDELARIA (VIA HADDOCK LOBO) - CIRCULAR,Fetranspor,230,17621878,"-22.933","-43.2416"
220,220-USINA X CANDELARIA (VIA HADDOCK LOBO) - CIRCULAR,Fetranspor,231,17621878,"-22.933","-43.2417"
220,220-USINA X CANDELARIA (VIA HADDOCK LOBO) - CIRCULAR,Fetranspor,232,17621878,"-22.9331","-43.2417"
220,220-USINA X CANDELARIA (VIA HADDOCK LOBO) - CIRCULAR,Fetranspor,233,17621878,"-22.9331","-43.2417"
220,220-USINA X CANDELARIA (VIA HADDOCK LOBO) - CIRCULAR,Fetranspor,234,17621878,"-22.9334","-43.2419"
220,220-USINA X CANDELARIA (VIA HADDOCK LOBO) - CIRCULAR,Fetranspor,235,17621878,"-22.9334","-43.2419"
220,220-USINA X CANDELARIA (VIA HADDOCK LOBO) - CIRCULAR,Fetranspor,236,17621878,"-22.934","-43.2425"
220,220-USINA X CANDELARIA (VIA HADDOCK LOBO) - CIRCULAR,Fetranspor,237,17621878,"-22.934","-43.2425"
220,220-USINA X CANDELARIA (VIA HADDOCK LOBO) - CIRCULAR,Fetranspor,238,17621878,"-22.9343","-43.2427"
220,220-USINA X CANDELARIA (VIA HADDOCK LOBO) - CIRCULAR,Fetranspor,239,17621878,"-22.9345","-43.243"
220,220-USINA X CANDELARIA (VIA HADDOCK LOBO) - CIRCULAR,Fetranspor,240,17621878,"-22.9345","-43.243"
220,220-USINA X CANDELARIA (VIA HADDOCK LOBO) - CIRCULAR,Fetranspor,241,17621878,"-22.9353","-43.2437"
220,220-USINA X CANDELARIA (VIA HADDOCK LOBO) - CIRCULAR,Fetranspor,242,17621878,"-22.9353","-43.2437"
220,220-USINA X CANDELARIA (VIA HADDOCK LOBO) - CIRCULAR,Fetranspor,243,17621878,"-22.9357","-43.2442"
220,220-USINA X CANDELARIA (VIA HADDOCK LOBO) - CIRCULAR,Fetranspor,244,17621878,"-22.9357","-43.2442"
220,220-USINA X CANDELARIA (VIA HADDOCK LOBO) - CIRCULAR,Fetranspor,245,17621878,"-22.9361","-43.2447"
220,220-USINA X CANDELARIA (VIA HADDOCK LOBO) - CIRCULAR,Fetranspor,246,17621878,"-22.9367","-43.2453"
220,220-USINA X CANDELARIA (VIA HADDOCK LOBO) - CIRCULAR,Fetranspor,247,17621878,"-22.9367","-43.2453"
220,220-USINA X CANDELARIA (VIA HADDOCK LOBO) - CIRCULAR,Fetranspor,248,17621878,"-22.937","-43.2456"
220,220-USINA X CANDELARIA (VIA HADDOCK LOBO) - CIRCULAR,Fetranspor,249,17621878,"-22.937","-43.2456"
220,220-USINA X CANDELARIA (VIA HADDOCK LOBO) - CIRCULAR,Fetranspor,250,17621878,"-22.9372","-43.2459"
220,220-USINA X CANDELARIA (VIA HADDOCK LOBO) - CIRCULAR,Fetranspor,251,17621878,"-22.9372","-43.2459"
220,220-USINA X CANDELARIA (VIA HADDOCK LOBO) - CIRCULAR,Fetranspor,252,17621878,"-22.9377","-43.2464"
220,220-USINA X CANDELARIA (VIA HADDOCK LOBO) - CIRCULAR,Fetranspor,253,17621878,"-22.9377","-43.2464"
220,220-USINA X CANDELARIA (VIA HADDOCK LOBO) - CIRCULAR,Fetranspor,254,17621878,"-22.9382","-43.2469"
220,220-USINA X CANDELARIA (VIA HADDOCK LOBO) - CIRCULAR,Fetranspor,255,17621878,"-22.9382","-43.2469"
220,220-USINA X CANDELARIA (VIA HADDOCK LOBO) - CIRCULAR,Fetranspor,256,17621878,"-22.9385","-43.2472"
220,220-USINA X CANDELARIA (VIA HADDOCK LOBO) - CIRCULAR,Fetranspor,257,17621878,"-22.9385","-43.2472"
220,220-USINA X CANDELARIA (VIA HADDOCK LOBO) - CIRCULAR,Fetranspor,258,17621878,"-22.9386","-43.2474"
220,220-USINA X CANDELARIA (VIA HADDOCK LOBO) - CIRCULAR,Fetranspor,259,17621878,"-22.9388","-43.2476"
220,220-USINA X CANDELARIA (VIA HADDOCK LOBO) - CIRCULAR,Fetranspor,260,17621878,"-22.9388","-43.2476"
220,220-USINA X CANDELARIA (VIA HADDOCK LOBO) - CIRCULAR,Fetranspor,261,17621878,"-22.9391","-43.2479"
220,220-USINA X CANDELARIA (VIA HADDOCK LOBO) - CIRCULAR,Fetranspor,262,17621878,"-22.9393","-43.2483"
220,220-USINA X CANDELARIA (VIA HADDOCK LOBO) - CIRCULAR,Fetranspor,263,17621878,"-22.9394","-43.2485"
220,220-USINA X CANDELARIA (VIA HADDOCK LOBO) - CIRCULAR,Fetranspor,264,17621878,"-22.9394","-43.2485"
220,220-USINA X CANDELARIA (VIA HADDOCK LOBO) - CIRCULAR,Fetranspor,265,17621878,"-22.9395","-43.2486"
220,220-USINA X CANDELARIA (VIA HADDOCK LOBO) - CIRCULAR,Fetranspor,266,17621878,"-22.9397","-43.2488"
220,220-USINA X CANDELARIA (VIA HADDOCK LOBO) - CIRCULAR,Fetranspor,267,17621878,"-22.9397","-43.2488"
220,220-USINA X CANDELARIA (VIA HADDOCK LOBO) - CIRCULAR,Fetranspor,268,17621878,"-22.9399","-43.2491"
220,220-USINA X CANDELARIA (VIA HADDOCK LOBO) - CIRCULAR,Fetranspor,269,17621878,"-22.9399","-43.2491"
220,220-USINA X CANDELARIA (VIA HADDOCK LOBO) - CIRCULAR,Fetranspor,270,17621878,"-22.94","-43.2493"
220,220-USINA X CANDELARIA (VIA HADDOCK LOBO) - CIRCULAR,Fetranspor,271,17621878,"-22.9403","-43.2497"
220,220-USINA X CANDELARIA (VIA HADDOCK LOBO) - CIRCULAR,Fetranspor,272,17621878,"-22.9403","-43.2497"
220,220-USINA X CANDELARIA (VIA HADDOCK LOBO) - CIRCULAR,Fetranspor,273,17621878,"-22.9405","-43.25"
220,220-USINA X CANDELARIA (VIA HADDOCK LOBO) - CIRCULAR,Fetranspor,274,17621878,"-22.9406","-43.2501"
220,220-USINA X CANDELARIA (VIA HADDOCK LOBO) - CIRCULAR,Fetranspor,275,17621878,"-22.9406","-43.2503"
220,220-USINA X CANDELARIA (VIA HADDOCK LOBO) - CIRCULAR,Fetranspor,276,17621878,"-22.9406","-43.2503"
220,220-USINA X CANDELARIA (VIA HADDOCK LOBO) - CIRCULAR,Fetranspor,277,17621878,"-22.9408","-43.2507"
220,220-USINA X CANDELARIA (VIA HADDOCK LOBO) - CIRCULAR,Fetranspor,278,17621878,"-22.9412","-43.252"
220,220-USINA X CANDELARIA (VIA HADDOCK LOBO) - CIRCULAR,Fetranspor,279,17621878,"-22.9412","-43.252"
220,220-USINA X CANDELARIA (VIA HADDOCK LOBO) - CIRCULAR,Fetranspor,280,17621878,"-22.9412","-43.2521"
220,220-USINA X CANDELARIA (VIA HADDOCK LOBO) - CIRCULAR,Fetranspor,281,17621878,"-22.9412","-43.2521"
220,220-USINA X CANDELARIA (VIA HADDOCK LOBO) - CIRCULAR,Fetranspor,282,17621878,"-22.9413","-43.2522"
220,220-USINA X CANDELARIA (VIA HADDOCK LOBO) - CIRCULAR,Fetranspor,283,17621878,"-22.9413","-43.2522"
220,220-USINA X CANDELARIA (VIA HADDOCK LOBO) - CIRCULAR,Fetranspor,284,17621878,"-22.9413","-43.2523"
220,220-USINA X CANDELARIA (VIA HADDOCK LOBO) - CIRCULAR,Fetranspor,285,17621878,"-22.9413","-43.2523"
220,220-USINA X CANDELARIA (VIA HADDOCK LOBO) - CIRCULAR,Fetranspor,286,17621878,"-22.9415","-43.2525"
220,220-USINA X CANDELARIA (VIA HADDOCK LOBO) - CIRCULAR,Fetranspor,287,17621878,"-22.9417","-43.2527"
220,220-USINA X CANDELARIA (VIA HADDOCK LOBO) - CIRCULAR,Fetranspor,288,17621878,"-22.9421","-43.2532"
220,220-USINA X CANDELARIA (VIA HADDOCK LOBO) - CIRCULAR,Fetranspor,289,17621878,"-22.9421","-43.2532"
220,220-USINA X CANDELARIA (VIA HADDOCK LOBO) - CIRCULAR,Fetranspor,290,17621878,"-22.9423","-43.2534"
220,220-USINA X CANDELARIA (VIA HADDOCK LOBO) - CIRCULAR,Fetranspor,291,17621878,"-22.9424","-43.2535"
220,220-USINA X CANDELARIA (VIA HADDOCK LOBO) - CIRCULAR,Fetranspor,292,17621878,"-22.9425","-43.2535"
220,220-USINA X CANDELARIA (VIA HADDOCK LOBO) - CIRCULAR,Fetranspor,293,17621878,"-22.9426","-43.2536"
220,220-USINA X CANDELARIA (VIA HADDOCK LOBO) - CIRCULAR,Fetranspor,294,17621878,"-22.9426","-43.2536"
220,220-USINA X CANDELARIA (VIA HADDOCK LOBO) - CIRCULAR,Fetranspor,295,17621878,"-22.9427","-43.2536"
220,220-USINA X CANDELARIA (VIA HADDOCK LOBO) - CIRCULAR,Fetranspor,296,17621878,"-22.9433","-43.254"
220,220-USINA X CANDELARIA (VIA HADDOCK LOBO) - CIRCULAR,Fetranspor,297,17621878,"-22.9434","-43.254"
220,220-USINA X CANDELARIA (VIA HADDOCK LOBO) - CIRCULAR,Fetranspor,298,17621878,"-22.9437","-43.2541"
220,220-USINA X CANDELARIA (VIA HADDOCK LOBO) - CIRCULAR,Fetranspor,299,17621878,"-22.944","-43.2542"
220,220-USINA X CANDELARIA (VIA HADDOCK LOBO) - CIRCULAR,Fetranspor,300,17621878,"-22.944","-43.2542"
220,220-USINA X CANDELARIA (VIA HADDOCK LOBO) - CIRCULAR,Fetranspor,301,17621878,"-22.9444","-43.2542"
220,220-USINA X CANDELARIA (VIA HADDOCK LOBO) - CIRCULAR,Fetranspor,302,17621878,"-22.9449","-43.2543"
220,220-USINA X CANDELARIA (VIA HADDOCK LOBO) - CIRCULAR,Fetranspor,303,17621878,"-22.9449","-43.2543"
220,220-USINA X CANDELARIA (VIA HADDOCK LOBO) - CIRCULAR,Fetranspor,304,17621878,"-22.945","-43.2543"
220,220-USINA X CANDELARIA (VIA HADDOCK LOBO) - CIRCULAR,Fetranspor,305,17621878,"-22.9451","-43.2544"
220,220-USINA X CANDELARIA (VIA HADDOCK LOBO) - CIRCULAR,Fetranspor,306,17621878,"-22.9452","-43.2545"
220,220-USINA X CANDELARIA (VIA HADDOCK LOBO) - CIRCULAR,Fetranspor,307,17621878,"-22.9456","-43.2548"
220,220-USINA X CANDELARIA (VIA HADDOCK LOBO) - CIRCULAR,Fetranspor,308,17621878,"-22.9459","-43.2552"
220,220-USINA X CANDELARIA (VIA HADDOCK LOBO) - CIRCULAR,Fetranspor,309,17621878,"-22.9463","-43.2556"
220,220-USINA X CANDELARIA (VIA HADDOCK LOBO) - CIRCULAR,Fetranspor,310,17621878,"-22.9465","-43.2557"
220,220-USINA X CANDELARIA (VIA HADDOCK LOBO) - CIRCULAR,Fetranspor,311,17621878,"-22.9466","-43.2559"
220,220-USINA X CANDELARIA (VIA HADDOCK LOBO) - CIRCULAR,Fetranspor,312,17621878,"-22.9469","-43.2566"
220,220-USINA X CANDELARIA (VIA HADDOCK LOBO) - CIRCULAR,Fetranspor,313,17621878,"-22.9469","-43.2567"
220,220-USINA X CANDELARIA (VIA HADDOCK LOBO) - CIRCULAR,Fetranspor,314,17621878,"-22.9469","-43.2567"
220,220-USINA X CANDELARIA (VIA HADDOCK LOBO) - CIRCULAR,Fetranspor,315,17621878,"-22.9469","-43.2568"
220,220-USINA X CANDELARIA (VIA HADDOCK LOBO) - CIRCULAR,Fetranspor,316,17621878,"-22.9469","-43.2568"
220,220-USINA X CANDELARIA (VIA HADDOCK LOBO) - CIRCULAR,Fetranspor,317,17621878,"-22.9469","-43.2569"
220,220-USINA X CANDELARIA (VIA HADDOCK LOBO) - CIRCULAR,Fetranspor,318,17621878,"-22.9468","-43.257"
220,220-USINA X CANDELARIA (VIA HADDOCK LOBO) - CIRCULAR,Fetranspor,319,17621878,"-22.9468","-43.257"
220,220-USINA X CANDELARIA (VIA HADDOCK LOBO) - CIRCULAR,Fetranspor,320,17621878,"-22.9465","-43.2574"
220,220-USINA X CANDELARIA (VIA HADDOCK LOBO) - CIRCULAR,Fetranspor,321,17621878,"-22.9465","-43.2574"
220,220-USINA X CANDELARIA (VIA HADDOCK LOBO) - CIRCULAR,Fetranspor,322,17621878,"-22.9464","-43.2576"
