linha,descricao,agencia,sequencia,shape_id,latitude,longitude
222,222-VILA ISABEL X CANDELARIA - CIRCULAR,Fetranspor,0,17383359,"-22.8993","-43.1778"
222,222-VILA ISABEL X CANDELARIA - CIRCULAR,Fetranspor,1,17383359,"-22.8995","-43.1784"
222,222-VILA ISABEL X CANDELARIA - CIRCULAR,Fetranspor,2,17383359,"-22.8996","-43.1788"
222,222-VILA ISABEL X CANDELARIA - CIRCULAR,Fetranspor,3,17383359,"-22.8996","-43.1788"
222,222-VILA ISABEL X CANDELARIA - CIRCULAR,Fetranspor,4,17383359,"-22.8996","-43.1788"
222,222-VILA ISABEL X CANDELARIA - CIRCULAR,Fetranspor,5,17383359,"-22.8996","-43.179"
222,222-VILA ISABEL X CANDELARIA - CIRCULAR,Fetranspor,6,17383359,"-22.8998","-43.1796"
222,222-VILA ISABEL X CANDELARIA - CIRCULAR,Fetranspor,7,17383359,"-22.8998","-43.1796"
222,222-VILA ISABEL X CANDELARIA - CIRCULAR,Fetranspor,8,17383359,"-22.9003","-43.1795"
222,222-VILA ISABEL X CANDELARIA - CIRCULAR,Fetranspor,9,17383359,"-22.9003","-43.1795"
222,222-VILA ISABEL X CANDELARIA - CIRCULAR,Fetranspor,10,17383359,"-22.901","-43.1792"
222,222-VILA ISABEL X CANDELARIA - CIRCULAR,Fetranspor,11,17383359,"-22.901","-43.1792"
222,222-VILA ISABEL X CANDELARIA - CIRCULAR,Fetranspor,12,17383359,"-22.9012","-43.1791"
222,222-VILA ISABEL X CANDELARIA - CIRCULAR,Fetranspor,13,17383359,"-22.9012","-43.1791"
222,222-VILA ISABEL X CANDELARIA - CIRCULAR,Fetranspor,14,17383359,"-22.9013","-43.1795"
222,222-VILA ISABEL X CANDELARIA - CIRCULAR,Fetranspor,15,17383359,"-22.9018","-43.181"
222,222-VILA ISABEL X CANDELARIA - CIRCULAR,Fetranspor,16,17383359,"-22.9018","-43.1813"
222,222-VILA ISABEL X CANDELARIA - CIRCULAR,Fetranspor,17,17383359,"-22.9019","-43.1815"
222,222-VILA ISABEL X CANDELARIA - CIRCULAR,Fetranspor,18,17383359,"-22.9019","-43.1815"
222,222-VILA ISABEL X CANDELARIA - CIRCULAR,Fetranspor,19,17383359,"-22.9027","-43.184"
222,222-VILA ISABEL X CANDELARIA - CIRCULAR,Fetranspor,20,17383359,"-22.9027","-43.184"
222,222-VILA ISABEL X CANDELARIA - CIRCULAR,Fetranspor,21,17383359,"-22.9028","-43.1842"
222,222-VILA ISABEL X CANDELARIA - CIRCULAR,Fetranspor,22,17383359,"-22.9028","-43.1842"
222,222-VILA ISABEL X CANDELARIA - CIRCULAR,Fetranspor,23,17383359,"-22.9032","-43.1854"
222,222-VILA ISABEL X CANDELARIA - CIRCULAR,Fetranspor,24,17383359,"-22.9041","-43.1883"
222,222-VILA ISABEL X CANDELARIA - CIRCULAR,Fetranspor,25,17383359,"-22.9041","-43.1883"
222,222-VILA ISABEL X CANDELARIA - CIRCULAR,Fetranspor,26,17383359,"-22.9043","-43.1888"
222,222-VILA ISABEL X CANDELARIA - CIRCULAR,Fetranspor,27,17383359,"-22.9049","-43.1906"
222,222-VILA ISABEL X CANDELARIA - CIRCULAR,Fetranspor,28,17383359,"-22.9049","-43.1906"
222,222-VILA ISABEL X CANDELARIA - CIRCULAR,Fetranspor,29,17383359,"-22.905","-43.191"
222,222-VILA ISABEL X CANDELARIA - CIRCULAR,Fetranspor,30,17383359,"-22.905","-43.191"
222,222-VILA ISABEL X CANDELARIA - CIRCULAR,Fetranspor,31,17383359,"-22.9057","-43.1931"
222,222-VILA ISABEL X CANDELARIA - CIRCULAR,Fetranspor,32,17383359,"-22.9062","-43.1947"
222,222-VILA ISABEL X CANDELARIA - CIRCULAR,Fetranspor,33,17383359,"-22.9062","-43.1947"
222,222-VILA ISABEL X CANDELARIA - CIRCULAR,Fetranspor,34,17383359,"-22.9065","-43.1958"
222,222-VILA ISABEL X CANDELARIA - CIRCULAR,Fetranspor,35,17383359,"-22.9066","-43.1962"
222,222-VILA ISABEL X CANDELARIA - CIRCULAR,Fetranspor,36,17383359,"-22.9067","-43.1967"
222,222-VILA ISABEL X CANDELARIA - CIRCULAR,Fetranspor,37,17383359,"-22.9067","-43.1967"
222,222-VILA ISABEL X CANDELARIA - CIRCULAR,Fetranspor,38,17383359,"-22.907","-43.1975"
222,222-VILA ISABEL X CANDELARIA - CIRCULAR,Fetranspor,39,17383359,"-22.907","-43.1976"
222,222-VILA ISABEL X CANDELARIA - CIRCULAR,Fetranspor,40,17383359,"-22.9072","-43.1981"
222,222-VILA ISABEL X CANDELARIA - CIRCULAR,Fetranspor,41,17383359,"-22.9072","-43.1981"
222,222-VILA ISABEL X CANDELARIA - CIRCULAR,Fetranspor,42,17383359,"-22.9077","-43.1997"
222,222-VILA ISABEL X CANDELARIA - CIRCULAR,Fetranspor,43,17383359,"-22.9081","-43.2008"
222,222-VILA ISABEL X CANDELARIA - CIRCULAR,Fetranspor,44,17383359,"-22.9081","-43.2008"
222,222-VILA ISABEL X CANDELARIA - CIRCULAR,Fetranspor,45,17383359,"-22.9082","-43.2011"
222,222-VILA ISABEL X CANDELARIA - CIRCULAR,Fetranspor,46,17383359,"-22.9084","-43.2018"
222,222-VILA ISABEL X CANDELARIA - CIRCULAR,Fetranspor,47,17383359,"-22.9084","-43.2018"
222,222-VILA ISABEL X CANDELARIA - CIRCULAR,Fetranspor,48,17383359,"-22.9086","-43.2025"
222,222-VILA ISABEL X CANDELARIA - CIRCULAR,Fetranspor,49,17383359,"-22.9089","-43.2034"
222,222-VILA ISABEL X CANDELARIA - CIRCULAR,Fetranspor,50,17383359,"-22.9092","-43.2044"
222,222-VILA ISABEL X CANDELARIA - CIRCULAR,Fetranspor,51,17383359,"-22.9092","-43.2044"
222,222-VILA ISABEL X CANDELARIA - CIRCULAR,Fetranspor,52,17383359,"-22.9098","-43.2062"
222,222-VILA ISABEL X CANDELARIA - CIRCULAR,Fetranspor,53,17383359,"-22.9098","-43.2062"
222,222-VILA ISABEL X CANDELARIA - CIRCULAR,Fetranspor,54,17383359,"-22.9102","-43.2072"
222,222-VILA ISABEL X CANDELARIA - CIRCULAR,Fetranspor,55,17383359,"-22.9102","-43.2074"
222,222-VILA ISABEL X CANDELARIA - CIRCULAR,Fetranspor,56,17383359,"-22.9102","-43.2075"
222,222-VILA ISABEL X CANDELARIA - CIRCULAR,Fetranspor,57,17383359,"-22.9102","-43.2075"
222,222-VILA ISABEL X CANDELARIA - CIRCULAR,Fetranspor,58,17383359,"-22.9102","-43.2076"
222,222-VILA ISABEL X CANDELARIA - CIRCULAR,Fetranspor,59,17383359,"-22.9102","-43.2078"
222,222-VILA ISABEL X CANDELARIA - CIRCULAR,Fetranspor,60,17383359,"-22.9102","-43.2079"
222,222-VILA ISABEL X CANDELARIA - CIRCULAR,Fetranspor,61,17383359,"-22.9099","-43.2091"
222,222-VILA ISABEL X CANDELARIA - CIRCULAR,Fetranspor,62,17383359,"-22.9099","-43.2095"
222,222-VILA ISABEL X CANDELARIA - CIRCULAR,Fetranspor,63,17383359,"-22.9099","-43.2097"
222,222-VILA ISABEL X CANDELARIA - CIRCULAR,Fetranspor,64,17383359,"-22.9099","-43.2098"
222,222-VILA ISABEL X CANDELARIA - CIRCULAR,Fetranspor,65,17383359,"-22.9099","-43.2099"
222,222-VILA ISABEL X CANDELARIA - CIRCULAR,Fetranspor,66,17383359,"-22.9099","-43.21"
222,222-VILA ISABEL X CANDELARIA - CIRCULAR,Fetranspor,67,17383359,"-22.9099","-43.2102"
222,222-VILA ISABEL X CANDELARIA - CIRCULAR,Fetranspor,68,17383359,"-22.91","-43.2104"
222,222-VILA ISABEL X CANDELARIA - CIRCULAR,Fetranspor,69,17383359,"-22.91","-43.2105"
222,222-VILA ISABEL X CANDELARIA - CIRCULAR,Fetranspor,70,17383359,"-22.91","-43.2106"
222,222-VILA ISABEL X CANDELARIA - CIRCULAR,Fetranspor,71,17383359,"-22.91","-43.2106"
222,222-VILA ISABEL X CANDELARIA - CIRCULAR,Fetranspor,72,17383359,"-22.9103","-43.2114"
222,222-VILA ISABEL X CANDELARIA - CIRCULAR,Fetranspor,73,17383359,"-22.9103","-43.2114"
222,222-VILA ISABEL X CANDELARIA - CIRCULAR,Fetranspor,74,17383359,"-22.9104","-43.2119"
222,222-VILA ISABEL X CANDELARIA - CIRCULAR,Fetranspor,75,17383359,"-22.9107","-43.2125"
222,222-VILA ISABEL X CANDELARIA - CIRCULAR,Fetranspor,76,17383359,"-22.9107","-43.2125"
222,222-VILA ISABEL X CANDELARIA - CIRCULAR,Fetranspor,77,17383359,"-22.9107","-43.2127"
222,222-VILA ISABEL X CANDELARIA - CIRCULAR,Fetranspor,78,17383359,"-22.9108","-43.2128"
222,222-VILA ISABEL X CANDELARIA - CIRCULAR,Fetranspor,79,17383359,"-22.9108","-43.2129"
222,222-VILA ISABEL X CANDELARIA - CIRCULAR,Fetranspor,80,17383359,"-22.9108","-43.213"
222,222-VILA ISABEL X CANDELARIA - CIRCULAR,Fetranspor,81,17383359,"-22.9109","-43.2133"
222,222-VILA ISABEL X CANDELARIA - CIRCULAR,Fetranspor,82,17383359,"-22.9109","-43.2133"
222,222-VILA ISABEL X CANDELARIA - CIRCULAR,Fetranspor,83,17383359,"-22.9109","-43.2139"
222,222-VILA ISABEL X CANDELARIA - CIRCULAR,Fetranspor,84,17383359,"-22.9109","-43.214"
222,222-VILA ISABEL X CANDELARIA - CIRCULAR,Fetranspor,85,17383359,"-22.9109","-43.2141"
222,222-VILA ISABEL X CANDELARIA - CIRCULAR,Fetranspor,86,17383359,"-22.9109","-43.2141"
222,222-VILA ISABEL X CANDELARIA - CIRCULAR,Fetranspor,87,17383359,"-22.9107","-43.2151"
222,222-VILA ISABEL X CANDELARIA - CIRCULAR,Fetranspor,88,17383359,"-22.9107","-43.2151"
222,222-VILA ISABEL X CANDELARIA - CIRCULAR,Fetranspor,89,17383359,"-22.9107","-43.2152"
222,222-VILA ISABEL X CANDELARIA - CIRCULAR,Fetranspor,90,17383359,"-22.9106","-43.2155"
222,222-VILA ISABEL X CANDELARIA - CIRCULAR,Fetranspor,91,17383359,"-22.9106","-43.2157"
222,222-VILA ISABEL X CANDELARIA - CIRCULAR,Fetranspor,92,17383359,"-22.9106","-43.2158"
222,222-VILA ISABEL X CANDELARIA - CIRCULAR,Fetranspor,93,17383359,"-22.9107","-43.2159"
222,222-VILA ISABEL X CANDELARIA - CIRCULAR,Fetranspor,94,17383359,"-22.9107","-43.216"
222,222-VILA ISABEL X CANDELARIA - CIRCULAR,Fetranspor,95,17383359,"-22.9107","-43.216"
222,222-VILA ISABEL X CANDELARIA - CIRCULAR,Fetranspor,96,17383359,"-22.911","-43.2165"
222,222-VILA ISABEL X CANDELARIA - CIRCULAR,Fetranspor,97,17383359,"-22.911","-43.2165"
222,222-VILA ISABEL X CANDELARIA - CIRCULAR,Fetranspor,98,17383359,"-22.9112","-43.2168"
222,222-VILA ISABEL X CANDELARIA - CIRCULAR,Fetranspor,99,17383359,"-22.9112","-43.2168"
222,222-VILA ISABEL X CANDELARIA - CIRCULAR,Fetranspor,100,17383359,"-22.912","-43.2183"
222,222-VILA ISABEL X CANDELARIA - CIRCULAR,Fetranspor,101,17383359,"-22.912","-43.2183"
222,222-VILA ISABEL X CANDELARIA - CIRCULAR,Fetranspor,102,17383359,"-22.9131","-43.2169"
222,222-VILA ISABEL X CANDELARIA - CIRCULAR,Fetranspor,103,17383359,"-22.9131","-43.2169"
222,222-VILA ISABEL X CANDELARIA - CIRCULAR,Fetranspor,104,17383359,"-22.9135","-43.2176"
222,222-VILA ISABEL X CANDELARIA - CIRCULAR,Fetranspor,105,17383359,"-22.9139","-43.2184"
222,222-VILA ISABEL X CANDELARIA - CIRCULAR,Fetranspor,106,17383359,"-22.9142","-43.219"
222,222-VILA ISABEL X CANDELARIA - CIRCULAR,Fetranspor,107,17383359,"-22.9142","-43.219"
222,222-VILA ISABEL X CANDELARIA - CIRCULAR,Fetranspor,108,17383359,"-22.9142","-43.219"
222,222-VILA ISABEL X CANDELARIA - CIRCULAR,Fetranspor,109,17383359,"-22.9141","-43.219"
222,222-VILA ISABEL X CANDELARIA - CIRCULAR,Fetranspor,110,17383359,"-22.9141","-43.219"
222,222-VILA ISABEL X CANDELARIA - CIRCULAR,Fetranspor,111,17383359,"-22.914","-43.2191"
222,222-VILA ISABEL X CANDELARIA - CIRCULAR,Fetranspor,112,17383359,"-22.9134","-43.22"
222,222-VILA ISABEL X CANDELARIA - CIRCULAR,Fetranspor,113,17383359,"-22.9134","-43.22"
222,222-VILA ISABEL X CANDELARIA - CIRCULAR,Fetranspor,114,17383359,"-22.9131","-43.2203"
222,222-VILA ISABEL X CANDELARIA - CIRCULAR,Fetranspor,115,17383359,"-22.913","-43.2206"
222,222-VILA ISABEL X CANDELARIA - CIRCULAR,Fetranspor,116,17383359,"-22.9129","-43.2207"
222,222-VILA ISABEL X CANDELARIA - CIRCULAR,Fetranspor,117,17383359,"-22.9127","-43.221"
222,222-VILA ISABEL X CANDELARIA - CIRCULAR,Fetranspor,118,17383359,"-22.9127","-43.221"
222,222-VILA ISABEL X CANDELARIA - CIRCULAR,Fetranspor,119,17383359,"-22.9121","-43.2219"
222,222-VILA ISABEL X CANDELARIA - CIRCULAR,Fetranspor,120,17383359,"-22.9121","-43.2219"
222,222-VILA ISABEL X CANDELARIA - CIRCULAR,Fetranspor,121,17383359,"-22.9119","-43.2222"
222,222-VILA ISABEL X CANDELARIA - CIRCULAR,Fetranspor,122,17383359,"-22.9119","-43.2222"
222,222-VILA ISABEL X CANDELARIA - CIRCULAR,Fetranspor,123,17383359,"-22.9118","-43.2223"
222,222-VILA ISABEL X CANDELARIA - CIRCULAR,Fetranspor,124,17383359,"-22.9118","-43.2223"
222,222-VILA ISABEL X CANDELARIA - CIRCULAR,Fetranspor,125,17383359,"-22.9119","-43.2232"
222,222-VILA ISABEL X CANDELARIA - CIRCULAR,Fetranspor,126,17383359,"-22.9119","-43.2232"
222,222-VILA ISABEL X CANDELARIA - CIRCULAR,Fetranspor,127,17383359,"-22.9127","-43.2248"
222,222-VILA ISABEL X CANDELARIA - CIRCULAR,Fetranspor,128,17383359,"-22.9127","-43.2248"
222,222-VILA ISABEL X CANDELARIA - CIRCULAR,Fetranspor,129,17383359,"-22.9128","-43.2249"
222,222-VILA ISABEL X CANDELARIA - CIRCULAR,Fetranspor,130,17383359,"-22.913","-43.2251"
222,222-VILA ISABEL X CANDELARIA - CIRCULAR,Fetranspor,131,17383359,"-22.913","-43.2251"
222,222-VILA ISABEL X CANDELARIA - CIRCULAR,Fetranspor,132,17383359,"-22.9132","-43.2252"
222,222-VILA ISABEL X CANDELARIA - CIRCULAR,Fetranspor,133,17383359,"-22.9132","-43.2253"
222,222-VILA ISABEL X CANDELARIA - CIRCULAR,Fetranspor,134,17383359,"-22.9133","-43.2254"
222,222-VILA ISABEL X CANDELARIA - CIRCULAR,Fetranspor,135,17383359,"-22.9133","-43.2254"
222,222-VILA ISABEL X CANDELARIA - CIRCULAR,Fetranspor,136,17383359,"-22.9132","-43.2254"
222,222-VILA ISABEL X CANDELARIA - CIRCULAR,Fetranspor,137,17383359,"-22.9126","-43.2261"
222,222-VILA ISABEL X CANDELARIA - CIRCULAR,Fetranspor,138,17383359,"-22.9126","-43.2261"
222,222-VILA ISABEL X CANDELARIA - CIRCULAR,Fetranspor,139,17383359,"-22.9126","-43.2262"
222,222-VILA ISABEL X CANDELARIA - CIRCULAR,Fetranspor,140,17383359,"-22.9126","-43.2262"
222,222-VILA ISABEL X CANDELARIA - CIRCULAR,Fetranspor,141,17383359,"-22.9124","-43.2264"
222,222-VILA ISABEL X CANDELARIA - CIRCULAR,Fetranspor,142,17383359,"-22.9124","-43.2264"
222,222-VILA ISABEL X CANDELARIA - CIRCULAR,Fetranspor,143,17383359,"-22.9123","-43.2265"
222,222-VILA ISABEL X CANDELARIA - CIRCULAR,Fetranspor,144,17383359,"-22.9123","-43.2265"
222,222-VILA ISABEL X CANDELARIA - CIRCULAR,Fetranspor,145,17383359,"-22.9122","-43.2266"
222,222-VILA ISABEL X CANDELARIA - CIRCULAR,Fetranspor,146,17383359,"-22.9122","-43.2266"
222,222-VILA ISABEL X CANDELARIA - CIRCULAR,Fetranspor,147,17383359,"-22.9131","-43.2273"
222,222-VILA ISABEL X CANDELARIA - CIRCULAR,Fetranspor,148,17383359,"-22.9131","-43.2273"
222,222-VILA ISABEL X CANDELARIA - CIRCULAR,Fetranspor,149,17383359,"-22.9139","-43.228"
222,222-VILA ISABEL X CANDELARIA - CIRCULAR,Fetranspor,150,17383359,"-22.9142","-43.2282"
222,222-VILA ISABEL X CANDELARIA - CIRCULAR,Fetranspor,151,17383359,"-22.9145","-43.2286"
222,222-VILA ISABEL X CANDELARIA - CIRCULAR,Fetranspor,152,17383359,"-22.9146","-43.2286"
222,222-VILA ISABEL X CANDELARIA - CIRCULAR,Fetranspor,153,17383359,"-22.9147","-43.2287"
222,222-VILA ISABEL X CANDELARIA - CIRCULAR,Fetranspor,154,17383359,"-22.9151","-43.2291"
222,222-VILA ISABEL X CANDELARIA - CIRCULAR,Fetranspor,155,17383359,"-22.9151","-43.2291"
222,222-VILA ISABEL X CANDELARIA - CIRCULAR,Fetranspor,156,17383359,"-22.9145","-43.2299"
222,222-VILA ISABEL X CANDELARIA - CIRCULAR,Fetranspor,157,17383359,"-22.9145","-43.2299"
222,222-VILA ISABEL X CANDELARIA - CIRCULAR,Fetranspor,158,17383359,"-22.9141","-43.2306"
222,222-VILA ISABEL X CANDELARIA - CIRCULAR,Fetranspor,159,17383359,"-22.914","-43.2308"
222,222-VILA ISABEL X CANDELARIA - CIRCULAR,Fetranspor,160,17383359,"-22.914","-43.2308"
222,222-VILA ISABEL X CANDELARIA - CIRCULAR,Fetranspor,161,17383359,"-22.9139","-43.231"
222,222-VILA ISABEL X CANDELARIA - CIRCULAR,Fetranspor,162,17383359,"-22.9139","-43.231"
222,222-VILA ISABEL X CANDELARIA - CIRCULAR,Fetranspor,163,17383359,"-22.9135","-43.2316"
222,222-VILA ISABEL X CANDELARIA - CIRCULAR,Fetranspor,164,17383359,"-22.9134","-43.2318"
222,222-VILA ISABEL X CANDELARIA - CIRCULAR,Fetranspor,165,17383359,"-22.9134","-43.2318"
222,222-VILA ISABEL X CANDELARIA - CIRCULAR,Fetranspor,166,17383359,"-22.9132","-43.2322"
222,222-VILA ISABEL X CANDELARIA - CIRCULAR,Fetranspor,167,17383359,"-22.9132","-43.2322"
222,222-VILA ISABEL X CANDELARIA - CIRCULAR,Fetranspor,168,17383359,"-22.9126","-43.2331"
222,222-VILA ISABEL X CANDELARIA - CIRCULAR,Fetranspor,169,17383359,"-22.9126","-43.2331"
222,222-VILA ISABEL X CANDELARIA - CIRCULAR,Fetranspor,170,17383359,"-22.9123","-43.2338"
222,222-VILA ISABEL X CANDELARIA - CIRCULAR,Fetranspor,171,17383359,"-22.9123","-43.2338"
222,222-VILA ISABEL X CANDELARIA - CIRCULAR,Fetranspor,172,17383359,"-22.9111","-43.2334"
222,222-VILA ISABEL X CANDELARIA - CIRCULAR,Fetranspor,173,17383359,"-22.9111","-43.2334"
222,222-VILA ISABEL X CANDELARIA - CIRCULAR,Fetranspor,174,17383359,"-22.9109","-43.2333"
222,222-VILA ISABEL X CANDELARIA - CIRCULAR,Fetranspor,175,17383359,"-22.9108","-43.2333"
222,222-VILA ISABEL X CANDELARIA - CIRCULAR,Fetranspor,176,17383359,"-22.9108","-43.2333"
222,222-VILA ISABEL X CANDELARIA - CIRCULAR,Fetranspor,177,17383359,"-22.9107","-43.2333"
222,222-VILA ISABEL X CANDELARIA - CIRCULAR,Fetranspor,178,17383359,"-22.9106","-43.2333"
222,222-VILA ISABEL X CANDELARIA - CIRCULAR,Fetranspor,179,17383359,"-22.9106","-43.2333"
222,222-VILA ISABEL X CANDELARIA - CIRCULAR,Fetranspor,180,17383359,"-22.9105","-43.2334"
222,222-VILA ISABEL X CANDELARIA - CIRCULAR,Fetranspor,181,17383359,"-22.9105","-43.2335"
222,222-VILA ISABEL X CANDELARIA - CIRCULAR,Fetranspor,182,17383359,"-22.9105","-43.2336"
222,222-VILA ISABEL X CANDELARIA - CIRCULAR,Fetranspor,183,17383359,"-22.9105","-43.2337"
222,222-VILA ISABEL X CANDELARIA - CIRCULAR,Fetranspor,184,17383359,"-22.9105","-43.2338"
222,222-VILA ISABEL X CANDELARIA - CIRCULAR,Fetranspor,185,17383359,"-22.9106","-43.2338"
222,222-VILA ISABEL X CANDELARIA - CIRCULAR,Fetranspor,186,17383359,"-22.9106","-43.2338"
222,222-VILA ISABEL X CANDELARIA - CIRCULAR,Fetranspor,187,17383359,"-22.9108","-43.2339"
222,222-VILA ISABEL X CANDELARIA - CIRCULAR,Fetranspor,188,17383359,"-22.9109","-43.234"
222,222-VILA ISABEL X CANDELARIA - CIRCULAR,Fetranspor,189,17383359,"-22.9109","-43.234"
222,222-VILA ISABEL X CANDELARIA - CIRCULAR,Fetranspor,190,17383359,"-22.9109","-43.234"
222,222-VILA ISABEL X CANDELARIA - CIRCULAR,Fetranspor,191,17383359,"-22.9111","-43.234"
222,222-VILA ISABEL X CANDELARIA - CIRCULAR,Fetranspor,192,17383359,"-22.9119","-43.234"
222,222-VILA ISABEL X CANDELARIA - CIRCULAR,Fetranspor,193,17383359,"-22.912","-43.234"
222,222-VILA ISABEL X CANDELARIA - CIRCULAR,Fetranspor,194,17383359,"-22.912","-43.234"
222,222-VILA ISABEL X CANDELARIA - CIRCULAR,Fetranspor,195,17383359,"-22.9122","-43.2342"
222,222-VILA ISABEL X CANDELARIA - CIRCULAR,Fetranspor,196,17383359,"-22.9123","-43.2343"
222,222-VILA ISABEL X CANDELARIA - CIRCULAR,Fetranspor,197,17383359,"-22.9123","-43.2343"
222,222-VILA ISABEL X CANDELARIA - CIRCULAR,Fetranspor,198,17383359,"-22.9124","-43.2344"
222,222-VILA ISABEL X CANDELARIA - CIRCULAR,Fetranspor,199,17383359,"-22.9124","-43.2345"
222,222-VILA ISABEL X CANDELARIA - CIRCULAR,Fetranspor,200,17383359,"-22.9124","-43.2348"
222,222-VILA ISABEL X CANDELARIA - CIRCULAR,Fetranspor,201,17383359,"-22.9124","-43.2349"
222,222-VILA ISABEL X CANDELARIA - CIRCULAR,Fetranspor,202,17383359,"-22.9125","-43.2349"
222,222-VILA ISABEL X CANDELARIA - CIRCULAR,Fetranspor,203,17383359,"-22.9125","-43.235"
222,222-VILA ISABEL X CANDELARIA - CIRCULAR,Fetranspor,204,17383359,"-22.9128","-43.2351"
222,222-VILA ISABEL X CANDELARIA - CIRCULAR,Fetranspor,205,17383359,"-22.9128","-43.2351"
222,222-VILA ISABEL X CANDELARIA - CIRCULAR,Fetranspor,206,17383359,"-22.9128","-43.2351"
222,222-VILA ISABEL X CANDELARIA - CIRCULAR,Fetranspor,207,17383359,"-22.9128","-43.2352"
222,222-VILA ISABEL X CANDELARIA - CIRCULAR,Fetranspor,208,17383359,"-22.913","-43.2353"
222,222-VILA ISABEL X CANDELARIA - CIRCULAR,Fetranspor,209,17383359,"-22.913","-43.2353"
222,222-VILA ISABEL X CANDELARIA - CIRCULAR,Fetranspor,210,17383359,"-22.913","-43.2354"
222,222-VILA ISABEL X CANDELARIA - CIRCULAR,Fetranspor,211,17383359,"-22.913","-43.2354"
222,222-VILA ISABEL X CANDELARIA - CIRCULAR,Fetranspor,212,17383359,"-22.913","-43.2354"
222,222-VILA ISABEL X CANDELARIA - CIRCULAR,Fetranspor,213,17383359,"-22.9129","-43.2356"
222,222-VILA ISABEL X CANDELARIA - CIRCULAR,Fetranspor,214,17383359,"-22.9123","-43.2365"
222,222-VILA ISABEL X CANDELARIA - CIRCULAR,Fetranspor,215,17383359,"-22.912","-43.2368"
222,222-VILA ISABEL X CANDELARIA - CIRCULAR,Fetranspor,216,17383359,"-22.9118","-43.2371"
222,222-VILA ISABEL X CANDELARIA - CIRCULAR,Fetranspor,217,17383359,"-22.9116","-43.2373"
222,222-VILA ISABEL X CANDELARIA - CIRCULAR,Fetranspor,218,17383359,"-22.9115","-43.2374"
222,222-VILA ISABEL X CANDELARIA - CIRCULAR,Fetranspor,219,17383359,"-22.9113","-43.2375"
222,222-VILA ISABEL X CANDELARIA - CIRCULAR,Fetranspor,220,17383359,"-22.911","-43.2377"
222,222-VILA ISABEL X CANDELARIA - CIRCULAR,Fetranspor,221,17383359,"-22.9105","-43.2379"
222,222-VILA ISABEL X CANDELARIA - CIRCULAR,Fetranspor,222,17383359,"-22.9105","-43.2379"
222,222-VILA ISABEL X CANDELARIA - CIRCULAR,Fetranspor,223,17383359,"-22.9103","-43.2381"
222,222-VILA ISABEL X CANDELARIA - CIRCULAR,Fetranspor,224,17383359,"-22.91","-43.2382"
222,222-VILA ISABEL X CANDELARIA - CIRCULAR,Fetranspor,225,17383359,"-22.9099","-43.2382"
222,222-VILA ISABEL X CANDELARIA - CIRCULAR,Fetranspor,226,17383359,"-22.9097","-43.2382"
222,222-VILA ISABEL X CANDELARIA - CIRCULAR,Fetranspor,227,17383359,"-22.9097","-43.2382"
222,222-VILA ISABEL X CANDELARIA - CIRCULAR,Fetranspor,228,17383359,"-22.9096","-43.2382"
222,222-VILA ISABEL X CANDELARIA - CIRCULAR,Fetranspor,229,17383359,"-22.9095","-43.2382"
222,222-VILA ISABEL X CANDELARIA - CIRCULAR,Fetranspor,230,17383359,"-22.9092","-43.2382"
222,222-VILA ISABEL X CANDELARIA - CIRCULAR,Fetranspor,231,17383359,"-22.9092","-43.2382"
222,222-VILA ISABEL X CANDELARIA - CIRCULAR,Fetranspor,232,17383359,"-22.9091","-43.2382"
222,222-VILA ISABEL X CANDELARIA - CIRCULAR,Fetranspor,233,17383359,"-22.9091","-43.2382"
222,222-VILA ISABEL X CANDELARIA - CIRCULAR,Fetranspor,234,17383359,"-22.9089","-43.2384"
222,222-VILA ISABEL X CANDELARIA - CIRCULAR,Fetranspor,235,17383359,"-22.9089","-43.2385"
222,222-VILA ISABEL X CANDELARIA - CIRCULAR,Fetranspor,236,17383359,"-22.9088","-43.2385"
222,222-VILA ISABEL X CANDELARIA - CIRCULAR,Fetranspor,237,17383359,"-22.9088","-43.2385"
222,222-VILA ISABEL X CANDELARIA - CIRCULAR,Fetranspor,238,17383359,"-22.9088","-43.2386"
222,222-VILA ISABEL X CANDELARIA - CIRCULAR,Fetranspor,239,17383359,"-22.9088","-43.2386"
222,222-VILA ISABEL X CANDELARIA - CIRCULAR,Fetranspor,240,17383359,"-22.9093","-43.2394"
222,222-VILA ISABEL X CANDELARIA - CIRCULAR,Fetranspor,241,17383359,"-22.91","-43.2407"
222,222-VILA ISABEL X CANDELARIA - CIRCULAR,Fetranspor,242,17383359,"-22.9102","-43.241"
222,222-VILA ISABEL X CANDELARIA - CIRCULAR,Fetranspor,243,17383359,"-22.9102","-43.241"
222,222-VILA ISABEL X CANDELARIA - CIRCULAR,Fetranspor,244,17383359,"-22.9107","-43.242"
222,222-VILA ISABEL X CANDELARIA - CIRCULAR,Fetranspor,245,17383359,"-22.9111","-43.2426"
222,222-VILA ISABEL X CANDELARIA - CIRCULAR,Fetranspor,246,17383359,"-22.9111","-43.2426"
222,222-VILA ISABEL X CANDELARIA - CIRCULAR,Fetranspor,247,17383359,"-22.9111","-43.2427"
222,222-VILA ISABEL X CANDELARIA - CIRCULAR,Fetranspor,248,17383359,"-22.9111","-43.2427"
222,222-VILA ISABEL X CANDELARIA - CIRCULAR,Fetranspor,249,17383359,"-22.9126","-43.2426"
222,222-VILA ISABEL X CANDELARIA - CIRCULAR,Fetranspor,250,17383359,"-22.9126","-43.2426"
222,222-VILA ISABEL X CANDELARIA - CIRCULAR,Fetranspor,251,17383359,"-22.9129","-43.2426"
222,222-VILA ISABEL X CANDELARIA - CIRCULAR,Fetranspor,252,17383359,"-22.913","-43.2426"
222,222-VILA ISABEL X CANDELARIA - CIRCULAR,Fetranspor,253,17383359,"-22.913","-43.2426"
222,222-VILA ISABEL X CANDELARIA - CIRCULAR,Fetranspor,254,17383359,"-22.913","-43.2426"
222,222-VILA ISABEL X CANDELARIA - CIRCULAR,Fetranspor,255,17383359,"-22.9131","-43.2426"
222,222-VILA ISABEL X CANDELARIA - CIRCULAR,Fetranspor,256,17383359,"-22.9133","-43.2425"
222,222-VILA ISABEL X CANDELARIA - CIRCULAR,Fetranspor,257,17383359,"-22.9133","-43.2425"
222,222-VILA ISABEL X CANDELARIA - CIRCULAR,Fetranspor,258,17383359,"-22.9133","-43.2429"
222,222-VILA ISABEL X CANDELARIA - CIRCULAR,Fetranspor,259,17383359,"-22.9136","-43.2444"
222,222-VILA ISABEL X CANDELARIA - CIRCULAR,Fetranspor,260,17383359,"-22.9136","-43.2444"
222,222-VILA ISABEL X CANDELARIA - CIRCULAR,Fetranspor,261,17383359,"-22.9139","-43.2457"
222,222-VILA ISABEL X CANDELARIA - CIRCULAR,Fetranspor,262,17383359,"-22.914","-43.2462"
222,222-VILA ISABEL X CANDELARIA - CIRCULAR,Fetranspor,263,17383359,"-22.914","-43.2462"
222,222-VILA ISABEL X CANDELARIA - CIRCULAR,Fetranspor,264,17383359,"-22.9142","-43.2474"
222,222-VILA ISABEL X CANDELARIA - CIRCULAR,Fetranspor,265,17383359,"-22.9142","-43.2474"
222,222-VILA ISABEL X CANDELARIA - CIRCULAR,Fetranspor,266,17383359,"-22.9143","-43.2481"
222,222-VILA ISABEL X CANDELARIA - CIRCULAR,Fetranspor,267,17383359,"-22.9143","-43.2481"
222,222-VILA ISABEL X CANDELARIA - CIRCULAR,Fetranspor,268,17383359,"-22.9148","-43.2506"
222,222-VILA ISABEL X CANDELARIA - CIRCULAR,Fetranspor,269,17383359,"-22.9148","-43.2506"
222,222-VILA ISABEL X CANDELARIA - CIRCULAR,Fetranspor,270,17383359,"-22.9149","-43.2514"
222,222-VILA ISABEL X CANDELARIA - CIRCULAR,Fetranspor,271,17383359,"-22.9149","-43.2514"
222,222-VILA ISABEL X CANDELARIA - CIRCULAR,Fetranspor,272,17383359,"-22.915","-43.2518"
222,222-VILA ISABEL X CANDELARIA - CIRCULAR,Fetranspor,273,17383359,"-22.915","-43.2518"
222,222-VILA ISABEL X CANDELARIA - CIRCULAR,Fetranspor,274,17383359,"-22.9156","-43.2517"
222,222-VILA ISABEL X CANDELARIA - CIRCULAR,Fetranspor,275,17383359,"-22.9161","-43.2515"
222,222-VILA ISABEL X CANDELARIA - CIRCULAR,Fetranspor,276,17383359,"-22.9161","-43.2515"
222,222-VILA ISABEL X CANDELARIA - CIRCULAR,Fetranspor,277,17383359,"-22.9163","-43.2525"
222,222-VILA ISABEL X CANDELARIA - CIRCULAR,Fetranspor,278,17383359,"-22.9164","-43.253"
222,222-VILA ISABEL X CANDELARIA - CIRCULAR,Fetranspor,279,17383359,"-22.9166","-43.2539"
222,222-VILA ISABEL X CANDELARIA - CIRCULAR,Fetranspor,280,17383359,"-22.9167","-43.2543"
222,222-VILA ISABEL X CANDELARIA - CIRCULAR,Fetranspor,281,17383359,"-22.9167","-43.2543"
222,222-VILA ISABEL X CANDELARIA - CIRCULAR,Fetranspor,282,17383359,"-22.9168","-43.2544"
222,222-VILA ISABEL X CANDELARIA - CIRCULAR,Fetranspor,283,17383359,"-22.9168","-43.2544"
222,222-VILA ISABEL X CANDELARIA - CIRCULAR,Fetranspor,284,17383359,"-22.9168","-43.2544"
222,222-VILA ISABEL X CANDELARIA - CIRCULAR,Fetranspor,285,17383359,"-22.9171","-43.2543"
222,222-VILA ISABEL X CANDELARIA - CIRCULAR,Fetranspor,286,17383359,"-22.9174","-43.2543"
222,222-VILA ISABEL X CANDELARIA - CIRCULAR,Fetranspor,287,17383359,"-22.918","-43.2541"
222,222-VILA ISABEL X CANDELARIA - CIRCULAR,Fetranspor,288,17383359,"-22.918","-43.2541"
222,222-VILA ISABEL X CANDELARIA - CIRCULAR,Fetranspor,289,17383359,"-22.9183","-43.2553"
222,222-VILA ISABEL X CANDELARIA - CIRCULAR,Fetranspor,290,17383359,"-22.9184","-43.2562"
222,222-VILA ISABEL X CANDELARIA - CIRCULAR,Fetranspor,291,17383359,"-22.9184","-43.2562"
222,222-VILA ISABEL X CANDELARIA - CIRCULAR,Fetranspor,292,17383359,"-22.9188","-43.2578"
222,222-VILA ISABEL X CANDELARIA - CIRCULAR,Fetranspor,0,17731626,"-22.9188","-43.2578"
222,222-VILA ISABEL X CANDELARIA - CIRCULAR,Fetranspor,1,17731626,"-22.9188","-43.2583"
222,222-VILA ISABEL X CANDELARIA - CIRCULAR,Fetranspor,2,17731626,"-22.9188","-43.2589"
222,222-VILA ISABEL X CANDELARIA - CIRCULAR,Fetranspor,3,17731626,"-22.9188","-43.2589"
222,222-VILA ISABEL X CANDELARIA - CIRCULAR,Fetranspor,4,17731626,"-22.92","-43.2589"
222,222-VILA ISABEL X CANDELARIA - CIRCULAR,Fetranspor,5,17731626,"-22.92","-43.2589"
222,222-VILA ISABEL X CANDELARIA - CIRCULAR,Fetranspor,6,17731626,"-22.9199","-43.2581"
222,222-VILA ISABEL X CANDELARIA - CIRCULAR,Fetranspor,7,17731626,"-22.9199","-43.2581"
222,222-VILA ISABEL X CANDELARIA - CIRCULAR,Fetranspor,8,17731626,"-22.9198","-43.2576"
222,222-VILA ISABEL X CANDELARIA - CIRCULAR,Fetranspor,9,17731626,"-22.9198","-43.2576"
222,222-VILA ISABEL X CANDELARIA - CIRCULAR,Fetranspor,10,17731626,"-22.9196","-43.2568"
222,222-VILA ISABEL X CANDELARIA - CIRCULAR,Fetranspor,11,17731626,"-22.9195","-43.256"
222,222-VILA ISABEL X CANDELARIA - CIRCULAR,Fetranspor,12,17731626,"-22.9195","-43.256"
222,222-VILA ISABEL X CANDELARIA - CIRCULAR,Fetranspor,13,17731626,"-22.9193","-43.255"
222,222-VILA ISABEL X CANDELARIA - CIRCULAR,Fetranspor,14,17731626,"-22.9191","-43.2539"
222,222-VILA ISABEL X CANDELARIA - CIRCULAR,Fetranspor,15,17731626,"-22.9191","-43.2539"
222,222-VILA ISABEL X CANDELARIA - CIRCULAR,Fetranspor,16,17731626,"-22.9188","-43.2524"
222,222-VILA ISABEL X CANDELARIA - CIRCULAR,Fetranspor,17,17731626,"-22.9186","-43.2513"
222,222-VILA ISABEL X CANDELARIA - CIRCULAR,Fetranspor,18,17731626,"-22.9185","-43.251"
222,222-VILA ISABEL X CANDELARIA - CIRCULAR,Fetranspor,19,17731626,"-22.9185","-43.251"
222,222-VILA ISABEL X CANDELARIA - CIRCULAR,Fetranspor,20,17731626,"-22.9185","-43.2508"
222,222-VILA ISABEL X CANDELARIA - CIRCULAR,Fetranspor,21,17731626,"-22.9185","-43.2508"
222,222-VILA ISABEL X CANDELARIA - CIRCULAR,Fetranspor,22,17731626,"-22.9183","-43.2498"
222,222-VILA ISABEL X CANDELARIA - CIRCULAR,Fetranspor,23,17731626,"-22.9183","-43.2498"
222,222-VILA ISABEL X CANDELARIA - CIRCULAR,Fetranspor,24,17731626,"-22.9182","-43.249"
222,222-VILA ISABEL X CANDELARIA - CIRCULAR,Fetranspor,25,17731626,"-22.9182","-43.249"
222,222-VILA ISABEL X CANDELARIA - CIRCULAR,Fetranspor,26,17731626,"-22.9181","-43.2486"
222,222-VILA ISABEL X CANDELARIA - CIRCULAR,Fetranspor,27,17731626,"-22.9181","-43.2486"
222,222-VILA ISABEL X CANDELARIA - CIRCULAR,Fetranspor,28,17731626,"-22.9179","-43.2473"
222,222-VILA ISABEL X CANDELARIA - CIRCULAR,Fetranspor,29,17731626,"-22.9179","-43.2473"
222,222-VILA ISABEL X CANDELARIA - CIRCULAR,Fetranspor,30,17731626,"-22.9177","-43.2463"
222,222-VILA ISABEL X CANDELARIA - CIRCULAR,Fetranspor,31,17731626,"-22.9177","-43.2463"
222,222-VILA ISABEL X CANDELARIA - CIRCULAR,Fetranspor,32,17731626,"-22.9175","-43.2455"
222,222-VILA ISABEL X CANDELARIA - CIRCULAR,Fetranspor,33,17731626,"-22.9175","-43.2455"
222,222-VILA ISABEL X CANDELARIA - CIRCULAR,Fetranspor,34,17731626,"-22.9172","-43.2436"
222,222-VILA ISABEL X CANDELARIA - CIRCULAR,Fetranspor,35,17731626,"-22.9172","-43.2436"
222,222-VILA ISABEL X CANDELARIA - CIRCULAR,Fetranspor,36,17731626,"-22.917","-43.2425"
222,222-VILA ISABEL X CANDELARIA - CIRCULAR,Fetranspor,37,17731626,"-22.9169","-43.2419"
222,222-VILA ISABEL X CANDELARIA - CIRCULAR,Fetranspor,38,17731626,"-22.9168","-43.2418"
222,222-VILA ISABEL X CANDELARIA - CIRCULAR,Fetranspor,39,17731626,"-22.9168","-43.2418"
222,222-VILA ISABEL X CANDELARIA - CIRCULAR,Fetranspor,40,17731626,"-22.9166","-43.2407"
222,222-VILA ISABEL X CANDELARIA - CIRCULAR,Fetranspor,41,17731626,"-22.9166","-43.2407"
222,222-VILA ISABEL X CANDELARIA - CIRCULAR,Fetranspor,42,17731626,"-22.9166","-43.2403"
222,222-VILA ISABEL X CANDELARIA - CIRCULAR,Fetranspor,43,17731626,"-22.9166","-43.2403"
222,222-VILA ISABEL X CANDELARIA - CIRCULAR,Fetranspor,44,17731626,"-22.9166","-43.2402"
222,222-VILA ISABEL X CANDELARIA - CIRCULAR,Fetranspor,45,17731626,"-22.9166","-43.2402"
222,222-VILA ISABEL X CANDELARIA - CIRCULAR,Fetranspor,46,17731626,"-22.9166","-43.2402"
222,222-VILA ISABEL X CANDELARIA - CIRCULAR,Fetranspor,47,17731626,"-22.9166","-43.24"
222,222-VILA ISABEL X CANDELARIA - CIRCULAR,Fetranspor,48,17731626,"-22.9165","-43.2395"
222,222-VILA ISABEL X CANDELARIA - CIRCULAR,Fetranspor,49,17731626,"-22.9164","-43.2387"
222,222-VILA ISABEL X CANDELARIA - CIRCULAR,Fetranspor,50,17731626,"-22.9161","-43.2374"
222,222-VILA ISABEL X CANDELARIA - CIRCULAR,Fetranspor,51,17731626,"-22.9158","-43.2359"
222,222-VILA ISABEL X CANDELARIA - CIRCULAR,Fetranspor,52,17731626,"-22.9158","-43.2359"
222,222-VILA ISABEL X CANDELARIA - CIRCULAR,Fetranspor,53,17731626,"-22.9157","-43.2353"
222,222-VILA ISABEL X CANDELARIA - CIRCULAR,Fetranspor,54,17731626,"-22.9157","-43.2353"
222,222-VILA ISABEL X CANDELARIA - CIRCULAR,Fetranspor,55,17731626,"-22.9156","-43.2351"
222,222-VILA ISABEL X CANDELARIA - CIRCULAR,Fetranspor,56,17731626,"-22.9156","-43.2349"
222,222-VILA ISABEL X CANDELARIA - CIRCULAR,Fetranspor,57,17731626,"-22.9155","-43.2347"
222,222-VILA ISABEL X CANDELARIA - CIRCULAR,Fetranspor,58,17731626,"-22.9154","-43.2345"
222,222-VILA ISABEL X CANDELARIA - CIRCULAR,Fetranspor,59,17731626,"-22.9154","-43.2345"
222,222-VILA ISABEL X CANDELARIA - CIRCULAR,Fetranspor,60,17731626,"-22.9151","-43.2342"
222,222-VILA ISABEL X CANDELARIA - CIRCULAR,Fetranspor,61,17731626,"-22.9151","-43.2342"
222,222-VILA ISABEL X CANDELARIA - CIRCULAR,Fetranspor,62,17731626,"-22.915","-43.2342"
222,222-VILA ISABEL X CANDELARIA - CIRCULAR,Fetranspor,63,17731626,"-22.9149","-43.2341"
222,222-VILA ISABEL X CANDELARIA - CIRCULAR,Fetranspor,64,17731626,"-22.9147","-43.2341"
222,222-VILA ISABEL X CANDELARIA - CIRCULAR,Fetranspor,65,17731626,"-22.9145","-43.234"
222,222-VILA ISABEL X CANDELARIA - CIRCULAR,Fetranspor,66,17731626,"-22.9144","-43.234"
222,222-VILA ISABEL X CANDELARIA - CIRCULAR,Fetranspor,67,17731626,"-22.9138","-43.234"
222,222-VILA ISABEL X CANDELARIA - CIRCULAR,Fetranspor,68,17731626,"-22.9138","-43.234"
222,222-VILA ISABEL X CANDELARIA - CIRCULAR,Fetranspor,69,17731626,"-22.914","-43.2338"
222,222-VILA ISABEL X CANDELARIA - CIRCULAR,Fetranspor,70,17731626,"-22.914","-43.2338"
222,222-VILA ISABEL X CANDELARIA - CIRCULAR,Fetranspor,71,17731626,"-22.9143","-43.2335"
222,222-VILA ISABEL X CANDELARIA - CIRCULAR,Fetranspor,72,17731626,"-22.9143","-43.2335"
222,222-VILA ISABEL X CANDELARIA - CIRCULAR,Fetranspor,73,17731626,"-22.9147","-43.2331"
222,222-VILA ISABEL X CANDELARIA - CIRCULAR,Fetranspor,74,17731626,"-22.9147","-43.2331"
222,222-VILA ISABEL X CANDELARIA - CIRCULAR,Fetranspor,75,17731626,"-22.9149","-43.2329"
222,222-VILA ISABEL X CANDELARIA - CIRCULAR,Fetranspor,76,17731626,"-22.9149","-43.2329"
222,222-VILA ISABEL X CANDELARIA - CIRCULAR,Fetranspor,77,17731626,"-22.9149","-43.2328"
222,222-VILA ISABEL X CANDELARIA - CIRCULAR,Fetranspor,78,17731626,"-22.915","-43.2327"
222,222-VILA ISABEL X CANDELARIA - CIRCULAR,Fetranspor,79,17731626,"-22.9155","-43.2322"
222,222-VILA ISABEL X CANDELARIA - CIRCULAR,Fetranspor,80,17731626,"-22.9155","-43.2321"
222,222-VILA ISABEL X CANDELARIA - CIRCULAR,Fetranspor,81,17731626,"-22.9156","-43.2321"
222,222-VILA ISABEL X CANDELARIA - CIRCULAR,Fetranspor,82,17731626,"-22.9156","-43.2321"
222,222-VILA ISABEL X CANDELARIA - CIRCULAR,Fetranspor,83,17731626,"-22.9159","-43.2309"
222,222-VILA ISABEL X CANDELARIA - CIRCULAR,Fetranspor,84,17731626,"-22.9159","-43.2309"
222,222-VILA ISABEL X CANDELARIA - CIRCULAR,Fetranspor,85,17731626,"-22.9162","-43.2298"
222,222-VILA ISABEL X CANDELARIA - CIRCULAR,Fetranspor,86,17731626,"-22.9162","-43.2298"
222,222-VILA ISABEL X CANDELARIA - CIRCULAR,Fetranspor,87,17731626,"-22.9162","-43.2296"
222,222-VILA ISABEL X CANDELARIA - CIRCULAR,Fetranspor,88,17731626,"-22.9162","-43.2296"
222,222-VILA ISABEL X CANDELARIA - CIRCULAR,Fetranspor,89,17731626,"-22.9163","-43.2288"
222,222-VILA ISABEL X CANDELARIA - CIRCULAR,Fetranspor,90,17731626,"-22.9163","-43.2288"
222,222-VILA ISABEL X CANDELARIA - CIRCULAR,Fetranspor,91,17731626,"-22.9162","-43.2287"
222,222-VILA ISABEL X CANDELARIA - CIRCULAR,Fetranspor,92,17731626,"-22.9162","-43.2287"
222,222-VILA ISABEL X CANDELARIA - CIRCULAR,Fetranspor,93,17731626,"-22.9162","-43.2286"
222,222-VILA ISABEL X CANDELARIA - CIRCULAR,Fetranspor,94,17731626,"-22.9162","-43.2286"
222,222-VILA ISABEL X CANDELARIA - CIRCULAR,Fetranspor,95,17731626,"-22.9162","-43.2286"
222,222-VILA ISABEL X CANDELARIA - CIRCULAR,Fetranspor,96,17731626,"-22.9162","-43.2285"
222,222-VILA ISABEL X CANDELARIA - CIRCULAR,Fetranspor,97,17731626,"-22.9162","-43.2284"
222,222-VILA ISABEL X CANDELARIA - CIRCULAR,Fetranspor,98,17731626,"-22.9163","-43.2272"
222,222-VILA ISABEL X CANDELARIA - CIRCULAR,Fetranspor,99,17731626,"-22.9163","-43.227"
222,222-VILA ISABEL X CANDELARIA - CIRCULAR,Fetranspor,100,17731626,"-22.9163","-43.227"
222,222-VILA ISABEL X CANDELARIA - CIRCULAR,Fetranspor,101,17731626,"-22.9166","-43.2257"
222,222-VILA ISABEL X CANDELARIA - CIRCULAR,Fetranspor,102,17731626,"-22.9166","-43.2257"
222,222-VILA ISABEL X CANDELARIA - CIRCULAR,Fetranspor,103,17731626,"-22.9167","-43.2255"
222,222-VILA ISABEL X CANDELARIA - CIRCULAR,Fetranspor,104,17731626,"-22.9168","-43.2254"
222,222-VILA ISABEL X CANDELARIA - CIRCULAR,Fetranspor,105,17731626,"-22.9168","-43.2253"
222,222-VILA ISABEL X CANDELARIA - CIRCULAR,Fetranspor,106,17731626,"-22.9171","-43.2251"
222,222-VILA ISABEL X CANDELARIA - CIRCULAR,Fetranspor,107,17731626,"-22.9171","-43.2251"
222,222-VILA ISABEL X CANDELARIA - CIRCULAR,Fetranspor,108,17731626,"-22.9172","-43.225"
222,222-VILA ISABEL X CANDELARIA - CIRCULAR,Fetranspor,109,17731626,"-22.9172","-43.225"
222,222-VILA ISABEL X CANDELARIA - CIRCULAR,Fetranspor,110,17731626,"-22.9176","-43.2248"
222,222-VILA ISABEL X CANDELARIA - CIRCULAR,Fetranspor,111,17731626,"-22.9179","-43.2246"
222,222-VILA ISABEL X CANDELARIA - CIRCULAR,Fetranspor,112,17731626,"-22.9181","-43.2244"
222,222-VILA ISABEL X CANDELARIA - CIRCULAR,Fetranspor,113,17731626,"-22.9181","-43.2244"
222,222-VILA ISABEL X CANDELARIA - CIRCULAR,Fetranspor,114,17731626,"-22.9184","-43.2242"
222,222-VILA ISABEL X CANDELARIA - CIRCULAR,Fetranspor,115,17731626,"-22.9189","-43.2238"
222,222-VILA ISABEL X CANDELARIA - CIRCULAR,Fetranspor,116,17731626,"-22.9189","-43.2238"
222,222-VILA ISABEL X CANDELARIA - CIRCULAR,Fetranspor,117,17731626,"-22.9192","-43.2237"
222,222-VILA ISABEL X CANDELARIA - CIRCULAR,Fetranspor,118,17731626,"-22.9196","-43.2234"
222,222-VILA ISABEL X CANDELARIA - CIRCULAR,Fetranspor,119,17731626,"-22.9204","-43.2229"
222,222-VILA ISABEL X CANDELARIA - CIRCULAR,Fetranspor,120,17731626,"-22.9204","-43.2229"
222,222-VILA ISABEL X CANDELARIA - CIRCULAR,Fetranspor,121,17731626,"-22.9204","-43.2228"
222,222-VILA ISABEL X CANDELARIA - CIRCULAR,Fetranspor,122,17731626,"-22.9204","-43.2227"
222,222-VILA ISABEL X CANDELARIA - CIRCULAR,Fetranspor,123,17731626,"-22.9203","-43.2225"
222,222-VILA ISABEL X CANDELARIA - CIRCULAR,Fetranspor,124,17731626,"-22.9203","-43.2225"
222,222-VILA ISABEL X CANDELARIA - CIRCULAR,Fetranspor,125,17731626,"-22.9203","-43.2224"
222,222-VILA ISABEL X CANDELARIA - CIRCULAR,Fetranspor,126,17731626,"-22.9202","-43.2223"
222,222-VILA ISABEL X CANDELARIA - CIRCULAR,Fetranspor,127,17731626,"-22.9202","-43.2223"
222,222-VILA ISABEL X CANDELARIA - CIRCULAR,Fetranspor,128,17731626,"-22.9202","-43.2222"
222,222-VILA ISABEL X CANDELARIA - CIRCULAR,Fetranspor,129,17731626,"-22.9192","-43.2211"
222,222-VILA ISABEL X CANDELARIA - CIRCULAR,Fetranspor,130,17731626,"-22.9189","-43.2208"
222,222-VILA ISABEL X CANDELARIA - CIRCULAR,Fetranspor,131,17731626,"-22.9185","-43.2204"
222,222-VILA ISABEL X CANDELARIA - CIRCULAR,Fetranspor,132,17731626,"-22.9184","-43.2202"
222,222-VILA ISABEL X CANDELARIA - CIRCULAR,Fetranspor,133,17731626,"-22.9182","-43.2201"
222,222-VILA ISABEL X CANDELARIA - CIRCULAR,Fetranspor,134,17731626,"-22.9181","-43.2201"
222,222-VILA ISABEL X CANDELARIA - CIRCULAR,Fetranspor,135,17731626,"-22.918","-43.22"
222,222-VILA ISABEL X CANDELARIA - CIRCULAR,Fetranspor,136,17731626,"-22.918","-43.22"
222,222-VILA ISABEL X CANDELARIA - CIRCULAR,Fetranspor,137,17731626,"-22.9171","-43.2198"
222,222-VILA ISABEL X CANDELARIA - CIRCULAR,Fetranspor,138,17731626,"-22.917","-43.2198"
222,222-VILA ISABEL X CANDELARIA - CIRCULAR,Fetranspor,139,17731626,"-22.9169","-43.2198"
222,222-VILA ISABEL X CANDELARIA - CIRCULAR,Fetranspor,140,17731626,"-22.9169","-43.2197"
222,222-VILA ISABEL X CANDELARIA - CIRCULAR,Fetranspor,141,17731626,"-22.9168","-43.2196"
222,222-VILA ISABEL X CANDELARIA - CIRCULAR,Fetranspor,142,17731626,"-22.9167","-43.2196"
222,222-VILA ISABEL X CANDELARIA - CIRCULAR,Fetranspor,143,17731626,"-22.9167","-43.2196"
222,222-VILA ISABEL X CANDELARIA - CIRCULAR,Fetranspor,144,17731626,"-22.9167","-43.2193"
222,222-VILA ISABEL X CANDELARIA - CIRCULAR,Fetranspor,145,17731626,"-22.9167","-43.2193"
222,222-VILA ISABEL X CANDELARIA - CIRCULAR,Fetranspor,146,17731626,"-22.9163","-43.2182"
222,222-VILA ISABEL X CANDELARIA - CIRCULAR,Fetranspor,147,17731626,"-22.9163","-43.2182"
222,222-VILA ISABEL X CANDELARIA - CIRCULAR,Fetranspor,148,17731626,"-22.9158","-43.2172"
222,222-VILA ISABEL X CANDELARIA - CIRCULAR,Fetranspor,149,17731626,"-22.9158","-43.2171"
222,222-VILA ISABEL X CANDELARIA - CIRCULAR,Fetranspor,150,17731626,"-22.9158","-43.217"
222,222-VILA ISABEL X CANDELARIA - CIRCULAR,Fetranspor,151,17731626,"-22.9157","-43.2169"
222,222-VILA ISABEL X CANDELARIA - CIRCULAR,Fetranspor,152,17731626,"-22.9155","-43.2168"
222,222-VILA ISABEL X CANDELARIA - CIRCULAR,Fetranspor,153,17731626,"-22.9155","-43.2167"
222,222-VILA ISABEL X CANDELARIA - CIRCULAR,Fetranspor,154,17731626,"-22.9151","-43.2165"
222,222-VILA ISABEL X CANDELARIA - CIRCULAR,Fetranspor,155,17731626,"-22.9151","-43.2165"
222,222-VILA ISABEL X CANDELARIA - CIRCULAR,Fetranspor,156,17731626,"-22.9149","-43.2164"
222,222-VILA ISABEL X CANDELARIA - CIRCULAR,Fetranspor,157,17731626,"-22.9149","-43.2164"
222,222-VILA ISABEL X CANDELARIA - CIRCULAR,Fetranspor,158,17731626,"-22.9144","-43.2161"
222,222-VILA ISABEL X CANDELARIA - CIRCULAR,Fetranspor,159,17731626,"-22.9143","-43.2161"
222,222-VILA ISABEL X CANDELARIA - CIRCULAR,Fetranspor,160,17731626,"-22.9141","-43.216"
222,222-VILA ISABEL X CANDELARIA - CIRCULAR,Fetranspor,161,17731626,"-22.9141","-43.216"
222,222-VILA ISABEL X CANDELARIA - CIRCULAR,Fetranspor,162,17731626,"-22.9139","-43.216"
222,222-VILA ISABEL X CANDELARIA - CIRCULAR,Fetranspor,163,17731626,"-22.9139","-43.216"
222,222-VILA ISABEL X CANDELARIA - CIRCULAR,Fetranspor,164,17731626,"-22.9139","-43.216"
222,222-VILA ISABEL X CANDELARIA - CIRCULAR,Fetranspor,165,17731626,"-22.9135","-43.216"
222,222-VILA ISABEL X CANDELARIA - CIRCULAR,Fetranspor,166,17731626,"-22.9133","-43.2159"
222,222-VILA ISABEL X CANDELARIA - CIRCULAR,Fetranspor,167,17731626,"-22.9132","-43.2159"
222,222-VILA ISABEL X CANDELARIA - CIRCULAR,Fetranspor,168,17731626,"-22.9129","-43.216"
222,222-VILA ISABEL X CANDELARIA - CIRCULAR,Fetranspor,169,17731626,"-22.9129","-43.216"
222,222-VILA ISABEL X CANDELARIA - CIRCULAR,Fetranspor,170,17731626,"-22.9129","-43.216"
222,222-VILA ISABEL X CANDELARIA - CIRCULAR,Fetranspor,171,17731626,"-22.9127","-43.216"
222,222-VILA ISABEL X CANDELARIA - CIRCULAR,Fetranspor,172,17731626,"-22.9126","-43.216"
222,222-VILA ISABEL X CANDELARIA - CIRCULAR,Fetranspor,173,17731626,"-22.9125","-43.216"
222,222-VILA ISABEL X CANDELARIA - CIRCULAR,Fetranspor,174,17731626,"-22.9125","-43.216"
222,222-VILA ISABEL X CANDELARIA - CIRCULAR,Fetranspor,175,17731626,"-22.9117","-43.2147"
222,222-VILA ISABEL X CANDELARIA - CIRCULAR,Fetranspor,176,17731626,"-22.9117","-43.2147"
222,222-VILA ISABEL X CANDELARIA - CIRCULAR,Fetranspor,177,17731626,"-22.9117","-43.2146"
222,222-VILA ISABEL X CANDELARIA - CIRCULAR,Fetranspor,178,17731626,"-22.9117","-43.2146"
222,222-VILA ISABEL X CANDELARIA - CIRCULAR,Fetranspor,179,17731626,"-22.9112","-43.2137"
222,222-VILA ISABEL X CANDELARIA - CIRCULAR,Fetranspor,180,17731626,"-22.9112","-43.2137"
222,222-VILA ISABEL X CANDELARIA - CIRCULAR,Fetranspor,181,17731626,"-22.911","-43.2134"
222,222-VILA ISABEL X CANDELARIA - CIRCULAR,Fetranspor,182,17731626,"-22.911","-43.2133"
222,222-VILA ISABEL X CANDELARIA - CIRCULAR,Fetranspor,183,17731626,"-22.911","-43.2133"
222,222-VILA ISABEL X CANDELARIA - CIRCULAR,Fetranspor,184,17731626,"-22.9109","-43.213"
222,222-VILA ISABEL X CANDELARIA - CIRCULAR,Fetranspor,185,17731626,"-22.9109","-43.213"
222,222-VILA ISABEL X CANDELARIA - CIRCULAR,Fetranspor,186,17731626,"-22.9109","-43.2128"
222,222-VILA ISABEL X CANDELARIA - CIRCULAR,Fetranspor,187,17731626,"-22.9109","-43.2128"
222,222-VILA ISABEL X CANDELARIA - CIRCULAR,Fetranspor,188,17731626,"-22.9109","-43.2122"
222,222-VILA ISABEL X CANDELARIA - CIRCULAR,Fetranspor,189,17731626,"-22.9109","-43.2121"
222,222-VILA ISABEL X CANDELARIA - CIRCULAR,Fetranspor,190,17731626,"-22.9109","-43.2119"
222,222-VILA ISABEL X CANDELARIA - CIRCULAR,Fetranspor,191,17731626,"-22.9109","-43.2117"
222,222-VILA ISABEL X CANDELARIA - CIRCULAR,Fetranspor,192,17731626,"-22.9109","-43.2113"
222,222-VILA ISABEL X CANDELARIA - CIRCULAR,Fetranspor,193,17731626,"-22.9111","-43.2102"
222,222-VILA ISABEL X CANDELARIA - CIRCULAR,Fetranspor,194,17731626,"-22.9112","-43.2101"
222,222-VILA ISABEL X CANDELARIA - CIRCULAR,Fetranspor,195,17731626,"-22.9112","-43.2097"
222,222-VILA ISABEL X CANDELARIA - CIRCULAR,Fetranspor,196,17731626,"-22.9112","-43.2096"
222,222-VILA ISABEL X CANDELARIA - CIRCULAR,Fetranspor,197,17731626,"-22.9112","-43.2096"
222,222-VILA ISABEL X CANDELARIA - CIRCULAR,Fetranspor,198,17731626,"-22.9112","-43.2095"
222,222-VILA ISABEL X CANDELARIA - CIRCULAR,Fetranspor,199,17731626,"-22.9112","-43.2092"
222,222-VILA ISABEL X CANDELARIA - CIRCULAR,Fetranspor,200,17731626,"-22.9111","-43.2091"
222,222-VILA ISABEL X CANDELARIA - CIRCULAR,Fetranspor,201,17731626,"-22.9111","-43.2087"
222,222-VILA ISABEL X CANDELARIA - CIRCULAR,Fetranspor,202,17731626,"-22.911","-43.2083"
222,222-VILA ISABEL X CANDELARIA - CIRCULAR,Fetranspor,203,17731626,"-22.911","-43.2083"
222,222-VILA ISABEL X CANDELARIA - CIRCULAR,Fetranspor,204,17731626,"-22.9108","-43.2077"
222,222-VILA ISABEL X CANDELARIA - CIRCULAR,Fetranspor,205,17731626,"-22.9104","-43.2066"
222,222-VILA ISABEL X CANDELARIA - CIRCULAR,Fetranspor,206,17731626,"-22.9104","-43.2066"
222,222-VILA ISABEL X CANDELARIA - CIRCULAR,Fetranspor,207,17731626,"-22.9103","-43.2061"
222,222-VILA ISABEL X CANDELARIA - CIRCULAR,Fetranspor,208,17731626,"-22.9099","-43.2048"
222,222-VILA ISABEL X CANDELARIA - CIRCULAR,Fetranspor,209,17731626,"-22.9097","-43.2041"
222,222-VILA ISABEL X CANDELARIA - CIRCULAR,Fetranspor,210,17731626,"-22.9097","-43.2041"
222,222-VILA ISABEL X CANDELARIA - CIRCULAR,Fetranspor,211,17731626,"-22.9094","-43.2034"
222,222-VILA ISABEL X CANDELARIA - CIRCULAR,Fetranspor,212,17731626,"-22.9093","-43.2029"
222,222-VILA ISABEL X CANDELARIA - CIRCULAR,Fetranspor,213,17731626,"-22.9093","-43.2029"
222,222-VILA ISABEL X CANDELARIA - CIRCULAR,Fetranspor,214,17731626,"-22.9092","-43.2028"
222,222-VILA ISABEL X CANDELARIA - CIRCULAR,Fetranspor,215,17731626,"-22.9091","-43.2025"
222,222-VILA ISABEL X CANDELARIA - CIRCULAR,Fetranspor,216,17731626,"-22.9091","-43.2025"
222,222-VILA ISABEL X CANDELARIA - CIRCULAR,Fetranspor,217,17731626,"-22.909","-43.2021"
222,222-VILA ISABEL X CANDELARIA - CIRCULAR,Fetranspor,218,17731626,"-22.9086","-43.2011"
222,222-VILA ISABEL X CANDELARIA - CIRCULAR,Fetranspor,219,17731626,"-22.9085","-43.2006"
222,222-VILA ISABEL X CANDELARIA - CIRCULAR,Fetranspor,220,17731626,"-22.9085","-43.2006"
222,222-VILA ISABEL X CANDELARIA - CIRCULAR,Fetranspor,221,17731626,"-22.9083","-43.1999"
222,222-VILA ISABEL X CANDELARIA - CIRCULAR,Fetranspor,222,17731626,"-22.9083","-43.1999"
222,222-VILA ISABEL X CANDELARIA - CIRCULAR,Fetranspor,223,17731626,"-22.908","-43.1992"
222,222-VILA ISABEL X CANDELARIA - CIRCULAR,Fetranspor,224,17731626,"-22.9078","-43.1984"
222,222-VILA ISABEL X CANDELARIA - CIRCULAR,Fetranspor,225,17731626,"-22.9076","-43.1979"
222,222-VILA ISABEL X CANDELARIA - CIRCULAR,Fetranspor,226,17731626,"-22.9076","-43.1979"
222,222-VILA ISABEL X CANDELARIA - CIRCULAR,Fetranspor,227,17731626,"-22.9075","-43.1976"
222,222-VILA ISABEL X CANDELARIA - CIRCULAR,Fetranspor,228,17731626,"-22.9075","-43.1974"
222,222-VILA ISABEL X CANDELARIA - CIRCULAR,Fetranspor,229,17731626,"-22.9074","-43.1974"
222,222-VILA ISABEL X CANDELARIA - CIRCULAR,Fetranspor,230,17731626,"-22.9072","-43.1965"
222,222-VILA ISABEL X CANDELARIA - CIRCULAR,Fetranspor,231,17731626,"-22.9071","-43.1962"
222,222-VILA ISABEL X CANDELARIA - CIRCULAR,Fetranspor,232,17731626,"-22.9066","-43.1949"
222,222-VILA ISABEL X CANDELARIA - CIRCULAR,Fetranspor,233,17731626,"-22.9066","-43.1948"
222,222-VILA ISABEL X CANDELARIA - CIRCULAR,Fetranspor,234,17731626,"-22.9066","-43.1948"
222,222-VILA ISABEL X CANDELARIA - CIRCULAR,Fetranspor,235,17731626,"-22.9065","-43.1947"
222,222-VILA ISABEL X CANDELARIA - CIRCULAR,Fetranspor,236,17731626,"-22.9065","-43.1945"
222,222-VILA ISABEL X CANDELARIA - CIRCULAR,Fetranspor,237,17731626,"-22.9065","-43.1945"
222,222-VILA ISABEL X CANDELARIA - CIRCULAR,Fetranspor,238,17731626,"-22.9063","-43.1941"
222,222-VILA ISABEL X CANDELARIA - CIRCULAR,Fetranspor,239,17731626,"-22.9063","-43.1941"
222,222-VILA ISABEL X CANDELARIA - CIRCULAR,Fetranspor,240,17731626,"-22.9059","-43.1929"
222,222-VILA ISABEL X CANDELARIA - CIRCULAR,Fetranspor,241,17731626,"-22.9059","-43.1929"
222,222-VILA ISABEL X CANDELARIA - CIRCULAR,Fetranspor,242,17731626,"-22.9058","-43.1926"
222,222-VILA ISABEL X CANDELARIA - CIRCULAR,Fetranspor,243,17731626,"-22.9052","-43.1907"
222,222-VILA ISABEL X CANDELARIA - CIRCULAR,Fetranspor,244,17731626,"-22.9052","-43.1907"
222,222-VILA ISABEL X CANDELARIA - CIRCULAR,Fetranspor,245,17731626,"-22.9049","-43.1897"
222,222-VILA ISABEL X CANDELARIA - CIRCULAR,Fetranspor,246,17731626,"-22.9044","-43.1881"
222,222-VILA ISABEL X CANDELARIA - CIRCULAR,Fetranspor,247,17731626,"-22.9044","-43.1881"
222,222-VILA ISABEL X CANDELARIA - CIRCULAR,Fetranspor,248,17731626,"-22.9042","-43.1876"
222,222-VILA ISABEL X CANDELARIA - CIRCULAR,Fetranspor,249,17731626,"-22.904","-43.1869"
222,222-VILA ISABEL X CANDELARIA - CIRCULAR,Fetranspor,250,17731626,"-22.904","-43.1869"
222,222-VILA ISABEL X CANDELARIA - CIRCULAR,Fetranspor,251,17731626,"-22.9039","-43.1867"
222,222-VILA ISABEL X CANDELARIA - CIRCULAR,Fetranspor,252,17731626,"-22.9036","-43.1856"
222,222-VILA ISABEL X CANDELARIA - CIRCULAR,Fetranspor,253,17731626,"-22.9036","-43.1856"
222,222-VILA ISABEL X CANDELARIA - CIRCULAR,Fetranspor,254,17731626,"-22.9031","-43.1842"
222,222-VILA ISABEL X CANDELARIA - CIRCULAR,Fetranspor,255,17731626,"-22.9031","-43.1842"
222,222-VILA ISABEL X CANDELARIA - CIRCULAR,Fetranspor,256,17731626,"-22.903","-43.1838"
222,222-VILA ISABEL X CANDELARIA - CIRCULAR,Fetranspor,257,17731626,"-22.903","-43.1838"
222,222-VILA ISABEL X CANDELARIA - CIRCULAR,Fetranspor,258,17731626,"-22.9028","-43.1833"
222,222-VILA ISABEL X CANDELARIA - CIRCULAR,Fetranspor,259,17731626,"-22.9028","-43.1833"
222,222-VILA ISABEL X CANDELARIA - CIRCULAR,Fetranspor,260,17731626,"-22.9027","-43.1832"
222,222-VILA ISABEL X CANDELARIA - CIRCULAR,Fetranspor,261,17731626,"-22.9027","-43.1832"
222,222-VILA ISABEL X CANDELARIA - CIRCULAR,Fetranspor,262,17731626,"-22.9026","-43.1831"
222,222-VILA ISABEL X CANDELARIA - CIRCULAR,Fetranspor,263,17731626,"-22.9026","-43.1831"
222,222-VILA ISABEL X CANDELARIA - CIRCULAR,Fetranspor,264,17731626,"-22.9026","-43.1831"
222,222-VILA ISABEL X CANDELARIA - CIRCULAR,Fetranspor,265,17731626,"-22.9023","-43.1821"
222,222-VILA ISABEL X CANDELARIA - CIRCULAR,Fetranspor,266,17731626,"-22.9021","-43.1814"
222,222-VILA ISABEL X CANDELARIA - CIRCULAR,Fetranspor,267,17731626,"-22.9021","-43.1814"
222,222-VILA ISABEL X CANDELARIA - CIRCULAR,Fetranspor,268,17731626,"-22.9013","-43.1791"
222,222-VILA ISABEL X CANDELARIA - CIRCULAR,Fetranspor,269,17731626,"-22.9013","-43.1791"
222,222-VILA ISABEL X CANDELARIA - CIRCULAR,Fetranspor,270,17731626,"-22.9012","-43.1781"
222,222-VILA ISABEL X CANDELARIA - CIRCULAR,Fetranspor,271,17731626,"-22.9012","-43.1781"
222,222-VILA ISABEL X CANDELARIA - CIRCULAR,Fetranspor,272,17731626,"-22.9012","-43.178"
222,222-VILA ISABEL X CANDELARIA - CIRCULAR,Fetranspor,273,17731626,"-22.901","-43.1773"
222,222-VILA ISABEL X CANDELARIA - CIRCULAR,Fetranspor,274,17731626,"-22.9009","-43.1772"
222,222-VILA ISABEL X CANDELARIA - CIRCULAR,Fetranspor,275,17731626,"-22.9009","-43.1772"
222,222-VILA ISABEL X CANDELARIA - CIRCULAR,Fetranspor,276,17731626,"-22.9009","-43.1772"
222,222-VILA ISABEL X CANDELARIA - CIRCULAR,Fetranspor,277,17731626,"-22.9009","-43.1772"
222,222-VILA ISABEL X CANDELARIA - CIRCULAR,Fetranspor,278,17731626,"-22.9006","-43.1768"
222,222-VILA ISABEL X CANDELARIA - CIRCULAR,Fetranspor,279,17731626,"-22.9006","-43.1768"
222,222-VILA ISABEL X CANDELARIA - CIRCULAR,Fetranspor,280,17731626,"-22.9003","-43.1769"
222,222-VILA ISABEL X CANDELARIA - CIRCULAR,Fetranspor,281,17731626,"-22.9003","-43.1769"
222,222-VILA ISABEL X CANDELARIA - CIRCULAR,Fetranspor,282,17731626,"-22.9001","-43.177"
222,222-VILA ISABEL X CANDELARIA - CIRCULAR,Fetranspor,283,17731626,"-22.8997","-43.1771"
222,222-VILA ISABEL X CANDELARIA - CIRCULAR,Fetranspor,284,17731626,"-22.8997","-43.1771"
222,222-VILA ISABEL X CANDELARIA - CIRCULAR,Fetranspor,285,17731626,"-22.8991","-43.1772"
222,222-VILA ISABEL X CANDELARIA - CIRCULAR,Fetranspor,286,17731626,"-22.8991","-43.1772"
222,222-VILA ISABEL X CANDELARIA - CIRCULAR,Fetranspor,287,17731626,"-22.8993","-43.1778"
