linha,descricao,agencia,sequencia,shape_id,latitude,longitude
226,226-GRAJAU X CARIOCA - CIRCULAR,Fetranspor,0,17588219,"-22.9229","-43.2644"
226,226-GRAJAU X CARIOCA - CIRCULAR,Fetranspor,1,17588219,"-22.9229","-43.2644"
226,226-GRAJAU X CARIOCA - CIRCULAR,Fetranspor,2,17588219,"-22.9228","-43.2643"
226,226-GRAJAU X CARIOCA - CIRCULAR,Fetranspor,3,17588219,"-22.9228","-43.2643"
226,226-GRAJAU X CARIOCA - CIRCULAR,Fetranspor,4,17588219,"-22.9228","-43.2642"
226,226-GRAJAU X CARIOCA - CIRCULAR,Fetranspor,5,17588219,"-22.9227","-43.2642"
226,226-GRAJAU X CARIOCA - CIRCULAR,Fetranspor,6,17588219,"-22.9226","-43.2641"
226,226-GRAJAU X CARIOCA - CIRCULAR,Fetranspor,7,17588219,"-22.9226","-43.2641"
226,226-GRAJAU X CARIOCA - CIRCULAR,Fetranspor,8,17588219,"-22.9225","-43.2641"
226,226-GRAJAU X CARIOCA - CIRCULAR,Fetranspor,9,17588219,"-22.9224","-43.2641"
226,226-GRAJAU X CARIOCA - CIRCULAR,Fetranspor,10,17588219,"-22.9224","-43.2641"
226,226-GRAJAU X CARIOCA - CIRCULAR,Fetranspor,11,17588219,"-22.9224","-43.2641"
226,226-GRAJAU X CARIOCA - CIRCULAR,Fetranspor,12,17588219,"-22.9221","-43.2634"
226,226-GRAJAU X CARIOCA - CIRCULAR,Fetranspor,13,17588219,"-22.9221","-43.2634"
226,226-GRAJAU X CARIOCA - CIRCULAR,Fetranspor,14,17588219,"-22.9218","-43.2626"
226,226-GRAJAU X CARIOCA - CIRCULAR,Fetranspor,15,17588219,"-22.9218","-43.2626"
226,226-GRAJAU X CARIOCA - CIRCULAR,Fetranspor,16,17588219,"-22.9212","-43.2611"
226,226-GRAJAU X CARIOCA - CIRCULAR,Fetranspor,17,17588219,"-22.9211","-43.2609"
226,226-GRAJAU X CARIOCA - CIRCULAR,Fetranspor,18,17588219,"-22.9211","-43.2609"
226,226-GRAJAU X CARIOCA - CIRCULAR,Fetranspor,19,17588219,"-22.9219","-43.2605"
226,226-GRAJAU X CARIOCA - CIRCULAR,Fetranspor,20,17588219,"-22.9219","-43.2605"
226,226-GRAJAU X CARIOCA - CIRCULAR,Fetranspor,21,17588219,"-22.9228","-43.2601"
226,226-GRAJAU X CARIOCA - CIRCULAR,Fetranspor,22,17588219,"-22.9228","-43.2601"
226,226-GRAJAU X CARIOCA - CIRCULAR,Fetranspor,23,17588219,"-22.9232","-43.2599"
226,226-GRAJAU X CARIOCA - CIRCULAR,Fetranspor,24,17588219,"-22.9238","-43.2596"
226,226-GRAJAU X CARIOCA - CIRCULAR,Fetranspor,25,17588219,"-22.9238","-43.2596"
226,226-GRAJAU X CARIOCA - CIRCULAR,Fetranspor,26,17588219,"-22.9238","-43.2595"
226,226-GRAJAU X CARIOCA - CIRCULAR,Fetranspor,27,17588219,"-22.9238","-43.2595"
226,226-GRAJAU X CARIOCA - CIRCULAR,Fetranspor,28,17588219,"-22.9238","-43.259"
226,226-GRAJAU X CARIOCA - CIRCULAR,Fetranspor,29,17588219,"-22.9237","-43.2589"
226,226-GRAJAU X CARIOCA - CIRCULAR,Fetranspor,30,17588219,"-22.9237","-43.2589"
226,226-GRAJAU X CARIOCA - CIRCULAR,Fetranspor,31,17588219,"-22.9239","-43.2585"
226,226-GRAJAU X CARIOCA - CIRCULAR,Fetranspor,32,17588219,"-22.9239","-43.2585"
226,226-GRAJAU X CARIOCA - CIRCULAR,Fetranspor,33,17588219,"-22.9243","-43.2577"
226,226-GRAJAU X CARIOCA - CIRCULAR,Fetranspor,34,17588219,"-22.9243","-43.2577"
226,226-GRAJAU X CARIOCA - CIRCULAR,Fetranspor,35,17588219,"-22.9247","-43.2568"
226,226-GRAJAU X CARIOCA - CIRCULAR,Fetranspor,36,17588219,"-22.9247","-43.2568"
226,226-GRAJAU X CARIOCA - CIRCULAR,Fetranspor,37,17588219,"-22.9249","-43.2564"
226,226-GRAJAU X CARIOCA - CIRCULAR,Fetranspor,38,17588219,"-22.9249","-43.2564"
226,226-GRAJAU X CARIOCA - CIRCULAR,Fetranspor,39,17588219,"-22.9253","-43.2555"
226,226-GRAJAU X CARIOCA - CIRCULAR,Fetranspor,40,17588219,"-22.9253","-43.2555"
226,226-GRAJAU X CARIOCA - CIRCULAR,Fetranspor,41,17588219,"-22.9254","-43.2553"
226,226-GRAJAU X CARIOCA - CIRCULAR,Fetranspor,42,17588219,"-22.9254","-43.2553"
226,226-GRAJAU X CARIOCA - CIRCULAR,Fetranspor,43,17588219,"-22.9256","-43.255"
226,226-GRAJAU X CARIOCA - CIRCULAR,Fetranspor,44,17588219,"-22.9256","-43.2549"
226,226-GRAJAU X CARIOCA - CIRCULAR,Fetranspor,45,17588219,"-22.926","-43.2542"
226,226-GRAJAU X CARIOCA - CIRCULAR,Fetranspor,46,17588219,"-22.926","-43.2542"
226,226-GRAJAU X CARIOCA - CIRCULAR,Fetranspor,47,17588219,"-22.9263","-43.2536"
226,226-GRAJAU X CARIOCA - CIRCULAR,Fetranspor,48,17588219,"-22.9264","-43.2533"
226,226-GRAJAU X CARIOCA - CIRCULAR,Fetranspor,49,17588219,"-22.9264","-43.2533"
226,226-GRAJAU X CARIOCA - CIRCULAR,Fetranspor,50,17588219,"-22.9246","-43.2522"
226,226-GRAJAU X CARIOCA - CIRCULAR,Fetranspor,51,17588219,"-22.9246","-43.2522"
226,226-GRAJAU X CARIOCA - CIRCULAR,Fetranspor,52,17588219,"-22.9245","-43.2521"
226,226-GRAJAU X CARIOCA - CIRCULAR,Fetranspor,53,17588219,"-22.9245","-43.2521"
226,226-GRAJAU X CARIOCA - CIRCULAR,Fetranspor,54,17588219,"-22.9245","-43.252"
226,226-GRAJAU X CARIOCA - CIRCULAR,Fetranspor,55,17588219,"-22.9245","-43.252"
226,226-GRAJAU X CARIOCA - CIRCULAR,Fetranspor,56,17588219,"-22.9244","-43.2519"
226,226-GRAJAU X CARIOCA - CIRCULAR,Fetranspor,57,17588219,"-22.9244","-43.2518"
226,226-GRAJAU X CARIOCA - CIRCULAR,Fetranspor,58,17588219,"-22.9244","-43.2518"
226,226-GRAJAU X CARIOCA - CIRCULAR,Fetranspor,59,17588219,"-22.9244","-43.2517"
226,226-GRAJAU X CARIOCA - CIRCULAR,Fetranspor,60,17588219,"-22.9245","-43.2516"
226,226-GRAJAU X CARIOCA - CIRCULAR,Fetranspor,61,17588219,"-22.9246","-43.2513"
226,226-GRAJAU X CARIOCA - CIRCULAR,Fetranspor,62,17588219,"-22.9246","-43.2513"
226,226-GRAJAU X CARIOCA - CIRCULAR,Fetranspor,63,17588219,"-22.9249","-43.2508"
226,226-GRAJAU X CARIOCA - CIRCULAR,Fetranspor,64,17588219,"-22.9249","-43.2508"
226,226-GRAJAU X CARIOCA - CIRCULAR,Fetranspor,65,17588219,"-22.9252","-43.2503"
226,226-GRAJAU X CARIOCA - CIRCULAR,Fetranspor,66,17588219,"-22.9252","-43.2503"
226,226-GRAJAU X CARIOCA - CIRCULAR,Fetranspor,67,17588219,"-22.9253","-43.25"
226,226-GRAJAU X CARIOCA - CIRCULAR,Fetranspor,68,17588219,"-22.9255","-43.2495"
226,226-GRAJAU X CARIOCA - CIRCULAR,Fetranspor,69,17588219,"-22.9255","-43.2495"
226,226-GRAJAU X CARIOCA - CIRCULAR,Fetranspor,70,17588219,"-22.9259","-43.2487"
226,226-GRAJAU X CARIOCA - CIRCULAR,Fetranspor,71,17588219,"-22.9259","-43.2487"
226,226-GRAJAU X CARIOCA - CIRCULAR,Fetranspor,72,17588219,"-22.926","-43.2485"
226,226-GRAJAU X CARIOCA - CIRCULAR,Fetranspor,73,17588219,"-22.9261","-43.2484"
226,226-GRAJAU X CARIOCA - CIRCULAR,Fetranspor,74,17588219,"-22.9261","-43.2484"
226,226-GRAJAU X CARIOCA - CIRCULAR,Fetranspor,75,17588219,"-22.9261","-43.2484"
226,226-GRAJAU X CARIOCA - CIRCULAR,Fetranspor,76,17588219,"-22.9261","-43.2484"
226,226-GRAJAU X CARIOCA - CIRCULAR,Fetranspor,77,17588219,"-22.9264","-43.2474"
226,226-GRAJAU X CARIOCA - CIRCULAR,Fetranspor,78,17588219,"-22.9264","-43.2473"
226,226-GRAJAU X CARIOCA - CIRCULAR,Fetranspor,79,17588219,"-22.9264","-43.2471"
226,226-GRAJAU X CARIOCA - CIRCULAR,Fetranspor,80,17588219,"-22.9264","-43.2471"
226,226-GRAJAU X CARIOCA - CIRCULAR,Fetranspor,81,17588219,"-22.9264","-43.247"
226,226-GRAJAU X CARIOCA - CIRCULAR,Fetranspor,82,17588219,"-22.9263","-43.2466"
226,226-GRAJAU X CARIOCA - CIRCULAR,Fetranspor,83,17588219,"-22.9263","-43.2463"
226,226-GRAJAU X CARIOCA - CIRCULAR,Fetranspor,84,17588219,"-22.9262","-43.2462"
226,226-GRAJAU X CARIOCA - CIRCULAR,Fetranspor,85,17588219,"-22.9262","-43.2462"
226,226-GRAJAU X CARIOCA - CIRCULAR,Fetranspor,86,17588219,"-22.9262","-43.246"
226,226-GRAJAU X CARIOCA - CIRCULAR,Fetranspor,87,17588219,"-22.926","-43.2457"
226,226-GRAJAU X CARIOCA - CIRCULAR,Fetranspor,88,17588219,"-22.9259","-43.2454"
226,226-GRAJAU X CARIOCA - CIRCULAR,Fetranspor,89,17588219,"-22.9259","-43.2454"
226,226-GRAJAU X CARIOCA - CIRCULAR,Fetranspor,90,17588219,"-22.9267","-43.2449"
226,226-GRAJAU X CARIOCA - CIRCULAR,Fetranspor,91,17588219,"-22.9267","-43.2449"
226,226-GRAJAU X CARIOCA - CIRCULAR,Fetranspor,92,17588219,"-22.9271","-43.2446"
226,226-GRAJAU X CARIOCA - CIRCULAR,Fetranspor,93,17588219,"-22.9271","-43.2446"
226,226-GRAJAU X CARIOCA - CIRCULAR,Fetranspor,94,17588219,"-22.9273","-43.2445"
226,226-GRAJAU X CARIOCA - CIRCULAR,Fetranspor,95,17588219,"-22.9273","-43.2445"
226,226-GRAJAU X CARIOCA - CIRCULAR,Fetranspor,96,17588219,"-22.9274","-43.2444"
226,226-GRAJAU X CARIOCA - CIRCULAR,Fetranspor,97,17588219,"-22.9274","-43.2444"
226,226-GRAJAU X CARIOCA - CIRCULAR,Fetranspor,98,17588219,"-22.9279","-43.2441"
226,226-GRAJAU X CARIOCA - CIRCULAR,Fetranspor,99,17588219,"-22.9279","-43.2441"
226,226-GRAJAU X CARIOCA - CIRCULAR,Fetranspor,100,17588219,"-22.9284","-43.2437"
226,226-GRAJAU X CARIOCA - CIRCULAR,Fetranspor,101,17588219,"-22.9284","-43.2437"
226,226-GRAJAU X CARIOCA - CIRCULAR,Fetranspor,102,17588219,"-22.929","-43.2434"
226,226-GRAJAU X CARIOCA - CIRCULAR,Fetranspor,103,17588219,"-22.929","-43.2434"
226,226-GRAJAU X CARIOCA - CIRCULAR,Fetranspor,104,17588219,"-22.9293","-43.2432"
226,226-GRAJAU X CARIOCA - CIRCULAR,Fetranspor,105,17588219,"-22.9293","-43.2432"
226,226-GRAJAU X CARIOCA - CIRCULAR,Fetranspor,106,17588219,"-22.9297","-43.2429"
226,226-GRAJAU X CARIOCA - CIRCULAR,Fetranspor,107,17588219,"-22.9297","-43.2429"
226,226-GRAJAU X CARIOCA - CIRCULAR,Fetranspor,108,17588219,"-22.9307","-43.2422"
226,226-GRAJAU X CARIOCA - CIRCULAR,Fetranspor,109,17588219,"-22.9307","-43.2422"
226,226-GRAJAU X CARIOCA - CIRCULAR,Fetranspor,110,17588219,"-22.9308","-43.2421"
226,226-GRAJAU X CARIOCA - CIRCULAR,Fetranspor,111,17588219,"-22.9308","-43.2421"
226,226-GRAJAU X CARIOCA - CIRCULAR,Fetranspor,112,17588219,"-22.9315","-43.2417"
226,226-GRAJAU X CARIOCA - CIRCULAR,Fetranspor,113,17588219,"-22.9319","-43.2414"
226,226-GRAJAU X CARIOCA - CIRCULAR,Fetranspor,114,17588219,"-22.9319","-43.2414"
226,226-GRAJAU X CARIOCA - CIRCULAR,Fetranspor,115,17588219,"-22.9324","-43.2411"
226,226-GRAJAU X CARIOCA - CIRCULAR,Fetranspor,116,17588219,"-22.9324","-43.2411"
226,226-GRAJAU X CARIOCA - CIRCULAR,Fetranspor,117,17588219,"-22.9325","-43.241"
226,226-GRAJAU X CARIOCA - CIRCULAR,Fetranspor,118,17588219,"-22.9325","-43.241"
226,226-GRAJAU X CARIOCA - CIRCULAR,Fetranspor,119,17588219,"-22.9323","-43.2407"
226,226-GRAJAU X CARIOCA - CIRCULAR,Fetranspor,120,17588219,"-22.9321","-43.2401"
226,226-GRAJAU X CARIOCA - CIRCULAR,Fetranspor,121,17588219,"-22.9319","-43.2398"
226,226-GRAJAU X CARIOCA - CIRCULAR,Fetranspor,122,17588219,"-22.9318","-43.2396"
226,226-GRAJAU X CARIOCA - CIRCULAR,Fetranspor,123,17588219,"-22.9318","-43.2396"
226,226-GRAJAU X CARIOCA - CIRCULAR,Fetranspor,124,17588219,"-22.9318","-43.2396"
226,226-GRAJAU X CARIOCA - CIRCULAR,Fetranspor,125,17588219,"-22.9316","-43.2391"
226,226-GRAJAU X CARIOCA - CIRCULAR,Fetranspor,126,17588219,"-22.9314","-43.2388"
226,226-GRAJAU X CARIOCA - CIRCULAR,Fetranspor,127,17588219,"-22.9312","-43.2386"
226,226-GRAJAU X CARIOCA - CIRCULAR,Fetranspor,128,17588219,"-22.9309","-43.2382"
226,226-GRAJAU X CARIOCA - CIRCULAR,Fetranspor,129,17588219,"-22.9309","-43.2382"
226,226-GRAJAU X CARIOCA - CIRCULAR,Fetranspor,130,17588219,"-22.9307","-43.238"
226,226-GRAJAU X CARIOCA - CIRCULAR,Fetranspor,131,17588219,"-22.9304","-43.2377"
226,226-GRAJAU X CARIOCA - CIRCULAR,Fetranspor,132,17588219,"-22.9302","-43.2375"
226,226-GRAJAU X CARIOCA - CIRCULAR,Fetranspor,133,17588219,"-22.9301","-43.2375"
226,226-GRAJAU X CARIOCA - CIRCULAR,Fetranspor,134,17588219,"-22.9299","-43.2373"
226,226-GRAJAU X CARIOCA - CIRCULAR,Fetranspor,135,17588219,"-22.9299","-43.2373"
226,226-GRAJAU X CARIOCA - CIRCULAR,Fetranspor,136,17588219,"-22.9297","-43.2372"
226,226-GRAJAU X CARIOCA - CIRCULAR,Fetranspor,137,17588219,"-22.929","-43.2368"
226,226-GRAJAU X CARIOCA - CIRCULAR,Fetranspor,138,17588219,"-22.9287","-43.2367"
226,226-GRAJAU X CARIOCA - CIRCULAR,Fetranspor,139,17588219,"-22.9287","-43.2367"
226,226-GRAJAU X CARIOCA - CIRCULAR,Fetranspor,140,17588219,"-22.9286","-43.2366"
226,226-GRAJAU X CARIOCA - CIRCULAR,Fetranspor,141,17588219,"-22.9284","-43.2365"
226,226-GRAJAU X CARIOCA - CIRCULAR,Fetranspor,142,17588219,"-22.9279","-43.2362"
226,226-GRAJAU X CARIOCA - CIRCULAR,Fetranspor,143,17588219,"-22.9279","-43.2362"
226,226-GRAJAU X CARIOCA - CIRCULAR,Fetranspor,144,17588219,"-22.9275","-43.236"
226,226-GRAJAU X CARIOCA - CIRCULAR,Fetranspor,145,17588219,"-22.9272","-43.2358"
226,226-GRAJAU X CARIOCA - CIRCULAR,Fetranspor,146,17588219,"-22.9269","-43.2355"
226,226-GRAJAU X CARIOCA - CIRCULAR,Fetranspor,147,17588219,"-22.9264","-43.2352"
226,226-GRAJAU X CARIOCA - CIRCULAR,Fetranspor,148,17588219,"-22.9264","-43.2352"
226,226-GRAJAU X CARIOCA - CIRCULAR,Fetranspor,149,17588219,"-22.9262","-43.2351"
226,226-GRAJAU X CARIOCA - CIRCULAR,Fetranspor,150,17588219,"-22.9262","-43.2351"
226,226-GRAJAU X CARIOCA - CIRCULAR,Fetranspor,151,17588219,"-22.9261","-43.235"
226,226-GRAJAU X CARIOCA - CIRCULAR,Fetranspor,152,17588219,"-22.9258","-43.2348"
226,226-GRAJAU X CARIOCA - CIRCULAR,Fetranspor,153,17588219,"-22.9257","-43.2347"
226,226-GRAJAU X CARIOCA - CIRCULAR,Fetranspor,154,17588219,"-22.9256","-43.2346"
226,226-GRAJAU X CARIOCA - CIRCULAR,Fetranspor,155,17588219,"-22.9256","-43.2346"
226,226-GRAJAU X CARIOCA - CIRCULAR,Fetranspor,156,17588219,"-22.9254","-43.2344"
226,226-GRAJAU X CARIOCA - CIRCULAR,Fetranspor,157,17588219,"-22.9252","-43.2341"
226,226-GRAJAU X CARIOCA - CIRCULAR,Fetranspor,158,17588219,"-22.9247","-43.2334"
226,226-GRAJAU X CARIOCA - CIRCULAR,Fetranspor,159,17588219,"-22.9247","-43.2334"
226,226-GRAJAU X CARIOCA - CIRCULAR,Fetranspor,160,17588219,"-22.9246","-43.2332"
226,226-GRAJAU X CARIOCA - CIRCULAR,Fetranspor,161,17588219,"-22.9243","-43.2329"
226,226-GRAJAU X CARIOCA - CIRCULAR,Fetranspor,162,17588219,"-22.9233","-43.2314"
226,226-GRAJAU X CARIOCA - CIRCULAR,Fetranspor,163,17588219,"-22.9233","-43.2314"
226,226-GRAJAU X CARIOCA - CIRCULAR,Fetranspor,164,17588219,"-22.9233","-43.2313"
226,226-GRAJAU X CARIOCA - CIRCULAR,Fetranspor,165,17588219,"-22.9232","-43.231"
226,226-GRAJAU X CARIOCA - CIRCULAR,Fetranspor,166,17588219,"-22.9232","-43.231"
226,226-GRAJAU X CARIOCA - CIRCULAR,Fetranspor,167,17588219,"-22.9233","-43.2305"
226,226-GRAJAU X CARIOCA - CIRCULAR,Fetranspor,168,17588219,"-22.9233","-43.2305"
226,226-GRAJAU X CARIOCA - CIRCULAR,Fetranspor,169,17588219,"-22.9233","-43.2304"
226,226-GRAJAU X CARIOCA - CIRCULAR,Fetranspor,170,17588219,"-22.9233","-43.2304"
226,226-GRAJAU X CARIOCA - CIRCULAR,Fetranspor,171,17588219,"-22.9224","-43.2303"
226,226-GRAJAU X CARIOCA - CIRCULAR,Fetranspor,172,17588219,"-22.9224","-43.2303"
226,226-GRAJAU X CARIOCA - CIRCULAR,Fetranspor,173,17588219,"-22.9222","-43.2302"
226,226-GRAJAU X CARIOCA - CIRCULAR,Fetranspor,174,17588219,"-22.9222","-43.2302"
226,226-GRAJAU X CARIOCA - CIRCULAR,Fetranspor,175,17588219,"-22.9221","-43.2302"
226,226-GRAJAU X CARIOCA - CIRCULAR,Fetranspor,176,17588219,"-22.9221","-43.2302"
226,226-GRAJAU X CARIOCA - CIRCULAR,Fetranspor,177,17588219,"-22.922","-43.2302"
226,226-GRAJAU X CARIOCA - CIRCULAR,Fetranspor,178,17588219,"-22.922","-43.2301"
226,226-GRAJAU X CARIOCA - CIRCULAR,Fetranspor,179,17588219,"-22.922","-43.2301"
226,226-GRAJAU X CARIOCA - CIRCULAR,Fetranspor,180,17588219,"-22.9218","-43.2297"
226,226-GRAJAU X CARIOCA - CIRCULAR,Fetranspor,181,17588219,"-22.9215","-43.229"
226,226-GRAJAU X CARIOCA - CIRCULAR,Fetranspor,182,17588219,"-22.9209","-43.2279"
226,226-GRAJAU X CARIOCA - CIRCULAR,Fetranspor,183,17588219,"-22.9206","-43.2275"
226,226-GRAJAU X CARIOCA - CIRCULAR,Fetranspor,184,17588219,"-22.9206","-43.2275"
226,226-GRAJAU X CARIOCA - CIRCULAR,Fetranspor,185,17588219,"-22.9207","-43.2275"
226,226-GRAJAU X CARIOCA - CIRCULAR,Fetranspor,186,17588219,"-22.9206","-43.2274"
226,226-GRAJAU X CARIOCA - CIRCULAR,Fetranspor,187,17588219,"-22.9205","-43.2272"
226,226-GRAJAU X CARIOCA - CIRCULAR,Fetranspor,188,17588219,"-22.9205","-43.2272"
226,226-GRAJAU X CARIOCA - CIRCULAR,Fetranspor,189,17588219,"-22.9204","-43.227"
226,226-GRAJAU X CARIOCA - CIRCULAR,Fetranspor,190,17588219,"-22.9204","-43.2269"
226,226-GRAJAU X CARIOCA - CIRCULAR,Fetranspor,191,17588219,"-22.9204","-43.2269"
226,226-GRAJAU X CARIOCA - CIRCULAR,Fetranspor,192,17588219,"-22.9199","-43.2258"
226,226-GRAJAU X CARIOCA - CIRCULAR,Fetranspor,193,17588219,"-22.9199","-43.2258"
226,226-GRAJAU X CARIOCA - CIRCULAR,Fetranspor,194,17588219,"-22.9199","-43.2257"
226,226-GRAJAU X CARIOCA - CIRCULAR,Fetranspor,195,17588219,"-22.9196","-43.2251"
226,226-GRAJAU X CARIOCA - CIRCULAR,Fetranspor,196,17588219,"-22.9196","-43.2251"
226,226-GRAJAU X CARIOCA - CIRCULAR,Fetranspor,197,17588219,"-22.9194","-43.2247"
226,226-GRAJAU X CARIOCA - CIRCULAR,Fetranspor,198,17588219,"-22.9189","-43.2238"
226,226-GRAJAU X CARIOCA - CIRCULAR,Fetranspor,199,17588219,"-22.9189","-43.2238"
226,226-GRAJAU X CARIOCA - CIRCULAR,Fetranspor,200,17588219,"-22.9192","-43.2237"
226,226-GRAJAU X CARIOCA - CIRCULAR,Fetranspor,201,17588219,"-22.9196","-43.2234"
226,226-GRAJAU X CARIOCA - CIRCULAR,Fetranspor,202,17588219,"-22.9204","-43.2229"
226,226-GRAJAU X CARIOCA - CIRCULAR,Fetranspor,203,17588219,"-22.9204","-43.2229"
226,226-GRAJAU X CARIOCA - CIRCULAR,Fetranspor,204,17588219,"-22.9204","-43.2228"
226,226-GRAJAU X CARIOCA - CIRCULAR,Fetranspor,205,17588219,"-22.9204","-43.2227"
226,226-GRAJAU X CARIOCA - CIRCULAR,Fetranspor,206,17588219,"-22.9203","-43.2225"
226,226-GRAJAU X CARIOCA - CIRCULAR,Fetranspor,207,17588219,"-22.9203","-43.2225"
226,226-GRAJAU X CARIOCA - CIRCULAR,Fetranspor,208,17588219,"-22.9203","-43.2224"
226,226-GRAJAU X CARIOCA - CIRCULAR,Fetranspor,209,17588219,"-22.9202","-43.2223"
226,226-GRAJAU X CARIOCA - CIRCULAR,Fetranspor,210,17588219,"-22.9202","-43.2223"
226,226-GRAJAU X CARIOCA - CIRCULAR,Fetranspor,211,17588219,"-22.9202","-43.2222"
226,226-GRAJAU X CARIOCA - CIRCULAR,Fetranspor,212,17588219,"-22.9192","-43.2211"
226,226-GRAJAU X CARIOCA - CIRCULAR,Fetranspor,213,17588219,"-22.9189","-43.2208"
226,226-GRAJAU X CARIOCA - CIRCULAR,Fetranspor,214,17588219,"-22.9185","-43.2204"
226,226-GRAJAU X CARIOCA - CIRCULAR,Fetranspor,215,17588219,"-22.9184","-43.2202"
226,226-GRAJAU X CARIOCA - CIRCULAR,Fetranspor,216,17588219,"-22.9182","-43.2201"
226,226-GRAJAU X CARIOCA - CIRCULAR,Fetranspor,217,17588219,"-22.9181","-43.2201"
226,226-GRAJAU X CARIOCA - CIRCULAR,Fetranspor,218,17588219,"-22.918","-43.22"
226,226-GRAJAU X CARIOCA - CIRCULAR,Fetranspor,219,17588219,"-22.918","-43.22"
226,226-GRAJAU X CARIOCA - CIRCULAR,Fetranspor,220,17588219,"-22.9171","-43.2198"
226,226-GRAJAU X CARIOCA - CIRCULAR,Fetranspor,221,17588219,"-22.917","-43.2198"
226,226-GRAJAU X CARIOCA - CIRCULAR,Fetranspor,222,17588219,"-22.9169","-43.2198"
226,226-GRAJAU X CARIOCA - CIRCULAR,Fetranspor,223,17588219,"-22.9169","-43.2197"
226,226-GRAJAU X CARIOCA - CIRCULAR,Fetranspor,224,17588219,"-22.9168","-43.2196"
226,226-GRAJAU X CARIOCA - CIRCULAR,Fetranspor,225,17588219,"-22.9167","-43.2196"
226,226-GRAJAU X CARIOCA - CIRCULAR,Fetranspor,226,17588219,"-22.9167","-43.2196"
226,226-GRAJAU X CARIOCA - CIRCULAR,Fetranspor,227,17588219,"-22.9167","-43.2193"
226,226-GRAJAU X CARIOCA - CIRCULAR,Fetranspor,228,17588219,"-22.9167","-43.2193"
226,226-GRAJAU X CARIOCA - CIRCULAR,Fetranspor,229,17588219,"-22.9163","-43.2182"
226,226-GRAJAU X CARIOCA - CIRCULAR,Fetranspor,230,17588219,"-22.9163","-43.2182"
226,226-GRAJAU X CARIOCA - CIRCULAR,Fetranspor,231,17588219,"-22.9158","-43.2172"
226,226-GRAJAU X CARIOCA - CIRCULAR,Fetranspor,232,17588219,"-22.9158","-43.2171"
226,226-GRAJAU X CARIOCA - CIRCULAR,Fetranspor,233,17588219,"-22.9158","-43.217"
226,226-GRAJAU X CARIOCA - CIRCULAR,Fetranspor,234,17588219,"-22.9157","-43.2169"
226,226-GRAJAU X CARIOCA - CIRCULAR,Fetranspor,235,17588219,"-22.9155","-43.2168"
226,226-GRAJAU X CARIOCA - CIRCULAR,Fetranspor,236,17588219,"-22.9155","-43.2167"
226,226-GRAJAU X CARIOCA - CIRCULAR,Fetranspor,237,17588219,"-22.9151","-43.2165"
226,226-GRAJAU X CARIOCA - CIRCULAR,Fetranspor,238,17588219,"-22.9151","-43.2165"
226,226-GRAJAU X CARIOCA - CIRCULAR,Fetranspor,239,17588219,"-22.9149","-43.2164"
226,226-GRAJAU X CARIOCA - CIRCULAR,Fetranspor,240,17588219,"-22.9149","-43.2164"
226,226-GRAJAU X CARIOCA - CIRCULAR,Fetranspor,241,17588219,"-22.9144","-43.2161"
226,226-GRAJAU X CARIOCA - CIRCULAR,Fetranspor,242,17588219,"-22.9143","-43.2161"
226,226-GRAJAU X CARIOCA - CIRCULAR,Fetranspor,243,17588219,"-22.9141","-43.216"
226,226-GRAJAU X CARIOCA - CIRCULAR,Fetranspor,244,17588219,"-22.9141","-43.216"
226,226-GRAJAU X CARIOCA - CIRCULAR,Fetranspor,245,17588219,"-22.9139","-43.216"
226,226-GRAJAU X CARIOCA - CIRCULAR,Fetranspor,246,17588219,"-22.9139","-43.216"
226,226-GRAJAU X CARIOCA - CIRCULAR,Fetranspor,247,17588219,"-22.9139","-43.216"
226,226-GRAJAU X CARIOCA - CIRCULAR,Fetranspor,248,17588219,"-22.9135","-43.216"
226,226-GRAJAU X CARIOCA - CIRCULAR,Fetranspor,249,17588219,"-22.9133","-43.2159"
226,226-GRAJAU X CARIOCA - CIRCULAR,Fetranspor,250,17588219,"-22.9132","-43.2159"
226,226-GRAJAU X CARIOCA - CIRCULAR,Fetranspor,251,17588219,"-22.9129","-43.216"
226,226-GRAJAU X CARIOCA - CIRCULAR,Fetranspor,252,17588219,"-22.9129","-43.216"
226,226-GRAJAU X CARIOCA - CIRCULAR,Fetranspor,253,17588219,"-22.9129","-43.216"
226,226-GRAJAU X CARIOCA - CIRCULAR,Fetranspor,254,17588219,"-22.9127","-43.216"
226,226-GRAJAU X CARIOCA - CIRCULAR,Fetranspor,255,17588219,"-22.9126","-43.216"
226,226-GRAJAU X CARIOCA - CIRCULAR,Fetranspor,256,17588219,"-22.9125","-43.216"
226,226-GRAJAU X CARIOCA - CIRCULAR,Fetranspor,257,17588219,"-22.9125","-43.216"
226,226-GRAJAU X CARIOCA - CIRCULAR,Fetranspor,258,17588219,"-22.9117","-43.2147"
226,226-GRAJAU X CARIOCA - CIRCULAR,Fetranspor,259,17588219,"-22.9117","-43.2147"
226,226-GRAJAU X CARIOCA - CIRCULAR,Fetranspor,260,17588219,"-22.9117","-43.2146"
226,226-GRAJAU X CARIOCA - CIRCULAR,Fetranspor,261,17588219,"-22.9117","-43.2146"
226,226-GRAJAU X CARIOCA - CIRCULAR,Fetranspor,262,17588219,"-22.9112","-43.2137"
226,226-GRAJAU X CARIOCA - CIRCULAR,Fetranspor,263,17588219,"-22.9112","-43.2137"
226,226-GRAJAU X CARIOCA - CIRCULAR,Fetranspor,264,17588219,"-22.911","-43.2134"
226,226-GRAJAU X CARIOCA - CIRCULAR,Fetranspor,265,17588219,"-22.911","-43.2133"
226,226-GRAJAU X CARIOCA - CIRCULAR,Fetranspor,266,17588219,"-22.911","-43.2133"
226,226-GRAJAU X CARIOCA - CIRCULAR,Fetranspor,267,17588219,"-22.9109","-43.213"
226,226-GRAJAU X CARIOCA - CIRCULAR,Fetranspor,268,17588219,"-22.9109","-43.213"
226,226-GRAJAU X CARIOCA - CIRCULAR,Fetranspor,269,17588219,"-22.9109","-43.2128"
226,226-GRAJAU X CARIOCA - CIRCULAR,Fetranspor,270,17588219,"-22.9109","-43.2128"
226,226-GRAJAU X CARIOCA - CIRCULAR,Fetranspor,271,17588219,"-22.9109","-43.2122"
226,226-GRAJAU X CARIOCA - CIRCULAR,Fetranspor,272,17588219,"-22.9109","-43.2121"
226,226-GRAJAU X CARIOCA - CIRCULAR,Fetranspor,273,17588219,"-22.9109","-43.2119"
226,226-GRAJAU X CARIOCA - CIRCULAR,Fetranspor,274,17588219,"-22.9109","-43.2117"
226,226-GRAJAU X CARIOCA - CIRCULAR,Fetranspor,275,17588219,"-22.9109","-43.2113"
226,226-GRAJAU X CARIOCA - CIRCULAR,Fetranspor,276,17588219,"-22.9111","-43.2102"
226,226-GRAJAU X CARIOCA - CIRCULAR,Fetranspor,277,17588219,"-22.9112","-43.2101"
226,226-GRAJAU X CARIOCA - CIRCULAR,Fetranspor,278,17588219,"-22.9112","-43.2097"
226,226-GRAJAU X CARIOCA - CIRCULAR,Fetranspor,279,17588219,"-22.9112","-43.2096"
226,226-GRAJAU X CARIOCA - CIRCULAR,Fetranspor,280,17588219,"-22.9112","-43.2096"
226,226-GRAJAU X CARIOCA - CIRCULAR,Fetranspor,281,17588219,"-22.9112","-43.2095"
226,226-GRAJAU X CARIOCA - CIRCULAR,Fetranspor,282,17588219,"-22.9112","-43.2092"
226,226-GRAJAU X CARIOCA - CIRCULAR,Fetranspor,283,17588219,"-22.9111","-43.2091"
226,226-GRAJAU X CARIOCA - CIRCULAR,Fetranspor,284,17588219,"-22.9111","-43.2087"
226,226-GRAJAU X CARIOCA - CIRCULAR,Fetranspor,285,17588219,"-22.911","-43.2083"
226,226-GRAJAU X CARIOCA - CIRCULAR,Fetranspor,286,17588219,"-22.911","-43.2083"
226,226-GRAJAU X CARIOCA - CIRCULAR,Fetranspor,287,17588219,"-22.9108","-43.2077"
226,226-GRAJAU X CARIOCA - CIRCULAR,Fetranspor,288,17588219,"-22.9104","-43.2066"
226,226-GRAJAU X CARIOCA - CIRCULAR,Fetranspor,289,17588219,"-22.9104","-43.2066"
226,226-GRAJAU X CARIOCA - CIRCULAR,Fetranspor,290,17588219,"-22.9103","-43.2061"
226,226-GRAJAU X CARIOCA - CIRCULAR,Fetranspor,291,17588219,"-22.9099","-43.2048"
226,226-GRAJAU X CARIOCA - CIRCULAR,Fetranspor,292,17588219,"-22.9097","-43.2041"
226,226-GRAJAU X CARIOCA - CIRCULAR,Fetranspor,293,17588219,"-22.9097","-43.2041"
226,226-GRAJAU X CARIOCA - CIRCULAR,Fetranspor,294,17588219,"-22.9094","-43.2034"
226,226-GRAJAU X CARIOCA - CIRCULAR,Fetranspor,295,17588219,"-22.9093","-43.2029"
226,226-GRAJAU X CARIOCA - CIRCULAR,Fetranspor,296,17588219,"-22.9093","-43.2029"
226,226-GRAJAU X CARIOCA - CIRCULAR,Fetranspor,297,17588219,"-22.9092","-43.2028"
226,226-GRAJAU X CARIOCA - CIRCULAR,Fetranspor,298,17588219,"-22.9091","-43.2025"
226,226-GRAJAU X CARIOCA - CIRCULAR,Fetranspor,299,17588219,"-22.9091","-43.2025"
226,226-GRAJAU X CARIOCA - CIRCULAR,Fetranspor,300,17588219,"-22.909","-43.2021"
226,226-GRAJAU X CARIOCA - CIRCULAR,Fetranspor,301,17588219,"-22.9086","-43.2011"
226,226-GRAJAU X CARIOCA - CIRCULAR,Fetranspor,302,17588219,"-22.9085","-43.2006"
226,226-GRAJAU X CARIOCA - CIRCULAR,Fetranspor,303,17588219,"-22.9085","-43.2006"
226,226-GRAJAU X CARIOCA - CIRCULAR,Fetranspor,304,17588219,"-22.9083","-43.1999"
226,226-GRAJAU X CARIOCA - CIRCULAR,Fetranspor,305,17588219,"-22.9083","-43.1999"
226,226-GRAJAU X CARIOCA - CIRCULAR,Fetranspor,306,17588219,"-22.908","-43.1992"
226,226-GRAJAU X CARIOCA - CIRCULAR,Fetranspor,307,17588219,"-22.9078","-43.1984"
226,226-GRAJAU X CARIOCA - CIRCULAR,Fetranspor,308,17588219,"-22.9076","-43.1979"
226,226-GRAJAU X CARIOCA - CIRCULAR,Fetranspor,309,17588219,"-22.9076","-43.1979"
226,226-GRAJAU X CARIOCA - CIRCULAR,Fetranspor,310,17588219,"-22.9075","-43.1976"
226,226-GRAJAU X CARIOCA - CIRCULAR,Fetranspor,311,17588219,"-22.9075","-43.1974"
226,226-GRAJAU X CARIOCA - CIRCULAR,Fetranspor,312,17588219,"-22.9074","-43.1974"
226,226-GRAJAU X CARIOCA - CIRCULAR,Fetranspor,313,17588219,"-22.9072","-43.1965"
226,226-GRAJAU X CARIOCA - CIRCULAR,Fetranspor,314,17588219,"-22.9071","-43.1962"
226,226-GRAJAU X CARIOCA - CIRCULAR,Fetranspor,315,17588219,"-22.9066","-43.1949"
226,226-GRAJAU X CARIOCA - CIRCULAR,Fetranspor,316,17588219,"-22.9066","-43.1948"
226,226-GRAJAU X CARIOCA - CIRCULAR,Fetranspor,317,17588219,"-22.9066","-43.1948"
226,226-GRAJAU X CARIOCA - CIRCULAR,Fetranspor,318,17588219,"-22.9065","-43.1947"
226,226-GRAJAU X CARIOCA - CIRCULAR,Fetranspor,319,17588219,"-22.9065","-43.1945"
226,226-GRAJAU X CARIOCA - CIRCULAR,Fetranspor,320,17588219,"-22.9065","-43.1945"
226,226-GRAJAU X CARIOCA - CIRCULAR,Fetranspor,321,17588219,"-22.9063","-43.1941"
226,226-GRAJAU X CARIOCA - CIRCULAR,Fetranspor,322,17588219,"-22.9063","-43.1941"
226,226-GRAJAU X CARIOCA - CIRCULAR,Fetranspor,323,17588219,"-22.9059","-43.1929"
226,226-GRAJAU X CARIOCA - CIRCULAR,Fetranspor,324,17588219,"-22.9059","-43.1929"
226,226-GRAJAU X CARIOCA - CIRCULAR,Fetranspor,325,17588219,"-22.9058","-43.1926"
226,226-GRAJAU X CARIOCA - CIRCULAR,Fetranspor,326,17588219,"-22.9052","-43.1907"
226,226-GRAJAU X CARIOCA - CIRCULAR,Fetranspor,327,17588219,"-22.9052","-43.1907"
226,226-GRAJAU X CARIOCA - CIRCULAR,Fetranspor,328,17588219,"-22.9049","-43.1897"
226,226-GRAJAU X CARIOCA - CIRCULAR,Fetranspor,329,17588219,"-22.9044","-43.1881"
226,226-GRAJAU X CARIOCA - CIRCULAR,Fetranspor,330,17588219,"-22.9044","-43.1881"
226,226-GRAJAU X CARIOCA - CIRCULAR,Fetranspor,331,17588219,"-22.9042","-43.1876"
226,226-GRAJAU X CARIOCA - CIRCULAR,Fetranspor,332,17588219,"-22.904","-43.1869"
226,226-GRAJAU X CARIOCA - CIRCULAR,Fetranspor,333,17588219,"-22.904","-43.1869"
226,226-GRAJAU X CARIOCA - CIRCULAR,Fetranspor,334,17588219,"-22.9039","-43.1867"
226,226-GRAJAU X CARIOCA - CIRCULAR,Fetranspor,335,17588219,"-22.9036","-43.1856"
226,226-GRAJAU X CARIOCA - CIRCULAR,Fetranspor,336,17588219,"-22.9036","-43.1856"
226,226-GRAJAU X CARIOCA - CIRCULAR,Fetranspor,337,17588219,"-22.9031","-43.1842"
226,226-GRAJAU X CARIOCA - CIRCULAR,Fetranspor,338,17588219,"-22.9031","-43.1842"
226,226-GRAJAU X CARIOCA - CIRCULAR,Fetranspor,339,17588219,"-22.903","-43.1838"
226,226-GRAJAU X CARIOCA - CIRCULAR,Fetranspor,340,17588219,"-22.903","-43.1838"
226,226-GRAJAU X CARIOCA - CIRCULAR,Fetranspor,341,17588219,"-22.9028","-43.1833"
226,226-GRAJAU X CARIOCA - CIRCULAR,Fetranspor,342,17588219,"-22.9028","-43.1833"
226,226-GRAJAU X CARIOCA - CIRCULAR,Fetranspor,343,17588219,"-22.9026","-43.1825"
226,226-GRAJAU X CARIOCA - CIRCULAR,Fetranspor,344,17588219,"-22.9026","-43.1825"
226,226-GRAJAU X CARIOCA - CIRCULAR,Fetranspor,345,17588219,"-22.9022","-43.1813"
226,226-GRAJAU X CARIOCA - CIRCULAR,Fetranspor,346,17588219,"-22.9022","-43.1813"
226,226-GRAJAU X CARIOCA - CIRCULAR,Fetranspor,347,17588219,"-22.9017","-43.1799"
226,226-GRAJAU X CARIOCA - CIRCULAR,Fetranspor,348,17588219,"-22.9017","-43.1799"
226,226-GRAJAU X CARIOCA - CIRCULAR,Fetranspor,349,17588219,"-22.9015","-43.179"
226,226-GRAJAU X CARIOCA - CIRCULAR,Fetranspor,350,17588219,"-22.9015","-43.179"
226,226-GRAJAU X CARIOCA - CIRCULAR,Fetranspor,351,17588219,"-22.9021","-43.1788"
226,226-GRAJAU X CARIOCA - CIRCULAR,Fetranspor,352,17588219,"-22.9021","-43.1788"
226,226-GRAJAU X CARIOCA - CIRCULAR,Fetranspor,353,17588219,"-22.9026","-43.1786"
226,226-GRAJAU X CARIOCA - CIRCULAR,Fetranspor,354,17588219,"-22.9026","-43.1786"
226,226-GRAJAU X CARIOCA - CIRCULAR,Fetranspor,355,17588219,"-22.9031","-43.1784"
226,226-GRAJAU X CARIOCA - CIRCULAR,Fetranspor,356,17588219,"-22.9031","-43.1784"
226,226-GRAJAU X CARIOCA - CIRCULAR,Fetranspor,357,17588219,"-22.9036","-43.1782"
226,226-GRAJAU X CARIOCA - CIRCULAR,Fetranspor,358,17588219,"-22.9036","-43.1782"
226,226-GRAJAU X CARIOCA - CIRCULAR,Fetranspor,359,17588219,"-22.9042","-43.178"
226,226-GRAJAU X CARIOCA - CIRCULAR,Fetranspor,360,17588219,"-22.9049","-43.1777"
226,226-GRAJAU X CARIOCA - CIRCULAR,Fetranspor,361,17588219,"-22.905","-43.1777"
226,226-GRAJAU X CARIOCA - CIRCULAR,Fetranspor,362,17588219,"-22.905","-43.1777"
226,226-GRAJAU X CARIOCA - CIRCULAR,Fetranspor,363,17588219,"-22.9053","-43.1776"
226,226-GRAJAU X CARIOCA - CIRCULAR,Fetranspor,364,17588219,"-22.9058","-43.1774"
226,226-GRAJAU X CARIOCA - CIRCULAR,Fetranspor,365,17588219,"-22.9058","-43.1774"
226,226-GRAJAU X CARIOCA - CIRCULAR,Fetranspor,366,17588219,"-22.9058","-43.1775"
226,226-GRAJAU X CARIOCA - CIRCULAR,Fetranspor,367,17588219,"-22.9058","-43.1775"
226,226-GRAJAU X CARIOCA - CIRCULAR,Fetranspor,368,17588219,"-22.9061","-43.178"
226,226-GRAJAU X CARIOCA - CIRCULAR,Fetranspor,369,17588219,"-22.9061","-43.178"
226,226-GRAJAU X CARIOCA - CIRCULAR,Fetranspor,370,17588219,"-22.9062","-43.1781"
226,226-GRAJAU X CARIOCA - CIRCULAR,Fetranspor,371,17588219,"-22.9063","-43.1782"
226,226-GRAJAU X CARIOCA - CIRCULAR,Fetranspor,372,17588219,"-22.9064","-43.1782"
226,226-GRAJAU X CARIOCA - CIRCULAR,Fetranspor,0,17764229,"-22.9063","-43.1786"
226,226-GRAJAU X CARIOCA - CIRCULAR,Fetranspor,1,17764229,"-22.9064","-43.1788"
226,226-GRAJAU X CARIOCA - CIRCULAR,Fetranspor,2,17764229,"-22.9065","-43.1795"
226,226-GRAJAU X CARIOCA - CIRCULAR,Fetranspor,3,17764229,"-22.9065","-43.1795"
226,226-GRAJAU X CARIOCA - CIRCULAR,Fetranspor,4,17764229,"-22.9065","-43.18"
226,226-GRAJAU X CARIOCA - CIRCULAR,Fetranspor,5,17764229,"-22.9067","-43.181"
226,226-GRAJAU X CARIOCA - CIRCULAR,Fetranspor,6,17764229,"-22.9068","-43.1811"
226,226-GRAJAU X CARIOCA - CIRCULAR,Fetranspor,7,17764229,"-22.9068","-43.1811"
226,226-GRAJAU X CARIOCA - CIRCULAR,Fetranspor,8,17764229,"-22.9068","-43.1812"
226,226-GRAJAU X CARIOCA - CIRCULAR,Fetranspor,9,17764229,"-22.9069","-43.1814"
226,226-GRAJAU X CARIOCA - CIRCULAR,Fetranspor,10,17764229,"-22.907","-43.1818"
226,226-GRAJAU X CARIOCA - CIRCULAR,Fetranspor,11,17764229,"-22.907","-43.1818"
226,226-GRAJAU X CARIOCA - CIRCULAR,Fetranspor,12,17764229,"-22.907","-43.1819"
226,226-GRAJAU X CARIOCA - CIRCULAR,Fetranspor,13,17764229,"-22.907","-43.1819"
226,226-GRAJAU X CARIOCA - CIRCULAR,Fetranspor,14,17764229,"-22.9071","-43.1821"
226,226-GRAJAU X CARIOCA - CIRCULAR,Fetranspor,15,17764229,"-22.9072","-43.1825"
226,226-GRAJAU X CARIOCA - CIRCULAR,Fetranspor,16,17764229,"-22.9072","-43.1825"
226,226-GRAJAU X CARIOCA - CIRCULAR,Fetranspor,17,17764229,"-22.9074","-43.1831"
226,226-GRAJAU X CARIOCA - CIRCULAR,Fetranspor,18,17764229,"-22.9074","-43.1831"
226,226-GRAJAU X CARIOCA - CIRCULAR,Fetranspor,19,17764229,"-22.9074","-43.1832"
226,226-GRAJAU X CARIOCA - CIRCULAR,Fetranspor,20,17764229,"-22.9074","-43.1832"
226,226-GRAJAU X CARIOCA - CIRCULAR,Fetranspor,21,17764229,"-22.9075","-43.1835"
226,226-GRAJAU X CARIOCA - CIRCULAR,Fetranspor,22,17764229,"-22.9075","-43.1835"
226,226-GRAJAU X CARIOCA - CIRCULAR,Fetranspor,23,17764229,"-22.9077","-43.184"
226,226-GRAJAU X CARIOCA - CIRCULAR,Fetranspor,24,17764229,"-22.9077","-43.184"
226,226-GRAJAU X CARIOCA - CIRCULAR,Fetranspor,25,17764229,"-22.9078","-43.1844"
226,226-GRAJAU X CARIOCA - CIRCULAR,Fetranspor,26,17764229,"-22.9078","-43.1844"
226,226-GRAJAU X CARIOCA - CIRCULAR,Fetranspor,27,17764229,"-22.908","-43.185"
226,226-GRAJAU X CARIOCA - CIRCULAR,Fetranspor,28,17764229,"-22.908","-43.185"
226,226-GRAJAU X CARIOCA - CIRCULAR,Fetranspor,29,17764229,"-22.9081","-43.1854"
226,226-GRAJAU X CARIOCA - CIRCULAR,Fetranspor,30,17764229,"-22.9081","-43.1856"
226,226-GRAJAU X CARIOCA - CIRCULAR,Fetranspor,31,17764229,"-22.9081","-43.1856"
226,226-GRAJAU X CARIOCA - CIRCULAR,Fetranspor,32,17764229,"-22.9083","-43.1861"
226,226-GRAJAU X CARIOCA - CIRCULAR,Fetranspor,33,17764229,"-22.9083","-43.1861"
226,226-GRAJAU X CARIOCA - CIRCULAR,Fetranspor,34,17764229,"-22.9083","-43.1862"
226,226-GRAJAU X CARIOCA - CIRCULAR,Fetranspor,35,17764229,"-22.9083","-43.1862"
226,226-GRAJAU X CARIOCA - CIRCULAR,Fetranspor,36,17764229,"-22.9083","-43.1864"
226,226-GRAJAU X CARIOCA - CIRCULAR,Fetranspor,37,17764229,"-22.9085","-43.1871"
226,226-GRAJAU X CARIOCA - CIRCULAR,Fetranspor,38,17764229,"-22.909","-43.1888"
226,226-GRAJAU X CARIOCA - CIRCULAR,Fetranspor,39,17764229,"-22.909","-43.1888"
226,226-GRAJAU X CARIOCA - CIRCULAR,Fetranspor,40,17764229,"-22.9077","-43.19"
226,226-GRAJAU X CARIOCA - CIRCULAR,Fetranspor,41,17764229,"-22.9077","-43.19"
226,226-GRAJAU X CARIOCA - CIRCULAR,Fetranspor,42,17764229,"-22.9076","-43.1901"
226,226-GRAJAU X CARIOCA - CIRCULAR,Fetranspor,43,17764229,"-22.9075","-43.1901"
226,226-GRAJAU X CARIOCA - CIRCULAR,Fetranspor,44,17764229,"-22.9075","-43.1901"
226,226-GRAJAU X CARIOCA - CIRCULAR,Fetranspor,45,17764229,"-22.9072","-43.1902"
226,226-GRAJAU X CARIOCA - CIRCULAR,Fetranspor,46,17764229,"-22.9072","-43.1902"
226,226-GRAJAU X CARIOCA - CIRCULAR,Fetranspor,47,17764229,"-22.9066","-43.1904"
226,226-GRAJAU X CARIOCA - CIRCULAR,Fetranspor,48,17764229,"-22.906","-43.1906"
226,226-GRAJAU X CARIOCA - CIRCULAR,Fetranspor,49,17764229,"-22.906","-43.1906"
226,226-GRAJAU X CARIOCA - CIRCULAR,Fetranspor,50,17764229,"-22.9055","-43.1907"
226,226-GRAJAU X CARIOCA - CIRCULAR,Fetranspor,51,17764229,"-22.9054","-43.1908"
226,226-GRAJAU X CARIOCA - CIRCULAR,Fetranspor,52,17764229,"-22.9053","-43.1908"
226,226-GRAJAU X CARIOCA - CIRCULAR,Fetranspor,53,17764229,"-22.9052","-43.1907"
226,226-GRAJAU X CARIOCA - CIRCULAR,Fetranspor,54,17764229,"-22.9052","-43.1907"
226,226-GRAJAU X CARIOCA - CIRCULAR,Fetranspor,55,17764229,"-22.9052","-43.1907"
226,226-GRAJAU X CARIOCA - CIRCULAR,Fetranspor,56,17764229,"-22.9052","-43.1907"
226,226-GRAJAU X CARIOCA - CIRCULAR,Fetranspor,57,17764229,"-22.9051","-43.1907"
226,226-GRAJAU X CARIOCA - CIRCULAR,Fetranspor,58,17764229,"-22.905","-43.1907"
226,226-GRAJAU X CARIOCA - CIRCULAR,Fetranspor,59,17764229,"-22.905","-43.1907"
226,226-GRAJAU X CARIOCA - CIRCULAR,Fetranspor,60,17764229,"-22.9049","-43.1906"
226,226-GRAJAU X CARIOCA - CIRCULAR,Fetranspor,61,17764229,"-22.9049","-43.1906"
226,226-GRAJAU X CARIOCA - CIRCULAR,Fetranspor,62,17764229,"-22.905","-43.191"
226,226-GRAJAU X CARIOCA - CIRCULAR,Fetranspor,63,17764229,"-22.905","-43.191"
226,226-GRAJAU X CARIOCA - CIRCULAR,Fetranspor,64,17764229,"-22.9057","-43.1931"
226,226-GRAJAU X CARIOCA - CIRCULAR,Fetranspor,65,17764229,"-22.9062","-43.1947"
226,226-GRAJAU X CARIOCA - CIRCULAR,Fetranspor,66,17764229,"-22.9062","-43.1947"
226,226-GRAJAU X CARIOCA - CIRCULAR,Fetranspor,67,17764229,"-22.9065","-43.1958"
226,226-GRAJAU X CARIOCA - CIRCULAR,Fetranspor,68,17764229,"-22.9066","-43.1962"
226,226-GRAJAU X CARIOCA - CIRCULAR,Fetranspor,69,17764229,"-22.9067","-43.1967"
226,226-GRAJAU X CARIOCA - CIRCULAR,Fetranspor,70,17764229,"-22.9067","-43.1967"
226,226-GRAJAU X CARIOCA - CIRCULAR,Fetranspor,71,17764229,"-22.907","-43.1975"
226,226-GRAJAU X CARIOCA - CIRCULAR,Fetranspor,72,17764229,"-22.907","-43.1976"
226,226-GRAJAU X CARIOCA - CIRCULAR,Fetranspor,73,17764229,"-22.9072","-43.1981"
226,226-GRAJAU X CARIOCA - CIRCULAR,Fetranspor,74,17764229,"-22.9072","-43.1981"
226,226-GRAJAU X CARIOCA - CIRCULAR,Fetranspor,75,17764229,"-22.9077","-43.1997"
226,226-GRAJAU X CARIOCA - CIRCULAR,Fetranspor,76,17764229,"-22.9081","-43.2008"
226,226-GRAJAU X CARIOCA - CIRCULAR,Fetranspor,77,17764229,"-22.9081","-43.2008"
226,226-GRAJAU X CARIOCA - CIRCULAR,Fetranspor,78,17764229,"-22.9082","-43.2011"
226,226-GRAJAU X CARIOCA - CIRCULAR,Fetranspor,79,17764229,"-22.9084","-43.2018"
226,226-GRAJAU X CARIOCA - CIRCULAR,Fetranspor,80,17764229,"-22.9084","-43.2018"
226,226-GRAJAU X CARIOCA - CIRCULAR,Fetranspor,81,17764229,"-22.9086","-43.2025"
226,226-GRAJAU X CARIOCA - CIRCULAR,Fetranspor,82,17764229,"-22.9089","-43.2034"
226,226-GRAJAU X CARIOCA - CIRCULAR,Fetranspor,83,17764229,"-22.9092","-43.2044"
226,226-GRAJAU X CARIOCA - CIRCULAR,Fetranspor,84,17764229,"-22.9092","-43.2044"
226,226-GRAJAU X CARIOCA - CIRCULAR,Fetranspor,85,17764229,"-22.9098","-43.2062"
226,226-GRAJAU X CARIOCA - CIRCULAR,Fetranspor,86,17764229,"-22.9098","-43.2062"
226,226-GRAJAU X CARIOCA - CIRCULAR,Fetranspor,87,17764229,"-22.9102","-43.2072"
226,226-GRAJAU X CARIOCA - CIRCULAR,Fetranspor,88,17764229,"-22.9102","-43.2074"
226,226-GRAJAU X CARIOCA - CIRCULAR,Fetranspor,89,17764229,"-22.9102","-43.2075"
226,226-GRAJAU X CARIOCA - CIRCULAR,Fetranspor,90,17764229,"-22.9102","-43.2075"
226,226-GRAJAU X CARIOCA - CIRCULAR,Fetranspor,91,17764229,"-22.9102","-43.2076"
226,226-GRAJAU X CARIOCA - CIRCULAR,Fetranspor,92,17764229,"-22.9102","-43.2078"
226,226-GRAJAU X CARIOCA - CIRCULAR,Fetranspor,93,17764229,"-22.9102","-43.2079"
226,226-GRAJAU X CARIOCA - CIRCULAR,Fetranspor,94,17764229,"-22.9099","-43.2091"
226,226-GRAJAU X CARIOCA - CIRCULAR,Fetranspor,95,17764229,"-22.9099","-43.2095"
226,226-GRAJAU X CARIOCA - CIRCULAR,Fetranspor,96,17764229,"-22.9099","-43.2097"
226,226-GRAJAU X CARIOCA - CIRCULAR,Fetranspor,97,17764229,"-22.9099","-43.2098"
226,226-GRAJAU X CARIOCA - CIRCULAR,Fetranspor,98,17764229,"-22.9099","-43.2099"
226,226-GRAJAU X CARIOCA - CIRCULAR,Fetranspor,99,17764229,"-22.9099","-43.21"
226,226-GRAJAU X CARIOCA - CIRCULAR,Fetranspor,100,17764229,"-22.9099","-43.2102"
226,226-GRAJAU X CARIOCA - CIRCULAR,Fetranspor,101,17764229,"-22.91","-43.2104"
226,226-GRAJAU X CARIOCA - CIRCULAR,Fetranspor,102,17764229,"-22.91","-43.2105"
226,226-GRAJAU X CARIOCA - CIRCULAR,Fetranspor,103,17764229,"-22.91","-43.2106"
226,226-GRAJAU X CARIOCA - CIRCULAR,Fetranspor,104,17764229,"-22.91","-43.2106"
226,226-GRAJAU X CARIOCA - CIRCULAR,Fetranspor,105,17764229,"-22.9103","-43.2114"
226,226-GRAJAU X CARIOCA - CIRCULAR,Fetranspor,106,17764229,"-22.9103","-43.2114"
226,226-GRAJAU X CARIOCA - CIRCULAR,Fetranspor,107,17764229,"-22.9104","-43.2119"
226,226-GRAJAU X CARIOCA - CIRCULAR,Fetranspor,108,17764229,"-22.9107","-43.2125"
226,226-GRAJAU X CARIOCA - CIRCULAR,Fetranspor,109,17764229,"-22.9107","-43.2125"
226,226-GRAJAU X CARIOCA - CIRCULAR,Fetranspor,110,17764229,"-22.9107","-43.2127"
226,226-GRAJAU X CARIOCA - CIRCULAR,Fetranspor,111,17764229,"-22.9108","-43.2128"
226,226-GRAJAU X CARIOCA - CIRCULAR,Fetranspor,112,17764229,"-22.9108","-43.2129"
226,226-GRAJAU X CARIOCA - CIRCULAR,Fetranspor,113,17764229,"-22.9108","-43.213"
226,226-GRAJAU X CARIOCA - CIRCULAR,Fetranspor,114,17764229,"-22.9109","-43.2133"
226,226-GRAJAU X CARIOCA - CIRCULAR,Fetranspor,115,17764229,"-22.9109","-43.2133"
226,226-GRAJAU X CARIOCA - CIRCULAR,Fetranspor,116,17764229,"-22.9109","-43.2139"
226,226-GRAJAU X CARIOCA - CIRCULAR,Fetranspor,117,17764229,"-22.9109","-43.214"
226,226-GRAJAU X CARIOCA - CIRCULAR,Fetranspor,118,17764229,"-22.9109","-43.2141"
226,226-GRAJAU X CARIOCA - CIRCULAR,Fetranspor,119,17764229,"-22.9109","-43.2141"
226,226-GRAJAU X CARIOCA - CIRCULAR,Fetranspor,120,17764229,"-22.9107","-43.2151"
226,226-GRAJAU X CARIOCA - CIRCULAR,Fetranspor,121,17764229,"-22.9107","-43.2151"
226,226-GRAJAU X CARIOCA - CIRCULAR,Fetranspor,122,17764229,"-22.9107","-43.2152"
226,226-GRAJAU X CARIOCA - CIRCULAR,Fetranspor,123,17764229,"-22.9106","-43.2155"
226,226-GRAJAU X CARIOCA - CIRCULAR,Fetranspor,124,17764229,"-22.9106","-43.2157"
226,226-GRAJAU X CARIOCA - CIRCULAR,Fetranspor,125,17764229,"-22.9106","-43.2158"
226,226-GRAJAU X CARIOCA - CIRCULAR,Fetranspor,126,17764229,"-22.9107","-43.2159"
226,226-GRAJAU X CARIOCA - CIRCULAR,Fetranspor,127,17764229,"-22.9107","-43.216"
226,226-GRAJAU X CARIOCA - CIRCULAR,Fetranspor,128,17764229,"-22.9107","-43.216"
226,226-GRAJAU X CARIOCA - CIRCULAR,Fetranspor,129,17764229,"-22.911","-43.2165"
226,226-GRAJAU X CARIOCA - CIRCULAR,Fetranspor,130,17764229,"-22.911","-43.2165"
226,226-GRAJAU X CARIOCA - CIRCULAR,Fetranspor,131,17764229,"-22.9112","-43.2168"
226,226-GRAJAU X CARIOCA - CIRCULAR,Fetranspor,132,17764229,"-22.9112","-43.2168"
226,226-GRAJAU X CARIOCA - CIRCULAR,Fetranspor,133,17764229,"-22.912","-43.2183"
226,226-GRAJAU X CARIOCA - CIRCULAR,Fetranspor,134,17764229,"-22.912","-43.2183"
226,226-GRAJAU X CARIOCA - CIRCULAR,Fetranspor,135,17764229,"-22.9131","-43.2169"
226,226-GRAJAU X CARIOCA - CIRCULAR,Fetranspor,136,17764229,"-22.9131","-43.2169"
226,226-GRAJAU X CARIOCA - CIRCULAR,Fetranspor,137,17764229,"-22.9135","-43.2176"
226,226-GRAJAU X CARIOCA - CIRCULAR,Fetranspor,138,17764229,"-22.9139","-43.2184"
226,226-GRAJAU X CARIOCA - CIRCULAR,Fetranspor,139,17764229,"-22.9142","-43.219"
226,226-GRAJAU X CARIOCA - CIRCULAR,Fetranspor,140,17764229,"-22.9142","-43.219"
226,226-GRAJAU X CARIOCA - CIRCULAR,Fetranspor,141,17764229,"-22.9144","-43.2193"
226,226-GRAJAU X CARIOCA - CIRCULAR,Fetranspor,142,17764229,"-22.9144","-43.2193"
226,226-GRAJAU X CARIOCA - CIRCULAR,Fetranspor,143,17764229,"-22.9149","-43.2202"
226,226-GRAJAU X CARIOCA - CIRCULAR,Fetranspor,144,17764229,"-22.9149","-43.2202"
226,226-GRAJAU X CARIOCA - CIRCULAR,Fetranspor,145,17764229,"-22.9149","-43.2203"
226,226-GRAJAU X CARIOCA - CIRCULAR,Fetranspor,146,17764229,"-22.9149","-43.2203"
226,226-GRAJAU X CARIOCA - CIRCULAR,Fetranspor,147,17764229,"-22.9151","-43.2206"
226,226-GRAJAU X CARIOCA - CIRCULAR,Fetranspor,148,17764229,"-22.9155","-43.2211"
226,226-GRAJAU X CARIOCA - CIRCULAR,Fetranspor,149,17764229,"-22.9156","-43.2213"
226,226-GRAJAU X CARIOCA - CIRCULAR,Fetranspor,150,17764229,"-22.9156","-43.2213"
226,226-GRAJAU X CARIOCA - CIRCULAR,Fetranspor,151,17764229,"-22.9163","-43.2221"
226,226-GRAJAU X CARIOCA - CIRCULAR,Fetranspor,152,17764229,"-22.9163","-43.2221"
226,226-GRAJAU X CARIOCA - CIRCULAR,Fetranspor,153,17764229,"-22.9165","-43.2224"
226,226-GRAJAU X CARIOCA - CIRCULAR,Fetranspor,154,17764229,"-22.9169","-43.2228"
226,226-GRAJAU X CARIOCA - CIRCULAR,Fetranspor,155,17764229,"-22.9169","-43.2228"
226,226-GRAJAU X CARIOCA - CIRCULAR,Fetranspor,156,17764229,"-22.9179","-43.2241"
226,226-GRAJAU X CARIOCA - CIRCULAR,Fetranspor,157,17764229,"-22.9181","-43.2244"
226,226-GRAJAU X CARIOCA - CIRCULAR,Fetranspor,158,17764229,"-22.9181","-43.2244"
226,226-GRAJAU X CARIOCA - CIRCULAR,Fetranspor,159,17764229,"-22.9183","-43.2247"
226,226-GRAJAU X CARIOCA - CIRCULAR,Fetranspor,160,17764229,"-22.9188","-43.2252"
226,226-GRAJAU X CARIOCA - CIRCULAR,Fetranspor,161,17764229,"-22.9193","-43.2259"
226,226-GRAJAU X CARIOCA - CIRCULAR,Fetranspor,162,17764229,"-22.9193","-43.2259"
226,226-GRAJAU X CARIOCA - CIRCULAR,Fetranspor,163,17764229,"-22.92","-43.2267"
226,226-GRAJAU X CARIOCA - CIRCULAR,Fetranspor,164,17764229,"-22.92","-43.2267"
226,226-GRAJAU X CARIOCA - CIRCULAR,Fetranspor,165,17764229,"-22.9202","-43.2271"
226,226-GRAJAU X CARIOCA - CIRCULAR,Fetranspor,166,17764229,"-22.9202","-43.2271"
226,226-GRAJAU X CARIOCA - CIRCULAR,Fetranspor,167,17764229,"-22.9204","-43.2273"
226,226-GRAJAU X CARIOCA - CIRCULAR,Fetranspor,168,17764229,"-22.9205","-43.2274"
226,226-GRAJAU X CARIOCA - CIRCULAR,Fetranspor,169,17764229,"-22.9206","-43.2275"
226,226-GRAJAU X CARIOCA - CIRCULAR,Fetranspor,170,17764229,"-22.9206","-43.2275"
226,226-GRAJAU X CARIOCA - CIRCULAR,Fetranspor,171,17764229,"-22.9206","-43.2275"
226,226-GRAJAU X CARIOCA - CIRCULAR,Fetranspor,172,17764229,"-22.9209","-43.2279"
226,226-GRAJAU X CARIOCA - CIRCULAR,Fetranspor,173,17764229,"-22.9215","-43.229"
226,226-GRAJAU X CARIOCA - CIRCULAR,Fetranspor,174,17764229,"-22.9218","-43.2297"
226,226-GRAJAU X CARIOCA - CIRCULAR,Fetranspor,175,17764229,"-22.922","-43.2301"
226,226-GRAJAU X CARIOCA - CIRCULAR,Fetranspor,176,17764229,"-22.922","-43.2301"
226,226-GRAJAU X CARIOCA - CIRCULAR,Fetranspor,177,17764229,"-22.922","-43.2302"
226,226-GRAJAU X CARIOCA - CIRCULAR,Fetranspor,178,17764229,"-22.922","-43.2302"
226,226-GRAJAU X CARIOCA - CIRCULAR,Fetranspor,179,17764229,"-22.922","-43.2304"
226,226-GRAJAU X CARIOCA - CIRCULAR,Fetranspor,180,17764229,"-22.922","-43.2304"
226,226-GRAJAU X CARIOCA - CIRCULAR,Fetranspor,181,17764229,"-22.922","-43.2306"
226,226-GRAJAU X CARIOCA - CIRCULAR,Fetranspor,182,17764229,"-22.9222","-43.2309"
226,226-GRAJAU X CARIOCA - CIRCULAR,Fetranspor,183,17764229,"-22.9222","-43.2309"
226,226-GRAJAU X CARIOCA - CIRCULAR,Fetranspor,184,17764229,"-22.9223","-43.231"
226,226-GRAJAU X CARIOCA - CIRCULAR,Fetranspor,185,17764229,"-22.9223","-43.231"
226,226-GRAJAU X CARIOCA - CIRCULAR,Fetranspor,186,17764229,"-22.9225","-43.2311"
226,226-GRAJAU X CARIOCA - CIRCULAR,Fetranspor,187,17764229,"-22.9225","-43.2311"
226,226-GRAJAU X CARIOCA - CIRCULAR,Fetranspor,188,17764229,"-22.9229","-43.2312"
226,226-GRAJAU X CARIOCA - CIRCULAR,Fetranspor,189,17764229,"-22.923","-43.2312"
226,226-GRAJAU X CARIOCA - CIRCULAR,Fetranspor,190,17764229,"-22.923","-43.2312"
226,226-GRAJAU X CARIOCA - CIRCULAR,Fetranspor,191,17764229,"-22.923","-43.2312"
226,226-GRAJAU X CARIOCA - CIRCULAR,Fetranspor,192,17764229,"-22.9233","-43.2316"
226,226-GRAJAU X CARIOCA - CIRCULAR,Fetranspor,193,17764229,"-22.9238","-43.2324"
226,226-GRAJAU X CARIOCA - CIRCULAR,Fetranspor,194,17764229,"-22.9238","-43.2324"
226,226-GRAJAU X CARIOCA - CIRCULAR,Fetranspor,195,17764229,"-22.9245","-43.2333"
226,226-GRAJAU X CARIOCA - CIRCULAR,Fetranspor,196,17764229,"-22.9246","-43.2335"
226,226-GRAJAU X CARIOCA - CIRCULAR,Fetranspor,197,17764229,"-22.9246","-43.2335"
226,226-GRAJAU X CARIOCA - CIRCULAR,Fetranspor,198,17764229,"-22.9252","-43.2343"
226,226-GRAJAU X CARIOCA - CIRCULAR,Fetranspor,199,17764229,"-22.9253","-43.2344"
226,226-GRAJAU X CARIOCA - CIRCULAR,Fetranspor,200,17764229,"-22.9256","-43.2347"
226,226-GRAJAU X CARIOCA - CIRCULAR,Fetranspor,201,17764229,"-22.9256","-43.2347"
226,226-GRAJAU X CARIOCA - CIRCULAR,Fetranspor,202,17764229,"-22.9257","-43.2349"
226,226-GRAJAU X CARIOCA - CIRCULAR,Fetranspor,203,17764229,"-22.9257","-43.2349"
226,226-GRAJAU X CARIOCA - CIRCULAR,Fetranspor,204,17764229,"-22.9259","-43.235"
226,226-GRAJAU X CARIOCA - CIRCULAR,Fetranspor,205,17764229,"-22.9263","-43.2353"
226,226-GRAJAU X CARIOCA - CIRCULAR,Fetranspor,206,17764229,"-22.9263","-43.2353"
226,226-GRAJAU X CARIOCA - CIRCULAR,Fetranspor,207,17764229,"-22.9268","-43.2356"
226,226-GRAJAU X CARIOCA - CIRCULAR,Fetranspor,208,17764229,"-22.9268","-43.2356"
226,226-GRAJAU X CARIOCA - CIRCULAR,Fetranspor,209,17764229,"-22.9271","-43.2358"
226,226-GRAJAU X CARIOCA - CIRCULAR,Fetranspor,210,17764229,"-22.9273","-43.236"
226,226-GRAJAU X CARIOCA - CIRCULAR,Fetranspor,211,17764229,"-22.9278","-43.2362"
226,226-GRAJAU X CARIOCA - CIRCULAR,Fetranspor,212,17764229,"-22.9278","-43.2362"
226,226-GRAJAU X CARIOCA - CIRCULAR,Fetranspor,213,17764229,"-22.9279","-43.2363"
226,226-GRAJAU X CARIOCA - CIRCULAR,Fetranspor,214,17764229,"-22.9282","-43.2365"
226,226-GRAJAU X CARIOCA - CIRCULAR,Fetranspor,215,17764229,"-22.9287","-43.2368"
226,226-GRAJAU X CARIOCA - CIRCULAR,Fetranspor,216,17764229,"-22.9287","-43.2368"
226,226-GRAJAU X CARIOCA - CIRCULAR,Fetranspor,217,17764229,"-22.9289","-43.2369"
226,226-GRAJAU X CARIOCA - CIRCULAR,Fetranspor,218,17764229,"-22.9296","-43.2373"
226,226-GRAJAU X CARIOCA - CIRCULAR,Fetranspor,219,17764229,"-22.9298","-43.2374"
226,226-GRAJAU X CARIOCA - CIRCULAR,Fetranspor,220,17764229,"-22.9298","-43.2374"
226,226-GRAJAU X CARIOCA - CIRCULAR,Fetranspor,221,17764229,"-22.9296","-43.2381"
226,226-GRAJAU X CARIOCA - CIRCULAR,Fetranspor,222,17764229,"-22.9296","-43.2381"
226,226-GRAJAU X CARIOCA - CIRCULAR,Fetranspor,223,17764229,"-22.9295","-43.2383"
226,226-GRAJAU X CARIOCA - CIRCULAR,Fetranspor,224,17764229,"-22.9295","-43.2383"
226,226-GRAJAU X CARIOCA - CIRCULAR,Fetranspor,225,17764229,"-22.9294","-43.2386"
226,226-GRAJAU X CARIOCA - CIRCULAR,Fetranspor,226,17764229,"-22.9294","-43.2386"
226,226-GRAJAU X CARIOCA - CIRCULAR,Fetranspor,227,17764229,"-22.9293","-43.2389"
226,226-GRAJAU X CARIOCA - CIRCULAR,Fetranspor,228,17764229,"-22.9293","-43.2389"
226,226-GRAJAU X CARIOCA - CIRCULAR,Fetranspor,229,17764229,"-22.9292","-43.2391"
226,226-GRAJAU X CARIOCA - CIRCULAR,Fetranspor,230,17764229,"-22.929","-43.2393"
226,226-GRAJAU X CARIOCA - CIRCULAR,Fetranspor,231,17764229,"-22.929","-43.2393"
226,226-GRAJAU X CARIOCA - CIRCULAR,Fetranspor,232,17764229,"-22.9289","-43.2394"
226,226-GRAJAU X CARIOCA - CIRCULAR,Fetranspor,233,17764229,"-22.9287","-43.2395"
226,226-GRAJAU X CARIOCA - CIRCULAR,Fetranspor,234,17764229,"-22.9286","-43.2396"
226,226-GRAJAU X CARIOCA - CIRCULAR,Fetranspor,235,17764229,"-22.9286","-43.2396"
226,226-GRAJAU X CARIOCA - CIRCULAR,Fetranspor,236,17764229,"-22.9284","-43.2397"
226,226-GRAJAU X CARIOCA - CIRCULAR,Fetranspor,237,17764229,"-22.9284","-43.2398"
226,226-GRAJAU X CARIOCA - CIRCULAR,Fetranspor,238,17764229,"-22.9284","-43.2398"
226,226-GRAJAU X CARIOCA - CIRCULAR,Fetranspor,239,17764229,"-22.9282","-43.2399"
226,226-GRAJAU X CARIOCA - CIRCULAR,Fetranspor,240,17764229,"-22.9282","-43.2399"
226,226-GRAJAU X CARIOCA - CIRCULAR,Fetranspor,241,17764229,"-22.9279","-43.2399"
226,226-GRAJAU X CARIOCA - CIRCULAR,Fetranspor,242,17764229,"-22.9279","-43.2399"
226,226-GRAJAU X CARIOCA - CIRCULAR,Fetranspor,243,17764229,"-22.9276","-43.24"
226,226-GRAJAU X CARIOCA - CIRCULAR,Fetranspor,244,17764229,"-22.9276","-43.24"
226,226-GRAJAU X CARIOCA - CIRCULAR,Fetranspor,245,17764229,"-22.9271","-43.24"
226,226-GRAJAU X CARIOCA - CIRCULAR,Fetranspor,246,17764229,"-22.9271","-43.24"
226,226-GRAJAU X CARIOCA - CIRCULAR,Fetranspor,247,17764229,"-22.9265","-43.2401"
226,226-GRAJAU X CARIOCA - CIRCULAR,Fetranspor,248,17764229,"-22.9265","-43.2401"
226,226-GRAJAU X CARIOCA - CIRCULAR,Fetranspor,249,17764229,"-22.9262","-43.2402"
226,226-GRAJAU X CARIOCA - CIRCULAR,Fetranspor,250,17764229,"-22.9262","-43.2402"
226,226-GRAJAU X CARIOCA - CIRCULAR,Fetranspor,251,17764229,"-22.9261","-43.2402"
226,226-GRAJAU X CARIOCA - CIRCULAR,Fetranspor,252,17764229,"-22.9261","-43.2402"
226,226-GRAJAU X CARIOCA - CIRCULAR,Fetranspor,253,17764229,"-22.9257","-43.2403"
226,226-GRAJAU X CARIOCA - CIRCULAR,Fetranspor,254,17764229,"-22.9257","-43.2403"
226,226-GRAJAU X CARIOCA - CIRCULAR,Fetranspor,255,17764229,"-22.9255","-43.2403"
226,226-GRAJAU X CARIOCA - CIRCULAR,Fetranspor,256,17764229,"-22.9255","-43.2403"
226,226-GRAJAU X CARIOCA - CIRCULAR,Fetranspor,257,17764229,"-22.9241","-43.2405"
226,226-GRAJAU X CARIOCA - CIRCULAR,Fetranspor,258,17764229,"-22.9241","-43.2405"
226,226-GRAJAU X CARIOCA - CIRCULAR,Fetranspor,259,17764229,"-22.9241","-43.2411"
226,226-GRAJAU X CARIOCA - CIRCULAR,Fetranspor,260,17764229,"-22.9241","-43.2411"
226,226-GRAJAU X CARIOCA - CIRCULAR,Fetranspor,261,17764229,"-22.9241","-43.2418"
226,226-GRAJAU X CARIOCA - CIRCULAR,Fetranspor,262,17764229,"-22.9241","-43.242"
226,226-GRAJAU X CARIOCA - CIRCULAR,Fetranspor,263,17764229,"-22.9241","-43.242"
226,226-GRAJAU X CARIOCA - CIRCULAR,Fetranspor,264,17764229,"-22.9241","-43.2421"
226,226-GRAJAU X CARIOCA - CIRCULAR,Fetranspor,265,17764229,"-22.9241","-43.2422"
226,226-GRAJAU X CARIOCA - CIRCULAR,Fetranspor,266,17764229,"-22.9242","-43.2424"
226,226-GRAJAU X CARIOCA - CIRCULAR,Fetranspor,267,17764229,"-22.9242","-43.2426"
226,226-GRAJAU X CARIOCA - CIRCULAR,Fetranspor,268,17764229,"-22.9244","-43.2429"
226,226-GRAJAU X CARIOCA - CIRCULAR,Fetranspor,269,17764229,"-22.9246","-43.2432"
226,226-GRAJAU X CARIOCA - CIRCULAR,Fetranspor,270,17764229,"-22.9246","-43.2432"
226,226-GRAJAU X CARIOCA - CIRCULAR,Fetranspor,271,17764229,"-22.9248","-43.2436"
226,226-GRAJAU X CARIOCA - CIRCULAR,Fetranspor,272,17764229,"-22.9248","-43.2436"
226,226-GRAJAU X CARIOCA - CIRCULAR,Fetranspor,273,17764229,"-22.9251","-43.2441"
226,226-GRAJAU X CARIOCA - CIRCULAR,Fetranspor,274,17764229,"-22.9251","-43.2441"
226,226-GRAJAU X CARIOCA - CIRCULAR,Fetranspor,275,17764229,"-22.9253","-43.2443"
226,226-GRAJAU X CARIOCA - CIRCULAR,Fetranspor,276,17764229,"-22.9253","-43.2443"
226,226-GRAJAU X CARIOCA - CIRCULAR,Fetranspor,277,17764229,"-22.9259","-43.2454"
226,226-GRAJAU X CARIOCA - CIRCULAR,Fetranspor,278,17764229,"-22.9259","-43.2454"
226,226-GRAJAU X CARIOCA - CIRCULAR,Fetranspor,279,17764229,"-22.9253","-43.2458"
226,226-GRAJAU X CARIOCA - CIRCULAR,Fetranspor,280,17764229,"-22.9253","-43.2458"
226,226-GRAJAU X CARIOCA - CIRCULAR,Fetranspor,281,17764229,"-22.9241","-43.2466"
226,226-GRAJAU X CARIOCA - CIRCULAR,Fetranspor,282,17764229,"-22.9241","-43.2466"
226,226-GRAJAU X CARIOCA - CIRCULAR,Fetranspor,283,17764229,"-22.9223","-43.2477"
226,226-GRAJAU X CARIOCA - CIRCULAR,Fetranspor,284,17764229,"-22.9223","-43.2477"
226,226-GRAJAU X CARIOCA - CIRCULAR,Fetranspor,285,17764229,"-22.9222","-43.2478"
226,226-GRAJAU X CARIOCA - CIRCULAR,Fetranspor,286,17764229,"-22.9222","-43.2478"
226,226-GRAJAU X CARIOCA - CIRCULAR,Fetranspor,287,17764229,"-22.9223","-43.248"
226,226-GRAJAU X CARIOCA - CIRCULAR,Fetranspor,288,17764229,"-22.9226","-43.2485"
226,226-GRAJAU X CARIOCA - CIRCULAR,Fetranspor,289,17764229,"-22.9233","-43.25"
226,226-GRAJAU X CARIOCA - CIRCULAR,Fetranspor,290,17764229,"-22.9233","-43.25"
226,226-GRAJAU X CARIOCA - CIRCULAR,Fetranspor,291,17764229,"-22.9238","-43.2509"
226,226-GRAJAU X CARIOCA - CIRCULAR,Fetranspor,292,17764229,"-22.9238","-43.2509"
226,226-GRAJAU X CARIOCA - CIRCULAR,Fetranspor,293,17764229,"-22.9241","-43.2515"
226,226-GRAJAU X CARIOCA - CIRCULAR,Fetranspor,294,17764229,"-22.9241","-43.2515"
226,226-GRAJAU X CARIOCA - CIRCULAR,Fetranspor,295,17764229,"-22.9242","-43.2517"
226,226-GRAJAU X CARIOCA - CIRCULAR,Fetranspor,296,17764229,"-22.9242","-43.2517"
226,226-GRAJAU X CARIOCA - CIRCULAR,Fetranspor,297,17764229,"-22.9243","-43.2518"
226,226-GRAJAU X CARIOCA - CIRCULAR,Fetranspor,298,17764229,"-22.9243","-43.252"
226,226-GRAJAU X CARIOCA - CIRCULAR,Fetranspor,299,17764229,"-22.9243","-43.2522"
226,226-GRAJAU X CARIOCA - CIRCULAR,Fetranspor,300,17764229,"-22.9243","-43.2522"
226,226-GRAJAU X CARIOCA - CIRCULAR,Fetranspor,301,17764229,"-22.9243","-43.2527"
226,226-GRAJAU X CARIOCA - CIRCULAR,Fetranspor,302,17764229,"-22.9244","-43.2528"
226,226-GRAJAU X CARIOCA - CIRCULAR,Fetranspor,303,17764229,"-22.9244","-43.2528"
226,226-GRAJAU X CARIOCA - CIRCULAR,Fetranspor,304,17764229,"-22.9244","-43.2529"
226,226-GRAJAU X CARIOCA - CIRCULAR,Fetranspor,305,17764229,"-22.9244","-43.2531"
226,226-GRAJAU X CARIOCA - CIRCULAR,Fetranspor,306,17764229,"-22.9244","-43.2531"
226,226-GRAJAU X CARIOCA - CIRCULAR,Fetranspor,307,17764229,"-22.9244","-43.2532"
226,226-GRAJAU X CARIOCA - CIRCULAR,Fetranspor,308,17764229,"-22.9244","-43.2533"
226,226-GRAJAU X CARIOCA - CIRCULAR,Fetranspor,309,17764229,"-22.9242","-43.2542"
226,226-GRAJAU X CARIOCA - CIRCULAR,Fetranspor,310,17764229,"-22.9242","-43.2545"
226,226-GRAJAU X CARIOCA - CIRCULAR,Fetranspor,311,17764229,"-22.9241","-43.2548"
226,226-GRAJAU X CARIOCA - CIRCULAR,Fetranspor,312,17764229,"-22.9241","-43.2548"
226,226-GRAJAU X CARIOCA - CIRCULAR,Fetranspor,313,17764229,"-22.9239","-43.2552"
226,226-GRAJAU X CARIOCA - CIRCULAR,Fetranspor,314,17764229,"-22.9237","-43.2559"
226,226-GRAJAU X CARIOCA - CIRCULAR,Fetranspor,315,17764229,"-22.9237","-43.2559"
226,226-GRAJAU X CARIOCA - CIRCULAR,Fetranspor,316,17764229,"-22.9236","-43.2563"
226,226-GRAJAU X CARIOCA - CIRCULAR,Fetranspor,317,17764229,"-22.9236","-43.2563"
226,226-GRAJAU X CARIOCA - CIRCULAR,Fetranspor,318,17764229,"-22.9235","-43.2565"
226,226-GRAJAU X CARIOCA - CIRCULAR,Fetranspor,319,17764229,"-22.9235","-43.2567"
226,226-GRAJAU X CARIOCA - CIRCULAR,Fetranspor,320,17764229,"-22.9234","-43.2569"
226,226-GRAJAU X CARIOCA - CIRCULAR,Fetranspor,321,17764229,"-22.9234","-43.257"
226,226-GRAJAU X CARIOCA - CIRCULAR,Fetranspor,322,17764229,"-22.9234","-43.257"
226,226-GRAJAU X CARIOCA - CIRCULAR,Fetranspor,323,17764229,"-22.9234","-43.2572"
226,226-GRAJAU X CARIOCA - CIRCULAR,Fetranspor,324,17764229,"-22.9234","-43.2573"
226,226-GRAJAU X CARIOCA - CIRCULAR,Fetranspor,325,17764229,"-22.9235","-43.2574"
226,226-GRAJAU X CARIOCA - CIRCULAR,Fetranspor,326,17764229,"-22.9236","-43.2579"
226,226-GRAJAU X CARIOCA - CIRCULAR,Fetranspor,327,17764229,"-22.9236","-43.258"
226,226-GRAJAU X CARIOCA - CIRCULAR,Fetranspor,328,17764229,"-22.9236","-43.258"
226,226-GRAJAU X CARIOCA - CIRCULAR,Fetranspor,329,17764229,"-22.9236","-43.2581"
226,226-GRAJAU X CARIOCA - CIRCULAR,Fetranspor,330,17764229,"-22.9236","-43.2582"
226,226-GRAJAU X CARIOCA - CIRCULAR,Fetranspor,331,17764229,"-22.9236","-43.2582"
226,226-GRAJAU X CARIOCA - CIRCULAR,Fetranspor,332,17764229,"-22.9236","-43.2583"
226,226-GRAJAU X CARIOCA - CIRCULAR,Fetranspor,333,17764229,"-22.9235","-43.2584"
226,226-GRAJAU X CARIOCA - CIRCULAR,Fetranspor,334,17764229,"-22.9235","-43.2585"
226,226-GRAJAU X CARIOCA - CIRCULAR,Fetranspor,335,17764229,"-22.9234","-43.2585"
226,226-GRAJAU X CARIOCA - CIRCULAR,Fetranspor,336,17764229,"-22.9234","-43.2585"
226,226-GRAJAU X CARIOCA - CIRCULAR,Fetranspor,337,17764229,"-22.9223","-43.2586"
226,226-GRAJAU X CARIOCA - CIRCULAR,Fetranspor,338,17764229,"-22.9223","-43.2586"
226,226-GRAJAU X CARIOCA - CIRCULAR,Fetranspor,339,17764229,"-22.9219","-43.2586"
226,226-GRAJAU X CARIOCA - CIRCULAR,Fetranspor,340,17764229,"-22.9218","-43.2586"
226,226-GRAJAU X CARIOCA - CIRCULAR,Fetranspor,341,17764229,"-22.9218","-43.2586"
226,226-GRAJAU X CARIOCA - CIRCULAR,Fetranspor,342,17764229,"-22.9212","-43.2588"
226,226-GRAJAU X CARIOCA - CIRCULAR,Fetranspor,343,17764229,"-22.9212","-43.2588"
226,226-GRAJAU X CARIOCA - CIRCULAR,Fetranspor,344,17764229,"-22.921","-43.2588"
226,226-GRAJAU X CARIOCA - CIRCULAR,Fetranspor,345,17764229,"-22.9209","-43.2588"
226,226-GRAJAU X CARIOCA - CIRCULAR,Fetranspor,346,17764229,"-22.9208","-43.2589"
226,226-GRAJAU X CARIOCA - CIRCULAR,Fetranspor,347,17764229,"-22.9207","-43.2589"
226,226-GRAJAU X CARIOCA - CIRCULAR,Fetranspor,348,17764229,"-22.9207","-43.2591"
226,226-GRAJAU X CARIOCA - CIRCULAR,Fetranspor,349,17764229,"-22.9205","-43.2594"
226,226-GRAJAU X CARIOCA - CIRCULAR,Fetranspor,350,17764229,"-22.9205","-43.2594"
226,226-GRAJAU X CARIOCA - CIRCULAR,Fetranspor,351,17764229,"-22.9204","-43.2595"
226,226-GRAJAU X CARIOCA - CIRCULAR,Fetranspor,352,17764229,"-22.9204","-43.2595"
226,226-GRAJAU X CARIOCA - CIRCULAR,Fetranspor,353,17764229,"-22.9205","-43.2597"
226,226-GRAJAU X CARIOCA - CIRCULAR,Fetranspor,354,17764229,"-22.9205","-43.2598"
226,226-GRAJAU X CARIOCA - CIRCULAR,Fetranspor,355,17764229,"-22.921","-43.2609"
226,226-GRAJAU X CARIOCA - CIRCULAR,Fetranspor,356,17764229,"-22.921","-43.2609"
226,226-GRAJAU X CARIOCA - CIRCULAR,Fetranspor,357,17764229,"-22.9217","-43.2626"
226,226-GRAJAU X CARIOCA - CIRCULAR,Fetranspor,358,17764229,"-22.9217","-43.2626"
226,226-GRAJAU X CARIOCA - CIRCULAR,Fetranspor,359,17764229,"-22.9219","-43.2631"
226,226-GRAJAU X CARIOCA - CIRCULAR,Fetranspor,360,17764229,"-22.9222","-43.264"
226,226-GRAJAU X CARIOCA - CIRCULAR,Fetranspor,361,17764229,"-22.9223","-43.2642"
226,226-GRAJAU X CARIOCA - CIRCULAR,Fetranspor,362,17764229,"-22.9223","-43.2642"
226,226-GRAJAU X CARIOCA - CIRCULAR,Fetranspor,363,17764229,"-22.9222","-43.2642"
226,226-GRAJAU X CARIOCA - CIRCULAR,Fetranspor,364,17764229,"-22.9222","-43.2642"
226,226-GRAJAU X CARIOCA - CIRCULAR,Fetranspor,365,17764229,"-22.9222","-43.2643"
226,226-GRAJAU X CARIOCA - CIRCULAR,Fetranspor,366,17764229,"-22.9221","-43.2643"
226,226-GRAJAU X CARIOCA - CIRCULAR,Fetranspor,367,17764229,"-22.9221","-43.2644"
226,226-GRAJAU X CARIOCA - CIRCULAR,Fetranspor,368,17764229,"-22.9221","-43.2645"
226,226-GRAJAU X CARIOCA - CIRCULAR,Fetranspor,369,17764229,"-22.9221","-43.2646"
226,226-GRAJAU X CARIOCA - CIRCULAR,Fetranspor,370,17764229,"-22.9221","-43.2646"
226,226-GRAJAU X CARIOCA - CIRCULAR,Fetranspor,371,17764229,"-22.9222","-43.2647"
226,226-GRAJAU X CARIOCA - CIRCULAR,Fetranspor,372,17764229,"-22.9222","-43.2647"
226,226-GRAJAU X CARIOCA - CIRCULAR,Fetranspor,373,17764229,"-22.9223","-43.2648"
226,226-GRAJAU X CARIOCA - CIRCULAR,Fetranspor,374,17764229,"-22.9223","-43.2649"
226,226-GRAJAU X CARIOCA - CIRCULAR,Fetranspor,375,17764229,"-22.9224","-43.2649"
226,226-GRAJAU X CARIOCA - CIRCULAR,Fetranspor,376,17764229,"-22.9225","-43.2649"
226,226-GRAJAU X CARIOCA - CIRCULAR,Fetranspor,377,17764229,"-22.9225","-43.2649"
226,226-GRAJAU X CARIOCA - CIRCULAR,Fetranspor,378,17764229,"-22.9226","-43.2649"
226,226-GRAJAU X CARIOCA - CIRCULAR,Fetranspor,379,17764229,"-22.9226","-43.2649"
226,226-GRAJAU X CARIOCA - CIRCULAR,Fetranspor,380,17764229,"-22.9227","-43.2649"
226,226-GRAJAU X CARIOCA - CIRCULAR,Fetranspor,381,17764229,"-22.9227","-43.2649"
226,226-GRAJAU X CARIOCA - CIRCULAR,Fetranspor,382,17764229,"-22.9227","-43.2649"
226,226-GRAJAU X CARIOCA - CIRCULAR,Fetranspor,383,17764229,"-22.9228","-43.2648"
226,226-GRAJAU X CARIOCA - CIRCULAR,Fetranspor,384,17764229,"-22.9228","-43.2648"
226,226-GRAJAU X CARIOCA - CIRCULAR,Fetranspor,385,17764229,"-22.9228","-43.2647"
226,226-GRAJAU X CARIOCA - CIRCULAR,Fetranspor,386,17764229,"-22.9229","-43.2646"
226,226-GRAJAU X CARIOCA - CIRCULAR,Fetranspor,387,17764229,"-22.9229","-43.2645"
226,226-GRAJAU X CARIOCA - CIRCULAR,Fetranspor,388,17764229,"-22.9229","-43.2644"
