linha,descricao,agencia,sequencia,shape_id,latitude,longitude
321,321-BANCARIOS X CASTELO (VIA LINHA VERMELHA) CIRCULAR,Fetranspor,0,17389947,"-22.7873","-43.1749"
321,321-BANCARIOS X CASTELO (VIA LINHA VERMELHA) CIRCULAR,Fetranspor,1,17389947,"-22.7874","-43.1751"
321,321-BANCARIOS X CASTELO (VIA LINHA VERMELHA) CIRCULAR,Fetranspor,2,17389947,"-22.7875","-43.1754"
321,321-BANCARIOS X CASTELO (VIA LINHA VERMELHA) CIRCULAR,Fetranspor,3,17389947,"-22.7881","-43.1765"
321,321-BANCARIOS X CASTELO (VIA LINHA VERMELHA) CIRCULAR,Fetranspor,4,17389947,"-22.7885","-43.1773"
321,321-BANCARIOS X CASTELO (VIA LINHA VERMELHA) CIRCULAR,Fetranspor,5,17389947,"-22.7885","-43.1773"
321,321-BANCARIOS X CASTELO (VIA LINHA VERMELHA) CIRCULAR,Fetranspor,6,17389947,"-22.7886","-43.1775"
321,321-BANCARIOS X CASTELO (VIA LINHA VERMELHA) CIRCULAR,Fetranspor,7,17389947,"-22.7888","-43.1778"
321,321-BANCARIOS X CASTELO (VIA LINHA VERMELHA) CIRCULAR,Fetranspor,8,17389947,"-22.7889","-43.178"
321,321-BANCARIOS X CASTELO (VIA LINHA VERMELHA) CIRCULAR,Fetranspor,9,17389947,"-22.7892","-43.1784"
321,321-BANCARIOS X CASTELO (VIA LINHA VERMELHA) CIRCULAR,Fetranspor,10,17389947,"-22.7894","-43.1787"
321,321-BANCARIOS X CASTELO (VIA LINHA VERMELHA) CIRCULAR,Fetranspor,11,17389947,"-22.7895","-43.1788"
321,321-BANCARIOS X CASTELO (VIA LINHA VERMELHA) CIRCULAR,Fetranspor,12,17389947,"-22.7895","-43.1788"
321,321-BANCARIOS X CASTELO (VIA LINHA VERMELHA) CIRCULAR,Fetranspor,13,17389947,"-22.7897","-43.1792"
321,321-BANCARIOS X CASTELO (VIA LINHA VERMELHA) CIRCULAR,Fetranspor,14,17389947,"-22.7898","-43.1793"
321,321-BANCARIOS X CASTELO (VIA LINHA VERMELHA) CIRCULAR,Fetranspor,15,17389947,"-22.7898","-43.1793"
321,321-BANCARIOS X CASTELO (VIA LINHA VERMELHA) CIRCULAR,Fetranspor,16,17389947,"-22.7899","-43.1794"
321,321-BANCARIOS X CASTELO (VIA LINHA VERMELHA) CIRCULAR,Fetranspor,17,17389947,"-22.7899","-43.1795"
321,321-BANCARIOS X CASTELO (VIA LINHA VERMELHA) CIRCULAR,Fetranspor,18,17389947,"-22.7899","-43.1797"
321,321-BANCARIOS X CASTELO (VIA LINHA VERMELHA) CIRCULAR,Fetranspor,19,17389947,"-22.79","-43.1805"
321,321-BANCARIOS X CASTELO (VIA LINHA VERMELHA) CIRCULAR,Fetranspor,20,17389947,"-22.79","-43.1806"
321,321-BANCARIOS X CASTELO (VIA LINHA VERMELHA) CIRCULAR,Fetranspor,21,17389947,"-22.7902","-43.1808"
321,321-BANCARIOS X CASTELO (VIA LINHA VERMELHA) CIRCULAR,Fetranspor,22,17389947,"-22.7902","-43.1808"
321,321-BANCARIOS X CASTELO (VIA LINHA VERMELHA) CIRCULAR,Fetranspor,23,17389947,"-22.7903","-43.1808"
321,321-BANCARIOS X CASTELO (VIA LINHA VERMELHA) CIRCULAR,Fetranspor,24,17389947,"-22.7905","-43.1809"
321,321-BANCARIOS X CASTELO (VIA LINHA VERMELHA) CIRCULAR,Fetranspor,25,17389947,"-22.7907","-43.1809"
321,321-BANCARIOS X CASTELO (VIA LINHA VERMELHA) CIRCULAR,Fetranspor,26,17389947,"-22.7909","-43.1809"
321,321-BANCARIOS X CASTELO (VIA LINHA VERMELHA) CIRCULAR,Fetranspor,27,17389947,"-22.7909","-43.1809"
321,321-BANCARIOS X CASTELO (VIA LINHA VERMELHA) CIRCULAR,Fetranspor,28,17389947,"-22.791","-43.1809"
321,321-BANCARIOS X CASTELO (VIA LINHA VERMELHA) CIRCULAR,Fetranspor,29,17389947,"-22.7911","-43.1808"
321,321-BANCARIOS X CASTELO (VIA LINHA VERMELHA) CIRCULAR,Fetranspor,30,17389947,"-22.7911","-43.1808"
321,321-BANCARIOS X CASTELO (VIA LINHA VERMELHA) CIRCULAR,Fetranspor,31,17389947,"-22.7913","-43.1808"
321,321-BANCARIOS X CASTELO (VIA LINHA VERMELHA) CIRCULAR,Fetranspor,32,17389947,"-22.7914","-43.1807"
321,321-BANCARIOS X CASTELO (VIA LINHA VERMELHA) CIRCULAR,Fetranspor,33,17389947,"-22.7919","-43.1805"
321,321-BANCARIOS X CASTELO (VIA LINHA VERMELHA) CIRCULAR,Fetranspor,34,17389947,"-22.7921","-43.1804"
321,321-BANCARIOS X CASTELO (VIA LINHA VERMELHA) CIRCULAR,Fetranspor,35,17389947,"-22.7921","-43.1804"
321,321-BANCARIOS X CASTELO (VIA LINHA VERMELHA) CIRCULAR,Fetranspor,36,17389947,"-22.793","-43.18"
321,321-BANCARIOS X CASTELO (VIA LINHA VERMELHA) CIRCULAR,Fetranspor,37,17389947,"-22.793","-43.18"
321,321-BANCARIOS X CASTELO (VIA LINHA VERMELHA) CIRCULAR,Fetranspor,38,17389947,"-22.7931","-43.18"
321,321-BANCARIOS X CASTELO (VIA LINHA VERMELHA) CIRCULAR,Fetranspor,39,17389947,"-22.7933","-43.18"
321,321-BANCARIOS X CASTELO (VIA LINHA VERMELHA) CIRCULAR,Fetranspor,40,17389947,"-22.7934","-43.18"
321,321-BANCARIOS X CASTELO (VIA LINHA VERMELHA) CIRCULAR,Fetranspor,41,17389947,"-22.7935","-43.1799"
321,321-BANCARIOS X CASTELO (VIA LINHA VERMELHA) CIRCULAR,Fetranspor,42,17389947,"-22.7937","-43.1799"
321,321-BANCARIOS X CASTELO (VIA LINHA VERMELHA) CIRCULAR,Fetranspor,43,17389947,"-22.794","-43.18"
321,321-BANCARIOS X CASTELO (VIA LINHA VERMELHA) CIRCULAR,Fetranspor,44,17389947,"-22.794","-43.18"
321,321-BANCARIOS X CASTELO (VIA LINHA VERMELHA) CIRCULAR,Fetranspor,45,17389947,"-22.7944","-43.18"
321,321-BANCARIOS X CASTELO (VIA LINHA VERMELHA) CIRCULAR,Fetranspor,46,17389947,"-22.7944","-43.18"
321,321-BANCARIOS X CASTELO (VIA LINHA VERMELHA) CIRCULAR,Fetranspor,47,17389947,"-22.7949","-43.1801"
321,321-BANCARIOS X CASTELO (VIA LINHA VERMELHA) CIRCULAR,Fetranspor,48,17389947,"-22.7949","-43.1801"
321,321-BANCARIOS X CASTELO (VIA LINHA VERMELHA) CIRCULAR,Fetranspor,49,17389947,"-22.7949","-43.1802"
321,321-BANCARIOS X CASTELO (VIA LINHA VERMELHA) CIRCULAR,Fetranspor,50,17389947,"-22.795","-43.1802"
321,321-BANCARIOS X CASTELO (VIA LINHA VERMELHA) CIRCULAR,Fetranspor,51,17389947,"-22.7951","-43.1803"
321,321-BANCARIOS X CASTELO (VIA LINHA VERMELHA) CIRCULAR,Fetranspor,52,17389947,"-22.7951","-43.1803"
321,321-BANCARIOS X CASTELO (VIA LINHA VERMELHA) CIRCULAR,Fetranspor,53,17389947,"-22.7952","-43.1804"
321,321-BANCARIOS X CASTELO (VIA LINHA VERMELHA) CIRCULAR,Fetranspor,54,17389947,"-22.7952","-43.1804"
321,321-BANCARIOS X CASTELO (VIA LINHA VERMELHA) CIRCULAR,Fetranspor,55,17389947,"-22.7952","-43.1807"
321,321-BANCARIOS X CASTELO (VIA LINHA VERMELHA) CIRCULAR,Fetranspor,56,17389947,"-22.7952","-43.1807"
321,321-BANCARIOS X CASTELO (VIA LINHA VERMELHA) CIRCULAR,Fetranspor,57,17389947,"-22.7951","-43.1815"
321,321-BANCARIOS X CASTELO (VIA LINHA VERMELHA) CIRCULAR,Fetranspor,58,17389947,"-22.7951","-43.1817"
321,321-BANCARIOS X CASTELO (VIA LINHA VERMELHA) CIRCULAR,Fetranspor,59,17389947,"-22.7951","-43.1817"
321,321-BANCARIOS X CASTELO (VIA LINHA VERMELHA) CIRCULAR,Fetranspor,60,17389947,"-22.7951","-43.1819"
321,321-BANCARIOS X CASTELO (VIA LINHA VERMELHA) CIRCULAR,Fetranspor,61,17389947,"-22.7952","-43.1821"
321,321-BANCARIOS X CASTELO (VIA LINHA VERMELHA) CIRCULAR,Fetranspor,62,17389947,"-22.7953","-43.1825"
321,321-BANCARIOS X CASTELO (VIA LINHA VERMELHA) CIRCULAR,Fetranspor,63,17389947,"-22.7953","-43.1825"
321,321-BANCARIOS X CASTELO (VIA LINHA VERMELHA) CIRCULAR,Fetranspor,64,17389947,"-22.7953","-43.1825"
321,321-BANCARIOS X CASTELO (VIA LINHA VERMELHA) CIRCULAR,Fetranspor,65,17389947,"-22.7954","-43.1827"
321,321-BANCARIOS X CASTELO (VIA LINHA VERMELHA) CIRCULAR,Fetranspor,66,17389947,"-22.7954","-43.1827"
321,321-BANCARIOS X CASTELO (VIA LINHA VERMELHA) CIRCULAR,Fetranspor,67,17389947,"-22.7955","-43.1828"
321,321-BANCARIOS X CASTELO (VIA LINHA VERMELHA) CIRCULAR,Fetranspor,68,17389947,"-22.7957","-43.1831"
321,321-BANCARIOS X CASTELO (VIA LINHA VERMELHA) CIRCULAR,Fetranspor,69,17389947,"-22.7962","-43.1835"
321,321-BANCARIOS X CASTELO (VIA LINHA VERMELHA) CIRCULAR,Fetranspor,70,17389947,"-22.7965","-43.1838"
321,321-BANCARIOS X CASTELO (VIA LINHA VERMELHA) CIRCULAR,Fetranspor,71,17389947,"-22.7966","-43.1839"
321,321-BANCARIOS X CASTELO (VIA LINHA VERMELHA) CIRCULAR,Fetranspor,72,17389947,"-22.7967","-43.184"
321,321-BANCARIOS X CASTELO (VIA LINHA VERMELHA) CIRCULAR,Fetranspor,73,17389947,"-22.7968","-43.184"
321,321-BANCARIOS X CASTELO (VIA LINHA VERMELHA) CIRCULAR,Fetranspor,74,17389947,"-22.7968","-43.1841"
321,321-BANCARIOS X CASTELO (VIA LINHA VERMELHA) CIRCULAR,Fetranspor,75,17389947,"-22.797","-43.1841"
321,321-BANCARIOS X CASTELO (VIA LINHA VERMELHA) CIRCULAR,Fetranspor,76,17389947,"-22.797","-43.1841"
321,321-BANCARIOS X CASTELO (VIA LINHA VERMELHA) CIRCULAR,Fetranspor,77,17389947,"-22.7971","-43.1841"
321,321-BANCARIOS X CASTELO (VIA LINHA VERMELHA) CIRCULAR,Fetranspor,78,17389947,"-22.7971","-43.1841"
321,321-BANCARIOS X CASTELO (VIA LINHA VERMELHA) CIRCULAR,Fetranspor,79,17389947,"-22.7972","-43.1841"
321,321-BANCARIOS X CASTELO (VIA LINHA VERMELHA) CIRCULAR,Fetranspor,80,17389947,"-22.7972","-43.1841"
321,321-BANCARIOS X CASTELO (VIA LINHA VERMELHA) CIRCULAR,Fetranspor,81,17389947,"-22.7972","-43.1841"
321,321-BANCARIOS X CASTELO (VIA LINHA VERMELHA) CIRCULAR,Fetranspor,82,17389947,"-22.7973","-43.1842"
321,321-BANCARIOS X CASTELO (VIA LINHA VERMELHA) CIRCULAR,Fetranspor,83,17389947,"-22.7973","-43.1842"
321,321-BANCARIOS X CASTELO (VIA LINHA VERMELHA) CIRCULAR,Fetranspor,84,17389947,"-22.7985","-43.1856"
321,321-BANCARIOS X CASTELO (VIA LINHA VERMELHA) CIRCULAR,Fetranspor,85,17389947,"-22.7991","-43.1863"
321,321-BANCARIOS X CASTELO (VIA LINHA VERMELHA) CIRCULAR,Fetranspor,86,17389947,"-22.7992","-43.1864"
321,321-BANCARIOS X CASTELO (VIA LINHA VERMELHA) CIRCULAR,Fetranspor,87,17389947,"-22.7992","-43.1864"
321,321-BANCARIOS X CASTELO (VIA LINHA VERMELHA) CIRCULAR,Fetranspor,88,17389947,"-22.7993","-43.1864"
321,321-BANCARIOS X CASTELO (VIA LINHA VERMELHA) CIRCULAR,Fetranspor,89,17389947,"-22.7993","-43.1865"
321,321-BANCARIOS X CASTELO (VIA LINHA VERMELHA) CIRCULAR,Fetranspor,90,17389947,"-22.7993","-43.1866"
321,321-BANCARIOS X CASTELO (VIA LINHA VERMELHA) CIRCULAR,Fetranspor,91,17389947,"-22.7994","-43.1867"
321,321-BANCARIOS X CASTELO (VIA LINHA VERMELHA) CIRCULAR,Fetranspor,92,17389947,"-22.7994","-43.1867"
321,321-BANCARIOS X CASTELO (VIA LINHA VERMELHA) CIRCULAR,Fetranspor,93,17389947,"-22.7993","-43.1868"
321,321-BANCARIOS X CASTELO (VIA LINHA VERMELHA) CIRCULAR,Fetranspor,94,17389947,"-22.7987","-43.1875"
321,321-BANCARIOS X CASTELO (VIA LINHA VERMELHA) CIRCULAR,Fetranspor,95,17389947,"-22.7987","-43.1875"
321,321-BANCARIOS X CASTELO (VIA LINHA VERMELHA) CIRCULAR,Fetranspor,96,17389947,"-22.7986","-43.1877"
321,321-BANCARIOS X CASTELO (VIA LINHA VERMELHA) CIRCULAR,Fetranspor,97,17389947,"-22.7985","-43.1878"
321,321-BANCARIOS X CASTELO (VIA LINHA VERMELHA) CIRCULAR,Fetranspor,98,17389947,"-22.7984","-43.188"
321,321-BANCARIOS X CASTELO (VIA LINHA VERMELHA) CIRCULAR,Fetranspor,99,17389947,"-22.7983","-43.1885"
321,321-BANCARIOS X CASTELO (VIA LINHA VERMELHA) CIRCULAR,Fetranspor,100,17389947,"-22.7983","-43.1885"
321,321-BANCARIOS X CASTELO (VIA LINHA VERMELHA) CIRCULAR,Fetranspor,101,17389947,"-22.7983","-43.1887"
321,321-BANCARIOS X CASTELO (VIA LINHA VERMELHA) CIRCULAR,Fetranspor,102,17389947,"-22.7983","-43.1887"
321,321-BANCARIOS X CASTELO (VIA LINHA VERMELHA) CIRCULAR,Fetranspor,103,17389947,"-22.7983","-43.189"
321,321-BANCARIOS X CASTELO (VIA LINHA VERMELHA) CIRCULAR,Fetranspor,104,17389947,"-22.798","-43.1905"
321,321-BANCARIOS X CASTELO (VIA LINHA VERMELHA) CIRCULAR,Fetranspor,105,17389947,"-22.798","-43.1907"
321,321-BANCARIOS X CASTELO (VIA LINHA VERMELHA) CIRCULAR,Fetranspor,106,17389947,"-22.798","-43.1907"
321,321-BANCARIOS X CASTELO (VIA LINHA VERMELHA) CIRCULAR,Fetranspor,107,17389947,"-22.7979","-43.1909"
321,321-BANCARIOS X CASTELO (VIA LINHA VERMELHA) CIRCULAR,Fetranspor,108,17389947,"-22.7978","-43.1914"
321,321-BANCARIOS X CASTELO (VIA LINHA VERMELHA) CIRCULAR,Fetranspor,109,17389947,"-22.7978","-43.1919"
321,321-BANCARIOS X CASTELO (VIA LINHA VERMELHA) CIRCULAR,Fetranspor,110,17389947,"-22.7977","-43.1925"
321,321-BANCARIOS X CASTELO (VIA LINHA VERMELHA) CIRCULAR,Fetranspor,111,17389947,"-22.7976","-43.1926"
321,321-BANCARIOS X CASTELO (VIA LINHA VERMELHA) CIRCULAR,Fetranspor,112,17389947,"-22.7976","-43.1926"
321,321-BANCARIOS X CASTELO (VIA LINHA VERMELHA) CIRCULAR,Fetranspor,113,17389947,"-22.7976","-43.193"
321,321-BANCARIOS X CASTELO (VIA LINHA VERMELHA) CIRCULAR,Fetranspor,114,17389947,"-22.7976","-43.193"
321,321-BANCARIOS X CASTELO (VIA LINHA VERMELHA) CIRCULAR,Fetranspor,115,17389947,"-22.7975","-43.1931"
321,321-BANCARIOS X CASTELO (VIA LINHA VERMELHA) CIRCULAR,Fetranspor,116,17389947,"-22.7973","-43.1933"
321,321-BANCARIOS X CASTELO (VIA LINHA VERMELHA) CIRCULAR,Fetranspor,117,17389947,"-22.7973","-43.1933"
321,321-BANCARIOS X CASTELO (VIA LINHA VERMELHA) CIRCULAR,Fetranspor,118,17389947,"-22.7973","-43.1934"
321,321-BANCARIOS X CASTELO (VIA LINHA VERMELHA) CIRCULAR,Fetranspor,119,17389947,"-22.7969","-43.1942"
321,321-BANCARIOS X CASTELO (VIA LINHA VERMELHA) CIRCULAR,Fetranspor,120,17389947,"-22.7969","-43.1942"
321,321-BANCARIOS X CASTELO (VIA LINHA VERMELHA) CIRCULAR,Fetranspor,121,17389947,"-22.797","-43.1944"
321,321-BANCARIOS X CASTELO (VIA LINHA VERMELHA) CIRCULAR,Fetranspor,122,17389947,"-22.797","-43.1944"
321,321-BANCARIOS X CASTELO (VIA LINHA VERMELHA) CIRCULAR,Fetranspor,123,17389947,"-22.7973","-43.1946"
321,321-BANCARIOS X CASTELO (VIA LINHA VERMELHA) CIRCULAR,Fetranspor,124,17389947,"-22.7974","-43.1947"
321,321-BANCARIOS X CASTELO (VIA LINHA VERMELHA) CIRCULAR,Fetranspor,125,17389947,"-22.7976","-43.1949"
321,321-BANCARIOS X CASTELO (VIA LINHA VERMELHA) CIRCULAR,Fetranspor,126,17389947,"-22.7977","-43.195"
321,321-BANCARIOS X CASTELO (VIA LINHA VERMELHA) CIRCULAR,Fetranspor,127,17389947,"-22.7979","-43.1952"
321,321-BANCARIOS X CASTELO (VIA LINHA VERMELHA) CIRCULAR,Fetranspor,128,17389947,"-22.7983","-43.1958"
321,321-BANCARIOS X CASTELO (VIA LINHA VERMELHA) CIRCULAR,Fetranspor,129,17389947,"-22.7983","-43.1958"
321,321-BANCARIOS X CASTELO (VIA LINHA VERMELHA) CIRCULAR,Fetranspor,130,17389947,"-22.7986","-43.1962"
321,321-BANCARIOS X CASTELO (VIA LINHA VERMELHA) CIRCULAR,Fetranspor,131,17389947,"-22.7986","-43.1962"
321,321-BANCARIOS X CASTELO (VIA LINHA VERMELHA) CIRCULAR,Fetranspor,132,17389947,"-22.7994","-43.1972"
321,321-BANCARIOS X CASTELO (VIA LINHA VERMELHA) CIRCULAR,Fetranspor,133,17389947,"-22.7995","-43.1973"
321,321-BANCARIOS X CASTELO (VIA LINHA VERMELHA) CIRCULAR,Fetranspor,134,17389947,"-22.7995","-43.1973"
321,321-BANCARIOS X CASTELO (VIA LINHA VERMELHA) CIRCULAR,Fetranspor,135,17389947,"-22.7995","-43.1974"
321,321-BANCARIOS X CASTELO (VIA LINHA VERMELHA) CIRCULAR,Fetranspor,136,17389947,"-22.7996","-43.1976"
321,321-BANCARIOS X CASTELO (VIA LINHA VERMELHA) CIRCULAR,Fetranspor,137,17389947,"-22.7997","-43.1977"
321,321-BANCARIOS X CASTELO (VIA LINHA VERMELHA) CIRCULAR,Fetranspor,138,17389947,"-22.7997","-43.1977"
321,321-BANCARIOS X CASTELO (VIA LINHA VERMELHA) CIRCULAR,Fetranspor,139,17389947,"-22.7998","-43.1979"
321,321-BANCARIOS X CASTELO (VIA LINHA VERMELHA) CIRCULAR,Fetranspor,140,17389947,"-22.7998","-43.1981"
321,321-BANCARIOS X CASTELO (VIA LINHA VERMELHA) CIRCULAR,Fetranspor,141,17389947,"-22.7998","-43.1982"
321,321-BANCARIOS X CASTELO (VIA LINHA VERMELHA) CIRCULAR,Fetranspor,142,17389947,"-22.7999","-43.1984"
321,321-BANCARIOS X CASTELO (VIA LINHA VERMELHA) CIRCULAR,Fetranspor,143,17389947,"-22.7999","-43.1986"
321,321-BANCARIOS X CASTELO (VIA LINHA VERMELHA) CIRCULAR,Fetranspor,144,17389947,"-22.7998","-43.199"
321,321-BANCARIOS X CASTELO (VIA LINHA VERMELHA) CIRCULAR,Fetranspor,145,17389947,"-22.7998","-43.1991"
321,321-BANCARIOS X CASTELO (VIA LINHA VERMELHA) CIRCULAR,Fetranspor,146,17389947,"-22.7998","-43.1991"
321,321-BANCARIOS X CASTELO (VIA LINHA VERMELHA) CIRCULAR,Fetranspor,147,17389947,"-22.7998","-43.1991"
321,321-BANCARIOS X CASTELO (VIA LINHA VERMELHA) CIRCULAR,Fetranspor,148,17389947,"-22.7998","-43.1992"
321,321-BANCARIOS X CASTELO (VIA LINHA VERMELHA) CIRCULAR,Fetranspor,149,17389947,"-22.7998","-43.1996"
321,321-BANCARIOS X CASTELO (VIA LINHA VERMELHA) CIRCULAR,Fetranspor,150,17389947,"-22.7998","-43.1998"
321,321-BANCARIOS X CASTELO (VIA LINHA VERMELHA) CIRCULAR,Fetranspor,151,17389947,"-22.7998","-43.2001"
321,321-BANCARIOS X CASTELO (VIA LINHA VERMELHA) CIRCULAR,Fetranspor,152,17389947,"-22.7999","-43.2002"
321,321-BANCARIOS X CASTELO (VIA LINHA VERMELHA) CIRCULAR,Fetranspor,153,17389947,"-22.7999","-43.2004"
321,321-BANCARIOS X CASTELO (VIA LINHA VERMELHA) CIRCULAR,Fetranspor,154,17389947,"-22.7999","-43.2004"
321,321-BANCARIOS X CASTELO (VIA LINHA VERMELHA) CIRCULAR,Fetranspor,155,17389947,"-22.8","-43.2006"
321,321-BANCARIOS X CASTELO (VIA LINHA VERMELHA) CIRCULAR,Fetranspor,156,17389947,"-22.8001","-43.2008"
321,321-BANCARIOS X CASTELO (VIA LINHA VERMELHA) CIRCULAR,Fetranspor,157,17389947,"-22.8002","-43.2009"
321,321-BANCARIOS X CASTELO (VIA LINHA VERMELHA) CIRCULAR,Fetranspor,158,17389947,"-22.8003","-43.2011"
321,321-BANCARIOS X CASTELO (VIA LINHA VERMELHA) CIRCULAR,Fetranspor,159,17389947,"-22.8005","-43.2013"
321,321-BANCARIOS X CASTELO (VIA LINHA VERMELHA) CIRCULAR,Fetranspor,160,17389947,"-22.8008","-43.2016"
321,321-BANCARIOS X CASTELO (VIA LINHA VERMELHA) CIRCULAR,Fetranspor,161,17389947,"-22.8011","-43.2018"
321,321-BANCARIOS X CASTELO (VIA LINHA VERMELHA) CIRCULAR,Fetranspor,162,17389947,"-22.8011","-43.2018"
321,321-BANCARIOS X CASTELO (VIA LINHA VERMELHA) CIRCULAR,Fetranspor,163,17389947,"-22.8012","-43.2019"
321,321-BANCARIOS X CASTELO (VIA LINHA VERMELHA) CIRCULAR,Fetranspor,164,17389947,"-22.8012","-43.2019"
321,321-BANCARIOS X CASTELO (VIA LINHA VERMELHA) CIRCULAR,Fetranspor,165,17389947,"-22.8014","-43.2021"
321,321-BANCARIOS X CASTELO (VIA LINHA VERMELHA) CIRCULAR,Fetranspor,166,17389947,"-22.8014","-43.2021"
321,321-BANCARIOS X CASTELO (VIA LINHA VERMELHA) CIRCULAR,Fetranspor,167,17389947,"-22.8027","-43.2033"
321,321-BANCARIOS X CASTELO (VIA LINHA VERMELHA) CIRCULAR,Fetranspor,168,17389947,"-22.8027","-43.2033"
321,321-BANCARIOS X CASTELO (VIA LINHA VERMELHA) CIRCULAR,Fetranspor,169,17389947,"-22.8033","-43.2038"
321,321-BANCARIOS X CASTELO (VIA LINHA VERMELHA) CIRCULAR,Fetranspor,170,17389947,"-22.8034","-43.2039"
321,321-BANCARIOS X CASTELO (VIA LINHA VERMELHA) CIRCULAR,Fetranspor,171,17389947,"-22.8037","-43.2042"
321,321-BANCARIOS X CASTELO (VIA LINHA VERMELHA) CIRCULAR,Fetranspor,172,17389947,"-22.804","-43.2045"
321,321-BANCARIOS X CASTELO (VIA LINHA VERMELHA) CIRCULAR,Fetranspor,173,17389947,"-22.804","-43.2045"
321,321-BANCARIOS X CASTELO (VIA LINHA VERMELHA) CIRCULAR,Fetranspor,174,17389947,"-22.804","-43.2046"
321,321-BANCARIOS X CASTELO (VIA LINHA VERMELHA) CIRCULAR,Fetranspor,175,17389947,"-22.8041","-43.2048"
321,321-BANCARIOS X CASTELO (VIA LINHA VERMELHA) CIRCULAR,Fetranspor,176,17389947,"-22.8041","-43.2048"
321,321-BANCARIOS X CASTELO (VIA LINHA VERMELHA) CIRCULAR,Fetranspor,177,17389947,"-22.8042","-43.205"
321,321-BANCARIOS X CASTELO (VIA LINHA VERMELHA) CIRCULAR,Fetranspor,178,17389947,"-22.8042","-43.205"
321,321-BANCARIOS X CASTELO (VIA LINHA VERMELHA) CIRCULAR,Fetranspor,179,17389947,"-22.8043","-43.2057"
321,321-BANCARIOS X CASTELO (VIA LINHA VERMELHA) CIRCULAR,Fetranspor,180,17389947,"-22.8043","-43.2057"
321,321-BANCARIOS X CASTELO (VIA LINHA VERMELHA) CIRCULAR,Fetranspor,181,17389947,"-22.8044","-43.2062"
321,321-BANCARIOS X CASTELO (VIA LINHA VERMELHA) CIRCULAR,Fetranspor,182,17389947,"-22.8044","-43.2062"
321,321-BANCARIOS X CASTELO (VIA LINHA VERMELHA) CIRCULAR,Fetranspor,183,17389947,"-22.8048","-43.2079"
321,321-BANCARIOS X CASTELO (VIA LINHA VERMELHA) CIRCULAR,Fetranspor,184,17389947,"-22.8048","-43.2079"
321,321-BANCARIOS X CASTELO (VIA LINHA VERMELHA) CIRCULAR,Fetranspor,185,17389947,"-22.805","-43.209"
321,321-BANCARIOS X CASTELO (VIA LINHA VERMELHA) CIRCULAR,Fetranspor,186,17389947,"-22.8051","-43.2093"
321,321-BANCARIOS X CASTELO (VIA LINHA VERMELHA) CIRCULAR,Fetranspor,187,17389947,"-22.8051","-43.2093"
321,321-BANCARIOS X CASTELO (VIA LINHA VERMELHA) CIRCULAR,Fetranspor,188,17389947,"-22.8051","-43.2095"
321,321-BANCARIOS X CASTELO (VIA LINHA VERMELHA) CIRCULAR,Fetranspor,189,17389947,"-22.8051","-43.2096"
321,321-BANCARIOS X CASTELO (VIA LINHA VERMELHA) CIRCULAR,Fetranspor,190,17389947,"-22.8051","-43.2097"
321,321-BANCARIOS X CASTELO (VIA LINHA VERMELHA) CIRCULAR,Fetranspor,191,17389947,"-22.8051","-43.2101"
321,321-BANCARIOS X CASTELO (VIA LINHA VERMELHA) CIRCULAR,Fetranspor,192,17389947,"-22.8052","-43.2103"
321,321-BANCARIOS X CASTELO (VIA LINHA VERMELHA) CIRCULAR,Fetranspor,193,17389947,"-22.8052","-43.2103"
321,321-BANCARIOS X CASTELO (VIA LINHA VERMELHA) CIRCULAR,Fetranspor,194,17389947,"-22.8053","-43.211"
321,321-BANCARIOS X CASTELO (VIA LINHA VERMELHA) CIRCULAR,Fetranspor,195,17389947,"-22.8053","-43.211"
321,321-BANCARIOS X CASTELO (VIA LINHA VERMELHA) CIRCULAR,Fetranspor,196,17389947,"-22.8054","-43.2112"
321,321-BANCARIOS X CASTELO (VIA LINHA VERMELHA) CIRCULAR,Fetranspor,197,17389947,"-22.8054","-43.2112"
321,321-BANCARIOS X CASTELO (VIA LINHA VERMELHA) CIRCULAR,Fetranspor,198,17389947,"-22.8055","-43.2116"
321,321-BANCARIOS X CASTELO (VIA LINHA VERMELHA) CIRCULAR,Fetranspor,199,17389947,"-22.8055","-43.2116"
321,321-BANCARIOS X CASTELO (VIA LINHA VERMELHA) CIRCULAR,Fetranspor,200,17389947,"-22.8057","-43.2125"
321,321-BANCARIOS X CASTELO (VIA LINHA VERMELHA) CIRCULAR,Fetranspor,201,17389947,"-22.8059","-43.2133"
321,321-BANCARIOS X CASTELO (VIA LINHA VERMELHA) CIRCULAR,Fetranspor,202,17389947,"-22.806","-43.2135"
321,321-BANCARIOS X CASTELO (VIA LINHA VERMELHA) CIRCULAR,Fetranspor,203,17389947,"-22.806","-43.2136"
321,321-BANCARIOS X CASTELO (VIA LINHA VERMELHA) CIRCULAR,Fetranspor,204,17389947,"-22.8061","-43.2138"
321,321-BANCARIOS X CASTELO (VIA LINHA VERMELHA) CIRCULAR,Fetranspor,205,17389947,"-22.8063","-43.214"
321,321-BANCARIOS X CASTELO (VIA LINHA VERMELHA) CIRCULAR,Fetranspor,206,17389947,"-22.8064","-43.2141"
321,321-BANCARIOS X CASTELO (VIA LINHA VERMELHA) CIRCULAR,Fetranspor,207,17389947,"-22.8066","-43.2143"
321,321-BANCARIOS X CASTELO (VIA LINHA VERMELHA) CIRCULAR,Fetranspor,208,17389947,"-22.8067","-43.2144"
321,321-BANCARIOS X CASTELO (VIA LINHA VERMELHA) CIRCULAR,Fetranspor,209,17389947,"-22.8069","-43.2145"
321,321-BANCARIOS X CASTELO (VIA LINHA VERMELHA) CIRCULAR,Fetranspor,210,17389947,"-22.8071","-43.2147"
321,321-BANCARIOS X CASTELO (VIA LINHA VERMELHA) CIRCULAR,Fetranspor,211,17389947,"-22.8092","-43.2156"
321,321-BANCARIOS X CASTELO (VIA LINHA VERMELHA) CIRCULAR,Fetranspor,212,17389947,"-22.8099","-43.2158"
321,321-BANCARIOS X CASTELO (VIA LINHA VERMELHA) CIRCULAR,Fetranspor,213,17389947,"-22.81","-43.2159"
321,321-BANCARIOS X CASTELO (VIA LINHA VERMELHA) CIRCULAR,Fetranspor,214,17389947,"-22.8102","-43.216"
321,321-BANCARIOS X CASTELO (VIA LINHA VERMELHA) CIRCULAR,Fetranspor,215,17389947,"-22.8103","-43.2161"
321,321-BANCARIOS X CASTELO (VIA LINHA VERMELHA) CIRCULAR,Fetranspor,216,17389947,"-22.8105","-43.2163"
321,321-BANCARIOS X CASTELO (VIA LINHA VERMELHA) CIRCULAR,Fetranspor,217,17389947,"-22.8107","-43.2164"
321,321-BANCARIOS X CASTELO (VIA LINHA VERMELHA) CIRCULAR,Fetranspor,218,17389947,"-22.8108","-43.2165"
321,321-BANCARIOS X CASTELO (VIA LINHA VERMELHA) CIRCULAR,Fetranspor,219,17389947,"-22.811","-43.2168"
321,321-BANCARIOS X CASTELO (VIA LINHA VERMELHA) CIRCULAR,Fetranspor,220,17389947,"-22.811","-43.2169"
321,321-BANCARIOS X CASTELO (VIA LINHA VERMELHA) CIRCULAR,Fetranspor,221,17389947,"-22.8111","-43.2171"
321,321-BANCARIOS X CASTELO (VIA LINHA VERMELHA) CIRCULAR,Fetranspor,222,17389947,"-22.8113","-43.2174"
321,321-BANCARIOS X CASTELO (VIA LINHA VERMELHA) CIRCULAR,Fetranspor,223,17389947,"-22.8127","-43.2197"
321,321-BANCARIOS X CASTELO (VIA LINHA VERMELHA) CIRCULAR,Fetranspor,224,17389947,"-22.8128","-43.2199"
321,321-BANCARIOS X CASTELO (VIA LINHA VERMELHA) CIRCULAR,Fetranspor,225,17389947,"-22.813","-43.22"
321,321-BANCARIOS X CASTELO (VIA LINHA VERMELHA) CIRCULAR,Fetranspor,226,17389947,"-22.8132","-43.2203"
321,321-BANCARIOS X CASTELO (VIA LINHA VERMELHA) CIRCULAR,Fetranspor,227,17389947,"-22.8134","-43.2205"
321,321-BANCARIOS X CASTELO (VIA LINHA VERMELHA) CIRCULAR,Fetranspor,228,17389947,"-22.8143","-43.2211"
321,321-BANCARIOS X CASTELO (VIA LINHA VERMELHA) CIRCULAR,Fetranspor,229,17389947,"-22.8149","-43.2216"
321,321-BANCARIOS X CASTELO (VIA LINHA VERMELHA) CIRCULAR,Fetranspor,230,17389947,"-22.8152","-43.2219"
321,321-BANCARIOS X CASTELO (VIA LINHA VERMELHA) CIRCULAR,Fetranspor,231,17389947,"-22.8153","-43.222"
321,321-BANCARIOS X CASTELO (VIA LINHA VERMELHA) CIRCULAR,Fetranspor,232,17389947,"-22.8157","-43.2224"
321,321-BANCARIOS X CASTELO (VIA LINHA VERMELHA) CIRCULAR,Fetranspor,233,17389947,"-22.8157","-43.2224"
321,321-BANCARIOS X CASTELO (VIA LINHA VERMELHA) CIRCULAR,Fetranspor,234,17389947,"-22.8158","-43.2225"
321,321-BANCARIOS X CASTELO (VIA LINHA VERMELHA) CIRCULAR,Fetranspor,235,17389947,"-22.8158","-43.2225"
321,321-BANCARIOS X CASTELO (VIA LINHA VERMELHA) CIRCULAR,Fetranspor,236,17389947,"-22.8159","-43.2226"
321,321-BANCARIOS X CASTELO (VIA LINHA VERMELHA) CIRCULAR,Fetranspor,237,17389947,"-22.8159","-43.2226"
321,321-BANCARIOS X CASTELO (VIA LINHA VERMELHA) CIRCULAR,Fetranspor,238,17389947,"-22.8178","-43.2247"
321,321-BANCARIOS X CASTELO (VIA LINHA VERMELHA) CIRCULAR,Fetranspor,239,17389947,"-22.8178","-43.2247"
321,321-BANCARIOS X CASTELO (VIA LINHA VERMELHA) CIRCULAR,Fetranspor,240,17389947,"-22.8197","-43.2268"
321,321-BANCARIOS X CASTELO (VIA LINHA VERMELHA) CIRCULAR,Fetranspor,241,17389947,"-22.8201","-43.2272"
321,321-BANCARIOS X CASTELO (VIA LINHA VERMELHA) CIRCULAR,Fetranspor,242,17389947,"-22.8201","-43.2272"
321,321-BANCARIOS X CASTELO (VIA LINHA VERMELHA) CIRCULAR,Fetranspor,243,17389947,"-22.8203","-43.2275"
321,321-BANCARIOS X CASTELO (VIA LINHA VERMELHA) CIRCULAR,Fetranspor,244,17389947,"-22.8206","-43.2278"
321,321-BANCARIOS X CASTELO (VIA LINHA VERMELHA) CIRCULAR,Fetranspor,245,17389947,"-22.8206","-43.2278"
321,321-BANCARIOS X CASTELO (VIA LINHA VERMELHA) CIRCULAR,Fetranspor,246,17389947,"-22.8209","-43.2281"
321,321-BANCARIOS X CASTELO (VIA LINHA VERMELHA) CIRCULAR,Fetranspor,247,17389947,"-22.8212","-43.2285"
321,321-BANCARIOS X CASTELO (VIA LINHA VERMELHA) CIRCULAR,Fetranspor,248,17389947,"-22.8218","-43.2292"
321,321-BANCARIOS X CASTELO (VIA LINHA VERMELHA) CIRCULAR,Fetranspor,249,17389947,"-22.8218","-43.2292"
321,321-BANCARIOS X CASTELO (VIA LINHA VERMELHA) CIRCULAR,Fetranspor,250,17389947,"-22.8219","-43.2294"
321,321-BANCARIOS X CASTELO (VIA LINHA VERMELHA) CIRCULAR,Fetranspor,251,17389947,"-22.8219","-43.2294"
321,321-BANCARIOS X CASTELO (VIA LINHA VERMELHA) CIRCULAR,Fetranspor,252,17389947,"-22.8224","-43.23"
321,321-BANCARIOS X CASTELO (VIA LINHA VERMELHA) CIRCULAR,Fetranspor,253,17389947,"-22.8225","-43.2301"
321,321-BANCARIOS X CASTELO (VIA LINHA VERMELHA) CIRCULAR,Fetranspor,254,17389947,"-22.8225","-43.2301"
321,321-BANCARIOS X CASTELO (VIA LINHA VERMELHA) CIRCULAR,Fetranspor,255,17389947,"-22.8228","-43.2303"
321,321-BANCARIOS X CASTELO (VIA LINHA VERMELHA) CIRCULAR,Fetranspor,256,17389947,"-22.8231","-43.2307"
321,321-BANCARIOS X CASTELO (VIA LINHA VERMELHA) CIRCULAR,Fetranspor,257,17389947,"-22.8233","-43.2309"
321,321-BANCARIOS X CASTELO (VIA LINHA VERMELHA) CIRCULAR,Fetranspor,258,17389947,"-22.8233","-43.2309"
321,321-BANCARIOS X CASTELO (VIA LINHA VERMELHA) CIRCULAR,Fetranspor,259,17389947,"-22.8234","-43.231"
321,321-BANCARIOS X CASTELO (VIA LINHA VERMELHA) CIRCULAR,Fetranspor,260,17389947,"-22.8234","-43.231"
321,321-BANCARIOS X CASTELO (VIA LINHA VERMELHA) CIRCULAR,Fetranspor,261,17389947,"-22.8236","-43.2312"
321,321-BANCARIOS X CASTELO (VIA LINHA VERMELHA) CIRCULAR,Fetranspor,262,17389947,"-22.8242","-43.2318"
321,321-BANCARIOS X CASTELO (VIA LINHA VERMELHA) CIRCULAR,Fetranspor,263,17389947,"-22.8242","-43.2318"
321,321-BANCARIOS X CASTELO (VIA LINHA VERMELHA) CIRCULAR,Fetranspor,264,17389947,"-22.8244","-43.2321"
321,321-BANCARIOS X CASTELO (VIA LINHA VERMELHA) CIRCULAR,Fetranspor,265,17389947,"-22.8249","-43.2325"
321,321-BANCARIOS X CASTELO (VIA LINHA VERMELHA) CIRCULAR,Fetranspor,266,17389947,"-22.8249","-43.2325"
321,321-BANCARIOS X CASTELO (VIA LINHA VERMELHA) CIRCULAR,Fetranspor,267,17389947,"-22.8251","-43.2327"
321,321-BANCARIOS X CASTELO (VIA LINHA VERMELHA) CIRCULAR,Fetranspor,268,17389947,"-22.8252","-43.2328"
321,321-BANCARIOS X CASTELO (VIA LINHA VERMELHA) CIRCULAR,Fetranspor,269,17389947,"-22.8255","-43.233"
321,321-BANCARIOS X CASTELO (VIA LINHA VERMELHA) CIRCULAR,Fetranspor,270,17389947,"-22.8255","-43.233"
321,321-BANCARIOS X CASTELO (VIA LINHA VERMELHA) CIRCULAR,Fetranspor,271,17389947,"-22.8256","-43.2332"
321,321-BANCARIOS X CASTELO (VIA LINHA VERMELHA) CIRCULAR,Fetranspor,272,17389947,"-22.8258","-43.2334"
321,321-BANCARIOS X CASTELO (VIA LINHA VERMELHA) CIRCULAR,Fetranspor,273,17389947,"-22.8269","-43.2343"
321,321-BANCARIOS X CASTELO (VIA LINHA VERMELHA) CIRCULAR,Fetranspor,274,17389947,"-22.828","-43.2352"
321,321-BANCARIOS X CASTELO (VIA LINHA VERMELHA) CIRCULAR,Fetranspor,275,17389947,"-22.828","-43.2352"
321,321-BANCARIOS X CASTELO (VIA LINHA VERMELHA) CIRCULAR,Fetranspor,276,17389947,"-22.8285","-43.2356"
321,321-BANCARIOS X CASTELO (VIA LINHA VERMELHA) CIRCULAR,Fetranspor,277,17389947,"-22.8287","-43.2357"
321,321-BANCARIOS X CASTELO (VIA LINHA VERMELHA) CIRCULAR,Fetranspor,278,17389947,"-22.8292","-43.236"
321,321-BANCARIOS X CASTELO (VIA LINHA VERMELHA) CIRCULAR,Fetranspor,279,17389947,"-22.8301","-43.2366"
321,321-BANCARIOS X CASTELO (VIA LINHA VERMELHA) CIRCULAR,Fetranspor,280,17389947,"-22.8304","-43.2367"
321,321-BANCARIOS X CASTELO (VIA LINHA VERMELHA) CIRCULAR,Fetranspor,281,17389947,"-22.8304","-43.2367"
321,321-BANCARIOS X CASTELO (VIA LINHA VERMELHA) CIRCULAR,Fetranspor,282,17389947,"-22.8307","-43.237"
321,321-BANCARIOS X CASTELO (VIA LINHA VERMELHA) CIRCULAR,Fetranspor,283,17389947,"-22.8316","-43.2376"
321,321-BANCARIOS X CASTELO (VIA LINHA VERMELHA) CIRCULAR,Fetranspor,284,17389947,"-22.832","-43.2379"
321,321-BANCARIOS X CASTELO (VIA LINHA VERMELHA) CIRCULAR,Fetranspor,285,17389947,"-22.8321","-43.238"
321,321-BANCARIOS X CASTELO (VIA LINHA VERMELHA) CIRCULAR,Fetranspor,286,17389947,"-22.8324","-43.2382"
321,321-BANCARIOS X CASTELO (VIA LINHA VERMELHA) CIRCULAR,Fetranspor,287,17389947,"-22.8326","-43.2384"
321,321-BANCARIOS X CASTELO (VIA LINHA VERMELHA) CIRCULAR,Fetranspor,288,17389947,"-22.8327","-43.2387"
321,321-BANCARIOS X CASTELO (VIA LINHA VERMELHA) CIRCULAR,Fetranspor,289,17389947,"-22.8329","-43.2389"
321,321-BANCARIOS X CASTELO (VIA LINHA VERMELHA) CIRCULAR,Fetranspor,290,17389947,"-22.8329","-43.2389"
321,321-BANCARIOS X CASTELO (VIA LINHA VERMELHA) CIRCULAR,Fetranspor,291,17389947,"-22.833","-43.239"
321,321-BANCARIOS X CASTELO (VIA LINHA VERMELHA) CIRCULAR,Fetranspor,292,17389947,"-22.833","-43.239"
321,321-BANCARIOS X CASTELO (VIA LINHA VERMELHA) CIRCULAR,Fetranspor,293,17389947,"-22.8333","-43.2396"
321,321-BANCARIOS X CASTELO (VIA LINHA VERMELHA) CIRCULAR,Fetranspor,294,17389947,"-22.8333","-43.2396"
321,321-BANCARIOS X CASTELO (VIA LINHA VERMELHA) CIRCULAR,Fetranspor,295,17389947,"-22.8334","-43.2397"
321,321-BANCARIOS X CASTELO (VIA LINHA VERMELHA) CIRCULAR,Fetranspor,296,17389947,"-22.8335","-43.2398"
321,321-BANCARIOS X CASTELO (VIA LINHA VERMELHA) CIRCULAR,Fetranspor,297,17389947,"-22.8336","-43.24"
321,321-BANCARIOS X CASTELO (VIA LINHA VERMELHA) CIRCULAR,Fetranspor,298,17389947,"-22.8336","-43.2402"
321,321-BANCARIOS X CASTELO (VIA LINHA VERMELHA) CIRCULAR,Fetranspor,299,17389947,"-22.8336","-43.2402"
321,321-BANCARIOS X CASTELO (VIA LINHA VERMELHA) CIRCULAR,Fetranspor,300,17389947,"-22.8336","-43.2404"
321,321-BANCARIOS X CASTELO (VIA LINHA VERMELHA) CIRCULAR,Fetranspor,301,17389947,"-22.8336","-43.2405"
321,321-BANCARIOS X CASTELO (VIA LINHA VERMELHA) CIRCULAR,Fetranspor,302,17389947,"-22.8336","-43.2406"
321,321-BANCARIOS X CASTELO (VIA LINHA VERMELHA) CIRCULAR,Fetranspor,303,17389947,"-22.8335","-43.241"
321,321-BANCARIOS X CASTELO (VIA LINHA VERMELHA) CIRCULAR,Fetranspor,304,17389947,"-22.8331","-43.242"
321,321-BANCARIOS X CASTELO (VIA LINHA VERMELHA) CIRCULAR,Fetranspor,305,17389947,"-22.8331","-43.2421"
321,321-BANCARIOS X CASTELO (VIA LINHA VERMELHA) CIRCULAR,Fetranspor,306,17389947,"-22.833","-43.2423"
321,321-BANCARIOS X CASTELO (VIA LINHA VERMELHA) CIRCULAR,Fetranspor,307,17389947,"-22.8329","-43.2423"
321,321-BANCARIOS X CASTELO (VIA LINHA VERMELHA) CIRCULAR,Fetranspor,308,17389947,"-22.8329","-43.2424"
321,321-BANCARIOS X CASTELO (VIA LINHA VERMELHA) CIRCULAR,Fetranspor,309,17389947,"-22.8327","-43.2425"
321,321-BANCARIOS X CASTELO (VIA LINHA VERMELHA) CIRCULAR,Fetranspor,310,17389947,"-22.8324","-43.2427"
321,321-BANCARIOS X CASTELO (VIA LINHA VERMELHA) CIRCULAR,Fetranspor,311,17389947,"-22.8318","-43.2431"
321,321-BANCARIOS X CASTELO (VIA LINHA VERMELHA) CIRCULAR,Fetranspor,312,17389947,"-22.8318","-43.2432"
321,321-BANCARIOS X CASTELO (VIA LINHA VERMELHA) CIRCULAR,Fetranspor,313,17389947,"-22.8318","-43.2433"
321,321-BANCARIOS X CASTELO (VIA LINHA VERMELHA) CIRCULAR,Fetranspor,314,17389947,"-22.8317","-43.2433"
321,321-BANCARIOS X CASTELO (VIA LINHA VERMELHA) CIRCULAR,Fetranspor,315,17389947,"-22.8317","-43.2434"
321,321-BANCARIOS X CASTELO (VIA LINHA VERMELHA) CIRCULAR,Fetranspor,316,17389947,"-22.8317","-43.2435"
321,321-BANCARIOS X CASTELO (VIA LINHA VERMELHA) CIRCULAR,Fetranspor,317,17389947,"-22.8317","-43.2436"
321,321-BANCARIOS X CASTELO (VIA LINHA VERMELHA) CIRCULAR,Fetranspor,318,17389947,"-22.8317","-43.2437"
321,321-BANCARIOS X CASTELO (VIA LINHA VERMELHA) CIRCULAR,Fetranspor,319,17389947,"-22.8318","-43.2438"
321,321-BANCARIOS X CASTELO (VIA LINHA VERMELHA) CIRCULAR,Fetranspor,320,17389947,"-22.8318","-43.2438"
321,321-BANCARIOS X CASTELO (VIA LINHA VERMELHA) CIRCULAR,Fetranspor,321,17389947,"-22.8318","-43.2438"
321,321-BANCARIOS X CASTELO (VIA LINHA VERMELHA) CIRCULAR,Fetranspor,322,17389947,"-22.8318","-43.2439"
321,321-BANCARIOS X CASTELO (VIA LINHA VERMELHA) CIRCULAR,Fetranspor,323,17389947,"-22.8319","-43.244"
321,321-BANCARIOS X CASTELO (VIA LINHA VERMELHA) CIRCULAR,Fetranspor,324,17389947,"-22.832","-43.244"
321,321-BANCARIOS X CASTELO (VIA LINHA VERMELHA) CIRCULAR,Fetranspor,325,17389947,"-22.832","-43.244"
321,321-BANCARIOS X CASTELO (VIA LINHA VERMELHA) CIRCULAR,Fetranspor,326,17389947,"-22.8321","-43.2441"
321,321-BANCARIOS X CASTELO (VIA LINHA VERMELHA) CIRCULAR,Fetranspor,327,17389947,"-22.8322","-43.2441"
321,321-BANCARIOS X CASTELO (VIA LINHA VERMELHA) CIRCULAR,Fetranspor,328,17389947,"-22.8323","-43.2441"
321,321-BANCARIOS X CASTELO (VIA LINHA VERMELHA) CIRCULAR,Fetranspor,329,17389947,"-22.8324","-43.244"
321,321-BANCARIOS X CASTELO (VIA LINHA VERMELHA) CIRCULAR,Fetranspor,330,17389947,"-22.8324","-43.244"
321,321-BANCARIOS X CASTELO (VIA LINHA VERMELHA) CIRCULAR,Fetranspor,331,17389947,"-22.8325","-43.244"
321,321-BANCARIOS X CASTELO (VIA LINHA VERMELHA) CIRCULAR,Fetranspor,332,17389947,"-22.8325","-43.2439"
321,321-BANCARIOS X CASTELO (VIA LINHA VERMELHA) CIRCULAR,Fetranspor,333,17389947,"-22.8326","-43.2439"
321,321-BANCARIOS X CASTELO (VIA LINHA VERMELHA) CIRCULAR,Fetranspor,334,17389947,"-22.8326","-43.2438"
321,321-BANCARIOS X CASTELO (VIA LINHA VERMELHA) CIRCULAR,Fetranspor,335,17389947,"-22.8327","-43.2438"
321,321-BANCARIOS X CASTELO (VIA LINHA VERMELHA) CIRCULAR,Fetranspor,336,17389947,"-22.8327","-43.2437"
321,321-BANCARIOS X CASTELO (VIA LINHA VERMELHA) CIRCULAR,Fetranspor,337,17389947,"-22.8327","-43.2437"
321,321-BANCARIOS X CASTELO (VIA LINHA VERMELHA) CIRCULAR,Fetranspor,338,17389947,"-22.8331","-43.2426"
321,321-BANCARIOS X CASTELO (VIA LINHA VERMELHA) CIRCULAR,Fetranspor,339,17389947,"-22.8331","-43.2424"
321,321-BANCARIOS X CASTELO (VIA LINHA VERMELHA) CIRCULAR,Fetranspor,340,17389947,"-22.8332","-43.2423"
321,321-BANCARIOS X CASTELO (VIA LINHA VERMELHA) CIRCULAR,Fetranspor,341,17389947,"-22.8333","-43.2422"
321,321-BANCARIOS X CASTELO (VIA LINHA VERMELHA) CIRCULAR,Fetranspor,342,17389947,"-22.8334","-43.2422"
321,321-BANCARIOS X CASTELO (VIA LINHA VERMELHA) CIRCULAR,Fetranspor,343,17389947,"-22.8335","-43.2421"
321,321-BANCARIOS X CASTELO (VIA LINHA VERMELHA) CIRCULAR,Fetranspor,344,17389947,"-22.8336","-43.2421"
321,321-BANCARIOS X CASTELO (VIA LINHA VERMELHA) CIRCULAR,Fetranspor,345,17389947,"-22.8336","-43.242"
321,321-BANCARIOS X CASTELO (VIA LINHA VERMELHA) CIRCULAR,Fetranspor,346,17389947,"-22.8337","-43.242"
321,321-BANCARIOS X CASTELO (VIA LINHA VERMELHA) CIRCULAR,Fetranspor,347,17389947,"-22.8338","-43.242"
321,321-BANCARIOS X CASTELO (VIA LINHA VERMELHA) CIRCULAR,Fetranspor,348,17389947,"-22.8374","-43.2424"
321,321-BANCARIOS X CASTELO (VIA LINHA VERMELHA) CIRCULAR,Fetranspor,349,17389947,"-22.8375","-43.2424"
321,321-BANCARIOS X CASTELO (VIA LINHA VERMELHA) CIRCULAR,Fetranspor,350,17389947,"-22.838","-43.2425"
321,321-BANCARIOS X CASTELO (VIA LINHA VERMELHA) CIRCULAR,Fetranspor,351,17389947,"-22.8382","-43.2426"
321,321-BANCARIOS X CASTELO (VIA LINHA VERMELHA) CIRCULAR,Fetranspor,352,17389947,"-22.8382","-43.2426"
321,321-BANCARIOS X CASTELO (VIA LINHA VERMELHA) CIRCULAR,Fetranspor,353,17389947,"-22.8384","-43.2426"
321,321-BANCARIOS X CASTELO (VIA LINHA VERMELHA) CIRCULAR,Fetranspor,354,17389947,"-22.8385","-43.2426"
321,321-BANCARIOS X CASTELO (VIA LINHA VERMELHA) CIRCULAR,Fetranspor,355,17389947,"-22.8387","-43.2426"
321,321-BANCARIOS X CASTELO (VIA LINHA VERMELHA) CIRCULAR,Fetranspor,356,17389947,"-22.8389","-43.2425"
321,321-BANCARIOS X CASTELO (VIA LINHA VERMELHA) CIRCULAR,Fetranspor,357,17389947,"-22.839","-43.2425"
321,321-BANCARIOS X CASTELO (VIA LINHA VERMELHA) CIRCULAR,Fetranspor,358,17389947,"-22.8395","-43.2421"
321,321-BANCARIOS X CASTELO (VIA LINHA VERMELHA) CIRCULAR,Fetranspor,359,17389947,"-22.8396","-43.2421"
321,321-BANCARIOS X CASTELO (VIA LINHA VERMELHA) CIRCULAR,Fetranspor,360,17389947,"-22.8398","-43.2419"
321,321-BANCARIOS X CASTELO (VIA LINHA VERMELHA) CIRCULAR,Fetranspor,361,17389947,"-22.8399","-43.2417"
321,321-BANCARIOS X CASTELO (VIA LINHA VERMELHA) CIRCULAR,Fetranspor,362,17389947,"-22.8401","-43.2414"
321,321-BANCARIOS X CASTELO (VIA LINHA VERMELHA) CIRCULAR,Fetranspor,363,17389947,"-22.8402","-43.2411"
321,321-BANCARIOS X CASTELO (VIA LINHA VERMELHA) CIRCULAR,Fetranspor,364,17389947,"-22.8402","-43.2411"
321,321-BANCARIOS X CASTELO (VIA LINHA VERMELHA) CIRCULAR,Fetranspor,365,17389947,"-22.8407","-43.2404"
321,321-BANCARIOS X CASTELO (VIA LINHA VERMELHA) CIRCULAR,Fetranspor,366,17389947,"-22.8408","-43.2403"
321,321-BANCARIOS X CASTELO (VIA LINHA VERMELHA) CIRCULAR,Fetranspor,367,17389947,"-22.841","-43.2402"
321,321-BANCARIOS X CASTELO (VIA LINHA VERMELHA) CIRCULAR,Fetranspor,368,17389947,"-22.8411","-43.24"
321,321-BANCARIOS X CASTELO (VIA LINHA VERMELHA) CIRCULAR,Fetranspor,369,17389947,"-22.8412","-43.2399"
321,321-BANCARIOS X CASTELO (VIA LINHA VERMELHA) CIRCULAR,Fetranspor,370,17389947,"-22.8415","-43.2398"
321,321-BANCARIOS X CASTELO (VIA LINHA VERMELHA) CIRCULAR,Fetranspor,371,17389947,"-22.8417","-43.2397"
321,321-BANCARIOS X CASTELO (VIA LINHA VERMELHA) CIRCULAR,Fetranspor,372,17389947,"-22.8419","-43.2396"
321,321-BANCARIOS X CASTELO (VIA LINHA VERMELHA) CIRCULAR,Fetranspor,373,17389947,"-22.8421","-43.2396"
321,321-BANCARIOS X CASTELO (VIA LINHA VERMELHA) CIRCULAR,Fetranspor,374,17389947,"-22.8423","-43.2396"
321,321-BANCARIOS X CASTELO (VIA LINHA VERMELHA) CIRCULAR,Fetranspor,375,17389947,"-22.8425","-43.2395"
321,321-BANCARIOS X CASTELO (VIA LINHA VERMELHA) CIRCULAR,Fetranspor,376,17389947,"-22.8431","-43.2396"
321,321-BANCARIOS X CASTELO (VIA LINHA VERMELHA) CIRCULAR,Fetranspor,377,17389947,"-22.8439","-43.2396"
321,321-BANCARIOS X CASTELO (VIA LINHA VERMELHA) CIRCULAR,Fetranspor,378,17389947,"-22.8439","-43.2396"
321,321-BANCARIOS X CASTELO (VIA LINHA VERMELHA) CIRCULAR,Fetranspor,379,17389947,"-22.8444","-43.2397"
321,321-BANCARIOS X CASTELO (VIA LINHA VERMELHA) CIRCULAR,Fetranspor,380,17389947,"-22.8446","-43.2397"
321,321-BANCARIOS X CASTELO (VIA LINHA VERMELHA) CIRCULAR,Fetranspor,381,17389947,"-22.8448","-43.2397"
321,321-BANCARIOS X CASTELO (VIA LINHA VERMELHA) CIRCULAR,Fetranspor,382,17389947,"-22.8451","-43.2398"
321,321-BANCARIOS X CASTELO (VIA LINHA VERMELHA) CIRCULAR,Fetranspor,383,17389947,"-22.8453","-43.2399"
321,321-BANCARIOS X CASTELO (VIA LINHA VERMELHA) CIRCULAR,Fetranspor,384,17389947,"-22.8456","-43.2401"
321,321-BANCARIOS X CASTELO (VIA LINHA VERMELHA) CIRCULAR,Fetranspor,385,17389947,"-22.8458","-43.2402"
321,321-BANCARIOS X CASTELO (VIA LINHA VERMELHA) CIRCULAR,Fetranspor,386,17389947,"-22.8461","-43.2404"
321,321-BANCARIOS X CASTELO (VIA LINHA VERMELHA) CIRCULAR,Fetranspor,387,17389947,"-22.8464","-43.2405"
321,321-BANCARIOS X CASTELO (VIA LINHA VERMELHA) CIRCULAR,Fetranspor,388,17389947,"-22.8466","-43.2407"
321,321-BANCARIOS X CASTELO (VIA LINHA VERMELHA) CIRCULAR,Fetranspor,389,17389947,"-22.8467","-43.2407"
321,321-BANCARIOS X CASTELO (VIA LINHA VERMELHA) CIRCULAR,Fetranspor,390,17389947,"-22.847","-43.2409"
321,321-BANCARIOS X CASTELO (VIA LINHA VERMELHA) CIRCULAR,Fetranspor,391,17389947,"-22.8472","-43.2409"
321,321-BANCARIOS X CASTELO (VIA LINHA VERMELHA) CIRCULAR,Fetranspor,392,17389947,"-22.8473","-43.241"
321,321-BANCARIOS X CASTELO (VIA LINHA VERMELHA) CIRCULAR,Fetranspor,393,17389947,"-22.8475","-43.241"
321,321-BANCARIOS X CASTELO (VIA LINHA VERMELHA) CIRCULAR,Fetranspor,394,17389947,"-22.8478","-43.2411"
321,321-BANCARIOS X CASTELO (VIA LINHA VERMELHA) CIRCULAR,Fetranspor,395,17389947,"-22.8482","-43.2412"
321,321-BANCARIOS X CASTELO (VIA LINHA VERMELHA) CIRCULAR,Fetranspor,396,17389947,"-22.8485","-43.2412"
321,321-BANCARIOS X CASTELO (VIA LINHA VERMELHA) CIRCULAR,Fetranspor,397,17389947,"-22.8488","-43.2411"
321,321-BANCARIOS X CASTELO (VIA LINHA VERMELHA) CIRCULAR,Fetranspor,398,17389947,"-22.8491","-43.2411"
321,321-BANCARIOS X CASTELO (VIA LINHA VERMELHA) CIRCULAR,Fetranspor,399,17389947,"-22.8494","-43.241"
321,321-BANCARIOS X CASTELO (VIA LINHA VERMELHA) CIRCULAR,Fetranspor,400,17389947,"-22.85","-43.2408"
321,321-BANCARIOS X CASTELO (VIA LINHA VERMELHA) CIRCULAR,Fetranspor,401,17389947,"-22.8515","-43.2402"
321,321-BANCARIOS X CASTELO (VIA LINHA VERMELHA) CIRCULAR,Fetranspor,402,17389947,"-22.8547","-43.2389"
321,321-BANCARIOS X CASTELO (VIA LINHA VERMELHA) CIRCULAR,Fetranspor,403,17389947,"-22.8553","-43.2387"
321,321-BANCARIOS X CASTELO (VIA LINHA VERMELHA) CIRCULAR,Fetranspor,404,17389947,"-22.8558","-43.2385"
321,321-BANCARIOS X CASTELO (VIA LINHA VERMELHA) CIRCULAR,Fetranspor,405,17389947,"-22.8563","-43.2384"
321,321-BANCARIOS X CASTELO (VIA LINHA VERMELHA) CIRCULAR,Fetranspor,406,17389947,"-22.8567","-43.2383"
321,321-BANCARIOS X CASTELO (VIA LINHA VERMELHA) CIRCULAR,Fetranspor,407,17389947,"-22.8576","-43.2381"
321,321-BANCARIOS X CASTELO (VIA LINHA VERMELHA) CIRCULAR,Fetranspor,408,17389947,"-22.8599","-43.2376"
321,321-BANCARIOS X CASTELO (VIA LINHA VERMELHA) CIRCULAR,Fetranspor,409,17389947,"-22.8599","-43.2376"
321,321-BANCARIOS X CASTELO (VIA LINHA VERMELHA) CIRCULAR,Fetranspor,410,17389947,"-22.8605","-43.2375"
321,321-BANCARIOS X CASTELO (VIA LINHA VERMELHA) CIRCULAR,Fetranspor,411,17389947,"-22.8607","-43.2374"
321,321-BANCARIOS X CASTELO (VIA LINHA VERMELHA) CIRCULAR,Fetranspor,412,17389947,"-22.8609","-43.2374"
321,321-BANCARIOS X CASTELO (VIA LINHA VERMELHA) CIRCULAR,Fetranspor,413,17389947,"-22.8609","-43.2374"
321,321-BANCARIOS X CASTELO (VIA LINHA VERMELHA) CIRCULAR,Fetranspor,414,17389947,"-22.8611","-43.2373"
321,321-BANCARIOS X CASTELO (VIA LINHA VERMELHA) CIRCULAR,Fetranspor,415,17389947,"-22.8613","-43.2372"
321,321-BANCARIOS X CASTELO (VIA LINHA VERMELHA) CIRCULAR,Fetranspor,416,17389947,"-22.8615","-43.2371"
321,321-BANCARIOS X CASTELO (VIA LINHA VERMELHA) CIRCULAR,Fetranspor,417,17389947,"-22.8617","-43.2369"
321,321-BANCARIOS X CASTELO (VIA LINHA VERMELHA) CIRCULAR,Fetranspor,418,17389947,"-22.8617","-43.2369"
321,321-BANCARIOS X CASTELO (VIA LINHA VERMELHA) CIRCULAR,Fetranspor,419,17389947,"-22.8617","-43.2369"
321,321-BANCARIOS X CASTELO (VIA LINHA VERMELHA) CIRCULAR,Fetranspor,420,17389947,"-22.8618","-43.2369"
321,321-BANCARIOS X CASTELO (VIA LINHA VERMELHA) CIRCULAR,Fetranspor,421,17389947,"-22.8618","-43.2369"
321,321-BANCARIOS X CASTELO (VIA LINHA VERMELHA) CIRCULAR,Fetranspor,422,17389947,"-22.8618","-43.2369"
321,321-BANCARIOS X CASTELO (VIA LINHA VERMELHA) CIRCULAR,Fetranspor,423,17389947,"-22.8619","-43.2368"
321,321-BANCARIOS X CASTELO (VIA LINHA VERMELHA) CIRCULAR,Fetranspor,424,17389947,"-22.8619","-43.2368"
321,321-BANCARIOS X CASTELO (VIA LINHA VERMELHA) CIRCULAR,Fetranspor,425,17389947,"-22.8621","-43.2367"
321,321-BANCARIOS X CASTELO (VIA LINHA VERMELHA) CIRCULAR,Fetranspor,426,17389947,"-22.8623","-43.2365"
321,321-BANCARIOS X CASTELO (VIA LINHA VERMELHA) CIRCULAR,Fetranspor,427,17389947,"-22.8625","-43.2363"
321,321-BANCARIOS X CASTELO (VIA LINHA VERMELHA) CIRCULAR,Fetranspor,428,17389947,"-22.8627","-43.2361"
321,321-BANCARIOS X CASTELO (VIA LINHA VERMELHA) CIRCULAR,Fetranspor,429,17389947,"-22.863","-43.2358"
321,321-BANCARIOS X CASTELO (VIA LINHA VERMELHA) CIRCULAR,Fetranspor,430,17389947,"-22.8632","-43.2356"
321,321-BANCARIOS X CASTELO (VIA LINHA VERMELHA) CIRCULAR,Fetranspor,431,17389947,"-22.8633","-43.2353"
321,321-BANCARIOS X CASTELO (VIA LINHA VERMELHA) CIRCULAR,Fetranspor,432,17389947,"-22.8633","-43.2353"
321,321-BANCARIOS X CASTELO (VIA LINHA VERMELHA) CIRCULAR,Fetranspor,433,17389947,"-22.8638","-43.2347"
321,321-BANCARIOS X CASTELO (VIA LINHA VERMELHA) CIRCULAR,Fetranspor,434,17389947,"-22.864","-43.2344"
321,321-BANCARIOS X CASTELO (VIA LINHA VERMELHA) CIRCULAR,Fetranspor,435,17389947,"-22.8641","-43.2342"
321,321-BANCARIOS X CASTELO (VIA LINHA VERMELHA) CIRCULAR,Fetranspor,436,17389947,"-22.8643","-43.234"
321,321-BANCARIOS X CASTELO (VIA LINHA VERMELHA) CIRCULAR,Fetranspor,437,17389947,"-22.8644","-43.2339"
321,321-BANCARIOS X CASTELO (VIA LINHA VERMELHA) CIRCULAR,Fetranspor,438,17389947,"-22.8647","-43.2338"
321,321-BANCARIOS X CASTELO (VIA LINHA VERMELHA) CIRCULAR,Fetranspor,439,17389947,"-22.8648","-43.2337"
321,321-BANCARIOS X CASTELO (VIA LINHA VERMELHA) CIRCULAR,Fetranspor,440,17389947,"-22.865","-43.2336"
321,321-BANCARIOS X CASTELO (VIA LINHA VERMELHA) CIRCULAR,Fetranspor,441,17389947,"-22.8653","-43.2335"
321,321-BANCARIOS X CASTELO (VIA LINHA VERMELHA) CIRCULAR,Fetranspor,442,17389947,"-22.8662","-43.2332"
321,321-BANCARIOS X CASTELO (VIA LINHA VERMELHA) CIRCULAR,Fetranspor,443,17389947,"-22.8665","-43.2331"
321,321-BANCARIOS X CASTELO (VIA LINHA VERMELHA) CIRCULAR,Fetranspor,444,17389947,"-22.8668","-43.233"
321,321-BANCARIOS X CASTELO (VIA LINHA VERMELHA) CIRCULAR,Fetranspor,445,17389947,"-22.8673","-43.2329"
321,321-BANCARIOS X CASTELO (VIA LINHA VERMELHA) CIRCULAR,Fetranspor,446,17389947,"-22.8683","-43.2328"
321,321-BANCARIOS X CASTELO (VIA LINHA VERMELHA) CIRCULAR,Fetranspor,447,17389947,"-22.8696","-43.2327"
321,321-BANCARIOS X CASTELO (VIA LINHA VERMELHA) CIRCULAR,Fetranspor,448,17389947,"-22.8696","-43.2327"
321,321-BANCARIOS X CASTELO (VIA LINHA VERMELHA) CIRCULAR,Fetranspor,449,17389947,"-22.8718","-43.2324"
321,321-BANCARIOS X CASTELO (VIA LINHA VERMELHA) CIRCULAR,Fetranspor,450,17389947,"-22.8724","-43.2323"
321,321-BANCARIOS X CASTELO (VIA LINHA VERMELHA) CIRCULAR,Fetranspor,451,17389947,"-22.8727","-43.2323"
321,321-BANCARIOS X CASTELO (VIA LINHA VERMELHA) CIRCULAR,Fetranspor,452,17389947,"-22.873","-43.2323"
321,321-BANCARIOS X CASTELO (VIA LINHA VERMELHA) CIRCULAR,Fetranspor,453,17389947,"-22.8734","-43.2323"
321,321-BANCARIOS X CASTELO (VIA LINHA VERMELHA) CIRCULAR,Fetranspor,454,17389947,"-22.8763","-43.2325"
321,321-BANCARIOS X CASTELO (VIA LINHA VERMELHA) CIRCULAR,Fetranspor,455,17389947,"-22.8769","-43.2325"
321,321-BANCARIOS X CASTELO (VIA LINHA VERMELHA) CIRCULAR,Fetranspor,456,17389947,"-22.8774","-43.2325"
321,321-BANCARIOS X CASTELO (VIA LINHA VERMELHA) CIRCULAR,Fetranspor,457,17389947,"-22.8776","-43.2324"
321,321-BANCARIOS X CASTELO (VIA LINHA VERMELHA) CIRCULAR,Fetranspor,458,17389947,"-22.8782","-43.2323"
321,321-BANCARIOS X CASTELO (VIA LINHA VERMELHA) CIRCULAR,Fetranspor,459,17389947,"-22.8785","-43.2322"
321,321-BANCARIOS X CASTELO (VIA LINHA VERMELHA) CIRCULAR,Fetranspor,460,17389947,"-22.8791","-43.2321"
321,321-BANCARIOS X CASTELO (VIA LINHA VERMELHA) CIRCULAR,Fetranspor,461,17389947,"-22.8791","-43.2321"
321,321-BANCARIOS X CASTELO (VIA LINHA VERMELHA) CIRCULAR,Fetranspor,462,17389947,"-22.8796","-43.2318"
321,321-BANCARIOS X CASTELO (VIA LINHA VERMELHA) CIRCULAR,Fetranspor,463,17389947,"-22.8798","-43.2317"
321,321-BANCARIOS X CASTELO (VIA LINHA VERMELHA) CIRCULAR,Fetranspor,464,17389947,"-22.8801","-43.2316"
321,321-BANCARIOS X CASTELO (VIA LINHA VERMELHA) CIRCULAR,Fetranspor,465,17389947,"-22.8804","-43.2314"
321,321-BANCARIOS X CASTELO (VIA LINHA VERMELHA) CIRCULAR,Fetranspor,466,17389947,"-22.8812","-43.2309"
321,321-BANCARIOS X CASTELO (VIA LINHA VERMELHA) CIRCULAR,Fetranspor,467,17389947,"-22.8817","-43.2305"
321,321-BANCARIOS X CASTELO (VIA LINHA VERMELHA) CIRCULAR,Fetranspor,468,17389947,"-22.882","-43.2304"
321,321-BANCARIOS X CASTELO (VIA LINHA VERMELHA) CIRCULAR,Fetranspor,469,17389947,"-22.8822","-43.2302"
321,321-BANCARIOS X CASTELO (VIA LINHA VERMELHA) CIRCULAR,Fetranspor,470,17389947,"-22.8824","-43.23"
321,321-BANCARIOS X CASTELO (VIA LINHA VERMELHA) CIRCULAR,Fetranspor,471,17389947,"-22.8826","-43.2298"
321,321-BANCARIOS X CASTELO (VIA LINHA VERMELHA) CIRCULAR,Fetranspor,472,17389947,"-22.8827","-43.2297"
321,321-BANCARIOS X CASTELO (VIA LINHA VERMELHA) CIRCULAR,Fetranspor,473,17389947,"-22.8827","-43.2297"
321,321-BANCARIOS X CASTELO (VIA LINHA VERMELHA) CIRCULAR,Fetranspor,474,17389947,"-22.8828","-43.2296"
321,321-BANCARIOS X CASTELO (VIA LINHA VERMELHA) CIRCULAR,Fetranspor,475,17389947,"-22.8832","-43.2292"
321,321-BANCARIOS X CASTELO (VIA LINHA VERMELHA) CIRCULAR,Fetranspor,476,17389947,"-22.8832","-43.2292"
321,321-BANCARIOS X CASTELO (VIA LINHA VERMELHA) CIRCULAR,Fetranspor,477,17389947,"-22.8836","-43.2288"
321,321-BANCARIOS X CASTELO (VIA LINHA VERMELHA) CIRCULAR,Fetranspor,478,17389947,"-22.8841","-43.2284"
321,321-BANCARIOS X CASTELO (VIA LINHA VERMELHA) CIRCULAR,Fetranspor,479,17389947,"-22.8872","-43.226"
321,321-BANCARIOS X CASTELO (VIA LINHA VERMELHA) CIRCULAR,Fetranspor,480,17389947,"-22.8886","-43.225"
321,321-BANCARIOS X CASTELO (VIA LINHA VERMELHA) CIRCULAR,Fetranspor,481,17389947,"-22.8903","-43.2237"
321,321-BANCARIOS X CASTELO (VIA LINHA VERMELHA) CIRCULAR,Fetranspor,482,17389947,"-22.8903","-43.2237"
321,321-BANCARIOS X CASTELO (VIA LINHA VERMELHA) CIRCULAR,Fetranspor,483,17389947,"-22.8906","-43.2234"
321,321-BANCARIOS X CASTELO (VIA LINHA VERMELHA) CIRCULAR,Fetranspor,484,17389947,"-22.8906","-43.2234"
321,321-BANCARIOS X CASTELO (VIA LINHA VERMELHA) CIRCULAR,Fetranspor,485,17389947,"-22.8915","-43.2227"
321,321-BANCARIOS X CASTELO (VIA LINHA VERMELHA) CIRCULAR,Fetranspor,486,17389947,"-22.8915","-43.2227"
321,321-BANCARIOS X CASTELO (VIA LINHA VERMELHA) CIRCULAR,Fetranspor,487,17389947,"-22.8927","-43.2217"
321,321-BANCARIOS X CASTELO (VIA LINHA VERMELHA) CIRCULAR,Fetranspor,488,17389947,"-22.8927","-43.2217"
321,321-BANCARIOS X CASTELO (VIA LINHA VERMELHA) CIRCULAR,Fetranspor,489,17389947,"-22.8933","-43.2212"
321,321-BANCARIOS X CASTELO (VIA LINHA VERMELHA) CIRCULAR,Fetranspor,490,17389947,"-22.8939","-43.2208"
321,321-BANCARIOS X CASTELO (VIA LINHA VERMELHA) CIRCULAR,Fetranspor,491,17389947,"-22.8939","-43.2208"
321,321-BANCARIOS X CASTELO (VIA LINHA VERMELHA) CIRCULAR,Fetranspor,492,17389947,"-22.8948","-43.22"
321,321-BANCARIOS X CASTELO (VIA LINHA VERMELHA) CIRCULAR,Fetranspor,493,17389947,"-22.8948","-43.22"
321,321-BANCARIOS X CASTELO (VIA LINHA VERMELHA) CIRCULAR,Fetranspor,494,17389947,"-22.8949","-43.2199"
321,321-BANCARIOS X CASTELO (VIA LINHA VERMELHA) CIRCULAR,Fetranspor,495,17389947,"-22.8951","-43.2198"
321,321-BANCARIOS X CASTELO (VIA LINHA VERMELHA) CIRCULAR,Fetranspor,496,17389947,"-22.8951","-43.2198"
321,321-BANCARIOS X CASTELO (VIA LINHA VERMELHA) CIRCULAR,Fetranspor,497,17389947,"-22.8951","-43.2198"
321,321-BANCARIOS X CASTELO (VIA LINHA VERMELHA) CIRCULAR,Fetranspor,498,17389947,"-22.8961","-43.2192"
321,321-BANCARIOS X CASTELO (VIA LINHA VERMELHA) CIRCULAR,Fetranspor,499,17389947,"-22.8961","-43.2192"
321,321-BANCARIOS X CASTELO (VIA LINHA VERMELHA) CIRCULAR,Fetranspor,500,17389947,"-22.8963","-43.2192"
321,321-BANCARIOS X CASTELO (VIA LINHA VERMELHA) CIRCULAR,Fetranspor,501,17389947,"-22.8965","-43.2191"
321,321-BANCARIOS X CASTELO (VIA LINHA VERMELHA) CIRCULAR,Fetranspor,502,17389947,"-22.897","-43.2191"
321,321-BANCARIOS X CASTELO (VIA LINHA VERMELHA) CIRCULAR,Fetranspor,503,17389947,"-22.8976","-43.219"
321,321-BANCARIOS X CASTELO (VIA LINHA VERMELHA) CIRCULAR,Fetranspor,504,17389947,"-22.8977","-43.219"
321,321-BANCARIOS X CASTELO (VIA LINHA VERMELHA) CIRCULAR,Fetranspor,505,17389947,"-22.8977","-43.219"
321,321-BANCARIOS X CASTELO (VIA LINHA VERMELHA) CIRCULAR,Fetranspor,506,17389947,"-22.898","-43.2189"
321,321-BANCARIOS X CASTELO (VIA LINHA VERMELHA) CIRCULAR,Fetranspor,507,17389947,"-22.8982","-43.2189"
321,321-BANCARIOS X CASTELO (VIA LINHA VERMELHA) CIRCULAR,Fetranspor,508,17389947,"-22.8985","-43.2187"
321,321-BANCARIOS X CASTELO (VIA LINHA VERMELHA) CIRCULAR,Fetranspor,509,17389947,"-22.8987","-43.2186"
321,321-BANCARIOS X CASTELO (VIA LINHA VERMELHA) CIRCULAR,Fetranspor,510,17389947,"-22.8987","-43.2186"
321,321-BANCARIOS X CASTELO (VIA LINHA VERMELHA) CIRCULAR,Fetranspor,511,17389947,"-22.8994","-43.2182"
321,321-BANCARIOS X CASTELO (VIA LINHA VERMELHA) CIRCULAR,Fetranspor,512,17389947,"-22.9004","-43.2175"
321,321-BANCARIOS X CASTELO (VIA LINHA VERMELHA) CIRCULAR,Fetranspor,513,17389947,"-22.9012","-43.217"
321,321-BANCARIOS X CASTELO (VIA LINHA VERMELHA) CIRCULAR,Fetranspor,514,17389947,"-22.9013","-43.2169"
321,321-BANCARIOS X CASTELO (VIA LINHA VERMELHA) CIRCULAR,Fetranspor,515,17389947,"-22.9025","-43.2161"
321,321-BANCARIOS X CASTELO (VIA LINHA VERMELHA) CIRCULAR,Fetranspor,516,17389947,"-22.9035","-43.2154"
321,321-BANCARIOS X CASTELO (VIA LINHA VERMELHA) CIRCULAR,Fetranspor,517,17389947,"-22.9037","-43.2153"
321,321-BANCARIOS X CASTELO (VIA LINHA VERMELHA) CIRCULAR,Fetranspor,518,17389947,"-22.9054","-43.2142"
321,321-BANCARIOS X CASTELO (VIA LINHA VERMELHA) CIRCULAR,Fetranspor,519,17389947,"-22.9057","-43.214"
321,321-BANCARIOS X CASTELO (VIA LINHA VERMELHA) CIRCULAR,Fetranspor,520,17389947,"-22.9057","-43.214"
321,321-BANCARIOS X CASTELO (VIA LINHA VERMELHA) CIRCULAR,Fetranspor,521,17389947,"-22.9058","-43.214"
321,321-BANCARIOS X CASTELO (VIA LINHA VERMELHA) CIRCULAR,Fetranspor,522,17389947,"-22.906","-43.214"
321,321-BANCARIOS X CASTELO (VIA LINHA VERMELHA) CIRCULAR,Fetranspor,523,17389947,"-22.9063","-43.2139"
321,321-BANCARIOS X CASTELO (VIA LINHA VERMELHA) CIRCULAR,Fetranspor,524,17389947,"-22.9064","-43.2139"
321,321-BANCARIOS X CASTELO (VIA LINHA VERMELHA) CIRCULAR,Fetranspor,525,17389947,"-22.9066","-43.2138"
321,321-BANCARIOS X CASTELO (VIA LINHA VERMELHA) CIRCULAR,Fetranspor,526,17389947,"-22.9066","-43.2138"
321,321-BANCARIOS X CASTELO (VIA LINHA VERMELHA) CIRCULAR,Fetranspor,527,17389947,"-22.9068","-43.2137"
321,321-BANCARIOS X CASTELO (VIA LINHA VERMELHA) CIRCULAR,Fetranspor,528,17389947,"-22.9068","-43.2137"
321,321-BANCARIOS X CASTELO (VIA LINHA VERMELHA) CIRCULAR,Fetranspor,529,17389947,"-22.9069","-43.2136"
321,321-BANCARIOS X CASTELO (VIA LINHA VERMELHA) CIRCULAR,Fetranspor,530,17389947,"-22.9069","-43.2135"
321,321-BANCARIOS X CASTELO (VIA LINHA VERMELHA) CIRCULAR,Fetranspor,531,17389947,"-22.907","-43.2134"
321,321-BANCARIOS X CASTELO (VIA LINHA VERMELHA) CIRCULAR,Fetranspor,532,17389947,"-22.9071","-43.2133"
321,321-BANCARIOS X CASTELO (VIA LINHA VERMELHA) CIRCULAR,Fetranspor,533,17389947,"-22.9071","-43.2132"
321,321-BANCARIOS X CASTELO (VIA LINHA VERMELHA) CIRCULAR,Fetranspor,534,17389947,"-22.9071","-43.213"
321,321-BANCARIOS X CASTELO (VIA LINHA VERMELHA) CIRCULAR,Fetranspor,535,17389947,"-22.9071","-43.213"
321,321-BANCARIOS X CASTELO (VIA LINHA VERMELHA) CIRCULAR,Fetranspor,536,17389947,"-22.9071","-43.2128"
321,321-BANCARIOS X CASTELO (VIA LINHA VERMELHA) CIRCULAR,Fetranspor,537,17389947,"-22.9071","-43.2126"
321,321-BANCARIOS X CASTELO (VIA LINHA VERMELHA) CIRCULAR,Fetranspor,538,17389947,"-22.9069","-43.2109"
321,321-BANCARIOS X CASTELO (VIA LINHA VERMELHA) CIRCULAR,Fetranspor,539,17389947,"-22.9069","-43.2103"
321,321-BANCARIOS X CASTELO (VIA LINHA VERMELHA) CIRCULAR,Fetranspor,540,17389947,"-22.9069","-43.2103"
321,321-BANCARIOS X CASTELO (VIA LINHA VERMELHA) CIRCULAR,Fetranspor,541,17389947,"-22.9069","-43.2101"
321,321-BANCARIOS X CASTELO (VIA LINHA VERMELHA) CIRCULAR,Fetranspor,542,17389947,"-22.9069","-43.2101"
321,321-BANCARIOS X CASTELO (VIA LINHA VERMELHA) CIRCULAR,Fetranspor,543,17389947,"-22.9069","-43.2101"
321,321-BANCARIOS X CASTELO (VIA LINHA VERMELHA) CIRCULAR,Fetranspor,544,17389947,"-22.9069","-43.21"
321,321-BANCARIOS X CASTELO (VIA LINHA VERMELHA) CIRCULAR,Fetranspor,545,17389947,"-22.907","-43.21"
321,321-BANCARIOS X CASTELO (VIA LINHA VERMELHA) CIRCULAR,Fetranspor,546,17389947,"-22.907","-43.21"
321,321-BANCARIOS X CASTELO (VIA LINHA VERMELHA) CIRCULAR,Fetranspor,547,17389947,"-22.9084","-43.2099"
321,321-BANCARIOS X CASTELO (VIA LINHA VERMELHA) CIRCULAR,Fetranspor,548,17389947,"-22.9092","-43.2099"
321,321-BANCARIOS X CASTELO (VIA LINHA VERMELHA) CIRCULAR,Fetranspor,549,17389947,"-22.9096","-43.2098"
321,321-BANCARIOS X CASTELO (VIA LINHA VERMELHA) CIRCULAR,Fetranspor,550,17389947,"-22.9097","-43.2098"
321,321-BANCARIOS X CASTELO (VIA LINHA VERMELHA) CIRCULAR,Fetranspor,551,17389947,"-22.9097","-43.2098"
321,321-BANCARIOS X CASTELO (VIA LINHA VERMELHA) CIRCULAR,Fetranspor,552,17389947,"-22.9099","-43.2097"
321,321-BANCARIOS X CASTELO (VIA LINHA VERMELHA) CIRCULAR,Fetranspor,553,17389947,"-22.91","-43.2097"
321,321-BANCARIOS X CASTELO (VIA LINHA VERMELHA) CIRCULAR,Fetranspor,554,17389947,"-22.91","-43.2097"
321,321-BANCARIOS X CASTELO (VIA LINHA VERMELHA) CIRCULAR,Fetranspor,555,17389947,"-22.9102","-43.2096"
321,321-BANCARIOS X CASTELO (VIA LINHA VERMELHA) CIRCULAR,Fetranspor,556,17389947,"-22.9103","-43.2094"
321,321-BANCARIOS X CASTELO (VIA LINHA VERMELHA) CIRCULAR,Fetranspor,557,17389947,"-22.9104","-43.2093"
321,321-BANCARIOS X CASTELO (VIA LINHA VERMELHA) CIRCULAR,Fetranspor,558,17389947,"-22.9105","-43.2091"
321,321-BANCARIOS X CASTELO (VIA LINHA VERMELHA) CIRCULAR,Fetranspor,559,17389947,"-22.9106","-43.2089"
321,321-BANCARIOS X CASTELO (VIA LINHA VERMELHA) CIRCULAR,Fetranspor,560,17389947,"-22.9106","-43.2088"
321,321-BANCARIOS X CASTELO (VIA LINHA VERMELHA) CIRCULAR,Fetranspor,561,17389947,"-22.9106","-43.2086"
321,321-BANCARIOS X CASTELO (VIA LINHA VERMELHA) CIRCULAR,Fetranspor,562,17389947,"-22.9107","-43.2084"
321,321-BANCARIOS X CASTELO (VIA LINHA VERMELHA) CIRCULAR,Fetranspor,563,17389947,"-22.9107","-43.2082"
321,321-BANCARIOS X CASTELO (VIA LINHA VERMELHA) CIRCULAR,Fetranspor,564,17389947,"-22.9107","-43.208"
321,321-BANCARIOS X CASTELO (VIA LINHA VERMELHA) CIRCULAR,Fetranspor,565,17389947,"-22.9107","-43.2079"
321,321-BANCARIOS X CASTELO (VIA LINHA VERMELHA) CIRCULAR,Fetranspor,566,17389947,"-22.9106","-43.2077"
321,321-BANCARIOS X CASTELO (VIA LINHA VERMELHA) CIRCULAR,Fetranspor,567,17389947,"-22.9103","-43.2067"
321,321-BANCARIOS X CASTELO (VIA LINHA VERMELHA) CIRCULAR,Fetranspor,568,17389947,"-22.9101","-43.2061"
321,321-BANCARIOS X CASTELO (VIA LINHA VERMELHA) CIRCULAR,Fetranspor,569,17389947,"-22.9101","-43.2061"
321,321-BANCARIOS X CASTELO (VIA LINHA VERMELHA) CIRCULAR,Fetranspor,570,17389947,"-22.9095","-43.2042"
321,321-BANCARIOS X CASTELO (VIA LINHA VERMELHA) CIRCULAR,Fetranspor,571,17389947,"-22.9095","-43.2042"
321,321-BANCARIOS X CASTELO (VIA LINHA VERMELHA) CIRCULAR,Fetranspor,572,17389947,"-22.9094","-43.2038"
321,321-BANCARIOS X CASTELO (VIA LINHA VERMELHA) CIRCULAR,Fetranspor,573,17389947,"-22.9093","-43.2034"
321,321-BANCARIOS X CASTELO (VIA LINHA VERMELHA) CIRCULAR,Fetranspor,574,17389947,"-22.9093","-43.2034"
321,321-BANCARIOS X CASTELO (VIA LINHA VERMELHA) CIRCULAR,Fetranspor,575,17389947,"-22.9093","-43.2032"
321,321-BANCARIOS X CASTELO (VIA LINHA VERMELHA) CIRCULAR,Fetranspor,576,17389947,"-22.9093","-43.2029"
321,321-BANCARIOS X CASTELO (VIA LINHA VERMELHA) CIRCULAR,Fetranspor,577,17389947,"-22.9093","-43.2029"
321,321-BANCARIOS X CASTELO (VIA LINHA VERMELHA) CIRCULAR,Fetranspor,578,17389947,"-22.9092","-43.2028"
321,321-BANCARIOS X CASTELO (VIA LINHA VERMELHA) CIRCULAR,Fetranspor,579,17389947,"-22.9091","-43.2025"
321,321-BANCARIOS X CASTELO (VIA LINHA VERMELHA) CIRCULAR,Fetranspor,580,17389947,"-22.9091","-43.2025"
321,321-BANCARIOS X CASTELO (VIA LINHA VERMELHA) CIRCULAR,Fetranspor,581,17389947,"-22.909","-43.2021"
321,321-BANCARIOS X CASTELO (VIA LINHA VERMELHA) CIRCULAR,Fetranspor,582,17389947,"-22.9086","-43.2011"
321,321-BANCARIOS X CASTELO (VIA LINHA VERMELHA) CIRCULAR,Fetranspor,583,17389947,"-22.9085","-43.2006"
321,321-BANCARIOS X CASTELO (VIA LINHA VERMELHA) CIRCULAR,Fetranspor,584,17389947,"-22.9085","-43.2006"
321,321-BANCARIOS X CASTELO (VIA LINHA VERMELHA) CIRCULAR,Fetranspor,585,17389947,"-22.9089","-43.2004"
321,321-BANCARIOS X CASTELO (VIA LINHA VERMELHA) CIRCULAR,Fetranspor,586,17389947,"-22.9089","-43.2004"
321,321-BANCARIOS X CASTELO (VIA LINHA VERMELHA) CIRCULAR,Fetranspor,587,17389947,"-22.9092","-43.2003"
321,321-BANCARIOS X CASTELO (VIA LINHA VERMELHA) CIRCULAR,Fetranspor,588,17389947,"-22.9092","-43.2003"
321,321-BANCARIOS X CASTELO (VIA LINHA VERMELHA) CIRCULAR,Fetranspor,589,17389947,"-22.911","-43.1997"
321,321-BANCARIOS X CASTELO (VIA LINHA VERMELHA) CIRCULAR,Fetranspor,590,17389947,"-22.911","-43.1997"
321,321-BANCARIOS X CASTELO (VIA LINHA VERMELHA) CIRCULAR,Fetranspor,591,17389947,"-22.9116","-43.1994"
321,321-BANCARIOS X CASTELO (VIA LINHA VERMELHA) CIRCULAR,Fetranspor,592,17389947,"-22.9117","-43.1994"
321,321-BANCARIOS X CASTELO (VIA LINHA VERMELHA) CIRCULAR,Fetranspor,593,17389947,"-22.9124","-43.1994"
321,321-BANCARIOS X CASTELO (VIA LINHA VERMELHA) CIRCULAR,Fetranspor,594,17389947,"-22.9124","-43.1994"
321,321-BANCARIOS X CASTELO (VIA LINHA VERMELHA) CIRCULAR,Fetranspor,595,17389947,"-22.9131","-43.1994"
321,321-BANCARIOS X CASTELO (VIA LINHA VERMELHA) CIRCULAR,Fetranspor,596,17389947,"-22.9131","-43.1994"
321,321-BANCARIOS X CASTELO (VIA LINHA VERMELHA) CIRCULAR,Fetranspor,597,17389947,"-22.9141","-43.1995"
321,321-BANCARIOS X CASTELO (VIA LINHA VERMELHA) CIRCULAR,Fetranspor,598,17389947,"-22.9141","-43.1994"
321,321-BANCARIOS X CASTELO (VIA LINHA VERMELHA) CIRCULAR,Fetranspor,599,17389947,"-22.9142","-43.1994"
321,321-BANCARIOS X CASTELO (VIA LINHA VERMELHA) CIRCULAR,Fetranspor,600,17389947,"-22.9142","-43.1994"
321,321-BANCARIOS X CASTELO (VIA LINHA VERMELHA) CIRCULAR,Fetranspor,601,17389947,"-22.9143","-43.1993"
321,321-BANCARIOS X CASTELO (VIA LINHA VERMELHA) CIRCULAR,Fetranspor,602,17389947,"-22.9143","-43.1993"
321,321-BANCARIOS X CASTELO (VIA LINHA VERMELHA) CIRCULAR,Fetranspor,603,17389947,"-22.9143","-43.1992"
321,321-BANCARIOS X CASTELO (VIA LINHA VERMELHA) CIRCULAR,Fetranspor,604,17389947,"-22.9143","-43.1992"
321,321-BANCARIOS X CASTELO (VIA LINHA VERMELHA) CIRCULAR,Fetranspor,605,17389947,"-22.9144","-43.1986"
321,321-BANCARIOS X CASTELO (VIA LINHA VERMELHA) CIRCULAR,Fetranspor,606,17389947,"-22.9144","-43.1986"
321,321-BANCARIOS X CASTELO (VIA LINHA VERMELHA) CIRCULAR,Fetranspor,607,17389947,"-22.9145","-43.1983"
321,321-BANCARIOS X CASTELO (VIA LINHA VERMELHA) CIRCULAR,Fetranspor,608,17389947,"-22.9144","-43.1981"
321,321-BANCARIOS X CASTELO (VIA LINHA VERMELHA) CIRCULAR,Fetranspor,609,17389947,"-22.9143","-43.1975"
321,321-BANCARIOS X CASTELO (VIA LINHA VERMELHA) CIRCULAR,Fetranspor,610,17389947,"-22.9143","-43.1971"
321,321-BANCARIOS X CASTELO (VIA LINHA VERMELHA) CIRCULAR,Fetranspor,611,17389947,"-22.9143","-43.1971"
321,321-BANCARIOS X CASTELO (VIA LINHA VERMELHA) CIRCULAR,Fetranspor,612,17389947,"-22.9142","-43.1967"
321,321-BANCARIOS X CASTELO (VIA LINHA VERMELHA) CIRCULAR,Fetranspor,613,17389947,"-22.9142","-43.1967"
321,321-BANCARIOS X CASTELO (VIA LINHA VERMELHA) CIRCULAR,Fetranspor,614,17389947,"-22.9141","-43.1961"
321,321-BANCARIOS X CASTELO (VIA LINHA VERMELHA) CIRCULAR,Fetranspor,615,17389947,"-22.9141","-43.1961"
321,321-BANCARIOS X CASTELO (VIA LINHA VERMELHA) CIRCULAR,Fetranspor,616,17389947,"-22.914","-43.1957"
321,321-BANCARIOS X CASTELO (VIA LINHA VERMELHA) CIRCULAR,Fetranspor,617,17389947,"-22.914","-43.1957"
321,321-BANCARIOS X CASTELO (VIA LINHA VERMELHA) CIRCULAR,Fetranspor,618,17389947,"-22.9139","-43.195"
321,321-BANCARIOS X CASTELO (VIA LINHA VERMELHA) CIRCULAR,Fetranspor,619,17389947,"-22.9139","-43.1949"
321,321-BANCARIOS X CASTELO (VIA LINHA VERMELHA) CIRCULAR,Fetranspor,620,17389947,"-22.9139","-43.1949"
321,321-BANCARIOS X CASTELO (VIA LINHA VERMELHA) CIRCULAR,Fetranspor,621,17389947,"-22.9139","-43.1949"
321,321-BANCARIOS X CASTELO (VIA LINHA VERMELHA) CIRCULAR,Fetranspor,622,17389947,"-22.9139","-43.1946"
321,321-BANCARIOS X CASTELO (VIA LINHA VERMELHA) CIRCULAR,Fetranspor,623,17389947,"-22.9139","-43.1946"
321,321-BANCARIOS X CASTELO (VIA LINHA VERMELHA) CIRCULAR,Fetranspor,624,17389947,"-22.9138","-43.1941"
321,321-BANCARIOS X CASTELO (VIA LINHA VERMELHA) CIRCULAR,Fetranspor,625,17389947,"-22.9138","-43.1938"
321,321-BANCARIOS X CASTELO (VIA LINHA VERMELHA) CIRCULAR,Fetranspor,626,17389947,"-22.9138","-43.1938"
321,321-BANCARIOS X CASTELO (VIA LINHA VERMELHA) CIRCULAR,Fetranspor,627,17389947,"-22.9137","-43.1934"
321,321-BANCARIOS X CASTELO (VIA LINHA VERMELHA) CIRCULAR,Fetranspor,628,17389947,"-22.9137","-43.1932"
321,321-BANCARIOS X CASTELO (VIA LINHA VERMELHA) CIRCULAR,Fetranspor,629,17389947,"-22.9135","-43.1927"
321,321-BANCARIOS X CASTELO (VIA LINHA VERMELHA) CIRCULAR,Fetranspor,630,17389947,"-22.9134","-43.1924"
321,321-BANCARIOS X CASTELO (VIA LINHA VERMELHA) CIRCULAR,Fetranspor,631,17389947,"-22.9134","-43.1924"
321,321-BANCARIOS X CASTELO (VIA LINHA VERMELHA) CIRCULAR,Fetranspor,632,17389947,"-22.913","-43.1913"
321,321-BANCARIOS X CASTELO (VIA LINHA VERMELHA) CIRCULAR,Fetranspor,633,17389947,"-22.913","-43.1913"
321,321-BANCARIOS X CASTELO (VIA LINHA VERMELHA) CIRCULAR,Fetranspor,634,17389947,"-22.9125","-43.1902"
321,321-BANCARIOS X CASTELO (VIA LINHA VERMELHA) CIRCULAR,Fetranspor,635,17389947,"-22.9125","-43.1902"
321,321-BANCARIOS X CASTELO (VIA LINHA VERMELHA) CIRCULAR,Fetranspor,636,17389947,"-22.9125","-43.19"
321,321-BANCARIOS X CASTELO (VIA LINHA VERMELHA) CIRCULAR,Fetranspor,637,17389947,"-22.912","-43.1887"
321,321-BANCARIOS X CASTELO (VIA LINHA VERMELHA) CIRCULAR,Fetranspor,638,17389947,"-22.912","-43.1887"
321,321-BANCARIOS X CASTELO (VIA LINHA VERMELHA) CIRCULAR,Fetranspor,639,17389947,"-22.9121","-43.1886"
321,321-BANCARIOS X CASTELO (VIA LINHA VERMELHA) CIRCULAR,Fetranspor,640,17389947,"-22.9122","-43.1885"
321,321-BANCARIOS X CASTELO (VIA LINHA VERMELHA) CIRCULAR,Fetranspor,641,17389947,"-22.9122","-43.1884"
321,321-BANCARIOS X CASTELO (VIA LINHA VERMELHA) CIRCULAR,Fetranspor,642,17389947,"-22.9122","-43.1884"
321,321-BANCARIOS X CASTELO (VIA LINHA VERMELHA) CIRCULAR,Fetranspor,643,17389947,"-22.9122","-43.1883"
321,321-BANCARIOS X CASTELO (VIA LINHA VERMELHA) CIRCULAR,Fetranspor,644,17389947,"-22.9122","-43.1883"
321,321-BANCARIOS X CASTELO (VIA LINHA VERMELHA) CIRCULAR,Fetranspor,645,17389947,"-22.9122","-43.1882"
321,321-BANCARIOS X CASTELO (VIA LINHA VERMELHA) CIRCULAR,Fetranspor,646,17389947,"-22.9122","-43.1881"
321,321-BANCARIOS X CASTELO (VIA LINHA VERMELHA) CIRCULAR,Fetranspor,647,17389947,"-22.9121","-43.188"
321,321-BANCARIOS X CASTELO (VIA LINHA VERMELHA) CIRCULAR,Fetranspor,648,17389947,"-22.9121","-43.188"
321,321-BANCARIOS X CASTELO (VIA LINHA VERMELHA) CIRCULAR,Fetranspor,649,17389947,"-22.912","-43.188"
321,321-BANCARIOS X CASTELO (VIA LINHA VERMELHA) CIRCULAR,Fetranspor,650,17389947,"-22.912","-43.1879"
321,321-BANCARIOS X CASTELO (VIA LINHA VERMELHA) CIRCULAR,Fetranspor,651,17389947,"-22.9119","-43.1879"
321,321-BANCARIOS X CASTELO (VIA LINHA VERMELHA) CIRCULAR,Fetranspor,652,17389947,"-22.9119","-43.1879"
321,321-BANCARIOS X CASTELO (VIA LINHA VERMELHA) CIRCULAR,Fetranspor,653,17389947,"-22.9118","-43.1879"
321,321-BANCARIOS X CASTELO (VIA LINHA VERMELHA) CIRCULAR,Fetranspor,654,17389947,"-22.9118","-43.1879"
321,321-BANCARIOS X CASTELO (VIA LINHA VERMELHA) CIRCULAR,Fetranspor,655,17389947,"-22.9118","-43.1879"
321,321-BANCARIOS X CASTELO (VIA LINHA VERMELHA) CIRCULAR,Fetranspor,656,17389947,"-22.9114","-43.1868"
321,321-BANCARIOS X CASTELO (VIA LINHA VERMELHA) CIRCULAR,Fetranspor,657,17389947,"-22.9114","-43.1868"
321,321-BANCARIOS X CASTELO (VIA LINHA VERMELHA) CIRCULAR,Fetranspor,658,17389947,"-22.9112","-43.1864"
321,321-BANCARIOS X CASTELO (VIA LINHA VERMELHA) CIRCULAR,Fetranspor,659,17389947,"-22.9112","-43.1864"
321,321-BANCARIOS X CASTELO (VIA LINHA VERMELHA) CIRCULAR,Fetranspor,660,17389947,"-22.9108","-43.1852"
321,321-BANCARIOS X CASTELO (VIA LINHA VERMELHA) CIRCULAR,Fetranspor,661,17389947,"-22.9108","-43.1852"
321,321-BANCARIOS X CASTELO (VIA LINHA VERMELHA) CIRCULAR,Fetranspor,662,17389947,"-22.9104","-43.184"
321,321-BANCARIOS X CASTELO (VIA LINHA VERMELHA) CIRCULAR,Fetranspor,663,17389947,"-22.9104","-43.184"
321,321-BANCARIOS X CASTELO (VIA LINHA VERMELHA) CIRCULAR,Fetranspor,664,17389947,"-22.91","-43.183"
321,321-BANCARIOS X CASTELO (VIA LINHA VERMELHA) CIRCULAR,Fetranspor,665,17389947,"-22.91","-43.183"
321,321-BANCARIOS X CASTELO (VIA LINHA VERMELHA) CIRCULAR,Fetranspor,666,17389947,"-22.9101","-43.1829"
321,321-BANCARIOS X CASTELO (VIA LINHA VERMELHA) CIRCULAR,Fetranspor,667,17389947,"-22.9101","-43.1828"
321,321-BANCARIOS X CASTELO (VIA LINHA VERMELHA) CIRCULAR,Fetranspor,668,17389947,"-22.9098","-43.1819"
321,321-BANCARIOS X CASTELO (VIA LINHA VERMELHA) CIRCULAR,Fetranspor,669,17389947,"-22.9097","-43.1816"
321,321-BANCARIOS X CASTELO (VIA LINHA VERMELHA) CIRCULAR,Fetranspor,670,17389947,"-22.9097","-43.1816"
321,321-BANCARIOS X CASTELO (VIA LINHA VERMELHA) CIRCULAR,Fetranspor,671,17389947,"-22.9095","-43.1809"
321,321-BANCARIOS X CASTELO (VIA LINHA VERMELHA) CIRCULAR,Fetranspor,672,17389947,"-22.9094","-43.1808"
321,321-BANCARIOS X CASTELO (VIA LINHA VERMELHA) CIRCULAR,Fetranspor,673,17389947,"-22.9094","-43.1808"
321,321-BANCARIOS X CASTELO (VIA LINHA VERMELHA) CIRCULAR,Fetranspor,674,17389947,"-22.9092","-43.1803"
321,321-BANCARIOS X CASTELO (VIA LINHA VERMELHA) CIRCULAR,Fetranspor,675,17389947,"-22.9092","-43.1803"
321,321-BANCARIOS X CASTELO (VIA LINHA VERMELHA) CIRCULAR,Fetranspor,676,17389947,"-22.9092","-43.1802"
321,321-BANCARIOS X CASTELO (VIA LINHA VERMELHA) CIRCULAR,Fetranspor,677,17389947,"-22.9092","-43.1802"
321,321-BANCARIOS X CASTELO (VIA LINHA VERMELHA) CIRCULAR,Fetranspor,678,17389947,"-22.909","-43.1795"
321,321-BANCARIOS X CASTELO (VIA LINHA VERMELHA) CIRCULAR,Fetranspor,679,17389947,"-22.9087","-43.1788"
321,321-BANCARIOS X CASTELO (VIA LINHA VERMELHA) CIRCULAR,Fetranspor,680,17389947,"-22.9087","-43.1788"
321,321-BANCARIOS X CASTELO (VIA LINHA VERMELHA) CIRCULAR,Fetranspor,681,17389947,"-22.9087","-43.1786"
321,321-BANCARIOS X CASTELO (VIA LINHA VERMELHA) CIRCULAR,Fetranspor,682,17389947,"-22.9086","-43.1784"
321,321-BANCARIOS X CASTELO (VIA LINHA VERMELHA) CIRCULAR,Fetranspor,683,17389947,"-22.9086","-43.1784"
321,321-BANCARIOS X CASTELO (VIA LINHA VERMELHA) CIRCULAR,Fetranspor,684,17389947,"-22.9084","-43.1777"
321,321-BANCARIOS X CASTELO (VIA LINHA VERMELHA) CIRCULAR,Fetranspor,685,17389947,"-22.9084","-43.1777"
321,321-BANCARIOS X CASTELO (VIA LINHA VERMELHA) CIRCULAR,Fetranspor,686,17389947,"-22.9081","-43.1769"
321,321-BANCARIOS X CASTELO (VIA LINHA VERMELHA) CIRCULAR,Fetranspor,687,17389947,"-22.9081","-43.1769"
321,321-BANCARIOS X CASTELO (VIA LINHA VERMELHA) CIRCULAR,Fetranspor,688,17389947,"-22.908","-43.1766"
321,321-BANCARIOS X CASTELO (VIA LINHA VERMELHA) CIRCULAR,Fetranspor,689,17389947,"-22.908","-43.1766"
321,321-BANCARIOS X CASTELO (VIA LINHA VERMELHA) CIRCULAR,Fetranspor,690,17389947,"-22.9078","-43.1757"
321,321-BANCARIOS X CASTELO (VIA LINHA VERMELHA) CIRCULAR,Fetranspor,691,17389947,"-22.9078","-43.1757"
321,321-BANCARIOS X CASTELO (VIA LINHA VERMELHA) CIRCULAR,Fetranspor,692,17389947,"-22.9075","-43.1749"
321,321-BANCARIOS X CASTELO (VIA LINHA VERMELHA) CIRCULAR,Fetranspor,693,17389947,"-22.9075","-43.1749"
321,321-BANCARIOS X CASTELO (VIA LINHA VERMELHA) CIRCULAR,Fetranspor,694,17389947,"-22.9085","-43.1745"
321,321-BANCARIOS X CASTELO (VIA LINHA VERMELHA) CIRCULAR,Fetranspor,695,17389947,"-22.9085","-43.1745"
321,321-BANCARIOS X CASTELO (VIA LINHA VERMELHA) CIRCULAR,Fetranspor,696,17389947,"-22.9088","-43.1744"
321,321-BANCARIOS X CASTELO (VIA LINHA VERMELHA) CIRCULAR,Fetranspor,697,17389947,"-22.9088","-43.1744"
321,321-BANCARIOS X CASTELO (VIA LINHA VERMELHA) CIRCULAR,Fetranspor,698,17389947,"-22.9099","-43.174"
321,321-BANCARIOS X CASTELO (VIA LINHA VERMELHA) CIRCULAR,Fetranspor,699,17389947,"-22.9099","-43.174"
321,321-BANCARIOS X CASTELO (VIA LINHA VERMELHA) CIRCULAR,Fetranspor,700,17389947,"-22.9104","-43.1738"
321,321-BANCARIOS X CASTELO (VIA LINHA VERMELHA) CIRCULAR,Fetranspor,701,17389947,"-22.9105","-43.1737"
321,321-BANCARIOS X CASTELO (VIA LINHA VERMELHA) CIRCULAR,Fetranspor,702,17389947,"-22.9105","-43.1737"
321,321-BANCARIOS X CASTELO (VIA LINHA VERMELHA) CIRCULAR,Fetranspor,703,17389947,"-22.9103","-43.1734"
321,321-BANCARIOS X CASTELO (VIA LINHA VERMELHA) CIRCULAR,Fetranspor,704,17389947,"-22.9098","-43.1726"
321,321-BANCARIOS X CASTELO (VIA LINHA VERMELHA) CIRCULAR,Fetranspor,705,17389947,"-22.9098","-43.1726"
321,321-BANCARIOS X CASTELO (VIA LINHA VERMELHA) CIRCULAR,Fetranspor,706,17389947,"-22.9096","-43.1723"
321,321-BANCARIOS X CASTELO (VIA LINHA VERMELHA) CIRCULAR,Fetranspor,707,17389947,"-22.9096","-43.1723"
321,321-BANCARIOS X CASTELO (VIA LINHA VERMELHA) CIRCULAR,Fetranspor,708,17389947,"-22.9094","-43.1722"
321,321-BANCARIOS X CASTELO (VIA LINHA VERMELHA) CIRCULAR,Fetranspor,709,17389947,"-22.9094","-43.1722"
321,321-BANCARIOS X CASTELO (VIA LINHA VERMELHA) CIRCULAR,Fetranspor,710,17389947,"-22.9093","-43.1721"
321,321-BANCARIOS X CASTELO (VIA LINHA VERMELHA) CIRCULAR,Fetranspor,711,17389947,"-22.9093","-43.1721"
321,321-BANCARIOS X CASTELO (VIA LINHA VERMELHA) CIRCULAR,Fetranspor,712,17389947,"-22.909","-43.1718"
