linha,descricao,agencia,sequencia,shape_id,latitude,longitude
330,330-PARQUE UNIAO X CASTELO (CIRCULAR),Fetranspor,0,17352983,"-22.8461","-43.2404"
330,330-PARQUE UNIAO X CASTELO (CIRCULAR),Fetranspor,1,17352983,"-22.8464","-43.2407"
330,330-PARQUE UNIAO X CASTELO (CIRCULAR),Fetranspor,2,17352983,"-22.8465","-43.2407"
330,330-PARQUE UNIAO X CASTELO (CIRCULAR),Fetranspor,3,17352983,"-22.8465","-43.2408"
330,330-PARQUE UNIAO X CASTELO (CIRCULAR),Fetranspor,4,17352983,"-22.8466","-43.242"
330,330-PARQUE UNIAO X CASTELO (CIRCULAR),Fetranspor,5,17352983,"-22.8468","-43.2435"
330,330-PARQUE UNIAO X CASTELO (CIRCULAR),Fetranspor,6,17352983,"-22.8468","-43.2435"
330,330-PARQUE UNIAO X CASTELO (CIRCULAR),Fetranspor,7,17352983,"-22.8468","-43.244"
330,330-PARQUE UNIAO X CASTELO (CIRCULAR),Fetranspor,8,17352983,"-22.8468","-43.244"
330,330-PARQUE UNIAO X CASTELO (CIRCULAR),Fetranspor,9,17352983,"-22.8469","-43.2447"
330,330-PARQUE UNIAO X CASTELO (CIRCULAR),Fetranspor,10,17352983,"-22.8469","-43.2448"
330,330-PARQUE UNIAO X CASTELO (CIRCULAR),Fetranspor,11,17352983,"-22.8469","-43.2448"
330,330-PARQUE UNIAO X CASTELO (CIRCULAR),Fetranspor,12,17352983,"-22.847","-43.2456"
330,330-PARQUE UNIAO X CASTELO (CIRCULAR),Fetranspor,13,17352983,"-22.847","-43.2458"
330,330-PARQUE UNIAO X CASTELO (CIRCULAR),Fetranspor,14,17352983,"-22.847","-43.2458"
330,330-PARQUE UNIAO X CASTELO (CIRCULAR),Fetranspor,15,17352983,"-22.847","-43.2459"
330,330-PARQUE UNIAO X CASTELO (CIRCULAR),Fetranspor,16,17352983,"-22.847","-43.2459"
330,330-PARQUE UNIAO X CASTELO (CIRCULAR),Fetranspor,17,17352983,"-22.8473","-43.2463"
330,330-PARQUE UNIAO X CASTELO (CIRCULAR),Fetranspor,18,17352983,"-22.8473","-43.2465"
330,330-PARQUE UNIAO X CASTELO (CIRCULAR),Fetranspor,19,17352983,"-22.8475","-43.2466"
330,330-PARQUE UNIAO X CASTELO (CIRCULAR),Fetranspor,20,17352983,"-22.8475","-43.2467"
330,330-PARQUE UNIAO X CASTELO (CIRCULAR),Fetranspor,21,17352983,"-22.8476","-43.2468"
330,330-PARQUE UNIAO X CASTELO (CIRCULAR),Fetranspor,22,17352983,"-22.848","-43.2471"
330,330-PARQUE UNIAO X CASTELO (CIRCULAR),Fetranspor,23,17352983,"-22.8482","-43.2472"
330,330-PARQUE UNIAO X CASTELO (CIRCULAR),Fetranspor,24,17352983,"-22.8484","-43.2473"
330,330-PARQUE UNIAO X CASTELO (CIRCULAR),Fetranspor,25,17352983,"-22.8487","-43.2474"
330,330-PARQUE UNIAO X CASTELO (CIRCULAR),Fetranspor,26,17352983,"-22.8489","-43.2474"
330,330-PARQUE UNIAO X CASTELO (CIRCULAR),Fetranspor,27,17352983,"-22.8493","-43.2475"
330,330-PARQUE UNIAO X CASTELO (CIRCULAR),Fetranspor,28,17352983,"-22.8517","-43.2477"
330,330-PARQUE UNIAO X CASTELO (CIRCULAR),Fetranspor,29,17352983,"-22.8517","-43.2477"
330,330-PARQUE UNIAO X CASTELO (CIRCULAR),Fetranspor,30,17352983,"-22.8519","-43.2478"
330,330-PARQUE UNIAO X CASTELO (CIRCULAR),Fetranspor,31,17352983,"-22.8522","-43.2478"
330,330-PARQUE UNIAO X CASTELO (CIRCULAR),Fetranspor,32,17352983,"-22.8525","-43.2478"
330,330-PARQUE UNIAO X CASTELO (CIRCULAR),Fetranspor,33,17352983,"-22.8525","-43.2478"
330,330-PARQUE UNIAO X CASTELO (CIRCULAR),Fetranspor,34,17352983,"-22.8532","-43.2479"
330,330-PARQUE UNIAO X CASTELO (CIRCULAR),Fetranspor,35,17352983,"-22.8534","-43.2479"
330,330-PARQUE UNIAO X CASTELO (CIRCULAR),Fetranspor,36,17352983,"-22.8534","-43.2479"
330,330-PARQUE UNIAO X CASTELO (CIRCULAR),Fetranspor,37,17352983,"-22.8544","-43.2479"
330,330-PARQUE UNIAO X CASTELO (CIRCULAR),Fetranspor,38,17352983,"-22.8551","-43.2479"
330,330-PARQUE UNIAO X CASTELO (CIRCULAR),Fetranspor,39,17352983,"-22.8551","-43.2479"
330,330-PARQUE UNIAO X CASTELO (CIRCULAR),Fetranspor,40,17352983,"-22.8561","-43.2479"
330,330-PARQUE UNIAO X CASTELO (CIRCULAR),Fetranspor,41,17352983,"-22.8561","-43.2479"
330,330-PARQUE UNIAO X CASTELO (CIRCULAR),Fetranspor,42,17352983,"-22.8565","-43.2479"
330,330-PARQUE UNIAO X CASTELO (CIRCULAR),Fetranspor,43,17352983,"-22.8565","-43.2479"
330,330-PARQUE UNIAO X CASTELO (CIRCULAR),Fetranspor,44,17352983,"-22.8578","-43.248"
330,330-PARQUE UNIAO X CASTELO (CIRCULAR),Fetranspor,45,17352983,"-22.8578","-43.248"
330,330-PARQUE UNIAO X CASTELO (CIRCULAR),Fetranspor,46,17352983,"-22.858","-43.248"
330,330-PARQUE UNIAO X CASTELO (CIRCULAR),Fetranspor,47,17352983,"-22.8586","-43.248"
330,330-PARQUE UNIAO X CASTELO (CIRCULAR),Fetranspor,48,17352983,"-22.8586","-43.248"
330,330-PARQUE UNIAO X CASTELO (CIRCULAR),Fetranspor,49,17352983,"-22.8596","-43.248"
330,330-PARQUE UNIAO X CASTELO (CIRCULAR),Fetranspor,50,17352983,"-22.8605","-43.2481"
330,330-PARQUE UNIAO X CASTELO (CIRCULAR),Fetranspor,51,17352983,"-22.8605","-43.2481"
330,330-PARQUE UNIAO X CASTELO (CIRCULAR),Fetranspor,52,17352983,"-22.8612","-43.2481"
330,330-PARQUE UNIAO X CASTELO (CIRCULAR),Fetranspor,53,17352983,"-22.8612","-43.2481"
330,330-PARQUE UNIAO X CASTELO (CIRCULAR),Fetranspor,54,17352983,"-22.8613","-43.2481"
330,330-PARQUE UNIAO X CASTELO (CIRCULAR),Fetranspor,55,17352983,"-22.8623","-43.2481"
330,330-PARQUE UNIAO X CASTELO (CIRCULAR),Fetranspor,56,17352983,"-22.8623","-43.2481"
330,330-PARQUE UNIAO X CASTELO (CIRCULAR),Fetranspor,57,17352983,"-22.8634","-43.2481"
330,330-PARQUE UNIAO X CASTELO (CIRCULAR),Fetranspor,58,17352983,"-22.8634","-43.2481"
330,330-PARQUE UNIAO X CASTELO (CIRCULAR),Fetranspor,59,17352983,"-22.8638","-43.2482"
330,330-PARQUE UNIAO X CASTELO (CIRCULAR),Fetranspor,60,17352983,"-22.8638","-43.2482"
330,330-PARQUE UNIAO X CASTELO (CIRCULAR),Fetranspor,61,17352983,"-22.8641","-43.2482"
330,330-PARQUE UNIAO X CASTELO (CIRCULAR),Fetranspor,62,17352983,"-22.8644","-43.2481"
330,330-PARQUE UNIAO X CASTELO (CIRCULAR),Fetranspor,63,17352983,"-22.8644","-43.2481"
330,330-PARQUE UNIAO X CASTELO (CIRCULAR),Fetranspor,64,17352983,"-22.8648","-43.2481"
330,330-PARQUE UNIAO X CASTELO (CIRCULAR),Fetranspor,65,17352983,"-22.865","-43.2481"
330,330-PARQUE UNIAO X CASTELO (CIRCULAR),Fetranspor,66,17352983,"-22.865","-43.2481"
330,330-PARQUE UNIAO X CASTELO (CIRCULAR),Fetranspor,67,17352983,"-22.8655","-43.248"
330,330-PARQUE UNIAO X CASTELO (CIRCULAR),Fetranspor,68,17352983,"-22.8658","-43.248"
330,330-PARQUE UNIAO X CASTELO (CIRCULAR),Fetranspor,69,17352983,"-22.8661","-43.2479"
330,330-PARQUE UNIAO X CASTELO (CIRCULAR),Fetranspor,70,17352983,"-22.8661","-43.2479"
330,330-PARQUE UNIAO X CASTELO (CIRCULAR),Fetranspor,71,17352983,"-22.868","-43.2476"
330,330-PARQUE UNIAO X CASTELO (CIRCULAR),Fetranspor,72,17352983,"-22.868","-43.2476"
330,330-PARQUE UNIAO X CASTELO (CIRCULAR),Fetranspor,73,17352983,"-22.8682","-43.2476"
330,330-PARQUE UNIAO X CASTELO (CIRCULAR),Fetranspor,74,17352983,"-22.8682","-43.2476"
330,330-PARQUE UNIAO X CASTELO (CIRCULAR),Fetranspor,75,17352983,"-22.8686","-43.2475"
330,330-PARQUE UNIAO X CASTELO (CIRCULAR),Fetranspor,76,17352983,"-22.8694","-43.2473"
330,330-PARQUE UNIAO X CASTELO (CIRCULAR),Fetranspor,77,17352983,"-22.8694","-43.2473"
330,330-PARQUE UNIAO X CASTELO (CIRCULAR),Fetranspor,78,17352983,"-22.8694","-43.2473"
330,330-PARQUE UNIAO X CASTELO (CIRCULAR),Fetranspor,79,17352983,"-22.8695","-43.2473"
330,330-PARQUE UNIAO X CASTELO (CIRCULAR),Fetranspor,80,17352983,"-22.8697","-43.2472"
330,330-PARQUE UNIAO X CASTELO (CIRCULAR),Fetranspor,81,17352983,"-22.8699","-43.2471"
330,330-PARQUE UNIAO X CASTELO (CIRCULAR),Fetranspor,82,17352983,"-22.8708","-43.2467"
330,330-PARQUE UNIAO X CASTELO (CIRCULAR),Fetranspor,83,17352983,"-22.8708","-43.2467"
330,330-PARQUE UNIAO X CASTELO (CIRCULAR),Fetranspor,84,17352983,"-22.871","-43.2466"
330,330-PARQUE UNIAO X CASTELO (CIRCULAR),Fetranspor,85,17352983,"-22.8713","-43.2464"
330,330-PARQUE UNIAO X CASTELO (CIRCULAR),Fetranspor,86,17352983,"-22.8713","-43.2464"
330,330-PARQUE UNIAO X CASTELO (CIRCULAR),Fetranspor,87,17352983,"-22.8713","-43.2464"
330,330-PARQUE UNIAO X CASTELO (CIRCULAR),Fetranspor,88,17352983,"-22.8716","-43.2461"
330,330-PARQUE UNIAO X CASTELO (CIRCULAR),Fetranspor,89,17352983,"-22.8722","-43.2456"
330,330-PARQUE UNIAO X CASTELO (CIRCULAR),Fetranspor,90,17352983,"-22.8725","-43.2454"
330,330-PARQUE UNIAO X CASTELO (CIRCULAR),Fetranspor,91,17352983,"-22.8725","-43.2454"
330,330-PARQUE UNIAO X CASTELO (CIRCULAR),Fetranspor,92,17352983,"-22.8745","-43.2439"
330,330-PARQUE UNIAO X CASTELO (CIRCULAR),Fetranspor,93,17352983,"-22.875","-43.2435"
330,330-PARQUE UNIAO X CASTELO (CIRCULAR),Fetranspor,94,17352983,"-22.8753","-43.2433"
330,330-PARQUE UNIAO X CASTELO (CIRCULAR),Fetranspor,95,17352983,"-22.8753","-43.2433"
330,330-PARQUE UNIAO X CASTELO (CIRCULAR),Fetranspor,96,17352983,"-22.8755","-43.2431"
330,330-PARQUE UNIAO X CASTELO (CIRCULAR),Fetranspor,97,17352983,"-22.8756","-43.243"
330,330-PARQUE UNIAO X CASTELO (CIRCULAR),Fetranspor,98,17352983,"-22.8765","-43.2423"
330,330-PARQUE UNIAO X CASTELO (CIRCULAR),Fetranspor,99,17352983,"-22.8767","-43.2422"
330,330-PARQUE UNIAO X CASTELO (CIRCULAR),Fetranspor,100,17352983,"-22.8783","-43.2411"
330,330-PARQUE UNIAO X CASTELO (CIRCULAR),Fetranspor,101,17352983,"-22.8783","-43.2411"
330,330-PARQUE UNIAO X CASTELO (CIRCULAR),Fetranspor,102,17352983,"-22.8786","-43.2409"
330,330-PARQUE UNIAO X CASTELO (CIRCULAR),Fetranspor,103,17352983,"-22.8796","-43.2401"
330,330-PARQUE UNIAO X CASTELO (CIRCULAR),Fetranspor,104,17352983,"-22.8796","-43.2401"
330,330-PARQUE UNIAO X CASTELO (CIRCULAR),Fetranspor,105,17352983,"-22.8814","-43.2389"
330,330-PARQUE UNIAO X CASTELO (CIRCULAR),Fetranspor,106,17352983,"-22.8818","-43.2386"
330,330-PARQUE UNIAO X CASTELO (CIRCULAR),Fetranspor,107,17352983,"-22.8821","-43.2383"
330,330-PARQUE UNIAO X CASTELO (CIRCULAR),Fetranspor,108,17352983,"-22.8833","-43.2372"
330,330-PARQUE UNIAO X CASTELO (CIRCULAR),Fetranspor,109,17352983,"-22.8841","-43.2365"
330,330-PARQUE UNIAO X CASTELO (CIRCULAR),Fetranspor,110,17352983,"-22.8848","-43.2358"
330,330-PARQUE UNIAO X CASTELO (CIRCULAR),Fetranspor,111,17352983,"-22.8848","-43.2358"
330,330-PARQUE UNIAO X CASTELO (CIRCULAR),Fetranspor,112,17352983,"-22.8852","-43.2355"
330,330-PARQUE UNIAO X CASTELO (CIRCULAR),Fetranspor,113,17352983,"-22.8855","-43.2351"
330,330-PARQUE UNIAO X CASTELO (CIRCULAR),Fetranspor,114,17352983,"-22.8859","-43.2348"
330,330-PARQUE UNIAO X CASTELO (CIRCULAR),Fetranspor,115,17352983,"-22.8859","-43.2348"
330,330-PARQUE UNIAO X CASTELO (CIRCULAR),Fetranspor,116,17352983,"-22.8859","-43.2348"
330,330-PARQUE UNIAO X CASTELO (CIRCULAR),Fetranspor,117,17352983,"-22.8862","-43.2345"
330,330-PARQUE UNIAO X CASTELO (CIRCULAR),Fetranspor,118,17352983,"-22.8865","-43.2342"
330,330-PARQUE UNIAO X CASTELO (CIRCULAR),Fetranspor,119,17352983,"-22.8866","-43.2341"
330,330-PARQUE UNIAO X CASTELO (CIRCULAR),Fetranspor,120,17352983,"-22.8867","-43.2339"
330,330-PARQUE UNIAO X CASTELO (CIRCULAR),Fetranspor,121,17352983,"-22.8869","-43.2337"
330,330-PARQUE UNIAO X CASTELO (CIRCULAR),Fetranspor,122,17352983,"-22.8869","-43.2337"
330,330-PARQUE UNIAO X CASTELO (CIRCULAR),Fetranspor,123,17352983,"-22.887","-43.2335"
330,330-PARQUE UNIAO X CASTELO (CIRCULAR),Fetranspor,124,17352983,"-22.8871","-43.2332"
330,330-PARQUE UNIAO X CASTELO (CIRCULAR),Fetranspor,125,17352983,"-22.8871","-43.2332"
330,330-PARQUE UNIAO X CASTELO (CIRCULAR),Fetranspor,126,17352983,"-22.8872","-43.233"
330,330-PARQUE UNIAO X CASTELO (CIRCULAR),Fetranspor,127,17352983,"-22.8872","-43.2327"
330,330-PARQUE UNIAO X CASTELO (CIRCULAR),Fetranspor,128,17352983,"-22.8873","-43.2324"
330,330-PARQUE UNIAO X CASTELO (CIRCULAR),Fetranspor,129,17352983,"-22.8873","-43.2322"
330,330-PARQUE UNIAO X CASTELO (CIRCULAR),Fetranspor,130,17352983,"-22.8873","-43.232"
330,330-PARQUE UNIAO X CASTELO (CIRCULAR),Fetranspor,131,17352983,"-22.8873","-43.2317"
330,330-PARQUE UNIAO X CASTELO (CIRCULAR),Fetranspor,132,17352983,"-22.8873","-43.2313"
330,330-PARQUE UNIAO X CASTELO (CIRCULAR),Fetranspor,133,17352983,"-22.8872","-43.2311"
330,330-PARQUE UNIAO X CASTELO (CIRCULAR),Fetranspor,134,17352983,"-22.8872","-43.2311"
330,330-PARQUE UNIAO X CASTELO (CIRCULAR),Fetranspor,135,17352983,"-22.8872","-43.231"
330,330-PARQUE UNIAO X CASTELO (CIRCULAR),Fetranspor,136,17352983,"-22.8871","-43.2307"
330,330-PARQUE UNIAO X CASTELO (CIRCULAR),Fetranspor,137,17352983,"-22.8871","-43.2305"
330,330-PARQUE UNIAO X CASTELO (CIRCULAR),Fetranspor,138,17352983,"-22.887","-43.2303"
330,330-PARQUE UNIAO X CASTELO (CIRCULAR),Fetranspor,139,17352983,"-22.8868","-43.2301"
330,330-PARQUE UNIAO X CASTELO (CIRCULAR),Fetranspor,140,17352983,"-22.8866","-43.2298"
330,330-PARQUE UNIAO X CASTELO (CIRCULAR),Fetranspor,141,17352983,"-22.8866","-43.2298"
330,330-PARQUE UNIAO X CASTELO (CIRCULAR),Fetranspor,142,17352983,"-22.8866","-43.2297"
330,330-PARQUE UNIAO X CASTELO (CIRCULAR),Fetranspor,143,17352983,"-22.8862","-43.2293"
330,330-PARQUE UNIAO X CASTELO (CIRCULAR),Fetranspor,144,17352983,"-22.8858","-43.2288"
330,330-PARQUE UNIAO X CASTELO (CIRCULAR),Fetranspor,145,17352983,"-22.8858","-43.2288"
330,330-PARQUE UNIAO X CASTELO (CIRCULAR),Fetranspor,146,17352983,"-22.8856","-43.2285"
330,330-PARQUE UNIAO X CASTELO (CIRCULAR),Fetranspor,147,17352983,"-22.8854","-43.2282"
330,330-PARQUE UNIAO X CASTELO (CIRCULAR),Fetranspor,148,17352983,"-22.8853","-43.2281"
330,330-PARQUE UNIAO X CASTELO (CIRCULAR),Fetranspor,149,17352983,"-22.8852","-43.2279"
330,330-PARQUE UNIAO X CASTELO (CIRCULAR),Fetranspor,150,17352983,"-22.8852","-43.2279"
330,330-PARQUE UNIAO X CASTELO (CIRCULAR),Fetranspor,151,17352983,"-22.8852","-43.2278"
330,330-PARQUE UNIAO X CASTELO (CIRCULAR),Fetranspor,152,17352983,"-22.8851","-43.2276"
330,330-PARQUE UNIAO X CASTELO (CIRCULAR),Fetranspor,153,17352983,"-22.8851","-43.2276"
330,330-PARQUE UNIAO X CASTELO (CIRCULAR),Fetranspor,154,17352983,"-22.8851","-43.2275"
330,330-PARQUE UNIAO X CASTELO (CIRCULAR),Fetranspor,155,17352983,"-22.8851","-43.2273"
330,330-PARQUE UNIAO X CASTELO (CIRCULAR),Fetranspor,156,17352983,"-22.8851","-43.2271"
330,330-PARQUE UNIAO X CASTELO (CIRCULAR),Fetranspor,157,17352983,"-22.8851","-43.227"
330,330-PARQUE UNIAO X CASTELO (CIRCULAR),Fetranspor,158,17352983,"-22.8852","-43.2268"
330,330-PARQUE UNIAO X CASTELO (CIRCULAR),Fetranspor,159,17352983,"-22.8852","-43.2268"
330,330-PARQUE UNIAO X CASTELO (CIRCULAR),Fetranspor,160,17352983,"-22.8853","-43.2265"
330,330-PARQUE UNIAO X CASTELO (CIRCULAR),Fetranspor,161,17352983,"-22.8854","-43.2263"
330,330-PARQUE UNIAO X CASTELO (CIRCULAR),Fetranspor,162,17352983,"-22.8855","-43.2262"
330,330-PARQUE UNIAO X CASTELO (CIRCULAR),Fetranspor,163,17352983,"-22.8855","-43.2262"
330,330-PARQUE UNIAO X CASTELO (CIRCULAR),Fetranspor,164,17352983,"-22.8856","-43.2261"
330,330-PARQUE UNIAO X CASTELO (CIRCULAR),Fetranspor,165,17352983,"-22.8858","-43.2258"
330,330-PARQUE UNIAO X CASTELO (CIRCULAR),Fetranspor,166,17352983,"-22.8858","-43.2258"
330,330-PARQUE UNIAO X CASTELO (CIRCULAR),Fetranspor,167,17352983,"-22.8861","-43.2256"
330,330-PARQUE UNIAO X CASTELO (CIRCULAR),Fetranspor,168,17352983,"-22.8862","-43.2255"
330,330-PARQUE UNIAO X CASTELO (CIRCULAR),Fetranspor,169,17352983,"-22.8865","-43.2252"
330,330-PARQUE UNIAO X CASTELO (CIRCULAR),Fetranspor,170,17352983,"-22.8865","-43.2252"
330,330-PARQUE UNIAO X CASTELO (CIRCULAR),Fetranspor,171,17352983,"-22.8867","-43.225"
330,330-PARQUE UNIAO X CASTELO (CIRCULAR),Fetranspor,172,17352983,"-22.8872","-43.2244"
330,330-PARQUE UNIAO X CASTELO (CIRCULAR),Fetranspor,173,17352983,"-22.8873","-43.2243"
330,330-PARQUE UNIAO X CASTELO (CIRCULAR),Fetranspor,174,17352983,"-22.8873","-43.2243"
330,330-PARQUE UNIAO X CASTELO (CIRCULAR),Fetranspor,175,17352983,"-22.888","-43.2236"
330,330-PARQUE UNIAO X CASTELO (CIRCULAR),Fetranspor,176,17352983,"-22.8884","-43.2232"
330,330-PARQUE UNIAO X CASTELO (CIRCULAR),Fetranspor,177,17352983,"-22.8885","-43.2231"
330,330-PARQUE UNIAO X CASTELO (CIRCULAR),Fetranspor,178,17352983,"-22.8885","-43.2231"
330,330-PARQUE UNIAO X CASTELO (CIRCULAR),Fetranspor,179,17352983,"-22.8886","-43.223"
330,330-PARQUE UNIAO X CASTELO (CIRCULAR),Fetranspor,180,17352983,"-22.8886","-43.223"
330,330-PARQUE UNIAO X CASTELO (CIRCULAR),Fetranspor,181,17352983,"-22.8888","-43.2227"
330,330-PARQUE UNIAO X CASTELO (CIRCULAR),Fetranspor,182,17352983,"-22.8889","-43.2225"
330,330-PARQUE UNIAO X CASTELO (CIRCULAR),Fetranspor,183,17352983,"-22.889","-43.2222"
330,330-PARQUE UNIAO X CASTELO (CIRCULAR),Fetranspor,184,17352983,"-22.8891","-43.2219"
330,330-PARQUE UNIAO X CASTELO (CIRCULAR),Fetranspor,185,17352983,"-22.8892","-43.2216"
330,330-PARQUE UNIAO X CASTELO (CIRCULAR),Fetranspor,186,17352983,"-22.8893","-43.2204"
330,330-PARQUE UNIAO X CASTELO (CIRCULAR),Fetranspor,187,17352983,"-22.8893","-43.2204"
330,330-PARQUE UNIAO X CASTELO (CIRCULAR),Fetranspor,188,17352983,"-22.8893","-43.2201"
330,330-PARQUE UNIAO X CASTELO (CIRCULAR),Fetranspor,189,17352983,"-22.8893","-43.2201"
330,330-PARQUE UNIAO X CASTELO (CIRCULAR),Fetranspor,190,17352983,"-22.8894","-43.2192"
330,330-PARQUE UNIAO X CASTELO (CIRCULAR),Fetranspor,191,17352983,"-22.8894","-43.2192"
330,330-PARQUE UNIAO X CASTELO (CIRCULAR),Fetranspor,192,17352983,"-22.8894","-43.2189"
330,330-PARQUE UNIAO X CASTELO (CIRCULAR),Fetranspor,193,17352983,"-22.8894","-43.2187"
330,330-PARQUE UNIAO X CASTELO (CIRCULAR),Fetranspor,194,17352983,"-22.8894","-43.2186"
330,330-PARQUE UNIAO X CASTELO (CIRCULAR),Fetranspor,195,17352983,"-22.8895","-43.2184"
330,330-PARQUE UNIAO X CASTELO (CIRCULAR),Fetranspor,196,17352983,"-22.8895","-43.2183"
330,330-PARQUE UNIAO X CASTELO (CIRCULAR),Fetranspor,197,17352983,"-22.8896","-43.2181"
330,330-PARQUE UNIAO X CASTELO (CIRCULAR),Fetranspor,198,17352983,"-22.8896","-43.2181"
330,330-PARQUE UNIAO X CASTELO (CIRCULAR),Fetranspor,199,17352983,"-22.8897","-43.218"
330,330-PARQUE UNIAO X CASTELO (CIRCULAR),Fetranspor,200,17352983,"-22.8898","-43.2179"
330,330-PARQUE UNIAO X CASTELO (CIRCULAR),Fetranspor,201,17352983,"-22.8899","-43.2178"
330,330-PARQUE UNIAO X CASTELO (CIRCULAR),Fetranspor,202,17352983,"-22.89","-43.2177"
330,330-PARQUE UNIAO X CASTELO (CIRCULAR),Fetranspor,203,17352983,"-22.8901","-43.2176"
330,330-PARQUE UNIAO X CASTELO (CIRCULAR),Fetranspor,204,17352983,"-22.8904","-43.2174"
330,330-PARQUE UNIAO X CASTELO (CIRCULAR),Fetranspor,205,17352983,"-22.891","-43.2172"
330,330-PARQUE UNIAO X CASTELO (CIRCULAR),Fetranspor,206,17352983,"-22.8925","-43.2164"
330,330-PARQUE UNIAO X CASTELO (CIRCULAR),Fetranspor,207,17352983,"-22.8925","-43.2164"
330,330-PARQUE UNIAO X CASTELO (CIRCULAR),Fetranspor,208,17352983,"-22.8955","-43.215"
330,330-PARQUE UNIAO X CASTELO (CIRCULAR),Fetranspor,209,17352983,"-22.8955","-43.215"
330,330-PARQUE UNIAO X CASTELO (CIRCULAR),Fetranspor,210,17352983,"-22.8957","-43.2149"
330,330-PARQUE UNIAO X CASTELO (CIRCULAR),Fetranspor,211,17352983,"-22.8958","-43.2148"
330,330-PARQUE UNIAO X CASTELO (CIRCULAR),Fetranspor,212,17352983,"-22.8959","-43.2147"
330,330-PARQUE UNIAO X CASTELO (CIRCULAR),Fetranspor,213,17352983,"-22.8962","-43.2145"
330,330-PARQUE UNIAO X CASTELO (CIRCULAR),Fetranspor,214,17352983,"-22.8964","-43.2143"
330,330-PARQUE UNIAO X CASTELO (CIRCULAR),Fetranspor,215,17352983,"-22.8968","-43.2137"
330,330-PARQUE UNIAO X CASTELO (CIRCULAR),Fetranspor,216,17352983,"-22.8968","-43.2137"
330,330-PARQUE UNIAO X CASTELO (CIRCULAR),Fetranspor,217,17352983,"-22.8974","-43.2128"
330,330-PARQUE UNIAO X CASTELO (CIRCULAR),Fetranspor,218,17352983,"-22.8979","-43.2121"
330,330-PARQUE UNIAO X CASTELO (CIRCULAR),Fetranspor,219,17352983,"-22.8979","-43.2121"
330,330-PARQUE UNIAO X CASTELO (CIRCULAR),Fetranspor,220,17352983,"-22.8984","-43.2116"
330,330-PARQUE UNIAO X CASTELO (CIRCULAR),Fetranspor,221,17352983,"-22.8984","-43.2116"
330,330-PARQUE UNIAO X CASTELO (CIRCULAR),Fetranspor,222,17352983,"-22.8986","-43.2113"
330,330-PARQUE UNIAO X CASTELO (CIRCULAR),Fetranspor,223,17352983,"-22.8989","-43.211"
330,330-PARQUE UNIAO X CASTELO (CIRCULAR),Fetranspor,224,17352983,"-22.8991","-43.2108"
330,330-PARQUE UNIAO X CASTELO (CIRCULAR),Fetranspor,225,17352983,"-22.8993","-43.2107"
330,330-PARQUE UNIAO X CASTELO (CIRCULAR),Fetranspor,226,17352983,"-22.8994","-43.2107"
330,330-PARQUE UNIAO X CASTELO (CIRCULAR),Fetranspor,227,17352983,"-22.8995","-43.2106"
330,330-PARQUE UNIAO X CASTELO (CIRCULAR),Fetranspor,228,17352983,"-22.8995","-43.2106"
330,330-PARQUE UNIAO X CASTELO (CIRCULAR),Fetranspor,229,17352983,"-22.8996","-43.2106"
330,330-PARQUE UNIAO X CASTELO (CIRCULAR),Fetranspor,230,17352983,"-22.8997","-43.2106"
330,330-PARQUE UNIAO X CASTELO (CIRCULAR),Fetranspor,231,17352983,"-22.9002","-43.2106"
330,330-PARQUE UNIAO X CASTELO (CIRCULAR),Fetranspor,232,17352983,"-22.9002","-43.2106"
330,330-PARQUE UNIAO X CASTELO (CIRCULAR),Fetranspor,233,17352983,"-22.9016","-43.2105"
330,330-PARQUE UNIAO X CASTELO (CIRCULAR),Fetranspor,234,17352983,"-22.9016","-43.2105"
330,330-PARQUE UNIAO X CASTELO (CIRCULAR),Fetranspor,235,17352983,"-22.9018","-43.2105"
330,330-PARQUE UNIAO X CASTELO (CIRCULAR),Fetranspor,236,17352983,"-22.9018","-43.2105"
330,330-PARQUE UNIAO X CASTELO (CIRCULAR),Fetranspor,237,17352983,"-22.9022","-43.2104"
330,330-PARQUE UNIAO X CASTELO (CIRCULAR),Fetranspor,238,17352983,"-22.9025","-43.2104"
330,330-PARQUE UNIAO X CASTELO (CIRCULAR),Fetranspor,239,17352983,"-22.9033","-43.2104"
330,330-PARQUE UNIAO X CASTELO (CIRCULAR),Fetranspor,240,17352983,"-22.9038","-43.2104"
330,330-PARQUE UNIAO X CASTELO (CIRCULAR),Fetranspor,241,17352983,"-22.9038","-43.2104"
330,330-PARQUE UNIAO X CASTELO (CIRCULAR),Fetranspor,242,17352983,"-22.9039","-43.2103"
330,330-PARQUE UNIAO X CASTELO (CIRCULAR),Fetranspor,243,17352983,"-22.9039","-43.2103"
330,330-PARQUE UNIAO X CASTELO (CIRCULAR),Fetranspor,244,17352983,"-22.9048","-43.2103"
330,330-PARQUE UNIAO X CASTELO (CIRCULAR),Fetranspor,245,17352983,"-22.9048","-43.2103"
330,330-PARQUE UNIAO X CASTELO (CIRCULAR),Fetranspor,246,17352983,"-22.9054","-43.2102"
330,330-PARQUE UNIAO X CASTELO (CIRCULAR),Fetranspor,247,17352983,"-22.9058","-43.2101"
330,330-PARQUE UNIAO X CASTELO (CIRCULAR),Fetranspor,248,17352983,"-22.9059","-43.21"
330,330-PARQUE UNIAO X CASTELO (CIRCULAR),Fetranspor,249,17352983,"-22.9059","-43.21"
330,330-PARQUE UNIAO X CASTELO (CIRCULAR),Fetranspor,250,17352983,"-22.9065","-43.21"
330,330-PARQUE UNIAO X CASTELO (CIRCULAR),Fetranspor,251,17352983,"-22.9065","-43.21"
330,330-PARQUE UNIAO X CASTELO (CIRCULAR),Fetranspor,252,17352983,"-22.9065","-43.21"
330,330-PARQUE UNIAO X CASTELO (CIRCULAR),Fetranspor,253,17352983,"-22.9068","-43.21"
330,330-PARQUE UNIAO X CASTELO (CIRCULAR),Fetranspor,254,17352983,"-22.9068","-43.21"
330,330-PARQUE UNIAO X CASTELO (CIRCULAR),Fetranspor,255,17352983,"-22.907","-43.21"
330,330-PARQUE UNIAO X CASTELO (CIRCULAR),Fetranspor,256,17352983,"-22.907","-43.21"
330,330-PARQUE UNIAO X CASTELO (CIRCULAR),Fetranspor,257,17352983,"-22.9084","-43.2099"
330,330-PARQUE UNIAO X CASTELO (CIRCULAR),Fetranspor,258,17352983,"-22.9092","-43.2099"
330,330-PARQUE UNIAO X CASTELO (CIRCULAR),Fetranspor,259,17352983,"-22.9096","-43.2098"
330,330-PARQUE UNIAO X CASTELO (CIRCULAR),Fetranspor,260,17352983,"-22.9097","-43.2098"
330,330-PARQUE UNIAO X CASTELO (CIRCULAR),Fetranspor,261,17352983,"-22.9097","-43.2098"
330,330-PARQUE UNIAO X CASTELO (CIRCULAR),Fetranspor,262,17352983,"-22.9099","-43.2097"
330,330-PARQUE UNIAO X CASTELO (CIRCULAR),Fetranspor,263,17352983,"-22.91","-43.2097"
330,330-PARQUE UNIAO X CASTELO (CIRCULAR),Fetranspor,264,17352983,"-22.91","-43.2097"
330,330-PARQUE UNIAO X CASTELO (CIRCULAR),Fetranspor,265,17352983,"-22.9102","-43.2096"
330,330-PARQUE UNIAO X CASTELO (CIRCULAR),Fetranspor,266,17352983,"-22.9103","-43.2094"
330,330-PARQUE UNIAO X CASTELO (CIRCULAR),Fetranspor,267,17352983,"-22.9104","-43.2093"
330,330-PARQUE UNIAO X CASTELO (CIRCULAR),Fetranspor,268,17352983,"-22.9105","-43.2091"
330,330-PARQUE UNIAO X CASTELO (CIRCULAR),Fetranspor,269,17352983,"-22.9106","-43.2089"
330,330-PARQUE UNIAO X CASTELO (CIRCULAR),Fetranspor,270,17352983,"-22.9106","-43.2088"
330,330-PARQUE UNIAO X CASTELO (CIRCULAR),Fetranspor,271,17352983,"-22.9106","-43.2086"
330,330-PARQUE UNIAO X CASTELO (CIRCULAR),Fetranspor,272,17352983,"-22.9107","-43.2084"
330,330-PARQUE UNIAO X CASTELO (CIRCULAR),Fetranspor,273,17352983,"-22.9107","-43.2082"
330,330-PARQUE UNIAO X CASTELO (CIRCULAR),Fetranspor,274,17352983,"-22.9107","-43.208"
330,330-PARQUE UNIAO X CASTELO (CIRCULAR),Fetranspor,275,17352983,"-22.9107","-43.2079"
330,330-PARQUE UNIAO X CASTELO (CIRCULAR),Fetranspor,276,17352983,"-22.9106","-43.2077"
330,330-PARQUE UNIAO X CASTELO (CIRCULAR),Fetranspor,277,17352983,"-22.9103","-43.2067"
330,330-PARQUE UNIAO X CASTELO (CIRCULAR),Fetranspor,278,17352983,"-22.9101","-43.2061"
330,330-PARQUE UNIAO X CASTELO (CIRCULAR),Fetranspor,279,17352983,"-22.9101","-43.2061"
330,330-PARQUE UNIAO X CASTELO (CIRCULAR),Fetranspor,280,17352983,"-22.9095","-43.2042"
330,330-PARQUE UNIAO X CASTELO (CIRCULAR),Fetranspor,281,17352983,"-22.9095","-43.2042"
330,330-PARQUE UNIAO X CASTELO (CIRCULAR),Fetranspor,282,17352983,"-22.9094","-43.2038"
330,330-PARQUE UNIAO X CASTELO (CIRCULAR),Fetranspor,283,17352983,"-22.9093","-43.2034"
330,330-PARQUE UNIAO X CASTELO (CIRCULAR),Fetranspor,284,17352983,"-22.9093","-43.2034"
330,330-PARQUE UNIAO X CASTELO (CIRCULAR),Fetranspor,285,17352983,"-22.9087","-43.2016"
330,330-PARQUE UNIAO X CASTELO (CIRCULAR),Fetranspor,286,17352983,"-22.9084","-43.2006"
330,330-PARQUE UNIAO X CASTELO (CIRCULAR),Fetranspor,287,17352983,"-22.9084","-43.2006"
330,330-PARQUE UNIAO X CASTELO (CIRCULAR),Fetranspor,288,17352983,"-22.9082","-43.2002"
330,330-PARQUE UNIAO X CASTELO (CIRCULAR),Fetranspor,289,17352983,"-22.9082","-43.2001"
330,330-PARQUE UNIAO X CASTELO (CIRCULAR),Fetranspor,290,17352983,"-22.9081","-43.2"
330,330-PARQUE UNIAO X CASTELO (CIRCULAR),Fetranspor,291,17352983,"-22.908","-43.1996"
330,330-PARQUE UNIAO X CASTELO (CIRCULAR),Fetranspor,292,17352983,"-22.908","-43.1996"
330,330-PARQUE UNIAO X CASTELO (CIRCULAR),Fetranspor,293,17352983,"-22.9079","-43.1993"
330,330-PARQUE UNIAO X CASTELO (CIRCULAR),Fetranspor,294,17352983,"-22.9077","-43.1987"
330,330-PARQUE UNIAO X CASTELO (CIRCULAR),Fetranspor,295,17352983,"-22.9075","-43.198"
330,330-PARQUE UNIAO X CASTELO (CIRCULAR),Fetranspor,296,17352983,"-22.9075","-43.198"
330,330-PARQUE UNIAO X CASTELO (CIRCULAR),Fetranspor,297,17352983,"-22.9073","-43.1975"
330,330-PARQUE UNIAO X CASTELO (CIRCULAR),Fetranspor,298,17352983,"-22.9073","-43.1974"
330,330-PARQUE UNIAO X CASTELO (CIRCULAR),Fetranspor,299,17352983,"-22.907","-43.1965"
330,330-PARQUE UNIAO X CASTELO (CIRCULAR),Fetranspor,300,17352983,"-22.907","-43.1965"
330,330-PARQUE UNIAO X CASTELO (CIRCULAR),Fetranspor,301,17352983,"-22.9068","-43.1958"
330,330-PARQUE UNIAO X CASTELO (CIRCULAR),Fetranspor,302,17352983,"-22.9067","-43.1956"
330,330-PARQUE UNIAO X CASTELO (CIRCULAR),Fetranspor,303,17352983,"-22.9067","-43.1956"
330,330-PARQUE UNIAO X CASTELO (CIRCULAR),Fetranspor,304,17352983,"-22.9067","-43.1955"
330,330-PARQUE UNIAO X CASTELO (CIRCULAR),Fetranspor,305,17352983,"-22.9067","-43.1954"
330,330-PARQUE UNIAO X CASTELO (CIRCULAR),Fetranspor,306,17352983,"-22.9066","-43.195"
330,330-PARQUE UNIAO X CASTELO (CIRCULAR),Fetranspor,307,17352983,"-22.9066","-43.1948"
330,330-PARQUE UNIAO X CASTELO (CIRCULAR),Fetranspor,308,17352983,"-22.9066","-43.1948"
330,330-PARQUE UNIAO X CASTELO (CIRCULAR),Fetranspor,309,17352983,"-22.9066","-43.1948"
330,330-PARQUE UNIAO X CASTELO (CIRCULAR),Fetranspor,310,17352983,"-22.9065","-43.1947"
330,330-PARQUE UNIAO X CASTELO (CIRCULAR),Fetranspor,311,17352983,"-22.9065","-43.1945"
330,330-PARQUE UNIAO X CASTELO (CIRCULAR),Fetranspor,312,17352983,"-22.9065","-43.1945"
330,330-PARQUE UNIAO X CASTELO (CIRCULAR),Fetranspor,313,17352983,"-22.9063","-43.1941"
330,330-PARQUE UNIAO X CASTELO (CIRCULAR),Fetranspor,314,17352983,"-22.9063","-43.1941"
330,330-PARQUE UNIAO X CASTELO (CIRCULAR),Fetranspor,315,17352983,"-22.9059","-43.1929"
330,330-PARQUE UNIAO X CASTELO (CIRCULAR),Fetranspor,316,17352983,"-22.9059","-43.1929"
330,330-PARQUE UNIAO X CASTELO (CIRCULAR),Fetranspor,317,17352983,"-22.9058","-43.1926"
330,330-PARQUE UNIAO X CASTELO (CIRCULAR),Fetranspor,318,17352983,"-22.9052","-43.1907"
330,330-PARQUE UNIAO X CASTELO (CIRCULAR),Fetranspor,319,17352983,"-22.9052","-43.1907"
330,330-PARQUE UNIAO X CASTELO (CIRCULAR),Fetranspor,320,17352983,"-22.9049","-43.1897"
330,330-PARQUE UNIAO X CASTELO (CIRCULAR),Fetranspor,321,17352983,"-22.9044","-43.1881"
330,330-PARQUE UNIAO X CASTELO (CIRCULAR),Fetranspor,322,17352983,"-22.9044","-43.1881"
330,330-PARQUE UNIAO X CASTELO (CIRCULAR),Fetranspor,323,17352983,"-22.9042","-43.1876"
330,330-PARQUE UNIAO X CASTELO (CIRCULAR),Fetranspor,324,17352983,"-22.904","-43.1869"
330,330-PARQUE UNIAO X CASTELO (CIRCULAR),Fetranspor,325,17352983,"-22.904","-43.1869"
330,330-PARQUE UNIAO X CASTELO (CIRCULAR),Fetranspor,326,17352983,"-22.9039","-43.1867"
330,330-PARQUE UNIAO X CASTELO (CIRCULAR),Fetranspor,327,17352983,"-22.9036","-43.1856"
330,330-PARQUE UNIAO X CASTELO (CIRCULAR),Fetranspor,328,17352983,"-22.9036","-43.1856"
330,330-PARQUE UNIAO X CASTELO (CIRCULAR),Fetranspor,329,17352983,"-22.9031","-43.1842"
330,330-PARQUE UNIAO X CASTELO (CIRCULAR),Fetranspor,330,17352983,"-22.9031","-43.1842"
330,330-PARQUE UNIAO X CASTELO (CIRCULAR),Fetranspor,331,17352983,"-22.903","-43.1838"
330,330-PARQUE UNIAO X CASTELO (CIRCULAR),Fetranspor,332,17352983,"-22.903","-43.1838"
330,330-PARQUE UNIAO X CASTELO (CIRCULAR),Fetranspor,333,17352983,"-22.9036","-43.1836"
330,330-PARQUE UNIAO X CASTELO (CIRCULAR),Fetranspor,334,17352983,"-22.9036","-43.1836"
330,330-PARQUE UNIAO X CASTELO (CIRCULAR),Fetranspor,335,17352983,"-22.904","-43.1834"
330,330-PARQUE UNIAO X CASTELO (CIRCULAR),Fetranspor,336,17352983,"-22.904","-43.1834"
330,330-PARQUE UNIAO X CASTELO (CIRCULAR),Fetranspor,337,17352983,"-22.9045","-43.1832"
330,330-PARQUE UNIAO X CASTELO (CIRCULAR),Fetranspor,338,17352983,"-22.9045","-43.1832"
330,330-PARQUE UNIAO X CASTELO (CIRCULAR),Fetranspor,339,17352983,"-22.9048","-43.1831"
330,330-PARQUE UNIAO X CASTELO (CIRCULAR),Fetranspor,340,17352983,"-22.9048","-43.1831"
330,330-PARQUE UNIAO X CASTELO (CIRCULAR),Fetranspor,341,17352983,"-22.905","-43.183"
330,330-PARQUE UNIAO X CASTELO (CIRCULAR),Fetranspor,342,17352983,"-22.9053","-43.1829"
330,330-PARQUE UNIAO X CASTELO (CIRCULAR),Fetranspor,343,17352983,"-22.9053","-43.1829"
330,330-PARQUE UNIAO X CASTELO (CIRCULAR),Fetranspor,344,17352983,"-22.9057","-43.1827"
330,330-PARQUE UNIAO X CASTELO (CIRCULAR),Fetranspor,345,17352983,"-22.9057","-43.1827"
330,330-PARQUE UNIAO X CASTELO (CIRCULAR),Fetranspor,346,17352983,"-22.9058","-43.1826"
330,330-PARQUE UNIAO X CASTELO (CIRCULAR),Fetranspor,347,17352983,"-22.9064","-43.1824"
330,330-PARQUE UNIAO X CASTELO (CIRCULAR),Fetranspor,348,17352983,"-22.9064","-43.1824"
330,330-PARQUE UNIAO X CASTELO (CIRCULAR),Fetranspor,349,17352983,"-22.9064","-43.1823"
330,330-PARQUE UNIAO X CASTELO (CIRCULAR),Fetranspor,350,17352983,"-22.9064","-43.1822"
330,330-PARQUE UNIAO X CASTELO (CIRCULAR),Fetranspor,351,17352983,"-22.9065","-43.1822"
330,330-PARQUE UNIAO X CASTELO (CIRCULAR),Fetranspor,352,17352983,"-22.9065","-43.1821"
330,330-PARQUE UNIAO X CASTELO (CIRCULAR),Fetranspor,353,17352983,"-22.9066","-43.1821"
330,330-PARQUE UNIAO X CASTELO (CIRCULAR),Fetranspor,354,17352983,"-22.9069","-43.182"
330,330-PARQUE UNIAO X CASTELO (CIRCULAR),Fetranspor,355,17352983,"-22.907","-43.1819"
330,330-PARQUE UNIAO X CASTELO (CIRCULAR),Fetranspor,356,17352983,"-22.907","-43.1819"
330,330-PARQUE UNIAO X CASTELO (CIRCULAR),Fetranspor,357,17352983,"-22.9073","-43.1818"
330,330-PARQUE UNIAO X CASTELO (CIRCULAR),Fetranspor,358,17352983,"-22.9074","-43.1817"
330,330-PARQUE UNIAO X CASTELO (CIRCULAR),Fetranspor,359,17352983,"-22.9074","-43.1817"
330,330-PARQUE UNIAO X CASTELO (CIRCULAR),Fetranspor,360,17352983,"-22.9074","-43.1817"
330,330-PARQUE UNIAO X CASTELO (CIRCULAR),Fetranspor,361,17352983,"-22.9074","-43.1813"
330,330-PARQUE UNIAO X CASTELO (CIRCULAR),Fetranspor,362,17352983,"-22.9075","-43.1811"
330,330-PARQUE UNIAO X CASTELO (CIRCULAR),Fetranspor,363,17352983,"-22.9075","-43.1811"
330,330-PARQUE UNIAO X CASTELO (CIRCULAR),Fetranspor,364,17352983,"-22.9075","-43.1811"
330,330-PARQUE UNIAO X CASTELO (CIRCULAR),Fetranspor,365,17352983,"-22.9076","-43.181"
330,330-PARQUE UNIAO X CASTELO (CIRCULAR),Fetranspor,366,17352983,"-22.9076","-43.1809"
330,330-PARQUE UNIAO X CASTELO (CIRCULAR),Fetranspor,367,17352983,"-22.9077","-43.1809"
330,330-PARQUE UNIAO X CASTELO (CIRCULAR),Fetranspor,368,17352983,"-22.9078","-43.1808"
330,330-PARQUE UNIAO X CASTELO (CIRCULAR),Fetranspor,369,17352983,"-22.908","-43.1808"
330,330-PARQUE UNIAO X CASTELO (CIRCULAR),Fetranspor,370,17352983,"-22.9084","-43.1806"
330,330-PARQUE UNIAO X CASTELO (CIRCULAR),Fetranspor,371,17352983,"-22.9084","-43.1806"
330,330-PARQUE UNIAO X CASTELO (CIRCULAR),Fetranspor,372,17352983,"-22.9091","-43.1803"
330,330-PARQUE UNIAO X CASTELO (CIRCULAR),Fetranspor,373,17352983,"-22.9091","-43.1803"
330,330-PARQUE UNIAO X CASTELO (CIRCULAR),Fetranspor,374,17352983,"-22.9092","-43.1803"
330,330-PARQUE UNIAO X CASTELO (CIRCULAR),Fetranspor,375,17352983,"-22.9092","-43.1803"
330,330-PARQUE UNIAO X CASTELO (CIRCULAR),Fetranspor,376,17352983,"-22.9094","-43.1802"
330,330-PARQUE UNIAO X CASTELO (CIRCULAR),Fetranspor,377,17352983,"-22.9094","-43.1802"
330,330-PARQUE UNIAO X CASTELO (CIRCULAR),Fetranspor,378,17352983,"-22.9109","-43.1797"
330,330-PARQUE UNIAO X CASTELO (CIRCULAR),Fetranspor,379,17352983,"-22.9109","-43.1797"
330,330-PARQUE UNIAO X CASTELO (CIRCULAR),Fetranspor,380,17352983,"-22.9123","-43.1792"
330,330-PARQUE UNIAO X CASTELO (CIRCULAR),Fetranspor,381,17352983,"-22.9123","-43.1792"
330,330-PARQUE UNIAO X CASTELO (CIRCULAR),Fetranspor,382,17352983,"-22.9122","-43.1791"
330,330-PARQUE UNIAO X CASTELO (CIRCULAR),Fetranspor,383,17352983,"-22.9122","-43.1791"
330,330-PARQUE UNIAO X CASTELO (CIRCULAR),Fetranspor,384,17352983,"-22.9122","-43.179"
330,330-PARQUE UNIAO X CASTELO (CIRCULAR),Fetranspor,385,17352983,"-22.9122","-43.1789"
330,330-PARQUE UNIAO X CASTELO (CIRCULAR),Fetranspor,386,17352983,"-22.9117","-43.1786"
330,330-PARQUE UNIAO X CASTELO (CIRCULAR),Fetranspor,387,17352983,"-22.9117","-43.1786"
330,330-PARQUE UNIAO X CASTELO (CIRCULAR),Fetranspor,388,17352983,"-22.9106","-43.1776"
330,330-PARQUE UNIAO X CASTELO (CIRCULAR),Fetranspor,389,17352983,"-22.9104","-43.1775"
330,330-PARQUE UNIAO X CASTELO (CIRCULAR),Fetranspor,390,17352983,"-22.9104","-43.1775"
330,330-PARQUE UNIAO X CASTELO (CIRCULAR),Fetranspor,391,17352983,"-22.9097","-43.1768"
330,330-PARQUE UNIAO X CASTELO (CIRCULAR),Fetranspor,392,17352983,"-22.9097","-43.1767"
330,330-PARQUE UNIAO X CASTELO (CIRCULAR),Fetranspor,393,17352983,"-22.9096","-43.1765"
330,330-PARQUE UNIAO X CASTELO (CIRCULAR),Fetranspor,394,17352983,"-22.9096","-43.1765"
330,330-PARQUE UNIAO X CASTELO (CIRCULAR),Fetranspor,395,17352983,"-22.9093","-43.1762"
330,330-PARQUE UNIAO X CASTELO (CIRCULAR),Fetranspor,396,17352983,"-22.9093","-43.1761"
330,330-PARQUE UNIAO X CASTELO (CIRCULAR),Fetranspor,397,17352983,"-22.9093","-43.1761"
330,330-PARQUE UNIAO X CASTELO (CIRCULAR),Fetranspor,398,17352983,"-22.9093","-43.176"
330,330-PARQUE UNIAO X CASTELO (CIRCULAR),Fetranspor,399,17352983,"-22.909","-43.1752"
330,330-PARQUE UNIAO X CASTELO (CIRCULAR),Fetranspor,400,17352983,"-22.909","-43.1752"
330,330-PARQUE UNIAO X CASTELO (CIRCULAR),Fetranspor,401,17352983,"-22.9088","-43.1744"
330,330-PARQUE UNIAO X CASTELO (CIRCULAR),Fetranspor,402,17352983,"-22.9088","-43.1744"
330,330-PARQUE UNIAO X CASTELO (CIRCULAR),Fetranspor,403,17352983,"-22.9086","-43.1738"
330,330-PARQUE UNIAO X CASTELO (CIRCULAR),Fetranspor,0,17621546,"-22.9086","-43.1738"
330,330-PARQUE UNIAO X CASTELO (CIRCULAR),Fetranspor,1,17621546,"-22.9085","-43.1735"
330,330-PARQUE UNIAO X CASTELO (CIRCULAR),Fetranspor,2,17621546,"-22.9085","-43.1735"
330,330-PARQUE UNIAO X CASTELO (CIRCULAR),Fetranspor,3,17621546,"-22.9082","-43.1728"
330,330-PARQUE UNIAO X CASTELO (CIRCULAR),Fetranspor,4,17621546,"-22.9082","-43.1728"
330,330-PARQUE UNIAO X CASTELO (CIRCULAR),Fetranspor,5,17621546,"-22.9082","-43.1726"
330,330-PARQUE UNIAO X CASTELO (CIRCULAR),Fetranspor,6,17621546,"-22.9082","-43.1726"
330,330-PARQUE UNIAO X CASTELO (CIRCULAR),Fetranspor,7,17621546,"-22.9081","-43.1725"
330,330-PARQUE UNIAO X CASTELO (CIRCULAR),Fetranspor,8,17621546,"-22.9081","-43.1725"
330,330-PARQUE UNIAO X CASTELO (CIRCULAR),Fetranspor,9,17621546,"-22.9071","-43.1728"
330,330-PARQUE UNIAO X CASTELO (CIRCULAR),Fetranspor,10,17621546,"-22.9071","-43.1728"
330,330-PARQUE UNIAO X CASTELO (CIRCULAR),Fetranspor,11,17621546,"-22.9066","-43.173"
330,330-PARQUE UNIAO X CASTELO (CIRCULAR),Fetranspor,12,17621546,"-22.9066","-43.173"
330,330-PARQUE UNIAO X CASTELO (CIRCULAR),Fetranspor,13,17621546,"-22.9065","-43.173"
330,330-PARQUE UNIAO X CASTELO (CIRCULAR),Fetranspor,14,17621546,"-22.9065","-43.173"
330,330-PARQUE UNIAO X CASTELO (CIRCULAR),Fetranspor,15,17621546,"-22.9061","-43.1732"
330,330-PARQUE UNIAO X CASTELO (CIRCULAR),Fetranspor,16,17621546,"-22.9057","-43.1734"
330,330-PARQUE UNIAO X CASTELO (CIRCULAR),Fetranspor,17,17621546,"-22.9052","-43.1738"
330,330-PARQUE UNIAO X CASTELO (CIRCULAR),Fetranspor,18,17621546,"-22.905","-43.1739"
330,330-PARQUE UNIAO X CASTELO (CIRCULAR),Fetranspor,19,17621546,"-22.905","-43.1739"
330,330-PARQUE UNIAO X CASTELO (CIRCULAR),Fetranspor,20,17621546,"-22.9047","-43.1742"
330,330-PARQUE UNIAO X CASTELO (CIRCULAR),Fetranspor,21,17621546,"-22.9047","-43.1742"
330,330-PARQUE UNIAO X CASTELO (CIRCULAR),Fetranspor,22,17621546,"-22.9046","-43.1742"
330,330-PARQUE UNIAO X CASTELO (CIRCULAR),Fetranspor,23,17621546,"-22.9044","-43.1743"
330,330-PARQUE UNIAO X CASTELO (CIRCULAR),Fetranspor,24,17621546,"-22.9044","-43.1743"
330,330-PARQUE UNIAO X CASTELO (CIRCULAR),Fetranspor,25,17621546,"-22.9043","-43.1744"
330,330-PARQUE UNIAO X CASTELO (CIRCULAR),Fetranspor,26,17621546,"-22.9041","-43.1745"
330,330-PARQUE UNIAO X CASTELO (CIRCULAR),Fetranspor,27,17621546,"-22.904","-43.1745"
330,330-PARQUE UNIAO X CASTELO (CIRCULAR),Fetranspor,28,17621546,"-22.904","-43.1745"
330,330-PARQUE UNIAO X CASTELO (CIRCULAR),Fetranspor,29,17621546,"-22.9039","-43.1746"
330,330-PARQUE UNIAO X CASTELO (CIRCULAR),Fetranspor,30,17621546,"-22.9037","-43.1748"
330,330-PARQUE UNIAO X CASTELO (CIRCULAR),Fetranspor,31,17621546,"-22.9034","-43.175"
330,330-PARQUE UNIAO X CASTELO (CIRCULAR),Fetranspor,32,17621546,"-22.9034","-43.175"
330,330-PARQUE UNIAO X CASTELO (CIRCULAR),Fetranspor,33,17621546,"-22.9032","-43.1752"
330,330-PARQUE UNIAO X CASTELO (CIRCULAR),Fetranspor,34,17621546,"-22.9032","-43.1752"
330,330-PARQUE UNIAO X CASTELO (CIRCULAR),Fetranspor,35,17621546,"-22.9029","-43.1755"
330,330-PARQUE UNIAO X CASTELO (CIRCULAR),Fetranspor,36,17621546,"-22.9029","-43.1755"
330,330-PARQUE UNIAO X CASTELO (CIRCULAR),Fetranspor,37,17621546,"-22.9024","-43.1759"
330,330-PARQUE UNIAO X CASTELO (CIRCULAR),Fetranspor,38,17621546,"-22.9024","-43.1759"
330,330-PARQUE UNIAO X CASTELO (CIRCULAR),Fetranspor,39,17621546,"-22.9019","-43.1761"
330,330-PARQUE UNIAO X CASTELO (CIRCULAR),Fetranspor,40,17621546,"-22.9019","-43.1761"
330,330-PARQUE UNIAO X CASTELO (CIRCULAR),Fetranspor,41,17621546,"-22.9018","-43.1762"
330,330-PARQUE UNIAO X CASTELO (CIRCULAR),Fetranspor,42,17621546,"-22.9017","-43.1763"
330,330-PARQUE UNIAO X CASTELO (CIRCULAR),Fetranspor,43,17621546,"-22.9017","-43.1763"
330,330-PARQUE UNIAO X CASTELO (CIRCULAR),Fetranspor,44,17621546,"-22.9015","-43.1764"
330,330-PARQUE UNIAO X CASTELO (CIRCULAR),Fetranspor,45,17621546,"-22.9015","-43.1764"
330,330-PARQUE UNIAO X CASTELO (CIRCULAR),Fetranspor,46,17621546,"-22.9013","-43.1765"
330,330-PARQUE UNIAO X CASTELO (CIRCULAR),Fetranspor,47,17621546,"-22.9013","-43.1765"
330,330-PARQUE UNIAO X CASTELO (CIRCULAR),Fetranspor,48,17621546,"-22.901","-43.1766"
330,330-PARQUE UNIAO X CASTELO (CIRCULAR),Fetranspor,49,17621546,"-22.9008","-43.1767"
330,330-PARQUE UNIAO X CASTELO (CIRCULAR),Fetranspor,50,17621546,"-22.9008","-43.1767"
330,330-PARQUE UNIAO X CASTELO (CIRCULAR),Fetranspor,51,17621546,"-22.9006","-43.1768"
330,330-PARQUE UNIAO X CASTELO (CIRCULAR),Fetranspor,52,17621546,"-22.9006","-43.1768"
330,330-PARQUE UNIAO X CASTELO (CIRCULAR),Fetranspor,53,17621546,"-22.9003","-43.1769"
330,330-PARQUE UNIAO X CASTELO (CIRCULAR),Fetranspor,54,17621546,"-22.9003","-43.1769"
330,330-PARQUE UNIAO X CASTELO (CIRCULAR),Fetranspor,55,17621546,"-22.9004","-43.1772"
330,330-PARQUE UNIAO X CASTELO (CIRCULAR),Fetranspor,56,17621546,"-22.9004","-43.1774"
330,330-PARQUE UNIAO X CASTELO (CIRCULAR),Fetranspor,57,17621546,"-22.9004","-43.1774"
330,330-PARQUE UNIAO X CASTELO (CIRCULAR),Fetranspor,58,17621546,"-22.9004","-43.1774"
330,330-PARQUE UNIAO X CASTELO (CIRCULAR),Fetranspor,59,17621546,"-22.9004","-43.1774"
330,330-PARQUE UNIAO X CASTELO (CIRCULAR),Fetranspor,60,17621546,"-22.9007","-43.1783"
330,330-PARQUE UNIAO X CASTELO (CIRCULAR),Fetranspor,61,17621546,"-22.9007","-43.1783"
330,330-PARQUE UNIAO X CASTELO (CIRCULAR),Fetranspor,62,17621546,"-22.9008","-43.1785"
330,330-PARQUE UNIAO X CASTELO (CIRCULAR),Fetranspor,63,17621546,"-22.9009","-43.179"
330,330-PARQUE UNIAO X CASTELO (CIRCULAR),Fetranspor,64,17621546,"-22.9009","-43.179"
330,330-PARQUE UNIAO X CASTELO (CIRCULAR),Fetranspor,65,17621546,"-22.901","-43.1792"
330,330-PARQUE UNIAO X CASTELO (CIRCULAR),Fetranspor,66,17621546,"-22.901","-43.1792"
330,330-PARQUE UNIAO X CASTELO (CIRCULAR),Fetranspor,67,17621546,"-22.9011","-43.1796"
330,330-PARQUE UNIAO X CASTELO (CIRCULAR),Fetranspor,68,17621546,"-22.9013","-43.1802"
330,330-PARQUE UNIAO X CASTELO (CIRCULAR),Fetranspor,69,17621546,"-22.9013","-43.1802"
330,330-PARQUE UNIAO X CASTELO (CIRCULAR),Fetranspor,70,17621546,"-22.9017","-43.1814"
330,330-PARQUE UNIAO X CASTELO (CIRCULAR),Fetranspor,71,17621546,"-22.9018","-43.1816"
330,330-PARQUE UNIAO X CASTELO (CIRCULAR),Fetranspor,72,17621546,"-22.9018","-43.1816"
330,330-PARQUE UNIAO X CASTELO (CIRCULAR),Fetranspor,73,17621546,"-22.9019","-43.182"
330,330-PARQUE UNIAO X CASTELO (CIRCULAR),Fetranspor,74,17621546,"-22.902","-43.1824"
330,330-PARQUE UNIAO X CASTELO (CIRCULAR),Fetranspor,75,17621546,"-22.902","-43.1824"
330,330-PARQUE UNIAO X CASTELO (CIRCULAR),Fetranspor,76,17621546,"-22.9022","-43.1828"
330,330-PARQUE UNIAO X CASTELO (CIRCULAR),Fetranspor,77,17621546,"-22.9026","-43.1841"
330,330-PARQUE UNIAO X CASTELO (CIRCULAR),Fetranspor,78,17621546,"-22.9026","-43.1841"
330,330-PARQUE UNIAO X CASTELO (CIRCULAR),Fetranspor,79,17621546,"-22.9027","-43.1844"
330,330-PARQUE UNIAO X CASTELO (CIRCULAR),Fetranspor,80,17621546,"-22.9029","-43.1852"
330,330-PARQUE UNIAO X CASTELO (CIRCULAR),Fetranspor,81,17621546,"-22.9029","-43.1852"
330,330-PARQUE UNIAO X CASTELO (CIRCULAR),Fetranspor,82,17621546,"-22.9031","-43.1858"
330,330-PARQUE UNIAO X CASTELO (CIRCULAR),Fetranspor,83,17621546,"-22.9031","-43.1858"
330,330-PARQUE UNIAO X CASTELO (CIRCULAR),Fetranspor,84,17621546,"-22.9036","-43.1871"
330,330-PARQUE UNIAO X CASTELO (CIRCULAR),Fetranspor,85,17621546,"-22.9036","-43.1871"
330,330-PARQUE UNIAO X CASTELO (CIRCULAR),Fetranspor,86,17621546,"-22.904","-43.1884"
330,330-PARQUE UNIAO X CASTELO (CIRCULAR),Fetranspor,87,17621546,"-22.904","-43.1884"
330,330-PARQUE UNIAO X CASTELO (CIRCULAR),Fetranspor,88,17621546,"-22.9043","-43.1894"
330,330-PARQUE UNIAO X CASTELO (CIRCULAR),Fetranspor,89,17621546,"-22.9045","-43.1901"
330,330-PARQUE UNIAO X CASTELO (CIRCULAR),Fetranspor,90,17621546,"-22.9045","-43.1901"
330,330-PARQUE UNIAO X CASTELO (CIRCULAR),Fetranspor,91,17621546,"-22.9047","-43.1906"
330,330-PARQUE UNIAO X CASTELO (CIRCULAR),Fetranspor,92,17621546,"-22.9047","-43.1906"
330,330-PARQUE UNIAO X CASTELO (CIRCULAR),Fetranspor,93,17621546,"-22.9047","-43.1908"
330,330-PARQUE UNIAO X CASTELO (CIRCULAR),Fetranspor,94,17621546,"-22.9049","-43.1912"
330,330-PARQUE UNIAO X CASTELO (CIRCULAR),Fetranspor,95,17621546,"-22.9049","-43.1912"
330,330-PARQUE UNIAO X CASTELO (CIRCULAR),Fetranspor,96,17621546,"-22.905","-43.1914"
330,330-PARQUE UNIAO X CASTELO (CIRCULAR),Fetranspor,97,17621546,"-22.905","-43.1914"
330,330-PARQUE UNIAO X CASTELO (CIRCULAR),Fetranspor,98,17621546,"-22.9054","-43.1926"
330,330-PARQUE UNIAO X CASTELO (CIRCULAR),Fetranspor,99,17621546,"-22.9055","-43.193"
330,330-PARQUE UNIAO X CASTELO (CIRCULAR),Fetranspor,100,17621546,"-22.9055","-43.193"
330,330-PARQUE UNIAO X CASTELO (CIRCULAR),Fetranspor,101,17621546,"-22.906","-43.1948"
330,330-PARQUE UNIAO X CASTELO (CIRCULAR),Fetranspor,102,17621546,"-22.906","-43.1948"
330,330-PARQUE UNIAO X CASTELO (CIRCULAR),Fetranspor,103,17621546,"-22.9063","-43.1957"
330,330-PARQUE UNIAO X CASTELO (CIRCULAR),Fetranspor,104,17621546,"-22.9063","-43.1957"
330,330-PARQUE UNIAO X CASTELO (CIRCULAR),Fetranspor,105,17621546,"-22.9064","-43.1961"
330,330-PARQUE UNIAO X CASTELO (CIRCULAR),Fetranspor,106,17621546,"-22.9069","-43.1976"
330,330-PARQUE UNIAO X CASTELO (CIRCULAR),Fetranspor,107,17621546,"-22.9069","-43.1976"
330,330-PARQUE UNIAO X CASTELO (CIRCULAR),Fetranspor,108,17621546,"-22.9069","-43.1977"
330,330-PARQUE UNIAO X CASTELO (CIRCULAR),Fetranspor,109,17621546,"-22.9069","-43.1977"
330,330-PARQUE UNIAO X CASTELO (CIRCULAR),Fetranspor,110,17621546,"-22.9074","-43.1991"
330,330-PARQUE UNIAO X CASTELO (CIRCULAR),Fetranspor,111,17621546,"-22.9074","-43.1991"
330,330-PARQUE UNIAO X CASTELO (CIRCULAR),Fetranspor,112,17621546,"-22.9081","-43.2012"
330,330-PARQUE UNIAO X CASTELO (CIRCULAR),Fetranspor,113,17621546,"-22.9081","-43.2012"
330,330-PARQUE UNIAO X CASTELO (CIRCULAR),Fetranspor,114,17621546,"-22.9097","-43.2061"
330,330-PARQUE UNIAO X CASTELO (CIRCULAR),Fetranspor,115,17621546,"-22.91","-43.207"
330,330-PARQUE UNIAO X CASTELO (CIRCULAR),Fetranspor,116,17621546,"-22.91","-43.207"
330,330-PARQUE UNIAO X CASTELO (CIRCULAR),Fetranspor,117,17621546,"-22.9101","-43.2073"
330,330-PARQUE UNIAO X CASTELO (CIRCULAR),Fetranspor,118,17621546,"-22.9101","-43.2074"
330,330-PARQUE UNIAO X CASTELO (CIRCULAR),Fetranspor,119,17621546,"-22.9101","-43.2075"
330,330-PARQUE UNIAO X CASTELO (CIRCULAR),Fetranspor,120,17621546,"-22.9101","-43.2077"
330,330-PARQUE UNIAO X CASTELO (CIRCULAR),Fetranspor,121,17621546,"-22.9101","-43.2078"
330,330-PARQUE UNIAO X CASTELO (CIRCULAR),Fetranspor,122,17621546,"-22.9101","-43.2079"
330,330-PARQUE UNIAO X CASTELO (CIRCULAR),Fetranspor,123,17621546,"-22.91","-43.2084"
330,330-PARQUE UNIAO X CASTELO (CIRCULAR),Fetranspor,124,17621546,"-22.9099","-43.2087"
330,330-PARQUE UNIAO X CASTELO (CIRCULAR),Fetranspor,125,17621546,"-22.9099","-43.2088"
330,330-PARQUE UNIAO X CASTELO (CIRCULAR),Fetranspor,126,17621546,"-22.9098","-43.2089"
330,330-PARQUE UNIAO X CASTELO (CIRCULAR),Fetranspor,127,17621546,"-22.9097","-43.2091"
330,330-PARQUE UNIAO X CASTELO (CIRCULAR),Fetranspor,128,17621546,"-22.9097","-43.2091"
330,330-PARQUE UNIAO X CASTELO (CIRCULAR),Fetranspor,129,17621546,"-22.9096","-43.2092"
330,330-PARQUE UNIAO X CASTELO (CIRCULAR),Fetranspor,130,17621546,"-22.9095","-43.2092"
330,330-PARQUE UNIAO X CASTELO (CIRCULAR),Fetranspor,131,17621546,"-22.9095","-43.2092"
330,330-PARQUE UNIAO X CASTELO (CIRCULAR),Fetranspor,132,17621546,"-22.9091","-43.2093"
330,330-PARQUE UNIAO X CASTELO (CIRCULAR),Fetranspor,133,17621546,"-22.9091","-43.2093"
330,330-PARQUE UNIAO X CASTELO (CIRCULAR),Fetranspor,134,17621546,"-22.9088","-43.2093"
330,330-PARQUE UNIAO X CASTELO (CIRCULAR),Fetranspor,135,17621546,"-22.908","-43.2093"
330,330-PARQUE UNIAO X CASTELO (CIRCULAR),Fetranspor,136,17621546,"-22.908","-43.2093"
330,330-PARQUE UNIAO X CASTELO (CIRCULAR),Fetranspor,137,17621546,"-22.9072","-43.2094"
330,330-PARQUE UNIAO X CASTELO (CIRCULAR),Fetranspor,138,17621546,"-22.9066","-43.2094"
330,330-PARQUE UNIAO X CASTELO (CIRCULAR),Fetranspor,139,17621546,"-22.9066","-43.2094"
330,330-PARQUE UNIAO X CASTELO (CIRCULAR),Fetranspor,140,17621546,"-22.9064","-43.2094"
330,330-PARQUE UNIAO X CASTELO (CIRCULAR),Fetranspor,141,17621546,"-22.9064","-43.2094"
330,330-PARQUE UNIAO X CASTELO (CIRCULAR),Fetranspor,142,17621546,"-22.9064","-43.2094"
330,330-PARQUE UNIAO X CASTELO (CIRCULAR),Fetranspor,143,17621546,"-22.9058","-43.2095"
330,330-PARQUE UNIAO X CASTELO (CIRCULAR),Fetranspor,144,17621546,"-22.9058","-43.2095"
330,330-PARQUE UNIAO X CASTELO (CIRCULAR),Fetranspor,145,17621546,"-22.905","-43.2095"
330,330-PARQUE UNIAO X CASTELO (CIRCULAR),Fetranspor,146,17621546,"-22.905","-43.2095"
330,330-PARQUE UNIAO X CASTELO (CIRCULAR),Fetranspor,147,17621546,"-22.9029","-43.2097"
330,330-PARQUE UNIAO X CASTELO (CIRCULAR),Fetranspor,148,17621546,"-22.9029","-43.2097"
330,330-PARQUE UNIAO X CASTELO (CIRCULAR),Fetranspor,149,17621546,"-22.9023","-43.2099"
330,330-PARQUE UNIAO X CASTELO (CIRCULAR),Fetranspor,150,17621546,"-22.9023","-43.2099"
330,330-PARQUE UNIAO X CASTELO (CIRCULAR),Fetranspor,151,17621546,"-22.9005","-43.21"
330,330-PARQUE UNIAO X CASTELO (CIRCULAR),Fetranspor,152,17621546,"-22.9002","-43.21"
330,330-PARQUE UNIAO X CASTELO (CIRCULAR),Fetranspor,153,17621546,"-22.8996","-43.2101"
330,330-PARQUE UNIAO X CASTELO (CIRCULAR),Fetranspor,154,17621546,"-22.8994","-43.2101"
330,330-PARQUE UNIAO X CASTELO (CIRCULAR),Fetranspor,155,17621546,"-22.8992","-43.2102"
330,330-PARQUE UNIAO X CASTELO (CIRCULAR),Fetranspor,156,17621546,"-22.8992","-43.2102"
330,330-PARQUE UNIAO X CASTELO (CIRCULAR),Fetranspor,157,17621546,"-22.899","-43.2103"
330,330-PARQUE UNIAO X CASTELO (CIRCULAR),Fetranspor,158,17621546,"-22.8989","-43.2104"
330,330-PARQUE UNIAO X CASTELO (CIRCULAR),Fetranspor,159,17621546,"-22.8986","-43.2108"
330,330-PARQUE UNIAO X CASTELO (CIRCULAR),Fetranspor,160,17621546,"-22.8983","-43.2112"
330,330-PARQUE UNIAO X CASTELO (CIRCULAR),Fetranspor,161,17621546,"-22.8983","-43.2112"
330,330-PARQUE UNIAO X CASTELO (CIRCULAR),Fetranspor,162,17621546,"-22.8978","-43.2118"
330,330-PARQUE UNIAO X CASTELO (CIRCULAR),Fetranspor,163,17621546,"-22.8976","-43.2119"
330,330-PARQUE UNIAO X CASTELO (CIRCULAR),Fetranspor,164,17621546,"-22.8975","-43.212"
330,330-PARQUE UNIAO X CASTELO (CIRCULAR),Fetranspor,165,17621546,"-22.8972","-43.2122"
330,330-PARQUE UNIAO X CASTELO (CIRCULAR),Fetranspor,166,17621546,"-22.8971","-43.2124"
330,330-PARQUE UNIAO X CASTELO (CIRCULAR),Fetranspor,167,17621546,"-22.8968","-43.2126"
330,330-PARQUE UNIAO X CASTELO (CIRCULAR),Fetranspor,168,17621546,"-22.896","-43.2129"
330,330-PARQUE UNIAO X CASTELO (CIRCULAR),Fetranspor,169,17621546,"-22.896","-43.2129"
330,330-PARQUE UNIAO X CASTELO (CIRCULAR),Fetranspor,170,17621546,"-22.8958","-43.213"
330,330-PARQUE UNIAO X CASTELO (CIRCULAR),Fetranspor,171,17621546,"-22.8956","-43.213"
330,330-PARQUE UNIAO X CASTELO (CIRCULAR),Fetranspor,172,17621546,"-22.8955","-43.2131"
330,330-PARQUE UNIAO X CASTELO (CIRCULAR),Fetranspor,173,17621546,"-22.8934","-43.2141"
330,330-PARQUE UNIAO X CASTELO (CIRCULAR),Fetranspor,174,17621546,"-22.8932","-43.2142"
330,330-PARQUE UNIAO X CASTELO (CIRCULAR),Fetranspor,175,17621546,"-22.893","-43.2142"
330,330-PARQUE UNIAO X CASTELO (CIRCULAR),Fetranspor,176,17621546,"-22.8929","-43.2142"
330,330-PARQUE UNIAO X CASTELO (CIRCULAR),Fetranspor,177,17621546,"-22.8929","-43.2142"
330,330-PARQUE UNIAO X CASTELO (CIRCULAR),Fetranspor,178,17621546,"-22.8923","-43.2145"
330,330-PARQUE UNIAO X CASTELO (CIRCULAR),Fetranspor,179,17621546,"-22.8923","-43.2145"
330,330-PARQUE UNIAO X CASTELO (CIRCULAR),Fetranspor,180,17621546,"-22.8892","-43.216"
330,330-PARQUE UNIAO X CASTELO (CIRCULAR),Fetranspor,181,17621546,"-22.8891","-43.2161"
330,330-PARQUE UNIAO X CASTELO (CIRCULAR),Fetranspor,182,17621546,"-22.8891","-43.2161"
330,330-PARQUE UNIAO X CASTELO (CIRCULAR),Fetranspor,183,17621546,"-22.8891","-43.2162"
330,330-PARQUE UNIAO X CASTELO (CIRCULAR),Fetranspor,184,17621546,"-22.8888","-43.2171"
330,330-PARQUE UNIAO X CASTELO (CIRCULAR),Fetranspor,185,17621546,"-22.8887","-43.2173"
330,330-PARQUE UNIAO X CASTELO (CIRCULAR),Fetranspor,186,17621546,"-22.8887","-43.2174"
330,330-PARQUE UNIAO X CASTELO (CIRCULAR),Fetranspor,187,17621546,"-22.8887","-43.2176"
330,330-PARQUE UNIAO X CASTELO (CIRCULAR),Fetranspor,188,17621546,"-22.8887","-43.2178"
330,330-PARQUE UNIAO X CASTELO (CIRCULAR),Fetranspor,189,17621546,"-22.8886","-43.2187"
330,330-PARQUE UNIAO X CASTELO (CIRCULAR),Fetranspor,190,17621546,"-22.8886","-43.2193"
330,330-PARQUE UNIAO X CASTELO (CIRCULAR),Fetranspor,191,17621546,"-22.8886","-43.2193"
330,330-PARQUE UNIAO X CASTELO (CIRCULAR),Fetranspor,192,17621546,"-22.8887","-43.2195"
330,330-PARQUE UNIAO X CASTELO (CIRCULAR),Fetranspor,193,17621546,"-22.8886","-43.2203"
330,330-PARQUE UNIAO X CASTELO (CIRCULAR),Fetranspor,194,17621546,"-22.8886","-43.2217"
330,330-PARQUE UNIAO X CASTELO (CIRCULAR),Fetranspor,195,17621546,"-22.8886","-43.2217"
330,330-PARQUE UNIAO X CASTELO (CIRCULAR),Fetranspor,196,17621546,"-22.8886","-43.2219"
330,330-PARQUE UNIAO X CASTELO (CIRCULAR),Fetranspor,197,17621546,"-22.8886","-43.2219"
330,330-PARQUE UNIAO X CASTELO (CIRCULAR),Fetranspor,198,17621546,"-22.8886","-43.2219"
330,330-PARQUE UNIAO X CASTELO (CIRCULAR),Fetranspor,199,17621546,"-22.8885","-43.2222"
330,330-PARQUE UNIAO X CASTELO (CIRCULAR),Fetranspor,200,17621546,"-22.8885","-43.2223"
330,330-PARQUE UNIAO X CASTELO (CIRCULAR),Fetranspor,201,17621546,"-22.8884","-43.2225"
330,330-PARQUE UNIAO X CASTELO (CIRCULAR),Fetranspor,202,17621546,"-22.8883","-43.2227"
330,330-PARQUE UNIAO X CASTELO (CIRCULAR),Fetranspor,203,17621546,"-22.8882","-43.2229"
330,330-PARQUE UNIAO X CASTELO (CIRCULAR),Fetranspor,204,17621546,"-22.8881","-43.2229"
330,330-PARQUE UNIAO X CASTELO (CIRCULAR),Fetranspor,205,17621546,"-22.8881","-43.2229"
330,330-PARQUE UNIAO X CASTELO (CIRCULAR),Fetranspor,206,17621546,"-22.8875","-43.2237"
330,330-PARQUE UNIAO X CASTELO (CIRCULAR),Fetranspor,207,17621546,"-22.8875","-43.2237"
330,330-PARQUE UNIAO X CASTELO (CIRCULAR),Fetranspor,208,17621546,"-22.8868","-43.2245"
330,330-PARQUE UNIAO X CASTELO (CIRCULAR),Fetranspor,209,17621546,"-22.8868","-43.2245"
330,330-PARQUE UNIAO X CASTELO (CIRCULAR),Fetranspor,210,17621546,"-22.8858","-43.2254"
330,330-PARQUE UNIAO X CASTELO (CIRCULAR),Fetranspor,211,17621546,"-22.8855","-43.2257"
330,330-PARQUE UNIAO X CASTELO (CIRCULAR),Fetranspor,212,17621546,"-22.8853","-43.226"
330,330-PARQUE UNIAO X CASTELO (CIRCULAR),Fetranspor,213,17621546,"-22.8852","-43.226"
330,330-PARQUE UNIAO X CASTELO (CIRCULAR),Fetranspor,214,17621546,"-22.8852","-43.226"
330,330-PARQUE UNIAO X CASTELO (CIRCULAR),Fetranspor,215,17621546,"-22.8851","-43.2262"
330,330-PARQUE UNIAO X CASTELO (CIRCULAR),Fetranspor,216,17621546,"-22.885","-43.2264"
330,330-PARQUE UNIAO X CASTELO (CIRCULAR),Fetranspor,217,17621546,"-22.885","-43.2265"
330,330-PARQUE UNIAO X CASTELO (CIRCULAR),Fetranspor,218,17621546,"-22.8849","-43.2267"
330,330-PARQUE UNIAO X CASTELO (CIRCULAR),Fetranspor,219,17621546,"-22.8848","-43.227"
330,330-PARQUE UNIAO X CASTELO (CIRCULAR),Fetranspor,220,17621546,"-22.8848","-43.2272"
330,330-PARQUE UNIAO X CASTELO (CIRCULAR),Fetranspor,221,17621546,"-22.8848","-43.2275"
330,330-PARQUE UNIAO X CASTELO (CIRCULAR),Fetranspor,222,17621546,"-22.8849","-43.2278"
330,330-PARQUE UNIAO X CASTELO (CIRCULAR),Fetranspor,223,17621546,"-22.885","-43.2281"
330,330-PARQUE UNIAO X CASTELO (CIRCULAR),Fetranspor,224,17621546,"-22.8851","-43.2283"
330,330-PARQUE UNIAO X CASTELO (CIRCULAR),Fetranspor,225,17621546,"-22.8852","-43.2285"
330,330-PARQUE UNIAO X CASTELO (CIRCULAR),Fetranspor,226,17621546,"-22.8852","-43.2285"
330,330-PARQUE UNIAO X CASTELO (CIRCULAR),Fetranspor,227,17621546,"-22.8853","-43.2287"
330,330-PARQUE UNIAO X CASTELO (CIRCULAR),Fetranspor,228,17621546,"-22.8865","-43.23"
330,330-PARQUE UNIAO X CASTELO (CIRCULAR),Fetranspor,229,17621546,"-22.8866","-43.2303"
330,330-PARQUE UNIAO X CASTELO (CIRCULAR),Fetranspor,230,17621546,"-22.8867","-43.2305"
330,330-PARQUE UNIAO X CASTELO (CIRCULAR),Fetranspor,231,17621546,"-22.8868","-43.2307"
330,330-PARQUE UNIAO X CASTELO (CIRCULAR),Fetranspor,232,17621546,"-22.8869","-43.2309"
330,330-PARQUE UNIAO X CASTELO (CIRCULAR),Fetranspor,233,17621546,"-22.887","-43.2312"
330,330-PARQUE UNIAO X CASTELO (CIRCULAR),Fetranspor,234,17621546,"-22.887","-43.2315"
330,330-PARQUE UNIAO X CASTELO (CIRCULAR),Fetranspor,235,17621546,"-22.8871","-43.2318"
330,330-PARQUE UNIAO X CASTELO (CIRCULAR),Fetranspor,236,17621546,"-22.8871","-43.232"
330,330-PARQUE UNIAO X CASTELO (CIRCULAR),Fetranspor,237,17621546,"-22.8871","-43.2321"
330,330-PARQUE UNIAO X CASTELO (CIRCULAR),Fetranspor,238,17621546,"-22.887","-43.2324"
330,330-PARQUE UNIAO X CASTELO (CIRCULAR),Fetranspor,239,17621546,"-22.887","-43.2326"
330,330-PARQUE UNIAO X CASTELO (CIRCULAR),Fetranspor,240,17621546,"-22.887","-43.2327"
330,330-PARQUE UNIAO X CASTELO (CIRCULAR),Fetranspor,241,17621546,"-22.8869","-43.233"
330,330-PARQUE UNIAO X CASTELO (CIRCULAR),Fetranspor,242,17621546,"-22.8868","-43.2331"
330,330-PARQUE UNIAO X CASTELO (CIRCULAR),Fetranspor,243,17621546,"-22.8867","-43.2333"
330,330-PARQUE UNIAO X CASTELO (CIRCULAR),Fetranspor,244,17621546,"-22.8866","-43.2335"
330,330-PARQUE UNIAO X CASTELO (CIRCULAR),Fetranspor,245,17621546,"-22.8865","-43.2338"
330,330-PARQUE UNIAO X CASTELO (CIRCULAR),Fetranspor,246,17621546,"-22.8864","-43.234"
330,330-PARQUE UNIAO X CASTELO (CIRCULAR),Fetranspor,247,17621546,"-22.8863","-43.234"
330,330-PARQUE UNIAO X CASTELO (CIRCULAR),Fetranspor,248,17621546,"-22.8861","-43.2342"
330,330-PARQUE UNIAO X CASTELO (CIRCULAR),Fetranspor,249,17621546,"-22.8851","-43.2351"
330,330-PARQUE UNIAO X CASTELO (CIRCULAR),Fetranspor,250,17621546,"-22.8846","-43.2356"
330,330-PARQUE UNIAO X CASTELO (CIRCULAR),Fetranspor,251,17621546,"-22.884","-43.2362"
330,330-PARQUE UNIAO X CASTELO (CIRCULAR),Fetranspor,252,17621546,"-22.8839","-43.2363"
330,330-PARQUE UNIAO X CASTELO (CIRCULAR),Fetranspor,253,17621546,"-22.8836","-43.2366"
330,330-PARQUE UNIAO X CASTELO (CIRCULAR),Fetranspor,254,17621546,"-22.8834","-43.2367"
330,330-PARQUE UNIAO X CASTELO (CIRCULAR),Fetranspor,255,17621546,"-22.8831","-43.237"
330,330-PARQUE UNIAO X CASTELO (CIRCULAR),Fetranspor,256,17621546,"-22.8822","-43.2378"
330,330-PARQUE UNIAO X CASTELO (CIRCULAR),Fetranspor,257,17621546,"-22.8822","-43.2378"
330,330-PARQUE UNIAO X CASTELO (CIRCULAR),Fetranspor,258,17621546,"-22.882","-43.238"
330,330-PARQUE UNIAO X CASTELO (CIRCULAR),Fetranspor,259,17621546,"-22.8818","-43.2382"
330,330-PARQUE UNIAO X CASTELO (CIRCULAR),Fetranspor,260,17621546,"-22.8814","-43.2386"
330,330-PARQUE UNIAO X CASTELO (CIRCULAR),Fetranspor,261,17621546,"-22.8812","-43.2387"
330,330-PARQUE UNIAO X CASTELO (CIRCULAR),Fetranspor,262,17621546,"-22.8796","-43.2398"
330,330-PARQUE UNIAO X CASTELO (CIRCULAR),Fetranspor,263,17621546,"-22.8789","-43.2403"
330,330-PARQUE UNIAO X CASTELO (CIRCULAR),Fetranspor,264,17621546,"-22.8789","-43.2403"
330,330-PARQUE UNIAO X CASTELO (CIRCULAR),Fetranspor,265,17621546,"-22.8788","-43.2403"
330,330-PARQUE UNIAO X CASTELO (CIRCULAR),Fetranspor,266,17621546,"-22.8786","-43.2404"
330,330-PARQUE UNIAO X CASTELO (CIRCULAR),Fetranspor,267,17621546,"-22.8782","-43.2406"
330,330-PARQUE UNIAO X CASTELO (CIRCULAR),Fetranspor,268,17621546,"-22.8781","-43.2407"
330,330-PARQUE UNIAO X CASTELO (CIRCULAR),Fetranspor,269,17621546,"-22.8781","-43.2407"
330,330-PARQUE UNIAO X CASTELO (CIRCULAR),Fetranspor,270,17621546,"-22.8772","-43.2412"
330,330-PARQUE UNIAO X CASTELO (CIRCULAR),Fetranspor,271,17621546,"-22.8772","-43.2412"
330,330-PARQUE UNIAO X CASTELO (CIRCULAR),Fetranspor,272,17621546,"-22.8771","-43.2414"
330,330-PARQUE UNIAO X CASTELO (CIRCULAR),Fetranspor,273,17621546,"-22.875","-43.2429"
330,330-PARQUE UNIAO X CASTELO (CIRCULAR),Fetranspor,274,17621546,"-22.875","-43.2429"
330,330-PARQUE UNIAO X CASTELO (CIRCULAR),Fetranspor,275,17621546,"-22.8745","-43.2433"
330,330-PARQUE UNIAO X CASTELO (CIRCULAR),Fetranspor,276,17621546,"-22.8745","-43.2433"
330,330-PARQUE UNIAO X CASTELO (CIRCULAR),Fetranspor,277,17621546,"-22.8742","-43.2435"
330,330-PARQUE UNIAO X CASTELO (CIRCULAR),Fetranspor,278,17621546,"-22.8739","-43.2438"
330,330-PARQUE UNIAO X CASTELO (CIRCULAR),Fetranspor,279,17621546,"-22.8739","-43.2438"
330,330-PARQUE UNIAO X CASTELO (CIRCULAR),Fetranspor,280,17621546,"-22.8736","-43.244"
330,330-PARQUE UNIAO X CASTELO (CIRCULAR),Fetranspor,281,17621546,"-22.8728","-43.2447"
330,330-PARQUE UNIAO X CASTELO (CIRCULAR),Fetranspor,282,17621546,"-22.8728","-43.2447"
330,330-PARQUE UNIAO X CASTELO (CIRCULAR),Fetranspor,283,17621546,"-22.8724","-43.2448"
330,330-PARQUE UNIAO X CASTELO (CIRCULAR),Fetranspor,284,17621546,"-22.8722","-43.2449"
330,330-PARQUE UNIAO X CASTELO (CIRCULAR),Fetranspor,285,17621546,"-22.872","-43.2449"
330,330-PARQUE UNIAO X CASTELO (CIRCULAR),Fetranspor,286,17621546,"-22.8717","-43.2449"
330,330-PARQUE UNIAO X CASTELO (CIRCULAR),Fetranspor,287,17621546,"-22.8714","-43.2449"
330,330-PARQUE UNIAO X CASTELO (CIRCULAR),Fetranspor,288,17621546,"-22.8708","-43.2448"
330,330-PARQUE UNIAO X CASTELO (CIRCULAR),Fetranspor,289,17621546,"-22.8705","-43.2447"
330,330-PARQUE UNIAO X CASTELO (CIRCULAR),Fetranspor,290,17621546,"-22.8703","-43.2446"
330,330-PARQUE UNIAO X CASTELO (CIRCULAR),Fetranspor,291,17621546,"-22.8702","-43.2444"
330,330-PARQUE UNIAO X CASTELO (CIRCULAR),Fetranspor,292,17621546,"-22.87","-43.2442"
330,330-PARQUE UNIAO X CASTELO (CIRCULAR),Fetranspor,293,17621546,"-22.8696","-43.2436"
330,330-PARQUE UNIAO X CASTELO (CIRCULAR),Fetranspor,294,17621546,"-22.8696","-43.2436"
330,330-PARQUE UNIAO X CASTELO (CIRCULAR),Fetranspor,295,17621546,"-22.8695","-43.2436"
330,330-PARQUE UNIAO X CASTELO (CIRCULAR),Fetranspor,296,17621546,"-22.8692","-43.243"
330,330-PARQUE UNIAO X CASTELO (CIRCULAR),Fetranspor,297,17621546,"-22.8689","-43.2425"
330,330-PARQUE UNIAO X CASTELO (CIRCULAR),Fetranspor,298,17621546,"-22.8689","-43.2425"
330,330-PARQUE UNIAO X CASTELO (CIRCULAR),Fetranspor,299,17621546,"-22.8689","-43.2424"
330,330-PARQUE UNIAO X CASTELO (CIRCULAR),Fetranspor,300,17621546,"-22.8689","-43.2422"
330,330-PARQUE UNIAO X CASTELO (CIRCULAR),Fetranspor,301,17621546,"-22.8689","-43.2422"
330,330-PARQUE UNIAO X CASTELO (CIRCULAR),Fetranspor,302,17621546,"-22.869","-43.242"
330,330-PARQUE UNIAO X CASTELO (CIRCULAR),Fetranspor,303,17621546,"-22.8691","-43.2419"
330,330-PARQUE UNIAO X CASTELO (CIRCULAR),Fetranspor,304,17621546,"-22.8691","-43.2418"
330,330-PARQUE UNIAO X CASTELO (CIRCULAR),Fetranspor,305,17621546,"-22.8691","-43.2418"
330,330-PARQUE UNIAO X CASTELO (CIRCULAR),Fetranspor,306,17621546,"-22.8692","-43.2417"
330,330-PARQUE UNIAO X CASTELO (CIRCULAR),Fetranspor,307,17621546,"-22.8692","-43.2417"
330,330-PARQUE UNIAO X CASTELO (CIRCULAR),Fetranspor,308,17621546,"-22.8696","-43.2414"
330,330-PARQUE UNIAO X CASTELO (CIRCULAR),Fetranspor,309,17621546,"-22.8696","-43.2414"
330,330-PARQUE UNIAO X CASTELO (CIRCULAR),Fetranspor,310,17621546,"-22.8697","-43.2412"
330,330-PARQUE UNIAO X CASTELO (CIRCULAR),Fetranspor,311,17621546,"-22.8698","-43.2411"
330,330-PARQUE UNIAO X CASTELO (CIRCULAR),Fetranspor,312,17621546,"-22.8698","-43.2411"
330,330-PARQUE UNIAO X CASTELO (CIRCULAR),Fetranspor,313,17621546,"-22.8701","-43.2408"
330,330-PARQUE UNIAO X CASTELO (CIRCULAR),Fetranspor,314,17621546,"-22.8701","-43.2408"
330,330-PARQUE UNIAO X CASTELO (CIRCULAR),Fetranspor,315,17621546,"-22.8703","-43.2407"
330,330-PARQUE UNIAO X CASTELO (CIRCULAR),Fetranspor,316,17621546,"-22.8703","-43.2406"
330,330-PARQUE UNIAO X CASTELO (CIRCULAR),Fetranspor,317,17621546,"-22.8703","-43.2406"
330,330-PARQUE UNIAO X CASTELO (CIRCULAR),Fetranspor,318,17621546,"-22.8706","-43.2403"
330,330-PARQUE UNIAO X CASTELO (CIRCULAR),Fetranspor,319,17621546,"-22.8706","-43.2403"
330,330-PARQUE UNIAO X CASTELO (CIRCULAR),Fetranspor,320,17621546,"-22.8711","-43.2397"
330,330-PARQUE UNIAO X CASTELO (CIRCULAR),Fetranspor,321,17621546,"-22.8711","-43.2397"
330,330-PARQUE UNIAO X CASTELO (CIRCULAR),Fetranspor,322,17621546,"-22.8712","-43.2396"
330,330-PARQUE UNIAO X CASTELO (CIRCULAR),Fetranspor,323,17621546,"-22.8713","-43.2395"
330,330-PARQUE UNIAO X CASTELO (CIRCULAR),Fetranspor,324,17621546,"-22.8713","-43.2395"
330,330-PARQUE UNIAO X CASTELO (CIRCULAR),Fetranspor,325,17621546,"-22.8716","-43.2392"
330,330-PARQUE UNIAO X CASTELO (CIRCULAR),Fetranspor,326,17621546,"-22.8716","-43.2392"
330,330-PARQUE UNIAO X CASTELO (CIRCULAR),Fetranspor,327,17621546,"-22.8719","-43.2397"
330,330-PARQUE UNIAO X CASTELO (CIRCULAR),Fetranspor,328,17621546,"-22.8719","-43.2397"
330,330-PARQUE UNIAO X CASTELO (CIRCULAR),Fetranspor,329,17621546,"-22.8721","-43.24"
330,330-PARQUE UNIAO X CASTELO (CIRCULAR),Fetranspor,330,17621546,"-22.8721","-43.24"
330,330-PARQUE UNIAO X CASTELO (CIRCULAR),Fetranspor,331,17621546,"-22.8723","-43.2403"
330,330-PARQUE UNIAO X CASTELO (CIRCULAR),Fetranspor,332,17621546,"-22.8723","-43.2403"
330,330-PARQUE UNIAO X CASTELO (CIRCULAR),Fetranspor,333,17621546,"-22.8727","-43.2408"
330,330-PARQUE UNIAO X CASTELO (CIRCULAR),Fetranspor,334,17621546,"-22.8727","-43.2408"
330,330-PARQUE UNIAO X CASTELO (CIRCULAR),Fetranspor,335,17621546,"-22.8727","-43.2408"
330,330-PARQUE UNIAO X CASTELO (CIRCULAR),Fetranspor,336,17621546,"-22.8728","-43.2409"
330,330-PARQUE UNIAO X CASTELO (CIRCULAR),Fetranspor,337,17621546,"-22.8729","-43.241"
330,330-PARQUE UNIAO X CASTELO (CIRCULAR),Fetranspor,338,17621546,"-22.8729","-43.241"
330,330-PARQUE UNIAO X CASTELO (CIRCULAR),Fetranspor,339,17621546,"-22.8731","-43.2414"
330,330-PARQUE UNIAO X CASTELO (CIRCULAR),Fetranspor,340,17621546,"-22.8731","-43.2414"
330,330-PARQUE UNIAO X CASTELO (CIRCULAR),Fetranspor,341,17621546,"-22.8734","-43.2418"
330,330-PARQUE UNIAO X CASTELO (CIRCULAR),Fetranspor,342,17621546,"-22.8734","-43.2418"
330,330-PARQUE UNIAO X CASTELO (CIRCULAR),Fetranspor,343,17621546,"-22.8738","-43.2414"
330,330-PARQUE UNIAO X CASTELO (CIRCULAR),Fetranspor,344,17621546,"-22.8739","-43.2414"
330,330-PARQUE UNIAO X CASTELO (CIRCULAR),Fetranspor,345,17621546,"-22.8739","-43.2414"
330,330-PARQUE UNIAO X CASTELO (CIRCULAR),Fetranspor,346,17621546,"-22.8745","-43.2409"
330,330-PARQUE UNIAO X CASTELO (CIRCULAR),Fetranspor,347,17621546,"-22.8745","-43.2409"
330,330-PARQUE UNIAO X CASTELO (CIRCULAR),Fetranspor,348,17621546,"-22.875","-43.2405"
330,330-PARQUE UNIAO X CASTELO (CIRCULAR),Fetranspor,349,17621546,"-22.875","-43.2405"
330,330-PARQUE UNIAO X CASTELO (CIRCULAR),Fetranspor,350,17621546,"-22.8755","-43.2401"
330,330-PARQUE UNIAO X CASTELO (CIRCULAR),Fetranspor,351,17621546,"-22.8756","-43.24"
330,330-PARQUE UNIAO X CASTELO (CIRCULAR),Fetranspor,352,17621546,"-22.8756","-43.24"
330,330-PARQUE UNIAO X CASTELO (CIRCULAR),Fetranspor,353,17621546,"-22.8754","-43.2397"
330,330-PARQUE UNIAO X CASTELO (CIRCULAR),Fetranspor,354,17621546,"-22.8754","-43.2397"
330,330-PARQUE UNIAO X CASTELO (CIRCULAR),Fetranspor,355,17621546,"-22.875","-43.2391"
330,330-PARQUE UNIAO X CASTELO (CIRCULAR),Fetranspor,356,17621546,"-22.875","-43.2391"
330,330-PARQUE UNIAO X CASTELO (CIRCULAR),Fetranspor,357,17621546,"-22.8746","-43.2384"
330,330-PARQUE UNIAO X CASTELO (CIRCULAR),Fetranspor,358,17621546,"-22.8746","-43.2384"
330,330-PARQUE UNIAO X CASTELO (CIRCULAR),Fetranspor,359,17621546,"-22.8745","-43.2381"
330,330-PARQUE UNIAO X CASTELO (CIRCULAR),Fetranspor,360,17621546,"-22.8745","-43.2381"
330,330-PARQUE UNIAO X CASTELO (CIRCULAR),Fetranspor,361,17621546,"-22.8743","-43.2378"
330,330-PARQUE UNIAO X CASTELO (CIRCULAR),Fetranspor,362,17621546,"-22.8743","-43.2378"
330,330-PARQUE UNIAO X CASTELO (CIRCULAR),Fetranspor,363,17621546,"-22.8739","-43.2372"
330,330-PARQUE UNIAO X CASTELO (CIRCULAR),Fetranspor,364,17621546,"-22.8739","-43.2372"
330,330-PARQUE UNIAO X CASTELO (CIRCULAR),Fetranspor,365,17621546,"-22.8737","-43.2374"
330,330-PARQUE UNIAO X CASTELO (CIRCULAR),Fetranspor,366,17621546,"-22.8737","-43.2374"
330,330-PARQUE UNIAO X CASTELO (CIRCULAR),Fetranspor,367,17621546,"-22.8735","-43.2375"
330,330-PARQUE UNIAO X CASTELO (CIRCULAR),Fetranspor,368,17621546,"-22.8735","-43.2375"
330,330-PARQUE UNIAO X CASTELO (CIRCULAR),Fetranspor,369,17621546,"-22.8732","-43.2378"
330,330-PARQUE UNIAO X CASTELO (CIRCULAR),Fetranspor,370,17621546,"-22.8732","-43.2378"
330,330-PARQUE UNIAO X CASTELO (CIRCULAR),Fetranspor,371,17621546,"-22.8729","-43.238"
330,330-PARQUE UNIAO X CASTELO (CIRCULAR),Fetranspor,372,17621546,"-22.8729","-43.238"
330,330-PARQUE UNIAO X CASTELO (CIRCULAR),Fetranspor,373,17621546,"-22.8726","-43.2383"
330,330-PARQUE UNIAO X CASTELO (CIRCULAR),Fetranspor,374,17621546,"-22.8726","-43.2383"
330,330-PARQUE UNIAO X CASTELO (CIRCULAR),Fetranspor,375,17621546,"-22.8724","-43.2385"
330,330-PARQUE UNIAO X CASTELO (CIRCULAR),Fetranspor,376,17621546,"-22.8724","-43.2385"
330,330-PARQUE UNIAO X CASTELO (CIRCULAR),Fetranspor,377,17621546,"-22.8721","-43.2387"
330,330-PARQUE UNIAO X CASTELO (CIRCULAR),Fetranspor,378,17621546,"-22.8721","-43.2387"
330,330-PARQUE UNIAO X CASTELO (CIRCULAR),Fetranspor,379,17621546,"-22.8719","-43.239"
330,330-PARQUE UNIAO X CASTELO (CIRCULAR),Fetranspor,380,17621546,"-22.8719","-43.239"
330,330-PARQUE UNIAO X CASTELO (CIRCULAR),Fetranspor,381,17621546,"-22.8716","-43.2392"
330,330-PARQUE UNIAO X CASTELO (CIRCULAR),Fetranspor,382,17621546,"-22.8716","-43.2392"
330,330-PARQUE UNIAO X CASTELO (CIRCULAR),Fetranspor,383,17621546,"-22.8714","-43.2389"
330,330-PARQUE UNIAO X CASTELO (CIRCULAR),Fetranspor,384,17621546,"-22.8714","-43.2389"
330,330-PARQUE UNIAO X CASTELO (CIRCULAR),Fetranspor,385,17621546,"-22.8709","-43.2394"
330,330-PARQUE UNIAO X CASTELO (CIRCULAR),Fetranspor,386,17621546,"-22.8709","-43.2394"
330,330-PARQUE UNIAO X CASTELO (CIRCULAR),Fetranspor,387,17621546,"-22.87","-43.2406"
330,330-PARQUE UNIAO X CASTELO (CIRCULAR),Fetranspor,388,17621546,"-22.87","-43.2406"
330,330-PARQUE UNIAO X CASTELO (CIRCULAR),Fetranspor,389,17621546,"-22.8697","-43.2408"
330,330-PARQUE UNIAO X CASTELO (CIRCULAR),Fetranspor,390,17621546,"-22.8696","-43.241"
330,330-PARQUE UNIAO X CASTELO (CIRCULAR),Fetranspor,391,17621546,"-22.8695","-43.241"
330,330-PARQUE UNIAO X CASTELO (CIRCULAR),Fetranspor,392,17621546,"-22.8694","-43.2411"
330,330-PARQUE UNIAO X CASTELO (CIRCULAR),Fetranspor,393,17621546,"-22.8693","-43.2412"
330,330-PARQUE UNIAO X CASTELO (CIRCULAR),Fetranspor,394,17621546,"-22.8692","-43.2412"
330,330-PARQUE UNIAO X CASTELO (CIRCULAR),Fetranspor,395,17621546,"-22.8691","-43.2412"
330,330-PARQUE UNIAO X CASTELO (CIRCULAR),Fetranspor,396,17621546,"-22.869","-43.2412"
330,330-PARQUE UNIAO X CASTELO (CIRCULAR),Fetranspor,397,17621546,"-22.8688","-43.2411"
330,330-PARQUE UNIAO X CASTELO (CIRCULAR),Fetranspor,398,17621546,"-22.8688","-43.2411"
330,330-PARQUE UNIAO X CASTELO (CIRCULAR),Fetranspor,399,17621546,"-22.8686","-43.2409"
330,330-PARQUE UNIAO X CASTELO (CIRCULAR),Fetranspor,400,17621546,"-22.8684","-43.2408"
330,330-PARQUE UNIAO X CASTELO (CIRCULAR),Fetranspor,401,17621546,"-22.8684","-43.2408"
330,330-PARQUE UNIAO X CASTELO (CIRCULAR),Fetranspor,402,17621546,"-22.8684","-43.2407"
330,330-PARQUE UNIAO X CASTELO (CIRCULAR),Fetranspor,403,17621546,"-22.8682","-43.2406"
330,330-PARQUE UNIAO X CASTELO (CIRCULAR),Fetranspor,404,17621546,"-22.8681","-43.2405"
330,330-PARQUE UNIAO X CASTELO (CIRCULAR),Fetranspor,405,17621546,"-22.8679","-43.2404"
330,330-PARQUE UNIAO X CASTELO (CIRCULAR),Fetranspor,406,17621546,"-22.8678","-43.2403"
330,330-PARQUE UNIAO X CASTELO (CIRCULAR),Fetranspor,407,17621546,"-22.867","-43.2399"
330,330-PARQUE UNIAO X CASTELO (CIRCULAR),Fetranspor,408,17621546,"-22.8666","-43.2396"
330,330-PARQUE UNIAO X CASTELO (CIRCULAR),Fetranspor,409,17621546,"-22.8657","-43.2392"
330,330-PARQUE UNIAO X CASTELO (CIRCULAR),Fetranspor,410,17621546,"-22.8657","-43.2392"
330,330-PARQUE UNIAO X CASTELO (CIRCULAR),Fetranspor,411,17621546,"-22.865","-43.2389"
330,330-PARQUE UNIAO X CASTELO (CIRCULAR),Fetranspor,412,17621546,"-22.865","-43.2389"
330,330-PARQUE UNIAO X CASTELO (CIRCULAR),Fetranspor,413,17621546,"-22.8646","-43.2387"
330,330-PARQUE UNIAO X CASTELO (CIRCULAR),Fetranspor,414,17621546,"-22.8646","-43.2387"
330,330-PARQUE UNIAO X CASTELO (CIRCULAR),Fetranspor,415,17621546,"-22.8644","-43.2387"
330,330-PARQUE UNIAO X CASTELO (CIRCULAR),Fetranspor,416,17621546,"-22.8644","-43.2387"
330,330-PARQUE UNIAO X CASTELO (CIRCULAR),Fetranspor,417,17621546,"-22.8644","-43.2386"
330,330-PARQUE UNIAO X CASTELO (CIRCULAR),Fetranspor,418,17621546,"-22.8644","-43.2386"
330,330-PARQUE UNIAO X CASTELO (CIRCULAR),Fetranspor,419,17621546,"-22.8643","-43.2386"
330,330-PARQUE UNIAO X CASTELO (CIRCULAR),Fetranspor,420,17621546,"-22.8643","-43.2386"
330,330-PARQUE UNIAO X CASTELO (CIRCULAR),Fetranspor,421,17621546,"-22.8641","-43.2385"
330,330-PARQUE UNIAO X CASTELO (CIRCULAR),Fetranspor,422,17621546,"-22.8639","-43.2383"
330,330-PARQUE UNIAO X CASTELO (CIRCULAR),Fetranspor,423,17621546,"-22.8639","-43.2383"
330,330-PARQUE UNIAO X CASTELO (CIRCULAR),Fetranspor,424,17621546,"-22.8637","-43.2382"
330,330-PARQUE UNIAO X CASTELO (CIRCULAR),Fetranspor,425,17621546,"-22.8636","-43.2381"
330,330-PARQUE UNIAO X CASTELO (CIRCULAR),Fetranspor,426,17621546,"-22.8636","-43.2381"
330,330-PARQUE UNIAO X CASTELO (CIRCULAR),Fetranspor,427,17621546,"-22.8635","-43.238"
330,330-PARQUE UNIAO X CASTELO (CIRCULAR),Fetranspor,428,17621546,"-22.8634","-43.2378"
330,330-PARQUE UNIAO X CASTELO (CIRCULAR),Fetranspor,429,17621546,"-22.8634","-43.2378"
330,330-PARQUE UNIAO X CASTELO (CIRCULAR),Fetranspor,430,17621546,"-22.8632","-43.2375"
330,330-PARQUE UNIAO X CASTELO (CIRCULAR),Fetranspor,431,17621546,"-22.8632","-43.2375"
330,330-PARQUE UNIAO X CASTELO (CIRCULAR),Fetranspor,432,17621546,"-22.863","-43.2372"
330,330-PARQUE UNIAO X CASTELO (CIRCULAR),Fetranspor,433,17621546,"-22.863","-43.2372"
330,330-PARQUE UNIAO X CASTELO (CIRCULAR),Fetranspor,434,17621546,"-22.863","-43.2371"
330,330-PARQUE UNIAO X CASTELO (CIRCULAR),Fetranspor,435,17621546,"-22.863","-43.237"
330,330-PARQUE UNIAO X CASTELO (CIRCULAR),Fetranspor,436,17621546,"-22.863","-43.237"
330,330-PARQUE UNIAO X CASTELO (CIRCULAR),Fetranspor,437,17621546,"-22.8629","-43.237"
330,330-PARQUE UNIAO X CASTELO (CIRCULAR),Fetranspor,438,17621546,"-22.8628","-43.237"
330,330-PARQUE UNIAO X CASTELO (CIRCULAR),Fetranspor,439,17621546,"-22.8628","-43.237"
330,330-PARQUE UNIAO X CASTELO (CIRCULAR),Fetranspor,440,17621546,"-22.8628","-43.237"
330,330-PARQUE UNIAO X CASTELO (CIRCULAR),Fetranspor,441,17621546,"-22.8627","-43.2371"
330,330-PARQUE UNIAO X CASTELO (CIRCULAR),Fetranspor,442,17621546,"-22.8626","-43.2372"
330,330-PARQUE UNIAO X CASTELO (CIRCULAR),Fetranspor,443,17621546,"-22.8626","-43.2372"
330,330-PARQUE UNIAO X CASTELO (CIRCULAR),Fetranspor,444,17621546,"-22.8624","-43.2374"
330,330-PARQUE UNIAO X CASTELO (CIRCULAR),Fetranspor,445,17621546,"-22.8622","-43.2375"
330,330-PARQUE UNIAO X CASTELO (CIRCULAR),Fetranspor,446,17621546,"-22.8621","-43.2376"
330,330-PARQUE UNIAO X CASTELO (CIRCULAR),Fetranspor,447,17621546,"-22.8621","-43.2376"
330,330-PARQUE UNIAO X CASTELO (CIRCULAR),Fetranspor,448,17621546,"-22.8621","-43.2376"
330,330-PARQUE UNIAO X CASTELO (CIRCULAR),Fetranspor,449,17621546,"-22.862","-43.2376"
330,330-PARQUE UNIAO X CASTELO (CIRCULAR),Fetranspor,450,17621546,"-22.862","-43.2376"
330,330-PARQUE UNIAO X CASTELO (CIRCULAR),Fetranspor,451,17621546,"-22.862","-43.2376"
330,330-PARQUE UNIAO X CASTELO (CIRCULAR),Fetranspor,452,17621546,"-22.862","-43.2377"
330,330-PARQUE UNIAO X CASTELO (CIRCULAR),Fetranspor,453,17621546,"-22.862","-43.2377"
330,330-PARQUE UNIAO X CASTELO (CIRCULAR),Fetranspor,454,17621546,"-22.8619","-43.2378"
330,330-PARQUE UNIAO X CASTELO (CIRCULAR),Fetranspor,455,17621546,"-22.8619","-43.2378"
330,330-PARQUE UNIAO X CASTELO (CIRCULAR),Fetranspor,456,17621546,"-22.8619","-43.2378"
330,330-PARQUE UNIAO X CASTELO (CIRCULAR),Fetranspor,457,17621546,"-22.8618","-43.238"
330,330-PARQUE UNIAO X CASTELO (CIRCULAR),Fetranspor,458,17621546,"-22.8618","-43.238"
330,330-PARQUE UNIAO X CASTELO (CIRCULAR),Fetranspor,459,17621546,"-22.8618","-43.2381"
330,330-PARQUE UNIAO X CASTELO (CIRCULAR),Fetranspor,460,17621546,"-22.8618","-43.2381"
330,330-PARQUE UNIAO X CASTELO (CIRCULAR),Fetranspor,461,17621546,"-22.8618","-43.2381"
330,330-PARQUE UNIAO X CASTELO (CIRCULAR),Fetranspor,462,17621546,"-22.8618","-43.2384"
330,330-PARQUE UNIAO X CASTELO (CIRCULAR),Fetranspor,463,17621546,"-22.8617","-43.2385"
330,330-PARQUE UNIAO X CASTELO (CIRCULAR),Fetranspor,464,17621546,"-22.8615","-43.2387"
330,330-PARQUE UNIAO X CASTELO (CIRCULAR),Fetranspor,465,17621546,"-22.8615","-43.2387"
330,330-PARQUE UNIAO X CASTELO (CIRCULAR),Fetranspor,466,17621546,"-22.8612","-43.2389"
330,330-PARQUE UNIAO X CASTELO (CIRCULAR),Fetranspor,467,17621546,"-22.8612","-43.2389"
330,330-PARQUE UNIAO X CASTELO (CIRCULAR),Fetranspor,468,17621546,"-22.8611","-43.239"
330,330-PARQUE UNIAO X CASTELO (CIRCULAR),Fetranspor,469,17621546,"-22.861","-43.2391"
330,330-PARQUE UNIAO X CASTELO (CIRCULAR),Fetranspor,470,17621546,"-22.861","-43.2391"
330,330-PARQUE UNIAO X CASTELO (CIRCULAR),Fetranspor,471,17621546,"-22.8611","-43.2395"
330,330-PARQUE UNIAO X CASTELO (CIRCULAR),Fetranspor,472,17621546,"-22.8611","-43.2395"
330,330-PARQUE UNIAO X CASTELO (CIRCULAR),Fetranspor,473,17621546,"-22.8611","-43.2396"
330,330-PARQUE UNIAO X CASTELO (CIRCULAR),Fetranspor,474,17621546,"-22.8611","-43.2397"
330,330-PARQUE UNIAO X CASTELO (CIRCULAR),Fetranspor,475,17621546,"-22.8609","-43.2404"
330,330-PARQUE UNIAO X CASTELO (CIRCULAR),Fetranspor,476,17621546,"-22.8609","-43.2405"
330,330-PARQUE UNIAO X CASTELO (CIRCULAR),Fetranspor,477,17621546,"-22.8606","-43.2411"
330,330-PARQUE UNIAO X CASTELO (CIRCULAR),Fetranspor,478,17621546,"-22.8603","-43.2416"
330,330-PARQUE UNIAO X CASTELO (CIRCULAR),Fetranspor,479,17621546,"-22.8603","-43.2416"
330,330-PARQUE UNIAO X CASTELO (CIRCULAR),Fetranspor,480,17621546,"-22.8601","-43.242"
330,330-PARQUE UNIAO X CASTELO (CIRCULAR),Fetranspor,481,17621546,"-22.8601","-43.242"
330,330-PARQUE UNIAO X CASTELO (CIRCULAR),Fetranspor,482,17621546,"-22.8601","-43.2419"
330,330-PARQUE UNIAO X CASTELO (CIRCULAR),Fetranspor,483,17621546,"-22.86","-43.2419"
330,330-PARQUE UNIAO X CASTELO (CIRCULAR),Fetranspor,484,17621546,"-22.86","-43.2419"
330,330-PARQUE UNIAO X CASTELO (CIRCULAR),Fetranspor,485,17621546,"-22.86","-43.2419"
330,330-PARQUE UNIAO X CASTELO (CIRCULAR),Fetranspor,486,17621546,"-22.8601","-43.2418"
330,330-PARQUE UNIAO X CASTELO (CIRCULAR),Fetranspor,487,17621546,"-22.8605","-43.241"
330,330-PARQUE UNIAO X CASTELO (CIRCULAR),Fetranspor,488,17621546,"-22.8605","-43.241"
330,330-PARQUE UNIAO X CASTELO (CIRCULAR),Fetranspor,489,17621546,"-22.8604","-43.241"
330,330-PARQUE UNIAO X CASTELO (CIRCULAR),Fetranspor,490,17621546,"-22.8603","-43.241"
330,330-PARQUE UNIAO X CASTELO (CIRCULAR),Fetranspor,491,17621546,"-22.8597","-43.2411"
330,330-PARQUE UNIAO X CASTELO (CIRCULAR),Fetranspor,492,17621546,"-22.8597","-43.2411"
330,330-PARQUE UNIAO X CASTELO (CIRCULAR),Fetranspor,493,17621546,"-22.859","-43.2413"
330,330-PARQUE UNIAO X CASTELO (CIRCULAR),Fetranspor,494,17621546,"-22.859","-43.2413"
330,330-PARQUE UNIAO X CASTELO (CIRCULAR),Fetranspor,495,17621546,"-22.8588","-43.2414"
330,330-PARQUE UNIAO X CASTELO (CIRCULAR),Fetranspor,496,17621546,"-22.8588","-43.2414"
330,330-PARQUE UNIAO X CASTELO (CIRCULAR),Fetranspor,497,17621546,"-22.8587","-43.2414"
330,330-PARQUE UNIAO X CASTELO (CIRCULAR),Fetranspor,498,17621546,"-22.8587","-43.2414"
330,330-PARQUE UNIAO X CASTELO (CIRCULAR),Fetranspor,499,17621546,"-22.8586","-43.2414"
330,330-PARQUE UNIAO X CASTELO (CIRCULAR),Fetranspor,500,17621546,"-22.8586","-43.2414"
330,330-PARQUE UNIAO X CASTELO (CIRCULAR),Fetranspor,501,17621546,"-22.8584","-43.2415"
330,330-PARQUE UNIAO X CASTELO (CIRCULAR),Fetranspor,502,17621546,"-22.8584","-43.2415"
330,330-PARQUE UNIAO X CASTELO (CIRCULAR),Fetranspor,503,17621546,"-22.8583","-43.2415"
330,330-PARQUE UNIAO X CASTELO (CIRCULAR),Fetranspor,504,17621546,"-22.8583","-43.2415"
330,330-PARQUE UNIAO X CASTELO (CIRCULAR),Fetranspor,505,17621546,"-22.8583","-43.2415"
330,330-PARQUE UNIAO X CASTELO (CIRCULAR),Fetranspor,506,17621546,"-22.8583","-43.2415"
330,330-PARQUE UNIAO X CASTELO (CIRCULAR),Fetranspor,507,17621546,"-22.8579","-43.2416"
330,330-PARQUE UNIAO X CASTELO (CIRCULAR),Fetranspor,508,17621546,"-22.8579","-43.2416"
330,330-PARQUE UNIAO X CASTELO (CIRCULAR),Fetranspor,509,17621546,"-22.8571","-43.2418"
330,330-PARQUE UNIAO X CASTELO (CIRCULAR),Fetranspor,510,17621546,"-22.8571","-43.2418"
330,330-PARQUE UNIAO X CASTELO (CIRCULAR),Fetranspor,511,17621546,"-22.8563","-43.242"
330,330-PARQUE UNIAO X CASTELO (CIRCULAR),Fetranspor,512,17621546,"-22.8563","-43.242"
330,330-PARQUE UNIAO X CASTELO (CIRCULAR),Fetranspor,513,17621546,"-22.8558","-43.2421"
330,330-PARQUE UNIAO X CASTELO (CIRCULAR),Fetranspor,514,17621546,"-22.8558","-43.2421"
330,330-PARQUE UNIAO X CASTELO (CIRCULAR),Fetranspor,515,17621546,"-22.8556","-43.2422"
330,330-PARQUE UNIAO X CASTELO (CIRCULAR),Fetranspor,516,17621546,"-22.8556","-43.2422"
330,330-PARQUE UNIAO X CASTELO (CIRCULAR),Fetranspor,517,17621546,"-22.8553","-43.2423"
330,330-PARQUE UNIAO X CASTELO (CIRCULAR),Fetranspor,518,17621546,"-22.8553","-43.2423"
330,330-PARQUE UNIAO X CASTELO (CIRCULAR),Fetranspor,519,17621546,"-22.8549","-43.2424"
330,330-PARQUE UNIAO X CASTELO (CIRCULAR),Fetranspor,520,17621546,"-22.8549","-43.2424"
330,330-PARQUE UNIAO X CASTELO (CIRCULAR),Fetranspor,521,17621546,"-22.8546","-43.2424"
330,330-PARQUE UNIAO X CASTELO (CIRCULAR),Fetranspor,522,17621546,"-22.8546","-43.2424"
330,330-PARQUE UNIAO X CASTELO (CIRCULAR),Fetranspor,523,17621546,"-22.8543","-43.2425"
330,330-PARQUE UNIAO X CASTELO (CIRCULAR),Fetranspor,524,17621546,"-22.8543","-43.2425"
330,330-PARQUE UNIAO X CASTELO (CIRCULAR),Fetranspor,525,17621546,"-22.8538","-43.2426"
330,330-PARQUE UNIAO X CASTELO (CIRCULAR),Fetranspor,526,17621546,"-22.8538","-43.2426"
330,330-PARQUE UNIAO X CASTELO (CIRCULAR),Fetranspor,527,17621546,"-22.8533","-43.2428"
330,330-PARQUE UNIAO X CASTELO (CIRCULAR),Fetranspor,528,17621546,"-22.8533","-43.2428"
330,330-PARQUE UNIAO X CASTELO (CIRCULAR),Fetranspor,529,17621546,"-22.8529","-43.2429"
330,330-PARQUE UNIAO X CASTELO (CIRCULAR),Fetranspor,530,17621546,"-22.8529","-43.2429"
330,330-PARQUE UNIAO X CASTELO (CIRCULAR),Fetranspor,531,17621546,"-22.8527","-43.2429"
330,330-PARQUE UNIAO X CASTELO (CIRCULAR),Fetranspor,532,17621546,"-22.8527","-43.2429"
330,330-PARQUE UNIAO X CASTELO (CIRCULAR),Fetranspor,533,17621546,"-22.8524","-43.243"
330,330-PARQUE UNIAO X CASTELO (CIRCULAR),Fetranspor,534,17621546,"-22.8524","-43.243"
330,330-PARQUE UNIAO X CASTELO (CIRCULAR),Fetranspor,535,17621546,"-22.8521","-43.2431"
330,330-PARQUE UNIAO X CASTELO (CIRCULAR),Fetranspor,536,17621546,"-22.8521","-43.2431"
330,330-PARQUE UNIAO X CASTELO (CIRCULAR),Fetranspor,537,17621546,"-22.8519","-43.2431"
330,330-PARQUE UNIAO X CASTELO (CIRCULAR),Fetranspor,538,17621546,"-22.8518","-43.2431"
330,330-PARQUE UNIAO X CASTELO (CIRCULAR),Fetranspor,539,17621546,"-22.8517","-43.2432"
330,330-PARQUE UNIAO X CASTELO (CIRCULAR),Fetranspor,540,17621546,"-22.8517","-43.2432"
330,330-PARQUE UNIAO X CASTELO (CIRCULAR),Fetranspor,541,17621546,"-22.8517","-43.2432"
330,330-PARQUE UNIAO X CASTELO (CIRCULAR),Fetranspor,542,17621546,"-22.8517","-43.2433"
330,330-PARQUE UNIAO X CASTELO (CIRCULAR),Fetranspor,543,17621546,"-22.8519","-43.2439"
330,330-PARQUE UNIAO X CASTELO (CIRCULAR),Fetranspor,544,17621546,"-22.852","-43.2443"
330,330-PARQUE UNIAO X CASTELO (CIRCULAR),Fetranspor,545,17621546,"-22.852","-43.2443"
330,330-PARQUE UNIAO X CASTELO (CIRCULAR),Fetranspor,546,17621546,"-22.8517","-43.2444"
330,330-PARQUE UNIAO X CASTELO (CIRCULAR),Fetranspor,547,17621546,"-22.8517","-43.2444"
330,330-PARQUE UNIAO X CASTELO (CIRCULAR),Fetranspor,548,17621546,"-22.8514","-43.2445"
330,330-PARQUE UNIAO X CASTELO (CIRCULAR),Fetranspor,549,17621546,"-22.8514","-43.2445"
330,330-PARQUE UNIAO X CASTELO (CIRCULAR),Fetranspor,550,17621546,"-22.8506","-43.2447"
330,330-PARQUE UNIAO X CASTELO (CIRCULAR),Fetranspor,551,17621546,"-22.8506","-43.2447"
330,330-PARQUE UNIAO X CASTELO (CIRCULAR),Fetranspor,552,17621546,"-22.8508","-43.2451"
330,330-PARQUE UNIAO X CASTELO (CIRCULAR),Fetranspor,553,17621546,"-22.8508","-43.2451"
330,330-PARQUE UNIAO X CASTELO (CIRCULAR),Fetranspor,554,17621546,"-22.8509","-43.2453"
330,330-PARQUE UNIAO X CASTELO (CIRCULAR),Fetranspor,555,17621546,"-22.8509","-43.2454"
330,330-PARQUE UNIAO X CASTELO (CIRCULAR),Fetranspor,556,17621546,"-22.8509","-43.2454"
330,330-PARQUE UNIAO X CASTELO (CIRCULAR),Fetranspor,557,17621546,"-22.851","-43.2456"
330,330-PARQUE UNIAO X CASTELO (CIRCULAR),Fetranspor,558,17621546,"-22.851","-43.2459"
330,330-PARQUE UNIAO X CASTELO (CIRCULAR),Fetranspor,559,17621546,"-22.851","-43.2459"
330,330-PARQUE UNIAO X CASTELO (CIRCULAR),Fetranspor,560,17621546,"-22.8511","-43.2463"
330,330-PARQUE UNIAO X CASTELO (CIRCULAR),Fetranspor,561,17621546,"-22.8511","-43.2463"
330,330-PARQUE UNIAO X CASTELO (CIRCULAR),Fetranspor,562,17621546,"-22.8511","-43.2464"
330,330-PARQUE UNIAO X CASTELO (CIRCULAR),Fetranspor,563,17621546,"-22.8511","-43.2468"
330,330-PARQUE UNIAO X CASTELO (CIRCULAR),Fetranspor,564,17621546,"-22.8511","-43.2468"
330,330-PARQUE UNIAO X CASTELO (CIRCULAR),Fetranspor,565,17621546,"-22.8511","-43.247"
330,330-PARQUE UNIAO X CASTELO (CIRCULAR),Fetranspor,566,17621546,"-22.8511","-43.2471"
330,330-PARQUE UNIAO X CASTELO (CIRCULAR),Fetranspor,567,17621546,"-22.8511","-43.2471"
330,330-PARQUE UNIAO X CASTELO (CIRCULAR),Fetranspor,568,17621546,"-22.851","-43.2471"
330,330-PARQUE UNIAO X CASTELO (CIRCULAR),Fetranspor,569,17621546,"-22.8507","-43.2471"
330,330-PARQUE UNIAO X CASTELO (CIRCULAR),Fetranspor,570,17621546,"-22.8507","-43.2471"
330,330-PARQUE UNIAO X CASTELO (CIRCULAR),Fetranspor,571,17621546,"-22.8505","-43.2469"
330,330-PARQUE UNIAO X CASTELO (CIRCULAR),Fetranspor,572,17621546,"-22.8502","-43.2468"
330,330-PARQUE UNIAO X CASTELO (CIRCULAR),Fetranspor,573,17621546,"-22.8502","-43.2468"
330,330-PARQUE UNIAO X CASTELO (CIRCULAR),Fetranspor,574,17621546,"-22.8501","-43.2468"
330,330-PARQUE UNIAO X CASTELO (CIRCULAR),Fetranspor,575,17621546,"-22.8497","-43.2465"
330,330-PARQUE UNIAO X CASTELO (CIRCULAR),Fetranspor,576,17621546,"-22.8495","-43.2464"
330,330-PARQUE UNIAO X CASTELO (CIRCULAR),Fetranspor,577,17621546,"-22.8493","-43.2462"
330,330-PARQUE UNIAO X CASTELO (CIRCULAR),Fetranspor,578,17621546,"-22.8493","-43.2462"
330,330-PARQUE UNIAO X CASTELO (CIRCULAR),Fetranspor,579,17621546,"-22.8491","-43.246"
330,330-PARQUE UNIAO X CASTELO (CIRCULAR),Fetranspor,580,17621546,"-22.8488","-43.2457"
330,330-PARQUE UNIAO X CASTELO (CIRCULAR),Fetranspor,581,17621546,"-22.8487","-43.2457"
330,330-PARQUE UNIAO X CASTELO (CIRCULAR),Fetranspor,582,17621546,"-22.8487","-43.2457"
330,330-PARQUE UNIAO X CASTELO (CIRCULAR),Fetranspor,583,17621546,"-22.8487","-43.2457"
330,330-PARQUE UNIAO X CASTELO (CIRCULAR),Fetranspor,584,17621546,"-22.8486","-43.2456"
330,330-PARQUE UNIAO X CASTELO (CIRCULAR),Fetranspor,585,17621546,"-22.8486","-43.2456"
330,330-PARQUE UNIAO X CASTELO (CIRCULAR),Fetranspor,586,17621546,"-22.8485","-43.2454"
330,330-PARQUE UNIAO X CASTELO (CIRCULAR),Fetranspor,587,17621546,"-22.8485","-43.2454"
330,330-PARQUE UNIAO X CASTELO (CIRCULAR),Fetranspor,588,17621546,"-22.8477","-43.2445"
330,330-PARQUE UNIAO X CASTELO (CIRCULAR),Fetranspor,589,17621546,"-22.8477","-43.2445"
330,330-PARQUE UNIAO X CASTELO (CIRCULAR),Fetranspor,590,17621546,"-22.8475","-43.2444"
330,330-PARQUE UNIAO X CASTELO (CIRCULAR),Fetranspor,591,17621546,"-22.8475","-43.2444"
330,330-PARQUE UNIAO X CASTELO (CIRCULAR),Fetranspor,592,17621546,"-22.8473","-43.2441"
330,330-PARQUE UNIAO X CASTELO (CIRCULAR),Fetranspor,593,17621546,"-22.8472","-43.2439"
330,330-PARQUE UNIAO X CASTELO (CIRCULAR),Fetranspor,594,17621546,"-22.8472","-43.2439"
330,330-PARQUE UNIAO X CASTELO (CIRCULAR),Fetranspor,595,17621546,"-22.8471","-43.2437"
330,330-PARQUE UNIAO X CASTELO (CIRCULAR),Fetranspor,596,17621546,"-22.847","-43.2436"
330,330-PARQUE UNIAO X CASTELO (CIRCULAR),Fetranspor,597,17621546,"-22.8469","-43.2433"
330,330-PARQUE UNIAO X CASTELO (CIRCULAR),Fetranspor,598,17621546,"-22.8469","-43.2432"
330,330-PARQUE UNIAO X CASTELO (CIRCULAR),Fetranspor,599,17621546,"-22.8469","-43.2432"
330,330-PARQUE UNIAO X CASTELO (CIRCULAR),Fetranspor,600,17621546,"-22.8468","-43.243"
330,330-PARQUE UNIAO X CASTELO (CIRCULAR),Fetranspor,601,17621546,"-22.8468","-43.2427"
330,330-PARQUE UNIAO X CASTELO (CIRCULAR),Fetranspor,602,17621546,"-22.8468","-43.2425"
330,330-PARQUE UNIAO X CASTELO (CIRCULAR),Fetranspor,603,17621546,"-22.8468","-43.2425"
330,330-PARQUE UNIAO X CASTELO (CIRCULAR),Fetranspor,604,17621546,"-22.8466","-43.2415"
330,330-PARQUE UNIAO X CASTELO (CIRCULAR),Fetranspor,605,17621546,"-22.8466","-43.2408"
