linha,descricao,agencia,sequencia,shape_id,latitude,longitude
365,365-MENDANHA X TIRADENTES (EXPRESSO),Fetranspor,0,17412176,"-22.9089","-43.1834"
365,365-MENDANHA X TIRADENTES (EXPRESSO),Fetranspor,1,17412176,"-22.9087","-43.1826"
365,365-MENDANHA X TIRADENTES (EXPRESSO),Fetranspor,2,17412176,"-22.9086","-43.1826"
365,365-MENDANHA X TIRADENTES (EXPRESSO),Fetranspor,3,17412176,"-22.9086","-43.1826"
365,365-MENDANHA X TIRADENTES (EXPRESSO),Fetranspor,4,17412176,"-22.9086","-43.1826"
365,365-MENDANHA X TIRADENTES (EXPRESSO),Fetranspor,5,17412176,"-22.9086","-43.1825"
365,365-MENDANHA X TIRADENTES (EXPRESSO),Fetranspor,6,17412176,"-22.9086","-43.1825"
365,365-MENDANHA X TIRADENTES (EXPRESSO),Fetranspor,7,17412176,"-22.908","-43.1825"
365,365-MENDANHA X TIRADENTES (EXPRESSO),Fetranspor,8,17412176,"-22.908","-43.1825"
365,365-MENDANHA X TIRADENTES (EXPRESSO),Fetranspor,9,17412176,"-22.9074","-43.1825"
365,365-MENDANHA X TIRADENTES (EXPRESSO),Fetranspor,10,17412176,"-22.9073","-43.1825"
365,365-MENDANHA X TIRADENTES (EXPRESSO),Fetranspor,11,17412176,"-22.9073","-43.1825"
365,365-MENDANHA X TIRADENTES (EXPRESSO),Fetranspor,12,17412176,"-22.9072","-43.1825"
365,365-MENDANHA X TIRADENTES (EXPRESSO),Fetranspor,13,17412176,"-22.9072","-43.1825"
365,365-MENDANHA X TIRADENTES (EXPRESSO),Fetranspor,14,17412176,"-22.9074","-43.1831"
365,365-MENDANHA X TIRADENTES (EXPRESSO),Fetranspor,15,17412176,"-22.9074","-43.1831"
365,365-MENDANHA X TIRADENTES (EXPRESSO),Fetranspor,16,17412176,"-22.9074","-43.1832"
365,365-MENDANHA X TIRADENTES (EXPRESSO),Fetranspor,17,17412176,"-22.9074","-43.1832"
365,365-MENDANHA X TIRADENTES (EXPRESSO),Fetranspor,18,17412176,"-22.9075","-43.1835"
365,365-MENDANHA X TIRADENTES (EXPRESSO),Fetranspor,19,17412176,"-22.9075","-43.1835"
365,365-MENDANHA X TIRADENTES (EXPRESSO),Fetranspor,20,17412176,"-22.9077","-43.184"
365,365-MENDANHA X TIRADENTES (EXPRESSO),Fetranspor,21,17412176,"-22.9077","-43.184"
365,365-MENDANHA X TIRADENTES (EXPRESSO),Fetranspor,22,17412176,"-22.9078","-43.1844"
365,365-MENDANHA X TIRADENTES (EXPRESSO),Fetranspor,23,17412176,"-22.9078","-43.1844"
365,365-MENDANHA X TIRADENTES (EXPRESSO),Fetranspor,24,17412176,"-22.908","-43.185"
365,365-MENDANHA X TIRADENTES (EXPRESSO),Fetranspor,25,17412176,"-22.908","-43.185"
365,365-MENDANHA X TIRADENTES (EXPRESSO),Fetranspor,26,17412176,"-22.9081","-43.1854"
365,365-MENDANHA X TIRADENTES (EXPRESSO),Fetranspor,27,17412176,"-22.9081","-43.1856"
365,365-MENDANHA X TIRADENTES (EXPRESSO),Fetranspor,28,17412176,"-22.9081","-43.1856"
365,365-MENDANHA X TIRADENTES (EXPRESSO),Fetranspor,29,17412176,"-22.9083","-43.1861"
365,365-MENDANHA X TIRADENTES (EXPRESSO),Fetranspor,30,17412176,"-22.9083","-43.1861"
365,365-MENDANHA X TIRADENTES (EXPRESSO),Fetranspor,31,17412176,"-22.9083","-43.1862"
365,365-MENDANHA X TIRADENTES (EXPRESSO),Fetranspor,32,17412176,"-22.9083","-43.1862"
365,365-MENDANHA X TIRADENTES (EXPRESSO),Fetranspor,33,17412176,"-22.9083","-43.1864"
365,365-MENDANHA X TIRADENTES (EXPRESSO),Fetranspor,34,17412176,"-22.9085","-43.1871"
365,365-MENDANHA X TIRADENTES (EXPRESSO),Fetranspor,35,17412176,"-22.909","-43.1888"
365,365-MENDANHA X TIRADENTES (EXPRESSO),Fetranspor,36,17412176,"-22.909","-43.1888"
365,365-MENDANHA X TIRADENTES (EXPRESSO),Fetranspor,37,17412176,"-22.9077","-43.19"
365,365-MENDANHA X TIRADENTES (EXPRESSO),Fetranspor,38,17412176,"-22.9077","-43.19"
365,365-MENDANHA X TIRADENTES (EXPRESSO),Fetranspor,39,17412176,"-22.9076","-43.1901"
365,365-MENDANHA X TIRADENTES (EXPRESSO),Fetranspor,40,17412176,"-22.9075","-43.1901"
365,365-MENDANHA X TIRADENTES (EXPRESSO),Fetranspor,41,17412176,"-22.9075","-43.1901"
365,365-MENDANHA X TIRADENTES (EXPRESSO),Fetranspor,42,17412176,"-22.9072","-43.1902"
365,365-MENDANHA X TIRADENTES (EXPRESSO),Fetranspor,43,17412176,"-22.9072","-43.1902"
365,365-MENDANHA X TIRADENTES (EXPRESSO),Fetranspor,44,17412176,"-22.9066","-43.1904"
365,365-MENDANHA X TIRADENTES (EXPRESSO),Fetranspor,45,17412176,"-22.906","-43.1906"
365,365-MENDANHA X TIRADENTES (EXPRESSO),Fetranspor,46,17412176,"-22.906","-43.1906"
365,365-MENDANHA X TIRADENTES (EXPRESSO),Fetranspor,47,17412176,"-22.9055","-43.1907"
365,365-MENDANHA X TIRADENTES (EXPRESSO),Fetranspor,48,17412176,"-22.9054","-43.1908"
365,365-MENDANHA X TIRADENTES (EXPRESSO),Fetranspor,49,17412176,"-22.9053","-43.1908"
365,365-MENDANHA X TIRADENTES (EXPRESSO),Fetranspor,50,17412176,"-22.9052","-43.1907"
365,365-MENDANHA X TIRADENTES (EXPRESSO),Fetranspor,51,17412176,"-22.9052","-43.1907"
365,365-MENDANHA X TIRADENTES (EXPRESSO),Fetranspor,52,17412176,"-22.9051","-43.1909"
365,365-MENDANHA X TIRADENTES (EXPRESSO),Fetranspor,53,17412176,"-22.9051","-43.1909"
365,365-MENDANHA X TIRADENTES (EXPRESSO),Fetranspor,54,17412176,"-22.905","-43.191"
365,365-MENDANHA X TIRADENTES (EXPRESSO),Fetranspor,55,17412176,"-22.905","-43.191"
365,365-MENDANHA X TIRADENTES (EXPRESSO),Fetranspor,56,17412176,"-22.9049","-43.1912"
365,365-MENDANHA X TIRADENTES (EXPRESSO),Fetranspor,57,17412176,"-22.9049","-43.1912"
365,365-MENDANHA X TIRADENTES (EXPRESSO),Fetranspor,58,17412176,"-22.905","-43.1914"
365,365-MENDANHA X TIRADENTES (EXPRESSO),Fetranspor,59,17412176,"-22.905","-43.1914"
365,365-MENDANHA X TIRADENTES (EXPRESSO),Fetranspor,60,17412176,"-22.9054","-43.1926"
365,365-MENDANHA X TIRADENTES (EXPRESSO),Fetranspor,61,17412176,"-22.9055","-43.193"
365,365-MENDANHA X TIRADENTES (EXPRESSO),Fetranspor,62,17412176,"-22.9055","-43.193"
365,365-MENDANHA X TIRADENTES (EXPRESSO),Fetranspor,63,17412176,"-22.906","-43.1948"
365,365-MENDANHA X TIRADENTES (EXPRESSO),Fetranspor,64,17412176,"-22.906","-43.1948"
365,365-MENDANHA X TIRADENTES (EXPRESSO),Fetranspor,65,17412176,"-22.9063","-43.1957"
365,365-MENDANHA X TIRADENTES (EXPRESSO),Fetranspor,66,17412176,"-22.9063","-43.1957"
365,365-MENDANHA X TIRADENTES (EXPRESSO),Fetranspor,67,17412176,"-22.9064","-43.1961"
365,365-MENDANHA X TIRADENTES (EXPRESSO),Fetranspor,68,17412176,"-22.9069","-43.1976"
365,365-MENDANHA X TIRADENTES (EXPRESSO),Fetranspor,69,17412176,"-22.9069","-43.1976"
365,365-MENDANHA X TIRADENTES (EXPRESSO),Fetranspor,70,17412176,"-22.9069","-43.1977"
365,365-MENDANHA X TIRADENTES (EXPRESSO),Fetranspor,71,17412176,"-22.9069","-43.1977"
365,365-MENDANHA X TIRADENTES (EXPRESSO),Fetranspor,72,17412176,"-22.9074","-43.1991"
365,365-MENDANHA X TIRADENTES (EXPRESSO),Fetranspor,73,17412176,"-22.9074","-43.1991"
365,365-MENDANHA X TIRADENTES (EXPRESSO),Fetranspor,74,17412176,"-22.9081","-43.2012"
365,365-MENDANHA X TIRADENTES (EXPRESSO),Fetranspor,75,17412176,"-22.9081","-43.2012"
365,365-MENDANHA X TIRADENTES (EXPRESSO),Fetranspor,76,17412176,"-22.9097","-43.2061"
365,365-MENDANHA X TIRADENTES (EXPRESSO),Fetranspor,77,17412176,"-22.91","-43.207"
365,365-MENDANHA X TIRADENTES (EXPRESSO),Fetranspor,78,17412176,"-22.91","-43.207"
365,365-MENDANHA X TIRADENTES (EXPRESSO),Fetranspor,79,17412176,"-22.9101","-43.2073"
365,365-MENDANHA X TIRADENTES (EXPRESSO),Fetranspor,80,17412176,"-22.9101","-43.2074"
365,365-MENDANHA X TIRADENTES (EXPRESSO),Fetranspor,81,17412176,"-22.9101","-43.2075"
365,365-MENDANHA X TIRADENTES (EXPRESSO),Fetranspor,82,17412176,"-22.9101","-43.2077"
365,365-MENDANHA X TIRADENTES (EXPRESSO),Fetranspor,83,17412176,"-22.9101","-43.2078"
365,365-MENDANHA X TIRADENTES (EXPRESSO),Fetranspor,84,17412176,"-22.9101","-43.2079"
365,365-MENDANHA X TIRADENTES (EXPRESSO),Fetranspor,85,17412176,"-22.91","-43.2084"
365,365-MENDANHA X TIRADENTES (EXPRESSO),Fetranspor,86,17412176,"-22.9099","-43.2087"
365,365-MENDANHA X TIRADENTES (EXPRESSO),Fetranspor,87,17412176,"-22.9099","-43.2088"
365,365-MENDANHA X TIRADENTES (EXPRESSO),Fetranspor,88,17412176,"-22.9098","-43.2089"
365,365-MENDANHA X TIRADENTES (EXPRESSO),Fetranspor,89,17412176,"-22.9097","-43.2091"
365,365-MENDANHA X TIRADENTES (EXPRESSO),Fetranspor,90,17412176,"-22.9097","-43.2091"
365,365-MENDANHA X TIRADENTES (EXPRESSO),Fetranspor,91,17412176,"-22.9096","-43.2092"
365,365-MENDANHA X TIRADENTES (EXPRESSO),Fetranspor,92,17412176,"-22.9095","-43.2092"
365,365-MENDANHA X TIRADENTES (EXPRESSO),Fetranspor,93,17412176,"-22.9095","-43.2092"
365,365-MENDANHA X TIRADENTES (EXPRESSO),Fetranspor,94,17412176,"-22.9091","-43.2093"
365,365-MENDANHA X TIRADENTES (EXPRESSO),Fetranspor,95,17412176,"-22.9091","-43.2093"
365,365-MENDANHA X TIRADENTES (EXPRESSO),Fetranspor,96,17412176,"-22.9088","-43.2093"
365,365-MENDANHA X TIRADENTES (EXPRESSO),Fetranspor,97,17412176,"-22.908","-43.2093"
365,365-MENDANHA X TIRADENTES (EXPRESSO),Fetranspor,98,17412176,"-22.908","-43.2093"
365,365-MENDANHA X TIRADENTES (EXPRESSO),Fetranspor,99,17412176,"-22.9072","-43.2094"
365,365-MENDANHA X TIRADENTES (EXPRESSO),Fetranspor,100,17412176,"-22.9066","-43.2094"
365,365-MENDANHA X TIRADENTES (EXPRESSO),Fetranspor,101,17412176,"-22.9066","-43.2094"
365,365-MENDANHA X TIRADENTES (EXPRESSO),Fetranspor,102,17412176,"-22.9064","-43.2094"
365,365-MENDANHA X TIRADENTES (EXPRESSO),Fetranspor,103,17412176,"-22.9064","-43.2094"
365,365-MENDANHA X TIRADENTES (EXPRESSO),Fetranspor,104,17412176,"-22.9064","-43.2094"
365,365-MENDANHA X TIRADENTES (EXPRESSO),Fetranspor,105,17412176,"-22.9058","-43.2095"
365,365-MENDANHA X TIRADENTES (EXPRESSO),Fetranspor,106,17412176,"-22.9058","-43.2095"
365,365-MENDANHA X TIRADENTES (EXPRESSO),Fetranspor,107,17412176,"-22.905","-43.2095"
365,365-MENDANHA X TIRADENTES (EXPRESSO),Fetranspor,108,17412176,"-22.905","-43.2095"
365,365-MENDANHA X TIRADENTES (EXPRESSO),Fetranspor,109,17412176,"-22.9029","-43.2097"
365,365-MENDANHA X TIRADENTES (EXPRESSO),Fetranspor,110,17412176,"-22.9029","-43.2097"
365,365-MENDANHA X TIRADENTES (EXPRESSO),Fetranspor,111,17412176,"-22.9023","-43.2099"
365,365-MENDANHA X TIRADENTES (EXPRESSO),Fetranspor,112,17412176,"-22.9023","-43.2099"
365,365-MENDANHA X TIRADENTES (EXPRESSO),Fetranspor,113,17412176,"-22.9005","-43.21"
365,365-MENDANHA X TIRADENTES (EXPRESSO),Fetranspor,114,17412176,"-22.9002","-43.21"
365,365-MENDANHA X TIRADENTES (EXPRESSO),Fetranspor,115,17412176,"-22.8996","-43.2101"
365,365-MENDANHA X TIRADENTES (EXPRESSO),Fetranspor,116,17412176,"-22.8994","-43.2101"
365,365-MENDANHA X TIRADENTES (EXPRESSO),Fetranspor,117,17412176,"-22.8992","-43.2102"
365,365-MENDANHA X TIRADENTES (EXPRESSO),Fetranspor,118,17412176,"-22.8992","-43.2102"
365,365-MENDANHA X TIRADENTES (EXPRESSO),Fetranspor,119,17412176,"-22.899","-43.2103"
365,365-MENDANHA X TIRADENTES (EXPRESSO),Fetranspor,120,17412176,"-22.8989","-43.2104"
365,365-MENDANHA X TIRADENTES (EXPRESSO),Fetranspor,121,17412176,"-22.8986","-43.2108"
365,365-MENDANHA X TIRADENTES (EXPRESSO),Fetranspor,122,17412176,"-22.8983","-43.2112"
365,365-MENDANHA X TIRADENTES (EXPRESSO),Fetranspor,123,17412176,"-22.8983","-43.2112"
365,365-MENDANHA X TIRADENTES (EXPRESSO),Fetranspor,124,17412176,"-22.8978","-43.2118"
365,365-MENDANHA X TIRADENTES (EXPRESSO),Fetranspor,125,17412176,"-22.8976","-43.2119"
365,365-MENDANHA X TIRADENTES (EXPRESSO),Fetranspor,126,17412176,"-22.8975","-43.212"
365,365-MENDANHA X TIRADENTES (EXPRESSO),Fetranspor,127,17412176,"-22.8972","-43.2122"
365,365-MENDANHA X TIRADENTES (EXPRESSO),Fetranspor,128,17412176,"-22.8971","-43.2124"
365,365-MENDANHA X TIRADENTES (EXPRESSO),Fetranspor,129,17412176,"-22.8968","-43.2126"
365,365-MENDANHA X TIRADENTES (EXPRESSO),Fetranspor,130,17412176,"-22.896","-43.2129"
365,365-MENDANHA X TIRADENTES (EXPRESSO),Fetranspor,131,17412176,"-22.896","-43.2129"
365,365-MENDANHA X TIRADENTES (EXPRESSO),Fetranspor,132,17412176,"-22.894","-43.2139"
365,365-MENDANHA X TIRADENTES (EXPRESSO),Fetranspor,133,17412176,"-22.8917","-43.215"
365,365-MENDANHA X TIRADENTES (EXPRESSO),Fetranspor,134,17412176,"-22.8899","-43.2158"
365,365-MENDANHA X TIRADENTES (EXPRESSO),Fetranspor,135,17412176,"-22.8899","-43.2158"
365,365-MENDANHA X TIRADENTES (EXPRESSO),Fetranspor,136,17412176,"-22.8895","-43.2162"
365,365-MENDANHA X TIRADENTES (EXPRESSO),Fetranspor,137,17412176,"-22.8894","-43.2163"
365,365-MENDANHA X TIRADENTES (EXPRESSO),Fetranspor,138,17412176,"-22.8892","-43.2164"
365,365-MENDANHA X TIRADENTES (EXPRESSO),Fetranspor,139,17412176,"-22.8891","-43.2166"
365,365-MENDANHA X TIRADENTES (EXPRESSO),Fetranspor,140,17412176,"-22.889","-43.2168"
365,365-MENDANHA X TIRADENTES (EXPRESSO),Fetranspor,141,17412176,"-22.889","-43.2169"
365,365-MENDANHA X TIRADENTES (EXPRESSO),Fetranspor,142,17412176,"-22.8889","-43.2171"
365,365-MENDANHA X TIRADENTES (EXPRESSO),Fetranspor,143,17412176,"-22.8888","-43.2174"
365,365-MENDANHA X TIRADENTES (EXPRESSO),Fetranspor,144,17412176,"-22.8888","-43.2175"
365,365-MENDANHA X TIRADENTES (EXPRESSO),Fetranspor,145,17412176,"-22.8888","-43.2178"
365,365-MENDANHA X TIRADENTES (EXPRESSO),Fetranspor,146,17412176,"-22.8888","-43.218"
365,365-MENDANHA X TIRADENTES (EXPRESSO),Fetranspor,147,17412176,"-22.8888","-43.2184"
365,365-MENDANHA X TIRADENTES (EXPRESSO),Fetranspor,148,17412176,"-22.8888","-43.2184"
365,365-MENDANHA X TIRADENTES (EXPRESSO),Fetranspor,149,17412176,"-22.8888","-43.2185"
365,365-MENDANHA X TIRADENTES (EXPRESSO),Fetranspor,150,17412176,"-22.8888","-43.2191"
365,365-MENDANHA X TIRADENTES (EXPRESSO),Fetranspor,151,17412176,"-22.8888","-43.2195"
365,365-MENDANHA X TIRADENTES (EXPRESSO),Fetranspor,152,17412176,"-22.8888","-43.2198"
365,365-MENDANHA X TIRADENTES (EXPRESSO),Fetranspor,153,17412176,"-22.8888","-43.2201"
365,365-MENDANHA X TIRADENTES (EXPRESSO),Fetranspor,154,17412176,"-22.8888","-43.2205"
365,365-MENDANHA X TIRADENTES (EXPRESSO),Fetranspor,155,17412176,"-22.8888","-43.2205"
365,365-MENDANHA X TIRADENTES (EXPRESSO),Fetranspor,156,17412176,"-22.8887","-43.2217"
365,365-MENDANHA X TIRADENTES (EXPRESSO),Fetranspor,157,17412176,"-22.8887","-43.2218"
365,365-MENDANHA X TIRADENTES (EXPRESSO),Fetranspor,158,17412176,"-22.8887","-43.222"
365,365-MENDANHA X TIRADENTES (EXPRESSO),Fetranspor,159,17412176,"-22.8887","-43.2221"
365,365-MENDANHA X TIRADENTES (EXPRESSO),Fetranspor,160,17412176,"-22.8887","-43.2221"
365,365-MENDANHA X TIRADENTES (EXPRESSO),Fetranspor,161,17412176,"-22.8887","-43.2221"
365,365-MENDANHA X TIRADENTES (EXPRESSO),Fetranspor,162,17412176,"-22.8885","-43.2225"
365,365-MENDANHA X TIRADENTES (EXPRESSO),Fetranspor,163,17412176,"-22.8884","-43.2227"
365,365-MENDANHA X TIRADENTES (EXPRESSO),Fetranspor,164,17412176,"-22.8884","-43.2228"
365,365-MENDANHA X TIRADENTES (EXPRESSO),Fetranspor,165,17412176,"-22.8882","-43.223"
365,365-MENDANHA X TIRADENTES (EXPRESSO),Fetranspor,166,17412176,"-22.8875","-43.2237"
365,365-MENDANHA X TIRADENTES (EXPRESSO),Fetranspor,167,17412176,"-22.8875","-43.2237"
365,365-MENDANHA X TIRADENTES (EXPRESSO),Fetranspor,168,17412176,"-22.8868","-43.2245"
365,365-MENDANHA X TIRADENTES (EXPRESSO),Fetranspor,169,17412176,"-22.8868","-43.2245"
365,365-MENDANHA X TIRADENTES (EXPRESSO),Fetranspor,170,17412176,"-22.8858","-43.2254"
365,365-MENDANHA X TIRADENTES (EXPRESSO),Fetranspor,171,17412176,"-22.8855","-43.2257"
365,365-MENDANHA X TIRADENTES (EXPRESSO),Fetranspor,172,17412176,"-22.8853","-43.226"
365,365-MENDANHA X TIRADENTES (EXPRESSO),Fetranspor,173,17412176,"-22.8852","-43.226"
365,365-MENDANHA X TIRADENTES (EXPRESSO),Fetranspor,174,17412176,"-22.8852","-43.226"
365,365-MENDANHA X TIRADENTES (EXPRESSO),Fetranspor,175,17412176,"-22.8851","-43.2262"
365,365-MENDANHA X TIRADENTES (EXPRESSO),Fetranspor,176,17412176,"-22.885","-43.2264"
365,365-MENDANHA X TIRADENTES (EXPRESSO),Fetranspor,177,17412176,"-22.885","-43.2265"
365,365-MENDANHA X TIRADENTES (EXPRESSO),Fetranspor,178,17412176,"-22.8849","-43.2267"
365,365-MENDANHA X TIRADENTES (EXPRESSO),Fetranspor,179,17412176,"-22.8848","-43.227"
365,365-MENDANHA X TIRADENTES (EXPRESSO),Fetranspor,180,17412176,"-22.8848","-43.2272"
365,365-MENDANHA X TIRADENTES (EXPRESSO),Fetranspor,181,17412176,"-22.8848","-43.2275"
365,365-MENDANHA X TIRADENTES (EXPRESSO),Fetranspor,182,17412176,"-22.8849","-43.2278"
365,365-MENDANHA X TIRADENTES (EXPRESSO),Fetranspor,183,17412176,"-22.885","-43.2281"
365,365-MENDANHA X TIRADENTES (EXPRESSO),Fetranspor,184,17412176,"-22.8851","-43.2283"
365,365-MENDANHA X TIRADENTES (EXPRESSO),Fetranspor,185,17412176,"-22.8852","-43.2285"
365,365-MENDANHA X TIRADENTES (EXPRESSO),Fetranspor,186,17412176,"-22.8852","-43.2285"
365,365-MENDANHA X TIRADENTES (EXPRESSO),Fetranspor,187,17412176,"-22.8853","-43.2287"
365,365-MENDANHA X TIRADENTES (EXPRESSO),Fetranspor,188,17412176,"-22.8865","-43.23"
365,365-MENDANHA X TIRADENTES (EXPRESSO),Fetranspor,189,17412176,"-22.8866","-43.2303"
365,365-MENDANHA X TIRADENTES (EXPRESSO),Fetranspor,190,17412176,"-22.8867","-43.2305"
365,365-MENDANHA X TIRADENTES (EXPRESSO),Fetranspor,191,17412176,"-22.8868","-43.2307"
365,365-MENDANHA X TIRADENTES (EXPRESSO),Fetranspor,192,17412176,"-22.8869","-43.2309"
365,365-MENDANHA X TIRADENTES (EXPRESSO),Fetranspor,193,17412176,"-22.887","-43.2312"
365,365-MENDANHA X TIRADENTES (EXPRESSO),Fetranspor,194,17412176,"-22.887","-43.2315"
365,365-MENDANHA X TIRADENTES (EXPRESSO),Fetranspor,195,17412176,"-22.8871","-43.2318"
365,365-MENDANHA X TIRADENTES (EXPRESSO),Fetranspor,196,17412176,"-22.8871","-43.232"
365,365-MENDANHA X TIRADENTES (EXPRESSO),Fetranspor,197,17412176,"-22.8871","-43.2321"
365,365-MENDANHA X TIRADENTES (EXPRESSO),Fetranspor,198,17412176,"-22.887","-43.2324"
365,365-MENDANHA X TIRADENTES (EXPRESSO),Fetranspor,199,17412176,"-22.887","-43.2326"
365,365-MENDANHA X TIRADENTES (EXPRESSO),Fetranspor,200,17412176,"-22.887","-43.2327"
365,365-MENDANHA X TIRADENTES (EXPRESSO),Fetranspor,201,17412176,"-22.8869","-43.233"
365,365-MENDANHA X TIRADENTES (EXPRESSO),Fetranspor,202,17412176,"-22.8868","-43.2331"
365,365-MENDANHA X TIRADENTES (EXPRESSO),Fetranspor,203,17412176,"-22.8867","-43.2333"
365,365-MENDANHA X TIRADENTES (EXPRESSO),Fetranspor,204,17412176,"-22.8866","-43.2335"
365,365-MENDANHA X TIRADENTES (EXPRESSO),Fetranspor,205,17412176,"-22.8865","-43.2338"
365,365-MENDANHA X TIRADENTES (EXPRESSO),Fetranspor,206,17412176,"-22.8864","-43.234"
365,365-MENDANHA X TIRADENTES (EXPRESSO),Fetranspor,207,17412176,"-22.8863","-43.234"
365,365-MENDANHA X TIRADENTES (EXPRESSO),Fetranspor,208,17412176,"-22.8861","-43.2342"
365,365-MENDANHA X TIRADENTES (EXPRESSO),Fetranspor,209,17412176,"-22.8851","-43.2351"
365,365-MENDANHA X TIRADENTES (EXPRESSO),Fetranspor,210,17412176,"-22.8846","-43.2356"
365,365-MENDANHA X TIRADENTES (EXPRESSO),Fetranspor,211,17412176,"-22.884","-43.2362"
365,365-MENDANHA X TIRADENTES (EXPRESSO),Fetranspor,212,17412176,"-22.8839","-43.2363"
365,365-MENDANHA X TIRADENTES (EXPRESSO),Fetranspor,213,17412176,"-22.8836","-43.2366"
365,365-MENDANHA X TIRADENTES (EXPRESSO),Fetranspor,214,17412176,"-22.8834","-43.2367"
365,365-MENDANHA X TIRADENTES (EXPRESSO),Fetranspor,215,17412176,"-22.8831","-43.237"
365,365-MENDANHA X TIRADENTES (EXPRESSO),Fetranspor,216,17412176,"-22.8822","-43.2378"
365,365-MENDANHA X TIRADENTES (EXPRESSO),Fetranspor,217,17412176,"-22.8822","-43.2378"
365,365-MENDANHA X TIRADENTES (EXPRESSO),Fetranspor,218,17412176,"-22.882","-43.238"
365,365-MENDANHA X TIRADENTES (EXPRESSO),Fetranspor,219,17412176,"-22.8818","-43.2382"
365,365-MENDANHA X TIRADENTES (EXPRESSO),Fetranspor,220,17412176,"-22.8814","-43.2386"
365,365-MENDANHA X TIRADENTES (EXPRESSO),Fetranspor,221,17412176,"-22.8812","-43.2387"
365,365-MENDANHA X TIRADENTES (EXPRESSO),Fetranspor,222,17412176,"-22.8796","-43.2398"
365,365-MENDANHA X TIRADENTES (EXPRESSO),Fetranspor,223,17412176,"-22.8789","-43.2403"
365,365-MENDANHA X TIRADENTES (EXPRESSO),Fetranspor,224,17412176,"-22.8789","-43.2403"
365,365-MENDANHA X TIRADENTES (EXPRESSO),Fetranspor,225,17412176,"-22.8767","-43.2418"
365,365-MENDANHA X TIRADENTES (EXPRESSO),Fetranspor,226,17412176,"-22.8763","-43.2421"
365,365-MENDANHA X TIRADENTES (EXPRESSO),Fetranspor,227,17412176,"-22.8755","-43.2428"
365,365-MENDANHA X TIRADENTES (EXPRESSO),Fetranspor,228,17412176,"-22.8748","-43.2432"
365,365-MENDANHA X TIRADENTES (EXPRESSO),Fetranspor,229,17412176,"-22.8748","-43.2432"
365,365-MENDANHA X TIRADENTES (EXPRESSO),Fetranspor,230,17412176,"-22.8747","-43.2434"
365,365-MENDANHA X TIRADENTES (EXPRESSO),Fetranspor,231,17412176,"-22.8747","-43.2434"
365,365-MENDANHA X TIRADENTES (EXPRESSO),Fetranspor,232,17412176,"-22.8739","-43.244"
365,365-MENDANHA X TIRADENTES (EXPRESSO),Fetranspor,233,17412176,"-22.8713","-43.2459"
365,365-MENDANHA X TIRADENTES (EXPRESSO),Fetranspor,234,17412176,"-22.8711","-43.2461"
365,365-MENDANHA X TIRADENTES (EXPRESSO),Fetranspor,235,17412176,"-22.8709","-43.2463"
365,365-MENDANHA X TIRADENTES (EXPRESSO),Fetranspor,236,17412176,"-22.87","-43.2467"
365,365-MENDANHA X TIRADENTES (EXPRESSO),Fetranspor,237,17412176,"-22.8699","-43.2468"
365,365-MENDANHA X TIRADENTES (EXPRESSO),Fetranspor,238,17412176,"-22.8692","-43.247"
365,365-MENDANHA X TIRADENTES (EXPRESSO),Fetranspor,239,17412176,"-22.869","-43.2471"
365,365-MENDANHA X TIRADENTES (EXPRESSO),Fetranspor,240,17412176,"-22.8686","-43.2472"
365,365-MENDANHA X TIRADENTES (EXPRESSO),Fetranspor,241,17412176,"-22.8678","-43.2474"
365,365-MENDANHA X TIRADENTES (EXPRESSO),Fetranspor,242,17412176,"-22.8668","-43.2475"
365,365-MENDANHA X TIRADENTES (EXPRESSO),Fetranspor,243,17412176,"-22.8657","-43.2477"
365,365-MENDANHA X TIRADENTES (EXPRESSO),Fetranspor,244,17412176,"-22.865","-43.2478"
365,365-MENDANHA X TIRADENTES (EXPRESSO),Fetranspor,245,17412176,"-22.865","-43.2478"
365,365-MENDANHA X TIRADENTES (EXPRESSO),Fetranspor,246,17412176,"-22.8647","-43.2478"
365,365-MENDANHA X TIRADENTES (EXPRESSO),Fetranspor,247,17412176,"-22.8644","-43.2478"
365,365-MENDANHA X TIRADENTES (EXPRESSO),Fetranspor,248,17412176,"-22.8641","-43.2479"
365,365-MENDANHA X TIRADENTES (EXPRESSO),Fetranspor,249,17412176,"-22.8638","-43.2479"
365,365-MENDANHA X TIRADENTES (EXPRESSO),Fetranspor,250,17412176,"-22.8586","-43.2477"
365,365-MENDANHA X TIRADENTES (EXPRESSO),Fetranspor,251,17412176,"-22.8586","-43.2477"
365,365-MENDANHA X TIRADENTES (EXPRESSO),Fetranspor,252,17412176,"-22.8561","-43.2476"
365,365-MENDANHA X TIRADENTES (EXPRESSO),Fetranspor,253,17412176,"-22.8522","-43.2475"
365,365-MENDANHA X TIRADENTES (EXPRESSO),Fetranspor,254,17412176,"-22.8517","-43.2475"
365,365-MENDANHA X TIRADENTES (EXPRESSO),Fetranspor,255,17412176,"-22.8513","-43.2474"
365,365-MENDANHA X TIRADENTES (EXPRESSO),Fetranspor,256,17412176,"-22.8508","-43.2473"
365,365-MENDANHA X TIRADENTES (EXPRESSO),Fetranspor,257,17412176,"-22.8508","-43.2473"
365,365-MENDANHA X TIRADENTES (EXPRESSO),Fetranspor,258,17412176,"-22.8507","-43.2473"
365,365-MENDANHA X TIRADENTES (EXPRESSO),Fetranspor,259,17412176,"-22.8498","-43.2471"
365,365-MENDANHA X TIRADENTES (EXPRESSO),Fetranspor,260,17412176,"-22.8492","-43.2471"
365,365-MENDANHA X TIRADENTES (EXPRESSO),Fetranspor,261,17412176,"-22.849","-43.2471"
365,365-MENDANHA X TIRADENTES (EXPRESSO),Fetranspor,262,17412176,"-22.8487","-43.2471"
365,365-MENDANHA X TIRADENTES (EXPRESSO),Fetranspor,263,17412176,"-22.8485","-43.2471"
365,365-MENDANHA X TIRADENTES (EXPRESSO),Fetranspor,264,17412176,"-22.8483","-43.2471"
365,365-MENDANHA X TIRADENTES (EXPRESSO),Fetranspor,265,17412176,"-22.8482","-43.2472"
365,365-MENDANHA X TIRADENTES (EXPRESSO),Fetranspor,266,17412176,"-22.8477","-43.2473"
365,365-MENDANHA X TIRADENTES (EXPRESSO),Fetranspor,267,17412176,"-22.8474","-43.2473"
365,365-MENDANHA X TIRADENTES (EXPRESSO),Fetranspor,268,17412176,"-22.847","-43.2475"
365,365-MENDANHA X TIRADENTES (EXPRESSO),Fetranspor,269,17412176,"-22.8467","-43.2477"
365,365-MENDANHA X TIRADENTES (EXPRESSO),Fetranspor,270,17412176,"-22.8463","-43.2479"
365,365-MENDANHA X TIRADENTES (EXPRESSO),Fetranspor,271,17412176,"-22.8461","-43.2481"
365,365-MENDANHA X TIRADENTES (EXPRESSO),Fetranspor,272,17412176,"-22.8459","-43.2482"
365,365-MENDANHA X TIRADENTES (EXPRESSO),Fetranspor,273,17412176,"-22.8452","-43.2488"
365,365-MENDANHA X TIRADENTES (EXPRESSO),Fetranspor,274,17412176,"-22.8452","-43.2488"
365,365-MENDANHA X TIRADENTES (EXPRESSO),Fetranspor,275,17412176,"-22.8396","-43.2539"
365,365-MENDANHA X TIRADENTES (EXPRESSO),Fetranspor,276,17412176,"-22.8395","-43.254"
365,365-MENDANHA X TIRADENTES (EXPRESSO),Fetranspor,277,17412176,"-22.8391","-43.2544"
365,365-MENDANHA X TIRADENTES (EXPRESSO),Fetranspor,278,17412176,"-22.8383","-43.2555"
365,365-MENDANHA X TIRADENTES (EXPRESSO),Fetranspor,279,17412176,"-22.8382","-43.2556"
365,365-MENDANHA X TIRADENTES (EXPRESSO),Fetranspor,280,17412176,"-22.838","-43.256"
365,365-MENDANHA X TIRADENTES (EXPRESSO),Fetranspor,281,17412176,"-22.8372","-43.2573"
365,365-MENDANHA X TIRADENTES (EXPRESSO),Fetranspor,282,17412176,"-22.8372","-43.2573"
365,365-MENDANHA X TIRADENTES (EXPRESSO),Fetranspor,283,17412176,"-22.8355","-43.2606"
365,365-MENDANHA X TIRADENTES (EXPRESSO),Fetranspor,284,17412176,"-22.8347","-43.2619"
365,365-MENDANHA X TIRADENTES (EXPRESSO),Fetranspor,285,17412176,"-22.8345","-43.2623"
365,365-MENDANHA X TIRADENTES (EXPRESSO),Fetranspor,286,17412176,"-22.834","-43.2633"
365,365-MENDANHA X TIRADENTES (EXPRESSO),Fetranspor,287,17412176,"-22.8328","-43.2655"
365,365-MENDANHA X TIRADENTES (EXPRESSO),Fetranspor,288,17412176,"-22.8318","-43.2675"
365,365-MENDANHA X TIRADENTES (EXPRESSO),Fetranspor,289,17412176,"-22.8318","-43.2675"
365,365-MENDANHA X TIRADENTES (EXPRESSO),Fetranspor,290,17412176,"-22.831","-43.2689"
365,365-MENDANHA X TIRADENTES (EXPRESSO),Fetranspor,291,17412176,"-22.8308","-43.2693"
365,365-MENDANHA X TIRADENTES (EXPRESSO),Fetranspor,292,17412176,"-22.8306","-43.2695"
365,365-MENDANHA X TIRADENTES (EXPRESSO),Fetranspor,293,17412176,"-22.8303","-43.27"
365,365-MENDANHA X TIRADENTES (EXPRESSO),Fetranspor,294,17412176,"-22.8297","-43.2708"
365,365-MENDANHA X TIRADENTES (EXPRESSO),Fetranspor,295,17412176,"-22.8268","-43.2745"
365,365-MENDANHA X TIRADENTES (EXPRESSO),Fetranspor,296,17412176,"-22.8266","-43.2748"
365,365-MENDANHA X TIRADENTES (EXPRESSO),Fetranspor,297,17412176,"-22.8257","-43.2759"
365,365-MENDANHA X TIRADENTES (EXPRESSO),Fetranspor,298,17412176,"-22.8257","-43.2759"
365,365-MENDANHA X TIRADENTES (EXPRESSO),Fetranspor,299,17412176,"-22.821","-43.282"
365,365-MENDANHA X TIRADENTES (EXPRESSO),Fetranspor,300,17412176,"-22.821","-43.282"
365,365-MENDANHA X TIRADENTES (EXPRESSO),Fetranspor,301,17412176,"-22.8208","-43.2823"
365,365-MENDANHA X TIRADENTES (EXPRESSO),Fetranspor,302,17412176,"-22.8202","-43.283"
365,365-MENDANHA X TIRADENTES (EXPRESSO),Fetranspor,303,17412176,"-22.8184","-43.2853"
365,365-MENDANHA X TIRADENTES (EXPRESSO),Fetranspor,304,17412176,"-22.8172","-43.2868"
365,365-MENDANHA X TIRADENTES (EXPRESSO),Fetranspor,305,17412176,"-22.8172","-43.2868"
365,365-MENDANHA X TIRADENTES (EXPRESSO),Fetranspor,306,17412176,"-22.8167","-43.2875"
365,365-MENDANHA X TIRADENTES (EXPRESSO),Fetranspor,307,17412176,"-22.8163","-43.288"
365,365-MENDANHA X TIRADENTES (EXPRESSO),Fetranspor,308,17412176,"-22.816","-43.2884"
365,365-MENDANHA X TIRADENTES (EXPRESSO),Fetranspor,309,17412176,"-22.8159","-43.2888"
365,365-MENDANHA X TIRADENTES (EXPRESSO),Fetranspor,310,17412176,"-22.8158","-43.2889"
365,365-MENDANHA X TIRADENTES (EXPRESSO),Fetranspor,311,17412176,"-22.8157","-43.2892"
365,365-MENDANHA X TIRADENTES (EXPRESSO),Fetranspor,312,17412176,"-22.8156","-43.2895"
365,365-MENDANHA X TIRADENTES (EXPRESSO),Fetranspor,313,17412176,"-22.8155","-43.2897"
365,365-MENDANHA X TIRADENTES (EXPRESSO),Fetranspor,314,17412176,"-22.8154","-43.29"
365,365-MENDANHA X TIRADENTES (EXPRESSO),Fetranspor,315,17412176,"-22.8153","-43.2903"
365,365-MENDANHA X TIRADENTES (EXPRESSO),Fetranspor,316,17412176,"-22.8152","-43.2906"
365,365-MENDANHA X TIRADENTES (EXPRESSO),Fetranspor,317,17412176,"-22.8151","-43.2909"
365,365-MENDANHA X TIRADENTES (EXPRESSO),Fetranspor,318,17412176,"-22.8145","-43.2933"
365,365-MENDANHA X TIRADENTES (EXPRESSO),Fetranspor,319,17412176,"-22.8144","-43.2938"
365,365-MENDANHA X TIRADENTES (EXPRESSO),Fetranspor,320,17412176,"-22.8143","-43.2943"
365,365-MENDANHA X TIRADENTES (EXPRESSO),Fetranspor,321,17412176,"-22.8143","-43.2946"
365,365-MENDANHA X TIRADENTES (EXPRESSO),Fetranspor,322,17412176,"-22.8143","-43.2948"
365,365-MENDANHA X TIRADENTES (EXPRESSO),Fetranspor,323,17412176,"-22.8142","-43.2951"
365,365-MENDANHA X TIRADENTES (EXPRESSO),Fetranspor,324,17412176,"-22.8142","-43.2951"
365,365-MENDANHA X TIRADENTES (EXPRESSO),Fetranspor,325,17412176,"-22.8143","-43.2955"
365,365-MENDANHA X TIRADENTES (EXPRESSO),Fetranspor,326,17412176,"-22.8143","-43.2957"
365,365-MENDANHA X TIRADENTES (EXPRESSO),Fetranspor,327,17412176,"-22.8143","-43.2961"
365,365-MENDANHA X TIRADENTES (EXPRESSO),Fetranspor,328,17412176,"-22.8146","-43.2972"
365,365-MENDANHA X TIRADENTES (EXPRESSO),Fetranspor,329,17412176,"-22.8151","-43.2993"
365,365-MENDANHA X TIRADENTES (EXPRESSO),Fetranspor,330,17412176,"-22.8151","-43.2993"
365,365-MENDANHA X TIRADENTES (EXPRESSO),Fetranspor,331,17412176,"-22.8153","-43.3004"
365,365-MENDANHA X TIRADENTES (EXPRESSO),Fetranspor,332,17412176,"-22.8153","-43.3005"
365,365-MENDANHA X TIRADENTES (EXPRESSO),Fetranspor,333,17412176,"-22.8155","-43.301"
365,365-MENDANHA X TIRADENTES (EXPRESSO),Fetranspor,334,17412176,"-22.8155","-43.301"
365,365-MENDANHA X TIRADENTES (EXPRESSO),Fetranspor,335,17412176,"-22.8155","-43.3013"
365,365-MENDANHA X TIRADENTES (EXPRESSO),Fetranspor,336,17412176,"-22.816","-43.3034"
365,365-MENDANHA X TIRADENTES (EXPRESSO),Fetranspor,337,17412176,"-22.8162","-43.3043"
365,365-MENDANHA X TIRADENTES (EXPRESSO),Fetranspor,338,17412176,"-22.8163","-43.3047"
365,365-MENDANHA X TIRADENTES (EXPRESSO),Fetranspor,339,17412176,"-22.8164","-43.305"
365,365-MENDANHA X TIRADENTES (EXPRESSO),Fetranspor,340,17412176,"-22.8165","-43.3052"
365,365-MENDANHA X TIRADENTES (EXPRESSO),Fetranspor,341,17412176,"-22.8166","-43.3055"
365,365-MENDANHA X TIRADENTES (EXPRESSO),Fetranspor,342,17412176,"-22.8167","-43.3057"
365,365-MENDANHA X TIRADENTES (EXPRESSO),Fetranspor,343,17412176,"-22.8167","-43.3057"
365,365-MENDANHA X TIRADENTES (EXPRESSO),Fetranspor,344,17412176,"-22.817","-43.3065"
365,365-MENDANHA X TIRADENTES (EXPRESSO),Fetranspor,345,17412176,"-22.8173","-43.307"
365,365-MENDANHA X TIRADENTES (EXPRESSO),Fetranspor,346,17412176,"-22.8177","-43.3077"
365,365-MENDANHA X TIRADENTES (EXPRESSO),Fetranspor,347,17412176,"-22.8181","-43.3083"
365,365-MENDANHA X TIRADENTES (EXPRESSO),Fetranspor,348,17412176,"-22.8182","-43.3085"
365,365-MENDANHA X TIRADENTES (EXPRESSO),Fetranspor,349,17412176,"-22.8182","-43.3085"
365,365-MENDANHA X TIRADENTES (EXPRESSO),Fetranspor,350,17412176,"-22.8187","-43.3092"
365,365-MENDANHA X TIRADENTES (EXPRESSO),Fetranspor,351,17412176,"-22.8189","-43.3097"
365,365-MENDANHA X TIRADENTES (EXPRESSO),Fetranspor,352,17412176,"-22.8191","-43.31"
365,365-MENDANHA X TIRADENTES (EXPRESSO),Fetranspor,353,17412176,"-22.8192","-43.3102"
365,365-MENDANHA X TIRADENTES (EXPRESSO),Fetranspor,354,17412176,"-22.8193","-43.3105"
365,365-MENDANHA X TIRADENTES (EXPRESSO),Fetranspor,355,17412176,"-22.8195","-43.3109"
365,365-MENDANHA X TIRADENTES (EXPRESSO),Fetranspor,356,17412176,"-22.8196","-43.3113"
365,365-MENDANHA X TIRADENTES (EXPRESSO),Fetranspor,357,17412176,"-22.8196","-43.3115"
365,365-MENDANHA X TIRADENTES (EXPRESSO),Fetranspor,358,17412176,"-22.8198","-43.3122"
365,365-MENDANHA X TIRADENTES (EXPRESSO),Fetranspor,359,17412176,"-22.8198","-43.3126"
365,365-MENDANHA X TIRADENTES (EXPRESSO),Fetranspor,360,17412176,"-22.8198","-43.3132"
365,365-MENDANHA X TIRADENTES (EXPRESSO),Fetranspor,361,17412176,"-22.8198","-43.3134"
365,365-MENDANHA X TIRADENTES (EXPRESSO),Fetranspor,362,17412176,"-22.8198","-43.3134"
365,365-MENDANHA X TIRADENTES (EXPRESSO),Fetranspor,363,17412176,"-22.8197","-43.3168"
365,365-MENDANHA X TIRADENTES (EXPRESSO),Fetranspor,364,17412176,"-22.8197","-43.3172"
365,365-MENDANHA X TIRADENTES (EXPRESSO),Fetranspor,365,17412176,"-22.8198","-43.3175"
365,365-MENDANHA X TIRADENTES (EXPRESSO),Fetranspor,366,17412176,"-22.8198","-43.3177"
365,365-MENDANHA X TIRADENTES (EXPRESSO),Fetranspor,367,17412176,"-22.8198","-43.3183"
365,365-MENDANHA X TIRADENTES (EXPRESSO),Fetranspor,368,17412176,"-22.8199","-43.3187"
365,365-MENDANHA X TIRADENTES (EXPRESSO),Fetranspor,369,17412176,"-22.82","-43.3193"
365,365-MENDANHA X TIRADENTES (EXPRESSO),Fetranspor,370,17412176,"-22.8201","-43.3198"
365,365-MENDANHA X TIRADENTES (EXPRESSO),Fetranspor,371,17412176,"-22.8202","-43.3201"
365,365-MENDANHA X TIRADENTES (EXPRESSO),Fetranspor,372,17412176,"-22.8202","-43.3201"
365,365-MENDANHA X TIRADENTES (EXPRESSO),Fetranspor,373,17412176,"-22.8202","-43.3202"
365,365-MENDANHA X TIRADENTES (EXPRESSO),Fetranspor,374,17412176,"-22.8202","-43.3202"
365,365-MENDANHA X TIRADENTES (EXPRESSO),Fetranspor,375,17412176,"-22.8203","-43.3204"
365,365-MENDANHA X TIRADENTES (EXPRESSO),Fetranspor,376,17412176,"-22.8203","-43.3204"
365,365-MENDANHA X TIRADENTES (EXPRESSO),Fetranspor,377,17412176,"-22.8208","-43.3219"
365,365-MENDANHA X TIRADENTES (EXPRESSO),Fetranspor,378,17412176,"-22.8209","-43.3223"
365,365-MENDANHA X TIRADENTES (EXPRESSO),Fetranspor,379,17412176,"-22.8213","-43.3235"
365,365-MENDANHA X TIRADENTES (EXPRESSO),Fetranspor,380,17412176,"-22.8214","-43.3239"
365,365-MENDANHA X TIRADENTES (EXPRESSO),Fetranspor,381,17412176,"-22.8215","-43.3242"
365,365-MENDANHA X TIRADENTES (EXPRESSO),Fetranspor,382,17412176,"-22.8215","-43.3242"
365,365-MENDANHA X TIRADENTES (EXPRESSO),Fetranspor,383,17412176,"-22.8226","-43.3277"
365,365-MENDANHA X TIRADENTES (EXPRESSO),Fetranspor,384,17412176,"-22.8226","-43.3277"
365,365-MENDANHA X TIRADENTES (EXPRESSO),Fetranspor,385,17412176,"-22.8243","-43.3329"
365,365-MENDANHA X TIRADENTES (EXPRESSO),Fetranspor,386,17412176,"-22.8243","-43.3329"
365,365-MENDANHA X TIRADENTES (EXPRESSO),Fetranspor,387,17412176,"-22.8246","-43.3337"
365,365-MENDANHA X TIRADENTES (EXPRESSO),Fetranspor,388,17412176,"-22.8248","-43.3342"
365,365-MENDANHA X TIRADENTES (EXPRESSO),Fetranspor,389,17412176,"-22.8252","-43.3355"
365,365-MENDANHA X TIRADENTES (EXPRESSO),Fetranspor,390,17412176,"-22.8255","-43.3361"
365,365-MENDANHA X TIRADENTES (EXPRESSO),Fetranspor,391,17412176,"-22.8256","-43.3366"
365,365-MENDANHA X TIRADENTES (EXPRESSO),Fetranspor,392,17412176,"-22.8258","-43.3371"
365,365-MENDANHA X TIRADENTES (EXPRESSO),Fetranspor,393,17412176,"-22.8263","-43.3386"
365,365-MENDANHA X TIRADENTES (EXPRESSO),Fetranspor,394,17412176,"-22.8272","-43.3407"
365,365-MENDANHA X TIRADENTES (EXPRESSO),Fetranspor,395,17412176,"-22.8273","-43.3412"
365,365-MENDANHA X TIRADENTES (EXPRESSO),Fetranspor,396,17412176,"-22.8277","-43.3423"
365,365-MENDANHA X TIRADENTES (EXPRESSO),Fetranspor,397,17412176,"-22.8278","-43.3425"
365,365-MENDANHA X TIRADENTES (EXPRESSO),Fetranspor,398,17412176,"-22.8278","-43.3425"
365,365-MENDANHA X TIRADENTES (EXPRESSO),Fetranspor,399,17412176,"-22.8279","-43.3429"
365,365-MENDANHA X TIRADENTES (EXPRESSO),Fetranspor,400,17412176,"-22.8281","-43.3431"
365,365-MENDANHA X TIRADENTES (EXPRESSO),Fetranspor,401,17412176,"-22.8286","-43.3446"
365,365-MENDANHA X TIRADENTES (EXPRESSO),Fetranspor,402,17412176,"-22.8287","-43.3451"
365,365-MENDANHA X TIRADENTES (EXPRESSO),Fetranspor,403,17412176,"-22.8288","-43.3452"
365,365-MENDANHA X TIRADENTES (EXPRESSO),Fetranspor,404,17412176,"-22.8288","-43.3452"
365,365-MENDANHA X TIRADENTES (EXPRESSO),Fetranspor,405,17412176,"-22.8289","-43.3455"
365,365-MENDANHA X TIRADENTES (EXPRESSO),Fetranspor,406,17412176,"-22.8289","-43.3457"
365,365-MENDANHA X TIRADENTES (EXPRESSO),Fetranspor,407,17412176,"-22.8291","-43.3461"
365,365-MENDANHA X TIRADENTES (EXPRESSO),Fetranspor,408,17412176,"-22.8295","-43.3472"
365,365-MENDANHA X TIRADENTES (EXPRESSO),Fetranspor,409,17412176,"-22.8301","-43.3486"
365,365-MENDANHA X TIRADENTES (EXPRESSO),Fetranspor,410,17412176,"-22.8303","-43.3493"
365,365-MENDANHA X TIRADENTES (EXPRESSO),Fetranspor,411,17412176,"-22.8303","-43.3493"
365,365-MENDANHA X TIRADENTES (EXPRESSO),Fetranspor,412,17412176,"-22.8308","-43.3505"
365,365-MENDANHA X TIRADENTES (EXPRESSO),Fetranspor,413,17412176,"-22.831","-43.3513"
365,365-MENDANHA X TIRADENTES (EXPRESSO),Fetranspor,414,17412176,"-22.831","-43.3513"
365,365-MENDANHA X TIRADENTES (EXPRESSO),Fetranspor,415,17412176,"-22.8312","-43.3518"
365,365-MENDANHA X TIRADENTES (EXPRESSO),Fetranspor,416,17412176,"-22.8317","-43.353"
365,365-MENDANHA X TIRADENTES (EXPRESSO),Fetranspor,417,17412176,"-22.8319","-43.3535"
365,365-MENDANHA X TIRADENTES (EXPRESSO),Fetranspor,418,17412176,"-22.8319","-43.3535"
365,365-MENDANHA X TIRADENTES (EXPRESSO),Fetranspor,419,17412176,"-22.8319","-43.3536"
365,365-MENDANHA X TIRADENTES (EXPRESSO),Fetranspor,420,17412176,"-22.8326","-43.3555"
365,365-MENDANHA X TIRADENTES (EXPRESSO),Fetranspor,421,17412176,"-22.833","-43.3565"
365,365-MENDANHA X TIRADENTES (EXPRESSO),Fetranspor,422,17412176,"-22.833","-43.3565"
365,365-MENDANHA X TIRADENTES (EXPRESSO),Fetranspor,423,17412176,"-22.8333","-43.3573"
365,365-MENDANHA X TIRADENTES (EXPRESSO),Fetranspor,424,17412176,"-22.8337","-43.3585"
365,365-MENDANHA X TIRADENTES (EXPRESSO),Fetranspor,425,17412176,"-22.8339","-43.3588"
365,365-MENDANHA X TIRADENTES (EXPRESSO),Fetranspor,426,17412176,"-22.834","-43.3591"
365,365-MENDANHA X TIRADENTES (EXPRESSO),Fetranspor,427,17412176,"-22.8344","-43.3601"
365,365-MENDANHA X TIRADENTES (EXPRESSO),Fetranspor,428,17412176,"-22.8344","-43.3601"
365,365-MENDANHA X TIRADENTES (EXPRESSO),Fetranspor,429,17412176,"-22.8345","-43.3601"
365,365-MENDANHA X TIRADENTES (EXPRESSO),Fetranspor,430,17412176,"-22.8349","-43.3609"
365,365-MENDANHA X TIRADENTES (EXPRESSO),Fetranspor,431,17412176,"-22.8349","-43.3609"
365,365-MENDANHA X TIRADENTES (EXPRESSO),Fetranspor,432,17412176,"-22.835","-43.3611"
365,365-MENDANHA X TIRADENTES (EXPRESSO),Fetranspor,433,17412176,"-22.835","-43.3611"
365,365-MENDANHA X TIRADENTES (EXPRESSO),Fetranspor,434,17412176,"-22.8351","-43.3613"
365,365-MENDANHA X TIRADENTES (EXPRESSO),Fetranspor,435,17412176,"-22.8351","-43.3613"
365,365-MENDANHA X TIRADENTES (EXPRESSO),Fetranspor,436,17412176,"-22.8355","-43.3619"
365,365-MENDANHA X TIRADENTES (EXPRESSO),Fetranspor,437,17412176,"-22.8355","-43.3619"
365,365-MENDANHA X TIRADENTES (EXPRESSO),Fetranspor,438,17412176,"-22.8356","-43.3622"
365,365-MENDANHA X TIRADENTES (EXPRESSO),Fetranspor,439,17412176,"-22.8357","-43.3625"
365,365-MENDANHA X TIRADENTES (EXPRESSO),Fetranspor,440,17412176,"-22.8357","-43.3625"
365,365-MENDANHA X TIRADENTES (EXPRESSO),Fetranspor,441,17412176,"-22.8357","-43.3625"
365,365-MENDANHA X TIRADENTES (EXPRESSO),Fetranspor,442,17412176,"-22.8362","-43.3635"
365,365-MENDANHA X TIRADENTES (EXPRESSO),Fetranspor,443,17412176,"-22.8362","-43.3635"
365,365-MENDANHA X TIRADENTES (EXPRESSO),Fetranspor,444,17412176,"-22.8364","-43.3638"
365,365-MENDANHA X TIRADENTES (EXPRESSO),Fetranspor,445,17412176,"-22.8364","-43.3638"
365,365-MENDANHA X TIRADENTES (EXPRESSO),Fetranspor,446,17412176,"-22.8366","-43.3641"
365,365-MENDANHA X TIRADENTES (EXPRESSO),Fetranspor,447,17412176,"-22.837","-43.3647"
365,365-MENDANHA X TIRADENTES (EXPRESSO),Fetranspor,448,17412176,"-22.8374","-43.3651"
365,365-MENDANHA X TIRADENTES (EXPRESSO),Fetranspor,449,17412176,"-22.8375","-43.3653"
365,365-MENDANHA X TIRADENTES (EXPRESSO),Fetranspor,450,17412176,"-22.8376","-43.3654"
365,365-MENDANHA X TIRADENTES (EXPRESSO),Fetranspor,451,17412176,"-22.8376","-43.3654"
365,365-MENDANHA X TIRADENTES (EXPRESSO),Fetranspor,452,17412176,"-22.8376","-43.3654"
365,365-MENDANHA X TIRADENTES (EXPRESSO),Fetranspor,453,17412176,"-22.8376","-43.3654"
365,365-MENDANHA X TIRADENTES (EXPRESSO),Fetranspor,454,17412176,"-22.8376","-43.3654"
365,365-MENDANHA X TIRADENTES (EXPRESSO),Fetranspor,455,17412176,"-22.8378","-43.3657"
365,365-MENDANHA X TIRADENTES (EXPRESSO),Fetranspor,456,17412176,"-22.8378","-43.3657"
365,365-MENDANHA X TIRADENTES (EXPRESSO),Fetranspor,457,17412176,"-22.838","-43.3659"
365,365-MENDANHA X TIRADENTES (EXPRESSO),Fetranspor,458,17412176,"-22.8382","-43.3662"
365,365-MENDANHA X TIRADENTES (EXPRESSO),Fetranspor,459,17412176,"-22.8382","-43.3664"
365,365-MENDANHA X TIRADENTES (EXPRESSO),Fetranspor,460,17412176,"-22.8382","-43.3664"
365,365-MENDANHA X TIRADENTES (EXPRESSO),Fetranspor,461,17412176,"-22.8386","-43.3669"
365,365-MENDANHA X TIRADENTES (EXPRESSO),Fetranspor,462,17412176,"-22.8386","-43.3669"
365,365-MENDANHA X TIRADENTES (EXPRESSO),Fetranspor,463,17412176,"-22.839","-43.3676"
365,365-MENDANHA X TIRADENTES (EXPRESSO),Fetranspor,464,17412176,"-22.8413","-43.3713"
365,365-MENDANHA X TIRADENTES (EXPRESSO),Fetranspor,465,17412176,"-22.8419","-43.3724"
365,365-MENDANHA X TIRADENTES (EXPRESSO),Fetranspor,466,17412176,"-22.8425","-43.3732"
365,365-MENDANHA X TIRADENTES (EXPRESSO),Fetranspor,467,17412176,"-22.8449","-43.3772"
365,365-MENDANHA X TIRADENTES (EXPRESSO),Fetranspor,468,17412176,"-22.8455","-43.3782"
365,365-MENDANHA X TIRADENTES (EXPRESSO),Fetranspor,469,17412176,"-22.8469","-43.3804"
365,365-MENDANHA X TIRADENTES (EXPRESSO),Fetranspor,470,17412176,"-22.8469","-43.3804"
365,365-MENDANHA X TIRADENTES (EXPRESSO),Fetranspor,471,17412176,"-22.847","-43.3806"
365,365-MENDANHA X TIRADENTES (EXPRESSO),Fetranspor,472,17412176,"-22.8475","-43.3814"
365,365-MENDANHA X TIRADENTES (EXPRESSO),Fetranspor,473,17412176,"-22.848","-43.3822"
365,365-MENDANHA X TIRADENTES (EXPRESSO),Fetranspor,474,17412176,"-22.8485","-43.3829"
365,365-MENDANHA X TIRADENTES (EXPRESSO),Fetranspor,475,17412176,"-22.849","-43.3835"
365,365-MENDANHA X TIRADENTES (EXPRESSO),Fetranspor,476,17412176,"-22.849","-43.3835"
365,365-MENDANHA X TIRADENTES (EXPRESSO),Fetranspor,477,17412176,"-22.8494","-43.3839"
365,365-MENDANHA X TIRADENTES (EXPRESSO),Fetranspor,478,17412176,"-22.8494","-43.3839"
365,365-MENDANHA X TIRADENTES (EXPRESSO),Fetranspor,479,17412176,"-22.8505","-43.3852"
365,365-MENDANHA X TIRADENTES (EXPRESSO),Fetranspor,480,17412176,"-22.8507","-43.3855"
365,365-MENDANHA X TIRADENTES (EXPRESSO),Fetranspor,481,17412176,"-22.851","-43.386"
365,365-MENDANHA X TIRADENTES (EXPRESSO),Fetranspor,482,17412176,"-22.8513","-43.3865"
365,365-MENDANHA X TIRADENTES (EXPRESSO),Fetranspor,483,17412176,"-22.8514","-43.3867"
365,365-MENDANHA X TIRADENTES (EXPRESSO),Fetranspor,484,17412176,"-22.8515","-43.3869"
365,365-MENDANHA X TIRADENTES (EXPRESSO),Fetranspor,485,17412176,"-22.8517","-43.3874"
365,365-MENDANHA X TIRADENTES (EXPRESSO),Fetranspor,486,17412176,"-22.8518","-43.3878"
365,365-MENDANHA X TIRADENTES (EXPRESSO),Fetranspor,487,17412176,"-22.8519","-43.3882"
365,365-MENDANHA X TIRADENTES (EXPRESSO),Fetranspor,488,17412176,"-22.8519","-43.3884"
365,365-MENDANHA X TIRADENTES (EXPRESSO),Fetranspor,489,17412176,"-22.8522","-43.3898"
365,365-MENDANHA X TIRADENTES (EXPRESSO),Fetranspor,490,17412176,"-22.8526","-43.3922"
365,365-MENDANHA X TIRADENTES (EXPRESSO),Fetranspor,491,17412176,"-22.8526","-43.3922"
365,365-MENDANHA X TIRADENTES (EXPRESSO),Fetranspor,492,17412176,"-22.8526","-43.3923"
365,365-MENDANHA X TIRADENTES (EXPRESSO),Fetranspor,493,17412176,"-22.8526","-43.3923"
365,365-MENDANHA X TIRADENTES (EXPRESSO),Fetranspor,494,17412176,"-22.8527","-43.3927"
365,365-MENDANHA X TIRADENTES (EXPRESSO),Fetranspor,495,17412176,"-22.8528","-43.393"
365,365-MENDANHA X TIRADENTES (EXPRESSO),Fetranspor,496,17412176,"-22.8528","-43.393"
365,365-MENDANHA X TIRADENTES (EXPRESSO),Fetranspor,497,17412176,"-22.8528","-43.3933"
365,365-MENDANHA X TIRADENTES (EXPRESSO),Fetranspor,498,17412176,"-22.8529","-43.3935"
365,365-MENDANHA X TIRADENTES (EXPRESSO),Fetranspor,499,17412176,"-22.853","-43.3937"
365,365-MENDANHA X TIRADENTES (EXPRESSO),Fetranspor,500,17412176,"-22.8532","-43.3941"
365,365-MENDANHA X TIRADENTES (EXPRESSO),Fetranspor,501,17412176,"-22.8534","-43.3946"
365,365-MENDANHA X TIRADENTES (EXPRESSO),Fetranspor,502,17412176,"-22.8536","-43.3949"
365,365-MENDANHA X TIRADENTES (EXPRESSO),Fetranspor,503,17412176,"-22.8536","-43.3949"
365,365-MENDANHA X TIRADENTES (EXPRESSO),Fetranspor,504,17412176,"-22.8559","-43.3995"
365,365-MENDANHA X TIRADENTES (EXPRESSO),Fetranspor,505,17412176,"-22.8566","-43.4009"
365,365-MENDANHA X TIRADENTES (EXPRESSO),Fetranspor,506,17412176,"-22.8591","-43.4058"
365,365-MENDANHA X TIRADENTES (EXPRESSO),Fetranspor,507,17412176,"-22.8591","-43.4058"
365,365-MENDANHA X TIRADENTES (EXPRESSO),Fetranspor,508,17412176,"-22.8612","-43.4099"
365,365-MENDANHA X TIRADENTES (EXPRESSO),Fetranspor,509,17412176,"-22.8612","-43.4099"
365,365-MENDANHA X TIRADENTES (EXPRESSO),Fetranspor,510,17412176,"-22.8616","-43.4107"
365,365-MENDANHA X TIRADENTES (EXPRESSO),Fetranspor,511,17412176,"-22.8619","-43.4114"
365,365-MENDANHA X TIRADENTES (EXPRESSO),Fetranspor,512,17412176,"-22.8619","-43.4114"
365,365-MENDANHA X TIRADENTES (EXPRESSO),Fetranspor,513,17412176,"-22.8625","-43.4128"
365,365-MENDANHA X TIRADENTES (EXPRESSO),Fetranspor,514,17412176,"-22.8628","-43.4134"
365,365-MENDANHA X TIRADENTES (EXPRESSO),Fetranspor,515,17412176,"-22.8628","-43.4134"
365,365-MENDANHA X TIRADENTES (EXPRESSO),Fetranspor,516,17412176,"-22.8632","-43.4145"
365,365-MENDANHA X TIRADENTES (EXPRESSO),Fetranspor,517,17412176,"-22.8634","-43.415"
365,365-MENDANHA X TIRADENTES (EXPRESSO),Fetranspor,518,17412176,"-22.8637","-43.4161"
365,365-MENDANHA X TIRADENTES (EXPRESSO),Fetranspor,519,17412176,"-22.8637","-43.4161"
365,365-MENDANHA X TIRADENTES (EXPRESSO),Fetranspor,520,17412176,"-22.8641","-43.4173"
365,365-MENDANHA X TIRADENTES (EXPRESSO),Fetranspor,521,17412176,"-22.8641","-43.4173"
365,365-MENDANHA X TIRADENTES (EXPRESSO),Fetranspor,522,17412176,"-22.8645","-43.4185"
365,365-MENDANHA X TIRADENTES (EXPRESSO),Fetranspor,523,17412176,"-22.8646","-43.419"
365,365-MENDANHA X TIRADENTES (EXPRESSO),Fetranspor,524,17412176,"-22.8646","-43.419"
365,365-MENDANHA X TIRADENTES (EXPRESSO),Fetranspor,525,17412176,"-22.8649","-43.4202"
365,365-MENDANHA X TIRADENTES (EXPRESSO),Fetranspor,526,17412176,"-22.865","-43.4207"
365,365-MENDANHA X TIRADENTES (EXPRESSO),Fetranspor,527,17412176,"-22.8651","-43.4215"
365,365-MENDANHA X TIRADENTES (EXPRESSO),Fetranspor,528,17412176,"-22.8653","-43.4222"
365,365-MENDANHA X TIRADENTES (EXPRESSO),Fetranspor,529,17412176,"-22.8654","-43.4225"
365,365-MENDANHA X TIRADENTES (EXPRESSO),Fetranspor,530,17412176,"-22.8654","-43.4225"
365,365-MENDANHA X TIRADENTES (EXPRESSO),Fetranspor,531,17412176,"-22.8655","-43.4228"
365,365-MENDANHA X TIRADENTES (EXPRESSO),Fetranspor,532,17412176,"-22.8655","-43.4232"
365,365-MENDANHA X TIRADENTES (EXPRESSO),Fetranspor,533,17412176,"-22.8655","-43.4237"
365,365-MENDANHA X TIRADENTES (EXPRESSO),Fetranspor,534,17412176,"-22.8656","-43.4243"
365,365-MENDANHA X TIRADENTES (EXPRESSO),Fetranspor,535,17412176,"-22.8655","-43.4248"
365,365-MENDANHA X TIRADENTES (EXPRESSO),Fetranspor,536,17412176,"-22.8655","-43.425"
365,365-MENDANHA X TIRADENTES (EXPRESSO),Fetranspor,537,17412176,"-22.8655","-43.425"
365,365-MENDANHA X TIRADENTES (EXPRESSO),Fetranspor,538,17412176,"-22.8655","-43.4252"
365,365-MENDANHA X TIRADENTES (EXPRESSO),Fetranspor,539,17412176,"-22.8655","-43.4255"
365,365-MENDANHA X TIRADENTES (EXPRESSO),Fetranspor,540,17412176,"-22.8654","-43.4257"
365,365-MENDANHA X TIRADENTES (EXPRESSO),Fetranspor,541,17412176,"-22.8654","-43.4258"
365,365-MENDANHA X TIRADENTES (EXPRESSO),Fetranspor,542,17412176,"-22.8654","-43.4258"
365,365-MENDANHA X TIRADENTES (EXPRESSO),Fetranspor,543,17412176,"-22.8653","-43.4259"
365,365-MENDANHA X TIRADENTES (EXPRESSO),Fetranspor,544,17412176,"-22.8652","-43.426"
365,365-MENDANHA X TIRADENTES (EXPRESSO),Fetranspor,545,17412176,"-22.8652","-43.426"
365,365-MENDANHA X TIRADENTES (EXPRESSO),Fetranspor,546,17412176,"-22.8652","-43.426"
365,365-MENDANHA X TIRADENTES (EXPRESSO),Fetranspor,547,17412176,"-22.8652","-43.4261"
365,365-MENDANHA X TIRADENTES (EXPRESSO),Fetranspor,548,17412176,"-22.8652","-43.4261"
365,365-MENDANHA X TIRADENTES (EXPRESSO),Fetranspor,549,17412176,"-22.8652","-43.4262"
365,365-MENDANHA X TIRADENTES (EXPRESSO),Fetranspor,550,17412176,"-22.8652","-43.4263"
365,365-MENDANHA X TIRADENTES (EXPRESSO),Fetranspor,551,17412176,"-22.8652","-43.4264"
365,365-MENDANHA X TIRADENTES (EXPRESSO),Fetranspor,552,17412176,"-22.8652","-43.4264"
365,365-MENDANHA X TIRADENTES (EXPRESSO),Fetranspor,553,17412176,"-22.8652","-43.4267"
365,365-MENDANHA X TIRADENTES (EXPRESSO),Fetranspor,554,17412176,"-22.8651","-43.4272"
365,365-MENDANHA X TIRADENTES (EXPRESSO),Fetranspor,555,17412176,"-22.865","-43.4276"
365,365-MENDANHA X TIRADENTES (EXPRESSO),Fetranspor,556,17412176,"-22.8649","-43.4288"
365,365-MENDANHA X TIRADENTES (EXPRESSO),Fetranspor,557,17412176,"-22.8649","-43.4288"
365,365-MENDANHA X TIRADENTES (EXPRESSO),Fetranspor,558,17412176,"-22.8648","-43.4293"
365,365-MENDANHA X TIRADENTES (EXPRESSO),Fetranspor,559,17412176,"-22.8648","-43.4296"
365,365-MENDANHA X TIRADENTES (EXPRESSO),Fetranspor,560,17412176,"-22.8648","-43.4296"
365,365-MENDANHA X TIRADENTES (EXPRESSO),Fetranspor,561,17412176,"-22.8644","-43.432"
365,365-MENDANHA X TIRADENTES (EXPRESSO),Fetranspor,562,17412176,"-22.8644","-43.432"
365,365-MENDANHA X TIRADENTES (EXPRESSO),Fetranspor,563,17412176,"-22.864","-43.4342"
365,365-MENDANHA X TIRADENTES (EXPRESSO),Fetranspor,564,17412176,"-22.864","-43.4342"
365,365-MENDANHA X TIRADENTES (EXPRESSO),Fetranspor,565,17412176,"-22.8638","-43.4351"
365,365-MENDANHA X TIRADENTES (EXPRESSO),Fetranspor,566,17412176,"-22.8638","-43.4351"
365,365-MENDANHA X TIRADENTES (EXPRESSO),Fetranspor,567,17412176,"-22.8632","-43.4385"
365,365-MENDANHA X TIRADENTES (EXPRESSO),Fetranspor,568,17412176,"-22.8632","-43.4385"
365,365-MENDANHA X TIRADENTES (EXPRESSO),Fetranspor,569,17412176,"-22.8631","-43.4389"
365,365-MENDANHA X TIRADENTES (EXPRESSO),Fetranspor,570,17412176,"-22.8631","-43.4389"
365,365-MENDANHA X TIRADENTES (EXPRESSO),Fetranspor,571,17412176,"-22.8631","-43.4393"
365,365-MENDANHA X TIRADENTES (EXPRESSO),Fetranspor,572,17412176,"-22.8631","-43.4393"
365,365-MENDANHA X TIRADENTES (EXPRESSO),Fetranspor,573,17412176,"-22.8629","-43.4401"
365,365-MENDANHA X TIRADENTES (EXPRESSO),Fetranspor,574,17412176,"-22.8629","-43.4403"
365,365-MENDANHA X TIRADENTES (EXPRESSO),Fetranspor,575,17412176,"-22.8629","-43.4403"
365,365-MENDANHA X TIRADENTES (EXPRESSO),Fetranspor,576,17412176,"-22.8628","-43.4406"
365,365-MENDANHA X TIRADENTES (EXPRESSO),Fetranspor,577,17412176,"-22.8627","-43.4414"
365,365-MENDANHA X TIRADENTES (EXPRESSO),Fetranspor,578,17412176,"-22.8627","-43.4414"
365,365-MENDANHA X TIRADENTES (EXPRESSO),Fetranspor,579,17412176,"-22.8626","-43.4418"
365,365-MENDANHA X TIRADENTES (EXPRESSO),Fetranspor,580,17412176,"-22.8625","-43.4425"
365,365-MENDANHA X TIRADENTES (EXPRESSO),Fetranspor,581,17412176,"-22.8621","-43.4444"
365,365-MENDANHA X TIRADENTES (EXPRESSO),Fetranspor,582,17412176,"-22.8619","-43.4455"
365,365-MENDANHA X TIRADENTES (EXPRESSO),Fetranspor,583,17412176,"-22.8619","-43.4455"
365,365-MENDANHA X TIRADENTES (EXPRESSO),Fetranspor,584,17412176,"-22.8618","-43.4462"
365,365-MENDANHA X TIRADENTES (EXPRESSO),Fetranspor,585,17412176,"-22.8618","-43.4462"
365,365-MENDANHA X TIRADENTES (EXPRESSO),Fetranspor,586,17412176,"-22.8613","-43.4491"
365,365-MENDANHA X TIRADENTES (EXPRESSO),Fetranspor,587,17412176,"-22.8613","-43.4491"
365,365-MENDANHA X TIRADENTES (EXPRESSO),Fetranspor,588,17412176,"-22.8609","-43.4515"
365,365-MENDANHA X TIRADENTES (EXPRESSO),Fetranspor,589,17412176,"-22.8609","-43.4515"
365,365-MENDANHA X TIRADENTES (EXPRESSO),Fetranspor,590,17412176,"-22.8607","-43.4526"
365,365-MENDANHA X TIRADENTES (EXPRESSO),Fetranspor,591,17412176,"-22.8607","-43.4526"
365,365-MENDANHA X TIRADENTES (EXPRESSO),Fetranspor,592,17412176,"-22.8604","-43.4541"
365,365-MENDANHA X TIRADENTES (EXPRESSO),Fetranspor,593,17412176,"-22.8604","-43.4541"
365,365-MENDANHA X TIRADENTES (EXPRESSO),Fetranspor,594,17412176,"-22.8601","-43.4557"
365,365-MENDANHA X TIRADENTES (EXPRESSO),Fetranspor,595,17412176,"-22.86","-43.4561"
365,365-MENDANHA X TIRADENTES (EXPRESSO),Fetranspor,596,17412176,"-22.86","-43.4561"
365,365-MENDANHA X TIRADENTES (EXPRESSO),Fetranspor,597,17412176,"-22.8597","-43.458"
365,365-MENDANHA X TIRADENTES (EXPRESSO),Fetranspor,598,17412176,"-22.8597","-43.458"
365,365-MENDANHA X TIRADENTES (EXPRESSO),Fetranspor,599,17412176,"-22.8596","-43.4581"
365,365-MENDANHA X TIRADENTES (EXPRESSO),Fetranspor,600,17412176,"-22.8596","-43.4581"
365,365-MENDANHA X TIRADENTES (EXPRESSO),Fetranspor,601,17412176,"-22.8596","-43.4586"
365,365-MENDANHA X TIRADENTES (EXPRESSO),Fetranspor,602,17412176,"-22.8596","-43.4586"
365,365-MENDANHA X TIRADENTES (EXPRESSO),Fetranspor,603,17412176,"-22.8594","-43.4595"
365,365-MENDANHA X TIRADENTES (EXPRESSO),Fetranspor,604,17412176,"-22.8594","-43.4595"
365,365-MENDANHA X TIRADENTES (EXPRESSO),Fetranspor,605,17412176,"-22.8592","-43.4604"
365,365-MENDANHA X TIRADENTES (EXPRESSO),Fetranspor,606,17412176,"-22.859","-43.4615"
365,365-MENDANHA X TIRADENTES (EXPRESSO),Fetranspor,607,17412176,"-22.859","-43.4615"
365,365-MENDANHA X TIRADENTES (EXPRESSO),Fetranspor,608,17412176,"-22.8589","-43.4621"
365,365-MENDANHA X TIRADENTES (EXPRESSO),Fetranspor,609,17412176,"-22.8587","-43.4633"
365,365-MENDANHA X TIRADENTES (EXPRESSO),Fetranspor,610,17412176,"-22.8586","-43.464"
365,365-MENDANHA X TIRADENTES (EXPRESSO),Fetranspor,611,17412176,"-22.8585","-43.4646"
365,365-MENDANHA X TIRADENTES (EXPRESSO),Fetranspor,612,17412176,"-22.8585","-43.4646"
365,365-MENDANHA X TIRADENTES (EXPRESSO),Fetranspor,613,17412176,"-22.8584","-43.465"
365,365-MENDANHA X TIRADENTES (EXPRESSO),Fetranspor,614,17412176,"-22.8584","-43.465"
365,365-MENDANHA X TIRADENTES (EXPRESSO),Fetranspor,615,17412176,"-22.8583","-43.4653"
365,365-MENDANHA X TIRADENTES (EXPRESSO),Fetranspor,616,17412176,"-22.8583","-43.4653"
365,365-MENDANHA X TIRADENTES (EXPRESSO),Fetranspor,617,17412176,"-22.8582","-43.4657"
365,365-MENDANHA X TIRADENTES (EXPRESSO),Fetranspor,618,17412176,"-22.8582","-43.4657"
365,365-MENDANHA X TIRADENTES (EXPRESSO),Fetranspor,619,17412176,"-22.8582","-43.4662"
365,365-MENDANHA X TIRADENTES (EXPRESSO),Fetranspor,620,17412176,"-22.8582","-43.4662"
365,365-MENDANHA X TIRADENTES (EXPRESSO),Fetranspor,621,17412176,"-22.8579","-43.4678"
365,365-MENDANHA X TIRADENTES (EXPRESSO),Fetranspor,622,17412176,"-22.8576","-43.4693"
365,365-MENDANHA X TIRADENTES (EXPRESSO),Fetranspor,623,17412176,"-22.8576","-43.4693"
365,365-MENDANHA X TIRADENTES (EXPRESSO),Fetranspor,624,17412176,"-22.8576","-43.4695"
365,365-MENDANHA X TIRADENTES (EXPRESSO),Fetranspor,625,17412176,"-22.8576","-43.4695"
365,365-MENDANHA X TIRADENTES (EXPRESSO),Fetranspor,626,17412176,"-22.8569","-43.4733"
365,365-MENDANHA X TIRADENTES (EXPRESSO),Fetranspor,627,17412176,"-22.8569","-43.4733"
365,365-MENDANHA X TIRADENTES (EXPRESSO),Fetranspor,628,17412176,"-22.8568","-43.4735"
365,365-MENDANHA X TIRADENTES (EXPRESSO),Fetranspor,629,17412176,"-22.8567","-43.4741"
365,365-MENDANHA X TIRADENTES (EXPRESSO),Fetranspor,630,17412176,"-22.8566","-43.4746"
365,365-MENDANHA X TIRADENTES (EXPRESSO),Fetranspor,631,17412176,"-22.8566","-43.4746"
365,365-MENDANHA X TIRADENTES (EXPRESSO),Fetranspor,632,17412176,"-22.8563","-43.4764"
365,365-MENDANHA X TIRADENTES (EXPRESSO),Fetranspor,633,17412176,"-22.8563","-43.4764"
365,365-MENDANHA X TIRADENTES (EXPRESSO),Fetranspor,634,17412176,"-22.8558","-43.4794"
365,365-MENDANHA X TIRADENTES (EXPRESSO),Fetranspor,635,17412176,"-22.8558","-43.4794"
365,365-MENDANHA X TIRADENTES (EXPRESSO),Fetranspor,636,17412176,"-22.8556","-43.4805"
365,365-MENDANHA X TIRADENTES (EXPRESSO),Fetranspor,637,17412176,"-22.8556","-43.4805"
365,365-MENDANHA X TIRADENTES (EXPRESSO),Fetranspor,638,17412176,"-22.8555","-43.4808"
365,365-MENDANHA X TIRADENTES (EXPRESSO),Fetranspor,639,17412176,"-22.8555","-43.4808"
365,365-MENDANHA X TIRADENTES (EXPRESSO),Fetranspor,640,17412176,"-22.8554","-43.4812"
365,365-MENDANHA X TIRADENTES (EXPRESSO),Fetranspor,641,17412176,"-22.8554","-43.4812"
365,365-MENDANHA X TIRADENTES (EXPRESSO),Fetranspor,642,17412176,"-22.8554","-43.4815"
365,365-MENDANHA X TIRADENTES (EXPRESSO),Fetranspor,643,17412176,"-22.8554","-43.4815"
365,365-MENDANHA X TIRADENTES (EXPRESSO),Fetranspor,644,17412176,"-22.8552","-43.4824"
365,365-MENDANHA X TIRADENTES (EXPRESSO),Fetranspor,645,17412176,"-22.8552","-43.4824"
365,365-MENDANHA X TIRADENTES (EXPRESSO),Fetranspor,646,17412176,"-22.8551","-43.4832"
365,365-MENDANHA X TIRADENTES (EXPRESSO),Fetranspor,647,17412176,"-22.8551","-43.4832"
365,365-MENDANHA X TIRADENTES (EXPRESSO),Fetranspor,648,17412176,"-22.8551","-43.4834"
365,365-MENDANHA X TIRADENTES (EXPRESSO),Fetranspor,649,17412176,"-22.8549","-43.4845"
365,365-MENDANHA X TIRADENTES (EXPRESSO),Fetranspor,650,17412176,"-22.8549","-43.4851"
365,365-MENDANHA X TIRADENTES (EXPRESSO),Fetranspor,651,17412176,"-22.8549","-43.4854"
365,365-MENDANHA X TIRADENTES (EXPRESSO),Fetranspor,652,17412176,"-22.8549","-43.4854"
365,365-MENDANHA X TIRADENTES (EXPRESSO),Fetranspor,653,17412176,"-22.8548","-43.4862"
365,365-MENDANHA X TIRADENTES (EXPRESSO),Fetranspor,654,17412176,"-22.8548","-43.4869"
365,365-MENDANHA X TIRADENTES (EXPRESSO),Fetranspor,655,17412176,"-22.8548","-43.4878"
365,365-MENDANHA X TIRADENTES (EXPRESSO),Fetranspor,656,17412176,"-22.8549","-43.4884"
365,365-MENDANHA X TIRADENTES (EXPRESSO),Fetranspor,657,17412176,"-22.8549","-43.489"
365,365-MENDANHA X TIRADENTES (EXPRESSO),Fetranspor,658,17412176,"-22.8549","-43.489"
365,365-MENDANHA X TIRADENTES (EXPRESSO),Fetranspor,659,17412176,"-22.8549","-43.4896"
365,365-MENDANHA X TIRADENTES (EXPRESSO),Fetranspor,660,17412176,"-22.8548","-43.4901"
365,365-MENDANHA X TIRADENTES (EXPRESSO),Fetranspor,661,17412176,"-22.8548","-43.4902"
365,365-MENDANHA X TIRADENTES (EXPRESSO),Fetranspor,662,17412176,"-22.8548","-43.4902"
365,365-MENDANHA X TIRADENTES (EXPRESSO),Fetranspor,663,17412176,"-22.8548","-43.4903"
365,365-MENDANHA X TIRADENTES (EXPRESSO),Fetranspor,664,17412176,"-22.8548","-43.4903"
365,365-MENDANHA X TIRADENTES (EXPRESSO),Fetranspor,665,17412176,"-22.8548","-43.4906"
365,365-MENDANHA X TIRADENTES (EXPRESSO),Fetranspor,666,17412176,"-22.8548","-43.4906"
365,365-MENDANHA X TIRADENTES (EXPRESSO),Fetranspor,667,17412176,"-22.8549","-43.4908"
365,365-MENDANHA X TIRADENTES (EXPRESSO),Fetranspor,668,17412176,"-22.8549","-43.4908"
365,365-MENDANHA X TIRADENTES (EXPRESSO),Fetranspor,669,17412176,"-22.8549","-43.4908"
365,365-MENDANHA X TIRADENTES (EXPRESSO),Fetranspor,670,17412176,"-22.8549","-43.4908"
365,365-MENDANHA X TIRADENTES (EXPRESSO),Fetranspor,671,17412176,"-22.8549","-43.4911"
365,365-MENDANHA X TIRADENTES (EXPRESSO),Fetranspor,672,17412176,"-22.8549","-43.4911"
365,365-MENDANHA X TIRADENTES (EXPRESSO),Fetranspor,673,17412176,"-22.8549","-43.4913"
365,365-MENDANHA X TIRADENTES (EXPRESSO),Fetranspor,674,17412176,"-22.8549","-43.4913"
365,365-MENDANHA X TIRADENTES (EXPRESSO),Fetranspor,675,17412176,"-22.855","-43.4915"
365,365-MENDANHA X TIRADENTES (EXPRESSO),Fetranspor,676,17412176,"-22.855","-43.4915"
365,365-MENDANHA X TIRADENTES (EXPRESSO),Fetranspor,677,17412176,"-22.855","-43.4918"
365,365-MENDANHA X TIRADENTES (EXPRESSO),Fetranspor,678,17412176,"-22.855","-43.4918"
365,365-MENDANHA X TIRADENTES (EXPRESSO),Fetranspor,679,17412176,"-22.8551","-43.4921"
365,365-MENDANHA X TIRADENTES (EXPRESSO),Fetranspor,680,17412176,"-22.8551","-43.4921"
365,365-MENDANHA X TIRADENTES (EXPRESSO),Fetranspor,681,17412176,"-22.8552","-43.4925"
365,365-MENDANHA X TIRADENTES (EXPRESSO),Fetranspor,682,17412176,"-22.8552","-43.4925"
365,365-MENDANHA X TIRADENTES (EXPRESSO),Fetranspor,683,17412176,"-22.8554","-43.4931"
365,365-MENDANHA X TIRADENTES (EXPRESSO),Fetranspor,684,17412176,"-22.8554","-43.4931"
365,365-MENDANHA X TIRADENTES (EXPRESSO),Fetranspor,685,17412176,"-22.8557","-43.4931"
365,365-MENDANHA X TIRADENTES (EXPRESSO),Fetranspor,686,17412176,"-22.8557","-43.4931"
365,365-MENDANHA X TIRADENTES (EXPRESSO),Fetranspor,687,17412176,"-22.8558","-43.493"
365,365-MENDANHA X TIRADENTES (EXPRESSO),Fetranspor,688,17412176,"-22.8558","-43.493"
365,365-MENDANHA X TIRADENTES (EXPRESSO),Fetranspor,689,17412176,"-22.8561","-43.4929"
365,365-MENDANHA X TIRADENTES (EXPRESSO),Fetranspor,690,17412176,"-22.8561","-43.4929"
365,365-MENDANHA X TIRADENTES (EXPRESSO),Fetranspor,691,17412176,"-22.8562","-43.4929"
365,365-MENDANHA X TIRADENTES (EXPRESSO),Fetranspor,692,17412176,"-22.8568","-43.4924"
365,365-MENDANHA X TIRADENTES (EXPRESSO),Fetranspor,693,17412176,"-22.8568","-43.4924"
365,365-MENDANHA X TIRADENTES (EXPRESSO),Fetranspor,694,17412176,"-22.8559","-43.4923"
365,365-MENDANHA X TIRADENTES (EXPRESSO),Fetranspor,695,17412176,"-22.8559","-43.4923"
365,365-MENDANHA X TIRADENTES (EXPRESSO),Fetranspor,696,17412176,"-22.8557","-43.4924"
365,365-MENDANHA X TIRADENTES (EXPRESSO),Fetranspor,697,17412176,"-22.8557","-43.4924"
365,365-MENDANHA X TIRADENTES (EXPRESSO),Fetranspor,698,17412176,"-22.8555","-43.4924"
365,365-MENDANHA X TIRADENTES (EXPRESSO),Fetranspor,699,17412176,"-22.8555","-43.4924"
365,365-MENDANHA X TIRADENTES (EXPRESSO),Fetranspor,700,17412176,"-22.8552","-43.4925"
365,365-MENDANHA X TIRADENTES (EXPRESSO),Fetranspor,701,17412176,"-22.8552","-43.4925"
365,365-MENDANHA X TIRADENTES (EXPRESSO),Fetranspor,702,17412176,"-22.8548","-43.4927"
365,365-MENDANHA X TIRADENTES (EXPRESSO),Fetranspor,703,17412176,"-22.8548","-43.4927"
365,365-MENDANHA X TIRADENTES (EXPRESSO),Fetranspor,704,17412176,"-22.8546","-43.4929"
365,365-MENDANHA X TIRADENTES (EXPRESSO),Fetranspor,705,17412176,"-22.8545","-43.493"
365,365-MENDANHA X TIRADENTES (EXPRESSO),Fetranspor,706,17412176,"-22.8545","-43.493"
365,365-MENDANHA X TIRADENTES (EXPRESSO),Fetranspor,707,17412176,"-22.8545","-43.493"
365,365-MENDANHA X TIRADENTES (EXPRESSO),Fetranspor,708,17412176,"-22.8544","-43.4926"
365,365-MENDANHA X TIRADENTES (EXPRESSO),Fetranspor,709,17412176,"-22.8544","-43.4926"
365,365-MENDANHA X TIRADENTES (EXPRESSO),Fetranspor,710,17412176,"-22.8543","-43.4923"
365,365-MENDANHA X TIRADENTES (EXPRESSO),Fetranspor,711,17412176,"-22.8543","-43.4923"
365,365-MENDANHA X TIRADENTES (EXPRESSO),Fetranspor,712,17412176,"-22.854","-43.4911"
365,365-MENDANHA X TIRADENTES (EXPRESSO),Fetranspor,713,17412176,"-22.8539","-43.4905"
365,365-MENDANHA X TIRADENTES (EXPRESSO),Fetranspor,714,17412176,"-22.8539","-43.4905"
365,365-MENDANHA X TIRADENTES (EXPRESSO),Fetranspor,715,17412176,"-22.8539","-43.4904"
365,365-MENDANHA X TIRADENTES (EXPRESSO),Fetranspor,716,17412176,"-22.8539","-43.4904"
365,365-MENDANHA X TIRADENTES (EXPRESSO),Fetranspor,717,17412176,"-22.8539","-43.4903"
365,365-MENDANHA X TIRADENTES (EXPRESSO),Fetranspor,718,17412176,"-22.8539","-43.4903"
365,365-MENDANHA X TIRADENTES (EXPRESSO),Fetranspor,719,17412176,"-22.8539","-43.4903"
365,365-MENDANHA X TIRADENTES (EXPRESSO),Fetranspor,720,17412176,"-22.8538","-43.4901"
365,365-MENDANHA X TIRADENTES (EXPRESSO),Fetranspor,721,17412176,"-22.8537","-43.4894"
365,365-MENDANHA X TIRADENTES (EXPRESSO),Fetranspor,722,17412176,"-22.8537","-43.4894"
365,365-MENDANHA X TIRADENTES (EXPRESSO),Fetranspor,723,17412176,"-22.8537","-43.4891"
365,365-MENDANHA X TIRADENTES (EXPRESSO),Fetranspor,724,17412176,"-22.8536","-43.4888"
365,365-MENDANHA X TIRADENTES (EXPRESSO),Fetranspor,725,17412176,"-22.8535","-43.4879"
365,365-MENDANHA X TIRADENTES (EXPRESSO),Fetranspor,726,17412176,"-22.8534","-43.4874"
365,365-MENDANHA X TIRADENTES (EXPRESSO),Fetranspor,727,17412176,"-22.8534","-43.4874"
365,365-MENDANHA X TIRADENTES (EXPRESSO),Fetranspor,728,17412176,"-22.8534","-43.4873"
365,365-MENDANHA X TIRADENTES (EXPRESSO),Fetranspor,729,17412176,"-22.8533","-43.4869"
365,365-MENDANHA X TIRADENTES (EXPRESSO),Fetranspor,730,17412176,"-22.8533","-43.4869"
365,365-MENDANHA X TIRADENTES (EXPRESSO),Fetranspor,731,17412176,"-22.8532","-43.4868"
365,365-MENDANHA X TIRADENTES (EXPRESSO),Fetranspor,732,17412176,"-22.8531","-43.4864"
365,365-MENDANHA X TIRADENTES (EXPRESSO),Fetranspor,733,17412176,"-22.8531","-43.4864"
365,365-MENDANHA X TIRADENTES (EXPRESSO),Fetranspor,734,17412176,"-22.8531","-43.4863"
365,365-MENDANHA X TIRADENTES (EXPRESSO),Fetranspor,735,17412176,"-22.8529","-43.4858"
365,365-MENDANHA X TIRADENTES (EXPRESSO),Fetranspor,736,17412176,"-22.8528","-43.4857"
365,365-MENDANHA X TIRADENTES (EXPRESSO),Fetranspor,737,17412176,"-22.8528","-43.4855"
365,365-MENDANHA X TIRADENTES (EXPRESSO),Fetranspor,738,17412176,"-22.8528","-43.4854"
365,365-MENDANHA X TIRADENTES (EXPRESSO),Fetranspor,739,17412176,"-22.8528","-43.4849"
365,365-MENDANHA X TIRADENTES (EXPRESSO),Fetranspor,740,17412176,"-22.8528","-43.4849"
365,365-MENDANHA X TIRADENTES (EXPRESSO),Fetranspor,741,17412176,"-22.8529","-43.4845"
365,365-MENDANHA X TIRADENTES (EXPRESSO),Fetranspor,742,17412176,"-22.8528","-43.4843"
365,365-MENDANHA X TIRADENTES (EXPRESSO),Fetranspor,743,17412176,"-22.8528","-43.4842"
365,365-MENDANHA X TIRADENTES (EXPRESSO),Fetranspor,744,17412176,"-22.8528","-43.484"
365,365-MENDANHA X TIRADENTES (EXPRESSO),Fetranspor,745,17412176,"-22.8527","-43.4839"
365,365-MENDANHA X TIRADENTES (EXPRESSO),Fetranspor,746,17412176,"-22.8527","-43.4838"
365,365-MENDANHA X TIRADENTES (EXPRESSO),Fetranspor,747,17412176,"-22.8527","-43.4838"
365,365-MENDANHA X TIRADENTES (EXPRESSO),Fetranspor,748,17412176,"-22.8526","-43.4838"
365,365-MENDANHA X TIRADENTES (EXPRESSO),Fetranspor,749,17412176,"-22.8526","-43.4838"
365,365-MENDANHA X TIRADENTES (EXPRESSO),Fetranspor,750,17412176,"-22.8525","-43.4838"
365,365-MENDANHA X TIRADENTES (EXPRESSO),Fetranspor,751,17412176,"-22.8525","-43.4838"
365,365-MENDANHA X TIRADENTES (EXPRESSO),Fetranspor,752,17412176,"-22.8524","-43.4837"
365,365-MENDANHA X TIRADENTES (EXPRESSO),Fetranspor,753,17412176,"-22.8524","-43.4837"
365,365-MENDANHA X TIRADENTES (EXPRESSO),Fetranspor,754,17412176,"-22.852","-43.484"
365,365-MENDANHA X TIRADENTES (EXPRESSO),Fetranspor,755,17412176,"-22.852","-43.484"
365,365-MENDANHA X TIRADENTES (EXPRESSO),Fetranspor,756,17412176,"-22.8518","-43.4842"
365,365-MENDANHA X TIRADENTES (EXPRESSO),Fetranspor,757,17412176,"-22.8518","-43.4842"
365,365-MENDANHA X TIRADENTES (EXPRESSO),Fetranspor,758,17412176,"-22.8513","-43.4845"
365,365-MENDANHA X TIRADENTES (EXPRESSO),Fetranspor,759,17412176,"-22.8511","-43.4847"
365,365-MENDANHA X TIRADENTES (EXPRESSO),Fetranspor,760,17412176,"-22.8511","-43.4847"
365,365-MENDANHA X TIRADENTES (EXPRESSO),Fetranspor,761,17412176,"-22.8507","-43.485"
365,365-MENDANHA X TIRADENTES (EXPRESSO),Fetranspor,762,17412176,"-22.8507","-43.485"
365,365-MENDANHA X TIRADENTES (EXPRESSO),Fetranspor,763,17412176,"-22.8505","-43.4851"
365,365-MENDANHA X TIRADENTES (EXPRESSO),Fetranspor,764,17412176,"-22.8504","-43.4852"
365,365-MENDANHA X TIRADENTES (EXPRESSO),Fetranspor,765,17412176,"-22.8503","-43.4853"
365,365-MENDANHA X TIRADENTES (EXPRESSO),Fetranspor,766,17412176,"-22.8503","-43.4853"
365,365-MENDANHA X TIRADENTES (EXPRESSO),Fetranspor,767,17412176,"-22.8501","-43.4855"
365,365-MENDANHA X TIRADENTES (EXPRESSO),Fetranspor,768,17412176,"-22.8499","-43.4857"
365,365-MENDANHA X TIRADENTES (EXPRESSO),Fetranspor,769,17412176,"-22.8499","-43.4857"
365,365-MENDANHA X TIRADENTES (EXPRESSO),Fetranspor,770,17412176,"-22.8499","-43.4858"
365,365-MENDANHA X TIRADENTES (EXPRESSO),Fetranspor,771,17412176,"-22.8496","-43.4862"
365,365-MENDANHA X TIRADENTES (EXPRESSO),Fetranspor,772,17412176,"-22.8496","-43.4862"
365,365-MENDANHA X TIRADENTES (EXPRESSO),Fetranspor,773,17412176,"-22.8495","-43.4863"
365,365-MENDANHA X TIRADENTES (EXPRESSO),Fetranspor,774,17412176,"-22.8495","-43.4863"
365,365-MENDANHA X TIRADENTES (EXPRESSO),Fetranspor,775,17412176,"-22.8491","-43.4868"
365,365-MENDANHA X TIRADENTES (EXPRESSO),Fetranspor,776,17412176,"-22.8488","-43.4873"
365,365-MENDANHA X TIRADENTES (EXPRESSO),Fetranspor,777,17412176,"-22.8487","-43.4873"
365,365-MENDANHA X TIRADENTES (EXPRESSO),Fetranspor,778,17412176,"-22.8487","-43.4874"
365,365-MENDANHA X TIRADENTES (EXPRESSO),Fetranspor,779,17412176,"-22.8487","-43.4874"
365,365-MENDANHA X TIRADENTES (EXPRESSO),Fetranspor,780,17412176,"-22.8486","-43.4874"
365,365-MENDANHA X TIRADENTES (EXPRESSO),Fetranspor,781,17412176,"-22.8486","-43.4874"
365,365-MENDANHA X TIRADENTES (EXPRESSO),Fetranspor,782,17412176,"-22.8486","-43.4875"
365,365-MENDANHA X TIRADENTES (EXPRESSO),Fetranspor,783,17412176,"-22.8484","-43.4875"
365,365-MENDANHA X TIRADENTES (EXPRESSO),Fetranspor,784,17412176,"-22.8482","-43.4876"
365,365-MENDANHA X TIRADENTES (EXPRESSO),Fetranspor,785,17412176,"-22.8479","-43.4876"
365,365-MENDANHA X TIRADENTES (EXPRESSO),Fetranspor,786,17412176,"-22.8479","-43.4876"
365,365-MENDANHA X TIRADENTES (EXPRESSO),Fetranspor,787,17412176,"-22.8473","-43.4877"
365,365-MENDANHA X TIRADENTES (EXPRESSO),Fetranspor,788,17412176,"-22.8473","-43.4877"
365,365-MENDANHA X TIRADENTES (EXPRESSO),Fetranspor,789,17412176,"-22.8465","-43.4877"
365,365-MENDANHA X TIRADENTES (EXPRESSO),Fetranspor,790,17412176,"-22.8465","-43.4877"
365,365-MENDANHA X TIRADENTES (EXPRESSO),Fetranspor,791,17412176,"-22.8459","-43.4878"
365,365-MENDANHA X TIRADENTES (EXPRESSO),Fetranspor,792,17412176,"-22.8455","-43.4881"
365,365-MENDANHA X TIRADENTES (EXPRESSO),Fetranspor,793,17412176,"-22.8452","-43.4884"
365,365-MENDANHA X TIRADENTES (EXPRESSO),Fetranspor,794,17412176,"-22.8452","-43.4884"
365,365-MENDANHA X TIRADENTES (EXPRESSO),Fetranspor,795,17412176,"-22.8449","-43.489"
365,365-MENDANHA X TIRADENTES (EXPRESSO),Fetranspor,796,17412176,"-22.8445","-43.4897"
365,365-MENDANHA X TIRADENTES (EXPRESSO),Fetranspor,797,17412176,"-22.8445","-43.4897"
365,365-MENDANHA X TIRADENTES (EXPRESSO),Fetranspor,798,17412176,"-22.8444","-43.4898"
365,365-MENDANHA X TIRADENTES (EXPRESSO),Fetranspor,799,17412176,"-22.8444","-43.4898"
365,365-MENDANHA X TIRADENTES (EXPRESSO),Fetranspor,800,17412176,"-22.8441","-43.4903"
365,365-MENDANHA X TIRADENTES (EXPRESSO),Fetranspor,801,17412176,"-22.8441","-43.4903"
365,365-MENDANHA X TIRADENTES (EXPRESSO),Fetranspor,802,17412176,"-22.8436","-43.4907"
365,365-MENDANHA X TIRADENTES (EXPRESSO),Fetranspor,803,17412176,"-22.8436","-43.4907"
365,365-MENDANHA X TIRADENTES (EXPRESSO),Fetranspor,804,17412176,"-22.8432","-43.491"
365,365-MENDANHA X TIRADENTES (EXPRESSO),Fetranspor,805,17412176,"-22.8432","-43.491"
365,365-MENDANHA X TIRADENTES (EXPRESSO),Fetranspor,806,17412176,"-22.843","-43.4912"
365,365-MENDANHA X TIRADENTES (EXPRESSO),Fetranspor,807,17412176,"-22.8429","-43.4914"
365,365-MENDANHA X TIRADENTES (EXPRESSO),Fetranspor,808,17412176,"-22.8429","-43.4914"
365,365-MENDANHA X TIRADENTES (EXPRESSO),Fetranspor,809,17412176,"-22.8428","-43.4917"
365,365-MENDANHA X TIRADENTES (EXPRESSO),Fetranspor,810,17412176,"-22.8428","-43.4917"
365,365-MENDANHA X TIRADENTES (EXPRESSO),Fetranspor,811,17412176,"-22.8427","-43.4921"
365,365-MENDANHA X TIRADENTES (EXPRESSO),Fetranspor,812,17412176,"-22.8425","-43.4925"
365,365-MENDANHA X TIRADENTES (EXPRESSO),Fetranspor,813,17412176,"-22.8423","-43.4928"
365,365-MENDANHA X TIRADENTES (EXPRESSO),Fetranspor,814,17412176,"-22.842","-43.493"
365,365-MENDANHA X TIRADENTES (EXPRESSO),Fetranspor,815,17412176,"-22.8416","-43.4933"
365,365-MENDANHA X TIRADENTES (EXPRESSO),Fetranspor,816,17412176,"-22.8413","-43.4936"
365,365-MENDANHA X TIRADENTES (EXPRESSO),Fetranspor,817,17412176,"-22.8411","-43.494"
365,365-MENDANHA X TIRADENTES (EXPRESSO),Fetranspor,818,17412176,"-22.8411","-43.4951"
365,365-MENDANHA X TIRADENTES (EXPRESSO),Fetranspor,819,17412176,"-22.8412","-43.4958"
365,365-MENDANHA X TIRADENTES (EXPRESSO),Fetranspor,820,17412176,"-22.8411","-43.4966"
365,365-MENDANHA X TIRADENTES (EXPRESSO),Fetranspor,821,17412176,"-22.8411","-43.4968"
365,365-MENDANHA X TIRADENTES (EXPRESSO),Fetranspor,822,17412176,"-22.8411","-43.4968"
365,365-MENDANHA X TIRADENTES (EXPRESSO),Fetranspor,823,17412176,"-22.8412","-43.4976"
365,365-MENDANHA X TIRADENTES (EXPRESSO),Fetranspor,824,17412176,"-22.8413","-43.4983"
365,365-MENDANHA X TIRADENTES (EXPRESSO),Fetranspor,825,17412176,"-22.8411","-43.4989"
365,365-MENDANHA X TIRADENTES (EXPRESSO),Fetranspor,826,17412176,"-22.8407","-43.4993"
365,365-MENDANHA X TIRADENTES (EXPRESSO),Fetranspor,827,17412176,"-22.8406","-43.4996"
365,365-MENDANHA X TIRADENTES (EXPRESSO),Fetranspor,828,17412176,"-22.8403","-43.4998"
365,365-MENDANHA X TIRADENTES (EXPRESSO),Fetranspor,829,17412176,"-22.84","-43.4999"
365,365-MENDANHA X TIRADENTES (EXPRESSO),Fetranspor,830,17412176,"-22.8399","-43.5001"
365,365-MENDANHA X TIRADENTES (EXPRESSO),Fetranspor,831,17412176,"-22.8399","-43.5001"
365,365-MENDANHA X TIRADENTES (EXPRESSO),Fetranspor,832,17412176,"-22.8398","-43.5002"
365,365-MENDANHA X TIRADENTES (EXPRESSO),Fetranspor,833,17412176,"-22.8397","-43.5005"
365,365-MENDANHA X TIRADENTES (EXPRESSO),Fetranspor,834,17412176,"-22.8397","-43.5009"
365,365-MENDANHA X TIRADENTES (EXPRESSO),Fetranspor,835,17412176,"-22.8398","-43.5011"
365,365-MENDANHA X TIRADENTES (EXPRESSO),Fetranspor,836,17412176,"-22.8399","-43.5013"
365,365-MENDANHA X TIRADENTES (EXPRESSO),Fetranspor,837,17412176,"-22.8402","-43.5019"
365,365-MENDANHA X TIRADENTES (EXPRESSO),Fetranspor,838,17412176,"-22.8403","-43.5021"
365,365-MENDANHA X TIRADENTES (EXPRESSO),Fetranspor,839,17412176,"-22.8404","-43.5023"
365,365-MENDANHA X TIRADENTES (EXPRESSO),Fetranspor,840,17412176,"-22.8405","-43.5027"
365,365-MENDANHA X TIRADENTES (EXPRESSO),Fetranspor,841,17412176,"-22.8405","-43.5027"
365,365-MENDANHA X TIRADENTES (EXPRESSO),Fetranspor,842,17412176,"-22.8408","-43.5038"
365,365-MENDANHA X TIRADENTES (EXPRESSO),Fetranspor,843,17412176,"-22.8413","-43.5047"
365,365-MENDANHA X TIRADENTES (EXPRESSO),Fetranspor,844,17412176,"-22.8414","-43.5049"
365,365-MENDANHA X TIRADENTES (EXPRESSO),Fetranspor,845,17412176,"-22.8418","-43.5054"
365,365-MENDANHA X TIRADENTES (EXPRESSO),Fetranspor,846,17412176,"-22.8423","-43.506"
365,365-MENDANHA X TIRADENTES (EXPRESSO),Fetranspor,847,17412176,"-22.8426","-43.5063"
365,365-MENDANHA X TIRADENTES (EXPRESSO),Fetranspor,848,17412176,"-22.8426","-43.5063"
365,365-MENDANHA X TIRADENTES (EXPRESSO),Fetranspor,849,17412176,"-22.8426","-43.5064"
365,365-MENDANHA X TIRADENTES (EXPRESSO),Fetranspor,850,17412176,"-22.8426","-43.5066"
365,365-MENDANHA X TIRADENTES (EXPRESSO),Fetranspor,851,17412176,"-22.8425","-43.5068"
365,365-MENDANHA X TIRADENTES (EXPRESSO),Fetranspor,852,17412176,"-22.8422","-43.5077"
365,365-MENDANHA X TIRADENTES (EXPRESSO),Fetranspor,853,17412176,"-22.8421","-43.5079"
365,365-MENDANHA X TIRADENTES (EXPRESSO),Fetranspor,854,17412176,"-22.8421","-43.5079"
365,365-MENDANHA X TIRADENTES (EXPRESSO),Fetranspor,855,17412176,"-22.8421","-43.508"
365,365-MENDANHA X TIRADENTES (EXPRESSO),Fetranspor,856,17412176,"-22.8422","-43.5082"
365,365-MENDANHA X TIRADENTES (EXPRESSO),Fetranspor,857,17412176,"-22.8431","-43.5094"
365,365-MENDANHA X TIRADENTES (EXPRESSO),Fetranspor,858,17412176,"-22.8432","-43.5097"
365,365-MENDANHA X TIRADENTES (EXPRESSO),Fetranspor,859,17412176,"-22.8432","-43.5097"
365,365-MENDANHA X TIRADENTES (EXPRESSO),Fetranspor,860,17412176,"-22.8434","-43.51"
365,365-MENDANHA X TIRADENTES (EXPRESSO),Fetranspor,861,17412176,"-22.8435","-43.5105"
365,365-MENDANHA X TIRADENTES (EXPRESSO),Fetranspor,862,17412176,"-22.8435","-43.5105"
365,365-MENDANHA X TIRADENTES (EXPRESSO),Fetranspor,863,17412176,"-22.8438","-43.5111"
365,365-MENDANHA X TIRADENTES (EXPRESSO),Fetranspor,864,17412176,"-22.8438","-43.5111"
365,365-MENDANHA X TIRADENTES (EXPRESSO),Fetranspor,865,17412176,"-22.8439","-43.5115"
365,365-MENDANHA X TIRADENTES (EXPRESSO),Fetranspor,866,17412176,"-22.8439","-43.5116"
365,365-MENDANHA X TIRADENTES (EXPRESSO),Fetranspor,867,17412176,"-22.844","-43.5118"
365,365-MENDANHA X TIRADENTES (EXPRESSO),Fetranspor,868,17412176,"-22.844","-43.5119"
365,365-MENDANHA X TIRADENTES (EXPRESSO),Fetranspor,869,17412176,"-22.8439","-43.5121"
365,365-MENDANHA X TIRADENTES (EXPRESSO),Fetranspor,870,17412176,"-22.8438","-43.5124"
365,365-MENDANHA X TIRADENTES (EXPRESSO),Fetranspor,871,17412176,"-22.8436","-43.5129"
365,365-MENDANHA X TIRADENTES (EXPRESSO),Fetranspor,872,17412176,"-22.8434","-43.5132"
365,365-MENDANHA X TIRADENTES (EXPRESSO),Fetranspor,873,17412176,"-22.8432","-43.5136"
365,365-MENDANHA X TIRADENTES (EXPRESSO),Fetranspor,874,17412176,"-22.8432","-43.5138"
365,365-MENDANHA X TIRADENTES (EXPRESSO),Fetranspor,875,17412176,"-22.8432","-43.5139"
365,365-MENDANHA X TIRADENTES (EXPRESSO),Fetranspor,876,17412176,"-22.8432","-43.5139"
365,365-MENDANHA X TIRADENTES (EXPRESSO),Fetranspor,877,17412176,"-22.8432","-43.514"
365,365-MENDANHA X TIRADENTES (EXPRESSO),Fetranspor,878,17412176,"-22.8432","-43.5142"
365,365-MENDANHA X TIRADENTES (EXPRESSO),Fetranspor,879,17412176,"-22.8433","-43.5144"
365,365-MENDANHA X TIRADENTES (EXPRESSO),Fetranspor,880,17412176,"-22.8433","-43.5144"
365,365-MENDANHA X TIRADENTES (EXPRESSO),Fetranspor,881,17412176,"-22.8437","-43.5152"
365,365-MENDANHA X TIRADENTES (EXPRESSO),Fetranspor,882,17412176,"-22.8437","-43.5152"
365,365-MENDANHA X TIRADENTES (EXPRESSO),Fetranspor,883,17412176,"-22.8438","-43.5154"
365,365-MENDANHA X TIRADENTES (EXPRESSO),Fetranspor,884,17412176,"-22.8438","-43.5155"
365,365-MENDANHA X TIRADENTES (EXPRESSO),Fetranspor,885,17412176,"-22.8438","-43.5157"
365,365-MENDANHA X TIRADENTES (EXPRESSO),Fetranspor,886,17412176,"-22.8438","-43.5157"
365,365-MENDANHA X TIRADENTES (EXPRESSO),Fetranspor,887,17412176,"-22.8436","-43.5169"
365,365-MENDANHA X TIRADENTES (EXPRESSO),Fetranspor,888,17412176,"-22.8436","-43.5169"
365,365-MENDANHA X TIRADENTES (EXPRESSO),Fetranspor,889,17412176,"-22.8436","-43.5176"
365,365-MENDANHA X TIRADENTES (EXPRESSO),Fetranspor,890,17412176,"-22.8437","-43.5178"
365,365-MENDANHA X TIRADENTES (EXPRESSO),Fetranspor,891,17412176,"-22.8438","-43.5179"
365,365-MENDANHA X TIRADENTES (EXPRESSO),Fetranspor,892,17412176,"-22.8438","-43.518"
365,365-MENDANHA X TIRADENTES (EXPRESSO),Fetranspor,893,17412176,"-22.8444","-43.5186"
365,365-MENDANHA X TIRADENTES (EXPRESSO),Fetranspor,894,17412176,"-22.8444","-43.5186"
365,365-MENDANHA X TIRADENTES (EXPRESSO),Fetranspor,895,17412176,"-22.845","-43.5188"
365,365-MENDANHA X TIRADENTES (EXPRESSO),Fetranspor,896,17412176,"-22.8452","-43.5189"
365,365-MENDANHA X TIRADENTES (EXPRESSO),Fetranspor,897,17412176,"-22.8453","-43.519"
365,365-MENDANHA X TIRADENTES (EXPRESSO),Fetranspor,898,17412176,"-22.8453","-43.519"
365,365-MENDANHA X TIRADENTES (EXPRESSO),Fetranspor,899,17412176,"-22.8453","-43.519"
365,365-MENDANHA X TIRADENTES (EXPRESSO),Fetranspor,900,17412176,"-22.8459","-43.5198"
365,365-MENDANHA X TIRADENTES (EXPRESSO),Fetranspor,901,17412176,"-22.8459","-43.5198"
365,365-MENDANHA X TIRADENTES (EXPRESSO),Fetranspor,902,17412176,"-22.8462","-43.5201"
365,365-MENDANHA X TIRADENTES (EXPRESSO),Fetranspor,903,17412176,"-22.8462","-43.5201"
365,365-MENDANHA X TIRADENTES (EXPRESSO),Fetranspor,904,17412176,"-22.847","-43.5212"
365,365-MENDANHA X TIRADENTES (EXPRESSO),Fetranspor,905,17412176,"-22.847","-43.5212"
365,365-MENDANHA X TIRADENTES (EXPRESSO),Fetranspor,906,17412176,"-22.8472","-43.5214"
365,365-MENDANHA X TIRADENTES (EXPRESSO),Fetranspor,907,17412176,"-22.8472","-43.5214"
365,365-MENDANHA X TIRADENTES (EXPRESSO),Fetranspor,908,17412176,"-22.8475","-43.5217"
365,365-MENDANHA X TIRADENTES (EXPRESSO),Fetranspor,909,17412176,"-22.8478","-43.5221"
365,365-MENDANHA X TIRADENTES (EXPRESSO),Fetranspor,910,17412176,"-22.8478","-43.5221"
365,365-MENDANHA X TIRADENTES (EXPRESSO),Fetranspor,911,17412176,"-22.8479","-43.5222"
365,365-MENDANHA X TIRADENTES (EXPRESSO),Fetranspor,912,17412176,"-22.8479","-43.5222"
365,365-MENDANHA X TIRADENTES (EXPRESSO),Fetranspor,913,17412176,"-22.8482","-43.5227"
365,365-MENDANHA X TIRADENTES (EXPRESSO),Fetranspor,914,17412176,"-22.8483","-43.5229"
365,365-MENDANHA X TIRADENTES (EXPRESSO),Fetranspor,915,17412176,"-22.8484","-43.5231"
365,365-MENDANHA X TIRADENTES (EXPRESSO),Fetranspor,916,17412176,"-22.8485","-43.5233"
365,365-MENDANHA X TIRADENTES (EXPRESSO),Fetranspor,917,17412176,"-22.8485","-43.5233"
365,365-MENDANHA X TIRADENTES (EXPRESSO),Fetranspor,918,17412176,"-22.8487","-43.5238"
365,365-MENDANHA X TIRADENTES (EXPRESSO),Fetranspor,919,17412176,"-22.8487","-43.5238"
365,365-MENDANHA X TIRADENTES (EXPRESSO),Fetranspor,920,17412176,"-22.8488","-43.5239"
365,365-MENDANHA X TIRADENTES (EXPRESSO),Fetranspor,921,17412176,"-22.8488","-43.5239"
365,365-MENDANHA X TIRADENTES (EXPRESSO),Fetranspor,922,17412176,"-22.8489","-43.5242"
365,365-MENDANHA X TIRADENTES (EXPRESSO),Fetranspor,923,17412176,"-22.8489","-43.5242"
365,365-MENDANHA X TIRADENTES (EXPRESSO),Fetranspor,924,17412176,"-22.8491","-43.5246"
365,365-MENDANHA X TIRADENTES (EXPRESSO),Fetranspor,925,17412176,"-22.8491","-43.5246"
365,365-MENDANHA X TIRADENTES (EXPRESSO),Fetranspor,926,17412176,"-22.8491","-43.5246"
365,365-MENDANHA X TIRADENTES (EXPRESSO),Fetranspor,927,17412176,"-22.8491","-43.5246"
365,365-MENDANHA X TIRADENTES (EXPRESSO),Fetranspor,928,17412176,"-22.8492","-43.525"
365,365-MENDANHA X TIRADENTES (EXPRESSO),Fetranspor,929,17412176,"-22.8492","-43.525"
365,365-MENDANHA X TIRADENTES (EXPRESSO),Fetranspor,930,17412176,"-22.8495","-43.5256"
365,365-MENDANHA X TIRADENTES (EXPRESSO),Fetranspor,931,17412176,"-22.8495","-43.5256"
365,365-MENDANHA X TIRADENTES (EXPRESSO),Fetranspor,932,17412176,"-22.85","-43.5267"
365,365-MENDANHA X TIRADENTES (EXPRESSO),Fetranspor,933,17412176,"-22.85","-43.5267"
365,365-MENDANHA X TIRADENTES (EXPRESSO),Fetranspor,934,17412176,"-22.8503","-43.5275"
365,365-MENDANHA X TIRADENTES (EXPRESSO),Fetranspor,935,17412176,"-22.8503","-43.5275"
365,365-MENDANHA X TIRADENTES (EXPRESSO),Fetranspor,936,17412176,"-22.8504","-43.5275"
365,365-MENDANHA X TIRADENTES (EXPRESSO),Fetranspor,937,17412176,"-22.8504","-43.5275"
365,365-MENDANHA X TIRADENTES (EXPRESSO),Fetranspor,938,17412176,"-22.8505","-43.5277"
365,365-MENDANHA X TIRADENTES (EXPRESSO),Fetranspor,939,17412176,"-22.8505","-43.5277"
365,365-MENDANHA X TIRADENTES (EXPRESSO),Fetranspor,940,17412176,"-22.8505","-43.5278"
365,365-MENDANHA X TIRADENTES (EXPRESSO),Fetranspor,941,17412176,"-22.8508","-43.5281"
365,365-MENDANHA X TIRADENTES (EXPRESSO),Fetranspor,942,17412176,"-22.8509","-43.5283"
365,365-MENDANHA X TIRADENTES (EXPRESSO),Fetranspor,943,17412176,"-22.8512","-43.5285"
365,365-MENDANHA X TIRADENTES (EXPRESSO),Fetranspor,944,17412176,"-22.8514","-43.5286"
365,365-MENDANHA X TIRADENTES (EXPRESSO),Fetranspor,945,17412176,"-22.8514","-43.5286"
365,365-MENDANHA X TIRADENTES (EXPRESSO),Fetranspor,946,17412176,"-22.8516","-43.5287"
365,365-MENDANHA X TIRADENTES (EXPRESSO),Fetranspor,947,17412176,"-22.8518","-43.5288"
365,365-MENDANHA X TIRADENTES (EXPRESSO),Fetranspor,948,17412176,"-22.852","-43.5289"
365,365-MENDANHA X TIRADENTES (EXPRESSO),Fetranspor,949,17412176,"-22.852","-43.5289"
365,365-MENDANHA X TIRADENTES (EXPRESSO),Fetranspor,950,17412176,"-22.8523","-43.5289"
365,365-MENDANHA X TIRADENTES (EXPRESSO),Fetranspor,951,17412176,"-22.8525","-43.529"
365,365-MENDANHA X TIRADENTES (EXPRESSO),Fetranspor,952,17412176,"-22.8531","-43.529"
365,365-MENDANHA X TIRADENTES (EXPRESSO),Fetranspor,953,17412176,"-22.8531","-43.529"
365,365-MENDANHA X TIRADENTES (EXPRESSO),Fetranspor,954,17412176,"-22.8534","-43.529"
365,365-MENDANHA X TIRADENTES (EXPRESSO),Fetranspor,955,17412176,"-22.8536","-43.529"
365,365-MENDANHA X TIRADENTES (EXPRESSO),Fetranspor,956,17412176,"-22.8536","-43.529"
365,365-MENDANHA X TIRADENTES (EXPRESSO),Fetranspor,957,17412176,"-22.8538","-43.529"
365,365-MENDANHA X TIRADENTES (EXPRESSO),Fetranspor,958,17412176,"-22.8547","-43.5292"
365,365-MENDANHA X TIRADENTES (EXPRESSO),Fetranspor,959,17412176,"-22.8547","-43.5292"
365,365-MENDANHA X TIRADENTES (EXPRESSO),Fetranspor,960,17412176,"-22.8555","-43.5294"
365,365-MENDANHA X TIRADENTES (EXPRESSO),Fetranspor,961,17412176,"-22.8555","-43.5294"
365,365-MENDANHA X TIRADENTES (EXPRESSO),Fetranspor,962,17412176,"-22.8564","-43.5296"
365,365-MENDANHA X TIRADENTES (EXPRESSO),Fetranspor,963,17412176,"-22.8564","-43.5296"
365,365-MENDANHA X TIRADENTES (EXPRESSO),Fetranspor,964,17412176,"-22.8569","-43.5297"
365,365-MENDANHA X TIRADENTES (EXPRESSO),Fetranspor,965,17412176,"-22.8572","-43.5298"
365,365-MENDANHA X TIRADENTES (EXPRESSO),Fetranspor,966,17412176,"-22.8572","-43.5298"
365,365-MENDANHA X TIRADENTES (EXPRESSO),Fetranspor,967,17412176,"-22.8579","-43.5299"
365,365-MENDANHA X TIRADENTES (EXPRESSO),Fetranspor,968,17412176,"-22.8579","-43.5299"
365,365-MENDANHA X TIRADENTES (EXPRESSO),Fetranspor,969,17412176,"-22.8582","-43.53"
365,365-MENDANHA X TIRADENTES (EXPRESSO),Fetranspor,970,17412176,"-22.8582","-43.53"
365,365-MENDANHA X TIRADENTES (EXPRESSO),Fetranspor,971,17412176,"-22.8587","-43.5301"
365,365-MENDANHA X TIRADENTES (EXPRESSO),Fetranspor,972,17412176,"-22.8587","-43.5301"
365,365-MENDANHA X TIRADENTES (EXPRESSO),Fetranspor,973,17412176,"-22.859","-43.5302"
365,365-MENDANHA X TIRADENTES (EXPRESSO),Fetranspor,974,17412176,"-22.859","-43.5302"
365,365-MENDANHA X TIRADENTES (EXPRESSO),Fetranspor,975,17412176,"-22.8591","-43.5302"
365,365-MENDANHA X TIRADENTES (EXPRESSO),Fetranspor,976,17412176,"-22.8591","-43.5302"
365,365-MENDANHA X TIRADENTES (EXPRESSO),Fetranspor,977,17412176,"-22.8591","-43.5302"
365,365-MENDANHA X TIRADENTES (EXPRESSO),Fetranspor,978,17412176,"-22.8592","-43.5302"
365,365-MENDANHA X TIRADENTES (EXPRESSO),Fetranspor,979,17412176,"-22.8595","-43.53"
365,365-MENDANHA X TIRADENTES (EXPRESSO),Fetranspor,980,17412176,"-22.8595","-43.53"
365,365-MENDANHA X TIRADENTES (EXPRESSO),Fetranspor,981,17412176,"-22.8596","-43.5298"
365,365-MENDANHA X TIRADENTES (EXPRESSO),Fetranspor,982,17412176,"-22.8598","-43.5296"
365,365-MENDANHA X TIRADENTES (EXPRESSO),Fetranspor,983,17412176,"-22.8598","-43.5296"
365,365-MENDANHA X TIRADENTES (EXPRESSO),Fetranspor,984,17412176,"-22.8597","-43.5299"
365,365-MENDANHA X TIRADENTES (EXPRESSO),Fetranspor,985,17412176,"-22.8596","-43.5302"
365,365-MENDANHA X TIRADENTES (EXPRESSO),Fetranspor,986,17412176,"-22.8596","-43.5305"
365,365-MENDANHA X TIRADENTES (EXPRESSO),Fetranspor,987,17412176,"-22.8595","-43.5307"
365,365-MENDANHA X TIRADENTES (EXPRESSO),Fetranspor,988,17412176,"-22.8595","-43.5308"
365,365-MENDANHA X TIRADENTES (EXPRESSO),Fetranspor,989,17412176,"-22.8596","-43.5317"
365,365-MENDANHA X TIRADENTES (EXPRESSO),Fetranspor,990,17412176,"-22.8596","-43.5317"
365,365-MENDANHA X TIRADENTES (EXPRESSO),Fetranspor,991,17412176,"-22.8597","-43.5337"
365,365-MENDANHA X TIRADENTES (EXPRESSO),Fetranspor,992,17412176,"-22.8597","-43.5337"
365,365-MENDANHA X TIRADENTES (EXPRESSO),Fetranspor,993,17412176,"-22.8597","-43.5338"
365,365-MENDANHA X TIRADENTES (EXPRESSO),Fetranspor,994,17412176,"-22.8597","-43.5338"
365,365-MENDANHA X TIRADENTES (EXPRESSO),Fetranspor,995,17412176,"-22.8598","-43.5352"
365,365-MENDANHA X TIRADENTES (EXPRESSO),Fetranspor,996,17412176,"-22.8598","-43.5352"
365,365-MENDANHA X TIRADENTES (EXPRESSO),Fetranspor,997,17412176,"-22.8598","-43.5354"
365,365-MENDANHA X TIRADENTES (EXPRESSO),Fetranspor,998,17412176,"-22.8598","-43.5354"
365,365-MENDANHA X TIRADENTES (EXPRESSO),Fetranspor,999,17412176,"-22.8598","-43.5356"
365,365-MENDANHA X TIRADENTES (EXPRESSO),Fetranspor,1000,17412176,"-22.8598","-43.5356"
365,365-MENDANHA X TIRADENTES (EXPRESSO),Fetranspor,1001,17412176,"-22.8597","-43.5356"
365,365-MENDANHA X TIRADENTES (EXPRESSO),Fetranspor,1002,17412176,"-22.8596","-43.5357"
365,365-MENDANHA X TIRADENTES (EXPRESSO),Fetranspor,1003,17412176,"-22.8596","-43.5359"
365,365-MENDANHA X TIRADENTES (EXPRESSO),Fetranspor,1004,17412176,"-22.8595","-43.5361"
365,365-MENDANHA X TIRADENTES (EXPRESSO),Fetranspor,1005,17412176,"-22.8595","-43.5361"
365,365-MENDANHA X TIRADENTES (EXPRESSO),Fetranspor,1006,17412176,"-22.8593","-43.5368"
365,365-MENDANHA X TIRADENTES (EXPRESSO),Fetranspor,1007,17412176,"-22.8591","-43.5372"
365,365-MENDANHA X TIRADENTES (EXPRESSO),Fetranspor,1008,17412176,"-22.8591","-43.5375"
365,365-MENDANHA X TIRADENTES (EXPRESSO),Fetranspor,1009,17412176,"-22.859","-43.5381"
365,365-MENDANHA X TIRADENTES (EXPRESSO),Fetranspor,1010,17412176,"-22.859","-43.5381"
365,365-MENDANHA X TIRADENTES (EXPRESSO),Fetranspor,1011,17412176,"-22.8589","-43.5384"
365,365-MENDANHA X TIRADENTES (EXPRESSO),Fetranspor,1012,17412176,"-22.8589","-43.5386"
365,365-MENDANHA X TIRADENTES (EXPRESSO),Fetranspor,1013,17412176,"-22.8589","-43.5386"
365,365-MENDANHA X TIRADENTES (EXPRESSO),Fetranspor,1014,17412176,"-22.8589","-43.5386"
365,365-MENDANHA X TIRADENTES (EXPRESSO),Fetranspor,1015,17412176,"-22.8588","-43.5386"
365,365-MENDANHA X TIRADENTES (EXPRESSO),Fetranspor,1016,17412176,"-22.8588","-43.5388"
365,365-MENDANHA X TIRADENTES (EXPRESSO),Fetranspor,1017,17412176,"-22.8581","-43.5398"
365,365-MENDANHA X TIRADENTES (EXPRESSO),Fetranspor,1018,17412176,"-22.8581","-43.5398"
365,365-MENDANHA X TIRADENTES (EXPRESSO),Fetranspor,1019,17412176,"-22.8581","-43.5399"
365,365-MENDANHA X TIRADENTES (EXPRESSO),Fetranspor,1020,17412176,"-22.8578","-43.5402"
365,365-MENDANHA X TIRADENTES (EXPRESSO),Fetranspor,1021,17412176,"-22.8578","-43.5402"
365,365-MENDANHA X TIRADENTES (EXPRESSO),Fetranspor,1022,17412176,"-22.8575","-43.5406"
365,365-MENDANHA X TIRADENTES (EXPRESSO),Fetranspor,1023,17412176,"-22.8575","-43.5406"
365,365-MENDANHA X TIRADENTES (EXPRESSO),Fetranspor,1024,17412176,"-22.8575","-43.5406"
365,365-MENDANHA X TIRADENTES (EXPRESSO),Fetranspor,1025,17412176,"-22.8574","-43.5408"
365,365-MENDANHA X TIRADENTES (EXPRESSO),Fetranspor,1026,17412176,"-22.8572","-43.5416"
365,365-MENDANHA X TIRADENTES (EXPRESSO),Fetranspor,1027,17412176,"-22.8572","-43.5416"
365,365-MENDANHA X TIRADENTES (EXPRESSO),Fetranspor,1028,17412176,"-22.857","-43.5416"
365,365-MENDANHA X TIRADENTES (EXPRESSO),Fetranspor,1029,17412176,"-22.8567","-43.5416"
365,365-MENDANHA X TIRADENTES (EXPRESSO),Fetranspor,1030,17412176,"-22.8567","-43.5416"
365,365-MENDANHA X TIRADENTES (EXPRESSO),Fetranspor,1031,17412176,"-22.8564","-43.5416"
365,365-MENDANHA X TIRADENTES (EXPRESSO),Fetranspor,1032,17412176,"-22.8564","-43.5416"
365,365-MENDANHA X TIRADENTES (EXPRESSO),Fetranspor,1033,17412176,"-22.8559","-43.5418"
365,365-MENDANHA X TIRADENTES (EXPRESSO),Fetranspor,1034,17412176,"-22.8559","-43.5418"
365,365-MENDANHA X TIRADENTES (EXPRESSO),Fetranspor,1035,17412176,"-22.8554","-43.5421"
365,365-MENDANHA X TIRADENTES (EXPRESSO),Fetranspor,1036,17412176,"-22.8549","-43.5424"
365,365-MENDANHA X TIRADENTES (EXPRESSO),Fetranspor,1037,17412176,"-22.8549","-43.5424"
365,365-MENDANHA X TIRADENTES (EXPRESSO),Fetranspor,1038,17412176,"-22.8548","-43.5425"
365,365-MENDANHA X TIRADENTES (EXPRESSO),Fetranspor,1039,17412176,"-22.8548","-43.5425"
365,365-MENDANHA X TIRADENTES (EXPRESSO),Fetranspor,1040,17412176,"-22.8543","-43.5428"
365,365-MENDANHA X TIRADENTES (EXPRESSO),Fetranspor,1041,17412176,"-22.8543","-43.5428"
365,365-MENDANHA X TIRADENTES (EXPRESSO),Fetranspor,1042,17412176,"-22.8536","-43.5435"
365,365-MENDANHA X TIRADENTES (EXPRESSO),Fetranspor,1043,17412176,"-22.8534","-43.5437"
365,365-MENDANHA X TIRADENTES (EXPRESSO),Fetranspor,1044,17412176,"-22.8531","-43.5438"
365,365-MENDANHA X TIRADENTES (EXPRESSO),Fetranspor,1045,17412176,"-22.853","-43.5438"
365,365-MENDANHA X TIRADENTES (EXPRESSO),Fetranspor,1046,17412176,"-22.853","-43.5438"
365,365-MENDANHA X TIRADENTES (EXPRESSO),Fetranspor,1047,17412176,"-22.8528","-43.5437"
365,365-MENDANHA X TIRADENTES (EXPRESSO),Fetranspor,1048,17412176,"-22.8527","-43.5437"
365,365-MENDANHA X TIRADENTES (EXPRESSO),Fetranspor,1049,17412176,"-22.8526","-43.5436"
365,365-MENDANHA X TIRADENTES (EXPRESSO),Fetranspor,1050,17412176,"-22.8526","-43.5436"
365,365-MENDANHA X TIRADENTES (EXPRESSO),Fetranspor,1051,17412176,"-22.8524","-43.5435"
365,365-MENDANHA X TIRADENTES (EXPRESSO),Fetranspor,1052,17412176,"-22.8522","-43.5434"
365,365-MENDANHA X TIRADENTES (EXPRESSO),Fetranspor,1053,17412176,"-22.8522","-43.5434"
365,365-MENDANHA X TIRADENTES (EXPRESSO),Fetranspor,1054,17412176,"-22.852","-43.5434"
365,365-MENDANHA X TIRADENTES (EXPRESSO),Fetranspor,1055,17412176,"-22.852","-43.5434"
365,365-MENDANHA X TIRADENTES (EXPRESSO),Fetranspor,1056,17412176,"-22.8509","-43.5434"
365,365-MENDANHA X TIRADENTES (EXPRESSO),Fetranspor,1057,17412176,"-22.8507","-43.5434"
365,365-MENDANHA X TIRADENTES (EXPRESSO),Fetranspor,1058,17412176,"-22.8504","-43.5435"
365,365-MENDANHA X TIRADENTES (EXPRESSO),Fetranspor,1059,17412176,"-22.8504","-43.5435"
365,365-MENDANHA X TIRADENTES (EXPRESSO),Fetranspor,1060,17412176,"-22.8503","-43.5435"
365,365-MENDANHA X TIRADENTES (EXPRESSO),Fetranspor,1061,17412176,"-22.8503","-43.5435"
365,365-MENDANHA X TIRADENTES (EXPRESSO),Fetranspor,1062,17412176,"-22.85","-43.5436"
365,365-MENDANHA X TIRADENTES (EXPRESSO),Fetranspor,1063,17412176,"-22.85","-43.5436"
365,365-MENDANHA X TIRADENTES (EXPRESSO),Fetranspor,1064,17412176,"-22.8489","-43.5439"
365,365-MENDANHA X TIRADENTES (EXPRESSO),Fetranspor,1065,17412176,"-22.8489","-43.5439"
365,365-MENDANHA X TIRADENTES (EXPRESSO),Fetranspor,1066,17412176,"-22.8487","-43.544"
365,365-MENDANHA X TIRADENTES (EXPRESSO),Fetranspor,1067,17412176,"-22.8487","-43.544"
365,365-MENDANHA X TIRADENTES (EXPRESSO),Fetranspor,1068,17412176,"-22.8485","-43.5439"
365,365-MENDANHA X TIRADENTES (EXPRESSO),Fetranspor,1069,17412176,"-22.8483","-43.5439"
365,365-MENDANHA X TIRADENTES (EXPRESSO),Fetranspor,1070,17412176,"-22.8483","-43.5438"
365,365-MENDANHA X TIRADENTES (EXPRESSO),Fetranspor,1071,17412176,"-22.8482","-43.5437"
365,365-MENDANHA X TIRADENTES (EXPRESSO),Fetranspor,1072,17412176,"-22.8481","-43.5437"
365,365-MENDANHA X TIRADENTES (EXPRESSO),Fetranspor,1073,17412176,"-22.8481","-43.5436"
365,365-MENDANHA X TIRADENTES (EXPRESSO),Fetranspor,1074,17412176,"-22.8481","-43.5436"
365,365-MENDANHA X TIRADENTES (EXPRESSO),Fetranspor,1075,17412176,"-22.8481","-43.5438"
365,365-MENDANHA X TIRADENTES (EXPRESSO),Fetranspor,1076,17412176,"-22.8481","-43.5438"
365,365-MENDANHA X TIRADENTES (EXPRESSO),Fetranspor,1077,17412176,"-22.8482","-43.544"
365,365-MENDANHA X TIRADENTES (EXPRESSO),Fetranspor,1078,17412176,"-22.8482","-43.5443"
