linha,descricao,agencia,sequencia,shape_id,latitude,longitude
366,366-CAMPO GRANDE X TIRADENTES,Fetranspor,0,17385769,"-22.9089","-43.1834"
366,366-CAMPO GRANDE X TIRADENTES,Fetranspor,1,17385769,"-22.9087","-43.1826"
366,366-CAMPO GRANDE X TIRADENTES,Fetranspor,2,17385769,"-22.9086","-43.1826"
366,366-CAMPO GRANDE X TIRADENTES,Fetranspor,3,17385769,"-22.9086","-43.1826"
366,366-CAMPO GRANDE X TIRADENTES,Fetranspor,4,17385769,"-22.9086","-43.1826"
366,366-CAMPO GRANDE X TIRADENTES,Fetranspor,5,17385769,"-22.9086","-43.1825"
366,366-CAMPO GRANDE X TIRADENTES,Fetranspor,6,17385769,"-22.9086","-43.1825"
366,366-CAMPO GRANDE X TIRADENTES,Fetranspor,7,17385769,"-22.908","-43.1825"
366,366-CAMPO GRANDE X TIRADENTES,Fetranspor,8,17385769,"-22.908","-43.1825"
366,366-CAMPO GRANDE X TIRADENTES,Fetranspor,9,17385769,"-22.9074","-43.1825"
366,366-CAMPO GRANDE X TIRADENTES,Fetranspor,10,17385769,"-22.9073","-43.1825"
366,366-CAMPO GRANDE X TIRADENTES,Fetranspor,11,17385769,"-22.9073","-43.1825"
366,366-CAMPO GRANDE X TIRADENTES,Fetranspor,12,17385769,"-22.9072","-43.1825"
366,366-CAMPO GRANDE X TIRADENTES,Fetranspor,13,17385769,"-22.9072","-43.1825"
366,366-CAMPO GRANDE X TIRADENTES,Fetranspor,14,17385769,"-22.9074","-43.1831"
366,366-CAMPO GRANDE X TIRADENTES,Fetranspor,15,17385769,"-22.9074","-43.1831"
366,366-CAMPO GRANDE X TIRADENTES,Fetranspor,16,17385769,"-22.9074","-43.1832"
366,366-CAMPO GRANDE X TIRADENTES,Fetranspor,17,17385769,"-22.9074","-43.1832"
366,366-CAMPO GRANDE X TIRADENTES,Fetranspor,18,17385769,"-22.9075","-43.1835"
366,366-CAMPO GRANDE X TIRADENTES,Fetranspor,19,17385769,"-22.9075","-43.1835"
366,366-CAMPO GRANDE X TIRADENTES,Fetranspor,20,17385769,"-22.9077","-43.184"
366,366-CAMPO GRANDE X TIRADENTES,Fetranspor,21,17385769,"-22.9077","-43.184"
366,366-CAMPO GRANDE X TIRADENTES,Fetranspor,22,17385769,"-22.9078","-43.1844"
366,366-CAMPO GRANDE X TIRADENTES,Fetranspor,23,17385769,"-22.9078","-43.1844"
366,366-CAMPO GRANDE X TIRADENTES,Fetranspor,24,17385769,"-22.908","-43.185"
366,366-CAMPO GRANDE X TIRADENTES,Fetranspor,25,17385769,"-22.908","-43.185"
366,366-CAMPO GRANDE X TIRADENTES,Fetranspor,26,17385769,"-22.9081","-43.1854"
366,366-CAMPO GRANDE X TIRADENTES,Fetranspor,27,17385769,"-22.9081","-43.1856"
366,366-CAMPO GRANDE X TIRADENTES,Fetranspor,28,17385769,"-22.9081","-43.1856"
366,366-CAMPO GRANDE X TIRADENTES,Fetranspor,29,17385769,"-22.9083","-43.1861"
366,366-CAMPO GRANDE X TIRADENTES,Fetranspor,30,17385769,"-22.9083","-43.1861"
366,366-CAMPO GRANDE X TIRADENTES,Fetranspor,31,17385769,"-22.9083","-43.1862"
366,366-CAMPO GRANDE X TIRADENTES,Fetranspor,32,17385769,"-22.9083","-43.1862"
366,366-CAMPO GRANDE X TIRADENTES,Fetranspor,33,17385769,"-22.9083","-43.1864"
366,366-CAMPO GRANDE X TIRADENTES,Fetranspor,34,17385769,"-22.9085","-43.1871"
366,366-CAMPO GRANDE X TIRADENTES,Fetranspor,35,17385769,"-22.909","-43.1888"
366,366-CAMPO GRANDE X TIRADENTES,Fetranspor,36,17385769,"-22.909","-43.1888"
366,366-CAMPO GRANDE X TIRADENTES,Fetranspor,37,17385769,"-22.9077","-43.19"
366,366-CAMPO GRANDE X TIRADENTES,Fetranspor,38,17385769,"-22.9077","-43.19"
366,366-CAMPO GRANDE X TIRADENTES,Fetranspor,39,17385769,"-22.9076","-43.1901"
366,366-CAMPO GRANDE X TIRADENTES,Fetranspor,40,17385769,"-22.9075","-43.1901"
366,366-CAMPO GRANDE X TIRADENTES,Fetranspor,41,17385769,"-22.9075","-43.1901"
366,366-CAMPO GRANDE X TIRADENTES,Fetranspor,42,17385769,"-22.9072","-43.1902"
366,366-CAMPO GRANDE X TIRADENTES,Fetranspor,43,17385769,"-22.9072","-43.1902"
366,366-CAMPO GRANDE X TIRADENTES,Fetranspor,44,17385769,"-22.9066","-43.1904"
366,366-CAMPO GRANDE X TIRADENTES,Fetranspor,45,17385769,"-22.906","-43.1906"
366,366-CAMPO GRANDE X TIRADENTES,Fetranspor,46,17385769,"-22.906","-43.1906"
366,366-CAMPO GRANDE X TIRADENTES,Fetranspor,47,17385769,"-22.9055","-43.1907"
366,366-CAMPO GRANDE X TIRADENTES,Fetranspor,48,17385769,"-22.9054","-43.1908"
366,366-CAMPO GRANDE X TIRADENTES,Fetranspor,49,17385769,"-22.9053","-43.1908"
366,366-CAMPO GRANDE X TIRADENTES,Fetranspor,50,17385769,"-22.9052","-43.1907"
366,366-CAMPO GRANDE X TIRADENTES,Fetranspor,51,17385769,"-22.9052","-43.1907"
366,366-CAMPO GRANDE X TIRADENTES,Fetranspor,52,17385769,"-22.9051","-43.1909"
366,366-CAMPO GRANDE X TIRADENTES,Fetranspor,53,17385769,"-22.9051","-43.1909"
366,366-CAMPO GRANDE X TIRADENTES,Fetranspor,54,17385769,"-22.905","-43.191"
366,366-CAMPO GRANDE X TIRADENTES,Fetranspor,55,17385769,"-22.905","-43.191"
366,366-CAMPO GRANDE X TIRADENTES,Fetranspor,56,17385769,"-22.9049","-43.1912"
366,366-CAMPO GRANDE X TIRADENTES,Fetranspor,57,17385769,"-22.9049","-43.1912"
366,366-CAMPO GRANDE X TIRADENTES,Fetranspor,58,17385769,"-22.905","-43.1914"
366,366-CAMPO GRANDE X TIRADENTES,Fetranspor,59,17385769,"-22.905","-43.1914"
366,366-CAMPO GRANDE X TIRADENTES,Fetranspor,60,17385769,"-22.9054","-43.1926"
366,366-CAMPO GRANDE X TIRADENTES,Fetranspor,61,17385769,"-22.9055","-43.193"
366,366-CAMPO GRANDE X TIRADENTES,Fetranspor,62,17385769,"-22.9055","-43.193"
366,366-CAMPO GRANDE X TIRADENTES,Fetranspor,63,17385769,"-22.906","-43.1948"
366,366-CAMPO GRANDE X TIRADENTES,Fetranspor,64,17385769,"-22.906","-43.1948"
366,366-CAMPO GRANDE X TIRADENTES,Fetranspor,65,17385769,"-22.9063","-43.1957"
366,366-CAMPO GRANDE X TIRADENTES,Fetranspor,66,17385769,"-22.9063","-43.1957"
366,366-CAMPO GRANDE X TIRADENTES,Fetranspor,67,17385769,"-22.9064","-43.1961"
366,366-CAMPO GRANDE X TIRADENTES,Fetranspor,68,17385769,"-22.9069","-43.1976"
366,366-CAMPO GRANDE X TIRADENTES,Fetranspor,69,17385769,"-22.9069","-43.1976"
366,366-CAMPO GRANDE X TIRADENTES,Fetranspor,70,17385769,"-22.9069","-43.1977"
366,366-CAMPO GRANDE X TIRADENTES,Fetranspor,71,17385769,"-22.9069","-43.1977"
366,366-CAMPO GRANDE X TIRADENTES,Fetranspor,72,17385769,"-22.9074","-43.1991"
366,366-CAMPO GRANDE X TIRADENTES,Fetranspor,73,17385769,"-22.9074","-43.1991"
366,366-CAMPO GRANDE X TIRADENTES,Fetranspor,74,17385769,"-22.9081","-43.2012"
366,366-CAMPO GRANDE X TIRADENTES,Fetranspor,75,17385769,"-22.9081","-43.2012"
366,366-CAMPO GRANDE X TIRADENTES,Fetranspor,76,17385769,"-22.9097","-43.2061"
366,366-CAMPO GRANDE X TIRADENTES,Fetranspor,77,17385769,"-22.91","-43.207"
366,366-CAMPO GRANDE X TIRADENTES,Fetranspor,78,17385769,"-22.91","-43.207"
366,366-CAMPO GRANDE X TIRADENTES,Fetranspor,79,17385769,"-22.9101","-43.2073"
366,366-CAMPO GRANDE X TIRADENTES,Fetranspor,80,17385769,"-22.9101","-43.2074"
366,366-CAMPO GRANDE X TIRADENTES,Fetranspor,81,17385769,"-22.9101","-43.2075"
366,366-CAMPO GRANDE X TIRADENTES,Fetranspor,82,17385769,"-22.9101","-43.2077"
366,366-CAMPO GRANDE X TIRADENTES,Fetranspor,83,17385769,"-22.9101","-43.2078"
366,366-CAMPO GRANDE X TIRADENTES,Fetranspor,84,17385769,"-22.9101","-43.2079"
366,366-CAMPO GRANDE X TIRADENTES,Fetranspor,85,17385769,"-22.91","-43.2084"
366,366-CAMPO GRANDE X TIRADENTES,Fetranspor,86,17385769,"-22.9099","-43.2087"
366,366-CAMPO GRANDE X TIRADENTES,Fetranspor,87,17385769,"-22.9099","-43.2088"
366,366-CAMPO GRANDE X TIRADENTES,Fetranspor,88,17385769,"-22.9098","-43.2089"
366,366-CAMPO GRANDE X TIRADENTES,Fetranspor,89,17385769,"-22.9097","-43.2091"
366,366-CAMPO GRANDE X TIRADENTES,Fetranspor,90,17385769,"-22.9097","-43.2091"
366,366-CAMPO GRANDE X TIRADENTES,Fetranspor,91,17385769,"-22.9096","-43.2092"
366,366-CAMPO GRANDE X TIRADENTES,Fetranspor,92,17385769,"-22.9095","-43.2092"
366,366-CAMPO GRANDE X TIRADENTES,Fetranspor,93,17385769,"-22.9095","-43.2092"
366,366-CAMPO GRANDE X TIRADENTES,Fetranspor,94,17385769,"-22.9091","-43.2093"
366,366-CAMPO GRANDE X TIRADENTES,Fetranspor,95,17385769,"-22.9091","-43.2093"
366,366-CAMPO GRANDE X TIRADENTES,Fetranspor,96,17385769,"-22.9088","-43.2093"
366,366-CAMPO GRANDE X TIRADENTES,Fetranspor,97,17385769,"-22.908","-43.2093"
366,366-CAMPO GRANDE X TIRADENTES,Fetranspor,98,17385769,"-22.908","-43.2093"
366,366-CAMPO GRANDE X TIRADENTES,Fetranspor,99,17385769,"-22.9072","-43.2094"
366,366-CAMPO GRANDE X TIRADENTES,Fetranspor,100,17385769,"-22.9066","-43.2094"
366,366-CAMPO GRANDE X TIRADENTES,Fetranspor,101,17385769,"-22.9066","-43.2094"
366,366-CAMPO GRANDE X TIRADENTES,Fetranspor,102,17385769,"-22.9064","-43.2094"
366,366-CAMPO GRANDE X TIRADENTES,Fetranspor,103,17385769,"-22.9064","-43.2094"
366,366-CAMPO GRANDE X TIRADENTES,Fetranspor,104,17385769,"-22.9064","-43.2094"
366,366-CAMPO GRANDE X TIRADENTES,Fetranspor,105,17385769,"-22.9058","-43.2095"
366,366-CAMPO GRANDE X TIRADENTES,Fetranspor,106,17385769,"-22.9058","-43.2095"
366,366-CAMPO GRANDE X TIRADENTES,Fetranspor,107,17385769,"-22.905","-43.2095"
366,366-CAMPO GRANDE X TIRADENTES,Fetranspor,108,17385769,"-22.905","-43.2095"
366,366-CAMPO GRANDE X TIRADENTES,Fetranspor,109,17385769,"-22.9029","-43.2097"
366,366-CAMPO GRANDE X TIRADENTES,Fetranspor,110,17385769,"-22.9029","-43.2097"
366,366-CAMPO GRANDE X TIRADENTES,Fetranspor,111,17385769,"-22.9023","-43.2099"
366,366-CAMPO GRANDE X TIRADENTES,Fetranspor,112,17385769,"-22.9023","-43.2099"
366,366-CAMPO GRANDE X TIRADENTES,Fetranspor,113,17385769,"-22.9005","-43.21"
366,366-CAMPO GRANDE X TIRADENTES,Fetranspor,114,17385769,"-22.9002","-43.21"
366,366-CAMPO GRANDE X TIRADENTES,Fetranspor,115,17385769,"-22.8996","-43.2101"
366,366-CAMPO GRANDE X TIRADENTES,Fetranspor,116,17385769,"-22.8994","-43.2101"
366,366-CAMPO GRANDE X TIRADENTES,Fetranspor,117,17385769,"-22.8992","-43.2102"
366,366-CAMPO GRANDE X TIRADENTES,Fetranspor,118,17385769,"-22.8992","-43.2102"
366,366-CAMPO GRANDE X TIRADENTES,Fetranspor,119,17385769,"-22.899","-43.2103"
366,366-CAMPO GRANDE X TIRADENTES,Fetranspor,120,17385769,"-22.8989","-43.2104"
366,366-CAMPO GRANDE X TIRADENTES,Fetranspor,121,17385769,"-22.8986","-43.2108"
366,366-CAMPO GRANDE X TIRADENTES,Fetranspor,122,17385769,"-22.8983","-43.2112"
366,366-CAMPO GRANDE X TIRADENTES,Fetranspor,123,17385769,"-22.8983","-43.2112"
366,366-CAMPO GRANDE X TIRADENTES,Fetranspor,124,17385769,"-22.8978","-43.2118"
366,366-CAMPO GRANDE X TIRADENTES,Fetranspor,125,17385769,"-22.8976","-43.2119"
366,366-CAMPO GRANDE X TIRADENTES,Fetranspor,126,17385769,"-22.8975","-43.212"
366,366-CAMPO GRANDE X TIRADENTES,Fetranspor,127,17385769,"-22.8972","-43.2122"
366,366-CAMPO GRANDE X TIRADENTES,Fetranspor,128,17385769,"-22.8971","-43.2124"
366,366-CAMPO GRANDE X TIRADENTES,Fetranspor,129,17385769,"-22.8968","-43.2126"
366,366-CAMPO GRANDE X TIRADENTES,Fetranspor,130,17385769,"-22.896","-43.2129"
366,366-CAMPO GRANDE X TIRADENTES,Fetranspor,131,17385769,"-22.896","-43.2129"
366,366-CAMPO GRANDE X TIRADENTES,Fetranspor,132,17385769,"-22.894","-43.2139"
366,366-CAMPO GRANDE X TIRADENTES,Fetranspor,133,17385769,"-22.8917","-43.215"
366,366-CAMPO GRANDE X TIRADENTES,Fetranspor,134,17385769,"-22.8899","-43.2158"
366,366-CAMPO GRANDE X TIRADENTES,Fetranspor,135,17385769,"-22.8899","-43.2158"
366,366-CAMPO GRANDE X TIRADENTES,Fetranspor,136,17385769,"-22.8895","-43.2162"
366,366-CAMPO GRANDE X TIRADENTES,Fetranspor,137,17385769,"-22.8894","-43.2163"
366,366-CAMPO GRANDE X TIRADENTES,Fetranspor,138,17385769,"-22.8892","-43.2164"
366,366-CAMPO GRANDE X TIRADENTES,Fetranspor,139,17385769,"-22.8891","-43.2166"
366,366-CAMPO GRANDE X TIRADENTES,Fetranspor,140,17385769,"-22.889","-43.2168"
366,366-CAMPO GRANDE X TIRADENTES,Fetranspor,141,17385769,"-22.889","-43.2169"
366,366-CAMPO GRANDE X TIRADENTES,Fetranspor,142,17385769,"-22.8889","-43.2171"
366,366-CAMPO GRANDE X TIRADENTES,Fetranspor,143,17385769,"-22.8888","-43.2174"
366,366-CAMPO GRANDE X TIRADENTES,Fetranspor,144,17385769,"-22.8888","-43.2175"
366,366-CAMPO GRANDE X TIRADENTES,Fetranspor,145,17385769,"-22.8888","-43.2178"
366,366-CAMPO GRANDE X TIRADENTES,Fetranspor,146,17385769,"-22.8888","-43.218"
366,366-CAMPO GRANDE X TIRADENTES,Fetranspor,147,17385769,"-22.8888","-43.2184"
366,366-CAMPO GRANDE X TIRADENTES,Fetranspor,148,17385769,"-22.8888","-43.2184"
366,366-CAMPO GRANDE X TIRADENTES,Fetranspor,149,17385769,"-22.8888","-43.2185"
366,366-CAMPO GRANDE X TIRADENTES,Fetranspor,150,17385769,"-22.8888","-43.2191"
366,366-CAMPO GRANDE X TIRADENTES,Fetranspor,151,17385769,"-22.8888","-43.2195"
366,366-CAMPO GRANDE X TIRADENTES,Fetranspor,152,17385769,"-22.8888","-43.2198"
366,366-CAMPO GRANDE X TIRADENTES,Fetranspor,153,17385769,"-22.8888","-43.2201"
366,366-CAMPO GRANDE X TIRADENTES,Fetranspor,154,17385769,"-22.8888","-43.2205"
366,366-CAMPO GRANDE X TIRADENTES,Fetranspor,155,17385769,"-22.8888","-43.2205"
366,366-CAMPO GRANDE X TIRADENTES,Fetranspor,156,17385769,"-22.8887","-43.2217"
366,366-CAMPO GRANDE X TIRADENTES,Fetranspor,157,17385769,"-22.8887","-43.2218"
366,366-CAMPO GRANDE X TIRADENTES,Fetranspor,158,17385769,"-22.8887","-43.222"
366,366-CAMPO GRANDE X TIRADENTES,Fetranspor,159,17385769,"-22.8887","-43.2221"
366,366-CAMPO GRANDE X TIRADENTES,Fetranspor,160,17385769,"-22.8887","-43.2221"
366,366-CAMPO GRANDE X TIRADENTES,Fetranspor,161,17385769,"-22.8887","-43.2221"
366,366-CAMPO GRANDE X TIRADENTES,Fetranspor,162,17385769,"-22.8885","-43.2225"
366,366-CAMPO GRANDE X TIRADENTES,Fetranspor,163,17385769,"-22.8884","-43.2227"
366,366-CAMPO GRANDE X TIRADENTES,Fetranspor,164,17385769,"-22.8884","-43.2228"
366,366-CAMPO GRANDE X TIRADENTES,Fetranspor,165,17385769,"-22.8882","-43.223"
366,366-CAMPO GRANDE X TIRADENTES,Fetranspor,166,17385769,"-22.8875","-43.2237"
366,366-CAMPO GRANDE X TIRADENTES,Fetranspor,167,17385769,"-22.8875","-43.2237"
366,366-CAMPO GRANDE X TIRADENTES,Fetranspor,168,17385769,"-22.8868","-43.2245"
366,366-CAMPO GRANDE X TIRADENTES,Fetranspor,169,17385769,"-22.8868","-43.2245"
366,366-CAMPO GRANDE X TIRADENTES,Fetranspor,170,17385769,"-22.8858","-43.2254"
366,366-CAMPO GRANDE X TIRADENTES,Fetranspor,171,17385769,"-22.8855","-43.2257"
366,366-CAMPO GRANDE X TIRADENTES,Fetranspor,172,17385769,"-22.8853","-43.226"
366,366-CAMPO GRANDE X TIRADENTES,Fetranspor,173,17385769,"-22.8852","-43.226"
366,366-CAMPO GRANDE X TIRADENTES,Fetranspor,174,17385769,"-22.8852","-43.226"
366,366-CAMPO GRANDE X TIRADENTES,Fetranspor,175,17385769,"-22.8851","-43.2262"
366,366-CAMPO GRANDE X TIRADENTES,Fetranspor,176,17385769,"-22.885","-43.2264"
366,366-CAMPO GRANDE X TIRADENTES,Fetranspor,177,17385769,"-22.885","-43.2265"
366,366-CAMPO GRANDE X TIRADENTES,Fetranspor,178,17385769,"-22.8849","-43.2267"
366,366-CAMPO GRANDE X TIRADENTES,Fetranspor,179,17385769,"-22.8848","-43.227"
366,366-CAMPO GRANDE X TIRADENTES,Fetranspor,180,17385769,"-22.8848","-43.2272"
366,366-CAMPO GRANDE X TIRADENTES,Fetranspor,181,17385769,"-22.8848","-43.2275"
366,366-CAMPO GRANDE X TIRADENTES,Fetranspor,182,17385769,"-22.8849","-43.2278"
366,366-CAMPO GRANDE X TIRADENTES,Fetranspor,183,17385769,"-22.885","-43.2281"
366,366-CAMPO GRANDE X TIRADENTES,Fetranspor,184,17385769,"-22.8851","-43.2283"
366,366-CAMPO GRANDE X TIRADENTES,Fetranspor,185,17385769,"-22.8852","-43.2285"
366,366-CAMPO GRANDE X TIRADENTES,Fetranspor,186,17385769,"-22.8852","-43.2285"
366,366-CAMPO GRANDE X TIRADENTES,Fetranspor,187,17385769,"-22.8853","-43.2287"
366,366-CAMPO GRANDE X TIRADENTES,Fetranspor,188,17385769,"-22.8865","-43.23"
366,366-CAMPO GRANDE X TIRADENTES,Fetranspor,189,17385769,"-22.8866","-43.2303"
366,366-CAMPO GRANDE X TIRADENTES,Fetranspor,190,17385769,"-22.8867","-43.2305"
366,366-CAMPO GRANDE X TIRADENTES,Fetranspor,191,17385769,"-22.8868","-43.2307"
366,366-CAMPO GRANDE X TIRADENTES,Fetranspor,192,17385769,"-22.8869","-43.2309"
366,366-CAMPO GRANDE X TIRADENTES,Fetranspor,193,17385769,"-22.887","-43.2312"
366,366-CAMPO GRANDE X TIRADENTES,Fetranspor,194,17385769,"-22.887","-43.2315"
366,366-CAMPO GRANDE X TIRADENTES,Fetranspor,195,17385769,"-22.8871","-43.2318"
366,366-CAMPO GRANDE X TIRADENTES,Fetranspor,196,17385769,"-22.8871","-43.232"
366,366-CAMPO GRANDE X TIRADENTES,Fetranspor,197,17385769,"-22.8871","-43.2321"
366,366-CAMPO GRANDE X TIRADENTES,Fetranspor,198,17385769,"-22.887","-43.2324"
366,366-CAMPO GRANDE X TIRADENTES,Fetranspor,199,17385769,"-22.887","-43.2326"
366,366-CAMPO GRANDE X TIRADENTES,Fetranspor,200,17385769,"-22.887","-43.2327"
366,366-CAMPO GRANDE X TIRADENTES,Fetranspor,201,17385769,"-22.8869","-43.233"
366,366-CAMPO GRANDE X TIRADENTES,Fetranspor,202,17385769,"-22.8868","-43.2331"
366,366-CAMPO GRANDE X TIRADENTES,Fetranspor,203,17385769,"-22.8867","-43.2333"
366,366-CAMPO GRANDE X TIRADENTES,Fetranspor,204,17385769,"-22.8866","-43.2335"
366,366-CAMPO GRANDE X TIRADENTES,Fetranspor,205,17385769,"-22.8865","-43.2338"
366,366-CAMPO GRANDE X TIRADENTES,Fetranspor,206,17385769,"-22.8864","-43.234"
366,366-CAMPO GRANDE X TIRADENTES,Fetranspor,207,17385769,"-22.8863","-43.234"
366,366-CAMPO GRANDE X TIRADENTES,Fetranspor,208,17385769,"-22.8861","-43.2342"
366,366-CAMPO GRANDE X TIRADENTES,Fetranspor,209,17385769,"-22.8851","-43.2351"
366,366-CAMPO GRANDE X TIRADENTES,Fetranspor,210,17385769,"-22.8846","-43.2356"
366,366-CAMPO GRANDE X TIRADENTES,Fetranspor,211,17385769,"-22.884","-43.2362"
366,366-CAMPO GRANDE X TIRADENTES,Fetranspor,212,17385769,"-22.8839","-43.2363"
366,366-CAMPO GRANDE X TIRADENTES,Fetranspor,213,17385769,"-22.8836","-43.2366"
366,366-CAMPO GRANDE X TIRADENTES,Fetranspor,214,17385769,"-22.8834","-43.2367"
366,366-CAMPO GRANDE X TIRADENTES,Fetranspor,215,17385769,"-22.8831","-43.237"
366,366-CAMPO GRANDE X TIRADENTES,Fetranspor,216,17385769,"-22.8822","-43.2378"
366,366-CAMPO GRANDE X TIRADENTES,Fetranspor,217,17385769,"-22.8822","-43.2378"
366,366-CAMPO GRANDE X TIRADENTES,Fetranspor,218,17385769,"-22.882","-43.238"
366,366-CAMPO GRANDE X TIRADENTES,Fetranspor,219,17385769,"-22.8818","-43.2382"
366,366-CAMPO GRANDE X TIRADENTES,Fetranspor,220,17385769,"-22.8814","-43.2386"
366,366-CAMPO GRANDE X TIRADENTES,Fetranspor,221,17385769,"-22.8812","-43.2387"
366,366-CAMPO GRANDE X TIRADENTES,Fetranspor,222,17385769,"-22.8796","-43.2398"
366,366-CAMPO GRANDE X TIRADENTES,Fetranspor,223,17385769,"-22.8789","-43.2403"
366,366-CAMPO GRANDE X TIRADENTES,Fetranspor,224,17385769,"-22.8789","-43.2403"
366,366-CAMPO GRANDE X TIRADENTES,Fetranspor,225,17385769,"-22.8767","-43.2418"
366,366-CAMPO GRANDE X TIRADENTES,Fetranspor,226,17385769,"-22.8763","-43.2421"
366,366-CAMPO GRANDE X TIRADENTES,Fetranspor,227,17385769,"-22.8755","-43.2428"
366,366-CAMPO GRANDE X TIRADENTES,Fetranspor,228,17385769,"-22.8748","-43.2432"
366,366-CAMPO GRANDE X TIRADENTES,Fetranspor,229,17385769,"-22.8748","-43.2432"
366,366-CAMPO GRANDE X TIRADENTES,Fetranspor,230,17385769,"-22.8747","-43.2434"
366,366-CAMPO GRANDE X TIRADENTES,Fetranspor,231,17385769,"-22.8747","-43.2434"
366,366-CAMPO GRANDE X TIRADENTES,Fetranspor,232,17385769,"-22.8739","-43.244"
366,366-CAMPO GRANDE X TIRADENTES,Fetranspor,233,17385769,"-22.8713","-43.2459"
366,366-CAMPO GRANDE X TIRADENTES,Fetranspor,234,17385769,"-22.8711","-43.2461"
366,366-CAMPO GRANDE X TIRADENTES,Fetranspor,235,17385769,"-22.8709","-43.2463"
366,366-CAMPO GRANDE X TIRADENTES,Fetranspor,236,17385769,"-22.87","-43.2467"
366,366-CAMPO GRANDE X TIRADENTES,Fetranspor,237,17385769,"-22.8699","-43.2468"
366,366-CAMPO GRANDE X TIRADENTES,Fetranspor,238,17385769,"-22.8692","-43.247"
366,366-CAMPO GRANDE X TIRADENTES,Fetranspor,239,17385769,"-22.869","-43.2471"
366,366-CAMPO GRANDE X TIRADENTES,Fetranspor,240,17385769,"-22.8686","-43.2472"
366,366-CAMPO GRANDE X TIRADENTES,Fetranspor,241,17385769,"-22.8678","-43.2474"
366,366-CAMPO GRANDE X TIRADENTES,Fetranspor,242,17385769,"-22.8668","-43.2475"
366,366-CAMPO GRANDE X TIRADENTES,Fetranspor,243,17385769,"-22.8657","-43.2477"
366,366-CAMPO GRANDE X TIRADENTES,Fetranspor,244,17385769,"-22.865","-43.2478"
366,366-CAMPO GRANDE X TIRADENTES,Fetranspor,245,17385769,"-22.865","-43.2478"
366,366-CAMPO GRANDE X TIRADENTES,Fetranspor,246,17385769,"-22.8647","-43.2478"
366,366-CAMPO GRANDE X TIRADENTES,Fetranspor,247,17385769,"-22.8644","-43.2478"
366,366-CAMPO GRANDE X TIRADENTES,Fetranspor,248,17385769,"-22.8641","-43.2479"
366,366-CAMPO GRANDE X TIRADENTES,Fetranspor,249,17385769,"-22.8638","-43.2479"
366,366-CAMPO GRANDE X TIRADENTES,Fetranspor,250,17385769,"-22.8586","-43.2477"
366,366-CAMPO GRANDE X TIRADENTES,Fetranspor,251,17385769,"-22.8586","-43.2477"
366,366-CAMPO GRANDE X TIRADENTES,Fetranspor,252,17385769,"-22.8561","-43.2476"
366,366-CAMPO GRANDE X TIRADENTES,Fetranspor,253,17385769,"-22.8522","-43.2475"
366,366-CAMPO GRANDE X TIRADENTES,Fetranspor,254,17385769,"-22.8517","-43.2475"
366,366-CAMPO GRANDE X TIRADENTES,Fetranspor,255,17385769,"-22.8513","-43.2474"
366,366-CAMPO GRANDE X TIRADENTES,Fetranspor,256,17385769,"-22.8508","-43.2473"
366,366-CAMPO GRANDE X TIRADENTES,Fetranspor,257,17385769,"-22.8508","-43.2473"
366,366-CAMPO GRANDE X TIRADENTES,Fetranspor,258,17385769,"-22.8507","-43.2473"
366,366-CAMPO GRANDE X TIRADENTES,Fetranspor,259,17385769,"-22.8498","-43.2471"
366,366-CAMPO GRANDE X TIRADENTES,Fetranspor,260,17385769,"-22.8492","-43.2471"
366,366-CAMPO GRANDE X TIRADENTES,Fetranspor,261,17385769,"-22.849","-43.2471"
366,366-CAMPO GRANDE X TIRADENTES,Fetranspor,262,17385769,"-22.8487","-43.2471"
366,366-CAMPO GRANDE X TIRADENTES,Fetranspor,263,17385769,"-22.8485","-43.2471"
366,366-CAMPO GRANDE X TIRADENTES,Fetranspor,264,17385769,"-22.8483","-43.2471"
366,366-CAMPO GRANDE X TIRADENTES,Fetranspor,265,17385769,"-22.8482","-43.2472"
366,366-CAMPO GRANDE X TIRADENTES,Fetranspor,266,17385769,"-22.8477","-43.2473"
366,366-CAMPO GRANDE X TIRADENTES,Fetranspor,267,17385769,"-22.8474","-43.2473"
366,366-CAMPO GRANDE X TIRADENTES,Fetranspor,268,17385769,"-22.847","-43.2475"
366,366-CAMPO GRANDE X TIRADENTES,Fetranspor,269,17385769,"-22.8467","-43.2477"
366,366-CAMPO GRANDE X TIRADENTES,Fetranspor,270,17385769,"-22.8463","-43.2479"
366,366-CAMPO GRANDE X TIRADENTES,Fetranspor,271,17385769,"-22.8461","-43.2481"
366,366-CAMPO GRANDE X TIRADENTES,Fetranspor,272,17385769,"-22.8459","-43.2482"
366,366-CAMPO GRANDE X TIRADENTES,Fetranspor,273,17385769,"-22.8452","-43.2488"
366,366-CAMPO GRANDE X TIRADENTES,Fetranspor,274,17385769,"-22.8452","-43.2488"
366,366-CAMPO GRANDE X TIRADENTES,Fetranspor,275,17385769,"-22.8396","-43.2539"
366,366-CAMPO GRANDE X TIRADENTES,Fetranspor,276,17385769,"-22.8395","-43.254"
366,366-CAMPO GRANDE X TIRADENTES,Fetranspor,277,17385769,"-22.8391","-43.2544"
366,366-CAMPO GRANDE X TIRADENTES,Fetranspor,278,17385769,"-22.8383","-43.2555"
366,366-CAMPO GRANDE X TIRADENTES,Fetranspor,279,17385769,"-22.8382","-43.2556"
366,366-CAMPO GRANDE X TIRADENTES,Fetranspor,280,17385769,"-22.838","-43.256"
366,366-CAMPO GRANDE X TIRADENTES,Fetranspor,281,17385769,"-22.8372","-43.2573"
366,366-CAMPO GRANDE X TIRADENTES,Fetranspor,282,17385769,"-22.8372","-43.2573"
366,366-CAMPO GRANDE X TIRADENTES,Fetranspor,283,17385769,"-22.8355","-43.2606"
366,366-CAMPO GRANDE X TIRADENTES,Fetranspor,284,17385769,"-22.8347","-43.2619"
366,366-CAMPO GRANDE X TIRADENTES,Fetranspor,285,17385769,"-22.8345","-43.2623"
366,366-CAMPO GRANDE X TIRADENTES,Fetranspor,286,17385769,"-22.834","-43.2633"
366,366-CAMPO GRANDE X TIRADENTES,Fetranspor,287,17385769,"-22.8328","-43.2655"
366,366-CAMPO GRANDE X TIRADENTES,Fetranspor,288,17385769,"-22.8318","-43.2675"
366,366-CAMPO GRANDE X TIRADENTES,Fetranspor,289,17385769,"-22.8318","-43.2675"
366,366-CAMPO GRANDE X TIRADENTES,Fetranspor,290,17385769,"-22.831","-43.2689"
366,366-CAMPO GRANDE X TIRADENTES,Fetranspor,291,17385769,"-22.8308","-43.2693"
366,366-CAMPO GRANDE X TIRADENTES,Fetranspor,292,17385769,"-22.8306","-43.2695"
366,366-CAMPO GRANDE X TIRADENTES,Fetranspor,293,17385769,"-22.8303","-43.27"
366,366-CAMPO GRANDE X TIRADENTES,Fetranspor,294,17385769,"-22.8297","-43.2708"
366,366-CAMPO GRANDE X TIRADENTES,Fetranspor,295,17385769,"-22.8268","-43.2745"
366,366-CAMPO GRANDE X TIRADENTES,Fetranspor,296,17385769,"-22.8266","-43.2748"
366,366-CAMPO GRANDE X TIRADENTES,Fetranspor,297,17385769,"-22.8257","-43.2759"
366,366-CAMPO GRANDE X TIRADENTES,Fetranspor,298,17385769,"-22.8257","-43.2759"
366,366-CAMPO GRANDE X TIRADENTES,Fetranspor,299,17385769,"-22.8253","-43.2762"
366,366-CAMPO GRANDE X TIRADENTES,Fetranspor,300,17385769,"-22.8253","-43.2762"
366,366-CAMPO GRANDE X TIRADENTES,Fetranspor,301,17385769,"-22.8248","-43.2769"
366,366-CAMPO GRANDE X TIRADENTES,Fetranspor,302,17385769,"-22.8245","-43.2773"
366,366-CAMPO GRANDE X TIRADENTES,Fetranspor,303,17385769,"-22.8241","-43.2778"
366,366-CAMPO GRANDE X TIRADENTES,Fetranspor,304,17385769,"-22.8237","-43.2783"
366,366-CAMPO GRANDE X TIRADENTES,Fetranspor,305,17385769,"-22.8232","-43.279"
366,366-CAMPO GRANDE X TIRADENTES,Fetranspor,306,17385769,"-22.8226","-43.2798"
366,366-CAMPO GRANDE X TIRADENTES,Fetranspor,307,17385769,"-22.8226","-43.2798"
366,366-CAMPO GRANDE X TIRADENTES,Fetranspor,308,17385769,"-22.8212","-43.2814"
366,366-CAMPO GRANDE X TIRADENTES,Fetranspor,309,17385769,"-22.8212","-43.2814"
366,366-CAMPO GRANDE X TIRADENTES,Fetranspor,310,17385769,"-22.8203","-43.2826"
366,366-CAMPO GRANDE X TIRADENTES,Fetranspor,311,17385769,"-22.8203","-43.2826"
366,366-CAMPO GRANDE X TIRADENTES,Fetranspor,312,17385769,"-22.8195","-43.2836"
366,366-CAMPO GRANDE X TIRADENTES,Fetranspor,313,17385769,"-22.8195","-43.2836"
366,366-CAMPO GRANDE X TIRADENTES,Fetranspor,314,17385769,"-22.8179","-43.2858"
366,366-CAMPO GRANDE X TIRADENTES,Fetranspor,315,17385769,"-22.8179","-43.2858"
366,366-CAMPO GRANDE X TIRADENTES,Fetranspor,316,17385769,"-22.8174","-43.2864"
366,366-CAMPO GRANDE X TIRADENTES,Fetranspor,317,17385769,"-22.817","-43.2868"
366,366-CAMPO GRANDE X TIRADENTES,Fetranspor,318,17385769,"-22.8169","-43.287"
366,366-CAMPO GRANDE X TIRADENTES,Fetranspor,319,17385769,"-22.8169","-43.287"
366,366-CAMPO GRANDE X TIRADENTES,Fetranspor,320,17385769,"-22.8166","-43.2873"
366,366-CAMPO GRANDE X TIRADENTES,Fetranspor,321,17385769,"-22.8163","-43.2878"
366,366-CAMPO GRANDE X TIRADENTES,Fetranspor,322,17385769,"-22.8161","-43.2881"
366,366-CAMPO GRANDE X TIRADENTES,Fetranspor,323,17385769,"-22.8161","-43.2881"
366,366-CAMPO GRANDE X TIRADENTES,Fetranspor,324,17385769,"-22.8158","-43.2886"
366,366-CAMPO GRANDE X TIRADENTES,Fetranspor,325,17385769,"-22.8158","-43.2887"
366,366-CAMPO GRANDE X TIRADENTES,Fetranspor,326,17385769,"-22.8157","-43.2888"
366,366-CAMPO GRANDE X TIRADENTES,Fetranspor,327,17385769,"-22.8156","-43.2891"
366,366-CAMPO GRANDE X TIRADENTES,Fetranspor,328,17385769,"-22.8156","-43.2891"
366,366-CAMPO GRANDE X TIRADENTES,Fetranspor,329,17385769,"-22.8153","-43.2898"
366,366-CAMPO GRANDE X TIRADENTES,Fetranspor,330,17385769,"-22.8151","-43.2907"
366,366-CAMPO GRANDE X TIRADENTES,Fetranspor,331,17385769,"-22.8151","-43.2907"
366,366-CAMPO GRANDE X TIRADENTES,Fetranspor,332,17385769,"-22.815","-43.291"
366,366-CAMPO GRANDE X TIRADENTES,Fetranspor,333,17385769,"-22.8148","-43.2917"
366,366-CAMPO GRANDE X TIRADENTES,Fetranspor,334,17385769,"-22.8148","-43.2917"
366,366-CAMPO GRANDE X TIRADENTES,Fetranspor,335,17385769,"-22.8145","-43.293"
366,366-CAMPO GRANDE X TIRADENTES,Fetranspor,336,17385769,"-22.8145","-43.293"
366,366-CAMPO GRANDE X TIRADENTES,Fetranspor,337,17385769,"-22.8143","-43.2935"
366,366-CAMPO GRANDE X TIRADENTES,Fetranspor,338,17385769,"-22.8143","-43.2937"
366,366-CAMPO GRANDE X TIRADENTES,Fetranspor,339,17385769,"-22.8142","-43.294"
366,366-CAMPO GRANDE X TIRADENTES,Fetranspor,340,17385769,"-22.8142","-43.294"
366,366-CAMPO GRANDE X TIRADENTES,Fetranspor,341,17385769,"-22.8142","-43.2943"
366,366-CAMPO GRANDE X TIRADENTES,Fetranspor,342,17385769,"-22.8141","-43.2946"
366,366-CAMPO GRANDE X TIRADENTES,Fetranspor,343,17385769,"-22.8141","-43.2946"
366,366-CAMPO GRANDE X TIRADENTES,Fetranspor,344,17385769,"-22.8142","-43.2951"
366,366-CAMPO GRANDE X TIRADENTES,Fetranspor,345,17385769,"-22.8142","-43.2951"
366,366-CAMPO GRANDE X TIRADENTES,Fetranspor,346,17385769,"-22.8143","-43.2955"
366,366-CAMPO GRANDE X TIRADENTES,Fetranspor,347,17385769,"-22.8143","-43.2957"
366,366-CAMPO GRANDE X TIRADENTES,Fetranspor,348,17385769,"-22.8143","-43.2961"
366,366-CAMPO GRANDE X TIRADENTES,Fetranspor,349,17385769,"-22.8146","-43.2972"
366,366-CAMPO GRANDE X TIRADENTES,Fetranspor,350,17385769,"-22.8151","-43.2993"
366,366-CAMPO GRANDE X TIRADENTES,Fetranspor,351,17385769,"-22.8151","-43.2993"
366,366-CAMPO GRANDE X TIRADENTES,Fetranspor,352,17385769,"-22.8153","-43.3004"
366,366-CAMPO GRANDE X TIRADENTES,Fetranspor,353,17385769,"-22.8153","-43.3005"
366,366-CAMPO GRANDE X TIRADENTES,Fetranspor,354,17385769,"-22.8155","-43.301"
366,366-CAMPO GRANDE X TIRADENTES,Fetranspor,355,17385769,"-22.8155","-43.301"
366,366-CAMPO GRANDE X TIRADENTES,Fetranspor,356,17385769,"-22.8155","-43.3013"
366,366-CAMPO GRANDE X TIRADENTES,Fetranspor,357,17385769,"-22.816","-43.3034"
366,366-CAMPO GRANDE X TIRADENTES,Fetranspor,358,17385769,"-22.8162","-43.3043"
366,366-CAMPO GRANDE X TIRADENTES,Fetranspor,359,17385769,"-22.8163","-43.3047"
366,366-CAMPO GRANDE X TIRADENTES,Fetranspor,360,17385769,"-22.8164","-43.305"
366,366-CAMPO GRANDE X TIRADENTES,Fetranspor,361,17385769,"-22.8165","-43.3052"
366,366-CAMPO GRANDE X TIRADENTES,Fetranspor,362,17385769,"-22.8166","-43.3055"
366,366-CAMPO GRANDE X TIRADENTES,Fetranspor,363,17385769,"-22.8167","-43.3057"
366,366-CAMPO GRANDE X TIRADENTES,Fetranspor,364,17385769,"-22.8167","-43.3057"
366,366-CAMPO GRANDE X TIRADENTES,Fetranspor,365,17385769,"-22.817","-43.3065"
366,366-CAMPO GRANDE X TIRADENTES,Fetranspor,366,17385769,"-22.8173","-43.307"
366,366-CAMPO GRANDE X TIRADENTES,Fetranspor,367,17385769,"-22.8177","-43.3077"
366,366-CAMPO GRANDE X TIRADENTES,Fetranspor,368,17385769,"-22.8181","-43.3083"
366,366-CAMPO GRANDE X TIRADENTES,Fetranspor,369,17385769,"-22.8182","-43.3085"
366,366-CAMPO GRANDE X TIRADENTES,Fetranspor,370,17385769,"-22.8182","-43.3085"
366,366-CAMPO GRANDE X TIRADENTES,Fetranspor,371,17385769,"-22.8187","-43.3092"
366,366-CAMPO GRANDE X TIRADENTES,Fetranspor,372,17385769,"-22.8189","-43.3097"
366,366-CAMPO GRANDE X TIRADENTES,Fetranspor,373,17385769,"-22.8191","-43.31"
366,366-CAMPO GRANDE X TIRADENTES,Fetranspor,374,17385769,"-22.8192","-43.3102"
366,366-CAMPO GRANDE X TIRADENTES,Fetranspor,375,17385769,"-22.8193","-43.3105"
366,366-CAMPO GRANDE X TIRADENTES,Fetranspor,376,17385769,"-22.8195","-43.3109"
366,366-CAMPO GRANDE X TIRADENTES,Fetranspor,377,17385769,"-22.8196","-43.3113"
366,366-CAMPO GRANDE X TIRADENTES,Fetranspor,378,17385769,"-22.8196","-43.3115"
366,366-CAMPO GRANDE X TIRADENTES,Fetranspor,379,17385769,"-22.8198","-43.3122"
366,366-CAMPO GRANDE X TIRADENTES,Fetranspor,380,17385769,"-22.8198","-43.3126"
366,366-CAMPO GRANDE X TIRADENTES,Fetranspor,381,17385769,"-22.8198","-43.3132"
366,366-CAMPO GRANDE X TIRADENTES,Fetranspor,382,17385769,"-22.8198","-43.3134"
366,366-CAMPO GRANDE X TIRADENTES,Fetranspor,383,17385769,"-22.8198","-43.3134"
366,366-CAMPO GRANDE X TIRADENTES,Fetranspor,384,17385769,"-22.8197","-43.3168"
366,366-CAMPO GRANDE X TIRADENTES,Fetranspor,385,17385769,"-22.8197","-43.3172"
366,366-CAMPO GRANDE X TIRADENTES,Fetranspor,386,17385769,"-22.8198","-43.3175"
366,366-CAMPO GRANDE X TIRADENTES,Fetranspor,387,17385769,"-22.8198","-43.3177"
366,366-CAMPO GRANDE X TIRADENTES,Fetranspor,388,17385769,"-22.8198","-43.3183"
366,366-CAMPO GRANDE X TIRADENTES,Fetranspor,389,17385769,"-22.8199","-43.3187"
366,366-CAMPO GRANDE X TIRADENTES,Fetranspor,390,17385769,"-22.82","-43.3193"
366,366-CAMPO GRANDE X TIRADENTES,Fetranspor,391,17385769,"-22.8201","-43.3198"
366,366-CAMPO GRANDE X TIRADENTES,Fetranspor,392,17385769,"-22.8202","-43.3201"
366,366-CAMPO GRANDE X TIRADENTES,Fetranspor,393,17385769,"-22.8202","-43.3201"
366,366-CAMPO GRANDE X TIRADENTES,Fetranspor,394,17385769,"-22.8202","-43.3202"
366,366-CAMPO GRANDE X TIRADENTES,Fetranspor,395,17385769,"-22.8202","-43.3202"
366,366-CAMPO GRANDE X TIRADENTES,Fetranspor,396,17385769,"-22.8203","-43.3204"
366,366-CAMPO GRANDE X TIRADENTES,Fetranspor,397,17385769,"-22.8203","-43.3204"
366,366-CAMPO GRANDE X TIRADENTES,Fetranspor,398,17385769,"-22.8208","-43.3219"
366,366-CAMPO GRANDE X TIRADENTES,Fetranspor,399,17385769,"-22.8209","-43.3223"
366,366-CAMPO GRANDE X TIRADENTES,Fetranspor,400,17385769,"-22.8213","-43.3235"
366,366-CAMPO GRANDE X TIRADENTES,Fetranspor,401,17385769,"-22.8214","-43.3239"
366,366-CAMPO GRANDE X TIRADENTES,Fetranspor,402,17385769,"-22.8215","-43.3242"
366,366-CAMPO GRANDE X TIRADENTES,Fetranspor,403,17385769,"-22.8215","-43.3242"
366,366-CAMPO GRANDE X TIRADENTES,Fetranspor,404,17385769,"-22.8226","-43.3277"
366,366-CAMPO GRANDE X TIRADENTES,Fetranspor,405,17385769,"-22.8226","-43.3277"
366,366-CAMPO GRANDE X TIRADENTES,Fetranspor,406,17385769,"-22.8243","-43.3329"
366,366-CAMPO GRANDE X TIRADENTES,Fetranspor,407,17385769,"-22.8243","-43.3329"
366,366-CAMPO GRANDE X TIRADENTES,Fetranspor,408,17385769,"-22.8246","-43.3337"
366,366-CAMPO GRANDE X TIRADENTES,Fetranspor,409,17385769,"-22.8248","-43.3342"
366,366-CAMPO GRANDE X TIRADENTES,Fetranspor,410,17385769,"-22.8252","-43.3355"
366,366-CAMPO GRANDE X TIRADENTES,Fetranspor,411,17385769,"-22.8255","-43.3361"
366,366-CAMPO GRANDE X TIRADENTES,Fetranspor,412,17385769,"-22.8256","-43.3366"
366,366-CAMPO GRANDE X TIRADENTES,Fetranspor,413,17385769,"-22.8258","-43.3371"
366,366-CAMPO GRANDE X TIRADENTES,Fetranspor,414,17385769,"-22.8263","-43.3386"
366,366-CAMPO GRANDE X TIRADENTES,Fetranspor,415,17385769,"-22.8272","-43.3407"
366,366-CAMPO GRANDE X TIRADENTES,Fetranspor,416,17385769,"-22.8273","-43.3412"
366,366-CAMPO GRANDE X TIRADENTES,Fetranspor,417,17385769,"-22.8277","-43.3423"
366,366-CAMPO GRANDE X TIRADENTES,Fetranspor,418,17385769,"-22.8278","-43.3425"
366,366-CAMPO GRANDE X TIRADENTES,Fetranspor,419,17385769,"-22.8278","-43.3425"
366,366-CAMPO GRANDE X TIRADENTES,Fetranspor,420,17385769,"-22.8279","-43.3429"
366,366-CAMPO GRANDE X TIRADENTES,Fetranspor,421,17385769,"-22.8281","-43.3431"
366,366-CAMPO GRANDE X TIRADENTES,Fetranspor,422,17385769,"-22.8286","-43.3446"
366,366-CAMPO GRANDE X TIRADENTES,Fetranspor,423,17385769,"-22.8287","-43.3451"
366,366-CAMPO GRANDE X TIRADENTES,Fetranspor,424,17385769,"-22.8288","-43.3452"
366,366-CAMPO GRANDE X TIRADENTES,Fetranspor,425,17385769,"-22.8288","-43.3452"
366,366-CAMPO GRANDE X TIRADENTES,Fetranspor,426,17385769,"-22.8289","-43.3455"
366,366-CAMPO GRANDE X TIRADENTES,Fetranspor,427,17385769,"-22.8289","-43.3457"
366,366-CAMPO GRANDE X TIRADENTES,Fetranspor,428,17385769,"-22.8291","-43.3461"
366,366-CAMPO GRANDE X TIRADENTES,Fetranspor,429,17385769,"-22.8295","-43.3472"
366,366-CAMPO GRANDE X TIRADENTES,Fetranspor,430,17385769,"-22.8301","-43.3486"
366,366-CAMPO GRANDE X TIRADENTES,Fetranspor,431,17385769,"-22.8303","-43.3493"
366,366-CAMPO GRANDE X TIRADENTES,Fetranspor,432,17385769,"-22.8303","-43.3493"
366,366-CAMPO GRANDE X TIRADENTES,Fetranspor,433,17385769,"-22.8308","-43.3505"
366,366-CAMPO GRANDE X TIRADENTES,Fetranspor,434,17385769,"-22.831","-43.3513"
366,366-CAMPO GRANDE X TIRADENTES,Fetranspor,435,17385769,"-22.831","-43.3513"
366,366-CAMPO GRANDE X TIRADENTES,Fetranspor,436,17385769,"-22.8312","-43.3518"
366,366-CAMPO GRANDE X TIRADENTES,Fetranspor,437,17385769,"-22.8317","-43.353"
366,366-CAMPO GRANDE X TIRADENTES,Fetranspor,438,17385769,"-22.8319","-43.3535"
366,366-CAMPO GRANDE X TIRADENTES,Fetranspor,439,17385769,"-22.8319","-43.3535"
366,366-CAMPO GRANDE X TIRADENTES,Fetranspor,440,17385769,"-22.8319","-43.3536"
366,366-CAMPO GRANDE X TIRADENTES,Fetranspor,441,17385769,"-22.8326","-43.3555"
366,366-CAMPO GRANDE X TIRADENTES,Fetranspor,442,17385769,"-22.833","-43.3565"
366,366-CAMPO GRANDE X TIRADENTES,Fetranspor,443,17385769,"-22.833","-43.3565"
366,366-CAMPO GRANDE X TIRADENTES,Fetranspor,444,17385769,"-22.8333","-43.3573"
366,366-CAMPO GRANDE X TIRADENTES,Fetranspor,445,17385769,"-22.8337","-43.3585"
366,366-CAMPO GRANDE X TIRADENTES,Fetranspor,446,17385769,"-22.8339","-43.3588"
366,366-CAMPO GRANDE X TIRADENTES,Fetranspor,447,17385769,"-22.834","-43.3591"
366,366-CAMPO GRANDE X TIRADENTES,Fetranspor,448,17385769,"-22.8344","-43.3601"
366,366-CAMPO GRANDE X TIRADENTES,Fetranspor,449,17385769,"-22.8344","-43.3601"
366,366-CAMPO GRANDE X TIRADENTES,Fetranspor,450,17385769,"-22.8345","-43.3601"
366,366-CAMPO GRANDE X TIRADENTES,Fetranspor,451,17385769,"-22.8349","-43.3609"
366,366-CAMPO GRANDE X TIRADENTES,Fetranspor,452,17385769,"-22.8349","-43.3609"
366,366-CAMPO GRANDE X TIRADENTES,Fetranspor,453,17385769,"-22.835","-43.3611"
366,366-CAMPO GRANDE X TIRADENTES,Fetranspor,454,17385769,"-22.835","-43.3611"
366,366-CAMPO GRANDE X TIRADENTES,Fetranspor,455,17385769,"-22.8351","-43.3613"
366,366-CAMPO GRANDE X TIRADENTES,Fetranspor,456,17385769,"-22.8351","-43.3613"
366,366-CAMPO GRANDE X TIRADENTES,Fetranspor,457,17385769,"-22.8355","-43.3619"
366,366-CAMPO GRANDE X TIRADENTES,Fetranspor,458,17385769,"-22.8355","-43.3619"
366,366-CAMPO GRANDE X TIRADENTES,Fetranspor,459,17385769,"-22.8363","-43.3632"
366,366-CAMPO GRANDE X TIRADENTES,Fetranspor,460,17385769,"-22.8363","-43.3632"
366,366-CAMPO GRANDE X TIRADENTES,Fetranspor,461,17385769,"-22.8364","-43.3633"
366,366-CAMPO GRANDE X TIRADENTES,Fetranspor,462,17385769,"-22.8365","-43.3635"
366,366-CAMPO GRANDE X TIRADENTES,Fetranspor,463,17385769,"-22.8365","-43.3635"
366,366-CAMPO GRANDE X TIRADENTES,Fetranspor,464,17385769,"-22.8368","-43.364"
366,366-CAMPO GRANDE X TIRADENTES,Fetranspor,465,17385769,"-22.8376","-43.3654"
366,366-CAMPO GRANDE X TIRADENTES,Fetranspor,466,17385769,"-22.8376","-43.3654"
366,366-CAMPO GRANDE X TIRADENTES,Fetranspor,467,17385769,"-22.8376","-43.3654"
366,366-CAMPO GRANDE X TIRADENTES,Fetranspor,468,17385769,"-22.8376","-43.3654"
366,366-CAMPO GRANDE X TIRADENTES,Fetranspor,469,17385769,"-22.8378","-43.3657"
366,366-CAMPO GRANDE X TIRADENTES,Fetranspor,470,17385769,"-22.8378","-43.3657"
366,366-CAMPO GRANDE X TIRADENTES,Fetranspor,471,17385769,"-22.838","-43.3659"
366,366-CAMPO GRANDE X TIRADENTES,Fetranspor,472,17385769,"-22.8382","-43.3662"
366,366-CAMPO GRANDE X TIRADENTES,Fetranspor,473,17385769,"-22.8382","-43.3664"
366,366-CAMPO GRANDE X TIRADENTES,Fetranspor,474,17385769,"-22.8382","-43.3664"
366,366-CAMPO GRANDE X TIRADENTES,Fetranspor,475,17385769,"-22.8386","-43.3669"
366,366-CAMPO GRANDE X TIRADENTES,Fetranspor,476,17385769,"-22.8386","-43.3669"
366,366-CAMPO GRANDE X TIRADENTES,Fetranspor,477,17385769,"-22.839","-43.3676"
366,366-CAMPO GRANDE X TIRADENTES,Fetranspor,478,17385769,"-22.8413","-43.3713"
366,366-CAMPO GRANDE X TIRADENTES,Fetranspor,479,17385769,"-22.8419","-43.3724"
366,366-CAMPO GRANDE X TIRADENTES,Fetranspor,480,17385769,"-22.8425","-43.3732"
366,366-CAMPO GRANDE X TIRADENTES,Fetranspor,481,17385769,"-22.8449","-43.3772"
366,366-CAMPO GRANDE X TIRADENTES,Fetranspor,482,17385769,"-22.8455","-43.3782"
366,366-CAMPO GRANDE X TIRADENTES,Fetranspor,483,17385769,"-22.8469","-43.3804"
366,366-CAMPO GRANDE X TIRADENTES,Fetranspor,484,17385769,"-22.8469","-43.3804"
366,366-CAMPO GRANDE X TIRADENTES,Fetranspor,485,17385769,"-22.847","-43.3806"
366,366-CAMPO GRANDE X TIRADENTES,Fetranspor,486,17385769,"-22.8475","-43.3814"
366,366-CAMPO GRANDE X TIRADENTES,Fetranspor,487,17385769,"-22.848","-43.3822"
366,366-CAMPO GRANDE X TIRADENTES,Fetranspor,488,17385769,"-22.8485","-43.3829"
366,366-CAMPO GRANDE X TIRADENTES,Fetranspor,489,17385769,"-22.849","-43.3835"
366,366-CAMPO GRANDE X TIRADENTES,Fetranspor,490,17385769,"-22.849","-43.3835"
366,366-CAMPO GRANDE X TIRADENTES,Fetranspor,491,17385769,"-22.8494","-43.3839"
366,366-CAMPO GRANDE X TIRADENTES,Fetranspor,492,17385769,"-22.8494","-43.3839"
366,366-CAMPO GRANDE X TIRADENTES,Fetranspor,493,17385769,"-22.8505","-43.3852"
366,366-CAMPO GRANDE X TIRADENTES,Fetranspor,494,17385769,"-22.8507","-43.3855"
366,366-CAMPO GRANDE X TIRADENTES,Fetranspor,495,17385769,"-22.851","-43.386"
366,366-CAMPO GRANDE X TIRADENTES,Fetranspor,496,17385769,"-22.8513","-43.3865"
366,366-CAMPO GRANDE X TIRADENTES,Fetranspor,497,17385769,"-22.8514","-43.3867"
366,366-CAMPO GRANDE X TIRADENTES,Fetranspor,498,17385769,"-22.8515","-43.3869"
366,366-CAMPO GRANDE X TIRADENTES,Fetranspor,499,17385769,"-22.8517","-43.3874"
366,366-CAMPO GRANDE X TIRADENTES,Fetranspor,500,17385769,"-22.8518","-43.3878"
366,366-CAMPO GRANDE X TIRADENTES,Fetranspor,501,17385769,"-22.8519","-43.3882"
366,366-CAMPO GRANDE X TIRADENTES,Fetranspor,502,17385769,"-22.8519","-43.3884"
366,366-CAMPO GRANDE X TIRADENTES,Fetranspor,503,17385769,"-22.8522","-43.3898"
366,366-CAMPO GRANDE X TIRADENTES,Fetranspor,504,17385769,"-22.8526","-43.3922"
366,366-CAMPO GRANDE X TIRADENTES,Fetranspor,505,17385769,"-22.8526","-43.3922"
366,366-CAMPO GRANDE X TIRADENTES,Fetranspor,506,17385769,"-22.8526","-43.3923"
366,366-CAMPO GRANDE X TIRADENTES,Fetranspor,507,17385769,"-22.8526","-43.3923"
366,366-CAMPO GRANDE X TIRADENTES,Fetranspor,508,17385769,"-22.8527","-43.3927"
366,366-CAMPO GRANDE X TIRADENTES,Fetranspor,509,17385769,"-22.8528","-43.393"
366,366-CAMPO GRANDE X TIRADENTES,Fetranspor,510,17385769,"-22.8528","-43.393"
366,366-CAMPO GRANDE X TIRADENTES,Fetranspor,511,17385769,"-22.8528","-43.3933"
366,366-CAMPO GRANDE X TIRADENTES,Fetranspor,512,17385769,"-22.8529","-43.3935"
366,366-CAMPO GRANDE X TIRADENTES,Fetranspor,513,17385769,"-22.853","-43.3937"
366,366-CAMPO GRANDE X TIRADENTES,Fetranspor,514,17385769,"-22.8532","-43.3941"
366,366-CAMPO GRANDE X TIRADENTES,Fetranspor,515,17385769,"-22.8534","-43.3946"
366,366-CAMPO GRANDE X TIRADENTES,Fetranspor,516,17385769,"-22.8536","-43.3949"
366,366-CAMPO GRANDE X TIRADENTES,Fetranspor,517,17385769,"-22.8536","-43.3949"
366,366-CAMPO GRANDE X TIRADENTES,Fetranspor,518,17385769,"-22.8559","-43.3995"
366,366-CAMPO GRANDE X TIRADENTES,Fetranspor,519,17385769,"-22.8566","-43.4009"
366,366-CAMPO GRANDE X TIRADENTES,Fetranspor,520,17385769,"-22.8591","-43.4058"
366,366-CAMPO GRANDE X TIRADENTES,Fetranspor,521,17385769,"-22.8591","-43.4058"
366,366-CAMPO GRANDE X TIRADENTES,Fetranspor,522,17385769,"-22.8612","-43.4099"
366,366-CAMPO GRANDE X TIRADENTES,Fetranspor,523,17385769,"-22.8612","-43.4099"
366,366-CAMPO GRANDE X TIRADENTES,Fetranspor,524,17385769,"-22.8616","-43.4107"
366,366-CAMPO GRANDE X TIRADENTES,Fetranspor,525,17385769,"-22.8619","-43.4114"
366,366-CAMPO GRANDE X TIRADENTES,Fetranspor,526,17385769,"-22.8619","-43.4114"
366,366-CAMPO GRANDE X TIRADENTES,Fetranspor,527,17385769,"-22.8625","-43.4128"
366,366-CAMPO GRANDE X TIRADENTES,Fetranspor,528,17385769,"-22.8628","-43.4134"
366,366-CAMPO GRANDE X TIRADENTES,Fetranspor,529,17385769,"-22.8628","-43.4134"
366,366-CAMPO GRANDE X TIRADENTES,Fetranspor,530,17385769,"-22.8632","-43.4145"
366,366-CAMPO GRANDE X TIRADENTES,Fetranspor,531,17385769,"-22.8634","-43.415"
366,366-CAMPO GRANDE X TIRADENTES,Fetranspor,532,17385769,"-22.8637","-43.4161"
366,366-CAMPO GRANDE X TIRADENTES,Fetranspor,533,17385769,"-22.8637","-43.4161"
366,366-CAMPO GRANDE X TIRADENTES,Fetranspor,534,17385769,"-22.8641","-43.4173"
366,366-CAMPO GRANDE X TIRADENTES,Fetranspor,535,17385769,"-22.8641","-43.4173"
366,366-CAMPO GRANDE X TIRADENTES,Fetranspor,536,17385769,"-22.8645","-43.4185"
366,366-CAMPO GRANDE X TIRADENTES,Fetranspor,537,17385769,"-22.8646","-43.419"
366,366-CAMPO GRANDE X TIRADENTES,Fetranspor,538,17385769,"-22.8646","-43.419"
366,366-CAMPO GRANDE X TIRADENTES,Fetranspor,539,17385769,"-22.8649","-43.4202"
366,366-CAMPO GRANDE X TIRADENTES,Fetranspor,540,17385769,"-22.865","-43.4207"
366,366-CAMPO GRANDE X TIRADENTES,Fetranspor,541,17385769,"-22.8651","-43.4215"
366,366-CAMPO GRANDE X TIRADENTES,Fetranspor,542,17385769,"-22.8653","-43.4222"
366,366-CAMPO GRANDE X TIRADENTES,Fetranspor,543,17385769,"-22.8654","-43.4225"
366,366-CAMPO GRANDE X TIRADENTES,Fetranspor,544,17385769,"-22.8654","-43.4225"
366,366-CAMPO GRANDE X TIRADENTES,Fetranspor,545,17385769,"-22.8655","-43.4228"
366,366-CAMPO GRANDE X TIRADENTES,Fetranspor,546,17385769,"-22.8655","-43.4232"
366,366-CAMPO GRANDE X TIRADENTES,Fetranspor,547,17385769,"-22.8655","-43.4237"
366,366-CAMPO GRANDE X TIRADENTES,Fetranspor,548,17385769,"-22.8656","-43.4243"
366,366-CAMPO GRANDE X TIRADENTES,Fetranspor,549,17385769,"-22.8655","-43.4248"
366,366-CAMPO GRANDE X TIRADENTES,Fetranspor,550,17385769,"-22.8655","-43.425"
366,366-CAMPO GRANDE X TIRADENTES,Fetranspor,551,17385769,"-22.8655","-43.425"
366,366-CAMPO GRANDE X TIRADENTES,Fetranspor,552,17385769,"-22.8655","-43.4252"
366,366-CAMPO GRANDE X TIRADENTES,Fetranspor,553,17385769,"-22.8655","-43.4255"
366,366-CAMPO GRANDE X TIRADENTES,Fetranspor,554,17385769,"-22.8654","-43.4257"
366,366-CAMPO GRANDE X TIRADENTES,Fetranspor,555,17385769,"-22.8654","-43.4258"
366,366-CAMPO GRANDE X TIRADENTES,Fetranspor,556,17385769,"-22.8654","-43.4258"
366,366-CAMPO GRANDE X TIRADENTES,Fetranspor,557,17385769,"-22.8653","-43.4259"
366,366-CAMPO GRANDE X TIRADENTES,Fetranspor,558,17385769,"-22.8652","-43.426"
366,366-CAMPO GRANDE X TIRADENTES,Fetranspor,559,17385769,"-22.8652","-43.426"
366,366-CAMPO GRANDE X TIRADENTES,Fetranspor,560,17385769,"-22.8652","-43.426"
366,366-CAMPO GRANDE X TIRADENTES,Fetranspor,561,17385769,"-22.8652","-43.4261"
366,366-CAMPO GRANDE X TIRADENTES,Fetranspor,562,17385769,"-22.8652","-43.4261"
366,366-CAMPO GRANDE X TIRADENTES,Fetranspor,563,17385769,"-22.8652","-43.4262"
366,366-CAMPO GRANDE X TIRADENTES,Fetranspor,564,17385769,"-22.8652","-43.4263"
366,366-CAMPO GRANDE X TIRADENTES,Fetranspor,565,17385769,"-22.8652","-43.4264"
366,366-CAMPO GRANDE X TIRADENTES,Fetranspor,566,17385769,"-22.8652","-43.4264"
366,366-CAMPO GRANDE X TIRADENTES,Fetranspor,567,17385769,"-22.8652","-43.4267"
366,366-CAMPO GRANDE X TIRADENTES,Fetranspor,568,17385769,"-22.8651","-43.4272"
366,366-CAMPO GRANDE X TIRADENTES,Fetranspor,569,17385769,"-22.865","-43.4276"
366,366-CAMPO GRANDE X TIRADENTES,Fetranspor,570,17385769,"-22.8649","-43.4288"
366,366-CAMPO GRANDE X TIRADENTES,Fetranspor,571,17385769,"-22.8649","-43.4288"
366,366-CAMPO GRANDE X TIRADENTES,Fetranspor,572,17385769,"-22.8648","-43.4293"
366,366-CAMPO GRANDE X TIRADENTES,Fetranspor,573,17385769,"-22.8648","-43.4296"
366,366-CAMPO GRANDE X TIRADENTES,Fetranspor,574,17385769,"-22.8648","-43.4296"
366,366-CAMPO GRANDE X TIRADENTES,Fetranspor,575,17385769,"-22.8644","-43.432"
366,366-CAMPO GRANDE X TIRADENTES,Fetranspor,576,17385769,"-22.8644","-43.432"
366,366-CAMPO GRANDE X TIRADENTES,Fetranspor,577,17385769,"-22.864","-43.4342"
366,366-CAMPO GRANDE X TIRADENTES,Fetranspor,578,17385769,"-22.864","-43.4342"
366,366-CAMPO GRANDE X TIRADENTES,Fetranspor,579,17385769,"-22.8638","-43.4351"
366,366-CAMPO GRANDE X TIRADENTES,Fetranspor,580,17385769,"-22.8638","-43.4351"
366,366-CAMPO GRANDE X TIRADENTES,Fetranspor,581,17385769,"-22.8632","-43.4385"
366,366-CAMPO GRANDE X TIRADENTES,Fetranspor,582,17385769,"-22.8632","-43.4385"
366,366-CAMPO GRANDE X TIRADENTES,Fetranspor,583,17385769,"-22.8631","-43.4389"
366,366-CAMPO GRANDE X TIRADENTES,Fetranspor,584,17385769,"-22.8631","-43.4389"
366,366-CAMPO GRANDE X TIRADENTES,Fetranspor,585,17385769,"-22.8631","-43.4393"
366,366-CAMPO GRANDE X TIRADENTES,Fetranspor,586,17385769,"-22.8631","-43.4393"
366,366-CAMPO GRANDE X TIRADENTES,Fetranspor,587,17385769,"-22.8629","-43.4401"
366,366-CAMPO GRANDE X TIRADENTES,Fetranspor,588,17385769,"-22.8629","-43.4403"
366,366-CAMPO GRANDE X TIRADENTES,Fetranspor,589,17385769,"-22.8629","-43.4403"
366,366-CAMPO GRANDE X TIRADENTES,Fetranspor,590,17385769,"-22.8628","-43.4406"
366,366-CAMPO GRANDE X TIRADENTES,Fetranspor,591,17385769,"-22.8627","-43.4414"
366,366-CAMPO GRANDE X TIRADENTES,Fetranspor,592,17385769,"-22.8627","-43.4414"
366,366-CAMPO GRANDE X TIRADENTES,Fetranspor,593,17385769,"-22.8626","-43.4418"
366,366-CAMPO GRANDE X TIRADENTES,Fetranspor,594,17385769,"-22.8625","-43.4425"
366,366-CAMPO GRANDE X TIRADENTES,Fetranspor,595,17385769,"-22.8621","-43.4444"
366,366-CAMPO GRANDE X TIRADENTES,Fetranspor,596,17385769,"-22.8619","-43.4455"
366,366-CAMPO GRANDE X TIRADENTES,Fetranspor,597,17385769,"-22.8619","-43.4455"
366,366-CAMPO GRANDE X TIRADENTES,Fetranspor,598,17385769,"-22.8618","-43.4462"
366,366-CAMPO GRANDE X TIRADENTES,Fetranspor,599,17385769,"-22.8618","-43.4462"
366,366-CAMPO GRANDE X TIRADENTES,Fetranspor,600,17385769,"-22.8613","-43.4491"
366,366-CAMPO GRANDE X TIRADENTES,Fetranspor,601,17385769,"-22.8613","-43.4491"
366,366-CAMPO GRANDE X TIRADENTES,Fetranspor,602,17385769,"-22.8609","-43.4515"
366,366-CAMPO GRANDE X TIRADENTES,Fetranspor,603,17385769,"-22.8609","-43.4515"
366,366-CAMPO GRANDE X TIRADENTES,Fetranspor,604,17385769,"-22.8607","-43.4526"
366,366-CAMPO GRANDE X TIRADENTES,Fetranspor,605,17385769,"-22.8607","-43.4526"
366,366-CAMPO GRANDE X TIRADENTES,Fetranspor,606,17385769,"-22.8604","-43.4541"
366,366-CAMPO GRANDE X TIRADENTES,Fetranspor,607,17385769,"-22.8604","-43.4541"
366,366-CAMPO GRANDE X TIRADENTES,Fetranspor,608,17385769,"-22.8601","-43.4557"
366,366-CAMPO GRANDE X TIRADENTES,Fetranspor,609,17385769,"-22.86","-43.4561"
366,366-CAMPO GRANDE X TIRADENTES,Fetranspor,610,17385769,"-22.86","-43.4561"
366,366-CAMPO GRANDE X TIRADENTES,Fetranspor,611,17385769,"-22.8597","-43.458"
366,366-CAMPO GRANDE X TIRADENTES,Fetranspor,612,17385769,"-22.8597","-43.458"
366,366-CAMPO GRANDE X TIRADENTES,Fetranspor,613,17385769,"-22.8596","-43.4581"
366,366-CAMPO GRANDE X TIRADENTES,Fetranspor,614,17385769,"-22.8596","-43.4581"
366,366-CAMPO GRANDE X TIRADENTES,Fetranspor,615,17385769,"-22.8596","-43.4586"
366,366-CAMPO GRANDE X TIRADENTES,Fetranspor,616,17385769,"-22.8596","-43.4586"
366,366-CAMPO GRANDE X TIRADENTES,Fetranspor,617,17385769,"-22.8594","-43.4595"
366,366-CAMPO GRANDE X TIRADENTES,Fetranspor,618,17385769,"-22.8594","-43.4595"
366,366-CAMPO GRANDE X TIRADENTES,Fetranspor,619,17385769,"-22.8592","-43.4604"
366,366-CAMPO GRANDE X TIRADENTES,Fetranspor,620,17385769,"-22.859","-43.4615"
366,366-CAMPO GRANDE X TIRADENTES,Fetranspor,621,17385769,"-22.859","-43.4615"
366,366-CAMPO GRANDE X TIRADENTES,Fetranspor,622,17385769,"-22.8589","-43.4621"
366,366-CAMPO GRANDE X TIRADENTES,Fetranspor,623,17385769,"-22.8587","-43.4633"
366,366-CAMPO GRANDE X TIRADENTES,Fetranspor,624,17385769,"-22.8586","-43.464"
366,366-CAMPO GRANDE X TIRADENTES,Fetranspor,625,17385769,"-22.8585","-43.4646"
366,366-CAMPO GRANDE X TIRADENTES,Fetranspor,626,17385769,"-22.8585","-43.4646"
366,366-CAMPO GRANDE X TIRADENTES,Fetranspor,627,17385769,"-22.8584","-43.465"
366,366-CAMPO GRANDE X TIRADENTES,Fetranspor,628,17385769,"-22.8584","-43.465"
366,366-CAMPO GRANDE X TIRADENTES,Fetranspor,629,17385769,"-22.8583","-43.4653"
366,366-CAMPO GRANDE X TIRADENTES,Fetranspor,630,17385769,"-22.8583","-43.4653"
366,366-CAMPO GRANDE X TIRADENTES,Fetranspor,631,17385769,"-22.8582","-43.4657"
366,366-CAMPO GRANDE X TIRADENTES,Fetranspor,632,17385769,"-22.8582","-43.4657"
366,366-CAMPO GRANDE X TIRADENTES,Fetranspor,633,17385769,"-22.8582","-43.4662"
366,366-CAMPO GRANDE X TIRADENTES,Fetranspor,634,17385769,"-22.8582","-43.4662"
366,366-CAMPO GRANDE X TIRADENTES,Fetranspor,635,17385769,"-22.8579","-43.4678"
366,366-CAMPO GRANDE X TIRADENTES,Fetranspor,636,17385769,"-22.8576","-43.4693"
366,366-CAMPO GRANDE X TIRADENTES,Fetranspor,637,17385769,"-22.8576","-43.4693"
366,366-CAMPO GRANDE X TIRADENTES,Fetranspor,638,17385769,"-22.8576","-43.4695"
366,366-CAMPO GRANDE X TIRADENTES,Fetranspor,639,17385769,"-22.8576","-43.4695"
366,366-CAMPO GRANDE X TIRADENTES,Fetranspor,640,17385769,"-22.8569","-43.4733"
366,366-CAMPO GRANDE X TIRADENTES,Fetranspor,641,17385769,"-22.8569","-43.4733"
366,366-CAMPO GRANDE X TIRADENTES,Fetranspor,642,17385769,"-22.8568","-43.4735"
366,366-CAMPO GRANDE X TIRADENTES,Fetranspor,643,17385769,"-22.8567","-43.4741"
366,366-CAMPO GRANDE X TIRADENTES,Fetranspor,644,17385769,"-22.8566","-43.4746"
366,366-CAMPO GRANDE X TIRADENTES,Fetranspor,645,17385769,"-22.8566","-43.4746"
366,366-CAMPO GRANDE X TIRADENTES,Fetranspor,646,17385769,"-22.8563","-43.4764"
366,366-CAMPO GRANDE X TIRADENTES,Fetranspor,647,17385769,"-22.8563","-43.4764"
366,366-CAMPO GRANDE X TIRADENTES,Fetranspor,648,17385769,"-22.8558","-43.4794"
366,366-CAMPO GRANDE X TIRADENTES,Fetranspor,649,17385769,"-22.8558","-43.4794"
366,366-CAMPO GRANDE X TIRADENTES,Fetranspor,650,17385769,"-22.8556","-43.4805"
366,366-CAMPO GRANDE X TIRADENTES,Fetranspor,651,17385769,"-22.8556","-43.4805"
366,366-CAMPO GRANDE X TIRADENTES,Fetranspor,652,17385769,"-22.8555","-43.4808"
366,366-CAMPO GRANDE X TIRADENTES,Fetranspor,653,17385769,"-22.8555","-43.4808"
366,366-CAMPO GRANDE X TIRADENTES,Fetranspor,654,17385769,"-22.8554","-43.4812"
366,366-CAMPO GRANDE X TIRADENTES,Fetranspor,655,17385769,"-22.8554","-43.4812"
366,366-CAMPO GRANDE X TIRADENTES,Fetranspor,656,17385769,"-22.8554","-43.4815"
366,366-CAMPO GRANDE X TIRADENTES,Fetranspor,657,17385769,"-22.8554","-43.4815"
366,366-CAMPO GRANDE X TIRADENTES,Fetranspor,658,17385769,"-22.8552","-43.4824"
366,366-CAMPO GRANDE X TIRADENTES,Fetranspor,659,17385769,"-22.8552","-43.4824"
366,366-CAMPO GRANDE X TIRADENTES,Fetranspor,660,17385769,"-22.8551","-43.4832"
366,366-CAMPO GRANDE X TIRADENTES,Fetranspor,661,17385769,"-22.8551","-43.4832"
366,366-CAMPO GRANDE X TIRADENTES,Fetranspor,662,17385769,"-22.8551","-43.4834"
366,366-CAMPO GRANDE X TIRADENTES,Fetranspor,663,17385769,"-22.8549","-43.4845"
366,366-CAMPO GRANDE X TIRADENTES,Fetranspor,664,17385769,"-22.8549","-43.4851"
366,366-CAMPO GRANDE X TIRADENTES,Fetranspor,665,17385769,"-22.8549","-43.4854"
366,366-CAMPO GRANDE X TIRADENTES,Fetranspor,666,17385769,"-22.8549","-43.4854"
366,366-CAMPO GRANDE X TIRADENTES,Fetranspor,667,17385769,"-22.8548","-43.4862"
366,366-CAMPO GRANDE X TIRADENTES,Fetranspor,668,17385769,"-22.8548","-43.4869"
366,366-CAMPO GRANDE X TIRADENTES,Fetranspor,669,17385769,"-22.8548","-43.4878"
366,366-CAMPO GRANDE X TIRADENTES,Fetranspor,670,17385769,"-22.8549","-43.4884"
366,366-CAMPO GRANDE X TIRADENTES,Fetranspor,671,17385769,"-22.8549","-43.489"
366,366-CAMPO GRANDE X TIRADENTES,Fetranspor,672,17385769,"-22.8549","-43.489"
366,366-CAMPO GRANDE X TIRADENTES,Fetranspor,673,17385769,"-22.855","-43.4899"
366,366-CAMPO GRANDE X TIRADENTES,Fetranspor,674,17385769,"-22.855","-43.4899"
366,366-CAMPO GRANDE X TIRADENTES,Fetranspor,675,17385769,"-22.8552","-43.4909"
366,366-CAMPO GRANDE X TIRADENTES,Fetranspor,676,17385769,"-22.8553","-43.4916"
366,366-CAMPO GRANDE X TIRADENTES,Fetranspor,677,17385769,"-22.8555","-43.4924"
366,366-CAMPO GRANDE X TIRADENTES,Fetranspor,678,17385769,"-22.8555","-43.4924"
366,366-CAMPO GRANDE X TIRADENTES,Fetranspor,679,17385769,"-22.8557","-43.4931"
366,366-CAMPO GRANDE X TIRADENTES,Fetranspor,680,17385769,"-22.8557","-43.4931"
366,366-CAMPO GRANDE X TIRADENTES,Fetranspor,681,17385769,"-22.8559","-43.4938"
366,366-CAMPO GRANDE X TIRADENTES,Fetranspor,682,17385769,"-22.8563","-43.4951"
366,366-CAMPO GRANDE X TIRADENTES,Fetranspor,683,17385769,"-22.8564","-43.4954"
366,366-CAMPO GRANDE X TIRADENTES,Fetranspor,684,17385769,"-22.8564","-43.4954"
366,366-CAMPO GRANDE X TIRADENTES,Fetranspor,685,17385769,"-22.8566","-43.496"
366,366-CAMPO GRANDE X TIRADENTES,Fetranspor,686,17385769,"-22.8566","-43.496"
366,366-CAMPO GRANDE X TIRADENTES,Fetranspor,687,17385769,"-22.8567","-43.4965"
366,366-CAMPO GRANDE X TIRADENTES,Fetranspor,688,17385769,"-22.8567","-43.4965"
366,366-CAMPO GRANDE X TIRADENTES,Fetranspor,689,17385769,"-22.8568","-43.4967"
366,366-CAMPO GRANDE X TIRADENTES,Fetranspor,690,17385769,"-22.8568","-43.4967"
366,366-CAMPO GRANDE X TIRADENTES,Fetranspor,691,17385769,"-22.8582","-43.5011"
366,366-CAMPO GRANDE X TIRADENTES,Fetranspor,692,17385769,"-22.8582","-43.5011"
366,366-CAMPO GRANDE X TIRADENTES,Fetranspor,693,17385769,"-22.8587","-43.5025"
366,366-CAMPO GRANDE X TIRADENTES,Fetranspor,694,17385769,"-22.8587","-43.5025"
366,366-CAMPO GRANDE X TIRADENTES,Fetranspor,695,17385769,"-22.8589","-43.5034"
366,366-CAMPO GRANDE X TIRADENTES,Fetranspor,696,17385769,"-22.8589","-43.5034"
366,366-CAMPO GRANDE X TIRADENTES,Fetranspor,697,17385769,"-22.8593","-43.5046"
366,366-CAMPO GRANDE X TIRADENTES,Fetranspor,698,17385769,"-22.8595","-43.5051"
366,366-CAMPO GRANDE X TIRADENTES,Fetranspor,699,17385769,"-22.8596","-43.5056"
366,366-CAMPO GRANDE X TIRADENTES,Fetranspor,700,17385769,"-22.8601","-43.507"
366,366-CAMPO GRANDE X TIRADENTES,Fetranspor,701,17385769,"-22.8602","-43.5073"
366,366-CAMPO GRANDE X TIRADENTES,Fetranspor,702,17385769,"-22.8602","-43.5073"
366,366-CAMPO GRANDE X TIRADENTES,Fetranspor,703,17385769,"-22.8602","-43.5074"
366,366-CAMPO GRANDE X TIRADENTES,Fetranspor,704,17385769,"-22.8602","-43.5074"
366,366-CAMPO GRANDE X TIRADENTES,Fetranspor,705,17385769,"-22.8602","-43.5075"
366,366-CAMPO GRANDE X TIRADENTES,Fetranspor,706,17385769,"-22.8602","-43.5075"
366,366-CAMPO GRANDE X TIRADENTES,Fetranspor,707,17385769,"-22.8603","-43.5082"
366,366-CAMPO GRANDE X TIRADENTES,Fetranspor,708,17385769,"-22.8603","-43.5082"
366,366-CAMPO GRANDE X TIRADENTES,Fetranspor,709,17385769,"-22.8603","-43.5084"
366,366-CAMPO GRANDE X TIRADENTES,Fetranspor,710,17385769,"-22.8603","-43.5084"
366,366-CAMPO GRANDE X TIRADENTES,Fetranspor,711,17385769,"-22.8604","-43.5085"
366,366-CAMPO GRANDE X TIRADENTES,Fetranspor,712,17385769,"-22.8604","-43.5085"
366,366-CAMPO GRANDE X TIRADENTES,Fetranspor,713,17385769,"-22.8604","-43.5088"
366,366-CAMPO GRANDE X TIRADENTES,Fetranspor,714,17385769,"-22.8605","-43.5094"
366,366-CAMPO GRANDE X TIRADENTES,Fetranspor,715,17385769,"-22.8605","-43.5099"
366,366-CAMPO GRANDE X TIRADENTES,Fetranspor,716,17385769,"-22.8606","-43.5104"
366,366-CAMPO GRANDE X TIRADENTES,Fetranspor,717,17385769,"-22.8606","-43.5109"
366,366-CAMPO GRANDE X TIRADENTES,Fetranspor,718,17385769,"-22.8606","-43.5114"
366,366-CAMPO GRANDE X TIRADENTES,Fetranspor,719,17385769,"-22.8606","-43.5119"
366,366-CAMPO GRANDE X TIRADENTES,Fetranspor,720,17385769,"-22.8605","-43.5123"
366,366-CAMPO GRANDE X TIRADENTES,Fetranspor,721,17385769,"-22.8605","-43.5123"
366,366-CAMPO GRANDE X TIRADENTES,Fetranspor,722,17385769,"-22.8605","-43.5131"
366,366-CAMPO GRANDE X TIRADENTES,Fetranspor,723,17385769,"-22.8605","-43.5131"
366,366-CAMPO GRANDE X TIRADENTES,Fetranspor,724,17385769,"-22.8605","-43.5139"
366,366-CAMPO GRANDE X TIRADENTES,Fetranspor,725,17385769,"-22.8605","-43.5139"
366,366-CAMPO GRANDE X TIRADENTES,Fetranspor,726,17385769,"-22.8604","-43.5146"
366,366-CAMPO GRANDE X TIRADENTES,Fetranspor,727,17385769,"-22.8604","-43.5146"
366,366-CAMPO GRANDE X TIRADENTES,Fetranspor,728,17385769,"-22.8604","-43.5154"
366,366-CAMPO GRANDE X TIRADENTES,Fetranspor,729,17385769,"-22.8604","-43.5154"
366,366-CAMPO GRANDE X TIRADENTES,Fetranspor,730,17385769,"-22.8603","-43.5172"
366,366-CAMPO GRANDE X TIRADENTES,Fetranspor,731,17385769,"-22.8603","-43.5172"
366,366-CAMPO GRANDE X TIRADENTES,Fetranspor,732,17385769,"-22.8603","-43.5174"
366,366-CAMPO GRANDE X TIRADENTES,Fetranspor,733,17385769,"-22.8603","-43.5174"
366,366-CAMPO GRANDE X TIRADENTES,Fetranspor,734,17385769,"-22.8602","-43.519"
366,366-CAMPO GRANDE X TIRADENTES,Fetranspor,735,17385769,"-22.8602","-43.5195"
366,366-CAMPO GRANDE X TIRADENTES,Fetranspor,736,17385769,"-22.8602","-43.5195"
366,366-CAMPO GRANDE X TIRADENTES,Fetranspor,737,17385769,"-22.8602","-43.52"
366,366-CAMPO GRANDE X TIRADENTES,Fetranspor,738,17385769,"-22.8602","-43.5207"
366,366-CAMPO GRANDE X TIRADENTES,Fetranspor,739,17385769,"-22.8602","-43.5207"
366,366-CAMPO GRANDE X TIRADENTES,Fetranspor,740,17385769,"-22.8603","-43.5219"
366,366-CAMPO GRANDE X TIRADENTES,Fetranspor,741,17385769,"-22.8603","-43.5219"
366,366-CAMPO GRANDE X TIRADENTES,Fetranspor,742,17385769,"-22.8603","-43.5222"
366,366-CAMPO GRANDE X TIRADENTES,Fetranspor,743,17385769,"-22.8603","-43.5222"
366,366-CAMPO GRANDE X TIRADENTES,Fetranspor,744,17385769,"-22.8603","-43.5237"
366,366-CAMPO GRANDE X TIRADENTES,Fetranspor,745,17385769,"-22.8605","-43.5267"
366,366-CAMPO GRANDE X TIRADENTES,Fetranspor,746,17385769,"-22.8605","-43.5267"
366,366-CAMPO GRANDE X TIRADENTES,Fetranspor,747,17385769,"-22.8606","-43.5283"
366,366-CAMPO GRANDE X TIRADENTES,Fetranspor,748,17385769,"-22.8606","-43.5283"
366,366-CAMPO GRANDE X TIRADENTES,Fetranspor,749,17385769,"-22.8606","-43.5288"
366,366-CAMPO GRANDE X TIRADENTES,Fetranspor,750,17385769,"-22.8606","-43.5288"
366,366-CAMPO GRANDE X TIRADENTES,Fetranspor,751,17385769,"-22.8606","-43.5293"
366,366-CAMPO GRANDE X TIRADENTES,Fetranspor,752,17385769,"-22.8606","-43.5293"
366,366-CAMPO GRANDE X TIRADENTES,Fetranspor,753,17385769,"-22.8607","-43.5305"
366,366-CAMPO GRANDE X TIRADENTES,Fetranspor,754,17385769,"-22.8607","-43.5305"
366,366-CAMPO GRANDE X TIRADENTES,Fetranspor,755,17385769,"-22.8608","-43.5323"
366,366-CAMPO GRANDE X TIRADENTES,Fetranspor,756,17385769,"-22.8608","-43.5323"
366,366-CAMPO GRANDE X TIRADENTES,Fetranspor,757,17385769,"-22.8609","-43.5337"
366,366-CAMPO GRANDE X TIRADENTES,Fetranspor,758,17385769,"-22.8609","-43.5337"
366,366-CAMPO GRANDE X TIRADENTES,Fetranspor,759,17385769,"-22.8609","-43.5347"
366,366-CAMPO GRANDE X TIRADENTES,Fetranspor,760,17385769,"-22.8609","-43.5347"
366,366-CAMPO GRANDE X TIRADENTES,Fetranspor,761,17385769,"-22.861","-43.5364"
366,366-CAMPO GRANDE X TIRADENTES,Fetranspor,762,17385769,"-22.8611","-43.538"
366,366-CAMPO GRANDE X TIRADENTES,Fetranspor,763,17385769,"-22.8611","-43.538"
366,366-CAMPO GRANDE X TIRADENTES,Fetranspor,764,17385769,"-22.8611","-43.5381"
366,366-CAMPO GRANDE X TIRADENTES,Fetranspor,765,17385769,"-22.8611","-43.5387"
366,366-CAMPO GRANDE X TIRADENTES,Fetranspor,766,17385769,"-22.8611","-43.5387"
366,366-CAMPO GRANDE X TIRADENTES,Fetranspor,767,17385769,"-22.861","-43.5395"
366,366-CAMPO GRANDE X TIRADENTES,Fetranspor,768,17385769,"-22.861","-43.5399"
366,366-CAMPO GRANDE X TIRADENTES,Fetranspor,769,17385769,"-22.861","-43.54"
366,366-CAMPO GRANDE X TIRADENTES,Fetranspor,770,17385769,"-22.861","-43.54"
366,366-CAMPO GRANDE X TIRADENTES,Fetranspor,771,17385769,"-22.861","-43.5402"
366,366-CAMPO GRANDE X TIRADENTES,Fetranspor,772,17385769,"-22.8609","-43.541"
366,366-CAMPO GRANDE X TIRADENTES,Fetranspor,773,17385769,"-22.861","-43.5412"
366,366-CAMPO GRANDE X TIRADENTES,Fetranspor,774,17385769,"-22.861","-43.5412"
366,366-CAMPO GRANDE X TIRADENTES,Fetranspor,775,17385769,"-22.8612","-43.5412"
366,366-CAMPO GRANDE X TIRADENTES,Fetranspor,776,17385769,"-22.8612","-43.5412"
366,366-CAMPO GRANDE X TIRADENTES,Fetranspor,777,17385769,"-22.8614","-43.5412"
366,366-CAMPO GRANDE X TIRADENTES,Fetranspor,778,17385769,"-22.8614","-43.5412"
366,366-CAMPO GRANDE X TIRADENTES,Fetranspor,779,17385769,"-22.8615","-43.5412"
366,366-CAMPO GRANDE X TIRADENTES,Fetranspor,780,17385769,"-22.8615","-43.5412"
366,366-CAMPO GRANDE X TIRADENTES,Fetranspor,781,17385769,"-22.8616","-43.5412"
366,366-CAMPO GRANDE X TIRADENTES,Fetranspor,782,17385769,"-22.8618","-43.5412"
366,366-CAMPO GRANDE X TIRADENTES,Fetranspor,783,17385769,"-22.8619","-43.5413"
366,366-CAMPO GRANDE X TIRADENTES,Fetranspor,784,17385769,"-22.8619","-43.5413"
366,366-CAMPO GRANDE X TIRADENTES,Fetranspor,785,17385769,"-22.862","-43.5413"
366,366-CAMPO GRANDE X TIRADENTES,Fetranspor,786,17385769,"-22.8621","-43.5414"
366,366-CAMPO GRANDE X TIRADENTES,Fetranspor,787,17385769,"-22.8622","-43.5414"
366,366-CAMPO GRANDE X TIRADENTES,Fetranspor,788,17385769,"-22.8622","-43.5415"
366,366-CAMPO GRANDE X TIRADENTES,Fetranspor,789,17385769,"-22.8623","-43.5416"
366,366-CAMPO GRANDE X TIRADENTES,Fetranspor,790,17385769,"-22.8624","-43.5417"
366,366-CAMPO GRANDE X TIRADENTES,Fetranspor,791,17385769,"-22.8624","-43.5418"
366,366-CAMPO GRANDE X TIRADENTES,Fetranspor,792,17385769,"-22.8624","-43.542"
366,366-CAMPO GRANDE X TIRADENTES,Fetranspor,793,17385769,"-22.8624","-43.5427"
366,366-CAMPO GRANDE X TIRADENTES,Fetranspor,794,17385769,"-22.8624","-43.5427"
366,366-CAMPO GRANDE X TIRADENTES,Fetranspor,795,17385769,"-22.8624","-43.5429"
366,366-CAMPO GRANDE X TIRADENTES,Fetranspor,796,17385769,"-22.8624","-43.5429"
366,366-CAMPO GRANDE X TIRADENTES,Fetranspor,797,17385769,"-22.8625","-43.5432"
366,366-CAMPO GRANDE X TIRADENTES,Fetranspor,798,17385769,"-22.8625","-43.5435"
366,366-CAMPO GRANDE X TIRADENTES,Fetranspor,799,17385769,"-22.863","-43.5447"
366,366-CAMPO GRANDE X TIRADENTES,Fetranspor,800,17385769,"-22.863","-43.5447"
366,366-CAMPO GRANDE X TIRADENTES,Fetranspor,801,17385769,"-22.8638","-43.5474"
366,366-CAMPO GRANDE X TIRADENTES,Fetranspor,802,17385769,"-22.8639","-43.5477"
366,366-CAMPO GRANDE X TIRADENTES,Fetranspor,803,17385769,"-22.864","-43.5481"
366,366-CAMPO GRANDE X TIRADENTES,Fetranspor,804,17385769,"-22.8641","-43.5482"
366,366-CAMPO GRANDE X TIRADENTES,Fetranspor,805,17385769,"-22.8642","-43.5485"
366,366-CAMPO GRANDE X TIRADENTES,Fetranspor,806,17385769,"-22.8643","-43.5487"
366,366-CAMPO GRANDE X TIRADENTES,Fetranspor,807,17385769,"-22.8643","-43.5487"
366,366-CAMPO GRANDE X TIRADENTES,Fetranspor,808,17385769,"-22.8647","-43.5493"
366,366-CAMPO GRANDE X TIRADENTES,Fetranspor,809,17385769,"-22.8647","-43.5493"
366,366-CAMPO GRANDE X TIRADENTES,Fetranspor,810,17385769,"-22.865","-43.5499"
366,366-CAMPO GRANDE X TIRADENTES,Fetranspor,811,17385769,"-22.865","-43.5499"
366,366-CAMPO GRANDE X TIRADENTES,Fetranspor,812,17385769,"-22.8651","-43.55"
366,366-CAMPO GRANDE X TIRADENTES,Fetranspor,813,17385769,"-22.8651","-43.55"
366,366-CAMPO GRANDE X TIRADENTES,Fetranspor,814,17385769,"-22.8658","-43.5512"
366,366-CAMPO GRANDE X TIRADENTES,Fetranspor,815,17385769,"-22.8658","-43.5512"
366,366-CAMPO GRANDE X TIRADENTES,Fetranspor,816,17385769,"-22.8659","-43.5515"
366,366-CAMPO GRANDE X TIRADENTES,Fetranspor,817,17385769,"-22.8659","-43.5515"
366,366-CAMPO GRANDE X TIRADENTES,Fetranspor,818,17385769,"-22.8666","-43.5527"
366,366-CAMPO GRANDE X TIRADENTES,Fetranspor,819,17385769,"-22.8666","-43.5527"
366,366-CAMPO GRANDE X TIRADENTES,Fetranspor,820,17385769,"-22.8667","-43.5529"
366,366-CAMPO GRANDE X TIRADENTES,Fetranspor,821,17385769,"-22.8667","-43.5529"
366,366-CAMPO GRANDE X TIRADENTES,Fetranspor,822,17385769,"-22.867","-43.5533"
366,366-CAMPO GRANDE X TIRADENTES,Fetranspor,823,17385769,"-22.867","-43.5534"
366,366-CAMPO GRANDE X TIRADENTES,Fetranspor,824,17385769,"-22.8671","-43.5534"
366,366-CAMPO GRANDE X TIRADENTES,Fetranspor,825,17385769,"-22.8674","-43.5537"
366,366-CAMPO GRANDE X TIRADENTES,Fetranspor,826,17385769,"-22.8675","-43.5537"
366,366-CAMPO GRANDE X TIRADENTES,Fetranspor,827,17385769,"-22.8685","-43.5541"
366,366-CAMPO GRANDE X TIRADENTES,Fetranspor,828,17385769,"-22.8685","-43.5541"
366,366-CAMPO GRANDE X TIRADENTES,Fetranspor,829,17385769,"-22.8696","-43.5545"
366,366-CAMPO GRANDE X TIRADENTES,Fetranspor,830,17385769,"-22.8698","-43.5546"
366,366-CAMPO GRANDE X TIRADENTES,Fetranspor,831,17385769,"-22.8698","-43.5546"
366,366-CAMPO GRANDE X TIRADENTES,Fetranspor,832,17385769,"-22.8699","-43.5546"
366,366-CAMPO GRANDE X TIRADENTES,Fetranspor,833,17385769,"-22.8699","-43.5546"
366,366-CAMPO GRANDE X TIRADENTES,Fetranspor,834,17385769,"-22.8701","-43.5546"
366,366-CAMPO GRANDE X TIRADENTES,Fetranspor,835,17385769,"-22.8703","-43.5547"
366,366-CAMPO GRANDE X TIRADENTES,Fetranspor,836,17385769,"-22.8705","-43.5546"
366,366-CAMPO GRANDE X TIRADENTES,Fetranspor,837,17385769,"-22.8708","-43.5546"
366,366-CAMPO GRANDE X TIRADENTES,Fetranspor,838,17385769,"-22.8708","-43.5546"
366,366-CAMPO GRANDE X TIRADENTES,Fetranspor,839,17385769,"-22.8713","-43.5544"
366,366-CAMPO GRANDE X TIRADENTES,Fetranspor,840,17385769,"-22.8713","-43.5544"
366,366-CAMPO GRANDE X TIRADENTES,Fetranspor,841,17385769,"-22.8717","-43.5541"
366,366-CAMPO GRANDE X TIRADENTES,Fetranspor,842,17385769,"-22.8718","-43.554"
366,366-CAMPO GRANDE X TIRADENTES,Fetranspor,843,17385769,"-22.8725","-43.5533"
366,366-CAMPO GRANDE X TIRADENTES,Fetranspor,844,17385769,"-22.8725","-43.5533"
366,366-CAMPO GRANDE X TIRADENTES,Fetranspor,845,17385769,"-22.8726","-43.5532"
366,366-CAMPO GRANDE X TIRADENTES,Fetranspor,846,17385769,"-22.8727","-43.5532"
366,366-CAMPO GRANDE X TIRADENTES,Fetranspor,847,17385769,"-22.8729","-43.5531"
366,366-CAMPO GRANDE X TIRADENTES,Fetranspor,848,17385769,"-22.8731","-43.5531"
366,366-CAMPO GRANDE X TIRADENTES,Fetranspor,849,17385769,"-22.8733","-43.5531"
366,366-CAMPO GRANDE X TIRADENTES,Fetranspor,850,17385769,"-22.8734","-43.5531"
366,366-CAMPO GRANDE X TIRADENTES,Fetranspor,851,17385769,"-22.8736","-43.5532"
366,366-CAMPO GRANDE X TIRADENTES,Fetranspor,852,17385769,"-22.8738","-43.5533"
366,366-CAMPO GRANDE X TIRADENTES,Fetranspor,853,17385769,"-22.8739","-43.5533"
366,366-CAMPO GRANDE X TIRADENTES,Fetranspor,854,17385769,"-22.874","-43.5535"
366,366-CAMPO GRANDE X TIRADENTES,Fetranspor,855,17385769,"-22.8741","-43.5536"
366,366-CAMPO GRANDE X TIRADENTES,Fetranspor,856,17385769,"-22.8741","-43.5536"
366,366-CAMPO GRANDE X TIRADENTES,Fetranspor,857,17385769,"-22.8744","-43.5539"
366,366-CAMPO GRANDE X TIRADENTES,Fetranspor,858,17385769,"-22.8749","-43.5545"
366,366-CAMPO GRANDE X TIRADENTES,Fetranspor,859,17385769,"-22.8751","-43.5547"
366,366-CAMPO GRANDE X TIRADENTES,Fetranspor,860,17385769,"-22.8752","-43.5548"
366,366-CAMPO GRANDE X TIRADENTES,Fetranspor,861,17385769,"-22.8752","-43.5548"
366,366-CAMPO GRANDE X TIRADENTES,Fetranspor,862,17385769,"-22.8753","-43.5548"
366,366-CAMPO GRANDE X TIRADENTES,Fetranspor,863,17385769,"-22.8756","-43.5549"
366,366-CAMPO GRANDE X TIRADENTES,Fetranspor,864,17385769,"-22.8757","-43.5549"
366,366-CAMPO GRANDE X TIRADENTES,Fetranspor,865,17385769,"-22.8757","-43.5549"
366,366-CAMPO GRANDE X TIRADENTES,Fetranspor,866,17385769,"-22.8758","-43.5549"
366,366-CAMPO GRANDE X TIRADENTES,Fetranspor,867,17385769,"-22.8758","-43.5549"
366,366-CAMPO GRANDE X TIRADENTES,Fetranspor,868,17385769,"-22.8759","-43.5549"
366,366-CAMPO GRANDE X TIRADENTES,Fetranspor,869,17385769,"-22.876","-43.5549"
366,366-CAMPO GRANDE X TIRADENTES,Fetranspor,870,17385769,"-22.8763","-43.5548"
366,366-CAMPO GRANDE X TIRADENTES,Fetranspor,871,17385769,"-22.8766","-43.5547"
366,366-CAMPO GRANDE X TIRADENTES,Fetranspor,872,17385769,"-22.8772","-43.5545"
366,366-CAMPO GRANDE X TIRADENTES,Fetranspor,873,17385769,"-22.8774","-43.5545"
366,366-CAMPO GRANDE X TIRADENTES,Fetranspor,874,17385769,"-22.8774","-43.5545"
366,366-CAMPO GRANDE X TIRADENTES,Fetranspor,875,17385769,"-22.8776","-43.5545"
366,366-CAMPO GRANDE X TIRADENTES,Fetranspor,876,17385769,"-22.8777","-43.5545"
366,366-CAMPO GRANDE X TIRADENTES,Fetranspor,877,17385769,"-22.8778","-43.5545"
366,366-CAMPO GRANDE X TIRADENTES,Fetranspor,878,17385769,"-22.8796","-43.5549"
366,366-CAMPO GRANDE X TIRADENTES,Fetranspor,879,17385769,"-22.8797","-43.5549"
366,366-CAMPO GRANDE X TIRADENTES,Fetranspor,880,17385769,"-22.8799","-43.555"
366,366-CAMPO GRANDE X TIRADENTES,Fetranspor,881,17385769,"-22.88","-43.5551"
366,366-CAMPO GRANDE X TIRADENTES,Fetranspor,882,17385769,"-22.8801","-43.5551"
366,366-CAMPO GRANDE X TIRADENTES,Fetranspor,883,17385769,"-22.8808","-43.5557"
366,366-CAMPO GRANDE X TIRADENTES,Fetranspor,884,17385769,"-22.881","-43.5559"
366,366-CAMPO GRANDE X TIRADENTES,Fetranspor,885,17385769,"-22.8811","-43.5559"
366,366-CAMPO GRANDE X TIRADENTES,Fetranspor,886,17385769,"-22.8813","-43.556"
366,366-CAMPO GRANDE X TIRADENTES,Fetranspor,887,17385769,"-22.8815","-43.5561"
366,366-CAMPO GRANDE X TIRADENTES,Fetranspor,888,17385769,"-22.8819","-43.5563"
366,366-CAMPO GRANDE X TIRADENTES,Fetranspor,889,17385769,"-22.8819","-43.5563"
366,366-CAMPO GRANDE X TIRADENTES,Fetranspor,890,17385769,"-22.8829","-43.5566"
366,366-CAMPO GRANDE X TIRADENTES,Fetranspor,891,17385769,"-22.8831","-43.5567"
366,366-CAMPO GRANDE X TIRADENTES,Fetranspor,892,17385769,"-22.8831","-43.5567"
366,366-CAMPO GRANDE X TIRADENTES,Fetranspor,893,17385769,"-22.8833","-43.5567"
366,366-CAMPO GRANDE X TIRADENTES,Fetranspor,894,17385769,"-22.8833","-43.5567"
366,366-CAMPO GRANDE X TIRADENTES,Fetranspor,895,17385769,"-22.8834","-43.5567"
366,366-CAMPO GRANDE X TIRADENTES,Fetranspor,896,17385769,"-22.8834","-43.5567"
366,366-CAMPO GRANDE X TIRADENTES,Fetranspor,897,17385769,"-22.8847","-43.557"
366,366-CAMPO GRANDE X TIRADENTES,Fetranspor,898,17385769,"-22.885","-43.557"
366,366-CAMPO GRANDE X TIRADENTES,Fetranspor,899,17385769,"-22.8852","-43.5572"
366,366-CAMPO GRANDE X TIRADENTES,Fetranspor,900,17385769,"-22.8853","-43.5573"
366,366-CAMPO GRANDE X TIRADENTES,Fetranspor,901,17385769,"-22.8853","-43.5573"
366,366-CAMPO GRANDE X TIRADENTES,Fetranspor,902,17385769,"-22.8854","-43.5574"
366,366-CAMPO GRANDE X TIRADENTES,Fetranspor,903,17385769,"-22.8856","-43.5576"
366,366-CAMPO GRANDE X TIRADENTES,Fetranspor,904,17385769,"-22.8856","-43.5576"
366,366-CAMPO GRANDE X TIRADENTES,Fetranspor,905,17385769,"-22.8859","-43.558"
366,366-CAMPO GRANDE X TIRADENTES,Fetranspor,906,17385769,"-22.8859","-43.558"
366,366-CAMPO GRANDE X TIRADENTES,Fetranspor,907,17385769,"-22.8862","-43.5584"
366,366-CAMPO GRANDE X TIRADENTES,Fetranspor,908,17385769,"-22.8862","-43.5586"
366,366-CAMPO GRANDE X TIRADENTES,Fetranspor,909,17385769,"-22.8862","-43.5586"
366,366-CAMPO GRANDE X TIRADENTES,Fetranspor,910,17385769,"-22.8865","-43.5589"
366,366-CAMPO GRANDE X TIRADENTES,Fetranspor,911,17385769,"-22.8865","-43.5589"
366,366-CAMPO GRANDE X TIRADENTES,Fetranspor,912,17385769,"-22.8868","-43.5591"
366,366-CAMPO GRANDE X TIRADENTES,Fetranspor,913,17385769,"-22.8883","-43.5598"
366,366-CAMPO GRANDE X TIRADENTES,Fetranspor,914,17385769,"-22.8885","-43.5599"
366,366-CAMPO GRANDE X TIRADENTES,Fetranspor,915,17385769,"-22.8885","-43.5599"
366,366-CAMPO GRANDE X TIRADENTES,Fetranspor,916,17385769,"-22.8886","-43.56"
366,366-CAMPO GRANDE X TIRADENTES,Fetranspor,917,17385769,"-22.8888","-43.56"
366,366-CAMPO GRANDE X TIRADENTES,Fetranspor,918,17385769,"-22.8888","-43.56"
366,366-CAMPO GRANDE X TIRADENTES,Fetranspor,919,17385769,"-22.889","-43.56"
366,366-CAMPO GRANDE X TIRADENTES,Fetranspor,920,17385769,"-22.8892","-43.5599"
366,366-CAMPO GRANDE X TIRADENTES,Fetranspor,921,17385769,"-22.8892","-43.5599"
366,366-CAMPO GRANDE X TIRADENTES,Fetranspor,922,17385769,"-22.8894","-43.5599"
366,366-CAMPO GRANDE X TIRADENTES,Fetranspor,923,17385769,"-22.8896","-43.5598"
366,366-CAMPO GRANDE X TIRADENTES,Fetranspor,924,17385769,"-22.8903","-43.5597"
366,366-CAMPO GRANDE X TIRADENTES,Fetranspor,925,17385769,"-22.8905","-43.5597"
366,366-CAMPO GRANDE X TIRADENTES,Fetranspor,926,17385769,"-22.8905","-43.5597"
366,366-CAMPO GRANDE X TIRADENTES,Fetranspor,927,17385769,"-22.8911","-43.5595"
366,366-CAMPO GRANDE X TIRADENTES,Fetranspor,928,17385769,"-22.8911","-43.5595"
366,366-CAMPO GRANDE X TIRADENTES,Fetranspor,929,17385769,"-22.8914","-43.5595"
366,366-CAMPO GRANDE X TIRADENTES,Fetranspor,930,17385769,"-22.8914","-43.5595"
366,366-CAMPO GRANDE X TIRADENTES,Fetranspor,931,17385769,"-22.8925","-43.5592"
366,366-CAMPO GRANDE X TIRADENTES,Fetranspor,932,17385769,"-22.8927","-43.5593"
366,366-CAMPO GRANDE X TIRADENTES,Fetranspor,933,17385769,"-22.893","-43.5594"
366,366-CAMPO GRANDE X TIRADENTES,Fetranspor,934,17385769,"-22.893","-43.5594"
366,366-CAMPO GRANDE X TIRADENTES,Fetranspor,935,17385769,"-22.8933","-43.5594"
366,366-CAMPO GRANDE X TIRADENTES,Fetranspor,936,17385769,"-22.8935","-43.5595"
366,366-CAMPO GRANDE X TIRADENTES,Fetranspor,937,17385769,"-22.8937","-43.5596"
366,366-CAMPO GRANDE X TIRADENTES,Fetranspor,938,17385769,"-22.8938","-43.5596"
366,366-CAMPO GRANDE X TIRADENTES,Fetranspor,939,17385769,"-22.8939","-43.5597"
366,366-CAMPO GRANDE X TIRADENTES,Fetranspor,940,17385769,"-22.8941","-43.5599"
366,366-CAMPO GRANDE X TIRADENTES,Fetranspor,941,17385769,"-22.8941","-43.5599"
366,366-CAMPO GRANDE X TIRADENTES,Fetranspor,942,17385769,"-22.8941","-43.56"
366,366-CAMPO GRANDE X TIRADENTES,Fetranspor,943,17385769,"-22.8941","-43.56"
366,366-CAMPO GRANDE X TIRADENTES,Fetranspor,944,17385769,"-22.8942","-43.5601"
366,366-CAMPO GRANDE X TIRADENTES,Fetranspor,945,17385769,"-22.8943","-43.5601"
366,366-CAMPO GRANDE X TIRADENTES,Fetranspor,946,17385769,"-22.8943","-43.5602"
366,366-CAMPO GRANDE X TIRADENTES,Fetranspor,947,17385769,"-22.8944","-43.5602"
366,366-CAMPO GRANDE X TIRADENTES,Fetranspor,948,17385769,"-22.8945","-43.5602"
366,366-CAMPO GRANDE X TIRADENTES,Fetranspor,949,17385769,"-22.8945","-43.5602"
366,366-CAMPO GRANDE X TIRADENTES,Fetranspor,950,17385769,"-22.8955","-43.5589"
366,366-CAMPO GRANDE X TIRADENTES,Fetranspor,951,17385769,"-22.8955","-43.5589"
366,366-CAMPO GRANDE X TIRADENTES,Fetranspor,952,17385769,"-22.8956","-43.5588"
366,366-CAMPO GRANDE X TIRADENTES,Fetranspor,953,17385769,"-22.8957","-43.5587"
366,366-CAMPO GRANDE X TIRADENTES,Fetranspor,954,17385769,"-22.8959","-43.5587"
366,366-CAMPO GRANDE X TIRADENTES,Fetranspor,955,17385769,"-22.8963","-43.5586"
366,366-CAMPO GRANDE X TIRADENTES,Fetranspor,956,17385769,"-22.8963","-43.5586"
366,366-CAMPO GRANDE X TIRADENTES,Fetranspor,957,17385769,"-22.8964","-43.5586"
366,366-CAMPO GRANDE X TIRADENTES,Fetranspor,958,17385769,"-22.8965","-43.5586"
366,366-CAMPO GRANDE X TIRADENTES,Fetranspor,959,17385769,"-22.8967","-43.5586"
366,366-CAMPO GRANDE X TIRADENTES,Fetranspor,960,17385769,"-22.8967","-43.5586"
366,366-CAMPO GRANDE X TIRADENTES,Fetranspor,961,17385769,"-22.8969","-43.5586"
366,366-CAMPO GRANDE X TIRADENTES,Fetranspor,962,17385769,"-22.897","-43.5586"
366,366-CAMPO GRANDE X TIRADENTES,Fetranspor,963,17385769,"-22.897","-43.5586"
366,366-CAMPO GRANDE X TIRADENTES,Fetranspor,964,17385769,"-22.8977","-43.5587"
366,366-CAMPO GRANDE X TIRADENTES,Fetranspor,965,17385769,"-22.8977","-43.5587"
366,366-CAMPO GRANDE X TIRADENTES,Fetranspor,966,17385769,"-22.8982","-43.5588"
366,366-CAMPO GRANDE X TIRADENTES,Fetranspor,967,17385769,"-22.8982","-43.5588"
366,366-CAMPO GRANDE X TIRADENTES,Fetranspor,968,17385769,"-22.8986","-43.5589"
366,366-CAMPO GRANDE X TIRADENTES,Fetranspor,969,17385769,"-22.8988","-43.5589"
366,366-CAMPO GRANDE X TIRADENTES,Fetranspor,970,17385769,"-22.8988","-43.5589"
366,366-CAMPO GRANDE X TIRADENTES,Fetranspor,971,17385769,"-22.8991","-43.5601"
366,366-CAMPO GRANDE X TIRADENTES,Fetranspor,972,17385769,"-22.8991","-43.5601"
366,366-CAMPO GRANDE X TIRADENTES,Fetranspor,973,17385769,"-22.8992","-43.5604"
366,366-CAMPO GRANDE X TIRADENTES,Fetranspor,974,17385769,"-22.8992","-43.5604"
366,366-CAMPO GRANDE X TIRADENTES,Fetranspor,975,17385769,"-22.8994","-43.5612"
366,366-CAMPO GRANDE X TIRADENTES,Fetranspor,976,17385769,"-22.8994","-43.5612"
366,366-CAMPO GRANDE X TIRADENTES,Fetranspor,977,17385769,"-22.8996","-43.5621"
366,366-CAMPO GRANDE X TIRADENTES,Fetranspor,978,17385769,"-22.8996","-43.5621"
366,366-CAMPO GRANDE X TIRADENTES,Fetranspor,979,17385769,"-22.8999","-43.5631"
366,366-CAMPO GRANDE X TIRADENTES,Fetranspor,980,17385769,"-22.8999","-43.5631"
366,366-CAMPO GRANDE X TIRADENTES,Fetranspor,981,17385769,"-22.9005","-43.5629"
366,366-CAMPO GRANDE X TIRADENTES,Fetranspor,982,17385769,"-22.9011","-43.5628"
366,366-CAMPO GRANDE X TIRADENTES,Fetranspor,983,17385769,"-22.9011","-43.5628"
366,366-CAMPO GRANDE X TIRADENTES,Fetranspor,984,17385769,"-22.9025","-43.5624"
366,366-CAMPO GRANDE X TIRADENTES,Fetranspor,985,17385769,"-22.9025","-43.5624"
366,366-CAMPO GRANDE X TIRADENTES,Fetranspor,986,17385769,"-22.9023","-43.5614"
366,366-CAMPO GRANDE X TIRADENTES,Fetranspor,987,17385769,"-22.9023","-43.5614"
366,366-CAMPO GRANDE X TIRADENTES,Fetranspor,988,17385769,"-22.9023","-43.5613"
366,366-CAMPO GRANDE X TIRADENTES,Fetranspor,989,17385769,"-22.9021","-43.5606"
