linha,descricao,agencia,sequencia,shape_id,latitude,longitude
397,397-CAMPO GRANDE X CARIOCA,Fetranspor,0,17389243,"-22.9085","-43.1786"
397,397-CAMPO GRANDE X CARIOCA,Fetranspor,1,17389243,"-22.9086","-43.1787"
397,397-CAMPO GRANDE X CARIOCA,Fetranspor,2,17389243,"-22.9087","-43.179"
397,397-CAMPO GRANDE X CARIOCA,Fetranspor,3,17389243,"-22.9087","-43.1791"
397,397-CAMPO GRANDE X CARIOCA,Fetranspor,4,17389243,"-22.909","-43.1799"
397,397-CAMPO GRANDE X CARIOCA,Fetranspor,5,17389243,"-22.9091","-43.1803"
397,397-CAMPO GRANDE X CARIOCA,Fetranspor,6,17389243,"-22.9091","-43.1803"
397,397-CAMPO GRANDE X CARIOCA,Fetranspor,7,17389243,"-22.9091","-43.1803"
397,397-CAMPO GRANDE X CARIOCA,Fetranspor,8,17389243,"-22.9091","-43.1803"
397,397-CAMPO GRANDE X CARIOCA,Fetranspor,9,17389243,"-22.9096","-43.1816"
397,397-CAMPO GRANDE X CARIOCA,Fetranspor,10,17389243,"-22.9096","-43.1816"
397,397-CAMPO GRANDE X CARIOCA,Fetranspor,11,17389243,"-22.91","-43.1829"
397,397-CAMPO GRANDE X CARIOCA,Fetranspor,12,17389243,"-22.91","-43.183"
397,397-CAMPO GRANDE X CARIOCA,Fetranspor,13,17389243,"-22.91","-43.183"
397,397-CAMPO GRANDE X CARIOCA,Fetranspor,14,17389243,"-22.91","-43.183"
397,397-CAMPO GRANDE X CARIOCA,Fetranspor,15,17389243,"-22.9099","-43.183"
397,397-CAMPO GRANDE X CARIOCA,Fetranspor,16,17389243,"-22.9097","-43.183"
397,397-CAMPO GRANDE X CARIOCA,Fetranspor,17,17389243,"-22.9094","-43.1831"
397,397-CAMPO GRANDE X CARIOCA,Fetranspor,18,17389243,"-22.909","-43.1833"
397,397-CAMPO GRANDE X CARIOCA,Fetranspor,19,17389243,"-22.9089","-43.1834"
397,397-CAMPO GRANDE X CARIOCA,Fetranspor,20,17389243,"-22.9089","-43.1834"
397,397-CAMPO GRANDE X CARIOCA,Fetranspor,21,17389243,"-22.9087","-43.1826"
397,397-CAMPO GRANDE X CARIOCA,Fetranspor,22,17389243,"-22.9086","-43.1826"
397,397-CAMPO GRANDE X CARIOCA,Fetranspor,23,17389243,"-22.9086","-43.1826"
397,397-CAMPO GRANDE X CARIOCA,Fetranspor,24,17389243,"-22.9086","-43.1826"
397,397-CAMPO GRANDE X CARIOCA,Fetranspor,25,17389243,"-22.9086","-43.1825"
397,397-CAMPO GRANDE X CARIOCA,Fetranspor,26,17389243,"-22.9086","-43.1825"
397,397-CAMPO GRANDE X CARIOCA,Fetranspor,27,17389243,"-22.908","-43.1825"
397,397-CAMPO GRANDE X CARIOCA,Fetranspor,28,17389243,"-22.908","-43.1825"
397,397-CAMPO GRANDE X CARIOCA,Fetranspor,29,17389243,"-22.9074","-43.1825"
397,397-CAMPO GRANDE X CARIOCA,Fetranspor,30,17389243,"-22.9073","-43.1825"
397,397-CAMPO GRANDE X CARIOCA,Fetranspor,31,17389243,"-22.9073","-43.1825"
397,397-CAMPO GRANDE X CARIOCA,Fetranspor,32,17389243,"-22.9072","-43.1825"
397,397-CAMPO GRANDE X CARIOCA,Fetranspor,33,17389243,"-22.9072","-43.1825"
397,397-CAMPO GRANDE X CARIOCA,Fetranspor,34,17389243,"-22.9074","-43.1831"
397,397-CAMPO GRANDE X CARIOCA,Fetranspor,35,17389243,"-22.9074","-43.1831"
397,397-CAMPO GRANDE X CARIOCA,Fetranspor,36,17389243,"-22.9074","-43.1832"
397,397-CAMPO GRANDE X CARIOCA,Fetranspor,37,17389243,"-22.9074","-43.1832"
397,397-CAMPO GRANDE X CARIOCA,Fetranspor,38,17389243,"-22.9075","-43.1835"
397,397-CAMPO GRANDE X CARIOCA,Fetranspor,39,17389243,"-22.9075","-43.1835"
397,397-CAMPO GRANDE X CARIOCA,Fetranspor,40,17389243,"-22.9077","-43.184"
397,397-CAMPO GRANDE X CARIOCA,Fetranspor,41,17389243,"-22.9077","-43.184"
397,397-CAMPO GRANDE X CARIOCA,Fetranspor,42,17389243,"-22.9078","-43.1844"
397,397-CAMPO GRANDE X CARIOCA,Fetranspor,43,17389243,"-22.9078","-43.1844"
397,397-CAMPO GRANDE X CARIOCA,Fetranspor,44,17389243,"-22.908","-43.185"
397,397-CAMPO GRANDE X CARIOCA,Fetranspor,45,17389243,"-22.908","-43.185"
397,397-CAMPO GRANDE X CARIOCA,Fetranspor,46,17389243,"-22.9081","-43.1854"
397,397-CAMPO GRANDE X CARIOCA,Fetranspor,47,17389243,"-22.9081","-43.1856"
397,397-CAMPO GRANDE X CARIOCA,Fetranspor,48,17389243,"-22.9081","-43.1856"
397,397-CAMPO GRANDE X CARIOCA,Fetranspor,49,17389243,"-22.9083","-43.1861"
397,397-CAMPO GRANDE X CARIOCA,Fetranspor,50,17389243,"-22.9083","-43.1861"
397,397-CAMPO GRANDE X CARIOCA,Fetranspor,51,17389243,"-22.9083","-43.1862"
397,397-CAMPO GRANDE X CARIOCA,Fetranspor,52,17389243,"-22.9083","-43.1862"
397,397-CAMPO GRANDE X CARIOCA,Fetranspor,53,17389243,"-22.9083","-43.1864"
397,397-CAMPO GRANDE X CARIOCA,Fetranspor,54,17389243,"-22.9085","-43.1871"
397,397-CAMPO GRANDE X CARIOCA,Fetranspor,55,17389243,"-22.909","-43.1888"
397,397-CAMPO GRANDE X CARIOCA,Fetranspor,56,17389243,"-22.909","-43.1888"
397,397-CAMPO GRANDE X CARIOCA,Fetranspor,57,17389243,"-22.9077","-43.19"
397,397-CAMPO GRANDE X CARIOCA,Fetranspor,58,17389243,"-22.9077","-43.19"
397,397-CAMPO GRANDE X CARIOCA,Fetranspor,59,17389243,"-22.9076","-43.1901"
397,397-CAMPO GRANDE X CARIOCA,Fetranspor,60,17389243,"-22.9075","-43.1901"
397,397-CAMPO GRANDE X CARIOCA,Fetranspor,61,17389243,"-22.9075","-43.1901"
397,397-CAMPO GRANDE X CARIOCA,Fetranspor,62,17389243,"-22.9072","-43.1902"
397,397-CAMPO GRANDE X CARIOCA,Fetranspor,63,17389243,"-22.9072","-43.1902"
397,397-CAMPO GRANDE X CARIOCA,Fetranspor,64,17389243,"-22.9066","-43.1904"
397,397-CAMPO GRANDE X CARIOCA,Fetranspor,65,17389243,"-22.906","-43.1906"
397,397-CAMPO GRANDE X CARIOCA,Fetranspor,66,17389243,"-22.906","-43.1906"
397,397-CAMPO GRANDE X CARIOCA,Fetranspor,67,17389243,"-22.9055","-43.1907"
397,397-CAMPO GRANDE X CARIOCA,Fetranspor,68,17389243,"-22.9054","-43.1908"
397,397-CAMPO GRANDE X CARIOCA,Fetranspor,69,17389243,"-22.9053","-43.1908"
397,397-CAMPO GRANDE X CARIOCA,Fetranspor,70,17389243,"-22.9052","-43.1907"
397,397-CAMPO GRANDE X CARIOCA,Fetranspor,71,17389243,"-22.9052","-43.1907"
397,397-CAMPO GRANDE X CARIOCA,Fetranspor,72,17389243,"-22.9051","-43.1909"
397,397-CAMPO GRANDE X CARIOCA,Fetranspor,73,17389243,"-22.9051","-43.1909"
397,397-CAMPO GRANDE X CARIOCA,Fetranspor,74,17389243,"-22.905","-43.191"
397,397-CAMPO GRANDE X CARIOCA,Fetranspor,75,17389243,"-22.905","-43.191"
397,397-CAMPO GRANDE X CARIOCA,Fetranspor,76,17389243,"-22.9049","-43.1912"
397,397-CAMPO GRANDE X CARIOCA,Fetranspor,77,17389243,"-22.9049","-43.1912"
397,397-CAMPO GRANDE X CARIOCA,Fetranspor,78,17389243,"-22.905","-43.1914"
397,397-CAMPO GRANDE X CARIOCA,Fetranspor,79,17389243,"-22.905","-43.1914"
397,397-CAMPO GRANDE X CARIOCA,Fetranspor,80,17389243,"-22.9054","-43.1926"
397,397-CAMPO GRANDE X CARIOCA,Fetranspor,81,17389243,"-22.9055","-43.193"
397,397-CAMPO GRANDE X CARIOCA,Fetranspor,82,17389243,"-22.9055","-43.193"
397,397-CAMPO GRANDE X CARIOCA,Fetranspor,83,17389243,"-22.906","-43.1948"
397,397-CAMPO GRANDE X CARIOCA,Fetranspor,84,17389243,"-22.906","-43.1948"
397,397-CAMPO GRANDE X CARIOCA,Fetranspor,85,17389243,"-22.9063","-43.1957"
397,397-CAMPO GRANDE X CARIOCA,Fetranspor,86,17389243,"-22.9063","-43.1957"
397,397-CAMPO GRANDE X CARIOCA,Fetranspor,87,17389243,"-22.9064","-43.1961"
397,397-CAMPO GRANDE X CARIOCA,Fetranspor,88,17389243,"-22.9069","-43.1976"
397,397-CAMPO GRANDE X CARIOCA,Fetranspor,89,17389243,"-22.9069","-43.1976"
397,397-CAMPO GRANDE X CARIOCA,Fetranspor,90,17389243,"-22.9069","-43.1977"
397,397-CAMPO GRANDE X CARIOCA,Fetranspor,91,17389243,"-22.9069","-43.1977"
397,397-CAMPO GRANDE X CARIOCA,Fetranspor,92,17389243,"-22.9074","-43.1991"
397,397-CAMPO GRANDE X CARIOCA,Fetranspor,93,17389243,"-22.9074","-43.1991"
397,397-CAMPO GRANDE X CARIOCA,Fetranspor,94,17389243,"-22.9081","-43.2012"
397,397-CAMPO GRANDE X CARIOCA,Fetranspor,95,17389243,"-22.9081","-43.2012"
397,397-CAMPO GRANDE X CARIOCA,Fetranspor,96,17389243,"-22.9097","-43.2061"
397,397-CAMPO GRANDE X CARIOCA,Fetranspor,97,17389243,"-22.91","-43.207"
397,397-CAMPO GRANDE X CARIOCA,Fetranspor,98,17389243,"-22.91","-43.207"
397,397-CAMPO GRANDE X CARIOCA,Fetranspor,99,17389243,"-22.9101","-43.2073"
397,397-CAMPO GRANDE X CARIOCA,Fetranspor,100,17389243,"-22.9101","-43.2074"
397,397-CAMPO GRANDE X CARIOCA,Fetranspor,101,17389243,"-22.9101","-43.2075"
397,397-CAMPO GRANDE X CARIOCA,Fetranspor,102,17389243,"-22.9101","-43.2077"
397,397-CAMPO GRANDE X CARIOCA,Fetranspor,103,17389243,"-22.9101","-43.2078"
397,397-CAMPO GRANDE X CARIOCA,Fetranspor,104,17389243,"-22.9101","-43.2079"
397,397-CAMPO GRANDE X CARIOCA,Fetranspor,105,17389243,"-22.91","-43.2084"
397,397-CAMPO GRANDE X CARIOCA,Fetranspor,106,17389243,"-22.9099","-43.2087"
397,397-CAMPO GRANDE X CARIOCA,Fetranspor,107,17389243,"-22.9099","-43.2088"
397,397-CAMPO GRANDE X CARIOCA,Fetranspor,108,17389243,"-22.9098","-43.2089"
397,397-CAMPO GRANDE X CARIOCA,Fetranspor,109,17389243,"-22.9097","-43.2091"
397,397-CAMPO GRANDE X CARIOCA,Fetranspor,110,17389243,"-22.9097","-43.2091"
397,397-CAMPO GRANDE X CARIOCA,Fetranspor,111,17389243,"-22.9096","-43.2092"
397,397-CAMPO GRANDE X CARIOCA,Fetranspor,112,17389243,"-22.9095","-43.2092"
397,397-CAMPO GRANDE X CARIOCA,Fetranspor,113,17389243,"-22.9095","-43.2092"
397,397-CAMPO GRANDE X CARIOCA,Fetranspor,114,17389243,"-22.9091","-43.2093"
397,397-CAMPO GRANDE X CARIOCA,Fetranspor,115,17389243,"-22.9091","-43.2093"
397,397-CAMPO GRANDE X CARIOCA,Fetranspor,116,17389243,"-22.9088","-43.2093"
397,397-CAMPO GRANDE X CARIOCA,Fetranspor,117,17389243,"-22.908","-43.2093"
397,397-CAMPO GRANDE X CARIOCA,Fetranspor,118,17389243,"-22.908","-43.2093"
397,397-CAMPO GRANDE X CARIOCA,Fetranspor,119,17389243,"-22.9072","-43.2094"
397,397-CAMPO GRANDE X CARIOCA,Fetranspor,120,17389243,"-22.9066","-43.2094"
397,397-CAMPO GRANDE X CARIOCA,Fetranspor,121,17389243,"-22.9066","-43.2094"
397,397-CAMPO GRANDE X CARIOCA,Fetranspor,122,17389243,"-22.9064","-43.2094"
397,397-CAMPO GRANDE X CARIOCA,Fetranspor,123,17389243,"-22.9064","-43.2094"
397,397-CAMPO GRANDE X CARIOCA,Fetranspor,124,17389243,"-22.9064","-43.2094"
397,397-CAMPO GRANDE X CARIOCA,Fetranspor,125,17389243,"-22.9058","-43.2095"
397,397-CAMPO GRANDE X CARIOCA,Fetranspor,126,17389243,"-22.9058","-43.2095"
397,397-CAMPO GRANDE X CARIOCA,Fetranspor,127,17389243,"-22.905","-43.2095"
397,397-CAMPO GRANDE X CARIOCA,Fetranspor,128,17389243,"-22.905","-43.2095"
397,397-CAMPO GRANDE X CARIOCA,Fetranspor,129,17389243,"-22.9029","-43.2097"
397,397-CAMPO GRANDE X CARIOCA,Fetranspor,130,17389243,"-22.9029","-43.2097"
397,397-CAMPO GRANDE X CARIOCA,Fetranspor,131,17389243,"-22.9023","-43.2099"
397,397-CAMPO GRANDE X CARIOCA,Fetranspor,132,17389243,"-22.9023","-43.2099"
397,397-CAMPO GRANDE X CARIOCA,Fetranspor,133,17389243,"-22.9005","-43.21"
397,397-CAMPO GRANDE X CARIOCA,Fetranspor,134,17389243,"-22.9002","-43.21"
397,397-CAMPO GRANDE X CARIOCA,Fetranspor,135,17389243,"-22.8996","-43.2101"
397,397-CAMPO GRANDE X CARIOCA,Fetranspor,136,17389243,"-22.8994","-43.2101"
397,397-CAMPO GRANDE X CARIOCA,Fetranspor,137,17389243,"-22.8992","-43.2102"
397,397-CAMPO GRANDE X CARIOCA,Fetranspor,138,17389243,"-22.8992","-43.2102"
397,397-CAMPO GRANDE X CARIOCA,Fetranspor,139,17389243,"-22.899","-43.2103"
397,397-CAMPO GRANDE X CARIOCA,Fetranspor,140,17389243,"-22.8989","-43.2104"
397,397-CAMPO GRANDE X CARIOCA,Fetranspor,141,17389243,"-22.8986","-43.2108"
397,397-CAMPO GRANDE X CARIOCA,Fetranspor,142,17389243,"-22.8983","-43.2112"
397,397-CAMPO GRANDE X CARIOCA,Fetranspor,143,17389243,"-22.8983","-43.2112"
397,397-CAMPO GRANDE X CARIOCA,Fetranspor,144,17389243,"-22.8978","-43.2118"
397,397-CAMPO GRANDE X CARIOCA,Fetranspor,145,17389243,"-22.8976","-43.2119"
397,397-CAMPO GRANDE X CARIOCA,Fetranspor,146,17389243,"-22.8975","-43.212"
397,397-CAMPO GRANDE X CARIOCA,Fetranspor,147,17389243,"-22.8972","-43.2122"
397,397-CAMPO GRANDE X CARIOCA,Fetranspor,148,17389243,"-22.8971","-43.2124"
397,397-CAMPO GRANDE X CARIOCA,Fetranspor,149,17389243,"-22.8968","-43.2126"
397,397-CAMPO GRANDE X CARIOCA,Fetranspor,150,17389243,"-22.896","-43.2129"
397,397-CAMPO GRANDE X CARIOCA,Fetranspor,151,17389243,"-22.896","-43.2129"
397,397-CAMPO GRANDE X CARIOCA,Fetranspor,152,17389243,"-22.894","-43.2139"
397,397-CAMPO GRANDE X CARIOCA,Fetranspor,153,17389243,"-22.8917","-43.215"
397,397-CAMPO GRANDE X CARIOCA,Fetranspor,154,17389243,"-22.8899","-43.2158"
397,397-CAMPO GRANDE X CARIOCA,Fetranspor,155,17389243,"-22.8899","-43.2158"
397,397-CAMPO GRANDE X CARIOCA,Fetranspor,156,17389243,"-22.8895","-43.2162"
397,397-CAMPO GRANDE X CARIOCA,Fetranspor,157,17389243,"-22.8894","-43.2163"
397,397-CAMPO GRANDE X CARIOCA,Fetranspor,158,17389243,"-22.8892","-43.2164"
397,397-CAMPO GRANDE X CARIOCA,Fetranspor,159,17389243,"-22.8891","-43.2166"
397,397-CAMPO GRANDE X CARIOCA,Fetranspor,160,17389243,"-22.889","-43.2168"
397,397-CAMPO GRANDE X CARIOCA,Fetranspor,161,17389243,"-22.889","-43.2169"
397,397-CAMPO GRANDE X CARIOCA,Fetranspor,162,17389243,"-22.8889","-43.2171"
397,397-CAMPO GRANDE X CARIOCA,Fetranspor,163,17389243,"-22.8888","-43.2174"
397,397-CAMPO GRANDE X CARIOCA,Fetranspor,164,17389243,"-22.8888","-43.2175"
397,397-CAMPO GRANDE X CARIOCA,Fetranspor,165,17389243,"-22.8888","-43.2178"
397,397-CAMPO GRANDE X CARIOCA,Fetranspor,166,17389243,"-22.8888","-43.218"
397,397-CAMPO GRANDE X CARIOCA,Fetranspor,167,17389243,"-22.8888","-43.2184"
397,397-CAMPO GRANDE X CARIOCA,Fetranspor,168,17389243,"-22.8888","-43.2184"
397,397-CAMPO GRANDE X CARIOCA,Fetranspor,169,17389243,"-22.8888","-43.2185"
397,397-CAMPO GRANDE X CARIOCA,Fetranspor,170,17389243,"-22.8888","-43.2191"
397,397-CAMPO GRANDE X CARIOCA,Fetranspor,171,17389243,"-22.8888","-43.2195"
397,397-CAMPO GRANDE X CARIOCA,Fetranspor,172,17389243,"-22.8888","-43.2198"
397,397-CAMPO GRANDE X CARIOCA,Fetranspor,173,17389243,"-22.8888","-43.2201"
397,397-CAMPO GRANDE X CARIOCA,Fetranspor,174,17389243,"-22.8888","-43.2205"
397,397-CAMPO GRANDE X CARIOCA,Fetranspor,175,17389243,"-22.8888","-43.2205"
397,397-CAMPO GRANDE X CARIOCA,Fetranspor,176,17389243,"-22.8887","-43.2217"
397,397-CAMPO GRANDE X CARIOCA,Fetranspor,177,17389243,"-22.8887","-43.2218"
397,397-CAMPO GRANDE X CARIOCA,Fetranspor,178,17389243,"-22.8887","-43.222"
397,397-CAMPO GRANDE X CARIOCA,Fetranspor,179,17389243,"-22.8887","-43.2221"
397,397-CAMPO GRANDE X CARIOCA,Fetranspor,180,17389243,"-22.8887","-43.2221"
397,397-CAMPO GRANDE X CARIOCA,Fetranspor,181,17389243,"-22.8887","-43.2221"
397,397-CAMPO GRANDE X CARIOCA,Fetranspor,182,17389243,"-22.8885","-43.2225"
397,397-CAMPO GRANDE X CARIOCA,Fetranspor,183,17389243,"-22.8884","-43.2227"
397,397-CAMPO GRANDE X CARIOCA,Fetranspor,184,17389243,"-22.8884","-43.2228"
397,397-CAMPO GRANDE X CARIOCA,Fetranspor,185,17389243,"-22.8882","-43.223"
397,397-CAMPO GRANDE X CARIOCA,Fetranspor,186,17389243,"-22.8875","-43.2237"
397,397-CAMPO GRANDE X CARIOCA,Fetranspor,187,17389243,"-22.8875","-43.2237"
397,397-CAMPO GRANDE X CARIOCA,Fetranspor,188,17389243,"-22.8868","-43.2245"
397,397-CAMPO GRANDE X CARIOCA,Fetranspor,189,17389243,"-22.8868","-43.2245"
397,397-CAMPO GRANDE X CARIOCA,Fetranspor,190,17389243,"-22.8866","-43.2246"
397,397-CAMPO GRANDE X CARIOCA,Fetranspor,191,17389243,"-22.8864","-43.2247"
397,397-CAMPO GRANDE X CARIOCA,Fetranspor,192,17389243,"-22.8861","-43.225"
397,397-CAMPO GRANDE X CARIOCA,Fetranspor,193,17389243,"-22.8858","-43.2253"
397,397-CAMPO GRANDE X CARIOCA,Fetranspor,194,17389243,"-22.8858","-43.2253"
397,397-CAMPO GRANDE X CARIOCA,Fetranspor,195,17389243,"-22.8852","-43.2258"
397,397-CAMPO GRANDE X CARIOCA,Fetranspor,196,17389243,"-22.885","-43.226"
397,397-CAMPO GRANDE X CARIOCA,Fetranspor,197,17389243,"-22.885","-43.226"
397,397-CAMPO GRANDE X CARIOCA,Fetranspor,198,17389243,"-22.8849","-43.2261"
397,397-CAMPO GRANDE X CARIOCA,Fetranspor,199,17389243,"-22.8848","-43.2262"
397,397-CAMPO GRANDE X CARIOCA,Fetranspor,200,17389243,"-22.8847","-43.2263"
397,397-CAMPO GRANDE X CARIOCA,Fetranspor,201,17389243,"-22.8847","-43.2266"
397,397-CAMPO GRANDE X CARIOCA,Fetranspor,202,17389243,"-22.8846","-43.2269"
397,397-CAMPO GRANDE X CARIOCA,Fetranspor,203,17389243,"-22.8846","-43.2271"
397,397-CAMPO GRANDE X CARIOCA,Fetranspor,204,17389243,"-22.8846","-43.2273"
397,397-CAMPO GRANDE X CARIOCA,Fetranspor,205,17389243,"-22.8847","-43.2274"
397,397-CAMPO GRANDE X CARIOCA,Fetranspor,206,17389243,"-22.8847","-43.2275"
397,397-CAMPO GRANDE X CARIOCA,Fetranspor,207,17389243,"-22.8847","-43.2275"
397,397-CAMPO GRANDE X CARIOCA,Fetranspor,208,17389243,"-22.8847","-43.2276"
397,397-CAMPO GRANDE X CARIOCA,Fetranspor,209,17389243,"-22.8847","-43.2276"
397,397-CAMPO GRANDE X CARIOCA,Fetranspor,210,17389243,"-22.8847","-43.2278"
397,397-CAMPO GRANDE X CARIOCA,Fetranspor,211,17389243,"-22.8847","-43.2279"
397,397-CAMPO GRANDE X CARIOCA,Fetranspor,212,17389243,"-22.8848","-43.228"
397,397-CAMPO GRANDE X CARIOCA,Fetranspor,213,17389243,"-22.8848","-43.2281"
397,397-CAMPO GRANDE X CARIOCA,Fetranspor,214,17389243,"-22.8848","-43.2281"
397,397-CAMPO GRANDE X CARIOCA,Fetranspor,215,17389243,"-22.8849","-43.2283"
397,397-CAMPO GRANDE X CARIOCA,Fetranspor,216,17389243,"-22.885","-43.2285"
397,397-CAMPO GRANDE X CARIOCA,Fetranspor,217,17389243,"-22.8851","-43.2286"
397,397-CAMPO GRANDE X CARIOCA,Fetranspor,218,17389243,"-22.8853","-43.2288"
397,397-CAMPO GRANDE X CARIOCA,Fetranspor,219,17389243,"-22.8853","-43.2288"
397,397-CAMPO GRANDE X CARIOCA,Fetranspor,220,17389243,"-22.8855","-43.2291"
397,397-CAMPO GRANDE X CARIOCA,Fetranspor,221,17389243,"-22.8855","-43.2291"
397,397-CAMPO GRANDE X CARIOCA,Fetranspor,222,17389243,"-22.8864","-43.2302"
397,397-CAMPO GRANDE X CARIOCA,Fetranspor,223,17389243,"-22.8864","-43.2303"
397,397-CAMPO GRANDE X CARIOCA,Fetranspor,224,17389243,"-22.8865","-43.2304"
397,397-CAMPO GRANDE X CARIOCA,Fetranspor,225,17389243,"-22.8865","-43.2304"
397,397-CAMPO GRANDE X CARIOCA,Fetranspor,226,17389243,"-22.8866","-43.2306"
397,397-CAMPO GRANDE X CARIOCA,Fetranspor,227,17389243,"-22.8867","-43.2307"
397,397-CAMPO GRANDE X CARIOCA,Fetranspor,228,17389243,"-22.8868","-43.2309"
397,397-CAMPO GRANDE X CARIOCA,Fetranspor,229,17389243,"-22.8869","-43.2312"
397,397-CAMPO GRANDE X CARIOCA,Fetranspor,230,17389243,"-22.8869","-43.2314"
397,397-CAMPO GRANDE X CARIOCA,Fetranspor,231,17389243,"-22.8869","-43.2316"
397,397-CAMPO GRANDE X CARIOCA,Fetranspor,232,17389243,"-22.8869","-43.2317"
397,397-CAMPO GRANDE X CARIOCA,Fetranspor,233,17389243,"-22.8869","-43.2317"
397,397-CAMPO GRANDE X CARIOCA,Fetranspor,234,17389243,"-22.8869","-43.232"
397,397-CAMPO GRANDE X CARIOCA,Fetranspor,235,17389243,"-22.8869","-43.2324"
397,397-CAMPO GRANDE X CARIOCA,Fetranspor,236,17389243,"-22.8869","-43.2326"
397,397-CAMPO GRANDE X CARIOCA,Fetranspor,237,17389243,"-22.8868","-43.2327"
397,397-CAMPO GRANDE X CARIOCA,Fetranspor,238,17389243,"-22.8868","-43.2329"
397,397-CAMPO GRANDE X CARIOCA,Fetranspor,239,17389243,"-22.8867","-43.2331"
397,397-CAMPO GRANDE X CARIOCA,Fetranspor,240,17389243,"-22.8866","-43.2333"
397,397-CAMPO GRANDE X CARIOCA,Fetranspor,241,17389243,"-22.8866","-43.2333"
397,397-CAMPO GRANDE X CARIOCA,Fetranspor,242,17389243,"-22.8866","-43.2334"
397,397-CAMPO GRANDE X CARIOCA,Fetranspor,243,17389243,"-22.8864","-43.2337"
397,397-CAMPO GRANDE X CARIOCA,Fetranspor,244,17389243,"-22.8863","-43.2338"
397,397-CAMPO GRANDE X CARIOCA,Fetranspor,245,17389243,"-22.886","-43.2341"
397,397-CAMPO GRANDE X CARIOCA,Fetranspor,246,17389243,"-22.8856","-43.2345"
397,397-CAMPO GRANDE X CARIOCA,Fetranspor,247,17389243,"-22.8856","-43.2345"
397,397-CAMPO GRANDE X CARIOCA,Fetranspor,248,17389243,"-22.8856","-43.2345"
397,397-CAMPO GRANDE X CARIOCA,Fetranspor,249,17389243,"-22.8854","-43.2347"
397,397-CAMPO GRANDE X CARIOCA,Fetranspor,250,17389243,"-22.8852","-43.2348"
397,397-CAMPO GRANDE X CARIOCA,Fetranspor,251,17389243,"-22.8852","-43.2348"
397,397-CAMPO GRANDE X CARIOCA,Fetranspor,252,17389243,"-22.8835","-43.2364"
397,397-CAMPO GRANDE X CARIOCA,Fetranspor,253,17389243,"-22.8828","-43.2371"
397,397-CAMPO GRANDE X CARIOCA,Fetranspor,254,17389243,"-22.8826","-43.2373"
397,397-CAMPO GRANDE X CARIOCA,Fetranspor,255,17389243,"-22.8826","-43.2373"
397,397-CAMPO GRANDE X CARIOCA,Fetranspor,256,17389243,"-22.8822","-43.2376"
397,397-CAMPO GRANDE X CARIOCA,Fetranspor,257,17389243,"-22.8812","-43.2385"
397,397-CAMPO GRANDE X CARIOCA,Fetranspor,258,17389243,"-22.881","-43.2386"
397,397-CAMPO GRANDE X CARIOCA,Fetranspor,259,17389243,"-22.8803","-43.2392"
397,397-CAMPO GRANDE X CARIOCA,Fetranspor,260,17389243,"-22.8803","-43.2392"
397,397-CAMPO GRANDE X CARIOCA,Fetranspor,261,17389243,"-22.88","-43.2394"
397,397-CAMPO GRANDE X CARIOCA,Fetranspor,262,17389243,"-22.8797","-43.2396"
397,397-CAMPO GRANDE X CARIOCA,Fetranspor,263,17389243,"-22.8797","-43.2396"
397,397-CAMPO GRANDE X CARIOCA,Fetranspor,264,17389243,"-22.8795","-43.2397"
397,397-CAMPO GRANDE X CARIOCA,Fetranspor,265,17389243,"-22.8795","-43.2397"
397,397-CAMPO GRANDE X CARIOCA,Fetranspor,266,17389243,"-22.8791","-43.24"
397,397-CAMPO GRANDE X CARIOCA,Fetranspor,267,17389243,"-22.8781","-43.2407"
397,397-CAMPO GRANDE X CARIOCA,Fetranspor,268,17389243,"-22.8781","-43.2407"
397,397-CAMPO GRANDE X CARIOCA,Fetranspor,269,17389243,"-22.8772","-43.2412"
397,397-CAMPO GRANDE X CARIOCA,Fetranspor,270,17389243,"-22.8772","-43.2412"
397,397-CAMPO GRANDE X CARIOCA,Fetranspor,271,17389243,"-22.8771","-43.2414"
397,397-CAMPO GRANDE X CARIOCA,Fetranspor,272,17389243,"-22.875","-43.2429"
397,397-CAMPO GRANDE X CARIOCA,Fetranspor,273,17389243,"-22.875","-43.2429"
397,397-CAMPO GRANDE X CARIOCA,Fetranspor,274,17389243,"-22.8745","-43.2433"
397,397-CAMPO GRANDE X CARIOCA,Fetranspor,275,17389243,"-22.8745","-43.2433"
397,397-CAMPO GRANDE X CARIOCA,Fetranspor,276,17389243,"-22.8742","-43.2435"
397,397-CAMPO GRANDE X CARIOCA,Fetranspor,277,17389243,"-22.8739","-43.2438"
397,397-CAMPO GRANDE X CARIOCA,Fetranspor,278,17389243,"-22.8739","-43.2438"
397,397-CAMPO GRANDE X CARIOCA,Fetranspor,279,17389243,"-22.8736","-43.244"
397,397-CAMPO GRANDE X CARIOCA,Fetranspor,280,17389243,"-22.8728","-43.2447"
397,397-CAMPO GRANDE X CARIOCA,Fetranspor,281,17389243,"-22.8728","-43.2447"
397,397-CAMPO GRANDE X CARIOCA,Fetranspor,282,17389243,"-22.8719","-43.2454"
397,397-CAMPO GRANDE X CARIOCA,Fetranspor,283,17389243,"-22.8719","-43.2454"
397,397-CAMPO GRANDE X CARIOCA,Fetranspor,284,17389243,"-22.8713","-43.2458"
397,397-CAMPO GRANDE X CARIOCA,Fetranspor,285,17389243,"-22.8709","-43.2461"
397,397-CAMPO GRANDE X CARIOCA,Fetranspor,286,17389243,"-22.8706","-43.2463"
397,397-CAMPO GRANDE X CARIOCA,Fetranspor,287,17389243,"-22.8697","-43.2467"
397,397-CAMPO GRANDE X CARIOCA,Fetranspor,288,17389243,"-22.8695","-43.2468"
397,397-CAMPO GRANDE X CARIOCA,Fetranspor,289,17389243,"-22.8693","-43.2469"
397,397-CAMPO GRANDE X CARIOCA,Fetranspor,290,17389243,"-22.8693","-43.2469"
397,397-CAMPO GRANDE X CARIOCA,Fetranspor,291,17389243,"-22.869","-43.247"
397,397-CAMPO GRANDE X CARIOCA,Fetranspor,292,17389243,"-22.8687","-43.247"
397,397-CAMPO GRANDE X CARIOCA,Fetranspor,293,17389243,"-22.8685","-43.2471"
397,397-CAMPO GRANDE X CARIOCA,Fetranspor,294,17389243,"-22.8683","-43.2471"
397,397-CAMPO GRANDE X CARIOCA,Fetranspor,295,17389243,"-22.8678","-43.2472"
397,397-CAMPO GRANDE X CARIOCA,Fetranspor,296,17389243,"-22.8666","-43.2474"
397,397-CAMPO GRANDE X CARIOCA,Fetranspor,297,17389243,"-22.8661","-43.2475"
397,397-CAMPO GRANDE X CARIOCA,Fetranspor,298,17389243,"-22.8661","-43.2475"
397,397-CAMPO GRANDE X CARIOCA,Fetranspor,299,17389243,"-22.8657","-43.2475"
397,397-CAMPO GRANDE X CARIOCA,Fetranspor,300,17389243,"-22.8653","-43.2476"
397,397-CAMPO GRANDE X CARIOCA,Fetranspor,301,17389243,"-22.8649","-43.2477"
397,397-CAMPO GRANDE X CARIOCA,Fetranspor,302,17389243,"-22.8648","-43.2477"
397,397-CAMPO GRANDE X CARIOCA,Fetranspor,303,17389243,"-22.8648","-43.2477"
397,397-CAMPO GRANDE X CARIOCA,Fetranspor,304,17389243,"-22.8646","-43.2477"
397,397-CAMPO GRANDE X CARIOCA,Fetranspor,305,17389243,"-22.8644","-43.2477"
397,397-CAMPO GRANDE X CARIOCA,Fetranspor,306,17389243,"-22.8644","-43.2477"
397,397-CAMPO GRANDE X CARIOCA,Fetranspor,307,17389243,"-22.8643","-43.2477"
397,397-CAMPO GRANDE X CARIOCA,Fetranspor,308,17389243,"-22.8639","-43.2477"
397,397-CAMPO GRANDE X CARIOCA,Fetranspor,309,17389243,"-22.8639","-43.2477"
397,397-CAMPO GRANDE X CARIOCA,Fetranspor,310,17389243,"-22.8634","-43.2477"
397,397-CAMPO GRANDE X CARIOCA,Fetranspor,311,17389243,"-22.8634","-43.2477"
397,397-CAMPO GRANDE X CARIOCA,Fetranspor,312,17389243,"-22.8623","-43.2477"
397,397-CAMPO GRANDE X CARIOCA,Fetranspor,313,17389243,"-22.8623","-43.2477"
397,397-CAMPO GRANDE X CARIOCA,Fetranspor,314,17389243,"-22.8612","-43.2477"
397,397-CAMPO GRANDE X CARIOCA,Fetranspor,315,17389243,"-22.8612","-43.2477"
397,397-CAMPO GRANDE X CARIOCA,Fetranspor,316,17389243,"-22.8605","-43.2476"
397,397-CAMPO GRANDE X CARIOCA,Fetranspor,317,17389243,"-22.8605","-43.2476"
397,397-CAMPO GRANDE X CARIOCA,Fetranspor,318,17389243,"-22.8587","-43.2476"
397,397-CAMPO GRANDE X CARIOCA,Fetranspor,319,17389243,"-22.8587","-43.2476"
397,397-CAMPO GRANDE X CARIOCA,Fetranspor,320,17389243,"-22.8581","-43.2475"
397,397-CAMPO GRANDE X CARIOCA,Fetranspor,321,17389243,"-22.8578","-43.2475"
397,397-CAMPO GRANDE X CARIOCA,Fetranspor,322,17389243,"-22.8578","-43.2475"
397,397-CAMPO GRANDE X CARIOCA,Fetranspor,323,17389243,"-22.8573","-43.2475"
397,397-CAMPO GRANDE X CARIOCA,Fetranspor,324,17389243,"-22.857","-43.2475"
397,397-CAMPO GRANDE X CARIOCA,Fetranspor,325,17389243,"-22.857","-43.2475"
397,397-CAMPO GRANDE X CARIOCA,Fetranspor,326,17389243,"-22.8565","-43.2475"
397,397-CAMPO GRANDE X CARIOCA,Fetranspor,327,17389243,"-22.8565","-43.2475"
397,397-CAMPO GRANDE X CARIOCA,Fetranspor,328,17389243,"-22.8561","-43.2475"
397,397-CAMPO GRANDE X CARIOCA,Fetranspor,329,17389243,"-22.8561","-43.2475"
397,397-CAMPO GRANDE X CARIOCA,Fetranspor,330,17389243,"-22.8555","-43.2475"
397,397-CAMPO GRANDE X CARIOCA,Fetranspor,331,17389243,"-22.855","-43.2475"
397,397-CAMPO GRANDE X CARIOCA,Fetranspor,332,17389243,"-22.855","-43.2475"
397,397-CAMPO GRANDE X CARIOCA,Fetranspor,333,17389243,"-22.854","-43.2474"
397,397-CAMPO GRANDE X CARIOCA,Fetranspor,334,17389243,"-22.854","-43.2474"
397,397-CAMPO GRANDE X CARIOCA,Fetranspor,335,17389243,"-22.8533","-43.2474"
397,397-CAMPO GRANDE X CARIOCA,Fetranspor,336,17389243,"-22.8533","-43.2474"
397,397-CAMPO GRANDE X CARIOCA,Fetranspor,337,17389243,"-22.8531","-43.2474"
397,397-CAMPO GRANDE X CARIOCA,Fetranspor,338,17389243,"-22.8531","-43.2474"
397,397-CAMPO GRANDE X CARIOCA,Fetranspor,339,17389243,"-22.8524","-43.2474"
397,397-CAMPO GRANDE X CARIOCA,Fetranspor,340,17389243,"-22.8524","-43.2474"
397,397-CAMPO GRANDE X CARIOCA,Fetranspor,341,17389243,"-22.8521","-43.2474"
397,397-CAMPO GRANDE X CARIOCA,Fetranspor,342,17389243,"-22.8519","-43.2474"
397,397-CAMPO GRANDE X CARIOCA,Fetranspor,343,17389243,"-22.8519","-43.2474"
397,397-CAMPO GRANDE X CARIOCA,Fetranspor,344,17389243,"-22.8518","-43.2474"
397,397-CAMPO GRANDE X CARIOCA,Fetranspor,345,17389243,"-22.8517","-43.2473"
397,397-CAMPO GRANDE X CARIOCA,Fetranspor,346,17389243,"-22.8512","-43.2473"
397,397-CAMPO GRANDE X CARIOCA,Fetranspor,347,17389243,"-22.8512","-43.2473"
397,397-CAMPO GRANDE X CARIOCA,Fetranspor,348,17389243,"-22.8512","-43.2473"
397,397-CAMPO GRANDE X CARIOCA,Fetranspor,349,17389243,"-22.851","-43.2472"
397,397-CAMPO GRANDE X CARIOCA,Fetranspor,350,17389243,"-22.8505","-43.2472"
397,397-CAMPO GRANDE X CARIOCA,Fetranspor,351,17389243,"-22.8498","-43.247"
397,397-CAMPO GRANDE X CARIOCA,Fetranspor,352,17389243,"-22.8493","-43.247"
397,397-CAMPO GRANDE X CARIOCA,Fetranspor,353,17389243,"-22.8491","-43.2469"
397,397-CAMPO GRANDE X CARIOCA,Fetranspor,354,17389243,"-22.8491","-43.2469"
397,397-CAMPO GRANDE X CARIOCA,Fetranspor,355,17389243,"-22.8487","-43.247"
397,397-CAMPO GRANDE X CARIOCA,Fetranspor,356,17389243,"-22.8483","-43.247"
397,397-CAMPO GRANDE X CARIOCA,Fetranspor,357,17389243,"-22.8481","-43.247"
397,397-CAMPO GRANDE X CARIOCA,Fetranspor,358,17389243,"-22.848","-43.2471"
397,397-CAMPO GRANDE X CARIOCA,Fetranspor,359,17389243,"-22.8474","-43.2472"
397,397-CAMPO GRANDE X CARIOCA,Fetranspor,360,17389243,"-22.8474","-43.2472"
397,397-CAMPO GRANDE X CARIOCA,Fetranspor,361,17389243,"-22.8471","-43.2473"
397,397-CAMPO GRANDE X CARIOCA,Fetranspor,362,17389243,"-22.8466","-43.2475"
397,397-CAMPO GRANDE X CARIOCA,Fetranspor,363,17389243,"-22.8464","-43.2477"
397,397-CAMPO GRANDE X CARIOCA,Fetranspor,364,17389243,"-22.8462","-43.2478"
397,397-CAMPO GRANDE X CARIOCA,Fetranspor,365,17389243,"-22.8459","-43.248"
397,397-CAMPO GRANDE X CARIOCA,Fetranspor,366,17389243,"-22.8458","-43.2481"
397,397-CAMPO GRANDE X CARIOCA,Fetranspor,367,17389243,"-22.8448","-43.2489"
397,397-CAMPO GRANDE X CARIOCA,Fetranspor,368,17389243,"-22.8448","-43.2489"
397,397-CAMPO GRANDE X CARIOCA,Fetranspor,369,17389243,"-22.8445","-43.2492"
397,397-CAMPO GRANDE X CARIOCA,Fetranspor,370,17389243,"-22.8444","-43.2493"
397,397-CAMPO GRANDE X CARIOCA,Fetranspor,371,17389243,"-22.8444","-43.2493"
397,397-CAMPO GRANDE X CARIOCA,Fetranspor,372,17389243,"-22.8442","-43.2495"
397,397-CAMPO GRANDE X CARIOCA,Fetranspor,373,17389243,"-22.8442","-43.2495"
397,397-CAMPO GRANDE X CARIOCA,Fetranspor,374,17389243,"-22.8441","-43.2496"
397,397-CAMPO GRANDE X CARIOCA,Fetranspor,375,17389243,"-22.8437","-43.25"
397,397-CAMPO GRANDE X CARIOCA,Fetranspor,376,17389243,"-22.8437","-43.25"
397,397-CAMPO GRANDE X CARIOCA,Fetranspor,377,17389243,"-22.8429","-43.2507"
397,397-CAMPO GRANDE X CARIOCA,Fetranspor,378,17389243,"-22.8429","-43.2507"
397,397-CAMPO GRANDE X CARIOCA,Fetranspor,379,17389243,"-22.842","-43.2515"
397,397-CAMPO GRANDE X CARIOCA,Fetranspor,380,17389243,"-22.842","-43.2515"
397,397-CAMPO GRANDE X CARIOCA,Fetranspor,381,17389243,"-22.8401","-43.2533"
397,397-CAMPO GRANDE X CARIOCA,Fetranspor,382,17389243,"-22.8401","-43.2533"
397,397-CAMPO GRANDE X CARIOCA,Fetranspor,383,17389243,"-22.84","-43.2533"
397,397-CAMPO GRANDE X CARIOCA,Fetranspor,384,17389243,"-22.8396","-43.2537"
397,397-CAMPO GRANDE X CARIOCA,Fetranspor,385,17389243,"-22.8393","-43.254"
397,397-CAMPO GRANDE X CARIOCA,Fetranspor,386,17389243,"-22.8393","-43.254"
397,397-CAMPO GRANDE X CARIOCA,Fetranspor,387,17389243,"-22.839","-43.2543"
397,397-CAMPO GRANDE X CARIOCA,Fetranspor,388,17389243,"-22.8387","-43.2547"
397,397-CAMPO GRANDE X CARIOCA,Fetranspor,389,17389243,"-22.8384","-43.255"
397,397-CAMPO GRANDE X CARIOCA,Fetranspor,390,17389243,"-22.8383","-43.2552"
397,397-CAMPO GRANDE X CARIOCA,Fetranspor,391,17389243,"-22.8381","-43.2555"
397,397-CAMPO GRANDE X CARIOCA,Fetranspor,392,17389243,"-22.8379","-43.2557"
397,397-CAMPO GRANDE X CARIOCA,Fetranspor,393,17389243,"-22.8379","-43.2557"
397,397-CAMPO GRANDE X CARIOCA,Fetranspor,394,17389243,"-22.8377","-43.2561"
397,397-CAMPO GRANDE X CARIOCA,Fetranspor,395,17389243,"-22.8376","-43.2563"
397,397-CAMPO GRANDE X CARIOCA,Fetranspor,396,17389243,"-22.8374","-43.2566"
397,397-CAMPO GRANDE X CARIOCA,Fetranspor,397,17389243,"-22.8368","-43.2579"
397,397-CAMPO GRANDE X CARIOCA,Fetranspor,398,17389243,"-22.8368","-43.2579"
397,397-CAMPO GRANDE X CARIOCA,Fetranspor,399,17389243,"-22.8364","-43.2586"
397,397-CAMPO GRANDE X CARIOCA,Fetranspor,400,17389243,"-22.8336","-43.2638"
397,397-CAMPO GRANDE X CARIOCA,Fetranspor,401,17389243,"-22.8332","-43.2646"
397,397-CAMPO GRANDE X CARIOCA,Fetranspor,402,17389243,"-22.8318","-43.2671"
397,397-CAMPO GRANDE X CARIOCA,Fetranspor,403,17389243,"-22.8313","-43.268"
397,397-CAMPO GRANDE X CARIOCA,Fetranspor,404,17389243,"-22.8312","-43.2683"
397,397-CAMPO GRANDE X CARIOCA,Fetranspor,405,17389243,"-22.8312","-43.2683"
397,397-CAMPO GRANDE X CARIOCA,Fetranspor,406,17389243,"-22.8311","-43.2685"
397,397-CAMPO GRANDE X CARIOCA,Fetranspor,407,17389243,"-22.8309","-43.2688"
397,397-CAMPO GRANDE X CARIOCA,Fetranspor,408,17389243,"-22.8306","-43.2693"
397,397-CAMPO GRANDE X CARIOCA,Fetranspor,409,17389243,"-22.8304","-43.2696"
397,397-CAMPO GRANDE X CARIOCA,Fetranspor,410,17389243,"-22.8301","-43.2702"
397,397-CAMPO GRANDE X CARIOCA,Fetranspor,411,17389243,"-22.8297","-43.2706"
397,397-CAMPO GRANDE X CARIOCA,Fetranspor,412,17389243,"-22.8297","-43.2706"
397,397-CAMPO GRANDE X CARIOCA,Fetranspor,413,17389243,"-22.8295","-43.2708"
397,397-CAMPO GRANDE X CARIOCA,Fetranspor,414,17389243,"-22.8295","-43.2708"
397,397-CAMPO GRANDE X CARIOCA,Fetranspor,415,17389243,"-22.829","-43.2715"
397,397-CAMPO GRANDE X CARIOCA,Fetranspor,416,17389243,"-22.8286","-43.272"
397,397-CAMPO GRANDE X CARIOCA,Fetranspor,417,17389243,"-22.8285","-43.2721"
397,397-CAMPO GRANDE X CARIOCA,Fetranspor,418,17389243,"-22.8281","-43.2727"
397,397-CAMPO GRANDE X CARIOCA,Fetranspor,419,17389243,"-22.8281","-43.2727"
397,397-CAMPO GRANDE X CARIOCA,Fetranspor,420,17389243,"-22.8268","-43.2743"
397,397-CAMPO GRANDE X CARIOCA,Fetranspor,421,17389243,"-22.8265","-43.2747"
397,397-CAMPO GRANDE X CARIOCA,Fetranspor,422,17389243,"-22.8265","-43.2747"
397,397-CAMPO GRANDE X CARIOCA,Fetranspor,423,17389243,"-22.8264","-43.2748"
397,397-CAMPO GRANDE X CARIOCA,Fetranspor,424,17389243,"-22.826","-43.2754"
397,397-CAMPO GRANDE X CARIOCA,Fetranspor,425,17389243,"-22.826","-43.2754"
397,397-CAMPO GRANDE X CARIOCA,Fetranspor,426,17389243,"-22.8253","-43.2762"
397,397-CAMPO GRANDE X CARIOCA,Fetranspor,427,17389243,"-22.8253","-43.2762"
397,397-CAMPO GRANDE X CARIOCA,Fetranspor,428,17389243,"-22.8248","-43.2769"
397,397-CAMPO GRANDE X CARIOCA,Fetranspor,429,17389243,"-22.8245","-43.2773"
397,397-CAMPO GRANDE X CARIOCA,Fetranspor,430,17389243,"-22.8241","-43.2778"
397,397-CAMPO GRANDE X CARIOCA,Fetranspor,431,17389243,"-22.8237","-43.2783"
397,397-CAMPO GRANDE X CARIOCA,Fetranspor,432,17389243,"-22.8232","-43.279"
397,397-CAMPO GRANDE X CARIOCA,Fetranspor,433,17389243,"-22.8226","-43.2798"
397,397-CAMPO GRANDE X CARIOCA,Fetranspor,434,17389243,"-22.8226","-43.2798"
397,397-CAMPO GRANDE X CARIOCA,Fetranspor,435,17389243,"-22.8212","-43.2814"
397,397-CAMPO GRANDE X CARIOCA,Fetranspor,436,17389243,"-22.8212","-43.2814"
397,397-CAMPO GRANDE X CARIOCA,Fetranspor,437,17389243,"-22.8203","-43.2826"
397,397-CAMPO GRANDE X CARIOCA,Fetranspor,438,17389243,"-22.8203","-43.2826"
397,397-CAMPO GRANDE X CARIOCA,Fetranspor,439,17389243,"-22.8195","-43.2836"
397,397-CAMPO GRANDE X CARIOCA,Fetranspor,440,17389243,"-22.8195","-43.2836"
397,397-CAMPO GRANDE X CARIOCA,Fetranspor,441,17389243,"-22.8179","-43.2858"
397,397-CAMPO GRANDE X CARIOCA,Fetranspor,442,17389243,"-22.8179","-43.2858"
397,397-CAMPO GRANDE X CARIOCA,Fetranspor,443,17389243,"-22.8174","-43.2864"
397,397-CAMPO GRANDE X CARIOCA,Fetranspor,444,17389243,"-22.817","-43.2868"
397,397-CAMPO GRANDE X CARIOCA,Fetranspor,445,17389243,"-22.8169","-43.287"
397,397-CAMPO GRANDE X CARIOCA,Fetranspor,446,17389243,"-22.8169","-43.287"
397,397-CAMPO GRANDE X CARIOCA,Fetranspor,447,17389243,"-22.8166","-43.2873"
397,397-CAMPO GRANDE X CARIOCA,Fetranspor,448,17389243,"-22.8163","-43.2878"
397,397-CAMPO GRANDE X CARIOCA,Fetranspor,449,17389243,"-22.8161","-43.2881"
397,397-CAMPO GRANDE X CARIOCA,Fetranspor,450,17389243,"-22.8161","-43.2881"
397,397-CAMPO GRANDE X CARIOCA,Fetranspor,451,17389243,"-22.8158","-43.2886"
397,397-CAMPO GRANDE X CARIOCA,Fetranspor,452,17389243,"-22.8158","-43.2887"
397,397-CAMPO GRANDE X CARIOCA,Fetranspor,453,17389243,"-22.8157","-43.2888"
397,397-CAMPO GRANDE X CARIOCA,Fetranspor,454,17389243,"-22.8156","-43.2891"
397,397-CAMPO GRANDE X CARIOCA,Fetranspor,455,17389243,"-22.8156","-43.2891"
397,397-CAMPO GRANDE X CARIOCA,Fetranspor,456,17389243,"-22.8153","-43.2898"
397,397-CAMPO GRANDE X CARIOCA,Fetranspor,457,17389243,"-22.8151","-43.2907"
397,397-CAMPO GRANDE X CARIOCA,Fetranspor,458,17389243,"-22.8151","-43.2907"
397,397-CAMPO GRANDE X CARIOCA,Fetranspor,459,17389243,"-22.815","-43.291"
397,397-CAMPO GRANDE X CARIOCA,Fetranspor,460,17389243,"-22.8148","-43.2917"
397,397-CAMPO GRANDE X CARIOCA,Fetranspor,461,17389243,"-22.8148","-43.2917"
397,397-CAMPO GRANDE X CARIOCA,Fetranspor,462,17389243,"-22.8145","-43.293"
397,397-CAMPO GRANDE X CARIOCA,Fetranspor,463,17389243,"-22.8145","-43.293"
397,397-CAMPO GRANDE X CARIOCA,Fetranspor,464,17389243,"-22.8143","-43.2935"
397,397-CAMPO GRANDE X CARIOCA,Fetranspor,465,17389243,"-22.8143","-43.2937"
397,397-CAMPO GRANDE X CARIOCA,Fetranspor,466,17389243,"-22.8142","-43.294"
397,397-CAMPO GRANDE X CARIOCA,Fetranspor,467,17389243,"-22.8142","-43.294"
397,397-CAMPO GRANDE X CARIOCA,Fetranspor,468,17389243,"-22.8142","-43.2943"
397,397-CAMPO GRANDE X CARIOCA,Fetranspor,469,17389243,"-22.8141","-43.2946"
397,397-CAMPO GRANDE X CARIOCA,Fetranspor,470,17389243,"-22.8141","-43.2946"
397,397-CAMPO GRANDE X CARIOCA,Fetranspor,471,17389243,"-22.8141","-43.2951"
397,397-CAMPO GRANDE X CARIOCA,Fetranspor,472,17389243,"-22.8141","-43.2955"
397,397-CAMPO GRANDE X CARIOCA,Fetranspor,473,17389243,"-22.8141","-43.2956"
397,397-CAMPO GRANDE X CARIOCA,Fetranspor,474,17389243,"-22.8141","-43.2956"
397,397-CAMPO GRANDE X CARIOCA,Fetranspor,475,17389243,"-22.8142","-43.2959"
397,397-CAMPO GRANDE X CARIOCA,Fetranspor,476,17389243,"-22.8142","-43.2962"
397,397-CAMPO GRANDE X CARIOCA,Fetranspor,477,17389243,"-22.8149","-43.2992"
397,397-CAMPO GRANDE X CARIOCA,Fetranspor,478,17389243,"-22.8151","-43.3001"
397,397-CAMPO GRANDE X CARIOCA,Fetranspor,479,17389243,"-22.8151","-43.3001"
397,397-CAMPO GRANDE X CARIOCA,Fetranspor,480,17389243,"-22.8151","-43.3002"
397,397-CAMPO GRANDE X CARIOCA,Fetranspor,481,17389243,"-22.8152","-43.3004"
397,397-CAMPO GRANDE X CARIOCA,Fetranspor,482,17389243,"-22.8152","-43.3004"
397,397-CAMPO GRANDE X CARIOCA,Fetranspor,483,17389243,"-22.8152","-43.3005"
397,397-CAMPO GRANDE X CARIOCA,Fetranspor,484,17389243,"-22.8153","-43.301"
397,397-CAMPO GRANDE X CARIOCA,Fetranspor,485,17389243,"-22.8153","-43.3011"
397,397-CAMPO GRANDE X CARIOCA,Fetranspor,486,17389243,"-22.8161","-43.3044"
397,397-CAMPO GRANDE X CARIOCA,Fetranspor,487,17389243,"-22.8161","-43.3044"
397,397-CAMPO GRANDE X CARIOCA,Fetranspor,488,17389243,"-22.8163","-43.3052"
397,397-CAMPO GRANDE X CARIOCA,Fetranspor,489,17389243,"-22.8163","-43.3052"
397,397-CAMPO GRANDE X CARIOCA,Fetranspor,490,17389243,"-22.8163","-43.3052"
397,397-CAMPO GRANDE X CARIOCA,Fetranspor,491,17389243,"-22.8164","-43.3054"
397,397-CAMPO GRANDE X CARIOCA,Fetranspor,492,17389243,"-22.8166","-43.3058"
397,397-CAMPO GRANDE X CARIOCA,Fetranspor,493,17389243,"-22.8166","-43.3058"
397,397-CAMPO GRANDE X CARIOCA,Fetranspor,494,17389243,"-22.8168","-43.3062"
397,397-CAMPO GRANDE X CARIOCA,Fetranspor,495,17389243,"-22.8168","-43.3062"
397,397-CAMPO GRANDE X CARIOCA,Fetranspor,496,17389243,"-22.8169","-43.3066"
397,397-CAMPO GRANDE X CARIOCA,Fetranspor,497,17389243,"-22.8171","-43.307"
397,397-CAMPO GRANDE X CARIOCA,Fetranspor,498,17389243,"-22.8174","-43.3075"
397,397-CAMPO GRANDE X CARIOCA,Fetranspor,499,17389243,"-22.8179","-43.3082"
397,397-CAMPO GRANDE X CARIOCA,Fetranspor,500,17389243,"-22.8179","-43.3082"
397,397-CAMPO GRANDE X CARIOCA,Fetranspor,501,17389243,"-22.8181","-43.3086"
397,397-CAMPO GRANDE X CARIOCA,Fetranspor,502,17389243,"-22.8184","-43.3091"
397,397-CAMPO GRANDE X CARIOCA,Fetranspor,503,17389243,"-22.8186","-43.3093"
397,397-CAMPO GRANDE X CARIOCA,Fetranspor,504,17389243,"-22.8187","-43.3095"
397,397-CAMPO GRANDE X CARIOCA,Fetranspor,505,17389243,"-22.8187","-43.3095"
397,397-CAMPO GRANDE X CARIOCA,Fetranspor,506,17389243,"-22.8188","-43.3096"
397,397-CAMPO GRANDE X CARIOCA,Fetranspor,507,17389243,"-22.819","-43.3101"
397,397-CAMPO GRANDE X CARIOCA,Fetranspor,508,17389243,"-22.8192","-43.3105"
397,397-CAMPO GRANDE X CARIOCA,Fetranspor,509,17389243,"-22.8193","-43.3108"
397,397-CAMPO GRANDE X CARIOCA,Fetranspor,510,17389243,"-22.8193","-43.3108"
397,397-CAMPO GRANDE X CARIOCA,Fetranspor,511,17389243,"-22.8194","-43.311"
397,397-CAMPO GRANDE X CARIOCA,Fetranspor,512,17389243,"-22.8195","-43.3113"
397,397-CAMPO GRANDE X CARIOCA,Fetranspor,513,17389243,"-22.8196","-43.3118"
397,397-CAMPO GRANDE X CARIOCA,Fetranspor,514,17389243,"-22.8196","-43.3118"
397,397-CAMPO GRANDE X CARIOCA,Fetranspor,515,17389243,"-22.8196","-43.3121"
397,397-CAMPO GRANDE X CARIOCA,Fetranspor,516,17389243,"-22.8197","-43.3126"
397,397-CAMPO GRANDE X CARIOCA,Fetranspor,517,17389243,"-22.8197","-43.3129"
397,397-CAMPO GRANDE X CARIOCA,Fetranspor,518,17389243,"-22.8197","-43.3129"
397,397-CAMPO GRANDE X CARIOCA,Fetranspor,519,17389243,"-22.8197","-43.3131"
397,397-CAMPO GRANDE X CARIOCA,Fetranspor,520,17389243,"-22.8197","-43.3135"
397,397-CAMPO GRANDE X CARIOCA,Fetranspor,521,17389243,"-22.8197","-43.3139"
397,397-CAMPO GRANDE X CARIOCA,Fetranspor,522,17389243,"-22.8197","-43.3139"
397,397-CAMPO GRANDE X CARIOCA,Fetranspor,523,17389243,"-22.8196","-43.3143"
397,397-CAMPO GRANDE X CARIOCA,Fetranspor,524,17389243,"-22.8196","-43.3146"
397,397-CAMPO GRANDE X CARIOCA,Fetranspor,525,17389243,"-22.8196","-43.3149"
397,397-CAMPO GRANDE X CARIOCA,Fetranspor,526,17389243,"-22.8196","-43.3149"
397,397-CAMPO GRANDE X CARIOCA,Fetranspor,527,17389243,"-22.8196","-43.3151"
397,397-CAMPO GRANDE X CARIOCA,Fetranspor,528,17389243,"-22.8196","-43.3151"
397,397-CAMPO GRANDE X CARIOCA,Fetranspor,529,17389243,"-22.8196","-43.3157"
397,397-CAMPO GRANDE X CARIOCA,Fetranspor,530,17389243,"-22.8196","-43.3169"
397,397-CAMPO GRANDE X CARIOCA,Fetranspor,531,17389243,"-22.8196","-43.3169"
397,397-CAMPO GRANDE X CARIOCA,Fetranspor,532,17389243,"-22.8196","-43.3173"
397,397-CAMPO GRANDE X CARIOCA,Fetranspor,533,17389243,"-22.8196","-43.3173"
397,397-CAMPO GRANDE X CARIOCA,Fetranspor,534,17389243,"-22.8196","-43.3176"
397,397-CAMPO GRANDE X CARIOCA,Fetranspor,535,17389243,"-22.8197","-43.3183"
397,397-CAMPO GRANDE X CARIOCA,Fetranspor,536,17389243,"-22.8197","-43.3193"
397,397-CAMPO GRANDE X CARIOCA,Fetranspor,537,17389243,"-22.8198","-43.3195"
397,397-CAMPO GRANDE X CARIOCA,Fetranspor,538,17389243,"-22.8198","-43.3195"
397,397-CAMPO GRANDE X CARIOCA,Fetranspor,539,17389243,"-22.8198","-43.3196"
397,397-CAMPO GRANDE X CARIOCA,Fetranspor,540,17389243,"-22.8199","-43.3201"
397,397-CAMPO GRANDE X CARIOCA,Fetranspor,541,17389243,"-22.82","-43.3202"
397,397-CAMPO GRANDE X CARIOCA,Fetranspor,542,17389243,"-22.82","-43.3202"
397,397-CAMPO GRANDE X CARIOCA,Fetranspor,543,17389243,"-22.82","-43.3203"
397,397-CAMPO GRANDE X CARIOCA,Fetranspor,544,17389243,"-22.82","-43.3203"
397,397-CAMPO GRANDE X CARIOCA,Fetranspor,545,17389243,"-22.82","-43.3205"
397,397-CAMPO GRANDE X CARIOCA,Fetranspor,546,17389243,"-22.82","-43.3205"
397,397-CAMPO GRANDE X CARIOCA,Fetranspor,547,17389243,"-22.8201","-43.3208"
397,397-CAMPO GRANDE X CARIOCA,Fetranspor,548,17389243,"-22.8203","-43.3213"
397,397-CAMPO GRANDE X CARIOCA,Fetranspor,549,17389243,"-22.8203","-43.3213"
397,397-CAMPO GRANDE X CARIOCA,Fetranspor,550,17389243,"-22.8206","-43.322"
397,397-CAMPO GRANDE X CARIOCA,Fetranspor,551,17389243,"-22.8207","-43.3223"
397,397-CAMPO GRANDE X CARIOCA,Fetranspor,552,17389243,"-22.8208","-43.3225"
397,397-CAMPO GRANDE X CARIOCA,Fetranspor,553,17389243,"-22.821","-43.3231"
397,397-CAMPO GRANDE X CARIOCA,Fetranspor,554,17389243,"-22.821","-43.3231"
397,397-CAMPO GRANDE X CARIOCA,Fetranspor,555,17389243,"-22.8211","-43.3235"
397,397-CAMPO GRANDE X CARIOCA,Fetranspor,556,17389243,"-22.8214","-43.3242"
397,397-CAMPO GRANDE X CARIOCA,Fetranspor,557,17389243,"-22.8217","-43.3251"
397,397-CAMPO GRANDE X CARIOCA,Fetranspor,558,17389243,"-22.8217","-43.3251"
397,397-CAMPO GRANDE X CARIOCA,Fetranspor,559,17389243,"-22.8219","-43.3259"
397,397-CAMPO GRANDE X CARIOCA,Fetranspor,560,17389243,"-22.8225","-43.3276"
397,397-CAMPO GRANDE X CARIOCA,Fetranspor,561,17389243,"-22.8231","-43.3296"
397,397-CAMPO GRANDE X CARIOCA,Fetranspor,562,17389243,"-22.8231","-43.3296"
397,397-CAMPO GRANDE X CARIOCA,Fetranspor,563,17389243,"-22.8236","-43.3312"
397,397-CAMPO GRANDE X CARIOCA,Fetranspor,564,17389243,"-22.8237","-43.3313"
397,397-CAMPO GRANDE X CARIOCA,Fetranspor,565,17389243,"-22.8237","-43.3313"
397,397-CAMPO GRANDE X CARIOCA,Fetranspor,566,17389243,"-22.8241","-43.3326"
397,397-CAMPO GRANDE X CARIOCA,Fetranspor,567,17389243,"-22.8241","-43.3326"
397,397-CAMPO GRANDE X CARIOCA,Fetranspor,568,17389243,"-22.8242","-43.3329"
397,397-CAMPO GRANDE X CARIOCA,Fetranspor,569,17389243,"-22.8244","-43.3334"
397,397-CAMPO GRANDE X CARIOCA,Fetranspor,570,17389243,"-22.8244","-43.3334"
397,397-CAMPO GRANDE X CARIOCA,Fetranspor,571,17389243,"-22.8245","-43.3336"
397,397-CAMPO GRANDE X CARIOCA,Fetranspor,572,17389243,"-22.8245","-43.3336"
397,397-CAMPO GRANDE X CARIOCA,Fetranspor,573,17389243,"-22.8246","-43.3338"
397,397-CAMPO GRANDE X CARIOCA,Fetranspor,574,17389243,"-22.8246","-43.3338"
397,397-CAMPO GRANDE X CARIOCA,Fetranspor,575,17389243,"-22.8247","-43.3343"
397,397-CAMPO GRANDE X CARIOCA,Fetranspor,576,17389243,"-22.8247","-43.3343"
397,397-CAMPO GRANDE X CARIOCA,Fetranspor,577,17389243,"-22.8249","-43.3349"
397,397-CAMPO GRANDE X CARIOCA,Fetranspor,578,17389243,"-22.8249","-43.3349"
397,397-CAMPO GRANDE X CARIOCA,Fetranspor,579,17389243,"-22.8252","-43.3358"
397,397-CAMPO GRANDE X CARIOCA,Fetranspor,580,17389243,"-22.8257","-43.337"
397,397-CAMPO GRANDE X CARIOCA,Fetranspor,581,17389243,"-22.826","-43.338"
397,397-CAMPO GRANDE X CARIOCA,Fetranspor,582,17389243,"-22.8262","-43.3384"
397,397-CAMPO GRANDE X CARIOCA,Fetranspor,583,17389243,"-22.8263","-43.3387"
397,397-CAMPO GRANDE X CARIOCA,Fetranspor,584,17389243,"-22.8266","-43.3396"
397,397-CAMPO GRANDE X CARIOCA,Fetranspor,585,17389243,"-22.8267","-43.3397"
397,397-CAMPO GRANDE X CARIOCA,Fetranspor,586,17389243,"-22.8267","-43.3397"
397,397-CAMPO GRANDE X CARIOCA,Fetranspor,587,17389243,"-22.8267","-43.3399"
397,397-CAMPO GRANDE X CARIOCA,Fetranspor,588,17389243,"-22.8268","-43.34"
397,397-CAMPO GRANDE X CARIOCA,Fetranspor,589,17389243,"-22.8268","-43.34"
397,397-CAMPO GRANDE X CARIOCA,Fetranspor,590,17389243,"-22.8269","-43.3404"
397,397-CAMPO GRANDE X CARIOCA,Fetranspor,591,17389243,"-22.8272","-43.3411"
397,397-CAMPO GRANDE X CARIOCA,Fetranspor,592,17389243,"-22.8272","-43.3411"
397,397-CAMPO GRANDE X CARIOCA,Fetranspor,593,17389243,"-22.8273","-43.3413"
397,397-CAMPO GRANDE X CARIOCA,Fetranspor,594,17389243,"-22.8275","-43.3418"
397,397-CAMPO GRANDE X CARIOCA,Fetranspor,595,17389243,"-22.8275","-43.342"
397,397-CAMPO GRANDE X CARIOCA,Fetranspor,596,17389243,"-22.8275","-43.342"
397,397-CAMPO GRANDE X CARIOCA,Fetranspor,597,17389243,"-22.8275","-43.3421"
397,397-CAMPO GRANDE X CARIOCA,Fetranspor,598,17389243,"-22.8276","-43.3422"
397,397-CAMPO GRANDE X CARIOCA,Fetranspor,599,17389243,"-22.8277","-43.3424"
397,397-CAMPO GRANDE X CARIOCA,Fetranspor,600,17389243,"-22.8278","-43.3425"
397,397-CAMPO GRANDE X CARIOCA,Fetranspor,601,17389243,"-22.8278","-43.3425"
397,397-CAMPO GRANDE X CARIOCA,Fetranspor,602,17389243,"-22.8279","-43.3429"
397,397-CAMPO GRANDE X CARIOCA,Fetranspor,603,17389243,"-22.8281","-43.3431"
397,397-CAMPO GRANDE X CARIOCA,Fetranspor,604,17389243,"-22.8286","-43.3446"
397,397-CAMPO GRANDE X CARIOCA,Fetranspor,605,17389243,"-22.8287","-43.3451"
397,397-CAMPO GRANDE X CARIOCA,Fetranspor,606,17389243,"-22.8288","-43.3452"
397,397-CAMPO GRANDE X CARIOCA,Fetranspor,607,17389243,"-22.8288","-43.3452"
397,397-CAMPO GRANDE X CARIOCA,Fetranspor,608,17389243,"-22.8289","-43.3455"
397,397-CAMPO GRANDE X CARIOCA,Fetranspor,609,17389243,"-22.8289","-43.3457"
397,397-CAMPO GRANDE X CARIOCA,Fetranspor,610,17389243,"-22.8291","-43.3461"
397,397-CAMPO GRANDE X CARIOCA,Fetranspor,611,17389243,"-22.8295","-43.3472"
397,397-CAMPO GRANDE X CARIOCA,Fetranspor,612,17389243,"-22.8301","-43.3486"
397,397-CAMPO GRANDE X CARIOCA,Fetranspor,613,17389243,"-22.8303","-43.3493"
397,397-CAMPO GRANDE X CARIOCA,Fetranspor,614,17389243,"-22.8303","-43.3493"
397,397-CAMPO GRANDE X CARIOCA,Fetranspor,615,17389243,"-22.8308","-43.3505"
397,397-CAMPO GRANDE X CARIOCA,Fetranspor,616,17389243,"-22.831","-43.3513"
397,397-CAMPO GRANDE X CARIOCA,Fetranspor,617,17389243,"-22.831","-43.3513"
397,397-CAMPO GRANDE X CARIOCA,Fetranspor,618,17389243,"-22.8312","-43.3518"
397,397-CAMPO GRANDE X CARIOCA,Fetranspor,619,17389243,"-22.8317","-43.353"
397,397-CAMPO GRANDE X CARIOCA,Fetranspor,620,17389243,"-22.8319","-43.3535"
397,397-CAMPO GRANDE X CARIOCA,Fetranspor,621,17389243,"-22.8319","-43.3535"
397,397-CAMPO GRANDE X CARIOCA,Fetranspor,622,17389243,"-22.8319","-43.3536"
397,397-CAMPO GRANDE X CARIOCA,Fetranspor,623,17389243,"-22.8326","-43.3555"
397,397-CAMPO GRANDE X CARIOCA,Fetranspor,624,17389243,"-22.833","-43.3565"
397,397-CAMPO GRANDE X CARIOCA,Fetranspor,625,17389243,"-22.833","-43.3565"
397,397-CAMPO GRANDE X CARIOCA,Fetranspor,626,17389243,"-22.8333","-43.3573"
397,397-CAMPO GRANDE X CARIOCA,Fetranspor,627,17389243,"-22.8337","-43.3585"
397,397-CAMPO GRANDE X CARIOCA,Fetranspor,628,17389243,"-22.8339","-43.3588"
397,397-CAMPO GRANDE X CARIOCA,Fetranspor,629,17389243,"-22.834","-43.3591"
397,397-CAMPO GRANDE X CARIOCA,Fetranspor,630,17389243,"-22.8344","-43.3601"
397,397-CAMPO GRANDE X CARIOCA,Fetranspor,631,17389243,"-22.8344","-43.3601"
397,397-CAMPO GRANDE X CARIOCA,Fetranspor,632,17389243,"-22.8345","-43.3601"
397,397-CAMPO GRANDE X CARIOCA,Fetranspor,633,17389243,"-22.8349","-43.3609"
397,397-CAMPO GRANDE X CARIOCA,Fetranspor,634,17389243,"-22.8349","-43.3609"
397,397-CAMPO GRANDE X CARIOCA,Fetranspor,635,17389243,"-22.835","-43.3611"
397,397-CAMPO GRANDE X CARIOCA,Fetranspor,636,17389243,"-22.835","-43.3611"
397,397-CAMPO GRANDE X CARIOCA,Fetranspor,637,17389243,"-22.8351","-43.3613"
397,397-CAMPO GRANDE X CARIOCA,Fetranspor,638,17389243,"-22.8351","-43.3613"
397,397-CAMPO GRANDE X CARIOCA,Fetranspor,639,17389243,"-22.8355","-43.3619"
397,397-CAMPO GRANDE X CARIOCA,Fetranspor,640,17389243,"-22.8355","-43.3619"
397,397-CAMPO GRANDE X CARIOCA,Fetranspor,641,17389243,"-22.8363","-43.3632"
397,397-CAMPO GRANDE X CARIOCA,Fetranspor,642,17389243,"-22.8363","-43.3632"
397,397-CAMPO GRANDE X CARIOCA,Fetranspor,643,17389243,"-22.8364","-43.3633"
397,397-CAMPO GRANDE X CARIOCA,Fetranspor,644,17389243,"-22.8365","-43.3635"
397,397-CAMPO GRANDE X CARIOCA,Fetranspor,645,17389243,"-22.8365","-43.3635"
397,397-CAMPO GRANDE X CARIOCA,Fetranspor,646,17389243,"-22.8368","-43.364"
397,397-CAMPO GRANDE X CARIOCA,Fetranspor,647,17389243,"-22.8376","-43.3654"
397,397-CAMPO GRANDE X CARIOCA,Fetranspor,648,17389243,"-22.8376","-43.3654"
397,397-CAMPO GRANDE X CARIOCA,Fetranspor,649,17389243,"-22.8376","-43.3654"
397,397-CAMPO GRANDE X CARIOCA,Fetranspor,650,17389243,"-22.8376","-43.3654"
397,397-CAMPO GRANDE X CARIOCA,Fetranspor,651,17389243,"-22.8378","-43.3657"
397,397-CAMPO GRANDE X CARIOCA,Fetranspor,652,17389243,"-22.8378","-43.3657"
397,397-CAMPO GRANDE X CARIOCA,Fetranspor,653,17389243,"-22.838","-43.3659"
397,397-CAMPO GRANDE X CARIOCA,Fetranspor,654,17389243,"-22.8382","-43.3662"
397,397-CAMPO GRANDE X CARIOCA,Fetranspor,655,17389243,"-22.8382","-43.3664"
397,397-CAMPO GRANDE X CARIOCA,Fetranspor,656,17389243,"-22.8382","-43.3664"
397,397-CAMPO GRANDE X CARIOCA,Fetranspor,657,17389243,"-22.8386","-43.3669"
397,397-CAMPO GRANDE X CARIOCA,Fetranspor,658,17389243,"-22.8386","-43.3669"
397,397-CAMPO GRANDE X CARIOCA,Fetranspor,659,17389243,"-22.8386","-43.367"
397,397-CAMPO GRANDE X CARIOCA,Fetranspor,660,17389243,"-22.8386","-43.3671"
397,397-CAMPO GRANDE X CARIOCA,Fetranspor,661,17389243,"-22.8388","-43.3675"
397,397-CAMPO GRANDE X CARIOCA,Fetranspor,662,17389243,"-22.8392","-43.3681"
397,397-CAMPO GRANDE X CARIOCA,Fetranspor,663,17389243,"-22.8392","-43.3681"
397,397-CAMPO GRANDE X CARIOCA,Fetranspor,664,17389243,"-22.841","-43.3711"
397,397-CAMPO GRANDE X CARIOCA,Fetranspor,665,17389243,"-22.841","-43.3711"
397,397-CAMPO GRANDE X CARIOCA,Fetranspor,666,17389243,"-22.8416","-43.3721"
397,397-CAMPO GRANDE X CARIOCA,Fetranspor,667,17389243,"-22.8427","-43.3738"
397,397-CAMPO GRANDE X CARIOCA,Fetranspor,668,17389243,"-22.843","-43.3744"
397,397-CAMPO GRANDE X CARIOCA,Fetranspor,669,17389243,"-22.8436","-43.3754"
397,397-CAMPO GRANDE X CARIOCA,Fetranspor,670,17389243,"-22.8436","-43.3754"
397,397-CAMPO GRANDE X CARIOCA,Fetranspor,671,17389243,"-22.8437","-43.3755"
397,397-CAMPO GRANDE X CARIOCA,Fetranspor,672,17389243,"-22.8437","-43.3755"
397,397-CAMPO GRANDE X CARIOCA,Fetranspor,673,17389243,"-22.844","-43.376"
397,397-CAMPO GRANDE X CARIOCA,Fetranspor,674,17389243,"-22.844","-43.376"
397,397-CAMPO GRANDE X CARIOCA,Fetranspor,675,17389243,"-22.8443","-43.3764"
397,397-CAMPO GRANDE X CARIOCA,Fetranspor,676,17389243,"-22.8443","-43.3764"
397,397-CAMPO GRANDE X CARIOCA,Fetranspor,677,17389243,"-22.8446","-43.3769"
397,397-CAMPO GRANDE X CARIOCA,Fetranspor,678,17389243,"-22.8446","-43.3769"
397,397-CAMPO GRANDE X CARIOCA,Fetranspor,679,17389243,"-22.8454","-43.3783"
397,397-CAMPO GRANDE X CARIOCA,Fetranspor,680,17389243,"-22.8454","-43.3783"
397,397-CAMPO GRANDE X CARIOCA,Fetranspor,681,17389243,"-22.8459","-43.379"
397,397-CAMPO GRANDE X CARIOCA,Fetranspor,682,17389243,"-22.846","-43.3792"
397,397-CAMPO GRANDE X CARIOCA,Fetranspor,683,17389243,"-22.846","-43.3792"
397,397-CAMPO GRANDE X CARIOCA,Fetranspor,684,17389243,"-22.8463","-43.3798"
397,397-CAMPO GRANDE X CARIOCA,Fetranspor,685,17389243,"-22.8463","-43.3798"
397,397-CAMPO GRANDE X CARIOCA,Fetranspor,686,17389243,"-22.8468","-43.3806"
397,397-CAMPO GRANDE X CARIOCA,Fetranspor,687,17389243,"-22.8471","-43.381"
397,397-CAMPO GRANDE X CARIOCA,Fetranspor,688,17389243,"-22.8471","-43.381"
397,397-CAMPO GRANDE X CARIOCA,Fetranspor,689,17389243,"-22.8474","-43.3815"
397,397-CAMPO GRANDE X CARIOCA,Fetranspor,690,17389243,"-22.8478","-43.3822"
397,397-CAMPO GRANDE X CARIOCA,Fetranspor,691,17389243,"-22.8481","-43.3825"
397,397-CAMPO GRANDE X CARIOCA,Fetranspor,692,17389243,"-22.8483","-43.3829"
397,397-CAMPO GRANDE X CARIOCA,Fetranspor,693,17389243,"-22.8483","-43.3829"
397,397-CAMPO GRANDE X CARIOCA,Fetranspor,694,17389243,"-22.8484","-43.3829"
397,397-CAMPO GRANDE X CARIOCA,Fetranspor,695,17389243,"-22.8485","-43.3829"
397,397-CAMPO GRANDE X CARIOCA,Fetranspor,696,17389243,"-22.8487","-43.3832"
397,397-CAMPO GRANDE X CARIOCA,Fetranspor,697,17389243,"-22.8489","-43.3834"
397,397-CAMPO GRANDE X CARIOCA,Fetranspor,698,17389243,"-22.849","-43.3835"
397,397-CAMPO GRANDE X CARIOCA,Fetranspor,699,17389243,"-22.849","-43.3835"
397,397-CAMPO GRANDE X CARIOCA,Fetranspor,700,17389243,"-22.8494","-43.3839"
397,397-CAMPO GRANDE X CARIOCA,Fetranspor,701,17389243,"-22.8494","-43.3839"
397,397-CAMPO GRANDE X CARIOCA,Fetranspor,702,17389243,"-22.8505","-43.3852"
397,397-CAMPO GRANDE X CARIOCA,Fetranspor,703,17389243,"-22.8507","-43.3855"
397,397-CAMPO GRANDE X CARIOCA,Fetranspor,704,17389243,"-22.851","-43.386"
397,397-CAMPO GRANDE X CARIOCA,Fetranspor,705,17389243,"-22.8513","-43.3865"
397,397-CAMPO GRANDE X CARIOCA,Fetranspor,706,17389243,"-22.8514","-43.3867"
397,397-CAMPO GRANDE X CARIOCA,Fetranspor,707,17389243,"-22.8515","-43.3869"
397,397-CAMPO GRANDE X CARIOCA,Fetranspor,708,17389243,"-22.8517","-43.3874"
397,397-CAMPO GRANDE X CARIOCA,Fetranspor,709,17389243,"-22.8518","-43.3878"
397,397-CAMPO GRANDE X CARIOCA,Fetranspor,710,17389243,"-22.8519","-43.3882"
397,397-CAMPO GRANDE X CARIOCA,Fetranspor,711,17389243,"-22.8519","-43.3884"
397,397-CAMPO GRANDE X CARIOCA,Fetranspor,712,17389243,"-22.8522","-43.3898"
397,397-CAMPO GRANDE X CARIOCA,Fetranspor,713,17389243,"-22.8526","-43.3922"
397,397-CAMPO GRANDE X CARIOCA,Fetranspor,714,17389243,"-22.8526","-43.3922"
397,397-CAMPO GRANDE X CARIOCA,Fetranspor,715,17389243,"-22.8526","-43.3923"
397,397-CAMPO GRANDE X CARIOCA,Fetranspor,716,17389243,"-22.8526","-43.3923"
397,397-CAMPO GRANDE X CARIOCA,Fetranspor,717,17389243,"-22.8527","-43.3927"
397,397-CAMPO GRANDE X CARIOCA,Fetranspor,718,17389243,"-22.8528","-43.393"
397,397-CAMPO GRANDE X CARIOCA,Fetranspor,719,17389243,"-22.8528","-43.393"
397,397-CAMPO GRANDE X CARIOCA,Fetranspor,720,17389243,"-22.8528","-43.3933"
397,397-CAMPO GRANDE X CARIOCA,Fetranspor,721,17389243,"-22.8529","-43.3935"
397,397-CAMPO GRANDE X CARIOCA,Fetranspor,722,17389243,"-22.853","-43.3937"
397,397-CAMPO GRANDE X CARIOCA,Fetranspor,723,17389243,"-22.8532","-43.3941"
397,397-CAMPO GRANDE X CARIOCA,Fetranspor,724,17389243,"-22.8534","-43.3946"
397,397-CAMPO GRANDE X CARIOCA,Fetranspor,725,17389243,"-22.8536","-43.3949"
397,397-CAMPO GRANDE X CARIOCA,Fetranspor,726,17389243,"-22.8536","-43.3949"
397,397-CAMPO GRANDE X CARIOCA,Fetranspor,727,17389243,"-22.8559","-43.3995"
397,397-CAMPO GRANDE X CARIOCA,Fetranspor,728,17389243,"-22.8566","-43.4009"
397,397-CAMPO GRANDE X CARIOCA,Fetranspor,729,17389243,"-22.8591","-43.4058"
397,397-CAMPO GRANDE X CARIOCA,Fetranspor,730,17389243,"-22.8591","-43.4058"
397,397-CAMPO GRANDE X CARIOCA,Fetranspor,731,17389243,"-22.8612","-43.4099"
397,397-CAMPO GRANDE X CARIOCA,Fetranspor,732,17389243,"-22.8612","-43.4099"
397,397-CAMPO GRANDE X CARIOCA,Fetranspor,733,17389243,"-22.8616","-43.4107"
397,397-CAMPO GRANDE X CARIOCA,Fetranspor,734,17389243,"-22.8619","-43.4114"
397,397-CAMPO GRANDE X CARIOCA,Fetranspor,735,17389243,"-22.8619","-43.4114"
397,397-CAMPO GRANDE X CARIOCA,Fetranspor,736,17389243,"-22.8625","-43.4128"
397,397-CAMPO GRANDE X CARIOCA,Fetranspor,737,17389243,"-22.8628","-43.4134"
397,397-CAMPO GRANDE X CARIOCA,Fetranspor,738,17389243,"-22.8628","-43.4134"
397,397-CAMPO GRANDE X CARIOCA,Fetranspor,739,17389243,"-22.8632","-43.4145"
397,397-CAMPO GRANDE X CARIOCA,Fetranspor,740,17389243,"-22.8634","-43.415"
397,397-CAMPO GRANDE X CARIOCA,Fetranspor,741,17389243,"-22.8637","-43.4161"
397,397-CAMPO GRANDE X CARIOCA,Fetranspor,742,17389243,"-22.8637","-43.4161"
397,397-CAMPO GRANDE X CARIOCA,Fetranspor,743,17389243,"-22.8641","-43.4173"
397,397-CAMPO GRANDE X CARIOCA,Fetranspor,744,17389243,"-22.8641","-43.4173"
397,397-CAMPO GRANDE X CARIOCA,Fetranspor,745,17389243,"-22.8645","-43.4185"
397,397-CAMPO GRANDE X CARIOCA,Fetranspor,746,17389243,"-22.8646","-43.419"
397,397-CAMPO GRANDE X CARIOCA,Fetranspor,747,17389243,"-22.8646","-43.419"
397,397-CAMPO GRANDE X CARIOCA,Fetranspor,748,17389243,"-22.8649","-43.4202"
397,397-CAMPO GRANDE X CARIOCA,Fetranspor,749,17389243,"-22.865","-43.4207"
397,397-CAMPO GRANDE X CARIOCA,Fetranspor,750,17389243,"-22.8651","-43.4215"
397,397-CAMPO GRANDE X CARIOCA,Fetranspor,751,17389243,"-22.8653","-43.4222"
397,397-CAMPO GRANDE X CARIOCA,Fetranspor,752,17389243,"-22.8654","-43.4225"
397,397-CAMPO GRANDE X CARIOCA,Fetranspor,753,17389243,"-22.8654","-43.4225"
397,397-CAMPO GRANDE X CARIOCA,Fetranspor,754,17389243,"-22.8655","-43.4228"
397,397-CAMPO GRANDE X CARIOCA,Fetranspor,755,17389243,"-22.8655","-43.4232"
397,397-CAMPO GRANDE X CARIOCA,Fetranspor,756,17389243,"-22.8655","-43.4237"
397,397-CAMPO GRANDE X CARIOCA,Fetranspor,757,17389243,"-22.8656","-43.4243"
397,397-CAMPO GRANDE X CARIOCA,Fetranspor,758,17389243,"-22.8655","-43.4248"
397,397-CAMPO GRANDE X CARIOCA,Fetranspor,759,17389243,"-22.8655","-43.425"
397,397-CAMPO GRANDE X CARIOCA,Fetranspor,760,17389243,"-22.8655","-43.425"
397,397-CAMPO GRANDE X CARIOCA,Fetranspor,761,17389243,"-22.8655","-43.4252"
397,397-CAMPO GRANDE X CARIOCA,Fetranspor,762,17389243,"-22.8655","-43.4255"
397,397-CAMPO GRANDE X CARIOCA,Fetranspor,763,17389243,"-22.8654","-43.4257"
397,397-CAMPO GRANDE X CARIOCA,Fetranspor,764,17389243,"-22.8654","-43.4258"
397,397-CAMPO GRANDE X CARIOCA,Fetranspor,765,17389243,"-22.8654","-43.4258"
397,397-CAMPO GRANDE X CARIOCA,Fetranspor,766,17389243,"-22.8653","-43.4259"
397,397-CAMPO GRANDE X CARIOCA,Fetranspor,767,17389243,"-22.8652","-43.426"
397,397-CAMPO GRANDE X CARIOCA,Fetranspor,768,17389243,"-22.8652","-43.426"
397,397-CAMPO GRANDE X CARIOCA,Fetranspor,769,17389243,"-22.8652","-43.426"
397,397-CAMPO GRANDE X CARIOCA,Fetranspor,770,17389243,"-22.8652","-43.4261"
397,397-CAMPO GRANDE X CARIOCA,Fetranspor,771,17389243,"-22.8652","-43.4261"
397,397-CAMPO GRANDE X CARIOCA,Fetranspor,772,17389243,"-22.8652","-43.4262"
397,397-CAMPO GRANDE X CARIOCA,Fetranspor,773,17389243,"-22.8652","-43.4263"
397,397-CAMPO GRANDE X CARIOCA,Fetranspor,774,17389243,"-22.8652","-43.4264"
397,397-CAMPO GRANDE X CARIOCA,Fetranspor,775,17389243,"-22.8652","-43.4264"
397,397-CAMPO GRANDE X CARIOCA,Fetranspor,776,17389243,"-22.8652","-43.4267"
397,397-CAMPO GRANDE X CARIOCA,Fetranspor,777,17389243,"-22.8651","-43.4272"
397,397-CAMPO GRANDE X CARIOCA,Fetranspor,778,17389243,"-22.865","-43.4276"
397,397-CAMPO GRANDE X CARIOCA,Fetranspor,779,17389243,"-22.8649","-43.4288"
397,397-CAMPO GRANDE X CARIOCA,Fetranspor,780,17389243,"-22.8649","-43.4288"
397,397-CAMPO GRANDE X CARIOCA,Fetranspor,781,17389243,"-22.8648","-43.4293"
397,397-CAMPO GRANDE X CARIOCA,Fetranspor,782,17389243,"-22.8648","-43.4296"
397,397-CAMPO GRANDE X CARIOCA,Fetranspor,783,17389243,"-22.8648","-43.4296"
397,397-CAMPO GRANDE X CARIOCA,Fetranspor,784,17389243,"-22.8644","-43.432"
397,397-CAMPO GRANDE X CARIOCA,Fetranspor,785,17389243,"-22.8644","-43.432"
397,397-CAMPO GRANDE X CARIOCA,Fetranspor,786,17389243,"-22.864","-43.4342"
397,397-CAMPO GRANDE X CARIOCA,Fetranspor,787,17389243,"-22.864","-43.4342"
397,397-CAMPO GRANDE X CARIOCA,Fetranspor,788,17389243,"-22.8638","-43.4351"
397,397-CAMPO GRANDE X CARIOCA,Fetranspor,789,17389243,"-22.8638","-43.4351"
397,397-CAMPO GRANDE X CARIOCA,Fetranspor,790,17389243,"-22.8632","-43.4385"
397,397-CAMPO GRANDE X CARIOCA,Fetranspor,791,17389243,"-22.8632","-43.4385"
397,397-CAMPO GRANDE X CARIOCA,Fetranspor,792,17389243,"-22.8631","-43.4389"
397,397-CAMPO GRANDE X CARIOCA,Fetranspor,793,17389243,"-22.8631","-43.4389"
397,397-CAMPO GRANDE X CARIOCA,Fetranspor,794,17389243,"-22.8631","-43.4393"
397,397-CAMPO GRANDE X CARIOCA,Fetranspor,795,17389243,"-22.8631","-43.4393"
397,397-CAMPO GRANDE X CARIOCA,Fetranspor,796,17389243,"-22.8629","-43.4401"
397,397-CAMPO GRANDE X CARIOCA,Fetranspor,797,17389243,"-22.8629","-43.4403"
397,397-CAMPO GRANDE X CARIOCA,Fetranspor,798,17389243,"-22.8629","-43.4403"
397,397-CAMPO GRANDE X CARIOCA,Fetranspor,799,17389243,"-22.8628","-43.4406"
397,397-CAMPO GRANDE X CARIOCA,Fetranspor,800,17389243,"-22.8627","-43.4414"
397,397-CAMPO GRANDE X CARIOCA,Fetranspor,801,17389243,"-22.8627","-43.4414"
397,397-CAMPO GRANDE X CARIOCA,Fetranspor,802,17389243,"-22.8626","-43.4418"
397,397-CAMPO GRANDE X CARIOCA,Fetranspor,803,17389243,"-22.8625","-43.4425"
397,397-CAMPO GRANDE X CARIOCA,Fetranspor,804,17389243,"-22.8621","-43.4444"
397,397-CAMPO GRANDE X CARIOCA,Fetranspor,805,17389243,"-22.8619","-43.4455"
397,397-CAMPO GRANDE X CARIOCA,Fetranspor,806,17389243,"-22.8619","-43.4455"
397,397-CAMPO GRANDE X CARIOCA,Fetranspor,807,17389243,"-22.8618","-43.4462"
397,397-CAMPO GRANDE X CARIOCA,Fetranspor,808,17389243,"-22.8618","-43.4462"
397,397-CAMPO GRANDE X CARIOCA,Fetranspor,809,17389243,"-22.8613","-43.4491"
397,397-CAMPO GRANDE X CARIOCA,Fetranspor,810,17389243,"-22.8613","-43.4491"
397,397-CAMPO GRANDE X CARIOCA,Fetranspor,811,17389243,"-22.8609","-43.4515"
397,397-CAMPO GRANDE X CARIOCA,Fetranspor,812,17389243,"-22.8609","-43.4515"
397,397-CAMPO GRANDE X CARIOCA,Fetranspor,813,17389243,"-22.8607","-43.4526"
397,397-CAMPO GRANDE X CARIOCA,Fetranspor,814,17389243,"-22.8607","-43.4526"
397,397-CAMPO GRANDE X CARIOCA,Fetranspor,815,17389243,"-22.8604","-43.4541"
397,397-CAMPO GRANDE X CARIOCA,Fetranspor,816,17389243,"-22.8604","-43.4541"
397,397-CAMPO GRANDE X CARIOCA,Fetranspor,817,17389243,"-22.8601","-43.4557"
397,397-CAMPO GRANDE X CARIOCA,Fetranspor,818,17389243,"-22.86","-43.4561"
397,397-CAMPO GRANDE X CARIOCA,Fetranspor,819,17389243,"-22.86","-43.4561"
397,397-CAMPO GRANDE X CARIOCA,Fetranspor,820,17389243,"-22.8597","-43.458"
397,397-CAMPO GRANDE X CARIOCA,Fetranspor,821,17389243,"-22.8597","-43.458"
397,397-CAMPO GRANDE X CARIOCA,Fetranspor,822,17389243,"-22.8596","-43.4581"
397,397-CAMPO GRANDE X CARIOCA,Fetranspor,823,17389243,"-22.8596","-43.4581"
397,397-CAMPO GRANDE X CARIOCA,Fetranspor,824,17389243,"-22.8596","-43.4586"
397,397-CAMPO GRANDE X CARIOCA,Fetranspor,825,17389243,"-22.8596","-43.4586"
397,397-CAMPO GRANDE X CARIOCA,Fetranspor,826,17389243,"-22.8594","-43.4595"
397,397-CAMPO GRANDE X CARIOCA,Fetranspor,827,17389243,"-22.8594","-43.4595"
397,397-CAMPO GRANDE X CARIOCA,Fetranspor,828,17389243,"-22.8592","-43.4604"
397,397-CAMPO GRANDE X CARIOCA,Fetranspor,829,17389243,"-22.859","-43.4615"
397,397-CAMPO GRANDE X CARIOCA,Fetranspor,830,17389243,"-22.859","-43.4615"
397,397-CAMPO GRANDE X CARIOCA,Fetranspor,831,17389243,"-22.8589","-43.4617"
397,397-CAMPO GRANDE X CARIOCA,Fetranspor,832,17389243,"-22.8587","-43.4622"
397,397-CAMPO GRANDE X CARIOCA,Fetranspor,833,17389243,"-22.8587","-43.4622"
397,397-CAMPO GRANDE X CARIOCA,Fetranspor,834,17389243,"-22.8587","-43.4625"
397,397-CAMPO GRANDE X CARIOCA,Fetranspor,835,17389243,"-22.8586","-43.4631"
397,397-CAMPO GRANDE X CARIOCA,Fetranspor,836,17389243,"-22.8585","-43.4633"
397,397-CAMPO GRANDE X CARIOCA,Fetranspor,837,17389243,"-22.8585","-43.4635"
397,397-CAMPO GRANDE X CARIOCA,Fetranspor,838,17389243,"-22.8583","-43.4639"
397,397-CAMPO GRANDE X CARIOCA,Fetranspor,839,17389243,"-22.8583","-43.4639"
397,397-CAMPO GRANDE X CARIOCA,Fetranspor,840,17389243,"-22.8581","-43.4647"
397,397-CAMPO GRANDE X CARIOCA,Fetranspor,841,17389243,"-22.8581","-43.4651"
397,397-CAMPO GRANDE X CARIOCA,Fetranspor,842,17389243,"-22.8581","-43.4651"
397,397-CAMPO GRANDE X CARIOCA,Fetranspor,843,17389243,"-22.8581","-43.4651"
397,397-CAMPO GRANDE X CARIOCA,Fetranspor,844,17389243,"-22.8581","-43.4651"
397,397-CAMPO GRANDE X CARIOCA,Fetranspor,845,17389243,"-22.8582","-43.4652"
397,397-CAMPO GRANDE X CARIOCA,Fetranspor,846,17389243,"-22.8582","-43.4653"
397,397-CAMPO GRANDE X CARIOCA,Fetranspor,847,17389243,"-22.8583","-43.4653"
397,397-CAMPO GRANDE X CARIOCA,Fetranspor,848,17389243,"-22.8583","-43.4653"
397,397-CAMPO GRANDE X CARIOCA,Fetranspor,849,17389243,"-22.8585","-43.4653"
397,397-CAMPO GRANDE X CARIOCA,Fetranspor,850,17389243,"-22.8585","-43.4653"
397,397-CAMPO GRANDE X CARIOCA,Fetranspor,851,17389243,"-22.8588","-43.4654"
397,397-CAMPO GRANDE X CARIOCA,Fetranspor,852,17389243,"-22.8588","-43.4654"
397,397-CAMPO GRANDE X CARIOCA,Fetranspor,853,17389243,"-22.8596","-43.4655"
397,397-CAMPO GRANDE X CARIOCA,Fetranspor,854,17389243,"-22.8596","-43.4655"
397,397-CAMPO GRANDE X CARIOCA,Fetranspor,855,17389243,"-22.8613","-43.4657"
397,397-CAMPO GRANDE X CARIOCA,Fetranspor,856,17389243,"-22.8613","-43.4657"
397,397-CAMPO GRANDE X CARIOCA,Fetranspor,857,17389243,"-22.8627","-43.4659"
397,397-CAMPO GRANDE X CARIOCA,Fetranspor,858,17389243,"-22.8627","-43.4659"
397,397-CAMPO GRANDE X CARIOCA,Fetranspor,859,17389243,"-22.8628","-43.4659"
397,397-CAMPO GRANDE X CARIOCA,Fetranspor,860,17389243,"-22.8629","-43.466"
397,397-CAMPO GRANDE X CARIOCA,Fetranspor,861,17389243,"-22.8633","-43.4661"
397,397-CAMPO GRANDE X CARIOCA,Fetranspor,862,17389243,"-22.864","-43.4664"
397,397-CAMPO GRANDE X CARIOCA,Fetranspor,863,17389243,"-22.8645","-43.4667"
397,397-CAMPO GRANDE X CARIOCA,Fetranspor,864,17389243,"-22.8645","-43.4667"
397,397-CAMPO GRANDE X CARIOCA,Fetranspor,865,17389243,"-22.8646","-43.4664"
397,397-CAMPO GRANDE X CARIOCA,Fetranspor,866,17389243,"-22.8646","-43.4664"
397,397-CAMPO GRANDE X CARIOCA,Fetranspor,867,17389243,"-22.8649","-43.4659"
397,397-CAMPO GRANDE X CARIOCA,Fetranspor,868,17389243,"-22.8649","-43.4659"
397,397-CAMPO GRANDE X CARIOCA,Fetranspor,869,17389243,"-22.8652","-43.4652"
397,397-CAMPO GRANDE X CARIOCA,Fetranspor,870,17389243,"-22.8652","-43.4652"
397,397-CAMPO GRANDE X CARIOCA,Fetranspor,871,17389243,"-22.8653","-43.4651"
397,397-CAMPO GRANDE X CARIOCA,Fetranspor,872,17389243,"-22.8653","-43.4651"
397,397-CAMPO GRANDE X CARIOCA,Fetranspor,873,17389243,"-22.8654","-43.465"
397,397-CAMPO GRANDE X CARIOCA,Fetranspor,874,17389243,"-22.8659","-43.465"
397,397-CAMPO GRANDE X CARIOCA,Fetranspor,875,17389243,"-22.8659","-43.465"
397,397-CAMPO GRANDE X CARIOCA,Fetranspor,876,17389243,"-22.8667","-43.465"
397,397-CAMPO GRANDE X CARIOCA,Fetranspor,877,17389243,"-22.8667","-43.465"
397,397-CAMPO GRANDE X CARIOCA,Fetranspor,878,17389243,"-22.8676","-43.465"
397,397-CAMPO GRANDE X CARIOCA,Fetranspor,879,17389243,"-22.8676","-43.465"
397,397-CAMPO GRANDE X CARIOCA,Fetranspor,880,17389243,"-22.87","-43.465"
397,397-CAMPO GRANDE X CARIOCA,Fetranspor,881,17389243,"-22.87","-43.465"
397,397-CAMPO GRANDE X CARIOCA,Fetranspor,882,17389243,"-22.8702","-43.465"
397,397-CAMPO GRANDE X CARIOCA,Fetranspor,883,17389243,"-22.8702","-43.465"
397,397-CAMPO GRANDE X CARIOCA,Fetranspor,884,17389243,"-22.8735","-43.4649"
397,397-CAMPO GRANDE X CARIOCA,Fetranspor,885,17389243,"-22.8735","-43.4649"
397,397-CAMPO GRANDE X CARIOCA,Fetranspor,886,17389243,"-22.8735","-43.4657"
397,397-CAMPO GRANDE X CARIOCA,Fetranspor,887,17389243,"-22.8735","-43.4657"
397,397-CAMPO GRANDE X CARIOCA,Fetranspor,888,17389243,"-22.8735","-43.4666"
397,397-CAMPO GRANDE X CARIOCA,Fetranspor,889,17389243,"-22.8735","-43.4666"
397,397-CAMPO GRANDE X CARIOCA,Fetranspor,890,17389243,"-22.8735","-43.4675"
397,397-CAMPO GRANDE X CARIOCA,Fetranspor,891,17389243,"-22.8735","-43.4675"
397,397-CAMPO GRANDE X CARIOCA,Fetranspor,892,17389243,"-22.8735","-43.4679"
397,397-CAMPO GRANDE X CARIOCA,Fetranspor,893,17389243,"-22.8735","-43.4679"
397,397-CAMPO GRANDE X CARIOCA,Fetranspor,894,17389243,"-22.8741","-43.4684"
397,397-CAMPO GRANDE X CARIOCA,Fetranspor,895,17389243,"-22.8741","-43.4685"
397,397-CAMPO GRANDE X CARIOCA,Fetranspor,896,17389243,"-22.8741","-43.4685"
397,397-CAMPO GRANDE X CARIOCA,Fetranspor,897,17389243,"-22.8743","-43.4687"
397,397-CAMPO GRANDE X CARIOCA,Fetranspor,898,17389243,"-22.8748","-43.4693"
397,397-CAMPO GRANDE X CARIOCA,Fetranspor,899,17389243,"-22.8753","-43.4697"
397,397-CAMPO GRANDE X CARIOCA,Fetranspor,900,17389243,"-22.8753","-43.4697"
397,397-CAMPO GRANDE X CARIOCA,Fetranspor,901,17389243,"-22.8754","-43.4698"
397,397-CAMPO GRANDE X CARIOCA,Fetranspor,902,17389243,"-22.8755","-43.47"
397,397-CAMPO GRANDE X CARIOCA,Fetranspor,903,17389243,"-22.8756","-43.4702"
397,397-CAMPO GRANDE X CARIOCA,Fetranspor,904,17389243,"-22.8756","-43.4702"
397,397-CAMPO GRANDE X CARIOCA,Fetranspor,905,17389243,"-22.8757","-43.4703"
397,397-CAMPO GRANDE X CARIOCA,Fetranspor,906,17389243,"-22.8757","-43.4703"
397,397-CAMPO GRANDE X CARIOCA,Fetranspor,907,17389243,"-22.8757","-43.4704"
397,397-CAMPO GRANDE X CARIOCA,Fetranspor,908,17389243,"-22.8758","-43.4706"
397,397-CAMPO GRANDE X CARIOCA,Fetranspor,909,17389243,"-22.8759","-43.4708"
397,397-CAMPO GRANDE X CARIOCA,Fetranspor,910,17389243,"-22.876","-43.4717"
397,397-CAMPO GRANDE X CARIOCA,Fetranspor,911,17389243,"-22.8761","-43.472"
397,397-CAMPO GRANDE X CARIOCA,Fetranspor,912,17389243,"-22.8761","-43.472"
397,397-CAMPO GRANDE X CARIOCA,Fetranspor,913,17389243,"-22.8762","-43.4721"
397,397-CAMPO GRANDE X CARIOCA,Fetranspor,914,17389243,"-22.8763","-43.4723"
397,397-CAMPO GRANDE X CARIOCA,Fetranspor,915,17389243,"-22.8764","-43.4726"
397,397-CAMPO GRANDE X CARIOCA,Fetranspor,916,17389243,"-22.8766","-43.4727"
397,397-CAMPO GRANDE X CARIOCA,Fetranspor,917,17389243,"-22.8767","-43.4728"
397,397-CAMPO GRANDE X CARIOCA,Fetranspor,918,17389243,"-22.8771","-43.473"
397,397-CAMPO GRANDE X CARIOCA,Fetranspor,919,17389243,"-22.8772","-43.4731"
397,397-CAMPO GRANDE X CARIOCA,Fetranspor,920,17389243,"-22.8773","-43.4732"
397,397-CAMPO GRANDE X CARIOCA,Fetranspor,921,17389243,"-22.8773","-43.4732"
397,397-CAMPO GRANDE X CARIOCA,Fetranspor,922,17389243,"-22.8775","-43.4734"
397,397-CAMPO GRANDE X CARIOCA,Fetranspor,923,17389243,"-22.8775","-43.4734"
397,397-CAMPO GRANDE X CARIOCA,Fetranspor,924,17389243,"-22.8776","-43.4736"
397,397-CAMPO GRANDE X CARIOCA,Fetranspor,925,17389243,"-22.8779","-43.474"
397,397-CAMPO GRANDE X CARIOCA,Fetranspor,926,17389243,"-22.8781","-43.4744"
397,397-CAMPO GRANDE X CARIOCA,Fetranspor,927,17389243,"-22.8781","-43.4744"
397,397-CAMPO GRANDE X CARIOCA,Fetranspor,928,17389243,"-22.8785","-43.4751"
397,397-CAMPO GRANDE X CARIOCA,Fetranspor,929,17389243,"-22.8785","-43.4751"
397,397-CAMPO GRANDE X CARIOCA,Fetranspor,930,17389243,"-22.8785","-43.4751"
397,397-CAMPO GRANDE X CARIOCA,Fetranspor,931,17389243,"-22.8786","-43.4753"
397,397-CAMPO GRANDE X CARIOCA,Fetranspor,932,17389243,"-22.8786","-43.4753"
397,397-CAMPO GRANDE X CARIOCA,Fetranspor,933,17389243,"-22.879","-43.4762"
397,397-CAMPO GRANDE X CARIOCA,Fetranspor,934,17389243,"-22.879","-43.4762"
397,397-CAMPO GRANDE X CARIOCA,Fetranspor,935,17389243,"-22.8791","-43.4763"
397,397-CAMPO GRANDE X CARIOCA,Fetranspor,936,17389243,"-22.8791","-43.4763"
397,397-CAMPO GRANDE X CARIOCA,Fetranspor,937,17389243,"-22.8795","-43.4772"
397,397-CAMPO GRANDE X CARIOCA,Fetranspor,938,17389243,"-22.8795","-43.4772"
397,397-CAMPO GRANDE X CARIOCA,Fetranspor,939,17389243,"-22.8796","-43.4774"
397,397-CAMPO GRANDE X CARIOCA,Fetranspor,940,17389243,"-22.8798","-43.4778"
397,397-CAMPO GRANDE X CARIOCA,Fetranspor,941,17389243,"-22.8798","-43.4778"
397,397-CAMPO GRANDE X CARIOCA,Fetranspor,942,17389243,"-22.8801","-43.4785"
397,397-CAMPO GRANDE X CARIOCA,Fetranspor,943,17389243,"-22.8801","-43.4785"
397,397-CAMPO GRANDE X CARIOCA,Fetranspor,944,17389243,"-22.8801","-43.4786"
397,397-CAMPO GRANDE X CARIOCA,Fetranspor,945,17389243,"-22.8802","-43.4789"
397,397-CAMPO GRANDE X CARIOCA,Fetranspor,946,17389243,"-22.8805","-43.4793"
397,397-CAMPO GRANDE X CARIOCA,Fetranspor,947,17389243,"-22.8806","-43.4796"
397,397-CAMPO GRANDE X CARIOCA,Fetranspor,948,17389243,"-22.8806","-43.4797"
397,397-CAMPO GRANDE X CARIOCA,Fetranspor,949,17389243,"-22.881","-43.4808"
397,397-CAMPO GRANDE X CARIOCA,Fetranspor,950,17389243,"-22.881","-43.4808"
397,397-CAMPO GRANDE X CARIOCA,Fetranspor,951,17389243,"-22.881","-43.4811"
397,397-CAMPO GRANDE X CARIOCA,Fetranspor,952,17389243,"-22.8812","-43.4814"
397,397-CAMPO GRANDE X CARIOCA,Fetranspor,953,17389243,"-22.8812","-43.4814"
397,397-CAMPO GRANDE X CARIOCA,Fetranspor,954,17389243,"-22.8814","-43.4817"
397,397-CAMPO GRANDE X CARIOCA,Fetranspor,955,17389243,"-22.8816","-43.482"
397,397-CAMPO GRANDE X CARIOCA,Fetranspor,956,17389243,"-22.8816","-43.482"
397,397-CAMPO GRANDE X CARIOCA,Fetranspor,957,17389243,"-22.8819","-43.4824"
397,397-CAMPO GRANDE X CARIOCA,Fetranspor,958,17389243,"-22.882","-43.4825"
397,397-CAMPO GRANDE X CARIOCA,Fetranspor,959,17389243,"-22.8821","-43.4826"
397,397-CAMPO GRANDE X CARIOCA,Fetranspor,960,17389243,"-22.8821","-43.4827"
397,397-CAMPO GRANDE X CARIOCA,Fetranspor,961,17389243,"-22.8821","-43.4828"
397,397-CAMPO GRANDE X CARIOCA,Fetranspor,962,17389243,"-22.8822","-43.483"
397,397-CAMPO GRANDE X CARIOCA,Fetranspor,963,17389243,"-22.8822","-43.4831"
397,397-CAMPO GRANDE X CARIOCA,Fetranspor,964,17389243,"-22.8822","-43.4831"
397,397-CAMPO GRANDE X CARIOCA,Fetranspor,965,17389243,"-22.8822","-43.4835"
397,397-CAMPO GRANDE X CARIOCA,Fetranspor,966,17389243,"-22.8822","-43.4835"
397,397-CAMPO GRANDE X CARIOCA,Fetranspor,967,17389243,"-22.8822","-43.4842"
397,397-CAMPO GRANDE X CARIOCA,Fetranspor,968,17389243,"-22.8822","-43.4842"
397,397-CAMPO GRANDE X CARIOCA,Fetranspor,969,17389243,"-22.8822","-43.4849"
397,397-CAMPO GRANDE X CARIOCA,Fetranspor,970,17389243,"-22.8822","-43.4851"
397,397-CAMPO GRANDE X CARIOCA,Fetranspor,971,17389243,"-22.8823","-43.4854"
397,397-CAMPO GRANDE X CARIOCA,Fetranspor,972,17389243,"-22.8823","-43.4854"
397,397-CAMPO GRANDE X CARIOCA,Fetranspor,973,17389243,"-22.8823","-43.4855"
397,397-CAMPO GRANDE X CARIOCA,Fetranspor,974,17389243,"-22.8824","-43.4862"
397,397-CAMPO GRANDE X CARIOCA,Fetranspor,975,17389243,"-22.8824","-43.4862"
397,397-CAMPO GRANDE X CARIOCA,Fetranspor,976,17389243,"-22.8827","-43.4879"
397,397-CAMPO GRANDE X CARIOCA,Fetranspor,977,17389243,"-22.8829","-43.4888"
397,397-CAMPO GRANDE X CARIOCA,Fetranspor,978,17389243,"-22.883","-43.4894"
397,397-CAMPO GRANDE X CARIOCA,Fetranspor,979,17389243,"-22.883","-43.4896"
397,397-CAMPO GRANDE X CARIOCA,Fetranspor,980,17389243,"-22.883","-43.4896"
397,397-CAMPO GRANDE X CARIOCA,Fetranspor,981,17389243,"-22.8831","-43.4898"
397,397-CAMPO GRANDE X CARIOCA,Fetranspor,982,17389243,"-22.8832","-43.4903"
397,397-CAMPO GRANDE X CARIOCA,Fetranspor,983,17389243,"-22.8832","-43.4903"
397,397-CAMPO GRANDE X CARIOCA,Fetranspor,984,17389243,"-22.8832","-43.4905"
397,397-CAMPO GRANDE X CARIOCA,Fetranspor,985,17389243,"-22.8834","-43.4918"
397,397-CAMPO GRANDE X CARIOCA,Fetranspor,986,17389243,"-22.8834","-43.4918"
397,397-CAMPO GRANDE X CARIOCA,Fetranspor,987,17389243,"-22.8834","-43.4921"
397,397-CAMPO GRANDE X CARIOCA,Fetranspor,988,17389243,"-22.8834","-43.4921"
397,397-CAMPO GRANDE X CARIOCA,Fetranspor,989,17389243,"-22.8834","-43.4927"
397,397-CAMPO GRANDE X CARIOCA,Fetranspor,990,17389243,"-22.8834","-43.4935"
397,397-CAMPO GRANDE X CARIOCA,Fetranspor,991,17389243,"-22.8834","-43.4937"
397,397-CAMPO GRANDE X CARIOCA,Fetranspor,992,17389243,"-22.8834","-43.4939"
397,397-CAMPO GRANDE X CARIOCA,Fetranspor,993,17389243,"-22.8834","-43.4939"
397,397-CAMPO GRANDE X CARIOCA,Fetranspor,994,17389243,"-22.8834","-43.494"
397,397-CAMPO GRANDE X CARIOCA,Fetranspor,995,17389243,"-22.8833","-43.4942"
397,397-CAMPO GRANDE X CARIOCA,Fetranspor,996,17389243,"-22.8832","-43.4945"
397,397-CAMPO GRANDE X CARIOCA,Fetranspor,997,17389243,"-22.8832","-43.4945"
397,397-CAMPO GRANDE X CARIOCA,Fetranspor,998,17389243,"-22.8831","-43.4946"
397,397-CAMPO GRANDE X CARIOCA,Fetranspor,999,17389243,"-22.883","-43.4948"
397,397-CAMPO GRANDE X CARIOCA,Fetranspor,1000,17389243,"-22.883","-43.4948"
397,397-CAMPO GRANDE X CARIOCA,Fetranspor,1001,17389243,"-22.8823","-43.4959"
397,397-CAMPO GRANDE X CARIOCA,Fetranspor,1002,17389243,"-22.8821","-43.4963"
397,397-CAMPO GRANDE X CARIOCA,Fetranspor,1003,17389243,"-22.882","-43.4964"
397,397-CAMPO GRANDE X CARIOCA,Fetranspor,1004,17389243,"-22.882","-43.4964"
397,397-CAMPO GRANDE X CARIOCA,Fetranspor,1005,17389243,"-22.8817","-43.4972"
397,397-CAMPO GRANDE X CARIOCA,Fetranspor,1006,17389243,"-22.8816","-43.4973"
397,397-CAMPO GRANDE X CARIOCA,Fetranspor,1007,17389243,"-22.8816","-43.4973"
397,397-CAMPO GRANDE X CARIOCA,Fetranspor,1008,17389243,"-22.8815","-43.4977"
397,397-CAMPO GRANDE X CARIOCA,Fetranspor,1009,17389243,"-22.8815","-43.4977"
397,397-CAMPO GRANDE X CARIOCA,Fetranspor,1010,17389243,"-22.8815","-43.498"
397,397-CAMPO GRANDE X CARIOCA,Fetranspor,1011,17389243,"-22.8815","-43.4981"
397,397-CAMPO GRANDE X CARIOCA,Fetranspor,1012,17389243,"-22.8815","-43.4981"
397,397-CAMPO GRANDE X CARIOCA,Fetranspor,1013,17389243,"-22.8814","-43.4986"
397,397-CAMPO GRANDE X CARIOCA,Fetranspor,1014,17389243,"-22.8814","-43.4986"
397,397-CAMPO GRANDE X CARIOCA,Fetranspor,1015,17389243,"-22.8815","-43.499"
397,397-CAMPO GRANDE X CARIOCA,Fetranspor,1016,17389243,"-22.8815","-43.4995"
397,397-CAMPO GRANDE X CARIOCA,Fetranspor,1017,17389243,"-22.8815","-43.4995"
397,397-CAMPO GRANDE X CARIOCA,Fetranspor,1018,17389243,"-22.8815","-43.4996"
397,397-CAMPO GRANDE X CARIOCA,Fetranspor,1019,17389243,"-22.8814","-43.4998"
397,397-CAMPO GRANDE X CARIOCA,Fetranspor,1020,17389243,"-22.8813","-43.5"
397,397-CAMPO GRANDE X CARIOCA,Fetranspor,1021,17389243,"-22.8812","-43.5002"
397,397-CAMPO GRANDE X CARIOCA,Fetranspor,1022,17389243,"-22.8812","-43.5002"
397,397-CAMPO GRANDE X CARIOCA,Fetranspor,1023,17389243,"-22.8811","-43.5003"
397,397-CAMPO GRANDE X CARIOCA,Fetranspor,1024,17389243,"-22.881","-43.5005"
397,397-CAMPO GRANDE X CARIOCA,Fetranspor,1025,17389243,"-22.8803","-43.5012"
397,397-CAMPO GRANDE X CARIOCA,Fetranspor,1026,17389243,"-22.8801","-43.5014"
397,397-CAMPO GRANDE X CARIOCA,Fetranspor,1027,17389243,"-22.88","-43.5016"
397,397-CAMPO GRANDE X CARIOCA,Fetranspor,1028,17389243,"-22.8799","-43.5017"
397,397-CAMPO GRANDE X CARIOCA,Fetranspor,1029,17389243,"-22.8799","-43.5017"
397,397-CAMPO GRANDE X CARIOCA,Fetranspor,1030,17389243,"-22.8797","-43.5021"
397,397-CAMPO GRANDE X CARIOCA,Fetranspor,1031,17389243,"-22.8797","-43.5021"
397,397-CAMPO GRANDE X CARIOCA,Fetranspor,1032,17389243,"-22.8796","-43.5022"
397,397-CAMPO GRANDE X CARIOCA,Fetranspor,1033,17389243,"-22.8795","-43.5024"
397,397-CAMPO GRANDE X CARIOCA,Fetranspor,1034,17389243,"-22.8795","-43.5026"
397,397-CAMPO GRANDE X CARIOCA,Fetranspor,1035,17389243,"-22.8795","-43.5026"
397,397-CAMPO GRANDE X CARIOCA,Fetranspor,1036,17389243,"-22.8795","-43.5027"
397,397-CAMPO GRANDE X CARIOCA,Fetranspor,1037,17389243,"-22.8794","-43.5028"
397,397-CAMPO GRANDE X CARIOCA,Fetranspor,1038,17389243,"-22.8794","-43.503"
397,397-CAMPO GRANDE X CARIOCA,Fetranspor,1039,17389243,"-22.8795","-43.5035"
397,397-CAMPO GRANDE X CARIOCA,Fetranspor,1040,17389243,"-22.8795","-43.5035"
397,397-CAMPO GRANDE X CARIOCA,Fetranspor,1041,17389243,"-22.8795","-43.5038"
397,397-CAMPO GRANDE X CARIOCA,Fetranspor,1042,17389243,"-22.8795","-43.504"
397,397-CAMPO GRANDE X CARIOCA,Fetranspor,1043,17389243,"-22.8795","-43.504"
397,397-CAMPO GRANDE X CARIOCA,Fetranspor,1044,17389243,"-22.8795","-43.5042"
397,397-CAMPO GRANDE X CARIOCA,Fetranspor,1045,17389243,"-22.8793","-43.5049"
397,397-CAMPO GRANDE X CARIOCA,Fetranspor,1046,17389243,"-22.8793","-43.5051"
397,397-CAMPO GRANDE X CARIOCA,Fetranspor,1047,17389243,"-22.8793","-43.5053"
397,397-CAMPO GRANDE X CARIOCA,Fetranspor,1048,17389243,"-22.8793","-43.5055"
397,397-CAMPO GRANDE X CARIOCA,Fetranspor,1049,17389243,"-22.8793","-43.5055"
397,397-CAMPO GRANDE X CARIOCA,Fetranspor,1050,17389243,"-22.8793","-43.5057"
397,397-CAMPO GRANDE X CARIOCA,Fetranspor,1051,17389243,"-22.8794","-43.5059"
397,397-CAMPO GRANDE X CARIOCA,Fetranspor,1052,17389243,"-22.8794","-43.5059"
397,397-CAMPO GRANDE X CARIOCA,Fetranspor,1053,17389243,"-22.8795","-43.5063"
397,397-CAMPO GRANDE X CARIOCA,Fetranspor,1054,17389243,"-22.8795","-43.5063"
397,397-CAMPO GRANDE X CARIOCA,Fetranspor,1055,17389243,"-22.8796","-43.5065"
397,397-CAMPO GRANDE X CARIOCA,Fetranspor,1056,17389243,"-22.8796","-43.5065"
397,397-CAMPO GRANDE X CARIOCA,Fetranspor,1057,17389243,"-22.8798","-43.5071"
397,397-CAMPO GRANDE X CARIOCA,Fetranspor,1058,17389243,"-22.8799","-43.5073"
397,397-CAMPO GRANDE X CARIOCA,Fetranspor,1059,17389243,"-22.88","-43.5075"
397,397-CAMPO GRANDE X CARIOCA,Fetranspor,1060,17389243,"-22.88","-43.5075"
397,397-CAMPO GRANDE X CARIOCA,Fetranspor,1061,17389243,"-22.8802","-43.5078"
397,397-CAMPO GRANDE X CARIOCA,Fetranspor,1062,17389243,"-22.8806","-43.5083"
397,397-CAMPO GRANDE X CARIOCA,Fetranspor,1063,17389243,"-22.8806","-43.5085"
397,397-CAMPO GRANDE X CARIOCA,Fetranspor,1064,17389243,"-22.8806","-43.5085"
397,397-CAMPO GRANDE X CARIOCA,Fetranspor,1065,17389243,"-22.8807","-43.5088"
397,397-CAMPO GRANDE X CARIOCA,Fetranspor,1066,17389243,"-22.8808","-43.509"
397,397-CAMPO GRANDE X CARIOCA,Fetranspor,1067,17389243,"-22.8808","-43.5092"
397,397-CAMPO GRANDE X CARIOCA,Fetranspor,1068,17389243,"-22.8808","-43.5097"
397,397-CAMPO GRANDE X CARIOCA,Fetranspor,1069,17389243,"-22.8808","-43.5097"
397,397-CAMPO GRANDE X CARIOCA,Fetranspor,1070,17389243,"-22.8809","-43.5109"
397,397-CAMPO GRANDE X CARIOCA,Fetranspor,1071,17389243,"-22.8809","-43.5109"
397,397-CAMPO GRANDE X CARIOCA,Fetranspor,1072,17389243,"-22.881","-43.5112"
397,397-CAMPO GRANDE X CARIOCA,Fetranspor,1073,17389243,"-22.881","-43.5115"
397,397-CAMPO GRANDE X CARIOCA,Fetranspor,1074,17389243,"-22.8812","-43.5119"
397,397-CAMPO GRANDE X CARIOCA,Fetranspor,1075,17389243,"-22.8812","-43.512"
397,397-CAMPO GRANDE X CARIOCA,Fetranspor,1076,17389243,"-22.8813","-43.5121"
397,397-CAMPO GRANDE X CARIOCA,Fetranspor,1077,17389243,"-22.8813","-43.5121"
397,397-CAMPO GRANDE X CARIOCA,Fetranspor,1078,17389243,"-22.8815","-43.5123"
397,397-CAMPO GRANDE X CARIOCA,Fetranspor,1079,17389243,"-22.8816","-43.5126"
397,397-CAMPO GRANDE X CARIOCA,Fetranspor,1080,17389243,"-22.8818","-43.5128"
397,397-CAMPO GRANDE X CARIOCA,Fetranspor,1081,17389243,"-22.8818","-43.513"
397,397-CAMPO GRANDE X CARIOCA,Fetranspor,1082,17389243,"-22.8822","-43.5144"
397,397-CAMPO GRANDE X CARIOCA,Fetranspor,1083,17389243,"-22.8826","-43.5154"
397,397-CAMPO GRANDE X CARIOCA,Fetranspor,1084,17389243,"-22.8826","-43.5156"
397,397-CAMPO GRANDE X CARIOCA,Fetranspor,1085,17389243,"-22.8827","-43.5158"
397,397-CAMPO GRANDE X CARIOCA,Fetranspor,1086,17389243,"-22.8828","-43.516"
397,397-CAMPO GRANDE X CARIOCA,Fetranspor,1087,17389243,"-22.8829","-43.5161"
397,397-CAMPO GRANDE X CARIOCA,Fetranspor,1088,17389243,"-22.883","-43.5162"
397,397-CAMPO GRANDE X CARIOCA,Fetranspor,1089,17389243,"-22.883","-43.5163"
397,397-CAMPO GRANDE X CARIOCA,Fetranspor,1090,17389243,"-22.8831","-43.5164"
397,397-CAMPO GRANDE X CARIOCA,Fetranspor,1091,17389243,"-22.8832","-43.5164"
397,397-CAMPO GRANDE X CARIOCA,Fetranspor,1092,17389243,"-22.8835","-43.5166"
397,397-CAMPO GRANDE X CARIOCA,Fetranspor,1093,17389243,"-22.8837","-43.5167"
397,397-CAMPO GRANDE X CARIOCA,Fetranspor,1094,17389243,"-22.8839","-43.517"
397,397-CAMPO GRANDE X CARIOCA,Fetranspor,1095,17389243,"-22.884","-43.5171"
397,397-CAMPO GRANDE X CARIOCA,Fetranspor,1096,17389243,"-22.8841","-43.5173"
397,397-CAMPO GRANDE X CARIOCA,Fetranspor,1097,17389243,"-22.8842","-43.5175"
397,397-CAMPO GRANDE X CARIOCA,Fetranspor,1098,17389243,"-22.8847","-43.519"
397,397-CAMPO GRANDE X CARIOCA,Fetranspor,1099,17389243,"-22.8848","-43.5193"
397,397-CAMPO GRANDE X CARIOCA,Fetranspor,1100,17389243,"-22.8848","-43.5193"
397,397-CAMPO GRANDE X CARIOCA,Fetranspor,1101,17389243,"-22.8848","-43.5194"
397,397-CAMPO GRANDE X CARIOCA,Fetranspor,1102,17389243,"-22.8849","-43.5195"
397,397-CAMPO GRANDE X CARIOCA,Fetranspor,1103,17389243,"-22.8849","-43.5195"
397,397-CAMPO GRANDE X CARIOCA,Fetranspor,1104,17389243,"-22.885","-43.5196"
397,397-CAMPO GRANDE X CARIOCA,Fetranspor,1105,17389243,"-22.8851","-43.5197"
397,397-CAMPO GRANDE X CARIOCA,Fetranspor,1106,17389243,"-22.8852","-43.5199"
397,397-CAMPO GRANDE X CARIOCA,Fetranspor,1107,17389243,"-22.8855","-43.5201"
397,397-CAMPO GRANDE X CARIOCA,Fetranspor,1108,17389243,"-22.8865","-43.5206"
397,397-CAMPO GRANDE X CARIOCA,Fetranspor,1109,17389243,"-22.8865","-43.5206"
397,397-CAMPO GRANDE X CARIOCA,Fetranspor,1110,17389243,"-22.8872","-43.521"
397,397-CAMPO GRANDE X CARIOCA,Fetranspor,1111,17389243,"-22.8879","-43.5213"
397,397-CAMPO GRANDE X CARIOCA,Fetranspor,1112,17389243,"-22.8881","-43.5215"
397,397-CAMPO GRANDE X CARIOCA,Fetranspor,1113,17389243,"-22.8883","-43.5216"
397,397-CAMPO GRANDE X CARIOCA,Fetranspor,1114,17389243,"-22.8884","-43.5217"
397,397-CAMPO GRANDE X CARIOCA,Fetranspor,1115,17389243,"-22.8885","-43.5219"
397,397-CAMPO GRANDE X CARIOCA,Fetranspor,1116,17389243,"-22.8887","-43.5221"
397,397-CAMPO GRANDE X CARIOCA,Fetranspor,1117,17389243,"-22.8887","-43.5221"
397,397-CAMPO GRANDE X CARIOCA,Fetranspor,1118,17389243,"-22.8889","-43.5224"
397,397-CAMPO GRANDE X CARIOCA,Fetranspor,1119,17389243,"-22.8889","-43.5224"
397,397-CAMPO GRANDE X CARIOCA,Fetranspor,1120,17389243,"-22.8892","-43.5229"
397,397-CAMPO GRANDE X CARIOCA,Fetranspor,1121,17389243,"-22.8893","-43.5231"
397,397-CAMPO GRANDE X CARIOCA,Fetranspor,1122,17389243,"-22.8894","-43.5231"
397,397-CAMPO GRANDE X CARIOCA,Fetranspor,1123,17389243,"-22.8894","-43.5231"
397,397-CAMPO GRANDE X CARIOCA,Fetranspor,1124,17389243,"-22.8897","-43.5236"
397,397-CAMPO GRANDE X CARIOCA,Fetranspor,1125,17389243,"-22.8898","-43.5237"
397,397-CAMPO GRANDE X CARIOCA,Fetranspor,1126,17389243,"-22.8898","-43.5239"
397,397-CAMPO GRANDE X CARIOCA,Fetranspor,1127,17389243,"-22.89","-43.5242"
397,397-CAMPO GRANDE X CARIOCA,Fetranspor,1128,17389243,"-22.89","-43.5242"
397,397-CAMPO GRANDE X CARIOCA,Fetranspor,1129,17389243,"-22.8902","-43.5248"
397,397-CAMPO GRANDE X CARIOCA,Fetranspor,1130,17389243,"-22.8902","-43.5248"
397,397-CAMPO GRANDE X CARIOCA,Fetranspor,1131,17389243,"-22.8904","-43.5254"
397,397-CAMPO GRANDE X CARIOCA,Fetranspor,1132,17389243,"-22.8904","-43.5256"
397,397-CAMPO GRANDE X CARIOCA,Fetranspor,1133,17389243,"-22.8904","-43.5256"
397,397-CAMPO GRANDE X CARIOCA,Fetranspor,1134,17389243,"-22.8905","-43.5261"
397,397-CAMPO GRANDE X CARIOCA,Fetranspor,1135,17389243,"-22.8905","-43.5261"
397,397-CAMPO GRANDE X CARIOCA,Fetranspor,1136,17389243,"-22.8906","-43.5264"
397,397-CAMPO GRANDE X CARIOCA,Fetranspor,1137,17389243,"-22.8907","-43.5265"
397,397-CAMPO GRANDE X CARIOCA,Fetranspor,1138,17389243,"-22.8907","-43.5265"
397,397-CAMPO GRANDE X CARIOCA,Fetranspor,1139,17389243,"-22.8908","-43.5267"
397,397-CAMPO GRANDE X CARIOCA,Fetranspor,1140,17389243,"-22.8918","-43.5282"
397,397-CAMPO GRANDE X CARIOCA,Fetranspor,1141,17389243,"-22.8918","-43.5282"
397,397-CAMPO GRANDE X CARIOCA,Fetranspor,1142,17389243,"-22.892","-43.5285"
397,397-CAMPO GRANDE X CARIOCA,Fetranspor,1143,17389243,"-22.892","-43.5285"
397,397-CAMPO GRANDE X CARIOCA,Fetranspor,1144,17389243,"-22.8922","-43.5289"
397,397-CAMPO GRANDE X CARIOCA,Fetranspor,1145,17389243,"-22.8924","-43.5293"
397,397-CAMPO GRANDE X CARIOCA,Fetranspor,1146,17389243,"-22.8925","-43.5297"
397,397-CAMPO GRANDE X CARIOCA,Fetranspor,1147,17389243,"-22.8926","-43.5302"
397,397-CAMPO GRANDE X CARIOCA,Fetranspor,1148,17389243,"-22.8926","-43.5307"
397,397-CAMPO GRANDE X CARIOCA,Fetranspor,1149,17389243,"-22.8925","-43.531"
397,397-CAMPO GRANDE X CARIOCA,Fetranspor,1150,17389243,"-22.8925","-43.531"
397,397-CAMPO GRANDE X CARIOCA,Fetranspor,1151,17389243,"-22.8925","-43.5314"
397,397-CAMPO GRANDE X CARIOCA,Fetranspor,1152,17389243,"-22.8925","-43.5316"
397,397-CAMPO GRANDE X CARIOCA,Fetranspor,1153,17389243,"-22.8925","-43.5318"
397,397-CAMPO GRANDE X CARIOCA,Fetranspor,1154,17389243,"-22.8926","-43.532"
397,397-CAMPO GRANDE X CARIOCA,Fetranspor,1155,17389243,"-22.8926","-43.532"
397,397-CAMPO GRANDE X CARIOCA,Fetranspor,1156,17389243,"-22.8926","-43.5321"
397,397-CAMPO GRANDE X CARIOCA,Fetranspor,1157,17389243,"-22.8926","-43.5321"
397,397-CAMPO GRANDE X CARIOCA,Fetranspor,1158,17389243,"-22.8927","-43.5323"
397,397-CAMPO GRANDE X CARIOCA,Fetranspor,1159,17389243,"-22.8928","-43.5326"
397,397-CAMPO GRANDE X CARIOCA,Fetranspor,1160,17389243,"-22.8929","-43.5329"
397,397-CAMPO GRANDE X CARIOCA,Fetranspor,1161,17389243,"-22.8929","-43.5329"
397,397-CAMPO GRANDE X CARIOCA,Fetranspor,1162,17389243,"-22.893","-43.533"
397,397-CAMPO GRANDE X CARIOCA,Fetranspor,1163,17389243,"-22.893","-43.5331"
397,397-CAMPO GRANDE X CARIOCA,Fetranspor,1164,17389243,"-22.893","-43.5331"
397,397-CAMPO GRANDE X CARIOCA,Fetranspor,1165,17389243,"-22.8931","-43.5332"
397,397-CAMPO GRANDE X CARIOCA,Fetranspor,1166,17389243,"-22.8933","-43.5333"
397,397-CAMPO GRANDE X CARIOCA,Fetranspor,1167,17389243,"-22.894","-43.5339"
397,397-CAMPO GRANDE X CARIOCA,Fetranspor,1168,17389243,"-22.8941","-43.5341"
397,397-CAMPO GRANDE X CARIOCA,Fetranspor,1169,17389243,"-22.8941","-43.5341"
397,397-CAMPO GRANDE X CARIOCA,Fetranspor,1170,17389243,"-22.8941","-43.5341"
397,397-CAMPO GRANDE X CARIOCA,Fetranspor,1171,17389243,"-22.8942","-43.5342"
397,397-CAMPO GRANDE X CARIOCA,Fetranspor,1172,17389243,"-22.8942","-43.5343"
397,397-CAMPO GRANDE X CARIOCA,Fetranspor,1173,17389243,"-22.8942","-43.5344"
397,397-CAMPO GRANDE X CARIOCA,Fetranspor,1174,17389243,"-22.8943","-43.5346"
397,397-CAMPO GRANDE X CARIOCA,Fetranspor,1175,17389243,"-22.8942","-43.5347"
397,397-CAMPO GRANDE X CARIOCA,Fetranspor,1176,17389243,"-22.8942","-43.5354"
397,397-CAMPO GRANDE X CARIOCA,Fetranspor,1177,17389243,"-22.8941","-43.5358"
397,397-CAMPO GRANDE X CARIOCA,Fetranspor,1178,17389243,"-22.8941","-43.5358"
397,397-CAMPO GRANDE X CARIOCA,Fetranspor,1179,17389243,"-22.8941","-43.5359"
397,397-CAMPO GRANDE X CARIOCA,Fetranspor,1180,17389243,"-22.8941","-43.5362"
397,397-CAMPO GRANDE X CARIOCA,Fetranspor,1181,17389243,"-22.8941","-43.5362"
397,397-CAMPO GRANDE X CARIOCA,Fetranspor,1182,17389243,"-22.8942","-43.5363"
397,397-CAMPO GRANDE X CARIOCA,Fetranspor,1183,17389243,"-22.8947","-43.5369"
397,397-CAMPO GRANDE X CARIOCA,Fetranspor,1184,17389243,"-22.8947","-43.5369"
397,397-CAMPO GRANDE X CARIOCA,Fetranspor,1185,17389243,"-22.8954","-43.5376"
397,397-CAMPO GRANDE X CARIOCA,Fetranspor,1186,17389243,"-22.8954","-43.5376"
397,397-CAMPO GRANDE X CARIOCA,Fetranspor,1187,17389243,"-22.897","-43.5394"
397,397-CAMPO GRANDE X CARIOCA,Fetranspor,1188,17389243,"-22.897","-43.5394"
397,397-CAMPO GRANDE X CARIOCA,Fetranspor,1189,17389243,"-22.8981","-43.5406"
397,397-CAMPO GRANDE X CARIOCA,Fetranspor,1190,17389243,"-22.8981","-43.5406"
397,397-CAMPO GRANDE X CARIOCA,Fetranspor,1191,17389243,"-22.8982","-43.5408"
397,397-CAMPO GRANDE X CARIOCA,Fetranspor,1192,17389243,"-22.8992","-43.5419"
397,397-CAMPO GRANDE X CARIOCA,Fetranspor,1193,17389243,"-22.8992","-43.5419"
397,397-CAMPO GRANDE X CARIOCA,Fetranspor,1194,17389243,"-22.8993","-43.542"
397,397-CAMPO GRANDE X CARIOCA,Fetranspor,1195,17389243,"-22.8998","-43.5426"
397,397-CAMPO GRANDE X CARIOCA,Fetranspor,1196,17389243,"-22.8998","-43.5426"
397,397-CAMPO GRANDE X CARIOCA,Fetranspor,1197,17389243,"-22.9003","-43.5432"
397,397-CAMPO GRANDE X CARIOCA,Fetranspor,1198,17389243,"-22.9006","-43.5435"
397,397-CAMPO GRANDE X CARIOCA,Fetranspor,1199,17389243,"-22.9008","-43.5437"
397,397-CAMPO GRANDE X CARIOCA,Fetranspor,1200,17389243,"-22.901","-43.544"
397,397-CAMPO GRANDE X CARIOCA,Fetranspor,1201,17389243,"-22.901","-43.544"
397,397-CAMPO GRANDE X CARIOCA,Fetranspor,1202,17389243,"-22.9011","-43.5442"
397,397-CAMPO GRANDE X CARIOCA,Fetranspor,1203,17389243,"-22.9011","-43.5443"
397,397-CAMPO GRANDE X CARIOCA,Fetranspor,1204,17389243,"-22.9011","-43.5443"
397,397-CAMPO GRANDE X CARIOCA,Fetranspor,1205,17389243,"-22.9013","-43.5446"
397,397-CAMPO GRANDE X CARIOCA,Fetranspor,1206,17389243,"-22.9015","-43.5452"
397,397-CAMPO GRANDE X CARIOCA,Fetranspor,1207,17389243,"-22.9017","-43.5457"
397,397-CAMPO GRANDE X CARIOCA,Fetranspor,1208,17389243,"-22.9018","-43.5462"
397,397-CAMPO GRANDE X CARIOCA,Fetranspor,1209,17389243,"-22.9018","-43.5462"
397,397-CAMPO GRANDE X CARIOCA,Fetranspor,1210,17389243,"-22.902","-43.5475"
397,397-CAMPO GRANDE X CARIOCA,Fetranspor,1211,17389243,"-22.902","-43.5475"
397,397-CAMPO GRANDE X CARIOCA,Fetranspor,1212,17389243,"-22.9021","-43.5481"
397,397-CAMPO GRANDE X CARIOCA,Fetranspor,1213,17389243,"-22.9021","-43.5481"
397,397-CAMPO GRANDE X CARIOCA,Fetranspor,1214,17389243,"-22.9022","-43.5488"
397,397-CAMPO GRANDE X CARIOCA,Fetranspor,1215,17389243,"-22.9022","-43.5488"
397,397-CAMPO GRANDE X CARIOCA,Fetranspor,1216,17389243,"-22.9023","-43.5491"
397,397-CAMPO GRANDE X CARIOCA,Fetranspor,1217,17389243,"-22.9023","-43.5491"
397,397-CAMPO GRANDE X CARIOCA,Fetranspor,1218,17389243,"-22.9023","-43.5493"
397,397-CAMPO GRANDE X CARIOCA,Fetranspor,1219,17389243,"-22.9023","-43.5493"
397,397-CAMPO GRANDE X CARIOCA,Fetranspor,1220,17389243,"-22.9024","-43.5498"
397,397-CAMPO GRANDE X CARIOCA,Fetranspor,1221,17389243,"-22.9024","-43.55"
397,397-CAMPO GRANDE X CARIOCA,Fetranspor,1222,17389243,"-22.9024","-43.55"
397,397-CAMPO GRANDE X CARIOCA,Fetranspor,1223,17389243,"-22.9024","-43.5501"
397,397-CAMPO GRANDE X CARIOCA,Fetranspor,1224,17389243,"-22.9024","-43.5502"
397,397-CAMPO GRANDE X CARIOCA,Fetranspor,1225,17389243,"-22.9023","-43.5502"
397,397-CAMPO GRANDE X CARIOCA,Fetranspor,1226,17389243,"-22.9023","-43.5503"
397,397-CAMPO GRANDE X CARIOCA,Fetranspor,1227,17389243,"-22.9022","-43.5503"
397,397-CAMPO GRANDE X CARIOCA,Fetranspor,1228,17389243,"-22.9016","-43.55"
397,397-CAMPO GRANDE X CARIOCA,Fetranspor,1229,17389243,"-22.9016","-43.55"
397,397-CAMPO GRANDE X CARIOCA,Fetranspor,1230,17389243,"-22.901","-43.5498"
397,397-CAMPO GRANDE X CARIOCA,Fetranspor,1231,17389243,"-22.9007","-43.5497"
397,397-CAMPO GRANDE X CARIOCA,Fetranspor,1232,17389243,"-22.9007","-43.5497"
397,397-CAMPO GRANDE X CARIOCA,Fetranspor,1233,17389243,"-22.9006","-43.5498"
397,397-CAMPO GRANDE X CARIOCA,Fetranspor,1234,17389243,"-22.9005","-43.5498"
397,397-CAMPO GRANDE X CARIOCA,Fetranspor,1235,17389243,"-22.9005","-43.5499"
397,397-CAMPO GRANDE X CARIOCA,Fetranspor,1236,17389243,"-22.9004","-43.55"
397,397-CAMPO GRANDE X CARIOCA,Fetranspor,1237,17389243,"-22.9004","-43.5501"
397,397-CAMPO GRANDE X CARIOCA,Fetranspor,1238,17389243,"-22.9004","-43.5502"
397,397-CAMPO GRANDE X CARIOCA,Fetranspor,1239,17389243,"-22.9004","-43.5502"
397,397-CAMPO GRANDE X CARIOCA,Fetranspor,1240,17389243,"-22.9004","-43.5502"
397,397-CAMPO GRANDE X CARIOCA,Fetranspor,1241,17389243,"-22.9009","-43.5525"
397,397-CAMPO GRANDE X CARIOCA,Fetranspor,1242,17389243,"-22.9009","-43.5525"
397,397-CAMPO GRANDE X CARIOCA,Fetranspor,1243,17389243,"-22.9009","-43.5527"
397,397-CAMPO GRANDE X CARIOCA,Fetranspor,1244,17389243,"-22.901","-43.5528"
397,397-CAMPO GRANDE X CARIOCA,Fetranspor,1245,17389243,"-22.901","-43.5528"
397,397-CAMPO GRANDE X CARIOCA,Fetranspor,1246,17389243,"-22.901","-43.5528"
397,397-CAMPO GRANDE X CARIOCA,Fetranspor,1247,17389243,"-22.9014","-43.5528"
397,397-CAMPO GRANDE X CARIOCA,Fetranspor,1248,17389243,"-22.9015","-43.5529"
397,397-CAMPO GRANDE X CARIOCA,Fetranspor,1249,17389243,"-22.9015","-43.5529"
397,397-CAMPO GRANDE X CARIOCA,Fetranspor,1250,17389243,"-22.9016","-43.5529"
397,397-CAMPO GRANDE X CARIOCA,Fetranspor,1251,17389243,"-22.9016","-43.5529"
397,397-CAMPO GRANDE X CARIOCA,Fetranspor,1252,17389243,"-22.9017","-43.5535"
397,397-CAMPO GRANDE X CARIOCA,Fetranspor,1253,17389243,"-22.9017","-43.5535"
397,397-CAMPO GRANDE X CARIOCA,Fetranspor,1254,17389243,"-22.9018","-43.5538"
397,397-CAMPO GRANDE X CARIOCA,Fetranspor,1255,17389243,"-22.9019","-43.5543"
397,397-CAMPO GRANDE X CARIOCA,Fetranspor,1256,17389243,"-22.9019","-43.5543"
397,397-CAMPO GRANDE X CARIOCA,Fetranspor,1257,17389243,"-22.902","-43.5544"
397,397-CAMPO GRANDE X CARIOCA,Fetranspor,1258,17389243,"-22.902","-43.5544"
397,397-CAMPO GRANDE X CARIOCA,Fetranspor,1259,17389243,"-22.9023","-43.5554"
397,397-CAMPO GRANDE X CARIOCA,Fetranspor,1260,17389243,"-22.9024","-43.5559"
397,397-CAMPO GRANDE X CARIOCA,Fetranspor,1261,17389243,"-22.9025","-43.5561"
397,397-CAMPO GRANDE X CARIOCA,Fetranspor,1262,17389243,"-22.9025","-43.5561"
397,397-CAMPO GRANDE X CARIOCA,Fetranspor,1263,17389243,"-22.9025","-43.5562"
397,397-CAMPO GRANDE X CARIOCA,Fetranspor,1264,17389243,"-22.9024","-43.5563"
397,397-CAMPO GRANDE X CARIOCA,Fetranspor,1265,17389243,"-22.9024","-43.5563"
397,397-CAMPO GRANDE X CARIOCA,Fetranspor,1266,17389243,"-22.9023","-43.5564"
