linha,descricao,agencia,sequencia,shape_id,latitude,longitude
401,401-RIO COMPRIDO X SAO SALVADOR,Fetranspor,0,17544843,"-22.9251","-43.2069"
401,401-RIO COMPRIDO X SAO SALVADOR,Fetranspor,1,17544843,"-22.9251","-43.2062"
401,401-RIO COMPRIDO X SAO SALVADOR,Fetranspor,2,17544843,"-22.9251","-43.2062"
401,401-RIO COMPRIDO X SAO SALVADOR,Fetranspor,3,17544843,"-22.9252","-43.2056"
401,401-RIO COMPRIDO X SAO SALVADOR,Fetranspor,4,17544843,"-22.9252","-43.2056"
401,401-RIO COMPRIDO X SAO SALVADOR,Fetranspor,5,17544843,"-22.9252","-43.2055"
401,401-RIO COMPRIDO X SAO SALVADOR,Fetranspor,6,17544843,"-22.9252","-43.2055"
401,401-RIO COMPRIDO X SAO SALVADOR,Fetranspor,7,17544843,"-22.9252","-43.2054"
401,401-RIO COMPRIDO X SAO SALVADOR,Fetranspor,8,17544843,"-22.9252","-43.2054"
401,401-RIO COMPRIDO X SAO SALVADOR,Fetranspor,9,17544843,"-22.9252","-43.2054"
401,401-RIO COMPRIDO X SAO SALVADOR,Fetranspor,10,17544843,"-22.925","-43.2051"
401,401-RIO COMPRIDO X SAO SALVADOR,Fetranspor,11,17544843,"-22.925","-43.2051"
401,401-RIO COMPRIDO X SAO SALVADOR,Fetranspor,12,17544843,"-22.925","-43.2051"
401,401-RIO COMPRIDO X SAO SALVADOR,Fetranspor,13,17544843,"-22.9249","-43.2051"
401,401-RIO COMPRIDO X SAO SALVADOR,Fetranspor,14,17544843,"-22.9239","-43.2049"
401,401-RIO COMPRIDO X SAO SALVADOR,Fetranspor,15,17544843,"-22.9239","-43.2049"
401,401-RIO COMPRIDO X SAO SALVADOR,Fetranspor,16,17544843,"-22.9237","-43.206"
401,401-RIO COMPRIDO X SAO SALVADOR,Fetranspor,17,17544843,"-22.9237","-43.206"
401,401-RIO COMPRIDO X SAO SALVADOR,Fetranspor,18,17544843,"-22.9237","-43.2061"
401,401-RIO COMPRIDO X SAO SALVADOR,Fetranspor,19,17544843,"-22.9237","-43.2065"
401,401-RIO COMPRIDO X SAO SALVADOR,Fetranspor,20,17544843,"-22.9237","-43.2065"
401,401-RIO COMPRIDO X SAO SALVADOR,Fetranspor,21,17544843,"-22.9235","-43.2078"
401,401-RIO COMPRIDO X SAO SALVADOR,Fetranspor,22,17544843,"-22.9235","-43.2078"
401,401-RIO COMPRIDO X SAO SALVADOR,Fetranspor,23,17544843,"-22.9233","-43.2087"
401,401-RIO COMPRIDO X SAO SALVADOR,Fetranspor,24,17544843,"-22.9233","-43.2087"
401,401-RIO COMPRIDO X SAO SALVADOR,Fetranspor,25,17544843,"-22.923","-43.2087"
401,401-RIO COMPRIDO X SAO SALVADOR,Fetranspor,26,17544843,"-22.923","-43.2087"
401,401-RIO COMPRIDO X SAO SALVADOR,Fetranspor,27,17544843,"-22.923","-43.2087"
401,401-RIO COMPRIDO X SAO SALVADOR,Fetranspor,28,17544843,"-22.9229","-43.2087"
401,401-RIO COMPRIDO X SAO SALVADOR,Fetranspor,29,17544843,"-22.9225","-43.209"
401,401-RIO COMPRIDO X SAO SALVADOR,Fetranspor,30,17544843,"-22.9225","-43.209"
401,401-RIO COMPRIDO X SAO SALVADOR,Fetranspor,31,17544843,"-22.9224","-43.209"
401,401-RIO COMPRIDO X SAO SALVADOR,Fetranspor,32,17544843,"-22.9224","-43.209"
401,401-RIO COMPRIDO X SAO SALVADOR,Fetranspor,33,17544843,"-22.9212","-43.2088"
401,401-RIO COMPRIDO X SAO SALVADOR,Fetranspor,34,17544843,"-22.9212","-43.2088"
401,401-RIO COMPRIDO X SAO SALVADOR,Fetranspor,35,17544843,"-22.9205","-43.2087"
401,401-RIO COMPRIDO X SAO SALVADOR,Fetranspor,36,17544843,"-22.9205","-43.2087"
401,401-RIO COMPRIDO X SAO SALVADOR,Fetranspor,37,17544843,"-22.9201","-43.2087"
401,401-RIO COMPRIDO X SAO SALVADOR,Fetranspor,38,17544843,"-22.9197","-43.2086"
401,401-RIO COMPRIDO X SAO SALVADOR,Fetranspor,39,17544843,"-22.9196","-43.2087"
401,401-RIO COMPRIDO X SAO SALVADOR,Fetranspor,40,17544843,"-22.9193","-43.2088"
401,401-RIO COMPRIDO X SAO SALVADOR,Fetranspor,41,17544843,"-22.9193","-43.2088"
401,401-RIO COMPRIDO X SAO SALVADOR,Fetranspor,42,17544843,"-22.9184","-43.2091"
401,401-RIO COMPRIDO X SAO SALVADOR,Fetranspor,43,17544843,"-22.9183","-43.2091"
401,401-RIO COMPRIDO X SAO SALVADOR,Fetranspor,44,17544843,"-22.9183","-43.2091"
401,401-RIO COMPRIDO X SAO SALVADOR,Fetranspor,45,17544843,"-22.9175","-43.2094"
401,401-RIO COMPRIDO X SAO SALVADOR,Fetranspor,46,17544843,"-22.9175","-43.2094"
401,401-RIO COMPRIDO X SAO SALVADOR,Fetranspor,47,17544843,"-22.9171","-43.2095"
401,401-RIO COMPRIDO X SAO SALVADOR,Fetranspor,48,17544843,"-22.917","-43.2096"
401,401-RIO COMPRIDO X SAO SALVADOR,Fetranspor,49,17544843,"-22.917","-43.2096"
401,401-RIO COMPRIDO X SAO SALVADOR,Fetranspor,50,17544843,"-22.917","-43.2095"
401,401-RIO COMPRIDO X SAO SALVADOR,Fetranspor,51,17544843,"-22.9169","-43.2094"
401,401-RIO COMPRIDO X SAO SALVADOR,Fetranspor,52,17544843,"-22.9164","-43.209"
401,401-RIO COMPRIDO X SAO SALVADOR,Fetranspor,53,17544843,"-22.9163","-43.209"
401,401-RIO COMPRIDO X SAO SALVADOR,Fetranspor,54,17544843,"-22.9162","-43.209"
401,401-RIO COMPRIDO X SAO SALVADOR,Fetranspor,55,17544843,"-22.9161","-43.2089"
401,401-RIO COMPRIDO X SAO SALVADOR,Fetranspor,56,17544843,"-22.916","-43.2089"
401,401-RIO COMPRIDO X SAO SALVADOR,Fetranspor,57,17544843,"-22.916","-43.2089"
401,401-RIO COMPRIDO X SAO SALVADOR,Fetranspor,58,17544843,"-22.9156","-43.2083"
401,401-RIO COMPRIDO X SAO SALVADOR,Fetranspor,59,17544843,"-22.9156","-43.2083"
401,401-RIO COMPRIDO X SAO SALVADOR,Fetranspor,60,17544843,"-22.9151","-43.2075"
401,401-RIO COMPRIDO X SAO SALVADOR,Fetranspor,61,17544843,"-22.9151","-43.2075"
401,401-RIO COMPRIDO X SAO SALVADOR,Fetranspor,62,17544843,"-22.9148","-43.2069"
401,401-RIO COMPRIDO X SAO SALVADOR,Fetranspor,63,17544843,"-22.9147","-43.2068"
401,401-RIO COMPRIDO X SAO SALVADOR,Fetranspor,64,17544843,"-22.9146","-43.2066"
401,401-RIO COMPRIDO X SAO SALVADOR,Fetranspor,65,17544843,"-22.9146","-43.2066"
401,401-RIO COMPRIDO X SAO SALVADOR,Fetranspor,66,17544843,"-22.9144","-43.2059"
401,401-RIO COMPRIDO X SAO SALVADOR,Fetranspor,67,17544843,"-22.9142","-43.2054"
401,401-RIO COMPRIDO X SAO SALVADOR,Fetranspor,68,17544843,"-22.9142","-43.2054"
401,401-RIO COMPRIDO X SAO SALVADOR,Fetranspor,69,17544843,"-22.9142","-43.2053"
401,401-RIO COMPRIDO X SAO SALVADOR,Fetranspor,70,17544843,"-22.9141","-43.2049"
401,401-RIO COMPRIDO X SAO SALVADOR,Fetranspor,71,17544843,"-22.9141","-43.2049"
401,401-RIO COMPRIDO X SAO SALVADOR,Fetranspor,72,17544843,"-22.914","-43.2048"
401,401-RIO COMPRIDO X SAO SALVADOR,Fetranspor,73,17544843,"-22.914","-43.2048"
401,401-RIO COMPRIDO X SAO SALVADOR,Fetranspor,74,17544843,"-22.9139","-43.2047"
401,401-RIO COMPRIDO X SAO SALVADOR,Fetranspor,75,17544843,"-22.9139","-43.2047"
401,401-RIO COMPRIDO X SAO SALVADOR,Fetranspor,76,17544843,"-22.9138","-43.2048"
401,401-RIO COMPRIDO X SAO SALVADOR,Fetranspor,77,17544843,"-22.9136","-43.2048"
401,401-RIO COMPRIDO X SAO SALVADOR,Fetranspor,78,17544843,"-22.9126","-43.2051"
401,401-RIO COMPRIDO X SAO SALVADOR,Fetranspor,79,17544843,"-22.9124","-43.2052"
401,401-RIO COMPRIDO X SAO SALVADOR,Fetranspor,80,17544843,"-22.9124","-43.2052"
401,401-RIO COMPRIDO X SAO SALVADOR,Fetranspor,81,17544843,"-22.9123","-43.205"
401,401-RIO COMPRIDO X SAO SALVADOR,Fetranspor,82,17544843,"-22.9123","-43.2046"
401,401-RIO COMPRIDO X SAO SALVADOR,Fetranspor,83,17544843,"-22.9121","-43.2041"
401,401-RIO COMPRIDO X SAO SALVADOR,Fetranspor,84,17544843,"-22.9121","-43.2041"
401,401-RIO COMPRIDO X SAO SALVADOR,Fetranspor,85,17544843,"-22.9119","-43.2035"
401,401-RIO COMPRIDO X SAO SALVADOR,Fetranspor,86,17544843,"-22.9119","-43.2034"
401,401-RIO COMPRIDO X SAO SALVADOR,Fetranspor,87,17544843,"-22.9118","-43.2034"
401,401-RIO COMPRIDO X SAO SALVADOR,Fetranspor,88,17544843,"-22.9117","-43.2034"
401,401-RIO COMPRIDO X SAO SALVADOR,Fetranspor,89,17544843,"-22.9117","-43.2034"
401,401-RIO COMPRIDO X SAO SALVADOR,Fetranspor,90,17544843,"-22.9117","-43.2034"
401,401-RIO COMPRIDO X SAO SALVADOR,Fetranspor,91,17544843,"-22.911","-43.2037"
401,401-RIO COMPRIDO X SAO SALVADOR,Fetranspor,92,17544843,"-22.9109","-43.2037"
401,401-RIO COMPRIDO X SAO SALVADOR,Fetranspor,93,17544843,"-22.9109","-43.2037"
401,401-RIO COMPRIDO X SAO SALVADOR,Fetranspor,94,17544843,"-22.9103","-43.2039"
401,401-RIO COMPRIDO X SAO SALVADOR,Fetranspor,95,17544843,"-22.9103","-43.2039"
401,401-RIO COMPRIDO X SAO SALVADOR,Fetranspor,96,17544843,"-22.91","-43.2029"
401,401-RIO COMPRIDO X SAO SALVADOR,Fetranspor,97,17544843,"-22.91","-43.2029"
401,401-RIO COMPRIDO X SAO SALVADOR,Fetranspor,98,17544843,"-22.9098","-43.2022"
401,401-RIO COMPRIDO X SAO SALVADOR,Fetranspor,99,17544843,"-22.9098","-43.2022"
401,401-RIO COMPRIDO X SAO SALVADOR,Fetranspor,100,17544843,"-22.9096","-43.2016"
401,401-RIO COMPRIDO X SAO SALVADOR,Fetranspor,101,17544843,"-22.9095","-43.2012"
401,401-RIO COMPRIDO X SAO SALVADOR,Fetranspor,102,17544843,"-22.9093","-43.2008"
401,401-RIO COMPRIDO X SAO SALVADOR,Fetranspor,103,17544843,"-22.9093","-43.2008"
401,401-RIO COMPRIDO X SAO SALVADOR,Fetranspor,104,17544843,"-22.9092","-43.2003"
401,401-RIO COMPRIDO X SAO SALVADOR,Fetranspor,105,17544843,"-22.9092","-43.2003"
401,401-RIO COMPRIDO X SAO SALVADOR,Fetranspor,106,17544843,"-22.9091","-43.2"
401,401-RIO COMPRIDO X SAO SALVADOR,Fetranspor,107,17544843,"-22.9091","-43.2"
401,401-RIO COMPRIDO X SAO SALVADOR,Fetranspor,108,17544843,"-22.9087","-43.1986"
401,401-RIO COMPRIDO X SAO SALVADOR,Fetranspor,109,17544843,"-22.9087","-43.1986"
401,401-RIO COMPRIDO X SAO SALVADOR,Fetranspor,110,17544843,"-22.9084","-43.1977"
401,401-RIO COMPRIDO X SAO SALVADOR,Fetranspor,111,17544843,"-22.9084","-43.1977"
401,401-RIO COMPRIDO X SAO SALVADOR,Fetranspor,112,17544843,"-22.9084","-43.1975"
401,401-RIO COMPRIDO X SAO SALVADOR,Fetranspor,113,17544843,"-22.9084","-43.1975"
401,401-RIO COMPRIDO X SAO SALVADOR,Fetranspor,114,17544843,"-22.9083","-43.1971"
401,401-RIO COMPRIDO X SAO SALVADOR,Fetranspor,115,17544843,"-22.9082","-43.1971"
401,401-RIO COMPRIDO X SAO SALVADOR,Fetranspor,116,17544843,"-22.908","-43.1963"
401,401-RIO COMPRIDO X SAO SALVADOR,Fetranspor,117,17544843,"-22.908","-43.1963"
401,401-RIO COMPRIDO X SAO SALVADOR,Fetranspor,118,17544843,"-22.9077","-43.1954"
401,401-RIO COMPRIDO X SAO SALVADOR,Fetranspor,119,17544843,"-22.9077","-43.1954"
401,401-RIO COMPRIDO X SAO SALVADOR,Fetranspor,120,17544843,"-22.9074","-43.1944"
401,401-RIO COMPRIDO X SAO SALVADOR,Fetranspor,121,17544843,"-22.9074","-43.1944"
401,401-RIO COMPRIDO X SAO SALVADOR,Fetranspor,122,17544843,"-22.9074","-43.1943"
401,401-RIO COMPRIDO X SAO SALVADOR,Fetranspor,123,17544843,"-22.9074","-43.1943"
401,401-RIO COMPRIDO X SAO SALVADOR,Fetranspor,124,17544843,"-22.9065","-43.1945"
401,401-RIO COMPRIDO X SAO SALVADOR,Fetranspor,125,17544843,"-22.9065","-43.1945"
401,401-RIO COMPRIDO X SAO SALVADOR,Fetranspor,126,17544843,"-22.9063","-43.1946"
401,401-RIO COMPRIDO X SAO SALVADOR,Fetranspor,127,17544843,"-22.9063","-43.1946"
401,401-RIO COMPRIDO X SAO SALVADOR,Fetranspor,128,17544843,"-22.9062","-43.1943"
401,401-RIO COMPRIDO X SAO SALVADOR,Fetranspor,129,17544843,"-22.9051","-43.1909"
401,401-RIO COMPRIDO X SAO SALVADOR,Fetranspor,130,17544843,"-22.9051","-43.1909"
401,401-RIO COMPRIDO X SAO SALVADOR,Fetranspor,131,17544843,"-22.905","-43.1907"
401,401-RIO COMPRIDO X SAO SALVADOR,Fetranspor,132,17544843,"-22.905","-43.1907"
401,401-RIO COMPRIDO X SAO SALVADOR,Fetranspor,133,17544843,"-22.9047","-43.1896"
401,401-RIO COMPRIDO X SAO SALVADOR,Fetranspor,134,17544843,"-22.9044","-43.1887"
401,401-RIO COMPRIDO X SAO SALVADOR,Fetranspor,135,17544843,"-22.9042","-43.1882"
401,401-RIO COMPRIDO X SAO SALVADOR,Fetranspor,136,17544843,"-22.9042","-43.1882"
401,401-RIO COMPRIDO X SAO SALVADOR,Fetranspor,137,17544843,"-22.9039","-43.1873"
401,401-RIO COMPRIDO X SAO SALVADOR,Fetranspor,138,17544843,"-22.9037","-43.1864"
401,401-RIO COMPRIDO X SAO SALVADOR,Fetranspor,139,17544843,"-22.9033","-43.1854"
401,401-RIO COMPRIDO X SAO SALVADOR,Fetranspor,140,17544843,"-22.9031","-43.1846"
401,401-RIO COMPRIDO X SAO SALVADOR,Fetranspor,141,17544843,"-22.9029","-43.1839"
401,401-RIO COMPRIDO X SAO SALVADOR,Fetranspor,142,17544843,"-22.9029","-43.1839"
401,401-RIO COMPRIDO X SAO SALVADOR,Fetranspor,143,17544843,"-22.9026","-43.1831"
401,401-RIO COMPRIDO X SAO SALVADOR,Fetranspor,144,17544843,"-22.9026","-43.1831"
401,401-RIO COMPRIDO X SAO SALVADOR,Fetranspor,145,17544843,"-22.9023","-43.1821"
401,401-RIO COMPRIDO X SAO SALVADOR,Fetranspor,146,17544843,"-22.9021","-43.1814"
401,401-RIO COMPRIDO X SAO SALVADOR,Fetranspor,147,17544843,"-22.9021","-43.1814"
401,401-RIO COMPRIDO X SAO SALVADOR,Fetranspor,148,17544843,"-22.9013","-43.1791"
401,401-RIO COMPRIDO X SAO SALVADOR,Fetranspor,149,17544843,"-22.9013","-43.1791"
401,401-RIO COMPRIDO X SAO SALVADOR,Fetranspor,150,17544843,"-22.9012","-43.1781"
401,401-RIO COMPRIDO X SAO SALVADOR,Fetranspor,151,17544843,"-22.9012","-43.1781"
401,401-RIO COMPRIDO X SAO SALVADOR,Fetranspor,152,17544843,"-22.9012","-43.178"
401,401-RIO COMPRIDO X SAO SALVADOR,Fetranspor,153,17544843,"-22.901","-43.1773"
401,401-RIO COMPRIDO X SAO SALVADOR,Fetranspor,154,17544843,"-22.9009","-43.1772"
401,401-RIO COMPRIDO X SAO SALVADOR,Fetranspor,155,17544843,"-22.9009","-43.1772"
401,401-RIO COMPRIDO X SAO SALVADOR,Fetranspor,156,17544843,"-22.9009","-43.1772"
401,401-RIO COMPRIDO X SAO SALVADOR,Fetranspor,157,17544843,"-22.9009","-43.1772"
401,401-RIO COMPRIDO X SAO SALVADOR,Fetranspor,158,17544843,"-22.9006","-43.1768"
401,401-RIO COMPRIDO X SAO SALVADOR,Fetranspor,159,17544843,"-22.9006","-43.1768"
401,401-RIO COMPRIDO X SAO SALVADOR,Fetranspor,160,17544843,"-22.9005","-43.1766"
401,401-RIO COMPRIDO X SAO SALVADOR,Fetranspor,161,17544843,"-22.9004","-43.1765"
401,401-RIO COMPRIDO X SAO SALVADOR,Fetranspor,162,17544843,"-22.9003","-43.1762"
401,401-RIO COMPRIDO X SAO SALVADOR,Fetranspor,163,17544843,"-22.9002","-43.176"
401,401-RIO COMPRIDO X SAO SALVADOR,Fetranspor,164,17544843,"-22.9002","-43.1759"
401,401-RIO COMPRIDO X SAO SALVADOR,Fetranspor,165,17544843,"-22.9002","-43.1759"
401,401-RIO COMPRIDO X SAO SALVADOR,Fetranspor,166,17544843,"-22.9002","-43.1758"
401,401-RIO COMPRIDO X SAO SALVADOR,Fetranspor,167,17544843,"-22.9002","-43.1757"
401,401-RIO COMPRIDO X SAO SALVADOR,Fetranspor,168,17544843,"-22.9002","-43.1756"
401,401-RIO COMPRIDO X SAO SALVADOR,Fetranspor,169,17544843,"-22.9003","-43.1755"
401,401-RIO COMPRIDO X SAO SALVADOR,Fetranspor,170,17544843,"-22.9005","-43.1753"
401,401-RIO COMPRIDO X SAO SALVADOR,Fetranspor,171,17544843,"-22.9008","-43.1751"
401,401-RIO COMPRIDO X SAO SALVADOR,Fetranspor,172,17544843,"-22.9016","-43.1744"
401,401-RIO COMPRIDO X SAO SALVADOR,Fetranspor,173,17544843,"-22.9016","-43.1744"
401,401-RIO COMPRIDO X SAO SALVADOR,Fetranspor,174,17544843,"-22.9019","-43.1741"
401,401-RIO COMPRIDO X SAO SALVADOR,Fetranspor,175,17544843,"-22.9021","-43.1739"
401,401-RIO COMPRIDO X SAO SALVADOR,Fetranspor,176,17544843,"-22.9023","-43.1738"
401,401-RIO COMPRIDO X SAO SALVADOR,Fetranspor,177,17544843,"-22.9023","-43.1738"
401,401-RIO COMPRIDO X SAO SALVADOR,Fetranspor,178,17544843,"-22.9028","-43.1734"
401,401-RIO COMPRIDO X SAO SALVADOR,Fetranspor,179,17544843,"-22.9036","-43.1728"
401,401-RIO COMPRIDO X SAO SALVADOR,Fetranspor,180,17544843,"-22.9038","-43.1726"
401,401-RIO COMPRIDO X SAO SALVADOR,Fetranspor,181,17544843,"-22.904","-43.1724"
401,401-RIO COMPRIDO X SAO SALVADOR,Fetranspor,182,17544843,"-22.9041","-43.1722"
401,401-RIO COMPRIDO X SAO SALVADOR,Fetranspor,183,17544843,"-22.9043","-43.172"
401,401-RIO COMPRIDO X SAO SALVADOR,Fetranspor,184,17544843,"-22.9044","-43.1717"
401,401-RIO COMPRIDO X SAO SALVADOR,Fetranspor,185,17544843,"-22.9045","-43.1713"
401,401-RIO COMPRIDO X SAO SALVADOR,Fetranspor,186,17544843,"-22.9045","-43.1713"
401,401-RIO COMPRIDO X SAO SALVADOR,Fetranspor,187,17544843,"-22.9049","-43.1702"
401,401-RIO COMPRIDO X SAO SALVADOR,Fetranspor,188,17544843,"-22.9049","-43.1702"
401,401-RIO COMPRIDO X SAO SALVADOR,Fetranspor,189,17544843,"-22.9054","-43.1691"
401,401-RIO COMPRIDO X SAO SALVADOR,Fetranspor,190,17544843,"-22.9054","-43.1691"
401,401-RIO COMPRIDO X SAO SALVADOR,Fetranspor,191,17544843,"-22.9054","-43.169"
401,401-RIO COMPRIDO X SAO SALVADOR,Fetranspor,192,17544843,"-22.9055","-43.1689"
401,401-RIO COMPRIDO X SAO SALVADOR,Fetranspor,193,17544843,"-22.9056","-43.1689"
401,401-RIO COMPRIDO X SAO SALVADOR,Fetranspor,194,17544843,"-22.9057","-43.1688"
401,401-RIO COMPRIDO X SAO SALVADOR,Fetranspor,195,17544843,"-22.9058","-43.1687"
401,401-RIO COMPRIDO X SAO SALVADOR,Fetranspor,196,17544843,"-22.9059","-43.1687"
401,401-RIO COMPRIDO X SAO SALVADOR,Fetranspor,197,17544843,"-22.9063","-43.1687"
401,401-RIO COMPRIDO X SAO SALVADOR,Fetranspor,198,17544843,"-22.9063","-43.1687"
401,401-RIO COMPRIDO X SAO SALVADOR,Fetranspor,199,17544843,"-22.9069","-43.1686"
401,401-RIO COMPRIDO X SAO SALVADOR,Fetranspor,200,17544843,"-22.9069","-43.1686"
401,401-RIO COMPRIDO X SAO SALVADOR,Fetranspor,201,17544843,"-22.9075","-43.1686"
401,401-RIO COMPRIDO X SAO SALVADOR,Fetranspor,202,17544843,"-22.9076","-43.1686"
401,401-RIO COMPRIDO X SAO SALVADOR,Fetranspor,203,17544843,"-22.9077","-43.1686"
401,401-RIO COMPRIDO X SAO SALVADOR,Fetranspor,204,17544843,"-22.9078","-43.1685"
401,401-RIO COMPRIDO X SAO SALVADOR,Fetranspor,205,17544843,"-22.9078","-43.1685"
401,401-RIO COMPRIDO X SAO SALVADOR,Fetranspor,206,17544843,"-22.9078","-43.1685"
401,401-RIO COMPRIDO X SAO SALVADOR,Fetranspor,207,17544843,"-22.9082","-43.1684"
401,401-RIO COMPRIDO X SAO SALVADOR,Fetranspor,208,17544843,"-22.9082","-43.1684"
401,401-RIO COMPRIDO X SAO SALVADOR,Fetranspor,209,17544843,"-22.9094","-43.1684"
401,401-RIO COMPRIDO X SAO SALVADOR,Fetranspor,210,17544843,"-22.9097","-43.1684"
401,401-RIO COMPRIDO X SAO SALVADOR,Fetranspor,211,17544843,"-22.91","-43.1684"
401,401-RIO COMPRIDO X SAO SALVADOR,Fetranspor,212,17544843,"-22.9102","-43.1684"
401,401-RIO COMPRIDO X SAO SALVADOR,Fetranspor,213,17544843,"-22.9104","-43.1684"
401,401-RIO COMPRIDO X SAO SALVADOR,Fetranspor,214,17544843,"-22.9104","-43.1684"
401,401-RIO COMPRIDO X SAO SALVADOR,Fetranspor,215,17544843,"-22.9105","-43.1685"
401,401-RIO COMPRIDO X SAO SALVADOR,Fetranspor,216,17544843,"-22.9106","-43.1686"
401,401-RIO COMPRIDO X SAO SALVADOR,Fetranspor,217,17544843,"-22.9106","-43.1686"
401,401-RIO COMPRIDO X SAO SALVADOR,Fetranspor,218,17544843,"-22.9106","-43.1687"
401,401-RIO COMPRIDO X SAO SALVADOR,Fetranspor,219,17544843,"-22.9106","-43.1688"
401,401-RIO COMPRIDO X SAO SALVADOR,Fetranspor,220,17544843,"-22.9106","-43.1689"
401,401-RIO COMPRIDO X SAO SALVADOR,Fetranspor,221,17544843,"-22.9105","-43.1689"
401,401-RIO COMPRIDO X SAO SALVADOR,Fetranspor,222,17544843,"-22.9105","-43.169"
401,401-RIO COMPRIDO X SAO SALVADOR,Fetranspor,223,17544843,"-22.9103","-43.1691"
401,401-RIO COMPRIDO X SAO SALVADOR,Fetranspor,224,17544843,"-22.9103","-43.1691"
401,401-RIO COMPRIDO X SAO SALVADOR,Fetranspor,225,17544843,"-22.9103","-43.1691"
401,401-RIO COMPRIDO X SAO SALVADOR,Fetranspor,226,17544843,"-22.9102","-43.1691"
401,401-RIO COMPRIDO X SAO SALVADOR,Fetranspor,227,17544843,"-22.9098","-43.1693"
401,401-RIO COMPRIDO X SAO SALVADOR,Fetranspor,228,17544843,"-22.9092","-43.1695"
401,401-RIO COMPRIDO X SAO SALVADOR,Fetranspor,229,17544843,"-22.9092","-43.1695"
401,401-RIO COMPRIDO X SAO SALVADOR,Fetranspor,230,17544843,"-22.9092","-43.1697"
401,401-RIO COMPRIDO X SAO SALVADOR,Fetranspor,231,17544843,"-22.9092","-43.1697"
401,401-RIO COMPRIDO X SAO SALVADOR,Fetranspor,232,17544843,"-22.9094","-43.1698"
401,401-RIO COMPRIDO X SAO SALVADOR,Fetranspor,233,17544843,"-22.9095","-43.1702"
401,401-RIO COMPRIDO X SAO SALVADOR,Fetranspor,234,17544843,"-22.9097","-43.1707"
401,401-RIO COMPRIDO X SAO SALVADOR,Fetranspor,235,17544843,"-22.9097","-43.1707"
401,401-RIO COMPRIDO X SAO SALVADOR,Fetranspor,236,17544843,"-22.9099","-43.1716"
401,401-RIO COMPRIDO X SAO SALVADOR,Fetranspor,237,17544843,"-22.91","-43.1718"
401,401-RIO COMPRIDO X SAO SALVADOR,Fetranspor,238,17544843,"-22.91","-43.1718"
401,401-RIO COMPRIDO X SAO SALVADOR,Fetranspor,239,17544843,"-22.91","-43.1719"
401,401-RIO COMPRIDO X SAO SALVADOR,Fetranspor,240,17544843,"-22.9101","-43.1721"
401,401-RIO COMPRIDO X SAO SALVADOR,Fetranspor,241,17544843,"-22.9101","-43.1721"
401,401-RIO COMPRIDO X SAO SALVADOR,Fetranspor,242,17544843,"-22.9102","-43.1722"
401,401-RIO COMPRIDO X SAO SALVADOR,Fetranspor,243,17544843,"-22.9104","-43.1724"
401,401-RIO COMPRIDO X SAO SALVADOR,Fetranspor,244,17544843,"-22.9112","-43.1732"
401,401-RIO COMPRIDO X SAO SALVADOR,Fetranspor,245,17544843,"-22.9112","-43.1732"
401,401-RIO COMPRIDO X SAO SALVADOR,Fetranspor,246,17544843,"-22.9116","-43.1735"
401,401-RIO COMPRIDO X SAO SALVADOR,Fetranspor,247,17544843,"-22.9116","-43.1735"
401,401-RIO COMPRIDO X SAO SALVADOR,Fetranspor,248,17544843,"-22.912","-43.1738"
401,401-RIO COMPRIDO X SAO SALVADOR,Fetranspor,249,17544843,"-22.912","-43.1738"
401,401-RIO COMPRIDO X SAO SALVADOR,Fetranspor,250,17544843,"-22.912","-43.1739"
401,401-RIO COMPRIDO X SAO SALVADOR,Fetranspor,251,17544843,"-22.912","-43.1739"
401,401-RIO COMPRIDO X SAO SALVADOR,Fetranspor,252,17544843,"-22.9122","-43.1741"
401,401-RIO COMPRIDO X SAO SALVADOR,Fetranspor,253,17544843,"-22.9125","-43.1743"
401,401-RIO COMPRIDO X SAO SALVADOR,Fetranspor,254,17544843,"-22.9125","-43.1743"
401,401-RIO COMPRIDO X SAO SALVADOR,Fetranspor,255,17544843,"-22.9127","-43.1745"
401,401-RIO COMPRIDO X SAO SALVADOR,Fetranspor,256,17544843,"-22.9127","-43.1745"
401,401-RIO COMPRIDO X SAO SALVADOR,Fetranspor,257,17544843,"-22.9127","-43.1746"
401,401-RIO COMPRIDO X SAO SALVADOR,Fetranspor,258,17544843,"-22.9128","-43.1746"
401,401-RIO COMPRIDO X SAO SALVADOR,Fetranspor,259,17544843,"-22.9128","-43.1747"
401,401-RIO COMPRIDO X SAO SALVADOR,Fetranspor,260,17544843,"-22.9128","-43.1747"
401,401-RIO COMPRIDO X SAO SALVADOR,Fetranspor,261,17544843,"-22.9128","-43.1748"
401,401-RIO COMPRIDO X SAO SALVADOR,Fetranspor,262,17544843,"-22.9128","-43.1748"
401,401-RIO COMPRIDO X SAO SALVADOR,Fetranspor,263,17544843,"-22.9133","-43.1752"
401,401-RIO COMPRIDO X SAO SALVADOR,Fetranspor,264,17544843,"-22.9135","-43.1754"
401,401-RIO COMPRIDO X SAO SALVADOR,Fetranspor,265,17544843,"-22.9135","-43.1754"
401,401-RIO COMPRIDO X SAO SALVADOR,Fetranspor,266,17544843,"-22.9141","-43.1759"
401,401-RIO COMPRIDO X SAO SALVADOR,Fetranspor,267,17544843,"-22.9141","-43.1759"
401,401-RIO COMPRIDO X SAO SALVADOR,Fetranspor,268,17544843,"-22.9144","-43.176"
401,401-RIO COMPRIDO X SAO SALVADOR,Fetranspor,269,17544843,"-22.9144","-43.176"
401,401-RIO COMPRIDO X SAO SALVADOR,Fetranspor,270,17544843,"-22.9145","-43.1761"
401,401-RIO COMPRIDO X SAO SALVADOR,Fetranspor,271,17544843,"-22.9146","-43.1762"
401,401-RIO COMPRIDO X SAO SALVADOR,Fetranspor,272,17544843,"-22.9146","-43.1762"
401,401-RIO COMPRIDO X SAO SALVADOR,Fetranspor,273,17544843,"-22.9147","-43.1762"
401,401-RIO COMPRIDO X SAO SALVADOR,Fetranspor,274,17544843,"-22.915","-43.1763"
401,401-RIO COMPRIDO X SAO SALVADOR,Fetranspor,275,17544843,"-22.9168","-43.1765"
401,401-RIO COMPRIDO X SAO SALVADOR,Fetranspor,276,17544843,"-22.9171","-43.1766"
401,401-RIO COMPRIDO X SAO SALVADOR,Fetranspor,277,17544843,"-22.9171","-43.1766"
401,401-RIO COMPRIDO X SAO SALVADOR,Fetranspor,278,17544843,"-22.9177","-43.1767"
401,401-RIO COMPRIDO X SAO SALVADOR,Fetranspor,279,17544843,"-22.9181","-43.1767"
401,401-RIO COMPRIDO X SAO SALVADOR,Fetranspor,280,17544843,"-22.9182","-43.1767"
401,401-RIO COMPRIDO X SAO SALVADOR,Fetranspor,281,17544843,"-22.9183","-43.1767"
401,401-RIO COMPRIDO X SAO SALVADOR,Fetranspor,282,17544843,"-22.9185","-43.1767"
401,401-RIO COMPRIDO X SAO SALVADOR,Fetranspor,283,17544843,"-22.9186","-43.1767"
401,401-RIO COMPRIDO X SAO SALVADOR,Fetranspor,284,17544843,"-22.9187","-43.1766"
401,401-RIO COMPRIDO X SAO SALVADOR,Fetranspor,285,17544843,"-22.9189","-43.1765"
401,401-RIO COMPRIDO X SAO SALVADOR,Fetranspor,286,17544843,"-22.9192","-43.1761"
401,401-RIO COMPRIDO X SAO SALVADOR,Fetranspor,287,17544843,"-22.9194","-43.176"
401,401-RIO COMPRIDO X SAO SALVADOR,Fetranspor,288,17544843,"-22.9194","-43.176"
401,401-RIO COMPRIDO X SAO SALVADOR,Fetranspor,289,17544843,"-22.9194","-43.176"
401,401-RIO COMPRIDO X SAO SALVADOR,Fetranspor,290,17544843,"-22.9199","-43.1765"
401,401-RIO COMPRIDO X SAO SALVADOR,Fetranspor,291,17544843,"-22.9199","-43.1765"
401,401-RIO COMPRIDO X SAO SALVADOR,Fetranspor,292,17544843,"-22.9201","-43.1766"
401,401-RIO COMPRIDO X SAO SALVADOR,Fetranspor,293,17544843,"-22.9205","-43.1768"
401,401-RIO COMPRIDO X SAO SALVADOR,Fetranspor,294,17544843,"-22.9205","-43.1768"
401,401-RIO COMPRIDO X SAO SALVADOR,Fetranspor,295,17544843,"-22.9211","-43.1769"
401,401-RIO COMPRIDO X SAO SALVADOR,Fetranspor,296,17544843,"-22.9211","-43.1769"
401,401-RIO COMPRIDO X SAO SALVADOR,Fetranspor,297,17544843,"-22.9219","-43.1771"
401,401-RIO COMPRIDO X SAO SALVADOR,Fetranspor,298,17544843,"-22.9219","-43.1771"
401,401-RIO COMPRIDO X SAO SALVADOR,Fetranspor,299,17544843,"-22.9222","-43.1771"
401,401-RIO COMPRIDO X SAO SALVADOR,Fetranspor,300,17544843,"-22.9232","-43.1773"
401,401-RIO COMPRIDO X SAO SALVADOR,Fetranspor,301,17544843,"-22.9235","-43.1773"
401,401-RIO COMPRIDO X SAO SALVADOR,Fetranspor,302,17544843,"-22.9235","-43.1774"
401,401-RIO COMPRIDO X SAO SALVADOR,Fetranspor,303,17544843,"-22.9235","-43.1774"
401,401-RIO COMPRIDO X SAO SALVADOR,Fetranspor,304,17544843,"-22.9236","-43.1774"
401,401-RIO COMPRIDO X SAO SALVADOR,Fetranspor,305,17544843,"-22.9237","-43.1775"
401,401-RIO COMPRIDO X SAO SALVADOR,Fetranspor,306,17544843,"-22.9237","-43.1775"
401,401-RIO COMPRIDO X SAO SALVADOR,Fetranspor,307,17544843,"-22.9249","-43.1796"
401,401-RIO COMPRIDO X SAO SALVADOR,Fetranspor,308,17544843,"-22.9249","-43.1796"
401,401-RIO COMPRIDO X SAO SALVADOR,Fetranspor,309,17544843,"-22.9252","-43.1796"
401,401-RIO COMPRIDO X SAO SALVADOR,Fetranspor,310,17544843,"-22.9257","-43.1794"
401,401-RIO COMPRIDO X SAO SALVADOR,Fetranspor,311,17544843,"-22.926","-43.1794"
401,401-RIO COMPRIDO X SAO SALVADOR,Fetranspor,312,17544843,"-22.926","-43.1794"
401,401-RIO COMPRIDO X SAO SALVADOR,Fetranspor,313,17544843,"-22.9268","-43.1794"
401,401-RIO COMPRIDO X SAO SALVADOR,Fetranspor,314,17544843,"-22.9268","-43.1794"
401,401-RIO COMPRIDO X SAO SALVADOR,Fetranspor,315,17544843,"-22.9271","-43.1794"
401,401-RIO COMPRIDO X SAO SALVADOR,Fetranspor,316,17544843,"-22.9271","-43.1794"
401,401-RIO COMPRIDO X SAO SALVADOR,Fetranspor,317,17544843,"-22.9272","-43.1794"
401,401-RIO COMPRIDO X SAO SALVADOR,Fetranspor,318,17544843,"-22.9272","-43.1794"
401,401-RIO COMPRIDO X SAO SALVADOR,Fetranspor,319,17544843,"-22.9275","-43.1794"
401,401-RIO COMPRIDO X SAO SALVADOR,Fetranspor,320,17544843,"-22.9275","-43.1794"
401,401-RIO COMPRIDO X SAO SALVADOR,Fetranspor,321,17544843,"-22.9283","-43.1793"
401,401-RIO COMPRIDO X SAO SALVADOR,Fetranspor,322,17544843,"-22.9283","-43.1793"
401,401-RIO COMPRIDO X SAO SALVADOR,Fetranspor,323,17544843,"-22.9287","-43.1793"
401,401-RIO COMPRIDO X SAO SALVADOR,Fetranspor,324,17544843,"-22.9289","-43.1794"
401,401-RIO COMPRIDO X SAO SALVADOR,Fetranspor,325,17544843,"-22.9291","-43.1794"
401,401-RIO COMPRIDO X SAO SALVADOR,Fetranspor,326,17544843,"-22.9291","-43.1794"
401,401-RIO COMPRIDO X SAO SALVADOR,Fetranspor,327,17544843,"-22.9293","-43.1794"
401,401-RIO COMPRIDO X SAO SALVADOR,Fetranspor,328,17544843,"-22.9298","-43.1795"
401,401-RIO COMPRIDO X SAO SALVADOR,Fetranspor,329,17544843,"-22.9302","-43.1794"
401,401-RIO COMPRIDO X SAO SALVADOR,Fetranspor,330,17544843,"-22.9306","-43.1792"
401,401-RIO COMPRIDO X SAO SALVADOR,Fetranspor,331,17544843,"-22.9306","-43.1792"
401,401-RIO COMPRIDO X SAO SALVADOR,Fetranspor,332,17544843,"-22.9307","-43.1795"
401,401-RIO COMPRIDO X SAO SALVADOR,Fetranspor,333,17544843,"-22.9307","-43.1795"
401,401-RIO COMPRIDO X SAO SALVADOR,Fetranspor,334,17544843,"-22.9313","-43.1793"
401,401-RIO COMPRIDO X SAO SALVADOR,Fetranspor,335,17544843,"-22.9313","-43.1793"
401,401-RIO COMPRIDO X SAO SALVADOR,Fetranspor,336,17544843,"-22.9314","-43.1793"
401,401-RIO COMPRIDO X SAO SALVADOR,Fetranspor,337,17544843,"-22.9324","-43.179"
401,401-RIO COMPRIDO X SAO SALVADOR,Fetranspor,338,17544843,"-22.9326","-43.1789"
401,401-RIO COMPRIDO X SAO SALVADOR,Fetranspor,339,17544843,"-22.9328","-43.1789"
401,401-RIO COMPRIDO X SAO SALVADOR,Fetranspor,340,17544843,"-22.9328","-43.1789"
401,401-RIO COMPRIDO X SAO SALVADOR,Fetranspor,341,17544843,"-22.9337","-43.1787"
401,401-RIO COMPRIDO X SAO SALVADOR,Fetranspor,342,17544843,"-22.9337","-43.1787"
401,401-RIO COMPRIDO X SAO SALVADOR,Fetranspor,343,17544843,"-22.9337","-43.1791"
401,401-RIO COMPRIDO X SAO SALVADOR,Fetranspor,344,17544843,"-22.9338","-43.1797"
401,401-RIO COMPRIDO X SAO SALVADOR,Fetranspor,345,17544843,"-22.9339","-43.1798"
401,401-RIO COMPRIDO X SAO SALVADOR,Fetranspor,346,17544843,"-22.9339","-43.1798"
401,401-RIO COMPRIDO X SAO SALVADOR,Fetranspor,347,17544843,"-22.9339","-43.1799"
401,401-RIO COMPRIDO X SAO SALVADOR,Fetranspor,348,17544843,"-22.934","-43.1802"
401,401-RIO COMPRIDO X SAO SALVADOR,Fetranspor,349,17544843,"-22.9341","-43.1804"
401,401-RIO COMPRIDO X SAO SALVADOR,Fetranspor,350,17544843,"-22.9341","-43.1804"
401,401-RIO COMPRIDO X SAO SALVADOR,Fetranspor,351,17544843,"-22.9342","-43.1806"
401,401-RIO COMPRIDO X SAO SALVADOR,Fetranspor,352,17544843,"-22.9342","-43.1806"
401,401-RIO COMPRIDO X SAO SALVADOR,Fetranspor,353,17544843,"-22.9339","-43.1808"
401,401-RIO COMPRIDO X SAO SALVADOR,Fetranspor,354,17544843,"-22.9339","-43.1808"
401,401-RIO COMPRIDO X SAO SALVADOR,Fetranspor,355,17544843,"-22.9338","-43.1806"
401,401-RIO COMPRIDO X SAO SALVADOR,Fetranspor,0,17618287,"-22.9338","-43.1806"
401,401-RIO COMPRIDO X SAO SALVADOR,Fetranspor,1,17618287,"-22.9336","-43.18"
401,401-RIO COMPRIDO X SAO SALVADOR,Fetranspor,2,17618287,"-22.9336","-43.18"
401,401-RIO COMPRIDO X SAO SALVADOR,Fetranspor,3,17618287,"-22.9333","-43.1797"
401,401-RIO COMPRIDO X SAO SALVADOR,Fetranspor,4,17618287,"-22.9331","-43.1795"
401,401-RIO COMPRIDO X SAO SALVADOR,Fetranspor,5,17618287,"-22.9331","-43.1794"
401,401-RIO COMPRIDO X SAO SALVADOR,Fetranspor,6,17618287,"-22.9329","-43.1793"
401,401-RIO COMPRIDO X SAO SALVADOR,Fetranspor,7,17618287,"-22.9329","-43.1792"
401,401-RIO COMPRIDO X SAO SALVADOR,Fetranspor,8,17618287,"-22.9329","-43.1792"
401,401-RIO COMPRIDO X SAO SALVADOR,Fetranspor,9,17618287,"-22.9329","-43.1792"
401,401-RIO COMPRIDO X SAO SALVADOR,Fetranspor,10,17618287,"-22.9328","-43.1789"
401,401-RIO COMPRIDO X SAO SALVADOR,Fetranspor,11,17618287,"-22.9328","-43.1789"
401,401-RIO COMPRIDO X SAO SALVADOR,Fetranspor,12,17618287,"-22.9328","-43.1787"
401,401-RIO COMPRIDO X SAO SALVADOR,Fetranspor,13,17618287,"-22.9327","-43.1778"
401,401-RIO COMPRIDO X SAO SALVADOR,Fetranspor,14,17618287,"-22.9327","-43.1778"
401,401-RIO COMPRIDO X SAO SALVADOR,Fetranspor,15,17618287,"-22.9328","-43.1777"
401,401-RIO COMPRIDO X SAO SALVADOR,Fetranspor,16,17618287,"-22.9328","-43.1777"
401,401-RIO COMPRIDO X SAO SALVADOR,Fetranspor,17,17618287,"-22.9329","-43.1777"
401,401-RIO COMPRIDO X SAO SALVADOR,Fetranspor,18,17618287,"-22.9329","-43.1776"
401,401-RIO COMPRIDO X SAO SALVADOR,Fetranspor,19,17618287,"-22.9329","-43.1776"
401,401-RIO COMPRIDO X SAO SALVADOR,Fetranspor,20,17618287,"-22.9329","-43.1776"
401,401-RIO COMPRIDO X SAO SALVADOR,Fetranspor,21,17618287,"-22.9328","-43.1775"
401,401-RIO COMPRIDO X SAO SALVADOR,Fetranspor,22,17618287,"-22.9328","-43.1775"
401,401-RIO COMPRIDO X SAO SALVADOR,Fetranspor,23,17618287,"-22.9328","-43.1774"
401,401-RIO COMPRIDO X SAO SALVADOR,Fetranspor,24,17618287,"-22.9328","-43.1774"
401,401-RIO COMPRIDO X SAO SALVADOR,Fetranspor,25,17618287,"-22.9327","-43.1774"
401,401-RIO COMPRIDO X SAO SALVADOR,Fetranspor,26,17618287,"-22.9326","-43.1774"
401,401-RIO COMPRIDO X SAO SALVADOR,Fetranspor,27,17618287,"-22.9326","-43.1774"
401,401-RIO COMPRIDO X SAO SALVADOR,Fetranspor,28,17618287,"-22.9326","-43.1775"
401,401-RIO COMPRIDO X SAO SALVADOR,Fetranspor,29,17618287,"-22.9325","-43.1775"
401,401-RIO COMPRIDO X SAO SALVADOR,Fetranspor,30,17618287,"-22.9325","-43.1775"
401,401-RIO COMPRIDO X SAO SALVADOR,Fetranspor,31,17618287,"-22.9322","-43.1776"
401,401-RIO COMPRIDO X SAO SALVADOR,Fetranspor,32,17618287,"-22.9322","-43.1776"
401,401-RIO COMPRIDO X SAO SALVADOR,Fetranspor,33,17618287,"-22.9315","-43.1776"
401,401-RIO COMPRIDO X SAO SALVADOR,Fetranspor,34,17618287,"-22.9313","-43.1776"
401,401-RIO COMPRIDO X SAO SALVADOR,Fetranspor,35,17618287,"-22.9313","-43.1776"
401,401-RIO COMPRIDO X SAO SALVADOR,Fetranspor,36,17618287,"-22.9311","-43.1776"
401,401-RIO COMPRIDO X SAO SALVADOR,Fetranspor,37,17618287,"-22.9311","-43.1776"
401,401-RIO COMPRIDO X SAO SALVADOR,Fetranspor,38,17618287,"-22.9305","-43.1777"
401,401-RIO COMPRIDO X SAO SALVADOR,Fetranspor,39,17618287,"-22.9305","-43.1777"
401,401-RIO COMPRIDO X SAO SALVADOR,Fetranspor,40,17618287,"-22.9303","-43.1777"
401,401-RIO COMPRIDO X SAO SALVADOR,Fetranspor,41,17618287,"-22.9303","-43.1777"
401,401-RIO COMPRIDO X SAO SALVADOR,Fetranspor,42,17618287,"-22.9301","-43.1776"
401,401-RIO COMPRIDO X SAO SALVADOR,Fetranspor,43,17618287,"-22.9299","-43.1776"
401,401-RIO COMPRIDO X SAO SALVADOR,Fetranspor,44,17618287,"-22.9298","-43.1776"
401,401-RIO COMPRIDO X SAO SALVADOR,Fetranspor,45,17618287,"-22.9298","-43.1776"
401,401-RIO COMPRIDO X SAO SALVADOR,Fetranspor,46,17618287,"-22.9289","-43.1773"
401,401-RIO COMPRIDO X SAO SALVADOR,Fetranspor,47,17618287,"-22.9289","-43.1773"
401,401-RIO COMPRIDO X SAO SALVADOR,Fetranspor,48,17618287,"-22.9288","-43.1772"
401,401-RIO COMPRIDO X SAO SALVADOR,Fetranspor,49,17618287,"-22.9288","-43.1772"
401,401-RIO COMPRIDO X SAO SALVADOR,Fetranspor,50,17618287,"-22.9283","-43.1771"
401,401-RIO COMPRIDO X SAO SALVADOR,Fetranspor,51,17618287,"-22.9283","-43.1771"
401,401-RIO COMPRIDO X SAO SALVADOR,Fetranspor,52,17618287,"-22.928","-43.177"
401,401-RIO COMPRIDO X SAO SALVADOR,Fetranspor,53,17618287,"-22.928","-43.177"
401,401-RIO COMPRIDO X SAO SALVADOR,Fetranspor,54,17618287,"-22.9275","-43.1768"
401,401-RIO COMPRIDO X SAO SALVADOR,Fetranspor,55,17618287,"-22.9275","-43.1768"
401,401-RIO COMPRIDO X SAO SALVADOR,Fetranspor,56,17618287,"-22.9274","-43.1768"
401,401-RIO COMPRIDO X SAO SALVADOR,Fetranspor,57,17618287,"-22.9271","-43.1767"
401,401-RIO COMPRIDO X SAO SALVADOR,Fetranspor,58,17618287,"-22.9269","-43.1766"
401,401-RIO COMPRIDO X SAO SALVADOR,Fetranspor,59,17618287,"-22.9268","-43.1766"
401,401-RIO COMPRIDO X SAO SALVADOR,Fetranspor,60,17618287,"-22.9268","-43.1766"
401,401-RIO COMPRIDO X SAO SALVADOR,Fetranspor,61,17618287,"-22.9265","-43.1766"
401,401-RIO COMPRIDO X SAO SALVADOR,Fetranspor,62,17618287,"-22.9263","-43.1766"
401,401-RIO COMPRIDO X SAO SALVADOR,Fetranspor,63,17618287,"-22.9257","-43.1766"
401,401-RIO COMPRIDO X SAO SALVADOR,Fetranspor,64,17618287,"-22.9257","-43.1766"
401,401-RIO COMPRIDO X SAO SALVADOR,Fetranspor,65,17618287,"-22.9256","-43.1766"
401,401-RIO COMPRIDO X SAO SALVADOR,Fetranspor,66,17618287,"-22.9254","-43.1766"
401,401-RIO COMPRIDO X SAO SALVADOR,Fetranspor,67,17618287,"-22.9253","-43.1766"
401,401-RIO COMPRIDO X SAO SALVADOR,Fetranspor,68,17618287,"-22.9244","-43.1769"
401,401-RIO COMPRIDO X SAO SALVADOR,Fetranspor,69,17618287,"-22.9244","-43.1769"
401,401-RIO COMPRIDO X SAO SALVADOR,Fetranspor,70,17618287,"-22.9241","-43.177"
401,401-RIO COMPRIDO X SAO SALVADOR,Fetranspor,71,17618287,"-22.9241","-43.177"
401,401-RIO COMPRIDO X SAO SALVADOR,Fetranspor,72,17618287,"-22.9238","-43.177"
401,401-RIO COMPRIDO X SAO SALVADOR,Fetranspor,73,17618287,"-22.9238","-43.177"
401,401-RIO COMPRIDO X SAO SALVADOR,Fetranspor,74,17618287,"-22.9235","-43.177"
401,401-RIO COMPRIDO X SAO SALVADOR,Fetranspor,75,17618287,"-22.9235","-43.177"
401,401-RIO COMPRIDO X SAO SALVADOR,Fetranspor,76,17618287,"-22.9233","-43.1771"
401,401-RIO COMPRIDO X SAO SALVADOR,Fetranspor,77,17618287,"-22.9228","-43.1771"
401,401-RIO COMPRIDO X SAO SALVADOR,Fetranspor,78,17618287,"-22.9224","-43.177"
401,401-RIO COMPRIDO X SAO SALVADOR,Fetranspor,79,17618287,"-22.922","-43.1769"
401,401-RIO COMPRIDO X SAO SALVADOR,Fetranspor,80,17618287,"-22.922","-43.1769"
401,401-RIO COMPRIDO X SAO SALVADOR,Fetranspor,81,17618287,"-22.9216","-43.1768"
401,401-RIO COMPRIDO X SAO SALVADOR,Fetranspor,82,17618287,"-22.9214","-43.1767"
401,401-RIO COMPRIDO X SAO SALVADOR,Fetranspor,83,17618287,"-22.9214","-43.1767"
401,401-RIO COMPRIDO X SAO SALVADOR,Fetranspor,84,17618287,"-22.9212","-43.1766"
401,401-RIO COMPRIDO X SAO SALVADOR,Fetranspor,85,17618287,"-22.9212","-43.1766"
401,401-RIO COMPRIDO X SAO SALVADOR,Fetranspor,86,17618287,"-22.9212","-43.1766"
401,401-RIO COMPRIDO X SAO SALVADOR,Fetranspor,87,17618287,"-22.9211","-43.1765"
401,401-RIO COMPRIDO X SAO SALVADOR,Fetranspor,88,17618287,"-22.9208","-43.1763"
401,401-RIO COMPRIDO X SAO SALVADOR,Fetranspor,89,17618287,"-22.9206","-43.1761"
401,401-RIO COMPRIDO X SAO SALVADOR,Fetranspor,90,17618287,"-22.9206","-43.1761"
401,401-RIO COMPRIDO X SAO SALVADOR,Fetranspor,91,17618287,"-22.9205","-43.1759"
401,401-RIO COMPRIDO X SAO SALVADOR,Fetranspor,92,17618287,"-22.9205","-43.1758"
401,401-RIO COMPRIDO X SAO SALVADOR,Fetranspor,93,17618287,"-22.9205","-43.1758"
401,401-RIO COMPRIDO X SAO SALVADOR,Fetranspor,94,17618287,"-22.9206","-43.1756"
401,401-RIO COMPRIDO X SAO SALVADOR,Fetranspor,95,17618287,"-22.9206","-43.1756"
401,401-RIO COMPRIDO X SAO SALVADOR,Fetranspor,96,17618287,"-22.9206","-43.1753"
401,401-RIO COMPRIDO X SAO SALVADOR,Fetranspor,97,17618287,"-22.9207","-43.1749"
401,401-RIO COMPRIDO X SAO SALVADOR,Fetranspor,98,17618287,"-22.9206","-43.1748"
401,401-RIO COMPRIDO X SAO SALVADOR,Fetranspor,99,17618287,"-22.9206","-43.1747"
401,401-RIO COMPRIDO X SAO SALVADOR,Fetranspor,100,17618287,"-22.9206","-43.1747"
401,401-RIO COMPRIDO X SAO SALVADOR,Fetranspor,101,17618287,"-22.9206","-43.1747"
401,401-RIO COMPRIDO X SAO SALVADOR,Fetranspor,102,17618287,"-22.9205","-43.1746"
401,401-RIO COMPRIDO X SAO SALVADOR,Fetranspor,103,17618287,"-22.9205","-43.1745"
401,401-RIO COMPRIDO X SAO SALVADOR,Fetranspor,104,17618287,"-22.9205","-43.1745"
401,401-RIO COMPRIDO X SAO SALVADOR,Fetranspor,105,17618287,"-22.9204","-43.1745"
401,401-RIO COMPRIDO X SAO SALVADOR,Fetranspor,106,17618287,"-22.9203","-43.1745"
401,401-RIO COMPRIDO X SAO SALVADOR,Fetranspor,107,17618287,"-22.9203","-43.1745"
401,401-RIO COMPRIDO X SAO SALVADOR,Fetranspor,108,17618287,"-22.9203","-43.1745"
401,401-RIO COMPRIDO X SAO SALVADOR,Fetranspor,109,17618287,"-22.9202","-43.1745"
401,401-RIO COMPRIDO X SAO SALVADOR,Fetranspor,110,17618287,"-22.9202","-43.1745"
401,401-RIO COMPRIDO X SAO SALVADOR,Fetranspor,111,17618287,"-22.9198","-43.1747"
401,401-RIO COMPRIDO X SAO SALVADOR,Fetranspor,112,17618287,"-22.9196","-43.1748"
401,401-RIO COMPRIDO X SAO SALVADOR,Fetranspor,113,17618287,"-22.9191","-43.175"
401,401-RIO COMPRIDO X SAO SALVADOR,Fetranspor,114,17618287,"-22.9187","-43.1751"
401,401-RIO COMPRIDO X SAO SALVADOR,Fetranspor,115,17618287,"-22.9183","-43.1752"
401,401-RIO COMPRIDO X SAO SALVADOR,Fetranspor,116,17618287,"-22.9179","-43.1752"
401,401-RIO COMPRIDO X SAO SALVADOR,Fetranspor,117,17618287,"-22.9172","-43.1753"
401,401-RIO COMPRIDO X SAO SALVADOR,Fetranspor,118,17618287,"-22.9168","-43.1753"
401,401-RIO COMPRIDO X SAO SALVADOR,Fetranspor,119,17618287,"-22.9162","-43.1752"
401,401-RIO COMPRIDO X SAO SALVADOR,Fetranspor,120,17618287,"-22.9156","-43.1751"
401,401-RIO COMPRIDO X SAO SALVADOR,Fetranspor,121,17618287,"-22.9153","-43.175"
401,401-RIO COMPRIDO X SAO SALVADOR,Fetranspor,122,17618287,"-22.9148","-43.1749"
401,401-RIO COMPRIDO X SAO SALVADOR,Fetranspor,123,17618287,"-22.9148","-43.1749"
401,401-RIO COMPRIDO X SAO SALVADOR,Fetranspor,124,17618287,"-22.9144","-43.1747"
401,401-RIO COMPRIDO X SAO SALVADOR,Fetranspor,125,17618287,"-22.9141","-43.1746"
401,401-RIO COMPRIDO X SAO SALVADOR,Fetranspor,126,17618287,"-22.9139","-43.1745"
401,401-RIO COMPRIDO X SAO SALVADOR,Fetranspor,127,17618287,"-22.9137","-43.1744"
401,401-RIO COMPRIDO X SAO SALVADOR,Fetranspor,128,17618287,"-22.9137","-43.1744"
401,401-RIO COMPRIDO X SAO SALVADOR,Fetranspor,129,17618287,"-22.9134","-43.1742"
401,401-RIO COMPRIDO X SAO SALVADOR,Fetranspor,130,17618287,"-22.9129","-43.1738"
401,401-RIO COMPRIDO X SAO SALVADOR,Fetranspor,131,17618287,"-22.9129","-43.1738"
401,401-RIO COMPRIDO X SAO SALVADOR,Fetranspor,132,17618287,"-22.9125","-43.1735"
401,401-RIO COMPRIDO X SAO SALVADOR,Fetranspor,133,17618287,"-22.9122","-43.1731"
401,401-RIO COMPRIDO X SAO SALVADOR,Fetranspor,134,17618287,"-22.912","-43.1729"
401,401-RIO COMPRIDO X SAO SALVADOR,Fetranspor,135,17618287,"-22.912","-43.1729"
401,401-RIO COMPRIDO X SAO SALVADOR,Fetranspor,136,17618287,"-22.9118","-43.1727"
401,401-RIO COMPRIDO X SAO SALVADOR,Fetranspor,137,17618287,"-22.9117","-43.1726"
401,401-RIO COMPRIDO X SAO SALVADOR,Fetranspor,138,17618287,"-22.9117","-43.1726"
401,401-RIO COMPRIDO X SAO SALVADOR,Fetranspor,139,17618287,"-22.9116","-43.1724"
401,401-RIO COMPRIDO X SAO SALVADOR,Fetranspor,140,17618287,"-22.9114","-43.1721"
401,401-RIO COMPRIDO X SAO SALVADOR,Fetranspor,141,17618287,"-22.9113","-43.172"
401,401-RIO COMPRIDO X SAO SALVADOR,Fetranspor,142,17618287,"-22.9113","-43.172"
401,401-RIO COMPRIDO X SAO SALVADOR,Fetranspor,143,17618287,"-22.9113","-43.1719"
401,401-RIO COMPRIDO X SAO SALVADOR,Fetranspor,144,17618287,"-22.9113","-43.1719"
401,401-RIO COMPRIDO X SAO SALVADOR,Fetranspor,145,17618287,"-22.9112","-43.1717"
401,401-RIO COMPRIDO X SAO SALVADOR,Fetranspor,146,17618287,"-22.9112","-43.1717"
401,401-RIO COMPRIDO X SAO SALVADOR,Fetranspor,147,17618287,"-22.9112","-43.1717"
401,401-RIO COMPRIDO X SAO SALVADOR,Fetranspor,148,17618287,"-22.911","-43.1712"
401,401-RIO COMPRIDO X SAO SALVADOR,Fetranspor,149,17618287,"-22.911","-43.1712"
401,401-RIO COMPRIDO X SAO SALVADOR,Fetranspor,150,17618287,"-22.9109","-43.1708"
401,401-RIO COMPRIDO X SAO SALVADOR,Fetranspor,151,17618287,"-22.9109","-43.1706"
401,401-RIO COMPRIDO X SAO SALVADOR,Fetranspor,152,17618287,"-22.9109","-43.1706"
401,401-RIO COMPRIDO X SAO SALVADOR,Fetranspor,153,17618287,"-22.9109","-43.1704"
401,401-RIO COMPRIDO X SAO SALVADOR,Fetranspor,154,17618287,"-22.9108","-43.1701"
401,401-RIO COMPRIDO X SAO SALVADOR,Fetranspor,155,17618287,"-22.9109","-43.17"
401,401-RIO COMPRIDO X SAO SALVADOR,Fetranspor,156,17618287,"-22.9109","-43.1699"
401,401-RIO COMPRIDO X SAO SALVADOR,Fetranspor,157,17618287,"-22.9109","-43.1699"
401,401-RIO COMPRIDO X SAO SALVADOR,Fetranspor,158,17618287,"-22.9109","-43.1697"
401,401-RIO COMPRIDO X SAO SALVADOR,Fetranspor,159,17618287,"-22.9109","-43.1697"
401,401-RIO COMPRIDO X SAO SALVADOR,Fetranspor,160,17618287,"-22.911","-43.1697"
401,401-RIO COMPRIDO X SAO SALVADOR,Fetranspor,161,17618287,"-22.9111","-43.1695"
401,401-RIO COMPRIDO X SAO SALVADOR,Fetranspor,162,17618287,"-22.9113","-43.1694"
401,401-RIO COMPRIDO X SAO SALVADOR,Fetranspor,163,17618287,"-22.9114","-43.1693"
401,401-RIO COMPRIDO X SAO SALVADOR,Fetranspor,164,17618287,"-22.9116","-43.1693"
401,401-RIO COMPRIDO X SAO SALVADOR,Fetranspor,165,17618287,"-22.9117","-43.1692"
401,401-RIO COMPRIDO X SAO SALVADOR,Fetranspor,166,17618287,"-22.9118","-43.1692"
401,401-RIO COMPRIDO X SAO SALVADOR,Fetranspor,167,17618287,"-22.9119","-43.1692"
401,401-RIO COMPRIDO X SAO SALVADOR,Fetranspor,168,17618287,"-22.912","-43.1692"
401,401-RIO COMPRIDO X SAO SALVADOR,Fetranspor,169,17618287,"-22.9121","-43.1692"
401,401-RIO COMPRIDO X SAO SALVADOR,Fetranspor,170,17618287,"-22.9122","-43.1693"
401,401-RIO COMPRIDO X SAO SALVADOR,Fetranspor,171,17618287,"-22.9122","-43.1693"
401,401-RIO COMPRIDO X SAO SALVADOR,Fetranspor,172,17618287,"-22.9122","-43.1694"
401,401-RIO COMPRIDO X SAO SALVADOR,Fetranspor,173,17618287,"-22.9122","-43.1695"
401,401-RIO COMPRIDO X SAO SALVADOR,Fetranspor,174,17618287,"-22.9122","-43.1695"
401,401-RIO COMPRIDO X SAO SALVADOR,Fetranspor,175,17618287,"-22.9122","-43.1696"
401,401-RIO COMPRIDO X SAO SALVADOR,Fetranspor,176,17618287,"-22.9122","-43.1697"
401,401-RIO COMPRIDO X SAO SALVADOR,Fetranspor,177,17618287,"-22.9121","-43.1697"
401,401-RIO COMPRIDO X SAO SALVADOR,Fetranspor,178,17618287,"-22.912","-43.1698"
401,401-RIO COMPRIDO X SAO SALVADOR,Fetranspor,179,17618287,"-22.9119","-43.1698"
401,401-RIO COMPRIDO X SAO SALVADOR,Fetranspor,180,17618287,"-22.9119","-43.1698"
401,401-RIO COMPRIDO X SAO SALVADOR,Fetranspor,181,17618287,"-22.9118","-43.1697"
401,401-RIO COMPRIDO X SAO SALVADOR,Fetranspor,182,17618287,"-22.9117","-43.1696"
401,401-RIO COMPRIDO X SAO SALVADOR,Fetranspor,183,17618287,"-22.9117","-43.1695"
401,401-RIO COMPRIDO X SAO SALVADOR,Fetranspor,184,17618287,"-22.9117","-43.1695"
401,401-RIO COMPRIDO X SAO SALVADOR,Fetranspor,185,17618287,"-22.9116","-43.1694"
401,401-RIO COMPRIDO X SAO SALVADOR,Fetranspor,186,17618287,"-22.9116","-43.1693"
401,401-RIO COMPRIDO X SAO SALVADOR,Fetranspor,187,17618287,"-22.9115","-43.1692"
401,401-RIO COMPRIDO X SAO SALVADOR,Fetranspor,188,17618287,"-22.9115","-43.1691"
401,401-RIO COMPRIDO X SAO SALVADOR,Fetranspor,189,17618287,"-22.9115","-43.1691"
401,401-RIO COMPRIDO X SAO SALVADOR,Fetranspor,190,17618287,"-22.9114","-43.1689"
401,401-RIO COMPRIDO X SAO SALVADOR,Fetranspor,191,17618287,"-22.9114","-43.1689"
401,401-RIO COMPRIDO X SAO SALVADOR,Fetranspor,192,17618287,"-22.9112","-43.1687"
401,401-RIO COMPRIDO X SAO SALVADOR,Fetranspor,193,17618287,"-22.911","-43.1686"
401,401-RIO COMPRIDO X SAO SALVADOR,Fetranspor,194,17618287,"-22.9108","-43.1685"
401,401-RIO COMPRIDO X SAO SALVADOR,Fetranspor,195,17618287,"-22.9107","-43.1684"
401,401-RIO COMPRIDO X SAO SALVADOR,Fetranspor,196,17618287,"-22.9105","-43.1683"
401,401-RIO COMPRIDO X SAO SALVADOR,Fetranspor,197,17618287,"-22.9104","-43.1683"
401,401-RIO COMPRIDO X SAO SALVADOR,Fetranspor,198,17618287,"-22.9102","-43.1682"
401,401-RIO COMPRIDO X SAO SALVADOR,Fetranspor,199,17618287,"-22.91","-43.1682"
401,401-RIO COMPRIDO X SAO SALVADOR,Fetranspor,200,17618287,"-22.91","-43.1682"
401,401-RIO COMPRIDO X SAO SALVADOR,Fetranspor,201,17618287,"-22.9079","-43.1684"
401,401-RIO COMPRIDO X SAO SALVADOR,Fetranspor,202,17618287,"-22.9066","-43.1684"
401,401-RIO COMPRIDO X SAO SALVADOR,Fetranspor,203,17618287,"-22.9066","-43.1684"
401,401-RIO COMPRIDO X SAO SALVADOR,Fetranspor,204,17618287,"-22.9063","-43.1684"
401,401-RIO COMPRIDO X SAO SALVADOR,Fetranspor,205,17618287,"-22.9061","-43.1684"
401,401-RIO COMPRIDO X SAO SALVADOR,Fetranspor,206,17618287,"-22.906","-43.1684"
401,401-RIO COMPRIDO X SAO SALVADOR,Fetranspor,207,17618287,"-22.9058","-43.1684"
401,401-RIO COMPRIDO X SAO SALVADOR,Fetranspor,208,17618287,"-22.9057","-43.1684"
401,401-RIO COMPRIDO X SAO SALVADOR,Fetranspor,209,17618287,"-22.9056","-43.1685"
401,401-RIO COMPRIDO X SAO SALVADOR,Fetranspor,210,17618287,"-22.9055","-43.1686"
401,401-RIO COMPRIDO X SAO SALVADOR,Fetranspor,211,17618287,"-22.9054","-43.1686"
401,401-RIO COMPRIDO X SAO SALVADOR,Fetranspor,212,17618287,"-22.9054","-43.1687"
401,401-RIO COMPRIDO X SAO SALVADOR,Fetranspor,213,17618287,"-22.9053","-43.1688"
401,401-RIO COMPRIDO X SAO SALVADOR,Fetranspor,214,17618287,"-22.9052","-43.1689"
401,401-RIO COMPRIDO X SAO SALVADOR,Fetranspor,215,17618287,"-22.9051","-43.1691"
401,401-RIO COMPRIDO X SAO SALVADOR,Fetranspor,216,17618287,"-22.905","-43.1693"
401,401-RIO COMPRIDO X SAO SALVADOR,Fetranspor,217,17618287,"-22.905","-43.1693"
401,401-RIO COMPRIDO X SAO SALVADOR,Fetranspor,218,17618287,"-22.9049","-43.1699"
401,401-RIO COMPRIDO X SAO SALVADOR,Fetranspor,219,17618287,"-22.9049","-43.1699"
401,401-RIO COMPRIDO X SAO SALVADOR,Fetranspor,220,17618287,"-22.9048","-43.1701"
401,401-RIO COMPRIDO X SAO SALVADOR,Fetranspor,221,17618287,"-22.9048","-43.1701"
401,401-RIO COMPRIDO X SAO SALVADOR,Fetranspor,222,17618287,"-22.9047","-43.1702"
401,401-RIO COMPRIDO X SAO SALVADOR,Fetranspor,223,17618287,"-22.9047","-43.1702"
401,401-RIO COMPRIDO X SAO SALVADOR,Fetranspor,224,17618287,"-22.9042","-43.1716"
401,401-RIO COMPRIDO X SAO SALVADOR,Fetranspor,225,17618287,"-22.9041","-43.1717"
401,401-RIO COMPRIDO X SAO SALVADOR,Fetranspor,226,17618287,"-22.904","-43.172"
401,401-RIO COMPRIDO X SAO SALVADOR,Fetranspor,227,17618287,"-22.904","-43.172"
401,401-RIO COMPRIDO X SAO SALVADOR,Fetranspor,228,17618287,"-22.9039","-43.1722"
401,401-RIO COMPRIDO X SAO SALVADOR,Fetranspor,229,17618287,"-22.9037","-43.1724"
401,401-RIO COMPRIDO X SAO SALVADOR,Fetranspor,230,17618287,"-22.9036","-43.1725"
401,401-RIO COMPRIDO X SAO SALVADOR,Fetranspor,231,17618287,"-22.9035","-43.1726"
401,401-RIO COMPRIDO X SAO SALVADOR,Fetranspor,232,17618287,"-22.9033","-43.1728"
401,401-RIO COMPRIDO X SAO SALVADOR,Fetranspor,233,17618287,"-22.903","-43.173"
401,401-RIO COMPRIDO X SAO SALVADOR,Fetranspor,234,17618287,"-22.9025","-43.1734"
401,401-RIO COMPRIDO X SAO SALVADOR,Fetranspor,235,17618287,"-22.9022","-43.1736"
401,401-RIO COMPRIDO X SAO SALVADOR,Fetranspor,236,17618287,"-22.9022","-43.1736"
401,401-RIO COMPRIDO X SAO SALVADOR,Fetranspor,237,17618287,"-22.9019","-43.1739"
401,401-RIO COMPRIDO X SAO SALVADOR,Fetranspor,238,17618287,"-22.9016","-43.1742"
401,401-RIO COMPRIDO X SAO SALVADOR,Fetranspor,239,17618287,"-22.9013","-43.1744"
401,401-RIO COMPRIDO X SAO SALVADOR,Fetranspor,240,17618287,"-22.9013","-43.1744"
401,401-RIO COMPRIDO X SAO SALVADOR,Fetranspor,241,17618287,"-22.9001","-43.1755"
401,401-RIO COMPRIDO X SAO SALVADOR,Fetranspor,242,17618287,"-22.9001","-43.1755"
401,401-RIO COMPRIDO X SAO SALVADOR,Fetranspor,243,17618287,"-22.9","-43.1756"
401,401-RIO COMPRIDO X SAO SALVADOR,Fetranspor,244,17618287,"-22.9","-43.1756"
401,401-RIO COMPRIDO X SAO SALVADOR,Fetranspor,245,17618287,"-22.9","-43.1757"
401,401-RIO COMPRIDO X SAO SALVADOR,Fetranspor,246,17618287,"-22.9","-43.1758"
401,401-RIO COMPRIDO X SAO SALVADOR,Fetranspor,247,17618287,"-22.9","-43.1758"
401,401-RIO COMPRIDO X SAO SALVADOR,Fetranspor,248,17618287,"-22.9","-43.176"
401,401-RIO COMPRIDO X SAO SALVADOR,Fetranspor,249,17618287,"-22.9","-43.176"
401,401-RIO COMPRIDO X SAO SALVADOR,Fetranspor,250,17618287,"-22.9001","-43.1764"
401,401-RIO COMPRIDO X SAO SALVADOR,Fetranspor,251,17618287,"-22.9001","-43.1764"
401,401-RIO COMPRIDO X SAO SALVADOR,Fetranspor,252,17618287,"-22.9002","-43.1767"
401,401-RIO COMPRIDO X SAO SALVADOR,Fetranspor,253,17618287,"-22.9003","-43.1769"
401,401-RIO COMPRIDO X SAO SALVADOR,Fetranspor,254,17618287,"-22.9003","-43.1769"
401,401-RIO COMPRIDO X SAO SALVADOR,Fetranspor,255,17618287,"-22.9004","-43.1772"
401,401-RIO COMPRIDO X SAO SALVADOR,Fetranspor,256,17618287,"-22.9004","-43.1774"
401,401-RIO COMPRIDO X SAO SALVADOR,Fetranspor,257,17618287,"-22.9004","-43.1774"
401,401-RIO COMPRIDO X SAO SALVADOR,Fetranspor,258,17618287,"-22.9004","-43.1774"
401,401-RIO COMPRIDO X SAO SALVADOR,Fetranspor,259,17618287,"-22.9004","-43.1774"
401,401-RIO COMPRIDO X SAO SALVADOR,Fetranspor,260,17618287,"-22.9007","-43.1783"
401,401-RIO COMPRIDO X SAO SALVADOR,Fetranspor,261,17618287,"-22.9007","-43.1783"
401,401-RIO COMPRIDO X SAO SALVADOR,Fetranspor,262,17618287,"-22.9008","-43.1785"
401,401-RIO COMPRIDO X SAO SALVADOR,Fetranspor,263,17618287,"-22.9009","-43.179"
401,401-RIO COMPRIDO X SAO SALVADOR,Fetranspor,264,17618287,"-22.9009","-43.179"
401,401-RIO COMPRIDO X SAO SALVADOR,Fetranspor,265,17618287,"-22.9012","-43.1791"
401,401-RIO COMPRIDO X SAO SALVADOR,Fetranspor,266,17618287,"-22.9012","-43.1791"
401,401-RIO COMPRIDO X SAO SALVADOR,Fetranspor,267,17618287,"-22.9013","-43.1795"
401,401-RIO COMPRIDO X SAO SALVADOR,Fetranspor,268,17618287,"-22.9018","-43.181"
401,401-RIO COMPRIDO X SAO SALVADOR,Fetranspor,269,17618287,"-22.9018","-43.1813"
401,401-RIO COMPRIDO X SAO SALVADOR,Fetranspor,270,17618287,"-22.9019","-43.1815"
401,401-RIO COMPRIDO X SAO SALVADOR,Fetranspor,271,17618287,"-22.9019","-43.1815"
401,401-RIO COMPRIDO X SAO SALVADOR,Fetranspor,272,17618287,"-22.9027","-43.184"
401,401-RIO COMPRIDO X SAO SALVADOR,Fetranspor,273,17618287,"-22.9027","-43.184"
401,401-RIO COMPRIDO X SAO SALVADOR,Fetranspor,274,17618287,"-22.9028","-43.1842"
401,401-RIO COMPRIDO X SAO SALVADOR,Fetranspor,275,17618287,"-22.9028","-43.1842"
401,401-RIO COMPRIDO X SAO SALVADOR,Fetranspor,276,17618287,"-22.9032","-43.1854"
401,401-RIO COMPRIDO X SAO SALVADOR,Fetranspor,277,17618287,"-22.9041","-43.1883"
401,401-RIO COMPRIDO X SAO SALVADOR,Fetranspor,278,17618287,"-22.9041","-43.1883"
401,401-RIO COMPRIDO X SAO SALVADOR,Fetranspor,279,17618287,"-22.9043","-43.1888"
401,401-RIO COMPRIDO X SAO SALVADOR,Fetranspor,280,17618287,"-22.9049","-43.1906"
401,401-RIO COMPRIDO X SAO SALVADOR,Fetranspor,281,17618287,"-22.9049","-43.1906"
401,401-RIO COMPRIDO X SAO SALVADOR,Fetranspor,282,17618287,"-22.905","-43.191"
401,401-RIO COMPRIDO X SAO SALVADOR,Fetranspor,283,17618287,"-22.905","-43.191"
401,401-RIO COMPRIDO X SAO SALVADOR,Fetranspor,284,17618287,"-22.9057","-43.1931"
401,401-RIO COMPRIDO X SAO SALVADOR,Fetranspor,285,17618287,"-22.9062","-43.1947"
401,401-RIO COMPRIDO X SAO SALVADOR,Fetranspor,286,17618287,"-22.9062","-43.1947"
401,401-RIO COMPRIDO X SAO SALVADOR,Fetranspor,287,17618287,"-22.9065","-43.1958"
401,401-RIO COMPRIDO X SAO SALVADOR,Fetranspor,288,17618287,"-22.9066","-43.1962"
401,401-RIO COMPRIDO X SAO SALVADOR,Fetranspor,289,17618287,"-22.9067","-43.1967"
401,401-RIO COMPRIDO X SAO SALVADOR,Fetranspor,290,17618287,"-22.9067","-43.1967"
401,401-RIO COMPRIDO X SAO SALVADOR,Fetranspor,291,17618287,"-22.907","-43.1975"
401,401-RIO COMPRIDO X SAO SALVADOR,Fetranspor,292,17618287,"-22.907","-43.1976"
401,401-RIO COMPRIDO X SAO SALVADOR,Fetranspor,293,17618287,"-22.9072","-43.1981"
401,401-RIO COMPRIDO X SAO SALVADOR,Fetranspor,294,17618287,"-22.9072","-43.1981"
401,401-RIO COMPRIDO X SAO SALVADOR,Fetranspor,295,17618287,"-22.9077","-43.1997"
401,401-RIO COMPRIDO X SAO SALVADOR,Fetranspor,296,17618287,"-22.9081","-43.2008"
401,401-RIO COMPRIDO X SAO SALVADOR,Fetranspor,297,17618287,"-22.9081","-43.2008"
401,401-RIO COMPRIDO X SAO SALVADOR,Fetranspor,298,17618287,"-22.9082","-43.2011"
401,401-RIO COMPRIDO X SAO SALVADOR,Fetranspor,299,17618287,"-22.9084","-43.2018"
401,401-RIO COMPRIDO X SAO SALVADOR,Fetranspor,300,17618287,"-22.9084","-43.2018"
401,401-RIO COMPRIDO X SAO SALVADOR,Fetranspor,301,17618287,"-22.9086","-43.2025"
401,401-RIO COMPRIDO X SAO SALVADOR,Fetranspor,302,17618287,"-22.9089","-43.2034"
401,401-RIO COMPRIDO X SAO SALVADOR,Fetranspor,303,17618287,"-22.9092","-43.2044"
401,401-RIO COMPRIDO X SAO SALVADOR,Fetranspor,304,17618287,"-22.9092","-43.2044"
401,401-RIO COMPRIDO X SAO SALVADOR,Fetranspor,305,17618287,"-22.9098","-43.2062"
401,401-RIO COMPRIDO X SAO SALVADOR,Fetranspor,306,17618287,"-22.9098","-43.2062"
401,401-RIO COMPRIDO X SAO SALVADOR,Fetranspor,307,17618287,"-22.9102","-43.2072"
401,401-RIO COMPRIDO X SAO SALVADOR,Fetranspor,308,17618287,"-22.9102","-43.2074"
401,401-RIO COMPRIDO X SAO SALVADOR,Fetranspor,309,17618287,"-22.9102","-43.2075"
401,401-RIO COMPRIDO X SAO SALVADOR,Fetranspor,310,17618287,"-22.9102","-43.2075"
401,401-RIO COMPRIDO X SAO SALVADOR,Fetranspor,311,17618287,"-22.9102","-43.2076"
401,401-RIO COMPRIDO X SAO SALVADOR,Fetranspor,312,17618287,"-22.9102","-43.2078"
401,401-RIO COMPRIDO X SAO SALVADOR,Fetranspor,313,17618287,"-22.9102","-43.2079"
401,401-RIO COMPRIDO X SAO SALVADOR,Fetranspor,314,17618287,"-22.9099","-43.2091"
401,401-RIO COMPRIDO X SAO SALVADOR,Fetranspor,315,17618287,"-22.9099","-43.2095"
401,401-RIO COMPRIDO X SAO SALVADOR,Fetranspor,316,17618287,"-22.9099","-43.2097"
401,401-RIO COMPRIDO X SAO SALVADOR,Fetranspor,317,17618287,"-22.9099","-43.2098"
401,401-RIO COMPRIDO X SAO SALVADOR,Fetranspor,318,17618287,"-22.9099","-43.2099"
401,401-RIO COMPRIDO X SAO SALVADOR,Fetranspor,319,17618287,"-22.9099","-43.21"
401,401-RIO COMPRIDO X SAO SALVADOR,Fetranspor,320,17618287,"-22.9099","-43.2102"
401,401-RIO COMPRIDO X SAO SALVADOR,Fetranspor,321,17618287,"-22.91","-43.2104"
401,401-RIO COMPRIDO X SAO SALVADOR,Fetranspor,322,17618287,"-22.91","-43.2105"
401,401-RIO COMPRIDO X SAO SALVADOR,Fetranspor,323,17618287,"-22.91","-43.2106"
401,401-RIO COMPRIDO X SAO SALVADOR,Fetranspor,324,17618287,"-22.91","-43.2106"
401,401-RIO COMPRIDO X SAO SALVADOR,Fetranspor,325,17618287,"-22.9101","-43.2106"
401,401-RIO COMPRIDO X SAO SALVADOR,Fetranspor,326,17618287,"-22.9101","-43.2106"
401,401-RIO COMPRIDO X SAO SALVADOR,Fetranspor,327,17618287,"-22.9102","-43.2107"
401,401-RIO COMPRIDO X SAO SALVADOR,Fetranspor,328,17618287,"-22.9103","-43.2109"
401,401-RIO COMPRIDO X SAO SALVADOR,Fetranspor,329,17618287,"-22.9104","-43.2109"
401,401-RIO COMPRIDO X SAO SALVADOR,Fetranspor,330,17618287,"-22.9105","-43.211"
401,401-RIO COMPRIDO X SAO SALVADOR,Fetranspor,331,17618287,"-22.9106","-43.211"
401,401-RIO COMPRIDO X SAO SALVADOR,Fetranspor,332,17618287,"-22.9107","-43.211"
401,401-RIO COMPRIDO X SAO SALVADOR,Fetranspor,333,17618287,"-22.9107","-43.2109"
401,401-RIO COMPRIDO X SAO SALVADOR,Fetranspor,334,17618287,"-22.9108","-43.2109"
401,401-RIO COMPRIDO X SAO SALVADOR,Fetranspor,335,17618287,"-22.9108","-43.2109"
401,401-RIO COMPRIDO X SAO SALVADOR,Fetranspor,336,17618287,"-22.9109","-43.2107"
401,401-RIO COMPRIDO X SAO SALVADOR,Fetranspor,337,17618287,"-22.9109","-43.2106"
401,401-RIO COMPRIDO X SAO SALVADOR,Fetranspor,338,17618287,"-22.9109","-43.2106"
401,401-RIO COMPRIDO X SAO SALVADOR,Fetranspor,339,17618287,"-22.911","-43.2103"
401,401-RIO COMPRIDO X SAO SALVADOR,Fetranspor,340,17618287,"-22.911","-43.2102"
401,401-RIO COMPRIDO X SAO SALVADOR,Fetranspor,341,17618287,"-22.911","-43.2102"
401,401-RIO COMPRIDO X SAO SALVADOR,Fetranspor,342,17618287,"-22.9111","-43.2101"
401,401-RIO COMPRIDO X SAO SALVADOR,Fetranspor,343,17618287,"-22.9111","-43.21"
401,401-RIO COMPRIDO X SAO SALVADOR,Fetranspor,344,17618287,"-22.9113","-43.2099"
401,401-RIO COMPRIDO X SAO SALVADOR,Fetranspor,345,17618287,"-22.9115","-43.2098"
401,401-RIO COMPRIDO X SAO SALVADOR,Fetranspor,346,17618287,"-22.9116","-43.2098"
401,401-RIO COMPRIDO X SAO SALVADOR,Fetranspor,347,17618287,"-22.9117","-43.2098"
401,401-RIO COMPRIDO X SAO SALVADOR,Fetranspor,348,17618287,"-22.9119","-43.2098"
401,401-RIO COMPRIDO X SAO SALVADOR,Fetranspor,349,17618287,"-22.912","-43.2098"
401,401-RIO COMPRIDO X SAO SALVADOR,Fetranspor,350,17618287,"-22.9125","-43.21"
401,401-RIO COMPRIDO X SAO SALVADOR,Fetranspor,351,17618287,"-22.9128","-43.21"
401,401-RIO COMPRIDO X SAO SALVADOR,Fetranspor,352,17618287,"-22.913","-43.2102"
401,401-RIO COMPRIDO X SAO SALVADOR,Fetranspor,353,17618287,"-22.913","-43.2102"
401,401-RIO COMPRIDO X SAO SALVADOR,Fetranspor,354,17618287,"-22.9131","-43.2102"
401,401-RIO COMPRIDO X SAO SALVADOR,Fetranspor,355,17618287,"-22.9132","-43.2102"
401,401-RIO COMPRIDO X SAO SALVADOR,Fetranspor,356,17618287,"-22.9137","-43.2102"
401,401-RIO COMPRIDO X SAO SALVADOR,Fetranspor,357,17618287,"-22.9142","-43.2102"
401,401-RIO COMPRIDO X SAO SALVADOR,Fetranspor,358,17618287,"-22.9142","-43.2102"
401,401-RIO COMPRIDO X SAO SALVADOR,Fetranspor,359,17618287,"-22.9143","-43.2103"
401,401-RIO COMPRIDO X SAO SALVADOR,Fetranspor,360,17618287,"-22.9143","-43.2105"
401,401-RIO COMPRIDO X SAO SALVADOR,Fetranspor,361,17618287,"-22.9147","-43.2108"
401,401-RIO COMPRIDO X SAO SALVADOR,Fetranspor,362,17618287,"-22.9149","-43.2111"
401,401-RIO COMPRIDO X SAO SALVADOR,Fetranspor,363,17618287,"-22.9149","-43.2111"
401,401-RIO COMPRIDO X SAO SALVADOR,Fetranspor,364,17618287,"-22.9158","-43.2122"
401,401-RIO COMPRIDO X SAO SALVADOR,Fetranspor,365,17618287,"-22.916","-43.2124"
401,401-RIO COMPRIDO X SAO SALVADOR,Fetranspor,366,17618287,"-22.916","-43.2124"
401,401-RIO COMPRIDO X SAO SALVADOR,Fetranspor,367,17618287,"-22.9162","-43.2123"
401,401-RIO COMPRIDO X SAO SALVADOR,Fetranspor,368,17618287,"-22.9162","-43.2123"
401,401-RIO COMPRIDO X SAO SALVADOR,Fetranspor,369,17618287,"-22.9164","-43.2122"
401,401-RIO COMPRIDO X SAO SALVADOR,Fetranspor,370,17618287,"-22.9169","-43.2121"
401,401-RIO COMPRIDO X SAO SALVADOR,Fetranspor,371,17618287,"-22.9176","-43.2119"
401,401-RIO COMPRIDO X SAO SALVADOR,Fetranspor,372,17618287,"-22.9179","-43.2118"
401,401-RIO COMPRIDO X SAO SALVADOR,Fetranspor,373,17618287,"-22.9179","-43.2118"
401,401-RIO COMPRIDO X SAO SALVADOR,Fetranspor,374,17618287,"-22.918","-43.2119"
401,401-RIO COMPRIDO X SAO SALVADOR,Fetranspor,375,17618287,"-22.919","-43.2118"
401,401-RIO COMPRIDO X SAO SALVADOR,Fetranspor,376,17618287,"-22.9193","-43.2118"
401,401-RIO COMPRIDO X SAO SALVADOR,Fetranspor,377,17618287,"-22.9195","-43.2118"
401,401-RIO COMPRIDO X SAO SALVADOR,Fetranspor,378,17618287,"-22.9198","-43.2118"
401,401-RIO COMPRIDO X SAO SALVADOR,Fetranspor,379,17618287,"-22.9199","-43.2118"
401,401-RIO COMPRIDO X SAO SALVADOR,Fetranspor,380,17618287,"-22.9199","-43.2118"
401,401-RIO COMPRIDO X SAO SALVADOR,Fetranspor,381,17618287,"-22.9199","-43.2118"
401,401-RIO COMPRIDO X SAO SALVADOR,Fetranspor,382,17618287,"-22.9204","-43.2124"
401,401-RIO COMPRIDO X SAO SALVADOR,Fetranspor,383,17618287,"-22.9205","-43.2127"
401,401-RIO COMPRIDO X SAO SALVADOR,Fetranspor,384,17618287,"-22.921","-43.2133"
401,401-RIO COMPRIDO X SAO SALVADOR,Fetranspor,385,17618287,"-22.921","-43.2133"
401,401-RIO COMPRIDO X SAO SALVADOR,Fetranspor,386,17618287,"-22.9219","-43.2147"
401,401-RIO COMPRIDO X SAO SALVADOR,Fetranspor,387,17618287,"-22.9219","-43.2147"
401,401-RIO COMPRIDO X SAO SALVADOR,Fetranspor,388,17618287,"-22.922","-43.2146"
401,401-RIO COMPRIDO X SAO SALVADOR,Fetranspor,389,17618287,"-22.922","-43.2146"
401,401-RIO COMPRIDO X SAO SALVADOR,Fetranspor,390,17618287,"-22.9229","-43.2137"
401,401-RIO COMPRIDO X SAO SALVADOR,Fetranspor,391,17618287,"-22.9229","-43.2137"
401,401-RIO COMPRIDO X SAO SALVADOR,Fetranspor,392,17618287,"-22.9235","-43.213"
401,401-RIO COMPRIDO X SAO SALVADOR,Fetranspor,393,17618287,"-22.924","-43.2125"
401,401-RIO COMPRIDO X SAO SALVADOR,Fetranspor,394,17618287,"-22.924","-43.2125"
401,401-RIO COMPRIDO X SAO SALVADOR,Fetranspor,395,17618287,"-22.924","-43.2124"
401,401-RIO COMPRIDO X SAO SALVADOR,Fetranspor,396,17618287,"-22.9244","-43.2121"
401,401-RIO COMPRIDO X SAO SALVADOR,Fetranspor,397,17618287,"-22.9248","-43.2116"
401,401-RIO COMPRIDO X SAO SALVADOR,Fetranspor,398,17618287,"-22.9248","-43.2115"
401,401-RIO COMPRIDO X SAO SALVADOR,Fetranspor,399,17618287,"-22.9248","-43.2115"
401,401-RIO COMPRIDO X SAO SALVADOR,Fetranspor,400,17618287,"-22.9249","-43.2114"
401,401-RIO COMPRIDO X SAO SALVADOR,Fetranspor,401,17618287,"-22.9249","-43.2114"
401,401-RIO COMPRIDO X SAO SALVADOR,Fetranspor,402,17618287,"-22.9249","-43.2113"
401,401-RIO COMPRIDO X SAO SALVADOR,Fetranspor,403,17618287,"-22.9249","-43.2113"
401,401-RIO COMPRIDO X SAO SALVADOR,Fetranspor,404,17618287,"-22.9249","-43.2112"
401,401-RIO COMPRIDO X SAO SALVADOR,Fetranspor,405,17618287,"-22.9248","-43.21"
401,401-RIO COMPRIDO X SAO SALVADOR,Fetranspor,406,17618287,"-22.9247","-43.2097"
401,401-RIO COMPRIDO X SAO SALVADOR,Fetranspor,407,17618287,"-22.9247","-43.2097"
401,401-RIO COMPRIDO X SAO SALVADOR,Fetranspor,408,17618287,"-22.9247","-43.2097"
401,401-RIO COMPRIDO X SAO SALVADOR,Fetranspor,409,17618287,"-22.9247","-43.2096"
401,401-RIO COMPRIDO X SAO SALVADOR,Fetranspor,410,17618287,"-22.9247","-43.2095"
401,401-RIO COMPRIDO X SAO SALVADOR,Fetranspor,411,17618287,"-22.9247","-43.2095"
401,401-RIO COMPRIDO X SAO SALVADOR,Fetranspor,412,17618287,"-22.9247","-43.2094"
401,401-RIO COMPRIDO X SAO SALVADOR,Fetranspor,413,17618287,"-22.9248","-43.2089"
401,401-RIO COMPRIDO X SAO SALVADOR,Fetranspor,414,17618287,"-22.9248","-43.2088"
401,401-RIO COMPRIDO X SAO SALVADOR,Fetranspor,415,17618287,"-22.9248","-43.2087"
401,401-RIO COMPRIDO X SAO SALVADOR,Fetranspor,416,17618287,"-22.9248","-43.2087"
401,401-RIO COMPRIDO X SAO SALVADOR,Fetranspor,417,17618287,"-22.9248","-43.2086"
401,401-RIO COMPRIDO X SAO SALVADOR,Fetranspor,418,17618287,"-22.9249","-43.2081"
401,401-RIO COMPRIDO X SAO SALVADOR,Fetranspor,419,17618287,"-22.9249","-43.2081"
401,401-RIO COMPRIDO X SAO SALVADOR,Fetranspor,420,17618287,"-22.9251","-43.2069"
