linha,descricao,agencia,sequencia,shape_id,latitude,longitude
420,420-VILA ISABEL X PRAIA DE BOTAFOGO (VIA TUNEL SANTA BARBARA) - CIRCULAR,Fetranspor,0,17588339,"-22.918","-43.2541"
420,420-VILA ISABEL X PRAIA DE BOTAFOGO (VIA TUNEL SANTA BARBARA) - CIRCULAR,Fetranspor,1,17588339,"-22.9191","-43.2539"
420,420-VILA ISABEL X PRAIA DE BOTAFOGO (VIA TUNEL SANTA BARBARA) - CIRCULAR,Fetranspor,2,17588339,"-22.9191","-43.2539"
420,420-VILA ISABEL X PRAIA DE BOTAFOGO (VIA TUNEL SANTA BARBARA) - CIRCULAR,Fetranspor,3,17588339,"-22.9208","-43.2535"
420,420-VILA ISABEL X PRAIA DE BOTAFOGO (VIA TUNEL SANTA BARBARA) - CIRCULAR,Fetranspor,4,17588339,"-22.9208","-43.2535"
420,420-VILA ISABEL X PRAIA DE BOTAFOGO (VIA TUNEL SANTA BARBARA) - CIRCULAR,Fetranspor,5,17588339,"-22.9209","-43.2537"
420,420-VILA ISABEL X PRAIA DE BOTAFOGO (VIA TUNEL SANTA BARBARA) - CIRCULAR,Fetranspor,6,17588339,"-22.9209","-43.2537"
420,420-VILA ISABEL X PRAIA DE BOTAFOGO (VIA TUNEL SANTA BARBARA) - CIRCULAR,Fetranspor,7,17588339,"-22.9209","-43.2538"
420,420-VILA ISABEL X PRAIA DE BOTAFOGO (VIA TUNEL SANTA BARBARA) - CIRCULAR,Fetranspor,8,17588339,"-22.9209","-43.2538"
420,420-VILA ISABEL X PRAIA DE BOTAFOGO (VIA TUNEL SANTA BARBARA) - CIRCULAR,Fetranspor,9,17588339,"-22.9209","-43.254"
420,420-VILA ISABEL X PRAIA DE BOTAFOGO (VIA TUNEL SANTA BARBARA) - CIRCULAR,Fetranspor,10,17588339,"-22.9209","-43.254"
420,420-VILA ISABEL X PRAIA DE BOTAFOGO (VIA TUNEL SANTA BARBARA) - CIRCULAR,Fetranspor,11,17588339,"-22.9212","-43.2556"
420,420-VILA ISABEL X PRAIA DE BOTAFOGO (VIA TUNEL SANTA BARBARA) - CIRCULAR,Fetranspor,12,17588339,"-22.9212","-43.2556"
420,420-VILA ISABEL X PRAIA DE BOTAFOGO (VIA TUNEL SANTA BARBARA) - CIRCULAR,Fetranspor,13,17588339,"-22.9195","-43.256"
420,420-VILA ISABEL X PRAIA DE BOTAFOGO (VIA TUNEL SANTA BARBARA) - CIRCULAR,Fetranspor,14,17588339,"-22.9195","-43.256"
420,420-VILA ISABEL X PRAIA DE BOTAFOGO (VIA TUNEL SANTA BARBARA) - CIRCULAR,Fetranspor,15,17588339,"-22.9193","-43.255"
420,420-VILA ISABEL X PRAIA DE BOTAFOGO (VIA TUNEL SANTA BARBARA) - CIRCULAR,Fetranspor,16,17588339,"-22.9191","-43.2539"
420,420-VILA ISABEL X PRAIA DE BOTAFOGO (VIA TUNEL SANTA BARBARA) - CIRCULAR,Fetranspor,17,17588339,"-22.9191","-43.2539"
420,420-VILA ISABEL X PRAIA DE BOTAFOGO (VIA TUNEL SANTA BARBARA) - CIRCULAR,Fetranspor,18,17588339,"-22.9188","-43.2524"
420,420-VILA ISABEL X PRAIA DE BOTAFOGO (VIA TUNEL SANTA BARBARA) - CIRCULAR,Fetranspor,19,17588339,"-22.9186","-43.2513"
420,420-VILA ISABEL X PRAIA DE BOTAFOGO (VIA TUNEL SANTA BARBARA) - CIRCULAR,Fetranspor,20,17588339,"-22.9185","-43.251"
420,420-VILA ISABEL X PRAIA DE BOTAFOGO (VIA TUNEL SANTA BARBARA) - CIRCULAR,Fetranspor,21,17588339,"-22.9185","-43.251"
420,420-VILA ISABEL X PRAIA DE BOTAFOGO (VIA TUNEL SANTA BARBARA) - CIRCULAR,Fetranspor,22,17588339,"-22.9185","-43.2508"
420,420-VILA ISABEL X PRAIA DE BOTAFOGO (VIA TUNEL SANTA BARBARA) - CIRCULAR,Fetranspor,23,17588339,"-22.9185","-43.2508"
420,420-VILA ISABEL X PRAIA DE BOTAFOGO (VIA TUNEL SANTA BARBARA) - CIRCULAR,Fetranspor,24,17588339,"-22.9183","-43.2498"
420,420-VILA ISABEL X PRAIA DE BOTAFOGO (VIA TUNEL SANTA BARBARA) - CIRCULAR,Fetranspor,25,17588339,"-22.9183","-43.2498"
420,420-VILA ISABEL X PRAIA DE BOTAFOGO (VIA TUNEL SANTA BARBARA) - CIRCULAR,Fetranspor,26,17588339,"-22.9182","-43.249"
420,420-VILA ISABEL X PRAIA DE BOTAFOGO (VIA TUNEL SANTA BARBARA) - CIRCULAR,Fetranspor,27,17588339,"-22.9182","-43.249"
420,420-VILA ISABEL X PRAIA DE BOTAFOGO (VIA TUNEL SANTA BARBARA) - CIRCULAR,Fetranspor,28,17588339,"-22.9181","-43.2486"
420,420-VILA ISABEL X PRAIA DE BOTAFOGO (VIA TUNEL SANTA BARBARA) - CIRCULAR,Fetranspor,29,17588339,"-22.9181","-43.2486"
420,420-VILA ISABEL X PRAIA DE BOTAFOGO (VIA TUNEL SANTA BARBARA) - CIRCULAR,Fetranspor,30,17588339,"-22.9179","-43.2473"
420,420-VILA ISABEL X PRAIA DE BOTAFOGO (VIA TUNEL SANTA BARBARA) - CIRCULAR,Fetranspor,31,17588339,"-22.9179","-43.2473"
420,420-VILA ISABEL X PRAIA DE BOTAFOGO (VIA TUNEL SANTA BARBARA) - CIRCULAR,Fetranspor,32,17588339,"-22.9177","-43.2463"
420,420-VILA ISABEL X PRAIA DE BOTAFOGO (VIA TUNEL SANTA BARBARA) - CIRCULAR,Fetranspor,33,17588339,"-22.9177","-43.2463"
420,420-VILA ISABEL X PRAIA DE BOTAFOGO (VIA TUNEL SANTA BARBARA) - CIRCULAR,Fetranspor,34,17588339,"-22.9175","-43.2455"
420,420-VILA ISABEL X PRAIA DE BOTAFOGO (VIA TUNEL SANTA BARBARA) - CIRCULAR,Fetranspor,35,17588339,"-22.9175","-43.2455"
420,420-VILA ISABEL X PRAIA DE BOTAFOGO (VIA TUNEL SANTA BARBARA) - CIRCULAR,Fetranspor,36,17588339,"-22.9172","-43.2436"
420,420-VILA ISABEL X PRAIA DE BOTAFOGO (VIA TUNEL SANTA BARBARA) - CIRCULAR,Fetranspor,37,17588339,"-22.9172","-43.2436"
420,420-VILA ISABEL X PRAIA DE BOTAFOGO (VIA TUNEL SANTA BARBARA) - CIRCULAR,Fetranspor,38,17588339,"-22.917","-43.2425"
420,420-VILA ISABEL X PRAIA DE BOTAFOGO (VIA TUNEL SANTA BARBARA) - CIRCULAR,Fetranspor,39,17588339,"-22.9169","-43.2419"
420,420-VILA ISABEL X PRAIA DE BOTAFOGO (VIA TUNEL SANTA BARBARA) - CIRCULAR,Fetranspor,40,17588339,"-22.9168","-43.2418"
420,420-VILA ISABEL X PRAIA DE BOTAFOGO (VIA TUNEL SANTA BARBARA) - CIRCULAR,Fetranspor,41,17588339,"-22.9168","-43.2418"
420,420-VILA ISABEL X PRAIA DE BOTAFOGO (VIA TUNEL SANTA BARBARA) - CIRCULAR,Fetranspor,42,17588339,"-22.9166","-43.2407"
420,420-VILA ISABEL X PRAIA DE BOTAFOGO (VIA TUNEL SANTA BARBARA) - CIRCULAR,Fetranspor,43,17588339,"-22.9166","-43.2407"
420,420-VILA ISABEL X PRAIA DE BOTAFOGO (VIA TUNEL SANTA BARBARA) - CIRCULAR,Fetranspor,44,17588339,"-22.9166","-43.2403"
420,420-VILA ISABEL X PRAIA DE BOTAFOGO (VIA TUNEL SANTA BARBARA) - CIRCULAR,Fetranspor,45,17588339,"-22.9166","-43.2403"
420,420-VILA ISABEL X PRAIA DE BOTAFOGO (VIA TUNEL SANTA BARBARA) - CIRCULAR,Fetranspor,46,17588339,"-22.9166","-43.2402"
420,420-VILA ISABEL X PRAIA DE BOTAFOGO (VIA TUNEL SANTA BARBARA) - CIRCULAR,Fetranspor,47,17588339,"-22.9166","-43.2402"
420,420-VILA ISABEL X PRAIA DE BOTAFOGO (VIA TUNEL SANTA BARBARA) - CIRCULAR,Fetranspor,48,17588339,"-22.9166","-43.2402"
420,420-VILA ISABEL X PRAIA DE BOTAFOGO (VIA TUNEL SANTA BARBARA) - CIRCULAR,Fetranspor,49,17588339,"-22.9166","-43.24"
420,420-VILA ISABEL X PRAIA DE BOTAFOGO (VIA TUNEL SANTA BARBARA) - CIRCULAR,Fetranspor,50,17588339,"-22.9165","-43.2395"
420,420-VILA ISABEL X PRAIA DE BOTAFOGO (VIA TUNEL SANTA BARBARA) - CIRCULAR,Fetranspor,51,17588339,"-22.9164","-43.2387"
420,420-VILA ISABEL X PRAIA DE BOTAFOGO (VIA TUNEL SANTA BARBARA) - CIRCULAR,Fetranspor,52,17588339,"-22.9161","-43.2374"
420,420-VILA ISABEL X PRAIA DE BOTAFOGO (VIA TUNEL SANTA BARBARA) - CIRCULAR,Fetranspor,53,17588339,"-22.9158","-43.2359"
420,420-VILA ISABEL X PRAIA DE BOTAFOGO (VIA TUNEL SANTA BARBARA) - CIRCULAR,Fetranspor,54,17588339,"-22.9158","-43.2359"
420,420-VILA ISABEL X PRAIA DE BOTAFOGO (VIA TUNEL SANTA BARBARA) - CIRCULAR,Fetranspor,55,17588339,"-22.9157","-43.2353"
420,420-VILA ISABEL X PRAIA DE BOTAFOGO (VIA TUNEL SANTA BARBARA) - CIRCULAR,Fetranspor,56,17588339,"-22.9157","-43.2353"
420,420-VILA ISABEL X PRAIA DE BOTAFOGO (VIA TUNEL SANTA BARBARA) - CIRCULAR,Fetranspor,57,17588339,"-22.9156","-43.2351"
420,420-VILA ISABEL X PRAIA DE BOTAFOGO (VIA TUNEL SANTA BARBARA) - CIRCULAR,Fetranspor,58,17588339,"-22.9156","-43.2349"
420,420-VILA ISABEL X PRAIA DE BOTAFOGO (VIA TUNEL SANTA BARBARA) - CIRCULAR,Fetranspor,59,17588339,"-22.9155","-43.2347"
420,420-VILA ISABEL X PRAIA DE BOTAFOGO (VIA TUNEL SANTA BARBARA) - CIRCULAR,Fetranspor,60,17588339,"-22.9154","-43.2345"
420,420-VILA ISABEL X PRAIA DE BOTAFOGO (VIA TUNEL SANTA BARBARA) - CIRCULAR,Fetranspor,61,17588339,"-22.9154","-43.2345"
420,420-VILA ISABEL X PRAIA DE BOTAFOGO (VIA TUNEL SANTA BARBARA) - CIRCULAR,Fetranspor,62,17588339,"-22.9151","-43.2342"
420,420-VILA ISABEL X PRAIA DE BOTAFOGO (VIA TUNEL SANTA BARBARA) - CIRCULAR,Fetranspor,63,17588339,"-22.9151","-43.2342"
420,420-VILA ISABEL X PRAIA DE BOTAFOGO (VIA TUNEL SANTA BARBARA) - CIRCULAR,Fetranspor,64,17588339,"-22.9147","-43.2339"
420,420-VILA ISABEL X PRAIA DE BOTAFOGO (VIA TUNEL SANTA BARBARA) - CIRCULAR,Fetranspor,65,17588339,"-22.9143","-43.2335"
420,420-VILA ISABEL X PRAIA DE BOTAFOGO (VIA TUNEL SANTA BARBARA) - CIRCULAR,Fetranspor,66,17588339,"-22.9143","-43.2335"
420,420-VILA ISABEL X PRAIA DE BOTAFOGO (VIA TUNEL SANTA BARBARA) - CIRCULAR,Fetranspor,67,17588339,"-22.9147","-43.2331"
420,420-VILA ISABEL X PRAIA DE BOTAFOGO (VIA TUNEL SANTA BARBARA) - CIRCULAR,Fetranspor,68,17588339,"-22.9147","-43.2331"
420,420-VILA ISABEL X PRAIA DE BOTAFOGO (VIA TUNEL SANTA BARBARA) - CIRCULAR,Fetranspor,69,17588339,"-22.9149","-43.2329"
420,420-VILA ISABEL X PRAIA DE BOTAFOGO (VIA TUNEL SANTA BARBARA) - CIRCULAR,Fetranspor,70,17588339,"-22.9149","-43.2329"
420,420-VILA ISABEL X PRAIA DE BOTAFOGO (VIA TUNEL SANTA BARBARA) - CIRCULAR,Fetranspor,71,17588339,"-22.9149","-43.2328"
420,420-VILA ISABEL X PRAIA DE BOTAFOGO (VIA TUNEL SANTA BARBARA) - CIRCULAR,Fetranspor,72,17588339,"-22.915","-43.2327"
420,420-VILA ISABEL X PRAIA DE BOTAFOGO (VIA TUNEL SANTA BARBARA) - CIRCULAR,Fetranspor,73,17588339,"-22.9155","-43.2322"
420,420-VILA ISABEL X PRAIA DE BOTAFOGO (VIA TUNEL SANTA BARBARA) - CIRCULAR,Fetranspor,74,17588339,"-22.9155","-43.2321"
420,420-VILA ISABEL X PRAIA DE BOTAFOGO (VIA TUNEL SANTA BARBARA) - CIRCULAR,Fetranspor,75,17588339,"-22.9156","-43.2321"
420,420-VILA ISABEL X PRAIA DE BOTAFOGO (VIA TUNEL SANTA BARBARA) - CIRCULAR,Fetranspor,76,17588339,"-22.9156","-43.2321"
420,420-VILA ISABEL X PRAIA DE BOTAFOGO (VIA TUNEL SANTA BARBARA) - CIRCULAR,Fetranspor,77,17588339,"-22.9159","-43.2309"
420,420-VILA ISABEL X PRAIA DE BOTAFOGO (VIA TUNEL SANTA BARBARA) - CIRCULAR,Fetranspor,78,17588339,"-22.9159","-43.2309"
420,420-VILA ISABEL X PRAIA DE BOTAFOGO (VIA TUNEL SANTA BARBARA) - CIRCULAR,Fetranspor,79,17588339,"-22.9162","-43.2298"
420,420-VILA ISABEL X PRAIA DE BOTAFOGO (VIA TUNEL SANTA BARBARA) - CIRCULAR,Fetranspor,80,17588339,"-22.9162","-43.2298"
420,420-VILA ISABEL X PRAIA DE BOTAFOGO (VIA TUNEL SANTA BARBARA) - CIRCULAR,Fetranspor,81,17588339,"-22.9162","-43.2296"
420,420-VILA ISABEL X PRAIA DE BOTAFOGO (VIA TUNEL SANTA BARBARA) - CIRCULAR,Fetranspor,82,17588339,"-22.9162","-43.2296"
420,420-VILA ISABEL X PRAIA DE BOTAFOGO (VIA TUNEL SANTA BARBARA) - CIRCULAR,Fetranspor,83,17588339,"-22.9163","-43.2288"
420,420-VILA ISABEL X PRAIA DE BOTAFOGO (VIA TUNEL SANTA BARBARA) - CIRCULAR,Fetranspor,84,17588339,"-22.9163","-43.2288"
420,420-VILA ISABEL X PRAIA DE BOTAFOGO (VIA TUNEL SANTA BARBARA) - CIRCULAR,Fetranspor,85,17588339,"-22.9162","-43.2287"
420,420-VILA ISABEL X PRAIA DE BOTAFOGO (VIA TUNEL SANTA BARBARA) - CIRCULAR,Fetranspor,86,17588339,"-22.9162","-43.2287"
420,420-VILA ISABEL X PRAIA DE BOTAFOGO (VIA TUNEL SANTA BARBARA) - CIRCULAR,Fetranspor,87,17588339,"-22.9162","-43.2286"
420,420-VILA ISABEL X PRAIA DE BOTAFOGO (VIA TUNEL SANTA BARBARA) - CIRCULAR,Fetranspor,88,17588339,"-22.9162","-43.2286"
420,420-VILA ISABEL X PRAIA DE BOTAFOGO (VIA TUNEL SANTA BARBARA) - CIRCULAR,Fetranspor,89,17588339,"-22.9162","-43.2286"
420,420-VILA ISABEL X PRAIA DE BOTAFOGO (VIA TUNEL SANTA BARBARA) - CIRCULAR,Fetranspor,90,17588339,"-22.9162","-43.2285"
420,420-VILA ISABEL X PRAIA DE BOTAFOGO (VIA TUNEL SANTA BARBARA) - CIRCULAR,Fetranspor,91,17588339,"-22.9162","-43.2284"
420,420-VILA ISABEL X PRAIA DE BOTAFOGO (VIA TUNEL SANTA BARBARA) - CIRCULAR,Fetranspor,92,17588339,"-22.9163","-43.2272"
420,420-VILA ISABEL X PRAIA DE BOTAFOGO (VIA TUNEL SANTA BARBARA) - CIRCULAR,Fetranspor,93,17588339,"-22.9163","-43.227"
420,420-VILA ISABEL X PRAIA DE BOTAFOGO (VIA TUNEL SANTA BARBARA) - CIRCULAR,Fetranspor,94,17588339,"-22.9163","-43.227"
420,420-VILA ISABEL X PRAIA DE BOTAFOGO (VIA TUNEL SANTA BARBARA) - CIRCULAR,Fetranspor,95,17588339,"-22.9166","-43.2257"
420,420-VILA ISABEL X PRAIA DE BOTAFOGO (VIA TUNEL SANTA BARBARA) - CIRCULAR,Fetranspor,96,17588339,"-22.9166","-43.2257"
420,420-VILA ISABEL X PRAIA DE BOTAFOGO (VIA TUNEL SANTA BARBARA) - CIRCULAR,Fetranspor,97,17588339,"-22.9167","-43.2255"
420,420-VILA ISABEL X PRAIA DE BOTAFOGO (VIA TUNEL SANTA BARBARA) - CIRCULAR,Fetranspor,98,17588339,"-22.9168","-43.2254"
420,420-VILA ISABEL X PRAIA DE BOTAFOGO (VIA TUNEL SANTA BARBARA) - CIRCULAR,Fetranspor,99,17588339,"-22.9168","-43.2253"
420,420-VILA ISABEL X PRAIA DE BOTAFOGO (VIA TUNEL SANTA BARBARA) - CIRCULAR,Fetranspor,100,17588339,"-22.9171","-43.2251"
420,420-VILA ISABEL X PRAIA DE BOTAFOGO (VIA TUNEL SANTA BARBARA) - CIRCULAR,Fetranspor,101,17588339,"-22.9171","-43.2251"
420,420-VILA ISABEL X PRAIA DE BOTAFOGO (VIA TUNEL SANTA BARBARA) - CIRCULAR,Fetranspor,102,17588339,"-22.9172","-43.225"
420,420-VILA ISABEL X PRAIA DE BOTAFOGO (VIA TUNEL SANTA BARBARA) - CIRCULAR,Fetranspor,103,17588339,"-22.9172","-43.225"
420,420-VILA ISABEL X PRAIA DE BOTAFOGO (VIA TUNEL SANTA BARBARA) - CIRCULAR,Fetranspor,104,17588339,"-22.9176","-43.2248"
420,420-VILA ISABEL X PRAIA DE BOTAFOGO (VIA TUNEL SANTA BARBARA) - CIRCULAR,Fetranspor,105,17588339,"-22.9179","-43.2246"
420,420-VILA ISABEL X PRAIA DE BOTAFOGO (VIA TUNEL SANTA BARBARA) - CIRCULAR,Fetranspor,106,17588339,"-22.9181","-43.2244"
420,420-VILA ISABEL X PRAIA DE BOTAFOGO (VIA TUNEL SANTA BARBARA) - CIRCULAR,Fetranspor,107,17588339,"-22.9181","-43.2244"
420,420-VILA ISABEL X PRAIA DE BOTAFOGO (VIA TUNEL SANTA BARBARA) - CIRCULAR,Fetranspor,108,17588339,"-22.9184","-43.2242"
420,420-VILA ISABEL X PRAIA DE BOTAFOGO (VIA TUNEL SANTA BARBARA) - CIRCULAR,Fetranspor,109,17588339,"-22.9189","-43.2238"
420,420-VILA ISABEL X PRAIA DE BOTAFOGO (VIA TUNEL SANTA BARBARA) - CIRCULAR,Fetranspor,110,17588339,"-22.9189","-43.2238"
420,420-VILA ISABEL X PRAIA DE BOTAFOGO (VIA TUNEL SANTA BARBARA) - CIRCULAR,Fetranspor,111,17588339,"-22.9192","-43.2237"
420,420-VILA ISABEL X PRAIA DE BOTAFOGO (VIA TUNEL SANTA BARBARA) - CIRCULAR,Fetranspor,112,17588339,"-22.9196","-43.2234"
420,420-VILA ISABEL X PRAIA DE BOTAFOGO (VIA TUNEL SANTA BARBARA) - CIRCULAR,Fetranspor,113,17588339,"-22.9204","-43.2229"
420,420-VILA ISABEL X PRAIA DE BOTAFOGO (VIA TUNEL SANTA BARBARA) - CIRCULAR,Fetranspor,114,17588339,"-22.9204","-43.2229"
420,420-VILA ISABEL X PRAIA DE BOTAFOGO (VIA TUNEL SANTA BARBARA) - CIRCULAR,Fetranspor,115,17588339,"-22.9207","-43.2227"
420,420-VILA ISABEL X PRAIA DE BOTAFOGO (VIA TUNEL SANTA BARBARA) - CIRCULAR,Fetranspor,116,17588339,"-22.9207","-43.2227"
420,420-VILA ISABEL X PRAIA DE BOTAFOGO (VIA TUNEL SANTA BARBARA) - CIRCULAR,Fetranspor,117,17588339,"-22.9208","-43.2225"
420,420-VILA ISABEL X PRAIA DE BOTAFOGO (VIA TUNEL SANTA BARBARA) - CIRCULAR,Fetranspor,118,17588339,"-22.9216","-43.2218"
420,420-VILA ISABEL X PRAIA DE BOTAFOGO (VIA TUNEL SANTA BARBARA) - CIRCULAR,Fetranspor,119,17588339,"-22.9216","-43.2217"
420,420-VILA ISABEL X PRAIA DE BOTAFOGO (VIA TUNEL SANTA BARBARA) - CIRCULAR,Fetranspor,120,17588339,"-22.9217","-43.2216"
420,420-VILA ISABEL X PRAIA DE BOTAFOGO (VIA TUNEL SANTA BARBARA) - CIRCULAR,Fetranspor,121,17588339,"-22.9217","-43.2215"
420,420-VILA ISABEL X PRAIA DE BOTAFOGO (VIA TUNEL SANTA BARBARA) - CIRCULAR,Fetranspor,122,17588339,"-22.9218","-43.2213"
420,420-VILA ISABEL X PRAIA DE BOTAFOGO (VIA TUNEL SANTA BARBARA) - CIRCULAR,Fetranspor,123,17588339,"-22.9218","-43.2212"
420,420-VILA ISABEL X PRAIA DE BOTAFOGO (VIA TUNEL SANTA BARBARA) - CIRCULAR,Fetranspor,124,17588339,"-22.9218","-43.2212"
420,420-VILA ISABEL X PRAIA DE BOTAFOGO (VIA TUNEL SANTA BARBARA) - CIRCULAR,Fetranspor,125,17588339,"-22.9217","-43.2211"
420,420-VILA ISABEL X PRAIA DE BOTAFOGO (VIA TUNEL SANTA BARBARA) - CIRCULAR,Fetranspor,126,17588339,"-22.9216","-43.2209"
420,420-VILA ISABEL X PRAIA DE BOTAFOGO (VIA TUNEL SANTA BARBARA) - CIRCULAR,Fetranspor,127,17588339,"-22.9216","-43.2209"
420,420-VILA ISABEL X PRAIA DE BOTAFOGO (VIA TUNEL SANTA BARBARA) - CIRCULAR,Fetranspor,128,17588339,"-22.9216","-43.2207"
420,420-VILA ISABEL X PRAIA DE BOTAFOGO (VIA TUNEL SANTA BARBARA) - CIRCULAR,Fetranspor,129,17588339,"-22.9215","-43.2206"
420,420-VILA ISABEL X PRAIA DE BOTAFOGO (VIA TUNEL SANTA BARBARA) - CIRCULAR,Fetranspor,130,17588339,"-22.9215","-43.2206"
420,420-VILA ISABEL X PRAIA DE BOTAFOGO (VIA TUNEL SANTA BARBARA) - CIRCULAR,Fetranspor,131,17588339,"-22.9215","-43.2205"
420,420-VILA ISABEL X PRAIA DE BOTAFOGO (VIA TUNEL SANTA BARBARA) - CIRCULAR,Fetranspor,132,17588339,"-22.9215","-43.2205"
420,420-VILA ISABEL X PRAIA DE BOTAFOGO (VIA TUNEL SANTA BARBARA) - CIRCULAR,Fetranspor,133,17588339,"-22.9214","-43.2202"
420,420-VILA ISABEL X PRAIA DE BOTAFOGO (VIA TUNEL SANTA BARBARA) - CIRCULAR,Fetranspor,134,17588339,"-22.9214","-43.2202"
420,420-VILA ISABEL X PRAIA DE BOTAFOGO (VIA TUNEL SANTA BARBARA) - CIRCULAR,Fetranspor,135,17588339,"-22.9213","-43.2196"
420,420-VILA ISABEL X PRAIA DE BOTAFOGO (VIA TUNEL SANTA BARBARA) - CIRCULAR,Fetranspor,136,17588339,"-22.9213","-43.2196"
420,420-VILA ISABEL X PRAIA DE BOTAFOGO (VIA TUNEL SANTA BARBARA) - CIRCULAR,Fetranspor,137,17588339,"-22.9211","-43.2188"
420,420-VILA ISABEL X PRAIA DE BOTAFOGO (VIA TUNEL SANTA BARBARA) - CIRCULAR,Fetranspor,138,17588339,"-22.9211","-43.2188"
420,420-VILA ISABEL X PRAIA DE BOTAFOGO (VIA TUNEL SANTA BARBARA) - CIRCULAR,Fetranspor,139,17588339,"-22.9207","-43.2175"
420,420-VILA ISABEL X PRAIA DE BOTAFOGO (VIA TUNEL SANTA BARBARA) - CIRCULAR,Fetranspor,140,17588339,"-22.9207","-43.2174"
420,420-VILA ISABEL X PRAIA DE BOTAFOGO (VIA TUNEL SANTA BARBARA) - CIRCULAR,Fetranspor,141,17588339,"-22.9207","-43.2174"
420,420-VILA ISABEL X PRAIA DE BOTAFOGO (VIA TUNEL SANTA BARBARA) - CIRCULAR,Fetranspor,142,17588339,"-22.9206","-43.2173"
420,420-VILA ISABEL X PRAIA DE BOTAFOGO (VIA TUNEL SANTA BARBARA) - CIRCULAR,Fetranspor,143,17588339,"-22.9206","-43.2173"
420,420-VILA ISABEL X PRAIA DE BOTAFOGO (VIA TUNEL SANTA BARBARA) - CIRCULAR,Fetranspor,144,17588339,"-22.9203","-43.2166"
420,420-VILA ISABEL X PRAIA DE BOTAFOGO (VIA TUNEL SANTA BARBARA) - CIRCULAR,Fetranspor,145,17588339,"-22.9203","-43.2166"
420,420-VILA ISABEL X PRAIA DE BOTAFOGO (VIA TUNEL SANTA BARBARA) - CIRCULAR,Fetranspor,146,17588339,"-22.9202","-43.2164"
420,420-VILA ISABEL X PRAIA DE BOTAFOGO (VIA TUNEL SANTA BARBARA) - CIRCULAR,Fetranspor,147,17588339,"-22.9202","-43.2164"
420,420-VILA ISABEL X PRAIA DE BOTAFOGO (VIA TUNEL SANTA BARBARA) - CIRCULAR,Fetranspor,148,17588339,"-22.9201","-43.2162"
420,420-VILA ISABEL X PRAIA DE BOTAFOGO (VIA TUNEL SANTA BARBARA) - CIRCULAR,Fetranspor,149,17588339,"-22.92","-43.2159"
420,420-VILA ISABEL X PRAIA DE BOTAFOGO (VIA TUNEL SANTA BARBARA) - CIRCULAR,Fetranspor,150,17588339,"-22.92","-43.2159"
420,420-VILA ISABEL X PRAIA DE BOTAFOGO (VIA TUNEL SANTA BARBARA) - CIRCULAR,Fetranspor,151,17588339,"-22.9198","-43.2154"
420,420-VILA ISABEL X PRAIA DE BOTAFOGO (VIA TUNEL SANTA BARBARA) - CIRCULAR,Fetranspor,152,17588339,"-22.9198","-43.2154"
420,420-VILA ISABEL X PRAIA DE BOTAFOGO (VIA TUNEL SANTA BARBARA) - CIRCULAR,Fetranspor,153,17588339,"-22.9197","-43.2151"
420,420-VILA ISABEL X PRAIA DE BOTAFOGO (VIA TUNEL SANTA BARBARA) - CIRCULAR,Fetranspor,154,17588339,"-22.9197","-43.2151"
420,420-VILA ISABEL X PRAIA DE BOTAFOGO (VIA TUNEL SANTA BARBARA) - CIRCULAR,Fetranspor,155,17588339,"-22.9195","-43.2147"
420,420-VILA ISABEL X PRAIA DE BOTAFOGO (VIA TUNEL SANTA BARBARA) - CIRCULAR,Fetranspor,156,17588339,"-22.9192","-43.2141"
420,420-VILA ISABEL X PRAIA DE BOTAFOGO (VIA TUNEL SANTA BARBARA) - CIRCULAR,Fetranspor,157,17588339,"-22.9192","-43.2141"
420,420-VILA ISABEL X PRAIA DE BOTAFOGO (VIA TUNEL SANTA BARBARA) - CIRCULAR,Fetranspor,158,17588339,"-22.9191","-43.2139"
420,420-VILA ISABEL X PRAIA DE BOTAFOGO (VIA TUNEL SANTA BARBARA) - CIRCULAR,Fetranspor,159,17588339,"-22.9191","-43.2138"
420,420-VILA ISABEL X PRAIA DE BOTAFOGO (VIA TUNEL SANTA BARBARA) - CIRCULAR,Fetranspor,160,17588339,"-22.9191","-43.2138"
420,420-VILA ISABEL X PRAIA DE BOTAFOGO (VIA TUNEL SANTA BARBARA) - CIRCULAR,Fetranspor,161,17588339,"-22.919","-43.2137"
420,420-VILA ISABEL X PRAIA DE BOTAFOGO (VIA TUNEL SANTA BARBARA) - CIRCULAR,Fetranspor,162,17588339,"-22.9189","-43.2134"
420,420-VILA ISABEL X PRAIA DE BOTAFOGO (VIA TUNEL SANTA BARBARA) - CIRCULAR,Fetranspor,163,17588339,"-22.9189","-43.2134"
420,420-VILA ISABEL X PRAIA DE BOTAFOGO (VIA TUNEL SANTA BARBARA) - CIRCULAR,Fetranspor,164,17588339,"-22.9188","-43.2133"
420,420-VILA ISABEL X PRAIA DE BOTAFOGO (VIA TUNEL SANTA BARBARA) - CIRCULAR,Fetranspor,165,17588339,"-22.9183","-43.2124"
420,420-VILA ISABEL X PRAIA DE BOTAFOGO (VIA TUNEL SANTA BARBARA) - CIRCULAR,Fetranspor,166,17588339,"-22.9183","-43.2124"
420,420-VILA ISABEL X PRAIA DE BOTAFOGO (VIA TUNEL SANTA BARBARA) - CIRCULAR,Fetranspor,167,17588339,"-22.918","-43.212"
420,420-VILA ISABEL X PRAIA DE BOTAFOGO (VIA TUNEL SANTA BARBARA) - CIRCULAR,Fetranspor,168,17588339,"-22.918","-43.212"
420,420-VILA ISABEL X PRAIA DE BOTAFOGO (VIA TUNEL SANTA BARBARA) - CIRCULAR,Fetranspor,169,17588339,"-22.9179","-43.2119"
420,420-VILA ISABEL X PRAIA DE BOTAFOGO (VIA TUNEL SANTA BARBARA) - CIRCULAR,Fetranspor,170,17588339,"-22.9179","-43.2118"
420,420-VILA ISABEL X PRAIA DE BOTAFOGO (VIA TUNEL SANTA BARBARA) - CIRCULAR,Fetranspor,171,17588339,"-22.9179","-43.2118"
420,420-VILA ISABEL X PRAIA DE BOTAFOGO (VIA TUNEL SANTA BARBARA) - CIRCULAR,Fetranspor,172,17588339,"-22.9178","-43.2117"
420,420-VILA ISABEL X PRAIA DE BOTAFOGO (VIA TUNEL SANTA BARBARA) - CIRCULAR,Fetranspor,173,17588339,"-22.9176","-43.2115"
420,420-VILA ISABEL X PRAIA DE BOTAFOGO (VIA TUNEL SANTA BARBARA) - CIRCULAR,Fetranspor,174,17588339,"-22.9176","-43.2115"
420,420-VILA ISABEL X PRAIA DE BOTAFOGO (VIA TUNEL SANTA BARBARA) - CIRCULAR,Fetranspor,175,17588339,"-22.9175","-43.2112"
420,420-VILA ISABEL X PRAIA DE BOTAFOGO (VIA TUNEL SANTA BARBARA) - CIRCULAR,Fetranspor,176,17588339,"-22.9171","-43.2106"
420,420-VILA ISABEL X PRAIA DE BOTAFOGO (VIA TUNEL SANTA BARBARA) - CIRCULAR,Fetranspor,177,17588339,"-22.9171","-43.2106"
420,420-VILA ISABEL X PRAIA DE BOTAFOGO (VIA TUNEL SANTA BARBARA) - CIRCULAR,Fetranspor,178,17588339,"-22.9168","-43.2102"
420,420-VILA ISABEL X PRAIA DE BOTAFOGO (VIA TUNEL SANTA BARBARA) - CIRCULAR,Fetranspor,179,17588339,"-22.9168","-43.2102"
420,420-VILA ISABEL X PRAIA DE BOTAFOGO (VIA TUNEL SANTA BARBARA) - CIRCULAR,Fetranspor,180,17588339,"-22.9168","-43.2102"
420,420-VILA ISABEL X PRAIA DE BOTAFOGO (VIA TUNEL SANTA BARBARA) - CIRCULAR,Fetranspor,181,17588339,"-22.9167","-43.2101"
420,420-VILA ISABEL X PRAIA DE BOTAFOGO (VIA TUNEL SANTA BARBARA) - CIRCULAR,Fetranspor,182,17588339,"-22.9167","-43.21"
420,420-VILA ISABEL X PRAIA DE BOTAFOGO (VIA TUNEL SANTA BARBARA) - CIRCULAR,Fetranspor,183,17588339,"-22.9167","-43.21"
420,420-VILA ISABEL X PRAIA DE BOTAFOGO (VIA TUNEL SANTA BARBARA) - CIRCULAR,Fetranspor,184,17588339,"-22.9166","-43.2098"
420,420-VILA ISABEL X PRAIA DE BOTAFOGO (VIA TUNEL SANTA BARBARA) - CIRCULAR,Fetranspor,185,17588339,"-22.9166","-43.2098"
420,420-VILA ISABEL X PRAIA DE BOTAFOGO (VIA TUNEL SANTA BARBARA) - CIRCULAR,Fetranspor,186,17588339,"-22.916","-43.2089"
420,420-VILA ISABEL X PRAIA DE BOTAFOGO (VIA TUNEL SANTA BARBARA) - CIRCULAR,Fetranspor,187,17588339,"-22.916","-43.2089"
420,420-VILA ISABEL X PRAIA DE BOTAFOGO (VIA TUNEL SANTA BARBARA) - CIRCULAR,Fetranspor,188,17588339,"-22.9156","-43.2083"
420,420-VILA ISABEL X PRAIA DE BOTAFOGO (VIA TUNEL SANTA BARBARA) - CIRCULAR,Fetranspor,189,17588339,"-22.9156","-43.2083"
420,420-VILA ISABEL X PRAIA DE BOTAFOGO (VIA TUNEL SANTA BARBARA) - CIRCULAR,Fetranspor,190,17588339,"-22.9151","-43.2075"
420,420-VILA ISABEL X PRAIA DE BOTAFOGO (VIA TUNEL SANTA BARBARA) - CIRCULAR,Fetranspor,191,17588339,"-22.9151","-43.2075"
420,420-VILA ISABEL X PRAIA DE BOTAFOGO (VIA TUNEL SANTA BARBARA) - CIRCULAR,Fetranspor,192,17588339,"-22.9148","-43.2069"
420,420-VILA ISABEL X PRAIA DE BOTAFOGO (VIA TUNEL SANTA BARBARA) - CIRCULAR,Fetranspor,193,17588339,"-22.9147","-43.2068"
420,420-VILA ISABEL X PRAIA DE BOTAFOGO (VIA TUNEL SANTA BARBARA) - CIRCULAR,Fetranspor,194,17588339,"-22.9146","-43.2066"
420,420-VILA ISABEL X PRAIA DE BOTAFOGO (VIA TUNEL SANTA BARBARA) - CIRCULAR,Fetranspor,195,17588339,"-22.9146","-43.2066"
420,420-VILA ISABEL X PRAIA DE BOTAFOGO (VIA TUNEL SANTA BARBARA) - CIRCULAR,Fetranspor,196,17588339,"-22.9144","-43.2059"
420,420-VILA ISABEL X PRAIA DE BOTAFOGO (VIA TUNEL SANTA BARBARA) - CIRCULAR,Fetranspor,197,17588339,"-22.9142","-43.2054"
420,420-VILA ISABEL X PRAIA DE BOTAFOGO (VIA TUNEL SANTA BARBARA) - CIRCULAR,Fetranspor,198,17588339,"-22.9142","-43.2054"
420,420-VILA ISABEL X PRAIA DE BOTAFOGO (VIA TUNEL SANTA BARBARA) - CIRCULAR,Fetranspor,199,17588339,"-22.9142","-43.205"
420,420-VILA ISABEL X PRAIA DE BOTAFOGO (VIA TUNEL SANTA BARBARA) - CIRCULAR,Fetranspor,200,17588339,"-22.9142","-43.205"
420,420-VILA ISABEL X PRAIA DE BOTAFOGO (VIA TUNEL SANTA BARBARA) - CIRCULAR,Fetranspor,201,17588339,"-22.9141","-43.2047"
420,420-VILA ISABEL X PRAIA DE BOTAFOGO (VIA TUNEL SANTA BARBARA) - CIRCULAR,Fetranspor,202,17588339,"-22.914","-43.2044"
420,420-VILA ISABEL X PRAIA DE BOTAFOGO (VIA TUNEL SANTA BARBARA) - CIRCULAR,Fetranspor,203,17588339,"-22.9139","-43.2043"
420,420-VILA ISABEL X PRAIA DE BOTAFOGO (VIA TUNEL SANTA BARBARA) - CIRCULAR,Fetranspor,204,17588339,"-22.9139","-43.2042"
420,420-VILA ISABEL X PRAIA DE BOTAFOGO (VIA TUNEL SANTA BARBARA) - CIRCULAR,Fetranspor,205,17588339,"-22.9138","-43.2041"
420,420-VILA ISABEL X PRAIA DE BOTAFOGO (VIA TUNEL SANTA BARBARA) - CIRCULAR,Fetranspor,206,17588339,"-22.9138","-43.2041"
420,420-VILA ISABEL X PRAIA DE BOTAFOGO (VIA TUNEL SANTA BARBARA) - CIRCULAR,Fetranspor,207,17588339,"-22.9132","-43.2034"
420,420-VILA ISABEL X PRAIA DE BOTAFOGO (VIA TUNEL SANTA BARBARA) - CIRCULAR,Fetranspor,208,17588339,"-22.9131","-43.2032"
420,420-VILA ISABEL X PRAIA DE BOTAFOGO (VIA TUNEL SANTA BARBARA) - CIRCULAR,Fetranspor,209,17588339,"-22.9131","-43.2031"
420,420-VILA ISABEL X PRAIA DE BOTAFOGO (VIA TUNEL SANTA BARBARA) - CIRCULAR,Fetranspor,210,17588339,"-22.913","-43.203"
420,420-VILA ISABEL X PRAIA DE BOTAFOGO (VIA TUNEL SANTA BARBARA) - CIRCULAR,Fetranspor,211,17588339,"-22.913","-43.203"
420,420-VILA ISABEL X PRAIA DE BOTAFOGO (VIA TUNEL SANTA BARBARA) - CIRCULAR,Fetranspor,212,17588339,"-22.9132","-43.2025"
420,420-VILA ISABEL X PRAIA DE BOTAFOGO (VIA TUNEL SANTA BARBARA) - CIRCULAR,Fetranspor,213,17588339,"-22.9133","-43.2024"
420,420-VILA ISABEL X PRAIA DE BOTAFOGO (VIA TUNEL SANTA BARBARA) - CIRCULAR,Fetranspor,214,17588339,"-22.9133","-43.2024"
420,420-VILA ISABEL X PRAIA DE BOTAFOGO (VIA TUNEL SANTA BARBARA) - CIRCULAR,Fetranspor,215,17588339,"-22.9134","-43.2019"
420,420-VILA ISABEL X PRAIA DE BOTAFOGO (VIA TUNEL SANTA BARBARA) - CIRCULAR,Fetranspor,216,17588339,"-22.9137","-43.2009"
420,420-VILA ISABEL X PRAIA DE BOTAFOGO (VIA TUNEL SANTA BARBARA) - CIRCULAR,Fetranspor,217,17588339,"-22.9138","-43.2008"
420,420-VILA ISABEL X PRAIA DE BOTAFOGO (VIA TUNEL SANTA BARBARA) - CIRCULAR,Fetranspor,218,17588339,"-22.9138","-43.2008"
420,420-VILA ISABEL X PRAIA DE BOTAFOGO (VIA TUNEL SANTA BARBARA) - CIRCULAR,Fetranspor,219,17588339,"-22.9142","-43.1998"
420,420-VILA ISABEL X PRAIA DE BOTAFOGO (VIA TUNEL SANTA BARBARA) - CIRCULAR,Fetranspor,220,17588339,"-22.9143","-43.1996"
420,420-VILA ISABEL X PRAIA DE BOTAFOGO (VIA TUNEL SANTA BARBARA) - CIRCULAR,Fetranspor,221,17588339,"-22.9143","-43.1993"
420,420-VILA ISABEL X PRAIA DE BOTAFOGO (VIA TUNEL SANTA BARBARA) - CIRCULAR,Fetranspor,222,17588339,"-22.9143","-43.1993"
420,420-VILA ISABEL X PRAIA DE BOTAFOGO (VIA TUNEL SANTA BARBARA) - CIRCULAR,Fetranspor,223,17588339,"-22.9143","-43.1992"
420,420-VILA ISABEL X PRAIA DE BOTAFOGO (VIA TUNEL SANTA BARBARA) - CIRCULAR,Fetranspor,224,17588339,"-22.9143","-43.1992"
420,420-VILA ISABEL X PRAIA DE BOTAFOGO (VIA TUNEL SANTA BARBARA) - CIRCULAR,Fetranspor,225,17588339,"-22.9144","-43.1986"
420,420-VILA ISABEL X PRAIA DE BOTAFOGO (VIA TUNEL SANTA BARBARA) - CIRCULAR,Fetranspor,226,17588339,"-22.9144","-43.1986"
420,420-VILA ISABEL X PRAIA DE BOTAFOGO (VIA TUNEL SANTA BARBARA) - CIRCULAR,Fetranspor,227,17588339,"-22.9145","-43.1983"
420,420-VILA ISABEL X PRAIA DE BOTAFOGO (VIA TUNEL SANTA BARBARA) - CIRCULAR,Fetranspor,228,17588339,"-22.9144","-43.1981"
420,420-VILA ISABEL X PRAIA DE BOTAFOGO (VIA TUNEL SANTA BARBARA) - CIRCULAR,Fetranspor,229,17588339,"-22.9143","-43.1975"
420,420-VILA ISABEL X PRAIA DE BOTAFOGO (VIA TUNEL SANTA BARBARA) - CIRCULAR,Fetranspor,230,17588339,"-22.9143","-43.1971"
420,420-VILA ISABEL X PRAIA DE BOTAFOGO (VIA TUNEL SANTA BARBARA) - CIRCULAR,Fetranspor,231,17588339,"-22.9143","-43.1971"
420,420-VILA ISABEL X PRAIA DE BOTAFOGO (VIA TUNEL SANTA BARBARA) - CIRCULAR,Fetranspor,232,17588339,"-22.9142","-43.1967"
420,420-VILA ISABEL X PRAIA DE BOTAFOGO (VIA TUNEL SANTA BARBARA) - CIRCULAR,Fetranspor,233,17588339,"-22.9142","-43.1967"
420,420-VILA ISABEL X PRAIA DE BOTAFOGO (VIA TUNEL SANTA BARBARA) - CIRCULAR,Fetranspor,234,17588339,"-22.9141","-43.1961"
420,420-VILA ISABEL X PRAIA DE BOTAFOGO (VIA TUNEL SANTA BARBARA) - CIRCULAR,Fetranspor,235,17588339,"-22.9141","-43.1961"
420,420-VILA ISABEL X PRAIA DE BOTAFOGO (VIA TUNEL SANTA BARBARA) - CIRCULAR,Fetranspor,236,17588339,"-22.914","-43.1957"
420,420-VILA ISABEL X PRAIA DE BOTAFOGO (VIA TUNEL SANTA BARBARA) - CIRCULAR,Fetranspor,237,17588339,"-22.914","-43.1957"
420,420-VILA ISABEL X PRAIA DE BOTAFOGO (VIA TUNEL SANTA BARBARA) - CIRCULAR,Fetranspor,238,17588339,"-22.914","-43.1956"
420,420-VILA ISABEL X PRAIA DE BOTAFOGO (VIA TUNEL SANTA BARBARA) - CIRCULAR,Fetranspor,239,17588339,"-22.9141","-43.1954"
420,420-VILA ISABEL X PRAIA DE BOTAFOGO (VIA TUNEL SANTA BARBARA) - CIRCULAR,Fetranspor,240,17588339,"-22.9141","-43.1953"
420,420-VILA ISABEL X PRAIA DE BOTAFOGO (VIA TUNEL SANTA BARBARA) - CIRCULAR,Fetranspor,241,17588339,"-22.9141","-43.1952"
420,420-VILA ISABEL X PRAIA DE BOTAFOGO (VIA TUNEL SANTA BARBARA) - CIRCULAR,Fetranspor,242,17588339,"-22.9142","-43.1952"
420,420-VILA ISABEL X PRAIA DE BOTAFOGO (VIA TUNEL SANTA BARBARA) - CIRCULAR,Fetranspor,243,17588339,"-22.9142","-43.1952"
420,420-VILA ISABEL X PRAIA DE BOTAFOGO (VIA TUNEL SANTA BARBARA) - CIRCULAR,Fetranspor,244,17588339,"-22.9153","-43.1948"
420,420-VILA ISABEL X PRAIA DE BOTAFOGO (VIA TUNEL SANTA BARBARA) - CIRCULAR,Fetranspor,245,17588339,"-22.9153","-43.1948"
420,420-VILA ISABEL X PRAIA DE BOTAFOGO (VIA TUNEL SANTA BARBARA) - CIRCULAR,Fetranspor,246,17588339,"-22.9155","-43.1947"
420,420-VILA ISABEL X PRAIA DE BOTAFOGO (VIA TUNEL SANTA BARBARA) - CIRCULAR,Fetranspor,247,17588339,"-22.9158","-43.1946"
420,420-VILA ISABEL X PRAIA DE BOTAFOGO (VIA TUNEL SANTA BARBARA) - CIRCULAR,Fetranspor,248,17588339,"-22.916","-43.1945"
420,420-VILA ISABEL X PRAIA DE BOTAFOGO (VIA TUNEL SANTA BARBARA) - CIRCULAR,Fetranspor,249,17588339,"-22.9163","-43.1945"
420,420-VILA ISABEL X PRAIA DE BOTAFOGO (VIA TUNEL SANTA BARBARA) - CIRCULAR,Fetranspor,250,17588339,"-22.9165","-43.1944"
420,420-VILA ISABEL X PRAIA DE BOTAFOGO (VIA TUNEL SANTA BARBARA) - CIRCULAR,Fetranspor,251,17588339,"-22.9168","-43.1944"
420,420-VILA ISABEL X PRAIA DE BOTAFOGO (VIA TUNEL SANTA BARBARA) - CIRCULAR,Fetranspor,252,17588339,"-22.9168","-43.1944"
420,420-VILA ISABEL X PRAIA DE BOTAFOGO (VIA TUNEL SANTA BARBARA) - CIRCULAR,Fetranspor,253,17588339,"-22.9169","-43.1944"
420,420-VILA ISABEL X PRAIA DE BOTAFOGO (VIA TUNEL SANTA BARBARA) - CIRCULAR,Fetranspor,254,17588339,"-22.9169","-43.1944"
420,420-VILA ISABEL X PRAIA DE BOTAFOGO (VIA TUNEL SANTA BARBARA) - CIRCULAR,Fetranspor,255,17588339,"-22.9176","-43.1945"
420,420-VILA ISABEL X PRAIA DE BOTAFOGO (VIA TUNEL SANTA BARBARA) - CIRCULAR,Fetranspor,256,17588339,"-22.9179","-43.1946"
420,420-VILA ISABEL X PRAIA DE BOTAFOGO (VIA TUNEL SANTA BARBARA) - CIRCULAR,Fetranspor,257,17588339,"-22.9181","-43.1946"
420,420-VILA ISABEL X PRAIA DE BOTAFOGO (VIA TUNEL SANTA BARBARA) - CIRCULAR,Fetranspor,258,17588339,"-22.9185","-43.1946"
420,420-VILA ISABEL X PRAIA DE BOTAFOGO (VIA TUNEL SANTA BARBARA) - CIRCULAR,Fetranspor,259,17588339,"-22.9188","-43.1946"
420,420-VILA ISABEL X PRAIA DE BOTAFOGO (VIA TUNEL SANTA BARBARA) - CIRCULAR,Fetranspor,260,17588339,"-22.9188","-43.1946"
420,420-VILA ISABEL X PRAIA DE BOTAFOGO (VIA TUNEL SANTA BARBARA) - CIRCULAR,Fetranspor,261,17588339,"-22.919","-43.1945"
420,420-VILA ISABEL X PRAIA DE BOTAFOGO (VIA TUNEL SANTA BARBARA) - CIRCULAR,Fetranspor,262,17588339,"-22.9194","-43.1945"
420,420-VILA ISABEL X PRAIA DE BOTAFOGO (VIA TUNEL SANTA BARBARA) - CIRCULAR,Fetranspor,263,17588339,"-22.9196","-43.1944"
420,420-VILA ISABEL X PRAIA DE BOTAFOGO (VIA TUNEL SANTA BARBARA) - CIRCULAR,Fetranspor,264,17588339,"-22.9199","-43.1943"
420,420-VILA ISABEL X PRAIA DE BOTAFOGO (VIA TUNEL SANTA BARBARA) - CIRCULAR,Fetranspor,265,17588339,"-22.9199","-43.1943"
420,420-VILA ISABEL X PRAIA DE BOTAFOGO (VIA TUNEL SANTA BARBARA) - CIRCULAR,Fetranspor,266,17588339,"-22.92","-43.1942"
420,420-VILA ISABEL X PRAIA DE BOTAFOGO (VIA TUNEL SANTA BARBARA) - CIRCULAR,Fetranspor,267,17588339,"-22.9203","-43.194"
420,420-VILA ISABEL X PRAIA DE BOTAFOGO (VIA TUNEL SANTA BARBARA) - CIRCULAR,Fetranspor,268,17588339,"-22.9205","-43.1939"
420,420-VILA ISABEL X PRAIA DE BOTAFOGO (VIA TUNEL SANTA BARBARA) - CIRCULAR,Fetranspor,269,17588339,"-22.9205","-43.1939"
420,420-VILA ISABEL X PRAIA DE BOTAFOGO (VIA TUNEL SANTA BARBARA) - CIRCULAR,Fetranspor,270,17588339,"-22.9205","-43.1939"
420,420-VILA ISABEL X PRAIA DE BOTAFOGO (VIA TUNEL SANTA BARBARA) - CIRCULAR,Fetranspor,271,17588339,"-22.9207","-43.1938"
420,420-VILA ISABEL X PRAIA DE BOTAFOGO (VIA TUNEL SANTA BARBARA) - CIRCULAR,Fetranspor,272,17588339,"-22.9209","-43.1936"
420,420-VILA ISABEL X PRAIA DE BOTAFOGO (VIA TUNEL SANTA BARBARA) - CIRCULAR,Fetranspor,273,17588339,"-22.9211","-43.1934"
420,420-VILA ISABEL X PRAIA DE BOTAFOGO (VIA TUNEL SANTA BARBARA) - CIRCULAR,Fetranspor,274,17588339,"-22.9214","-43.1933"
420,420-VILA ISABEL X PRAIA DE BOTAFOGO (VIA TUNEL SANTA BARBARA) - CIRCULAR,Fetranspor,275,17588339,"-22.9216","-43.1932"
420,420-VILA ISABEL X PRAIA DE BOTAFOGO (VIA TUNEL SANTA BARBARA) - CIRCULAR,Fetranspor,276,17588339,"-22.9221","-43.1929"
420,420-VILA ISABEL X PRAIA DE BOTAFOGO (VIA TUNEL SANTA BARBARA) - CIRCULAR,Fetranspor,277,17588339,"-22.9232","-43.1919"
420,420-VILA ISABEL X PRAIA DE BOTAFOGO (VIA TUNEL SANTA BARBARA) - CIRCULAR,Fetranspor,278,17588339,"-22.9237","-43.1915"
420,420-VILA ISABEL X PRAIA DE BOTAFOGO (VIA TUNEL SANTA BARBARA) - CIRCULAR,Fetranspor,279,17588339,"-22.9243","-43.1911"
420,420-VILA ISABEL X PRAIA DE BOTAFOGO (VIA TUNEL SANTA BARBARA) - CIRCULAR,Fetranspor,280,17588339,"-22.9248","-43.1907"
420,420-VILA ISABEL X PRAIA DE BOTAFOGO (VIA TUNEL SANTA BARBARA) - CIRCULAR,Fetranspor,281,17588339,"-22.9254","-43.1902"
420,420-VILA ISABEL X PRAIA DE BOTAFOGO (VIA TUNEL SANTA BARBARA) - CIRCULAR,Fetranspor,282,17588339,"-22.9256","-43.1901"
420,420-VILA ISABEL X PRAIA DE BOTAFOGO (VIA TUNEL SANTA BARBARA) - CIRCULAR,Fetranspor,283,17588339,"-22.9297","-43.1869"
420,420-VILA ISABEL X PRAIA DE BOTAFOGO (VIA TUNEL SANTA BARBARA) - CIRCULAR,Fetranspor,284,17588339,"-22.9306","-43.1863"
420,420-VILA ISABEL X PRAIA DE BOTAFOGO (VIA TUNEL SANTA BARBARA) - CIRCULAR,Fetranspor,285,17588339,"-22.9306","-43.1863"
420,420-VILA ISABEL X PRAIA DE BOTAFOGO (VIA TUNEL SANTA BARBARA) - CIRCULAR,Fetranspor,286,17588339,"-22.9308","-43.1861"
420,420-VILA ISABEL X PRAIA DE BOTAFOGO (VIA TUNEL SANTA BARBARA) - CIRCULAR,Fetranspor,287,17588339,"-22.9309","-43.186"
420,420-VILA ISABEL X PRAIA DE BOTAFOGO (VIA TUNEL SANTA BARBARA) - CIRCULAR,Fetranspor,288,17588339,"-22.9313","-43.1857"
420,420-VILA ISABEL X PRAIA DE BOTAFOGO (VIA TUNEL SANTA BARBARA) - CIRCULAR,Fetranspor,289,17588339,"-22.9313","-43.1857"
420,420-VILA ISABEL X PRAIA DE BOTAFOGO (VIA TUNEL SANTA BARBARA) - CIRCULAR,Fetranspor,290,17588339,"-22.9315","-43.1856"
420,420-VILA ISABEL X PRAIA DE BOTAFOGO (VIA TUNEL SANTA BARBARA) - CIRCULAR,Fetranspor,291,17588339,"-22.9328","-43.1849"
420,420-VILA ISABEL X PRAIA DE BOTAFOGO (VIA TUNEL SANTA BARBARA) - CIRCULAR,Fetranspor,292,17588339,"-22.933","-43.1848"
420,420-VILA ISABEL X PRAIA DE BOTAFOGO (VIA TUNEL SANTA BARBARA) - CIRCULAR,Fetranspor,293,17588339,"-22.9333","-43.1847"
420,420-VILA ISABEL X PRAIA DE BOTAFOGO (VIA TUNEL SANTA BARBARA) - CIRCULAR,Fetranspor,294,17588339,"-22.9334","-43.1847"
420,420-VILA ISABEL X PRAIA DE BOTAFOGO (VIA TUNEL SANTA BARBARA) - CIRCULAR,Fetranspor,295,17588339,"-22.9344","-43.1844"
420,420-VILA ISABEL X PRAIA DE BOTAFOGO (VIA TUNEL SANTA BARBARA) - CIRCULAR,Fetranspor,296,17588339,"-22.9344","-43.1844"
420,420-VILA ISABEL X PRAIA DE BOTAFOGO (VIA TUNEL SANTA BARBARA) - CIRCULAR,Fetranspor,297,17588339,"-22.9348","-43.1843"
420,420-VILA ISABEL X PRAIA DE BOTAFOGO (VIA TUNEL SANTA BARBARA) - CIRCULAR,Fetranspor,298,17588339,"-22.9349","-43.1844"
420,420-VILA ISABEL X PRAIA DE BOTAFOGO (VIA TUNEL SANTA BARBARA) - CIRCULAR,Fetranspor,299,17588339,"-22.9349","-43.1844"
420,420-VILA ISABEL X PRAIA DE BOTAFOGO (VIA TUNEL SANTA BARBARA) - CIRCULAR,Fetranspor,300,17588339,"-22.9352","-43.1842"
420,420-VILA ISABEL X PRAIA DE BOTAFOGO (VIA TUNEL SANTA BARBARA) - CIRCULAR,Fetranspor,301,17588339,"-22.9355","-43.1841"
420,420-VILA ISABEL X PRAIA DE BOTAFOGO (VIA TUNEL SANTA BARBARA) - CIRCULAR,Fetranspor,302,17588339,"-22.9356","-43.1841"
420,420-VILA ISABEL X PRAIA DE BOTAFOGO (VIA TUNEL SANTA BARBARA) - CIRCULAR,Fetranspor,303,17588339,"-22.9358","-43.184"
420,420-VILA ISABEL X PRAIA DE BOTAFOGO (VIA TUNEL SANTA BARBARA) - CIRCULAR,Fetranspor,304,17588339,"-22.9358","-43.184"
420,420-VILA ISABEL X PRAIA DE BOTAFOGO (VIA TUNEL SANTA BARBARA) - CIRCULAR,Fetranspor,305,17588339,"-22.937","-43.1837"
420,420-VILA ISABEL X PRAIA DE BOTAFOGO (VIA TUNEL SANTA BARBARA) - CIRCULAR,Fetranspor,306,17588339,"-22.9396","-43.1831"
420,420-VILA ISABEL X PRAIA DE BOTAFOGO (VIA TUNEL SANTA BARBARA) - CIRCULAR,Fetranspor,307,17588339,"-22.9405","-43.1828"
420,420-VILA ISABEL X PRAIA DE BOTAFOGO (VIA TUNEL SANTA BARBARA) - CIRCULAR,Fetranspor,308,17588339,"-22.9405","-43.1828"
420,420-VILA ISABEL X PRAIA DE BOTAFOGO (VIA TUNEL SANTA BARBARA) - CIRCULAR,Fetranspor,309,17588339,"-22.9407","-43.1828"
420,420-VILA ISABEL X PRAIA DE BOTAFOGO (VIA TUNEL SANTA BARBARA) - CIRCULAR,Fetranspor,310,17588339,"-22.9411","-43.1826"
420,420-VILA ISABEL X PRAIA DE BOTAFOGO (VIA TUNEL SANTA BARBARA) - CIRCULAR,Fetranspor,311,17588339,"-22.9411","-43.1826"
420,420-VILA ISABEL X PRAIA DE BOTAFOGO (VIA TUNEL SANTA BARBARA) - CIRCULAR,Fetranspor,312,17588339,"-22.9417","-43.1823"
420,420-VILA ISABEL X PRAIA DE BOTAFOGO (VIA TUNEL SANTA BARBARA) - CIRCULAR,Fetranspor,313,17588339,"-22.9418","-43.1823"
420,420-VILA ISABEL X PRAIA DE BOTAFOGO (VIA TUNEL SANTA BARBARA) - CIRCULAR,Fetranspor,314,17588339,"-22.9418","-43.1823"
420,420-VILA ISABEL X PRAIA DE BOTAFOGO (VIA TUNEL SANTA BARBARA) - CIRCULAR,Fetranspor,315,17588339,"-22.9419","-43.1823"
420,420-VILA ISABEL X PRAIA DE BOTAFOGO (VIA TUNEL SANTA BARBARA) - CIRCULAR,Fetranspor,316,17588339,"-22.942","-43.1824"
420,420-VILA ISABEL X PRAIA DE BOTAFOGO (VIA TUNEL SANTA BARBARA) - CIRCULAR,Fetranspor,317,17588339,"-22.9421","-43.1824"
420,420-VILA ISABEL X PRAIA DE BOTAFOGO (VIA TUNEL SANTA BARBARA) - CIRCULAR,Fetranspor,318,17588339,"-22.9422","-43.1825"
420,420-VILA ISABEL X PRAIA DE BOTAFOGO (VIA TUNEL SANTA BARBARA) - CIRCULAR,Fetranspor,319,17588339,"-22.9422","-43.1826"
420,420-VILA ISABEL X PRAIA DE BOTAFOGO (VIA TUNEL SANTA BARBARA) - CIRCULAR,Fetranspor,320,17588339,"-22.9423","-43.1826"
420,420-VILA ISABEL X PRAIA DE BOTAFOGO (VIA TUNEL SANTA BARBARA) - CIRCULAR,Fetranspor,321,17588339,"-22.9423","-43.1826"
420,420-VILA ISABEL X PRAIA DE BOTAFOGO (VIA TUNEL SANTA BARBARA) - CIRCULAR,Fetranspor,322,17588339,"-22.9423","-43.1827"
420,420-VILA ISABEL X PRAIA DE BOTAFOGO (VIA TUNEL SANTA BARBARA) - CIRCULAR,Fetranspor,323,17588339,"-22.9426","-43.183"
420,420-VILA ISABEL X PRAIA DE BOTAFOGO (VIA TUNEL SANTA BARBARA) - CIRCULAR,Fetranspor,324,17588339,"-22.9429","-43.1832"
420,420-VILA ISABEL X PRAIA DE BOTAFOGO (VIA TUNEL SANTA BARBARA) - CIRCULAR,Fetranspor,325,17588339,"-22.943","-43.1833"
420,420-VILA ISABEL X PRAIA DE BOTAFOGO (VIA TUNEL SANTA BARBARA) - CIRCULAR,Fetranspor,326,17588339,"-22.9433","-43.1835"
420,420-VILA ISABEL X PRAIA DE BOTAFOGO (VIA TUNEL SANTA BARBARA) - CIRCULAR,Fetranspor,327,17588339,"-22.9436","-43.1837"
420,420-VILA ISABEL X PRAIA DE BOTAFOGO (VIA TUNEL SANTA BARBARA) - CIRCULAR,Fetranspor,328,17588339,"-22.9438","-43.1837"
420,420-VILA ISABEL X PRAIA DE BOTAFOGO (VIA TUNEL SANTA BARBARA) - CIRCULAR,Fetranspor,329,17588339,"-22.9438","-43.1837"
420,420-VILA ISABEL X PRAIA DE BOTAFOGO (VIA TUNEL SANTA BARBARA) - CIRCULAR,Fetranspor,330,17588339,"-22.9441","-43.1838"
420,420-VILA ISABEL X PRAIA DE BOTAFOGO (VIA TUNEL SANTA BARBARA) - CIRCULAR,Fetranspor,331,17588339,"-22.9444","-43.1839"
420,420-VILA ISABEL X PRAIA DE BOTAFOGO (VIA TUNEL SANTA BARBARA) - CIRCULAR,Fetranspor,332,17588339,"-22.9447","-43.1839"
420,420-VILA ISABEL X PRAIA DE BOTAFOGO (VIA TUNEL SANTA BARBARA) - CIRCULAR,Fetranspor,333,17588339,"-22.9447","-43.1839"
420,420-VILA ISABEL X PRAIA DE BOTAFOGO (VIA TUNEL SANTA BARBARA) - CIRCULAR,Fetranspor,334,17588339,"-22.9449","-43.184"
420,420-VILA ISABEL X PRAIA DE BOTAFOGO (VIA TUNEL SANTA BARBARA) - CIRCULAR,Fetranspor,335,17588339,"-22.9457","-43.1842"
420,420-VILA ISABEL X PRAIA DE BOTAFOGO (VIA TUNEL SANTA BARBARA) - CIRCULAR,Fetranspor,336,17588339,"-22.946","-43.1842"
420,420-VILA ISABEL X PRAIA DE BOTAFOGO (VIA TUNEL SANTA BARBARA) - CIRCULAR,Fetranspor,337,17588339,"-22.946","-43.1842"
420,420-VILA ISABEL X PRAIA DE BOTAFOGO (VIA TUNEL SANTA BARBARA) - CIRCULAR,Fetranspor,338,17588339,"-22.946","-43.184"
420,420-VILA ISABEL X PRAIA DE BOTAFOGO (VIA TUNEL SANTA BARBARA) - CIRCULAR,Fetranspor,339,17588339,"-22.946","-43.1839"
420,420-VILA ISABEL X PRAIA DE BOTAFOGO (VIA TUNEL SANTA BARBARA) - CIRCULAR,Fetranspor,340,17588339,"-22.946","-43.1839"
420,420-VILA ISABEL X PRAIA DE BOTAFOGO (VIA TUNEL SANTA BARBARA) - CIRCULAR,Fetranspor,341,17588339,"-22.946","-43.1826"
420,420-VILA ISABEL X PRAIA DE BOTAFOGO (VIA TUNEL SANTA BARBARA) - CIRCULAR,Fetranspor,0,17744348,"-22.946","-43.1826"
420,420-VILA ISABEL X PRAIA DE BOTAFOGO (VIA TUNEL SANTA BARBARA) - CIRCULAR,Fetranspor,1,17744348,"-22.9463","-43.1826"
420,420-VILA ISABEL X PRAIA DE BOTAFOGO (VIA TUNEL SANTA BARBARA) - CIRCULAR,Fetranspor,2,17744348,"-22.9469","-43.1826"
420,420-VILA ISABEL X PRAIA DE BOTAFOGO (VIA TUNEL SANTA BARBARA) - CIRCULAR,Fetranspor,3,17744348,"-22.9476","-43.1825"
420,420-VILA ISABEL X PRAIA DE BOTAFOGO (VIA TUNEL SANTA BARBARA) - CIRCULAR,Fetranspor,4,17744348,"-22.9476","-43.1825"
420,420-VILA ISABEL X PRAIA DE BOTAFOGO (VIA TUNEL SANTA BARBARA) - CIRCULAR,Fetranspor,5,17744348,"-22.9479","-43.1824"
420,420-VILA ISABEL X PRAIA DE BOTAFOGO (VIA TUNEL SANTA BARBARA) - CIRCULAR,Fetranspor,6,17744348,"-22.9479","-43.1824"
420,420-VILA ISABEL X PRAIA DE BOTAFOGO (VIA TUNEL SANTA BARBARA) - CIRCULAR,Fetranspor,7,17744348,"-22.9481","-43.1824"
420,420-VILA ISABEL X PRAIA DE BOTAFOGO (VIA TUNEL SANTA BARBARA) - CIRCULAR,Fetranspor,8,17744348,"-22.9482","-43.1824"
420,420-VILA ISABEL X PRAIA DE BOTAFOGO (VIA TUNEL SANTA BARBARA) - CIRCULAR,Fetranspor,9,17744348,"-22.9482","-43.1824"
420,420-VILA ISABEL X PRAIA DE BOTAFOGO (VIA TUNEL SANTA BARBARA) - CIRCULAR,Fetranspor,10,17744348,"-22.9484","-43.1824"
420,420-VILA ISABEL X PRAIA DE BOTAFOGO (VIA TUNEL SANTA BARBARA) - CIRCULAR,Fetranspor,11,17744348,"-22.9485","-43.1824"
420,420-VILA ISABEL X PRAIA DE BOTAFOGO (VIA TUNEL SANTA BARBARA) - CIRCULAR,Fetranspor,12,17744348,"-22.9487","-43.1823"
420,420-VILA ISABEL X PRAIA DE BOTAFOGO (VIA TUNEL SANTA BARBARA) - CIRCULAR,Fetranspor,13,17744348,"-22.9487","-43.1823"
420,420-VILA ISABEL X PRAIA DE BOTAFOGO (VIA TUNEL SANTA BARBARA) - CIRCULAR,Fetranspor,14,17744348,"-22.9489","-43.1822"
420,420-VILA ISABEL X PRAIA DE BOTAFOGO (VIA TUNEL SANTA BARBARA) - CIRCULAR,Fetranspor,15,17744348,"-22.9491","-43.1821"
420,420-VILA ISABEL X PRAIA DE BOTAFOGO (VIA TUNEL SANTA BARBARA) - CIRCULAR,Fetranspor,16,17744348,"-22.9491","-43.1821"
420,420-VILA ISABEL X PRAIA DE BOTAFOGO (VIA TUNEL SANTA BARBARA) - CIRCULAR,Fetranspor,17,17744348,"-22.9499","-43.1818"
420,420-VILA ISABEL X PRAIA DE BOTAFOGO (VIA TUNEL SANTA BARBARA) - CIRCULAR,Fetranspor,18,17744348,"-22.95","-43.1817"
420,420-VILA ISABEL X PRAIA DE BOTAFOGO (VIA TUNEL SANTA BARBARA) - CIRCULAR,Fetranspor,19,17744348,"-22.95","-43.1817"
420,420-VILA ISABEL X PRAIA DE BOTAFOGO (VIA TUNEL SANTA BARBARA) - CIRCULAR,Fetranspor,20,17744348,"-22.95","-43.1817"
420,420-VILA ISABEL X PRAIA DE BOTAFOGO (VIA TUNEL SANTA BARBARA) - CIRCULAR,Fetranspor,21,17744348,"-22.95","-43.1817"
420,420-VILA ISABEL X PRAIA DE BOTAFOGO (VIA TUNEL SANTA BARBARA) - CIRCULAR,Fetranspor,22,17744348,"-22.9499","-43.1816"
420,420-VILA ISABEL X PRAIA DE BOTAFOGO (VIA TUNEL SANTA BARBARA) - CIRCULAR,Fetranspor,23,17744348,"-22.9499","-43.1816"
420,420-VILA ISABEL X PRAIA DE BOTAFOGO (VIA TUNEL SANTA BARBARA) - CIRCULAR,Fetranspor,24,17744348,"-22.9498","-43.1816"
420,420-VILA ISABEL X PRAIA DE BOTAFOGO (VIA TUNEL SANTA BARBARA) - CIRCULAR,Fetranspor,25,17744348,"-22.9495","-43.1816"
420,420-VILA ISABEL X PRAIA DE BOTAFOGO (VIA TUNEL SANTA BARBARA) - CIRCULAR,Fetranspor,26,17744348,"-22.9494","-43.1816"
420,420-VILA ISABEL X PRAIA DE BOTAFOGO (VIA TUNEL SANTA BARBARA) - CIRCULAR,Fetranspor,27,17744348,"-22.9494","-43.1816"
420,420-VILA ISABEL X PRAIA DE BOTAFOGO (VIA TUNEL SANTA BARBARA) - CIRCULAR,Fetranspor,28,17744348,"-22.9494","-43.1816"
420,420-VILA ISABEL X PRAIA DE BOTAFOGO (VIA TUNEL SANTA BARBARA) - CIRCULAR,Fetranspor,29,17744348,"-22.9487","-43.1819"
420,420-VILA ISABEL X PRAIA DE BOTAFOGO (VIA TUNEL SANTA BARBARA) - CIRCULAR,Fetranspor,30,17744348,"-22.9482","-43.182"
420,420-VILA ISABEL X PRAIA DE BOTAFOGO (VIA TUNEL SANTA BARBARA) - CIRCULAR,Fetranspor,31,17744348,"-22.9476","-43.1822"
420,420-VILA ISABEL X PRAIA DE BOTAFOGO (VIA TUNEL SANTA BARBARA) - CIRCULAR,Fetranspor,32,17744348,"-22.9476","-43.1822"
420,420-VILA ISABEL X PRAIA DE BOTAFOGO (VIA TUNEL SANTA BARBARA) - CIRCULAR,Fetranspor,33,17744348,"-22.9471","-43.1822"
420,420-VILA ISABEL X PRAIA DE BOTAFOGO (VIA TUNEL SANTA BARBARA) - CIRCULAR,Fetranspor,34,17744348,"-22.9468","-43.1822"
420,420-VILA ISABEL X PRAIA DE BOTAFOGO (VIA TUNEL SANTA BARBARA) - CIRCULAR,Fetranspor,35,17744348,"-22.9462","-43.1822"
420,420-VILA ISABEL X PRAIA DE BOTAFOGO (VIA TUNEL SANTA BARBARA) - CIRCULAR,Fetranspor,36,17744348,"-22.9462","-43.1822"
420,420-VILA ISABEL X PRAIA DE BOTAFOGO (VIA TUNEL SANTA BARBARA) - CIRCULAR,Fetranspor,37,17744348,"-22.9461","-43.1822"
420,420-VILA ISABEL X PRAIA DE BOTAFOGO (VIA TUNEL SANTA BARBARA) - CIRCULAR,Fetranspor,38,17744348,"-22.9459","-43.1821"
420,420-VILA ISABEL X PRAIA DE BOTAFOGO (VIA TUNEL SANTA BARBARA) - CIRCULAR,Fetranspor,39,17744348,"-22.9454","-43.182"
420,420-VILA ISABEL X PRAIA DE BOTAFOGO (VIA TUNEL SANTA BARBARA) - CIRCULAR,Fetranspor,40,17744348,"-22.9451","-43.1819"
420,420-VILA ISABEL X PRAIA DE BOTAFOGO (VIA TUNEL SANTA BARBARA) - CIRCULAR,Fetranspor,41,17744348,"-22.9444","-43.1816"
420,420-VILA ISABEL X PRAIA DE BOTAFOGO (VIA TUNEL SANTA BARBARA) - CIRCULAR,Fetranspor,42,17744348,"-22.9437","-43.1812"
420,420-VILA ISABEL X PRAIA DE BOTAFOGO (VIA TUNEL SANTA BARBARA) - CIRCULAR,Fetranspor,43,17744348,"-22.9437","-43.1812"
420,420-VILA ISABEL X PRAIA DE BOTAFOGO (VIA TUNEL SANTA BARBARA) - CIRCULAR,Fetranspor,44,17744348,"-22.9436","-43.1812"
420,420-VILA ISABEL X PRAIA DE BOTAFOGO (VIA TUNEL SANTA BARBARA) - CIRCULAR,Fetranspor,45,17744348,"-22.9436","-43.1812"
420,420-VILA ISABEL X PRAIA DE BOTAFOGO (VIA TUNEL SANTA BARBARA) - CIRCULAR,Fetranspor,46,17744348,"-22.9435","-43.1812"
420,420-VILA ISABEL X PRAIA DE BOTAFOGO (VIA TUNEL SANTA BARBARA) - CIRCULAR,Fetranspor,47,17744348,"-22.9433","-43.1811"
420,420-VILA ISABEL X PRAIA DE BOTAFOGO (VIA TUNEL SANTA BARBARA) - CIRCULAR,Fetranspor,48,17744348,"-22.9432","-43.1811"
420,420-VILA ISABEL X PRAIA DE BOTAFOGO (VIA TUNEL SANTA BARBARA) - CIRCULAR,Fetranspor,49,17744348,"-22.9432","-43.1811"
420,420-VILA ISABEL X PRAIA DE BOTAFOGO (VIA TUNEL SANTA BARBARA) - CIRCULAR,Fetranspor,50,17744348,"-22.943","-43.1809"
420,420-VILA ISABEL X PRAIA DE BOTAFOGO (VIA TUNEL SANTA BARBARA) - CIRCULAR,Fetranspor,51,17744348,"-22.943","-43.1809"
420,420-VILA ISABEL X PRAIA DE BOTAFOGO (VIA TUNEL SANTA BARBARA) - CIRCULAR,Fetranspor,52,17744348,"-22.943","-43.1809"
420,420-VILA ISABEL X PRAIA DE BOTAFOGO (VIA TUNEL SANTA BARBARA) - CIRCULAR,Fetranspor,53,17744348,"-22.9427","-43.1806"
420,420-VILA ISABEL X PRAIA DE BOTAFOGO (VIA TUNEL SANTA BARBARA) - CIRCULAR,Fetranspor,54,17744348,"-22.9425","-43.1804"
420,420-VILA ISABEL X PRAIA DE BOTAFOGO (VIA TUNEL SANTA BARBARA) - CIRCULAR,Fetranspor,55,17744348,"-22.9424","-43.1803"
420,420-VILA ISABEL X PRAIA DE BOTAFOGO (VIA TUNEL SANTA BARBARA) - CIRCULAR,Fetranspor,56,17744348,"-22.9424","-43.1803"
420,420-VILA ISABEL X PRAIA DE BOTAFOGO (VIA TUNEL SANTA BARBARA) - CIRCULAR,Fetranspor,57,17744348,"-22.9422","-43.1806"
420,420-VILA ISABEL X PRAIA DE BOTAFOGO (VIA TUNEL SANTA BARBARA) - CIRCULAR,Fetranspor,58,17744348,"-22.9422","-43.1806"
420,420-VILA ISABEL X PRAIA DE BOTAFOGO (VIA TUNEL SANTA BARBARA) - CIRCULAR,Fetranspor,59,17744348,"-22.9415","-43.1815"
420,420-VILA ISABEL X PRAIA DE BOTAFOGO (VIA TUNEL SANTA BARBARA) - CIRCULAR,Fetranspor,60,17744348,"-22.9415","-43.1815"
420,420-VILA ISABEL X PRAIA DE BOTAFOGO (VIA TUNEL SANTA BARBARA) - CIRCULAR,Fetranspor,61,17744348,"-22.941","-43.1823"
420,420-VILA ISABEL X PRAIA DE BOTAFOGO (VIA TUNEL SANTA BARBARA) - CIRCULAR,Fetranspor,62,17744348,"-22.941","-43.1823"
420,420-VILA ISABEL X PRAIA DE BOTAFOGO (VIA TUNEL SANTA BARBARA) - CIRCULAR,Fetranspor,63,17744348,"-22.9409","-43.1825"
420,420-VILA ISABEL X PRAIA DE BOTAFOGO (VIA TUNEL SANTA BARBARA) - CIRCULAR,Fetranspor,64,17744348,"-22.9407","-43.1826"
420,420-VILA ISABEL X PRAIA DE BOTAFOGO (VIA TUNEL SANTA BARBARA) - CIRCULAR,Fetranspor,65,17744348,"-22.9407","-43.1826"
420,420-VILA ISABEL X PRAIA DE BOTAFOGO (VIA TUNEL SANTA BARBARA) - CIRCULAR,Fetranspor,66,17744348,"-22.9402","-43.1828"
420,420-VILA ISABEL X PRAIA DE BOTAFOGO (VIA TUNEL SANTA BARBARA) - CIRCULAR,Fetranspor,67,17744348,"-22.9397","-43.1829"
420,420-VILA ISABEL X PRAIA DE BOTAFOGO (VIA TUNEL SANTA BARBARA) - CIRCULAR,Fetranspor,68,17744348,"-22.9388","-43.1832"
420,420-VILA ISABEL X PRAIA DE BOTAFOGO (VIA TUNEL SANTA BARBARA) - CIRCULAR,Fetranspor,69,17744348,"-22.9388","-43.1832"
420,420-VILA ISABEL X PRAIA DE BOTAFOGO (VIA TUNEL SANTA BARBARA) - CIRCULAR,Fetranspor,70,17744348,"-22.9381","-43.1833"
420,420-VILA ISABEL X PRAIA DE BOTAFOGO (VIA TUNEL SANTA BARBARA) - CIRCULAR,Fetranspor,71,17744348,"-22.9381","-43.1833"
420,420-VILA ISABEL X PRAIA DE BOTAFOGO (VIA TUNEL SANTA BARBARA) - CIRCULAR,Fetranspor,72,17744348,"-22.9376","-43.1834"
420,420-VILA ISABEL X PRAIA DE BOTAFOGO (VIA TUNEL SANTA BARBARA) - CIRCULAR,Fetranspor,73,17744348,"-22.9373","-43.1835"
420,420-VILA ISABEL X PRAIA DE BOTAFOGO (VIA TUNEL SANTA BARBARA) - CIRCULAR,Fetranspor,74,17744348,"-22.9373","-43.1835"
420,420-VILA ISABEL X PRAIA DE BOTAFOGO (VIA TUNEL SANTA BARBARA) - CIRCULAR,Fetranspor,75,17744348,"-22.9368","-43.1837"
420,420-VILA ISABEL X PRAIA DE BOTAFOGO (VIA TUNEL SANTA BARBARA) - CIRCULAR,Fetranspor,76,17744348,"-22.9368","-43.1837"
420,420-VILA ISABEL X PRAIA DE BOTAFOGO (VIA TUNEL SANTA BARBARA) - CIRCULAR,Fetranspor,77,17744348,"-22.9358","-43.1839"
420,420-VILA ISABEL X PRAIA DE BOTAFOGO (VIA TUNEL SANTA BARBARA) - CIRCULAR,Fetranspor,78,17744348,"-22.9358","-43.1839"
420,420-VILA ISABEL X PRAIA DE BOTAFOGO (VIA TUNEL SANTA BARBARA) - CIRCULAR,Fetranspor,79,17744348,"-22.9353","-43.1841"
420,420-VILA ISABEL X PRAIA DE BOTAFOGO (VIA TUNEL SANTA BARBARA) - CIRCULAR,Fetranspor,80,17744348,"-22.9349","-43.1842"
420,420-VILA ISABEL X PRAIA DE BOTAFOGO (VIA TUNEL SANTA BARBARA) - CIRCULAR,Fetranspor,81,17744348,"-22.9349","-43.1842"
420,420-VILA ISABEL X PRAIA DE BOTAFOGO (VIA TUNEL SANTA BARBARA) - CIRCULAR,Fetranspor,82,17744348,"-22.9349","-43.1842"
420,420-VILA ISABEL X PRAIA DE BOTAFOGO (VIA TUNEL SANTA BARBARA) - CIRCULAR,Fetranspor,83,17744348,"-22.9349","-43.1842"
420,420-VILA ISABEL X PRAIA DE BOTAFOGO (VIA TUNEL SANTA BARBARA) - CIRCULAR,Fetranspor,84,17744348,"-22.9348","-43.1842"
420,420-VILA ISABEL X PRAIA DE BOTAFOGO (VIA TUNEL SANTA BARBARA) - CIRCULAR,Fetranspor,85,17744348,"-22.9344","-43.1843"
420,420-VILA ISABEL X PRAIA DE BOTAFOGO (VIA TUNEL SANTA BARBARA) - CIRCULAR,Fetranspor,86,17744348,"-22.9344","-43.1843"
420,420-VILA ISABEL X PRAIA DE BOTAFOGO (VIA TUNEL SANTA BARBARA) - CIRCULAR,Fetranspor,87,17744348,"-22.9343","-43.1843"
420,420-VILA ISABEL X PRAIA DE BOTAFOGO (VIA TUNEL SANTA BARBARA) - CIRCULAR,Fetranspor,88,17744348,"-22.9343","-43.1843"
420,420-VILA ISABEL X PRAIA DE BOTAFOGO (VIA TUNEL SANTA BARBARA) - CIRCULAR,Fetranspor,89,17744348,"-22.9333","-43.1846"
420,420-VILA ISABEL X PRAIA DE BOTAFOGO (VIA TUNEL SANTA BARBARA) - CIRCULAR,Fetranspor,90,17744348,"-22.9333","-43.1846"
420,420-VILA ISABEL X PRAIA DE BOTAFOGO (VIA TUNEL SANTA BARBARA) - CIRCULAR,Fetranspor,91,17744348,"-22.933","-43.1847"
420,420-VILA ISABEL X PRAIA DE BOTAFOGO (VIA TUNEL SANTA BARBARA) - CIRCULAR,Fetranspor,92,17744348,"-22.933","-43.1847"
420,420-VILA ISABEL X PRAIA DE BOTAFOGO (VIA TUNEL SANTA BARBARA) - CIRCULAR,Fetranspor,93,17744348,"-22.9328","-43.1847"
420,420-VILA ISABEL X PRAIA DE BOTAFOGO (VIA TUNEL SANTA BARBARA) - CIRCULAR,Fetranspor,94,17744348,"-22.9326","-43.1849"
420,420-VILA ISABEL X PRAIA DE BOTAFOGO (VIA TUNEL SANTA BARBARA) - CIRCULAR,Fetranspor,95,17744348,"-22.9326","-43.1849"
420,420-VILA ISABEL X PRAIA DE BOTAFOGO (VIA TUNEL SANTA BARBARA) - CIRCULAR,Fetranspor,96,17744348,"-22.9317","-43.1853"
420,420-VILA ISABEL X PRAIA DE BOTAFOGO (VIA TUNEL SANTA BARBARA) - CIRCULAR,Fetranspor,97,17744348,"-22.9316","-43.1854"
420,420-VILA ISABEL X PRAIA DE BOTAFOGO (VIA TUNEL SANTA BARBARA) - CIRCULAR,Fetranspor,98,17744348,"-22.9314","-43.1855"
420,420-VILA ISABEL X PRAIA DE BOTAFOGO (VIA TUNEL SANTA BARBARA) - CIRCULAR,Fetranspor,99,17744348,"-22.9312","-43.1856"
420,420-VILA ISABEL X PRAIA DE BOTAFOGO (VIA TUNEL SANTA BARBARA) - CIRCULAR,Fetranspor,100,17744348,"-22.9312","-43.1856"
420,420-VILA ISABEL X PRAIA DE BOTAFOGO (VIA TUNEL SANTA BARBARA) - CIRCULAR,Fetranspor,101,17744348,"-22.931","-43.1858"
420,420-VILA ISABEL X PRAIA DE BOTAFOGO (VIA TUNEL SANTA BARBARA) - CIRCULAR,Fetranspor,102,17744348,"-22.9305","-43.1862"
420,420-VILA ISABEL X PRAIA DE BOTAFOGO (VIA TUNEL SANTA BARBARA) - CIRCULAR,Fetranspor,103,17744348,"-22.9305","-43.1862"
420,420-VILA ISABEL X PRAIA DE BOTAFOGO (VIA TUNEL SANTA BARBARA) - CIRCULAR,Fetranspor,104,17744348,"-22.9297","-43.1868"
420,420-VILA ISABEL X PRAIA DE BOTAFOGO (VIA TUNEL SANTA BARBARA) - CIRCULAR,Fetranspor,105,17744348,"-22.9255","-43.19"
420,420-VILA ISABEL X PRAIA DE BOTAFOGO (VIA TUNEL SANTA BARBARA) - CIRCULAR,Fetranspor,106,17744348,"-22.9254","-43.1901"
420,420-VILA ISABEL X PRAIA DE BOTAFOGO (VIA TUNEL SANTA BARBARA) - CIRCULAR,Fetranspor,107,17744348,"-22.9248","-43.1906"
420,420-VILA ISABEL X PRAIA DE BOTAFOGO (VIA TUNEL SANTA BARBARA) - CIRCULAR,Fetranspor,108,17744348,"-22.9245","-43.1908"
420,420-VILA ISABEL X PRAIA DE BOTAFOGO (VIA TUNEL SANTA BARBARA) - CIRCULAR,Fetranspor,109,17744348,"-22.9236","-43.1915"
420,420-VILA ISABEL X PRAIA DE BOTAFOGO (VIA TUNEL SANTA BARBARA) - CIRCULAR,Fetranspor,110,17744348,"-22.9231","-43.1919"
420,420-VILA ISABEL X PRAIA DE BOTAFOGO (VIA TUNEL SANTA BARBARA) - CIRCULAR,Fetranspor,111,17744348,"-22.9226","-43.1923"
420,420-VILA ISABEL X PRAIA DE BOTAFOGO (VIA TUNEL SANTA BARBARA) - CIRCULAR,Fetranspor,112,17744348,"-22.9219","-43.1928"
420,420-VILA ISABEL X PRAIA DE BOTAFOGO (VIA TUNEL SANTA BARBARA) - CIRCULAR,Fetranspor,113,17744348,"-22.9216","-43.1931"
420,420-VILA ISABEL X PRAIA DE BOTAFOGO (VIA TUNEL SANTA BARBARA) - CIRCULAR,Fetranspor,114,17744348,"-22.9213","-43.1933"
420,420-VILA ISABEL X PRAIA DE BOTAFOGO (VIA TUNEL SANTA BARBARA) - CIRCULAR,Fetranspor,115,17744348,"-22.9211","-43.1934"
420,420-VILA ISABEL X PRAIA DE BOTAFOGO (VIA TUNEL SANTA BARBARA) - CIRCULAR,Fetranspor,116,17744348,"-22.921","-43.1934"
420,420-VILA ISABEL X PRAIA DE BOTAFOGO (VIA TUNEL SANTA BARBARA) - CIRCULAR,Fetranspor,117,17744348,"-22.9208","-43.1935"
420,420-VILA ISABEL X PRAIA DE BOTAFOGO (VIA TUNEL SANTA BARBARA) - CIRCULAR,Fetranspor,118,17744348,"-22.9205","-43.1938"
420,420-VILA ISABEL X PRAIA DE BOTAFOGO (VIA TUNEL SANTA BARBARA) - CIRCULAR,Fetranspor,119,17744348,"-22.9204","-43.1938"
420,420-VILA ISABEL X PRAIA DE BOTAFOGO (VIA TUNEL SANTA BARBARA) - CIRCULAR,Fetranspor,120,17744348,"-22.9204","-43.1938"
420,420-VILA ISABEL X PRAIA DE BOTAFOGO (VIA TUNEL SANTA BARBARA) - CIRCULAR,Fetranspor,121,17744348,"-22.9204","-43.1939"
420,420-VILA ISABEL X PRAIA DE BOTAFOGO (VIA TUNEL SANTA BARBARA) - CIRCULAR,Fetranspor,122,17744348,"-22.9204","-43.1939"
420,420-VILA ISABEL X PRAIA DE BOTAFOGO (VIA TUNEL SANTA BARBARA) - CIRCULAR,Fetranspor,123,17744348,"-22.9202","-43.1939"
420,420-VILA ISABEL X PRAIA DE BOTAFOGO (VIA TUNEL SANTA BARBARA) - CIRCULAR,Fetranspor,124,17744348,"-22.92","-43.194"
420,420-VILA ISABEL X PRAIA DE BOTAFOGO (VIA TUNEL SANTA BARBARA) - CIRCULAR,Fetranspor,125,17744348,"-22.92","-43.194"
420,420-VILA ISABEL X PRAIA DE BOTAFOGO (VIA TUNEL SANTA BARBARA) - CIRCULAR,Fetranspor,126,17744348,"-22.9196","-43.1941"
420,420-VILA ISABEL X PRAIA DE BOTAFOGO (VIA TUNEL SANTA BARBARA) - CIRCULAR,Fetranspor,127,17744348,"-22.9196","-43.1941"
420,420-VILA ISABEL X PRAIA DE BOTAFOGO (VIA TUNEL SANTA BARBARA) - CIRCULAR,Fetranspor,128,17744348,"-22.9191","-43.1942"
420,420-VILA ISABEL X PRAIA DE BOTAFOGO (VIA TUNEL SANTA BARBARA) - CIRCULAR,Fetranspor,129,17744348,"-22.9191","-43.1942"
420,420-VILA ISABEL X PRAIA DE BOTAFOGO (VIA TUNEL SANTA BARBARA) - CIRCULAR,Fetranspor,130,17744348,"-22.9189","-43.1943"
420,420-VILA ISABEL X PRAIA DE BOTAFOGO (VIA TUNEL SANTA BARBARA) - CIRCULAR,Fetranspor,131,17744348,"-22.9187","-43.1943"
420,420-VILA ISABEL X PRAIA DE BOTAFOGO (VIA TUNEL SANTA BARBARA) - CIRCULAR,Fetranspor,132,17744348,"-22.9185","-43.1943"
420,420-VILA ISABEL X PRAIA DE BOTAFOGO (VIA TUNEL SANTA BARBARA) - CIRCULAR,Fetranspor,133,17744348,"-22.9184","-43.1943"
420,420-VILA ISABEL X PRAIA DE BOTAFOGO (VIA TUNEL SANTA BARBARA) - CIRCULAR,Fetranspor,134,17744348,"-22.9184","-43.1943"
420,420-VILA ISABEL X PRAIA DE BOTAFOGO (VIA TUNEL SANTA BARBARA) - CIRCULAR,Fetranspor,135,17744348,"-22.9183","-43.1943"
420,420-VILA ISABEL X PRAIA DE BOTAFOGO (VIA TUNEL SANTA BARBARA) - CIRCULAR,Fetranspor,136,17744348,"-22.9181","-43.1942"
420,420-VILA ISABEL X PRAIA DE BOTAFOGO (VIA TUNEL SANTA BARBARA) - CIRCULAR,Fetranspor,137,17744348,"-22.9181","-43.1942"
420,420-VILA ISABEL X PRAIA DE BOTAFOGO (VIA TUNEL SANTA BARBARA) - CIRCULAR,Fetranspor,138,17744348,"-22.9176","-43.1941"
420,420-VILA ISABEL X PRAIA DE BOTAFOGO (VIA TUNEL SANTA BARBARA) - CIRCULAR,Fetranspor,139,17744348,"-22.9176","-43.1941"
420,420-VILA ISABEL X PRAIA DE BOTAFOGO (VIA TUNEL SANTA BARBARA) - CIRCULAR,Fetranspor,140,17744348,"-22.9172","-43.1941"
420,420-VILA ISABEL X PRAIA DE BOTAFOGO (VIA TUNEL SANTA BARBARA) - CIRCULAR,Fetranspor,141,17744348,"-22.9172","-43.1941"
420,420-VILA ISABEL X PRAIA DE BOTAFOGO (VIA TUNEL SANTA BARBARA) - CIRCULAR,Fetranspor,142,17744348,"-22.9169","-43.194"
420,420-VILA ISABEL X PRAIA DE BOTAFOGO (VIA TUNEL SANTA BARBARA) - CIRCULAR,Fetranspor,143,17744348,"-22.9163","-43.1939"
420,420-VILA ISABEL X PRAIA DE BOTAFOGO (VIA TUNEL SANTA BARBARA) - CIRCULAR,Fetranspor,144,17744348,"-22.9163","-43.1939"
420,420-VILA ISABEL X PRAIA DE BOTAFOGO (VIA TUNEL SANTA BARBARA) - CIRCULAR,Fetranspor,145,17744348,"-22.9162","-43.1939"
420,420-VILA ISABEL X PRAIA DE BOTAFOGO (VIA TUNEL SANTA BARBARA) - CIRCULAR,Fetranspor,146,17744348,"-22.916","-43.1939"
420,420-VILA ISABEL X PRAIA DE BOTAFOGO (VIA TUNEL SANTA BARBARA) - CIRCULAR,Fetranspor,147,17744348,"-22.9159","-43.1939"
420,420-VILA ISABEL X PRAIA DE BOTAFOGO (VIA TUNEL SANTA BARBARA) - CIRCULAR,Fetranspor,148,17744348,"-22.9157","-43.1939"
420,420-VILA ISABEL X PRAIA DE BOTAFOGO (VIA TUNEL SANTA BARBARA) - CIRCULAR,Fetranspor,149,17744348,"-22.9156","-43.1939"
420,420-VILA ISABEL X PRAIA DE BOTAFOGO (VIA TUNEL SANTA BARBARA) - CIRCULAR,Fetranspor,150,17744348,"-22.9154","-43.1939"
420,420-VILA ISABEL X PRAIA DE BOTAFOGO (VIA TUNEL SANTA BARBARA) - CIRCULAR,Fetranspor,151,17744348,"-22.9153","-43.194"
420,420-VILA ISABEL X PRAIA DE BOTAFOGO (VIA TUNEL SANTA BARBARA) - CIRCULAR,Fetranspor,152,17744348,"-22.9152","-43.194"
420,420-VILA ISABEL X PRAIA DE BOTAFOGO (VIA TUNEL SANTA BARBARA) - CIRCULAR,Fetranspor,153,17744348,"-22.915","-43.1941"
420,420-VILA ISABEL X PRAIA DE BOTAFOGO (VIA TUNEL SANTA BARBARA) - CIRCULAR,Fetranspor,154,17744348,"-22.915","-43.1941"
420,420-VILA ISABEL X PRAIA DE BOTAFOGO (VIA TUNEL SANTA BARBARA) - CIRCULAR,Fetranspor,155,17744348,"-22.915","-43.1942"
420,420-VILA ISABEL X PRAIA DE BOTAFOGO (VIA TUNEL SANTA BARBARA) - CIRCULAR,Fetranspor,156,17744348,"-22.915","-43.1943"
420,420-VILA ISABEL X PRAIA DE BOTAFOGO (VIA TUNEL SANTA BARBARA) - CIRCULAR,Fetranspor,157,17744348,"-22.9149","-43.1944"
420,420-VILA ISABEL X PRAIA DE BOTAFOGO (VIA TUNEL SANTA BARBARA) - CIRCULAR,Fetranspor,158,17744348,"-22.915","-43.1945"
420,420-VILA ISABEL X PRAIA DE BOTAFOGO (VIA TUNEL SANTA BARBARA) - CIRCULAR,Fetranspor,159,17744348,"-22.915","-43.1946"
420,420-VILA ISABEL X PRAIA DE BOTAFOGO (VIA TUNEL SANTA BARBARA) - CIRCULAR,Fetranspor,160,17744348,"-22.915","-43.1947"
420,420-VILA ISABEL X PRAIA DE BOTAFOGO (VIA TUNEL SANTA BARBARA) - CIRCULAR,Fetranspor,161,17744348,"-22.9151","-43.1947"
420,420-VILA ISABEL X PRAIA DE BOTAFOGO (VIA TUNEL SANTA BARBARA) - CIRCULAR,Fetranspor,162,17744348,"-22.9152","-43.1948"
420,420-VILA ISABEL X PRAIA DE BOTAFOGO (VIA TUNEL SANTA BARBARA) - CIRCULAR,Fetranspor,163,17744348,"-22.9153","-43.1948"
420,420-VILA ISABEL X PRAIA DE BOTAFOGO (VIA TUNEL SANTA BARBARA) - CIRCULAR,Fetranspor,164,17744348,"-22.9153","-43.1948"
420,420-VILA ISABEL X PRAIA DE BOTAFOGO (VIA TUNEL SANTA BARBARA) - CIRCULAR,Fetranspor,165,17744348,"-22.9155","-43.1947"
420,420-VILA ISABEL X PRAIA DE BOTAFOGO (VIA TUNEL SANTA BARBARA) - CIRCULAR,Fetranspor,166,17744348,"-22.9158","-43.1946"
420,420-VILA ISABEL X PRAIA DE BOTAFOGO (VIA TUNEL SANTA BARBARA) - CIRCULAR,Fetranspor,167,17744348,"-22.916","-43.1945"
420,420-VILA ISABEL X PRAIA DE BOTAFOGO (VIA TUNEL SANTA BARBARA) - CIRCULAR,Fetranspor,168,17744348,"-22.9163","-43.1945"
420,420-VILA ISABEL X PRAIA DE BOTAFOGO (VIA TUNEL SANTA BARBARA) - CIRCULAR,Fetranspor,169,17744348,"-22.9165","-43.1944"
420,420-VILA ISABEL X PRAIA DE BOTAFOGO (VIA TUNEL SANTA BARBARA) - CIRCULAR,Fetranspor,170,17744348,"-22.9168","-43.1944"
420,420-VILA ISABEL X PRAIA DE BOTAFOGO (VIA TUNEL SANTA BARBARA) - CIRCULAR,Fetranspor,171,17744348,"-22.9168","-43.1944"
420,420-VILA ISABEL X PRAIA DE BOTAFOGO (VIA TUNEL SANTA BARBARA) - CIRCULAR,Fetranspor,172,17744348,"-22.9169","-43.1945"
420,420-VILA ISABEL X PRAIA DE BOTAFOGO (VIA TUNEL SANTA BARBARA) - CIRCULAR,Fetranspor,173,17744348,"-22.9169","-43.1946"
420,420-VILA ISABEL X PRAIA DE BOTAFOGO (VIA TUNEL SANTA BARBARA) - CIRCULAR,Fetranspor,174,17744348,"-22.917","-43.1947"
420,420-VILA ISABEL X PRAIA DE BOTAFOGO (VIA TUNEL SANTA BARBARA) - CIRCULAR,Fetranspor,175,17744348,"-22.917","-43.1948"
420,420-VILA ISABEL X PRAIA DE BOTAFOGO (VIA TUNEL SANTA BARBARA) - CIRCULAR,Fetranspor,176,17744348,"-22.917","-43.1948"
420,420-VILA ISABEL X PRAIA DE BOTAFOGO (VIA TUNEL SANTA BARBARA) - CIRCULAR,Fetranspor,177,17744348,"-22.917","-43.1949"
420,420-VILA ISABEL X PRAIA DE BOTAFOGO (VIA TUNEL SANTA BARBARA) - CIRCULAR,Fetranspor,178,17744348,"-22.9169","-43.195"
420,420-VILA ISABEL X PRAIA DE BOTAFOGO (VIA TUNEL SANTA BARBARA) - CIRCULAR,Fetranspor,179,17744348,"-22.9168","-43.1952"
420,420-VILA ISABEL X PRAIA DE BOTAFOGO (VIA TUNEL SANTA BARBARA) - CIRCULAR,Fetranspor,180,17744348,"-22.9168","-43.1952"
420,420-VILA ISABEL X PRAIA DE BOTAFOGO (VIA TUNEL SANTA BARBARA) - CIRCULAR,Fetranspor,181,17744348,"-22.9166","-43.1953"
420,420-VILA ISABEL X PRAIA DE BOTAFOGO (VIA TUNEL SANTA BARBARA) - CIRCULAR,Fetranspor,182,17744348,"-22.9162","-43.1954"
420,420-VILA ISABEL X PRAIA DE BOTAFOGO (VIA TUNEL SANTA BARBARA) - CIRCULAR,Fetranspor,183,17744348,"-22.9162","-43.1954"
420,420-VILA ISABEL X PRAIA DE BOTAFOGO (VIA TUNEL SANTA BARBARA) - CIRCULAR,Fetranspor,184,17744348,"-22.9158","-43.1956"
420,420-VILA ISABEL X PRAIA DE BOTAFOGO (VIA TUNEL SANTA BARBARA) - CIRCULAR,Fetranspor,185,17744348,"-22.9156","-43.1957"
420,420-VILA ISABEL X PRAIA DE BOTAFOGO (VIA TUNEL SANTA BARBARA) - CIRCULAR,Fetranspor,186,17744348,"-22.9156","-43.1957"
420,420-VILA ISABEL X PRAIA DE BOTAFOGO (VIA TUNEL SANTA BARBARA) - CIRCULAR,Fetranspor,187,17744348,"-22.915","-43.1959"
420,420-VILA ISABEL X PRAIA DE BOTAFOGO (VIA TUNEL SANTA BARBARA) - CIRCULAR,Fetranspor,188,17744348,"-22.915","-43.1959"
420,420-VILA ISABEL X PRAIA DE BOTAFOGO (VIA TUNEL SANTA BARBARA) - CIRCULAR,Fetranspor,189,17744348,"-22.9149","-43.196"
420,420-VILA ISABEL X PRAIA DE BOTAFOGO (VIA TUNEL SANTA BARBARA) - CIRCULAR,Fetranspor,190,17744348,"-22.9149","-43.196"
420,420-VILA ISABEL X PRAIA DE BOTAFOGO (VIA TUNEL SANTA BARBARA) - CIRCULAR,Fetranspor,191,17744348,"-22.9141","-43.1961"
420,420-VILA ISABEL X PRAIA DE BOTAFOGO (VIA TUNEL SANTA BARBARA) - CIRCULAR,Fetranspor,192,17744348,"-22.9141","-43.1961"
420,420-VILA ISABEL X PRAIA DE BOTAFOGO (VIA TUNEL SANTA BARBARA) - CIRCULAR,Fetranspor,193,17744348,"-22.914","-43.1957"
420,420-VILA ISABEL X PRAIA DE BOTAFOGO (VIA TUNEL SANTA BARBARA) - CIRCULAR,Fetranspor,194,17744348,"-22.914","-43.1957"
420,420-VILA ISABEL X PRAIA DE BOTAFOGO (VIA TUNEL SANTA BARBARA) - CIRCULAR,Fetranspor,195,17744348,"-22.9139","-43.1956"
420,420-VILA ISABEL X PRAIA DE BOTAFOGO (VIA TUNEL SANTA BARBARA) - CIRCULAR,Fetranspor,196,17744348,"-22.9138","-43.1955"
420,420-VILA ISABEL X PRAIA DE BOTAFOGO (VIA TUNEL SANTA BARBARA) - CIRCULAR,Fetranspor,197,17744348,"-22.9137","-43.1954"
420,420-VILA ISABEL X PRAIA DE BOTAFOGO (VIA TUNEL SANTA BARBARA) - CIRCULAR,Fetranspor,198,17744348,"-22.9136","-43.1954"
420,420-VILA ISABEL X PRAIA DE BOTAFOGO (VIA TUNEL SANTA BARBARA) - CIRCULAR,Fetranspor,199,17744348,"-22.9134","-43.1954"
420,420-VILA ISABEL X PRAIA DE BOTAFOGO (VIA TUNEL SANTA BARBARA) - CIRCULAR,Fetranspor,200,17744348,"-22.9134","-43.1954"
420,420-VILA ISABEL X PRAIA DE BOTAFOGO (VIA TUNEL SANTA BARBARA) - CIRCULAR,Fetranspor,201,17744348,"-22.9129","-43.1955"
420,420-VILA ISABEL X PRAIA DE BOTAFOGO (VIA TUNEL SANTA BARBARA) - CIRCULAR,Fetranspor,202,17744348,"-22.9129","-43.1955"
420,420-VILA ISABEL X PRAIA DE BOTAFOGO (VIA TUNEL SANTA BARBARA) - CIRCULAR,Fetranspor,203,17744348,"-22.9128","-43.1955"
420,420-VILA ISABEL X PRAIA DE BOTAFOGO (VIA TUNEL SANTA BARBARA) - CIRCULAR,Fetranspor,204,17744348,"-22.9127","-43.1954"
420,420-VILA ISABEL X PRAIA DE BOTAFOGO (VIA TUNEL SANTA BARBARA) - CIRCULAR,Fetranspor,205,17744348,"-22.9126","-43.1954"
420,420-VILA ISABEL X PRAIA DE BOTAFOGO (VIA TUNEL SANTA BARBARA) - CIRCULAR,Fetranspor,206,17744348,"-22.9125","-43.1954"
420,420-VILA ISABEL X PRAIA DE BOTAFOGO (VIA TUNEL SANTA BARBARA) - CIRCULAR,Fetranspor,207,17744348,"-22.9123","-43.1953"
420,420-VILA ISABEL X PRAIA DE BOTAFOGO (VIA TUNEL SANTA BARBARA) - CIRCULAR,Fetranspor,208,17744348,"-22.9123","-43.1953"
420,420-VILA ISABEL X PRAIA DE BOTAFOGO (VIA TUNEL SANTA BARBARA) - CIRCULAR,Fetranspor,209,17744348,"-22.9121","-43.1952"
420,420-VILA ISABEL X PRAIA DE BOTAFOGO (VIA TUNEL SANTA BARBARA) - CIRCULAR,Fetranspor,210,17744348,"-22.9121","-43.1952"
420,420-VILA ISABEL X PRAIA DE BOTAFOGO (VIA TUNEL SANTA BARBARA) - CIRCULAR,Fetranspor,211,17744348,"-22.9119","-43.1953"
420,420-VILA ISABEL X PRAIA DE BOTAFOGO (VIA TUNEL SANTA BARBARA) - CIRCULAR,Fetranspor,212,17744348,"-22.9119","-43.1953"
420,420-VILA ISABEL X PRAIA DE BOTAFOGO (VIA TUNEL SANTA BARBARA) - CIRCULAR,Fetranspor,213,17744348,"-22.9119","-43.1953"
420,420-VILA ISABEL X PRAIA DE BOTAFOGO (VIA TUNEL SANTA BARBARA) - CIRCULAR,Fetranspor,214,17744348,"-22.9118","-43.1953"
420,420-VILA ISABEL X PRAIA DE BOTAFOGO (VIA TUNEL SANTA BARBARA) - CIRCULAR,Fetranspor,215,17744348,"-22.9117","-43.1954"
420,420-VILA ISABEL X PRAIA DE BOTAFOGO (VIA TUNEL SANTA BARBARA) - CIRCULAR,Fetranspor,216,17744348,"-22.9117","-43.1955"
420,420-VILA ISABEL X PRAIA DE BOTAFOGO (VIA TUNEL SANTA BARBARA) - CIRCULAR,Fetranspor,217,17744348,"-22.9117","-43.1956"
420,420-VILA ISABEL X PRAIA DE BOTAFOGO (VIA TUNEL SANTA BARBARA) - CIRCULAR,Fetranspor,218,17744348,"-22.9117","-43.1956"
420,420-VILA ISABEL X PRAIA DE BOTAFOGO (VIA TUNEL SANTA BARBARA) - CIRCULAR,Fetranspor,219,17744348,"-22.9117","-43.1957"
420,420-VILA ISABEL X PRAIA DE BOTAFOGO (VIA TUNEL SANTA BARBARA) - CIRCULAR,Fetranspor,220,17744348,"-22.9117","-43.1958"
420,420-VILA ISABEL X PRAIA DE BOTAFOGO (VIA TUNEL SANTA BARBARA) - CIRCULAR,Fetranspor,221,17744348,"-22.9118","-43.1963"
420,420-VILA ISABEL X PRAIA DE BOTAFOGO (VIA TUNEL SANTA BARBARA) - CIRCULAR,Fetranspor,222,17744348,"-22.9118","-43.1963"
420,420-VILA ISABEL X PRAIA DE BOTAFOGO (VIA TUNEL SANTA BARBARA) - CIRCULAR,Fetranspor,223,17744348,"-22.9118","-43.1967"
420,420-VILA ISABEL X PRAIA DE BOTAFOGO (VIA TUNEL SANTA BARBARA) - CIRCULAR,Fetranspor,224,17744348,"-22.9118","-43.1967"
420,420-VILA ISABEL X PRAIA DE BOTAFOGO (VIA TUNEL SANTA BARBARA) - CIRCULAR,Fetranspor,225,17744348,"-22.9119","-43.197"
420,420-VILA ISABEL X PRAIA DE BOTAFOGO (VIA TUNEL SANTA BARBARA) - CIRCULAR,Fetranspor,226,17744348,"-22.9119","-43.197"
420,420-VILA ISABEL X PRAIA DE BOTAFOGO (VIA TUNEL SANTA BARBARA) - CIRCULAR,Fetranspor,227,17744348,"-22.912","-43.1975"
420,420-VILA ISABEL X PRAIA DE BOTAFOGO (VIA TUNEL SANTA BARBARA) - CIRCULAR,Fetranspor,228,17744348,"-22.912","-43.1975"
420,420-VILA ISABEL X PRAIA DE BOTAFOGO (VIA TUNEL SANTA BARBARA) - CIRCULAR,Fetranspor,229,17744348,"-22.9121","-43.1979"
420,420-VILA ISABEL X PRAIA DE BOTAFOGO (VIA TUNEL SANTA BARBARA) - CIRCULAR,Fetranspor,230,17744348,"-22.9121","-43.1979"
420,420-VILA ISABEL X PRAIA DE BOTAFOGO (VIA TUNEL SANTA BARBARA) - CIRCULAR,Fetranspor,231,17744348,"-22.9122","-43.1983"
420,420-VILA ISABEL X PRAIA DE BOTAFOGO (VIA TUNEL SANTA BARBARA) - CIRCULAR,Fetranspor,232,17744348,"-22.9122","-43.1983"
420,420-VILA ISABEL X PRAIA DE BOTAFOGO (VIA TUNEL SANTA BARBARA) - CIRCULAR,Fetranspor,233,17744348,"-22.9123","-43.1988"
420,420-VILA ISABEL X PRAIA DE BOTAFOGO (VIA TUNEL SANTA BARBARA) - CIRCULAR,Fetranspor,234,17744348,"-22.9123","-43.1988"
420,420-VILA ISABEL X PRAIA DE BOTAFOGO (VIA TUNEL SANTA BARBARA) - CIRCULAR,Fetranspor,235,17744348,"-22.9124","-43.1994"
420,420-VILA ISABEL X PRAIA DE BOTAFOGO (VIA TUNEL SANTA BARBARA) - CIRCULAR,Fetranspor,236,17744348,"-22.9124","-43.1994"
420,420-VILA ISABEL X PRAIA DE BOTAFOGO (VIA TUNEL SANTA BARBARA) - CIRCULAR,Fetranspor,237,17744348,"-22.9125","-43.2001"
420,420-VILA ISABEL X PRAIA DE BOTAFOGO (VIA TUNEL SANTA BARBARA) - CIRCULAR,Fetranspor,238,17744348,"-22.9125","-43.2001"
420,420-VILA ISABEL X PRAIA DE BOTAFOGO (VIA TUNEL SANTA BARBARA) - CIRCULAR,Fetranspor,239,17744348,"-22.9126","-43.2008"
420,420-VILA ISABEL X PRAIA DE BOTAFOGO (VIA TUNEL SANTA BARBARA) - CIRCULAR,Fetranspor,240,17744348,"-22.9126","-43.2008"
420,420-VILA ISABEL X PRAIA DE BOTAFOGO (VIA TUNEL SANTA BARBARA) - CIRCULAR,Fetranspor,241,17744348,"-22.9128","-43.2015"
420,420-VILA ISABEL X PRAIA DE BOTAFOGO (VIA TUNEL SANTA BARBARA) - CIRCULAR,Fetranspor,242,17744348,"-22.9129","-43.2024"
420,420-VILA ISABEL X PRAIA DE BOTAFOGO (VIA TUNEL SANTA BARBARA) - CIRCULAR,Fetranspor,243,17744348,"-22.9129","-43.2024"
420,420-VILA ISABEL X PRAIA DE BOTAFOGO (VIA TUNEL SANTA BARBARA) - CIRCULAR,Fetranspor,244,17744348,"-22.913","-43.2028"
420,420-VILA ISABEL X PRAIA DE BOTAFOGO (VIA TUNEL SANTA BARBARA) - CIRCULAR,Fetranspor,245,17744348,"-22.913","-43.203"
420,420-VILA ISABEL X PRAIA DE BOTAFOGO (VIA TUNEL SANTA BARBARA) - CIRCULAR,Fetranspor,246,17744348,"-22.913","-43.203"
420,420-VILA ISABEL X PRAIA DE BOTAFOGO (VIA TUNEL SANTA BARBARA) - CIRCULAR,Fetranspor,247,17744348,"-22.9131","-43.2031"
420,420-VILA ISABEL X PRAIA DE BOTAFOGO (VIA TUNEL SANTA BARBARA) - CIRCULAR,Fetranspor,248,17744348,"-22.9131","-43.2032"
420,420-VILA ISABEL X PRAIA DE BOTAFOGO (VIA TUNEL SANTA BARBARA) - CIRCULAR,Fetranspor,249,17744348,"-22.9132","-43.2034"
420,420-VILA ISABEL X PRAIA DE BOTAFOGO (VIA TUNEL SANTA BARBARA) - CIRCULAR,Fetranspor,250,17744348,"-22.9138","-43.2041"
420,420-VILA ISABEL X PRAIA DE BOTAFOGO (VIA TUNEL SANTA BARBARA) - CIRCULAR,Fetranspor,251,17744348,"-22.9138","-43.2041"
420,420-VILA ISABEL X PRAIA DE BOTAFOGO (VIA TUNEL SANTA BARBARA) - CIRCULAR,Fetranspor,252,17744348,"-22.9139","-43.2044"
420,420-VILA ISABEL X PRAIA DE BOTAFOGO (VIA TUNEL SANTA BARBARA) - CIRCULAR,Fetranspor,253,17744348,"-22.9139","-43.2047"
420,420-VILA ISABEL X PRAIA DE BOTAFOGO (VIA TUNEL SANTA BARBARA) - CIRCULAR,Fetranspor,254,17744348,"-22.9139","-43.2047"
420,420-VILA ISABEL X PRAIA DE BOTAFOGO (VIA TUNEL SANTA BARBARA) - CIRCULAR,Fetranspor,255,17744348,"-22.9144","-43.2065"
420,420-VILA ISABEL X PRAIA DE BOTAFOGO (VIA TUNEL SANTA BARBARA) - CIRCULAR,Fetranspor,256,17744348,"-22.9144","-43.2065"
420,420-VILA ISABEL X PRAIA DE BOTAFOGO (VIA TUNEL SANTA BARBARA) - CIRCULAR,Fetranspor,257,17744348,"-22.9144","-43.2066"
420,420-VILA ISABEL X PRAIA DE BOTAFOGO (VIA TUNEL SANTA BARBARA) - CIRCULAR,Fetranspor,258,17744348,"-22.9144","-43.2067"
420,420-VILA ISABEL X PRAIA DE BOTAFOGO (VIA TUNEL SANTA BARBARA) - CIRCULAR,Fetranspor,259,17744348,"-22.9144","-43.2068"
420,420-VILA ISABEL X PRAIA DE BOTAFOGO (VIA TUNEL SANTA BARBARA) - CIRCULAR,Fetranspor,260,17744348,"-22.9144","-43.2071"
420,420-VILA ISABEL X PRAIA DE BOTAFOGO (VIA TUNEL SANTA BARBARA) - CIRCULAR,Fetranspor,261,17744348,"-22.9143","-43.2072"
420,420-VILA ISABEL X PRAIA DE BOTAFOGO (VIA TUNEL SANTA BARBARA) - CIRCULAR,Fetranspor,262,17744348,"-22.9143","-43.2072"
420,420-VILA ISABEL X PRAIA DE BOTAFOGO (VIA TUNEL SANTA BARBARA) - CIRCULAR,Fetranspor,263,17744348,"-22.9143","-43.2075"
420,420-VILA ISABEL X PRAIA DE BOTAFOGO (VIA TUNEL SANTA BARBARA) - CIRCULAR,Fetranspor,264,17744348,"-22.9143","-43.2075"
420,420-VILA ISABEL X PRAIA DE BOTAFOGO (VIA TUNEL SANTA BARBARA) - CIRCULAR,Fetranspor,265,17744348,"-22.9145","-43.2076"
420,420-VILA ISABEL X PRAIA DE BOTAFOGO (VIA TUNEL SANTA BARBARA) - CIRCULAR,Fetranspor,266,17744348,"-22.9149","-43.2081"
420,420-VILA ISABEL X PRAIA DE BOTAFOGO (VIA TUNEL SANTA BARBARA) - CIRCULAR,Fetranspor,267,17744348,"-22.915","-43.2084"
420,420-VILA ISABEL X PRAIA DE BOTAFOGO (VIA TUNEL SANTA BARBARA) - CIRCULAR,Fetranspor,268,17744348,"-22.9152","-43.2087"
420,420-VILA ISABEL X PRAIA DE BOTAFOGO (VIA TUNEL SANTA BARBARA) - CIRCULAR,Fetranspor,269,17744348,"-22.9154","-43.2091"
420,420-VILA ISABEL X PRAIA DE BOTAFOGO (VIA TUNEL SANTA BARBARA) - CIRCULAR,Fetranspor,270,17744348,"-22.9155","-43.2094"
420,420-VILA ISABEL X PRAIA DE BOTAFOGO (VIA TUNEL SANTA BARBARA) - CIRCULAR,Fetranspor,271,17744348,"-22.9156","-43.21"
420,420-VILA ISABEL X PRAIA DE BOTAFOGO (VIA TUNEL SANTA BARBARA) - CIRCULAR,Fetranspor,272,17744348,"-22.9157","-43.2101"
420,420-VILA ISABEL X PRAIA DE BOTAFOGO (VIA TUNEL SANTA BARBARA) - CIRCULAR,Fetranspor,273,17744348,"-22.9157","-43.2101"
420,420-VILA ISABEL X PRAIA DE BOTAFOGO (VIA TUNEL SANTA BARBARA) - CIRCULAR,Fetranspor,274,17744348,"-22.9157","-43.2101"
420,420-VILA ISABEL X PRAIA DE BOTAFOGO (VIA TUNEL SANTA BARBARA) - CIRCULAR,Fetranspor,275,17744348,"-22.9157","-43.2102"
420,420-VILA ISABEL X PRAIA DE BOTAFOGO (VIA TUNEL SANTA BARBARA) - CIRCULAR,Fetranspor,276,17744348,"-22.9157","-43.2103"
420,420-VILA ISABEL X PRAIA DE BOTAFOGO (VIA TUNEL SANTA BARBARA) - CIRCULAR,Fetranspor,277,17744348,"-22.9157","-43.2103"
420,420-VILA ISABEL X PRAIA DE BOTAFOGO (VIA TUNEL SANTA BARBARA) - CIRCULAR,Fetranspor,278,17744348,"-22.9159","-43.2111"
420,420-VILA ISABEL X PRAIA DE BOTAFOGO (VIA TUNEL SANTA BARBARA) - CIRCULAR,Fetranspor,279,17744348,"-22.9159","-43.2113"
420,420-VILA ISABEL X PRAIA DE BOTAFOGO (VIA TUNEL SANTA BARBARA) - CIRCULAR,Fetranspor,280,17744348,"-22.9159","-43.2113"
420,420-VILA ISABEL X PRAIA DE BOTAFOGO (VIA TUNEL SANTA BARBARA) - CIRCULAR,Fetranspor,281,17744348,"-22.9159","-43.2113"
420,420-VILA ISABEL X PRAIA DE BOTAFOGO (VIA TUNEL SANTA BARBARA) - CIRCULAR,Fetranspor,282,17744348,"-22.9162","-43.2121"
420,420-VILA ISABEL X PRAIA DE BOTAFOGO (VIA TUNEL SANTA BARBARA) - CIRCULAR,Fetranspor,283,17744348,"-22.9162","-43.2123"
420,420-VILA ISABEL X PRAIA DE BOTAFOGO (VIA TUNEL SANTA BARBARA) - CIRCULAR,Fetranspor,284,17744348,"-22.9162","-43.2123"
420,420-VILA ISABEL X PRAIA DE BOTAFOGO (VIA TUNEL SANTA BARBARA) - CIRCULAR,Fetranspor,285,17744348,"-22.9165","-43.213"
420,420-VILA ISABEL X PRAIA DE BOTAFOGO (VIA TUNEL SANTA BARBARA) - CIRCULAR,Fetranspor,286,17744348,"-22.9165","-43.213"
420,420-VILA ISABEL X PRAIA DE BOTAFOGO (VIA TUNEL SANTA BARBARA) - CIRCULAR,Fetranspor,287,17744348,"-22.9167","-43.2135"
420,420-VILA ISABEL X PRAIA DE BOTAFOGO (VIA TUNEL SANTA BARBARA) - CIRCULAR,Fetranspor,288,17744348,"-22.9167","-43.2135"
420,420-VILA ISABEL X PRAIA DE BOTAFOGO (VIA TUNEL SANTA BARBARA) - CIRCULAR,Fetranspor,289,17744348,"-22.9171","-43.2146"
420,420-VILA ISABEL X PRAIA DE BOTAFOGO (VIA TUNEL SANTA BARBARA) - CIRCULAR,Fetranspor,290,17744348,"-22.9171","-43.2146"
420,420-VILA ISABEL X PRAIA DE BOTAFOGO (VIA TUNEL SANTA BARBARA) - CIRCULAR,Fetranspor,291,17744348,"-22.9173","-43.215"
420,420-VILA ISABEL X PRAIA DE BOTAFOGO (VIA TUNEL SANTA BARBARA) - CIRCULAR,Fetranspor,292,17744348,"-22.9173","-43.215"
420,420-VILA ISABEL X PRAIA DE BOTAFOGO (VIA TUNEL SANTA BARBARA) - CIRCULAR,Fetranspor,293,17744348,"-22.9174","-43.2154"
420,420-VILA ISABEL X PRAIA DE BOTAFOGO (VIA TUNEL SANTA BARBARA) - CIRCULAR,Fetranspor,294,17744348,"-22.9174","-43.2154"
420,420-VILA ISABEL X PRAIA DE BOTAFOGO (VIA TUNEL SANTA BARBARA) - CIRCULAR,Fetranspor,295,17744348,"-22.9175","-43.2156"
420,420-VILA ISABEL X PRAIA DE BOTAFOGO (VIA TUNEL SANTA BARBARA) - CIRCULAR,Fetranspor,296,17744348,"-22.9175","-43.2156"
420,420-VILA ISABEL X PRAIA DE BOTAFOGO (VIA TUNEL SANTA BARBARA) - CIRCULAR,Fetranspor,297,17744348,"-22.918","-43.2168"
420,420-VILA ISABEL X PRAIA DE BOTAFOGO (VIA TUNEL SANTA BARBARA) - CIRCULAR,Fetranspor,298,17744348,"-22.9181","-43.2169"
420,420-VILA ISABEL X PRAIA DE BOTAFOGO (VIA TUNEL SANTA BARBARA) - CIRCULAR,Fetranspor,299,17744348,"-22.9182","-43.2173"
420,420-VILA ISABEL X PRAIA DE BOTAFOGO (VIA TUNEL SANTA BARBARA) - CIRCULAR,Fetranspor,300,17744348,"-22.9182","-43.2173"
420,420-VILA ISABEL X PRAIA DE BOTAFOGO (VIA TUNEL SANTA BARBARA) - CIRCULAR,Fetranspor,301,17744348,"-22.9187","-43.2184"
420,420-VILA ISABEL X PRAIA DE BOTAFOGO (VIA TUNEL SANTA BARBARA) - CIRCULAR,Fetranspor,302,17744348,"-22.9187","-43.2184"
420,420-VILA ISABEL X PRAIA DE BOTAFOGO (VIA TUNEL SANTA BARBARA) - CIRCULAR,Fetranspor,303,17744348,"-22.919","-43.2192"
420,420-VILA ISABEL X PRAIA DE BOTAFOGO (VIA TUNEL SANTA BARBARA) - CIRCULAR,Fetranspor,304,17744348,"-22.9191","-43.2195"
420,420-VILA ISABEL X PRAIA DE BOTAFOGO (VIA TUNEL SANTA BARBARA) - CIRCULAR,Fetranspor,305,17744348,"-22.9191","-43.2195"
420,420-VILA ISABEL X PRAIA DE BOTAFOGO (VIA TUNEL SANTA BARBARA) - CIRCULAR,Fetranspor,306,17744348,"-22.9181","-43.2199"
420,420-VILA ISABEL X PRAIA DE BOTAFOGO (VIA TUNEL SANTA BARBARA) - CIRCULAR,Fetranspor,307,17744348,"-22.9181","-43.2199"
420,420-VILA ISABEL X PRAIA DE BOTAFOGO (VIA TUNEL SANTA BARBARA) - CIRCULAR,Fetranspor,308,17744348,"-22.918","-43.22"
420,420-VILA ISABEL X PRAIA DE BOTAFOGO (VIA TUNEL SANTA BARBARA) - CIRCULAR,Fetranspor,309,17744348,"-22.918","-43.22"
420,420-VILA ISABEL X PRAIA DE BOTAFOGO (VIA TUNEL SANTA BARBARA) - CIRCULAR,Fetranspor,310,17744348,"-22.9179","-43.2201"
420,420-VILA ISABEL X PRAIA DE BOTAFOGO (VIA TUNEL SANTA BARBARA) - CIRCULAR,Fetranspor,311,17744348,"-22.9179","-43.2201"
420,420-VILA ISABEL X PRAIA DE BOTAFOGO (VIA TUNEL SANTA BARBARA) - CIRCULAR,Fetranspor,312,17744348,"-22.9163","-43.2221"
420,420-VILA ISABEL X PRAIA DE BOTAFOGO (VIA TUNEL SANTA BARBARA) - CIRCULAR,Fetranspor,313,17744348,"-22.9163","-43.2221"
420,420-VILA ISABEL X PRAIA DE BOTAFOGO (VIA TUNEL SANTA BARBARA) - CIRCULAR,Fetranspor,314,17744348,"-22.9147","-43.2241"
420,420-VILA ISABEL X PRAIA DE BOTAFOGO (VIA TUNEL SANTA BARBARA) - CIRCULAR,Fetranspor,315,17744348,"-22.9147","-43.2241"
420,420-VILA ISABEL X PRAIA DE BOTAFOGO (VIA TUNEL SANTA BARBARA) - CIRCULAR,Fetranspor,316,17744348,"-22.9138","-43.2251"
420,420-VILA ISABEL X PRAIA DE BOTAFOGO (VIA TUNEL SANTA BARBARA) - CIRCULAR,Fetranspor,317,17744348,"-22.9138","-43.2251"
420,420-VILA ISABEL X PRAIA DE BOTAFOGO (VIA TUNEL SANTA BARBARA) - CIRCULAR,Fetranspor,318,17744348,"-22.9136","-43.2252"
420,420-VILA ISABEL X PRAIA DE BOTAFOGO (VIA TUNEL SANTA BARBARA) - CIRCULAR,Fetranspor,319,17744348,"-22.9136","-43.2252"
420,420-VILA ISABEL X PRAIA DE BOTAFOGO (VIA TUNEL SANTA BARBARA) - CIRCULAR,Fetranspor,320,17744348,"-22.9136","-43.2252"
420,420-VILA ISABEL X PRAIA DE BOTAFOGO (VIA TUNEL SANTA BARBARA) - CIRCULAR,Fetranspor,321,17744348,"-22.9135","-43.2252"
420,420-VILA ISABEL X PRAIA DE BOTAFOGO (VIA TUNEL SANTA BARBARA) - CIRCULAR,Fetranspor,322,17744348,"-22.9134","-43.2253"
420,420-VILA ISABEL X PRAIA DE BOTAFOGO (VIA TUNEL SANTA BARBARA) - CIRCULAR,Fetranspor,323,17744348,"-22.9133","-43.2253"
420,420-VILA ISABEL X PRAIA DE BOTAFOGO (VIA TUNEL SANTA BARBARA) - CIRCULAR,Fetranspor,324,17744348,"-22.9133","-43.2254"
420,420-VILA ISABEL X PRAIA DE BOTAFOGO (VIA TUNEL SANTA BARBARA) - CIRCULAR,Fetranspor,325,17744348,"-22.9133","-43.2254"
420,420-VILA ISABEL X PRAIA DE BOTAFOGO (VIA TUNEL SANTA BARBARA) - CIRCULAR,Fetranspor,326,17744348,"-22.9132","-43.2254"
420,420-VILA ISABEL X PRAIA DE BOTAFOGO (VIA TUNEL SANTA BARBARA) - CIRCULAR,Fetranspor,327,17744348,"-22.9126","-43.2261"
420,420-VILA ISABEL X PRAIA DE BOTAFOGO (VIA TUNEL SANTA BARBARA) - CIRCULAR,Fetranspor,328,17744348,"-22.9126","-43.2261"
420,420-VILA ISABEL X PRAIA DE BOTAFOGO (VIA TUNEL SANTA BARBARA) - CIRCULAR,Fetranspor,329,17744348,"-22.9126","-43.2262"
420,420-VILA ISABEL X PRAIA DE BOTAFOGO (VIA TUNEL SANTA BARBARA) - CIRCULAR,Fetranspor,330,17744348,"-22.9126","-43.2262"
420,420-VILA ISABEL X PRAIA DE BOTAFOGO (VIA TUNEL SANTA BARBARA) - CIRCULAR,Fetranspor,331,17744348,"-22.9124","-43.2264"
420,420-VILA ISABEL X PRAIA DE BOTAFOGO (VIA TUNEL SANTA BARBARA) - CIRCULAR,Fetranspor,332,17744348,"-22.9124","-43.2264"
420,420-VILA ISABEL X PRAIA DE BOTAFOGO (VIA TUNEL SANTA BARBARA) - CIRCULAR,Fetranspor,333,17744348,"-22.9123","-43.2265"
420,420-VILA ISABEL X PRAIA DE BOTAFOGO (VIA TUNEL SANTA BARBARA) - CIRCULAR,Fetranspor,334,17744348,"-22.9123","-43.2265"
420,420-VILA ISABEL X PRAIA DE BOTAFOGO (VIA TUNEL SANTA BARBARA) - CIRCULAR,Fetranspor,335,17744348,"-22.9122","-43.2266"
420,420-VILA ISABEL X PRAIA DE BOTAFOGO (VIA TUNEL SANTA BARBARA) - CIRCULAR,Fetranspor,336,17744348,"-22.9122","-43.2266"
420,420-VILA ISABEL X PRAIA DE BOTAFOGO (VIA TUNEL SANTA BARBARA) - CIRCULAR,Fetranspor,337,17744348,"-22.9131","-43.2273"
420,420-VILA ISABEL X PRAIA DE BOTAFOGO (VIA TUNEL SANTA BARBARA) - CIRCULAR,Fetranspor,338,17744348,"-22.9131","-43.2273"
420,420-VILA ISABEL X PRAIA DE BOTAFOGO (VIA TUNEL SANTA BARBARA) - CIRCULAR,Fetranspor,339,17744348,"-22.9139","-43.228"
420,420-VILA ISABEL X PRAIA DE BOTAFOGO (VIA TUNEL SANTA BARBARA) - CIRCULAR,Fetranspor,340,17744348,"-22.9142","-43.2282"
420,420-VILA ISABEL X PRAIA DE BOTAFOGO (VIA TUNEL SANTA BARBARA) - CIRCULAR,Fetranspor,341,17744348,"-22.9145","-43.2286"
420,420-VILA ISABEL X PRAIA DE BOTAFOGO (VIA TUNEL SANTA BARBARA) - CIRCULAR,Fetranspor,342,17744348,"-22.9146","-43.2286"
420,420-VILA ISABEL X PRAIA DE BOTAFOGO (VIA TUNEL SANTA BARBARA) - CIRCULAR,Fetranspor,343,17744348,"-22.9147","-43.2287"
420,420-VILA ISABEL X PRAIA DE BOTAFOGO (VIA TUNEL SANTA BARBARA) - CIRCULAR,Fetranspor,344,17744348,"-22.9151","-43.2291"
420,420-VILA ISABEL X PRAIA DE BOTAFOGO (VIA TUNEL SANTA BARBARA) - CIRCULAR,Fetranspor,345,17744348,"-22.9151","-43.2291"
420,420-VILA ISABEL X PRAIA DE BOTAFOGO (VIA TUNEL SANTA BARBARA) - CIRCULAR,Fetranspor,346,17744348,"-22.9159","-43.2298"
420,420-VILA ISABEL X PRAIA DE BOTAFOGO (VIA TUNEL SANTA BARBARA) - CIRCULAR,Fetranspor,347,17744348,"-22.916","-43.2298"
420,420-VILA ISABEL X PRAIA DE BOTAFOGO (VIA TUNEL SANTA BARBARA) - CIRCULAR,Fetranspor,348,17744348,"-22.9162","-43.2298"
420,420-VILA ISABEL X PRAIA DE BOTAFOGO (VIA TUNEL SANTA BARBARA) - CIRCULAR,Fetranspor,349,17744348,"-22.9162","-43.2298"
420,420-VILA ISABEL X PRAIA DE BOTAFOGO (VIA TUNEL SANTA BARBARA) - CIRCULAR,Fetranspor,350,17744348,"-22.9164","-43.23"
420,420-VILA ISABEL X PRAIA DE BOTAFOGO (VIA TUNEL SANTA BARBARA) - CIRCULAR,Fetranspor,351,17744348,"-22.9165","-43.23"
420,420-VILA ISABEL X PRAIA DE BOTAFOGO (VIA TUNEL SANTA BARBARA) - CIRCULAR,Fetranspor,352,17744348,"-22.9169","-43.2303"
420,420-VILA ISABEL X PRAIA DE BOTAFOGO (VIA TUNEL SANTA BARBARA) - CIRCULAR,Fetranspor,353,17744348,"-22.9169","-43.2303"
420,420-VILA ISABEL X PRAIA DE BOTAFOGO (VIA TUNEL SANTA BARBARA) - CIRCULAR,Fetranspor,354,17744348,"-22.9172","-43.2307"
420,420-VILA ISABEL X PRAIA DE BOTAFOGO (VIA TUNEL SANTA BARBARA) - CIRCULAR,Fetranspor,355,17744348,"-22.9172","-43.2307"
420,420-VILA ISABEL X PRAIA DE BOTAFOGO (VIA TUNEL SANTA BARBARA) - CIRCULAR,Fetranspor,356,17744348,"-22.9173","-43.2308"
420,420-VILA ISABEL X PRAIA DE BOTAFOGO (VIA TUNEL SANTA BARBARA) - CIRCULAR,Fetranspor,357,17744348,"-22.9178","-43.2313"
420,420-VILA ISABEL X PRAIA DE BOTAFOGO (VIA TUNEL SANTA BARBARA) - CIRCULAR,Fetranspor,358,17744348,"-22.9178","-43.2313"
420,420-VILA ISABEL X PRAIA DE BOTAFOGO (VIA TUNEL SANTA BARBARA) - CIRCULAR,Fetranspor,359,17744348,"-22.9181","-43.2318"
420,420-VILA ISABEL X PRAIA DE BOTAFOGO (VIA TUNEL SANTA BARBARA) - CIRCULAR,Fetranspor,360,17744348,"-22.9181","-43.2318"
420,420-VILA ISABEL X PRAIA DE BOTAFOGO (VIA TUNEL SANTA BARBARA) - CIRCULAR,Fetranspor,361,17744348,"-22.9182","-43.2321"
420,420-VILA ISABEL X PRAIA DE BOTAFOGO (VIA TUNEL SANTA BARBARA) - CIRCULAR,Fetranspor,362,17744348,"-22.9183","-43.2323"
420,420-VILA ISABEL X PRAIA DE BOTAFOGO (VIA TUNEL SANTA BARBARA) - CIRCULAR,Fetranspor,363,17744348,"-22.9183","-43.2323"
420,420-VILA ISABEL X PRAIA DE BOTAFOGO (VIA TUNEL SANTA BARBARA) - CIRCULAR,Fetranspor,364,17744348,"-22.9184","-43.2324"
420,420-VILA ISABEL X PRAIA DE BOTAFOGO (VIA TUNEL SANTA BARBARA) - CIRCULAR,Fetranspor,365,17744348,"-22.9188","-43.2328"
420,420-VILA ISABEL X PRAIA DE BOTAFOGO (VIA TUNEL SANTA BARBARA) - CIRCULAR,Fetranspor,366,17744348,"-22.9189","-43.233"
420,420-VILA ISABEL X PRAIA DE BOTAFOGO (VIA TUNEL SANTA BARBARA) - CIRCULAR,Fetranspor,367,17744348,"-22.9191","-43.2333"
420,420-VILA ISABEL X PRAIA DE BOTAFOGO (VIA TUNEL SANTA BARBARA) - CIRCULAR,Fetranspor,368,17744348,"-22.9192","-43.2334"
420,420-VILA ISABEL X PRAIA DE BOTAFOGO (VIA TUNEL SANTA BARBARA) - CIRCULAR,Fetranspor,369,17744348,"-22.9192","-43.2336"
420,420-VILA ISABEL X PRAIA DE BOTAFOGO (VIA TUNEL SANTA BARBARA) - CIRCULAR,Fetranspor,370,17744348,"-22.9192","-43.2336"
420,420-VILA ISABEL X PRAIA DE BOTAFOGO (VIA TUNEL SANTA BARBARA) - CIRCULAR,Fetranspor,371,17744348,"-22.9193","-43.2339"
420,420-VILA ISABEL X PRAIA DE BOTAFOGO (VIA TUNEL SANTA BARBARA) - CIRCULAR,Fetranspor,372,17744348,"-22.9193","-43.2339"
420,420-VILA ISABEL X PRAIA DE BOTAFOGO (VIA TUNEL SANTA BARBARA) - CIRCULAR,Fetranspor,373,17744348,"-22.9194","-43.2341"
420,420-VILA ISABEL X PRAIA DE BOTAFOGO (VIA TUNEL SANTA BARBARA) - CIRCULAR,Fetranspor,374,17744348,"-22.9194","-43.2341"
420,420-VILA ISABEL X PRAIA DE BOTAFOGO (VIA TUNEL SANTA BARBARA) - CIRCULAR,Fetranspor,375,17744348,"-22.9192","-43.2341"
420,420-VILA ISABEL X PRAIA DE BOTAFOGO (VIA TUNEL SANTA BARBARA) - CIRCULAR,Fetranspor,376,17744348,"-22.9192","-43.2342"
420,420-VILA ISABEL X PRAIA DE BOTAFOGO (VIA TUNEL SANTA BARBARA) - CIRCULAR,Fetranspor,377,17744348,"-22.9189","-43.2342"
420,420-VILA ISABEL X PRAIA DE BOTAFOGO (VIA TUNEL SANTA BARBARA) - CIRCULAR,Fetranspor,378,17744348,"-22.9189","-43.2343"
420,420-VILA ISABEL X PRAIA DE BOTAFOGO (VIA TUNEL SANTA BARBARA) - CIRCULAR,Fetranspor,379,17744348,"-22.9188","-43.2343"
420,420-VILA ISABEL X PRAIA DE BOTAFOGO (VIA TUNEL SANTA BARBARA) - CIRCULAR,Fetranspor,380,17744348,"-22.9188","-43.2343"
420,420-VILA ISABEL X PRAIA DE BOTAFOGO (VIA TUNEL SANTA BARBARA) - CIRCULAR,Fetranspor,381,17744348,"-22.9188","-43.2344"
420,420-VILA ISABEL X PRAIA DE BOTAFOGO (VIA TUNEL SANTA BARBARA) - CIRCULAR,Fetranspor,382,17744348,"-22.9188","-43.2344"
420,420-VILA ISABEL X PRAIA DE BOTAFOGO (VIA TUNEL SANTA BARBARA) - CIRCULAR,Fetranspor,383,17744348,"-22.9188","-43.2345"
420,420-VILA ISABEL X PRAIA DE BOTAFOGO (VIA TUNEL SANTA BARBARA) - CIRCULAR,Fetranspor,384,17744348,"-22.9188","-43.2345"
420,420-VILA ISABEL X PRAIA DE BOTAFOGO (VIA TUNEL SANTA BARBARA) - CIRCULAR,Fetranspor,385,17744348,"-22.9188","-43.2345"
420,420-VILA ISABEL X PRAIA DE BOTAFOGO (VIA TUNEL SANTA BARBARA) - CIRCULAR,Fetranspor,386,17744348,"-22.9186","-43.2346"
420,420-VILA ISABEL X PRAIA DE BOTAFOGO (VIA TUNEL SANTA BARBARA) - CIRCULAR,Fetranspor,387,17744348,"-22.9185","-43.2346"
420,420-VILA ISABEL X PRAIA DE BOTAFOGO (VIA TUNEL SANTA BARBARA) - CIRCULAR,Fetranspor,388,17744348,"-22.9171","-43.235"
420,420-VILA ISABEL X PRAIA DE BOTAFOGO (VIA TUNEL SANTA BARBARA) - CIRCULAR,Fetranspor,389,17744348,"-22.9171","-43.235"
420,420-VILA ISABEL X PRAIA DE BOTAFOGO (VIA TUNEL SANTA BARBARA) - CIRCULAR,Fetranspor,390,17744348,"-22.9161","-43.2352"
420,420-VILA ISABEL X PRAIA DE BOTAFOGO (VIA TUNEL SANTA BARBARA) - CIRCULAR,Fetranspor,391,17744348,"-22.9161","-43.2352"
420,420-VILA ISABEL X PRAIA DE BOTAFOGO (VIA TUNEL SANTA BARBARA) - CIRCULAR,Fetranspor,392,17744348,"-22.9157","-43.2353"
420,420-VILA ISABEL X PRAIA DE BOTAFOGO (VIA TUNEL SANTA BARBARA) - CIRCULAR,Fetranspor,393,17744348,"-22.9157","-43.2353"
420,420-VILA ISABEL X PRAIA DE BOTAFOGO (VIA TUNEL SANTA BARBARA) - CIRCULAR,Fetranspor,394,17744348,"-22.9155","-43.2353"
420,420-VILA ISABEL X PRAIA DE BOTAFOGO (VIA TUNEL SANTA BARBARA) - CIRCULAR,Fetranspor,395,17744348,"-22.9155","-43.2353"
420,420-VILA ISABEL X PRAIA DE BOTAFOGO (VIA TUNEL SANTA BARBARA) - CIRCULAR,Fetranspor,396,17744348,"-22.9146","-43.2356"
420,420-VILA ISABEL X PRAIA DE BOTAFOGO (VIA TUNEL SANTA BARBARA) - CIRCULAR,Fetranspor,397,17744348,"-22.9137","-43.2358"
420,420-VILA ISABEL X PRAIA DE BOTAFOGO (VIA TUNEL SANTA BARBARA) - CIRCULAR,Fetranspor,398,17744348,"-22.9137","-43.2358"
420,420-VILA ISABEL X PRAIA DE BOTAFOGO (VIA TUNEL SANTA BARBARA) - CIRCULAR,Fetranspor,399,17744348,"-22.9136","-43.2358"
420,420-VILA ISABEL X PRAIA DE BOTAFOGO (VIA TUNEL SANTA BARBARA) - CIRCULAR,Fetranspor,400,17744348,"-22.9136","-43.2358"
420,420-VILA ISABEL X PRAIA DE BOTAFOGO (VIA TUNEL SANTA BARBARA) - CIRCULAR,Fetranspor,401,17744348,"-22.9139","-43.2372"
420,420-VILA ISABEL X PRAIA DE BOTAFOGO (VIA TUNEL SANTA BARBARA) - CIRCULAR,Fetranspor,402,17744348,"-22.9139","-43.2372"
420,420-VILA ISABEL X PRAIA DE BOTAFOGO (VIA TUNEL SANTA BARBARA) - CIRCULAR,Fetranspor,403,17744348,"-22.914","-43.2373"
420,420-VILA ISABEL X PRAIA DE BOTAFOGO (VIA TUNEL SANTA BARBARA) - CIRCULAR,Fetranspor,404,17744348,"-22.914","-43.2373"
420,420-VILA ISABEL X PRAIA DE BOTAFOGO (VIA TUNEL SANTA BARBARA) - CIRCULAR,Fetranspor,405,17744348,"-22.9143","-43.2389"
420,420-VILA ISABEL X PRAIA DE BOTAFOGO (VIA TUNEL SANTA BARBARA) - CIRCULAR,Fetranspor,406,17744348,"-22.9143","-43.2389"
420,420-VILA ISABEL X PRAIA DE BOTAFOGO (VIA TUNEL SANTA BARBARA) - CIRCULAR,Fetranspor,407,17744348,"-22.9146","-43.2401"
420,420-VILA ISABEL X PRAIA DE BOTAFOGO (VIA TUNEL SANTA BARBARA) - CIRCULAR,Fetranspor,408,17744348,"-22.9146","-43.2402"
420,420-VILA ISABEL X PRAIA DE BOTAFOGO (VIA TUNEL SANTA BARBARA) - CIRCULAR,Fetranspor,409,17744348,"-22.9146","-43.2402"
420,420-VILA ISABEL X PRAIA DE BOTAFOGO (VIA TUNEL SANTA BARBARA) - CIRCULAR,Fetranspor,410,17744348,"-22.9148","-43.2409"
420,420-VILA ISABEL X PRAIA DE BOTAFOGO (VIA TUNEL SANTA BARBARA) - CIRCULAR,Fetranspor,411,17744348,"-22.9148","-43.2409"
420,420-VILA ISABEL X PRAIA DE BOTAFOGO (VIA TUNEL SANTA BARBARA) - CIRCULAR,Fetranspor,412,17744348,"-22.9149","-43.2416"
420,420-VILA ISABEL X PRAIA DE BOTAFOGO (VIA TUNEL SANTA BARBARA) - CIRCULAR,Fetranspor,413,17744348,"-22.915","-43.2422"
420,420-VILA ISABEL X PRAIA DE BOTAFOGO (VIA TUNEL SANTA BARBARA) - CIRCULAR,Fetranspor,414,17744348,"-22.915","-43.2422"
420,420-VILA ISABEL X PRAIA DE BOTAFOGO (VIA TUNEL SANTA BARBARA) - CIRCULAR,Fetranspor,415,17744348,"-22.9154","-43.244"
420,420-VILA ISABEL X PRAIA DE BOTAFOGO (VIA TUNEL SANTA BARBARA) - CIRCULAR,Fetranspor,416,17744348,"-22.9154","-43.244"
420,420-VILA ISABEL X PRAIA DE BOTAFOGO (VIA TUNEL SANTA BARBARA) - CIRCULAR,Fetranspor,417,17744348,"-22.9157","-43.2459"
420,420-VILA ISABEL X PRAIA DE BOTAFOGO (VIA TUNEL SANTA BARBARA) - CIRCULAR,Fetranspor,418,17744348,"-22.9157","-43.2459"
420,420-VILA ISABEL X PRAIA DE BOTAFOGO (VIA TUNEL SANTA BARBARA) - CIRCULAR,Fetranspor,419,17744348,"-22.9159","-43.2471"
420,420-VILA ISABEL X PRAIA DE BOTAFOGO (VIA TUNEL SANTA BARBARA) - CIRCULAR,Fetranspor,420,17744348,"-22.9159","-43.2471"
420,420-VILA ISABEL X PRAIA DE BOTAFOGO (VIA TUNEL SANTA BARBARA) - CIRCULAR,Fetranspor,421,17744348,"-22.916","-43.2474"
420,420-VILA ISABEL X PRAIA DE BOTAFOGO (VIA TUNEL SANTA BARBARA) - CIRCULAR,Fetranspor,422,17744348,"-22.9161","-43.2477"
420,420-VILA ISABEL X PRAIA DE BOTAFOGO (VIA TUNEL SANTA BARBARA) - CIRCULAR,Fetranspor,423,17744348,"-22.9161","-43.2477"
420,420-VILA ISABEL X PRAIA DE BOTAFOGO (VIA TUNEL SANTA BARBARA) - CIRCULAR,Fetranspor,424,17744348,"-22.9162","-43.2487"
420,420-VILA ISABEL X PRAIA DE BOTAFOGO (VIA TUNEL SANTA BARBARA) - CIRCULAR,Fetranspor,425,17744348,"-22.9163","-43.249"
420,420-VILA ISABEL X PRAIA DE BOTAFOGO (VIA TUNEL SANTA BARBARA) - CIRCULAR,Fetranspor,426,17744348,"-22.9165","-43.2501"
420,420-VILA ISABEL X PRAIA DE BOTAFOGO (VIA TUNEL SANTA BARBARA) - CIRCULAR,Fetranspor,427,17744348,"-22.9165","-43.2501"
420,420-VILA ISABEL X PRAIA DE BOTAFOGO (VIA TUNEL SANTA BARBARA) - CIRCULAR,Fetranspor,428,17744348,"-22.9165","-43.2502"
420,420-VILA ISABEL X PRAIA DE BOTAFOGO (VIA TUNEL SANTA BARBARA) - CIRCULAR,Fetranspor,429,17744348,"-22.9165","-43.2502"
420,420-VILA ISABEL X PRAIA DE BOTAFOGO (VIA TUNEL SANTA BARBARA) - CIRCULAR,Fetranspor,430,17744348,"-22.9166","-43.2503"
420,420-VILA ISABEL X PRAIA DE BOTAFOGO (VIA TUNEL SANTA BARBARA) - CIRCULAR,Fetranspor,431,17744348,"-22.9166","-43.2503"
420,420-VILA ISABEL X PRAIA DE BOTAFOGO (VIA TUNEL SANTA BARBARA) - CIRCULAR,Fetranspor,432,17744348,"-22.9164","-43.2503"
420,420-VILA ISABEL X PRAIA DE BOTAFOGO (VIA TUNEL SANTA BARBARA) - CIRCULAR,Fetranspor,433,17744348,"-22.9164","-43.2503"
420,420-VILA ISABEL X PRAIA DE BOTAFOGO (VIA TUNEL SANTA BARBARA) - CIRCULAR,Fetranspor,434,17744348,"-22.9163","-43.2504"
420,420-VILA ISABEL X PRAIA DE BOTAFOGO (VIA TUNEL SANTA BARBARA) - CIRCULAR,Fetranspor,435,17744348,"-22.9162","-43.2505"
420,420-VILA ISABEL X PRAIA DE BOTAFOGO (VIA TUNEL SANTA BARBARA) - CIRCULAR,Fetranspor,436,17744348,"-22.9162","-43.2505"
420,420-VILA ISABEL X PRAIA DE BOTAFOGO (VIA TUNEL SANTA BARBARA) - CIRCULAR,Fetranspor,437,17744348,"-22.9161","-43.2505"
420,420-VILA ISABEL X PRAIA DE BOTAFOGO (VIA TUNEL SANTA BARBARA) - CIRCULAR,Fetranspor,438,17744348,"-22.9161","-43.2507"
420,420-VILA ISABEL X PRAIA DE BOTAFOGO (VIA TUNEL SANTA BARBARA) - CIRCULAR,Fetranspor,439,17744348,"-22.916","-43.2508"
420,420-VILA ISABEL X PRAIA DE BOTAFOGO (VIA TUNEL SANTA BARBARA) - CIRCULAR,Fetranspor,440,17744348,"-22.916","-43.2509"
420,420-VILA ISABEL X PRAIA DE BOTAFOGO (VIA TUNEL SANTA BARBARA) - CIRCULAR,Fetranspor,441,17744348,"-22.916","-43.2509"
420,420-VILA ISABEL X PRAIA DE BOTAFOGO (VIA TUNEL SANTA BARBARA) - CIRCULAR,Fetranspor,442,17744348,"-22.9161","-43.2515"
420,420-VILA ISABEL X PRAIA DE BOTAFOGO (VIA TUNEL SANTA BARBARA) - CIRCULAR,Fetranspor,443,17744348,"-22.9161","-43.2515"
420,420-VILA ISABEL X PRAIA DE BOTAFOGO (VIA TUNEL SANTA BARBARA) - CIRCULAR,Fetranspor,444,17744348,"-22.9163","-43.2525"
420,420-VILA ISABEL X PRAIA DE BOTAFOGO (VIA TUNEL SANTA BARBARA) - CIRCULAR,Fetranspor,445,17744348,"-22.9164","-43.253"
420,420-VILA ISABEL X PRAIA DE BOTAFOGO (VIA TUNEL SANTA BARBARA) - CIRCULAR,Fetranspor,446,17744348,"-22.9166","-43.2539"
420,420-VILA ISABEL X PRAIA DE BOTAFOGO (VIA TUNEL SANTA BARBARA) - CIRCULAR,Fetranspor,447,17744348,"-22.9167","-43.2543"
420,420-VILA ISABEL X PRAIA DE BOTAFOGO (VIA TUNEL SANTA BARBARA) - CIRCULAR,Fetranspor,448,17744348,"-22.9167","-43.2543"
420,420-VILA ISABEL X PRAIA DE BOTAFOGO (VIA TUNEL SANTA BARBARA) - CIRCULAR,Fetranspor,449,17744348,"-22.9168","-43.2544"
420,420-VILA ISABEL X PRAIA DE BOTAFOGO (VIA TUNEL SANTA BARBARA) - CIRCULAR,Fetranspor,450,17744348,"-22.9168","-43.2544"
420,420-VILA ISABEL X PRAIA DE BOTAFOGO (VIA TUNEL SANTA BARBARA) - CIRCULAR,Fetranspor,451,17744348,"-22.9168","-43.2544"
420,420-VILA ISABEL X PRAIA DE BOTAFOGO (VIA TUNEL SANTA BARBARA) - CIRCULAR,Fetranspor,452,17744348,"-22.9171","-43.2543"
420,420-VILA ISABEL X PRAIA DE BOTAFOGO (VIA TUNEL SANTA BARBARA) - CIRCULAR,Fetranspor,453,17744348,"-22.9174","-43.2543"
420,420-VILA ISABEL X PRAIA DE BOTAFOGO (VIA TUNEL SANTA BARBARA) - CIRCULAR,Fetranspor,454,17744348,"-22.918","-43.2541"
