linha,descricao,agencia,sequencia,shape_id,latitude,longitude
421,421-VILA ISABEL X PRADO JUNIOR - CIRCULAR,Fetranspor,0,17571189,"-22.9634","-43.1753"
421,421-VILA ISABEL X PRADO JUNIOR - CIRCULAR,Fetranspor,1,17571189,"-22.9642","-43.1748"
421,421-VILA ISABEL X PRADO JUNIOR - CIRCULAR,Fetranspor,2,17571189,"-22.9642","-43.1748"
421,421-VILA ISABEL X PRADO JUNIOR - CIRCULAR,Fetranspor,3,17571189,"-22.964","-43.1742"
421,421-VILA ISABEL X PRADO JUNIOR - CIRCULAR,Fetranspor,4,17571189,"-22.964","-43.1742"
421,421-VILA ISABEL X PRADO JUNIOR - CIRCULAR,Fetranspor,5,17571189,"-22.9638","-43.1739"
421,421-VILA ISABEL X PRADO JUNIOR - CIRCULAR,Fetranspor,6,17571189,"-22.9638","-43.1739"
421,421-VILA ISABEL X PRADO JUNIOR - CIRCULAR,Fetranspor,7,17571189,"-22.9635","-43.1741"
421,421-VILA ISABEL X PRADO JUNIOR - CIRCULAR,Fetranspor,8,17571189,"-22.9631","-43.1743"
421,421-VILA ISABEL X PRADO JUNIOR - CIRCULAR,Fetranspor,9,17571189,"-22.963","-43.1744"
421,421-VILA ISABEL X PRADO JUNIOR - CIRCULAR,Fetranspor,10,17571189,"-22.963","-43.1744"
421,421-VILA ISABEL X PRADO JUNIOR - CIRCULAR,Fetranspor,11,17571189,"-22.9624","-43.1747"
421,421-VILA ISABEL X PRADO JUNIOR - CIRCULAR,Fetranspor,12,17571189,"-22.9617","-43.1751"
421,421-VILA ISABEL X PRADO JUNIOR - CIRCULAR,Fetranspor,13,17571189,"-22.9617","-43.1751"
421,421-VILA ISABEL X PRADO JUNIOR - CIRCULAR,Fetranspor,14,17571189,"-22.9616","-43.1752"
421,421-VILA ISABEL X PRADO JUNIOR - CIRCULAR,Fetranspor,15,17571189,"-22.9607","-43.1756"
421,421-VILA ISABEL X PRADO JUNIOR - CIRCULAR,Fetranspor,16,17571189,"-22.9607","-43.1756"
421,421-VILA ISABEL X PRADO JUNIOR - CIRCULAR,Fetranspor,17,17571189,"-22.9581","-43.1771"
421,421-VILA ISABEL X PRADO JUNIOR - CIRCULAR,Fetranspor,18,17571189,"-22.9581","-43.1771"
421,421-VILA ISABEL X PRADO JUNIOR - CIRCULAR,Fetranspor,19,17571189,"-22.9579","-43.1772"
421,421-VILA ISABEL X PRADO JUNIOR - CIRCULAR,Fetranspor,20,17571189,"-22.9577","-43.1772"
421,421-VILA ISABEL X PRADO JUNIOR - CIRCULAR,Fetranspor,21,17571189,"-22.9574","-43.1773"
421,421-VILA ISABEL X PRADO JUNIOR - CIRCULAR,Fetranspor,22,17571189,"-22.9562","-43.1775"
421,421-VILA ISABEL X PRADO JUNIOR - CIRCULAR,Fetranspor,23,17571189,"-22.9557","-43.1776"
421,421-VILA ISABEL X PRADO JUNIOR - CIRCULAR,Fetranspor,24,17571189,"-22.9553","-43.1776"
421,421-VILA ISABEL X PRADO JUNIOR - CIRCULAR,Fetranspor,25,17571189,"-22.9553","-43.1776"
421,421-VILA ISABEL X PRADO JUNIOR - CIRCULAR,Fetranspor,26,17571189,"-22.9551","-43.1776"
421,421-VILA ISABEL X PRADO JUNIOR - CIRCULAR,Fetranspor,27,17571189,"-22.955","-43.1776"
421,421-VILA ISABEL X PRADO JUNIOR - CIRCULAR,Fetranspor,28,17571189,"-22.9548","-43.1775"
421,421-VILA ISABEL X PRADO JUNIOR - CIRCULAR,Fetranspor,29,17571189,"-22.9547","-43.1775"
421,421-VILA ISABEL X PRADO JUNIOR - CIRCULAR,Fetranspor,30,17571189,"-22.9546","-43.1774"
421,421-VILA ISABEL X PRADO JUNIOR - CIRCULAR,Fetranspor,31,17571189,"-22.9544","-43.1773"
421,421-VILA ISABEL X PRADO JUNIOR - CIRCULAR,Fetranspor,32,17571189,"-22.9544","-43.1773"
421,421-VILA ISABEL X PRADO JUNIOR - CIRCULAR,Fetranspor,33,17571189,"-22.953","-43.1763"
421,421-VILA ISABEL X PRADO JUNIOR - CIRCULAR,Fetranspor,34,17571189,"-22.953","-43.1763"
421,421-VILA ISABEL X PRADO JUNIOR - CIRCULAR,Fetranspor,35,17571189,"-22.9522","-43.1757"
421,421-VILA ISABEL X PRADO JUNIOR - CIRCULAR,Fetranspor,36,17571189,"-22.9522","-43.1757"
421,421-VILA ISABEL X PRADO JUNIOR - CIRCULAR,Fetranspor,37,17571189,"-22.9518","-43.1754"
421,421-VILA ISABEL X PRADO JUNIOR - CIRCULAR,Fetranspor,38,17571189,"-22.9518","-43.1754"
421,421-VILA ISABEL X PRADO JUNIOR - CIRCULAR,Fetranspor,39,17571189,"-22.9516","-43.1753"
421,421-VILA ISABEL X PRADO JUNIOR - CIRCULAR,Fetranspor,40,17571189,"-22.9516","-43.1753"
421,421-VILA ISABEL X PRADO JUNIOR - CIRCULAR,Fetranspor,41,17571189,"-22.9515","-43.1753"
421,421-VILA ISABEL X PRADO JUNIOR - CIRCULAR,Fetranspor,42,17571189,"-22.9515","-43.1752"
421,421-VILA ISABEL X PRADO JUNIOR - CIRCULAR,Fetranspor,43,17571189,"-22.9513","-43.1753"
421,421-VILA ISABEL X PRADO JUNIOR - CIRCULAR,Fetranspor,44,17571189,"-22.9513","-43.1753"
421,421-VILA ISABEL X PRADO JUNIOR - CIRCULAR,Fetranspor,45,17571189,"-22.9512","-43.1753"
421,421-VILA ISABEL X PRADO JUNIOR - CIRCULAR,Fetranspor,46,17571189,"-22.9511","-43.1754"
421,421-VILA ISABEL X PRADO JUNIOR - CIRCULAR,Fetranspor,47,17571189,"-22.9511","-43.1754"
421,421-VILA ISABEL X PRADO JUNIOR - CIRCULAR,Fetranspor,48,17571189,"-22.951","-43.1755"
421,421-VILA ISABEL X PRADO JUNIOR - CIRCULAR,Fetranspor,49,17571189,"-22.9509","-43.1757"
421,421-VILA ISABEL X PRADO JUNIOR - CIRCULAR,Fetranspor,50,17571189,"-22.9506","-43.1761"
421,421-VILA ISABEL X PRADO JUNIOR - CIRCULAR,Fetranspor,51,17571189,"-22.9506","-43.1761"
421,421-VILA ISABEL X PRADO JUNIOR - CIRCULAR,Fetranspor,52,17571189,"-22.9505","-43.1764"
421,421-VILA ISABEL X PRADO JUNIOR - CIRCULAR,Fetranspor,53,17571189,"-22.9504","-43.1766"
421,421-VILA ISABEL X PRADO JUNIOR - CIRCULAR,Fetranspor,54,17571189,"-22.9502","-43.1769"
421,421-VILA ISABEL X PRADO JUNIOR - CIRCULAR,Fetranspor,55,17571189,"-22.9502","-43.1769"
421,421-VILA ISABEL X PRADO JUNIOR - CIRCULAR,Fetranspor,56,17571189,"-22.9501","-43.1773"
421,421-VILA ISABEL X PRADO JUNIOR - CIRCULAR,Fetranspor,57,17571189,"-22.95","-43.1776"
421,421-VILA ISABEL X PRADO JUNIOR - CIRCULAR,Fetranspor,58,17571189,"-22.95","-43.1777"
421,421-VILA ISABEL X PRADO JUNIOR - CIRCULAR,Fetranspor,59,17571189,"-22.95","-43.178"
421,421-VILA ISABEL X PRADO JUNIOR - CIRCULAR,Fetranspor,60,17571189,"-22.95","-43.1781"
421,421-VILA ISABEL X PRADO JUNIOR - CIRCULAR,Fetranspor,61,17571189,"-22.9501","-43.1782"
421,421-VILA ISABEL X PRADO JUNIOR - CIRCULAR,Fetranspor,62,17571189,"-22.9502","-43.1787"
421,421-VILA ISABEL X PRADO JUNIOR - CIRCULAR,Fetranspor,63,17571189,"-22.9503","-43.1789"
421,421-VILA ISABEL X PRADO JUNIOR - CIRCULAR,Fetranspor,64,17571189,"-22.9505","-43.1792"
421,421-VILA ISABEL X PRADO JUNIOR - CIRCULAR,Fetranspor,65,17571189,"-22.9506","-43.1794"
421,421-VILA ISABEL X PRADO JUNIOR - CIRCULAR,Fetranspor,66,17571189,"-22.9508","-43.18"
421,421-VILA ISABEL X PRADO JUNIOR - CIRCULAR,Fetranspor,67,17571189,"-22.951","-43.1805"
421,421-VILA ISABEL X PRADO JUNIOR - CIRCULAR,Fetranspor,68,17571189,"-22.951","-43.1805"
421,421-VILA ISABEL X PRADO JUNIOR - CIRCULAR,Fetranspor,69,17571189,"-22.951","-43.1807"
421,421-VILA ISABEL X PRADO JUNIOR - CIRCULAR,Fetranspor,70,17571189,"-22.951","-43.1808"
421,421-VILA ISABEL X PRADO JUNIOR - CIRCULAR,Fetranspor,71,17571189,"-22.951","-43.1809"
421,421-VILA ISABEL X PRADO JUNIOR - CIRCULAR,Fetranspor,72,17571189,"-22.951","-43.1809"
421,421-VILA ISABEL X PRADO JUNIOR - CIRCULAR,Fetranspor,73,17571189,"-22.9509","-43.181"
421,421-VILA ISABEL X PRADO JUNIOR - CIRCULAR,Fetranspor,74,17571189,"-22.9509","-43.1811"
421,421-VILA ISABEL X PRADO JUNIOR - CIRCULAR,Fetranspor,75,17571189,"-22.9508","-43.1812"
421,421-VILA ISABEL X PRADO JUNIOR - CIRCULAR,Fetranspor,76,17571189,"-22.9506","-43.1813"
421,421-VILA ISABEL X PRADO JUNIOR - CIRCULAR,Fetranspor,77,17571189,"-22.9505","-43.1814"
421,421-VILA ISABEL X PRADO JUNIOR - CIRCULAR,Fetranspor,78,17571189,"-22.9504","-43.1814"
421,421-VILA ISABEL X PRADO JUNIOR - CIRCULAR,Fetranspor,79,17571189,"-22.9504","-43.1814"
421,421-VILA ISABEL X PRADO JUNIOR - CIRCULAR,Fetranspor,80,17571189,"-22.9502","-43.1815"
421,421-VILA ISABEL X PRADO JUNIOR - CIRCULAR,Fetranspor,81,17571189,"-22.9499","-43.1816"
421,421-VILA ISABEL X PRADO JUNIOR - CIRCULAR,Fetranspor,82,17571189,"-22.9496","-43.1817"
421,421-VILA ISABEL X PRADO JUNIOR - CIRCULAR,Fetranspor,83,17571189,"-22.9491","-43.1819"
421,421-VILA ISABEL X PRADO JUNIOR - CIRCULAR,Fetranspor,84,17571189,"-22.9491","-43.1819"
421,421-VILA ISABEL X PRADO JUNIOR - CIRCULAR,Fetranspor,85,17571189,"-22.9486","-43.1821"
421,421-VILA ISABEL X PRADO JUNIOR - CIRCULAR,Fetranspor,86,17571189,"-22.9485","-43.1821"
421,421-VILA ISABEL X PRADO JUNIOR - CIRCULAR,Fetranspor,87,17571189,"-22.9484","-43.1821"
421,421-VILA ISABEL X PRADO JUNIOR - CIRCULAR,Fetranspor,88,17571189,"-22.9484","-43.1821"
421,421-VILA ISABEL X PRADO JUNIOR - CIRCULAR,Fetranspor,89,17571189,"-22.9483","-43.1821"
421,421-VILA ISABEL X PRADO JUNIOR - CIRCULAR,Fetranspor,90,17571189,"-22.9476","-43.1822"
421,421-VILA ISABEL X PRADO JUNIOR - CIRCULAR,Fetranspor,91,17571189,"-22.9476","-43.1822"
421,421-VILA ISABEL X PRADO JUNIOR - CIRCULAR,Fetranspor,92,17571189,"-22.9471","-43.1822"
421,421-VILA ISABEL X PRADO JUNIOR - CIRCULAR,Fetranspor,93,17571189,"-22.9468","-43.1822"
421,421-VILA ISABEL X PRADO JUNIOR - CIRCULAR,Fetranspor,94,17571189,"-22.9462","-43.1822"
421,421-VILA ISABEL X PRADO JUNIOR - CIRCULAR,Fetranspor,95,17571189,"-22.9462","-43.1822"
421,421-VILA ISABEL X PRADO JUNIOR - CIRCULAR,Fetranspor,96,17571189,"-22.9461","-43.1822"
421,421-VILA ISABEL X PRADO JUNIOR - CIRCULAR,Fetranspor,97,17571189,"-22.9459","-43.1821"
421,421-VILA ISABEL X PRADO JUNIOR - CIRCULAR,Fetranspor,98,17571189,"-22.9454","-43.182"
421,421-VILA ISABEL X PRADO JUNIOR - CIRCULAR,Fetranspor,99,17571189,"-22.9451","-43.1819"
421,421-VILA ISABEL X PRADO JUNIOR - CIRCULAR,Fetranspor,100,17571189,"-22.9444","-43.1816"
421,421-VILA ISABEL X PRADO JUNIOR - CIRCULAR,Fetranspor,101,17571189,"-22.9437","-43.1812"
421,421-VILA ISABEL X PRADO JUNIOR - CIRCULAR,Fetranspor,102,17571189,"-22.9437","-43.1812"
421,421-VILA ISABEL X PRADO JUNIOR - CIRCULAR,Fetranspor,103,17571189,"-22.9431","-43.1808"
421,421-VILA ISABEL X PRADO JUNIOR - CIRCULAR,Fetranspor,104,17571189,"-22.9431","-43.1808"
421,421-VILA ISABEL X PRADO JUNIOR - CIRCULAR,Fetranspor,105,17571189,"-22.9431","-43.1808"
421,421-VILA ISABEL X PRADO JUNIOR - CIRCULAR,Fetranspor,106,17571189,"-22.9426","-43.1803"
421,421-VILA ISABEL X PRADO JUNIOR - CIRCULAR,Fetranspor,107,17571189,"-22.9424","-43.1801"
421,421-VILA ISABEL X PRADO JUNIOR - CIRCULAR,Fetranspor,108,17571189,"-22.9422","-43.1798"
421,421-VILA ISABEL X PRADO JUNIOR - CIRCULAR,Fetranspor,109,17571189,"-22.9421","-43.1796"
421,421-VILA ISABEL X PRADO JUNIOR - CIRCULAR,Fetranspor,110,17571189,"-22.942","-43.1794"
421,421-VILA ISABEL X PRADO JUNIOR - CIRCULAR,Fetranspor,111,17571189,"-22.942","-43.1794"
421,421-VILA ISABEL X PRADO JUNIOR - CIRCULAR,Fetranspor,112,17571189,"-22.9419","-43.1792"
421,421-VILA ISABEL X PRADO JUNIOR - CIRCULAR,Fetranspor,113,17571189,"-22.9418","-43.179"
421,421-VILA ISABEL X PRADO JUNIOR - CIRCULAR,Fetranspor,114,17571189,"-22.9418","-43.1788"
421,421-VILA ISABEL X PRADO JUNIOR - CIRCULAR,Fetranspor,115,17571189,"-22.9418","-43.1788"
421,421-VILA ISABEL X PRADO JUNIOR - CIRCULAR,Fetranspor,116,17571189,"-22.9418","-43.1786"
421,421-VILA ISABEL X PRADO JUNIOR - CIRCULAR,Fetranspor,117,17571189,"-22.9418","-43.1784"
421,421-VILA ISABEL X PRADO JUNIOR - CIRCULAR,Fetranspor,118,17571189,"-22.9419","-43.1779"
421,421-VILA ISABEL X PRADO JUNIOR - CIRCULAR,Fetranspor,119,17571189,"-22.9419","-43.1779"
421,421-VILA ISABEL X PRADO JUNIOR - CIRCULAR,Fetranspor,120,17571189,"-22.9419","-43.1778"
421,421-VILA ISABEL X PRADO JUNIOR - CIRCULAR,Fetranspor,121,17571189,"-22.942","-43.1777"
421,421-VILA ISABEL X PRADO JUNIOR - CIRCULAR,Fetranspor,122,17571189,"-22.9421","-43.1775"
421,421-VILA ISABEL X PRADO JUNIOR - CIRCULAR,Fetranspor,123,17571189,"-22.9424","-43.1771"
421,421-VILA ISABEL X PRADO JUNIOR - CIRCULAR,Fetranspor,124,17571189,"-22.9427","-43.1767"
421,421-VILA ISABEL X PRADO JUNIOR - CIRCULAR,Fetranspor,125,17571189,"-22.9427","-43.1767"
421,421-VILA ISABEL X PRADO JUNIOR - CIRCULAR,Fetranspor,126,17571189,"-22.943","-43.1763"
421,421-VILA ISABEL X PRADO JUNIOR - CIRCULAR,Fetranspor,127,17571189,"-22.9432","-43.1761"
421,421-VILA ISABEL X PRADO JUNIOR - CIRCULAR,Fetranspor,128,17571189,"-22.9432","-43.176"
421,421-VILA ISABEL X PRADO JUNIOR - CIRCULAR,Fetranspor,129,17571189,"-22.9433","-43.1759"
421,421-VILA ISABEL X PRADO JUNIOR - CIRCULAR,Fetranspor,130,17571189,"-22.9433","-43.1758"
421,421-VILA ISABEL X PRADO JUNIOR - CIRCULAR,Fetranspor,131,17571189,"-22.9433","-43.1757"
421,421-VILA ISABEL X PRADO JUNIOR - CIRCULAR,Fetranspor,132,17571189,"-22.9433","-43.1755"
421,421-VILA ISABEL X PRADO JUNIOR - CIRCULAR,Fetranspor,133,17571189,"-22.9433","-43.1754"
421,421-VILA ISABEL X PRADO JUNIOR - CIRCULAR,Fetranspor,134,17571189,"-22.9433","-43.1752"
421,421-VILA ISABEL X PRADO JUNIOR - CIRCULAR,Fetranspor,135,17571189,"-22.9432","-43.1751"
421,421-VILA ISABEL X PRADO JUNIOR - CIRCULAR,Fetranspor,136,17571189,"-22.9432","-43.175"
421,421-VILA ISABEL X PRADO JUNIOR - CIRCULAR,Fetranspor,137,17571189,"-22.9431","-43.1749"
421,421-VILA ISABEL X PRADO JUNIOR - CIRCULAR,Fetranspor,138,17571189,"-22.943","-43.1748"
421,421-VILA ISABEL X PRADO JUNIOR - CIRCULAR,Fetranspor,139,17571189,"-22.943","-43.1748"
421,421-VILA ISABEL X PRADO JUNIOR - CIRCULAR,Fetranspor,140,17571189,"-22.943","-43.1747"
421,421-VILA ISABEL X PRADO JUNIOR - CIRCULAR,Fetranspor,141,17571189,"-22.943","-43.1747"
421,421-VILA ISABEL X PRADO JUNIOR - CIRCULAR,Fetranspor,142,17571189,"-22.9427","-43.1744"
421,421-VILA ISABEL X PRADO JUNIOR - CIRCULAR,Fetranspor,143,17571189,"-22.9425","-43.1742"
421,421-VILA ISABEL X PRADO JUNIOR - CIRCULAR,Fetranspor,144,17571189,"-22.9423","-43.174"
421,421-VILA ISABEL X PRADO JUNIOR - CIRCULAR,Fetranspor,145,17571189,"-22.9421","-43.1737"
421,421-VILA ISABEL X PRADO JUNIOR - CIRCULAR,Fetranspor,146,17571189,"-22.9416","-43.1729"
421,421-VILA ISABEL X PRADO JUNIOR - CIRCULAR,Fetranspor,147,17571189,"-22.9411","-43.1723"
421,421-VILA ISABEL X PRADO JUNIOR - CIRCULAR,Fetranspor,148,17571189,"-22.9409","-43.172"
421,421-VILA ISABEL X PRADO JUNIOR - CIRCULAR,Fetranspor,149,17571189,"-22.9409","-43.1719"
421,421-VILA ISABEL X PRADO JUNIOR - CIRCULAR,Fetranspor,150,17571189,"-22.9407","-43.1717"
421,421-VILA ISABEL X PRADO JUNIOR - CIRCULAR,Fetranspor,151,17571189,"-22.9405","-43.1716"
421,421-VILA ISABEL X PRADO JUNIOR - CIRCULAR,Fetranspor,152,17571189,"-22.9404","-43.1715"
421,421-VILA ISABEL X PRADO JUNIOR - CIRCULAR,Fetranspor,153,17571189,"-22.9399","-43.1713"
421,421-VILA ISABEL X PRADO JUNIOR - CIRCULAR,Fetranspor,154,17571189,"-22.9396","-43.1711"
421,421-VILA ISABEL X PRADO JUNIOR - CIRCULAR,Fetranspor,155,17571189,"-22.9395","-43.171"
421,421-VILA ISABEL X PRADO JUNIOR - CIRCULAR,Fetranspor,156,17571189,"-22.9393","-43.171"
421,421-VILA ISABEL X PRADO JUNIOR - CIRCULAR,Fetranspor,157,17571189,"-22.9393","-43.1709"
421,421-VILA ISABEL X PRADO JUNIOR - CIRCULAR,Fetranspor,158,17571189,"-22.9392","-43.1709"
421,421-VILA ISABEL X PRADO JUNIOR - CIRCULAR,Fetranspor,159,17571189,"-22.9391","-43.1709"
421,421-VILA ISABEL X PRADO JUNIOR - CIRCULAR,Fetranspor,160,17571189,"-22.939","-43.1709"
421,421-VILA ISABEL X PRADO JUNIOR - CIRCULAR,Fetranspor,161,17571189,"-22.9388","-43.171"
421,421-VILA ISABEL X PRADO JUNIOR - CIRCULAR,Fetranspor,162,17571189,"-22.9387","-43.171"
421,421-VILA ISABEL X PRADO JUNIOR - CIRCULAR,Fetranspor,163,17571189,"-22.9386","-43.1711"
421,421-VILA ISABEL X PRADO JUNIOR - CIRCULAR,Fetranspor,164,17571189,"-22.9386","-43.1711"
421,421-VILA ISABEL X PRADO JUNIOR - CIRCULAR,Fetranspor,165,17571189,"-22.9385","-43.1712"
421,421-VILA ISABEL X PRADO JUNIOR - CIRCULAR,Fetranspor,166,17571189,"-22.9384","-43.1713"
421,421-VILA ISABEL X PRADO JUNIOR - CIRCULAR,Fetranspor,167,17571189,"-22.9383","-43.1714"
421,421-VILA ISABEL X PRADO JUNIOR - CIRCULAR,Fetranspor,168,17571189,"-22.9382","-43.1715"
421,421-VILA ISABEL X PRADO JUNIOR - CIRCULAR,Fetranspor,169,17571189,"-22.938","-43.1719"
421,421-VILA ISABEL X PRADO JUNIOR - CIRCULAR,Fetranspor,170,17571189,"-22.9379","-43.172"
421,421-VILA ISABEL X PRADO JUNIOR - CIRCULAR,Fetranspor,171,17571189,"-22.9379","-43.172"
421,421-VILA ISABEL X PRADO JUNIOR - CIRCULAR,Fetranspor,172,17571189,"-22.9378","-43.1723"
421,421-VILA ISABEL X PRADO JUNIOR - CIRCULAR,Fetranspor,173,17571189,"-22.9378","-43.1723"
421,421-VILA ISABEL X PRADO JUNIOR - CIRCULAR,Fetranspor,174,17571189,"-22.9377","-43.1724"
421,421-VILA ISABEL X PRADO JUNIOR - CIRCULAR,Fetranspor,175,17571189,"-22.9375","-43.1727"
421,421-VILA ISABEL X PRADO JUNIOR - CIRCULAR,Fetranspor,176,17571189,"-22.9372","-43.1731"
421,421-VILA ISABEL X PRADO JUNIOR - CIRCULAR,Fetranspor,177,17571189,"-22.937","-43.1733"
421,421-VILA ISABEL X PRADO JUNIOR - CIRCULAR,Fetranspor,178,17571189,"-22.937","-43.1733"
421,421-VILA ISABEL X PRADO JUNIOR - CIRCULAR,Fetranspor,179,17571189,"-22.937","-43.1734"
421,421-VILA ISABEL X PRADO JUNIOR - CIRCULAR,Fetranspor,180,17571189,"-22.9368","-43.1735"
421,421-VILA ISABEL X PRADO JUNIOR - CIRCULAR,Fetranspor,181,17571189,"-22.9366","-43.1737"
421,421-VILA ISABEL X PRADO JUNIOR - CIRCULAR,Fetranspor,182,17571189,"-22.9364","-43.1738"
421,421-VILA ISABEL X PRADO JUNIOR - CIRCULAR,Fetranspor,183,17571189,"-22.9362","-43.1739"
421,421-VILA ISABEL X PRADO JUNIOR - CIRCULAR,Fetranspor,184,17571189,"-22.936","-43.174"
421,421-VILA ISABEL X PRADO JUNIOR - CIRCULAR,Fetranspor,185,17571189,"-22.9355","-43.1741"
421,421-VILA ISABEL X PRADO JUNIOR - CIRCULAR,Fetranspor,186,17571189,"-22.9351","-43.1741"
421,421-VILA ISABEL X PRADO JUNIOR - CIRCULAR,Fetranspor,187,17571189,"-22.9351","-43.1741"
421,421-VILA ISABEL X PRADO JUNIOR - CIRCULAR,Fetranspor,188,17571189,"-22.9342","-43.1743"
421,421-VILA ISABEL X PRADO JUNIOR - CIRCULAR,Fetranspor,189,17571189,"-22.9338","-43.1743"
421,421-VILA ISABEL X PRADO JUNIOR - CIRCULAR,Fetranspor,190,17571189,"-22.9332","-43.1744"
421,421-VILA ISABEL X PRADO JUNIOR - CIRCULAR,Fetranspor,191,17571189,"-22.9332","-43.1744"
421,421-VILA ISABEL X PRADO JUNIOR - CIRCULAR,Fetranspor,192,17571189,"-22.9329","-43.1744"
421,421-VILA ISABEL X PRADO JUNIOR - CIRCULAR,Fetranspor,193,17571189,"-22.9326","-43.1744"
421,421-VILA ISABEL X PRADO JUNIOR - CIRCULAR,Fetranspor,194,17571189,"-22.9322","-43.1743"
421,421-VILA ISABEL X PRADO JUNIOR - CIRCULAR,Fetranspor,195,17571189,"-22.9319","-43.1743"
421,421-VILA ISABEL X PRADO JUNIOR - CIRCULAR,Fetranspor,196,17571189,"-22.9317","-43.1743"
421,421-VILA ISABEL X PRADO JUNIOR - CIRCULAR,Fetranspor,197,17571189,"-22.9306","-43.1741"
421,421-VILA ISABEL X PRADO JUNIOR - CIRCULAR,Fetranspor,198,17571189,"-22.93","-43.1741"
421,421-VILA ISABEL X PRADO JUNIOR - CIRCULAR,Fetranspor,199,17571189,"-22.93","-43.1741"
421,421-VILA ISABEL X PRADO JUNIOR - CIRCULAR,Fetranspor,200,17571189,"-22.9298","-43.1741"
421,421-VILA ISABEL X PRADO JUNIOR - CIRCULAR,Fetranspor,201,17571189,"-22.9296","-43.174"
421,421-VILA ISABEL X PRADO JUNIOR - CIRCULAR,Fetranspor,202,17571189,"-22.9293","-43.174"
421,421-VILA ISABEL X PRADO JUNIOR - CIRCULAR,Fetranspor,203,17571189,"-22.9277","-43.1735"
421,421-VILA ISABEL X PRADO JUNIOR - CIRCULAR,Fetranspor,204,17571189,"-22.9277","-43.1735"
421,421-VILA ISABEL X PRADO JUNIOR - CIRCULAR,Fetranspor,205,17571189,"-22.9254","-43.1728"
421,421-VILA ISABEL X PRADO JUNIOR - CIRCULAR,Fetranspor,206,17571189,"-22.9254","-43.1728"
421,421-VILA ISABEL X PRADO JUNIOR - CIRCULAR,Fetranspor,207,17571189,"-22.9239","-43.1723"
421,421-VILA ISABEL X PRADO JUNIOR - CIRCULAR,Fetranspor,208,17571189,"-22.9236","-43.1723"
421,421-VILA ISABEL X PRADO JUNIOR - CIRCULAR,Fetranspor,209,17571189,"-22.9234","-43.1722"
421,421-VILA ISABEL X PRADO JUNIOR - CIRCULAR,Fetranspor,210,17571189,"-22.9232","-43.1722"
421,421-VILA ISABEL X PRADO JUNIOR - CIRCULAR,Fetranspor,211,17571189,"-22.9231","-43.1722"
421,421-VILA ISABEL X PRADO JUNIOR - CIRCULAR,Fetranspor,212,17571189,"-22.9228","-43.1723"
421,421-VILA ISABEL X PRADO JUNIOR - CIRCULAR,Fetranspor,213,17571189,"-22.9227","-43.1723"
421,421-VILA ISABEL X PRADO JUNIOR - CIRCULAR,Fetranspor,214,17571189,"-22.9227","-43.1723"
421,421-VILA ISABEL X PRADO JUNIOR - CIRCULAR,Fetranspor,215,17571189,"-22.9226","-43.1723"
421,421-VILA ISABEL X PRADO JUNIOR - CIRCULAR,Fetranspor,216,17571189,"-22.9222","-43.1725"
421,421-VILA ISABEL X PRADO JUNIOR - CIRCULAR,Fetranspor,217,17571189,"-22.9221","-43.1726"
421,421-VILA ISABEL X PRADO JUNIOR - CIRCULAR,Fetranspor,218,17571189,"-22.9218","-43.1727"
421,421-VILA ISABEL X PRADO JUNIOR - CIRCULAR,Fetranspor,219,17571189,"-22.9216","-43.1729"
421,421-VILA ISABEL X PRADO JUNIOR - CIRCULAR,Fetranspor,220,17571189,"-22.9214","-43.1731"
421,421-VILA ISABEL X PRADO JUNIOR - CIRCULAR,Fetranspor,221,17571189,"-22.9212","-43.1734"
421,421-VILA ISABEL X PRADO JUNIOR - CIRCULAR,Fetranspor,222,17571189,"-22.9212","-43.1734"
421,421-VILA ISABEL X PRADO JUNIOR - CIRCULAR,Fetranspor,223,17571189,"-22.921","-43.1737"
421,421-VILA ISABEL X PRADO JUNIOR - CIRCULAR,Fetranspor,224,17571189,"-22.9208","-43.174"
421,421-VILA ISABEL X PRADO JUNIOR - CIRCULAR,Fetranspor,225,17571189,"-22.9208","-43.174"
421,421-VILA ISABEL X PRADO JUNIOR - CIRCULAR,Fetranspor,226,17571189,"-22.9203","-43.1745"
421,421-VILA ISABEL X PRADO JUNIOR - CIRCULAR,Fetranspor,227,17571189,"-22.9203","-43.1745"
421,421-VILA ISABEL X PRADO JUNIOR - CIRCULAR,Fetranspor,228,17571189,"-22.9202","-43.1745"
421,421-VILA ISABEL X PRADO JUNIOR - CIRCULAR,Fetranspor,229,17571189,"-22.9202","-43.1745"
421,421-VILA ISABEL X PRADO JUNIOR - CIRCULAR,Fetranspor,230,17571189,"-22.9198","-43.1747"
421,421-VILA ISABEL X PRADO JUNIOR - CIRCULAR,Fetranspor,231,17571189,"-22.9196","-43.1748"
421,421-VILA ISABEL X PRADO JUNIOR - CIRCULAR,Fetranspor,232,17571189,"-22.9191","-43.175"
421,421-VILA ISABEL X PRADO JUNIOR - CIRCULAR,Fetranspor,233,17571189,"-22.9187","-43.1751"
421,421-VILA ISABEL X PRADO JUNIOR - CIRCULAR,Fetranspor,234,17571189,"-22.9183","-43.1752"
421,421-VILA ISABEL X PRADO JUNIOR - CIRCULAR,Fetranspor,235,17571189,"-22.9179","-43.1752"
421,421-VILA ISABEL X PRADO JUNIOR - CIRCULAR,Fetranspor,236,17571189,"-22.9172","-43.1753"
421,421-VILA ISABEL X PRADO JUNIOR - CIRCULAR,Fetranspor,237,17571189,"-22.9168","-43.1753"
421,421-VILA ISABEL X PRADO JUNIOR - CIRCULAR,Fetranspor,238,17571189,"-22.9162","-43.1752"
421,421-VILA ISABEL X PRADO JUNIOR - CIRCULAR,Fetranspor,239,17571189,"-22.9156","-43.1751"
421,421-VILA ISABEL X PRADO JUNIOR - CIRCULAR,Fetranspor,240,17571189,"-22.9153","-43.175"
421,421-VILA ISABEL X PRADO JUNIOR - CIRCULAR,Fetranspor,241,17571189,"-22.9148","-43.1749"
421,421-VILA ISABEL X PRADO JUNIOR - CIRCULAR,Fetranspor,242,17571189,"-22.9148","-43.1749"
421,421-VILA ISABEL X PRADO JUNIOR - CIRCULAR,Fetranspor,243,17571189,"-22.9148","-43.175"
421,421-VILA ISABEL X PRADO JUNIOR - CIRCULAR,Fetranspor,244,17571189,"-22.9148","-43.175"
421,421-VILA ISABEL X PRADO JUNIOR - CIRCULAR,Fetranspor,245,17571189,"-22.9147","-43.1753"
421,421-VILA ISABEL X PRADO JUNIOR - CIRCULAR,Fetranspor,246,17571189,"-22.9145","-43.1759"
421,421-VILA ISABEL X PRADO JUNIOR - CIRCULAR,Fetranspor,247,17571189,"-22.9145","-43.1759"
421,421-VILA ISABEL X PRADO JUNIOR - CIRCULAR,Fetranspor,248,17571189,"-22.9144","-43.176"
421,421-VILA ISABEL X PRADO JUNIOR - CIRCULAR,Fetranspor,249,17571189,"-22.9144","-43.176"
421,421-VILA ISABEL X PRADO JUNIOR - CIRCULAR,Fetranspor,250,17571189,"-22.9143","-43.1761"
421,421-VILA ISABEL X PRADO JUNIOR - CIRCULAR,Fetranspor,251,17571189,"-22.9143","-43.1762"
421,421-VILA ISABEL X PRADO JUNIOR - CIRCULAR,Fetranspor,252,17571189,"-22.9143","-43.1765"
421,421-VILA ISABEL X PRADO JUNIOR - CIRCULAR,Fetranspor,253,17571189,"-22.9143","-43.1765"
421,421-VILA ISABEL X PRADO JUNIOR - CIRCULAR,Fetranspor,254,17571189,"-22.9142","-43.1768"
421,421-VILA ISABEL X PRADO JUNIOR - CIRCULAR,Fetranspor,255,17571189,"-22.914","-43.1776"
421,421-VILA ISABEL X PRADO JUNIOR - CIRCULAR,Fetranspor,256,17571189,"-22.914","-43.1777"
421,421-VILA ISABEL X PRADO JUNIOR - CIRCULAR,Fetranspor,257,17571189,"-22.914","-43.1777"
421,421-VILA ISABEL X PRADO JUNIOR - CIRCULAR,Fetranspor,258,17571189,"-22.914","-43.1778"
421,421-VILA ISABEL X PRADO JUNIOR - CIRCULAR,Fetranspor,259,17571189,"-22.914","-43.1778"
421,421-VILA ISABEL X PRADO JUNIOR - CIRCULAR,Fetranspor,260,17571189,"-22.914","-43.178"
421,421-VILA ISABEL X PRADO JUNIOR - CIRCULAR,Fetranspor,261,17571189,"-22.9139","-43.1781"
421,421-VILA ISABEL X PRADO JUNIOR - CIRCULAR,Fetranspor,262,17571189,"-22.9138","-43.1782"
421,421-VILA ISABEL X PRADO JUNIOR - CIRCULAR,Fetranspor,263,17571189,"-22.9137","-43.1783"
421,421-VILA ISABEL X PRADO JUNIOR - CIRCULAR,Fetranspor,264,17571189,"-22.9136","-43.1785"
421,421-VILA ISABEL X PRADO JUNIOR - CIRCULAR,Fetranspor,265,17571189,"-22.9136","-43.1785"
421,421-VILA ISABEL X PRADO JUNIOR - CIRCULAR,Fetranspor,266,17571189,"-22.9135","-43.1786"
421,421-VILA ISABEL X PRADO JUNIOR - CIRCULAR,Fetranspor,267,17571189,"-22.9135","-43.1786"
421,421-VILA ISABEL X PRADO JUNIOR - CIRCULAR,Fetranspor,268,17571189,"-22.9135","-43.1788"
421,421-VILA ISABEL X PRADO JUNIOR - CIRCULAR,Fetranspor,269,17571189,"-22.9135","-43.1788"
421,421-VILA ISABEL X PRADO JUNIOR - CIRCULAR,Fetranspor,270,17571189,"-22.9134","-43.1789"
421,421-VILA ISABEL X PRADO JUNIOR - CIRCULAR,Fetranspor,271,17571189,"-22.9134","-43.1789"
421,421-VILA ISABEL X PRADO JUNIOR - CIRCULAR,Fetranspor,272,17571189,"-22.9133","-43.1797"
421,421-VILA ISABEL X PRADO JUNIOR - CIRCULAR,Fetranspor,273,17571189,"-22.9133","-43.1797"
421,421-VILA ISABEL X PRADO JUNIOR - CIRCULAR,Fetranspor,274,17571189,"-22.9133","-43.1798"
421,421-VILA ISABEL X PRADO JUNIOR - CIRCULAR,Fetranspor,275,17571189,"-22.9132","-43.18"
421,421-VILA ISABEL X PRADO JUNIOR - CIRCULAR,Fetranspor,276,17571189,"-22.9132","-43.1802"
421,421-VILA ISABEL X PRADO JUNIOR - CIRCULAR,Fetranspor,277,17571189,"-22.9132","-43.1805"
421,421-VILA ISABEL X PRADO JUNIOR - CIRCULAR,Fetranspor,278,17571189,"-22.9132","-43.1805"
421,421-VILA ISABEL X PRADO JUNIOR - CIRCULAR,Fetranspor,279,17571189,"-22.9132","-43.1805"
421,421-VILA ISABEL X PRADO JUNIOR - CIRCULAR,Fetranspor,280,17571189,"-22.9132","-43.1805"
421,421-VILA ISABEL X PRADO JUNIOR - CIRCULAR,Fetranspor,281,17571189,"-22.9133","-43.1806"
421,421-VILA ISABEL X PRADO JUNIOR - CIRCULAR,Fetranspor,282,17571189,"-22.9133","-43.1807"
421,421-VILA ISABEL X PRADO JUNIOR - CIRCULAR,Fetranspor,283,17571189,"-22.9133","-43.1808"
421,421-VILA ISABEL X PRADO JUNIOR - CIRCULAR,Fetranspor,284,17571189,"-22.9133","-43.1808"
421,421-VILA ISABEL X PRADO JUNIOR - CIRCULAR,Fetranspor,285,17571189,"-22.9132","-43.1813"
421,421-VILA ISABEL X PRADO JUNIOR - CIRCULAR,Fetranspor,286,17571189,"-22.9131","-43.1817"
421,421-VILA ISABEL X PRADO JUNIOR - CIRCULAR,Fetranspor,287,17571189,"-22.9131","-43.1817"
421,421-VILA ISABEL X PRADO JUNIOR - CIRCULAR,Fetranspor,288,17571189,"-22.9129","-43.1826"
421,421-VILA ISABEL X PRADO JUNIOR - CIRCULAR,Fetranspor,289,17571189,"-22.9129","-43.1827"
421,421-VILA ISABEL X PRADO JUNIOR - CIRCULAR,Fetranspor,290,17571189,"-22.9129","-43.1827"
421,421-VILA ISABEL X PRADO JUNIOR - CIRCULAR,Fetranspor,291,17571189,"-22.9129","-43.183"
421,421-VILA ISABEL X PRADO JUNIOR - CIRCULAR,Fetranspor,292,17571189,"-22.9129","-43.183"
421,421-VILA ISABEL X PRADO JUNIOR - CIRCULAR,Fetranspor,293,17571189,"-22.9128","-43.1833"
421,421-VILA ISABEL X PRADO JUNIOR - CIRCULAR,Fetranspor,294,17571189,"-22.9128","-43.1833"
421,421-VILA ISABEL X PRADO JUNIOR - CIRCULAR,Fetranspor,295,17571189,"-22.9126","-43.1845"
421,421-VILA ISABEL X PRADO JUNIOR - CIRCULAR,Fetranspor,296,17571189,"-22.9126","-43.1845"
421,421-VILA ISABEL X PRADO JUNIOR - CIRCULAR,Fetranspor,297,17571189,"-22.9123","-43.1857"
421,421-VILA ISABEL X PRADO JUNIOR - CIRCULAR,Fetranspor,298,17571189,"-22.9123","-43.186"
421,421-VILA ISABEL X PRADO JUNIOR - CIRCULAR,Fetranspor,299,17571189,"-22.9123","-43.1863"
421,421-VILA ISABEL X PRADO JUNIOR - CIRCULAR,Fetranspor,300,17571189,"-22.9123","-43.1863"
421,421-VILA ISABEL X PRADO JUNIOR - CIRCULAR,Fetranspor,301,17571189,"-22.9122","-43.1865"
421,421-VILA ISABEL X PRADO JUNIOR - CIRCULAR,Fetranspor,302,17571189,"-22.9122","-43.1865"
421,421-VILA ISABEL X PRADO JUNIOR - CIRCULAR,Fetranspor,303,17571189,"-22.9119","-43.1865"
421,421-VILA ISABEL X PRADO JUNIOR - CIRCULAR,Fetranspor,304,17571189,"-22.9114","-43.1868"
421,421-VILA ISABEL X PRADO JUNIOR - CIRCULAR,Fetranspor,305,17571189,"-22.9114","-43.1868"
421,421-VILA ISABEL X PRADO JUNIOR - CIRCULAR,Fetranspor,306,17571189,"-22.9106","-43.187"
421,421-VILA ISABEL X PRADO JUNIOR - CIRCULAR,Fetranspor,307,17571189,"-22.9106","-43.187"
421,421-VILA ISABEL X PRADO JUNIOR - CIRCULAR,Fetranspor,308,17571189,"-22.911","-43.1883"
421,421-VILA ISABEL X PRADO JUNIOR - CIRCULAR,Fetranspor,309,17571189,"-22.911","-43.1883"
421,421-VILA ISABEL X PRADO JUNIOR - CIRCULAR,Fetranspor,310,17571189,"-22.9114","-43.1896"
421,421-VILA ISABEL X PRADO JUNIOR - CIRCULAR,Fetranspor,311,17571189,"-22.9115","-43.1897"
421,421-VILA ISABEL X PRADO JUNIOR - CIRCULAR,Fetranspor,312,17571189,"-22.9115","-43.1897"
421,421-VILA ISABEL X PRADO JUNIOR - CIRCULAR,Fetranspor,313,17571189,"-22.9116","-43.1898"
421,421-VILA ISABEL X PRADO JUNIOR - CIRCULAR,Fetranspor,314,17571189,"-22.9116","-43.1898"
421,421-VILA ISABEL X PRADO JUNIOR - CIRCULAR,Fetranspor,315,17571189,"-22.9114","-43.1907"
421,421-VILA ISABEL X PRADO JUNIOR - CIRCULAR,Fetranspor,316,17571189,"-22.9113","-43.1912"
421,421-VILA ISABEL X PRADO JUNIOR - CIRCULAR,Fetranspor,317,17571189,"-22.9113","-43.1912"
421,421-VILA ISABEL X PRADO JUNIOR - CIRCULAR,Fetranspor,318,17571189,"-22.9112","-43.1916"
421,421-VILA ISABEL X PRADO JUNIOR - CIRCULAR,Fetranspor,319,17571189,"-22.9111","-43.1924"
421,421-VILA ISABEL X PRADO JUNIOR - CIRCULAR,Fetranspor,320,17571189,"-22.9111","-43.1927"
421,421-VILA ISABEL X PRADO JUNIOR - CIRCULAR,Fetranspor,321,17571189,"-22.9111","-43.1928"
421,421-VILA ISABEL X PRADO JUNIOR - CIRCULAR,Fetranspor,322,17571189,"-22.911","-43.1929"
421,421-VILA ISABEL X PRADO JUNIOR - CIRCULAR,Fetranspor,323,17571189,"-22.911","-43.193"
421,421-VILA ISABEL X PRADO JUNIOR - CIRCULAR,Fetranspor,324,17571189,"-22.9109","-43.193"
421,421-VILA ISABEL X PRADO JUNIOR - CIRCULAR,Fetranspor,325,17571189,"-22.9109","-43.193"
421,421-VILA ISABEL X PRADO JUNIOR - CIRCULAR,Fetranspor,326,17571189,"-22.9112","-43.1935"
421,421-VILA ISABEL X PRADO JUNIOR - CIRCULAR,Fetranspor,327,17571189,"-22.9112","-43.1935"
421,421-VILA ISABEL X PRADO JUNIOR - CIRCULAR,Fetranspor,328,17571189,"-22.9113","-43.1937"
421,421-VILA ISABEL X PRADO JUNIOR - CIRCULAR,Fetranspor,329,17571189,"-22.9114","-43.1942"
421,421-VILA ISABEL X PRADO JUNIOR - CIRCULAR,Fetranspor,330,17571189,"-22.9116","-43.1953"
421,421-VILA ISABEL X PRADO JUNIOR - CIRCULAR,Fetranspor,331,17571189,"-22.9116","-43.1953"
421,421-VILA ISABEL X PRADO JUNIOR - CIRCULAR,Fetranspor,332,17571189,"-22.9117","-43.1956"
421,421-VILA ISABEL X PRADO JUNIOR - CIRCULAR,Fetranspor,333,17571189,"-22.9117","-43.1956"
421,421-VILA ISABEL X PRADO JUNIOR - CIRCULAR,Fetranspor,334,17571189,"-22.9117","-43.1957"
421,421-VILA ISABEL X PRADO JUNIOR - CIRCULAR,Fetranspor,335,17571189,"-22.9117","-43.1958"
421,421-VILA ISABEL X PRADO JUNIOR - CIRCULAR,Fetranspor,336,17571189,"-22.9118","-43.1963"
421,421-VILA ISABEL X PRADO JUNIOR - CIRCULAR,Fetranspor,337,17571189,"-22.9118","-43.1963"
421,421-VILA ISABEL X PRADO JUNIOR - CIRCULAR,Fetranspor,338,17571189,"-22.9118","-43.1967"
421,421-VILA ISABEL X PRADO JUNIOR - CIRCULAR,Fetranspor,339,17571189,"-22.9118","-43.1967"
421,421-VILA ISABEL X PRADO JUNIOR - CIRCULAR,Fetranspor,340,17571189,"-22.9119","-43.197"
421,421-VILA ISABEL X PRADO JUNIOR - CIRCULAR,Fetranspor,341,17571189,"-22.9119","-43.197"
421,421-VILA ISABEL X PRADO JUNIOR - CIRCULAR,Fetranspor,342,17571189,"-22.912","-43.1975"
421,421-VILA ISABEL X PRADO JUNIOR - CIRCULAR,Fetranspor,343,17571189,"-22.912","-43.1975"
421,421-VILA ISABEL X PRADO JUNIOR - CIRCULAR,Fetranspor,344,17571189,"-22.9121","-43.1979"
421,421-VILA ISABEL X PRADO JUNIOR - CIRCULAR,Fetranspor,345,17571189,"-22.9121","-43.1979"
421,421-VILA ISABEL X PRADO JUNIOR - CIRCULAR,Fetranspor,346,17571189,"-22.9122","-43.1983"
421,421-VILA ISABEL X PRADO JUNIOR - CIRCULAR,Fetranspor,347,17571189,"-22.9122","-43.1983"
421,421-VILA ISABEL X PRADO JUNIOR - CIRCULAR,Fetranspor,348,17571189,"-22.9123","-43.1988"
421,421-VILA ISABEL X PRADO JUNIOR - CIRCULAR,Fetranspor,349,17571189,"-22.9123","-43.1988"
421,421-VILA ISABEL X PRADO JUNIOR - CIRCULAR,Fetranspor,350,17571189,"-22.9124","-43.1994"
421,421-VILA ISABEL X PRADO JUNIOR - CIRCULAR,Fetranspor,351,17571189,"-22.9124","-43.1994"
421,421-VILA ISABEL X PRADO JUNIOR - CIRCULAR,Fetranspor,352,17571189,"-22.9125","-43.2001"
421,421-VILA ISABEL X PRADO JUNIOR - CIRCULAR,Fetranspor,353,17571189,"-22.9125","-43.2001"
421,421-VILA ISABEL X PRADO JUNIOR - CIRCULAR,Fetranspor,354,17571189,"-22.9126","-43.2008"
421,421-VILA ISABEL X PRADO JUNIOR - CIRCULAR,Fetranspor,355,17571189,"-22.9126","-43.2008"
421,421-VILA ISABEL X PRADO JUNIOR - CIRCULAR,Fetranspor,356,17571189,"-22.9128","-43.2015"
421,421-VILA ISABEL X PRADO JUNIOR - CIRCULAR,Fetranspor,357,17571189,"-22.9129","-43.2024"
421,421-VILA ISABEL X PRADO JUNIOR - CIRCULAR,Fetranspor,358,17571189,"-22.9129","-43.2024"
421,421-VILA ISABEL X PRADO JUNIOR - CIRCULAR,Fetranspor,359,17571189,"-22.913","-43.2028"
421,421-VILA ISABEL X PRADO JUNIOR - CIRCULAR,Fetranspor,360,17571189,"-22.913","-43.203"
421,421-VILA ISABEL X PRADO JUNIOR - CIRCULAR,Fetranspor,361,17571189,"-22.913","-43.203"
421,421-VILA ISABEL X PRADO JUNIOR - CIRCULAR,Fetranspor,362,17571189,"-22.9131","-43.2031"
421,421-VILA ISABEL X PRADO JUNIOR - CIRCULAR,Fetranspor,363,17571189,"-22.9131","-43.2032"
421,421-VILA ISABEL X PRADO JUNIOR - CIRCULAR,Fetranspor,364,17571189,"-22.9132","-43.2034"
421,421-VILA ISABEL X PRADO JUNIOR - CIRCULAR,Fetranspor,365,17571189,"-22.9138","-43.2041"
421,421-VILA ISABEL X PRADO JUNIOR - CIRCULAR,Fetranspor,366,17571189,"-22.9138","-43.2041"
421,421-VILA ISABEL X PRADO JUNIOR - CIRCULAR,Fetranspor,367,17571189,"-22.9139","-43.2044"
421,421-VILA ISABEL X PRADO JUNIOR - CIRCULAR,Fetranspor,368,17571189,"-22.9139","-43.2047"
421,421-VILA ISABEL X PRADO JUNIOR - CIRCULAR,Fetranspor,369,17571189,"-22.9139","-43.2047"
421,421-VILA ISABEL X PRADO JUNIOR - CIRCULAR,Fetranspor,370,17571189,"-22.9144","-43.2065"
421,421-VILA ISABEL X PRADO JUNIOR - CIRCULAR,Fetranspor,371,17571189,"-22.9144","-43.2065"
421,421-VILA ISABEL X PRADO JUNIOR - CIRCULAR,Fetranspor,372,17571189,"-22.9144","-43.2066"
421,421-VILA ISABEL X PRADO JUNIOR - CIRCULAR,Fetranspor,373,17571189,"-22.9144","-43.2067"
421,421-VILA ISABEL X PRADO JUNIOR - CIRCULAR,Fetranspor,374,17571189,"-22.9144","-43.2068"
421,421-VILA ISABEL X PRADO JUNIOR - CIRCULAR,Fetranspor,375,17571189,"-22.9144","-43.2071"
421,421-VILA ISABEL X PRADO JUNIOR - CIRCULAR,Fetranspor,376,17571189,"-22.9143","-43.2072"
421,421-VILA ISABEL X PRADO JUNIOR - CIRCULAR,Fetranspor,377,17571189,"-22.9143","-43.2072"
421,421-VILA ISABEL X PRADO JUNIOR - CIRCULAR,Fetranspor,378,17571189,"-22.9143","-43.2075"
421,421-VILA ISABEL X PRADO JUNIOR - CIRCULAR,Fetranspor,379,17571189,"-22.9143","-43.2075"
421,421-VILA ISABEL X PRADO JUNIOR - CIRCULAR,Fetranspor,380,17571189,"-22.9145","-43.2076"
421,421-VILA ISABEL X PRADO JUNIOR - CIRCULAR,Fetranspor,381,17571189,"-22.9149","-43.2081"
421,421-VILA ISABEL X PRADO JUNIOR - CIRCULAR,Fetranspor,382,17571189,"-22.915","-43.2084"
421,421-VILA ISABEL X PRADO JUNIOR - CIRCULAR,Fetranspor,383,17571189,"-22.9152","-43.2087"
421,421-VILA ISABEL X PRADO JUNIOR - CIRCULAR,Fetranspor,384,17571189,"-22.9154","-43.2091"
421,421-VILA ISABEL X PRADO JUNIOR - CIRCULAR,Fetranspor,385,17571189,"-22.9155","-43.2094"
421,421-VILA ISABEL X PRADO JUNIOR - CIRCULAR,Fetranspor,386,17571189,"-22.9156","-43.21"
421,421-VILA ISABEL X PRADO JUNIOR - CIRCULAR,Fetranspor,387,17571189,"-22.9157","-43.2101"
421,421-VILA ISABEL X PRADO JUNIOR - CIRCULAR,Fetranspor,388,17571189,"-22.9157","-43.2101"
421,421-VILA ISABEL X PRADO JUNIOR - CIRCULAR,Fetranspor,389,17571189,"-22.9157","-43.2101"
421,421-VILA ISABEL X PRADO JUNIOR - CIRCULAR,Fetranspor,390,17571189,"-22.9157","-43.2102"
421,421-VILA ISABEL X PRADO JUNIOR - CIRCULAR,Fetranspor,391,17571189,"-22.9157","-43.2103"
421,421-VILA ISABEL X PRADO JUNIOR - CIRCULAR,Fetranspor,392,17571189,"-22.9157","-43.2103"
421,421-VILA ISABEL X PRADO JUNIOR - CIRCULAR,Fetranspor,393,17571189,"-22.9159","-43.2111"
421,421-VILA ISABEL X PRADO JUNIOR - CIRCULAR,Fetranspor,394,17571189,"-22.9159","-43.2113"
421,421-VILA ISABEL X PRADO JUNIOR - CIRCULAR,Fetranspor,395,17571189,"-22.9159","-43.2113"
421,421-VILA ISABEL X PRADO JUNIOR - CIRCULAR,Fetranspor,396,17571189,"-22.9159","-43.2113"
421,421-VILA ISABEL X PRADO JUNIOR - CIRCULAR,Fetranspor,397,17571189,"-22.9162","-43.2121"
421,421-VILA ISABEL X PRADO JUNIOR - CIRCULAR,Fetranspor,398,17571189,"-22.9162","-43.2123"
421,421-VILA ISABEL X PRADO JUNIOR - CIRCULAR,Fetranspor,399,17571189,"-22.9162","-43.2123"
421,421-VILA ISABEL X PRADO JUNIOR - CIRCULAR,Fetranspor,400,17571189,"-22.9165","-43.213"
421,421-VILA ISABEL X PRADO JUNIOR - CIRCULAR,Fetranspor,401,17571189,"-22.9165","-43.213"
421,421-VILA ISABEL X PRADO JUNIOR - CIRCULAR,Fetranspor,402,17571189,"-22.9167","-43.2135"
421,421-VILA ISABEL X PRADO JUNIOR - CIRCULAR,Fetranspor,403,17571189,"-22.9167","-43.2135"
421,421-VILA ISABEL X PRADO JUNIOR - CIRCULAR,Fetranspor,404,17571189,"-22.9171","-43.2146"
421,421-VILA ISABEL X PRADO JUNIOR - CIRCULAR,Fetranspor,405,17571189,"-22.9171","-43.2146"
421,421-VILA ISABEL X PRADO JUNIOR - CIRCULAR,Fetranspor,406,17571189,"-22.9173","-43.215"
421,421-VILA ISABEL X PRADO JUNIOR - CIRCULAR,Fetranspor,407,17571189,"-22.9173","-43.215"
421,421-VILA ISABEL X PRADO JUNIOR - CIRCULAR,Fetranspor,408,17571189,"-22.9174","-43.2154"
421,421-VILA ISABEL X PRADO JUNIOR - CIRCULAR,Fetranspor,409,17571189,"-22.9174","-43.2154"
421,421-VILA ISABEL X PRADO JUNIOR - CIRCULAR,Fetranspor,410,17571189,"-22.9175","-43.2156"
421,421-VILA ISABEL X PRADO JUNIOR - CIRCULAR,Fetranspor,411,17571189,"-22.9175","-43.2156"
421,421-VILA ISABEL X PRADO JUNIOR - CIRCULAR,Fetranspor,412,17571189,"-22.918","-43.2168"
421,421-VILA ISABEL X PRADO JUNIOR - CIRCULAR,Fetranspor,413,17571189,"-22.9181","-43.2169"
421,421-VILA ISABEL X PRADO JUNIOR - CIRCULAR,Fetranspor,414,17571189,"-22.9182","-43.2173"
421,421-VILA ISABEL X PRADO JUNIOR - CIRCULAR,Fetranspor,415,17571189,"-22.9182","-43.2173"
421,421-VILA ISABEL X PRADO JUNIOR - CIRCULAR,Fetranspor,416,17571189,"-22.9187","-43.2184"
421,421-VILA ISABEL X PRADO JUNIOR - CIRCULAR,Fetranspor,417,17571189,"-22.9187","-43.2184"
421,421-VILA ISABEL X PRADO JUNIOR - CIRCULAR,Fetranspor,418,17571189,"-22.919","-43.2192"
421,421-VILA ISABEL X PRADO JUNIOR - CIRCULAR,Fetranspor,419,17571189,"-22.9191","-43.2195"
421,421-VILA ISABEL X PRADO JUNIOR - CIRCULAR,Fetranspor,420,17571189,"-22.9191","-43.2195"
421,421-VILA ISABEL X PRADO JUNIOR - CIRCULAR,Fetranspor,421,17571189,"-22.9181","-43.2199"
421,421-VILA ISABEL X PRADO JUNIOR - CIRCULAR,Fetranspor,422,17571189,"-22.9181","-43.2199"
421,421-VILA ISABEL X PRADO JUNIOR - CIRCULAR,Fetranspor,423,17571189,"-22.918","-43.22"
421,421-VILA ISABEL X PRADO JUNIOR - CIRCULAR,Fetranspor,424,17571189,"-22.918","-43.22"
421,421-VILA ISABEL X PRADO JUNIOR - CIRCULAR,Fetranspor,425,17571189,"-22.9179","-43.2201"
421,421-VILA ISABEL X PRADO JUNIOR - CIRCULAR,Fetranspor,426,17571189,"-22.9179","-43.2201"
421,421-VILA ISABEL X PRADO JUNIOR - CIRCULAR,Fetranspor,427,17571189,"-22.9163","-43.2221"
421,421-VILA ISABEL X PRADO JUNIOR - CIRCULAR,Fetranspor,428,17571189,"-22.9163","-43.2221"
421,421-VILA ISABEL X PRADO JUNIOR - CIRCULAR,Fetranspor,429,17571189,"-22.9147","-43.2241"
421,421-VILA ISABEL X PRADO JUNIOR - CIRCULAR,Fetranspor,430,17571189,"-22.9147","-43.2241"
421,421-VILA ISABEL X PRADO JUNIOR - CIRCULAR,Fetranspor,431,17571189,"-22.9138","-43.2251"
421,421-VILA ISABEL X PRADO JUNIOR - CIRCULAR,Fetranspor,432,17571189,"-22.9138","-43.2251"
421,421-VILA ISABEL X PRADO JUNIOR - CIRCULAR,Fetranspor,433,17571189,"-22.9136","-43.2252"
421,421-VILA ISABEL X PRADO JUNIOR - CIRCULAR,Fetranspor,434,17571189,"-22.9136","-43.2252"
421,421-VILA ISABEL X PRADO JUNIOR - CIRCULAR,Fetranspor,435,17571189,"-22.9136","-43.2252"
421,421-VILA ISABEL X PRADO JUNIOR - CIRCULAR,Fetranspor,436,17571189,"-22.9135","-43.2252"
421,421-VILA ISABEL X PRADO JUNIOR - CIRCULAR,Fetranspor,437,17571189,"-22.9134","-43.2253"
421,421-VILA ISABEL X PRADO JUNIOR - CIRCULAR,Fetranspor,438,17571189,"-22.9133","-43.2253"
421,421-VILA ISABEL X PRADO JUNIOR - CIRCULAR,Fetranspor,439,17571189,"-22.9133","-43.2254"
421,421-VILA ISABEL X PRADO JUNIOR - CIRCULAR,Fetranspor,440,17571189,"-22.9133","-43.2254"
421,421-VILA ISABEL X PRADO JUNIOR - CIRCULAR,Fetranspor,441,17571189,"-22.9132","-43.2254"
421,421-VILA ISABEL X PRADO JUNIOR - CIRCULAR,Fetranspor,442,17571189,"-22.9126","-43.2261"
421,421-VILA ISABEL X PRADO JUNIOR - CIRCULAR,Fetranspor,443,17571189,"-22.9126","-43.2261"
421,421-VILA ISABEL X PRADO JUNIOR - CIRCULAR,Fetranspor,444,17571189,"-22.9126","-43.2262"
421,421-VILA ISABEL X PRADO JUNIOR - CIRCULAR,Fetranspor,445,17571189,"-22.9126","-43.2262"
421,421-VILA ISABEL X PRADO JUNIOR - CIRCULAR,Fetranspor,446,17571189,"-22.9124","-43.2264"
421,421-VILA ISABEL X PRADO JUNIOR - CIRCULAR,Fetranspor,447,17571189,"-22.9124","-43.2264"
421,421-VILA ISABEL X PRADO JUNIOR - CIRCULAR,Fetranspor,448,17571189,"-22.9123","-43.2265"
421,421-VILA ISABEL X PRADO JUNIOR - CIRCULAR,Fetranspor,449,17571189,"-22.9123","-43.2265"
421,421-VILA ISABEL X PRADO JUNIOR - CIRCULAR,Fetranspor,450,17571189,"-22.9122","-43.2266"
421,421-VILA ISABEL X PRADO JUNIOR - CIRCULAR,Fetranspor,451,17571189,"-22.9122","-43.2266"
421,421-VILA ISABEL X PRADO JUNIOR - CIRCULAR,Fetranspor,452,17571189,"-22.9131","-43.2273"
421,421-VILA ISABEL X PRADO JUNIOR - CIRCULAR,Fetranspor,453,17571189,"-22.9131","-43.2273"
421,421-VILA ISABEL X PRADO JUNIOR - CIRCULAR,Fetranspor,454,17571189,"-22.9139","-43.228"
421,421-VILA ISABEL X PRADO JUNIOR - CIRCULAR,Fetranspor,455,17571189,"-22.9142","-43.2282"
421,421-VILA ISABEL X PRADO JUNIOR - CIRCULAR,Fetranspor,456,17571189,"-22.9145","-43.2286"
421,421-VILA ISABEL X PRADO JUNIOR - CIRCULAR,Fetranspor,457,17571189,"-22.9146","-43.2286"
421,421-VILA ISABEL X PRADO JUNIOR - CIRCULAR,Fetranspor,458,17571189,"-22.9147","-43.2287"
421,421-VILA ISABEL X PRADO JUNIOR - CIRCULAR,Fetranspor,459,17571189,"-22.9151","-43.2291"
421,421-VILA ISABEL X PRADO JUNIOR - CIRCULAR,Fetranspor,460,17571189,"-22.9151","-43.2291"
421,421-VILA ISABEL X PRADO JUNIOR - CIRCULAR,Fetranspor,461,17571189,"-22.9159","-43.2298"
421,421-VILA ISABEL X PRADO JUNIOR - CIRCULAR,Fetranspor,462,17571189,"-22.916","-43.2298"
421,421-VILA ISABEL X PRADO JUNIOR - CIRCULAR,Fetranspor,463,17571189,"-22.9162","-43.2298"
421,421-VILA ISABEL X PRADO JUNIOR - CIRCULAR,Fetranspor,464,17571189,"-22.9162","-43.2298"
421,421-VILA ISABEL X PRADO JUNIOR - CIRCULAR,Fetranspor,465,17571189,"-22.9164","-43.23"
421,421-VILA ISABEL X PRADO JUNIOR - CIRCULAR,Fetranspor,466,17571189,"-22.9165","-43.23"
421,421-VILA ISABEL X PRADO JUNIOR - CIRCULAR,Fetranspor,467,17571189,"-22.9169","-43.2303"
421,421-VILA ISABEL X PRADO JUNIOR - CIRCULAR,Fetranspor,468,17571189,"-22.9169","-43.2303"
421,421-VILA ISABEL X PRADO JUNIOR - CIRCULAR,Fetranspor,469,17571189,"-22.9172","-43.2307"
421,421-VILA ISABEL X PRADO JUNIOR - CIRCULAR,Fetranspor,470,17571189,"-22.9172","-43.2307"
421,421-VILA ISABEL X PRADO JUNIOR - CIRCULAR,Fetranspor,471,17571189,"-22.9173","-43.2308"
421,421-VILA ISABEL X PRADO JUNIOR - CIRCULAR,Fetranspor,472,17571189,"-22.9178","-43.2313"
421,421-VILA ISABEL X PRADO JUNIOR - CIRCULAR,Fetranspor,473,17571189,"-22.9178","-43.2313"
421,421-VILA ISABEL X PRADO JUNIOR - CIRCULAR,Fetranspor,474,17571189,"-22.9181","-43.2318"
421,421-VILA ISABEL X PRADO JUNIOR - CIRCULAR,Fetranspor,475,17571189,"-22.9181","-43.2318"
421,421-VILA ISABEL X PRADO JUNIOR - CIRCULAR,Fetranspor,476,17571189,"-22.9182","-43.2321"
421,421-VILA ISABEL X PRADO JUNIOR - CIRCULAR,Fetranspor,477,17571189,"-22.9183","-43.2323"
421,421-VILA ISABEL X PRADO JUNIOR - CIRCULAR,Fetranspor,478,17571189,"-22.9183","-43.2323"
421,421-VILA ISABEL X PRADO JUNIOR - CIRCULAR,Fetranspor,479,17571189,"-22.9184","-43.2324"
421,421-VILA ISABEL X PRADO JUNIOR - CIRCULAR,Fetranspor,480,17571189,"-22.9188","-43.2328"
421,421-VILA ISABEL X PRADO JUNIOR - CIRCULAR,Fetranspor,481,17571189,"-22.9189","-43.233"
421,421-VILA ISABEL X PRADO JUNIOR - CIRCULAR,Fetranspor,482,17571189,"-22.9191","-43.2333"
421,421-VILA ISABEL X PRADO JUNIOR - CIRCULAR,Fetranspor,483,17571189,"-22.9192","-43.2334"
421,421-VILA ISABEL X PRADO JUNIOR - CIRCULAR,Fetranspor,484,17571189,"-22.9192","-43.2336"
421,421-VILA ISABEL X PRADO JUNIOR - CIRCULAR,Fetranspor,485,17571189,"-22.9192","-43.2336"
421,421-VILA ISABEL X PRADO JUNIOR - CIRCULAR,Fetranspor,486,17571189,"-22.9193","-43.2339"
421,421-VILA ISABEL X PRADO JUNIOR - CIRCULAR,Fetranspor,487,17571189,"-22.9193","-43.2339"
421,421-VILA ISABEL X PRADO JUNIOR - CIRCULAR,Fetranspor,488,17571189,"-22.9194","-43.2341"
421,421-VILA ISABEL X PRADO JUNIOR - CIRCULAR,Fetranspor,489,17571189,"-22.9194","-43.2341"
421,421-VILA ISABEL X PRADO JUNIOR - CIRCULAR,Fetranspor,490,17571189,"-22.9192","-43.2341"
421,421-VILA ISABEL X PRADO JUNIOR - CIRCULAR,Fetranspor,491,17571189,"-22.9192","-43.2342"
421,421-VILA ISABEL X PRADO JUNIOR - CIRCULAR,Fetranspor,492,17571189,"-22.9189","-43.2342"
421,421-VILA ISABEL X PRADO JUNIOR - CIRCULAR,Fetranspor,493,17571189,"-22.9189","-43.2343"
421,421-VILA ISABEL X PRADO JUNIOR - CIRCULAR,Fetranspor,494,17571189,"-22.9188","-43.2343"
421,421-VILA ISABEL X PRADO JUNIOR - CIRCULAR,Fetranspor,495,17571189,"-22.9188","-43.2343"
421,421-VILA ISABEL X PRADO JUNIOR - CIRCULAR,Fetranspor,496,17571189,"-22.9188","-43.2344"
421,421-VILA ISABEL X PRADO JUNIOR - CIRCULAR,Fetranspor,497,17571189,"-22.9188","-43.2344"
421,421-VILA ISABEL X PRADO JUNIOR - CIRCULAR,Fetranspor,498,17571189,"-22.9188","-43.2345"
421,421-VILA ISABEL X PRADO JUNIOR - CIRCULAR,Fetranspor,499,17571189,"-22.9188","-43.2345"
421,421-VILA ISABEL X PRADO JUNIOR - CIRCULAR,Fetranspor,500,17571189,"-22.9188","-43.2345"
421,421-VILA ISABEL X PRADO JUNIOR - CIRCULAR,Fetranspor,501,17571189,"-22.9186","-43.2346"
421,421-VILA ISABEL X PRADO JUNIOR - CIRCULAR,Fetranspor,502,17571189,"-22.9185","-43.2346"
421,421-VILA ISABEL X PRADO JUNIOR - CIRCULAR,Fetranspor,503,17571189,"-22.9171","-43.235"
421,421-VILA ISABEL X PRADO JUNIOR - CIRCULAR,Fetranspor,504,17571189,"-22.9171","-43.235"
421,421-VILA ISABEL X PRADO JUNIOR - CIRCULAR,Fetranspor,505,17571189,"-22.9161","-43.2352"
421,421-VILA ISABEL X PRADO JUNIOR - CIRCULAR,Fetranspor,506,17571189,"-22.9161","-43.2352"
421,421-VILA ISABEL X PRADO JUNIOR - CIRCULAR,Fetranspor,507,17571189,"-22.9157","-43.2353"
421,421-VILA ISABEL X PRADO JUNIOR - CIRCULAR,Fetranspor,508,17571189,"-22.9157","-43.2353"
421,421-VILA ISABEL X PRADO JUNIOR - CIRCULAR,Fetranspor,509,17571189,"-22.9155","-43.2353"
421,421-VILA ISABEL X PRADO JUNIOR - CIRCULAR,Fetranspor,510,17571189,"-22.9155","-43.2353"
421,421-VILA ISABEL X PRADO JUNIOR - CIRCULAR,Fetranspor,511,17571189,"-22.9146","-43.2356"
421,421-VILA ISABEL X PRADO JUNIOR - CIRCULAR,Fetranspor,512,17571189,"-22.9137","-43.2358"
421,421-VILA ISABEL X PRADO JUNIOR - CIRCULAR,Fetranspor,513,17571189,"-22.9137","-43.2358"
421,421-VILA ISABEL X PRADO JUNIOR - CIRCULAR,Fetranspor,514,17571189,"-22.9136","-43.2358"
421,421-VILA ISABEL X PRADO JUNIOR - CIRCULAR,Fetranspor,515,17571189,"-22.9136","-43.2358"
421,421-VILA ISABEL X PRADO JUNIOR - CIRCULAR,Fetranspor,516,17571189,"-22.9139","-43.2372"
421,421-VILA ISABEL X PRADO JUNIOR - CIRCULAR,Fetranspor,517,17571189,"-22.9139","-43.2372"
421,421-VILA ISABEL X PRADO JUNIOR - CIRCULAR,Fetranspor,518,17571189,"-22.914","-43.2373"
421,421-VILA ISABEL X PRADO JUNIOR - CIRCULAR,Fetranspor,519,17571189,"-22.914","-43.2373"
421,421-VILA ISABEL X PRADO JUNIOR - CIRCULAR,Fetranspor,520,17571189,"-22.9143","-43.2389"
421,421-VILA ISABEL X PRADO JUNIOR - CIRCULAR,Fetranspor,521,17571189,"-22.9143","-43.2389"
421,421-VILA ISABEL X PRADO JUNIOR - CIRCULAR,Fetranspor,522,17571189,"-22.9146","-43.2401"
421,421-VILA ISABEL X PRADO JUNIOR - CIRCULAR,Fetranspor,523,17571189,"-22.9146","-43.2402"
421,421-VILA ISABEL X PRADO JUNIOR - CIRCULAR,Fetranspor,524,17571189,"-22.9146","-43.2402"
421,421-VILA ISABEL X PRADO JUNIOR - CIRCULAR,Fetranspor,525,17571189,"-22.9148","-43.2409"
421,421-VILA ISABEL X PRADO JUNIOR - CIRCULAR,Fetranspor,526,17571189,"-22.9148","-43.2409"
421,421-VILA ISABEL X PRADO JUNIOR - CIRCULAR,Fetranspor,527,17571189,"-22.9149","-43.2416"
421,421-VILA ISABEL X PRADO JUNIOR - CIRCULAR,Fetranspor,528,17571189,"-22.915","-43.2422"
421,421-VILA ISABEL X PRADO JUNIOR - CIRCULAR,Fetranspor,529,17571189,"-22.915","-43.2422"
421,421-VILA ISABEL X PRADO JUNIOR - CIRCULAR,Fetranspor,530,17571189,"-22.9154","-43.244"
421,421-VILA ISABEL X PRADO JUNIOR - CIRCULAR,Fetranspor,531,17571189,"-22.9154","-43.244"
421,421-VILA ISABEL X PRADO JUNIOR - CIRCULAR,Fetranspor,532,17571189,"-22.9157","-43.2459"
421,421-VILA ISABEL X PRADO JUNIOR - CIRCULAR,Fetranspor,533,17571189,"-22.9157","-43.2459"
421,421-VILA ISABEL X PRADO JUNIOR - CIRCULAR,Fetranspor,534,17571189,"-22.9159","-43.2471"
421,421-VILA ISABEL X PRADO JUNIOR - CIRCULAR,Fetranspor,535,17571189,"-22.9159","-43.2471"
421,421-VILA ISABEL X PRADO JUNIOR - CIRCULAR,Fetranspor,536,17571189,"-22.916","-43.2474"
421,421-VILA ISABEL X PRADO JUNIOR - CIRCULAR,Fetranspor,537,17571189,"-22.9161","-43.2477"
421,421-VILA ISABEL X PRADO JUNIOR - CIRCULAR,Fetranspor,538,17571189,"-22.9161","-43.2477"
421,421-VILA ISABEL X PRADO JUNIOR - CIRCULAR,Fetranspor,539,17571189,"-22.9162","-43.2487"
421,421-VILA ISABEL X PRADO JUNIOR - CIRCULAR,Fetranspor,540,17571189,"-22.9163","-43.249"
421,421-VILA ISABEL X PRADO JUNIOR - CIRCULAR,Fetranspor,541,17571189,"-22.9165","-43.2501"
421,421-VILA ISABEL X PRADO JUNIOR - CIRCULAR,Fetranspor,542,17571189,"-22.9165","-43.2501"
421,421-VILA ISABEL X PRADO JUNIOR - CIRCULAR,Fetranspor,543,17571189,"-22.9165","-43.2502"
421,421-VILA ISABEL X PRADO JUNIOR - CIRCULAR,Fetranspor,0,17751357,"-22.9162","-43.2505"
421,421-VILA ISABEL X PRADO JUNIOR - CIRCULAR,Fetranspor,1,17751357,"-22.9161","-43.2506"
421,421-VILA ISABEL X PRADO JUNIOR - CIRCULAR,Fetranspor,2,17751357,"-22.9161","-43.2507"
421,421-VILA ISABEL X PRADO JUNIOR - CIRCULAR,Fetranspor,3,17751357,"-22.9162","-43.2509"
421,421-VILA ISABEL X PRADO JUNIOR - CIRCULAR,Fetranspor,4,17751357,"-22.9162","-43.251"
421,421-VILA ISABEL X PRADO JUNIOR - CIRCULAR,Fetranspor,5,17751357,"-22.9163","-43.2511"
421,421-VILA ISABEL X PRADO JUNIOR - CIRCULAR,Fetranspor,6,17751357,"-22.9163","-43.2512"
421,421-VILA ISABEL X PRADO JUNIOR - CIRCULAR,Fetranspor,7,17751357,"-22.9164","-43.2513"
421,421-VILA ISABEL X PRADO JUNIOR - CIRCULAR,Fetranspor,8,17751357,"-22.9165","-43.2514"
421,421-VILA ISABEL X PRADO JUNIOR - CIRCULAR,Fetranspor,9,17751357,"-22.9167","-43.2514"
421,421-VILA ISABEL X PRADO JUNIOR - CIRCULAR,Fetranspor,10,17751357,"-22.9167","-43.2514"
421,421-VILA ISABEL X PRADO JUNIOR - CIRCULAR,Fetranspor,11,17751357,"-22.9169","-43.2514"
421,421-VILA ISABEL X PRADO JUNIOR - CIRCULAR,Fetranspor,12,17751357,"-22.9169","-43.2514"
421,421-VILA ISABEL X PRADO JUNIOR - CIRCULAR,Fetranspor,13,17751357,"-22.9174","-43.2513"
421,421-VILA ISABEL X PRADO JUNIOR - CIRCULAR,Fetranspor,14,17751357,"-22.9174","-43.2513"
421,421-VILA ISABEL X PRADO JUNIOR - CIRCULAR,Fetranspor,15,17751357,"-22.9185","-43.251"
421,421-VILA ISABEL X PRADO JUNIOR - CIRCULAR,Fetranspor,16,17751357,"-22.9185","-43.251"
421,421-VILA ISABEL X PRADO JUNIOR - CIRCULAR,Fetranspor,17,17751357,"-22.9185","-43.2508"
421,421-VILA ISABEL X PRADO JUNIOR - CIRCULAR,Fetranspor,18,17751357,"-22.9185","-43.2508"
421,421-VILA ISABEL X PRADO JUNIOR - CIRCULAR,Fetranspor,19,17751357,"-22.9183","-43.2498"
421,421-VILA ISABEL X PRADO JUNIOR - CIRCULAR,Fetranspor,20,17751357,"-22.9183","-43.2498"
421,421-VILA ISABEL X PRADO JUNIOR - CIRCULAR,Fetranspor,21,17751357,"-22.9182","-43.249"
421,421-VILA ISABEL X PRADO JUNIOR - CIRCULAR,Fetranspor,22,17751357,"-22.9182","-43.249"
421,421-VILA ISABEL X PRADO JUNIOR - CIRCULAR,Fetranspor,23,17751357,"-22.9181","-43.2486"
421,421-VILA ISABEL X PRADO JUNIOR - CIRCULAR,Fetranspor,24,17751357,"-22.9181","-43.2486"
421,421-VILA ISABEL X PRADO JUNIOR - CIRCULAR,Fetranspor,25,17751357,"-22.9179","-43.2473"
421,421-VILA ISABEL X PRADO JUNIOR - CIRCULAR,Fetranspor,26,17751357,"-22.9179","-43.2473"
421,421-VILA ISABEL X PRADO JUNIOR - CIRCULAR,Fetranspor,27,17751357,"-22.9177","-43.2463"
421,421-VILA ISABEL X PRADO JUNIOR - CIRCULAR,Fetranspor,28,17751357,"-22.9177","-43.2463"
421,421-VILA ISABEL X PRADO JUNIOR - CIRCULAR,Fetranspor,29,17751357,"-22.9175","-43.2455"
421,421-VILA ISABEL X PRADO JUNIOR - CIRCULAR,Fetranspor,30,17751357,"-22.9175","-43.2455"
421,421-VILA ISABEL X PRADO JUNIOR - CIRCULAR,Fetranspor,31,17751357,"-22.9172","-43.2436"
421,421-VILA ISABEL X PRADO JUNIOR - CIRCULAR,Fetranspor,32,17751357,"-22.9172","-43.2436"
421,421-VILA ISABEL X PRADO JUNIOR - CIRCULAR,Fetranspor,33,17751357,"-22.917","-43.2425"
421,421-VILA ISABEL X PRADO JUNIOR - CIRCULAR,Fetranspor,34,17751357,"-22.9169","-43.2419"
421,421-VILA ISABEL X PRADO JUNIOR - CIRCULAR,Fetranspor,35,17751357,"-22.9168","-43.2418"
421,421-VILA ISABEL X PRADO JUNIOR - CIRCULAR,Fetranspor,36,17751357,"-22.9168","-43.2418"
421,421-VILA ISABEL X PRADO JUNIOR - CIRCULAR,Fetranspor,37,17751357,"-22.9166","-43.2407"
421,421-VILA ISABEL X PRADO JUNIOR - CIRCULAR,Fetranspor,38,17751357,"-22.9166","-43.2407"
421,421-VILA ISABEL X PRADO JUNIOR - CIRCULAR,Fetranspor,39,17751357,"-22.9166","-43.2403"
421,421-VILA ISABEL X PRADO JUNIOR - CIRCULAR,Fetranspor,40,17751357,"-22.9166","-43.2403"
421,421-VILA ISABEL X PRADO JUNIOR - CIRCULAR,Fetranspor,41,17751357,"-22.9166","-43.2402"
421,421-VILA ISABEL X PRADO JUNIOR - CIRCULAR,Fetranspor,42,17751357,"-22.9166","-43.2402"
421,421-VILA ISABEL X PRADO JUNIOR - CIRCULAR,Fetranspor,43,17751357,"-22.9166","-43.2402"
421,421-VILA ISABEL X PRADO JUNIOR - CIRCULAR,Fetranspor,44,17751357,"-22.9166","-43.24"
421,421-VILA ISABEL X PRADO JUNIOR - CIRCULAR,Fetranspor,45,17751357,"-22.9165","-43.2395"
421,421-VILA ISABEL X PRADO JUNIOR - CIRCULAR,Fetranspor,46,17751357,"-22.9164","-43.2387"
421,421-VILA ISABEL X PRADO JUNIOR - CIRCULAR,Fetranspor,47,17751357,"-22.9161","-43.2374"
421,421-VILA ISABEL X PRADO JUNIOR - CIRCULAR,Fetranspor,48,17751357,"-22.9158","-43.2359"
421,421-VILA ISABEL X PRADO JUNIOR - CIRCULAR,Fetranspor,49,17751357,"-22.9158","-43.2359"
421,421-VILA ISABEL X PRADO JUNIOR - CIRCULAR,Fetranspor,50,17751357,"-22.9157","-43.2353"
421,421-VILA ISABEL X PRADO JUNIOR - CIRCULAR,Fetranspor,51,17751357,"-22.9157","-43.2353"
421,421-VILA ISABEL X PRADO JUNIOR - CIRCULAR,Fetranspor,52,17751357,"-22.9156","-43.2351"
421,421-VILA ISABEL X PRADO JUNIOR - CIRCULAR,Fetranspor,53,17751357,"-22.9156","-43.2349"
421,421-VILA ISABEL X PRADO JUNIOR - CIRCULAR,Fetranspor,54,17751357,"-22.9155","-43.2347"
421,421-VILA ISABEL X PRADO JUNIOR - CIRCULAR,Fetranspor,55,17751357,"-22.9154","-43.2345"
421,421-VILA ISABEL X PRADO JUNIOR - CIRCULAR,Fetranspor,56,17751357,"-22.9154","-43.2345"
421,421-VILA ISABEL X PRADO JUNIOR - CIRCULAR,Fetranspor,57,17751357,"-22.9151","-43.2342"
421,421-VILA ISABEL X PRADO JUNIOR - CIRCULAR,Fetranspor,58,17751357,"-22.9151","-43.2342"
421,421-VILA ISABEL X PRADO JUNIOR - CIRCULAR,Fetranspor,59,17751357,"-22.9147","-43.2339"
421,421-VILA ISABEL X PRADO JUNIOR - CIRCULAR,Fetranspor,60,17751357,"-22.9143","-43.2335"
421,421-VILA ISABEL X PRADO JUNIOR - CIRCULAR,Fetranspor,61,17751357,"-22.9143","-43.2335"
421,421-VILA ISABEL X PRADO JUNIOR - CIRCULAR,Fetranspor,62,17751357,"-22.9147","-43.2331"
421,421-VILA ISABEL X PRADO JUNIOR - CIRCULAR,Fetranspor,63,17751357,"-22.9147","-43.2331"
421,421-VILA ISABEL X PRADO JUNIOR - CIRCULAR,Fetranspor,64,17751357,"-22.9149","-43.2329"
421,421-VILA ISABEL X PRADO JUNIOR - CIRCULAR,Fetranspor,65,17751357,"-22.9149","-43.2329"
421,421-VILA ISABEL X PRADO JUNIOR - CIRCULAR,Fetranspor,66,17751357,"-22.9149","-43.2328"
421,421-VILA ISABEL X PRADO JUNIOR - CIRCULAR,Fetranspor,67,17751357,"-22.915","-43.2327"
421,421-VILA ISABEL X PRADO JUNIOR - CIRCULAR,Fetranspor,68,17751357,"-22.9155","-43.2322"
421,421-VILA ISABEL X PRADO JUNIOR - CIRCULAR,Fetranspor,69,17751357,"-22.9155","-43.2321"
421,421-VILA ISABEL X PRADO JUNIOR - CIRCULAR,Fetranspor,70,17751357,"-22.9156","-43.2321"
421,421-VILA ISABEL X PRADO JUNIOR - CIRCULAR,Fetranspor,71,17751357,"-22.9156","-43.2321"
421,421-VILA ISABEL X PRADO JUNIOR - CIRCULAR,Fetranspor,72,17751357,"-22.9159","-43.2309"
421,421-VILA ISABEL X PRADO JUNIOR - CIRCULAR,Fetranspor,73,17751357,"-22.9159","-43.2309"
421,421-VILA ISABEL X PRADO JUNIOR - CIRCULAR,Fetranspor,74,17751357,"-22.9162","-43.2298"
421,421-VILA ISABEL X PRADO JUNIOR - CIRCULAR,Fetranspor,75,17751357,"-22.9162","-43.2298"
421,421-VILA ISABEL X PRADO JUNIOR - CIRCULAR,Fetranspor,76,17751357,"-22.9162","-43.2296"
421,421-VILA ISABEL X PRADO JUNIOR - CIRCULAR,Fetranspor,77,17751357,"-22.9162","-43.2296"
421,421-VILA ISABEL X PRADO JUNIOR - CIRCULAR,Fetranspor,78,17751357,"-22.9163","-43.2288"
421,421-VILA ISABEL X PRADO JUNIOR - CIRCULAR,Fetranspor,79,17751357,"-22.9163","-43.2288"
421,421-VILA ISABEL X PRADO JUNIOR - CIRCULAR,Fetranspor,80,17751357,"-22.9162","-43.2287"
421,421-VILA ISABEL X PRADO JUNIOR - CIRCULAR,Fetranspor,81,17751357,"-22.9162","-43.2287"
421,421-VILA ISABEL X PRADO JUNIOR - CIRCULAR,Fetranspor,82,17751357,"-22.9162","-43.2286"
421,421-VILA ISABEL X PRADO JUNIOR - CIRCULAR,Fetranspor,83,17751357,"-22.9162","-43.2286"
421,421-VILA ISABEL X PRADO JUNIOR - CIRCULAR,Fetranspor,84,17751357,"-22.9162","-43.2286"
421,421-VILA ISABEL X PRADO JUNIOR - CIRCULAR,Fetranspor,85,17751357,"-22.9162","-43.2285"
421,421-VILA ISABEL X PRADO JUNIOR - CIRCULAR,Fetranspor,86,17751357,"-22.9162","-43.2284"
421,421-VILA ISABEL X PRADO JUNIOR - CIRCULAR,Fetranspor,87,17751357,"-22.9163","-43.2272"
421,421-VILA ISABEL X PRADO JUNIOR - CIRCULAR,Fetranspor,88,17751357,"-22.9163","-43.227"
421,421-VILA ISABEL X PRADO JUNIOR - CIRCULAR,Fetranspor,89,17751357,"-22.9163","-43.227"
421,421-VILA ISABEL X PRADO JUNIOR - CIRCULAR,Fetranspor,90,17751357,"-22.9166","-43.2257"
421,421-VILA ISABEL X PRADO JUNIOR - CIRCULAR,Fetranspor,91,17751357,"-22.9166","-43.2257"
421,421-VILA ISABEL X PRADO JUNIOR - CIRCULAR,Fetranspor,92,17751357,"-22.9167","-43.2255"
421,421-VILA ISABEL X PRADO JUNIOR - CIRCULAR,Fetranspor,93,17751357,"-22.9168","-43.2254"
421,421-VILA ISABEL X PRADO JUNIOR - CIRCULAR,Fetranspor,94,17751357,"-22.9168","-43.2253"
421,421-VILA ISABEL X PRADO JUNIOR - CIRCULAR,Fetranspor,95,17751357,"-22.9171","-43.2251"
421,421-VILA ISABEL X PRADO JUNIOR - CIRCULAR,Fetranspor,96,17751357,"-22.9171","-43.2251"
421,421-VILA ISABEL X PRADO JUNIOR - CIRCULAR,Fetranspor,97,17751357,"-22.9172","-43.225"
421,421-VILA ISABEL X PRADO JUNIOR - CIRCULAR,Fetranspor,98,17751357,"-22.9172","-43.225"
421,421-VILA ISABEL X PRADO JUNIOR - CIRCULAR,Fetranspor,99,17751357,"-22.9176","-43.2248"
421,421-VILA ISABEL X PRADO JUNIOR - CIRCULAR,Fetranspor,100,17751357,"-22.9179","-43.2246"
421,421-VILA ISABEL X PRADO JUNIOR - CIRCULAR,Fetranspor,101,17751357,"-22.9181","-43.2244"
421,421-VILA ISABEL X PRADO JUNIOR - CIRCULAR,Fetranspor,102,17751357,"-22.9181","-43.2244"
421,421-VILA ISABEL X PRADO JUNIOR - CIRCULAR,Fetranspor,103,17751357,"-22.9184","-43.2242"
421,421-VILA ISABEL X PRADO JUNIOR - CIRCULAR,Fetranspor,104,17751357,"-22.9189","-43.2238"
421,421-VILA ISABEL X PRADO JUNIOR - CIRCULAR,Fetranspor,105,17751357,"-22.9189","-43.2238"
421,421-VILA ISABEL X PRADO JUNIOR - CIRCULAR,Fetranspor,106,17751357,"-22.9192","-43.2237"
421,421-VILA ISABEL X PRADO JUNIOR - CIRCULAR,Fetranspor,107,17751357,"-22.9196","-43.2234"
421,421-VILA ISABEL X PRADO JUNIOR - CIRCULAR,Fetranspor,108,17751357,"-22.9204","-43.2229"
421,421-VILA ISABEL X PRADO JUNIOR - CIRCULAR,Fetranspor,109,17751357,"-22.9204","-43.2229"
421,421-VILA ISABEL X PRADO JUNIOR - CIRCULAR,Fetranspor,110,17751357,"-22.9207","-43.2227"
421,421-VILA ISABEL X PRADO JUNIOR - CIRCULAR,Fetranspor,111,17751357,"-22.9207","-43.2227"
421,421-VILA ISABEL X PRADO JUNIOR - CIRCULAR,Fetranspor,112,17751357,"-22.9208","-43.2225"
421,421-VILA ISABEL X PRADO JUNIOR - CIRCULAR,Fetranspor,113,17751357,"-22.9216","-43.2218"
421,421-VILA ISABEL X PRADO JUNIOR - CIRCULAR,Fetranspor,114,17751357,"-22.9216","-43.2217"
421,421-VILA ISABEL X PRADO JUNIOR - CIRCULAR,Fetranspor,115,17751357,"-22.9217","-43.2216"
421,421-VILA ISABEL X PRADO JUNIOR - CIRCULAR,Fetranspor,116,17751357,"-22.9217","-43.2215"
421,421-VILA ISABEL X PRADO JUNIOR - CIRCULAR,Fetranspor,117,17751357,"-22.9218","-43.2213"
421,421-VILA ISABEL X PRADO JUNIOR - CIRCULAR,Fetranspor,118,17751357,"-22.9218","-43.2212"
421,421-VILA ISABEL X PRADO JUNIOR - CIRCULAR,Fetranspor,119,17751357,"-22.9218","-43.2212"
421,421-VILA ISABEL X PRADO JUNIOR - CIRCULAR,Fetranspor,120,17751357,"-22.9217","-43.2211"
421,421-VILA ISABEL X PRADO JUNIOR - CIRCULAR,Fetranspor,121,17751357,"-22.9216","-43.2209"
421,421-VILA ISABEL X PRADO JUNIOR - CIRCULAR,Fetranspor,122,17751357,"-22.9216","-43.2209"
421,421-VILA ISABEL X PRADO JUNIOR - CIRCULAR,Fetranspor,123,17751357,"-22.9216","-43.2207"
421,421-VILA ISABEL X PRADO JUNIOR - CIRCULAR,Fetranspor,124,17751357,"-22.9215","-43.2206"
421,421-VILA ISABEL X PRADO JUNIOR - CIRCULAR,Fetranspor,125,17751357,"-22.9215","-43.2206"
421,421-VILA ISABEL X PRADO JUNIOR - CIRCULAR,Fetranspor,126,17751357,"-22.9215","-43.2205"
421,421-VILA ISABEL X PRADO JUNIOR - CIRCULAR,Fetranspor,127,17751357,"-22.9215","-43.2205"
421,421-VILA ISABEL X PRADO JUNIOR - CIRCULAR,Fetranspor,128,17751357,"-22.9214","-43.2202"
421,421-VILA ISABEL X PRADO JUNIOR - CIRCULAR,Fetranspor,129,17751357,"-22.9214","-43.2202"
421,421-VILA ISABEL X PRADO JUNIOR - CIRCULAR,Fetranspor,130,17751357,"-22.9213","-43.2196"
421,421-VILA ISABEL X PRADO JUNIOR - CIRCULAR,Fetranspor,131,17751357,"-22.9213","-43.2196"
421,421-VILA ISABEL X PRADO JUNIOR - CIRCULAR,Fetranspor,132,17751357,"-22.9211","-43.2188"
421,421-VILA ISABEL X PRADO JUNIOR - CIRCULAR,Fetranspor,133,17751357,"-22.9211","-43.2188"
421,421-VILA ISABEL X PRADO JUNIOR - CIRCULAR,Fetranspor,134,17751357,"-22.9207","-43.2175"
421,421-VILA ISABEL X PRADO JUNIOR - CIRCULAR,Fetranspor,135,17751357,"-22.9207","-43.2174"
421,421-VILA ISABEL X PRADO JUNIOR - CIRCULAR,Fetranspor,136,17751357,"-22.9207","-43.2174"
421,421-VILA ISABEL X PRADO JUNIOR - CIRCULAR,Fetranspor,137,17751357,"-22.9206","-43.2173"
421,421-VILA ISABEL X PRADO JUNIOR - CIRCULAR,Fetranspor,138,17751357,"-22.9206","-43.2173"
421,421-VILA ISABEL X PRADO JUNIOR - CIRCULAR,Fetranspor,139,17751357,"-22.9203","-43.2166"
421,421-VILA ISABEL X PRADO JUNIOR - CIRCULAR,Fetranspor,140,17751357,"-22.9203","-43.2166"
421,421-VILA ISABEL X PRADO JUNIOR - CIRCULAR,Fetranspor,141,17751357,"-22.9202","-43.2164"
421,421-VILA ISABEL X PRADO JUNIOR - CIRCULAR,Fetranspor,142,17751357,"-22.9202","-43.2164"
421,421-VILA ISABEL X PRADO JUNIOR - CIRCULAR,Fetranspor,143,17751357,"-22.9201","-43.2162"
421,421-VILA ISABEL X PRADO JUNIOR - CIRCULAR,Fetranspor,144,17751357,"-22.92","-43.2159"
421,421-VILA ISABEL X PRADO JUNIOR - CIRCULAR,Fetranspor,145,17751357,"-22.92","-43.2159"
421,421-VILA ISABEL X PRADO JUNIOR - CIRCULAR,Fetranspor,146,17751357,"-22.9198","-43.2154"
421,421-VILA ISABEL X PRADO JUNIOR - CIRCULAR,Fetranspor,147,17751357,"-22.9198","-43.2154"
421,421-VILA ISABEL X PRADO JUNIOR - CIRCULAR,Fetranspor,148,17751357,"-22.9197","-43.2151"
421,421-VILA ISABEL X PRADO JUNIOR - CIRCULAR,Fetranspor,149,17751357,"-22.9197","-43.2151"
421,421-VILA ISABEL X PRADO JUNIOR - CIRCULAR,Fetranspor,150,17751357,"-22.9195","-43.2147"
421,421-VILA ISABEL X PRADO JUNIOR - CIRCULAR,Fetranspor,151,17751357,"-22.9192","-43.2141"
421,421-VILA ISABEL X PRADO JUNIOR - CIRCULAR,Fetranspor,152,17751357,"-22.9192","-43.2141"
421,421-VILA ISABEL X PRADO JUNIOR - CIRCULAR,Fetranspor,153,17751357,"-22.9191","-43.2139"
421,421-VILA ISABEL X PRADO JUNIOR - CIRCULAR,Fetranspor,154,17751357,"-22.9191","-43.2138"
421,421-VILA ISABEL X PRADO JUNIOR - CIRCULAR,Fetranspor,155,17751357,"-22.9191","-43.2138"
421,421-VILA ISABEL X PRADO JUNIOR - CIRCULAR,Fetranspor,156,17751357,"-22.919","-43.2137"
421,421-VILA ISABEL X PRADO JUNIOR - CIRCULAR,Fetranspor,157,17751357,"-22.9189","-43.2134"
421,421-VILA ISABEL X PRADO JUNIOR - CIRCULAR,Fetranspor,158,17751357,"-22.9189","-43.2134"
421,421-VILA ISABEL X PRADO JUNIOR - CIRCULAR,Fetranspor,159,17751357,"-22.9188","-43.2133"
421,421-VILA ISABEL X PRADO JUNIOR - CIRCULAR,Fetranspor,160,17751357,"-22.9183","-43.2124"
421,421-VILA ISABEL X PRADO JUNIOR - CIRCULAR,Fetranspor,161,17751357,"-22.9183","-43.2124"
421,421-VILA ISABEL X PRADO JUNIOR - CIRCULAR,Fetranspor,162,17751357,"-22.918","-43.212"
421,421-VILA ISABEL X PRADO JUNIOR - CIRCULAR,Fetranspor,163,17751357,"-22.918","-43.212"
421,421-VILA ISABEL X PRADO JUNIOR - CIRCULAR,Fetranspor,164,17751357,"-22.9179","-43.2119"
421,421-VILA ISABEL X PRADO JUNIOR - CIRCULAR,Fetranspor,165,17751357,"-22.9179","-43.2118"
421,421-VILA ISABEL X PRADO JUNIOR - CIRCULAR,Fetranspor,166,17751357,"-22.9179","-43.2118"
421,421-VILA ISABEL X PRADO JUNIOR - CIRCULAR,Fetranspor,167,17751357,"-22.9178","-43.2117"
421,421-VILA ISABEL X PRADO JUNIOR - CIRCULAR,Fetranspor,168,17751357,"-22.9176","-43.2115"
421,421-VILA ISABEL X PRADO JUNIOR - CIRCULAR,Fetranspor,169,17751357,"-22.9176","-43.2115"
421,421-VILA ISABEL X PRADO JUNIOR - CIRCULAR,Fetranspor,170,17751357,"-22.9175","-43.2112"
421,421-VILA ISABEL X PRADO JUNIOR - CIRCULAR,Fetranspor,171,17751357,"-22.9171","-43.2106"
421,421-VILA ISABEL X PRADO JUNIOR - CIRCULAR,Fetranspor,172,17751357,"-22.9171","-43.2106"
421,421-VILA ISABEL X PRADO JUNIOR - CIRCULAR,Fetranspor,173,17751357,"-22.9168","-43.2102"
421,421-VILA ISABEL X PRADO JUNIOR - CIRCULAR,Fetranspor,174,17751357,"-22.9168","-43.2102"
421,421-VILA ISABEL X PRADO JUNIOR - CIRCULAR,Fetranspor,175,17751357,"-22.9168","-43.2102"
421,421-VILA ISABEL X PRADO JUNIOR - CIRCULAR,Fetranspor,176,17751357,"-22.9167","-43.2101"
421,421-VILA ISABEL X PRADO JUNIOR - CIRCULAR,Fetranspor,177,17751357,"-22.9167","-43.21"
421,421-VILA ISABEL X PRADO JUNIOR - CIRCULAR,Fetranspor,178,17751357,"-22.9167","-43.21"
421,421-VILA ISABEL X PRADO JUNIOR - CIRCULAR,Fetranspor,179,17751357,"-22.9166","-43.2098"
421,421-VILA ISABEL X PRADO JUNIOR - CIRCULAR,Fetranspor,180,17751357,"-22.9166","-43.2098"
421,421-VILA ISABEL X PRADO JUNIOR - CIRCULAR,Fetranspor,181,17751357,"-22.916","-43.2089"
421,421-VILA ISABEL X PRADO JUNIOR - CIRCULAR,Fetranspor,182,17751357,"-22.916","-43.2089"
421,421-VILA ISABEL X PRADO JUNIOR - CIRCULAR,Fetranspor,183,17751357,"-22.9156","-43.2083"
421,421-VILA ISABEL X PRADO JUNIOR - CIRCULAR,Fetranspor,184,17751357,"-22.9156","-43.2083"
421,421-VILA ISABEL X PRADO JUNIOR - CIRCULAR,Fetranspor,185,17751357,"-22.9151","-43.2075"
421,421-VILA ISABEL X PRADO JUNIOR - CIRCULAR,Fetranspor,186,17751357,"-22.9151","-43.2075"
421,421-VILA ISABEL X PRADO JUNIOR - CIRCULAR,Fetranspor,187,17751357,"-22.9148","-43.2069"
421,421-VILA ISABEL X PRADO JUNIOR - CIRCULAR,Fetranspor,188,17751357,"-22.9147","-43.2068"
421,421-VILA ISABEL X PRADO JUNIOR - CIRCULAR,Fetranspor,189,17751357,"-22.9146","-43.2066"
421,421-VILA ISABEL X PRADO JUNIOR - CIRCULAR,Fetranspor,190,17751357,"-22.9146","-43.2066"
421,421-VILA ISABEL X PRADO JUNIOR - CIRCULAR,Fetranspor,191,17751357,"-22.9144","-43.2059"
421,421-VILA ISABEL X PRADO JUNIOR - CIRCULAR,Fetranspor,192,17751357,"-22.9142","-43.2054"
421,421-VILA ISABEL X PRADO JUNIOR - CIRCULAR,Fetranspor,193,17751357,"-22.9142","-43.2054"
421,421-VILA ISABEL X PRADO JUNIOR - CIRCULAR,Fetranspor,194,17751357,"-22.9142","-43.205"
421,421-VILA ISABEL X PRADO JUNIOR - CIRCULAR,Fetranspor,195,17751357,"-22.9142","-43.205"
421,421-VILA ISABEL X PRADO JUNIOR - CIRCULAR,Fetranspor,196,17751357,"-22.9141","-43.2047"
421,421-VILA ISABEL X PRADO JUNIOR - CIRCULAR,Fetranspor,197,17751357,"-22.914","-43.2044"
421,421-VILA ISABEL X PRADO JUNIOR - CIRCULAR,Fetranspor,198,17751357,"-22.9139","-43.2043"
421,421-VILA ISABEL X PRADO JUNIOR - CIRCULAR,Fetranspor,199,17751357,"-22.9139","-43.2042"
421,421-VILA ISABEL X PRADO JUNIOR - CIRCULAR,Fetranspor,200,17751357,"-22.9138","-43.2041"
421,421-VILA ISABEL X PRADO JUNIOR - CIRCULAR,Fetranspor,201,17751357,"-22.9138","-43.2041"
421,421-VILA ISABEL X PRADO JUNIOR - CIRCULAR,Fetranspor,202,17751357,"-22.9132","-43.2034"
421,421-VILA ISABEL X PRADO JUNIOR - CIRCULAR,Fetranspor,203,17751357,"-22.9131","-43.2032"
421,421-VILA ISABEL X PRADO JUNIOR - CIRCULAR,Fetranspor,204,17751357,"-22.9131","-43.2031"
421,421-VILA ISABEL X PRADO JUNIOR - CIRCULAR,Fetranspor,205,17751357,"-22.913","-43.203"
421,421-VILA ISABEL X PRADO JUNIOR - CIRCULAR,Fetranspor,206,17751357,"-22.913","-43.203"
421,421-VILA ISABEL X PRADO JUNIOR - CIRCULAR,Fetranspor,207,17751357,"-22.9132","-43.2025"
421,421-VILA ISABEL X PRADO JUNIOR - CIRCULAR,Fetranspor,208,17751357,"-22.9133","-43.2024"
421,421-VILA ISABEL X PRADO JUNIOR - CIRCULAR,Fetranspor,209,17751357,"-22.9133","-43.2024"
421,421-VILA ISABEL X PRADO JUNIOR - CIRCULAR,Fetranspor,210,17751357,"-22.9134","-43.2019"
421,421-VILA ISABEL X PRADO JUNIOR - CIRCULAR,Fetranspor,211,17751357,"-22.9137","-43.2009"
421,421-VILA ISABEL X PRADO JUNIOR - CIRCULAR,Fetranspor,212,17751357,"-22.9138","-43.2008"
421,421-VILA ISABEL X PRADO JUNIOR - CIRCULAR,Fetranspor,213,17751357,"-22.9138","-43.2008"
421,421-VILA ISABEL X PRADO JUNIOR - CIRCULAR,Fetranspor,214,17751357,"-22.9142","-43.1998"
421,421-VILA ISABEL X PRADO JUNIOR - CIRCULAR,Fetranspor,215,17751357,"-22.9143","-43.1996"
421,421-VILA ISABEL X PRADO JUNIOR - CIRCULAR,Fetranspor,216,17751357,"-22.9143","-43.1993"
421,421-VILA ISABEL X PRADO JUNIOR - CIRCULAR,Fetranspor,217,17751357,"-22.9143","-43.1993"
421,421-VILA ISABEL X PRADO JUNIOR - CIRCULAR,Fetranspor,218,17751357,"-22.9143","-43.1992"
421,421-VILA ISABEL X PRADO JUNIOR - CIRCULAR,Fetranspor,219,17751357,"-22.9143","-43.1992"
421,421-VILA ISABEL X PRADO JUNIOR - CIRCULAR,Fetranspor,220,17751357,"-22.9144","-43.1986"
421,421-VILA ISABEL X PRADO JUNIOR - CIRCULAR,Fetranspor,221,17751357,"-22.9144","-43.1986"
421,421-VILA ISABEL X PRADO JUNIOR - CIRCULAR,Fetranspor,222,17751357,"-22.9145","-43.1983"
421,421-VILA ISABEL X PRADO JUNIOR - CIRCULAR,Fetranspor,223,17751357,"-22.9144","-43.1981"
421,421-VILA ISABEL X PRADO JUNIOR - CIRCULAR,Fetranspor,224,17751357,"-22.9143","-43.1975"
421,421-VILA ISABEL X PRADO JUNIOR - CIRCULAR,Fetranspor,225,17751357,"-22.9143","-43.1971"
421,421-VILA ISABEL X PRADO JUNIOR - CIRCULAR,Fetranspor,226,17751357,"-22.9143","-43.1971"
421,421-VILA ISABEL X PRADO JUNIOR - CIRCULAR,Fetranspor,227,17751357,"-22.9142","-43.1967"
421,421-VILA ISABEL X PRADO JUNIOR - CIRCULAR,Fetranspor,228,17751357,"-22.9142","-43.1967"
421,421-VILA ISABEL X PRADO JUNIOR - CIRCULAR,Fetranspor,229,17751357,"-22.9141","-43.1961"
421,421-VILA ISABEL X PRADO JUNIOR - CIRCULAR,Fetranspor,230,17751357,"-22.9141","-43.1961"
421,421-VILA ISABEL X PRADO JUNIOR - CIRCULAR,Fetranspor,231,17751357,"-22.914","-43.1957"
421,421-VILA ISABEL X PRADO JUNIOR - CIRCULAR,Fetranspor,232,17751357,"-22.914","-43.1957"
421,421-VILA ISABEL X PRADO JUNIOR - CIRCULAR,Fetranspor,233,17751357,"-22.9139","-43.195"
421,421-VILA ISABEL X PRADO JUNIOR - CIRCULAR,Fetranspor,234,17751357,"-22.9139","-43.1949"
421,421-VILA ISABEL X PRADO JUNIOR - CIRCULAR,Fetranspor,235,17751357,"-22.9139","-43.1949"
421,421-VILA ISABEL X PRADO JUNIOR - CIRCULAR,Fetranspor,236,17751357,"-22.9139","-43.1949"
421,421-VILA ISABEL X PRADO JUNIOR - CIRCULAR,Fetranspor,237,17751357,"-22.9139","-43.1946"
421,421-VILA ISABEL X PRADO JUNIOR - CIRCULAR,Fetranspor,238,17751357,"-22.9139","-43.1946"
421,421-VILA ISABEL X PRADO JUNIOR - CIRCULAR,Fetranspor,239,17751357,"-22.9138","-43.1941"
421,421-VILA ISABEL X PRADO JUNIOR - CIRCULAR,Fetranspor,240,17751357,"-22.9138","-43.1938"
421,421-VILA ISABEL X PRADO JUNIOR - CIRCULAR,Fetranspor,241,17751357,"-22.9138","-43.1938"
421,421-VILA ISABEL X PRADO JUNIOR - CIRCULAR,Fetranspor,242,17751357,"-22.9137","-43.1934"
421,421-VILA ISABEL X PRADO JUNIOR - CIRCULAR,Fetranspor,243,17751357,"-22.9137","-43.1932"
421,421-VILA ISABEL X PRADO JUNIOR - CIRCULAR,Fetranspor,244,17751357,"-22.9135","-43.1927"
421,421-VILA ISABEL X PRADO JUNIOR - CIRCULAR,Fetranspor,245,17751357,"-22.9134","-43.1924"
421,421-VILA ISABEL X PRADO JUNIOR - CIRCULAR,Fetranspor,246,17751357,"-22.9134","-43.1924"
421,421-VILA ISABEL X PRADO JUNIOR - CIRCULAR,Fetranspor,247,17751357,"-22.913","-43.1913"
421,421-VILA ISABEL X PRADO JUNIOR - CIRCULAR,Fetranspor,248,17751357,"-22.913","-43.1913"
421,421-VILA ISABEL X PRADO JUNIOR - CIRCULAR,Fetranspor,249,17751357,"-22.9135","-43.1907"
421,421-VILA ISABEL X PRADO JUNIOR - CIRCULAR,Fetranspor,250,17751357,"-22.9138","-43.1903"
421,421-VILA ISABEL X PRADO JUNIOR - CIRCULAR,Fetranspor,251,17751357,"-22.9138","-43.1903"
421,421-VILA ISABEL X PRADO JUNIOR - CIRCULAR,Fetranspor,252,17751357,"-22.9144","-43.1896"
421,421-VILA ISABEL X PRADO JUNIOR - CIRCULAR,Fetranspor,253,17751357,"-22.9144","-43.1896"
421,421-VILA ISABEL X PRADO JUNIOR - CIRCULAR,Fetranspor,254,17751357,"-22.9145","-43.1895"
421,421-VILA ISABEL X PRADO JUNIOR - CIRCULAR,Fetranspor,255,17751357,"-22.9146","-43.1894"
421,421-VILA ISABEL X PRADO JUNIOR - CIRCULAR,Fetranspor,256,17751357,"-22.9146","-43.1894"
421,421-VILA ISABEL X PRADO JUNIOR - CIRCULAR,Fetranspor,257,17751357,"-22.9146","-43.1893"
421,421-VILA ISABEL X PRADO JUNIOR - CIRCULAR,Fetranspor,258,17751357,"-22.9149","-43.1885"
421,421-VILA ISABEL X PRADO JUNIOR - CIRCULAR,Fetranspor,259,17751357,"-22.9149","-43.1885"
421,421-VILA ISABEL X PRADO JUNIOR - CIRCULAR,Fetranspor,260,17751357,"-22.9149","-43.1884"
421,421-VILA ISABEL X PRADO JUNIOR - CIRCULAR,Fetranspor,261,17751357,"-22.915","-43.1882"
421,421-VILA ISABEL X PRADO JUNIOR - CIRCULAR,Fetranspor,262,17751357,"-22.915","-43.1882"
421,421-VILA ISABEL X PRADO JUNIOR - CIRCULAR,Fetranspor,263,17751357,"-22.915","-43.1881"
421,421-VILA ISABEL X PRADO JUNIOR - CIRCULAR,Fetranspor,264,17751357,"-22.9149","-43.1874"
421,421-VILA ISABEL X PRADO JUNIOR - CIRCULAR,Fetranspor,265,17751357,"-22.9149","-43.1874"
421,421-VILA ISABEL X PRADO JUNIOR - CIRCULAR,Fetranspor,266,17751357,"-22.9149","-43.187"
421,421-VILA ISABEL X PRADO JUNIOR - CIRCULAR,Fetranspor,267,17751357,"-22.9149","-43.187"
421,421-VILA ISABEL X PRADO JUNIOR - CIRCULAR,Fetranspor,268,17751357,"-22.9149","-43.1868"
421,421-VILA ISABEL X PRADO JUNIOR - CIRCULAR,Fetranspor,269,17751357,"-22.9149","-43.1868"
421,421-VILA ISABEL X PRADO JUNIOR - CIRCULAR,Fetranspor,270,17751357,"-22.9149","-43.1861"
421,421-VILA ISABEL X PRADO JUNIOR - CIRCULAR,Fetranspor,271,17751357,"-22.9149","-43.1859"
421,421-VILA ISABEL X PRADO JUNIOR - CIRCULAR,Fetranspor,272,17751357,"-22.9149","-43.1857"
421,421-VILA ISABEL X PRADO JUNIOR - CIRCULAR,Fetranspor,273,17751357,"-22.9148","-43.1856"
421,421-VILA ISABEL X PRADO JUNIOR - CIRCULAR,Fetranspor,274,17751357,"-22.9147","-43.185"
421,421-VILA ISABEL X PRADO JUNIOR - CIRCULAR,Fetranspor,275,17751357,"-22.9144","-43.1843"
421,421-VILA ISABEL X PRADO JUNIOR - CIRCULAR,Fetranspor,276,17751357,"-22.9144","-43.1842"
421,421-VILA ISABEL X PRADO JUNIOR - CIRCULAR,Fetranspor,277,17751357,"-22.9144","-43.1839"
421,421-VILA ISABEL X PRADO JUNIOR - CIRCULAR,Fetranspor,278,17751357,"-22.9144","-43.1839"
421,421-VILA ISABEL X PRADO JUNIOR - CIRCULAR,Fetranspor,279,17751357,"-22.9143","-43.1833"
421,421-VILA ISABEL X PRADO JUNIOR - CIRCULAR,Fetranspor,280,17751357,"-22.9143","-43.1832"
421,421-VILA ISABEL X PRADO JUNIOR - CIRCULAR,Fetranspor,281,17751357,"-22.9141","-43.1825"
421,421-VILA ISABEL X PRADO JUNIOR - CIRCULAR,Fetranspor,282,17751357,"-22.9141","-43.1825"
421,421-VILA ISABEL X PRADO JUNIOR - CIRCULAR,Fetranspor,283,17751357,"-22.9139","-43.1819"
421,421-VILA ISABEL X PRADO JUNIOR - CIRCULAR,Fetranspor,284,17751357,"-22.9139","-43.1819"
421,421-VILA ISABEL X PRADO JUNIOR - CIRCULAR,Fetranspor,285,17751357,"-22.9138","-43.1814"
421,421-VILA ISABEL X PRADO JUNIOR - CIRCULAR,Fetranspor,286,17751357,"-22.9138","-43.1814"
421,421-VILA ISABEL X PRADO JUNIOR - CIRCULAR,Fetranspor,287,17751357,"-22.9135","-43.1804"
421,421-VILA ISABEL X PRADO JUNIOR - CIRCULAR,Fetranspor,288,17751357,"-22.9135","-43.1804"
421,421-VILA ISABEL X PRADO JUNIOR - CIRCULAR,Fetranspor,289,17751357,"-22.9135","-43.1804"
421,421-VILA ISABEL X PRADO JUNIOR - CIRCULAR,Fetranspor,290,17751357,"-22.9134","-43.1804"
421,421-VILA ISABEL X PRADO JUNIOR - CIRCULAR,Fetranspor,291,17751357,"-22.9134","-43.1804"
421,421-VILA ISABEL X PRADO JUNIOR - CIRCULAR,Fetranspor,292,17751357,"-22.9134","-43.1802"
421,421-VILA ISABEL X PRADO JUNIOR - CIRCULAR,Fetranspor,293,17751357,"-22.9134","-43.1801"
421,421-VILA ISABEL X PRADO JUNIOR - CIRCULAR,Fetranspor,294,17751357,"-22.9135","-43.1797"
421,421-VILA ISABEL X PRADO JUNIOR - CIRCULAR,Fetranspor,295,17751357,"-22.9135","-43.1797"
421,421-VILA ISABEL X PRADO JUNIOR - CIRCULAR,Fetranspor,296,17751357,"-22.9136","-43.1788"
421,421-VILA ISABEL X PRADO JUNIOR - CIRCULAR,Fetranspor,297,17751357,"-22.9137","-43.1788"
421,421-VILA ISABEL X PRADO JUNIOR - CIRCULAR,Fetranspor,298,17751357,"-22.9137","-43.1787"
421,421-VILA ISABEL X PRADO JUNIOR - CIRCULAR,Fetranspor,299,17751357,"-22.9137","-43.1787"
421,421-VILA ISABEL X PRADO JUNIOR - CIRCULAR,Fetranspor,300,17751357,"-22.9138","-43.1787"
421,421-VILA ISABEL X PRADO JUNIOR - CIRCULAR,Fetranspor,301,17751357,"-22.9142","-43.1782"
421,421-VILA ISABEL X PRADO JUNIOR - CIRCULAR,Fetranspor,302,17751357,"-22.9144","-43.1781"
421,421-VILA ISABEL X PRADO JUNIOR - CIRCULAR,Fetranspor,303,17751357,"-22.9144","-43.1781"
421,421-VILA ISABEL X PRADO JUNIOR - CIRCULAR,Fetranspor,304,17751357,"-22.9143","-43.178"
421,421-VILA ISABEL X PRADO JUNIOR - CIRCULAR,Fetranspor,305,17751357,"-22.9142","-43.1778"
421,421-VILA ISABEL X PRADO JUNIOR - CIRCULAR,Fetranspor,306,17751357,"-22.9142","-43.1778"
421,421-VILA ISABEL X PRADO JUNIOR - CIRCULAR,Fetranspor,307,17751357,"-22.9141","-43.1777"
421,421-VILA ISABEL X PRADO JUNIOR - CIRCULAR,Fetranspor,308,17751357,"-22.9141","-43.1777"
421,421-VILA ISABEL X PRADO JUNIOR - CIRCULAR,Fetranspor,309,17751357,"-22.9142","-43.1776"
421,421-VILA ISABEL X PRADO JUNIOR - CIRCULAR,Fetranspor,310,17751357,"-22.9142","-43.1773"
421,421-VILA ISABEL X PRADO JUNIOR - CIRCULAR,Fetranspor,311,17751357,"-22.9142","-43.1773"
421,421-VILA ISABEL X PRADO JUNIOR - CIRCULAR,Fetranspor,312,17751357,"-22.9144","-43.1764"
421,421-VILA ISABEL X PRADO JUNIOR - CIRCULAR,Fetranspor,313,17751357,"-22.9144","-43.1764"
421,421-VILA ISABEL X PRADO JUNIOR - CIRCULAR,Fetranspor,314,17751357,"-22.9145","-43.1762"
421,421-VILA ISABEL X PRADO JUNIOR - CIRCULAR,Fetranspor,315,17751357,"-22.9144","-43.1761"
421,421-VILA ISABEL X PRADO JUNIOR - CIRCULAR,Fetranspor,316,17751357,"-22.9144","-43.176"
421,421-VILA ISABEL X PRADO JUNIOR - CIRCULAR,Fetranspor,317,17751357,"-22.9144","-43.176"
421,421-VILA ISABEL X PRADO JUNIOR - CIRCULAR,Fetranspor,318,17751357,"-22.9145","-43.1759"
421,421-VILA ISABEL X PRADO JUNIOR - CIRCULAR,Fetranspor,319,17751357,"-22.9145","-43.1759"
421,421-VILA ISABEL X PRADO JUNIOR - CIRCULAR,Fetranspor,320,17751357,"-22.9145","-43.1759"
421,421-VILA ISABEL X PRADO JUNIOR - CIRCULAR,Fetranspor,321,17751357,"-22.9146","-43.176"
421,421-VILA ISABEL X PRADO JUNIOR - CIRCULAR,Fetranspor,322,17751357,"-22.9149","-43.1761"
421,421-VILA ISABEL X PRADO JUNIOR - CIRCULAR,Fetranspor,323,17751357,"-22.9151","-43.1761"
421,421-VILA ISABEL X PRADO JUNIOR - CIRCULAR,Fetranspor,324,17751357,"-22.9174","-43.1765"
421,421-VILA ISABEL X PRADO JUNIOR - CIRCULAR,Fetranspor,325,17751357,"-22.9181","-43.1766"
421,421-VILA ISABEL X PRADO JUNIOR - CIRCULAR,Fetranspor,326,17751357,"-22.9182","-43.1766"
421,421-VILA ISABEL X PRADO JUNIOR - CIRCULAR,Fetranspor,327,17751357,"-22.9184","-43.1766"
421,421-VILA ISABEL X PRADO JUNIOR - CIRCULAR,Fetranspor,328,17751357,"-22.9185","-43.1765"
421,421-VILA ISABEL X PRADO JUNIOR - CIRCULAR,Fetranspor,329,17751357,"-22.9186","-43.1765"
421,421-VILA ISABEL X PRADO JUNIOR - CIRCULAR,Fetranspor,330,17751357,"-22.9187","-43.1764"
421,421-VILA ISABEL X PRADO JUNIOR - CIRCULAR,Fetranspor,331,17751357,"-22.9189","-43.1763"
421,421-VILA ISABEL X PRADO JUNIOR - CIRCULAR,Fetranspor,332,17751357,"-22.9193","-43.1758"
421,421-VILA ISABEL X PRADO JUNIOR - CIRCULAR,Fetranspor,333,17751357,"-22.9193","-43.1758"
421,421-VILA ISABEL X PRADO JUNIOR - CIRCULAR,Fetranspor,334,17751357,"-22.9197","-43.1753"
421,421-VILA ISABEL X PRADO JUNIOR - CIRCULAR,Fetranspor,335,17751357,"-22.92","-43.1749"
421,421-VILA ISABEL X PRADO JUNIOR - CIRCULAR,Fetranspor,336,17751357,"-22.9203","-43.1746"
421,421-VILA ISABEL X PRADO JUNIOR - CIRCULAR,Fetranspor,337,17751357,"-22.9204","-43.1745"
421,421-VILA ISABEL X PRADO JUNIOR - CIRCULAR,Fetranspor,338,17751357,"-22.9205","-43.1745"
421,421-VILA ISABEL X PRADO JUNIOR - CIRCULAR,Fetranspor,339,17751357,"-22.9205","-43.1745"
421,421-VILA ISABEL X PRADO JUNIOR - CIRCULAR,Fetranspor,340,17751357,"-22.9211","-43.1738"
421,421-VILA ISABEL X PRADO JUNIOR - CIRCULAR,Fetranspor,341,17751357,"-22.9214","-43.1733"
421,421-VILA ISABEL X PRADO JUNIOR - CIRCULAR,Fetranspor,342,17751357,"-22.9216","-43.1731"
421,421-VILA ISABEL X PRADO JUNIOR - CIRCULAR,Fetranspor,343,17751357,"-22.9218","-43.1729"
421,421-VILA ISABEL X PRADO JUNIOR - CIRCULAR,Fetranspor,344,17751357,"-22.9221","-43.1727"
421,421-VILA ISABEL X PRADO JUNIOR - CIRCULAR,Fetranspor,345,17751357,"-22.9223","-43.1726"
421,421-VILA ISABEL X PRADO JUNIOR - CIRCULAR,Fetranspor,346,17751357,"-22.9226","-43.1725"
421,421-VILA ISABEL X PRADO JUNIOR - CIRCULAR,Fetranspor,347,17751357,"-22.9228","-43.1724"
421,421-VILA ISABEL X PRADO JUNIOR - CIRCULAR,Fetranspor,348,17751357,"-22.923","-43.1724"
421,421-VILA ISABEL X PRADO JUNIOR - CIRCULAR,Fetranspor,349,17751357,"-22.9232","-43.1724"
421,421-VILA ISABEL X PRADO JUNIOR - CIRCULAR,Fetranspor,350,17751357,"-22.9235","-43.1724"
421,421-VILA ISABEL X PRADO JUNIOR - CIRCULAR,Fetranspor,351,17751357,"-22.9237","-43.1724"
421,421-VILA ISABEL X PRADO JUNIOR - CIRCULAR,Fetranspor,352,17751357,"-22.924","-43.1725"
421,421-VILA ISABEL X PRADO JUNIOR - CIRCULAR,Fetranspor,353,17751357,"-22.9244","-43.1726"
421,421-VILA ISABEL X PRADO JUNIOR - CIRCULAR,Fetranspor,354,17751357,"-22.9254","-43.1729"
421,421-VILA ISABEL X PRADO JUNIOR - CIRCULAR,Fetranspor,355,17751357,"-22.9254","-43.1729"
421,421-VILA ISABEL X PRADO JUNIOR - CIRCULAR,Fetranspor,356,17751357,"-22.926","-43.1731"
421,421-VILA ISABEL X PRADO JUNIOR - CIRCULAR,Fetranspor,357,17751357,"-22.9277","-43.1736"
421,421-VILA ISABEL X PRADO JUNIOR - CIRCULAR,Fetranspor,358,17751357,"-22.9277","-43.1736"
421,421-VILA ISABEL X PRADO JUNIOR - CIRCULAR,Fetranspor,359,17751357,"-22.9292","-43.1741"
421,421-VILA ISABEL X PRADO JUNIOR - CIRCULAR,Fetranspor,360,17751357,"-22.9294","-43.1741"
421,421-VILA ISABEL X PRADO JUNIOR - CIRCULAR,Fetranspor,361,17751357,"-22.9296","-43.1742"
421,421-VILA ISABEL X PRADO JUNIOR - CIRCULAR,Fetranspor,362,17751357,"-22.9301","-43.1742"
421,421-VILA ISABEL X PRADO JUNIOR - CIRCULAR,Fetranspor,363,17751357,"-22.9301","-43.1742"
421,421-VILA ISABEL X PRADO JUNIOR - CIRCULAR,Fetranspor,364,17751357,"-22.9309","-43.1743"
421,421-VILA ISABEL X PRADO JUNIOR - CIRCULAR,Fetranspor,365,17751357,"-22.9309","-43.1743"
421,421-VILA ISABEL X PRADO JUNIOR - CIRCULAR,Fetranspor,366,17751357,"-22.9318","-43.1744"
421,421-VILA ISABEL X PRADO JUNIOR - CIRCULAR,Fetranspor,367,17751357,"-22.9327","-43.1745"
421,421-VILA ISABEL X PRADO JUNIOR - CIRCULAR,Fetranspor,368,17751357,"-22.9332","-43.1745"
421,421-VILA ISABEL X PRADO JUNIOR - CIRCULAR,Fetranspor,369,17751357,"-22.9332","-43.1745"
421,421-VILA ISABEL X PRADO JUNIOR - CIRCULAR,Fetranspor,370,17751357,"-22.9334","-43.1745"
421,421-VILA ISABEL X PRADO JUNIOR - CIRCULAR,Fetranspor,371,17751357,"-22.9349","-43.1743"
421,421-VILA ISABEL X PRADO JUNIOR - CIRCULAR,Fetranspor,372,17751357,"-22.9352","-43.1742"
421,421-VILA ISABEL X PRADO JUNIOR - CIRCULAR,Fetranspor,373,17751357,"-22.9352","-43.1742"
421,421-VILA ISABEL X PRADO JUNIOR - CIRCULAR,Fetranspor,374,17751357,"-22.9373","-43.1739"
421,421-VILA ISABEL X PRADO JUNIOR - CIRCULAR,Fetranspor,375,17751357,"-22.9373","-43.1739"
421,421-VILA ISABEL X PRADO JUNIOR - CIRCULAR,Fetranspor,376,17751357,"-22.9379","-43.1738"
421,421-VILA ISABEL X PRADO JUNIOR - CIRCULAR,Fetranspor,377,17751357,"-22.9382","-43.1737"
421,421-VILA ISABEL X PRADO JUNIOR - CIRCULAR,Fetranspor,378,17751357,"-22.9382","-43.1737"
421,421-VILA ISABEL X PRADO JUNIOR - CIRCULAR,Fetranspor,379,17751357,"-22.9384","-43.1737"
421,421-VILA ISABEL X PRADO JUNIOR - CIRCULAR,Fetranspor,380,17751357,"-22.9385","-43.1737"
421,421-VILA ISABEL X PRADO JUNIOR - CIRCULAR,Fetranspor,381,17751357,"-22.9386","-43.1737"
421,421-VILA ISABEL X PRADO JUNIOR - CIRCULAR,Fetranspor,382,17751357,"-22.9387","-43.1738"
421,421-VILA ISABEL X PRADO JUNIOR - CIRCULAR,Fetranspor,383,17751357,"-22.9387","-43.1738"
421,421-VILA ISABEL X PRADO JUNIOR - CIRCULAR,Fetranspor,384,17751357,"-22.9388","-43.174"
421,421-VILA ISABEL X PRADO JUNIOR - CIRCULAR,Fetranspor,385,17751357,"-22.9389","-43.1741"
421,421-VILA ISABEL X PRADO JUNIOR - CIRCULAR,Fetranspor,386,17751357,"-22.9389","-43.1741"
421,421-VILA ISABEL X PRADO JUNIOR - CIRCULAR,Fetranspor,387,17751357,"-22.9393","-43.1745"
421,421-VILA ISABEL X PRADO JUNIOR - CIRCULAR,Fetranspor,388,17751357,"-22.9393","-43.1745"
421,421-VILA ISABEL X PRADO JUNIOR - CIRCULAR,Fetranspor,389,17751357,"-22.9398","-43.1751"
421,421-VILA ISABEL X PRADO JUNIOR - CIRCULAR,Fetranspor,390,17751357,"-22.9398","-43.1751"
421,421-VILA ISABEL X PRADO JUNIOR - CIRCULAR,Fetranspor,391,17751357,"-22.9405","-43.176"
421,421-VILA ISABEL X PRADO JUNIOR - CIRCULAR,Fetranspor,392,17751357,"-22.9405","-43.176"
421,421-VILA ISABEL X PRADO JUNIOR - CIRCULAR,Fetranspor,393,17751357,"-22.9411","-43.1766"
421,421-VILA ISABEL X PRADO JUNIOR - CIRCULAR,Fetranspor,394,17751357,"-22.9411","-43.1767"
421,421-VILA ISABEL X PRADO JUNIOR - CIRCULAR,Fetranspor,395,17751357,"-22.9412","-43.1767"
421,421-VILA ISABEL X PRADO JUNIOR - CIRCULAR,Fetranspor,396,17751357,"-22.9412","-43.1767"
421,421-VILA ISABEL X PRADO JUNIOR - CIRCULAR,Fetranspor,397,17751357,"-22.9418","-43.1774"
421,421-VILA ISABEL X PRADO JUNIOR - CIRCULAR,Fetranspor,398,17751357,"-22.9418","-43.1775"
421,421-VILA ISABEL X PRADO JUNIOR - CIRCULAR,Fetranspor,399,17751357,"-22.9419","-43.1777"
421,421-VILA ISABEL X PRADO JUNIOR - CIRCULAR,Fetranspor,400,17751357,"-22.9419","-43.1778"
421,421-VILA ISABEL X PRADO JUNIOR - CIRCULAR,Fetranspor,401,17751357,"-22.9419","-43.1779"
421,421-VILA ISABEL X PRADO JUNIOR - CIRCULAR,Fetranspor,402,17751357,"-22.9419","-43.1779"
421,421-VILA ISABEL X PRADO JUNIOR - CIRCULAR,Fetranspor,403,17751357,"-22.9422","-43.1787"
421,421-VILA ISABEL X PRADO JUNIOR - CIRCULAR,Fetranspor,404,17751357,"-22.9423","-43.1789"
421,421-VILA ISABEL X PRADO JUNIOR - CIRCULAR,Fetranspor,405,17751357,"-22.9423","-43.179"
421,421-VILA ISABEL X PRADO JUNIOR - CIRCULAR,Fetranspor,406,17751357,"-22.9423","-43.179"
421,421-VILA ISABEL X PRADO JUNIOR - CIRCULAR,Fetranspor,407,17751357,"-22.9424","-43.1792"
421,421-VILA ISABEL X PRADO JUNIOR - CIRCULAR,Fetranspor,408,17751357,"-22.9425","-43.1794"
421,421-VILA ISABEL X PRADO JUNIOR - CIRCULAR,Fetranspor,409,17751357,"-22.9426","-43.1796"
421,421-VILA ISABEL X PRADO JUNIOR - CIRCULAR,Fetranspor,410,17751357,"-22.9428","-43.1799"
421,421-VILA ISABEL X PRADO JUNIOR - CIRCULAR,Fetranspor,411,17751357,"-22.9431","-43.1803"
421,421-VILA ISABEL X PRADO JUNIOR - CIRCULAR,Fetranspor,412,17751357,"-22.9434","-43.1807"
421,421-VILA ISABEL X PRADO JUNIOR - CIRCULAR,Fetranspor,413,17751357,"-22.9434","-43.1807"
421,421-VILA ISABEL X PRADO JUNIOR - CIRCULAR,Fetranspor,414,17751357,"-22.9434","-43.1807"
421,421-VILA ISABEL X PRADO JUNIOR - CIRCULAR,Fetranspor,415,17751357,"-22.9437","-43.1809"
421,421-VILA ISABEL X PRADO JUNIOR - CIRCULAR,Fetranspor,416,17751357,"-22.944","-43.1811"
421,421-VILA ISABEL X PRADO JUNIOR - CIRCULAR,Fetranspor,417,17751357,"-22.9444","-43.1814"
421,421-VILA ISABEL X PRADO JUNIOR - CIRCULAR,Fetranspor,418,17751357,"-22.9448","-43.1816"
421,421-VILA ISABEL X PRADO JUNIOR - CIRCULAR,Fetranspor,419,17751357,"-22.945","-43.1816"
421,421-VILA ISABEL X PRADO JUNIOR - CIRCULAR,Fetranspor,420,17751357,"-22.9454","-43.1817"
421,421-VILA ISABEL X PRADO JUNIOR - CIRCULAR,Fetranspor,421,17751357,"-22.9459","-43.1818"
421,421-VILA ISABEL X PRADO JUNIOR - CIRCULAR,Fetranspor,422,17751357,"-22.946","-43.1818"
421,421-VILA ISABEL X PRADO JUNIOR - CIRCULAR,Fetranspor,423,17751357,"-22.946","-43.1818"
421,421-VILA ISABEL X PRADO JUNIOR - CIRCULAR,Fetranspor,424,17751357,"-22.9461","-43.1818"
421,421-VILA ISABEL X PRADO JUNIOR - CIRCULAR,Fetranspor,425,17751357,"-22.9467","-43.1818"
421,421-VILA ISABEL X PRADO JUNIOR - CIRCULAR,Fetranspor,426,17751357,"-22.9471","-43.1818"
421,421-VILA ISABEL X PRADO JUNIOR - CIRCULAR,Fetranspor,427,17751357,"-22.9475","-43.1817"
421,421-VILA ISABEL X PRADO JUNIOR - CIRCULAR,Fetranspor,428,17751357,"-22.9477","-43.1816"
421,421-VILA ISABEL X PRADO JUNIOR - CIRCULAR,Fetranspor,429,17751357,"-22.9477","-43.1816"
421,421-VILA ISABEL X PRADO JUNIOR - CIRCULAR,Fetranspor,430,17751357,"-22.9477","-43.1816"
421,421-VILA ISABEL X PRADO JUNIOR - CIRCULAR,Fetranspor,431,17751357,"-22.9481","-43.1815"
421,421-VILA ISABEL X PRADO JUNIOR - CIRCULAR,Fetranspor,432,17751357,"-22.9483","-43.1814"
421,421-VILA ISABEL X PRADO JUNIOR - CIRCULAR,Fetranspor,433,17751357,"-22.9485","-43.1812"
421,421-VILA ISABEL X PRADO JUNIOR - CIRCULAR,Fetranspor,434,17751357,"-22.9488","-43.181"
421,421-VILA ISABEL X PRADO JUNIOR - CIRCULAR,Fetranspor,435,17751357,"-22.949","-43.1809"
421,421-VILA ISABEL X PRADO JUNIOR - CIRCULAR,Fetranspor,436,17751357,"-22.949","-43.1809"
421,421-VILA ISABEL X PRADO JUNIOR - CIRCULAR,Fetranspor,437,17751357,"-22.9494","-43.1806"
421,421-VILA ISABEL X PRADO JUNIOR - CIRCULAR,Fetranspor,438,17751357,"-22.9494","-43.1806"
421,421-VILA ISABEL X PRADO JUNIOR - CIRCULAR,Fetranspor,439,17751357,"-22.9496","-43.1805"
421,421-VILA ISABEL X PRADO JUNIOR - CIRCULAR,Fetranspor,440,17751357,"-22.9498","-43.1804"
421,421-VILA ISABEL X PRADO JUNIOR - CIRCULAR,Fetranspor,441,17751357,"-22.9498","-43.1804"
421,421-VILA ISABEL X PRADO JUNIOR - CIRCULAR,Fetranspor,442,17751357,"-22.95","-43.1803"
421,421-VILA ISABEL X PRADO JUNIOR - CIRCULAR,Fetranspor,443,17751357,"-22.9503","-43.1802"
421,421-VILA ISABEL X PRADO JUNIOR - CIRCULAR,Fetranspor,444,17751357,"-22.9503","-43.1802"
421,421-VILA ISABEL X PRADO JUNIOR - CIRCULAR,Fetranspor,445,17751357,"-22.9508","-43.18"
421,421-VILA ISABEL X PRADO JUNIOR - CIRCULAR,Fetranspor,446,17751357,"-22.9508","-43.1799"
421,421-VILA ISABEL X PRADO JUNIOR - CIRCULAR,Fetranspor,447,17751357,"-22.9508","-43.1799"
421,421-VILA ISABEL X PRADO JUNIOR - CIRCULAR,Fetranspor,448,17751357,"-22.9512","-43.1798"
421,421-VILA ISABEL X PRADO JUNIOR - CIRCULAR,Fetranspor,449,17751357,"-22.9512","-43.1798"
421,421-VILA ISABEL X PRADO JUNIOR - CIRCULAR,Fetranspor,450,17751357,"-22.952","-43.1795"
421,421-VILA ISABEL X PRADO JUNIOR - CIRCULAR,Fetranspor,451,17751357,"-22.9522","-43.1794"
421,421-VILA ISABEL X PRADO JUNIOR - CIRCULAR,Fetranspor,452,17751357,"-22.9523","-43.1793"
421,421-VILA ISABEL X PRADO JUNIOR - CIRCULAR,Fetranspor,453,17751357,"-22.9528","-43.1792"
421,421-VILA ISABEL X PRADO JUNIOR - CIRCULAR,Fetranspor,454,17751357,"-22.9529","-43.1791"
421,421-VILA ISABEL X PRADO JUNIOR - CIRCULAR,Fetranspor,455,17751357,"-22.9529","-43.1791"
421,421-VILA ISABEL X PRADO JUNIOR - CIRCULAR,Fetranspor,456,17751357,"-22.953","-43.1791"
421,421-VILA ISABEL X PRADO JUNIOR - CIRCULAR,Fetranspor,457,17751357,"-22.953","-43.1791"
421,421-VILA ISABEL X PRADO JUNIOR - CIRCULAR,Fetranspor,458,17751357,"-22.9534","-43.1789"
421,421-VILA ISABEL X PRADO JUNIOR - CIRCULAR,Fetranspor,459,17751357,"-22.9534","-43.1789"
421,421-VILA ISABEL X PRADO JUNIOR - CIRCULAR,Fetranspor,460,17751357,"-22.9539","-43.1787"
421,421-VILA ISABEL X PRADO JUNIOR - CIRCULAR,Fetranspor,461,17751357,"-22.9539","-43.1787"
421,421-VILA ISABEL X PRADO JUNIOR - CIRCULAR,Fetranspor,462,17751357,"-22.9542","-43.1786"
421,421-VILA ISABEL X PRADO JUNIOR - CIRCULAR,Fetranspor,463,17751357,"-22.9542","-43.1786"
421,421-VILA ISABEL X PRADO JUNIOR - CIRCULAR,Fetranspor,464,17751357,"-22.9549","-43.1783"
421,421-VILA ISABEL X PRADO JUNIOR - CIRCULAR,Fetranspor,465,17751357,"-22.9551","-43.1782"
421,421-VILA ISABEL X PRADO JUNIOR - CIRCULAR,Fetranspor,466,17751357,"-22.9555","-43.178"
421,421-VILA ISABEL X PRADO JUNIOR - CIRCULAR,Fetranspor,467,17751357,"-22.9559","-43.1778"
421,421-VILA ISABEL X PRADO JUNIOR - CIRCULAR,Fetranspor,468,17751357,"-22.9559","-43.1778"
421,421-VILA ISABEL X PRADO JUNIOR - CIRCULAR,Fetranspor,469,17751357,"-22.9562","-43.1777"
421,421-VILA ISABEL X PRADO JUNIOR - CIRCULAR,Fetranspor,470,17751357,"-22.9564","-43.1777"
421,421-VILA ISABEL X PRADO JUNIOR - CIRCULAR,Fetranspor,471,17751357,"-22.9564","-43.1777"
421,421-VILA ISABEL X PRADO JUNIOR - CIRCULAR,Fetranspor,472,17751357,"-22.957","-43.1776"
421,421-VILA ISABEL X PRADO JUNIOR - CIRCULAR,Fetranspor,473,17751357,"-22.9578","-43.1775"
421,421-VILA ISABEL X PRADO JUNIOR - CIRCULAR,Fetranspor,474,17751357,"-22.9581","-43.1774"
421,421-VILA ISABEL X PRADO JUNIOR - CIRCULAR,Fetranspor,475,17751357,"-22.9584","-43.1773"
421,421-VILA ISABEL X PRADO JUNIOR - CIRCULAR,Fetranspor,476,17751357,"-22.9588","-43.177"
421,421-VILA ISABEL X PRADO JUNIOR - CIRCULAR,Fetranspor,477,17751357,"-22.9588","-43.177"
421,421-VILA ISABEL X PRADO JUNIOR - CIRCULAR,Fetranspor,478,17751357,"-22.9608","-43.1759"
421,421-VILA ISABEL X PRADO JUNIOR - CIRCULAR,Fetranspor,479,17751357,"-22.9608","-43.1759"
421,421-VILA ISABEL X PRADO JUNIOR - CIRCULAR,Fetranspor,480,17751357,"-22.9614","-43.1756"
421,421-VILA ISABEL X PRADO JUNIOR - CIRCULAR,Fetranspor,481,17751357,"-22.9614","-43.1756"
421,421-VILA ISABEL X PRADO JUNIOR - CIRCULAR,Fetranspor,482,17751357,"-22.9614","-43.1756"
421,421-VILA ISABEL X PRADO JUNIOR - CIRCULAR,Fetranspor,483,17751357,"-22.9614","-43.1756"
421,421-VILA ISABEL X PRADO JUNIOR - CIRCULAR,Fetranspor,484,17751357,"-22.9615","-43.1756"
421,421-VILA ISABEL X PRADO JUNIOR - CIRCULAR,Fetranspor,485,17751357,"-22.9616","-43.1757"
421,421-VILA ISABEL X PRADO JUNIOR - CIRCULAR,Fetranspor,486,17751357,"-22.9622","-43.1759"
421,421-VILA ISABEL X PRADO JUNIOR - CIRCULAR,Fetranspor,487,17751357,"-22.9622","-43.1759"
421,421-VILA ISABEL X PRADO JUNIOR - CIRCULAR,Fetranspor,488,17751357,"-22.9624","-43.1758"
421,421-VILA ISABEL X PRADO JUNIOR - CIRCULAR,Fetranspor,489,17751357,"-22.9634","-43.1753"
