linha,descricao,agencia,sequencia,shape_id,latitude,longitude
448,448-MARACAI X SAO CONRADO - CIRCULAR,Fetranspor,0,17348108,"-22.9964","-43.2553"
448,448-MARACAI X SAO CONRADO - CIRCULAR,Fetranspor,1,17348108,"-22.9956","-43.2546"
448,448-MARACAI X SAO CONRADO - CIRCULAR,Fetranspor,2,17348108,"-22.9953","-43.2543"
448,448-MARACAI X SAO CONRADO - CIRCULAR,Fetranspor,3,17348108,"-22.9952","-43.2541"
448,448-MARACAI X SAO CONRADO - CIRCULAR,Fetranspor,4,17348108,"-22.9945","-43.253"
448,448-MARACAI X SAO CONRADO - CIRCULAR,Fetranspor,5,17348108,"-22.9944","-43.253"
448,448-MARACAI X SAO CONRADO - CIRCULAR,Fetranspor,6,17348108,"-22.9944","-43.253"
448,448-MARACAI X SAO CONRADO - CIRCULAR,Fetranspor,7,17348108,"-22.9943","-43.253"
448,448-MARACAI X SAO CONRADO - CIRCULAR,Fetranspor,8,17348108,"-22.9942","-43.253"
448,448-MARACAI X SAO CONRADO - CIRCULAR,Fetranspor,9,17348108,"-22.9936","-43.2531"
448,448-MARACAI X SAO CONRADO - CIRCULAR,Fetranspor,10,17348108,"-22.9934","-43.2532"
448,448-MARACAI X SAO CONRADO - CIRCULAR,Fetranspor,11,17348108,"-22.9934","-43.2532"
448,448-MARACAI X SAO CONRADO - CIRCULAR,Fetranspor,12,17348108,"-22.9932","-43.2533"
448,448-MARACAI X SAO CONRADO - CIRCULAR,Fetranspor,13,17348108,"-22.9932","-43.2533"
448,448-MARACAI X SAO CONRADO - CIRCULAR,Fetranspor,14,17348108,"-22.993","-43.2533"
448,448-MARACAI X SAO CONRADO - CIRCULAR,Fetranspor,15,17348108,"-22.9929","-43.2534"
448,448-MARACAI X SAO CONRADO - CIRCULAR,Fetranspor,16,17348108,"-22.9927","-43.2534"
448,448-MARACAI X SAO CONRADO - CIRCULAR,Fetranspor,17,17348108,"-22.9927","-43.2534"
448,448-MARACAI X SAO CONRADO - CIRCULAR,Fetranspor,18,17348108,"-22.9923","-43.2536"
448,448-MARACAI X SAO CONRADO - CIRCULAR,Fetranspor,19,17348108,"-22.9923","-43.2536"
448,448-MARACAI X SAO CONRADO - CIRCULAR,Fetranspor,20,17348108,"-22.9923","-43.2537"
448,448-MARACAI X SAO CONRADO - CIRCULAR,Fetranspor,21,17348108,"-22.9922","-43.2537"
448,448-MARACAI X SAO CONRADO - CIRCULAR,Fetranspor,22,17348108,"-22.9922","-43.2538"
448,448-MARACAI X SAO CONRADO - CIRCULAR,Fetranspor,23,17348108,"-22.9922","-43.2539"
448,448-MARACAI X SAO CONRADO - CIRCULAR,Fetranspor,24,17348108,"-22.9922","-43.254"
448,448-MARACAI X SAO CONRADO - CIRCULAR,Fetranspor,25,17348108,"-22.9922","-43.2541"
448,448-MARACAI X SAO CONRADO - CIRCULAR,Fetranspor,26,17348108,"-22.9923","-43.2544"
448,448-MARACAI X SAO CONRADO - CIRCULAR,Fetranspor,27,17348108,"-22.9923","-43.2544"
448,448-MARACAI X SAO CONRADO - CIRCULAR,Fetranspor,28,17348108,"-22.9927","-43.255"
448,448-MARACAI X SAO CONRADO - CIRCULAR,Fetranspor,29,17348108,"-22.9927","-43.2551"
448,448-MARACAI X SAO CONRADO - CIRCULAR,Fetranspor,30,17348108,"-22.9927","-43.2551"
448,448-MARACAI X SAO CONRADO - CIRCULAR,Fetranspor,31,17348108,"-22.993","-43.2554"
448,448-MARACAI X SAO CONRADO - CIRCULAR,Fetranspor,32,17348108,"-22.9934","-43.2558"
448,448-MARACAI X SAO CONRADO - CIRCULAR,Fetranspor,33,17348108,"-22.9934","-43.2559"
448,448-MARACAI X SAO CONRADO - CIRCULAR,Fetranspor,34,17348108,"-22.9934","-43.2559"
448,448-MARACAI X SAO CONRADO - CIRCULAR,Fetranspor,35,17348108,"-22.9935","-43.256"
448,448-MARACAI X SAO CONRADO - CIRCULAR,Fetranspor,36,17348108,"-22.9936","-43.256"
448,448-MARACAI X SAO CONRADO - CIRCULAR,Fetranspor,37,17348108,"-22.9939","-43.2562"
448,448-MARACAI X SAO CONRADO - CIRCULAR,Fetranspor,38,17348108,"-22.9939","-43.2562"
448,448-MARACAI X SAO CONRADO - CIRCULAR,Fetranspor,39,17348108,"-22.994","-43.2563"
448,448-MARACAI X SAO CONRADO - CIRCULAR,Fetranspor,40,17348108,"-22.9941","-43.2564"
448,448-MARACAI X SAO CONRADO - CIRCULAR,Fetranspor,41,17348108,"-22.9941","-43.2565"
448,448-MARACAI X SAO CONRADO - CIRCULAR,Fetranspor,42,17348108,"-22.9942","-43.2565"
448,448-MARACAI X SAO CONRADO - CIRCULAR,Fetranspor,43,17348108,"-22.9946","-43.2575"
448,448-MARACAI X SAO CONRADO - CIRCULAR,Fetranspor,44,17348108,"-22.9946","-43.2575"
448,448-MARACAI X SAO CONRADO - CIRCULAR,Fetranspor,45,17348108,"-22.9953","-43.259"
448,448-MARACAI X SAO CONRADO - CIRCULAR,Fetranspor,46,17348108,"-22.9953","-43.259"
448,448-MARACAI X SAO CONRADO - CIRCULAR,Fetranspor,47,17348108,"-22.9954","-43.2591"
448,448-MARACAI X SAO CONRADO - CIRCULAR,Fetranspor,48,17348108,"-22.9954","-43.2591"
448,448-MARACAI X SAO CONRADO - CIRCULAR,Fetranspor,49,17348108,"-22.9959","-43.26"
448,448-MARACAI X SAO CONRADO - CIRCULAR,Fetranspor,50,17348108,"-22.9961","-43.2602"
448,448-MARACAI X SAO CONRADO - CIRCULAR,Fetranspor,51,17348108,"-22.9964","-43.261"
448,448-MARACAI X SAO CONRADO - CIRCULAR,Fetranspor,52,17348108,"-22.9964","-43.261"
448,448-MARACAI X SAO CONRADO - CIRCULAR,Fetranspor,53,17348108,"-22.9965","-43.2613"
448,448-MARACAI X SAO CONRADO - CIRCULAR,Fetranspor,54,17348108,"-22.9968","-43.2621"
448,448-MARACAI X SAO CONRADO - CIRCULAR,Fetranspor,55,17348108,"-22.9976","-43.265"
448,448-MARACAI X SAO CONRADO - CIRCULAR,Fetranspor,56,17348108,"-22.9979","-43.2663"
448,448-MARACAI X SAO CONRADO - CIRCULAR,Fetranspor,57,17348108,"-22.998","-43.2665"
448,448-MARACAI X SAO CONRADO - CIRCULAR,Fetranspor,58,17348108,"-22.9981","-43.2667"
448,448-MARACAI X SAO CONRADO - CIRCULAR,Fetranspor,59,17348108,"-22.9981","-43.2667"
448,448-MARACAI X SAO CONRADO - CIRCULAR,Fetranspor,60,17348108,"-22.9982","-43.2671"
448,448-MARACAI X SAO CONRADO - CIRCULAR,Fetranspor,61,17348108,"-22.9985","-43.2678"
448,448-MARACAI X SAO CONRADO - CIRCULAR,Fetranspor,62,17348108,"-22.9985","-43.2678"
448,448-MARACAI X SAO CONRADO - CIRCULAR,Fetranspor,63,17348108,"-22.9985","-43.268"
448,448-MARACAI X SAO CONRADO - CIRCULAR,Fetranspor,64,17348108,"-22.9985","-43.268"
448,448-MARACAI X SAO CONRADO - CIRCULAR,Fetranspor,65,17348108,"-22.9987","-43.2686"
448,448-MARACAI X SAO CONRADO - CIRCULAR,Fetranspor,66,17348108,"-22.9987","-43.2686"
448,448-MARACAI X SAO CONRADO - CIRCULAR,Fetranspor,67,17348108,"-22.9987","-43.2687"
448,448-MARACAI X SAO CONRADO - CIRCULAR,Fetranspor,68,17348108,"-22.9987","-43.2688"
448,448-MARACAI X SAO CONRADO - CIRCULAR,Fetranspor,69,17348108,"-22.9987","-43.269"
448,448-MARACAI X SAO CONRADO - CIRCULAR,Fetranspor,70,17348108,"-22.9986","-43.2691"
448,448-MARACAI X SAO CONRADO - CIRCULAR,Fetranspor,71,17348108,"-22.9986","-43.2691"
448,448-MARACAI X SAO CONRADO - CIRCULAR,Fetranspor,72,17348108,"-22.9986","-43.2693"
448,448-MARACAI X SAO CONRADO - CIRCULAR,Fetranspor,73,17348108,"-22.9986","-43.2693"
448,448-MARACAI X SAO CONRADO - CIRCULAR,Fetranspor,74,17348108,"-22.9985","-43.2694"
448,448-MARACAI X SAO CONRADO - CIRCULAR,Fetranspor,75,17348108,"-22.9984","-43.2695"
448,448-MARACAI X SAO CONRADO - CIRCULAR,Fetranspor,76,17348108,"-22.9983","-43.2695"
448,448-MARACAI X SAO CONRADO - CIRCULAR,Fetranspor,77,17348108,"-22.9983","-43.2695"
448,448-MARACAI X SAO CONRADO - CIRCULAR,Fetranspor,78,17348108,"-22.9976","-43.2699"
448,448-MARACAI X SAO CONRADO - CIRCULAR,Fetranspor,79,17348108,"-22.9975","-43.2699"
448,448-MARACAI X SAO CONRADO - CIRCULAR,Fetranspor,80,17348108,"-22.9975","-43.2699"
448,448-MARACAI X SAO CONRADO - CIRCULAR,Fetranspor,81,17348108,"-22.9973","-43.2699"
448,448-MARACAI X SAO CONRADO - CIRCULAR,Fetranspor,82,17348108,"-22.9973","-43.2699"
448,448-MARACAI X SAO CONRADO - CIRCULAR,Fetranspor,83,17348108,"-22.9971","-43.2699"
448,448-MARACAI X SAO CONRADO - CIRCULAR,Fetranspor,84,17348108,"-22.997","-43.2699"
448,448-MARACAI X SAO CONRADO - CIRCULAR,Fetranspor,85,17348108,"-22.997","-43.27"
448,448-MARACAI X SAO CONRADO - CIRCULAR,Fetranspor,86,17348108,"-22.9969","-43.27"
448,448-MARACAI X SAO CONRADO - CIRCULAR,Fetranspor,87,17348108,"-22.9969","-43.27"
448,448-MARACAI X SAO CONRADO - CIRCULAR,Fetranspor,88,17348108,"-22.9968","-43.27"
448,448-MARACAI X SAO CONRADO - CIRCULAR,Fetranspor,89,17348108,"-22.9968","-43.2701"
448,448-MARACAI X SAO CONRADO - CIRCULAR,Fetranspor,90,17348108,"-22.9968","-43.2701"
448,448-MARACAI X SAO CONRADO - CIRCULAR,Fetranspor,91,17348108,"-22.9967","-43.2702"
448,448-MARACAI X SAO CONRADO - CIRCULAR,Fetranspor,92,17348108,"-22.9967","-43.2704"
448,448-MARACAI X SAO CONRADO - CIRCULAR,Fetranspor,93,17348108,"-22.9967","-43.2705"
448,448-MARACAI X SAO CONRADO - CIRCULAR,Fetranspor,94,17348108,"-22.9966","-43.2706"
448,448-MARACAI X SAO CONRADO - CIRCULAR,Fetranspor,95,17348108,"-22.9966","-43.2706"
448,448-MARACAI X SAO CONRADO - CIRCULAR,Fetranspor,96,17348108,"-22.9965","-43.2707"
448,448-MARACAI X SAO CONRADO - CIRCULAR,Fetranspor,97,17348108,"-22.9965","-43.2707"
448,448-MARACAI X SAO CONRADO - CIRCULAR,Fetranspor,98,17348108,"-22.9964","-43.2707"
448,448-MARACAI X SAO CONRADO - CIRCULAR,Fetranspor,99,17348108,"-22.9963","-43.2708"
448,448-MARACAI X SAO CONRADO - CIRCULAR,Fetranspor,100,17348108,"-22.9962","-43.2707"
448,448-MARACAI X SAO CONRADO - CIRCULAR,Fetranspor,101,17348108,"-22.9961","-43.2707"
448,448-MARACAI X SAO CONRADO - CIRCULAR,Fetranspor,102,17348108,"-22.996","-43.2706"
448,448-MARACAI X SAO CONRADO - CIRCULAR,Fetranspor,103,17348108,"-22.9959","-43.2704"
448,448-MARACAI X SAO CONRADO - CIRCULAR,Fetranspor,104,17348108,"-22.9958","-43.2703"
448,448-MARACAI X SAO CONRADO - CIRCULAR,Fetranspor,105,17348108,"-22.9958","-43.2702"
448,448-MARACAI X SAO CONRADO - CIRCULAR,Fetranspor,106,17348108,"-22.9957","-43.2701"
448,448-MARACAI X SAO CONRADO - CIRCULAR,Fetranspor,107,17348108,"-22.9957","-43.27"
448,448-MARACAI X SAO CONRADO - CIRCULAR,Fetranspor,108,17348108,"-22.9956","-43.27"
448,448-MARACAI X SAO CONRADO - CIRCULAR,Fetranspor,109,17348108,"-22.9955","-43.27"
448,448-MARACAI X SAO CONRADO - CIRCULAR,Fetranspor,110,17348108,"-22.9954","-43.2699"
448,448-MARACAI X SAO CONRADO - CIRCULAR,Fetranspor,111,17348108,"-22.9954","-43.2699"
448,448-MARACAI X SAO CONRADO - CIRCULAR,Fetranspor,112,17348108,"-22.9954","-43.2699"
448,448-MARACAI X SAO CONRADO - CIRCULAR,Fetranspor,113,17348108,"-22.9953","-43.2699"
448,448-MARACAI X SAO CONRADO - CIRCULAR,Fetranspor,114,17348108,"-22.9952","-43.2699"
448,448-MARACAI X SAO CONRADO - CIRCULAR,Fetranspor,115,17348108,"-22.9951","-43.2699"
448,448-MARACAI X SAO CONRADO - CIRCULAR,Fetranspor,116,17348108,"-22.9951","-43.27"
448,448-MARACAI X SAO CONRADO - CIRCULAR,Fetranspor,117,17348108,"-22.995","-43.27"
448,448-MARACAI X SAO CONRADO - CIRCULAR,Fetranspor,118,17348108,"-22.9949","-43.2701"
448,448-MARACAI X SAO CONRADO - CIRCULAR,Fetranspor,119,17348108,"-22.9945","-43.2709"
448,448-MARACAI X SAO CONRADO - CIRCULAR,Fetranspor,120,17348108,"-22.9945","-43.271"
448,448-MARACAI X SAO CONRADO - CIRCULAR,Fetranspor,121,17348108,"-22.9944","-43.2711"
448,448-MARACAI X SAO CONRADO - CIRCULAR,Fetranspor,122,17348108,"-22.9944","-43.2712"
448,448-MARACAI X SAO CONRADO - CIRCULAR,Fetranspor,123,17348108,"-22.9945","-43.2715"
448,448-MARACAI X SAO CONRADO - CIRCULAR,Fetranspor,124,17348108,"-22.9945","-43.2715"
448,448-MARACAI X SAO CONRADO - CIRCULAR,Fetranspor,125,17348108,"-22.9945","-43.2718"
448,448-MARACAI X SAO CONRADO - CIRCULAR,Fetranspor,126,17348108,"-22.9945","-43.2718"
448,448-MARACAI X SAO CONRADO - CIRCULAR,Fetranspor,127,17348108,"-22.9945","-43.2722"
448,448-MARACAI X SAO CONRADO - CIRCULAR,Fetranspor,128,17348108,"-22.9946","-43.2724"
448,448-MARACAI X SAO CONRADO - CIRCULAR,Fetranspor,129,17348108,"-22.9946","-43.2726"
448,448-MARACAI X SAO CONRADO - CIRCULAR,Fetranspor,130,17348108,"-22.9948","-43.273"
448,448-MARACAI X SAO CONRADO - CIRCULAR,Fetranspor,131,17348108,"-22.9948","-43.2731"
448,448-MARACAI X SAO CONRADO - CIRCULAR,Fetranspor,132,17348108,"-22.9948","-43.2732"
448,448-MARACAI X SAO CONRADO - CIRCULAR,Fetranspor,133,17348108,"-22.9948","-43.2733"
448,448-MARACAI X SAO CONRADO - CIRCULAR,Fetranspor,134,17348108,"-22.9948","-43.2734"
448,448-MARACAI X SAO CONRADO - CIRCULAR,Fetranspor,135,17348108,"-22.9947","-43.2737"
448,448-MARACAI X SAO CONRADO - CIRCULAR,Fetranspor,136,17348108,"-22.9946","-43.2738"
448,448-MARACAI X SAO CONRADO - CIRCULAR,Fetranspor,137,17348108,"-22.9946","-43.2739"
448,448-MARACAI X SAO CONRADO - CIRCULAR,Fetranspor,138,17348108,"-22.9945","-43.2739"
448,448-MARACAI X SAO CONRADO - CIRCULAR,Fetranspor,139,17348108,"-22.9945","-43.274"
448,448-MARACAI X SAO CONRADO - CIRCULAR,Fetranspor,140,17348108,"-22.9944","-43.274"
448,448-MARACAI X SAO CONRADO - CIRCULAR,Fetranspor,141,17348108,"-22.9943","-43.2741"
448,448-MARACAI X SAO CONRADO - CIRCULAR,Fetranspor,142,17348108,"-22.9942","-43.2741"
448,448-MARACAI X SAO CONRADO - CIRCULAR,Fetranspor,143,17348108,"-22.994","-43.2741"
448,448-MARACAI X SAO CONRADO - CIRCULAR,Fetranspor,144,17348108,"-22.9939","-43.2742"
448,448-MARACAI X SAO CONRADO - CIRCULAR,Fetranspor,145,17348108,"-22.9938","-43.2742"
448,448-MARACAI X SAO CONRADO - CIRCULAR,Fetranspor,146,17348108,"-22.9938","-43.2743"
448,448-MARACAI X SAO CONRADO - CIRCULAR,Fetranspor,147,17348108,"-22.9937","-43.2743"
448,448-MARACAI X SAO CONRADO - CIRCULAR,Fetranspor,148,17348108,"-22.9937","-43.2744"
448,448-MARACAI X SAO CONRADO - CIRCULAR,Fetranspor,149,17348108,"-22.9938","-43.2746"
448,448-MARACAI X SAO CONRADO - CIRCULAR,Fetranspor,150,17348108,"-22.9938","-43.2747"
448,448-MARACAI X SAO CONRADO - CIRCULAR,Fetranspor,151,17348108,"-22.9941","-43.2755"
448,448-MARACAI X SAO CONRADO - CIRCULAR,Fetranspor,152,17348108,"-22.9941","-43.2755"
448,448-MARACAI X SAO CONRADO - CIRCULAR,Fetranspor,153,17348108,"-22.9941","-43.2755"
448,448-MARACAI X SAO CONRADO - CIRCULAR,Fetranspor,154,17348108,"-22.9941","-43.2756"
448,448-MARACAI X SAO CONRADO - CIRCULAR,Fetranspor,155,17348108,"-22.9941","-43.2757"
448,448-MARACAI X SAO CONRADO - CIRCULAR,Fetranspor,156,17348108,"-22.994","-43.2757"
448,448-MARACAI X SAO CONRADO - CIRCULAR,Fetranspor,157,17348108,"-22.994","-43.2758"
448,448-MARACAI X SAO CONRADO - CIRCULAR,Fetranspor,158,17348108,"-22.9939","-43.2758"
448,448-MARACAI X SAO CONRADO - CIRCULAR,Fetranspor,159,17348108,"-22.9939","-43.2758"
448,448-MARACAI X SAO CONRADO - CIRCULAR,Fetranspor,160,17348108,"-22.9938","-43.2758"
448,448-MARACAI X SAO CONRADO - CIRCULAR,Fetranspor,161,17348108,"-22.9937","-43.2758"
448,448-MARACAI X SAO CONRADO - CIRCULAR,Fetranspor,162,17348108,"-22.9937","-43.2758"
448,448-MARACAI X SAO CONRADO - CIRCULAR,Fetranspor,163,17348108,"-22.9936","-43.2757"
448,448-MARACAI X SAO CONRADO - CIRCULAR,Fetranspor,164,17348108,"-22.993","-43.2747"
448,448-MARACAI X SAO CONRADO - CIRCULAR,Fetranspor,165,17348108,"-22.9929","-43.2746"
448,448-MARACAI X SAO CONRADO - CIRCULAR,Fetranspor,166,17348108,"-22.9927","-43.2744"
448,448-MARACAI X SAO CONRADO - CIRCULAR,Fetranspor,167,17348108,"-22.9922","-43.2741"
448,448-MARACAI X SAO CONRADO - CIRCULAR,Fetranspor,168,17348108,"-22.992","-43.274"
448,448-MARACAI X SAO CONRADO - CIRCULAR,Fetranspor,169,17348108,"-22.992","-43.2739"
448,448-MARACAI X SAO CONRADO - CIRCULAR,Fetranspor,170,17348108,"-22.9918","-43.2739"
448,448-MARACAI X SAO CONRADO - CIRCULAR,Fetranspor,171,17348108,"-22.9918","-43.2739"
448,448-MARACAI X SAO CONRADO - CIRCULAR,Fetranspor,172,17348108,"-22.9917","-43.274"
448,448-MARACAI X SAO CONRADO - CIRCULAR,Fetranspor,173,17348108,"-22.9916","-43.274"
448,448-MARACAI X SAO CONRADO - CIRCULAR,Fetranspor,174,17348108,"-22.9916","-43.274"
448,448-MARACAI X SAO CONRADO - CIRCULAR,Fetranspor,175,17348108,"-22.9912","-43.2742"
448,448-MARACAI X SAO CONRADO - CIRCULAR,Fetranspor,176,17348108,"-22.9911","-43.2742"
448,448-MARACAI X SAO CONRADO - CIRCULAR,Fetranspor,177,17348108,"-22.9908","-43.2743"
448,448-MARACAI X SAO CONRADO - CIRCULAR,Fetranspor,178,17348108,"-22.9906","-43.2743"
448,448-MARACAI X SAO CONRADO - CIRCULAR,Fetranspor,179,17348108,"-22.9904","-43.2743"
448,448-MARACAI X SAO CONRADO - CIRCULAR,Fetranspor,180,17348108,"-22.9902","-43.2743"
448,448-MARACAI X SAO CONRADO - CIRCULAR,Fetranspor,181,17348108,"-22.9901","-43.2743"
448,448-MARACAI X SAO CONRADO - CIRCULAR,Fetranspor,182,17348108,"-22.99","-43.2743"
448,448-MARACAI X SAO CONRADO - CIRCULAR,Fetranspor,183,17348108,"-22.9899","-43.2743"
448,448-MARACAI X SAO CONRADO - CIRCULAR,Fetranspor,184,17348108,"-22.9898","-43.2743"
448,448-MARACAI X SAO CONRADO - CIRCULAR,Fetranspor,185,17348108,"-22.9896","-43.2742"
448,448-MARACAI X SAO CONRADO - CIRCULAR,Fetranspor,186,17348108,"-22.9895","-43.2742"
448,448-MARACAI X SAO CONRADO - CIRCULAR,Fetranspor,187,17348108,"-22.9892","-43.2741"
448,448-MARACAI X SAO CONRADO - CIRCULAR,Fetranspor,188,17348108,"-22.9891","-43.2741"
448,448-MARACAI X SAO CONRADO - CIRCULAR,Fetranspor,189,17348108,"-22.989","-43.2741"
448,448-MARACAI X SAO CONRADO - CIRCULAR,Fetranspor,190,17348108,"-22.9887","-43.2741"
448,448-MARACAI X SAO CONRADO - CIRCULAR,Fetranspor,191,17348108,"-22.9884","-43.274"
448,448-MARACAI X SAO CONRADO - CIRCULAR,Fetranspor,192,17348108,"-22.9883","-43.274"
448,448-MARACAI X SAO CONRADO - CIRCULAR,Fetranspor,193,17348108,"-22.9883","-43.274"
448,448-MARACAI X SAO CONRADO - CIRCULAR,Fetranspor,194,17348108,"-22.9882","-43.2739"
448,448-MARACAI X SAO CONRADO - CIRCULAR,Fetranspor,195,17348108,"-22.9881","-43.2739"
448,448-MARACAI X SAO CONRADO - CIRCULAR,Fetranspor,196,17348108,"-22.9879","-43.2736"
448,448-MARACAI X SAO CONRADO - CIRCULAR,Fetranspor,197,17348108,"-22.9878","-43.2735"
448,448-MARACAI X SAO CONRADO - CIRCULAR,Fetranspor,198,17348108,"-22.9876","-43.2735"
448,448-MARACAI X SAO CONRADO - CIRCULAR,Fetranspor,199,17348108,"-22.9874","-43.2734"
448,448-MARACAI X SAO CONRADO - CIRCULAR,Fetranspor,200,17348108,"-22.9871","-43.2733"
448,448-MARACAI X SAO CONRADO - CIRCULAR,Fetranspor,201,17348108,"-22.9864","-43.2731"
448,448-MARACAI X SAO CONRADO - CIRCULAR,Fetranspor,202,17348108,"-22.9863","-43.273"
448,448-MARACAI X SAO CONRADO - CIRCULAR,Fetranspor,203,17348108,"-22.9862","-43.273"
448,448-MARACAI X SAO CONRADO - CIRCULAR,Fetranspor,204,17348108,"-22.9859","-43.273"
448,448-MARACAI X SAO CONRADO - CIRCULAR,Fetranspor,205,17348108,"-22.9858","-43.273"
448,448-MARACAI X SAO CONRADO - CIRCULAR,Fetranspor,206,17348108,"-22.9857","-43.2729"
448,448-MARACAI X SAO CONRADO - CIRCULAR,Fetranspor,207,17348108,"-22.9857","-43.2729"
448,448-MARACAI X SAO CONRADO - CIRCULAR,Fetranspor,208,17348108,"-22.9856","-43.2729"
448,448-MARACAI X SAO CONRADO - CIRCULAR,Fetranspor,209,17348108,"-22.9856","-43.2728"
448,448-MARACAI X SAO CONRADO - CIRCULAR,Fetranspor,210,17348108,"-22.9855","-43.2727"
448,448-MARACAI X SAO CONRADO - CIRCULAR,Fetranspor,211,17348108,"-22.9855","-43.2727"
448,448-MARACAI X SAO CONRADO - CIRCULAR,Fetranspor,212,17348108,"-22.9855","-43.2726"
448,448-MARACAI X SAO CONRADO - CIRCULAR,Fetranspor,213,17348108,"-22.9856","-43.2725"
448,448-MARACAI X SAO CONRADO - CIRCULAR,Fetranspor,214,17348108,"-22.9856","-43.2724"
448,448-MARACAI X SAO CONRADO - CIRCULAR,Fetranspor,215,17348108,"-22.986","-43.2721"
448,448-MARACAI X SAO CONRADO - CIRCULAR,Fetranspor,216,17348108,"-22.9866","-43.2715"
448,448-MARACAI X SAO CONRADO - CIRCULAR,Fetranspor,217,17348108,"-22.9868","-43.2714"
448,448-MARACAI X SAO CONRADO - CIRCULAR,Fetranspor,218,17348108,"-22.9875","-43.2707"
448,448-MARACAI X SAO CONRADO - CIRCULAR,Fetranspor,219,17348108,"-22.9877","-43.2706"
448,448-MARACAI X SAO CONRADO - CIRCULAR,Fetranspor,220,17348108,"-22.9881","-43.2704"
448,448-MARACAI X SAO CONRADO - CIRCULAR,Fetranspor,221,17348108,"-22.9882","-43.2703"
448,448-MARACAI X SAO CONRADO - CIRCULAR,Fetranspor,222,17348108,"-22.9883","-43.2702"
448,448-MARACAI X SAO CONRADO - CIRCULAR,Fetranspor,223,17348108,"-22.9884","-43.2701"
448,448-MARACAI X SAO CONRADO - CIRCULAR,Fetranspor,224,17348108,"-22.9885","-43.27"
448,448-MARACAI X SAO CONRADO - CIRCULAR,Fetranspor,225,17348108,"-22.9886","-43.2699"
448,448-MARACAI X SAO CONRADO - CIRCULAR,Fetranspor,226,17348108,"-22.9887","-43.2698"
448,448-MARACAI X SAO CONRADO - CIRCULAR,Fetranspor,227,17348108,"-22.9888","-43.2697"
448,448-MARACAI X SAO CONRADO - CIRCULAR,Fetranspor,228,17348108,"-22.9889","-43.2696"
448,448-MARACAI X SAO CONRADO - CIRCULAR,Fetranspor,229,17348108,"-22.9889","-43.2695"
448,448-MARACAI X SAO CONRADO - CIRCULAR,Fetranspor,230,17348108,"-22.9889","-43.2695"
448,448-MARACAI X SAO CONRADO - CIRCULAR,Fetranspor,231,17348108,"-22.9889","-43.2694"
448,448-MARACAI X SAO CONRADO - CIRCULAR,Fetranspor,232,17348108,"-22.9889","-43.2694"
448,448-MARACAI X SAO CONRADO - CIRCULAR,Fetranspor,233,17348108,"-22.9889","-43.2693"
448,448-MARACAI X SAO CONRADO - CIRCULAR,Fetranspor,234,17348108,"-22.9888","-43.2692"
448,448-MARACAI X SAO CONRADO - CIRCULAR,Fetranspor,235,17348108,"-22.9888","-43.2692"
448,448-MARACAI X SAO CONRADO - CIRCULAR,Fetranspor,236,17348108,"-22.9887","-43.2691"
448,448-MARACAI X SAO CONRADO - CIRCULAR,Fetranspor,237,17348108,"-22.9887","-43.2691"
448,448-MARACAI X SAO CONRADO - CIRCULAR,Fetranspor,238,17348108,"-22.9886","-43.2691"
448,448-MARACAI X SAO CONRADO - CIRCULAR,Fetranspor,239,17348108,"-22.9885","-43.2691"
448,448-MARACAI X SAO CONRADO - CIRCULAR,Fetranspor,240,17348108,"-22.9884","-43.2691"
448,448-MARACAI X SAO CONRADO - CIRCULAR,Fetranspor,241,17348108,"-22.9884","-43.2691"
448,448-MARACAI X SAO CONRADO - CIRCULAR,Fetranspor,242,17348108,"-22.9883","-43.2692"
448,448-MARACAI X SAO CONRADO - CIRCULAR,Fetranspor,243,17348108,"-22.9883","-43.2692"
448,448-MARACAI X SAO CONRADO - CIRCULAR,Fetranspor,244,17348108,"-22.9883","-43.2693"
448,448-MARACAI X SAO CONRADO - CIRCULAR,Fetranspor,245,17348108,"-22.9882","-43.2693"
448,448-MARACAI X SAO CONRADO - CIRCULAR,Fetranspor,246,17348108,"-22.9883","-43.2696"
448,448-MARACAI X SAO CONRADO - CIRCULAR,Fetranspor,247,17348108,"-22.9882","-43.2697"
448,448-MARACAI X SAO CONRADO - CIRCULAR,Fetranspor,248,17348108,"-22.9882","-43.2698"
448,448-MARACAI X SAO CONRADO - CIRCULAR,Fetranspor,249,17348108,"-22.9882","-43.2699"
448,448-MARACAI X SAO CONRADO - CIRCULAR,Fetranspor,250,17348108,"-22.9881","-43.27"
448,448-MARACAI X SAO CONRADO - CIRCULAR,Fetranspor,251,17348108,"-22.9881","-43.2701"
448,448-MARACAI X SAO CONRADO - CIRCULAR,Fetranspor,252,17348108,"-22.988","-43.2701"
448,448-MARACAI X SAO CONRADO - CIRCULAR,Fetranspor,253,17348108,"-22.9879","-43.2702"
448,448-MARACAI X SAO CONRADO - CIRCULAR,Fetranspor,254,17348108,"-22.9877","-43.2702"
448,448-MARACAI X SAO CONRADO - CIRCULAR,Fetranspor,255,17348108,"-22.9872","-43.2703"
448,448-MARACAI X SAO CONRADO - CIRCULAR,Fetranspor,256,17348108,"-22.9872","-43.2704"
448,448-MARACAI X SAO CONRADO - CIRCULAR,Fetranspor,257,17348108,"-22.9871","-43.2704"
448,448-MARACAI X SAO CONRADO - CIRCULAR,Fetranspor,258,17348108,"-22.987","-43.2706"
448,448-MARACAI X SAO CONRADO - CIRCULAR,Fetranspor,259,17348108,"-22.9869","-43.2706"
448,448-MARACAI X SAO CONRADO - CIRCULAR,Fetranspor,260,17348108,"-22.9868","-43.2706"
448,448-MARACAI X SAO CONRADO - CIRCULAR,Fetranspor,261,17348108,"-22.9862","-43.2708"
448,448-MARACAI X SAO CONRADO - CIRCULAR,Fetranspor,262,17348108,"-22.9861","-43.2708"
448,448-MARACAI X SAO CONRADO - CIRCULAR,Fetranspor,263,17348108,"-22.986","-43.2708"
448,448-MARACAI X SAO CONRADO - CIRCULAR,Fetranspor,264,17348108,"-22.9858","-43.2708"
448,448-MARACAI X SAO CONRADO - CIRCULAR,Fetranspor,265,17348108,"-22.9856","-43.2708"
448,448-MARACAI X SAO CONRADO - CIRCULAR,Fetranspor,266,17348108,"-22.9855","-43.2708"
448,448-MARACAI X SAO CONRADO - CIRCULAR,Fetranspor,267,17348108,"-22.9854","-43.2708"
448,448-MARACAI X SAO CONRADO - CIRCULAR,Fetranspor,268,17348108,"-22.9852","-43.2709"
448,448-MARACAI X SAO CONRADO - CIRCULAR,Fetranspor,269,17348108,"-22.9845","-43.2713"
448,448-MARACAI X SAO CONRADO - CIRCULAR,Fetranspor,270,17348108,"-22.9844","-43.2713"
448,448-MARACAI X SAO CONRADO - CIRCULAR,Fetranspor,271,17348108,"-22.9843","-43.2713"
448,448-MARACAI X SAO CONRADO - CIRCULAR,Fetranspor,272,17348108,"-22.9839","-43.2714"
448,448-MARACAI X SAO CONRADO - CIRCULAR,Fetranspor,273,17348108,"-22.9837","-43.2714"
448,448-MARACAI X SAO CONRADO - CIRCULAR,Fetranspor,274,17348108,"-22.9836","-43.2715"
448,448-MARACAI X SAO CONRADO - CIRCULAR,Fetranspor,275,17348108,"-22.9834","-43.2716"
448,448-MARACAI X SAO CONRADO - CIRCULAR,Fetranspor,276,17348108,"-22.9832","-43.2717"
448,448-MARACAI X SAO CONRADO - CIRCULAR,Fetranspor,277,17348108,"-22.9831","-43.2718"
448,448-MARACAI X SAO CONRADO - CIRCULAR,Fetranspor,278,17348108,"-22.983","-43.272"
448,448-MARACAI X SAO CONRADO - CIRCULAR,Fetranspor,279,17348108,"-22.9829","-43.2722"
448,448-MARACAI X SAO CONRADO - CIRCULAR,Fetranspor,280,17348108,"-22.9829","-43.2723"
448,448-MARACAI X SAO CONRADO - CIRCULAR,Fetranspor,281,17348108,"-22.9829","-43.2725"
448,448-MARACAI X SAO CONRADO - CIRCULAR,Fetranspor,282,17348108,"-22.9829","-43.2726"
448,448-MARACAI X SAO CONRADO - CIRCULAR,Fetranspor,283,17348108,"-22.9829","-43.2727"
448,448-MARACAI X SAO CONRADO - CIRCULAR,Fetranspor,284,17348108,"-22.9829","-43.2728"
448,448-MARACAI X SAO CONRADO - CIRCULAR,Fetranspor,285,17348108,"-22.9829","-43.2729"
448,448-MARACAI X SAO CONRADO - CIRCULAR,Fetranspor,286,17348108,"-22.9834","-43.2741"
448,448-MARACAI X SAO CONRADO - CIRCULAR,Fetranspor,287,17348108,"-22.9834","-43.2742"
448,448-MARACAI X SAO CONRADO - CIRCULAR,Fetranspor,288,17348108,"-22.9835","-43.2744"
448,448-MARACAI X SAO CONRADO - CIRCULAR,Fetranspor,289,17348108,"-22.9834","-43.2745"
448,448-MARACAI X SAO CONRADO - CIRCULAR,Fetranspor,290,17348108,"-22.9833","-43.275"
448,448-MARACAI X SAO CONRADO - CIRCULAR,Fetranspor,291,17348108,"-22.9833","-43.2751"
448,448-MARACAI X SAO CONRADO - CIRCULAR,Fetranspor,292,17348108,"-22.9833","-43.2752"
448,448-MARACAI X SAO CONRADO - CIRCULAR,Fetranspor,293,17348108,"-22.9833","-43.2752"
448,448-MARACAI X SAO CONRADO - CIRCULAR,Fetranspor,294,17348108,"-22.9833","-43.2753"
448,448-MARACAI X SAO CONRADO - CIRCULAR,Fetranspor,295,17348108,"-22.9834","-43.2756"
448,448-MARACAI X SAO CONRADO - CIRCULAR,Fetranspor,296,17348108,"-22.9835","-43.2758"
448,448-MARACAI X SAO CONRADO - CIRCULAR,Fetranspor,297,17348108,"-22.9835","-43.2761"
448,448-MARACAI X SAO CONRADO - CIRCULAR,Fetranspor,298,17348108,"-22.9835","-43.2763"
448,448-MARACAI X SAO CONRADO - CIRCULAR,Fetranspor,299,17348108,"-22.9833","-43.2765"
448,448-MARACAI X SAO CONRADO - CIRCULAR,Fetranspor,300,17348108,"-22.9831","-43.2766"
448,448-MARACAI X SAO CONRADO - CIRCULAR,Fetranspor,301,17348108,"-22.9828","-43.2767"
448,448-MARACAI X SAO CONRADO - CIRCULAR,Fetranspor,302,17348108,"-22.9828","-43.2767"
448,448-MARACAI X SAO CONRADO - CIRCULAR,Fetranspor,303,17348108,"-22.9825","-43.2765"
448,448-MARACAI X SAO CONRADO - CIRCULAR,Fetranspor,304,17348108,"-22.9823","-43.2762"
448,448-MARACAI X SAO CONRADO - CIRCULAR,Fetranspor,305,17348108,"-22.9821","-43.276"
448,448-MARACAI X SAO CONRADO - CIRCULAR,Fetranspor,306,17348108,"-22.9817","-43.2757"
448,448-MARACAI X SAO CONRADO - CIRCULAR,Fetranspor,307,17348108,"-22.9815","-43.2757"
448,448-MARACAI X SAO CONRADO - CIRCULAR,Fetranspor,308,17348108,"-22.9811","-43.2755"
448,448-MARACAI X SAO CONRADO - CIRCULAR,Fetranspor,309,17348108,"-22.9809","-43.2755"
448,448-MARACAI X SAO CONRADO - CIRCULAR,Fetranspor,310,17348108,"-22.9805","-43.2755"
448,448-MARACAI X SAO CONRADO - CIRCULAR,Fetranspor,311,17348108,"-22.9803","-43.2756"
448,448-MARACAI X SAO CONRADO - CIRCULAR,Fetranspor,312,17348108,"-22.98","-43.2757"
448,448-MARACAI X SAO CONRADO - CIRCULAR,Fetranspor,313,17348108,"-22.9798","-43.2758"
448,448-MARACAI X SAO CONRADO - CIRCULAR,Fetranspor,314,17348108,"-22.9797","-43.276"
448,448-MARACAI X SAO CONRADO - CIRCULAR,Fetranspor,315,17348108,"-22.9793","-43.2763"
448,448-MARACAI X SAO CONRADO - CIRCULAR,Fetranspor,316,17348108,"-22.979","-43.2764"
448,448-MARACAI X SAO CONRADO - CIRCULAR,Fetranspor,317,17348108,"-22.9786","-43.2768"
448,448-MARACAI X SAO CONRADO - CIRCULAR,Fetranspor,318,17348108,"-22.9783","-43.2773"
448,448-MARACAI X SAO CONRADO - CIRCULAR,Fetranspor,319,17348108,"-22.9779","-43.2776"
448,448-MARACAI X SAO CONRADO - CIRCULAR,Fetranspor,320,17348108,"-22.9777","-43.2778"
448,448-MARACAI X SAO CONRADO - CIRCULAR,Fetranspor,321,17348108,"-22.9772","-43.2781"
448,448-MARACAI X SAO CONRADO - CIRCULAR,Fetranspor,322,17348108,"-22.9772","-43.2781"
448,448-MARACAI X SAO CONRADO - CIRCULAR,Fetranspor,323,17348108,"-22.9769","-43.2781"
448,448-MARACAI X SAO CONRADO - CIRCULAR,Fetranspor,324,17348108,"-22.9769","-43.2781"
448,448-MARACAI X SAO CONRADO - CIRCULAR,Fetranspor,325,17348108,"-22.9767","-43.2782"
448,448-MARACAI X SAO CONRADO - CIRCULAR,Fetranspor,326,17348108,"-22.9765","-43.2782"
448,448-MARACAI X SAO CONRADO - CIRCULAR,Fetranspor,327,17348108,"-22.9764","-43.2782"
448,448-MARACAI X SAO CONRADO - CIRCULAR,Fetranspor,328,17348108,"-22.9763","-43.2782"
448,448-MARACAI X SAO CONRADO - CIRCULAR,Fetranspor,329,17348108,"-22.9762","-43.2783"
448,448-MARACAI X SAO CONRADO - CIRCULAR,Fetranspor,330,17348108,"-22.9761","-43.2783"
448,448-MARACAI X SAO CONRADO - CIRCULAR,Fetranspor,331,17348108,"-22.976","-43.2784"
448,448-MARACAI X SAO CONRADO - CIRCULAR,Fetranspor,332,17348108,"-22.976","-43.2784"
448,448-MARACAI X SAO CONRADO - CIRCULAR,Fetranspor,333,17348108,"-22.9761","-43.2784"
448,448-MARACAI X SAO CONRADO - CIRCULAR,Fetranspor,334,17348108,"-22.9761","-43.2785"
448,448-MARACAI X SAO CONRADO - CIRCULAR,Fetranspor,335,17348108,"-22.9761","-43.2785"
448,448-MARACAI X SAO CONRADO - CIRCULAR,Fetranspor,336,17348108,"-22.9761","-43.2785"
448,448-MARACAI X SAO CONRADO - CIRCULAR,Fetranspor,337,17348108,"-22.9761","-43.2786"
448,448-MARACAI X SAO CONRADO - CIRCULAR,Fetranspor,338,17348108,"-22.9761","-43.2788"
448,448-MARACAI X SAO CONRADO - CIRCULAR,Fetranspor,339,17348108,"-22.9761","-43.279"
448,448-MARACAI X SAO CONRADO - CIRCULAR,Fetranspor,340,17348108,"-22.976","-43.2791"
448,448-MARACAI X SAO CONRADO - CIRCULAR,Fetranspor,341,17348108,"-22.976","-43.2791"
448,448-MARACAI X SAO CONRADO - CIRCULAR,Fetranspor,342,17348108,"-22.9758","-43.2793"
448,448-MARACAI X SAO CONRADO - CIRCULAR,Fetranspor,343,17348108,"-22.9758","-43.2793"
448,448-MARACAI X SAO CONRADO - CIRCULAR,Fetranspor,344,17348108,"-22.9754","-43.2797"
448,448-MARACAI X SAO CONRADO - CIRCULAR,Fetranspor,345,17348108,"-22.9754","-43.2797"
448,448-MARACAI X SAO CONRADO - CIRCULAR,Fetranspor,346,17348108,"-22.9753","-43.2798"
448,448-MARACAI X SAO CONRADO - CIRCULAR,Fetranspor,347,17348108,"-22.9753","-43.2798"
448,448-MARACAI X SAO CONRADO - CIRCULAR,Fetranspor,348,17348108,"-22.9744","-43.2802"
448,448-MARACAI X SAO CONRADO - CIRCULAR,Fetranspor,349,17348108,"-22.9744","-43.2802"
448,448-MARACAI X SAO CONRADO - CIRCULAR,Fetranspor,350,17348108,"-22.9743","-43.2802"
448,448-MARACAI X SAO CONRADO - CIRCULAR,Fetranspor,351,17348108,"-22.9742","-43.2804"
448,448-MARACAI X SAO CONRADO - CIRCULAR,Fetranspor,352,17348108,"-22.9742","-43.2805"
448,448-MARACAI X SAO CONRADO - CIRCULAR,Fetranspor,353,17348108,"-22.974","-43.2806"
448,448-MARACAI X SAO CONRADO - CIRCULAR,Fetranspor,354,17348108,"-22.974","-43.2807"
448,448-MARACAI X SAO CONRADO - CIRCULAR,Fetranspor,355,17348108,"-22.974","-43.2807"
448,448-MARACAI X SAO CONRADO - CIRCULAR,Fetranspor,356,17348108,"-22.9741","-43.2807"
448,448-MARACAI X SAO CONRADO - CIRCULAR,Fetranspor,357,17348108,"-22.9741","-43.2808"
448,448-MARACAI X SAO CONRADO - CIRCULAR,Fetranspor,358,17348108,"-22.9741","-43.2808"
448,448-MARACAI X SAO CONRADO - CIRCULAR,Fetranspor,359,17348108,"-22.9741","-43.2808"
448,448-MARACAI X SAO CONRADO - CIRCULAR,Fetranspor,360,17348108,"-22.9745","-43.2808"
448,448-MARACAI X SAO CONRADO - CIRCULAR,Fetranspor,361,17348108,"-22.9745","-43.2808"
448,448-MARACAI X SAO CONRADO - CIRCULAR,Fetranspor,362,17348108,"-22.9746","-43.2809"
448,448-MARACAI X SAO CONRADO - CIRCULAR,Fetranspor,363,17348108,"-22.9746","-43.2809"
448,448-MARACAI X SAO CONRADO - CIRCULAR,Fetranspor,364,17348108,"-22.9748","-43.2806"
448,448-MARACAI X SAO CONRADO - CIRCULAR,Fetranspor,365,17348108,"-22.975","-43.2806"
448,448-MARACAI X SAO CONRADO - CIRCULAR,Fetranspor,366,17348108,"-22.9754","-43.2807"
448,448-MARACAI X SAO CONRADO - CIRCULAR,Fetranspor,367,17348108,"-22.9756","-43.2808"
448,448-MARACAI X SAO CONRADO - CIRCULAR,Fetranspor,368,17348108,"-22.9759","-43.2813"
448,448-MARACAI X SAO CONRADO - CIRCULAR,Fetranspor,369,17348108,"-22.976","-43.2817"
448,448-MARACAI X SAO CONRADO - CIRCULAR,Fetranspor,370,17348108,"-22.9758","-43.2821"
448,448-MARACAI X SAO CONRADO - CIRCULAR,Fetranspor,371,17348108,"-22.9756","-43.2823"
448,448-MARACAI X SAO CONRADO - CIRCULAR,Fetranspor,372,17348108,"-22.9752","-43.2823"
448,448-MARACAI X SAO CONRADO - CIRCULAR,Fetranspor,373,17348108,"-22.9748","-43.2819"
448,448-MARACAI X SAO CONRADO - CIRCULAR,Fetranspor,374,17348108,"-22.9746","-43.2818"
448,448-MARACAI X SAO CONRADO - CIRCULAR,Fetranspor,375,17348108,"-22.9744","-43.2817"
448,448-MARACAI X SAO CONRADO - CIRCULAR,Fetranspor,376,17348108,"-22.9744","-43.2817"
448,448-MARACAI X SAO CONRADO - CIRCULAR,Fetranspor,377,17348108,"-22.9743","-43.2817"
448,448-MARACAI X SAO CONRADO - CIRCULAR,Fetranspor,378,17348108,"-22.974","-43.2817"
448,448-MARACAI X SAO CONRADO - CIRCULAR,Fetranspor,379,17348108,"-22.9737","-43.2818"
448,448-MARACAI X SAO CONRADO - CIRCULAR,Fetranspor,380,17348108,"-22.9736","-43.2818"
448,448-MARACAI X SAO CONRADO - CIRCULAR,Fetranspor,381,17348108,"-22.9735","-43.2818"
448,448-MARACAI X SAO CONRADO - CIRCULAR,Fetranspor,382,17348108,"-22.9734","-43.2818"
448,448-MARACAI X SAO CONRADO - CIRCULAR,Fetranspor,383,17348108,"-22.9732","-43.2817"
448,448-MARACAI X SAO CONRADO - CIRCULAR,Fetranspor,384,17348108,"-22.9731","-43.2817"
448,448-MARACAI X SAO CONRADO - CIRCULAR,Fetranspor,385,17348108,"-22.9725","-43.2818"
448,448-MARACAI X SAO CONRADO - CIRCULAR,Fetranspor,386,17348108,"-22.9724","-43.2818"
448,448-MARACAI X SAO CONRADO - CIRCULAR,Fetranspor,387,17348108,"-22.9724","-43.2818"
448,448-MARACAI X SAO CONRADO - CIRCULAR,Fetranspor,388,17348108,"-22.9723","-43.2818"
448,448-MARACAI X SAO CONRADO - CIRCULAR,Fetranspor,389,17348108,"-22.9721","-43.2816"
448,448-MARACAI X SAO CONRADO - CIRCULAR,Fetranspor,390,17348108,"-22.9721","-43.2816"
448,448-MARACAI X SAO CONRADO - CIRCULAR,Fetranspor,391,17348108,"-22.9721","-43.2815"
448,448-MARACAI X SAO CONRADO - CIRCULAR,Fetranspor,392,17348108,"-22.9721","-43.2815"
448,448-MARACAI X SAO CONRADO - CIRCULAR,Fetranspor,393,17348108,"-22.9721","-43.2814"
448,448-MARACAI X SAO CONRADO - CIRCULAR,Fetranspor,394,17348108,"-22.9721","-43.2812"
448,448-MARACAI X SAO CONRADO - CIRCULAR,Fetranspor,395,17348108,"-22.9721","-43.2811"
448,448-MARACAI X SAO CONRADO - CIRCULAR,Fetranspor,396,17348108,"-22.9721","-43.281"
448,448-MARACAI X SAO CONRADO - CIRCULAR,Fetranspor,397,17348108,"-22.972","-43.281"
448,448-MARACAI X SAO CONRADO - CIRCULAR,Fetranspor,398,17348108,"-22.972","-43.2809"
448,448-MARACAI X SAO CONRADO - CIRCULAR,Fetranspor,399,17348108,"-22.9717","-43.2808"
448,448-MARACAI X SAO CONRADO - CIRCULAR,Fetranspor,400,17348108,"-22.9717","-43.2808"
448,448-MARACAI X SAO CONRADO - CIRCULAR,Fetranspor,401,17348108,"-22.9716","-43.2807"
448,448-MARACAI X SAO CONRADO - CIRCULAR,Fetranspor,402,17348108,"-22.9714","-43.2804"
448,448-MARACAI X SAO CONRADO - CIRCULAR,Fetranspor,403,17348108,"-22.9714","-43.2804"
448,448-MARACAI X SAO CONRADO - CIRCULAR,Fetranspor,404,17348108,"-22.9713","-43.2804"
448,448-MARACAI X SAO CONRADO - CIRCULAR,Fetranspor,405,17348108,"-22.9713","-43.2804"
448,448-MARACAI X SAO CONRADO - CIRCULAR,Fetranspor,406,17348108,"-22.9712","-43.2804"
448,448-MARACAI X SAO CONRADO - CIRCULAR,Fetranspor,407,17348108,"-22.9711","-43.2807"
448,448-MARACAI X SAO CONRADO - CIRCULAR,Fetranspor,408,17348108,"-22.971","-43.2808"
448,448-MARACAI X SAO CONRADO - CIRCULAR,Fetranspor,409,17348108,"-22.9709","-43.2808"
448,448-MARACAI X SAO CONRADO - CIRCULAR,Fetranspor,410,17348108,"-22.9707","-43.2809"
448,448-MARACAI X SAO CONRADO - CIRCULAR,Fetranspor,411,17348108,"-22.9707","-43.2809"
448,448-MARACAI X SAO CONRADO - CIRCULAR,Fetranspor,412,17348108,"-22.9705","-43.281"
448,448-MARACAI X SAO CONRADO - CIRCULAR,Fetranspor,413,17348108,"-22.9705","-43.281"
448,448-MARACAI X SAO CONRADO - CIRCULAR,Fetranspor,414,17348108,"-22.9703","-43.281"
448,448-MARACAI X SAO CONRADO - CIRCULAR,Fetranspor,415,17348108,"-22.9702","-43.281"
448,448-MARACAI X SAO CONRADO - CIRCULAR,Fetranspor,416,17348108,"-22.9702","-43.281"
448,448-MARACAI X SAO CONRADO - CIRCULAR,Fetranspor,417,17348108,"-22.9699","-43.2808"
448,448-MARACAI X SAO CONRADO - CIRCULAR,Fetranspor,418,17348108,"-22.9699","-43.2808"
448,448-MARACAI X SAO CONRADO - CIRCULAR,Fetranspor,419,17348108,"-22.9697","-43.2806"
448,448-MARACAI X SAO CONRADO - CIRCULAR,Fetranspor,420,17348108,"-22.9697","-43.2805"
448,448-MARACAI X SAO CONRADO - CIRCULAR,Fetranspor,421,17348108,"-22.9696","-43.2804"
448,448-MARACAI X SAO CONRADO - CIRCULAR,Fetranspor,422,17348108,"-22.9696","-43.2803"
448,448-MARACAI X SAO CONRADO - CIRCULAR,Fetranspor,423,17348108,"-22.9696","-43.2801"
448,448-MARACAI X SAO CONRADO - CIRCULAR,Fetranspor,424,17348108,"-22.9696","-43.28"
448,448-MARACAI X SAO CONRADO - CIRCULAR,Fetranspor,425,17348108,"-22.9696","-43.2798"
448,448-MARACAI X SAO CONRADO - CIRCULAR,Fetranspor,426,17348108,"-22.9696","-43.2797"
448,448-MARACAI X SAO CONRADO - CIRCULAR,Fetranspor,427,17348108,"-22.9695","-43.2795"
448,448-MARACAI X SAO CONRADO - CIRCULAR,Fetranspor,428,17348108,"-22.9694","-43.2794"
448,448-MARACAI X SAO CONRADO - CIRCULAR,Fetranspor,429,17348108,"-22.9692","-43.2792"
448,448-MARACAI X SAO CONRADO - CIRCULAR,Fetranspor,430,17348108,"-22.9691","-43.2791"
448,448-MARACAI X SAO CONRADO - CIRCULAR,Fetranspor,431,17348108,"-22.9689","-43.279"
448,448-MARACAI X SAO CONRADO - CIRCULAR,Fetranspor,432,17348108,"-22.9688","-43.2789"
448,448-MARACAI X SAO CONRADO - CIRCULAR,Fetranspor,433,17348108,"-22.9686","-43.2789"
448,448-MARACAI X SAO CONRADO - CIRCULAR,Fetranspor,434,17348108,"-22.9685","-43.2788"
448,448-MARACAI X SAO CONRADO - CIRCULAR,Fetranspor,435,17348108,"-22.9685","-43.2788"
448,448-MARACAI X SAO CONRADO - CIRCULAR,Fetranspor,436,17348108,"-22.9684","-43.2789"
448,448-MARACAI X SAO CONRADO - CIRCULAR,Fetranspor,437,17348108,"-22.9683","-43.2789"
448,448-MARACAI X SAO CONRADO - CIRCULAR,Fetranspor,438,17348108,"-22.9682","-43.279"
448,448-MARACAI X SAO CONRADO - CIRCULAR,Fetranspor,439,17348108,"-22.968","-43.2791"
448,448-MARACAI X SAO CONRADO - CIRCULAR,Fetranspor,440,17348108,"-22.9679","-43.2791"
448,448-MARACAI X SAO CONRADO - CIRCULAR,Fetranspor,441,17348108,"-22.9678","-43.2791"
448,448-MARACAI X SAO CONRADO - CIRCULAR,Fetranspor,442,17348108,"-22.9678","-43.2791"
448,448-MARACAI X SAO CONRADO - CIRCULAR,Fetranspor,443,17348108,"-22.9677","-43.2791"
448,448-MARACAI X SAO CONRADO - CIRCULAR,Fetranspor,444,17348108,"-22.9676","-43.279"
448,448-MARACAI X SAO CONRADO - CIRCULAR,Fetranspor,445,17348108,"-22.9675","-43.279"
448,448-MARACAI X SAO CONRADO - CIRCULAR,Fetranspor,446,17348108,"-22.9674","-43.2786"
448,448-MARACAI X SAO CONRADO - CIRCULAR,Fetranspor,447,17348108,"-22.9673","-43.2786"
448,448-MARACAI X SAO CONRADO - CIRCULAR,Fetranspor,448,17348108,"-22.9672","-43.2785"
448,448-MARACAI X SAO CONRADO - CIRCULAR,Fetranspor,449,17348108,"-22.9671","-43.2784"
448,448-MARACAI X SAO CONRADO - CIRCULAR,Fetranspor,450,17348108,"-22.967","-43.2783"
448,448-MARACAI X SAO CONRADO - CIRCULAR,Fetranspor,451,17348108,"-22.967","-43.2783"
448,448-MARACAI X SAO CONRADO - CIRCULAR,Fetranspor,452,17348108,"-22.9669","-43.2782"
448,448-MARACAI X SAO CONRADO - CIRCULAR,Fetranspor,453,17348108,"-22.9669","-43.2781"
448,448-MARACAI X SAO CONRADO - CIRCULAR,Fetranspor,454,17348108,"-22.9669","-43.278"
448,448-MARACAI X SAO CONRADO - CIRCULAR,Fetranspor,455,17348108,"-22.9669","-43.278"
448,448-MARACAI X SAO CONRADO - CIRCULAR,Fetranspor,456,17348108,"-22.9668","-43.2779"
448,448-MARACAI X SAO CONRADO - CIRCULAR,Fetranspor,457,17348108,"-22.9667","-43.2778"
448,448-MARACAI X SAO CONRADO - CIRCULAR,Fetranspor,458,17348108,"-22.9666","-43.2777"
448,448-MARACAI X SAO CONRADO - CIRCULAR,Fetranspor,459,17348108,"-22.9665","-43.2777"
448,448-MARACAI X SAO CONRADO - CIRCULAR,Fetranspor,460,17348108,"-22.9662","-43.2776"
448,448-MARACAI X SAO CONRADO - CIRCULAR,Fetranspor,461,17348108,"-22.9661","-43.2775"
448,448-MARACAI X SAO CONRADO - CIRCULAR,Fetranspor,462,17348108,"-22.966","-43.2775"
448,448-MARACAI X SAO CONRADO - CIRCULAR,Fetranspor,463,17348108,"-22.966","-43.2775"
448,448-MARACAI X SAO CONRADO - CIRCULAR,Fetranspor,464,17348108,"-22.9658","-43.2774"
448,448-MARACAI X SAO CONRADO - CIRCULAR,Fetranspor,465,17348108,"-22.9656","-43.2774"
448,448-MARACAI X SAO CONRADO - CIRCULAR,Fetranspor,466,17348108,"-22.9655","-43.2773"
448,448-MARACAI X SAO CONRADO - CIRCULAR,Fetranspor,467,17348108,"-22.9654","-43.2772"
448,448-MARACAI X SAO CONRADO - CIRCULAR,Fetranspor,468,17348108,"-22.9654","-43.2772"
448,448-MARACAI X SAO CONRADO - CIRCULAR,Fetranspor,469,17348108,"-22.9653","-43.2772"
448,448-MARACAI X SAO CONRADO - CIRCULAR,Fetranspor,470,17348108,"-22.9652","-43.2772"
448,448-MARACAI X SAO CONRADO - CIRCULAR,Fetranspor,471,17348108,"-22.9651","-43.2771"
448,448-MARACAI X SAO CONRADO - CIRCULAR,Fetranspor,472,17348108,"-22.9646","-43.277"
448,448-MARACAI X SAO CONRADO - CIRCULAR,Fetranspor,473,17348108,"-22.9645","-43.277"
448,448-MARACAI X SAO CONRADO - CIRCULAR,Fetranspor,474,17348108,"-22.9645","-43.277"
448,448-MARACAI X SAO CONRADO - CIRCULAR,Fetranspor,475,17348108,"-22.9643","-43.2769"
448,448-MARACAI X SAO CONRADO - CIRCULAR,Fetranspor,476,17348108,"-22.9642","-43.2768"
448,448-MARACAI X SAO CONRADO - CIRCULAR,Fetranspor,477,17348108,"-22.9642","-43.2767"
448,448-MARACAI X SAO CONRADO - CIRCULAR,Fetranspor,478,17348108,"-22.9642","-43.2767"
448,448-MARACAI X SAO CONRADO - CIRCULAR,Fetranspor,479,17348108,"-22.9637","-43.2757"
448,448-MARACAI X SAO CONRADO - CIRCULAR,Fetranspor,480,17348108,"-22.9637","-43.2756"
448,448-MARACAI X SAO CONRADO - CIRCULAR,Fetranspor,481,17348108,"-22.9636","-43.2755"
448,448-MARACAI X SAO CONRADO - CIRCULAR,Fetranspor,482,17348108,"-22.9635","-43.2755"
448,448-MARACAI X SAO CONRADO - CIRCULAR,Fetranspor,483,17348108,"-22.9633","-43.2754"
448,448-MARACAI X SAO CONRADO - CIRCULAR,Fetranspor,484,17348108,"-22.9627","-43.2751"
448,448-MARACAI X SAO CONRADO - CIRCULAR,Fetranspor,485,17348108,"-22.9626","-43.275"
448,448-MARACAI X SAO CONRADO - CIRCULAR,Fetranspor,486,17348108,"-22.9625","-43.2749"
448,448-MARACAI X SAO CONRADO - CIRCULAR,Fetranspor,487,17348108,"-22.9625","-43.2748"
448,448-MARACAI X SAO CONRADO - CIRCULAR,Fetranspor,488,17348108,"-22.9621","-43.2741"
448,448-MARACAI X SAO CONRADO - CIRCULAR,Fetranspor,489,17348108,"-22.962","-43.274"
448,448-MARACAI X SAO CONRADO - CIRCULAR,Fetranspor,490,17348108,"-22.962","-43.274"
448,448-MARACAI X SAO CONRADO - CIRCULAR,Fetranspor,491,17348108,"-22.9617","-43.2735"
448,448-MARACAI X SAO CONRADO - CIRCULAR,Fetranspor,492,17348108,"-22.9617","-43.2735"
448,448-MARACAI X SAO CONRADO - CIRCULAR,Fetranspor,493,17348108,"-22.9615","-43.2733"
448,448-MARACAI X SAO CONRADO - CIRCULAR,Fetranspor,494,17348108,"-22.9615","-43.2732"
448,448-MARACAI X SAO CONRADO - CIRCULAR,Fetranspor,495,17348108,"-22.9613","-43.2731"
448,448-MARACAI X SAO CONRADO - CIRCULAR,Fetranspor,496,17348108,"-22.9611","-43.273"
448,448-MARACAI X SAO CONRADO - CIRCULAR,Fetranspor,497,17348108,"-22.9611","-43.273"
448,448-MARACAI X SAO CONRADO - CIRCULAR,Fetranspor,498,17348108,"-22.9611","-43.273"
448,448-MARACAI X SAO CONRADO - CIRCULAR,Fetranspor,499,17348108,"-22.961","-43.273"
448,448-MARACAI X SAO CONRADO - CIRCULAR,Fetranspor,500,17348108,"-22.9609","-43.2731"
448,448-MARACAI X SAO CONRADO - CIRCULAR,Fetranspor,501,17348108,"-22.9609","-43.2731"
448,448-MARACAI X SAO CONRADO - CIRCULAR,Fetranspor,502,17348108,"-22.9609","-43.2732"
448,448-MARACAI X SAO CONRADO - CIRCULAR,Fetranspor,503,17348108,"-22.9608","-43.2732"
448,448-MARACAI X SAO CONRADO - CIRCULAR,Fetranspor,504,17348108,"-22.9608","-43.2733"
448,448-MARACAI X SAO CONRADO - CIRCULAR,Fetranspor,505,17348108,"-22.9608","-43.2733"
448,448-MARACAI X SAO CONRADO - CIRCULAR,Fetranspor,506,17348108,"-22.9611","-43.274"
448,448-MARACAI X SAO CONRADO - CIRCULAR,Fetranspor,507,17348108,"-22.9611","-43.274"
448,448-MARACAI X SAO CONRADO - CIRCULAR,Fetranspor,508,17348108,"-22.9611","-43.2739"
448,448-MARACAI X SAO CONRADO - CIRCULAR,Fetranspor,509,17348108,"-22.9612","-43.2739"
448,448-MARACAI X SAO CONRADO - CIRCULAR,Fetranspor,510,17348108,"-22.9617","-43.2735"
448,448-MARACAI X SAO CONRADO - CIRCULAR,Fetranspor,511,17348108,"-22.9617","-43.2735"
448,448-MARACAI X SAO CONRADO - CIRCULAR,Fetranspor,512,17348108,"-22.962","-43.274"
448,448-MARACAI X SAO CONRADO - CIRCULAR,Fetranspor,513,17348108,"-22.962","-43.274"
448,448-MARACAI X SAO CONRADO - CIRCULAR,Fetranspor,514,17348108,"-22.9621","-43.2741"
448,448-MARACAI X SAO CONRADO - CIRCULAR,Fetranspor,515,17348108,"-22.9625","-43.2748"
448,448-MARACAI X SAO CONRADO - CIRCULAR,Fetranspor,516,17348108,"-22.9625","-43.2749"
448,448-MARACAI X SAO CONRADO - CIRCULAR,Fetranspor,517,17348108,"-22.9626","-43.275"
448,448-MARACAI X SAO CONRADO - CIRCULAR,Fetranspor,518,17348108,"-22.9627","-43.2751"
448,448-MARACAI X SAO CONRADO - CIRCULAR,Fetranspor,519,17348108,"-22.9633","-43.2754"
448,448-MARACAI X SAO CONRADO - CIRCULAR,Fetranspor,520,17348108,"-22.9635","-43.2755"
448,448-MARACAI X SAO CONRADO - CIRCULAR,Fetranspor,521,17348108,"-22.9636","-43.2755"
448,448-MARACAI X SAO CONRADO - CIRCULAR,Fetranspor,522,17348108,"-22.9637","-43.2756"
448,448-MARACAI X SAO CONRADO - CIRCULAR,Fetranspor,523,17348108,"-22.9637","-43.2757"
448,448-MARACAI X SAO CONRADO - CIRCULAR,Fetranspor,524,17348108,"-22.9642","-43.2767"
448,448-MARACAI X SAO CONRADO - CIRCULAR,Fetranspor,525,17348108,"-22.9642","-43.2767"
448,448-MARACAI X SAO CONRADO - CIRCULAR,Fetranspor,526,17348108,"-22.9642","-43.2768"
448,448-MARACAI X SAO CONRADO - CIRCULAR,Fetranspor,527,17348108,"-22.9643","-43.2769"
448,448-MARACAI X SAO CONRADO - CIRCULAR,Fetranspor,528,17348108,"-22.9645","-43.277"
448,448-MARACAI X SAO CONRADO - CIRCULAR,Fetranspor,529,17348108,"-22.9645","-43.277"
448,448-MARACAI X SAO CONRADO - CIRCULAR,Fetranspor,530,17348108,"-22.9646","-43.277"
448,448-MARACAI X SAO CONRADO - CIRCULAR,Fetranspor,531,17348108,"-22.9651","-43.2771"
448,448-MARACAI X SAO CONRADO - CIRCULAR,Fetranspor,532,17348108,"-22.9652","-43.2772"
448,448-MARACAI X SAO CONRADO - CIRCULAR,Fetranspor,533,17348108,"-22.9653","-43.2772"
448,448-MARACAI X SAO CONRADO - CIRCULAR,Fetranspor,534,17348108,"-22.9654","-43.2772"
448,448-MARACAI X SAO CONRADO - CIRCULAR,Fetranspor,535,17348108,"-22.9654","-43.2772"
448,448-MARACAI X SAO CONRADO - CIRCULAR,Fetranspor,536,17348108,"-22.9655","-43.2773"
448,448-MARACAI X SAO CONRADO - CIRCULAR,Fetranspor,537,17348108,"-22.9656","-43.2774"
448,448-MARACAI X SAO CONRADO - CIRCULAR,Fetranspor,538,17348108,"-22.9658","-43.2774"
448,448-MARACAI X SAO CONRADO - CIRCULAR,Fetranspor,539,17348108,"-22.966","-43.2775"
448,448-MARACAI X SAO CONRADO - CIRCULAR,Fetranspor,540,17348108,"-22.966","-43.2775"
448,448-MARACAI X SAO CONRADO - CIRCULAR,Fetranspor,541,17348108,"-22.9661","-43.2775"
448,448-MARACAI X SAO CONRADO - CIRCULAR,Fetranspor,542,17348108,"-22.9662","-43.2776"
448,448-MARACAI X SAO CONRADO - CIRCULAR,Fetranspor,543,17348108,"-22.9665","-43.2777"
448,448-MARACAI X SAO CONRADO - CIRCULAR,Fetranspor,544,17348108,"-22.9666","-43.2777"
448,448-MARACAI X SAO CONRADO - CIRCULAR,Fetranspor,545,17348108,"-22.9667","-43.2778"
448,448-MARACAI X SAO CONRADO - CIRCULAR,Fetranspor,546,17348108,"-22.9668","-43.2779"
448,448-MARACAI X SAO CONRADO - CIRCULAR,Fetranspor,547,17348108,"-22.9669","-43.278"
448,448-MARACAI X SAO CONRADO - CIRCULAR,Fetranspor,548,17348108,"-22.9669","-43.278"
448,448-MARACAI X SAO CONRADO - CIRCULAR,Fetranspor,549,17348108,"-22.9669","-43.2781"
448,448-MARACAI X SAO CONRADO - CIRCULAR,Fetranspor,550,17348108,"-22.9669","-43.2782"
448,448-MARACAI X SAO CONRADO - CIRCULAR,Fetranspor,551,17348108,"-22.967","-43.2783"
448,448-MARACAI X SAO CONRADO - CIRCULAR,Fetranspor,552,17348108,"-22.967","-43.2783"
448,448-MARACAI X SAO CONRADO - CIRCULAR,Fetranspor,553,17348108,"-22.9671","-43.2784"
448,448-MARACAI X SAO CONRADO - CIRCULAR,Fetranspor,554,17348108,"-22.9672","-43.2785"
448,448-MARACAI X SAO CONRADO - CIRCULAR,Fetranspor,555,17348108,"-22.9673","-43.2786"
448,448-MARACAI X SAO CONRADO - CIRCULAR,Fetranspor,556,17348108,"-22.9674","-43.2786"
448,448-MARACAI X SAO CONRADO - CIRCULAR,Fetranspor,557,17348108,"-22.9675","-43.279"
448,448-MARACAI X SAO CONRADO - CIRCULAR,Fetranspor,558,17348108,"-22.9676","-43.279"
448,448-MARACAI X SAO CONRADO - CIRCULAR,Fetranspor,559,17348108,"-22.9677","-43.2791"
448,448-MARACAI X SAO CONRADO - CIRCULAR,Fetranspor,560,17348108,"-22.9678","-43.2791"
448,448-MARACAI X SAO CONRADO - CIRCULAR,Fetranspor,561,17348108,"-22.9678","-43.2791"
448,448-MARACAI X SAO CONRADO - CIRCULAR,Fetranspor,562,17348108,"-22.9679","-43.2791"
448,448-MARACAI X SAO CONRADO - CIRCULAR,Fetranspor,563,17348108,"-22.968","-43.2791"
448,448-MARACAI X SAO CONRADO - CIRCULAR,Fetranspor,564,17348108,"-22.9682","-43.279"
448,448-MARACAI X SAO CONRADO - CIRCULAR,Fetranspor,565,17348108,"-22.9683","-43.2789"
448,448-MARACAI X SAO CONRADO - CIRCULAR,Fetranspor,566,17348108,"-22.9684","-43.2789"
448,448-MARACAI X SAO CONRADO - CIRCULAR,Fetranspor,567,17348108,"-22.9685","-43.2788"
448,448-MARACAI X SAO CONRADO - CIRCULAR,Fetranspor,568,17348108,"-22.9685","-43.2788"
448,448-MARACAI X SAO CONRADO - CIRCULAR,Fetranspor,569,17348108,"-22.9686","-43.2789"
448,448-MARACAI X SAO CONRADO - CIRCULAR,Fetranspor,570,17348108,"-22.9688","-43.2789"
448,448-MARACAI X SAO CONRADO - CIRCULAR,Fetranspor,571,17348108,"-22.9689","-43.279"
448,448-MARACAI X SAO CONRADO - CIRCULAR,Fetranspor,572,17348108,"-22.9691","-43.2791"
448,448-MARACAI X SAO CONRADO - CIRCULAR,Fetranspor,573,17348108,"-22.9692","-43.2792"
448,448-MARACAI X SAO CONRADO - CIRCULAR,Fetranspor,574,17348108,"-22.9694","-43.2794"
448,448-MARACAI X SAO CONRADO - CIRCULAR,Fetranspor,575,17348108,"-22.9695","-43.2795"
448,448-MARACAI X SAO CONRADO - CIRCULAR,Fetranspor,576,17348108,"-22.9696","-43.2797"
448,448-MARACAI X SAO CONRADO - CIRCULAR,Fetranspor,577,17348108,"-22.9696","-43.2798"
448,448-MARACAI X SAO CONRADO - CIRCULAR,Fetranspor,578,17348108,"-22.9696","-43.28"
448,448-MARACAI X SAO CONRADO - CIRCULAR,Fetranspor,579,17348108,"-22.9696","-43.2801"
448,448-MARACAI X SAO CONRADO - CIRCULAR,Fetranspor,580,17348108,"-22.9696","-43.2803"
448,448-MARACAI X SAO CONRADO - CIRCULAR,Fetranspor,581,17348108,"-22.9696","-43.2804"
448,448-MARACAI X SAO CONRADO - CIRCULAR,Fetranspor,582,17348108,"-22.9697","-43.2805"
448,448-MARACAI X SAO CONRADO - CIRCULAR,Fetranspor,583,17348108,"-22.9697","-43.2806"
448,448-MARACAI X SAO CONRADO - CIRCULAR,Fetranspor,584,17348108,"-22.9699","-43.2808"
448,448-MARACAI X SAO CONRADO - CIRCULAR,Fetranspor,585,17348108,"-22.9699","-43.2808"
448,448-MARACAI X SAO CONRADO - CIRCULAR,Fetranspor,586,17348108,"-22.9702","-43.281"
448,448-MARACAI X SAO CONRADO - CIRCULAR,Fetranspor,587,17348108,"-22.9702","-43.281"
448,448-MARACAI X SAO CONRADO - CIRCULAR,Fetranspor,588,17348108,"-22.9703","-43.2811"
448,448-MARACAI X SAO CONRADO - CIRCULAR,Fetranspor,589,17348108,"-22.9703","-43.2811"
448,448-MARACAI X SAO CONRADO - CIRCULAR,Fetranspor,590,17348108,"-22.9704","-43.2811"
448,448-MARACAI X SAO CONRADO - CIRCULAR,Fetranspor,591,17348108,"-22.9705","-43.2814"
448,448-MARACAI X SAO CONRADO - CIRCULAR,Fetranspor,592,17348108,"-22.9706","-43.2815"
448,448-MARACAI X SAO CONRADO - CIRCULAR,Fetranspor,593,17348108,"-22.9706","-43.2816"
448,448-MARACAI X SAO CONRADO - CIRCULAR,Fetranspor,594,17348108,"-22.9706","-43.2817"
448,448-MARACAI X SAO CONRADO - CIRCULAR,Fetranspor,595,17348108,"-22.9706","-43.2817"
448,448-MARACAI X SAO CONRADO - CIRCULAR,Fetranspor,596,17348108,"-22.9706","-43.2818"
448,448-MARACAI X SAO CONRADO - CIRCULAR,Fetranspor,597,17348108,"-22.9706","-43.2818"
448,448-MARACAI X SAO CONRADO - CIRCULAR,Fetranspor,598,17348108,"-22.9706","-43.282"
448,448-MARACAI X SAO CONRADO - CIRCULAR,Fetranspor,599,17348108,"-22.9705","-43.2821"
448,448-MARACAI X SAO CONRADO - CIRCULAR,Fetranspor,600,17348108,"-22.9705","-43.2821"
448,448-MARACAI X SAO CONRADO - CIRCULAR,Fetranspor,601,17348108,"-22.9706","-43.2822"
448,448-MARACAI X SAO CONRADO - CIRCULAR,Fetranspor,602,17348108,"-22.9706","-43.2823"
448,448-MARACAI X SAO CONRADO - CIRCULAR,Fetranspor,603,17348108,"-22.9708","-43.2827"
448,448-MARACAI X SAO CONRADO - CIRCULAR,Fetranspor,604,17348108,"-22.9709","-43.2828"
448,448-MARACAI X SAO CONRADO - CIRCULAR,Fetranspor,605,17348108,"-22.9711","-43.2829"
448,448-MARACAI X SAO CONRADO - CIRCULAR,Fetranspor,606,17348108,"-22.9712","-43.2829"
448,448-MARACAI X SAO CONRADO - CIRCULAR,Fetranspor,607,17348108,"-22.9712","-43.2829"
448,448-MARACAI X SAO CONRADO - CIRCULAR,Fetranspor,608,17348108,"-22.9715","-43.283"
448,448-MARACAI X SAO CONRADO - CIRCULAR,Fetranspor,609,17348108,"-22.9716","-43.283"
448,448-MARACAI X SAO CONRADO - CIRCULAR,Fetranspor,610,17348108,"-22.9716","-43.283"
448,448-MARACAI X SAO CONRADO - CIRCULAR,Fetranspor,611,17348108,"-22.9716","-43.283"
448,448-MARACAI X SAO CONRADO - CIRCULAR,Fetranspor,612,17348108,"-22.9717","-43.2831"
448,448-MARACAI X SAO CONRADO - CIRCULAR,Fetranspor,613,17348108,"-22.9717","-43.2832"
448,448-MARACAI X SAO CONRADO - CIRCULAR,Fetranspor,614,17348108,"-22.9717","-43.2832"
448,448-MARACAI X SAO CONRADO - CIRCULAR,Fetranspor,615,17348108,"-22.9717","-43.2834"
448,448-MARACAI X SAO CONRADO - CIRCULAR,Fetranspor,616,17348108,"-22.9718","-43.2834"
448,448-MARACAI X SAO CONRADO - CIRCULAR,Fetranspor,617,17348108,"-22.9718","-43.2835"
448,448-MARACAI X SAO CONRADO - CIRCULAR,Fetranspor,618,17348108,"-22.9726","-43.2841"
448,448-MARACAI X SAO CONRADO - CIRCULAR,Fetranspor,619,17348108,"-22.9726","-43.2841"
448,448-MARACAI X SAO CONRADO - CIRCULAR,Fetranspor,620,17348108,"-22.9727","-43.2842"
448,448-MARACAI X SAO CONRADO - CIRCULAR,Fetranspor,621,17348108,"-22.973","-43.2845"
448,448-MARACAI X SAO CONRADO - CIRCULAR,Fetranspor,622,17348108,"-22.9737","-43.2853"
448,448-MARACAI X SAO CONRADO - CIRCULAR,Fetranspor,623,17348108,"-22.9739","-43.2855"
448,448-MARACAI X SAO CONRADO - CIRCULAR,Fetranspor,624,17348108,"-22.9739","-43.2855"
448,448-MARACAI X SAO CONRADO - CIRCULAR,Fetranspor,625,17348108,"-22.9742","-43.2851"
448,448-MARACAI X SAO CONRADO - CIRCULAR,Fetranspor,626,17348108,"-22.9743","-43.2849"
448,448-MARACAI X SAO CONRADO - CIRCULAR,Fetranspor,627,17348108,"-22.9743","-43.2848"
448,448-MARACAI X SAO CONRADO - CIRCULAR,Fetranspor,628,17348108,"-22.9744","-43.2847"
448,448-MARACAI X SAO CONRADO - CIRCULAR,Fetranspor,629,17348108,"-22.9743","-43.2846"
448,448-MARACAI X SAO CONRADO - CIRCULAR,Fetranspor,630,17348108,"-22.9743","-43.2846"
448,448-MARACAI X SAO CONRADO - CIRCULAR,Fetranspor,631,17348108,"-22.9743","-43.2845"
448,448-MARACAI X SAO CONRADO - CIRCULAR,Fetranspor,632,17348108,"-22.9743","-43.2844"
448,448-MARACAI X SAO CONRADO - CIRCULAR,Fetranspor,633,17348108,"-22.9743","-43.2844"
448,448-MARACAI X SAO CONRADO - CIRCULAR,Fetranspor,634,17348108,"-22.9742","-43.2843"
448,448-MARACAI X SAO CONRADO - CIRCULAR,Fetranspor,635,17348108,"-22.9736","-43.2839"
448,448-MARACAI X SAO CONRADO - CIRCULAR,Fetranspor,636,17348108,"-22.9733","-43.2837"
448,448-MARACAI X SAO CONRADO - CIRCULAR,Fetranspor,637,17348108,"-22.9731","-43.2836"
448,448-MARACAI X SAO CONRADO - CIRCULAR,Fetranspor,638,17348108,"-22.9727","-43.2834"
448,448-MARACAI X SAO CONRADO - CIRCULAR,Fetranspor,639,17348108,"-22.9725","-43.2832"
448,448-MARACAI X SAO CONRADO - CIRCULAR,Fetranspor,640,17348108,"-22.9723","-43.2832"
448,448-MARACAI X SAO CONRADO - CIRCULAR,Fetranspor,641,17348108,"-22.9722","-43.2831"
448,448-MARACAI X SAO CONRADO - CIRCULAR,Fetranspor,642,17348108,"-22.9721","-43.2831"
448,448-MARACAI X SAO CONRADO - CIRCULAR,Fetranspor,643,17348108,"-22.972","-43.2831"
448,448-MARACAI X SAO CONRADO - CIRCULAR,Fetranspor,644,17348108,"-22.9719","-43.2831"
448,448-MARACAI X SAO CONRADO - CIRCULAR,Fetranspor,645,17348108,"-22.9719","-43.2831"
448,448-MARACAI X SAO CONRADO - CIRCULAR,Fetranspor,646,17348108,"-22.9718","-43.2831"
448,448-MARACAI X SAO CONRADO - CIRCULAR,Fetranspor,647,17348108,"-22.9718","-43.2832"
448,448-MARACAI X SAO CONRADO - CIRCULAR,Fetranspor,648,17348108,"-22.9717","-43.2832"
448,448-MARACAI X SAO CONRADO - CIRCULAR,Fetranspor,649,17348108,"-22.9717","-43.2832"
448,448-MARACAI X SAO CONRADO - CIRCULAR,Fetranspor,650,17348108,"-22.9717","-43.2831"
448,448-MARACAI X SAO CONRADO - CIRCULAR,Fetranspor,651,17348108,"-22.9716","-43.283"
448,448-MARACAI X SAO CONRADO - CIRCULAR,Fetranspor,652,17348108,"-22.9716","-43.283"
448,448-MARACAI X SAO CONRADO - CIRCULAR,Fetranspor,653,17348108,"-22.9716","-43.283"
448,448-MARACAI X SAO CONRADO - CIRCULAR,Fetranspor,654,17348108,"-22.9715","-43.283"
448,448-MARACAI X SAO CONRADO - CIRCULAR,Fetranspor,655,17348108,"-22.9712","-43.2829"
448,448-MARACAI X SAO CONRADO - CIRCULAR,Fetranspor,656,17348108,"-22.9712","-43.2829"
448,448-MARACAI X SAO CONRADO - CIRCULAR,Fetranspor,657,17348108,"-22.9711","-43.2829"
448,448-MARACAI X SAO CONRADO - CIRCULAR,Fetranspor,658,17348108,"-22.9709","-43.2828"
448,448-MARACAI X SAO CONRADO - CIRCULAR,Fetranspor,659,17348108,"-22.9708","-43.2827"
448,448-MARACAI X SAO CONRADO - CIRCULAR,Fetranspor,660,17348108,"-22.9706","-43.2823"
448,448-MARACAI X SAO CONRADO - CIRCULAR,Fetranspor,661,17348108,"-22.9706","-43.2822"
448,448-MARACAI X SAO CONRADO - CIRCULAR,Fetranspor,662,17348108,"-22.9705","-43.2821"
448,448-MARACAI X SAO CONRADO - CIRCULAR,Fetranspor,663,17348108,"-22.9705","-43.2821"
448,448-MARACAI X SAO CONRADO - CIRCULAR,Fetranspor,664,17348108,"-22.9706","-43.282"
448,448-MARACAI X SAO CONRADO - CIRCULAR,Fetranspor,665,17348108,"-22.9706","-43.2818"
448,448-MARACAI X SAO CONRADO - CIRCULAR,Fetranspor,666,17348108,"-22.9706","-43.2818"
448,448-MARACAI X SAO CONRADO - CIRCULAR,Fetranspor,667,17348108,"-22.9706","-43.2817"
448,448-MARACAI X SAO CONRADO - CIRCULAR,Fetranspor,668,17348108,"-22.9706","-43.2817"
448,448-MARACAI X SAO CONRADO - CIRCULAR,Fetranspor,669,17348108,"-22.9706","-43.2816"
448,448-MARACAI X SAO CONRADO - CIRCULAR,Fetranspor,670,17348108,"-22.9706","-43.2815"
448,448-MARACAI X SAO CONRADO - CIRCULAR,Fetranspor,671,17348108,"-22.9705","-43.2814"
448,448-MARACAI X SAO CONRADO - CIRCULAR,Fetranspor,672,17348108,"-22.9704","-43.2811"
448,448-MARACAI X SAO CONRADO - CIRCULAR,Fetranspor,673,17348108,"-22.9703","-43.2811"
448,448-MARACAI X SAO CONRADO - CIRCULAR,Fetranspor,674,17348108,"-22.9703","-43.2811"
448,448-MARACAI X SAO CONRADO - CIRCULAR,Fetranspor,675,17348108,"-22.9705","-43.281"
448,448-MARACAI X SAO CONRADO - CIRCULAR,Fetranspor,676,17348108,"-22.9705","-43.281"
448,448-MARACAI X SAO CONRADO - CIRCULAR,Fetranspor,677,17348108,"-22.9707","-43.2809"
448,448-MARACAI X SAO CONRADO - CIRCULAR,Fetranspor,678,17348108,"-22.9707","-43.2809"
448,448-MARACAI X SAO CONRADO - CIRCULAR,Fetranspor,679,17348108,"-22.9709","-43.2808"
448,448-MARACAI X SAO CONRADO - CIRCULAR,Fetranspor,680,17348108,"-22.971","-43.2808"
448,448-MARACAI X SAO CONRADO - CIRCULAR,Fetranspor,681,17348108,"-22.9711","-43.2807"
448,448-MARACAI X SAO CONRADO - CIRCULAR,Fetranspor,682,17348108,"-22.9712","-43.2804"
448,448-MARACAI X SAO CONRADO - CIRCULAR,Fetranspor,683,17348108,"-22.9713","-43.2804"
448,448-MARACAI X SAO CONRADO - CIRCULAR,Fetranspor,684,17348108,"-22.9713","-43.2804"
448,448-MARACAI X SAO CONRADO - CIRCULAR,Fetranspor,685,17348108,"-22.9714","-43.2804"
448,448-MARACAI X SAO CONRADO - CIRCULAR,Fetranspor,686,17348108,"-22.9714","-43.2804"
448,448-MARACAI X SAO CONRADO - CIRCULAR,Fetranspor,687,17348108,"-22.9716","-43.2807"
448,448-MARACAI X SAO CONRADO - CIRCULAR,Fetranspor,688,17348108,"-22.9717","-43.2808"
448,448-MARACAI X SAO CONRADO - CIRCULAR,Fetranspor,689,17348108,"-22.9717","-43.2808"
448,448-MARACAI X SAO CONRADO - CIRCULAR,Fetranspor,690,17348108,"-22.972","-43.2809"
448,448-MARACAI X SAO CONRADO - CIRCULAR,Fetranspor,691,17348108,"-22.972","-43.281"
448,448-MARACAI X SAO CONRADO - CIRCULAR,Fetranspor,692,17348108,"-22.9721","-43.281"
448,448-MARACAI X SAO CONRADO - CIRCULAR,Fetranspor,693,17348108,"-22.9721","-43.2811"
448,448-MARACAI X SAO CONRADO - CIRCULAR,Fetranspor,694,17348108,"-22.9721","-43.2812"
448,448-MARACAI X SAO CONRADO - CIRCULAR,Fetranspor,695,17348108,"-22.9721","-43.2814"
448,448-MARACAI X SAO CONRADO - CIRCULAR,Fetranspor,696,17348108,"-22.9721","-43.2815"
448,448-MARACAI X SAO CONRADO - CIRCULAR,Fetranspor,697,17348108,"-22.9721","-43.2815"
448,448-MARACAI X SAO CONRADO - CIRCULAR,Fetranspor,698,17348108,"-22.9721","-43.2816"
448,448-MARACAI X SAO CONRADO - CIRCULAR,Fetranspor,699,17348108,"-22.9721","-43.2816"
448,448-MARACAI X SAO CONRADO - CIRCULAR,Fetranspor,700,17348108,"-22.9723","-43.2818"
448,448-MARACAI X SAO CONRADO - CIRCULAR,Fetranspor,701,17348108,"-22.9724","-43.2818"
448,448-MARACAI X SAO CONRADO - CIRCULAR,Fetranspor,702,17348108,"-22.9724","-43.2818"
448,448-MARACAI X SAO CONRADO - CIRCULAR,Fetranspor,703,17348108,"-22.9725","-43.2818"
448,448-MARACAI X SAO CONRADO - CIRCULAR,Fetranspor,704,17348108,"-22.9731","-43.2817"
448,448-MARACAI X SAO CONRADO - CIRCULAR,Fetranspor,705,17348108,"-22.9732","-43.2817"
448,448-MARACAI X SAO CONRADO - CIRCULAR,Fetranspor,706,17348108,"-22.9734","-43.2818"
448,448-MARACAI X SAO CONRADO - CIRCULAR,Fetranspor,707,17348108,"-22.9735","-43.2818"
448,448-MARACAI X SAO CONRADO - CIRCULAR,Fetranspor,708,17348108,"-22.9736","-43.2818"
448,448-MARACAI X SAO CONRADO - CIRCULAR,Fetranspor,709,17348108,"-22.9737","-43.2818"
448,448-MARACAI X SAO CONRADO - CIRCULAR,Fetranspor,710,17348108,"-22.974","-43.2817"
448,448-MARACAI X SAO CONRADO - CIRCULAR,Fetranspor,711,17348108,"-22.9743","-43.2817"
448,448-MARACAI X SAO CONRADO - CIRCULAR,Fetranspor,712,17348108,"-22.9744","-43.2817"
448,448-MARACAI X SAO CONRADO - CIRCULAR,Fetranspor,713,17348108,"-22.9744","-43.2817"
448,448-MARACAI X SAO CONRADO - CIRCULAR,Fetranspor,714,17348108,"-22.9746","-43.2818"
448,448-MARACAI X SAO CONRADO - CIRCULAR,Fetranspor,715,17348108,"-22.9748","-43.2819"
448,448-MARACAI X SAO CONRADO - CIRCULAR,Fetranspor,716,17348108,"-22.9752","-43.2823"
448,448-MARACAI X SAO CONRADO - CIRCULAR,Fetranspor,717,17348108,"-22.9756","-43.2823"
448,448-MARACAI X SAO CONRADO - CIRCULAR,Fetranspor,718,17348108,"-22.9758","-43.2821"
448,448-MARACAI X SAO CONRADO - CIRCULAR,Fetranspor,719,17348108,"-22.976","-43.2817"
448,448-MARACAI X SAO CONRADO - CIRCULAR,Fetranspor,720,17348108,"-22.9759","-43.2813"
448,448-MARACAI X SAO CONRADO - CIRCULAR,Fetranspor,721,17348108,"-22.9756","-43.2808"
448,448-MARACAI X SAO CONRADO - CIRCULAR,Fetranspor,722,17348108,"-22.9754","-43.2807"
448,448-MARACAI X SAO CONRADO - CIRCULAR,Fetranspor,723,17348108,"-22.975","-43.2806"
448,448-MARACAI X SAO CONRADO - CIRCULAR,Fetranspor,724,17348108,"-22.9748","-43.2806"
448,448-MARACAI X SAO CONRADO - CIRCULAR,Fetranspor,725,17348108,"-22.9746","-43.2809"
448,448-MARACAI X SAO CONRADO - CIRCULAR,Fetranspor,726,17348108,"-22.9746","-43.2809"
448,448-MARACAI X SAO CONRADO - CIRCULAR,Fetranspor,727,17348108,"-22.9745","-43.2808"
448,448-MARACAI X SAO CONRADO - CIRCULAR,Fetranspor,728,17348108,"-22.9745","-43.2808"
448,448-MARACAI X SAO CONRADO - CIRCULAR,Fetranspor,729,17348108,"-22.9741","-43.2808"
448,448-MARACAI X SAO CONRADO - CIRCULAR,Fetranspor,730,17348108,"-22.9741","-43.2808"
448,448-MARACAI X SAO CONRADO - CIRCULAR,Fetranspor,731,17348108,"-22.9741","-43.2808"
448,448-MARACAI X SAO CONRADO - CIRCULAR,Fetranspor,732,17348108,"-22.9741","-43.2807"
448,448-MARACAI X SAO CONRADO - CIRCULAR,Fetranspor,733,17348108,"-22.974","-43.2807"
448,448-MARACAI X SAO CONRADO - CIRCULAR,Fetranspor,734,17348108,"-22.974","-43.2807"
448,448-MARACAI X SAO CONRADO - CIRCULAR,Fetranspor,735,17348108,"-22.974","-43.2806"
448,448-MARACAI X SAO CONRADO - CIRCULAR,Fetranspor,736,17348108,"-22.9742","-43.2805"
448,448-MARACAI X SAO CONRADO - CIRCULAR,Fetranspor,737,17348108,"-22.9742","-43.2804"
448,448-MARACAI X SAO CONRADO - CIRCULAR,Fetranspor,738,17348108,"-22.9743","-43.2802"
448,448-MARACAI X SAO CONRADO - CIRCULAR,Fetranspor,739,17348108,"-22.9744","-43.2802"
448,448-MARACAI X SAO CONRADO - CIRCULAR,Fetranspor,740,17348108,"-22.9744","-43.2802"
448,448-MARACAI X SAO CONRADO - CIRCULAR,Fetranspor,741,17348108,"-22.9753","-43.2798"
448,448-MARACAI X SAO CONRADO - CIRCULAR,Fetranspor,742,17348108,"-22.9753","-43.2798"
448,448-MARACAI X SAO CONRADO - CIRCULAR,Fetranspor,743,17348108,"-22.9754","-43.2797"
448,448-MARACAI X SAO CONRADO - CIRCULAR,Fetranspor,744,17348108,"-22.9754","-43.2797"
448,448-MARACAI X SAO CONRADO - CIRCULAR,Fetranspor,745,17348108,"-22.9758","-43.2793"
448,448-MARACAI X SAO CONRADO - CIRCULAR,Fetranspor,746,17348108,"-22.9758","-43.2793"
448,448-MARACAI X SAO CONRADO - CIRCULAR,Fetranspor,747,17348108,"-22.976","-43.2791"
448,448-MARACAI X SAO CONRADO - CIRCULAR,Fetranspor,748,17348108,"-22.976","-43.2791"
448,448-MARACAI X SAO CONRADO - CIRCULAR,Fetranspor,749,17348108,"-22.9761","-43.279"
448,448-MARACAI X SAO CONRADO - CIRCULAR,Fetranspor,750,17348108,"-22.9761","-43.2788"
448,448-MARACAI X SAO CONRADO - CIRCULAR,Fetranspor,751,17348108,"-22.9761","-43.2786"
448,448-MARACAI X SAO CONRADO - CIRCULAR,Fetranspor,752,17348108,"-22.9761","-43.2785"
448,448-MARACAI X SAO CONRADO - CIRCULAR,Fetranspor,753,17348108,"-22.9761","-43.2785"
448,448-MARACAI X SAO CONRADO - CIRCULAR,Fetranspor,754,17348108,"-22.9761","-43.2785"
448,448-MARACAI X SAO CONRADO - CIRCULAR,Fetranspor,755,17348108,"-22.9761","-43.2784"
448,448-MARACAI X SAO CONRADO - CIRCULAR,Fetranspor,756,17348108,"-22.976","-43.2784"
448,448-MARACAI X SAO CONRADO - CIRCULAR,Fetranspor,757,17348108,"-22.976","-43.2784"
448,448-MARACAI X SAO CONRADO - CIRCULAR,Fetranspor,758,17348108,"-22.9761","-43.2783"
448,448-MARACAI X SAO CONRADO - CIRCULAR,Fetranspor,759,17348108,"-22.9762","-43.2783"
448,448-MARACAI X SAO CONRADO - CIRCULAR,Fetranspor,760,17348108,"-22.9763","-43.2782"
448,448-MARACAI X SAO CONRADO - CIRCULAR,Fetranspor,761,17348108,"-22.9764","-43.2782"
448,448-MARACAI X SAO CONRADO - CIRCULAR,Fetranspor,762,17348108,"-22.9765","-43.2782"
448,448-MARACAI X SAO CONRADO - CIRCULAR,Fetranspor,763,17348108,"-22.9767","-43.2782"
448,448-MARACAI X SAO CONRADO - CIRCULAR,Fetranspor,764,17348108,"-22.9769","-43.2781"
448,448-MARACAI X SAO CONRADO - CIRCULAR,Fetranspor,765,17348108,"-22.9769","-43.2781"
448,448-MARACAI X SAO CONRADO - CIRCULAR,Fetranspor,766,17348108,"-22.9772","-43.2781"
448,448-MARACAI X SAO CONRADO - CIRCULAR,Fetranspor,767,17348108,"-22.9772","-43.2781"
448,448-MARACAI X SAO CONRADO - CIRCULAR,Fetranspor,768,17348108,"-22.9777","-43.2778"
448,448-MARACAI X SAO CONRADO - CIRCULAR,Fetranspor,769,17348108,"-22.9779","-43.2776"
448,448-MARACAI X SAO CONRADO - CIRCULAR,Fetranspor,770,17348108,"-22.9783","-43.2773"
448,448-MARACAI X SAO CONRADO - CIRCULAR,Fetranspor,771,17348108,"-22.9786","-43.2768"
448,448-MARACAI X SAO CONRADO - CIRCULAR,Fetranspor,772,17348108,"-22.979","-43.2764"
448,448-MARACAI X SAO CONRADO - CIRCULAR,Fetranspor,773,17348108,"-22.9793","-43.2763"
448,448-MARACAI X SAO CONRADO - CIRCULAR,Fetranspor,774,17348108,"-22.9797","-43.276"
448,448-MARACAI X SAO CONRADO - CIRCULAR,Fetranspor,775,17348108,"-22.9798","-43.2758"
448,448-MARACAI X SAO CONRADO - CIRCULAR,Fetranspor,776,17348108,"-22.98","-43.2757"
448,448-MARACAI X SAO CONRADO - CIRCULAR,Fetranspor,777,17348108,"-22.9803","-43.2756"
448,448-MARACAI X SAO CONRADO - CIRCULAR,Fetranspor,778,17348108,"-22.9805","-43.2755"
448,448-MARACAI X SAO CONRADO - CIRCULAR,Fetranspor,779,17348108,"-22.9809","-43.2755"
448,448-MARACAI X SAO CONRADO - CIRCULAR,Fetranspor,780,17348108,"-22.9811","-43.2755"
448,448-MARACAI X SAO CONRADO - CIRCULAR,Fetranspor,781,17348108,"-22.9815","-43.2757"
448,448-MARACAI X SAO CONRADO - CIRCULAR,Fetranspor,782,17348108,"-22.9817","-43.2757"
448,448-MARACAI X SAO CONRADO - CIRCULAR,Fetranspor,783,17348108,"-22.9821","-43.276"
448,448-MARACAI X SAO CONRADO - CIRCULAR,Fetranspor,784,17348108,"-22.9823","-43.2762"
448,448-MARACAI X SAO CONRADO - CIRCULAR,Fetranspor,785,17348108,"-22.9825","-43.2765"
448,448-MARACAI X SAO CONRADO - CIRCULAR,Fetranspor,786,17348108,"-22.9828","-43.2767"
448,448-MARACAI X SAO CONRADO - CIRCULAR,Fetranspor,787,17348108,"-22.9828","-43.2767"
448,448-MARACAI X SAO CONRADO - CIRCULAR,Fetranspor,788,17348108,"-22.9831","-43.2766"
448,448-MARACAI X SAO CONRADO - CIRCULAR,Fetranspor,789,17348108,"-22.9833","-43.2765"
448,448-MARACAI X SAO CONRADO - CIRCULAR,Fetranspor,790,17348108,"-22.9835","-43.2763"
448,448-MARACAI X SAO CONRADO - CIRCULAR,Fetranspor,791,17348108,"-22.9835","-43.2761"
448,448-MARACAI X SAO CONRADO - CIRCULAR,Fetranspor,792,17348108,"-22.9835","-43.2758"
448,448-MARACAI X SAO CONRADO - CIRCULAR,Fetranspor,793,17348108,"-22.9834","-43.2756"
448,448-MARACAI X SAO CONRADO - CIRCULAR,Fetranspor,794,17348108,"-22.9833","-43.2753"
448,448-MARACAI X SAO CONRADO - CIRCULAR,Fetranspor,795,17348108,"-22.9833","-43.2752"
448,448-MARACAI X SAO CONRADO - CIRCULAR,Fetranspor,796,17348108,"-22.9833","-43.2752"
448,448-MARACAI X SAO CONRADO - CIRCULAR,Fetranspor,797,17348108,"-22.9833","-43.2751"
448,448-MARACAI X SAO CONRADO - CIRCULAR,Fetranspor,798,17348108,"-22.9833","-43.275"
448,448-MARACAI X SAO CONRADO - CIRCULAR,Fetranspor,799,17348108,"-22.9834","-43.2745"
448,448-MARACAI X SAO CONRADO - CIRCULAR,Fetranspor,800,17348108,"-22.9835","-43.2744"
448,448-MARACAI X SAO CONRADO - CIRCULAR,Fetranspor,801,17348108,"-22.9834","-43.2742"
448,448-MARACAI X SAO CONRADO - CIRCULAR,Fetranspor,802,17348108,"-22.9834","-43.2741"
448,448-MARACAI X SAO CONRADO - CIRCULAR,Fetranspor,803,17348108,"-22.9829","-43.2729"
448,448-MARACAI X SAO CONRADO - CIRCULAR,Fetranspor,804,17348108,"-22.9829","-43.2728"
448,448-MARACAI X SAO CONRADO - CIRCULAR,Fetranspor,805,17348108,"-22.9829","-43.2727"
448,448-MARACAI X SAO CONRADO - CIRCULAR,Fetranspor,806,17348108,"-22.9829","-43.2726"
448,448-MARACAI X SAO CONRADO - CIRCULAR,Fetranspor,807,17348108,"-22.9829","-43.2725"
448,448-MARACAI X SAO CONRADO - CIRCULAR,Fetranspor,808,17348108,"-22.9829","-43.2723"
448,448-MARACAI X SAO CONRADO - CIRCULAR,Fetranspor,809,17348108,"-22.9829","-43.2722"
448,448-MARACAI X SAO CONRADO - CIRCULAR,Fetranspor,810,17348108,"-22.983","-43.272"
448,448-MARACAI X SAO CONRADO - CIRCULAR,Fetranspor,811,17348108,"-22.9831","-43.2718"
448,448-MARACAI X SAO CONRADO - CIRCULAR,Fetranspor,812,17348108,"-22.9832","-43.2717"
448,448-MARACAI X SAO CONRADO - CIRCULAR,Fetranspor,813,17348108,"-22.9834","-43.2716"
448,448-MARACAI X SAO CONRADO - CIRCULAR,Fetranspor,814,17348108,"-22.9836","-43.2715"
448,448-MARACAI X SAO CONRADO - CIRCULAR,Fetranspor,815,17348108,"-22.9837","-43.2714"
448,448-MARACAI X SAO CONRADO - CIRCULAR,Fetranspor,816,17348108,"-22.9839","-43.2714"
448,448-MARACAI X SAO CONRADO - CIRCULAR,Fetranspor,817,17348108,"-22.9843","-43.2713"
448,448-MARACAI X SAO CONRADO - CIRCULAR,Fetranspor,818,17348108,"-22.9844","-43.2713"
448,448-MARACAI X SAO CONRADO - CIRCULAR,Fetranspor,819,17348108,"-22.9845","-43.2713"
448,448-MARACAI X SAO CONRADO - CIRCULAR,Fetranspor,820,17348108,"-22.9852","-43.2709"
448,448-MARACAI X SAO CONRADO - CIRCULAR,Fetranspor,821,17348108,"-22.9854","-43.2708"
448,448-MARACAI X SAO CONRADO - CIRCULAR,Fetranspor,822,17348108,"-22.9855","-43.2708"
448,448-MARACAI X SAO CONRADO - CIRCULAR,Fetranspor,823,17348108,"-22.9856","-43.2708"
448,448-MARACAI X SAO CONRADO - CIRCULAR,Fetranspor,824,17348108,"-22.9858","-43.2708"
448,448-MARACAI X SAO CONRADO - CIRCULAR,Fetranspor,825,17348108,"-22.986","-43.2708"
448,448-MARACAI X SAO CONRADO - CIRCULAR,Fetranspor,826,17348108,"-22.9861","-43.2708"
448,448-MARACAI X SAO CONRADO - CIRCULAR,Fetranspor,827,17348108,"-22.9862","-43.2708"
448,448-MARACAI X SAO CONRADO - CIRCULAR,Fetranspor,828,17348108,"-22.9868","-43.2706"
448,448-MARACAI X SAO CONRADO - CIRCULAR,Fetranspor,829,17348108,"-22.9869","-43.2706"
448,448-MARACAI X SAO CONRADO - CIRCULAR,Fetranspor,830,17348108,"-22.987","-43.2706"
448,448-MARACAI X SAO CONRADO - CIRCULAR,Fetranspor,831,17348108,"-22.9871","-43.2704"
448,448-MARACAI X SAO CONRADO - CIRCULAR,Fetranspor,832,17348108,"-22.9872","-43.2704"
448,448-MARACAI X SAO CONRADO - CIRCULAR,Fetranspor,833,17348108,"-22.9872","-43.2703"
448,448-MARACAI X SAO CONRADO - CIRCULAR,Fetranspor,834,17348108,"-22.9877","-43.2702"
448,448-MARACAI X SAO CONRADO - CIRCULAR,Fetranspor,835,17348108,"-22.9879","-43.2702"
448,448-MARACAI X SAO CONRADO - CIRCULAR,Fetranspor,836,17348108,"-22.988","-43.2701"
448,448-MARACAI X SAO CONRADO - CIRCULAR,Fetranspor,837,17348108,"-22.9881","-43.2701"
448,448-MARACAI X SAO CONRADO - CIRCULAR,Fetranspor,838,17348108,"-22.9881","-43.27"
448,448-MARACAI X SAO CONRADO - CIRCULAR,Fetranspor,839,17348108,"-22.9882","-43.2699"
448,448-MARACAI X SAO CONRADO - CIRCULAR,Fetranspor,840,17348108,"-22.9882","-43.2698"
448,448-MARACAI X SAO CONRADO - CIRCULAR,Fetranspor,841,17348108,"-22.9882","-43.2697"
448,448-MARACAI X SAO CONRADO - CIRCULAR,Fetranspor,842,17348108,"-22.9883","-43.2696"
448,448-MARACAI X SAO CONRADO - CIRCULAR,Fetranspor,843,17348108,"-22.9882","-43.2693"
448,448-MARACAI X SAO CONRADO - CIRCULAR,Fetranspor,844,17348108,"-22.9883","-43.2693"
448,448-MARACAI X SAO CONRADO - CIRCULAR,Fetranspor,845,17348108,"-22.9883","-43.2692"
448,448-MARACAI X SAO CONRADO - CIRCULAR,Fetranspor,846,17348108,"-22.9883","-43.2692"
448,448-MARACAI X SAO CONRADO - CIRCULAR,Fetranspor,847,17348108,"-22.9884","-43.2691"
448,448-MARACAI X SAO CONRADO - CIRCULAR,Fetranspor,848,17348108,"-22.9884","-43.2691"
448,448-MARACAI X SAO CONRADO - CIRCULAR,Fetranspor,849,17348108,"-22.9885","-43.2691"
448,448-MARACAI X SAO CONRADO - CIRCULAR,Fetranspor,850,17348108,"-22.9886","-43.2691"
448,448-MARACAI X SAO CONRADO - CIRCULAR,Fetranspor,851,17348108,"-22.9887","-43.2691"
448,448-MARACAI X SAO CONRADO - CIRCULAR,Fetranspor,852,17348108,"-22.9887","-43.2691"
448,448-MARACAI X SAO CONRADO - CIRCULAR,Fetranspor,853,17348108,"-22.9888","-43.2692"
448,448-MARACAI X SAO CONRADO - CIRCULAR,Fetranspor,854,17348108,"-22.9888","-43.2692"
448,448-MARACAI X SAO CONRADO - CIRCULAR,Fetranspor,855,17348108,"-22.9889","-43.2693"
448,448-MARACAI X SAO CONRADO - CIRCULAR,Fetranspor,856,17348108,"-22.9889","-43.2694"
448,448-MARACAI X SAO CONRADO - CIRCULAR,Fetranspor,857,17348108,"-22.9889","-43.2694"
448,448-MARACAI X SAO CONRADO - CIRCULAR,Fetranspor,858,17348108,"-22.9889","-43.2695"
448,448-MARACAI X SAO CONRADO - CIRCULAR,Fetranspor,859,17348108,"-22.9889","-43.2695"
448,448-MARACAI X SAO CONRADO - CIRCULAR,Fetranspor,860,17348108,"-22.9889","-43.2696"
448,448-MARACAI X SAO CONRADO - CIRCULAR,Fetranspor,861,17348108,"-22.9888","-43.2697"
448,448-MARACAI X SAO CONRADO - CIRCULAR,Fetranspor,862,17348108,"-22.9887","-43.2698"
448,448-MARACAI X SAO CONRADO - CIRCULAR,Fetranspor,863,17348108,"-22.9886","-43.2699"
448,448-MARACAI X SAO CONRADO - CIRCULAR,Fetranspor,864,17348108,"-22.9885","-43.27"
448,448-MARACAI X SAO CONRADO - CIRCULAR,Fetranspor,865,17348108,"-22.9884","-43.2701"
448,448-MARACAI X SAO CONRADO - CIRCULAR,Fetranspor,866,17348108,"-22.9883","-43.2702"
448,448-MARACAI X SAO CONRADO - CIRCULAR,Fetranspor,867,17348108,"-22.9882","-43.2703"
448,448-MARACAI X SAO CONRADO - CIRCULAR,Fetranspor,868,17348108,"-22.9881","-43.2704"
448,448-MARACAI X SAO CONRADO - CIRCULAR,Fetranspor,869,17348108,"-22.9877","-43.2706"
448,448-MARACAI X SAO CONRADO - CIRCULAR,Fetranspor,870,17348108,"-22.9875","-43.2707"
448,448-MARACAI X SAO CONRADO - CIRCULAR,Fetranspor,871,17348108,"-22.9868","-43.2714"
448,448-MARACAI X SAO CONRADO - CIRCULAR,Fetranspor,872,17348108,"-22.9866","-43.2715"
448,448-MARACAI X SAO CONRADO - CIRCULAR,Fetranspor,873,17348108,"-22.986","-43.2721"
448,448-MARACAI X SAO CONRADO - CIRCULAR,Fetranspor,874,17348108,"-22.9856","-43.2724"
448,448-MARACAI X SAO CONRADO - CIRCULAR,Fetranspor,875,17348108,"-22.9856","-43.2725"
448,448-MARACAI X SAO CONRADO - CIRCULAR,Fetranspor,876,17348108,"-22.9855","-43.2726"
448,448-MARACAI X SAO CONRADO - CIRCULAR,Fetranspor,877,17348108,"-22.9855","-43.2727"
448,448-MARACAI X SAO CONRADO - CIRCULAR,Fetranspor,878,17348108,"-22.9855","-43.2727"
448,448-MARACAI X SAO CONRADO - CIRCULAR,Fetranspor,879,17348108,"-22.9856","-43.2728"
448,448-MARACAI X SAO CONRADO - CIRCULAR,Fetranspor,880,17348108,"-22.9856","-43.2729"
448,448-MARACAI X SAO CONRADO - CIRCULAR,Fetranspor,881,17348108,"-22.9857","-43.2729"
448,448-MARACAI X SAO CONRADO - CIRCULAR,Fetranspor,882,17348108,"-22.9857","-43.2729"
448,448-MARACAI X SAO CONRADO - CIRCULAR,Fetranspor,883,17348108,"-22.9858","-43.273"
448,448-MARACAI X SAO CONRADO - CIRCULAR,Fetranspor,884,17348108,"-22.9859","-43.273"
448,448-MARACAI X SAO CONRADO - CIRCULAR,Fetranspor,885,17348108,"-22.9862","-43.273"
448,448-MARACAI X SAO CONRADO - CIRCULAR,Fetranspor,886,17348108,"-22.9863","-43.273"
448,448-MARACAI X SAO CONRADO - CIRCULAR,Fetranspor,887,17348108,"-22.9864","-43.2731"
448,448-MARACAI X SAO CONRADO - CIRCULAR,Fetranspor,888,17348108,"-22.9871","-43.2733"
448,448-MARACAI X SAO CONRADO - CIRCULAR,Fetranspor,889,17348108,"-22.9874","-43.2734"
448,448-MARACAI X SAO CONRADO - CIRCULAR,Fetranspor,890,17348108,"-22.9876","-43.2735"
448,448-MARACAI X SAO CONRADO - CIRCULAR,Fetranspor,891,17348108,"-22.9878","-43.2735"
448,448-MARACAI X SAO CONRADO - CIRCULAR,Fetranspor,892,17348108,"-22.9879","-43.2736"
448,448-MARACAI X SAO CONRADO - CIRCULAR,Fetranspor,893,17348108,"-22.9881","-43.2739"
448,448-MARACAI X SAO CONRADO - CIRCULAR,Fetranspor,894,17348108,"-22.9882","-43.2739"
448,448-MARACAI X SAO CONRADO - CIRCULAR,Fetranspor,895,17348108,"-22.9883","-43.274"
448,448-MARACAI X SAO CONRADO - CIRCULAR,Fetranspor,896,17348108,"-22.9883","-43.274"
448,448-MARACAI X SAO CONRADO - CIRCULAR,Fetranspor,897,17348108,"-22.9884","-43.274"
448,448-MARACAI X SAO CONRADO - CIRCULAR,Fetranspor,898,17348108,"-22.9887","-43.2741"
448,448-MARACAI X SAO CONRADO - CIRCULAR,Fetranspor,899,17348108,"-22.989","-43.2741"
448,448-MARACAI X SAO CONRADO - CIRCULAR,Fetranspor,900,17348108,"-22.9891","-43.2741"
448,448-MARACAI X SAO CONRADO - CIRCULAR,Fetranspor,901,17348108,"-22.9892","-43.2741"
448,448-MARACAI X SAO CONRADO - CIRCULAR,Fetranspor,902,17348108,"-22.9895","-43.2742"
448,448-MARACAI X SAO CONRADO - CIRCULAR,Fetranspor,903,17348108,"-22.9896","-43.2742"
448,448-MARACAI X SAO CONRADO - CIRCULAR,Fetranspor,904,17348108,"-22.9898","-43.2743"
448,448-MARACAI X SAO CONRADO - CIRCULAR,Fetranspor,905,17348108,"-22.9899","-43.2743"
448,448-MARACAI X SAO CONRADO - CIRCULAR,Fetranspor,906,17348108,"-22.99","-43.2743"
448,448-MARACAI X SAO CONRADO - CIRCULAR,Fetranspor,907,17348108,"-22.9901","-43.2743"
448,448-MARACAI X SAO CONRADO - CIRCULAR,Fetranspor,908,17348108,"-22.9902","-43.2743"
448,448-MARACAI X SAO CONRADO - CIRCULAR,Fetranspor,909,17348108,"-22.9904","-43.2743"
448,448-MARACAI X SAO CONRADO - CIRCULAR,Fetranspor,910,17348108,"-22.9906","-43.2743"
448,448-MARACAI X SAO CONRADO - CIRCULAR,Fetranspor,911,17348108,"-22.9908","-43.2743"
448,448-MARACAI X SAO CONRADO - CIRCULAR,Fetranspor,912,17348108,"-22.9911","-43.2742"
448,448-MARACAI X SAO CONRADO - CIRCULAR,Fetranspor,913,17348108,"-22.9912","-43.2742"
448,448-MARACAI X SAO CONRADO - CIRCULAR,Fetranspor,914,17348108,"-22.9916","-43.274"
448,448-MARACAI X SAO CONRADO - CIRCULAR,Fetranspor,915,17348108,"-22.9916","-43.274"
448,448-MARACAI X SAO CONRADO - CIRCULAR,Fetranspor,916,17348108,"-22.9917","-43.274"
448,448-MARACAI X SAO CONRADO - CIRCULAR,Fetranspor,917,17348108,"-22.9918","-43.2739"
448,448-MARACAI X SAO CONRADO - CIRCULAR,Fetranspor,918,17348108,"-22.9918","-43.2739"
448,448-MARACAI X SAO CONRADO - CIRCULAR,Fetranspor,919,17348108,"-22.992","-43.2739"
448,448-MARACAI X SAO CONRADO - CIRCULAR,Fetranspor,920,17348108,"-22.992","-43.274"
448,448-MARACAI X SAO CONRADO - CIRCULAR,Fetranspor,921,17348108,"-22.9922","-43.2741"
448,448-MARACAI X SAO CONRADO - CIRCULAR,Fetranspor,922,17348108,"-22.9927","-43.2744"
448,448-MARACAI X SAO CONRADO - CIRCULAR,Fetranspor,923,17348108,"-22.9929","-43.2746"
448,448-MARACAI X SAO CONRADO - CIRCULAR,Fetranspor,924,17348108,"-22.993","-43.2747"
448,448-MARACAI X SAO CONRADO - CIRCULAR,Fetranspor,925,17348108,"-22.9936","-43.2757"
448,448-MARACAI X SAO CONRADO - CIRCULAR,Fetranspor,926,17348108,"-22.9937","-43.2758"
448,448-MARACAI X SAO CONRADO - CIRCULAR,Fetranspor,927,17348108,"-22.9937","-43.2758"
448,448-MARACAI X SAO CONRADO - CIRCULAR,Fetranspor,928,17348108,"-22.9938","-43.2758"
448,448-MARACAI X SAO CONRADO - CIRCULAR,Fetranspor,929,17348108,"-22.9939","-43.2758"
448,448-MARACAI X SAO CONRADO - CIRCULAR,Fetranspor,930,17348108,"-22.9939","-43.2758"
448,448-MARACAI X SAO CONRADO - CIRCULAR,Fetranspor,931,17348108,"-22.994","-43.2758"
448,448-MARACAI X SAO CONRADO - CIRCULAR,Fetranspor,932,17348108,"-22.994","-43.2757"
448,448-MARACAI X SAO CONRADO - CIRCULAR,Fetranspor,933,17348108,"-22.9941","-43.2757"
448,448-MARACAI X SAO CONRADO - CIRCULAR,Fetranspor,934,17348108,"-22.9941","-43.2756"
448,448-MARACAI X SAO CONRADO - CIRCULAR,Fetranspor,935,17348108,"-22.9941","-43.2755"
448,448-MARACAI X SAO CONRADO - CIRCULAR,Fetranspor,936,17348108,"-22.9941","-43.2755"
448,448-MARACAI X SAO CONRADO - CIRCULAR,Fetranspor,937,17348108,"-22.9941","-43.2755"
448,448-MARACAI X SAO CONRADO - CIRCULAR,Fetranspor,938,17348108,"-22.9938","-43.2747"
448,448-MARACAI X SAO CONRADO - CIRCULAR,Fetranspor,939,17348108,"-22.9938","-43.2746"
448,448-MARACAI X SAO CONRADO - CIRCULAR,Fetranspor,940,17348108,"-22.9937","-43.2744"
448,448-MARACAI X SAO CONRADO - CIRCULAR,Fetranspor,941,17348108,"-22.9937","-43.2743"
448,448-MARACAI X SAO CONRADO - CIRCULAR,Fetranspor,942,17348108,"-22.9938","-43.2743"
448,448-MARACAI X SAO CONRADO - CIRCULAR,Fetranspor,943,17348108,"-22.9938","-43.2742"
448,448-MARACAI X SAO CONRADO - CIRCULAR,Fetranspor,944,17348108,"-22.9939","-43.2742"
448,448-MARACAI X SAO CONRADO - CIRCULAR,Fetranspor,945,17348108,"-22.994","-43.2741"
448,448-MARACAI X SAO CONRADO - CIRCULAR,Fetranspor,946,17348108,"-22.9942","-43.2741"
448,448-MARACAI X SAO CONRADO - CIRCULAR,Fetranspor,947,17348108,"-22.9943","-43.2741"
448,448-MARACAI X SAO CONRADO - CIRCULAR,Fetranspor,948,17348108,"-22.9944","-43.274"
448,448-MARACAI X SAO CONRADO - CIRCULAR,Fetranspor,949,17348108,"-22.9945","-43.274"
448,448-MARACAI X SAO CONRADO - CIRCULAR,Fetranspor,950,17348108,"-22.9945","-43.2739"
448,448-MARACAI X SAO CONRADO - CIRCULAR,Fetranspor,951,17348108,"-22.9946","-43.2739"
448,448-MARACAI X SAO CONRADO - CIRCULAR,Fetranspor,952,17348108,"-22.9946","-43.2738"
448,448-MARACAI X SAO CONRADO - CIRCULAR,Fetranspor,953,17348108,"-22.9947","-43.2737"
448,448-MARACAI X SAO CONRADO - CIRCULAR,Fetranspor,954,17348108,"-22.9948","-43.2734"
448,448-MARACAI X SAO CONRADO - CIRCULAR,Fetranspor,955,17348108,"-22.9948","-43.2733"
448,448-MARACAI X SAO CONRADO - CIRCULAR,Fetranspor,956,17348108,"-22.9948","-43.2732"
448,448-MARACAI X SAO CONRADO - CIRCULAR,Fetranspor,957,17348108,"-22.9948","-43.2731"
448,448-MARACAI X SAO CONRADO - CIRCULAR,Fetranspor,958,17348108,"-22.9948","-43.273"
448,448-MARACAI X SAO CONRADO - CIRCULAR,Fetranspor,959,17348108,"-22.9946","-43.2726"
448,448-MARACAI X SAO CONRADO - CIRCULAR,Fetranspor,960,17348108,"-22.9946","-43.2724"
448,448-MARACAI X SAO CONRADO - CIRCULAR,Fetranspor,961,17348108,"-22.9945","-43.2722"
448,448-MARACAI X SAO CONRADO - CIRCULAR,Fetranspor,962,17348108,"-22.9945","-43.2718"
448,448-MARACAI X SAO CONRADO - CIRCULAR,Fetranspor,963,17348108,"-22.9945","-43.2718"
448,448-MARACAI X SAO CONRADO - CIRCULAR,Fetranspor,964,17348108,"-22.9945","-43.2715"
448,448-MARACAI X SAO CONRADO - CIRCULAR,Fetranspor,965,17348108,"-22.9945","-43.2715"
448,448-MARACAI X SAO CONRADO - CIRCULAR,Fetranspor,966,17348108,"-22.9944","-43.2712"
448,448-MARACAI X SAO CONRADO - CIRCULAR,Fetranspor,967,17348108,"-22.9944","-43.2711"
448,448-MARACAI X SAO CONRADO - CIRCULAR,Fetranspor,968,17348108,"-22.9945","-43.271"
448,448-MARACAI X SAO CONRADO - CIRCULAR,Fetranspor,969,17348108,"-22.9945","-43.2709"
448,448-MARACAI X SAO CONRADO - CIRCULAR,Fetranspor,970,17348108,"-22.9949","-43.2701"
448,448-MARACAI X SAO CONRADO - CIRCULAR,Fetranspor,971,17348108,"-22.995","-43.27"
448,448-MARACAI X SAO CONRADO - CIRCULAR,Fetranspor,972,17348108,"-22.9951","-43.27"
448,448-MARACAI X SAO CONRADO - CIRCULAR,Fetranspor,973,17348108,"-22.9951","-43.2699"
448,448-MARACAI X SAO CONRADO - CIRCULAR,Fetranspor,974,17348108,"-22.9952","-43.2699"
448,448-MARACAI X SAO CONRADO - CIRCULAR,Fetranspor,975,17348108,"-22.9953","-43.2699"
448,448-MARACAI X SAO CONRADO - CIRCULAR,Fetranspor,976,17348108,"-22.9954","-43.2699"
448,448-MARACAI X SAO CONRADO - CIRCULAR,Fetranspor,977,17348108,"-22.9954","-43.2699"
448,448-MARACAI X SAO CONRADO - CIRCULAR,Fetranspor,978,17348108,"-22.9954","-43.2699"
448,448-MARACAI X SAO CONRADO - CIRCULAR,Fetranspor,979,17348108,"-22.9955","-43.27"
448,448-MARACAI X SAO CONRADO - CIRCULAR,Fetranspor,980,17348108,"-22.9956","-43.27"
448,448-MARACAI X SAO CONRADO - CIRCULAR,Fetranspor,981,17348108,"-22.9957","-43.27"
448,448-MARACAI X SAO CONRADO - CIRCULAR,Fetranspor,982,17348108,"-22.9957","-43.2701"
448,448-MARACAI X SAO CONRADO - CIRCULAR,Fetranspor,983,17348108,"-22.9958","-43.2702"
448,448-MARACAI X SAO CONRADO - CIRCULAR,Fetranspor,984,17348108,"-22.9958","-43.2703"
448,448-MARACAI X SAO CONRADO - CIRCULAR,Fetranspor,985,17348108,"-22.9959","-43.2704"
448,448-MARACAI X SAO CONRADO - CIRCULAR,Fetranspor,986,17348108,"-22.996","-43.2706"
448,448-MARACAI X SAO CONRADO - CIRCULAR,Fetranspor,987,17348108,"-22.9961","-43.2707"
448,448-MARACAI X SAO CONRADO - CIRCULAR,Fetranspor,988,17348108,"-22.9962","-43.2707"
448,448-MARACAI X SAO CONRADO - CIRCULAR,Fetranspor,989,17348108,"-22.9963","-43.2708"
448,448-MARACAI X SAO CONRADO - CIRCULAR,Fetranspor,990,17348108,"-22.9964","-43.2707"
448,448-MARACAI X SAO CONRADO - CIRCULAR,Fetranspor,991,17348108,"-22.9965","-43.2707"
448,448-MARACAI X SAO CONRADO - CIRCULAR,Fetranspor,992,17348108,"-22.9965","-43.2707"
448,448-MARACAI X SAO CONRADO - CIRCULAR,Fetranspor,993,17348108,"-22.9966","-43.2706"
448,448-MARACAI X SAO CONRADO - CIRCULAR,Fetranspor,994,17348108,"-22.9966","-43.2706"
448,448-MARACAI X SAO CONRADO - CIRCULAR,Fetranspor,995,17348108,"-22.9967","-43.2705"
448,448-MARACAI X SAO CONRADO - CIRCULAR,Fetranspor,996,17348108,"-22.9967","-43.2704"
448,448-MARACAI X SAO CONRADO - CIRCULAR,Fetranspor,997,17348108,"-22.9967","-43.2702"
448,448-MARACAI X SAO CONRADO - CIRCULAR,Fetranspor,998,17348108,"-22.9968","-43.2701"
448,448-MARACAI X SAO CONRADO - CIRCULAR,Fetranspor,999,17348108,"-22.9968","-43.2701"
448,448-MARACAI X SAO CONRADO - CIRCULAR,Fetranspor,1000,17348108,"-22.9968","-43.27"
448,448-MARACAI X SAO CONRADO - CIRCULAR,Fetranspor,1001,17348108,"-22.9969","-43.27"
448,448-MARACAI X SAO CONRADO - CIRCULAR,Fetranspor,1002,17348108,"-22.9969","-43.27"
448,448-MARACAI X SAO CONRADO - CIRCULAR,Fetranspor,1003,17348108,"-22.997","-43.27"
448,448-MARACAI X SAO CONRADO - CIRCULAR,Fetranspor,1004,17348108,"-22.997","-43.2699"
448,448-MARACAI X SAO CONRADO - CIRCULAR,Fetranspor,1005,17348108,"-22.9971","-43.2699"
448,448-MARACAI X SAO CONRADO - CIRCULAR,Fetranspor,1006,17348108,"-22.9973","-43.2699"
448,448-MARACAI X SAO CONRADO - CIRCULAR,Fetranspor,1007,17348108,"-22.9973","-43.2699"
448,448-MARACAI X SAO CONRADO - CIRCULAR,Fetranspor,1008,17348108,"-22.9975","-43.2699"
448,448-MARACAI X SAO CONRADO - CIRCULAR,Fetranspor,1009,17348108,"-22.9975","-43.2699"
448,448-MARACAI X SAO CONRADO - CIRCULAR,Fetranspor,1010,17348108,"-22.9976","-43.2699"
448,448-MARACAI X SAO CONRADO - CIRCULAR,Fetranspor,1011,17348108,"-22.9983","-43.2695"
448,448-MARACAI X SAO CONRADO - CIRCULAR,Fetranspor,1012,17348108,"-22.9983","-43.2695"
448,448-MARACAI X SAO CONRADO - CIRCULAR,Fetranspor,1013,17348108,"-22.9984","-43.2695"
448,448-MARACAI X SAO CONRADO - CIRCULAR,Fetranspor,1014,17348108,"-22.9985","-43.2695"
448,448-MARACAI X SAO CONRADO - CIRCULAR,Fetranspor,1015,17348108,"-22.9985","-43.2695"
448,448-MARACAI X SAO CONRADO - CIRCULAR,Fetranspor,1016,17348108,"-22.9986","-43.2695"
448,448-MARACAI X SAO CONRADO - CIRCULAR,Fetranspor,1017,17348108,"-22.9986","-43.2695"
448,448-MARACAI X SAO CONRADO - CIRCULAR,Fetranspor,1018,17348108,"-22.9986","-43.2695"
448,448-MARACAI X SAO CONRADO - CIRCULAR,Fetranspor,1019,17348108,"-22.9987","-43.2695"
448,448-MARACAI X SAO CONRADO - CIRCULAR,Fetranspor,1020,17348108,"-22.9987","-43.2695"
448,448-MARACAI X SAO CONRADO - CIRCULAR,Fetranspor,1021,17348108,"-22.9987","-43.2695"
448,448-MARACAI X SAO CONRADO - CIRCULAR,Fetranspor,1022,17348108,"-22.9988","-43.2695"
448,448-MARACAI X SAO CONRADO - CIRCULAR,Fetranspor,1023,17348108,"-22.9988","-43.2695"
448,448-MARACAI X SAO CONRADO - CIRCULAR,Fetranspor,1024,17348108,"-22.9988","-43.2696"
448,448-MARACAI X SAO CONRADO - CIRCULAR,Fetranspor,1025,17348108,"-22.9988","-43.2696"
448,448-MARACAI X SAO CONRADO - CIRCULAR,Fetranspor,1026,17348108,"-22.9989","-43.27"
448,448-MARACAI X SAO CONRADO - CIRCULAR,Fetranspor,1027,17348108,"-22.9989","-43.27"
448,448-MARACAI X SAO CONRADO - CIRCULAR,Fetranspor,1028,17348108,"-22.9991","-43.2709"
448,448-MARACAI X SAO CONRADO - CIRCULAR,Fetranspor,1029,17348108,"-22.9991","-43.2712"
448,448-MARACAI X SAO CONRADO - CIRCULAR,Fetranspor,1030,17348108,"-22.9992","-43.2717"
448,448-MARACAI X SAO CONRADO - CIRCULAR,Fetranspor,1031,17348108,"-22.9992","-43.2719"
448,448-MARACAI X SAO CONRADO - CIRCULAR,Fetranspor,1032,17348108,"-22.9993","-43.2721"
448,448-MARACAI X SAO CONRADO - CIRCULAR,Fetranspor,1033,17348108,"-22.9994","-43.2724"
448,448-MARACAI X SAO CONRADO - CIRCULAR,Fetranspor,1034,17348108,"-22.9995","-43.2726"
448,448-MARACAI X SAO CONRADO - CIRCULAR,Fetranspor,1035,17348108,"-22.9996","-43.2728"
448,448-MARACAI X SAO CONRADO - CIRCULAR,Fetranspor,1036,17348108,"-22.9997","-43.2729"
448,448-MARACAI X SAO CONRADO - CIRCULAR,Fetranspor,1037,17348108,"-22.9997","-43.2729"
448,448-MARACAI X SAO CONRADO - CIRCULAR,Fetranspor,1038,17348108,"-22.9998","-43.273"
448,448-MARACAI X SAO CONRADO - CIRCULAR,Fetranspor,1039,17348108,"-22.9999","-43.273"
448,448-MARACAI X SAO CONRADO - CIRCULAR,Fetranspor,1040,17348108,"-23","-43.2731"
448,448-MARACAI X SAO CONRADO - CIRCULAR,Fetranspor,1041,17348108,"-23","-43.2731"
448,448-MARACAI X SAO CONRADO - CIRCULAR,Fetranspor,1042,17348108,"-23.0001","-43.273"
448,448-MARACAI X SAO CONRADO - CIRCULAR,Fetranspor,1043,17348108,"-23.0001","-43.273"
448,448-MARACAI X SAO CONRADO - CIRCULAR,Fetranspor,1044,17348108,"-23.0002","-43.273"
448,448-MARACAI X SAO CONRADO - CIRCULAR,Fetranspor,1045,17348108,"-23.0002","-43.2729"
448,448-MARACAI X SAO CONRADO - CIRCULAR,Fetranspor,1046,17348108,"-23.0002","-43.2728"
448,448-MARACAI X SAO CONRADO - CIRCULAR,Fetranspor,1047,17348108,"-23.0002","-43.2728"
448,448-MARACAI X SAO CONRADO - CIRCULAR,Fetranspor,1048,17348108,"-23","-43.2726"
448,448-MARACAI X SAO CONRADO - CIRCULAR,Fetranspor,1049,17348108,"-22.9995","-43.2717"
448,448-MARACAI X SAO CONRADO - CIRCULAR,Fetranspor,1050,17348108,"-22.9994","-43.2714"
448,448-MARACAI X SAO CONRADO - CIRCULAR,Fetranspor,1051,17348108,"-22.9993","-43.2712"
448,448-MARACAI X SAO CONRADO - CIRCULAR,Fetranspor,1052,17348108,"-22.9993","-43.2712"
448,448-MARACAI X SAO CONRADO - CIRCULAR,Fetranspor,1053,17348108,"-22.9992","-43.271"
448,448-MARACAI X SAO CONRADO - CIRCULAR,Fetranspor,1054,17348108,"-22.9991","-43.2706"
448,448-MARACAI X SAO CONRADO - CIRCULAR,Fetranspor,1055,17348108,"-22.9991","-43.2703"
448,448-MARACAI X SAO CONRADO - CIRCULAR,Fetranspor,1056,17348108,"-22.999","-43.2699"
448,448-MARACAI X SAO CONRADO - CIRCULAR,Fetranspor,1057,17348108,"-22.999","-43.2699"
448,448-MARACAI X SAO CONRADO - CIRCULAR,Fetranspor,1058,17348108,"-22.999","-43.2699"
448,448-MARACAI X SAO CONRADO - CIRCULAR,Fetranspor,1059,17348108,"-22.999","-43.2699"
448,448-MARACAI X SAO CONRADO - CIRCULAR,Fetranspor,1060,17348108,"-22.999","-43.2698"
448,448-MARACAI X SAO CONRADO - CIRCULAR,Fetranspor,1061,17348108,"-22.999","-43.2697"
448,448-MARACAI X SAO CONRADO - CIRCULAR,Fetranspor,1062,17348108,"-22.9991","-43.2691"
448,448-MARACAI X SAO CONRADO - CIRCULAR,Fetranspor,1063,17348108,"-22.9991","-43.269"
448,448-MARACAI X SAO CONRADO - CIRCULAR,Fetranspor,1064,17348108,"-22.9991","-43.2688"
448,448-MARACAI X SAO CONRADO - CIRCULAR,Fetranspor,1065,17348108,"-22.9991","-43.2687"
448,448-MARACAI X SAO CONRADO - CIRCULAR,Fetranspor,1066,17348108,"-22.999","-43.2686"
448,448-MARACAI X SAO CONRADO - CIRCULAR,Fetranspor,1067,17348108,"-22.9988","-43.2682"
448,448-MARACAI X SAO CONRADO - CIRCULAR,Fetranspor,1068,17348108,"-22.9988","-43.2681"
448,448-MARACAI X SAO CONRADO - CIRCULAR,Fetranspor,1069,17348108,"-22.9987","-43.268"
448,448-MARACAI X SAO CONRADO - CIRCULAR,Fetranspor,1070,17348108,"-22.9985","-43.2673"
448,448-MARACAI X SAO CONRADO - CIRCULAR,Fetranspor,1071,17348108,"-22.9984","-43.2669"
448,448-MARACAI X SAO CONRADO - CIRCULAR,Fetranspor,1072,17348108,"-22.9983","-43.2665"
448,448-MARACAI X SAO CONRADO - CIRCULAR,Fetranspor,1073,17348108,"-22.9983","-43.2665"
448,448-MARACAI X SAO CONRADO - CIRCULAR,Fetranspor,1074,17348108,"-22.9982","-43.2661"
448,448-MARACAI X SAO CONRADO - CIRCULAR,Fetranspor,1075,17348108,"-22.9981","-43.266"
448,448-MARACAI X SAO CONRADO - CIRCULAR,Fetranspor,1076,17348108,"-22.9977","-43.2644"
448,448-MARACAI X SAO CONRADO - CIRCULAR,Fetranspor,1077,17348108,"-22.9968","-43.2612"
448,448-MARACAI X SAO CONRADO - CIRCULAR,Fetranspor,1078,17348108,"-22.9968","-43.2612"
448,448-MARACAI X SAO CONRADO - CIRCULAR,Fetranspor,1079,17348108,"-22.9968","-43.2611"
448,448-MARACAI X SAO CONRADO - CIRCULAR,Fetranspor,1080,17348108,"-22.9968","-43.2611"
448,448-MARACAI X SAO CONRADO - CIRCULAR,Fetranspor,1081,17348108,"-22.9968","-43.261"
448,448-MARACAI X SAO CONRADO - CIRCULAR,Fetranspor,1082,17348108,"-22.9968","-43.2609"
448,448-MARACAI X SAO CONRADO - CIRCULAR,Fetranspor,1083,17348108,"-22.9969","-43.2609"
448,448-MARACAI X SAO CONRADO - CIRCULAR,Fetranspor,1084,17348108,"-22.9969","-43.2608"
448,448-MARACAI X SAO CONRADO - CIRCULAR,Fetranspor,1085,17348108,"-22.997","-43.2608"
448,448-MARACAI X SAO CONRADO - CIRCULAR,Fetranspor,1086,17348108,"-22.9972","-43.2607"
448,448-MARACAI X SAO CONRADO - CIRCULAR,Fetranspor,1087,17348108,"-22.9972","-43.2607"
448,448-MARACAI X SAO CONRADO - CIRCULAR,Fetranspor,1088,17348108,"-22.9974","-43.2606"
448,448-MARACAI X SAO CONRADO - CIRCULAR,Fetranspor,1089,17348108,"-22.9976","-43.2603"
448,448-MARACAI X SAO CONRADO - CIRCULAR,Fetranspor,1090,17348108,"-22.9976","-43.2603"
448,448-MARACAI X SAO CONRADO - CIRCULAR,Fetranspor,1091,17348108,"-22.9976","-43.2603"
448,448-MARACAI X SAO CONRADO - CIRCULAR,Fetranspor,1092,17348108,"-22.9986","-43.2594"
448,448-MARACAI X SAO CONRADO - CIRCULAR,Fetranspor,1093,17348108,"-22.9986","-43.2594"
448,448-MARACAI X SAO CONRADO - CIRCULAR,Fetranspor,1094,17348108,"-22.9987","-43.2593"
448,448-MARACAI X SAO CONRADO - CIRCULAR,Fetranspor,1095,17348108,"-22.9987","-43.2592"
448,448-MARACAI X SAO CONRADO - CIRCULAR,Fetranspor,1096,17348108,"-22.9988","-43.2591"
448,448-MARACAI X SAO CONRADO - CIRCULAR,Fetranspor,1097,17348108,"-22.9988","-43.259"
448,448-MARACAI X SAO CONRADO - CIRCULAR,Fetranspor,1098,17348108,"-22.9988","-43.259"
448,448-MARACAI X SAO CONRADO - CIRCULAR,Fetranspor,1099,17348108,"-22.9986","-43.258"
448,448-MARACAI X SAO CONRADO - CIRCULAR,Fetranspor,1100,17348108,"-22.9986","-43.2575"
448,448-MARACAI X SAO CONRADO - CIRCULAR,Fetranspor,1101,17348108,"-22.9986","-43.2575"
448,448-MARACAI X SAO CONRADO - CIRCULAR,Fetranspor,1102,17348108,"-22.9986","-43.2571"
448,448-MARACAI X SAO CONRADO - CIRCULAR,Fetranspor,1103,17348108,"-22.9985","-43.2566"
448,448-MARACAI X SAO CONRADO - CIRCULAR,Fetranspor,1104,17348108,"-22.9985","-43.2566"
448,448-MARACAI X SAO CONRADO - CIRCULAR,Fetranspor,1105,17348108,"-22.9985","-43.2565"
448,448-MARACAI X SAO CONRADO - CIRCULAR,Fetranspor,1106,17348108,"-22.9984","-43.2565"
448,448-MARACAI X SAO CONRADO - CIRCULAR,Fetranspor,1107,17348108,"-22.9983","-43.2564"
448,448-MARACAI X SAO CONRADO - CIRCULAR,Fetranspor,1108,17348108,"-22.9983","-43.2564"
448,448-MARACAI X SAO CONRADO - CIRCULAR,Fetranspor,1109,17348108,"-22.9982","-43.2564"
448,448-MARACAI X SAO CONRADO - CIRCULAR,Fetranspor,1110,17348108,"-22.9981","-43.2565"
448,448-MARACAI X SAO CONRADO - CIRCULAR,Fetranspor,1111,17348108,"-22.998","-43.2565"
448,448-MARACAI X SAO CONRADO - CIRCULAR,Fetranspor,1112,17348108,"-22.9979","-43.2565"
448,448-MARACAI X SAO CONRADO - CIRCULAR,Fetranspor,1113,17348108,"-22.9979","-43.2566"
448,448-MARACAI X SAO CONRADO - CIRCULAR,Fetranspor,1114,17348108,"-22.9978","-43.2566"
448,448-MARACAI X SAO CONRADO - CIRCULAR,Fetranspor,1115,17348108,"-22.9978","-43.2566"
448,448-MARACAI X SAO CONRADO - CIRCULAR,Fetranspor,1116,17348108,"-22.9977","-43.2565"
448,448-MARACAI X SAO CONRADO - CIRCULAR,Fetranspor,1117,17348108,"-22.9976","-43.2565"
448,448-MARACAI X SAO CONRADO - CIRCULAR,Fetranspor,1118,17348108,"-22.9976","-43.2565"
448,448-MARACAI X SAO CONRADO - CIRCULAR,Fetranspor,1119,17348108,"-22.9972","-43.2561"
448,448-MARACAI X SAO CONRADO - CIRCULAR,Fetranspor,1120,17348108,"-22.9966","-43.2556"
448,448-MARACAI X SAO CONRADO - CIRCULAR,Fetranspor,1121,17348108,"-22.9966","-43.2556"
448,448-MARACAI X SAO CONRADO - CIRCULAR,Fetranspor,1122,17348108,"-22.9964","-43.2553"
448,448-MARACAI X SAO CONRADO - CIRCULAR,Fetranspor,1123,17348108,"-22.9964","-43.2553"
448,448-MARACAI X SAO CONRADO - CIRCULAR,Fetranspor,1124,17348108,"-22.9956","-43.2546"
448,448-MARACAI X SAO CONRADO - CIRCULAR,Fetranspor,1125,17348108,"-22.9953","-43.2543"
448,448-MARACAI X SAO CONRADO - CIRCULAR,Fetranspor,1126,17348108,"-22.9952","-43.2541"
448,448-MARACAI X SAO CONRADO - CIRCULAR,Fetranspor,1127,17348108,"-22.9945","-43.253"
448,448-MARACAI X SAO CONRADO - CIRCULAR,Fetranspor,1128,17348108,"-22.9944","-43.253"
448,448-MARACAI X SAO CONRADO - CIRCULAR,Fetranspor,1129,17348108,"-22.9944","-43.253"
448,448-MARACAI X SAO CONRADO - CIRCULAR,Fetranspor,1130,17348108,"-22.9943","-43.253"
448,448-MARACAI X SAO CONRADO - CIRCULAR,Fetranspor,1131,17348108,"-22.9942","-43.253"
448,448-MARACAI X SAO CONRADO - CIRCULAR,Fetranspor,1132,17348108,"-22.9936","-43.2531"
448,448-MARACAI X SAO CONRADO - CIRCULAR,Fetranspor,1133,17348108,"-22.9934","-43.2532"
