linha,descricao,agencia,sequencia,shape_id,latitude,longitude
460,460-SAO CRISTOVAO X LEBLON (VIA TUNEL REBOUCAS) - CIRCULAR,Fetranspor,0,17398106,"-22.9848","-43.2187"
460,460-SAO CRISTOVAO X LEBLON (VIA TUNEL REBOUCAS) - CIRCULAR,Fetranspor,1,17398106,"-22.9848","-43.2193"
460,460-SAO CRISTOVAO X LEBLON (VIA TUNEL REBOUCAS) - CIRCULAR,Fetranspor,2,17398106,"-22.9849","-43.2195"
460,460-SAO CRISTOVAO X LEBLON (VIA TUNEL REBOUCAS) - CIRCULAR,Fetranspor,3,17398106,"-22.9849","-43.2198"
460,460-SAO CRISTOVAO X LEBLON (VIA TUNEL REBOUCAS) - CIRCULAR,Fetranspor,4,17398106,"-22.9849","-43.2198"
460,460-SAO CRISTOVAO X LEBLON (VIA TUNEL REBOUCAS) - CIRCULAR,Fetranspor,5,17398106,"-22.9849","-43.2199"
460,460-SAO CRISTOVAO X LEBLON (VIA TUNEL REBOUCAS) - CIRCULAR,Fetranspor,6,17398106,"-22.9849","-43.2203"
460,460-SAO CRISTOVAO X LEBLON (VIA TUNEL REBOUCAS) - CIRCULAR,Fetranspor,7,17398106,"-22.985","-43.2205"
460,460-SAO CRISTOVAO X LEBLON (VIA TUNEL REBOUCAS) - CIRCULAR,Fetranspor,8,17398106,"-22.985","-43.2205"
460,460-SAO CRISTOVAO X LEBLON (VIA TUNEL REBOUCAS) - CIRCULAR,Fetranspor,9,17398106,"-22.9851","-43.2213"
460,460-SAO CRISTOVAO X LEBLON (VIA TUNEL REBOUCAS) - CIRCULAR,Fetranspor,10,17398106,"-22.9851","-43.2213"
460,460-SAO CRISTOVAO X LEBLON (VIA TUNEL REBOUCAS) - CIRCULAR,Fetranspor,11,17398106,"-22.9852","-43.2221"
460,460-SAO CRISTOVAO X LEBLON (VIA TUNEL REBOUCAS) - CIRCULAR,Fetranspor,12,17398106,"-22.9852","-43.2221"
460,460-SAO CRISTOVAO X LEBLON (VIA TUNEL REBOUCAS) - CIRCULAR,Fetranspor,13,17398106,"-22.9854","-43.2229"
460,460-SAO CRISTOVAO X LEBLON (VIA TUNEL REBOUCAS) - CIRCULAR,Fetranspor,14,17398106,"-22.9854","-43.2229"
460,460-SAO CRISTOVAO X LEBLON (VIA TUNEL REBOUCAS) - CIRCULAR,Fetranspor,15,17398106,"-22.9843","-43.2231"
460,460-SAO CRISTOVAO X LEBLON (VIA TUNEL REBOUCAS) - CIRCULAR,Fetranspor,16,17398106,"-22.9843","-43.2231"
460,460-SAO CRISTOVAO X LEBLON (VIA TUNEL REBOUCAS) - CIRCULAR,Fetranspor,17,17398106,"-22.9836","-43.2233"
460,460-SAO CRISTOVAO X LEBLON (VIA TUNEL REBOUCAS) - CIRCULAR,Fetranspor,18,17398106,"-22.9836","-43.2233"
460,460-SAO CRISTOVAO X LEBLON (VIA TUNEL REBOUCAS) - CIRCULAR,Fetranspor,19,17398106,"-22.983","-43.2235"
460,460-SAO CRISTOVAO X LEBLON (VIA TUNEL REBOUCAS) - CIRCULAR,Fetranspor,20,17398106,"-22.983","-43.2235"
460,460-SAO CRISTOVAO X LEBLON (VIA TUNEL REBOUCAS) - CIRCULAR,Fetranspor,21,17398106,"-22.9824","-43.2236"
460,460-SAO CRISTOVAO X LEBLON (VIA TUNEL REBOUCAS) - CIRCULAR,Fetranspor,22,17398106,"-22.9824","-43.2236"
460,460-SAO CRISTOVAO X LEBLON (VIA TUNEL REBOUCAS) - CIRCULAR,Fetranspor,23,17398106,"-22.9818","-43.2238"
460,460-SAO CRISTOVAO X LEBLON (VIA TUNEL REBOUCAS) - CIRCULAR,Fetranspor,24,17398106,"-22.9818","-43.2238"
460,460-SAO CRISTOVAO X LEBLON (VIA TUNEL REBOUCAS) - CIRCULAR,Fetranspor,25,17398106,"-22.9816","-43.2238"
460,460-SAO CRISTOVAO X LEBLON (VIA TUNEL REBOUCAS) - CIRCULAR,Fetranspor,26,17398106,"-22.9816","-43.2238"
460,460-SAO CRISTOVAO X LEBLON (VIA TUNEL REBOUCAS) - CIRCULAR,Fetranspor,27,17398106,"-22.9813","-43.2239"
460,460-SAO CRISTOVAO X LEBLON (VIA TUNEL REBOUCAS) - CIRCULAR,Fetranspor,28,17398106,"-22.9812","-43.2239"
460,460-SAO CRISTOVAO X LEBLON (VIA TUNEL REBOUCAS) - CIRCULAR,Fetranspor,29,17398106,"-22.981","-43.2239"
460,460-SAO CRISTOVAO X LEBLON (VIA TUNEL REBOUCAS) - CIRCULAR,Fetranspor,30,17398106,"-22.9806","-43.2238"
460,460-SAO CRISTOVAO X LEBLON (VIA TUNEL REBOUCAS) - CIRCULAR,Fetranspor,31,17398106,"-22.9805","-43.2237"
460,460-SAO CRISTOVAO X LEBLON (VIA TUNEL REBOUCAS) - CIRCULAR,Fetranspor,32,17398106,"-22.9805","-43.2237"
460,460-SAO CRISTOVAO X LEBLON (VIA TUNEL REBOUCAS) - CIRCULAR,Fetranspor,33,17398106,"-22.9802","-43.2238"
460,460-SAO CRISTOVAO X LEBLON (VIA TUNEL REBOUCAS) - CIRCULAR,Fetranspor,34,17398106,"-22.9802","-43.2238"
460,460-SAO CRISTOVAO X LEBLON (VIA TUNEL REBOUCAS) - CIRCULAR,Fetranspor,35,17398106,"-22.9799","-43.2238"
460,460-SAO CRISTOVAO X LEBLON (VIA TUNEL REBOUCAS) - CIRCULAR,Fetranspor,36,17398106,"-22.9797","-43.2238"
460,460-SAO CRISTOVAO X LEBLON (VIA TUNEL REBOUCAS) - CIRCULAR,Fetranspor,37,17398106,"-22.9794","-43.224"
460,460-SAO CRISTOVAO X LEBLON (VIA TUNEL REBOUCAS) - CIRCULAR,Fetranspor,38,17398106,"-22.979","-43.2241"
460,460-SAO CRISTOVAO X LEBLON (VIA TUNEL REBOUCAS) - CIRCULAR,Fetranspor,39,17398106,"-22.979","-43.2241"
460,460-SAO CRISTOVAO X LEBLON (VIA TUNEL REBOUCAS) - CIRCULAR,Fetranspor,40,17398106,"-22.9789","-43.2242"
460,460-SAO CRISTOVAO X LEBLON (VIA TUNEL REBOUCAS) - CIRCULAR,Fetranspor,41,17398106,"-22.9789","-43.2242"
460,460-SAO CRISTOVAO X LEBLON (VIA TUNEL REBOUCAS) - CIRCULAR,Fetranspor,42,17398106,"-22.9788","-43.2243"
460,460-SAO CRISTOVAO X LEBLON (VIA TUNEL REBOUCAS) - CIRCULAR,Fetranspor,43,17398106,"-22.9785","-43.2246"
460,460-SAO CRISTOVAO X LEBLON (VIA TUNEL REBOUCAS) - CIRCULAR,Fetranspor,44,17398106,"-22.9784","-43.2246"
460,460-SAO CRISTOVAO X LEBLON (VIA TUNEL REBOUCAS) - CIRCULAR,Fetranspor,45,17398106,"-22.9783","-43.2246"
460,460-SAO CRISTOVAO X LEBLON (VIA TUNEL REBOUCAS) - CIRCULAR,Fetranspor,46,17398106,"-22.9782","-43.2247"
460,460-SAO CRISTOVAO X LEBLON (VIA TUNEL REBOUCAS) - CIRCULAR,Fetranspor,47,17398106,"-22.9782","-43.2247"
460,460-SAO CRISTOVAO X LEBLON (VIA TUNEL REBOUCAS) - CIRCULAR,Fetranspor,48,17398106,"-22.9779","-43.2236"
460,460-SAO CRISTOVAO X LEBLON (VIA TUNEL REBOUCAS) - CIRCULAR,Fetranspor,49,17398106,"-22.9779","-43.2236"
460,460-SAO CRISTOVAO X LEBLON (VIA TUNEL REBOUCAS) - CIRCULAR,Fetranspor,50,17398106,"-22.9777","-43.2222"
460,460-SAO CRISTOVAO X LEBLON (VIA TUNEL REBOUCAS) - CIRCULAR,Fetranspor,51,17398106,"-22.9777","-43.2222"
460,460-SAO CRISTOVAO X LEBLON (VIA TUNEL REBOUCAS) - CIRCULAR,Fetranspor,52,17398106,"-22.9775","-43.2216"
460,460-SAO CRISTOVAO X LEBLON (VIA TUNEL REBOUCAS) - CIRCULAR,Fetranspor,53,17398106,"-22.9772","-43.2198"
460,460-SAO CRISTOVAO X LEBLON (VIA TUNEL REBOUCAS) - CIRCULAR,Fetranspor,54,17398106,"-22.9771","-43.2197"
460,460-SAO CRISTOVAO X LEBLON (VIA TUNEL REBOUCAS) - CIRCULAR,Fetranspor,55,17398106,"-22.9771","-43.2196"
460,460-SAO CRISTOVAO X LEBLON (VIA TUNEL REBOUCAS) - CIRCULAR,Fetranspor,56,17398106,"-22.9771","-43.2196"
460,460-SAO CRISTOVAO X LEBLON (VIA TUNEL REBOUCAS) - CIRCULAR,Fetranspor,57,17398106,"-22.9771","-43.2195"
460,460-SAO CRISTOVAO X LEBLON (VIA TUNEL REBOUCAS) - CIRCULAR,Fetranspor,58,17398106,"-22.9769","-43.2193"
460,460-SAO CRISTOVAO X LEBLON (VIA TUNEL REBOUCAS) - CIRCULAR,Fetranspor,59,17398106,"-22.9768","-43.2192"
460,460-SAO CRISTOVAO X LEBLON (VIA TUNEL REBOUCAS) - CIRCULAR,Fetranspor,60,17398106,"-22.9766","-43.219"
460,460-SAO CRISTOVAO X LEBLON (VIA TUNEL REBOUCAS) - CIRCULAR,Fetranspor,61,17398106,"-22.9766","-43.219"
460,460-SAO CRISTOVAO X LEBLON (VIA TUNEL REBOUCAS) - CIRCULAR,Fetranspor,62,17398106,"-22.9766","-43.219"
460,460-SAO CRISTOVAO X LEBLON (VIA TUNEL REBOUCAS) - CIRCULAR,Fetranspor,63,17398106,"-22.9764","-43.2189"
460,460-SAO CRISTOVAO X LEBLON (VIA TUNEL REBOUCAS) - CIRCULAR,Fetranspor,64,17398106,"-22.9764","-43.2189"
460,460-SAO CRISTOVAO X LEBLON (VIA TUNEL REBOUCAS) - CIRCULAR,Fetranspor,65,17398106,"-22.9764","-43.2189"
460,460-SAO CRISTOVAO X LEBLON (VIA TUNEL REBOUCAS) - CIRCULAR,Fetranspor,66,17398106,"-22.976","-43.2188"
460,460-SAO CRISTOVAO X LEBLON (VIA TUNEL REBOUCAS) - CIRCULAR,Fetranspor,67,17398106,"-22.9752","-43.2184"
460,460-SAO CRISTOVAO X LEBLON (VIA TUNEL REBOUCAS) - CIRCULAR,Fetranspor,68,17398106,"-22.9744","-43.2181"
460,460-SAO CRISTOVAO X LEBLON (VIA TUNEL REBOUCAS) - CIRCULAR,Fetranspor,69,17398106,"-22.9744","-43.2181"
460,460-SAO CRISTOVAO X LEBLON (VIA TUNEL REBOUCAS) - CIRCULAR,Fetranspor,70,17398106,"-22.9739","-43.2179"
460,460-SAO CRISTOVAO X LEBLON (VIA TUNEL REBOUCAS) - CIRCULAR,Fetranspor,71,17398106,"-22.9731","-43.2177"
460,460-SAO CRISTOVAO X LEBLON (VIA TUNEL REBOUCAS) - CIRCULAR,Fetranspor,72,17398106,"-22.9726","-43.2176"
460,460-SAO CRISTOVAO X LEBLON (VIA TUNEL REBOUCAS) - CIRCULAR,Fetranspor,73,17398106,"-22.9722","-43.2175"
460,460-SAO CRISTOVAO X LEBLON (VIA TUNEL REBOUCAS) - CIRCULAR,Fetranspor,74,17398106,"-22.9722","-43.2175"
460,460-SAO CRISTOVAO X LEBLON (VIA TUNEL REBOUCAS) - CIRCULAR,Fetranspor,75,17398106,"-22.9712","-43.2174"
460,460-SAO CRISTOVAO X LEBLON (VIA TUNEL REBOUCAS) - CIRCULAR,Fetranspor,76,17398106,"-22.9709","-43.2174"
460,460-SAO CRISTOVAO X LEBLON (VIA TUNEL REBOUCAS) - CIRCULAR,Fetranspor,77,17398106,"-22.9705","-43.2174"
460,460-SAO CRISTOVAO X LEBLON (VIA TUNEL REBOUCAS) - CIRCULAR,Fetranspor,78,17398106,"-22.9705","-43.2174"
460,460-SAO CRISTOVAO X LEBLON (VIA TUNEL REBOUCAS) - CIRCULAR,Fetranspor,79,17398106,"-22.97","-43.2174"
460,460-SAO CRISTOVAO X LEBLON (VIA TUNEL REBOUCAS) - CIRCULAR,Fetranspor,80,17398106,"-22.9677","-43.2174"
460,460-SAO CRISTOVAO X LEBLON (VIA TUNEL REBOUCAS) - CIRCULAR,Fetranspor,81,17398106,"-22.9677","-43.2174"
460,460-SAO CRISTOVAO X LEBLON (VIA TUNEL REBOUCAS) - CIRCULAR,Fetranspor,82,17398106,"-22.9676","-43.2174"
460,460-SAO CRISTOVAO X LEBLON (VIA TUNEL REBOUCAS) - CIRCULAR,Fetranspor,83,17398106,"-22.9672","-43.2171"
460,460-SAO CRISTOVAO X LEBLON (VIA TUNEL REBOUCAS) - CIRCULAR,Fetranspor,84,17398106,"-22.9671","-43.2171"
460,460-SAO CRISTOVAO X LEBLON (VIA TUNEL REBOUCAS) - CIRCULAR,Fetranspor,85,17398106,"-22.9671","-43.2171"
460,460-SAO CRISTOVAO X LEBLON (VIA TUNEL REBOUCAS) - CIRCULAR,Fetranspor,86,17398106,"-22.9657","-43.2162"
460,460-SAO CRISTOVAO X LEBLON (VIA TUNEL REBOUCAS) - CIRCULAR,Fetranspor,87,17398106,"-22.9657","-43.2162"
460,460-SAO CRISTOVAO X LEBLON (VIA TUNEL REBOUCAS) - CIRCULAR,Fetranspor,88,17398106,"-22.9654","-43.216"
460,460-SAO CRISTOVAO X LEBLON (VIA TUNEL REBOUCAS) - CIRCULAR,Fetranspor,89,17398106,"-22.9653","-43.2159"
460,460-SAO CRISTOVAO X LEBLON (VIA TUNEL REBOUCAS) - CIRCULAR,Fetranspor,90,17398106,"-22.9651","-43.2158"
460,460-SAO CRISTOVAO X LEBLON (VIA TUNEL REBOUCAS) - CIRCULAR,Fetranspor,91,17398106,"-22.965","-43.2157"
460,460-SAO CRISTOVAO X LEBLON (VIA TUNEL REBOUCAS) - CIRCULAR,Fetranspor,92,17398106,"-22.9648","-43.2153"
460,460-SAO CRISTOVAO X LEBLON (VIA TUNEL REBOUCAS) - CIRCULAR,Fetranspor,93,17398106,"-22.9648","-43.2153"
460,460-SAO CRISTOVAO X LEBLON (VIA TUNEL REBOUCAS) - CIRCULAR,Fetranspor,94,17398106,"-22.9642","-43.2146"
460,460-SAO CRISTOVAO X LEBLON (VIA TUNEL REBOUCAS) - CIRCULAR,Fetranspor,95,17398106,"-22.9641","-43.2144"
460,460-SAO CRISTOVAO X LEBLON (VIA TUNEL REBOUCAS) - CIRCULAR,Fetranspor,96,17398106,"-22.9639","-43.214"
460,460-SAO CRISTOVAO X LEBLON (VIA TUNEL REBOUCAS) - CIRCULAR,Fetranspor,97,17398106,"-22.9638","-43.2138"
460,460-SAO CRISTOVAO X LEBLON (VIA TUNEL REBOUCAS) - CIRCULAR,Fetranspor,98,17398106,"-22.9636","-43.2132"
460,460-SAO CRISTOVAO X LEBLON (VIA TUNEL REBOUCAS) - CIRCULAR,Fetranspor,99,17398106,"-22.9631","-43.212"
460,460-SAO CRISTOVAO X LEBLON (VIA TUNEL REBOUCAS) - CIRCULAR,Fetranspor,100,17398106,"-22.9631","-43.212"
460,460-SAO CRISTOVAO X LEBLON (VIA TUNEL REBOUCAS) - CIRCULAR,Fetranspor,101,17398106,"-22.9629","-43.2117"
460,460-SAO CRISTOVAO X LEBLON (VIA TUNEL REBOUCAS) - CIRCULAR,Fetranspor,102,17398106,"-22.9628","-43.2113"
460,460-SAO CRISTOVAO X LEBLON (VIA TUNEL REBOUCAS) - CIRCULAR,Fetranspor,103,17398106,"-22.9628","-43.2111"
460,460-SAO CRISTOVAO X LEBLON (VIA TUNEL REBOUCAS) - CIRCULAR,Fetranspor,104,17398106,"-22.9628","-43.2109"
460,460-SAO CRISTOVAO X LEBLON (VIA TUNEL REBOUCAS) - CIRCULAR,Fetranspor,105,17398106,"-22.9628","-43.2107"
460,460-SAO CRISTOVAO X LEBLON (VIA TUNEL REBOUCAS) - CIRCULAR,Fetranspor,106,17398106,"-22.9628","-43.2107"
460,460-SAO CRISTOVAO X LEBLON (VIA TUNEL REBOUCAS) - CIRCULAR,Fetranspor,107,17398106,"-22.9628","-43.2103"
460,460-SAO CRISTOVAO X LEBLON (VIA TUNEL REBOUCAS) - CIRCULAR,Fetranspor,108,17398106,"-22.9629","-43.21"
460,460-SAO CRISTOVAO X LEBLON (VIA TUNEL REBOUCAS) - CIRCULAR,Fetranspor,109,17398106,"-22.9631","-43.2093"
460,460-SAO CRISTOVAO X LEBLON (VIA TUNEL REBOUCAS) - CIRCULAR,Fetranspor,110,17398106,"-22.9631","-43.2089"
460,460-SAO CRISTOVAO X LEBLON (VIA TUNEL REBOUCAS) - CIRCULAR,Fetranspor,111,17398106,"-22.9631","-43.2089"
460,460-SAO CRISTOVAO X LEBLON (VIA TUNEL REBOUCAS) - CIRCULAR,Fetranspor,112,17398106,"-22.9631","-43.2087"
460,460-SAO CRISTOVAO X LEBLON (VIA TUNEL REBOUCAS) - CIRCULAR,Fetranspor,113,17398106,"-22.9631","-43.2084"
460,460-SAO CRISTOVAO X LEBLON (VIA TUNEL REBOUCAS) - CIRCULAR,Fetranspor,114,17398106,"-22.963","-43.2076"
460,460-SAO CRISTOVAO X LEBLON (VIA TUNEL REBOUCAS) - CIRCULAR,Fetranspor,115,17398106,"-22.963","-43.2076"
460,460-SAO CRISTOVAO X LEBLON (VIA TUNEL REBOUCAS) - CIRCULAR,Fetranspor,116,17398106,"-22.9629","-43.2069"
460,460-SAO CRISTOVAO X LEBLON (VIA TUNEL REBOUCAS) - CIRCULAR,Fetranspor,117,17398106,"-22.9628","-43.2061"
460,460-SAO CRISTOVAO X LEBLON (VIA TUNEL REBOUCAS) - CIRCULAR,Fetranspor,118,17398106,"-22.9627","-43.2054"
460,460-SAO CRISTOVAO X LEBLON (VIA TUNEL REBOUCAS) - CIRCULAR,Fetranspor,119,17398106,"-22.9627","-43.2053"
460,460-SAO CRISTOVAO X LEBLON (VIA TUNEL REBOUCAS) - CIRCULAR,Fetranspor,120,17398106,"-22.9627","-43.2052"
460,460-SAO CRISTOVAO X LEBLON (VIA TUNEL REBOUCAS) - CIRCULAR,Fetranspor,121,17398106,"-22.9627","-43.2051"
460,460-SAO CRISTOVAO X LEBLON (VIA TUNEL REBOUCAS) - CIRCULAR,Fetranspor,122,17398106,"-22.9628","-43.2049"
460,460-SAO CRISTOVAO X LEBLON (VIA TUNEL REBOUCAS) - CIRCULAR,Fetranspor,123,17398106,"-22.9628","-43.2048"
460,460-SAO CRISTOVAO X LEBLON (VIA TUNEL REBOUCAS) - CIRCULAR,Fetranspor,124,17398106,"-22.9628","-43.2048"
460,460-SAO CRISTOVAO X LEBLON (VIA TUNEL REBOUCAS) - CIRCULAR,Fetranspor,125,17398106,"-22.9628","-43.2047"
460,460-SAO CRISTOVAO X LEBLON (VIA TUNEL REBOUCAS) - CIRCULAR,Fetranspor,126,17398106,"-22.9628","-43.2046"
460,460-SAO CRISTOVAO X LEBLON (VIA TUNEL REBOUCAS) - CIRCULAR,Fetranspor,127,17398106,"-22.9628","-43.2045"
460,460-SAO CRISTOVAO X LEBLON (VIA TUNEL REBOUCAS) - CIRCULAR,Fetranspor,128,17398106,"-22.9628","-43.2044"
460,460-SAO CRISTOVAO X LEBLON (VIA TUNEL REBOUCAS) - CIRCULAR,Fetranspor,129,17398106,"-22.9628","-43.2044"
460,460-SAO CRISTOVAO X LEBLON (VIA TUNEL REBOUCAS) - CIRCULAR,Fetranspor,130,17398106,"-22.9627","-43.2043"
460,460-SAO CRISTOVAO X LEBLON (VIA TUNEL REBOUCAS) - CIRCULAR,Fetranspor,131,17398106,"-22.9627","-43.2042"
460,460-SAO CRISTOVAO X LEBLON (VIA TUNEL REBOUCAS) - CIRCULAR,Fetranspor,132,17398106,"-22.9625","-43.204"
460,460-SAO CRISTOVAO X LEBLON (VIA TUNEL REBOUCAS) - CIRCULAR,Fetranspor,133,17398106,"-22.9625","-43.204"
460,460-SAO CRISTOVAO X LEBLON (VIA TUNEL REBOUCAS) - CIRCULAR,Fetranspor,134,17398106,"-22.9619","-43.204"
460,460-SAO CRISTOVAO X LEBLON (VIA TUNEL REBOUCAS) - CIRCULAR,Fetranspor,135,17398106,"-22.9615","-43.204"
460,460-SAO CRISTOVAO X LEBLON (VIA TUNEL REBOUCAS) - CIRCULAR,Fetranspor,136,17398106,"-22.9612","-43.2041"
460,460-SAO CRISTOVAO X LEBLON (VIA TUNEL REBOUCAS) - CIRCULAR,Fetranspor,137,17398106,"-22.9612","-43.2041"
460,460-SAO CRISTOVAO X LEBLON (VIA TUNEL REBOUCAS) - CIRCULAR,Fetranspor,138,17398106,"-22.9607","-43.2042"
460,460-SAO CRISTOVAO X LEBLON (VIA TUNEL REBOUCAS) - CIRCULAR,Fetranspor,139,17398106,"-22.9607","-43.2042"
460,460-SAO CRISTOVAO X LEBLON (VIA TUNEL REBOUCAS) - CIRCULAR,Fetranspor,140,17398106,"-22.9607","-43.2042"
460,460-SAO CRISTOVAO X LEBLON (VIA TUNEL REBOUCAS) - CIRCULAR,Fetranspor,141,17398106,"-22.9607","-43.2042"
460,460-SAO CRISTOVAO X LEBLON (VIA TUNEL REBOUCAS) - CIRCULAR,Fetranspor,142,17398106,"-22.9607","-43.2042"
460,460-SAO CRISTOVAO X LEBLON (VIA TUNEL REBOUCAS) - CIRCULAR,Fetranspor,143,17398106,"-22.9603","-43.2042"
460,460-SAO CRISTOVAO X LEBLON (VIA TUNEL REBOUCAS) - CIRCULAR,Fetranspor,144,17398106,"-22.9603","-43.2042"
460,460-SAO CRISTOVAO X LEBLON (VIA TUNEL REBOUCAS) - CIRCULAR,Fetranspor,145,17398106,"-22.9602","-43.2042"
460,460-SAO CRISTOVAO X LEBLON (VIA TUNEL REBOUCAS) - CIRCULAR,Fetranspor,146,17398106,"-22.9602","-43.2042"
460,460-SAO CRISTOVAO X LEBLON (VIA TUNEL REBOUCAS) - CIRCULAR,Fetranspor,147,17398106,"-22.9594","-43.2043"
460,460-SAO CRISTOVAO X LEBLON (VIA TUNEL REBOUCAS) - CIRCULAR,Fetranspor,148,17398106,"-22.9586","-43.2044"
460,460-SAO CRISTOVAO X LEBLON (VIA TUNEL REBOUCAS) - CIRCULAR,Fetranspor,149,17398106,"-22.9586","-43.2044"
460,460-SAO CRISTOVAO X LEBLON (VIA TUNEL REBOUCAS) - CIRCULAR,Fetranspor,150,17398106,"-22.9582","-43.2044"
460,460-SAO CRISTOVAO X LEBLON (VIA TUNEL REBOUCAS) - CIRCULAR,Fetranspor,151,17398106,"-22.958","-43.2044"
460,460-SAO CRISTOVAO X LEBLON (VIA TUNEL REBOUCAS) - CIRCULAR,Fetranspor,152,17398106,"-22.9578","-43.2043"
460,460-SAO CRISTOVAO X LEBLON (VIA TUNEL REBOUCAS) - CIRCULAR,Fetranspor,153,17398106,"-22.9573","-43.2043"
460,460-SAO CRISTOVAO X LEBLON (VIA TUNEL REBOUCAS) - CIRCULAR,Fetranspor,154,17398106,"-22.9565","-43.2042"
460,460-SAO CRISTOVAO X LEBLON (VIA TUNEL REBOUCAS) - CIRCULAR,Fetranspor,155,17398106,"-22.9485","-43.2032"
460,460-SAO CRISTOVAO X LEBLON (VIA TUNEL REBOUCAS) - CIRCULAR,Fetranspor,156,17398106,"-22.9481","-43.2032"
460,460-SAO CRISTOVAO X LEBLON (VIA TUNEL REBOUCAS) - CIRCULAR,Fetranspor,157,17398106,"-22.9447","-43.2028"
460,460-SAO CRISTOVAO X LEBLON (VIA TUNEL REBOUCAS) - CIRCULAR,Fetranspor,158,17398106,"-22.9411","-43.2023"
460,460-SAO CRISTOVAO X LEBLON (VIA TUNEL REBOUCAS) - CIRCULAR,Fetranspor,159,17398106,"-22.9405","-43.2022"
460,460-SAO CRISTOVAO X LEBLON (VIA TUNEL REBOUCAS) - CIRCULAR,Fetranspor,160,17398106,"-22.94","-43.2023"
460,460-SAO CRISTOVAO X LEBLON (VIA TUNEL REBOUCAS) - CIRCULAR,Fetranspor,161,17398106,"-22.9398","-43.2024"
460,460-SAO CRISTOVAO X LEBLON (VIA TUNEL REBOUCAS) - CIRCULAR,Fetranspor,162,17398106,"-22.9397","-43.2024"
460,460-SAO CRISTOVAO X LEBLON (VIA TUNEL REBOUCAS) - CIRCULAR,Fetranspor,163,17398106,"-22.9397","-43.2024"
460,460-SAO CRISTOVAO X LEBLON (VIA TUNEL REBOUCAS) - CIRCULAR,Fetranspor,164,17398106,"-22.9392","-43.2026"
460,460-SAO CRISTOVAO X LEBLON (VIA TUNEL REBOUCAS) - CIRCULAR,Fetranspor,165,17398106,"-22.939","-43.2027"
460,460-SAO CRISTOVAO X LEBLON (VIA TUNEL REBOUCAS) - CIRCULAR,Fetranspor,166,17398106,"-22.939","-43.2027"
460,460-SAO CRISTOVAO X LEBLON (VIA TUNEL REBOUCAS) - CIRCULAR,Fetranspor,167,17398106,"-22.9389","-43.2028"
460,460-SAO CRISTOVAO X LEBLON (VIA TUNEL REBOUCAS) - CIRCULAR,Fetranspor,168,17398106,"-22.9387","-43.2029"
460,460-SAO CRISTOVAO X LEBLON (VIA TUNEL REBOUCAS) - CIRCULAR,Fetranspor,169,17398106,"-22.9386","-43.203"
460,460-SAO CRISTOVAO X LEBLON (VIA TUNEL REBOUCAS) - CIRCULAR,Fetranspor,170,17398106,"-22.9385","-43.2031"
460,460-SAO CRISTOVAO X LEBLON (VIA TUNEL REBOUCAS) - CIRCULAR,Fetranspor,171,17398106,"-22.9382","-43.2035"
460,460-SAO CRISTOVAO X LEBLON (VIA TUNEL REBOUCAS) - CIRCULAR,Fetranspor,172,17398106,"-22.9376","-43.2047"
460,460-SAO CRISTOVAO X LEBLON (VIA TUNEL REBOUCAS) - CIRCULAR,Fetranspor,173,17398106,"-22.9372","-43.2055"
460,460-SAO CRISTOVAO X LEBLON (VIA TUNEL REBOUCAS) - CIRCULAR,Fetranspor,174,17398106,"-22.9354","-43.2087"
460,460-SAO CRISTOVAO X LEBLON (VIA TUNEL REBOUCAS) - CIRCULAR,Fetranspor,175,17398106,"-22.935","-43.2092"
460,460-SAO CRISTOVAO X LEBLON (VIA TUNEL REBOUCAS) - CIRCULAR,Fetranspor,176,17398106,"-22.9349","-43.2094"
460,460-SAO CRISTOVAO X LEBLON (VIA TUNEL REBOUCAS) - CIRCULAR,Fetranspor,177,17398106,"-22.9349","-43.2094"
460,460-SAO CRISTOVAO X LEBLON (VIA TUNEL REBOUCAS) - CIRCULAR,Fetranspor,178,17398106,"-22.9348","-43.2095"
460,460-SAO CRISTOVAO X LEBLON (VIA TUNEL REBOUCAS) - CIRCULAR,Fetranspor,179,17398106,"-22.9347","-43.2096"
460,460-SAO CRISTOVAO X LEBLON (VIA TUNEL REBOUCAS) - CIRCULAR,Fetranspor,180,17398106,"-22.9346","-43.2097"
460,460-SAO CRISTOVAO X LEBLON (VIA TUNEL REBOUCAS) - CIRCULAR,Fetranspor,181,17398106,"-22.9345","-43.2098"
460,460-SAO CRISTOVAO X LEBLON (VIA TUNEL REBOUCAS) - CIRCULAR,Fetranspor,182,17398106,"-22.9344","-43.2098"
460,460-SAO CRISTOVAO X LEBLON (VIA TUNEL REBOUCAS) - CIRCULAR,Fetranspor,183,17398106,"-22.9343","-43.2098"
460,460-SAO CRISTOVAO X LEBLON (VIA TUNEL REBOUCAS) - CIRCULAR,Fetranspor,184,17398106,"-22.9342","-43.2099"
460,460-SAO CRISTOVAO X LEBLON (VIA TUNEL REBOUCAS) - CIRCULAR,Fetranspor,185,17398106,"-22.9341","-43.2099"
460,460-SAO CRISTOVAO X LEBLON (VIA TUNEL REBOUCAS) - CIRCULAR,Fetranspor,186,17398106,"-22.934","-43.2099"
460,460-SAO CRISTOVAO X LEBLON (VIA TUNEL REBOUCAS) - CIRCULAR,Fetranspor,187,17398106,"-22.9339","-43.2099"
460,460-SAO CRISTOVAO X LEBLON (VIA TUNEL REBOUCAS) - CIRCULAR,Fetranspor,188,17398106,"-22.9333","-43.2097"
460,460-SAO CRISTOVAO X LEBLON (VIA TUNEL REBOUCAS) - CIRCULAR,Fetranspor,189,17398106,"-22.9333","-43.2097"
460,460-SAO CRISTOVAO X LEBLON (VIA TUNEL REBOUCAS) - CIRCULAR,Fetranspor,190,17398106,"-22.9333","-43.2097"
460,460-SAO CRISTOVAO X LEBLON (VIA TUNEL REBOUCAS) - CIRCULAR,Fetranspor,191,17398106,"-22.9329","-43.2096"
460,460-SAO CRISTOVAO X LEBLON (VIA TUNEL REBOUCAS) - CIRCULAR,Fetranspor,192,17398106,"-22.9326","-43.2096"
460,460-SAO CRISTOVAO X LEBLON (VIA TUNEL REBOUCAS) - CIRCULAR,Fetranspor,193,17398106,"-22.9324","-43.2095"
460,460-SAO CRISTOVAO X LEBLON (VIA TUNEL REBOUCAS) - CIRCULAR,Fetranspor,194,17398106,"-22.9321","-43.2094"
460,460-SAO CRISTOVAO X LEBLON (VIA TUNEL REBOUCAS) - CIRCULAR,Fetranspor,195,17398106,"-22.9317","-43.2091"
460,460-SAO CRISTOVAO X LEBLON (VIA TUNEL REBOUCAS) - CIRCULAR,Fetranspor,196,17398106,"-22.9315","-43.209"
460,460-SAO CRISTOVAO X LEBLON (VIA TUNEL REBOUCAS) - CIRCULAR,Fetranspor,197,17398106,"-22.9312","-43.2088"
460,460-SAO CRISTOVAO X LEBLON (VIA TUNEL REBOUCAS) - CIRCULAR,Fetranspor,198,17398106,"-22.9311","-43.2088"
460,460-SAO CRISTOVAO X LEBLON (VIA TUNEL REBOUCAS) - CIRCULAR,Fetranspor,199,17398106,"-22.931","-43.2088"
460,460-SAO CRISTOVAO X LEBLON (VIA TUNEL REBOUCAS) - CIRCULAR,Fetranspor,200,17398106,"-22.9308","-43.2088"
460,460-SAO CRISTOVAO X LEBLON (VIA TUNEL REBOUCAS) - CIRCULAR,Fetranspor,201,17398106,"-22.9306","-43.2088"
460,460-SAO CRISTOVAO X LEBLON (VIA TUNEL REBOUCAS) - CIRCULAR,Fetranspor,202,17398106,"-22.9301","-43.2089"
460,460-SAO CRISTOVAO X LEBLON (VIA TUNEL REBOUCAS) - CIRCULAR,Fetranspor,203,17398106,"-22.9296","-43.2091"
460,460-SAO CRISTOVAO X LEBLON (VIA TUNEL REBOUCAS) - CIRCULAR,Fetranspor,204,17398106,"-22.9291","-43.2092"
460,460-SAO CRISTOVAO X LEBLON (VIA TUNEL REBOUCAS) - CIRCULAR,Fetranspor,205,17398106,"-22.9287","-43.2093"
460,460-SAO CRISTOVAO X LEBLON (VIA TUNEL REBOUCAS) - CIRCULAR,Fetranspor,206,17398106,"-22.9284","-43.2094"
460,460-SAO CRISTOVAO X LEBLON (VIA TUNEL REBOUCAS) - CIRCULAR,Fetranspor,207,17398106,"-22.928","-43.2094"
460,460-SAO CRISTOVAO X LEBLON (VIA TUNEL REBOUCAS) - CIRCULAR,Fetranspor,208,17398106,"-22.927","-43.2095"
460,460-SAO CRISTOVAO X LEBLON (VIA TUNEL REBOUCAS) - CIRCULAR,Fetranspor,209,17398106,"-22.9266","-43.2095"
460,460-SAO CRISTOVAO X LEBLON (VIA TUNEL REBOUCAS) - CIRCULAR,Fetranspor,210,17398106,"-22.9247","-43.2096"
460,460-SAO CRISTOVAO X LEBLON (VIA TUNEL REBOUCAS) - CIRCULAR,Fetranspor,211,17398106,"-22.9221","-43.2098"
460,460-SAO CRISTOVAO X LEBLON (VIA TUNEL REBOUCAS) - CIRCULAR,Fetranspor,212,17398106,"-22.9217","-43.2098"
460,460-SAO CRISTOVAO X LEBLON (VIA TUNEL REBOUCAS) - CIRCULAR,Fetranspor,213,17398106,"-22.9213","-43.2098"
460,460-SAO CRISTOVAO X LEBLON (VIA TUNEL REBOUCAS) - CIRCULAR,Fetranspor,214,17398106,"-22.92","-43.2099"
460,460-SAO CRISTOVAO X LEBLON (VIA TUNEL REBOUCAS) - CIRCULAR,Fetranspor,215,17398106,"-22.9187","-43.2099"
460,460-SAO CRISTOVAO X LEBLON (VIA TUNEL REBOUCAS) - CIRCULAR,Fetranspor,216,17398106,"-22.9167","-43.2101"
460,460-SAO CRISTOVAO X LEBLON (VIA TUNEL REBOUCAS) - CIRCULAR,Fetranspor,217,17398106,"-22.9157","-43.2101"
460,460-SAO CRISTOVAO X LEBLON (VIA TUNEL REBOUCAS) - CIRCULAR,Fetranspor,218,17398106,"-22.9152","-43.2101"
460,460-SAO CRISTOVAO X LEBLON (VIA TUNEL REBOUCAS) - CIRCULAR,Fetranspor,219,17398106,"-22.915","-43.2101"
460,460-SAO CRISTOVAO X LEBLON (VIA TUNEL REBOUCAS) - CIRCULAR,Fetranspor,220,17398106,"-22.9144","-43.2101"
460,460-SAO CRISTOVAO X LEBLON (VIA TUNEL REBOUCAS) - CIRCULAR,Fetranspor,221,17398106,"-22.9142","-43.2101"
460,460-SAO CRISTOVAO X LEBLON (VIA TUNEL REBOUCAS) - CIRCULAR,Fetranspor,222,17398106,"-22.9135","-43.21"
460,460-SAO CRISTOVAO X LEBLON (VIA TUNEL REBOUCAS) - CIRCULAR,Fetranspor,223,17398106,"-22.9135","-43.21"
460,460-SAO CRISTOVAO X LEBLON (VIA TUNEL REBOUCAS) - CIRCULAR,Fetranspor,224,17398106,"-22.9131","-43.2099"
460,460-SAO CRISTOVAO X LEBLON (VIA TUNEL REBOUCAS) - CIRCULAR,Fetranspor,225,17398106,"-22.9129","-43.2098"
460,460-SAO CRISTOVAO X LEBLON (VIA TUNEL REBOUCAS) - CIRCULAR,Fetranspor,226,17398106,"-22.9126","-43.2098"
460,460-SAO CRISTOVAO X LEBLON (VIA TUNEL REBOUCAS) - CIRCULAR,Fetranspor,227,17398106,"-22.9124","-43.2097"
460,460-SAO CRISTOVAO X LEBLON (VIA TUNEL REBOUCAS) - CIRCULAR,Fetranspor,228,17398106,"-22.9121","-43.2096"
460,460-SAO CRISTOVAO X LEBLON (VIA TUNEL REBOUCAS) - CIRCULAR,Fetranspor,229,17398106,"-22.9119","-43.2095"
460,460-SAO CRISTOVAO X LEBLON (VIA TUNEL REBOUCAS) - CIRCULAR,Fetranspor,230,17398106,"-22.9117","-43.2095"
460,460-SAO CRISTOVAO X LEBLON (VIA TUNEL REBOUCAS) - CIRCULAR,Fetranspor,231,17398106,"-22.9116","-43.2094"
460,460-SAO CRISTOVAO X LEBLON (VIA TUNEL REBOUCAS) - CIRCULAR,Fetranspor,232,17398106,"-22.9115","-43.2094"
460,460-SAO CRISTOVAO X LEBLON (VIA TUNEL REBOUCAS) - CIRCULAR,Fetranspor,233,17398106,"-22.9115","-43.2094"
460,460-SAO CRISTOVAO X LEBLON (VIA TUNEL REBOUCAS) - CIRCULAR,Fetranspor,234,17398106,"-22.9114","-43.2094"
460,460-SAO CRISTOVAO X LEBLON (VIA TUNEL REBOUCAS) - CIRCULAR,Fetranspor,235,17398106,"-22.9113","-43.2095"
460,460-SAO CRISTOVAO X LEBLON (VIA TUNEL REBOUCAS) - CIRCULAR,Fetranspor,236,17398106,"-22.9113","-43.2095"
460,460-SAO CRISTOVAO X LEBLON (VIA TUNEL REBOUCAS) - CIRCULAR,Fetranspor,237,17398106,"-22.9112","-43.2096"
460,460-SAO CRISTOVAO X LEBLON (VIA TUNEL REBOUCAS) - CIRCULAR,Fetranspor,238,17398106,"-22.9112","-43.2096"
460,460-SAO CRISTOVAO X LEBLON (VIA TUNEL REBOUCAS) - CIRCULAR,Fetranspor,239,17398106,"-22.9111","-43.2097"
460,460-SAO CRISTOVAO X LEBLON (VIA TUNEL REBOUCAS) - CIRCULAR,Fetranspor,240,17398106,"-22.9109","-43.2099"
460,460-SAO CRISTOVAO X LEBLON (VIA TUNEL REBOUCAS) - CIRCULAR,Fetranspor,241,17398106,"-22.9108","-43.2101"
460,460-SAO CRISTOVAO X LEBLON (VIA TUNEL REBOUCAS) - CIRCULAR,Fetranspor,242,17398106,"-22.9107","-43.2102"
460,460-SAO CRISTOVAO X LEBLON (VIA TUNEL REBOUCAS) - CIRCULAR,Fetranspor,243,17398106,"-22.9107","-43.2103"
460,460-SAO CRISTOVAO X LEBLON (VIA TUNEL REBOUCAS) - CIRCULAR,Fetranspor,244,17398106,"-22.9106","-43.2105"
460,460-SAO CRISTOVAO X LEBLON (VIA TUNEL REBOUCAS) - CIRCULAR,Fetranspor,245,17398106,"-22.9106","-43.2106"
460,460-SAO CRISTOVAO X LEBLON (VIA TUNEL REBOUCAS) - CIRCULAR,Fetranspor,246,17398106,"-22.9106","-43.2107"
460,460-SAO CRISTOVAO X LEBLON (VIA TUNEL REBOUCAS) - CIRCULAR,Fetranspor,247,17398106,"-22.9106","-43.2108"
460,460-SAO CRISTOVAO X LEBLON (VIA TUNEL REBOUCAS) - CIRCULAR,Fetranspor,248,17398106,"-22.9106","-43.211"
460,460-SAO CRISTOVAO X LEBLON (VIA TUNEL REBOUCAS) - CIRCULAR,Fetranspor,249,17398106,"-22.9107","-43.2121"
460,460-SAO CRISTOVAO X LEBLON (VIA TUNEL REBOUCAS) - CIRCULAR,Fetranspor,250,17398106,"-22.9107","-43.2123"
460,460-SAO CRISTOVAO X LEBLON (VIA TUNEL REBOUCAS) - CIRCULAR,Fetranspor,251,17398106,"-22.9108","-43.2126"
460,460-SAO CRISTOVAO X LEBLON (VIA TUNEL REBOUCAS) - CIRCULAR,Fetranspor,252,17398106,"-22.9109","-43.2129"
460,460-SAO CRISTOVAO X LEBLON (VIA TUNEL REBOUCAS) - CIRCULAR,Fetranspor,253,17398106,"-22.9109","-43.2131"
460,460-SAO CRISTOVAO X LEBLON (VIA TUNEL REBOUCAS) - CIRCULAR,Fetranspor,254,17398106,"-22.9109","-43.2133"
460,460-SAO CRISTOVAO X LEBLON (VIA TUNEL REBOUCAS) - CIRCULAR,Fetranspor,255,17398106,"-22.9109","-43.2133"
460,460-SAO CRISTOVAO X LEBLON (VIA TUNEL REBOUCAS) - CIRCULAR,Fetranspor,256,17398106,"-22.9109","-43.2139"
460,460-SAO CRISTOVAO X LEBLON (VIA TUNEL REBOUCAS) - CIRCULAR,Fetranspor,257,17398106,"-22.9109","-43.214"
460,460-SAO CRISTOVAO X LEBLON (VIA TUNEL REBOUCAS) - CIRCULAR,Fetranspor,258,17398106,"-22.9109","-43.2141"
460,460-SAO CRISTOVAO X LEBLON (VIA TUNEL REBOUCAS) - CIRCULAR,Fetranspor,259,17398106,"-22.9109","-43.2141"
460,460-SAO CRISTOVAO X LEBLON (VIA TUNEL REBOUCAS) - CIRCULAR,Fetranspor,260,17398106,"-22.9107","-43.2151"
460,460-SAO CRISTOVAO X LEBLON (VIA TUNEL REBOUCAS) - CIRCULAR,Fetranspor,261,17398106,"-22.9107","-43.2151"
460,460-SAO CRISTOVAO X LEBLON (VIA TUNEL REBOUCAS) - CIRCULAR,Fetranspor,262,17398106,"-22.9107","-43.2152"
460,460-SAO CRISTOVAO X LEBLON (VIA TUNEL REBOUCAS) - CIRCULAR,Fetranspor,263,17398106,"-22.9106","-43.2154"
460,460-SAO CRISTOVAO X LEBLON (VIA TUNEL REBOUCAS) - CIRCULAR,Fetranspor,264,17398106,"-22.9105","-43.2156"
460,460-SAO CRISTOVAO X LEBLON (VIA TUNEL REBOUCAS) - CIRCULAR,Fetranspor,265,17398106,"-22.9105","-43.2159"
460,460-SAO CRISTOVAO X LEBLON (VIA TUNEL REBOUCAS) - CIRCULAR,Fetranspor,266,17398106,"-22.9106","-43.2164"
460,460-SAO CRISTOVAO X LEBLON (VIA TUNEL REBOUCAS) - CIRCULAR,Fetranspor,267,17398106,"-22.9106","-43.2166"
460,460-SAO CRISTOVAO X LEBLON (VIA TUNEL REBOUCAS) - CIRCULAR,Fetranspor,268,17398106,"-22.9106","-43.2166"
460,460-SAO CRISTOVAO X LEBLON (VIA TUNEL REBOUCAS) - CIRCULAR,Fetranspor,269,17398106,"-22.9106","-43.2169"
460,460-SAO CRISTOVAO X LEBLON (VIA TUNEL REBOUCAS) - CIRCULAR,Fetranspor,270,17398106,"-22.9106","-43.2173"
460,460-SAO CRISTOVAO X LEBLON (VIA TUNEL REBOUCAS) - CIRCULAR,Fetranspor,271,17398106,"-22.9106","-43.2178"
460,460-SAO CRISTOVAO X LEBLON (VIA TUNEL REBOUCAS) - CIRCULAR,Fetranspor,272,17398106,"-22.9105","-43.2182"
460,460-SAO CRISTOVAO X LEBLON (VIA TUNEL REBOUCAS) - CIRCULAR,Fetranspor,273,17398106,"-22.9104","-43.2185"
460,460-SAO CRISTOVAO X LEBLON (VIA TUNEL REBOUCAS) - CIRCULAR,Fetranspor,274,17398106,"-22.9101","-43.2194"
460,460-SAO CRISTOVAO X LEBLON (VIA TUNEL REBOUCAS) - CIRCULAR,Fetranspor,275,17398106,"-22.91","-43.2198"
460,460-SAO CRISTOVAO X LEBLON (VIA TUNEL REBOUCAS) - CIRCULAR,Fetranspor,276,17398106,"-22.91","-43.2201"
460,460-SAO CRISTOVAO X LEBLON (VIA TUNEL REBOUCAS) - CIRCULAR,Fetranspor,277,17398106,"-22.9099","-43.2203"
460,460-SAO CRISTOVAO X LEBLON (VIA TUNEL REBOUCAS) - CIRCULAR,Fetranspor,278,17398106,"-22.9099","-43.2209"
460,460-SAO CRISTOVAO X LEBLON (VIA TUNEL REBOUCAS) - CIRCULAR,Fetranspor,279,17398106,"-22.9099","-43.2212"
460,460-SAO CRISTOVAO X LEBLON (VIA TUNEL REBOUCAS) - CIRCULAR,Fetranspor,280,17398106,"-22.91","-43.2214"
460,460-SAO CRISTOVAO X LEBLON (VIA TUNEL REBOUCAS) - CIRCULAR,Fetranspor,281,17398106,"-22.9101","-43.2219"
460,460-SAO CRISTOVAO X LEBLON (VIA TUNEL REBOUCAS) - CIRCULAR,Fetranspor,282,17398106,"-22.9101","-43.2219"
460,460-SAO CRISTOVAO X LEBLON (VIA TUNEL REBOUCAS) - CIRCULAR,Fetranspor,283,17398106,"-22.9101","-43.2222"
460,460-SAO CRISTOVAO X LEBLON (VIA TUNEL REBOUCAS) - CIRCULAR,Fetranspor,284,17398106,"-22.9101","-43.2223"
460,460-SAO CRISTOVAO X LEBLON (VIA TUNEL REBOUCAS) - CIRCULAR,Fetranspor,285,17398106,"-22.9101","-43.2224"
460,460-SAO CRISTOVAO X LEBLON (VIA TUNEL REBOUCAS) - CIRCULAR,Fetranspor,286,17398106,"-22.9103","-43.2234"
460,460-SAO CRISTOVAO X LEBLON (VIA TUNEL REBOUCAS) - CIRCULAR,Fetranspor,287,17398106,"-22.9103","-43.2235"
460,460-SAO CRISTOVAO X LEBLON (VIA TUNEL REBOUCAS) - CIRCULAR,Fetranspor,288,17398106,"-22.9103","-43.2235"
460,460-SAO CRISTOVAO X LEBLON (VIA TUNEL REBOUCAS) - CIRCULAR,Fetranspor,289,17398106,"-22.9103","-43.2236"
460,460-SAO CRISTOVAO X LEBLON (VIA TUNEL REBOUCAS) - CIRCULAR,Fetranspor,290,17398106,"-22.9103","-43.2236"
460,460-SAO CRISTOVAO X LEBLON (VIA TUNEL REBOUCAS) - CIRCULAR,Fetranspor,291,17398106,"-22.9101","-43.2237"
460,460-SAO CRISTOVAO X LEBLON (VIA TUNEL REBOUCAS) - CIRCULAR,Fetranspor,292,17398106,"-22.9099","-43.2238"
460,460-SAO CRISTOVAO X LEBLON (VIA TUNEL REBOUCAS) - CIRCULAR,Fetranspor,293,17398106,"-22.9099","-43.2238"
460,460-SAO CRISTOVAO X LEBLON (VIA TUNEL REBOUCAS) - CIRCULAR,Fetranspor,294,17398106,"-22.9094","-43.224"
460,460-SAO CRISTOVAO X LEBLON (VIA TUNEL REBOUCAS) - CIRCULAR,Fetranspor,295,17398106,"-22.9093","-43.224"
460,460-SAO CRISTOVAO X LEBLON (VIA TUNEL REBOUCAS) - CIRCULAR,Fetranspor,296,17398106,"-22.9093","-43.2239"
460,460-SAO CRISTOVAO X LEBLON (VIA TUNEL REBOUCAS) - CIRCULAR,Fetranspor,297,17398106,"-22.9092","-43.2239"
460,460-SAO CRISTOVAO X LEBLON (VIA TUNEL REBOUCAS) - CIRCULAR,Fetranspor,298,17398106,"-22.9092","-43.2239"
460,460-SAO CRISTOVAO X LEBLON (VIA TUNEL REBOUCAS) - CIRCULAR,Fetranspor,299,17398106,"-22.909","-43.2231"
460,460-SAO CRISTOVAO X LEBLON (VIA TUNEL REBOUCAS) - CIRCULAR,Fetranspor,300,17398106,"-22.909","-43.2231"
460,460-SAO CRISTOVAO X LEBLON (VIA TUNEL REBOUCAS) - CIRCULAR,Fetranspor,301,17398106,"-22.909","-43.223"
460,460-SAO CRISTOVAO X LEBLON (VIA TUNEL REBOUCAS) - CIRCULAR,Fetranspor,302,17398106,"-22.909","-43.2227"
460,460-SAO CRISTOVAO X LEBLON (VIA TUNEL REBOUCAS) - CIRCULAR,Fetranspor,303,17398106,"-22.909","-43.2226"
460,460-SAO CRISTOVAO X LEBLON (VIA TUNEL REBOUCAS) - CIRCULAR,Fetranspor,304,17398106,"-22.909","-43.2226"
460,460-SAO CRISTOVAO X LEBLON (VIA TUNEL REBOUCAS) - CIRCULAR,Fetranspor,305,17398106,"-22.909","-43.2222"
460,460-SAO CRISTOVAO X LEBLON (VIA TUNEL REBOUCAS) - CIRCULAR,Fetranspor,0,17415721,"-22.9101","-43.2219"
460,460-SAO CRISTOVAO X LEBLON (VIA TUNEL REBOUCAS) - CIRCULAR,Fetranspor,1,17415721,"-22.9101","-43.2222"
460,460-SAO CRISTOVAO X LEBLON (VIA TUNEL REBOUCAS) - CIRCULAR,Fetranspor,2,17415721,"-22.9101","-43.2223"
460,460-SAO CRISTOVAO X LEBLON (VIA TUNEL REBOUCAS) - CIRCULAR,Fetranspor,3,17415721,"-22.9101","-43.2224"
460,460-SAO CRISTOVAO X LEBLON (VIA TUNEL REBOUCAS) - CIRCULAR,Fetranspor,4,17415721,"-22.9103","-43.2234"
460,460-SAO CRISTOVAO X LEBLON (VIA TUNEL REBOUCAS) - CIRCULAR,Fetranspor,5,17415721,"-22.9103","-43.2235"
460,460-SAO CRISTOVAO X LEBLON (VIA TUNEL REBOUCAS) - CIRCULAR,Fetranspor,6,17415721,"-22.9103","-43.2235"
460,460-SAO CRISTOVAO X LEBLON (VIA TUNEL REBOUCAS) - CIRCULAR,Fetranspor,7,17415721,"-22.9103","-43.2236"
460,460-SAO CRISTOVAO X LEBLON (VIA TUNEL REBOUCAS) - CIRCULAR,Fetranspor,8,17415721,"-22.9103","-43.2236"
460,460-SAO CRISTOVAO X LEBLON (VIA TUNEL REBOUCAS) - CIRCULAR,Fetranspor,9,17415721,"-22.9101","-43.2237"
460,460-SAO CRISTOVAO X LEBLON (VIA TUNEL REBOUCAS) - CIRCULAR,Fetranspor,10,17415721,"-22.9099","-43.2238"
460,460-SAO CRISTOVAO X LEBLON (VIA TUNEL REBOUCAS) - CIRCULAR,Fetranspor,11,17415721,"-22.9099","-43.2238"
460,460-SAO CRISTOVAO X LEBLON (VIA TUNEL REBOUCAS) - CIRCULAR,Fetranspor,12,17415721,"-22.9094","-43.224"
460,460-SAO CRISTOVAO X LEBLON (VIA TUNEL REBOUCAS) - CIRCULAR,Fetranspor,13,17415721,"-22.9093","-43.224"
460,460-SAO CRISTOVAO X LEBLON (VIA TUNEL REBOUCAS) - CIRCULAR,Fetranspor,14,17415721,"-22.9093","-43.2239"
460,460-SAO CRISTOVAO X LEBLON (VIA TUNEL REBOUCAS) - CIRCULAR,Fetranspor,15,17415721,"-22.9092","-43.2239"
460,460-SAO CRISTOVAO X LEBLON (VIA TUNEL REBOUCAS) - CIRCULAR,Fetranspor,16,17415721,"-22.9092","-43.2239"
460,460-SAO CRISTOVAO X LEBLON (VIA TUNEL REBOUCAS) - CIRCULAR,Fetranspor,17,17415721,"-22.909","-43.2231"
460,460-SAO CRISTOVAO X LEBLON (VIA TUNEL REBOUCAS) - CIRCULAR,Fetranspor,18,17415721,"-22.909","-43.2231"
460,460-SAO CRISTOVAO X LEBLON (VIA TUNEL REBOUCAS) - CIRCULAR,Fetranspor,19,17415721,"-22.909","-43.223"
460,460-SAO CRISTOVAO X LEBLON (VIA TUNEL REBOUCAS) - CIRCULAR,Fetranspor,20,17415721,"-22.909","-43.2227"
460,460-SAO CRISTOVAO X LEBLON (VIA TUNEL REBOUCAS) - CIRCULAR,Fetranspor,21,17415721,"-22.909","-43.2226"
460,460-SAO CRISTOVAO X LEBLON (VIA TUNEL REBOUCAS) - CIRCULAR,Fetranspor,22,17415721,"-22.909","-43.2226"
460,460-SAO CRISTOVAO X LEBLON (VIA TUNEL REBOUCAS) - CIRCULAR,Fetranspor,23,17415721,"-22.909","-43.2222"
460,460-SAO CRISTOVAO X LEBLON (VIA TUNEL REBOUCAS) - CIRCULAR,Fetranspor,24,17415721,"-22.909","-43.2222"
460,460-SAO CRISTOVAO X LEBLON (VIA TUNEL REBOUCAS) - CIRCULAR,Fetranspor,25,17415721,"-22.909","-43.222"
460,460-SAO CRISTOVAO X LEBLON (VIA TUNEL REBOUCAS) - CIRCULAR,Fetranspor,26,17415721,"-22.9089","-43.2217"
460,460-SAO CRISTOVAO X LEBLON (VIA TUNEL REBOUCAS) - CIRCULAR,Fetranspor,27,17415721,"-22.9089","-43.2211"
460,460-SAO CRISTOVAO X LEBLON (VIA TUNEL REBOUCAS) - CIRCULAR,Fetranspor,28,17415721,"-22.9089","-43.221"
460,460-SAO CRISTOVAO X LEBLON (VIA TUNEL REBOUCAS) - CIRCULAR,Fetranspor,29,17415721,"-22.9087","-43.2207"
460,460-SAO CRISTOVAO X LEBLON (VIA TUNEL REBOUCAS) - CIRCULAR,Fetranspor,30,17415721,"-22.9087","-43.2207"
460,460-SAO CRISTOVAO X LEBLON (VIA TUNEL REBOUCAS) - CIRCULAR,Fetranspor,31,17415721,"-22.9087","-43.2206"
460,460-SAO CRISTOVAO X LEBLON (VIA TUNEL REBOUCAS) - CIRCULAR,Fetranspor,32,17415721,"-22.9085","-43.2204"
460,460-SAO CRISTOVAO X LEBLON (VIA TUNEL REBOUCAS) - CIRCULAR,Fetranspor,33,17415721,"-22.9084","-43.2203"
460,460-SAO CRISTOVAO X LEBLON (VIA TUNEL REBOUCAS) - CIRCULAR,Fetranspor,34,17415721,"-22.9084","-43.2203"
460,460-SAO CRISTOVAO X LEBLON (VIA TUNEL REBOUCAS) - CIRCULAR,Fetranspor,35,17415721,"-22.9082","-43.2201"
460,460-SAO CRISTOVAO X LEBLON (VIA TUNEL REBOUCAS) - CIRCULAR,Fetranspor,36,17415721,"-22.9077","-43.2195"
460,460-SAO CRISTOVAO X LEBLON (VIA TUNEL REBOUCAS) - CIRCULAR,Fetranspor,37,17415721,"-22.9077","-43.2195"
460,460-SAO CRISTOVAO X LEBLON (VIA TUNEL REBOUCAS) - CIRCULAR,Fetranspor,38,17415721,"-22.9075","-43.2192"
460,460-SAO CRISTOVAO X LEBLON (VIA TUNEL REBOUCAS) - CIRCULAR,Fetranspor,39,17415721,"-22.9075","-43.2192"
460,460-SAO CRISTOVAO X LEBLON (VIA TUNEL REBOUCAS) - CIRCULAR,Fetranspor,40,17415721,"-22.9075","-43.2191"
460,460-SAO CRISTOVAO X LEBLON (VIA TUNEL REBOUCAS) - CIRCULAR,Fetranspor,41,17415721,"-22.9075","-43.2189"
460,460-SAO CRISTOVAO X LEBLON (VIA TUNEL REBOUCAS) - CIRCULAR,Fetranspor,42,17415721,"-22.9075","-43.2187"
460,460-SAO CRISTOVAO X LEBLON (VIA TUNEL REBOUCAS) - CIRCULAR,Fetranspor,43,17415721,"-22.9075","-43.2182"
460,460-SAO CRISTOVAO X LEBLON (VIA TUNEL REBOUCAS) - CIRCULAR,Fetranspor,44,17415721,"-22.9075","-43.2182"
460,460-SAO CRISTOVAO X LEBLON (VIA TUNEL REBOUCAS) - CIRCULAR,Fetranspor,45,17415721,"-22.9075","-43.2179"
460,460-SAO CRISTOVAO X LEBLON (VIA TUNEL REBOUCAS) - CIRCULAR,Fetranspor,46,17415721,"-22.9075","-43.2179"
460,460-SAO CRISTOVAO X LEBLON (VIA TUNEL REBOUCAS) - CIRCULAR,Fetranspor,47,17415721,"-22.9075","-43.2178"
460,460-SAO CRISTOVAO X LEBLON (VIA TUNEL REBOUCAS) - CIRCULAR,Fetranspor,48,17415721,"-22.9075","-43.2178"
460,460-SAO CRISTOVAO X LEBLON (VIA TUNEL REBOUCAS) - CIRCULAR,Fetranspor,49,17415721,"-22.9075","-43.2177"
460,460-SAO CRISTOVAO X LEBLON (VIA TUNEL REBOUCAS) - CIRCULAR,Fetranspor,50,17415721,"-22.9075","-43.2177"
460,460-SAO CRISTOVAO X LEBLON (VIA TUNEL REBOUCAS) - CIRCULAR,Fetranspor,51,17415721,"-22.9075","-43.2176"
460,460-SAO CRISTOVAO X LEBLON (VIA TUNEL REBOUCAS) - CIRCULAR,Fetranspor,52,17415721,"-22.9075","-43.2175"
460,460-SAO CRISTOVAO X LEBLON (VIA TUNEL REBOUCAS) - CIRCULAR,Fetranspor,53,17415721,"-22.9072","-43.2151"
460,460-SAO CRISTOVAO X LEBLON (VIA TUNEL REBOUCAS) - CIRCULAR,Fetranspor,54,17415721,"-22.9071","-43.2136"
460,460-SAO CRISTOVAO X LEBLON (VIA TUNEL REBOUCAS) - CIRCULAR,Fetranspor,55,17415721,"-22.9071","-43.2135"
460,460-SAO CRISTOVAO X LEBLON (VIA TUNEL REBOUCAS) - CIRCULAR,Fetranspor,56,17415721,"-22.9071","-43.2135"
460,460-SAO CRISTOVAO X LEBLON (VIA TUNEL REBOUCAS) - CIRCULAR,Fetranspor,57,17415721,"-22.9071","-43.2133"
460,460-SAO CRISTOVAO X LEBLON (VIA TUNEL REBOUCAS) - CIRCULAR,Fetranspor,58,17415721,"-22.9071","-43.2131"
460,460-SAO CRISTOVAO X LEBLON (VIA TUNEL REBOUCAS) - CIRCULAR,Fetranspor,59,17415721,"-22.907","-43.2126"
460,460-SAO CRISTOVAO X LEBLON (VIA TUNEL REBOUCAS) - CIRCULAR,Fetranspor,60,17415721,"-22.9068","-43.2103"
460,460-SAO CRISTOVAO X LEBLON (VIA TUNEL REBOUCAS) - CIRCULAR,Fetranspor,61,17415721,"-22.9068","-43.2103"
460,460-SAO CRISTOVAO X LEBLON (VIA TUNEL REBOUCAS) - CIRCULAR,Fetranspor,62,17415721,"-22.9068","-43.2102"
460,460-SAO CRISTOVAO X LEBLON (VIA TUNEL REBOUCAS) - CIRCULAR,Fetranspor,63,17415721,"-22.9068","-43.2101"
460,460-SAO CRISTOVAO X LEBLON (VIA TUNEL REBOUCAS) - CIRCULAR,Fetranspor,64,17415721,"-22.9068","-43.2101"
460,460-SAO CRISTOVAO X LEBLON (VIA TUNEL REBOUCAS) - CIRCULAR,Fetranspor,65,17415721,"-22.9069","-43.2101"
460,460-SAO CRISTOVAO X LEBLON (VIA TUNEL REBOUCAS) - CIRCULAR,Fetranspor,66,17415721,"-22.9069","-43.2101"
460,460-SAO CRISTOVAO X LEBLON (VIA TUNEL REBOUCAS) - CIRCULAR,Fetranspor,67,17415721,"-22.9073","-43.2101"
460,460-SAO CRISTOVAO X LEBLON (VIA TUNEL REBOUCAS) - CIRCULAR,Fetranspor,68,17415721,"-22.9073","-43.2101"
460,460-SAO CRISTOVAO X LEBLON (VIA TUNEL REBOUCAS) - CIRCULAR,Fetranspor,69,17415721,"-22.9077","-43.2101"
460,460-SAO CRISTOVAO X LEBLON (VIA TUNEL REBOUCAS) - CIRCULAR,Fetranspor,70,17415721,"-22.9082","-43.2101"
460,460-SAO CRISTOVAO X LEBLON (VIA TUNEL REBOUCAS) - CIRCULAR,Fetranspor,71,17415721,"-22.9082","-43.2101"
460,460-SAO CRISTOVAO X LEBLON (VIA TUNEL REBOUCAS) - CIRCULAR,Fetranspor,72,17415721,"-22.9092","-43.21"
460,460-SAO CRISTOVAO X LEBLON (VIA TUNEL REBOUCAS) - CIRCULAR,Fetranspor,73,17415721,"-22.9096","-43.2099"
460,460-SAO CRISTOVAO X LEBLON (VIA TUNEL REBOUCAS) - CIRCULAR,Fetranspor,74,17415721,"-22.9096","-43.2099"
460,460-SAO CRISTOVAO X LEBLON (VIA TUNEL REBOUCAS) - CIRCULAR,Fetranspor,75,17415721,"-22.9097","-43.2099"
460,460-SAO CRISTOVAO X LEBLON (VIA TUNEL REBOUCAS) - CIRCULAR,Fetranspor,76,17415721,"-22.9097","-43.2099"
460,460-SAO CRISTOVAO X LEBLON (VIA TUNEL REBOUCAS) - CIRCULAR,Fetranspor,77,17415721,"-22.9098","-43.2099"
460,460-SAO CRISTOVAO X LEBLON (VIA TUNEL REBOUCAS) - CIRCULAR,Fetranspor,78,17415721,"-22.9099","-43.2099"
460,460-SAO CRISTOVAO X LEBLON (VIA TUNEL REBOUCAS) - CIRCULAR,Fetranspor,79,17415721,"-22.9099","-43.2099"
460,460-SAO CRISTOVAO X LEBLON (VIA TUNEL REBOUCAS) - CIRCULAR,Fetranspor,80,17415721,"-22.91","-43.21"
460,460-SAO CRISTOVAO X LEBLON (VIA TUNEL REBOUCAS) - CIRCULAR,Fetranspor,81,17415721,"-22.91","-43.21"
460,460-SAO CRISTOVAO X LEBLON (VIA TUNEL REBOUCAS) - CIRCULAR,Fetranspor,82,17415721,"-22.9101","-43.2101"
460,460-SAO CRISTOVAO X LEBLON (VIA TUNEL REBOUCAS) - CIRCULAR,Fetranspor,83,17415721,"-22.9101","-43.2102"
460,460-SAO CRISTOVAO X LEBLON (VIA TUNEL REBOUCAS) - CIRCULAR,Fetranspor,84,17415721,"-22.9101","-43.2103"
460,460-SAO CRISTOVAO X LEBLON (VIA TUNEL REBOUCAS) - CIRCULAR,Fetranspor,85,17415721,"-22.9102","-43.2105"
460,460-SAO CRISTOVAO X LEBLON (VIA TUNEL REBOUCAS) - CIRCULAR,Fetranspor,86,17415721,"-22.9102","-43.2105"
460,460-SAO CRISTOVAO X LEBLON (VIA TUNEL REBOUCAS) - CIRCULAR,Fetranspor,87,17415721,"-22.9102","-43.2106"
460,460-SAO CRISTOVAO X LEBLON (VIA TUNEL REBOUCAS) - CIRCULAR,Fetranspor,88,17415721,"-22.9103","-43.2107"
460,460-SAO CRISTOVAO X LEBLON (VIA TUNEL REBOUCAS) - CIRCULAR,Fetranspor,89,17415721,"-22.9104","-43.2108"
460,460-SAO CRISTOVAO X LEBLON (VIA TUNEL REBOUCAS) - CIRCULAR,Fetranspor,90,17415721,"-22.9105","-43.2108"
460,460-SAO CRISTOVAO X LEBLON (VIA TUNEL REBOUCAS) - CIRCULAR,Fetranspor,91,17415721,"-22.9106","-43.2108"
460,460-SAO CRISTOVAO X LEBLON (VIA TUNEL REBOUCAS) - CIRCULAR,Fetranspor,92,17415721,"-22.9107","-43.2108"
460,460-SAO CRISTOVAO X LEBLON (VIA TUNEL REBOUCAS) - CIRCULAR,Fetranspor,93,17415721,"-22.9108","-43.2108"
460,460-SAO CRISTOVAO X LEBLON (VIA TUNEL REBOUCAS) - CIRCULAR,Fetranspor,94,17415721,"-22.9108","-43.2107"
460,460-SAO CRISTOVAO X LEBLON (VIA TUNEL REBOUCAS) - CIRCULAR,Fetranspor,95,17415721,"-22.9109","-43.2107"
460,460-SAO CRISTOVAO X LEBLON (VIA TUNEL REBOUCAS) - CIRCULAR,Fetranspor,96,17415721,"-22.9109","-43.2106"
460,460-SAO CRISTOVAO X LEBLON (VIA TUNEL REBOUCAS) - CIRCULAR,Fetranspor,97,17415721,"-22.9109","-43.2106"
460,460-SAO CRISTOVAO X LEBLON (VIA TUNEL REBOUCAS) - CIRCULAR,Fetranspor,98,17415721,"-22.911","-43.2103"
460,460-SAO CRISTOVAO X LEBLON (VIA TUNEL REBOUCAS) - CIRCULAR,Fetranspor,99,17415721,"-22.911","-43.2102"
460,460-SAO CRISTOVAO X LEBLON (VIA TUNEL REBOUCAS) - CIRCULAR,Fetranspor,100,17415721,"-22.911","-43.2102"
460,460-SAO CRISTOVAO X LEBLON (VIA TUNEL REBOUCAS) - CIRCULAR,Fetranspor,101,17415721,"-22.911","-43.2102"
460,460-SAO CRISTOVAO X LEBLON (VIA TUNEL REBOUCAS) - CIRCULAR,Fetranspor,102,17415721,"-22.9111","-43.2101"
460,460-SAO CRISTOVAO X LEBLON (VIA TUNEL REBOUCAS) - CIRCULAR,Fetranspor,103,17415721,"-22.9112","-43.2101"
460,460-SAO CRISTOVAO X LEBLON (VIA TUNEL REBOUCAS) - CIRCULAR,Fetranspor,104,17415721,"-22.9112","-43.21"
460,460-SAO CRISTOVAO X LEBLON (VIA TUNEL REBOUCAS) - CIRCULAR,Fetranspor,105,17415721,"-22.9113","-43.2099"
460,460-SAO CRISTOVAO X LEBLON (VIA TUNEL REBOUCAS) - CIRCULAR,Fetranspor,106,17415721,"-22.9115","-43.2099"
460,460-SAO CRISTOVAO X LEBLON (VIA TUNEL REBOUCAS) - CIRCULAR,Fetranspor,107,17415721,"-22.9116","-43.2098"
460,460-SAO CRISTOVAO X LEBLON (VIA TUNEL REBOUCAS) - CIRCULAR,Fetranspor,108,17415721,"-22.9118","-43.2098"
460,460-SAO CRISTOVAO X LEBLON (VIA TUNEL REBOUCAS) - CIRCULAR,Fetranspor,109,17415721,"-22.9118","-43.2098"
460,460-SAO CRISTOVAO X LEBLON (VIA TUNEL REBOUCAS) - CIRCULAR,Fetranspor,110,17415721,"-22.9119","-43.2098"
460,460-SAO CRISTOVAO X LEBLON (VIA TUNEL REBOUCAS) - CIRCULAR,Fetranspor,111,17415721,"-22.912","-43.2098"
460,460-SAO CRISTOVAO X LEBLON (VIA TUNEL REBOUCAS) - CIRCULAR,Fetranspor,112,17415721,"-22.9121","-43.2098"
460,460-SAO CRISTOVAO X LEBLON (VIA TUNEL REBOUCAS) - CIRCULAR,Fetranspor,113,17415721,"-22.9126","-43.21"
460,460-SAO CRISTOVAO X LEBLON (VIA TUNEL REBOUCAS) - CIRCULAR,Fetranspor,114,17415721,"-22.9127","-43.2101"
460,460-SAO CRISTOVAO X LEBLON (VIA TUNEL REBOUCAS) - CIRCULAR,Fetranspor,115,17415721,"-22.913","-43.2101"
460,460-SAO CRISTOVAO X LEBLON (VIA TUNEL REBOUCAS) - CIRCULAR,Fetranspor,116,17415721,"-22.9131","-43.2101"
460,460-SAO CRISTOVAO X LEBLON (VIA TUNEL REBOUCAS) - CIRCULAR,Fetranspor,117,17415721,"-22.9132","-43.2101"
460,460-SAO CRISTOVAO X LEBLON (VIA TUNEL REBOUCAS) - CIRCULAR,Fetranspor,118,17415721,"-22.9132","-43.2101"
460,460-SAO CRISTOVAO X LEBLON (VIA TUNEL REBOUCAS) - CIRCULAR,Fetranspor,119,17415721,"-22.9142","-43.2102"
460,460-SAO CRISTOVAO X LEBLON (VIA TUNEL REBOUCAS) - CIRCULAR,Fetranspor,120,17415721,"-22.9149","-43.2102"
460,460-SAO CRISTOVAO X LEBLON (VIA TUNEL REBOUCAS) - CIRCULAR,Fetranspor,121,17415721,"-22.9153","-43.2102"
460,460-SAO CRISTOVAO X LEBLON (VIA TUNEL REBOUCAS) - CIRCULAR,Fetranspor,122,17415721,"-22.9157","-43.2102"
460,460-SAO CRISTOVAO X LEBLON (VIA TUNEL REBOUCAS) - CIRCULAR,Fetranspor,123,17415721,"-22.9168","-43.2102"
460,460-SAO CRISTOVAO X LEBLON (VIA TUNEL REBOUCAS) - CIRCULAR,Fetranspor,124,17415721,"-22.9188","-43.21"
460,460-SAO CRISTOVAO X LEBLON (VIA TUNEL REBOUCAS) - CIRCULAR,Fetranspor,125,17415721,"-22.92","-43.21"
460,460-SAO CRISTOVAO X LEBLON (VIA TUNEL REBOUCAS) - CIRCULAR,Fetranspor,126,17415721,"-22.9214","-43.2099"
460,460-SAO CRISTOVAO X LEBLON (VIA TUNEL REBOUCAS) - CIRCULAR,Fetranspor,127,17415721,"-22.9217","-43.2099"
460,460-SAO CRISTOVAO X LEBLON (VIA TUNEL REBOUCAS) - CIRCULAR,Fetranspor,128,17415721,"-22.9221","-43.2098"
460,460-SAO CRISTOVAO X LEBLON (VIA TUNEL REBOUCAS) - CIRCULAR,Fetranspor,129,17415721,"-22.9247","-43.2097"
460,460-SAO CRISTOVAO X LEBLON (VIA TUNEL REBOUCAS) - CIRCULAR,Fetranspor,130,17415721,"-22.9255","-43.2096"
460,460-SAO CRISTOVAO X LEBLON (VIA TUNEL REBOUCAS) - CIRCULAR,Fetranspor,131,17415721,"-22.9266","-43.2096"
460,460-SAO CRISTOVAO X LEBLON (VIA TUNEL REBOUCAS) - CIRCULAR,Fetranspor,132,17415721,"-22.927","-43.2096"
460,460-SAO CRISTOVAO X LEBLON (VIA TUNEL REBOUCAS) - CIRCULAR,Fetranspor,133,17415721,"-22.9283","-43.2095"
460,460-SAO CRISTOVAO X LEBLON (VIA TUNEL REBOUCAS) - CIRCULAR,Fetranspor,134,17415721,"-22.9287","-43.2094"
460,460-SAO CRISTOVAO X LEBLON (VIA TUNEL REBOUCAS) - CIRCULAR,Fetranspor,135,17415721,"-22.929","-43.2094"
460,460-SAO CRISTOVAO X LEBLON (VIA TUNEL REBOUCAS) - CIRCULAR,Fetranspor,136,17415721,"-22.9292","-43.2093"
460,460-SAO CRISTOVAO X LEBLON (VIA TUNEL REBOUCAS) - CIRCULAR,Fetranspor,137,17415721,"-22.9295","-43.2092"
460,460-SAO CRISTOVAO X LEBLON (VIA TUNEL REBOUCAS) - CIRCULAR,Fetranspor,138,17415721,"-22.9301","-43.209"
460,460-SAO CRISTOVAO X LEBLON (VIA TUNEL REBOUCAS) - CIRCULAR,Fetranspor,139,17415721,"-22.9306","-43.2089"
460,460-SAO CRISTOVAO X LEBLON (VIA TUNEL REBOUCAS) - CIRCULAR,Fetranspor,140,17415721,"-22.9307","-43.2089"
460,460-SAO CRISTOVAO X LEBLON (VIA TUNEL REBOUCAS) - CIRCULAR,Fetranspor,141,17415721,"-22.9309","-43.2089"
460,460-SAO CRISTOVAO X LEBLON (VIA TUNEL REBOUCAS) - CIRCULAR,Fetranspor,142,17415721,"-22.931","-43.2089"
460,460-SAO CRISTOVAO X LEBLON (VIA TUNEL REBOUCAS) - CIRCULAR,Fetranspor,143,17415721,"-22.9312","-43.2089"
460,460-SAO CRISTOVAO X LEBLON (VIA TUNEL REBOUCAS) - CIRCULAR,Fetranspor,144,17415721,"-22.9315","-43.2091"
460,460-SAO CRISTOVAO X LEBLON (VIA TUNEL REBOUCAS) - CIRCULAR,Fetranspor,145,17415721,"-22.9321","-43.2094"
460,460-SAO CRISTOVAO X LEBLON (VIA TUNEL REBOUCAS) - CIRCULAR,Fetranspor,146,17415721,"-22.9324","-43.2096"
460,460-SAO CRISTOVAO X LEBLON (VIA TUNEL REBOUCAS) - CIRCULAR,Fetranspor,147,17415721,"-22.9326","-43.2096"
460,460-SAO CRISTOVAO X LEBLON (VIA TUNEL REBOUCAS) - CIRCULAR,Fetranspor,148,17415721,"-22.9328","-43.2097"
460,460-SAO CRISTOVAO X LEBLON (VIA TUNEL REBOUCAS) - CIRCULAR,Fetranspor,149,17415721,"-22.9334","-43.2098"
460,460-SAO CRISTOVAO X LEBLON (VIA TUNEL REBOUCAS) - CIRCULAR,Fetranspor,150,17415721,"-22.9339","-43.21"
460,460-SAO CRISTOVAO X LEBLON (VIA TUNEL REBOUCAS) - CIRCULAR,Fetranspor,151,17415721,"-22.9341","-43.21"
460,460-SAO CRISTOVAO X LEBLON (VIA TUNEL REBOUCAS) - CIRCULAR,Fetranspor,152,17415721,"-22.9342","-43.21"
460,460-SAO CRISTOVAO X LEBLON (VIA TUNEL REBOUCAS) - CIRCULAR,Fetranspor,153,17415721,"-22.9344","-43.2099"
460,460-SAO CRISTOVAO X LEBLON (VIA TUNEL REBOUCAS) - CIRCULAR,Fetranspor,154,17415721,"-22.9345","-43.2099"
460,460-SAO CRISTOVAO X LEBLON (VIA TUNEL REBOUCAS) - CIRCULAR,Fetranspor,155,17415721,"-22.9347","-43.2098"
460,460-SAO CRISTOVAO X LEBLON (VIA TUNEL REBOUCAS) - CIRCULAR,Fetranspor,156,17415721,"-22.9347","-43.2098"
460,460-SAO CRISTOVAO X LEBLON (VIA TUNEL REBOUCAS) - CIRCULAR,Fetranspor,157,17415721,"-22.9349","-43.2096"
460,460-SAO CRISTOVAO X LEBLON (VIA TUNEL REBOUCAS) - CIRCULAR,Fetranspor,158,17415721,"-22.9349","-43.2096"
460,460-SAO CRISTOVAO X LEBLON (VIA TUNEL REBOUCAS) - CIRCULAR,Fetranspor,159,17415721,"-22.935","-43.2096"
460,460-SAO CRISTOVAO X LEBLON (VIA TUNEL REBOUCAS) - CIRCULAR,Fetranspor,160,17415721,"-22.935","-43.2096"
460,460-SAO CRISTOVAO X LEBLON (VIA TUNEL REBOUCAS) - CIRCULAR,Fetranspor,161,17415721,"-22.9352","-43.2094"
460,460-SAO CRISTOVAO X LEBLON (VIA TUNEL REBOUCAS) - CIRCULAR,Fetranspor,162,17415721,"-22.9357","-43.2088"
460,460-SAO CRISTOVAO X LEBLON (VIA TUNEL REBOUCAS) - CIRCULAR,Fetranspor,163,17415721,"-22.9373","-43.2057"
460,460-SAO CRISTOVAO X LEBLON (VIA TUNEL REBOUCAS) - CIRCULAR,Fetranspor,164,17415721,"-22.9376","-43.205"
460,460-SAO CRISTOVAO X LEBLON (VIA TUNEL REBOUCAS) - CIRCULAR,Fetranspor,165,17415721,"-22.9377","-43.2049"
460,460-SAO CRISTOVAO X LEBLON (VIA TUNEL REBOUCAS) - CIRCULAR,Fetranspor,166,17415721,"-22.9383","-43.2037"
460,460-SAO CRISTOVAO X LEBLON (VIA TUNEL REBOUCAS) - CIRCULAR,Fetranspor,167,17415721,"-22.9385","-43.2034"
460,460-SAO CRISTOVAO X LEBLON (VIA TUNEL REBOUCAS) - CIRCULAR,Fetranspor,168,17415721,"-22.9388","-43.2031"
460,460-SAO CRISTOVAO X LEBLON (VIA TUNEL REBOUCAS) - CIRCULAR,Fetranspor,169,17415721,"-22.9388","-43.203"
460,460-SAO CRISTOVAO X LEBLON (VIA TUNEL REBOUCAS) - CIRCULAR,Fetranspor,170,17415721,"-22.939","-43.2029"
460,460-SAO CRISTOVAO X LEBLON (VIA TUNEL REBOUCAS) - CIRCULAR,Fetranspor,171,17415721,"-22.9391","-43.2028"
460,460-SAO CRISTOVAO X LEBLON (VIA TUNEL REBOUCAS) - CIRCULAR,Fetranspor,172,17415721,"-22.9394","-43.2026"
460,460-SAO CRISTOVAO X LEBLON (VIA TUNEL REBOUCAS) - CIRCULAR,Fetranspor,173,17415721,"-22.9396","-43.2025"
460,460-SAO CRISTOVAO X LEBLON (VIA TUNEL REBOUCAS) - CIRCULAR,Fetranspor,174,17415721,"-22.9396","-43.2025"
460,460-SAO CRISTOVAO X LEBLON (VIA TUNEL REBOUCAS) - CIRCULAR,Fetranspor,175,17415721,"-22.9397","-43.2025"
460,460-SAO CRISTOVAO X LEBLON (VIA TUNEL REBOUCAS) - CIRCULAR,Fetranspor,176,17415721,"-22.9398","-43.2025"
460,460-SAO CRISTOVAO X LEBLON (VIA TUNEL REBOUCAS) - CIRCULAR,Fetranspor,177,17415721,"-22.9399","-43.2025"
460,460-SAO CRISTOVAO X LEBLON (VIA TUNEL REBOUCAS) - CIRCULAR,Fetranspor,178,17415721,"-22.9401","-43.2024"
460,460-SAO CRISTOVAO X LEBLON (VIA TUNEL REBOUCAS) - CIRCULAR,Fetranspor,179,17415721,"-22.9405","-43.2024"
460,460-SAO CRISTOVAO X LEBLON (VIA TUNEL REBOUCAS) - CIRCULAR,Fetranspor,180,17415721,"-22.9411","-43.2025"
460,460-SAO CRISTOVAO X LEBLON (VIA TUNEL REBOUCAS) - CIRCULAR,Fetranspor,181,17415721,"-22.9449","-43.2029"
460,460-SAO CRISTOVAO X LEBLON (VIA TUNEL REBOUCAS) - CIRCULAR,Fetranspor,182,17415721,"-22.9481","-43.2033"
460,460-SAO CRISTOVAO X LEBLON (VIA TUNEL REBOUCAS) - CIRCULAR,Fetranspor,183,17415721,"-22.9485","-43.2034"
460,460-SAO CRISTOVAO X LEBLON (VIA TUNEL REBOUCAS) - CIRCULAR,Fetranspor,184,17415721,"-22.9533","-43.204"
460,460-SAO CRISTOVAO X LEBLON (VIA TUNEL REBOUCAS) - CIRCULAR,Fetranspor,185,17415721,"-22.9568","-43.2044"
460,460-SAO CRISTOVAO X LEBLON (VIA TUNEL REBOUCAS) - CIRCULAR,Fetranspor,186,17415721,"-22.9579","-43.2045"
460,460-SAO CRISTOVAO X LEBLON (VIA TUNEL REBOUCAS) - CIRCULAR,Fetranspor,187,17415721,"-22.9584","-43.2046"
460,460-SAO CRISTOVAO X LEBLON (VIA TUNEL REBOUCAS) - CIRCULAR,Fetranspor,188,17415721,"-22.9586","-43.2046"
460,460-SAO CRISTOVAO X LEBLON (VIA TUNEL REBOUCAS) - CIRCULAR,Fetranspor,189,17415721,"-22.9589","-43.2045"
460,460-SAO CRISTOVAO X LEBLON (VIA TUNEL REBOUCAS) - CIRCULAR,Fetranspor,190,17415721,"-22.9589","-43.2045"
460,460-SAO CRISTOVAO X LEBLON (VIA TUNEL REBOUCAS) - CIRCULAR,Fetranspor,191,17415721,"-22.9593","-43.2044"
460,460-SAO CRISTOVAO X LEBLON (VIA TUNEL REBOUCAS) - CIRCULAR,Fetranspor,192,17415721,"-22.9601","-43.2043"
460,460-SAO CRISTOVAO X LEBLON (VIA TUNEL REBOUCAS) - CIRCULAR,Fetranspor,193,17415721,"-22.9602","-43.2043"
460,460-SAO CRISTOVAO X LEBLON (VIA TUNEL REBOUCAS) - CIRCULAR,Fetranspor,194,17415721,"-22.9602","-43.2043"
460,460-SAO CRISTOVAO X LEBLON (VIA TUNEL REBOUCAS) - CIRCULAR,Fetranspor,195,17415721,"-22.9603","-43.2043"
460,460-SAO CRISTOVAO X LEBLON (VIA TUNEL REBOUCAS) - CIRCULAR,Fetranspor,196,17415721,"-22.9603","-43.2043"
460,460-SAO CRISTOVAO X LEBLON (VIA TUNEL REBOUCAS) - CIRCULAR,Fetranspor,197,17415721,"-22.9607","-43.2042"
460,460-SAO CRISTOVAO X LEBLON (VIA TUNEL REBOUCAS) - CIRCULAR,Fetranspor,198,17415721,"-22.9607","-43.2042"
460,460-SAO CRISTOVAO X LEBLON (VIA TUNEL REBOUCAS) - CIRCULAR,Fetranspor,199,17415721,"-22.9607","-43.2042"
460,460-SAO CRISTOVAO X LEBLON (VIA TUNEL REBOUCAS) - CIRCULAR,Fetranspor,200,17415721,"-22.9608","-43.2042"
460,460-SAO CRISTOVAO X LEBLON (VIA TUNEL REBOUCAS) - CIRCULAR,Fetranspor,201,17415721,"-22.9608","-43.2042"
460,460-SAO CRISTOVAO X LEBLON (VIA TUNEL REBOUCAS) - CIRCULAR,Fetranspor,202,17415721,"-22.9612","-43.2041"
460,460-SAO CRISTOVAO X LEBLON (VIA TUNEL REBOUCAS) - CIRCULAR,Fetranspor,203,17415721,"-22.9612","-43.2041"
460,460-SAO CRISTOVAO X LEBLON (VIA TUNEL REBOUCAS) - CIRCULAR,Fetranspor,204,17415721,"-22.9615","-43.2041"
460,460-SAO CRISTOVAO X LEBLON (VIA TUNEL REBOUCAS) - CIRCULAR,Fetranspor,205,17415721,"-22.9616","-43.2042"
460,460-SAO CRISTOVAO X LEBLON (VIA TUNEL REBOUCAS) - CIRCULAR,Fetranspor,206,17415721,"-22.9618","-43.2043"
460,460-SAO CRISTOVAO X LEBLON (VIA TUNEL REBOUCAS) - CIRCULAR,Fetranspor,207,17415721,"-22.962","-43.2044"
460,460-SAO CRISTOVAO X LEBLON (VIA TUNEL REBOUCAS) - CIRCULAR,Fetranspor,208,17415721,"-22.962","-43.2044"
460,460-SAO CRISTOVAO X LEBLON (VIA TUNEL REBOUCAS) - CIRCULAR,Fetranspor,209,17415721,"-22.9622","-43.2045"
460,460-SAO CRISTOVAO X LEBLON (VIA TUNEL REBOUCAS) - CIRCULAR,Fetranspor,210,17415721,"-22.9623","-43.2046"
460,460-SAO CRISTOVAO X LEBLON (VIA TUNEL REBOUCAS) - CIRCULAR,Fetranspor,211,17415721,"-22.9624","-43.2047"
460,460-SAO CRISTOVAO X LEBLON (VIA TUNEL REBOUCAS) - CIRCULAR,Fetranspor,212,17415721,"-22.9625","-43.2048"
460,460-SAO CRISTOVAO X LEBLON (VIA TUNEL REBOUCAS) - CIRCULAR,Fetranspor,213,17415721,"-22.9625","-43.2049"
460,460-SAO CRISTOVAO X LEBLON (VIA TUNEL REBOUCAS) - CIRCULAR,Fetranspor,214,17415721,"-22.9625","-43.205"
460,460-SAO CRISTOVAO X LEBLON (VIA TUNEL REBOUCAS) - CIRCULAR,Fetranspor,215,17415721,"-22.9626","-43.2052"
460,460-SAO CRISTOVAO X LEBLON (VIA TUNEL REBOUCAS) - CIRCULAR,Fetranspor,216,17415721,"-22.9626","-43.2056"
460,460-SAO CRISTOVAO X LEBLON (VIA TUNEL REBOUCAS) - CIRCULAR,Fetranspor,217,17415721,"-22.9627","-43.2062"
460,460-SAO CRISTOVAO X LEBLON (VIA TUNEL REBOUCAS) - CIRCULAR,Fetranspor,218,17415721,"-22.9627","-43.2062"
460,460-SAO CRISTOVAO X LEBLON (VIA TUNEL REBOUCAS) - CIRCULAR,Fetranspor,219,17415721,"-22.9628","-43.2069"
460,460-SAO CRISTOVAO X LEBLON (VIA TUNEL REBOUCAS) - CIRCULAR,Fetranspor,220,17415721,"-22.9628","-43.207"
460,460-SAO CRISTOVAO X LEBLON (VIA TUNEL REBOUCAS) - CIRCULAR,Fetranspor,221,17415721,"-22.9628","-43.207"
460,460-SAO CRISTOVAO X LEBLON (VIA TUNEL REBOUCAS) - CIRCULAR,Fetranspor,222,17415721,"-22.9628","-43.2074"
460,460-SAO CRISTOVAO X LEBLON (VIA TUNEL REBOUCAS) - CIRCULAR,Fetranspor,223,17415721,"-22.9628","-43.2076"
460,460-SAO CRISTOVAO X LEBLON (VIA TUNEL REBOUCAS) - CIRCULAR,Fetranspor,224,17415721,"-22.9628","-43.2076"
460,460-SAO CRISTOVAO X LEBLON (VIA TUNEL REBOUCAS) - CIRCULAR,Fetranspor,225,17415721,"-22.9629","-43.2082"
460,460-SAO CRISTOVAO X LEBLON (VIA TUNEL REBOUCAS) - CIRCULAR,Fetranspor,226,17415721,"-22.9629","-43.2084"
460,460-SAO CRISTOVAO X LEBLON (VIA TUNEL REBOUCAS) - CIRCULAR,Fetranspor,227,17415721,"-22.963","-43.2087"
460,460-SAO CRISTOVAO X LEBLON (VIA TUNEL REBOUCAS) - CIRCULAR,Fetranspor,228,17415721,"-22.963","-43.2089"
460,460-SAO CRISTOVAO X LEBLON (VIA TUNEL REBOUCAS) - CIRCULAR,Fetranspor,229,17415721,"-22.963","-43.2089"
460,460-SAO CRISTOVAO X LEBLON (VIA TUNEL REBOUCAS) - CIRCULAR,Fetranspor,230,17415721,"-22.963","-43.209"
460,460-SAO CRISTOVAO X LEBLON (VIA TUNEL REBOUCAS) - CIRCULAR,Fetranspor,231,17415721,"-22.9629","-43.2092"
460,460-SAO CRISTOVAO X LEBLON (VIA TUNEL REBOUCAS) - CIRCULAR,Fetranspor,232,17415721,"-22.9629","-43.2095"
460,460-SAO CRISTOVAO X LEBLON (VIA TUNEL REBOUCAS) - CIRCULAR,Fetranspor,233,17415721,"-22.9627","-43.21"
460,460-SAO CRISTOVAO X LEBLON (VIA TUNEL REBOUCAS) - CIRCULAR,Fetranspor,234,17415721,"-22.9627","-43.21"
460,460-SAO CRISTOVAO X LEBLON (VIA TUNEL REBOUCAS) - CIRCULAR,Fetranspor,235,17415721,"-22.9626","-43.2104"
460,460-SAO CRISTOVAO X LEBLON (VIA TUNEL REBOUCAS) - CIRCULAR,Fetranspor,236,17415721,"-22.9626","-43.2106"
460,460-SAO CRISTOVAO X LEBLON (VIA TUNEL REBOUCAS) - CIRCULAR,Fetranspor,237,17415721,"-22.9626","-43.2108"
460,460-SAO CRISTOVAO X LEBLON (VIA TUNEL REBOUCAS) - CIRCULAR,Fetranspor,238,17415721,"-22.9626","-43.2108"
460,460-SAO CRISTOVAO X LEBLON (VIA TUNEL REBOUCAS) - CIRCULAR,Fetranspor,239,17415721,"-22.9626","-43.211"
460,460-SAO CRISTOVAO X LEBLON (VIA TUNEL REBOUCAS) - CIRCULAR,Fetranspor,240,17415721,"-22.9626","-43.2113"
460,460-SAO CRISTOVAO X LEBLON (VIA TUNEL REBOUCAS) - CIRCULAR,Fetranspor,241,17415721,"-22.9626","-43.2113"
460,460-SAO CRISTOVAO X LEBLON (VIA TUNEL REBOUCAS) - CIRCULAR,Fetranspor,242,17415721,"-22.9626","-43.2118"
460,460-SAO CRISTOVAO X LEBLON (VIA TUNEL REBOUCAS) - CIRCULAR,Fetranspor,243,17415721,"-22.9627","-43.2118"
460,460-SAO CRISTOVAO X LEBLON (VIA TUNEL REBOUCAS) - CIRCULAR,Fetranspor,244,17415721,"-22.9627","-43.2118"
460,460-SAO CRISTOVAO X LEBLON (VIA TUNEL REBOUCAS) - CIRCULAR,Fetranspor,245,17415721,"-22.9627","-43.212"
460,460-SAO CRISTOVAO X LEBLON (VIA TUNEL REBOUCAS) - CIRCULAR,Fetranspor,246,17415721,"-22.9627","-43.2121"
460,460-SAO CRISTOVAO X LEBLON (VIA TUNEL REBOUCAS) - CIRCULAR,Fetranspor,247,17415721,"-22.9628","-43.2122"
460,460-SAO CRISTOVAO X LEBLON (VIA TUNEL REBOUCAS) - CIRCULAR,Fetranspor,248,17415721,"-22.9631","-43.2125"
460,460-SAO CRISTOVAO X LEBLON (VIA TUNEL REBOUCAS) - CIRCULAR,Fetranspor,249,17415721,"-22.9632","-43.2127"
460,460-SAO CRISTOVAO X LEBLON (VIA TUNEL REBOUCAS) - CIRCULAR,Fetranspor,250,17415721,"-22.9632","-43.2127"
460,460-SAO CRISTOVAO X LEBLON (VIA TUNEL REBOUCAS) - CIRCULAR,Fetranspor,251,17415721,"-22.9633","-43.2129"
460,460-SAO CRISTOVAO X LEBLON (VIA TUNEL REBOUCAS) - CIRCULAR,Fetranspor,252,17415721,"-22.9637","-43.2137"
460,460-SAO CRISTOVAO X LEBLON (VIA TUNEL REBOUCAS) - CIRCULAR,Fetranspor,253,17415721,"-22.9641","-43.2146"
460,460-SAO CRISTOVAO X LEBLON (VIA TUNEL REBOUCAS) - CIRCULAR,Fetranspor,254,17415721,"-22.9642","-43.2147"
460,460-SAO CRISTOVAO X LEBLON (VIA TUNEL REBOUCAS) - CIRCULAR,Fetranspor,255,17415721,"-22.9646","-43.2153"
460,460-SAO CRISTOVAO X LEBLON (VIA TUNEL REBOUCAS) - CIRCULAR,Fetranspor,256,17415721,"-22.9647","-43.2155"
460,460-SAO CRISTOVAO X LEBLON (VIA TUNEL REBOUCAS) - CIRCULAR,Fetranspor,257,17415721,"-22.9647","-43.2155"
460,460-SAO CRISTOVAO X LEBLON (VIA TUNEL REBOUCAS) - CIRCULAR,Fetranspor,258,17415721,"-22.965","-43.2159"
460,460-SAO CRISTOVAO X LEBLON (VIA TUNEL REBOUCAS) - CIRCULAR,Fetranspor,259,17415721,"-22.9652","-43.216"
460,460-SAO CRISTOVAO X LEBLON (VIA TUNEL REBOUCAS) - CIRCULAR,Fetranspor,260,17415721,"-22.9652","-43.2161"
460,460-SAO CRISTOVAO X LEBLON (VIA TUNEL REBOUCAS) - CIRCULAR,Fetranspor,261,17415721,"-22.9652","-43.2161"
460,460-SAO CRISTOVAO X LEBLON (VIA TUNEL REBOUCAS) - CIRCULAR,Fetranspor,262,17415721,"-22.9653","-43.2162"
460,460-SAO CRISTOVAO X LEBLON (VIA TUNEL REBOUCAS) - CIRCULAR,Fetranspor,263,17415721,"-22.9653","-43.2162"
460,460-SAO CRISTOVAO X LEBLON (VIA TUNEL REBOUCAS) - CIRCULAR,Fetranspor,264,17415721,"-22.9664","-43.2168"
460,460-SAO CRISTOVAO X LEBLON (VIA TUNEL REBOUCAS) - CIRCULAR,Fetranspor,265,17415721,"-22.9664","-43.2168"
460,460-SAO CRISTOVAO X LEBLON (VIA TUNEL REBOUCAS) - CIRCULAR,Fetranspor,266,17415721,"-22.9675","-43.2174"
460,460-SAO CRISTOVAO X LEBLON (VIA TUNEL REBOUCAS) - CIRCULAR,Fetranspor,267,17415721,"-22.9675","-43.2174"
460,460-SAO CRISTOVAO X LEBLON (VIA TUNEL REBOUCAS) - CIRCULAR,Fetranspor,268,17415721,"-22.9675","-43.2175"
460,460-SAO CRISTOVAO X LEBLON (VIA TUNEL REBOUCAS) - CIRCULAR,Fetranspor,269,17415721,"-22.9676","-43.2175"
460,460-SAO CRISTOVAO X LEBLON (VIA TUNEL REBOUCAS) - CIRCULAR,Fetranspor,270,17415721,"-22.9676","-43.2175"
460,460-SAO CRISTOVAO X LEBLON (VIA TUNEL REBOUCAS) - CIRCULAR,Fetranspor,271,17415721,"-22.9677","-43.2175"
460,460-SAO CRISTOVAO X LEBLON (VIA TUNEL REBOUCAS) - CIRCULAR,Fetranspor,272,17415721,"-22.9678","-43.2175"
460,460-SAO CRISTOVAO X LEBLON (VIA TUNEL REBOUCAS) - CIRCULAR,Fetranspor,273,17415721,"-22.968","-43.2175"
460,460-SAO CRISTOVAO X LEBLON (VIA TUNEL REBOUCAS) - CIRCULAR,Fetranspor,274,17415721,"-22.9681","-43.2175"
460,460-SAO CRISTOVAO X LEBLON (VIA TUNEL REBOUCAS) - CIRCULAR,Fetranspor,275,17415721,"-22.9705","-43.2176"
460,460-SAO CRISTOVAO X LEBLON (VIA TUNEL REBOUCAS) - CIRCULAR,Fetranspor,276,17415721,"-22.9705","-43.2176"
460,460-SAO CRISTOVAO X LEBLON (VIA TUNEL REBOUCAS) - CIRCULAR,Fetranspor,277,17415721,"-22.9711","-43.2176"
460,460-SAO CRISTOVAO X LEBLON (VIA TUNEL REBOUCAS) - CIRCULAR,Fetranspor,278,17415721,"-22.9719","-43.2177"
460,460-SAO CRISTOVAO X LEBLON (VIA TUNEL REBOUCAS) - CIRCULAR,Fetranspor,279,17415721,"-22.9722","-43.2177"
460,460-SAO CRISTOVAO X LEBLON (VIA TUNEL REBOUCAS) - CIRCULAR,Fetranspor,280,17415721,"-22.9722","-43.2177"
460,460-SAO CRISTOVAO X LEBLON (VIA TUNEL REBOUCAS) - CIRCULAR,Fetranspor,281,17415721,"-22.9725","-43.2178"
460,460-SAO CRISTOVAO X LEBLON (VIA TUNEL REBOUCAS) - CIRCULAR,Fetranspor,282,17415721,"-22.9727","-43.2178"
460,460-SAO CRISTOVAO X LEBLON (VIA TUNEL REBOUCAS) - CIRCULAR,Fetranspor,283,17415721,"-22.9733","-43.218"
460,460-SAO CRISTOVAO X LEBLON (VIA TUNEL REBOUCAS) - CIRCULAR,Fetranspor,284,17415721,"-22.9737","-43.2181"
460,460-SAO CRISTOVAO X LEBLON (VIA TUNEL REBOUCAS) - CIRCULAR,Fetranspor,285,17415721,"-22.9744","-43.2183"
460,460-SAO CRISTOVAO X LEBLON (VIA TUNEL REBOUCAS) - CIRCULAR,Fetranspor,286,17415721,"-22.9744","-43.2183"
460,460-SAO CRISTOVAO X LEBLON (VIA TUNEL REBOUCAS) - CIRCULAR,Fetranspor,287,17415721,"-22.9746","-43.2183"
460,460-SAO CRISTOVAO X LEBLON (VIA TUNEL REBOUCAS) - CIRCULAR,Fetranspor,288,17415721,"-22.975","-43.2185"
460,460-SAO CRISTOVAO X LEBLON (VIA TUNEL REBOUCAS) - CIRCULAR,Fetranspor,289,17415721,"-22.9752","-43.2186"
460,460-SAO CRISTOVAO X LEBLON (VIA TUNEL REBOUCAS) - CIRCULAR,Fetranspor,290,17415721,"-22.9755","-43.2187"
460,460-SAO CRISTOVAO X LEBLON (VIA TUNEL REBOUCAS) - CIRCULAR,Fetranspor,291,17415721,"-22.9761","-43.219"
460,460-SAO CRISTOVAO X LEBLON (VIA TUNEL REBOUCAS) - CIRCULAR,Fetranspor,292,17415721,"-22.9761","-43.219"
460,460-SAO CRISTOVAO X LEBLON (VIA TUNEL REBOUCAS) - CIRCULAR,Fetranspor,293,17415721,"-22.9763","-43.219"
460,460-SAO CRISTOVAO X LEBLON (VIA TUNEL REBOUCAS) - CIRCULAR,Fetranspor,294,17415721,"-22.9766","-43.219"
460,460-SAO CRISTOVAO X LEBLON (VIA TUNEL REBOUCAS) - CIRCULAR,Fetranspor,295,17415721,"-22.9766","-43.219"
460,460-SAO CRISTOVAO X LEBLON (VIA TUNEL REBOUCAS) - CIRCULAR,Fetranspor,296,17415721,"-22.9768","-43.219"
460,460-SAO CRISTOVAO X LEBLON (VIA TUNEL REBOUCAS) - CIRCULAR,Fetranspor,297,17415721,"-22.9769","-43.219"
460,460-SAO CRISTOVAO X LEBLON (VIA TUNEL REBOUCAS) - CIRCULAR,Fetranspor,298,17415721,"-22.977","-43.219"
460,460-SAO CRISTOVAO X LEBLON (VIA TUNEL REBOUCAS) - CIRCULAR,Fetranspor,299,17415721,"-22.9771","-43.2189"
460,460-SAO CRISTOVAO X LEBLON (VIA TUNEL REBOUCAS) - CIRCULAR,Fetranspor,300,17415721,"-22.9772","-43.2189"
460,460-SAO CRISTOVAO X LEBLON (VIA TUNEL REBOUCAS) - CIRCULAR,Fetranspor,301,17415721,"-22.9772","-43.2189"
460,460-SAO CRISTOVAO X LEBLON (VIA TUNEL REBOUCAS) - CIRCULAR,Fetranspor,302,17415721,"-22.9774","-43.2188"
460,460-SAO CRISTOVAO X LEBLON (VIA TUNEL REBOUCAS) - CIRCULAR,Fetranspor,303,17415721,"-22.9785","-43.2182"
460,460-SAO CRISTOVAO X LEBLON (VIA TUNEL REBOUCAS) - CIRCULAR,Fetranspor,304,17415721,"-22.9785","-43.2182"
460,460-SAO CRISTOVAO X LEBLON (VIA TUNEL REBOUCAS) - CIRCULAR,Fetranspor,305,17415721,"-22.9786","-43.2182"
460,460-SAO CRISTOVAO X LEBLON (VIA TUNEL REBOUCAS) - CIRCULAR,Fetranspor,306,17415721,"-22.9786","-43.2182"
460,460-SAO CRISTOVAO X LEBLON (VIA TUNEL REBOUCAS) - CIRCULAR,Fetranspor,307,17415721,"-22.9787","-43.2182"
460,460-SAO CRISTOVAO X LEBLON (VIA TUNEL REBOUCAS) - CIRCULAR,Fetranspor,308,17415721,"-22.9788","-43.2183"
460,460-SAO CRISTOVAO X LEBLON (VIA TUNEL REBOUCAS) - CIRCULAR,Fetranspor,309,17415721,"-22.9788","-43.2183"
460,460-SAO CRISTOVAO X LEBLON (VIA TUNEL REBOUCAS) - CIRCULAR,Fetranspor,310,17415721,"-22.9788","-43.2183"
460,460-SAO CRISTOVAO X LEBLON (VIA TUNEL REBOUCAS) - CIRCULAR,Fetranspor,311,17415721,"-22.9789","-43.2184"
460,460-SAO CRISTOVAO X LEBLON (VIA TUNEL REBOUCAS) - CIRCULAR,Fetranspor,312,17415721,"-22.9789","-43.2184"
460,460-SAO CRISTOVAO X LEBLON (VIA TUNEL REBOUCAS) - CIRCULAR,Fetranspor,313,17415721,"-22.979","-43.2184"
460,460-SAO CRISTOVAO X LEBLON (VIA TUNEL REBOUCAS) - CIRCULAR,Fetranspor,314,17415721,"-22.9791","-43.2184"
460,460-SAO CRISTOVAO X LEBLON (VIA TUNEL REBOUCAS) - CIRCULAR,Fetranspor,315,17415721,"-22.9796","-43.2183"
460,460-SAO CRISTOVAO X LEBLON (VIA TUNEL REBOUCAS) - CIRCULAR,Fetranspor,316,17415721,"-22.9796","-43.2183"
460,460-SAO CRISTOVAO X LEBLON (VIA TUNEL REBOUCAS) - CIRCULAR,Fetranspor,317,17415721,"-22.9806","-43.2182"
460,460-SAO CRISTOVAO X LEBLON (VIA TUNEL REBOUCAS) - CIRCULAR,Fetranspor,318,17415721,"-22.9806","-43.2182"
460,460-SAO CRISTOVAO X LEBLON (VIA TUNEL REBOUCAS) - CIRCULAR,Fetranspor,319,17415721,"-22.9815","-43.2181"
460,460-SAO CRISTOVAO X LEBLON (VIA TUNEL REBOUCAS) - CIRCULAR,Fetranspor,320,17415721,"-22.9815","-43.2181"
460,460-SAO CRISTOVAO X LEBLON (VIA TUNEL REBOUCAS) - CIRCULAR,Fetranspor,321,17415721,"-22.9824","-43.218"
460,460-SAO CRISTOVAO X LEBLON (VIA TUNEL REBOUCAS) - CIRCULAR,Fetranspor,322,17415721,"-22.9828","-43.2179"
460,460-SAO CRISTOVAO X LEBLON (VIA TUNEL REBOUCAS) - CIRCULAR,Fetranspor,323,17415721,"-22.9828","-43.2179"
460,460-SAO CRISTOVAO X LEBLON (VIA TUNEL REBOUCAS) - CIRCULAR,Fetranspor,324,17415721,"-22.9829","-43.2179"
460,460-SAO CRISTOVAO X LEBLON (VIA TUNEL REBOUCAS) - CIRCULAR,Fetranspor,325,17415721,"-22.9836","-43.2178"
460,460-SAO CRISTOVAO X LEBLON (VIA TUNEL REBOUCAS) - CIRCULAR,Fetranspor,326,17415721,"-22.9836","-43.2178"
460,460-SAO CRISTOVAO X LEBLON (VIA TUNEL REBOUCAS) - CIRCULAR,Fetranspor,327,17415721,"-22.9847","-43.2176"
460,460-SAO CRISTOVAO X LEBLON (VIA TUNEL REBOUCAS) - CIRCULAR,Fetranspor,328,17415721,"-22.9847","-43.2176"
460,460-SAO CRISTOVAO X LEBLON (VIA TUNEL REBOUCAS) - CIRCULAR,Fetranspor,329,17415721,"-22.9847","-43.2178"
460,460-SAO CRISTOVAO X LEBLON (VIA TUNEL REBOUCAS) - CIRCULAR,Fetranspor,330,17415721,"-22.9848","-43.2181"
460,460-SAO CRISTOVAO X LEBLON (VIA TUNEL REBOUCAS) - CIRCULAR,Fetranspor,331,17415721,"-22.9848","-43.2181"
460,460-SAO CRISTOVAO X LEBLON (VIA TUNEL REBOUCAS) - CIRCULAR,Fetranspor,332,17415721,"-22.9848","-43.2187"
460,460-SAO CRISTOVAO X LEBLON (VIA TUNEL REBOUCAS) - CIRCULAR,Fetranspor,333,17415721,"-22.9848","-43.2187"
460,460-SAO CRISTOVAO X LEBLON (VIA TUNEL REBOUCAS) - CIRCULAR,Fetranspor,334,17415721,"-22.9848","-43.2193"
460,460-SAO CRISTOVAO X LEBLON (VIA TUNEL REBOUCAS) - CIRCULAR,Fetranspor,335,17415721,"-22.9849","-43.2195"
460,460-SAO CRISTOVAO X LEBLON (VIA TUNEL REBOUCAS) - CIRCULAR,Fetranspor,336,17415721,"-22.9849","-43.2198"
460,460-SAO CRISTOVAO X LEBLON (VIA TUNEL REBOUCAS) - CIRCULAR,Fetranspor,337,17415721,"-22.9849","-43.2198"
460,460-SAO CRISTOVAO X LEBLON (VIA TUNEL REBOUCAS) - CIRCULAR,Fetranspor,338,17415721,"-22.9849","-43.2199"
460,460-SAO CRISTOVAO X LEBLON (VIA TUNEL REBOUCAS) - CIRCULAR,Fetranspor,339,17415721,"-22.9849","-43.2203"
460,460-SAO CRISTOVAO X LEBLON (VIA TUNEL REBOUCAS) - CIRCULAR,Fetranspor,340,17415721,"-22.985","-43.2205"
460,460-SAO CRISTOVAO X LEBLON (VIA TUNEL REBOUCAS) - CIRCULAR,Fetranspor,341,17415721,"-22.985","-43.2205"
460,460-SAO CRISTOVAO X LEBLON (VIA TUNEL REBOUCAS) - CIRCULAR,Fetranspor,342,17415721,"-22.9851","-43.2213"
460,460-SAO CRISTOVAO X LEBLON (VIA TUNEL REBOUCAS) - CIRCULAR,Fetranspor,343,17415721,"-22.9851","-43.2213"
460,460-SAO CRISTOVAO X LEBLON (VIA TUNEL REBOUCAS) - CIRCULAR,Fetranspor,344,17415721,"-22.9852","-43.2221"
460,460-SAO CRISTOVAO X LEBLON (VIA TUNEL REBOUCAS) - CIRCULAR,Fetranspor,345,17415721,"-22.9852","-43.2221"
460,460-SAO CRISTOVAO X LEBLON (VIA TUNEL REBOUCAS) - CIRCULAR,Fetranspor,346,17415721,"-22.9854","-43.2229"
460,460-SAO CRISTOVAO X LEBLON (VIA TUNEL REBOUCAS) - CIRCULAR,Fetranspor,347,17415721,"-22.9854","-43.2229"
460,460-SAO CRISTOVAO X LEBLON (VIA TUNEL REBOUCAS) - CIRCULAR,Fetranspor,348,17415721,"-22.9843","-43.2231"
460,460-SAO CRISTOVAO X LEBLON (VIA TUNEL REBOUCAS) - CIRCULAR,Fetranspor,349,17415721,"-22.9843","-43.2231"
460,460-SAO CRISTOVAO X LEBLON (VIA TUNEL REBOUCAS) - CIRCULAR,Fetranspor,350,17415721,"-22.9836","-43.2233"
460,460-SAO CRISTOVAO X LEBLON (VIA TUNEL REBOUCAS) - CIRCULAR,Fetranspor,351,17415721,"-22.9836","-43.2233"
460,460-SAO CRISTOVAO X LEBLON (VIA TUNEL REBOUCAS) - CIRCULAR,Fetranspor,352,17415721,"-22.983","-43.2235"
460,460-SAO CRISTOVAO X LEBLON (VIA TUNEL REBOUCAS) - CIRCULAR,Fetranspor,353,17415721,"-22.983","-43.2235"
460,460-SAO CRISTOVAO X LEBLON (VIA TUNEL REBOUCAS) - CIRCULAR,Fetranspor,354,17415721,"-22.9824","-43.2236"
460,460-SAO CRISTOVAO X LEBLON (VIA TUNEL REBOUCAS) - CIRCULAR,Fetranspor,355,17415721,"-22.9824","-43.2236"
460,460-SAO CRISTOVAO X LEBLON (VIA TUNEL REBOUCAS) - CIRCULAR,Fetranspor,356,17415721,"-22.9818","-43.2238"
