linha,descricao,agencia,sequencia,shape_id,latitude,longitude
463,463-SAO CRISTOVAO X COPACABANA(VIA TUNEL REBOUCAS/TUNEL VELHO) - CIRCULAR,Fetranspor,0,17379064,"-22.9683","-43.1852"
463,463-SAO CRISTOVAO X COPACABANA(VIA TUNEL REBOUCAS/TUNEL VELHO) - CIRCULAR,Fetranspor,1,17379064,"-22.9691","-43.1865"
463,463-SAO CRISTOVAO X COPACABANA(VIA TUNEL REBOUCAS/TUNEL VELHO) - CIRCULAR,Fetranspor,2,17379064,"-22.9693","-43.1868"
463,463-SAO CRISTOVAO X COPACABANA(VIA TUNEL REBOUCAS/TUNEL VELHO) - CIRCULAR,Fetranspor,3,17379064,"-22.9693","-43.1868"
463,463-SAO CRISTOVAO X COPACABANA(VIA TUNEL REBOUCAS/TUNEL VELHO) - CIRCULAR,Fetranspor,4,17379064,"-22.969","-43.187"
463,463-SAO CRISTOVAO X COPACABANA(VIA TUNEL REBOUCAS/TUNEL VELHO) - CIRCULAR,Fetranspor,5,17379064,"-22.969","-43.187"
463,463-SAO CRISTOVAO X COPACABANA(VIA TUNEL REBOUCAS/TUNEL VELHO) - CIRCULAR,Fetranspor,6,17379064,"-22.9687","-43.1873"
463,463-SAO CRISTOVAO X COPACABANA(VIA TUNEL REBOUCAS/TUNEL VELHO) - CIRCULAR,Fetranspor,7,17379064,"-22.9687","-43.1873"
463,463-SAO CRISTOVAO X COPACABANA(VIA TUNEL REBOUCAS/TUNEL VELHO) - CIRCULAR,Fetranspor,8,17379064,"-22.968","-43.1879"
463,463-SAO CRISTOVAO X COPACABANA(VIA TUNEL REBOUCAS/TUNEL VELHO) - CIRCULAR,Fetranspor,9,17379064,"-22.968","-43.1879"
463,463-SAO CRISTOVAO X COPACABANA(VIA TUNEL REBOUCAS/TUNEL VELHO) - CIRCULAR,Fetranspor,10,17379064,"-22.9672","-43.1885"
463,463-SAO CRISTOVAO X COPACABANA(VIA TUNEL REBOUCAS/TUNEL VELHO) - CIRCULAR,Fetranspor,11,17379064,"-22.9672","-43.1885"
463,463-SAO CRISTOVAO X COPACABANA(VIA TUNEL REBOUCAS/TUNEL VELHO) - CIRCULAR,Fetranspor,12,17379064,"-22.9667","-43.189"
463,463-SAO CRISTOVAO X COPACABANA(VIA TUNEL REBOUCAS/TUNEL VELHO) - CIRCULAR,Fetranspor,13,17379064,"-22.9667","-43.189"
463,463-SAO CRISTOVAO X COPACABANA(VIA TUNEL REBOUCAS/TUNEL VELHO) - CIRCULAR,Fetranspor,14,17379064,"-22.9662","-43.1894"
463,463-SAO CRISTOVAO X COPACABANA(VIA TUNEL REBOUCAS/TUNEL VELHO) - CIRCULAR,Fetranspor,15,17379064,"-22.9662","-43.1894"
463,463-SAO CRISTOVAO X COPACABANA(VIA TUNEL REBOUCAS/TUNEL VELHO) - CIRCULAR,Fetranspor,16,17379064,"-22.9659","-43.1896"
463,463-SAO CRISTOVAO X COPACABANA(VIA TUNEL REBOUCAS/TUNEL VELHO) - CIRCULAR,Fetranspor,17,17379064,"-22.9659","-43.1896"
463,463-SAO CRISTOVAO X COPACABANA(VIA TUNEL REBOUCAS/TUNEL VELHO) - CIRCULAR,Fetranspor,18,17379064,"-22.965","-43.1904"
463,463-SAO CRISTOVAO X COPACABANA(VIA TUNEL REBOUCAS/TUNEL VELHO) - CIRCULAR,Fetranspor,19,17379064,"-22.9648","-43.1906"
463,463-SAO CRISTOVAO X COPACABANA(VIA TUNEL REBOUCAS/TUNEL VELHO) - CIRCULAR,Fetranspor,20,17379064,"-22.9648","-43.1906"
463,463-SAO CRISTOVAO X COPACABANA(VIA TUNEL REBOUCAS/TUNEL VELHO) - CIRCULAR,Fetranspor,21,17379064,"-22.9646","-43.1908"
463,463-SAO CRISTOVAO X COPACABANA(VIA TUNEL REBOUCAS/TUNEL VELHO) - CIRCULAR,Fetranspor,22,17379064,"-22.9645","-43.1909"
463,463-SAO CRISTOVAO X COPACABANA(VIA TUNEL REBOUCAS/TUNEL VELHO) - CIRCULAR,Fetranspor,23,17379064,"-22.9639","-43.1915"
463,463-SAO CRISTOVAO X COPACABANA(VIA TUNEL REBOUCAS/TUNEL VELHO) - CIRCULAR,Fetranspor,24,17379064,"-22.9638","-43.1916"
463,463-SAO CRISTOVAO X COPACABANA(VIA TUNEL REBOUCAS/TUNEL VELHO) - CIRCULAR,Fetranspor,25,17379064,"-22.9637","-43.1916"
463,463-SAO CRISTOVAO X COPACABANA(VIA TUNEL REBOUCAS/TUNEL VELHO) - CIRCULAR,Fetranspor,26,17379064,"-22.9636","-43.1916"
463,463-SAO CRISTOVAO X COPACABANA(VIA TUNEL REBOUCAS/TUNEL VELHO) - CIRCULAR,Fetranspor,27,17379064,"-22.9635","-43.1916"
463,463-SAO CRISTOVAO X COPACABANA(VIA TUNEL REBOUCAS/TUNEL VELHO) - CIRCULAR,Fetranspor,28,17379064,"-22.9633","-43.1916"
463,463-SAO CRISTOVAO X COPACABANA(VIA TUNEL REBOUCAS/TUNEL VELHO) - CIRCULAR,Fetranspor,29,17379064,"-22.9626","-43.1913"
463,463-SAO CRISTOVAO X COPACABANA(VIA TUNEL REBOUCAS/TUNEL VELHO) - CIRCULAR,Fetranspor,30,17379064,"-22.9622","-43.1912"
463,463-SAO CRISTOVAO X COPACABANA(VIA TUNEL REBOUCAS/TUNEL VELHO) - CIRCULAR,Fetranspor,31,17379064,"-22.962","-43.1911"
463,463-SAO CRISTOVAO X COPACABANA(VIA TUNEL REBOUCAS/TUNEL VELHO) - CIRCULAR,Fetranspor,32,17379064,"-22.9617","-43.191"
463,463-SAO CRISTOVAO X COPACABANA(VIA TUNEL REBOUCAS/TUNEL VELHO) - CIRCULAR,Fetranspor,33,17379064,"-22.9613","-43.1909"
463,463-SAO CRISTOVAO X COPACABANA(VIA TUNEL REBOUCAS/TUNEL VELHO) - CIRCULAR,Fetranspor,34,17379064,"-22.9612","-43.1909"
463,463-SAO CRISTOVAO X COPACABANA(VIA TUNEL REBOUCAS/TUNEL VELHO) - CIRCULAR,Fetranspor,35,17379064,"-22.9611","-43.1908"
463,463-SAO CRISTOVAO X COPACABANA(VIA TUNEL REBOUCAS/TUNEL VELHO) - CIRCULAR,Fetranspor,36,17379064,"-22.9611","-43.1908"
463,463-SAO CRISTOVAO X COPACABANA(VIA TUNEL REBOUCAS/TUNEL VELHO) - CIRCULAR,Fetranspor,37,17379064,"-22.9611","-43.1908"
463,463-SAO CRISTOVAO X COPACABANA(VIA TUNEL REBOUCAS/TUNEL VELHO) - CIRCULAR,Fetranspor,38,17379064,"-22.961","-43.1907"
463,463-SAO CRISTOVAO X COPACABANA(VIA TUNEL REBOUCAS/TUNEL VELHO) - CIRCULAR,Fetranspor,39,17379064,"-22.9609","-43.1907"
463,463-SAO CRISTOVAO X COPACABANA(VIA TUNEL REBOUCAS/TUNEL VELHO) - CIRCULAR,Fetranspor,40,17379064,"-22.9608","-43.1906"
463,463-SAO CRISTOVAO X COPACABANA(VIA TUNEL REBOUCAS/TUNEL VELHO) - CIRCULAR,Fetranspor,41,17379064,"-22.9606","-43.1906"
463,463-SAO CRISTOVAO X COPACABANA(VIA TUNEL REBOUCAS/TUNEL VELHO) - CIRCULAR,Fetranspor,42,17379064,"-22.9606","-43.1906"
463,463-SAO CRISTOVAO X COPACABANA(VIA TUNEL REBOUCAS/TUNEL VELHO) - CIRCULAR,Fetranspor,43,17379064,"-22.9605","-43.1906"
463,463-SAO CRISTOVAO X COPACABANA(VIA TUNEL REBOUCAS/TUNEL VELHO) - CIRCULAR,Fetranspor,44,17379064,"-22.9604","-43.1905"
463,463-SAO CRISTOVAO X COPACABANA(VIA TUNEL REBOUCAS/TUNEL VELHO) - CIRCULAR,Fetranspor,45,17379064,"-22.9603","-43.1905"
463,463-SAO CRISTOVAO X COPACABANA(VIA TUNEL REBOUCAS/TUNEL VELHO) - CIRCULAR,Fetranspor,46,17379064,"-22.9603","-43.1905"
463,463-SAO CRISTOVAO X COPACABANA(VIA TUNEL REBOUCAS/TUNEL VELHO) - CIRCULAR,Fetranspor,47,17379064,"-22.9603","-43.1905"
463,463-SAO CRISTOVAO X COPACABANA(VIA TUNEL REBOUCAS/TUNEL VELHO) - CIRCULAR,Fetranspor,48,17379064,"-22.9603","-43.1905"
463,463-SAO CRISTOVAO X COPACABANA(VIA TUNEL REBOUCAS/TUNEL VELHO) - CIRCULAR,Fetranspor,49,17379064,"-22.9583","-43.1913"
463,463-SAO CRISTOVAO X COPACABANA(VIA TUNEL REBOUCAS/TUNEL VELHO) - CIRCULAR,Fetranspor,50,17379064,"-22.9582","-43.1913"
463,463-SAO CRISTOVAO X COPACABANA(VIA TUNEL REBOUCAS/TUNEL VELHO) - CIRCULAR,Fetranspor,51,17379064,"-22.9582","-43.1913"
463,463-SAO CRISTOVAO X COPACABANA(VIA TUNEL REBOUCAS/TUNEL VELHO) - CIRCULAR,Fetranspor,52,17379064,"-22.9581","-43.1913"
463,463-SAO CRISTOVAO X COPACABANA(VIA TUNEL REBOUCAS/TUNEL VELHO) - CIRCULAR,Fetranspor,53,17379064,"-22.9581","-43.1912"
463,463-SAO CRISTOVAO X COPACABANA(VIA TUNEL REBOUCAS/TUNEL VELHO) - CIRCULAR,Fetranspor,54,17379064,"-22.958","-43.1912"
463,463-SAO CRISTOVAO X COPACABANA(VIA TUNEL REBOUCAS/TUNEL VELHO) - CIRCULAR,Fetranspor,55,17379064,"-22.958","-43.1912"
463,463-SAO CRISTOVAO X COPACABANA(VIA TUNEL REBOUCAS/TUNEL VELHO) - CIRCULAR,Fetranspor,56,17379064,"-22.9579","-43.1908"
463,463-SAO CRISTOVAO X COPACABANA(VIA TUNEL REBOUCAS/TUNEL VELHO) - CIRCULAR,Fetranspor,57,17379064,"-22.9579","-43.1908"
463,463-SAO CRISTOVAO X COPACABANA(VIA TUNEL REBOUCAS/TUNEL VELHO) - CIRCULAR,Fetranspor,58,17379064,"-22.9573","-43.1892"
463,463-SAO CRISTOVAO X COPACABANA(VIA TUNEL REBOUCAS/TUNEL VELHO) - CIRCULAR,Fetranspor,59,17379064,"-22.9573","-43.1892"
463,463-SAO CRISTOVAO X COPACABANA(VIA TUNEL REBOUCAS/TUNEL VELHO) - CIRCULAR,Fetranspor,60,17379064,"-22.9558","-43.19"
463,463-SAO CRISTOVAO X COPACABANA(VIA TUNEL REBOUCAS/TUNEL VELHO) - CIRCULAR,Fetranspor,61,17379064,"-22.9558","-43.19"
463,463-SAO CRISTOVAO X COPACABANA(VIA TUNEL REBOUCAS/TUNEL VELHO) - CIRCULAR,Fetranspor,62,17379064,"-22.9567","-43.192"
463,463-SAO CRISTOVAO X COPACABANA(VIA TUNEL REBOUCAS/TUNEL VELHO) - CIRCULAR,Fetranspor,63,17379064,"-22.9567","-43.192"
463,463-SAO CRISTOVAO X COPACABANA(VIA TUNEL REBOUCAS/TUNEL VELHO) - CIRCULAR,Fetranspor,64,17379064,"-22.9573","-43.1935"
463,463-SAO CRISTOVAO X COPACABANA(VIA TUNEL REBOUCAS/TUNEL VELHO) - CIRCULAR,Fetranspor,65,17379064,"-22.9576","-43.1944"
463,463-SAO CRISTOVAO X COPACABANA(VIA TUNEL REBOUCAS/TUNEL VELHO) - CIRCULAR,Fetranspor,66,17379064,"-22.9576","-43.1944"
463,463-SAO CRISTOVAO X COPACABANA(VIA TUNEL REBOUCAS/TUNEL VELHO) - CIRCULAR,Fetranspor,67,17379064,"-22.9578","-43.1952"
463,463-SAO CRISTOVAO X COPACABANA(VIA TUNEL REBOUCAS/TUNEL VELHO) - CIRCULAR,Fetranspor,68,17379064,"-22.9578","-43.1952"
463,463-SAO CRISTOVAO X COPACABANA(VIA TUNEL REBOUCAS/TUNEL VELHO) - CIRCULAR,Fetranspor,69,17379064,"-22.958","-43.1958"
463,463-SAO CRISTOVAO X COPACABANA(VIA TUNEL REBOUCAS/TUNEL VELHO) - CIRCULAR,Fetranspor,70,17379064,"-22.958","-43.196"
463,463-SAO CRISTOVAO X COPACABANA(VIA TUNEL REBOUCAS/TUNEL VELHO) - CIRCULAR,Fetranspor,71,17379064,"-22.958","-43.196"
463,463-SAO CRISTOVAO X COPACABANA(VIA TUNEL REBOUCAS/TUNEL VELHO) - CIRCULAR,Fetranspor,72,17379064,"-22.9582","-43.1966"
463,463-SAO CRISTOVAO X COPACABANA(VIA TUNEL REBOUCAS/TUNEL VELHO) - CIRCULAR,Fetranspor,73,17379064,"-22.9582","-43.1966"
463,463-SAO CRISTOVAO X COPACABANA(VIA TUNEL REBOUCAS/TUNEL VELHO) - CIRCULAR,Fetranspor,74,17379064,"-22.9582","-43.197"
463,463-SAO CRISTOVAO X COPACABANA(VIA TUNEL REBOUCAS/TUNEL VELHO) - CIRCULAR,Fetranspor,75,17379064,"-22.9582","-43.1973"
463,463-SAO CRISTOVAO X COPACABANA(VIA TUNEL REBOUCAS/TUNEL VELHO) - CIRCULAR,Fetranspor,76,17379064,"-22.9584","-43.1981"
463,463-SAO CRISTOVAO X COPACABANA(VIA TUNEL REBOUCAS/TUNEL VELHO) - CIRCULAR,Fetranspor,77,17379064,"-22.9585","-43.1986"
463,463-SAO CRISTOVAO X COPACABANA(VIA TUNEL REBOUCAS/TUNEL VELHO) - CIRCULAR,Fetranspor,78,17379064,"-22.9585","-43.1986"
463,463-SAO CRISTOVAO X COPACABANA(VIA TUNEL REBOUCAS/TUNEL VELHO) - CIRCULAR,Fetranspor,79,17379064,"-22.9578","-43.199"
463,463-SAO CRISTOVAO X COPACABANA(VIA TUNEL REBOUCAS/TUNEL VELHO) - CIRCULAR,Fetranspor,80,17379064,"-22.9578","-43.199"
463,463-SAO CRISTOVAO X COPACABANA(VIA TUNEL REBOUCAS/TUNEL VELHO) - CIRCULAR,Fetranspor,81,17379064,"-22.9577","-43.1992"
463,463-SAO CRISTOVAO X COPACABANA(VIA TUNEL REBOUCAS/TUNEL VELHO) - CIRCULAR,Fetranspor,82,17379064,"-22.9577","-43.1992"
463,463-SAO CRISTOVAO X COPACABANA(VIA TUNEL REBOUCAS/TUNEL VELHO) - CIRCULAR,Fetranspor,83,17379064,"-22.9577","-43.1992"
463,463-SAO CRISTOVAO X COPACABANA(VIA TUNEL REBOUCAS/TUNEL VELHO) - CIRCULAR,Fetranspor,84,17379064,"-22.9576","-43.1992"
463,463-SAO CRISTOVAO X COPACABANA(VIA TUNEL REBOUCAS/TUNEL VELHO) - CIRCULAR,Fetranspor,85,17379064,"-22.9577","-43.1993"
463,463-SAO CRISTOVAO X COPACABANA(VIA TUNEL REBOUCAS/TUNEL VELHO) - CIRCULAR,Fetranspor,86,17379064,"-22.9577","-43.1993"
463,463-SAO CRISTOVAO X COPACABANA(VIA TUNEL REBOUCAS/TUNEL VELHO) - CIRCULAR,Fetranspor,87,17379064,"-22.9577","-43.1993"
463,463-SAO CRISTOVAO X COPACABANA(VIA TUNEL REBOUCAS/TUNEL VELHO) - CIRCULAR,Fetranspor,88,17379064,"-22.9581","-43.1997"
463,463-SAO CRISTOVAO X COPACABANA(VIA TUNEL REBOUCAS/TUNEL VELHO) - CIRCULAR,Fetranspor,89,17379064,"-22.9581","-43.1997"
463,463-SAO CRISTOVAO X COPACABANA(VIA TUNEL REBOUCAS/TUNEL VELHO) - CIRCULAR,Fetranspor,90,17379064,"-22.9585","-43.1999"
463,463-SAO CRISTOVAO X COPACABANA(VIA TUNEL REBOUCAS/TUNEL VELHO) - CIRCULAR,Fetranspor,91,17379064,"-22.9587","-43.2001"
463,463-SAO CRISTOVAO X COPACABANA(VIA TUNEL REBOUCAS/TUNEL VELHO) - CIRCULAR,Fetranspor,92,17379064,"-22.9587","-43.2001"
463,463-SAO CRISTOVAO X COPACABANA(VIA TUNEL REBOUCAS/TUNEL VELHO) - CIRCULAR,Fetranspor,93,17379064,"-22.9587","-43.2002"
463,463-SAO CRISTOVAO X COPACABANA(VIA TUNEL REBOUCAS/TUNEL VELHO) - CIRCULAR,Fetranspor,94,17379064,"-22.9588","-43.2003"
463,463-SAO CRISTOVAO X COPACABANA(VIA TUNEL REBOUCAS/TUNEL VELHO) - CIRCULAR,Fetranspor,95,17379064,"-22.9593","-43.2013"
463,463-SAO CRISTOVAO X COPACABANA(VIA TUNEL REBOUCAS/TUNEL VELHO) - CIRCULAR,Fetranspor,96,17379064,"-22.9593","-43.2013"
463,463-SAO CRISTOVAO X COPACABANA(VIA TUNEL REBOUCAS/TUNEL VELHO) - CIRCULAR,Fetranspor,97,17379064,"-22.9597","-43.2019"
463,463-SAO CRISTOVAO X COPACABANA(VIA TUNEL REBOUCAS/TUNEL VELHO) - CIRCULAR,Fetranspor,98,17379064,"-22.9599","-43.2024"
463,463-SAO CRISTOVAO X COPACABANA(VIA TUNEL REBOUCAS/TUNEL VELHO) - CIRCULAR,Fetranspor,99,17379064,"-22.96","-43.2026"
463,463-SAO CRISTOVAO X COPACABANA(VIA TUNEL REBOUCAS/TUNEL VELHO) - CIRCULAR,Fetranspor,100,17379064,"-22.9601","-43.2029"
463,463-SAO CRISTOVAO X COPACABANA(VIA TUNEL REBOUCAS/TUNEL VELHO) - CIRCULAR,Fetranspor,101,17379064,"-22.9601","-43.2029"
463,463-SAO CRISTOVAO X COPACABANA(VIA TUNEL REBOUCAS/TUNEL VELHO) - CIRCULAR,Fetranspor,102,17379064,"-22.9601","-43.203"
463,463-SAO CRISTOVAO X COPACABANA(VIA TUNEL REBOUCAS/TUNEL VELHO) - CIRCULAR,Fetranspor,103,17379064,"-22.9603","-43.203"
463,463-SAO CRISTOVAO X COPACABANA(VIA TUNEL REBOUCAS/TUNEL VELHO) - CIRCULAR,Fetranspor,104,17379064,"-22.9603","-43.203"
463,463-SAO CRISTOVAO X COPACABANA(VIA TUNEL REBOUCAS/TUNEL VELHO) - CIRCULAR,Fetranspor,105,17379064,"-22.9603","-43.203"
463,463-SAO CRISTOVAO X COPACABANA(VIA TUNEL REBOUCAS/TUNEL VELHO) - CIRCULAR,Fetranspor,106,17379064,"-22.9604","-43.2031"
463,463-SAO CRISTOVAO X COPACABANA(VIA TUNEL REBOUCAS/TUNEL VELHO) - CIRCULAR,Fetranspor,107,17379064,"-22.9605","-43.2031"
463,463-SAO CRISTOVAO X COPACABANA(VIA TUNEL REBOUCAS/TUNEL VELHO) - CIRCULAR,Fetranspor,108,17379064,"-22.9605","-43.2031"
463,463-SAO CRISTOVAO X COPACABANA(VIA TUNEL REBOUCAS/TUNEL VELHO) - CIRCULAR,Fetranspor,109,17379064,"-22.9605","-43.2031"
463,463-SAO CRISTOVAO X COPACABANA(VIA TUNEL REBOUCAS/TUNEL VELHO) - CIRCULAR,Fetranspor,110,17379064,"-22.9608","-43.2031"
463,463-SAO CRISTOVAO X COPACABANA(VIA TUNEL REBOUCAS/TUNEL VELHO) - CIRCULAR,Fetranspor,111,17379064,"-22.9608","-43.2031"
463,463-SAO CRISTOVAO X COPACABANA(VIA TUNEL REBOUCAS/TUNEL VELHO) - CIRCULAR,Fetranspor,112,17379064,"-22.9614","-43.2031"
463,463-SAO CRISTOVAO X COPACABANA(VIA TUNEL REBOUCAS/TUNEL VELHO) - CIRCULAR,Fetranspor,113,17379064,"-22.9614","-43.2031"
463,463-SAO CRISTOVAO X COPACABANA(VIA TUNEL REBOUCAS/TUNEL VELHO) - CIRCULAR,Fetranspor,114,17379064,"-22.9618","-43.2031"
463,463-SAO CRISTOVAO X COPACABANA(VIA TUNEL REBOUCAS/TUNEL VELHO) - CIRCULAR,Fetranspor,115,17379064,"-22.9618","-43.2031"
463,463-SAO CRISTOVAO X COPACABANA(VIA TUNEL REBOUCAS/TUNEL VELHO) - CIRCULAR,Fetranspor,116,17379064,"-22.9619","-43.2031"
463,463-SAO CRISTOVAO X COPACABANA(VIA TUNEL REBOUCAS/TUNEL VELHO) - CIRCULAR,Fetranspor,117,17379064,"-22.9623","-43.2031"
463,463-SAO CRISTOVAO X COPACABANA(VIA TUNEL REBOUCAS/TUNEL VELHO) - CIRCULAR,Fetranspor,118,17379064,"-22.9623","-43.2031"
463,463-SAO CRISTOVAO X COPACABANA(VIA TUNEL REBOUCAS/TUNEL VELHO) - CIRCULAR,Fetranspor,119,17379064,"-22.9624","-43.203"
463,463-SAO CRISTOVAO X COPACABANA(VIA TUNEL REBOUCAS/TUNEL VELHO) - CIRCULAR,Fetranspor,120,17379064,"-22.9624","-43.203"
463,463-SAO CRISTOVAO X COPACABANA(VIA TUNEL REBOUCAS/TUNEL VELHO) - CIRCULAR,Fetranspor,121,17379064,"-22.9634","-43.2029"
463,463-SAO CRISTOVAO X COPACABANA(VIA TUNEL REBOUCAS/TUNEL VELHO) - CIRCULAR,Fetranspor,122,17379064,"-22.9634","-43.2029"
463,463-SAO CRISTOVAO X COPACABANA(VIA TUNEL REBOUCAS/TUNEL VELHO) - CIRCULAR,Fetranspor,123,17379064,"-22.9641","-43.2028"
463,463-SAO CRISTOVAO X COPACABANA(VIA TUNEL REBOUCAS/TUNEL VELHO) - CIRCULAR,Fetranspor,124,17379064,"-22.9641","-43.2028"
463,463-SAO CRISTOVAO X COPACABANA(VIA TUNEL REBOUCAS/TUNEL VELHO) - CIRCULAR,Fetranspor,125,17379064,"-22.9646","-43.2028"
463,463-SAO CRISTOVAO X COPACABANA(VIA TUNEL REBOUCAS/TUNEL VELHO) - CIRCULAR,Fetranspor,126,17379064,"-22.9646","-43.2028"
463,463-SAO CRISTOVAO X COPACABANA(VIA TUNEL REBOUCAS/TUNEL VELHO) - CIRCULAR,Fetranspor,127,17379064,"-22.9646","-43.2028"
463,463-SAO CRISTOVAO X COPACABANA(VIA TUNEL REBOUCAS/TUNEL VELHO) - CIRCULAR,Fetranspor,128,17379064,"-22.9646","-43.2028"
463,463-SAO CRISTOVAO X COPACABANA(VIA TUNEL REBOUCAS/TUNEL VELHO) - CIRCULAR,Fetranspor,129,17379064,"-22.9651","-43.2027"
463,463-SAO CRISTOVAO X COPACABANA(VIA TUNEL REBOUCAS/TUNEL VELHO) - CIRCULAR,Fetranspor,130,17379064,"-22.9651","-43.2027"
463,463-SAO CRISTOVAO X COPACABANA(VIA TUNEL REBOUCAS/TUNEL VELHO) - CIRCULAR,Fetranspor,131,17379064,"-22.9652","-43.2035"
463,463-SAO CRISTOVAO X COPACABANA(VIA TUNEL REBOUCAS/TUNEL VELHO) - CIRCULAR,Fetranspor,132,17379064,"-22.9652","-43.2035"
463,463-SAO CRISTOVAO X COPACABANA(VIA TUNEL REBOUCAS/TUNEL VELHO) - CIRCULAR,Fetranspor,133,17379064,"-22.9648","-43.2036"
463,463-SAO CRISTOVAO X COPACABANA(VIA TUNEL REBOUCAS/TUNEL VELHO) - CIRCULAR,Fetranspor,134,17379064,"-22.9643","-43.2037"
463,463-SAO CRISTOVAO X COPACABANA(VIA TUNEL REBOUCAS/TUNEL VELHO) - CIRCULAR,Fetranspor,135,17379064,"-22.9641","-43.2037"
463,463-SAO CRISTOVAO X COPACABANA(VIA TUNEL REBOUCAS/TUNEL VELHO) - CIRCULAR,Fetranspor,136,17379064,"-22.9641","-43.2037"
463,463-SAO CRISTOVAO X COPACABANA(VIA TUNEL REBOUCAS/TUNEL VELHO) - CIRCULAR,Fetranspor,137,17379064,"-22.9635","-43.2038"
463,463-SAO CRISTOVAO X COPACABANA(VIA TUNEL REBOUCAS/TUNEL VELHO) - CIRCULAR,Fetranspor,138,17379064,"-22.9635","-43.2038"
463,463-SAO CRISTOVAO X COPACABANA(VIA TUNEL REBOUCAS/TUNEL VELHO) - CIRCULAR,Fetranspor,139,17379064,"-22.9633","-43.2038"
463,463-SAO CRISTOVAO X COPACABANA(VIA TUNEL REBOUCAS/TUNEL VELHO) - CIRCULAR,Fetranspor,140,17379064,"-22.9626","-43.204"
463,463-SAO CRISTOVAO X COPACABANA(VIA TUNEL REBOUCAS/TUNEL VELHO) - CIRCULAR,Fetranspor,141,17379064,"-22.9626","-43.204"
463,463-SAO CRISTOVAO X COPACABANA(VIA TUNEL REBOUCAS/TUNEL VELHO) - CIRCULAR,Fetranspor,142,17379064,"-22.9625","-43.204"
463,463-SAO CRISTOVAO X COPACABANA(VIA TUNEL REBOUCAS/TUNEL VELHO) - CIRCULAR,Fetranspor,143,17379064,"-22.9625","-43.204"
463,463-SAO CRISTOVAO X COPACABANA(VIA TUNEL REBOUCAS/TUNEL VELHO) - CIRCULAR,Fetranspor,144,17379064,"-22.9619","-43.204"
463,463-SAO CRISTOVAO X COPACABANA(VIA TUNEL REBOUCAS/TUNEL VELHO) - CIRCULAR,Fetranspor,145,17379064,"-22.9615","-43.204"
463,463-SAO CRISTOVAO X COPACABANA(VIA TUNEL REBOUCAS/TUNEL VELHO) - CIRCULAR,Fetranspor,146,17379064,"-22.9612","-43.2041"
463,463-SAO CRISTOVAO X COPACABANA(VIA TUNEL REBOUCAS/TUNEL VELHO) - CIRCULAR,Fetranspor,147,17379064,"-22.9612","-43.2041"
463,463-SAO CRISTOVAO X COPACABANA(VIA TUNEL REBOUCAS/TUNEL VELHO) - CIRCULAR,Fetranspor,148,17379064,"-22.9607","-43.2042"
463,463-SAO CRISTOVAO X COPACABANA(VIA TUNEL REBOUCAS/TUNEL VELHO) - CIRCULAR,Fetranspor,149,17379064,"-22.9607","-43.2042"
463,463-SAO CRISTOVAO X COPACABANA(VIA TUNEL REBOUCAS/TUNEL VELHO) - CIRCULAR,Fetranspor,150,17379064,"-22.9607","-43.2042"
463,463-SAO CRISTOVAO X COPACABANA(VIA TUNEL REBOUCAS/TUNEL VELHO) - CIRCULAR,Fetranspor,151,17379064,"-22.9607","-43.2042"
463,463-SAO CRISTOVAO X COPACABANA(VIA TUNEL REBOUCAS/TUNEL VELHO) - CIRCULAR,Fetranspor,152,17379064,"-22.9607","-43.2042"
463,463-SAO CRISTOVAO X COPACABANA(VIA TUNEL REBOUCAS/TUNEL VELHO) - CIRCULAR,Fetranspor,153,17379064,"-22.9603","-43.2042"
463,463-SAO CRISTOVAO X COPACABANA(VIA TUNEL REBOUCAS/TUNEL VELHO) - CIRCULAR,Fetranspor,154,17379064,"-22.9603","-43.2042"
463,463-SAO CRISTOVAO X COPACABANA(VIA TUNEL REBOUCAS/TUNEL VELHO) - CIRCULAR,Fetranspor,155,17379064,"-22.9602","-43.2042"
463,463-SAO CRISTOVAO X COPACABANA(VIA TUNEL REBOUCAS/TUNEL VELHO) - CIRCULAR,Fetranspor,156,17379064,"-22.9602","-43.2042"
463,463-SAO CRISTOVAO X COPACABANA(VIA TUNEL REBOUCAS/TUNEL VELHO) - CIRCULAR,Fetranspor,157,17379064,"-22.9594","-43.2043"
463,463-SAO CRISTOVAO X COPACABANA(VIA TUNEL REBOUCAS/TUNEL VELHO) - CIRCULAR,Fetranspor,158,17379064,"-22.9586","-43.2044"
463,463-SAO CRISTOVAO X COPACABANA(VIA TUNEL REBOUCAS/TUNEL VELHO) - CIRCULAR,Fetranspor,159,17379064,"-22.9586","-43.2044"
463,463-SAO CRISTOVAO X COPACABANA(VIA TUNEL REBOUCAS/TUNEL VELHO) - CIRCULAR,Fetranspor,160,17379064,"-22.9582","-43.2044"
463,463-SAO CRISTOVAO X COPACABANA(VIA TUNEL REBOUCAS/TUNEL VELHO) - CIRCULAR,Fetranspor,161,17379064,"-22.958","-43.2044"
463,463-SAO CRISTOVAO X COPACABANA(VIA TUNEL REBOUCAS/TUNEL VELHO) - CIRCULAR,Fetranspor,162,17379064,"-22.9578","-43.2043"
463,463-SAO CRISTOVAO X COPACABANA(VIA TUNEL REBOUCAS/TUNEL VELHO) - CIRCULAR,Fetranspor,163,17379064,"-22.9573","-43.2043"
463,463-SAO CRISTOVAO X COPACABANA(VIA TUNEL REBOUCAS/TUNEL VELHO) - CIRCULAR,Fetranspor,164,17379064,"-22.9565","-43.2042"
463,463-SAO CRISTOVAO X COPACABANA(VIA TUNEL REBOUCAS/TUNEL VELHO) - CIRCULAR,Fetranspor,165,17379064,"-22.9485","-43.2032"
463,463-SAO CRISTOVAO X COPACABANA(VIA TUNEL REBOUCAS/TUNEL VELHO) - CIRCULAR,Fetranspor,166,17379064,"-22.9481","-43.2032"
463,463-SAO CRISTOVAO X COPACABANA(VIA TUNEL REBOUCAS/TUNEL VELHO) - CIRCULAR,Fetranspor,167,17379064,"-22.9447","-43.2028"
463,463-SAO CRISTOVAO X COPACABANA(VIA TUNEL REBOUCAS/TUNEL VELHO) - CIRCULAR,Fetranspor,168,17379064,"-22.9411","-43.2023"
463,463-SAO CRISTOVAO X COPACABANA(VIA TUNEL REBOUCAS/TUNEL VELHO) - CIRCULAR,Fetranspor,169,17379064,"-22.9405","-43.2022"
463,463-SAO CRISTOVAO X COPACABANA(VIA TUNEL REBOUCAS/TUNEL VELHO) - CIRCULAR,Fetranspor,170,17379064,"-22.94","-43.2023"
463,463-SAO CRISTOVAO X COPACABANA(VIA TUNEL REBOUCAS/TUNEL VELHO) - CIRCULAR,Fetranspor,171,17379064,"-22.9398","-43.2024"
463,463-SAO CRISTOVAO X COPACABANA(VIA TUNEL REBOUCAS/TUNEL VELHO) - CIRCULAR,Fetranspor,172,17379064,"-22.9397","-43.2024"
463,463-SAO CRISTOVAO X COPACABANA(VIA TUNEL REBOUCAS/TUNEL VELHO) - CIRCULAR,Fetranspor,173,17379064,"-22.9397","-43.2024"
463,463-SAO CRISTOVAO X COPACABANA(VIA TUNEL REBOUCAS/TUNEL VELHO) - CIRCULAR,Fetranspor,174,17379064,"-22.9392","-43.2026"
463,463-SAO CRISTOVAO X COPACABANA(VIA TUNEL REBOUCAS/TUNEL VELHO) - CIRCULAR,Fetranspor,175,17379064,"-22.939","-43.2027"
463,463-SAO CRISTOVAO X COPACABANA(VIA TUNEL REBOUCAS/TUNEL VELHO) - CIRCULAR,Fetranspor,176,17379064,"-22.939","-43.2027"
463,463-SAO CRISTOVAO X COPACABANA(VIA TUNEL REBOUCAS/TUNEL VELHO) - CIRCULAR,Fetranspor,177,17379064,"-22.9389","-43.2028"
463,463-SAO CRISTOVAO X COPACABANA(VIA TUNEL REBOUCAS/TUNEL VELHO) - CIRCULAR,Fetranspor,178,17379064,"-22.9387","-43.2029"
463,463-SAO CRISTOVAO X COPACABANA(VIA TUNEL REBOUCAS/TUNEL VELHO) - CIRCULAR,Fetranspor,179,17379064,"-22.9386","-43.203"
463,463-SAO CRISTOVAO X COPACABANA(VIA TUNEL REBOUCAS/TUNEL VELHO) - CIRCULAR,Fetranspor,180,17379064,"-22.9385","-43.2031"
463,463-SAO CRISTOVAO X COPACABANA(VIA TUNEL REBOUCAS/TUNEL VELHO) - CIRCULAR,Fetranspor,181,17379064,"-22.9382","-43.2035"
463,463-SAO CRISTOVAO X COPACABANA(VIA TUNEL REBOUCAS/TUNEL VELHO) - CIRCULAR,Fetranspor,182,17379064,"-22.9376","-43.2047"
463,463-SAO CRISTOVAO X COPACABANA(VIA TUNEL REBOUCAS/TUNEL VELHO) - CIRCULAR,Fetranspor,183,17379064,"-22.9372","-43.2055"
463,463-SAO CRISTOVAO X COPACABANA(VIA TUNEL REBOUCAS/TUNEL VELHO) - CIRCULAR,Fetranspor,184,17379064,"-22.9354","-43.2087"
463,463-SAO CRISTOVAO X COPACABANA(VIA TUNEL REBOUCAS/TUNEL VELHO) - CIRCULAR,Fetranspor,185,17379064,"-22.935","-43.2092"
463,463-SAO CRISTOVAO X COPACABANA(VIA TUNEL REBOUCAS/TUNEL VELHO) - CIRCULAR,Fetranspor,186,17379064,"-22.9349","-43.2094"
463,463-SAO CRISTOVAO X COPACABANA(VIA TUNEL REBOUCAS/TUNEL VELHO) - CIRCULAR,Fetranspor,187,17379064,"-22.9349","-43.2094"
463,463-SAO CRISTOVAO X COPACABANA(VIA TUNEL REBOUCAS/TUNEL VELHO) - CIRCULAR,Fetranspor,188,17379064,"-22.9348","-43.2095"
463,463-SAO CRISTOVAO X COPACABANA(VIA TUNEL REBOUCAS/TUNEL VELHO) - CIRCULAR,Fetranspor,189,17379064,"-22.9347","-43.2096"
463,463-SAO CRISTOVAO X COPACABANA(VIA TUNEL REBOUCAS/TUNEL VELHO) - CIRCULAR,Fetranspor,190,17379064,"-22.9346","-43.2097"
463,463-SAO CRISTOVAO X COPACABANA(VIA TUNEL REBOUCAS/TUNEL VELHO) - CIRCULAR,Fetranspor,191,17379064,"-22.9345","-43.2098"
463,463-SAO CRISTOVAO X COPACABANA(VIA TUNEL REBOUCAS/TUNEL VELHO) - CIRCULAR,Fetranspor,192,17379064,"-22.9344","-43.2098"
463,463-SAO CRISTOVAO X COPACABANA(VIA TUNEL REBOUCAS/TUNEL VELHO) - CIRCULAR,Fetranspor,193,17379064,"-22.9343","-43.2098"
463,463-SAO CRISTOVAO X COPACABANA(VIA TUNEL REBOUCAS/TUNEL VELHO) - CIRCULAR,Fetranspor,194,17379064,"-22.9342","-43.2099"
463,463-SAO CRISTOVAO X COPACABANA(VIA TUNEL REBOUCAS/TUNEL VELHO) - CIRCULAR,Fetranspor,195,17379064,"-22.9341","-43.2099"
463,463-SAO CRISTOVAO X COPACABANA(VIA TUNEL REBOUCAS/TUNEL VELHO) - CIRCULAR,Fetranspor,196,17379064,"-22.934","-43.2099"
463,463-SAO CRISTOVAO X COPACABANA(VIA TUNEL REBOUCAS/TUNEL VELHO) - CIRCULAR,Fetranspor,197,17379064,"-22.9339","-43.2099"
463,463-SAO CRISTOVAO X COPACABANA(VIA TUNEL REBOUCAS/TUNEL VELHO) - CIRCULAR,Fetranspor,198,17379064,"-22.9333","-43.2097"
463,463-SAO CRISTOVAO X COPACABANA(VIA TUNEL REBOUCAS/TUNEL VELHO) - CIRCULAR,Fetranspor,199,17379064,"-22.9333","-43.2097"
463,463-SAO CRISTOVAO X COPACABANA(VIA TUNEL REBOUCAS/TUNEL VELHO) - CIRCULAR,Fetranspor,200,17379064,"-22.9333","-43.2097"
463,463-SAO CRISTOVAO X COPACABANA(VIA TUNEL REBOUCAS/TUNEL VELHO) - CIRCULAR,Fetranspor,201,17379064,"-22.9329","-43.2096"
463,463-SAO CRISTOVAO X COPACABANA(VIA TUNEL REBOUCAS/TUNEL VELHO) - CIRCULAR,Fetranspor,202,17379064,"-22.9326","-43.2096"
463,463-SAO CRISTOVAO X COPACABANA(VIA TUNEL REBOUCAS/TUNEL VELHO) - CIRCULAR,Fetranspor,203,17379064,"-22.9324","-43.2095"
463,463-SAO CRISTOVAO X COPACABANA(VIA TUNEL REBOUCAS/TUNEL VELHO) - CIRCULAR,Fetranspor,204,17379064,"-22.9321","-43.2094"
463,463-SAO CRISTOVAO X COPACABANA(VIA TUNEL REBOUCAS/TUNEL VELHO) - CIRCULAR,Fetranspor,205,17379064,"-22.9317","-43.2091"
463,463-SAO CRISTOVAO X COPACABANA(VIA TUNEL REBOUCAS/TUNEL VELHO) - CIRCULAR,Fetranspor,206,17379064,"-22.9315","-43.209"
463,463-SAO CRISTOVAO X COPACABANA(VIA TUNEL REBOUCAS/TUNEL VELHO) - CIRCULAR,Fetranspor,207,17379064,"-22.9312","-43.2088"
463,463-SAO CRISTOVAO X COPACABANA(VIA TUNEL REBOUCAS/TUNEL VELHO) - CIRCULAR,Fetranspor,208,17379064,"-22.9311","-43.2088"
463,463-SAO CRISTOVAO X COPACABANA(VIA TUNEL REBOUCAS/TUNEL VELHO) - CIRCULAR,Fetranspor,209,17379064,"-22.931","-43.2088"
463,463-SAO CRISTOVAO X COPACABANA(VIA TUNEL REBOUCAS/TUNEL VELHO) - CIRCULAR,Fetranspor,210,17379064,"-22.9308","-43.2088"
463,463-SAO CRISTOVAO X COPACABANA(VIA TUNEL REBOUCAS/TUNEL VELHO) - CIRCULAR,Fetranspor,211,17379064,"-22.9306","-43.2088"
463,463-SAO CRISTOVAO X COPACABANA(VIA TUNEL REBOUCAS/TUNEL VELHO) - CIRCULAR,Fetranspor,212,17379064,"-22.9301","-43.2089"
463,463-SAO CRISTOVAO X COPACABANA(VIA TUNEL REBOUCAS/TUNEL VELHO) - CIRCULAR,Fetranspor,213,17379064,"-22.9296","-43.2091"
463,463-SAO CRISTOVAO X COPACABANA(VIA TUNEL REBOUCAS/TUNEL VELHO) - CIRCULAR,Fetranspor,214,17379064,"-22.9291","-43.2092"
463,463-SAO CRISTOVAO X COPACABANA(VIA TUNEL REBOUCAS/TUNEL VELHO) - CIRCULAR,Fetranspor,215,17379064,"-22.9287","-43.2093"
463,463-SAO CRISTOVAO X COPACABANA(VIA TUNEL REBOUCAS/TUNEL VELHO) - CIRCULAR,Fetranspor,216,17379064,"-22.9284","-43.2094"
463,463-SAO CRISTOVAO X COPACABANA(VIA TUNEL REBOUCAS/TUNEL VELHO) - CIRCULAR,Fetranspor,217,17379064,"-22.928","-43.2094"
463,463-SAO CRISTOVAO X COPACABANA(VIA TUNEL REBOUCAS/TUNEL VELHO) - CIRCULAR,Fetranspor,218,17379064,"-22.927","-43.2095"
463,463-SAO CRISTOVAO X COPACABANA(VIA TUNEL REBOUCAS/TUNEL VELHO) - CIRCULAR,Fetranspor,219,17379064,"-22.9266","-43.2095"
463,463-SAO CRISTOVAO X COPACABANA(VIA TUNEL REBOUCAS/TUNEL VELHO) - CIRCULAR,Fetranspor,220,17379064,"-22.9247","-43.2096"
463,463-SAO CRISTOVAO X COPACABANA(VIA TUNEL REBOUCAS/TUNEL VELHO) - CIRCULAR,Fetranspor,221,17379064,"-22.9221","-43.2098"
463,463-SAO CRISTOVAO X COPACABANA(VIA TUNEL REBOUCAS/TUNEL VELHO) - CIRCULAR,Fetranspor,222,17379064,"-22.9217","-43.2098"
463,463-SAO CRISTOVAO X COPACABANA(VIA TUNEL REBOUCAS/TUNEL VELHO) - CIRCULAR,Fetranspor,223,17379064,"-22.9213","-43.2098"
463,463-SAO CRISTOVAO X COPACABANA(VIA TUNEL REBOUCAS/TUNEL VELHO) - CIRCULAR,Fetranspor,224,17379064,"-22.92","-43.2099"
463,463-SAO CRISTOVAO X COPACABANA(VIA TUNEL REBOUCAS/TUNEL VELHO) - CIRCULAR,Fetranspor,225,17379064,"-22.9187","-43.2099"
463,463-SAO CRISTOVAO X COPACABANA(VIA TUNEL REBOUCAS/TUNEL VELHO) - CIRCULAR,Fetranspor,226,17379064,"-22.9167","-43.2101"
463,463-SAO CRISTOVAO X COPACABANA(VIA TUNEL REBOUCAS/TUNEL VELHO) - CIRCULAR,Fetranspor,227,17379064,"-22.9157","-43.2101"
463,463-SAO CRISTOVAO X COPACABANA(VIA TUNEL REBOUCAS/TUNEL VELHO) - CIRCULAR,Fetranspor,228,17379064,"-22.9152","-43.2101"
463,463-SAO CRISTOVAO X COPACABANA(VIA TUNEL REBOUCAS/TUNEL VELHO) - CIRCULAR,Fetranspor,229,17379064,"-22.915","-43.2101"
463,463-SAO CRISTOVAO X COPACABANA(VIA TUNEL REBOUCAS/TUNEL VELHO) - CIRCULAR,Fetranspor,230,17379064,"-22.9144","-43.2101"
463,463-SAO CRISTOVAO X COPACABANA(VIA TUNEL REBOUCAS/TUNEL VELHO) - CIRCULAR,Fetranspor,231,17379064,"-22.9142","-43.2101"
463,463-SAO CRISTOVAO X COPACABANA(VIA TUNEL REBOUCAS/TUNEL VELHO) - CIRCULAR,Fetranspor,232,17379064,"-22.9135","-43.21"
463,463-SAO CRISTOVAO X COPACABANA(VIA TUNEL REBOUCAS/TUNEL VELHO) - CIRCULAR,Fetranspor,233,17379064,"-22.9135","-43.21"
463,463-SAO CRISTOVAO X COPACABANA(VIA TUNEL REBOUCAS/TUNEL VELHO) - CIRCULAR,Fetranspor,234,17379064,"-22.9131","-43.2099"
463,463-SAO CRISTOVAO X COPACABANA(VIA TUNEL REBOUCAS/TUNEL VELHO) - CIRCULAR,Fetranspor,235,17379064,"-22.9129","-43.2098"
463,463-SAO CRISTOVAO X COPACABANA(VIA TUNEL REBOUCAS/TUNEL VELHO) - CIRCULAR,Fetranspor,236,17379064,"-22.9126","-43.2098"
463,463-SAO CRISTOVAO X COPACABANA(VIA TUNEL REBOUCAS/TUNEL VELHO) - CIRCULAR,Fetranspor,237,17379064,"-22.9124","-43.2097"
463,463-SAO CRISTOVAO X COPACABANA(VIA TUNEL REBOUCAS/TUNEL VELHO) - CIRCULAR,Fetranspor,238,17379064,"-22.9121","-43.2096"
463,463-SAO CRISTOVAO X COPACABANA(VIA TUNEL REBOUCAS/TUNEL VELHO) - CIRCULAR,Fetranspor,239,17379064,"-22.9119","-43.2095"
463,463-SAO CRISTOVAO X COPACABANA(VIA TUNEL REBOUCAS/TUNEL VELHO) - CIRCULAR,Fetranspor,240,17379064,"-22.9117","-43.2095"
463,463-SAO CRISTOVAO X COPACABANA(VIA TUNEL REBOUCAS/TUNEL VELHO) - CIRCULAR,Fetranspor,241,17379064,"-22.9116","-43.2094"
463,463-SAO CRISTOVAO X COPACABANA(VIA TUNEL REBOUCAS/TUNEL VELHO) - CIRCULAR,Fetranspor,242,17379064,"-22.9115","-43.2094"
463,463-SAO CRISTOVAO X COPACABANA(VIA TUNEL REBOUCAS/TUNEL VELHO) - CIRCULAR,Fetranspor,243,17379064,"-22.9115","-43.2094"
463,463-SAO CRISTOVAO X COPACABANA(VIA TUNEL REBOUCAS/TUNEL VELHO) - CIRCULAR,Fetranspor,244,17379064,"-22.9114","-43.2094"
463,463-SAO CRISTOVAO X COPACABANA(VIA TUNEL REBOUCAS/TUNEL VELHO) - CIRCULAR,Fetranspor,245,17379064,"-22.9113","-43.2095"
463,463-SAO CRISTOVAO X COPACABANA(VIA TUNEL REBOUCAS/TUNEL VELHO) - CIRCULAR,Fetranspor,246,17379064,"-22.9113","-43.2095"
463,463-SAO CRISTOVAO X COPACABANA(VIA TUNEL REBOUCAS/TUNEL VELHO) - CIRCULAR,Fetranspor,247,17379064,"-22.9112","-43.2096"
463,463-SAO CRISTOVAO X COPACABANA(VIA TUNEL REBOUCAS/TUNEL VELHO) - CIRCULAR,Fetranspor,248,17379064,"-22.9112","-43.2096"
463,463-SAO CRISTOVAO X COPACABANA(VIA TUNEL REBOUCAS/TUNEL VELHO) - CIRCULAR,Fetranspor,249,17379064,"-22.9111","-43.2097"
463,463-SAO CRISTOVAO X COPACABANA(VIA TUNEL REBOUCAS/TUNEL VELHO) - CIRCULAR,Fetranspor,250,17379064,"-22.9109","-43.2099"
463,463-SAO CRISTOVAO X COPACABANA(VIA TUNEL REBOUCAS/TUNEL VELHO) - CIRCULAR,Fetranspor,251,17379064,"-22.9108","-43.2101"
463,463-SAO CRISTOVAO X COPACABANA(VIA TUNEL REBOUCAS/TUNEL VELHO) - CIRCULAR,Fetranspor,252,17379064,"-22.9107","-43.2102"
463,463-SAO CRISTOVAO X COPACABANA(VIA TUNEL REBOUCAS/TUNEL VELHO) - CIRCULAR,Fetranspor,253,17379064,"-22.9107","-43.2103"
463,463-SAO CRISTOVAO X COPACABANA(VIA TUNEL REBOUCAS/TUNEL VELHO) - CIRCULAR,Fetranspor,254,17379064,"-22.9106","-43.2105"
463,463-SAO CRISTOVAO X COPACABANA(VIA TUNEL REBOUCAS/TUNEL VELHO) - CIRCULAR,Fetranspor,255,17379064,"-22.9106","-43.2106"
463,463-SAO CRISTOVAO X COPACABANA(VIA TUNEL REBOUCAS/TUNEL VELHO) - CIRCULAR,Fetranspor,256,17379064,"-22.9106","-43.2107"
463,463-SAO CRISTOVAO X COPACABANA(VIA TUNEL REBOUCAS/TUNEL VELHO) - CIRCULAR,Fetranspor,257,17379064,"-22.9106","-43.2108"
463,463-SAO CRISTOVAO X COPACABANA(VIA TUNEL REBOUCAS/TUNEL VELHO) - CIRCULAR,Fetranspor,258,17379064,"-22.9106","-43.211"
463,463-SAO CRISTOVAO X COPACABANA(VIA TUNEL REBOUCAS/TUNEL VELHO) - CIRCULAR,Fetranspor,259,17379064,"-22.9107","-43.2121"
463,463-SAO CRISTOVAO X COPACABANA(VIA TUNEL REBOUCAS/TUNEL VELHO) - CIRCULAR,Fetranspor,260,17379064,"-22.9107","-43.2123"
463,463-SAO CRISTOVAO X COPACABANA(VIA TUNEL REBOUCAS/TUNEL VELHO) - CIRCULAR,Fetranspor,261,17379064,"-22.9108","-43.2126"
463,463-SAO CRISTOVAO X COPACABANA(VIA TUNEL REBOUCAS/TUNEL VELHO) - CIRCULAR,Fetranspor,262,17379064,"-22.9109","-43.2129"
463,463-SAO CRISTOVAO X COPACABANA(VIA TUNEL REBOUCAS/TUNEL VELHO) - CIRCULAR,Fetranspor,263,17379064,"-22.9109","-43.2131"
463,463-SAO CRISTOVAO X COPACABANA(VIA TUNEL REBOUCAS/TUNEL VELHO) - CIRCULAR,Fetranspor,264,17379064,"-22.9109","-43.2133"
463,463-SAO CRISTOVAO X COPACABANA(VIA TUNEL REBOUCAS/TUNEL VELHO) - CIRCULAR,Fetranspor,265,17379064,"-22.9109","-43.2133"
463,463-SAO CRISTOVAO X COPACABANA(VIA TUNEL REBOUCAS/TUNEL VELHO) - CIRCULAR,Fetranspor,266,17379064,"-22.9109","-43.2139"
463,463-SAO CRISTOVAO X COPACABANA(VIA TUNEL REBOUCAS/TUNEL VELHO) - CIRCULAR,Fetranspor,267,17379064,"-22.9109","-43.214"
463,463-SAO CRISTOVAO X COPACABANA(VIA TUNEL REBOUCAS/TUNEL VELHO) - CIRCULAR,Fetranspor,268,17379064,"-22.9109","-43.2141"
463,463-SAO CRISTOVAO X COPACABANA(VIA TUNEL REBOUCAS/TUNEL VELHO) - CIRCULAR,Fetranspor,269,17379064,"-22.9109","-43.2141"
463,463-SAO CRISTOVAO X COPACABANA(VIA TUNEL REBOUCAS/TUNEL VELHO) - CIRCULAR,Fetranspor,270,17379064,"-22.9107","-43.2151"
463,463-SAO CRISTOVAO X COPACABANA(VIA TUNEL REBOUCAS/TUNEL VELHO) - CIRCULAR,Fetranspor,271,17379064,"-22.9107","-43.2151"
463,463-SAO CRISTOVAO X COPACABANA(VIA TUNEL REBOUCAS/TUNEL VELHO) - CIRCULAR,Fetranspor,272,17379064,"-22.9107","-43.2152"
463,463-SAO CRISTOVAO X COPACABANA(VIA TUNEL REBOUCAS/TUNEL VELHO) - CIRCULAR,Fetranspor,273,17379064,"-22.9106","-43.2154"
463,463-SAO CRISTOVAO X COPACABANA(VIA TUNEL REBOUCAS/TUNEL VELHO) - CIRCULAR,Fetranspor,274,17379064,"-22.9105","-43.2156"
463,463-SAO CRISTOVAO X COPACABANA(VIA TUNEL REBOUCAS/TUNEL VELHO) - CIRCULAR,Fetranspor,275,17379064,"-22.9105","-43.2159"
463,463-SAO CRISTOVAO X COPACABANA(VIA TUNEL REBOUCAS/TUNEL VELHO) - CIRCULAR,Fetranspor,276,17379064,"-22.9106","-43.2164"
463,463-SAO CRISTOVAO X COPACABANA(VIA TUNEL REBOUCAS/TUNEL VELHO) - CIRCULAR,Fetranspor,277,17379064,"-22.9106","-43.2166"
463,463-SAO CRISTOVAO X COPACABANA(VIA TUNEL REBOUCAS/TUNEL VELHO) - CIRCULAR,Fetranspor,278,17379064,"-22.9106","-43.2166"
463,463-SAO CRISTOVAO X COPACABANA(VIA TUNEL REBOUCAS/TUNEL VELHO) - CIRCULAR,Fetranspor,279,17379064,"-22.9106","-43.2169"
463,463-SAO CRISTOVAO X COPACABANA(VIA TUNEL REBOUCAS/TUNEL VELHO) - CIRCULAR,Fetranspor,280,17379064,"-22.9106","-43.2173"
463,463-SAO CRISTOVAO X COPACABANA(VIA TUNEL REBOUCAS/TUNEL VELHO) - CIRCULAR,Fetranspor,281,17379064,"-22.9106","-43.2178"
463,463-SAO CRISTOVAO X COPACABANA(VIA TUNEL REBOUCAS/TUNEL VELHO) - CIRCULAR,Fetranspor,282,17379064,"-22.9105","-43.2182"
463,463-SAO CRISTOVAO X COPACABANA(VIA TUNEL REBOUCAS/TUNEL VELHO) - CIRCULAR,Fetranspor,283,17379064,"-22.9104","-43.2185"
463,463-SAO CRISTOVAO X COPACABANA(VIA TUNEL REBOUCAS/TUNEL VELHO) - CIRCULAR,Fetranspor,284,17379064,"-22.9101","-43.2194"
463,463-SAO CRISTOVAO X COPACABANA(VIA TUNEL REBOUCAS/TUNEL VELHO) - CIRCULAR,Fetranspor,285,17379064,"-22.91","-43.2198"
463,463-SAO CRISTOVAO X COPACABANA(VIA TUNEL REBOUCAS/TUNEL VELHO) - CIRCULAR,Fetranspor,286,17379064,"-22.91","-43.2201"
463,463-SAO CRISTOVAO X COPACABANA(VIA TUNEL REBOUCAS/TUNEL VELHO) - CIRCULAR,Fetranspor,287,17379064,"-22.9099","-43.2203"
463,463-SAO CRISTOVAO X COPACABANA(VIA TUNEL REBOUCAS/TUNEL VELHO) - CIRCULAR,Fetranspor,288,17379064,"-22.9099","-43.2209"
463,463-SAO CRISTOVAO X COPACABANA(VIA TUNEL REBOUCAS/TUNEL VELHO) - CIRCULAR,Fetranspor,289,17379064,"-22.9099","-43.2212"
463,463-SAO CRISTOVAO X COPACABANA(VIA TUNEL REBOUCAS/TUNEL VELHO) - CIRCULAR,Fetranspor,290,17379064,"-22.91","-43.2214"
463,463-SAO CRISTOVAO X COPACABANA(VIA TUNEL REBOUCAS/TUNEL VELHO) - CIRCULAR,Fetranspor,291,17379064,"-22.9101","-43.2219"
463,463-SAO CRISTOVAO X COPACABANA(VIA TUNEL REBOUCAS/TUNEL VELHO) - CIRCULAR,Fetranspor,292,17379064,"-22.9101","-43.2219"
463,463-SAO CRISTOVAO X COPACABANA(VIA TUNEL REBOUCAS/TUNEL VELHO) - CIRCULAR,Fetranspor,293,17379064,"-22.9101","-43.2222"
463,463-SAO CRISTOVAO X COPACABANA(VIA TUNEL REBOUCAS/TUNEL VELHO) - CIRCULAR,Fetranspor,294,17379064,"-22.9101","-43.2223"
463,463-SAO CRISTOVAO X COPACABANA(VIA TUNEL REBOUCAS/TUNEL VELHO) - CIRCULAR,Fetranspor,295,17379064,"-22.9101","-43.2224"
463,463-SAO CRISTOVAO X COPACABANA(VIA TUNEL REBOUCAS/TUNEL VELHO) - CIRCULAR,Fetranspor,296,17379064,"-22.9103","-43.2234"
463,463-SAO CRISTOVAO X COPACABANA(VIA TUNEL REBOUCAS/TUNEL VELHO) - CIRCULAR,Fetranspor,297,17379064,"-22.9103","-43.2235"
463,463-SAO CRISTOVAO X COPACABANA(VIA TUNEL REBOUCAS/TUNEL VELHO) - CIRCULAR,Fetranspor,298,17379064,"-22.9103","-43.2235"
463,463-SAO CRISTOVAO X COPACABANA(VIA TUNEL REBOUCAS/TUNEL VELHO) - CIRCULAR,Fetranspor,299,17379064,"-22.9103","-43.2236"
463,463-SAO CRISTOVAO X COPACABANA(VIA TUNEL REBOUCAS/TUNEL VELHO) - CIRCULAR,Fetranspor,300,17379064,"-22.9103","-43.2236"
463,463-SAO CRISTOVAO X COPACABANA(VIA TUNEL REBOUCAS/TUNEL VELHO) - CIRCULAR,Fetranspor,301,17379064,"-22.9101","-43.2237"
463,463-SAO CRISTOVAO X COPACABANA(VIA TUNEL REBOUCAS/TUNEL VELHO) - CIRCULAR,Fetranspor,302,17379064,"-22.9099","-43.2238"
463,463-SAO CRISTOVAO X COPACABANA(VIA TUNEL REBOUCAS/TUNEL VELHO) - CIRCULAR,Fetranspor,303,17379064,"-22.9099","-43.2238"
463,463-SAO CRISTOVAO X COPACABANA(VIA TUNEL REBOUCAS/TUNEL VELHO) - CIRCULAR,Fetranspor,304,17379064,"-22.9094","-43.224"
463,463-SAO CRISTOVAO X COPACABANA(VIA TUNEL REBOUCAS/TUNEL VELHO) - CIRCULAR,Fetranspor,305,17379064,"-22.9093","-43.224"
463,463-SAO CRISTOVAO X COPACABANA(VIA TUNEL REBOUCAS/TUNEL VELHO) - CIRCULAR,Fetranspor,306,17379064,"-22.9093","-43.2239"
463,463-SAO CRISTOVAO X COPACABANA(VIA TUNEL REBOUCAS/TUNEL VELHO) - CIRCULAR,Fetranspor,307,17379064,"-22.9092","-43.2239"
463,463-SAO CRISTOVAO X COPACABANA(VIA TUNEL REBOUCAS/TUNEL VELHO) - CIRCULAR,Fetranspor,308,17379064,"-22.9092","-43.2239"
463,463-SAO CRISTOVAO X COPACABANA(VIA TUNEL REBOUCAS/TUNEL VELHO) - CIRCULAR,Fetranspor,309,17379064,"-22.909","-43.2231"
463,463-SAO CRISTOVAO X COPACABANA(VIA TUNEL REBOUCAS/TUNEL VELHO) - CIRCULAR,Fetranspor,310,17379064,"-22.909","-43.2231"
463,463-SAO CRISTOVAO X COPACABANA(VIA TUNEL REBOUCAS/TUNEL VELHO) - CIRCULAR,Fetranspor,311,17379064,"-22.909","-43.223"
463,463-SAO CRISTOVAO X COPACABANA(VIA TUNEL REBOUCAS/TUNEL VELHO) - CIRCULAR,Fetranspor,312,17379064,"-22.909","-43.2227"
463,463-SAO CRISTOVAO X COPACABANA(VIA TUNEL REBOUCAS/TUNEL VELHO) - CIRCULAR,Fetranspor,313,17379064,"-22.909","-43.2226"
463,463-SAO CRISTOVAO X COPACABANA(VIA TUNEL REBOUCAS/TUNEL VELHO) - CIRCULAR,Fetranspor,0,17396858,"-22.909","-43.2222"
463,463-SAO CRISTOVAO X COPACABANA(VIA TUNEL REBOUCAS/TUNEL VELHO) - CIRCULAR,Fetranspor,1,17396858,"-22.909","-43.222"
463,463-SAO CRISTOVAO X COPACABANA(VIA TUNEL REBOUCAS/TUNEL VELHO) - CIRCULAR,Fetranspor,2,17396858,"-22.9089","-43.2217"
463,463-SAO CRISTOVAO X COPACABANA(VIA TUNEL REBOUCAS/TUNEL VELHO) - CIRCULAR,Fetranspor,3,17396858,"-22.9089","-43.2211"
463,463-SAO CRISTOVAO X COPACABANA(VIA TUNEL REBOUCAS/TUNEL VELHO) - CIRCULAR,Fetranspor,4,17396858,"-22.9089","-43.221"
463,463-SAO CRISTOVAO X COPACABANA(VIA TUNEL REBOUCAS/TUNEL VELHO) - CIRCULAR,Fetranspor,5,17396858,"-22.9087","-43.2207"
463,463-SAO CRISTOVAO X COPACABANA(VIA TUNEL REBOUCAS/TUNEL VELHO) - CIRCULAR,Fetranspor,6,17396858,"-22.9087","-43.2207"
463,463-SAO CRISTOVAO X COPACABANA(VIA TUNEL REBOUCAS/TUNEL VELHO) - CIRCULAR,Fetranspor,7,17396858,"-22.9087","-43.2206"
463,463-SAO CRISTOVAO X COPACABANA(VIA TUNEL REBOUCAS/TUNEL VELHO) - CIRCULAR,Fetranspor,8,17396858,"-22.9085","-43.2204"
463,463-SAO CRISTOVAO X COPACABANA(VIA TUNEL REBOUCAS/TUNEL VELHO) - CIRCULAR,Fetranspor,9,17396858,"-22.9084","-43.2203"
463,463-SAO CRISTOVAO X COPACABANA(VIA TUNEL REBOUCAS/TUNEL VELHO) - CIRCULAR,Fetranspor,10,17396858,"-22.9084","-43.2203"
463,463-SAO CRISTOVAO X COPACABANA(VIA TUNEL REBOUCAS/TUNEL VELHO) - CIRCULAR,Fetranspor,11,17396858,"-22.9082","-43.2201"
463,463-SAO CRISTOVAO X COPACABANA(VIA TUNEL REBOUCAS/TUNEL VELHO) - CIRCULAR,Fetranspor,12,17396858,"-22.9077","-43.2195"
463,463-SAO CRISTOVAO X COPACABANA(VIA TUNEL REBOUCAS/TUNEL VELHO) - CIRCULAR,Fetranspor,13,17396858,"-22.9077","-43.2195"
463,463-SAO CRISTOVAO X COPACABANA(VIA TUNEL REBOUCAS/TUNEL VELHO) - CIRCULAR,Fetranspor,14,17396858,"-22.9075","-43.2192"
463,463-SAO CRISTOVAO X COPACABANA(VIA TUNEL REBOUCAS/TUNEL VELHO) - CIRCULAR,Fetranspor,15,17396858,"-22.9075","-43.2192"
463,463-SAO CRISTOVAO X COPACABANA(VIA TUNEL REBOUCAS/TUNEL VELHO) - CIRCULAR,Fetranspor,16,17396858,"-22.9075","-43.2191"
463,463-SAO CRISTOVAO X COPACABANA(VIA TUNEL REBOUCAS/TUNEL VELHO) - CIRCULAR,Fetranspor,17,17396858,"-22.9075","-43.2189"
463,463-SAO CRISTOVAO X COPACABANA(VIA TUNEL REBOUCAS/TUNEL VELHO) - CIRCULAR,Fetranspor,18,17396858,"-22.9075","-43.2187"
463,463-SAO CRISTOVAO X COPACABANA(VIA TUNEL REBOUCAS/TUNEL VELHO) - CIRCULAR,Fetranspor,19,17396858,"-22.9075","-43.2182"
463,463-SAO CRISTOVAO X COPACABANA(VIA TUNEL REBOUCAS/TUNEL VELHO) - CIRCULAR,Fetranspor,20,17396858,"-22.9075","-43.2182"
463,463-SAO CRISTOVAO X COPACABANA(VIA TUNEL REBOUCAS/TUNEL VELHO) - CIRCULAR,Fetranspor,21,17396858,"-22.9075","-43.2179"
463,463-SAO CRISTOVAO X COPACABANA(VIA TUNEL REBOUCAS/TUNEL VELHO) - CIRCULAR,Fetranspor,22,17396858,"-22.9075","-43.2179"
463,463-SAO CRISTOVAO X COPACABANA(VIA TUNEL REBOUCAS/TUNEL VELHO) - CIRCULAR,Fetranspor,23,17396858,"-22.9075","-43.2178"
463,463-SAO CRISTOVAO X COPACABANA(VIA TUNEL REBOUCAS/TUNEL VELHO) - CIRCULAR,Fetranspor,24,17396858,"-22.9075","-43.2178"
463,463-SAO CRISTOVAO X COPACABANA(VIA TUNEL REBOUCAS/TUNEL VELHO) - CIRCULAR,Fetranspor,25,17396858,"-22.9075","-43.2177"
463,463-SAO CRISTOVAO X COPACABANA(VIA TUNEL REBOUCAS/TUNEL VELHO) - CIRCULAR,Fetranspor,26,17396858,"-22.9075","-43.2177"
463,463-SAO CRISTOVAO X COPACABANA(VIA TUNEL REBOUCAS/TUNEL VELHO) - CIRCULAR,Fetranspor,27,17396858,"-22.9075","-43.2176"
463,463-SAO CRISTOVAO X COPACABANA(VIA TUNEL REBOUCAS/TUNEL VELHO) - CIRCULAR,Fetranspor,28,17396858,"-22.9075","-43.2175"
463,463-SAO CRISTOVAO X COPACABANA(VIA TUNEL REBOUCAS/TUNEL VELHO) - CIRCULAR,Fetranspor,29,17396858,"-22.9072","-43.2151"
463,463-SAO CRISTOVAO X COPACABANA(VIA TUNEL REBOUCAS/TUNEL VELHO) - CIRCULAR,Fetranspor,30,17396858,"-22.9071","-43.2136"
463,463-SAO CRISTOVAO X COPACABANA(VIA TUNEL REBOUCAS/TUNEL VELHO) - CIRCULAR,Fetranspor,31,17396858,"-22.9071","-43.2135"
463,463-SAO CRISTOVAO X COPACABANA(VIA TUNEL REBOUCAS/TUNEL VELHO) - CIRCULAR,Fetranspor,32,17396858,"-22.9071","-43.2135"
463,463-SAO CRISTOVAO X COPACABANA(VIA TUNEL REBOUCAS/TUNEL VELHO) - CIRCULAR,Fetranspor,33,17396858,"-22.9071","-43.2133"
463,463-SAO CRISTOVAO X COPACABANA(VIA TUNEL REBOUCAS/TUNEL VELHO) - CIRCULAR,Fetranspor,34,17396858,"-22.9071","-43.2131"
463,463-SAO CRISTOVAO X COPACABANA(VIA TUNEL REBOUCAS/TUNEL VELHO) - CIRCULAR,Fetranspor,35,17396858,"-22.907","-43.2126"
463,463-SAO CRISTOVAO X COPACABANA(VIA TUNEL REBOUCAS/TUNEL VELHO) - CIRCULAR,Fetranspor,36,17396858,"-22.9068","-43.2103"
463,463-SAO CRISTOVAO X COPACABANA(VIA TUNEL REBOUCAS/TUNEL VELHO) - CIRCULAR,Fetranspor,37,17396858,"-22.9068","-43.2103"
463,463-SAO CRISTOVAO X COPACABANA(VIA TUNEL REBOUCAS/TUNEL VELHO) - CIRCULAR,Fetranspor,38,17396858,"-22.9068","-43.2102"
463,463-SAO CRISTOVAO X COPACABANA(VIA TUNEL REBOUCAS/TUNEL VELHO) - CIRCULAR,Fetranspor,39,17396858,"-22.9068","-43.2101"
463,463-SAO CRISTOVAO X COPACABANA(VIA TUNEL REBOUCAS/TUNEL VELHO) - CIRCULAR,Fetranspor,40,17396858,"-22.9068","-43.2101"
463,463-SAO CRISTOVAO X COPACABANA(VIA TUNEL REBOUCAS/TUNEL VELHO) - CIRCULAR,Fetranspor,41,17396858,"-22.9069","-43.2101"
463,463-SAO CRISTOVAO X COPACABANA(VIA TUNEL REBOUCAS/TUNEL VELHO) - CIRCULAR,Fetranspor,42,17396858,"-22.9069","-43.2101"
463,463-SAO CRISTOVAO X COPACABANA(VIA TUNEL REBOUCAS/TUNEL VELHO) - CIRCULAR,Fetranspor,43,17396858,"-22.9073","-43.2101"
463,463-SAO CRISTOVAO X COPACABANA(VIA TUNEL REBOUCAS/TUNEL VELHO) - CIRCULAR,Fetranspor,44,17396858,"-22.9073","-43.2101"
463,463-SAO CRISTOVAO X COPACABANA(VIA TUNEL REBOUCAS/TUNEL VELHO) - CIRCULAR,Fetranspor,45,17396858,"-22.9077","-43.2101"
463,463-SAO CRISTOVAO X COPACABANA(VIA TUNEL REBOUCAS/TUNEL VELHO) - CIRCULAR,Fetranspor,46,17396858,"-22.9082","-43.2101"
463,463-SAO CRISTOVAO X COPACABANA(VIA TUNEL REBOUCAS/TUNEL VELHO) - CIRCULAR,Fetranspor,47,17396858,"-22.9082","-43.2101"
463,463-SAO CRISTOVAO X COPACABANA(VIA TUNEL REBOUCAS/TUNEL VELHO) - CIRCULAR,Fetranspor,48,17396858,"-22.9092","-43.21"
463,463-SAO CRISTOVAO X COPACABANA(VIA TUNEL REBOUCAS/TUNEL VELHO) - CIRCULAR,Fetranspor,49,17396858,"-22.9096","-43.2099"
463,463-SAO CRISTOVAO X COPACABANA(VIA TUNEL REBOUCAS/TUNEL VELHO) - CIRCULAR,Fetranspor,50,17396858,"-22.9096","-43.2099"
463,463-SAO CRISTOVAO X COPACABANA(VIA TUNEL REBOUCAS/TUNEL VELHO) - CIRCULAR,Fetranspor,51,17396858,"-22.9097","-43.2099"
463,463-SAO CRISTOVAO X COPACABANA(VIA TUNEL REBOUCAS/TUNEL VELHO) - CIRCULAR,Fetranspor,52,17396858,"-22.9097","-43.2099"
463,463-SAO CRISTOVAO X COPACABANA(VIA TUNEL REBOUCAS/TUNEL VELHO) - CIRCULAR,Fetranspor,53,17396858,"-22.9098","-43.2099"
463,463-SAO CRISTOVAO X COPACABANA(VIA TUNEL REBOUCAS/TUNEL VELHO) - CIRCULAR,Fetranspor,54,17396858,"-22.9099","-43.2099"
463,463-SAO CRISTOVAO X COPACABANA(VIA TUNEL REBOUCAS/TUNEL VELHO) - CIRCULAR,Fetranspor,55,17396858,"-22.9099","-43.2099"
463,463-SAO CRISTOVAO X COPACABANA(VIA TUNEL REBOUCAS/TUNEL VELHO) - CIRCULAR,Fetranspor,56,17396858,"-22.91","-43.21"
463,463-SAO CRISTOVAO X COPACABANA(VIA TUNEL REBOUCAS/TUNEL VELHO) - CIRCULAR,Fetranspor,57,17396858,"-22.91","-43.21"
463,463-SAO CRISTOVAO X COPACABANA(VIA TUNEL REBOUCAS/TUNEL VELHO) - CIRCULAR,Fetranspor,58,17396858,"-22.9101","-43.2101"
463,463-SAO CRISTOVAO X COPACABANA(VIA TUNEL REBOUCAS/TUNEL VELHO) - CIRCULAR,Fetranspor,59,17396858,"-22.9101","-43.2102"
463,463-SAO CRISTOVAO X COPACABANA(VIA TUNEL REBOUCAS/TUNEL VELHO) - CIRCULAR,Fetranspor,60,17396858,"-22.9101","-43.2103"
463,463-SAO CRISTOVAO X COPACABANA(VIA TUNEL REBOUCAS/TUNEL VELHO) - CIRCULAR,Fetranspor,61,17396858,"-22.9102","-43.2105"
463,463-SAO CRISTOVAO X COPACABANA(VIA TUNEL REBOUCAS/TUNEL VELHO) - CIRCULAR,Fetranspor,62,17396858,"-22.9102","-43.2105"
463,463-SAO CRISTOVAO X COPACABANA(VIA TUNEL REBOUCAS/TUNEL VELHO) - CIRCULAR,Fetranspor,63,17396858,"-22.9102","-43.2106"
463,463-SAO CRISTOVAO X COPACABANA(VIA TUNEL REBOUCAS/TUNEL VELHO) - CIRCULAR,Fetranspor,64,17396858,"-22.9103","-43.2107"
463,463-SAO CRISTOVAO X COPACABANA(VIA TUNEL REBOUCAS/TUNEL VELHO) - CIRCULAR,Fetranspor,65,17396858,"-22.9104","-43.2108"
463,463-SAO CRISTOVAO X COPACABANA(VIA TUNEL REBOUCAS/TUNEL VELHO) - CIRCULAR,Fetranspor,66,17396858,"-22.9105","-43.2108"
463,463-SAO CRISTOVAO X COPACABANA(VIA TUNEL REBOUCAS/TUNEL VELHO) - CIRCULAR,Fetranspor,67,17396858,"-22.9106","-43.2108"
463,463-SAO CRISTOVAO X COPACABANA(VIA TUNEL REBOUCAS/TUNEL VELHO) - CIRCULAR,Fetranspor,68,17396858,"-22.9107","-43.2108"
463,463-SAO CRISTOVAO X COPACABANA(VIA TUNEL REBOUCAS/TUNEL VELHO) - CIRCULAR,Fetranspor,69,17396858,"-22.9108","-43.2108"
463,463-SAO CRISTOVAO X COPACABANA(VIA TUNEL REBOUCAS/TUNEL VELHO) - CIRCULAR,Fetranspor,70,17396858,"-22.9108","-43.2107"
463,463-SAO CRISTOVAO X COPACABANA(VIA TUNEL REBOUCAS/TUNEL VELHO) - CIRCULAR,Fetranspor,71,17396858,"-22.9109","-43.2107"
463,463-SAO CRISTOVAO X COPACABANA(VIA TUNEL REBOUCAS/TUNEL VELHO) - CIRCULAR,Fetranspor,72,17396858,"-22.9109","-43.2106"
463,463-SAO CRISTOVAO X COPACABANA(VIA TUNEL REBOUCAS/TUNEL VELHO) - CIRCULAR,Fetranspor,73,17396858,"-22.9109","-43.2106"
463,463-SAO CRISTOVAO X COPACABANA(VIA TUNEL REBOUCAS/TUNEL VELHO) - CIRCULAR,Fetranspor,74,17396858,"-22.911","-43.2103"
463,463-SAO CRISTOVAO X COPACABANA(VIA TUNEL REBOUCAS/TUNEL VELHO) - CIRCULAR,Fetranspor,75,17396858,"-22.911","-43.2102"
463,463-SAO CRISTOVAO X COPACABANA(VIA TUNEL REBOUCAS/TUNEL VELHO) - CIRCULAR,Fetranspor,76,17396858,"-22.911","-43.2102"
463,463-SAO CRISTOVAO X COPACABANA(VIA TUNEL REBOUCAS/TUNEL VELHO) - CIRCULAR,Fetranspor,77,17396858,"-22.911","-43.2102"
463,463-SAO CRISTOVAO X COPACABANA(VIA TUNEL REBOUCAS/TUNEL VELHO) - CIRCULAR,Fetranspor,78,17396858,"-22.9111","-43.2101"
463,463-SAO CRISTOVAO X COPACABANA(VIA TUNEL REBOUCAS/TUNEL VELHO) - CIRCULAR,Fetranspor,79,17396858,"-22.9112","-43.2101"
463,463-SAO CRISTOVAO X COPACABANA(VIA TUNEL REBOUCAS/TUNEL VELHO) - CIRCULAR,Fetranspor,80,17396858,"-22.9112","-43.21"
463,463-SAO CRISTOVAO X COPACABANA(VIA TUNEL REBOUCAS/TUNEL VELHO) - CIRCULAR,Fetranspor,81,17396858,"-22.9113","-43.2099"
463,463-SAO CRISTOVAO X COPACABANA(VIA TUNEL REBOUCAS/TUNEL VELHO) - CIRCULAR,Fetranspor,82,17396858,"-22.9115","-43.2099"
463,463-SAO CRISTOVAO X COPACABANA(VIA TUNEL REBOUCAS/TUNEL VELHO) - CIRCULAR,Fetranspor,83,17396858,"-22.9116","-43.2098"
463,463-SAO CRISTOVAO X COPACABANA(VIA TUNEL REBOUCAS/TUNEL VELHO) - CIRCULAR,Fetranspor,84,17396858,"-22.9118","-43.2098"
463,463-SAO CRISTOVAO X COPACABANA(VIA TUNEL REBOUCAS/TUNEL VELHO) - CIRCULAR,Fetranspor,85,17396858,"-22.9118","-43.2098"
463,463-SAO CRISTOVAO X COPACABANA(VIA TUNEL REBOUCAS/TUNEL VELHO) - CIRCULAR,Fetranspor,86,17396858,"-22.9119","-43.2098"
463,463-SAO CRISTOVAO X COPACABANA(VIA TUNEL REBOUCAS/TUNEL VELHO) - CIRCULAR,Fetranspor,87,17396858,"-22.912","-43.2098"
463,463-SAO CRISTOVAO X COPACABANA(VIA TUNEL REBOUCAS/TUNEL VELHO) - CIRCULAR,Fetranspor,88,17396858,"-22.9121","-43.2098"
463,463-SAO CRISTOVAO X COPACABANA(VIA TUNEL REBOUCAS/TUNEL VELHO) - CIRCULAR,Fetranspor,89,17396858,"-22.9126","-43.21"
463,463-SAO CRISTOVAO X COPACABANA(VIA TUNEL REBOUCAS/TUNEL VELHO) - CIRCULAR,Fetranspor,90,17396858,"-22.9127","-43.2101"
463,463-SAO CRISTOVAO X COPACABANA(VIA TUNEL REBOUCAS/TUNEL VELHO) - CIRCULAR,Fetranspor,91,17396858,"-22.913","-43.2101"
463,463-SAO CRISTOVAO X COPACABANA(VIA TUNEL REBOUCAS/TUNEL VELHO) - CIRCULAR,Fetranspor,92,17396858,"-22.9131","-43.2101"
463,463-SAO CRISTOVAO X COPACABANA(VIA TUNEL REBOUCAS/TUNEL VELHO) - CIRCULAR,Fetranspor,93,17396858,"-22.9132","-43.2101"
463,463-SAO CRISTOVAO X COPACABANA(VIA TUNEL REBOUCAS/TUNEL VELHO) - CIRCULAR,Fetranspor,94,17396858,"-22.9132","-43.2101"
463,463-SAO CRISTOVAO X COPACABANA(VIA TUNEL REBOUCAS/TUNEL VELHO) - CIRCULAR,Fetranspor,95,17396858,"-22.9142","-43.2102"
463,463-SAO CRISTOVAO X COPACABANA(VIA TUNEL REBOUCAS/TUNEL VELHO) - CIRCULAR,Fetranspor,96,17396858,"-22.9149","-43.2102"
463,463-SAO CRISTOVAO X COPACABANA(VIA TUNEL REBOUCAS/TUNEL VELHO) - CIRCULAR,Fetranspor,97,17396858,"-22.9153","-43.2102"
463,463-SAO CRISTOVAO X COPACABANA(VIA TUNEL REBOUCAS/TUNEL VELHO) - CIRCULAR,Fetranspor,98,17396858,"-22.9157","-43.2102"
463,463-SAO CRISTOVAO X COPACABANA(VIA TUNEL REBOUCAS/TUNEL VELHO) - CIRCULAR,Fetranspor,99,17396858,"-22.9168","-43.2102"
463,463-SAO CRISTOVAO X COPACABANA(VIA TUNEL REBOUCAS/TUNEL VELHO) - CIRCULAR,Fetranspor,100,17396858,"-22.9188","-43.21"
463,463-SAO CRISTOVAO X COPACABANA(VIA TUNEL REBOUCAS/TUNEL VELHO) - CIRCULAR,Fetranspor,101,17396858,"-22.92","-43.21"
463,463-SAO CRISTOVAO X COPACABANA(VIA TUNEL REBOUCAS/TUNEL VELHO) - CIRCULAR,Fetranspor,102,17396858,"-22.9214","-43.2099"
463,463-SAO CRISTOVAO X COPACABANA(VIA TUNEL REBOUCAS/TUNEL VELHO) - CIRCULAR,Fetranspor,103,17396858,"-22.9217","-43.2099"
463,463-SAO CRISTOVAO X COPACABANA(VIA TUNEL REBOUCAS/TUNEL VELHO) - CIRCULAR,Fetranspor,104,17396858,"-22.9221","-43.2098"
463,463-SAO CRISTOVAO X COPACABANA(VIA TUNEL REBOUCAS/TUNEL VELHO) - CIRCULAR,Fetranspor,105,17396858,"-22.9247","-43.2097"
463,463-SAO CRISTOVAO X COPACABANA(VIA TUNEL REBOUCAS/TUNEL VELHO) - CIRCULAR,Fetranspor,106,17396858,"-22.9255","-43.2096"
463,463-SAO CRISTOVAO X COPACABANA(VIA TUNEL REBOUCAS/TUNEL VELHO) - CIRCULAR,Fetranspor,107,17396858,"-22.9266","-43.2096"
463,463-SAO CRISTOVAO X COPACABANA(VIA TUNEL REBOUCAS/TUNEL VELHO) - CIRCULAR,Fetranspor,108,17396858,"-22.927","-43.2096"
463,463-SAO CRISTOVAO X COPACABANA(VIA TUNEL REBOUCAS/TUNEL VELHO) - CIRCULAR,Fetranspor,109,17396858,"-22.9283","-43.2095"
463,463-SAO CRISTOVAO X COPACABANA(VIA TUNEL REBOUCAS/TUNEL VELHO) - CIRCULAR,Fetranspor,110,17396858,"-22.9287","-43.2094"
463,463-SAO CRISTOVAO X COPACABANA(VIA TUNEL REBOUCAS/TUNEL VELHO) - CIRCULAR,Fetranspor,111,17396858,"-22.929","-43.2094"
463,463-SAO CRISTOVAO X COPACABANA(VIA TUNEL REBOUCAS/TUNEL VELHO) - CIRCULAR,Fetranspor,112,17396858,"-22.9292","-43.2093"
463,463-SAO CRISTOVAO X COPACABANA(VIA TUNEL REBOUCAS/TUNEL VELHO) - CIRCULAR,Fetranspor,113,17396858,"-22.9295","-43.2092"
463,463-SAO CRISTOVAO X COPACABANA(VIA TUNEL REBOUCAS/TUNEL VELHO) - CIRCULAR,Fetranspor,114,17396858,"-22.9301","-43.209"
463,463-SAO CRISTOVAO X COPACABANA(VIA TUNEL REBOUCAS/TUNEL VELHO) - CIRCULAR,Fetranspor,115,17396858,"-22.9306","-43.2089"
463,463-SAO CRISTOVAO X COPACABANA(VIA TUNEL REBOUCAS/TUNEL VELHO) - CIRCULAR,Fetranspor,116,17396858,"-22.9307","-43.2089"
463,463-SAO CRISTOVAO X COPACABANA(VIA TUNEL REBOUCAS/TUNEL VELHO) - CIRCULAR,Fetranspor,117,17396858,"-22.9309","-43.2089"
463,463-SAO CRISTOVAO X COPACABANA(VIA TUNEL REBOUCAS/TUNEL VELHO) - CIRCULAR,Fetranspor,118,17396858,"-22.931","-43.2089"
463,463-SAO CRISTOVAO X COPACABANA(VIA TUNEL REBOUCAS/TUNEL VELHO) - CIRCULAR,Fetranspor,119,17396858,"-22.9312","-43.2089"
463,463-SAO CRISTOVAO X COPACABANA(VIA TUNEL REBOUCAS/TUNEL VELHO) - CIRCULAR,Fetranspor,120,17396858,"-22.9315","-43.2091"
463,463-SAO CRISTOVAO X COPACABANA(VIA TUNEL REBOUCAS/TUNEL VELHO) - CIRCULAR,Fetranspor,121,17396858,"-22.9321","-43.2094"
463,463-SAO CRISTOVAO X COPACABANA(VIA TUNEL REBOUCAS/TUNEL VELHO) - CIRCULAR,Fetranspor,122,17396858,"-22.9324","-43.2096"
463,463-SAO CRISTOVAO X COPACABANA(VIA TUNEL REBOUCAS/TUNEL VELHO) - CIRCULAR,Fetranspor,123,17396858,"-22.9326","-43.2096"
463,463-SAO CRISTOVAO X COPACABANA(VIA TUNEL REBOUCAS/TUNEL VELHO) - CIRCULAR,Fetranspor,124,17396858,"-22.9328","-43.2097"
463,463-SAO CRISTOVAO X COPACABANA(VIA TUNEL REBOUCAS/TUNEL VELHO) - CIRCULAR,Fetranspor,125,17396858,"-22.9334","-43.2098"
463,463-SAO CRISTOVAO X COPACABANA(VIA TUNEL REBOUCAS/TUNEL VELHO) - CIRCULAR,Fetranspor,126,17396858,"-22.9339","-43.21"
463,463-SAO CRISTOVAO X COPACABANA(VIA TUNEL REBOUCAS/TUNEL VELHO) - CIRCULAR,Fetranspor,127,17396858,"-22.9341","-43.21"
463,463-SAO CRISTOVAO X COPACABANA(VIA TUNEL REBOUCAS/TUNEL VELHO) - CIRCULAR,Fetranspor,128,17396858,"-22.9342","-43.21"
463,463-SAO CRISTOVAO X COPACABANA(VIA TUNEL REBOUCAS/TUNEL VELHO) - CIRCULAR,Fetranspor,129,17396858,"-22.9344","-43.2099"
463,463-SAO CRISTOVAO X COPACABANA(VIA TUNEL REBOUCAS/TUNEL VELHO) - CIRCULAR,Fetranspor,130,17396858,"-22.9345","-43.2099"
463,463-SAO CRISTOVAO X COPACABANA(VIA TUNEL REBOUCAS/TUNEL VELHO) - CIRCULAR,Fetranspor,131,17396858,"-22.9347","-43.2098"
463,463-SAO CRISTOVAO X COPACABANA(VIA TUNEL REBOUCAS/TUNEL VELHO) - CIRCULAR,Fetranspor,132,17396858,"-22.9347","-43.2098"
463,463-SAO CRISTOVAO X COPACABANA(VIA TUNEL REBOUCAS/TUNEL VELHO) - CIRCULAR,Fetranspor,133,17396858,"-22.9349","-43.2096"
463,463-SAO CRISTOVAO X COPACABANA(VIA TUNEL REBOUCAS/TUNEL VELHO) - CIRCULAR,Fetranspor,134,17396858,"-22.9349","-43.2096"
463,463-SAO CRISTOVAO X COPACABANA(VIA TUNEL REBOUCAS/TUNEL VELHO) - CIRCULAR,Fetranspor,135,17396858,"-22.935","-43.2096"
463,463-SAO CRISTOVAO X COPACABANA(VIA TUNEL REBOUCAS/TUNEL VELHO) - CIRCULAR,Fetranspor,136,17396858,"-22.935","-43.2096"
463,463-SAO CRISTOVAO X COPACABANA(VIA TUNEL REBOUCAS/TUNEL VELHO) - CIRCULAR,Fetranspor,137,17396858,"-22.9352","-43.2094"
463,463-SAO CRISTOVAO X COPACABANA(VIA TUNEL REBOUCAS/TUNEL VELHO) - CIRCULAR,Fetranspor,138,17396858,"-22.9357","-43.2088"
463,463-SAO CRISTOVAO X COPACABANA(VIA TUNEL REBOUCAS/TUNEL VELHO) - CIRCULAR,Fetranspor,139,17396858,"-22.9373","-43.2057"
463,463-SAO CRISTOVAO X COPACABANA(VIA TUNEL REBOUCAS/TUNEL VELHO) - CIRCULAR,Fetranspor,140,17396858,"-22.9376","-43.205"
463,463-SAO CRISTOVAO X COPACABANA(VIA TUNEL REBOUCAS/TUNEL VELHO) - CIRCULAR,Fetranspor,141,17396858,"-22.9377","-43.2049"
463,463-SAO CRISTOVAO X COPACABANA(VIA TUNEL REBOUCAS/TUNEL VELHO) - CIRCULAR,Fetranspor,142,17396858,"-22.9383","-43.2037"
463,463-SAO CRISTOVAO X COPACABANA(VIA TUNEL REBOUCAS/TUNEL VELHO) - CIRCULAR,Fetranspor,143,17396858,"-22.9385","-43.2034"
463,463-SAO CRISTOVAO X COPACABANA(VIA TUNEL REBOUCAS/TUNEL VELHO) - CIRCULAR,Fetranspor,144,17396858,"-22.9388","-43.2031"
463,463-SAO CRISTOVAO X COPACABANA(VIA TUNEL REBOUCAS/TUNEL VELHO) - CIRCULAR,Fetranspor,145,17396858,"-22.9388","-43.203"
463,463-SAO CRISTOVAO X COPACABANA(VIA TUNEL REBOUCAS/TUNEL VELHO) - CIRCULAR,Fetranspor,146,17396858,"-22.939","-43.2029"
463,463-SAO CRISTOVAO X COPACABANA(VIA TUNEL REBOUCAS/TUNEL VELHO) - CIRCULAR,Fetranspor,147,17396858,"-22.9391","-43.2028"
463,463-SAO CRISTOVAO X COPACABANA(VIA TUNEL REBOUCAS/TUNEL VELHO) - CIRCULAR,Fetranspor,148,17396858,"-22.9394","-43.2026"
463,463-SAO CRISTOVAO X COPACABANA(VIA TUNEL REBOUCAS/TUNEL VELHO) - CIRCULAR,Fetranspor,149,17396858,"-22.9396","-43.2025"
463,463-SAO CRISTOVAO X COPACABANA(VIA TUNEL REBOUCAS/TUNEL VELHO) - CIRCULAR,Fetranspor,150,17396858,"-22.9396","-43.2025"
463,463-SAO CRISTOVAO X COPACABANA(VIA TUNEL REBOUCAS/TUNEL VELHO) - CIRCULAR,Fetranspor,151,17396858,"-22.9397","-43.2025"
463,463-SAO CRISTOVAO X COPACABANA(VIA TUNEL REBOUCAS/TUNEL VELHO) - CIRCULAR,Fetranspor,152,17396858,"-22.9398","-43.2025"
463,463-SAO CRISTOVAO X COPACABANA(VIA TUNEL REBOUCAS/TUNEL VELHO) - CIRCULAR,Fetranspor,153,17396858,"-22.9399","-43.2025"
463,463-SAO CRISTOVAO X COPACABANA(VIA TUNEL REBOUCAS/TUNEL VELHO) - CIRCULAR,Fetranspor,154,17396858,"-22.9401","-43.2024"
463,463-SAO CRISTOVAO X COPACABANA(VIA TUNEL REBOUCAS/TUNEL VELHO) - CIRCULAR,Fetranspor,155,17396858,"-22.9405","-43.2024"
463,463-SAO CRISTOVAO X COPACABANA(VIA TUNEL REBOUCAS/TUNEL VELHO) - CIRCULAR,Fetranspor,156,17396858,"-22.9411","-43.2025"
463,463-SAO CRISTOVAO X COPACABANA(VIA TUNEL REBOUCAS/TUNEL VELHO) - CIRCULAR,Fetranspor,157,17396858,"-22.9449","-43.2029"
463,463-SAO CRISTOVAO X COPACABANA(VIA TUNEL REBOUCAS/TUNEL VELHO) - CIRCULAR,Fetranspor,158,17396858,"-22.9481","-43.2033"
463,463-SAO CRISTOVAO X COPACABANA(VIA TUNEL REBOUCAS/TUNEL VELHO) - CIRCULAR,Fetranspor,159,17396858,"-22.9485","-43.2034"
463,463-SAO CRISTOVAO X COPACABANA(VIA TUNEL REBOUCAS/TUNEL VELHO) - CIRCULAR,Fetranspor,160,17396858,"-22.9533","-43.204"
463,463-SAO CRISTOVAO X COPACABANA(VIA TUNEL REBOUCAS/TUNEL VELHO) - CIRCULAR,Fetranspor,161,17396858,"-22.9568","-43.2044"
463,463-SAO CRISTOVAO X COPACABANA(VIA TUNEL REBOUCAS/TUNEL VELHO) - CIRCULAR,Fetranspor,162,17396858,"-22.9579","-43.2045"
463,463-SAO CRISTOVAO X COPACABANA(VIA TUNEL REBOUCAS/TUNEL VELHO) - CIRCULAR,Fetranspor,163,17396858,"-22.9584","-43.2046"
463,463-SAO CRISTOVAO X COPACABANA(VIA TUNEL REBOUCAS/TUNEL VELHO) - CIRCULAR,Fetranspor,164,17396858,"-22.9586","-43.2046"
463,463-SAO CRISTOVAO X COPACABANA(VIA TUNEL REBOUCAS/TUNEL VELHO) - CIRCULAR,Fetranspor,165,17396858,"-22.9589","-43.2045"
463,463-SAO CRISTOVAO X COPACABANA(VIA TUNEL REBOUCAS/TUNEL VELHO) - CIRCULAR,Fetranspor,166,17396858,"-22.9589","-43.2045"
463,463-SAO CRISTOVAO X COPACABANA(VIA TUNEL REBOUCAS/TUNEL VELHO) - CIRCULAR,Fetranspor,167,17396858,"-22.9593","-43.2044"
463,463-SAO CRISTOVAO X COPACABANA(VIA TUNEL REBOUCAS/TUNEL VELHO) - CIRCULAR,Fetranspor,168,17396858,"-22.9601","-43.2043"
463,463-SAO CRISTOVAO X COPACABANA(VIA TUNEL REBOUCAS/TUNEL VELHO) - CIRCULAR,Fetranspor,169,17396858,"-22.9602","-43.2043"
463,463-SAO CRISTOVAO X COPACABANA(VIA TUNEL REBOUCAS/TUNEL VELHO) - CIRCULAR,Fetranspor,170,17396858,"-22.9602","-43.2043"
463,463-SAO CRISTOVAO X COPACABANA(VIA TUNEL REBOUCAS/TUNEL VELHO) - CIRCULAR,Fetranspor,171,17396858,"-22.9603","-43.2043"
463,463-SAO CRISTOVAO X COPACABANA(VIA TUNEL REBOUCAS/TUNEL VELHO) - CIRCULAR,Fetranspor,172,17396858,"-22.9603","-43.2043"
463,463-SAO CRISTOVAO X COPACABANA(VIA TUNEL REBOUCAS/TUNEL VELHO) - CIRCULAR,Fetranspor,173,17396858,"-22.9607","-43.2042"
463,463-SAO CRISTOVAO X COPACABANA(VIA TUNEL REBOUCAS/TUNEL VELHO) - CIRCULAR,Fetranspor,174,17396858,"-22.9607","-43.2042"
463,463-SAO CRISTOVAO X COPACABANA(VIA TUNEL REBOUCAS/TUNEL VELHO) - CIRCULAR,Fetranspor,175,17396858,"-22.9607","-43.2042"
463,463-SAO CRISTOVAO X COPACABANA(VIA TUNEL REBOUCAS/TUNEL VELHO) - CIRCULAR,Fetranspor,176,17396858,"-22.9608","-43.2042"
463,463-SAO CRISTOVAO X COPACABANA(VIA TUNEL REBOUCAS/TUNEL VELHO) - CIRCULAR,Fetranspor,177,17396858,"-22.9608","-43.2042"
463,463-SAO CRISTOVAO X COPACABANA(VIA TUNEL REBOUCAS/TUNEL VELHO) - CIRCULAR,Fetranspor,178,17396858,"-22.9612","-43.2041"
463,463-SAO CRISTOVAO X COPACABANA(VIA TUNEL REBOUCAS/TUNEL VELHO) - CIRCULAR,Fetranspor,179,17396858,"-22.9612","-43.2041"
463,463-SAO CRISTOVAO X COPACABANA(VIA TUNEL REBOUCAS/TUNEL VELHO) - CIRCULAR,Fetranspor,180,17396858,"-22.9615","-43.2041"
463,463-SAO CRISTOVAO X COPACABANA(VIA TUNEL REBOUCAS/TUNEL VELHO) - CIRCULAR,Fetranspor,181,17396858,"-22.9616","-43.2042"
463,463-SAO CRISTOVAO X COPACABANA(VIA TUNEL REBOUCAS/TUNEL VELHO) - CIRCULAR,Fetranspor,182,17396858,"-22.9618","-43.2043"
463,463-SAO CRISTOVAO X COPACABANA(VIA TUNEL REBOUCAS/TUNEL VELHO) - CIRCULAR,Fetranspor,183,17396858,"-22.962","-43.2044"
463,463-SAO CRISTOVAO X COPACABANA(VIA TUNEL REBOUCAS/TUNEL VELHO) - CIRCULAR,Fetranspor,184,17396858,"-22.962","-43.2044"
463,463-SAO CRISTOVAO X COPACABANA(VIA TUNEL REBOUCAS/TUNEL VELHO) - CIRCULAR,Fetranspor,185,17396858,"-22.9622","-43.2045"
463,463-SAO CRISTOVAO X COPACABANA(VIA TUNEL REBOUCAS/TUNEL VELHO) - CIRCULAR,Fetranspor,186,17396858,"-22.9623","-43.2046"
463,463-SAO CRISTOVAO X COPACABANA(VIA TUNEL REBOUCAS/TUNEL VELHO) - CIRCULAR,Fetranspor,187,17396858,"-22.9624","-43.2047"
463,463-SAO CRISTOVAO X COPACABANA(VIA TUNEL REBOUCAS/TUNEL VELHO) - CIRCULAR,Fetranspor,188,17396858,"-22.9625","-43.2048"
463,463-SAO CRISTOVAO X COPACABANA(VIA TUNEL REBOUCAS/TUNEL VELHO) - CIRCULAR,Fetranspor,189,17396858,"-22.9625","-43.2049"
463,463-SAO CRISTOVAO X COPACABANA(VIA TUNEL REBOUCAS/TUNEL VELHO) - CIRCULAR,Fetranspor,190,17396858,"-22.9625","-43.205"
463,463-SAO CRISTOVAO X COPACABANA(VIA TUNEL REBOUCAS/TUNEL VELHO) - CIRCULAR,Fetranspor,191,17396858,"-22.9626","-43.2052"
463,463-SAO CRISTOVAO X COPACABANA(VIA TUNEL REBOUCAS/TUNEL VELHO) - CIRCULAR,Fetranspor,192,17396858,"-22.9626","-43.2056"
463,463-SAO CRISTOVAO X COPACABANA(VIA TUNEL REBOUCAS/TUNEL VELHO) - CIRCULAR,Fetranspor,193,17396858,"-22.9627","-43.2062"
463,463-SAO CRISTOVAO X COPACABANA(VIA TUNEL REBOUCAS/TUNEL VELHO) - CIRCULAR,Fetranspor,194,17396858,"-22.9627","-43.2062"
463,463-SAO CRISTOVAO X COPACABANA(VIA TUNEL REBOUCAS/TUNEL VELHO) - CIRCULAR,Fetranspor,195,17396858,"-22.9628","-43.2069"
463,463-SAO CRISTOVAO X COPACABANA(VIA TUNEL REBOUCAS/TUNEL VELHO) - CIRCULAR,Fetranspor,196,17396858,"-22.9628","-43.207"
463,463-SAO CRISTOVAO X COPACABANA(VIA TUNEL REBOUCAS/TUNEL VELHO) - CIRCULAR,Fetranspor,197,17396858,"-22.9628","-43.207"
463,463-SAO CRISTOVAO X COPACABANA(VIA TUNEL REBOUCAS/TUNEL VELHO) - CIRCULAR,Fetranspor,198,17396858,"-22.9628","-43.2074"
463,463-SAO CRISTOVAO X COPACABANA(VIA TUNEL REBOUCAS/TUNEL VELHO) - CIRCULAR,Fetranspor,199,17396858,"-22.9628","-43.2076"
463,463-SAO CRISTOVAO X COPACABANA(VIA TUNEL REBOUCAS/TUNEL VELHO) - CIRCULAR,Fetranspor,200,17396858,"-22.9628","-43.2076"
463,463-SAO CRISTOVAO X COPACABANA(VIA TUNEL REBOUCAS/TUNEL VELHO) - CIRCULAR,Fetranspor,201,17396858,"-22.9623","-43.2077"
463,463-SAO CRISTOVAO X COPACABANA(VIA TUNEL REBOUCAS/TUNEL VELHO) - CIRCULAR,Fetranspor,202,17396858,"-22.9622","-43.2077"
463,463-SAO CRISTOVAO X COPACABANA(VIA TUNEL REBOUCAS/TUNEL VELHO) - CIRCULAR,Fetranspor,203,17396858,"-22.9622","-43.2077"
463,463-SAO CRISTOVAO X COPACABANA(VIA TUNEL REBOUCAS/TUNEL VELHO) - CIRCULAR,Fetranspor,204,17396858,"-22.9621","-43.2078"
463,463-SAO CRISTOVAO X COPACABANA(VIA TUNEL REBOUCAS/TUNEL VELHO) - CIRCULAR,Fetranspor,205,17396858,"-22.9621","-43.2078"
463,463-SAO CRISTOVAO X COPACABANA(VIA TUNEL REBOUCAS/TUNEL VELHO) - CIRCULAR,Fetranspor,206,17396858,"-22.9618","-43.2078"
463,463-SAO CRISTOVAO X COPACABANA(VIA TUNEL REBOUCAS/TUNEL VELHO) - CIRCULAR,Fetranspor,207,17396858,"-22.9618","-43.2078"
463,463-SAO CRISTOVAO X COPACABANA(VIA TUNEL REBOUCAS/TUNEL VELHO) - CIRCULAR,Fetranspor,208,17396858,"-22.9616","-43.2078"
463,463-SAO CRISTOVAO X COPACABANA(VIA TUNEL REBOUCAS/TUNEL VELHO) - CIRCULAR,Fetranspor,209,17396858,"-22.9607","-43.208"
463,463-SAO CRISTOVAO X COPACABANA(VIA TUNEL REBOUCAS/TUNEL VELHO) - CIRCULAR,Fetranspor,210,17396858,"-22.9607","-43.208"
463,463-SAO CRISTOVAO X COPACABANA(VIA TUNEL REBOUCAS/TUNEL VELHO) - CIRCULAR,Fetranspor,211,17396858,"-22.9606","-43.207"
463,463-SAO CRISTOVAO X COPACABANA(VIA TUNEL REBOUCAS/TUNEL VELHO) - CIRCULAR,Fetranspor,212,17396858,"-22.9606","-43.207"
463,463-SAO CRISTOVAO X COPACABANA(VIA TUNEL REBOUCAS/TUNEL VELHO) - CIRCULAR,Fetranspor,213,17396858,"-22.9605","-43.2065"
463,463-SAO CRISTOVAO X COPACABANA(VIA TUNEL REBOUCAS/TUNEL VELHO) - CIRCULAR,Fetranspor,214,17396858,"-22.9605","-43.2065"
463,463-SAO CRISTOVAO X COPACABANA(VIA TUNEL REBOUCAS/TUNEL VELHO) - CIRCULAR,Fetranspor,215,17396858,"-22.9604","-43.206"
463,463-SAO CRISTOVAO X COPACABANA(VIA TUNEL REBOUCAS/TUNEL VELHO) - CIRCULAR,Fetranspor,216,17396858,"-22.9604","-43.206"
463,463-SAO CRISTOVAO X COPACABANA(VIA TUNEL REBOUCAS/TUNEL VELHO) - CIRCULAR,Fetranspor,217,17396858,"-22.9603","-43.2051"
463,463-SAO CRISTOVAO X COPACABANA(VIA TUNEL REBOUCAS/TUNEL VELHO) - CIRCULAR,Fetranspor,218,17396858,"-22.9603","-43.2051"
463,463-SAO CRISTOVAO X COPACABANA(VIA TUNEL REBOUCAS/TUNEL VELHO) - CIRCULAR,Fetranspor,219,17396858,"-22.9603","-43.2043"
463,463-SAO CRISTOVAO X COPACABANA(VIA TUNEL REBOUCAS/TUNEL VELHO) - CIRCULAR,Fetranspor,220,17396858,"-22.9603","-43.2043"
463,463-SAO CRISTOVAO X COPACABANA(VIA TUNEL REBOUCAS/TUNEL VELHO) - CIRCULAR,Fetranspor,221,17396858,"-22.9603","-43.2043"
463,463-SAO CRISTOVAO X COPACABANA(VIA TUNEL REBOUCAS/TUNEL VELHO) - CIRCULAR,Fetranspor,222,17396858,"-22.9603","-43.2043"
463,463-SAO CRISTOVAO X COPACABANA(VIA TUNEL REBOUCAS/TUNEL VELHO) - CIRCULAR,Fetranspor,223,17396858,"-22.9603","-43.2042"
463,463-SAO CRISTOVAO X COPACABANA(VIA TUNEL REBOUCAS/TUNEL VELHO) - CIRCULAR,Fetranspor,224,17396858,"-22.9603","-43.2042"
463,463-SAO CRISTOVAO X COPACABANA(VIA TUNEL REBOUCAS/TUNEL VELHO) - CIRCULAR,Fetranspor,225,17396858,"-22.9603","-43.2041"
463,463-SAO CRISTOVAO X COPACABANA(VIA TUNEL REBOUCAS/TUNEL VELHO) - CIRCULAR,Fetranspor,226,17396858,"-22.9603","-43.2038"
463,463-SAO CRISTOVAO X COPACABANA(VIA TUNEL REBOUCAS/TUNEL VELHO) - CIRCULAR,Fetranspor,227,17396858,"-22.9603","-43.2038"
463,463-SAO CRISTOVAO X COPACABANA(VIA TUNEL REBOUCAS/TUNEL VELHO) - CIRCULAR,Fetranspor,228,17396858,"-22.9603","-43.2035"
463,463-SAO CRISTOVAO X COPACABANA(VIA TUNEL REBOUCAS/TUNEL VELHO) - CIRCULAR,Fetranspor,229,17396858,"-22.9603","-43.203"
463,463-SAO CRISTOVAO X COPACABANA(VIA TUNEL REBOUCAS/TUNEL VELHO) - CIRCULAR,Fetranspor,230,17396858,"-22.9603","-43.203"
463,463-SAO CRISTOVAO X COPACABANA(VIA TUNEL REBOUCAS/TUNEL VELHO) - CIRCULAR,Fetranspor,231,17396858,"-22.9602","-43.2026"
463,463-SAO CRISTOVAO X COPACABANA(VIA TUNEL REBOUCAS/TUNEL VELHO) - CIRCULAR,Fetranspor,232,17396858,"-22.96","-43.2023"
463,463-SAO CRISTOVAO X COPACABANA(VIA TUNEL REBOUCAS/TUNEL VELHO) - CIRCULAR,Fetranspor,233,17396858,"-22.9599","-43.2021"
463,463-SAO CRISTOVAO X COPACABANA(VIA TUNEL REBOUCAS/TUNEL VELHO) - CIRCULAR,Fetranspor,234,17396858,"-22.9599","-43.2021"
463,463-SAO CRISTOVAO X COPACABANA(VIA TUNEL REBOUCAS/TUNEL VELHO) - CIRCULAR,Fetranspor,235,17396858,"-22.9597","-43.2017"
463,463-SAO CRISTOVAO X COPACABANA(VIA TUNEL REBOUCAS/TUNEL VELHO) - CIRCULAR,Fetranspor,236,17396858,"-22.9595","-43.2011"
463,463-SAO CRISTOVAO X COPACABANA(VIA TUNEL REBOUCAS/TUNEL VELHO) - CIRCULAR,Fetranspor,237,17396858,"-22.9595","-43.2011"
463,463-SAO CRISTOVAO X COPACABANA(VIA TUNEL REBOUCAS/TUNEL VELHO) - CIRCULAR,Fetranspor,238,17396858,"-22.9593","-43.2007"
463,463-SAO CRISTOVAO X COPACABANA(VIA TUNEL REBOUCAS/TUNEL VELHO) - CIRCULAR,Fetranspor,239,17396858,"-22.959","-43.2002"
463,463-SAO CRISTOVAO X COPACABANA(VIA TUNEL REBOUCAS/TUNEL VELHO) - CIRCULAR,Fetranspor,240,17396858,"-22.9589","-43.2001"
463,463-SAO CRISTOVAO X COPACABANA(VIA TUNEL REBOUCAS/TUNEL VELHO) - CIRCULAR,Fetranspor,241,17396858,"-22.9589","-43.2001"
463,463-SAO CRISTOVAO X COPACABANA(VIA TUNEL REBOUCAS/TUNEL VELHO) - CIRCULAR,Fetranspor,242,17396858,"-22.9589","-43.1996"
463,463-SAO CRISTOVAO X COPACABANA(VIA TUNEL REBOUCAS/TUNEL VELHO) - CIRCULAR,Fetranspor,243,17396858,"-22.9589","-43.1996"
463,463-SAO CRISTOVAO X COPACABANA(VIA TUNEL REBOUCAS/TUNEL VELHO) - CIRCULAR,Fetranspor,244,17396858,"-22.9589","-43.1995"
463,463-SAO CRISTOVAO X COPACABANA(VIA TUNEL REBOUCAS/TUNEL VELHO) - CIRCULAR,Fetranspor,245,17396858,"-22.9589","-43.1994"
463,463-SAO CRISTOVAO X COPACABANA(VIA TUNEL REBOUCAS/TUNEL VELHO) - CIRCULAR,Fetranspor,246,17396858,"-22.9586","-43.1987"
463,463-SAO CRISTOVAO X COPACABANA(VIA TUNEL REBOUCAS/TUNEL VELHO) - CIRCULAR,Fetranspor,247,17396858,"-22.9586","-43.1986"
463,463-SAO CRISTOVAO X COPACABANA(VIA TUNEL REBOUCAS/TUNEL VELHO) - CIRCULAR,Fetranspor,248,17396858,"-22.9586","-43.1986"
463,463-SAO CRISTOVAO X COPACABANA(VIA TUNEL REBOUCAS/TUNEL VELHO) - CIRCULAR,Fetranspor,249,17396858,"-22.9585","-43.1983"
463,463-SAO CRISTOVAO X COPACABANA(VIA TUNEL REBOUCAS/TUNEL VELHO) - CIRCULAR,Fetranspor,250,17396858,"-22.9584","-43.1979"
463,463-SAO CRISTOVAO X COPACABANA(VIA TUNEL REBOUCAS/TUNEL VELHO) - CIRCULAR,Fetranspor,251,17396858,"-22.9584","-43.1975"
463,463-SAO CRISTOVAO X COPACABANA(VIA TUNEL REBOUCAS/TUNEL VELHO) - CIRCULAR,Fetranspor,252,17396858,"-22.9584","-43.1973"
463,463-SAO CRISTOVAO X COPACABANA(VIA TUNEL REBOUCAS/TUNEL VELHO) - CIRCULAR,Fetranspor,253,17396858,"-22.9584","-43.1973"
463,463-SAO CRISTOVAO X COPACABANA(VIA TUNEL REBOUCAS/TUNEL VELHO) - CIRCULAR,Fetranspor,254,17396858,"-22.9584","-43.1972"
463,463-SAO CRISTOVAO X COPACABANA(VIA TUNEL REBOUCAS/TUNEL VELHO) - CIRCULAR,Fetranspor,255,17396858,"-22.9584","-43.1971"
463,463-SAO CRISTOVAO X COPACABANA(VIA TUNEL REBOUCAS/TUNEL VELHO) - CIRCULAR,Fetranspor,256,17396858,"-22.9586","-43.1968"
463,463-SAO CRISTOVAO X COPACABANA(VIA TUNEL REBOUCAS/TUNEL VELHO) - CIRCULAR,Fetranspor,257,17396858,"-22.9586","-43.1967"
463,463-SAO CRISTOVAO X COPACABANA(VIA TUNEL REBOUCAS/TUNEL VELHO) - CIRCULAR,Fetranspor,258,17396858,"-22.9587","-43.1966"
463,463-SAO CRISTOVAO X COPACABANA(VIA TUNEL REBOUCAS/TUNEL VELHO) - CIRCULAR,Fetranspor,259,17396858,"-22.9587","-43.1964"
463,463-SAO CRISTOVAO X COPACABANA(VIA TUNEL REBOUCAS/TUNEL VELHO) - CIRCULAR,Fetranspor,260,17396858,"-22.9587","-43.1963"
463,463-SAO CRISTOVAO X COPACABANA(VIA TUNEL REBOUCAS/TUNEL VELHO) - CIRCULAR,Fetranspor,261,17396858,"-22.9587","-43.1962"
463,463-SAO CRISTOVAO X COPACABANA(VIA TUNEL REBOUCAS/TUNEL VELHO) - CIRCULAR,Fetranspor,262,17396858,"-22.9585","-43.195"
463,463-SAO CRISTOVAO X COPACABANA(VIA TUNEL REBOUCAS/TUNEL VELHO) - CIRCULAR,Fetranspor,263,17396858,"-22.9585","-43.195"
463,463-SAO CRISTOVAO X COPACABANA(VIA TUNEL REBOUCAS/TUNEL VELHO) - CIRCULAR,Fetranspor,264,17396858,"-22.9584","-43.1941"
463,463-SAO CRISTOVAO X COPACABANA(VIA TUNEL REBOUCAS/TUNEL VELHO) - CIRCULAR,Fetranspor,265,17396858,"-22.9584","-43.1941"
463,463-SAO CRISTOVAO X COPACABANA(VIA TUNEL REBOUCAS/TUNEL VELHO) - CIRCULAR,Fetranspor,266,17396858,"-22.9583","-43.1936"
463,463-SAO CRISTOVAO X COPACABANA(VIA TUNEL REBOUCAS/TUNEL VELHO) - CIRCULAR,Fetranspor,267,17396858,"-22.9582","-43.193"
463,463-SAO CRISTOVAO X COPACABANA(VIA TUNEL REBOUCAS/TUNEL VELHO) - CIRCULAR,Fetranspor,268,17396858,"-22.9581","-43.1921"
463,463-SAO CRISTOVAO X COPACABANA(VIA TUNEL REBOUCAS/TUNEL VELHO) - CIRCULAR,Fetranspor,269,17396858,"-22.958","-43.1919"
463,463-SAO CRISTOVAO X COPACABANA(VIA TUNEL REBOUCAS/TUNEL VELHO) - CIRCULAR,Fetranspor,270,17396858,"-22.958","-43.1917"
463,463-SAO CRISTOVAO X COPACABANA(VIA TUNEL REBOUCAS/TUNEL VELHO) - CIRCULAR,Fetranspor,271,17396858,"-22.958","-43.1917"
463,463-SAO CRISTOVAO X COPACABANA(VIA TUNEL REBOUCAS/TUNEL VELHO) - CIRCULAR,Fetranspor,272,17396858,"-22.9581","-43.1916"
463,463-SAO CRISTOVAO X COPACABANA(VIA TUNEL REBOUCAS/TUNEL VELHO) - CIRCULAR,Fetranspor,273,17396858,"-22.9582","-43.1915"
463,463-SAO CRISTOVAO X COPACABANA(VIA TUNEL REBOUCAS/TUNEL VELHO) - CIRCULAR,Fetranspor,274,17396858,"-22.9583","-43.1914"
463,463-SAO CRISTOVAO X COPACABANA(VIA TUNEL REBOUCAS/TUNEL VELHO) - CIRCULAR,Fetranspor,275,17396858,"-22.9583","-43.1914"
463,463-SAO CRISTOVAO X COPACABANA(VIA TUNEL REBOUCAS/TUNEL VELHO) - CIRCULAR,Fetranspor,276,17396858,"-22.9584","-43.1914"
463,463-SAO CRISTOVAO X COPACABANA(VIA TUNEL REBOUCAS/TUNEL VELHO) - CIRCULAR,Fetranspor,277,17396858,"-22.9584","-43.1914"
463,463-SAO CRISTOVAO X COPACABANA(VIA TUNEL REBOUCAS/TUNEL VELHO) - CIRCULAR,Fetranspor,278,17396858,"-22.959","-43.1911"
463,463-SAO CRISTOVAO X COPACABANA(VIA TUNEL REBOUCAS/TUNEL VELHO) - CIRCULAR,Fetranspor,279,17396858,"-22.959","-43.1911"
463,463-SAO CRISTOVAO X COPACABANA(VIA TUNEL REBOUCAS/TUNEL VELHO) - CIRCULAR,Fetranspor,280,17396858,"-22.9601","-43.1907"
463,463-SAO CRISTOVAO X COPACABANA(VIA TUNEL REBOUCAS/TUNEL VELHO) - CIRCULAR,Fetranspor,281,17396858,"-22.9602","-43.1907"
463,463-SAO CRISTOVAO X COPACABANA(VIA TUNEL REBOUCAS/TUNEL VELHO) - CIRCULAR,Fetranspor,282,17396858,"-22.9603","-43.1907"
463,463-SAO CRISTOVAO X COPACABANA(VIA TUNEL REBOUCAS/TUNEL VELHO) - CIRCULAR,Fetranspor,283,17396858,"-22.9604","-43.1907"
463,463-SAO CRISTOVAO X COPACABANA(VIA TUNEL REBOUCAS/TUNEL VELHO) - CIRCULAR,Fetranspor,284,17396858,"-22.9605","-43.1907"
463,463-SAO CRISTOVAO X COPACABANA(VIA TUNEL REBOUCAS/TUNEL VELHO) - CIRCULAR,Fetranspor,285,17396858,"-22.9605","-43.1907"
463,463-SAO CRISTOVAO X COPACABANA(VIA TUNEL REBOUCAS/TUNEL VELHO) - CIRCULAR,Fetranspor,286,17396858,"-22.9606","-43.1907"
463,463-SAO CRISTOVAO X COPACABANA(VIA TUNEL REBOUCAS/TUNEL VELHO) - CIRCULAR,Fetranspor,287,17396858,"-22.961","-43.1909"
463,463-SAO CRISTOVAO X COPACABANA(VIA TUNEL REBOUCAS/TUNEL VELHO) - CIRCULAR,Fetranspor,288,17396858,"-22.961","-43.1909"
463,463-SAO CRISTOVAO X COPACABANA(VIA TUNEL REBOUCAS/TUNEL VELHO) - CIRCULAR,Fetranspor,289,17396858,"-22.9612","-43.1909"
463,463-SAO CRISTOVAO X COPACABANA(VIA TUNEL REBOUCAS/TUNEL VELHO) - CIRCULAR,Fetranspor,290,17396858,"-22.9613","-43.191"
463,463-SAO CRISTOVAO X COPACABANA(VIA TUNEL REBOUCAS/TUNEL VELHO) - CIRCULAR,Fetranspor,291,17396858,"-22.9617","-43.1911"
463,463-SAO CRISTOVAO X COPACABANA(VIA TUNEL REBOUCAS/TUNEL VELHO) - CIRCULAR,Fetranspor,292,17396858,"-22.9619","-43.1912"
463,463-SAO CRISTOVAO X COPACABANA(VIA TUNEL REBOUCAS/TUNEL VELHO) - CIRCULAR,Fetranspor,293,17396858,"-22.9622","-43.1912"
463,463-SAO CRISTOVAO X COPACABANA(VIA TUNEL REBOUCAS/TUNEL VELHO) - CIRCULAR,Fetranspor,294,17396858,"-22.9626","-43.1914"
463,463-SAO CRISTOVAO X COPACABANA(VIA TUNEL REBOUCAS/TUNEL VELHO) - CIRCULAR,Fetranspor,295,17396858,"-22.9632","-43.1916"
463,463-SAO CRISTOVAO X COPACABANA(VIA TUNEL REBOUCAS/TUNEL VELHO) - CIRCULAR,Fetranspor,296,17396858,"-22.9632","-43.1916"
463,463-SAO CRISTOVAO X COPACABANA(VIA TUNEL REBOUCAS/TUNEL VELHO) - CIRCULAR,Fetranspor,297,17396858,"-22.9633","-43.1916"
463,463-SAO CRISTOVAO X COPACABANA(VIA TUNEL REBOUCAS/TUNEL VELHO) - CIRCULAR,Fetranspor,298,17396858,"-22.9635","-43.1916"
463,463-SAO CRISTOVAO X COPACABANA(VIA TUNEL REBOUCAS/TUNEL VELHO) - CIRCULAR,Fetranspor,299,17396858,"-22.9636","-43.1915"
463,463-SAO CRISTOVAO X COPACABANA(VIA TUNEL REBOUCAS/TUNEL VELHO) - CIRCULAR,Fetranspor,300,17396858,"-22.9637","-43.1915"
463,463-SAO CRISTOVAO X COPACABANA(VIA TUNEL REBOUCAS/TUNEL VELHO) - CIRCULAR,Fetranspor,301,17396858,"-22.9637","-43.1914"
463,463-SAO CRISTOVAO X COPACABANA(VIA TUNEL REBOUCAS/TUNEL VELHO) - CIRCULAR,Fetranspor,302,17396858,"-22.9639","-43.1913"
463,463-SAO CRISTOVAO X COPACABANA(VIA TUNEL REBOUCAS/TUNEL VELHO) - CIRCULAR,Fetranspor,303,17396858,"-22.964","-43.1912"
463,463-SAO CRISTOVAO X COPACABANA(VIA TUNEL REBOUCAS/TUNEL VELHO) - CIRCULAR,Fetranspor,304,17396858,"-22.9642","-43.1907"
463,463-SAO CRISTOVAO X COPACABANA(VIA TUNEL REBOUCAS/TUNEL VELHO) - CIRCULAR,Fetranspor,305,17396858,"-22.9644","-43.1904"
463,463-SAO CRISTOVAO X COPACABANA(VIA TUNEL REBOUCAS/TUNEL VELHO) - CIRCULAR,Fetranspor,306,17396858,"-22.9644","-43.1904"
463,463-SAO CRISTOVAO X COPACABANA(VIA TUNEL REBOUCAS/TUNEL VELHO) - CIRCULAR,Fetranspor,307,17396858,"-22.9654","-43.1887"
463,463-SAO CRISTOVAO X COPACABANA(VIA TUNEL REBOUCAS/TUNEL VELHO) - CIRCULAR,Fetranspor,308,17396858,"-22.9655","-43.1886"
463,463-SAO CRISTOVAO X COPACABANA(VIA TUNEL REBOUCAS/TUNEL VELHO) - CIRCULAR,Fetranspor,309,17396858,"-22.9655","-43.1886"
463,463-SAO CRISTOVAO X COPACABANA(VIA TUNEL REBOUCAS/TUNEL VELHO) - CIRCULAR,Fetranspor,310,17396858,"-22.9655","-43.1885"
463,463-SAO CRISTOVAO X COPACABANA(VIA TUNEL REBOUCAS/TUNEL VELHO) - CIRCULAR,Fetranspor,311,17396858,"-22.9655","-43.1885"
463,463-SAO CRISTOVAO X COPACABANA(VIA TUNEL REBOUCAS/TUNEL VELHO) - CIRCULAR,Fetranspor,312,17396858,"-22.9659","-43.188"
463,463-SAO CRISTOVAO X COPACABANA(VIA TUNEL REBOUCAS/TUNEL VELHO) - CIRCULAR,Fetranspor,313,17396858,"-22.9659","-43.188"
463,463-SAO CRISTOVAO X COPACABANA(VIA TUNEL REBOUCAS/TUNEL VELHO) - CIRCULAR,Fetranspor,314,17396858,"-22.9661","-43.1878"
463,463-SAO CRISTOVAO X COPACABANA(VIA TUNEL REBOUCAS/TUNEL VELHO) - CIRCULAR,Fetranspor,315,17396858,"-22.9665","-43.1869"
463,463-SAO CRISTOVAO X COPACABANA(VIA TUNEL REBOUCAS/TUNEL VELHO) - CIRCULAR,Fetranspor,316,17396858,"-22.9666","-43.1867"
463,463-SAO CRISTOVAO X COPACABANA(VIA TUNEL REBOUCAS/TUNEL VELHO) - CIRCULAR,Fetranspor,317,17396858,"-22.9666","-43.1866"
463,463-SAO CRISTOVAO X COPACABANA(VIA TUNEL REBOUCAS/TUNEL VELHO) - CIRCULAR,Fetranspor,318,17396858,"-22.9667","-43.1865"
463,463-SAO CRISTOVAO X COPACABANA(VIA TUNEL REBOUCAS/TUNEL VELHO) - CIRCULAR,Fetranspor,319,17396858,"-22.9667","-43.1865"
463,463-SAO CRISTOVAO X COPACABANA(VIA TUNEL REBOUCAS/TUNEL VELHO) - CIRCULAR,Fetranspor,320,17396858,"-22.9671","-43.1862"
463,463-SAO CRISTOVAO X COPACABANA(VIA TUNEL REBOUCAS/TUNEL VELHO) - CIRCULAR,Fetranspor,321,17396858,"-22.9671","-43.1862"
463,463-SAO CRISTOVAO X COPACABANA(VIA TUNEL REBOUCAS/TUNEL VELHO) - CIRCULAR,Fetranspor,322,17396858,"-22.9676","-43.1858"
463,463-SAO CRISTOVAO X COPACABANA(VIA TUNEL REBOUCAS/TUNEL VELHO) - CIRCULAR,Fetranspor,323,17396858,"-22.9676","-43.1858"
463,463-SAO CRISTOVAO X COPACABANA(VIA TUNEL REBOUCAS/TUNEL VELHO) - CIRCULAR,Fetranspor,324,17396858,"-22.968","-43.1855"
463,463-SAO CRISTOVAO X COPACABANA(VIA TUNEL REBOUCAS/TUNEL VELHO) - CIRCULAR,Fetranspor,325,17396858,"-22.968","-43.1855"
463,463-SAO CRISTOVAO X COPACABANA(VIA TUNEL REBOUCAS/TUNEL VELHO) - CIRCULAR,Fetranspor,326,17396858,"-22.9683","-43.1852"
