linha,descricao,agencia,sequencia,shape_id,latitude,longitude
473,473-SAO JANUARIO X LIDO (VIA TUNEL REBOUCAS),Fetranspor,0,17342339,"-22.9638","-43.1762"
473,473-SAO JANUARIO X LIDO (VIA TUNEL REBOUCAS),Fetranspor,1,17342339,"-22.9642","-43.1773"
473,473-SAO JANUARIO X LIDO (VIA TUNEL REBOUCAS),Fetranspor,2,17342339,"-22.9642","-43.1773"
473,473-SAO JANUARIO X LIDO (VIA TUNEL REBOUCAS),Fetranspor,3,17342339,"-22.9647","-43.1782"
473,473-SAO JANUARIO X LIDO (VIA TUNEL REBOUCAS),Fetranspor,4,17342339,"-22.9647","-43.1784"
473,473-SAO JANUARIO X LIDO (VIA TUNEL REBOUCAS),Fetranspor,5,17342339,"-22.9647","-43.1784"
473,473-SAO JANUARIO X LIDO (VIA TUNEL REBOUCAS),Fetranspor,6,17342339,"-22.9651","-43.1791"
473,473-SAO JANUARIO X LIDO (VIA TUNEL REBOUCAS),Fetranspor,7,17342339,"-22.9652","-43.1795"
473,473-SAO JANUARIO X LIDO (VIA TUNEL REBOUCAS),Fetranspor,8,17342339,"-22.9652","-43.1795"
473,473-SAO JANUARIO X LIDO (VIA TUNEL REBOUCAS),Fetranspor,9,17342339,"-22.9647","-43.1798"
473,473-SAO JANUARIO X LIDO (VIA TUNEL REBOUCAS),Fetranspor,10,17342339,"-22.9647","-43.1798"
473,473-SAO JANUARIO X LIDO (VIA TUNEL REBOUCAS),Fetranspor,11,17342339,"-22.9648","-43.1798"
473,473-SAO JANUARIO X LIDO (VIA TUNEL REBOUCAS),Fetranspor,12,17342339,"-22.9648","-43.1798"
473,473-SAO JANUARIO X LIDO (VIA TUNEL REBOUCAS),Fetranspor,13,17342339,"-22.9654","-43.1808"
473,473-SAO JANUARIO X LIDO (VIA TUNEL REBOUCAS),Fetranspor,14,17342339,"-22.9654","-43.1808"
473,473-SAO JANUARIO X LIDO (VIA TUNEL REBOUCAS),Fetranspor,15,17342339,"-22.9647","-43.1813"
473,473-SAO JANUARIO X LIDO (VIA TUNEL REBOUCAS),Fetranspor,16,17342339,"-22.9647","-43.1813"
473,473-SAO JANUARIO X LIDO (VIA TUNEL REBOUCAS),Fetranspor,17,17342339,"-22.9652","-43.1824"
473,473-SAO JANUARIO X LIDO (VIA TUNEL REBOUCAS),Fetranspor,18,17342339,"-22.9652","-43.1824"
473,473-SAO JANUARIO X LIDO (VIA TUNEL REBOUCAS),Fetranspor,19,17342339,"-22.9657","-43.1834"
473,473-SAO JANUARIO X LIDO (VIA TUNEL REBOUCAS),Fetranspor,20,17342339,"-22.9657","-43.1834"
473,473-SAO JANUARIO X LIDO (VIA TUNEL REBOUCAS),Fetranspor,21,17342339,"-22.9662","-43.1843"
473,473-SAO JANUARIO X LIDO (VIA TUNEL REBOUCAS),Fetranspor,22,17342339,"-22.9662","-43.1843"
473,473-SAO JANUARIO X LIDO (VIA TUNEL REBOUCAS),Fetranspor,23,17342339,"-22.9666","-43.1852"
473,473-SAO JANUARIO X LIDO (VIA TUNEL REBOUCAS),Fetranspor,24,17342339,"-22.9666","-43.1852"
473,473-SAO JANUARIO X LIDO (VIA TUNEL REBOUCAS),Fetranspor,25,17342339,"-22.9669","-43.1858"
473,473-SAO JANUARIO X LIDO (VIA TUNEL REBOUCAS),Fetranspor,26,17342339,"-22.9669","-43.1858"
473,473-SAO JANUARIO X LIDO (VIA TUNEL REBOUCAS),Fetranspor,27,17342339,"-22.9671","-43.1862"
473,473-SAO JANUARIO X LIDO (VIA TUNEL REBOUCAS),Fetranspor,28,17342339,"-22.9671","-43.1862"
473,473-SAO JANUARIO X LIDO (VIA TUNEL REBOUCAS),Fetranspor,29,17342339,"-22.968","-43.1878"
473,473-SAO JANUARIO X LIDO (VIA TUNEL REBOUCAS),Fetranspor,30,17342339,"-22.968","-43.1879"
473,473-SAO JANUARIO X LIDO (VIA TUNEL REBOUCAS),Fetranspor,31,17342339,"-22.968","-43.1879"
473,473-SAO JANUARIO X LIDO (VIA TUNEL REBOUCAS),Fetranspor,32,17342339,"-22.9684","-43.1886"
473,473-SAO JANUARIO X LIDO (VIA TUNEL REBOUCAS),Fetranspor,33,17342339,"-22.9684","-43.1886"
473,473-SAO JANUARIO X LIDO (VIA TUNEL REBOUCAS),Fetranspor,34,17342339,"-22.9686","-43.1889"
473,473-SAO JANUARIO X LIDO (VIA TUNEL REBOUCAS),Fetranspor,35,17342339,"-22.969","-43.1894"
473,473-SAO JANUARIO X LIDO (VIA TUNEL REBOUCAS),Fetranspor,36,17342339,"-22.969","-43.1894"
473,473-SAO JANUARIO X LIDO (VIA TUNEL REBOUCAS),Fetranspor,37,17342339,"-22.9693","-43.1898"
473,473-SAO JANUARIO X LIDO (VIA TUNEL REBOUCAS),Fetranspor,38,17342339,"-22.9693","-43.1898"
473,473-SAO JANUARIO X LIDO (VIA TUNEL REBOUCAS),Fetranspor,39,17342339,"-22.9696","-43.1904"
473,473-SAO JANUARIO X LIDO (VIA TUNEL REBOUCAS),Fetranspor,40,17342339,"-22.9696","-43.1904"
473,473-SAO JANUARIO X LIDO (VIA TUNEL REBOUCAS),Fetranspor,41,17342339,"-22.9698","-43.1906"
473,473-SAO JANUARIO X LIDO (VIA TUNEL REBOUCAS),Fetranspor,42,17342339,"-22.9701","-43.1907"
473,473-SAO JANUARIO X LIDO (VIA TUNEL REBOUCAS),Fetranspor,43,17342339,"-22.9704","-43.191"
473,473-SAO JANUARIO X LIDO (VIA TUNEL REBOUCAS),Fetranspor,44,17342339,"-22.9706","-43.1911"
473,473-SAO JANUARIO X LIDO (VIA TUNEL REBOUCAS),Fetranspor,45,17342339,"-22.9709","-43.1912"
473,473-SAO JANUARIO X LIDO (VIA TUNEL REBOUCAS),Fetranspor,46,17342339,"-22.9712","-43.1913"
473,473-SAO JANUARIO X LIDO (VIA TUNEL REBOUCAS),Fetranspor,47,17342339,"-22.9714","-43.1914"
473,473-SAO JANUARIO X LIDO (VIA TUNEL REBOUCAS),Fetranspor,48,17342339,"-22.9714","-43.1914"
473,473-SAO JANUARIO X LIDO (VIA TUNEL REBOUCAS),Fetranspor,49,17342339,"-22.9716","-43.1915"
473,473-SAO JANUARIO X LIDO (VIA TUNEL REBOUCAS),Fetranspor,50,17342339,"-22.9718","-43.1916"
473,473-SAO JANUARIO X LIDO (VIA TUNEL REBOUCAS),Fetranspor,51,17342339,"-22.9721","-43.1917"
473,473-SAO JANUARIO X LIDO (VIA TUNEL REBOUCAS),Fetranspor,52,17342339,"-22.9723","-43.1919"
473,473-SAO JANUARIO X LIDO (VIA TUNEL REBOUCAS),Fetranspor,53,17342339,"-22.9723","-43.1919"
473,473-SAO JANUARIO X LIDO (VIA TUNEL REBOUCAS),Fetranspor,54,17342339,"-22.9723","-43.1919"
473,473-SAO JANUARIO X LIDO (VIA TUNEL REBOUCAS),Fetranspor,55,17342339,"-22.9726","-43.1921"
473,473-SAO JANUARIO X LIDO (VIA TUNEL REBOUCAS),Fetranspor,56,17342339,"-22.9726","-43.1921"
473,473-SAO JANUARIO X LIDO (VIA TUNEL REBOUCAS),Fetranspor,57,17342339,"-22.9729","-43.1923"
473,473-SAO JANUARIO X LIDO (VIA TUNEL REBOUCAS),Fetranspor,58,17342339,"-22.9738","-43.1927"
473,473-SAO JANUARIO X LIDO (VIA TUNEL REBOUCAS),Fetranspor,59,17342339,"-22.9738","-43.1927"
473,473-SAO JANUARIO X LIDO (VIA TUNEL REBOUCAS),Fetranspor,60,17342339,"-22.9739","-43.1927"
473,473-SAO JANUARIO X LIDO (VIA TUNEL REBOUCAS),Fetranspor,61,17342339,"-22.9739","-43.1927"
473,473-SAO JANUARIO X LIDO (VIA TUNEL REBOUCAS),Fetranspor,62,17342339,"-22.974","-43.1928"
473,473-SAO JANUARIO X LIDO (VIA TUNEL REBOUCAS),Fetranspor,63,17342339,"-22.974","-43.1928"
473,473-SAO JANUARIO X LIDO (VIA TUNEL REBOUCAS),Fetranspor,64,17342339,"-22.9743","-43.1929"
473,473-SAO JANUARIO X LIDO (VIA TUNEL REBOUCAS),Fetranspor,65,17342339,"-22.9743","-43.1929"
473,473-SAO JANUARIO X LIDO (VIA TUNEL REBOUCAS),Fetranspor,66,17342339,"-22.9745","-43.193"
473,473-SAO JANUARIO X LIDO (VIA TUNEL REBOUCAS),Fetranspor,67,17342339,"-22.9751","-43.1933"
473,473-SAO JANUARIO X LIDO (VIA TUNEL REBOUCAS),Fetranspor,68,17342339,"-22.9756","-43.1935"
473,473-SAO JANUARIO X LIDO (VIA TUNEL REBOUCAS),Fetranspor,69,17342339,"-22.9756","-43.1935"
473,473-SAO JANUARIO X LIDO (VIA TUNEL REBOUCAS),Fetranspor,70,17342339,"-22.9758","-43.1937"
473,473-SAO JANUARIO X LIDO (VIA TUNEL REBOUCAS),Fetranspor,71,17342339,"-22.976","-43.1938"
473,473-SAO JANUARIO X LIDO (VIA TUNEL REBOUCAS),Fetranspor,72,17342339,"-22.976","-43.1938"
473,473-SAO JANUARIO X LIDO (VIA TUNEL REBOUCAS),Fetranspor,73,17342339,"-22.9761","-43.1939"
473,473-SAO JANUARIO X LIDO (VIA TUNEL REBOUCAS),Fetranspor,74,17342339,"-22.9762","-43.1939"
473,473-SAO JANUARIO X LIDO (VIA TUNEL REBOUCAS),Fetranspor,75,17342339,"-22.9763","-43.194"
473,473-SAO JANUARIO X LIDO (VIA TUNEL REBOUCAS),Fetranspor,76,17342339,"-22.9764","-43.1943"
473,473-SAO JANUARIO X LIDO (VIA TUNEL REBOUCAS),Fetranspor,77,17342339,"-22.9765","-43.1945"
473,473-SAO JANUARIO X LIDO (VIA TUNEL REBOUCAS),Fetranspor,78,17342339,"-22.9765","-43.1945"
473,473-SAO JANUARIO X LIDO (VIA TUNEL REBOUCAS),Fetranspor,79,17342339,"-22.9766","-43.1949"
473,473-SAO JANUARIO X LIDO (VIA TUNEL REBOUCAS),Fetranspor,80,17342339,"-22.9767","-43.1951"
473,473-SAO JANUARIO X LIDO (VIA TUNEL REBOUCAS),Fetranspor,81,17342339,"-22.9767","-43.1953"
473,473-SAO JANUARIO X LIDO (VIA TUNEL REBOUCAS),Fetranspor,82,17342339,"-22.9767","-43.1953"
473,473-SAO JANUARIO X LIDO (VIA TUNEL REBOUCAS),Fetranspor,83,17342339,"-22.9767","-43.1955"
473,473-SAO JANUARIO X LIDO (VIA TUNEL REBOUCAS),Fetranspor,84,17342339,"-22.9769","-43.1963"
473,473-SAO JANUARIO X LIDO (VIA TUNEL REBOUCAS),Fetranspor,85,17342339,"-22.9769","-43.1964"
473,473-SAO JANUARIO X LIDO (VIA TUNEL REBOUCAS),Fetranspor,86,17342339,"-22.9769","-43.1965"
473,473-SAO JANUARIO X LIDO (VIA TUNEL REBOUCAS),Fetranspor,87,17342339,"-22.9769","-43.1966"
473,473-SAO JANUARIO X LIDO (VIA TUNEL REBOUCAS),Fetranspor,88,17342339,"-22.9767","-43.1971"
473,473-SAO JANUARIO X LIDO (VIA TUNEL REBOUCAS),Fetranspor,89,17342339,"-22.9766","-43.1977"
473,473-SAO JANUARIO X LIDO (VIA TUNEL REBOUCAS),Fetranspor,90,17342339,"-22.9766","-43.1977"
473,473-SAO JANUARIO X LIDO (VIA TUNEL REBOUCAS),Fetranspor,91,17342339,"-22.9766","-43.1978"
473,473-SAO JANUARIO X LIDO (VIA TUNEL REBOUCAS),Fetranspor,92,17342339,"-22.9766","-43.1978"
473,473-SAO JANUARIO X LIDO (VIA TUNEL REBOUCAS),Fetranspor,93,17342339,"-22.9765","-43.1979"
473,473-SAO JANUARIO X LIDO (VIA TUNEL REBOUCAS),Fetranspor,94,17342339,"-22.9765","-43.198"
473,473-SAO JANUARIO X LIDO (VIA TUNEL REBOUCAS),Fetranspor,95,17342339,"-22.9765","-43.198"
473,473-SAO JANUARIO X LIDO (VIA TUNEL REBOUCAS),Fetranspor,96,17342339,"-22.9764","-43.1983"
473,473-SAO JANUARIO X LIDO (VIA TUNEL REBOUCAS),Fetranspor,97,17342339,"-22.9764","-43.1983"
473,473-SAO JANUARIO X LIDO (VIA TUNEL REBOUCAS),Fetranspor,98,17342339,"-22.9764","-43.1984"
473,473-SAO JANUARIO X LIDO (VIA TUNEL REBOUCAS),Fetranspor,99,17342339,"-22.9763","-43.1985"
473,473-SAO JANUARIO X LIDO (VIA TUNEL REBOUCAS),Fetranspor,100,17342339,"-22.9762","-43.1985"
473,473-SAO JANUARIO X LIDO (VIA TUNEL REBOUCAS),Fetranspor,101,17342339,"-22.9761","-43.1985"
473,473-SAO JANUARIO X LIDO (VIA TUNEL REBOUCAS),Fetranspor,102,17342339,"-22.9759","-43.1985"
473,473-SAO JANUARIO X LIDO (VIA TUNEL REBOUCAS),Fetranspor,103,17342339,"-22.9759","-43.1985"
473,473-SAO JANUARIO X LIDO (VIA TUNEL REBOUCAS),Fetranspor,104,17342339,"-22.9758","-43.1985"
473,473-SAO JANUARIO X LIDO (VIA TUNEL REBOUCAS),Fetranspor,105,17342339,"-22.9753","-43.1986"
473,473-SAO JANUARIO X LIDO (VIA TUNEL REBOUCAS),Fetranspor,106,17342339,"-22.9751","-43.1986"
473,473-SAO JANUARIO X LIDO (VIA TUNEL REBOUCAS),Fetranspor,107,17342339,"-22.975","-43.1987"
473,473-SAO JANUARIO X LIDO (VIA TUNEL REBOUCAS),Fetranspor,108,17342339,"-22.9749","-43.1988"
473,473-SAO JANUARIO X LIDO (VIA TUNEL REBOUCAS),Fetranspor,109,17342339,"-22.9748","-43.1989"
473,473-SAO JANUARIO X LIDO (VIA TUNEL REBOUCAS),Fetranspor,110,17342339,"-22.9747","-43.199"
473,473-SAO JANUARIO X LIDO (VIA TUNEL REBOUCAS),Fetranspor,111,17342339,"-22.9747","-43.1991"
473,473-SAO JANUARIO X LIDO (VIA TUNEL REBOUCAS),Fetranspor,112,17342339,"-22.9746","-43.1991"
473,473-SAO JANUARIO X LIDO (VIA TUNEL REBOUCAS),Fetranspor,113,17342339,"-22.9746","-43.1992"
473,473-SAO JANUARIO X LIDO (VIA TUNEL REBOUCAS),Fetranspor,114,17342339,"-22.9746","-43.1993"
473,473-SAO JANUARIO X LIDO (VIA TUNEL REBOUCAS),Fetranspor,115,17342339,"-22.9746","-43.1994"
473,473-SAO JANUARIO X LIDO (VIA TUNEL REBOUCAS),Fetranspor,116,17342339,"-22.9746","-43.1994"
473,473-SAO JANUARIO X LIDO (VIA TUNEL REBOUCAS),Fetranspor,117,17342339,"-22.9743","-43.2002"
473,473-SAO JANUARIO X LIDO (VIA TUNEL REBOUCAS),Fetranspor,118,17342339,"-22.9742","-43.2006"
473,473-SAO JANUARIO X LIDO (VIA TUNEL REBOUCAS),Fetranspor,119,17342339,"-22.9742","-43.2006"
473,473-SAO JANUARIO X LIDO (VIA TUNEL REBOUCAS),Fetranspor,120,17342339,"-22.9742","-43.2009"
473,473-SAO JANUARIO X LIDO (VIA TUNEL REBOUCAS),Fetranspor,121,17342339,"-22.9741","-43.201"
473,473-SAO JANUARIO X LIDO (VIA TUNEL REBOUCAS),Fetranspor,122,17342339,"-22.9735","-43.2017"
473,473-SAO JANUARIO X LIDO (VIA TUNEL REBOUCAS),Fetranspor,123,17342339,"-22.9734","-43.2018"
473,473-SAO JANUARIO X LIDO (VIA TUNEL REBOUCAS),Fetranspor,124,17342339,"-22.9731","-43.2021"
473,473-SAO JANUARIO X LIDO (VIA TUNEL REBOUCAS),Fetranspor,125,17342339,"-22.9728","-43.2024"
473,473-SAO JANUARIO X LIDO (VIA TUNEL REBOUCAS),Fetranspor,126,17342339,"-22.9728","-43.2024"
473,473-SAO JANUARIO X LIDO (VIA TUNEL REBOUCAS),Fetranspor,127,17342339,"-22.9726","-43.2026"
473,473-SAO JANUARIO X LIDO (VIA TUNEL REBOUCAS),Fetranspor,128,17342339,"-22.9725","-43.2027"
473,473-SAO JANUARIO X LIDO (VIA TUNEL REBOUCAS),Fetranspor,129,17342339,"-22.9724","-43.2029"
473,473-SAO JANUARIO X LIDO (VIA TUNEL REBOUCAS),Fetranspor,130,17342339,"-22.9724","-43.2031"
473,473-SAO JANUARIO X LIDO (VIA TUNEL REBOUCAS),Fetranspor,131,17342339,"-22.9724","-43.2032"
473,473-SAO JANUARIO X LIDO (VIA TUNEL REBOUCAS),Fetranspor,132,17342339,"-22.9725","-43.2033"
473,473-SAO JANUARIO X LIDO (VIA TUNEL REBOUCAS),Fetranspor,133,17342339,"-22.9725","-43.2034"
473,473-SAO JANUARIO X LIDO (VIA TUNEL REBOUCAS),Fetranspor,134,17342339,"-22.9725","-43.2035"
473,473-SAO JANUARIO X LIDO (VIA TUNEL REBOUCAS),Fetranspor,135,17342339,"-22.9731","-43.2047"
473,473-SAO JANUARIO X LIDO (VIA TUNEL REBOUCAS),Fetranspor,136,17342339,"-22.9734","-43.2052"
473,473-SAO JANUARIO X LIDO (VIA TUNEL REBOUCAS),Fetranspor,137,17342339,"-22.9737","-43.2057"
473,473-SAO JANUARIO X LIDO (VIA TUNEL REBOUCAS),Fetranspor,138,17342339,"-22.9744","-43.2069"
473,473-SAO JANUARIO X LIDO (VIA TUNEL REBOUCAS),Fetranspor,139,17342339,"-22.9744","-43.207"
473,473-SAO JANUARIO X LIDO (VIA TUNEL REBOUCAS),Fetranspor,140,17342339,"-22.9744","-43.207"
473,473-SAO JANUARIO X LIDO (VIA TUNEL REBOUCAS),Fetranspor,141,17342339,"-22.9744","-43.2072"
473,473-SAO JANUARIO X LIDO (VIA TUNEL REBOUCAS),Fetranspor,142,17342339,"-22.9744","-43.2073"
473,473-SAO JANUARIO X LIDO (VIA TUNEL REBOUCAS),Fetranspor,143,17342339,"-22.9743","-43.2074"
473,473-SAO JANUARIO X LIDO (VIA TUNEL REBOUCAS),Fetranspor,144,17342339,"-22.9742","-43.2075"
473,473-SAO JANUARIO X LIDO (VIA TUNEL REBOUCAS),Fetranspor,145,17342339,"-22.9742","-43.2075"
473,473-SAO JANUARIO X LIDO (VIA TUNEL REBOUCAS),Fetranspor,146,17342339,"-22.9736","-43.2077"
473,473-SAO JANUARIO X LIDO (VIA TUNEL REBOUCAS),Fetranspor,147,17342339,"-22.9736","-43.2077"
473,473-SAO JANUARIO X LIDO (VIA TUNEL REBOUCAS),Fetranspor,148,17342339,"-22.9733","-43.2079"
473,473-SAO JANUARIO X LIDO (VIA TUNEL REBOUCAS),Fetranspor,149,17342339,"-22.9726","-43.2081"
473,473-SAO JANUARIO X LIDO (VIA TUNEL REBOUCAS),Fetranspor,150,17342339,"-22.9725","-43.2082"
473,473-SAO JANUARIO X LIDO (VIA TUNEL REBOUCAS),Fetranspor,151,17342339,"-22.9724","-43.2082"
473,473-SAO JANUARIO X LIDO (VIA TUNEL REBOUCAS),Fetranspor,152,17342339,"-22.9724","-43.2082"
473,473-SAO JANUARIO X LIDO (VIA TUNEL REBOUCAS),Fetranspor,153,17342339,"-22.9723","-43.2082"
473,473-SAO JANUARIO X LIDO (VIA TUNEL REBOUCAS),Fetranspor,154,17342339,"-22.9722","-43.2082"
473,473-SAO JANUARIO X LIDO (VIA TUNEL REBOUCAS),Fetranspor,155,17342339,"-22.9721","-43.2082"
473,473-SAO JANUARIO X LIDO (VIA TUNEL REBOUCAS),Fetranspor,156,17342339,"-22.972","-43.2081"
473,473-SAO JANUARIO X LIDO (VIA TUNEL REBOUCAS),Fetranspor,157,17342339,"-22.9717","-43.2079"
473,473-SAO JANUARIO X LIDO (VIA TUNEL REBOUCAS),Fetranspor,158,17342339,"-22.9717","-43.2079"
473,473-SAO JANUARIO X LIDO (VIA TUNEL REBOUCAS),Fetranspor,159,17342339,"-22.9713","-43.2075"
473,473-SAO JANUARIO X LIDO (VIA TUNEL REBOUCAS),Fetranspor,160,17342339,"-22.9711","-43.2072"
473,473-SAO JANUARIO X LIDO (VIA TUNEL REBOUCAS),Fetranspor,161,17342339,"-22.9703","-43.2064"
473,473-SAO JANUARIO X LIDO (VIA TUNEL REBOUCAS),Fetranspor,162,17342339,"-22.9703","-43.2064"
473,473-SAO JANUARIO X LIDO (VIA TUNEL REBOUCAS),Fetranspor,163,17342339,"-22.9697","-43.2058"
473,473-SAO JANUARIO X LIDO (VIA TUNEL REBOUCAS),Fetranspor,164,17342339,"-22.9695","-43.2056"
473,473-SAO JANUARIO X LIDO (VIA TUNEL REBOUCAS),Fetranspor,165,17342339,"-22.9695","-43.2056"
473,473-SAO JANUARIO X LIDO (VIA TUNEL REBOUCAS),Fetranspor,166,17342339,"-22.9693","-43.2054"
473,473-SAO JANUARIO X LIDO (VIA TUNEL REBOUCAS),Fetranspor,167,17342339,"-22.9693","-43.2054"
473,473-SAO JANUARIO X LIDO (VIA TUNEL REBOUCAS),Fetranspor,168,17342339,"-22.9686","-43.2048"
473,473-SAO JANUARIO X LIDO (VIA TUNEL REBOUCAS),Fetranspor,169,17342339,"-22.9686","-43.2048"
473,473-SAO JANUARIO X LIDO (VIA TUNEL REBOUCAS),Fetranspor,170,17342339,"-22.9675","-43.2037"
473,473-SAO JANUARIO X LIDO (VIA TUNEL REBOUCAS),Fetranspor,171,17342339,"-22.9674","-43.2037"
473,473-SAO JANUARIO X LIDO (VIA TUNEL REBOUCAS),Fetranspor,172,17342339,"-22.9673","-43.2036"
473,473-SAO JANUARIO X LIDO (VIA TUNEL REBOUCAS),Fetranspor,173,17342339,"-22.9673","-43.2036"
473,473-SAO JANUARIO X LIDO (VIA TUNEL REBOUCAS),Fetranspor,174,17342339,"-22.9673","-43.2036"
473,473-SAO JANUARIO X LIDO (VIA TUNEL REBOUCAS),Fetranspor,175,17342339,"-22.9671","-43.2035"
473,473-SAO JANUARIO X LIDO (VIA TUNEL REBOUCAS),Fetranspor,176,17342339,"-22.9668","-43.2034"
473,473-SAO JANUARIO X LIDO (VIA TUNEL REBOUCAS),Fetranspor,177,17342339,"-22.9666","-43.2034"
473,473-SAO JANUARIO X LIDO (VIA TUNEL REBOUCAS),Fetranspor,178,17342339,"-22.9662","-43.2034"
473,473-SAO JANUARIO X LIDO (VIA TUNEL REBOUCAS),Fetranspor,179,17342339,"-22.9658","-43.2035"
473,473-SAO JANUARIO X LIDO (VIA TUNEL REBOUCAS),Fetranspor,180,17342339,"-22.9653","-43.2035"
473,473-SAO JANUARIO X LIDO (VIA TUNEL REBOUCAS),Fetranspor,181,17342339,"-22.9652","-43.2035"
473,473-SAO JANUARIO X LIDO (VIA TUNEL REBOUCAS),Fetranspor,182,17342339,"-22.9652","-43.2035"
473,473-SAO JANUARIO X LIDO (VIA TUNEL REBOUCAS),Fetranspor,183,17342339,"-22.9648","-43.2036"
473,473-SAO JANUARIO X LIDO (VIA TUNEL REBOUCAS),Fetranspor,184,17342339,"-22.9643","-43.2037"
473,473-SAO JANUARIO X LIDO (VIA TUNEL REBOUCAS),Fetranspor,185,17342339,"-22.9641","-43.2037"
473,473-SAO JANUARIO X LIDO (VIA TUNEL REBOUCAS),Fetranspor,186,17342339,"-22.9641","-43.2037"
473,473-SAO JANUARIO X LIDO (VIA TUNEL REBOUCAS),Fetranspor,187,17342339,"-22.9635","-43.2038"
473,473-SAO JANUARIO X LIDO (VIA TUNEL REBOUCAS),Fetranspor,188,17342339,"-22.9635","-43.2038"
473,473-SAO JANUARIO X LIDO (VIA TUNEL REBOUCAS),Fetranspor,189,17342339,"-22.9633","-43.2038"
473,473-SAO JANUARIO X LIDO (VIA TUNEL REBOUCAS),Fetranspor,190,17342339,"-22.9626","-43.204"
473,473-SAO JANUARIO X LIDO (VIA TUNEL REBOUCAS),Fetranspor,191,17342339,"-22.9626","-43.204"
473,473-SAO JANUARIO X LIDO (VIA TUNEL REBOUCAS),Fetranspor,192,17342339,"-22.9625","-43.204"
473,473-SAO JANUARIO X LIDO (VIA TUNEL REBOUCAS),Fetranspor,193,17342339,"-22.9625","-43.204"
473,473-SAO JANUARIO X LIDO (VIA TUNEL REBOUCAS),Fetranspor,194,17342339,"-22.9619","-43.204"
473,473-SAO JANUARIO X LIDO (VIA TUNEL REBOUCAS),Fetranspor,195,17342339,"-22.9615","-43.204"
473,473-SAO JANUARIO X LIDO (VIA TUNEL REBOUCAS),Fetranspor,196,17342339,"-22.9612","-43.2041"
473,473-SAO JANUARIO X LIDO (VIA TUNEL REBOUCAS),Fetranspor,197,17342339,"-22.9612","-43.2041"
473,473-SAO JANUARIO X LIDO (VIA TUNEL REBOUCAS),Fetranspor,198,17342339,"-22.9607","-43.2042"
473,473-SAO JANUARIO X LIDO (VIA TUNEL REBOUCAS),Fetranspor,199,17342339,"-22.9607","-43.2042"
473,473-SAO JANUARIO X LIDO (VIA TUNEL REBOUCAS),Fetranspor,200,17342339,"-22.9607","-43.2042"
473,473-SAO JANUARIO X LIDO (VIA TUNEL REBOUCAS),Fetranspor,201,17342339,"-22.9607","-43.2042"
473,473-SAO JANUARIO X LIDO (VIA TUNEL REBOUCAS),Fetranspor,202,17342339,"-22.9607","-43.2042"
473,473-SAO JANUARIO X LIDO (VIA TUNEL REBOUCAS),Fetranspor,203,17342339,"-22.9603","-43.2042"
473,473-SAO JANUARIO X LIDO (VIA TUNEL REBOUCAS),Fetranspor,204,17342339,"-22.9603","-43.2042"
473,473-SAO JANUARIO X LIDO (VIA TUNEL REBOUCAS),Fetranspor,205,17342339,"-22.9602","-43.2042"
473,473-SAO JANUARIO X LIDO (VIA TUNEL REBOUCAS),Fetranspor,206,17342339,"-22.9602","-43.2042"
473,473-SAO JANUARIO X LIDO (VIA TUNEL REBOUCAS),Fetranspor,207,17342339,"-22.9594","-43.2043"
473,473-SAO JANUARIO X LIDO (VIA TUNEL REBOUCAS),Fetranspor,208,17342339,"-22.9586","-43.2044"
473,473-SAO JANUARIO X LIDO (VIA TUNEL REBOUCAS),Fetranspor,209,17342339,"-22.9586","-43.2044"
473,473-SAO JANUARIO X LIDO (VIA TUNEL REBOUCAS),Fetranspor,210,17342339,"-22.9582","-43.2044"
473,473-SAO JANUARIO X LIDO (VIA TUNEL REBOUCAS),Fetranspor,211,17342339,"-22.958","-43.2044"
473,473-SAO JANUARIO X LIDO (VIA TUNEL REBOUCAS),Fetranspor,212,17342339,"-22.9578","-43.2043"
473,473-SAO JANUARIO X LIDO (VIA TUNEL REBOUCAS),Fetranspor,213,17342339,"-22.9573","-43.2043"
473,473-SAO JANUARIO X LIDO (VIA TUNEL REBOUCAS),Fetranspor,214,17342339,"-22.9565","-43.2042"
473,473-SAO JANUARIO X LIDO (VIA TUNEL REBOUCAS),Fetranspor,215,17342339,"-22.9485","-43.2032"
473,473-SAO JANUARIO X LIDO (VIA TUNEL REBOUCAS),Fetranspor,216,17342339,"-22.9481","-43.2032"
473,473-SAO JANUARIO X LIDO (VIA TUNEL REBOUCAS),Fetranspor,217,17342339,"-22.9447","-43.2028"
473,473-SAO JANUARIO X LIDO (VIA TUNEL REBOUCAS),Fetranspor,218,17342339,"-22.9411","-43.2023"
473,473-SAO JANUARIO X LIDO (VIA TUNEL REBOUCAS),Fetranspor,219,17342339,"-22.9405","-43.2022"
473,473-SAO JANUARIO X LIDO (VIA TUNEL REBOUCAS),Fetranspor,220,17342339,"-22.94","-43.2023"
473,473-SAO JANUARIO X LIDO (VIA TUNEL REBOUCAS),Fetranspor,221,17342339,"-22.9398","-43.2024"
473,473-SAO JANUARIO X LIDO (VIA TUNEL REBOUCAS),Fetranspor,222,17342339,"-22.9397","-43.2024"
473,473-SAO JANUARIO X LIDO (VIA TUNEL REBOUCAS),Fetranspor,223,17342339,"-22.9397","-43.2024"
473,473-SAO JANUARIO X LIDO (VIA TUNEL REBOUCAS),Fetranspor,224,17342339,"-22.9392","-43.2026"
473,473-SAO JANUARIO X LIDO (VIA TUNEL REBOUCAS),Fetranspor,225,17342339,"-22.939","-43.2027"
473,473-SAO JANUARIO X LIDO (VIA TUNEL REBOUCAS),Fetranspor,226,17342339,"-22.939","-43.2027"
473,473-SAO JANUARIO X LIDO (VIA TUNEL REBOUCAS),Fetranspor,227,17342339,"-22.9389","-43.2028"
473,473-SAO JANUARIO X LIDO (VIA TUNEL REBOUCAS),Fetranspor,228,17342339,"-22.9387","-43.2029"
473,473-SAO JANUARIO X LIDO (VIA TUNEL REBOUCAS),Fetranspor,229,17342339,"-22.9386","-43.203"
473,473-SAO JANUARIO X LIDO (VIA TUNEL REBOUCAS),Fetranspor,230,17342339,"-22.9385","-43.2031"
473,473-SAO JANUARIO X LIDO (VIA TUNEL REBOUCAS),Fetranspor,231,17342339,"-22.9382","-43.2035"
473,473-SAO JANUARIO X LIDO (VIA TUNEL REBOUCAS),Fetranspor,232,17342339,"-22.9376","-43.2047"
473,473-SAO JANUARIO X LIDO (VIA TUNEL REBOUCAS),Fetranspor,233,17342339,"-22.9372","-43.2055"
473,473-SAO JANUARIO X LIDO (VIA TUNEL REBOUCAS),Fetranspor,234,17342339,"-22.9354","-43.2087"
473,473-SAO JANUARIO X LIDO (VIA TUNEL REBOUCAS),Fetranspor,235,17342339,"-22.935","-43.2092"
473,473-SAO JANUARIO X LIDO (VIA TUNEL REBOUCAS),Fetranspor,236,17342339,"-22.9349","-43.2094"
473,473-SAO JANUARIO X LIDO (VIA TUNEL REBOUCAS),Fetranspor,237,17342339,"-22.9349","-43.2094"
473,473-SAO JANUARIO X LIDO (VIA TUNEL REBOUCAS),Fetranspor,238,17342339,"-22.9348","-43.2095"
473,473-SAO JANUARIO X LIDO (VIA TUNEL REBOUCAS),Fetranspor,239,17342339,"-22.9347","-43.2096"
473,473-SAO JANUARIO X LIDO (VIA TUNEL REBOUCAS),Fetranspor,240,17342339,"-22.9346","-43.2097"
473,473-SAO JANUARIO X LIDO (VIA TUNEL REBOUCAS),Fetranspor,241,17342339,"-22.9345","-43.2098"
473,473-SAO JANUARIO X LIDO (VIA TUNEL REBOUCAS),Fetranspor,242,17342339,"-22.9344","-43.2098"
473,473-SAO JANUARIO X LIDO (VIA TUNEL REBOUCAS),Fetranspor,243,17342339,"-22.9343","-43.2098"
473,473-SAO JANUARIO X LIDO (VIA TUNEL REBOUCAS),Fetranspor,244,17342339,"-22.9342","-43.2099"
473,473-SAO JANUARIO X LIDO (VIA TUNEL REBOUCAS),Fetranspor,245,17342339,"-22.9341","-43.2099"
473,473-SAO JANUARIO X LIDO (VIA TUNEL REBOUCAS),Fetranspor,246,17342339,"-22.934","-43.2099"
473,473-SAO JANUARIO X LIDO (VIA TUNEL REBOUCAS),Fetranspor,247,17342339,"-22.9339","-43.2099"
473,473-SAO JANUARIO X LIDO (VIA TUNEL REBOUCAS),Fetranspor,248,17342339,"-22.9333","-43.2097"
473,473-SAO JANUARIO X LIDO (VIA TUNEL REBOUCAS),Fetranspor,249,17342339,"-22.9333","-43.2097"
473,473-SAO JANUARIO X LIDO (VIA TUNEL REBOUCAS),Fetranspor,250,17342339,"-22.9333","-43.2097"
473,473-SAO JANUARIO X LIDO (VIA TUNEL REBOUCAS),Fetranspor,251,17342339,"-22.9331","-43.2096"
473,473-SAO JANUARIO X LIDO (VIA TUNEL REBOUCAS),Fetranspor,252,17342339,"-22.933","-43.2096"
473,473-SAO JANUARIO X LIDO (VIA TUNEL REBOUCAS),Fetranspor,253,17342339,"-22.9328","-43.2095"
473,473-SAO JANUARIO X LIDO (VIA TUNEL REBOUCAS),Fetranspor,254,17342339,"-22.9324","-43.2094"
473,473-SAO JANUARIO X LIDO (VIA TUNEL REBOUCAS),Fetranspor,255,17342339,"-22.9324","-43.2094"
473,473-SAO JANUARIO X LIDO (VIA TUNEL REBOUCAS),Fetranspor,256,17342339,"-22.9324","-43.2094"
473,473-SAO JANUARIO X LIDO (VIA TUNEL REBOUCAS),Fetranspor,257,17342339,"-22.932","-43.2092"
473,473-SAO JANUARIO X LIDO (VIA TUNEL REBOUCAS),Fetranspor,258,17342339,"-22.9313","-43.2088"
473,473-SAO JANUARIO X LIDO (VIA TUNEL REBOUCAS),Fetranspor,259,17342339,"-22.9312","-43.2088"
473,473-SAO JANUARIO X LIDO (VIA TUNEL REBOUCAS),Fetranspor,260,17342339,"-22.9311","-43.2087"
473,473-SAO JANUARIO X LIDO (VIA TUNEL REBOUCAS),Fetranspor,261,17342339,"-22.931","-43.2087"
473,473-SAO JANUARIO X LIDO (VIA TUNEL REBOUCAS),Fetranspor,262,17342339,"-22.9308","-43.2087"
473,473-SAO JANUARIO X LIDO (VIA TUNEL REBOUCAS),Fetranspor,263,17342339,"-22.9307","-43.2087"
473,473-SAO JANUARIO X LIDO (VIA TUNEL REBOUCAS),Fetranspor,264,17342339,"-22.9291","-43.2091"
473,473-SAO JANUARIO X LIDO (VIA TUNEL REBOUCAS),Fetranspor,265,17342339,"-22.9291","-43.2091"
473,473-SAO JANUARIO X LIDO (VIA TUNEL REBOUCAS),Fetranspor,266,17342339,"-22.9286","-43.2093"
473,473-SAO JANUARIO X LIDO (VIA TUNEL REBOUCAS),Fetranspor,267,17342339,"-22.9283","-43.2093"
473,473-SAO JANUARIO X LIDO (VIA TUNEL REBOUCAS),Fetranspor,268,17342339,"-22.9279","-43.2093"
473,473-SAO JANUARIO X LIDO (VIA TUNEL REBOUCAS),Fetranspor,269,17342339,"-22.9269","-43.2094"
473,473-SAO JANUARIO X LIDO (VIA TUNEL REBOUCAS),Fetranspor,270,17342339,"-22.9269","-43.2094"
473,473-SAO JANUARIO X LIDO (VIA TUNEL REBOUCAS),Fetranspor,271,17342339,"-22.9247","-43.2095"
473,473-SAO JANUARIO X LIDO (VIA TUNEL REBOUCAS),Fetranspor,272,17342339,"-22.9247","-43.2095"
473,473-SAO JANUARIO X LIDO (VIA TUNEL REBOUCAS),Fetranspor,273,17342339,"-22.9243","-43.2096"
473,473-SAO JANUARIO X LIDO (VIA TUNEL REBOUCAS),Fetranspor,274,17342339,"-22.9243","-43.2096"
473,473-SAO JANUARIO X LIDO (VIA TUNEL REBOUCAS),Fetranspor,275,17342339,"-22.9233","-43.2096"
473,473-SAO JANUARIO X LIDO (VIA TUNEL REBOUCAS),Fetranspor,276,17342339,"-22.9233","-43.2096"
473,473-SAO JANUARIO X LIDO (VIA TUNEL REBOUCAS),Fetranspor,277,17342339,"-22.923","-43.2096"
473,473-SAO JANUARIO X LIDO (VIA TUNEL REBOUCAS),Fetranspor,278,17342339,"-22.9221","-43.2097"
473,473-SAO JANUARIO X LIDO (VIA TUNEL REBOUCAS),Fetranspor,279,17342339,"-22.9221","-43.2097"
473,473-SAO JANUARIO X LIDO (VIA TUNEL REBOUCAS),Fetranspor,280,17342339,"-22.9217","-43.2097"
473,473-SAO JANUARIO X LIDO (VIA TUNEL REBOUCAS),Fetranspor,281,17342339,"-22.9217","-43.2097"
473,473-SAO JANUARIO X LIDO (VIA TUNEL REBOUCAS),Fetranspor,282,17342339,"-22.9212","-43.2097"
473,473-SAO JANUARIO X LIDO (VIA TUNEL REBOUCAS),Fetranspor,283,17342339,"-22.9212","-43.2097"
473,473-SAO JANUARIO X LIDO (VIA TUNEL REBOUCAS),Fetranspor,284,17342339,"-22.92","-43.2098"
473,473-SAO JANUARIO X LIDO (VIA TUNEL REBOUCAS),Fetranspor,285,17342339,"-22.92","-43.2098"
473,473-SAO JANUARIO X LIDO (VIA TUNEL REBOUCAS),Fetranspor,286,17342339,"-22.9187","-43.2099"
473,473-SAO JANUARIO X LIDO (VIA TUNEL REBOUCAS),Fetranspor,287,17342339,"-22.9187","-43.2099"
473,473-SAO JANUARIO X LIDO (VIA TUNEL REBOUCAS),Fetranspor,288,17342339,"-22.9172","-43.21"
473,473-SAO JANUARIO X LIDO (VIA TUNEL REBOUCAS),Fetranspor,289,17342339,"-22.9172","-43.21"
473,473-SAO JANUARIO X LIDO (VIA TUNEL REBOUCAS),Fetranspor,290,17342339,"-22.9167","-43.21"
473,473-SAO JANUARIO X LIDO (VIA TUNEL REBOUCAS),Fetranspor,291,17342339,"-22.9167","-43.21"
473,473-SAO JANUARIO X LIDO (VIA TUNEL REBOUCAS),Fetranspor,292,17342339,"-22.9165","-43.21"
473,473-SAO JANUARIO X LIDO (VIA TUNEL REBOUCAS),Fetranspor,293,17342339,"-22.9157","-43.2101"
473,473-SAO JANUARIO X LIDO (VIA TUNEL REBOUCAS),Fetranspor,294,17342339,"-22.9157","-43.2101"
473,473-SAO JANUARIO X LIDO (VIA TUNEL REBOUCAS),Fetranspor,295,17342339,"-22.9153","-43.2101"
473,473-SAO JANUARIO X LIDO (VIA TUNEL REBOUCAS),Fetranspor,296,17342339,"-22.9148","-43.2101"
473,473-SAO JANUARIO X LIDO (VIA TUNEL REBOUCAS),Fetranspor,297,17342339,"-22.9142","-43.21"
473,473-SAO JANUARIO X LIDO (VIA TUNEL REBOUCAS),Fetranspor,298,17342339,"-22.9142","-43.21"
473,473-SAO JANUARIO X LIDO (VIA TUNEL REBOUCAS),Fetranspor,299,17342339,"-22.9138","-43.2099"
473,473-SAO JANUARIO X LIDO (VIA TUNEL REBOUCAS),Fetranspor,300,17342339,"-22.9133","-43.2098"
473,473-SAO JANUARIO X LIDO (VIA TUNEL REBOUCAS),Fetranspor,301,17342339,"-22.9131","-43.2098"
473,473-SAO JANUARIO X LIDO (VIA TUNEL REBOUCAS),Fetranspor,302,17342339,"-22.9129","-43.2097"
473,473-SAO JANUARIO X LIDO (VIA TUNEL REBOUCAS),Fetranspor,303,17342339,"-22.9129","-43.2097"
473,473-SAO JANUARIO X LIDO (VIA TUNEL REBOUCAS),Fetranspor,304,17342339,"-22.9127","-43.2096"
473,473-SAO JANUARIO X LIDO (VIA TUNEL REBOUCAS),Fetranspor,305,17342339,"-22.9124","-43.2095"
473,473-SAO JANUARIO X LIDO (VIA TUNEL REBOUCAS),Fetranspor,306,17342339,"-22.9124","-43.2095"
473,473-SAO JANUARIO X LIDO (VIA TUNEL REBOUCAS),Fetranspor,307,17342339,"-22.9114","-43.2092"
473,473-SAO JANUARIO X LIDO (VIA TUNEL REBOUCAS),Fetranspor,308,17342339,"-22.9112","-43.2091"
473,473-SAO JANUARIO X LIDO (VIA TUNEL REBOUCAS),Fetranspor,309,17342339,"-22.9111","-43.2091"
473,473-SAO JANUARIO X LIDO (VIA TUNEL REBOUCAS),Fetranspor,310,17342339,"-22.911","-43.209"
473,473-SAO JANUARIO X LIDO (VIA TUNEL REBOUCAS),Fetranspor,311,17342339,"-22.911","-43.209"
473,473-SAO JANUARIO X LIDO (VIA TUNEL REBOUCAS),Fetranspor,312,17342339,"-22.9108","-43.2085"
473,473-SAO JANUARIO X LIDO (VIA TUNEL REBOUCAS),Fetranspor,313,17342339,"-22.9107","-43.2085"
473,473-SAO JANUARIO X LIDO (VIA TUNEL REBOUCAS),Fetranspor,314,17342339,"-22.9107","-43.2084"
473,473-SAO JANUARIO X LIDO (VIA TUNEL REBOUCAS),Fetranspor,315,17342339,"-22.9106","-43.2084"
473,473-SAO JANUARIO X LIDO (VIA TUNEL REBOUCAS),Fetranspor,316,17342339,"-22.9105","-43.2084"
473,473-SAO JANUARIO X LIDO (VIA TUNEL REBOUCAS),Fetranspor,317,17342339,"-22.9104","-43.2084"
473,473-SAO JANUARIO X LIDO (VIA TUNEL REBOUCAS),Fetranspor,318,17342339,"-22.9103","-43.2084"
473,473-SAO JANUARIO X LIDO (VIA TUNEL REBOUCAS),Fetranspor,319,17342339,"-22.9103","-43.2085"
473,473-SAO JANUARIO X LIDO (VIA TUNEL REBOUCAS),Fetranspor,320,17342339,"-22.9102","-43.2086"
473,473-SAO JANUARIO X LIDO (VIA TUNEL REBOUCAS),Fetranspor,321,17342339,"-22.9101","-43.2088"
473,473-SAO JANUARIO X LIDO (VIA TUNEL REBOUCAS),Fetranspor,322,17342339,"-22.9101","-43.2088"
473,473-SAO JANUARIO X LIDO (VIA TUNEL REBOUCAS),Fetranspor,323,17342339,"-22.91","-43.2089"
473,473-SAO JANUARIO X LIDO (VIA TUNEL REBOUCAS),Fetranspor,324,17342339,"-22.9099","-43.2091"
473,473-SAO JANUARIO X LIDO (VIA TUNEL REBOUCAS),Fetranspor,325,17342339,"-22.9098","-43.2092"
473,473-SAO JANUARIO X LIDO (VIA TUNEL REBOUCAS),Fetranspor,326,17342339,"-22.9097","-43.2093"
473,473-SAO JANUARIO X LIDO (VIA TUNEL REBOUCAS),Fetranspor,327,17342339,"-22.9097","-43.2093"
473,473-SAO JANUARIO X LIDO (VIA TUNEL REBOUCAS),Fetranspor,328,17342339,"-22.9096","-43.2093"
473,473-SAO JANUARIO X LIDO (VIA TUNEL REBOUCAS),Fetranspor,329,17342339,"-22.9095","-43.2094"
473,473-SAO JANUARIO X LIDO (VIA TUNEL REBOUCAS),Fetranspor,330,17342339,"-22.9094","-43.2094"
473,473-SAO JANUARIO X LIDO (VIA TUNEL REBOUCAS),Fetranspor,331,17342339,"-22.9085","-43.2095"
473,473-SAO JANUARIO X LIDO (VIA TUNEL REBOUCAS),Fetranspor,332,17342339,"-22.9082","-43.2095"
473,473-SAO JANUARIO X LIDO (VIA TUNEL REBOUCAS),Fetranspor,333,17342339,"-22.9082","-43.2095"
473,473-SAO JANUARIO X LIDO (VIA TUNEL REBOUCAS),Fetranspor,334,17342339,"-22.9078","-43.2095"
473,473-SAO JANUARIO X LIDO (VIA TUNEL REBOUCAS),Fetranspor,335,17342339,"-22.9064","-43.2096"
473,473-SAO JANUARIO X LIDO (VIA TUNEL REBOUCAS),Fetranspor,336,17342339,"-22.9064","-43.2096"
473,473-SAO JANUARIO X LIDO (VIA TUNEL REBOUCAS),Fetranspor,337,17342339,"-22.9064","-43.2096"
473,473-SAO JANUARIO X LIDO (VIA TUNEL REBOUCAS),Fetranspor,338,17342339,"-22.9057","-43.2096"
473,473-SAO JANUARIO X LIDO (VIA TUNEL REBOUCAS),Fetranspor,339,17342339,"-22.9057","-43.2096"
473,473-SAO JANUARIO X LIDO (VIA TUNEL REBOUCAS),Fetranspor,340,17342339,"-22.905","-43.2095"
473,473-SAO JANUARIO X LIDO (VIA TUNEL REBOUCAS),Fetranspor,341,17342339,"-22.905","-43.2095"
473,473-SAO JANUARIO X LIDO (VIA TUNEL REBOUCAS),Fetranspor,342,17342339,"-22.9029","-43.2097"
473,473-SAO JANUARIO X LIDO (VIA TUNEL REBOUCAS),Fetranspor,343,17342339,"-22.9029","-43.2097"
473,473-SAO JANUARIO X LIDO (VIA TUNEL REBOUCAS),Fetranspor,344,17342339,"-22.9005","-43.2098"
473,473-SAO JANUARIO X LIDO (VIA TUNEL REBOUCAS),Fetranspor,345,17342339,"-22.9005","-43.2098"
473,473-SAO JANUARIO X LIDO (VIA TUNEL REBOUCAS),Fetranspor,346,17342339,"-22.9005","-43.2092"
473,473-SAO JANUARIO X LIDO (VIA TUNEL REBOUCAS),Fetranspor,347,17342339,"-22.9005","-43.2092"
473,473-SAO JANUARIO X LIDO (VIA TUNEL REBOUCAS),Fetranspor,348,17342339,"-22.9004","-43.2084"
473,473-SAO JANUARIO X LIDO (VIA TUNEL REBOUCAS),Fetranspor,349,17342339,"-22.9004","-43.2084"
473,473-SAO JANUARIO X LIDO (VIA TUNEL REBOUCAS),Fetranspor,350,17342339,"-22.9013","-43.2084"
473,473-SAO JANUARIO X LIDO (VIA TUNEL REBOUCAS),Fetranspor,351,17342339,"-22.902","-43.2084"
473,473-SAO JANUARIO X LIDO (VIA TUNEL REBOUCAS),Fetranspor,352,17342339,"-22.9027","-43.2083"
473,473-SAO JANUARIO X LIDO (VIA TUNEL REBOUCAS),Fetranspor,353,17342339,"-22.9027","-43.2083"
473,473-SAO JANUARIO X LIDO (VIA TUNEL REBOUCAS),Fetranspor,354,17342339,"-22.9028","-43.2083"
473,473-SAO JANUARIO X LIDO (VIA TUNEL REBOUCAS),Fetranspor,355,17342339,"-22.9032","-43.2083"
473,473-SAO JANUARIO X LIDO (VIA TUNEL REBOUCAS),Fetranspor,356,17342339,"-22.904","-43.2082"
473,473-SAO JANUARIO X LIDO (VIA TUNEL REBOUCAS),Fetranspor,357,17342339,"-22.9043","-43.2082"
473,473-SAO JANUARIO X LIDO (VIA TUNEL REBOUCAS),Fetranspor,358,17342339,"-22.9043","-43.2082"
473,473-SAO JANUARIO X LIDO (VIA TUNEL REBOUCAS),Fetranspor,359,17342339,"-22.9044","-43.2082"
473,473-SAO JANUARIO X LIDO (VIA TUNEL REBOUCAS),Fetranspor,360,17342339,"-22.9045","-43.2082"
473,473-SAO JANUARIO X LIDO (VIA TUNEL REBOUCAS),Fetranspor,361,17342339,"-22.9049","-43.2082"
473,473-SAO JANUARIO X LIDO (VIA TUNEL REBOUCAS),Fetranspor,362,17342339,"-22.905","-43.2082"
473,473-SAO JANUARIO X LIDO (VIA TUNEL REBOUCAS),Fetranspor,363,17342339,"-22.905","-43.2082"
473,473-SAO JANUARIO X LIDO (VIA TUNEL REBOUCAS),Fetranspor,364,17342339,"-22.9051","-43.2081"
473,473-SAO JANUARIO X LIDO (VIA TUNEL REBOUCAS),Fetranspor,365,17342339,"-22.9051","-43.2081"
473,473-SAO JANUARIO X LIDO (VIA TUNEL REBOUCAS),Fetranspor,366,17342339,"-22.9052","-43.2082"
473,473-SAO JANUARIO X LIDO (VIA TUNEL REBOUCAS),Fetranspor,367,17342339,"-22.9053","-43.2082"
473,473-SAO JANUARIO X LIDO (VIA TUNEL REBOUCAS),Fetranspor,368,17342339,"-22.9059","-43.2086"
473,473-SAO JANUARIO X LIDO (VIA TUNEL REBOUCAS),Fetranspor,369,17342339,"-22.9061","-43.2089"
473,473-SAO JANUARIO X LIDO (VIA TUNEL REBOUCAS),Fetranspor,370,17342339,"-22.9062","-43.209"
473,473-SAO JANUARIO X LIDO (VIA TUNEL REBOUCAS),Fetranspor,371,17342339,"-22.9063","-43.2091"
473,473-SAO JANUARIO X LIDO (VIA TUNEL REBOUCAS),Fetranspor,372,17342339,"-22.9063","-43.2093"
473,473-SAO JANUARIO X LIDO (VIA TUNEL REBOUCAS),Fetranspor,373,17342339,"-22.9064","-43.2094"
473,473-SAO JANUARIO X LIDO (VIA TUNEL REBOUCAS),Fetranspor,374,17342339,"-22.9064","-43.2095"
473,473-SAO JANUARIO X LIDO (VIA TUNEL REBOUCAS),Fetranspor,375,17342339,"-22.9064","-43.2096"
473,473-SAO JANUARIO X LIDO (VIA TUNEL REBOUCAS),Fetranspor,376,17342339,"-22.9065","-43.2099"
473,473-SAO JANUARIO X LIDO (VIA TUNEL REBOUCAS),Fetranspor,377,17342339,"-22.9065","-43.21"
473,473-SAO JANUARIO X LIDO (VIA TUNEL REBOUCAS),Fetranspor,378,17342339,"-22.9065","-43.2102"
473,473-SAO JANUARIO X LIDO (VIA TUNEL REBOUCAS),Fetranspor,379,17342339,"-22.9065","-43.2103"
473,473-SAO JANUARIO X LIDO (VIA TUNEL REBOUCAS),Fetranspor,380,17342339,"-22.9067","-43.2115"
473,473-SAO JANUARIO X LIDO (VIA TUNEL REBOUCAS),Fetranspor,381,17342339,"-22.9067","-43.2121"
473,473-SAO JANUARIO X LIDO (VIA TUNEL REBOUCAS),Fetranspor,382,17342339,"-22.9067","-43.2121"
473,473-SAO JANUARIO X LIDO (VIA TUNEL REBOUCAS),Fetranspor,383,17342339,"-22.9067","-43.2128"
473,473-SAO JANUARIO X LIDO (VIA TUNEL REBOUCAS),Fetranspor,384,17342339,"-22.9068","-43.2133"
473,473-SAO JANUARIO X LIDO (VIA TUNEL REBOUCAS),Fetranspor,385,17342339,"-22.9068","-43.2133"
473,473-SAO JANUARIO X LIDO (VIA TUNEL REBOUCAS),Fetranspor,386,17342339,"-22.9067","-43.2134"
473,473-SAO JANUARIO X LIDO (VIA TUNEL REBOUCAS),Fetranspor,387,17342339,"-22.9067","-43.2135"
473,473-SAO JANUARIO X LIDO (VIA TUNEL REBOUCAS),Fetranspor,388,17342339,"-22.9066","-43.2136"
473,473-SAO JANUARIO X LIDO (VIA TUNEL REBOUCAS),Fetranspor,389,17342339,"-22.9065","-43.2137"
473,473-SAO JANUARIO X LIDO (VIA TUNEL REBOUCAS),Fetranspor,390,17342339,"-22.9064","-43.2137"
473,473-SAO JANUARIO X LIDO (VIA TUNEL REBOUCAS),Fetranspor,391,17342339,"-22.9058","-43.214"
473,473-SAO JANUARIO X LIDO (VIA TUNEL REBOUCAS),Fetranspor,392,17342339,"-22.9058","-43.214"
473,473-SAO JANUARIO X LIDO (VIA TUNEL REBOUCAS),Fetranspor,393,17342339,"-22.9055","-43.2141"
473,473-SAO JANUARIO X LIDO (VIA TUNEL REBOUCAS),Fetranspor,394,17342339,"-22.9055","-43.2141"
473,473-SAO JANUARIO X LIDO (VIA TUNEL REBOUCAS),Fetranspor,395,17342339,"-22.9051","-43.2144"
473,473-SAO JANUARIO X LIDO (VIA TUNEL REBOUCAS),Fetranspor,396,17342339,"-22.9036","-43.2153"
473,473-SAO JANUARIO X LIDO (VIA TUNEL REBOUCAS),Fetranspor,397,17342339,"-22.9036","-43.2153"
473,473-SAO JANUARIO X LIDO (VIA TUNEL REBOUCAS),Fetranspor,398,17342339,"-22.9035","-43.2154"
473,473-SAO JANUARIO X LIDO (VIA TUNEL REBOUCAS),Fetranspor,399,17342339,"-22.9035","-43.2154"
473,473-SAO JANUARIO X LIDO (VIA TUNEL REBOUCAS),Fetranspor,400,17342339,"-22.9034","-43.2155"
473,473-SAO JANUARIO X LIDO (VIA TUNEL REBOUCAS),Fetranspor,401,17342339,"-22.9026","-43.216"
473,473-SAO JANUARIO X LIDO (VIA TUNEL REBOUCAS),Fetranspor,402,17342339,"-22.9025","-43.2161"
473,473-SAO JANUARIO X LIDO (VIA TUNEL REBOUCAS),Fetranspor,403,17342339,"-22.9025","-43.2161"
473,473-SAO JANUARIO X LIDO (VIA TUNEL REBOUCAS),Fetranspor,404,17342339,"-22.9012","-43.2169"
473,473-SAO JANUARIO X LIDO (VIA TUNEL REBOUCAS),Fetranspor,405,17342339,"-22.9012","-43.2169"
473,473-SAO JANUARIO X LIDO (VIA TUNEL REBOUCAS),Fetranspor,406,17342339,"-22.9012","-43.2169"
473,473-SAO JANUARIO X LIDO (VIA TUNEL REBOUCAS),Fetranspor,407,17342339,"-22.9009","-43.2166"
473,473-SAO JANUARIO X LIDO (VIA TUNEL REBOUCAS),Fetranspor,408,17342339,"-22.9004","-43.2162"
473,473-SAO JANUARIO X LIDO (VIA TUNEL REBOUCAS),Fetranspor,409,17342339,"-22.9003","-43.216"
473,473-SAO JANUARIO X LIDO (VIA TUNEL REBOUCAS),Fetranspor,410,17342339,"-22.9003","-43.216"
473,473-SAO JANUARIO X LIDO (VIA TUNEL REBOUCAS),Fetranspor,411,17342339,"-22.9002","-43.2161"
473,473-SAO JANUARIO X LIDO (VIA TUNEL REBOUCAS),Fetranspor,412,17342339,"-22.9002","-43.2161"
473,473-SAO JANUARIO X LIDO (VIA TUNEL REBOUCAS),Fetranspor,413,17342339,"-22.8991","-43.2168"
473,473-SAO JANUARIO X LIDO (VIA TUNEL REBOUCAS),Fetranspor,414,17342339,"-22.8991","-43.2168"
473,473-SAO JANUARIO X LIDO (VIA TUNEL REBOUCAS),Fetranspor,415,17342339,"-22.899","-43.2169"
473,473-SAO JANUARIO X LIDO (VIA TUNEL REBOUCAS),Fetranspor,416,17342339,"-22.8989","-43.217"
473,473-SAO JANUARIO X LIDO (VIA TUNEL REBOUCAS),Fetranspor,417,17342339,"-22.8989","-43.217"
473,473-SAO JANUARIO X LIDO (VIA TUNEL REBOUCAS),Fetranspor,418,17342339,"-22.8987","-43.2172"
473,473-SAO JANUARIO X LIDO (VIA TUNEL REBOUCAS),Fetranspor,419,17342339,"-22.8976","-43.2179"
473,473-SAO JANUARIO X LIDO (VIA TUNEL REBOUCAS),Fetranspor,420,17342339,"-22.8976","-43.2179"
473,473-SAO JANUARIO X LIDO (VIA TUNEL REBOUCAS),Fetranspor,421,17342339,"-22.8974","-43.218"
473,473-SAO JANUARIO X LIDO (VIA TUNEL REBOUCAS),Fetranspor,422,17342339,"-22.8974","-43.218"
473,473-SAO JANUARIO X LIDO (VIA TUNEL REBOUCAS),Fetranspor,423,17342339,"-22.8972","-43.2181"
473,473-SAO JANUARIO X LIDO (VIA TUNEL REBOUCAS),Fetranspor,424,17342339,"-22.8972","-43.2181"
473,473-SAO JANUARIO X LIDO (VIA TUNEL REBOUCAS),Fetranspor,425,17342339,"-22.8963","-43.2188"
473,473-SAO JANUARIO X LIDO (VIA TUNEL REBOUCAS),Fetranspor,426,17342339,"-22.8963","-43.2188"
473,473-SAO JANUARIO X LIDO (VIA TUNEL REBOUCAS),Fetranspor,427,17342339,"-22.8953","-43.2195"
473,473-SAO JANUARIO X LIDO (VIA TUNEL REBOUCAS),Fetranspor,428,17342339,"-22.8953","-43.2195"
473,473-SAO JANUARIO X LIDO (VIA TUNEL REBOUCAS),Fetranspor,429,17342339,"-22.8949","-43.2197"
473,473-SAO JANUARIO X LIDO (VIA TUNEL REBOUCAS),Fetranspor,430,17342339,"-22.8949","-43.2197"
473,473-SAO JANUARIO X LIDO (VIA TUNEL REBOUCAS),Fetranspor,431,17342339,"-22.8947","-43.2198"
473,473-SAO JANUARIO X LIDO (VIA TUNEL REBOUCAS),Fetranspor,432,17342339,"-22.8947","-43.2198"
473,473-SAO JANUARIO X LIDO (VIA TUNEL REBOUCAS),Fetranspor,433,17342339,"-22.8947","-43.2198"
473,473-SAO JANUARIO X LIDO (VIA TUNEL REBOUCAS),Fetranspor,434,17342339,"-22.8947","-43.2198"
473,473-SAO JANUARIO X LIDO (VIA TUNEL REBOUCAS),Fetranspor,435,17342339,"-22.8948","-43.22"
473,473-SAO JANUARIO X LIDO (VIA TUNEL REBOUCAS),Fetranspor,436,17342339,"-22.895","-43.2201"
473,473-SAO JANUARIO X LIDO (VIA TUNEL REBOUCAS),Fetranspor,437,17342339,"-22.895","-43.2201"
473,473-SAO JANUARIO X LIDO (VIA TUNEL REBOUCAS),Fetranspor,438,17342339,"-22.8951","-43.2202"
473,473-SAO JANUARIO X LIDO (VIA TUNEL REBOUCAS),Fetranspor,439,17342339,"-22.8956","-43.2206"
473,473-SAO JANUARIO X LIDO (VIA TUNEL REBOUCAS),Fetranspor,440,17342339,"-22.8956","-43.2206"
473,473-SAO JANUARIO X LIDO (VIA TUNEL REBOUCAS),Fetranspor,441,17342339,"-22.8958","-43.2208"
473,473-SAO JANUARIO X LIDO (VIA TUNEL REBOUCAS),Fetranspor,442,17342339,"-22.8958","-43.2208"
473,473-SAO JANUARIO X LIDO (VIA TUNEL REBOUCAS),Fetranspor,443,17342339,"-22.8958","-43.2208"
473,473-SAO JANUARIO X LIDO (VIA TUNEL REBOUCAS),Fetranspor,444,17342339,"-22.896","-43.221"
473,473-SAO JANUARIO X LIDO (VIA TUNEL REBOUCAS),Fetranspor,445,17342339,"-22.8964","-43.2212"
473,473-SAO JANUARIO X LIDO (VIA TUNEL REBOUCAS),Fetranspor,446,17342339,"-22.8964","-43.2212"
473,473-SAO JANUARIO X LIDO (VIA TUNEL REBOUCAS),Fetranspor,447,17342339,"-22.8969","-43.2217"
473,473-SAO JANUARIO X LIDO (VIA TUNEL REBOUCAS),Fetranspor,448,17342339,"-22.8969","-43.2217"
473,473-SAO JANUARIO X LIDO (VIA TUNEL REBOUCAS),Fetranspor,449,17342339,"-22.8972","-43.222"
473,473-SAO JANUARIO X LIDO (VIA TUNEL REBOUCAS),Fetranspor,450,17342339,"-22.8978","-43.2224"
473,473-SAO JANUARIO X LIDO (VIA TUNEL REBOUCAS),Fetranspor,451,17342339,"-22.8978","-43.2224"
473,473-SAO JANUARIO X LIDO (VIA TUNEL REBOUCAS),Fetranspor,452,17342339,"-22.8982","-43.2228"
473,473-SAO JANUARIO X LIDO (VIA TUNEL REBOUCAS),Fetranspor,453,17342339,"-22.8984","-43.2229"
473,473-SAO JANUARIO X LIDO (VIA TUNEL REBOUCAS),Fetranspor,454,17342339,"-22.8984","-43.2229"
473,473-SAO JANUARIO X LIDO (VIA TUNEL REBOUCAS),Fetranspor,455,17342339,"-22.8988","-43.2233"
473,473-SAO JANUARIO X LIDO (VIA TUNEL REBOUCAS),Fetranspor,456,17342339,"-22.8988","-43.2233"
473,473-SAO JANUARIO X LIDO (VIA TUNEL REBOUCAS),Fetranspor,457,17342339,"-22.8989","-43.2232"
473,473-SAO JANUARIO X LIDO (VIA TUNEL REBOUCAS),Fetranspor,458,17342339,"-22.8995","-43.2228"
473,473-SAO JANUARIO X LIDO (VIA TUNEL REBOUCAS),Fetranspor,459,17342339,"-22.8995","-43.2228"
473,473-SAO JANUARIO X LIDO (VIA TUNEL REBOUCAS),Fetranspor,460,17342339,"-22.8995","-43.2228"
473,473-SAO JANUARIO X LIDO (VIA TUNEL REBOUCAS),Fetranspor,461,17342339,"-22.8996","-43.2228"
473,473-SAO JANUARIO X LIDO (VIA TUNEL REBOUCAS),Fetranspor,462,17342339,"-22.8996","-43.2228"
473,473-SAO JANUARIO X LIDO (VIA TUNEL REBOUCAS),Fetranspor,463,17342339,"-22.8996","-43.2228"
473,473-SAO JANUARIO X LIDO (VIA TUNEL REBOUCAS),Fetranspor,464,17342339,"-22.8998","-43.2231"
473,473-SAO JANUARIO X LIDO (VIA TUNEL REBOUCAS),Fetranspor,465,17342339,"-22.8999","-43.2233"
473,473-SAO JANUARIO X LIDO (VIA TUNEL REBOUCAS),Fetranspor,466,17342339,"-22.8999","-43.2233"
473,473-SAO JANUARIO X LIDO (VIA TUNEL REBOUCAS),Fetranspor,467,17342339,"-22.9","-43.2234"
473,473-SAO JANUARIO X LIDO (VIA TUNEL REBOUCAS),Fetranspor,468,17342339,"-22.9","-43.2237"
473,473-SAO JANUARIO X LIDO (VIA TUNEL REBOUCAS),Fetranspor,469,17342339,"-22.9002","-43.2246"
473,473-SAO JANUARIO X LIDO (VIA TUNEL REBOUCAS),Fetranspor,470,17342339,"-22.9002","-43.2246"
473,473-SAO JANUARIO X LIDO (VIA TUNEL REBOUCAS),Fetranspor,471,17342339,"-22.9003","-43.2249"
473,473-SAO JANUARIO X LIDO (VIA TUNEL REBOUCAS),Fetranspor,472,17342339,"-22.9003","-43.2249"
473,473-SAO JANUARIO X LIDO (VIA TUNEL REBOUCAS),Fetranspor,473,17342339,"-22.9003","-43.2249"
473,473-SAO JANUARIO X LIDO (VIA TUNEL REBOUCAS),Fetranspor,474,17342339,"-22.9003","-43.2249"
473,473-SAO JANUARIO X LIDO (VIA TUNEL REBOUCAS),Fetranspor,475,17342339,"-22.9003","-43.2251"
473,473-SAO JANUARIO X LIDO (VIA TUNEL REBOUCAS),Fetranspor,476,17342339,"-22.9003","-43.2251"
473,473-SAO JANUARIO X LIDO (VIA TUNEL REBOUCAS),Fetranspor,477,17342339,"-22.9003","-43.2251"
473,473-SAO JANUARIO X LIDO (VIA TUNEL REBOUCAS),Fetranspor,478,17342339,"-22.8988","-43.2257"
473,473-SAO JANUARIO X LIDO (VIA TUNEL REBOUCAS),Fetranspor,479,17342339,"-22.8988","-43.2257"
473,473-SAO JANUARIO X LIDO (VIA TUNEL REBOUCAS),Fetranspor,480,17342339,"-22.8986","-43.2257"
473,473-SAO JANUARIO X LIDO (VIA TUNEL REBOUCAS),Fetranspor,481,17342339,"-22.8976","-43.2261"
473,473-SAO JANUARIO X LIDO (VIA TUNEL REBOUCAS),Fetranspor,482,17342339,"-22.8962","-43.2267"
473,473-SAO JANUARIO X LIDO (VIA TUNEL REBOUCAS),Fetranspor,483,17342339,"-22.8962","-43.2267"
473,473-SAO JANUARIO X LIDO (VIA TUNEL REBOUCAS),Fetranspor,484,17342339,"-22.8954","-43.2269"
473,473-SAO JANUARIO X LIDO (VIA TUNEL REBOUCAS),Fetranspor,485,17342339,"-22.8954","-43.2269"
473,473-SAO JANUARIO X LIDO (VIA TUNEL REBOUCAS),Fetranspor,486,17342339,"-22.8942","-43.2274"
473,473-SAO JANUARIO X LIDO (VIA TUNEL REBOUCAS),Fetranspor,487,17342339,"-22.8942","-43.2274"
473,473-SAO JANUARIO X LIDO (VIA TUNEL REBOUCAS),Fetranspor,488,17342339,"-22.8936","-43.2276"
473,473-SAO JANUARIO X LIDO (VIA TUNEL REBOUCAS),Fetranspor,489,17342339,"-22.8932","-43.2277"
473,473-SAO JANUARIO X LIDO (VIA TUNEL REBOUCAS),Fetranspor,490,17342339,"-22.8931","-43.2277"
473,473-SAO JANUARIO X LIDO (VIA TUNEL REBOUCAS),Fetranspor,491,17342339,"-22.893","-43.2277"
473,473-SAO JANUARIO X LIDO (VIA TUNEL REBOUCAS),Fetranspor,492,17342339,"-22.8928","-43.2277"
473,473-SAO JANUARIO X LIDO (VIA TUNEL REBOUCAS),Fetranspor,493,17342339,"-22.8928","-43.2277"
473,473-SAO JANUARIO X LIDO (VIA TUNEL REBOUCAS),Fetranspor,494,17342339,"-22.8927","-43.2276"
473,473-SAO JANUARIO X LIDO (VIA TUNEL REBOUCAS),Fetranspor,495,17342339,"-22.8925","-43.2275"
473,473-SAO JANUARIO X LIDO (VIA TUNEL REBOUCAS),Fetranspor,496,17342339,"-22.8919","-43.2271"
473,473-SAO JANUARIO X LIDO (VIA TUNEL REBOUCAS),Fetranspor,497,17342339,"-22.8919","-43.2271"
473,473-SAO JANUARIO X LIDO (VIA TUNEL REBOUCAS),Fetranspor,498,17342339,"-22.8908","-43.2265"
473,473-SAO JANUARIO X LIDO (VIA TUNEL REBOUCAS),Fetranspor,499,17342339,"-22.8908","-43.2265"
473,473-SAO JANUARIO X LIDO (VIA TUNEL REBOUCAS),Fetranspor,500,17342339,"-22.8908","-43.2268"
473,473-SAO JANUARIO X LIDO (VIA TUNEL REBOUCAS),Fetranspor,501,17342339,"-22.8907","-43.227"
473,473-SAO JANUARIO X LIDO (VIA TUNEL REBOUCAS),Fetranspor,502,17342339,"-22.8907","-43.2271"
473,473-SAO JANUARIO X LIDO (VIA TUNEL REBOUCAS),Fetranspor,503,17342339,"-22.8906","-43.2272"
473,473-SAO JANUARIO X LIDO (VIA TUNEL REBOUCAS),Fetranspor,504,17342339,"-22.8906","-43.2272"
473,473-SAO JANUARIO X LIDO (VIA TUNEL REBOUCAS),Fetranspor,505,17342339,"-22.8904","-43.2273"
473,473-SAO JANUARIO X LIDO (VIA TUNEL REBOUCAS),Fetranspor,506,17342339,"-22.8898","-43.2276"
473,473-SAO JANUARIO X LIDO (VIA TUNEL REBOUCAS),Fetranspor,507,17342339,"-22.8891","-43.2279"
473,473-SAO JANUARIO X LIDO (VIA TUNEL REBOUCAS),Fetranspor,508,17342339,"-22.8891","-43.2279"
473,473-SAO JANUARIO X LIDO (VIA TUNEL REBOUCAS),Fetranspor,509,17342339,"-22.8892","-43.228"
473,473-SAO JANUARIO X LIDO (VIA TUNEL REBOUCAS),Fetranspor,510,17342339,"-22.8892","-43.228"
473,473-SAO JANUARIO X LIDO (VIA TUNEL REBOUCAS),Fetranspor,511,17342339,"-22.8893","-43.2282"
473,473-SAO JANUARIO X LIDO (VIA TUNEL REBOUCAS),Fetranspor,512,17342339,"-22.8893","-43.2282"
473,473-SAO JANUARIO X LIDO (VIA TUNEL REBOUCAS),Fetranspor,513,17342339,"-22.8893","-43.2284"
473,473-SAO JANUARIO X LIDO (VIA TUNEL REBOUCAS),Fetranspor,514,17342339,"-22.8893","-43.2284"
473,473-SAO JANUARIO X LIDO (VIA TUNEL REBOUCAS),Fetranspor,515,17342339,"-22.8894","-43.2286"
473,473-SAO JANUARIO X LIDO (VIA TUNEL REBOUCAS),Fetranspor,516,17342339,"-22.8894","-43.2286"
473,473-SAO JANUARIO X LIDO (VIA TUNEL REBOUCAS),Fetranspor,517,17342339,"-22.8896","-43.2289"
473,473-SAO JANUARIO X LIDO (VIA TUNEL REBOUCAS),Fetranspor,518,17342339,"-22.8896","-43.2289"
473,473-SAO JANUARIO X LIDO (VIA TUNEL REBOUCAS),Fetranspor,519,17342339,"-22.8897","-43.2291"
473,473-SAO JANUARIO X LIDO (VIA TUNEL REBOUCAS),Fetranspor,520,17342339,"-22.8897","-43.2292"
473,473-SAO JANUARIO X LIDO (VIA TUNEL REBOUCAS),Fetranspor,521,17342339,"-22.8897","-43.2292"
473,473-SAO JANUARIO X LIDO (VIA TUNEL REBOUCAS),Fetranspor,522,17342339,"-22.8898","-43.2293"
473,473-SAO JANUARIO X LIDO (VIA TUNEL REBOUCAS),Fetranspor,523,17342339,"-22.8898","-43.2293"
473,473-SAO JANUARIO X LIDO (VIA TUNEL REBOUCAS),Fetranspor,524,17342339,"-22.8901","-43.2293"
473,473-SAO JANUARIO X LIDO (VIA TUNEL REBOUCAS),Fetranspor,525,17342339,"-22.8908","-43.2291"
473,473-SAO JANUARIO X LIDO (VIA TUNEL REBOUCAS),Fetranspor,526,17342339,"-22.8909","-43.2291"
473,473-SAO JANUARIO X LIDO (VIA TUNEL REBOUCAS),Fetranspor,527,17342339,"-22.8914","-43.229"
473,473-SAO JANUARIO X LIDO (VIA TUNEL REBOUCAS),Fetranspor,0,17604816,"-22.8914","-43.229"
473,473-SAO JANUARIO X LIDO (VIA TUNEL REBOUCAS),Fetranspor,1,17604816,"-22.892","-43.2289"
473,473-SAO JANUARIO X LIDO (VIA TUNEL REBOUCAS),Fetranspor,2,17604816,"-22.8924","-43.2288"
473,473-SAO JANUARIO X LIDO (VIA TUNEL REBOUCAS),Fetranspor,3,17604816,"-22.8924","-43.2288"
473,473-SAO JANUARIO X LIDO (VIA TUNEL REBOUCAS),Fetranspor,4,17604816,"-22.8929","-43.2287"
473,473-SAO JANUARIO X LIDO (VIA TUNEL REBOUCAS),Fetranspor,5,17604816,"-22.8929","-43.2287"
473,473-SAO JANUARIO X LIDO (VIA TUNEL REBOUCAS),Fetranspor,6,17604816,"-22.8934","-43.2287"
473,473-SAO JANUARIO X LIDO (VIA TUNEL REBOUCAS),Fetranspor,7,17604816,"-22.8936","-43.2287"
473,473-SAO JANUARIO X LIDO (VIA TUNEL REBOUCAS),Fetranspor,8,17604816,"-22.8937","-43.2287"
473,473-SAO JANUARIO X LIDO (VIA TUNEL REBOUCAS),Fetranspor,9,17604816,"-22.8937","-43.2287"
473,473-SAO JANUARIO X LIDO (VIA TUNEL REBOUCAS),Fetranspor,10,17604816,"-22.8938","-43.2287"
473,473-SAO JANUARIO X LIDO (VIA TUNEL REBOUCAS),Fetranspor,11,17604816,"-22.8942","-43.2286"
473,473-SAO JANUARIO X LIDO (VIA TUNEL REBOUCAS),Fetranspor,12,17604816,"-22.8942","-43.2286"
473,473-SAO JANUARIO X LIDO (VIA TUNEL REBOUCAS),Fetranspor,13,17604816,"-22.8948","-43.2286"
473,473-SAO JANUARIO X LIDO (VIA TUNEL REBOUCAS),Fetranspor,14,17604816,"-22.895","-43.2286"
473,473-SAO JANUARIO X LIDO (VIA TUNEL REBOUCAS),Fetranspor,15,17604816,"-22.8952","-43.2287"
473,473-SAO JANUARIO X LIDO (VIA TUNEL REBOUCAS),Fetranspor,16,17604816,"-22.8954","-43.2287"
473,473-SAO JANUARIO X LIDO (VIA TUNEL REBOUCAS),Fetranspor,17,17604816,"-22.8955","-43.2288"
473,473-SAO JANUARIO X LIDO (VIA TUNEL REBOUCAS),Fetranspor,18,17604816,"-22.8955","-43.2288"
473,473-SAO JANUARIO X LIDO (VIA TUNEL REBOUCAS),Fetranspor,19,17604816,"-22.8955","-43.2287"
473,473-SAO JANUARIO X LIDO (VIA TUNEL REBOUCAS),Fetranspor,20,17604816,"-22.8956","-43.2287"
473,473-SAO JANUARIO X LIDO (VIA TUNEL REBOUCAS),Fetranspor,21,17604816,"-22.8958","-43.2286"
473,473-SAO JANUARIO X LIDO (VIA TUNEL REBOUCAS),Fetranspor,22,17604816,"-22.8967","-43.2283"
473,473-SAO JANUARIO X LIDO (VIA TUNEL REBOUCAS),Fetranspor,23,17604816,"-22.8967","-43.2283"
473,473-SAO JANUARIO X LIDO (VIA TUNEL REBOUCAS),Fetranspor,24,17604816,"-22.8977","-43.2278"
473,473-SAO JANUARIO X LIDO (VIA TUNEL REBOUCAS),Fetranspor,25,17604816,"-22.8977","-43.2278"
473,473-SAO JANUARIO X LIDO (VIA TUNEL REBOUCAS),Fetranspor,26,17604816,"-22.8979","-43.2278"
473,473-SAO JANUARIO X LIDO (VIA TUNEL REBOUCAS),Fetranspor,27,17604816,"-22.8979","-43.2278"
473,473-SAO JANUARIO X LIDO (VIA TUNEL REBOUCAS),Fetranspor,28,17604816,"-22.898","-43.2278"
473,473-SAO JANUARIO X LIDO (VIA TUNEL REBOUCAS),Fetranspor,29,17604816,"-22.8981","-43.2278"
473,473-SAO JANUARIO X LIDO (VIA TUNEL REBOUCAS),Fetranspor,30,17604816,"-22.8981","-43.2278"
473,473-SAO JANUARIO X LIDO (VIA TUNEL REBOUCAS),Fetranspor,31,17604816,"-22.8981","-43.2278"
473,473-SAO JANUARIO X LIDO (VIA TUNEL REBOUCAS),Fetranspor,32,17604816,"-22.8981","-43.2278"
473,473-SAO JANUARIO X LIDO (VIA TUNEL REBOUCAS),Fetranspor,33,17604816,"-22.8982","-43.2278"
473,473-SAO JANUARIO X LIDO (VIA TUNEL REBOUCAS),Fetranspor,34,17604816,"-22.8984","-43.2278"
473,473-SAO JANUARIO X LIDO (VIA TUNEL REBOUCAS),Fetranspor,35,17604816,"-22.8984","-43.2278"
473,473-SAO JANUARIO X LIDO (VIA TUNEL REBOUCAS),Fetranspor,36,17604816,"-22.8996","-43.2276"
473,473-SAO JANUARIO X LIDO (VIA TUNEL REBOUCAS),Fetranspor,37,17604816,"-22.8996","-43.2276"
473,473-SAO JANUARIO X LIDO (VIA TUNEL REBOUCAS),Fetranspor,38,17604816,"-22.8996","-43.2275"
473,473-SAO JANUARIO X LIDO (VIA TUNEL REBOUCAS),Fetranspor,39,17604816,"-22.8996","-43.2274"
473,473-SAO JANUARIO X LIDO (VIA TUNEL REBOUCAS),Fetranspor,40,17604816,"-22.8996","-43.2272"
473,473-SAO JANUARIO X LIDO (VIA TUNEL REBOUCAS),Fetranspor,41,17604816,"-22.8996","-43.2272"
473,473-SAO JANUARIO X LIDO (VIA TUNEL REBOUCAS),Fetranspor,42,17604816,"-22.8997","-43.2271"
473,473-SAO JANUARIO X LIDO (VIA TUNEL REBOUCAS),Fetranspor,43,17604816,"-22.9001","-43.2256"
473,473-SAO JANUARIO X LIDO (VIA TUNEL REBOUCAS),Fetranspor,44,17604816,"-22.9001","-43.2256"
473,473-SAO JANUARIO X LIDO (VIA TUNEL REBOUCAS),Fetranspor,45,17604816,"-22.9002","-43.2254"
473,473-SAO JANUARIO X LIDO (VIA TUNEL REBOUCAS),Fetranspor,46,17604816,"-22.9002","-43.2254"
473,473-SAO JANUARIO X LIDO (VIA TUNEL REBOUCAS),Fetranspor,47,17604816,"-22.9004","-43.2251"
473,473-SAO JANUARIO X LIDO (VIA TUNEL REBOUCAS),Fetranspor,48,17604816,"-22.9004","-43.2251"
473,473-SAO JANUARIO X LIDO (VIA TUNEL REBOUCAS),Fetranspor,49,17604816,"-22.9004","-43.2248"
473,473-SAO JANUARIO X LIDO (VIA TUNEL REBOUCAS),Fetranspor,50,17604816,"-22.9004","-43.2248"
473,473-SAO JANUARIO X LIDO (VIA TUNEL REBOUCAS),Fetranspor,51,17604816,"-22.9005","-43.2247"
473,473-SAO JANUARIO X LIDO (VIA TUNEL REBOUCAS),Fetranspor,52,17604816,"-22.9005","-43.2247"
473,473-SAO JANUARIO X LIDO (VIA TUNEL REBOUCAS),Fetranspor,53,17604816,"-22.9005","-43.2246"
473,473-SAO JANUARIO X LIDO (VIA TUNEL REBOUCAS),Fetranspor,54,17604816,"-22.9011","-43.2243"
473,473-SAO JANUARIO X LIDO (VIA TUNEL REBOUCAS),Fetranspor,55,17604816,"-22.9012","-43.2243"
473,473-SAO JANUARIO X LIDO (VIA TUNEL REBOUCAS),Fetranspor,56,17604816,"-22.9012","-43.2243"
473,473-SAO JANUARIO X LIDO (VIA TUNEL REBOUCAS),Fetranspor,57,17604816,"-22.9007","-43.2238"
473,473-SAO JANUARIO X LIDO (VIA TUNEL REBOUCAS),Fetranspor,58,17604816,"-22.9006","-43.2236"
473,473-SAO JANUARIO X LIDO (VIA TUNEL REBOUCAS),Fetranspor,59,17604816,"-22.9006","-43.2236"
473,473-SAO JANUARIO X LIDO (VIA TUNEL REBOUCAS),Fetranspor,60,17604816,"-22.9001","-43.2232"
473,473-SAO JANUARIO X LIDO (VIA TUNEL REBOUCAS),Fetranspor,61,17604816,"-22.9001","-43.2232"
473,473-SAO JANUARIO X LIDO (VIA TUNEL REBOUCAS),Fetranspor,62,17604816,"-22.8995","-43.2226"
473,473-SAO JANUARIO X LIDO (VIA TUNEL REBOUCAS),Fetranspor,63,17604816,"-22.8995","-43.2226"
473,473-SAO JANUARIO X LIDO (VIA TUNEL REBOUCAS),Fetranspor,64,17604816,"-22.8994","-43.2225"
473,473-SAO JANUARIO X LIDO (VIA TUNEL REBOUCAS),Fetranspor,65,17604816,"-22.8994","-43.2224"
473,473-SAO JANUARIO X LIDO (VIA TUNEL REBOUCAS),Fetranspor,66,17604816,"-22.8993","-43.2223"
473,473-SAO JANUARIO X LIDO (VIA TUNEL REBOUCAS),Fetranspor,67,17604816,"-22.899","-43.2207"
473,473-SAO JANUARIO X LIDO (VIA TUNEL REBOUCAS),Fetranspor,68,17604816,"-22.8989","-43.2205"
473,473-SAO JANUARIO X LIDO (VIA TUNEL REBOUCAS),Fetranspor,69,17604816,"-22.8988","-43.2201"
473,473-SAO JANUARIO X LIDO (VIA TUNEL REBOUCAS),Fetranspor,70,17604816,"-22.8988","-43.2201"
473,473-SAO JANUARIO X LIDO (VIA TUNEL REBOUCAS),Fetranspor,71,17604816,"-22.8987","-43.22"
473,473-SAO JANUARIO X LIDO (VIA TUNEL REBOUCAS),Fetranspor,72,17604816,"-22.8984","-43.2192"
473,473-SAO JANUARIO X LIDO (VIA TUNEL REBOUCAS),Fetranspor,73,17604816,"-22.8982","-43.219"
473,473-SAO JANUARIO X LIDO (VIA TUNEL REBOUCAS),Fetranspor,74,17604816,"-22.8982","-43.219"
473,473-SAO JANUARIO X LIDO (VIA TUNEL REBOUCAS),Fetranspor,75,17604816,"-22.8982","-43.2189"
473,473-SAO JANUARIO X LIDO (VIA TUNEL REBOUCAS),Fetranspor,76,17604816,"-22.8981","-43.2187"
473,473-SAO JANUARIO X LIDO (VIA TUNEL REBOUCAS),Fetranspor,77,17604816,"-22.8981","-43.2187"
473,473-SAO JANUARIO X LIDO (VIA TUNEL REBOUCAS),Fetranspor,78,17604816,"-22.898","-43.2185"
473,473-SAO JANUARIO X LIDO (VIA TUNEL REBOUCAS),Fetranspor,79,17604816,"-22.8979","-43.2184"
473,473-SAO JANUARIO X LIDO (VIA TUNEL REBOUCAS),Fetranspor,80,17604816,"-22.8979","-43.2184"
473,473-SAO JANUARIO X LIDO (VIA TUNEL REBOUCAS),Fetranspor,81,17604816,"-22.8978","-43.2182"
473,473-SAO JANUARIO X LIDO (VIA TUNEL REBOUCAS),Fetranspor,82,17604816,"-22.8976","-43.2179"
473,473-SAO JANUARIO X LIDO (VIA TUNEL REBOUCAS),Fetranspor,83,17604816,"-22.8976","-43.2179"
473,473-SAO JANUARIO X LIDO (VIA TUNEL REBOUCAS),Fetranspor,84,17604816,"-22.8975","-43.2178"
473,473-SAO JANUARIO X LIDO (VIA TUNEL REBOUCAS),Fetranspor,85,17604816,"-22.8971","-43.2172"
473,473-SAO JANUARIO X LIDO (VIA TUNEL REBOUCAS),Fetranspor,86,17604816,"-22.8971","-43.2172"
473,473-SAO JANUARIO X LIDO (VIA TUNEL REBOUCAS),Fetranspor,87,17604816,"-22.8967","-43.2166"
473,473-SAO JANUARIO X LIDO (VIA TUNEL REBOUCAS),Fetranspor,88,17604816,"-22.8967","-43.2166"
473,473-SAO JANUARIO X LIDO (VIA TUNEL REBOUCAS),Fetranspor,89,17604816,"-22.8966","-43.2165"
473,473-SAO JANUARIO X LIDO (VIA TUNEL REBOUCAS),Fetranspor,90,17604816,"-22.8966","-43.2165"
473,473-SAO JANUARIO X LIDO (VIA TUNEL REBOUCAS),Fetranspor,91,17604816,"-22.8965","-43.2164"
473,473-SAO JANUARIO X LIDO (VIA TUNEL REBOUCAS),Fetranspor,92,17604816,"-22.8965","-43.2164"
473,473-SAO JANUARIO X LIDO (VIA TUNEL REBOUCAS),Fetranspor,93,17604816,"-22.8958","-43.2153"
473,473-SAO JANUARIO X LIDO (VIA TUNEL REBOUCAS),Fetranspor,94,17604816,"-22.8956","-43.2151"
473,473-SAO JANUARIO X LIDO (VIA TUNEL REBOUCAS),Fetranspor,95,17604816,"-22.8956","-43.2151"
473,473-SAO JANUARIO X LIDO (VIA TUNEL REBOUCAS),Fetranspor,96,17604816,"-22.8955","-43.215"
473,473-SAO JANUARIO X LIDO (VIA TUNEL REBOUCAS),Fetranspor,97,17604816,"-22.8955","-43.215"
473,473-SAO JANUARIO X LIDO (VIA TUNEL REBOUCAS),Fetranspor,98,17604816,"-22.8957","-43.2149"
473,473-SAO JANUARIO X LIDO (VIA TUNEL REBOUCAS),Fetranspor,99,17604816,"-22.8958","-43.2148"
473,473-SAO JANUARIO X LIDO (VIA TUNEL REBOUCAS),Fetranspor,100,17604816,"-22.8959","-43.2147"
473,473-SAO JANUARIO X LIDO (VIA TUNEL REBOUCAS),Fetranspor,101,17604816,"-22.8962","-43.2145"
473,473-SAO JANUARIO X LIDO (VIA TUNEL REBOUCAS),Fetranspor,102,17604816,"-22.8964","-43.2143"
473,473-SAO JANUARIO X LIDO (VIA TUNEL REBOUCAS),Fetranspor,103,17604816,"-22.8968","-43.2137"
473,473-SAO JANUARIO X LIDO (VIA TUNEL REBOUCAS),Fetranspor,104,17604816,"-22.8968","-43.2137"
473,473-SAO JANUARIO X LIDO (VIA TUNEL REBOUCAS),Fetranspor,105,17604816,"-22.8974","-43.2128"
473,473-SAO JANUARIO X LIDO (VIA TUNEL REBOUCAS),Fetranspor,106,17604816,"-22.8979","-43.2121"
473,473-SAO JANUARIO X LIDO (VIA TUNEL REBOUCAS),Fetranspor,107,17604816,"-22.8979","-43.2121"
473,473-SAO JANUARIO X LIDO (VIA TUNEL REBOUCAS),Fetranspor,108,17604816,"-22.8984","-43.2116"
473,473-SAO JANUARIO X LIDO (VIA TUNEL REBOUCAS),Fetranspor,109,17604816,"-22.8984","-43.2116"
473,473-SAO JANUARIO X LIDO (VIA TUNEL REBOUCAS),Fetranspor,110,17604816,"-22.8986","-43.2113"
473,473-SAO JANUARIO X LIDO (VIA TUNEL REBOUCAS),Fetranspor,111,17604816,"-22.8989","-43.211"
473,473-SAO JANUARIO X LIDO (VIA TUNEL REBOUCAS),Fetranspor,112,17604816,"-22.8991","-43.2108"
473,473-SAO JANUARIO X LIDO (VIA TUNEL REBOUCAS),Fetranspor,113,17604816,"-22.8993","-43.2107"
473,473-SAO JANUARIO X LIDO (VIA TUNEL REBOUCAS),Fetranspor,114,17604816,"-22.8994","-43.2107"
473,473-SAO JANUARIO X LIDO (VIA TUNEL REBOUCAS),Fetranspor,115,17604816,"-22.8995","-43.2106"
473,473-SAO JANUARIO X LIDO (VIA TUNEL REBOUCAS),Fetranspor,116,17604816,"-22.8995","-43.2106"
473,473-SAO JANUARIO X LIDO (VIA TUNEL REBOUCAS),Fetranspor,117,17604816,"-22.8996","-43.2106"
473,473-SAO JANUARIO X LIDO (VIA TUNEL REBOUCAS),Fetranspor,118,17604816,"-22.8997","-43.2106"
473,473-SAO JANUARIO X LIDO (VIA TUNEL REBOUCAS),Fetranspor,119,17604816,"-22.9002","-43.2106"
473,473-SAO JANUARIO X LIDO (VIA TUNEL REBOUCAS),Fetranspor,120,17604816,"-22.9002","-43.2106"
473,473-SAO JANUARIO X LIDO (VIA TUNEL REBOUCAS),Fetranspor,121,17604816,"-22.9016","-43.2105"
473,473-SAO JANUARIO X LIDO (VIA TUNEL REBOUCAS),Fetranspor,122,17604816,"-22.9016","-43.2105"
473,473-SAO JANUARIO X LIDO (VIA TUNEL REBOUCAS),Fetranspor,123,17604816,"-22.9018","-43.2105"
473,473-SAO JANUARIO X LIDO (VIA TUNEL REBOUCAS),Fetranspor,124,17604816,"-22.9018","-43.2105"
473,473-SAO JANUARIO X LIDO (VIA TUNEL REBOUCAS),Fetranspor,125,17604816,"-22.9022","-43.2104"
473,473-SAO JANUARIO X LIDO (VIA TUNEL REBOUCAS),Fetranspor,126,17604816,"-22.9025","-43.2104"
473,473-SAO JANUARIO X LIDO (VIA TUNEL REBOUCAS),Fetranspor,127,17604816,"-22.9033","-43.2104"
473,473-SAO JANUARIO X LIDO (VIA TUNEL REBOUCAS),Fetranspor,128,17604816,"-22.9038","-43.2104"
473,473-SAO JANUARIO X LIDO (VIA TUNEL REBOUCAS),Fetranspor,129,17604816,"-22.9038","-43.2104"
473,473-SAO JANUARIO X LIDO (VIA TUNEL REBOUCAS),Fetranspor,130,17604816,"-22.9039","-43.2103"
473,473-SAO JANUARIO X LIDO (VIA TUNEL REBOUCAS),Fetranspor,131,17604816,"-22.9039","-43.2103"
473,473-SAO JANUARIO X LIDO (VIA TUNEL REBOUCAS),Fetranspor,132,17604816,"-22.9048","-43.2103"
473,473-SAO JANUARIO X LIDO (VIA TUNEL REBOUCAS),Fetranspor,133,17604816,"-22.9048","-43.2103"
473,473-SAO JANUARIO X LIDO (VIA TUNEL REBOUCAS),Fetranspor,134,17604816,"-22.9057","-43.2102"
473,473-SAO JANUARIO X LIDO (VIA TUNEL REBOUCAS),Fetranspor,135,17604816,"-22.9065","-43.2102"
473,473-SAO JANUARIO X LIDO (VIA TUNEL REBOUCAS),Fetranspor,136,17604816,"-22.9065","-43.2102"
473,473-SAO JANUARIO X LIDO (VIA TUNEL REBOUCAS),Fetranspor,137,17604816,"-22.9065","-43.2102"
473,473-SAO JANUARIO X LIDO (VIA TUNEL REBOUCAS),Fetranspor,138,17604816,"-22.9068","-43.2101"
473,473-SAO JANUARIO X LIDO (VIA TUNEL REBOUCAS),Fetranspor,139,17604816,"-22.9068","-43.2101"
473,473-SAO JANUARIO X LIDO (VIA TUNEL REBOUCAS),Fetranspor,140,17604816,"-22.9069","-43.2101"
473,473-SAO JANUARIO X LIDO (VIA TUNEL REBOUCAS),Fetranspor,141,17604816,"-22.9069","-43.2101"
473,473-SAO JANUARIO X LIDO (VIA TUNEL REBOUCAS),Fetranspor,142,17604816,"-22.9073","-43.2101"
473,473-SAO JANUARIO X LIDO (VIA TUNEL REBOUCAS),Fetranspor,143,17604816,"-22.9073","-43.2101"
473,473-SAO JANUARIO X LIDO (VIA TUNEL REBOUCAS),Fetranspor,144,17604816,"-22.9077","-43.2101"
473,473-SAO JANUARIO X LIDO (VIA TUNEL REBOUCAS),Fetranspor,145,17604816,"-22.9082","-43.2101"
473,473-SAO JANUARIO X LIDO (VIA TUNEL REBOUCAS),Fetranspor,146,17604816,"-22.9082","-43.2101"
473,473-SAO JANUARIO X LIDO (VIA TUNEL REBOUCAS),Fetranspor,147,17604816,"-22.9092","-43.21"
473,473-SAO JANUARIO X LIDO (VIA TUNEL REBOUCAS),Fetranspor,148,17604816,"-22.9096","-43.2099"
473,473-SAO JANUARIO X LIDO (VIA TUNEL REBOUCAS),Fetranspor,149,17604816,"-22.9096","-43.2099"
473,473-SAO JANUARIO X LIDO (VIA TUNEL REBOUCAS),Fetranspor,150,17604816,"-22.9097","-43.2099"
473,473-SAO JANUARIO X LIDO (VIA TUNEL REBOUCAS),Fetranspor,151,17604816,"-22.9097","-43.2099"
473,473-SAO JANUARIO X LIDO (VIA TUNEL REBOUCAS),Fetranspor,152,17604816,"-22.9098","-43.2099"
473,473-SAO JANUARIO X LIDO (VIA TUNEL REBOUCAS),Fetranspor,153,17604816,"-22.9099","-43.2099"
473,473-SAO JANUARIO X LIDO (VIA TUNEL REBOUCAS),Fetranspor,154,17604816,"-22.9099","-43.2099"
473,473-SAO JANUARIO X LIDO (VIA TUNEL REBOUCAS),Fetranspor,155,17604816,"-22.91","-43.21"
473,473-SAO JANUARIO X LIDO (VIA TUNEL REBOUCAS),Fetranspor,156,17604816,"-22.91","-43.21"
473,473-SAO JANUARIO X LIDO (VIA TUNEL REBOUCAS),Fetranspor,157,17604816,"-22.9101","-43.2101"
473,473-SAO JANUARIO X LIDO (VIA TUNEL REBOUCAS),Fetranspor,158,17604816,"-22.9101","-43.2102"
473,473-SAO JANUARIO X LIDO (VIA TUNEL REBOUCAS),Fetranspor,159,17604816,"-22.9101","-43.2103"
473,473-SAO JANUARIO X LIDO (VIA TUNEL REBOUCAS),Fetranspor,160,17604816,"-22.9102","-43.2105"
473,473-SAO JANUARIO X LIDO (VIA TUNEL REBOUCAS),Fetranspor,161,17604816,"-22.9102","-43.2105"
473,473-SAO JANUARIO X LIDO (VIA TUNEL REBOUCAS),Fetranspor,162,17604816,"-22.9102","-43.2106"
473,473-SAO JANUARIO X LIDO (VIA TUNEL REBOUCAS),Fetranspor,163,17604816,"-22.9103","-43.2107"
473,473-SAO JANUARIO X LIDO (VIA TUNEL REBOUCAS),Fetranspor,164,17604816,"-22.9104","-43.2108"
473,473-SAO JANUARIO X LIDO (VIA TUNEL REBOUCAS),Fetranspor,165,17604816,"-22.9105","-43.2108"
473,473-SAO JANUARIO X LIDO (VIA TUNEL REBOUCAS),Fetranspor,166,17604816,"-22.9106","-43.2108"
473,473-SAO JANUARIO X LIDO (VIA TUNEL REBOUCAS),Fetranspor,167,17604816,"-22.9107","-43.2108"
473,473-SAO JANUARIO X LIDO (VIA TUNEL REBOUCAS),Fetranspor,168,17604816,"-22.9108","-43.2108"
473,473-SAO JANUARIO X LIDO (VIA TUNEL REBOUCAS),Fetranspor,169,17604816,"-22.9108","-43.2107"
473,473-SAO JANUARIO X LIDO (VIA TUNEL REBOUCAS),Fetranspor,170,17604816,"-22.9109","-43.2107"
473,473-SAO JANUARIO X LIDO (VIA TUNEL REBOUCAS),Fetranspor,171,17604816,"-22.9109","-43.2106"
473,473-SAO JANUARIO X LIDO (VIA TUNEL REBOUCAS),Fetranspor,172,17604816,"-22.9109","-43.2106"
473,473-SAO JANUARIO X LIDO (VIA TUNEL REBOUCAS),Fetranspor,173,17604816,"-22.911","-43.2103"
473,473-SAO JANUARIO X LIDO (VIA TUNEL REBOUCAS),Fetranspor,174,17604816,"-22.911","-43.2102"
473,473-SAO JANUARIO X LIDO (VIA TUNEL REBOUCAS),Fetranspor,175,17604816,"-22.911","-43.2102"
473,473-SAO JANUARIO X LIDO (VIA TUNEL REBOUCAS),Fetranspor,176,17604816,"-22.9111","-43.2101"
473,473-SAO JANUARIO X LIDO (VIA TUNEL REBOUCAS),Fetranspor,177,17604816,"-22.9111","-43.21"
473,473-SAO JANUARIO X LIDO (VIA TUNEL REBOUCAS),Fetranspor,178,17604816,"-22.9113","-43.2099"
473,473-SAO JANUARIO X LIDO (VIA TUNEL REBOUCAS),Fetranspor,179,17604816,"-22.9115","-43.2098"
473,473-SAO JANUARIO X LIDO (VIA TUNEL REBOUCAS),Fetranspor,180,17604816,"-22.9116","-43.2098"
473,473-SAO JANUARIO X LIDO (VIA TUNEL REBOUCAS),Fetranspor,181,17604816,"-22.9117","-43.2098"
473,473-SAO JANUARIO X LIDO (VIA TUNEL REBOUCAS),Fetranspor,182,17604816,"-22.9119","-43.2098"
473,473-SAO JANUARIO X LIDO (VIA TUNEL REBOUCAS),Fetranspor,183,17604816,"-22.912","-43.2098"
473,473-SAO JANUARIO X LIDO (VIA TUNEL REBOUCAS),Fetranspor,184,17604816,"-22.9125","-43.21"
473,473-SAO JANUARIO X LIDO (VIA TUNEL REBOUCAS),Fetranspor,185,17604816,"-22.9128","-43.21"
473,473-SAO JANUARIO X LIDO (VIA TUNEL REBOUCAS),Fetranspor,186,17604816,"-22.913","-43.2102"
473,473-SAO JANUARIO X LIDO (VIA TUNEL REBOUCAS),Fetranspor,187,17604816,"-22.913","-43.2102"
473,473-SAO JANUARIO X LIDO (VIA TUNEL REBOUCAS),Fetranspor,188,17604816,"-22.9131","-43.2102"
473,473-SAO JANUARIO X LIDO (VIA TUNEL REBOUCAS),Fetranspor,189,17604816,"-22.9132","-43.2102"
473,473-SAO JANUARIO X LIDO (VIA TUNEL REBOUCAS),Fetranspor,190,17604816,"-22.9137","-43.2102"
473,473-SAO JANUARIO X LIDO (VIA TUNEL REBOUCAS),Fetranspor,191,17604816,"-22.9142","-43.2102"
473,473-SAO JANUARIO X LIDO (VIA TUNEL REBOUCAS),Fetranspor,192,17604816,"-22.9142","-43.2102"
473,473-SAO JANUARIO X LIDO (VIA TUNEL REBOUCAS),Fetranspor,193,17604816,"-22.9149","-43.2103"
473,473-SAO JANUARIO X LIDO (VIA TUNEL REBOUCAS),Fetranspor,194,17604816,"-22.9153","-43.2103"
473,473-SAO JANUARIO X LIDO (VIA TUNEL REBOUCAS),Fetranspor,195,17604816,"-22.9157","-43.2103"
473,473-SAO JANUARIO X LIDO (VIA TUNEL REBOUCAS),Fetranspor,196,17604816,"-22.9157","-43.2103"
473,473-SAO JANUARIO X LIDO (VIA TUNEL REBOUCAS),Fetranspor,197,17604816,"-22.9168","-43.2102"
473,473-SAO JANUARIO X LIDO (VIA TUNEL REBOUCAS),Fetranspor,198,17604816,"-22.9168","-43.2102"
473,473-SAO JANUARIO X LIDO (VIA TUNEL REBOUCAS),Fetranspor,199,17604816,"-22.9185","-43.2101"
473,473-SAO JANUARIO X LIDO (VIA TUNEL REBOUCAS),Fetranspor,200,17604816,"-22.9185","-43.2101"
473,473-SAO JANUARIO X LIDO (VIA TUNEL REBOUCAS),Fetranspor,201,17604816,"-22.9188","-43.2101"
473,473-SAO JANUARIO X LIDO (VIA TUNEL REBOUCAS),Fetranspor,202,17604816,"-22.9188","-43.2101"
473,473-SAO JANUARIO X LIDO (VIA TUNEL REBOUCAS),Fetranspor,203,17604816,"-22.92","-43.21"
473,473-SAO JANUARIO X LIDO (VIA TUNEL REBOUCAS),Fetranspor,204,17604816,"-22.92","-43.21"
473,473-SAO JANUARIO X LIDO (VIA TUNEL REBOUCAS),Fetranspor,205,17604816,"-22.9214","-43.2099"
473,473-SAO JANUARIO X LIDO (VIA TUNEL REBOUCAS),Fetranspor,206,17604816,"-22.9214","-43.2099"
473,473-SAO JANUARIO X LIDO (VIA TUNEL REBOUCAS),Fetranspor,207,17604816,"-22.9217","-43.2099"
473,473-SAO JANUARIO X LIDO (VIA TUNEL REBOUCAS),Fetranspor,208,17604816,"-22.9217","-43.2099"
473,473-SAO JANUARIO X LIDO (VIA TUNEL REBOUCAS),Fetranspor,209,17604816,"-22.9221","-43.2099"
473,473-SAO JANUARIO X LIDO (VIA TUNEL REBOUCAS),Fetranspor,210,17604816,"-22.9221","-43.2099"
473,473-SAO JANUARIO X LIDO (VIA TUNEL REBOUCAS),Fetranspor,211,17604816,"-22.9247","-43.2097"
473,473-SAO JANUARIO X LIDO (VIA TUNEL REBOUCAS),Fetranspor,212,17604816,"-22.9247","-43.2097"
473,473-SAO JANUARIO X LIDO (VIA TUNEL REBOUCAS),Fetranspor,213,17604816,"-22.9249","-43.2097"
473,473-SAO JANUARIO X LIDO (VIA TUNEL REBOUCAS),Fetranspor,214,17604816,"-22.927","-43.2096"
473,473-SAO JANUARIO X LIDO (VIA TUNEL REBOUCAS),Fetranspor,215,17604816,"-22.927","-43.2096"
473,473-SAO JANUARIO X LIDO (VIA TUNEL REBOUCAS),Fetranspor,216,17604816,"-22.928","-43.2095"
473,473-SAO JANUARIO X LIDO (VIA TUNEL REBOUCAS),Fetranspor,217,17604816,"-22.9284","-43.2095"
473,473-SAO JANUARIO X LIDO (VIA TUNEL REBOUCAS),Fetranspor,218,17604816,"-22.9286","-43.2095"
473,473-SAO JANUARIO X LIDO (VIA TUNEL REBOUCAS),Fetranspor,219,17604816,"-22.9288","-43.2094"
473,473-SAO JANUARIO X LIDO (VIA TUNEL REBOUCAS),Fetranspor,220,17604816,"-22.9292","-43.2093"
473,473-SAO JANUARIO X LIDO (VIA TUNEL REBOUCAS),Fetranspor,221,17604816,"-22.9292","-43.2093"
473,473-SAO JANUARIO X LIDO (VIA TUNEL REBOUCAS),Fetranspor,222,17604816,"-22.9294","-43.2093"
473,473-SAO JANUARIO X LIDO (VIA TUNEL REBOUCAS),Fetranspor,223,17604816,"-22.9298","-43.2092"
473,473-SAO JANUARIO X LIDO (VIA TUNEL REBOUCAS),Fetranspor,224,17604816,"-22.9301","-43.2091"
473,473-SAO JANUARIO X LIDO (VIA TUNEL REBOUCAS),Fetranspor,225,17604816,"-22.9306","-43.2089"
473,473-SAO JANUARIO X LIDO (VIA TUNEL REBOUCAS),Fetranspor,226,17604816,"-22.9307","-43.2089"
473,473-SAO JANUARIO X LIDO (VIA TUNEL REBOUCAS),Fetranspor,227,17604816,"-22.9308","-43.2089"
473,473-SAO JANUARIO X LIDO (VIA TUNEL REBOUCAS),Fetranspor,228,17604816,"-22.931","-43.2089"
473,473-SAO JANUARIO X LIDO (VIA TUNEL REBOUCAS),Fetranspor,229,17604816,"-22.9312","-43.209"
473,473-SAO JANUARIO X LIDO (VIA TUNEL REBOUCAS),Fetranspor,230,17604816,"-22.9315","-43.2091"
473,473-SAO JANUARIO X LIDO (VIA TUNEL REBOUCAS),Fetranspor,231,17604816,"-22.9321","-43.2095"
473,473-SAO JANUARIO X LIDO (VIA TUNEL REBOUCAS),Fetranspor,232,17604816,"-22.9323","-43.2096"
473,473-SAO JANUARIO X LIDO (VIA TUNEL REBOUCAS),Fetranspor,233,17604816,"-22.9323","-43.2096"
473,473-SAO JANUARIO X LIDO (VIA TUNEL REBOUCAS),Fetranspor,234,17604816,"-22.9326","-43.2097"
473,473-SAO JANUARIO X LIDO (VIA TUNEL REBOUCAS),Fetranspor,235,17604816,"-22.9328","-43.2098"
473,473-SAO JANUARIO X LIDO (VIA TUNEL REBOUCAS),Fetranspor,236,17604816,"-22.9334","-43.2099"
473,473-SAO JANUARIO X LIDO (VIA TUNEL REBOUCAS),Fetranspor,237,17604816,"-22.9339","-43.21"
473,473-SAO JANUARIO X LIDO (VIA TUNEL REBOUCAS),Fetranspor,238,17604816,"-22.934","-43.21"
473,473-SAO JANUARIO X LIDO (VIA TUNEL REBOUCAS),Fetranspor,239,17604816,"-22.934","-43.21"
473,473-SAO JANUARIO X LIDO (VIA TUNEL REBOUCAS),Fetranspor,240,17604816,"-22.934","-43.21"
473,473-SAO JANUARIO X LIDO (VIA TUNEL REBOUCAS),Fetranspor,241,17604816,"-22.9343","-43.21"
473,473-SAO JANUARIO X LIDO (VIA TUNEL REBOUCAS),Fetranspor,242,17604816,"-22.9345","-43.2099"
473,473-SAO JANUARIO X LIDO (VIA TUNEL REBOUCAS),Fetranspor,243,17604816,"-22.9346","-43.2099"
473,473-SAO JANUARIO X LIDO (VIA TUNEL REBOUCAS),Fetranspor,244,17604816,"-22.9347","-43.2098"
473,473-SAO JANUARIO X LIDO (VIA TUNEL REBOUCAS),Fetranspor,245,17604816,"-22.9347","-43.2098"
473,473-SAO JANUARIO X LIDO (VIA TUNEL REBOUCAS),Fetranspor,246,17604816,"-22.9347","-43.2098"
473,473-SAO JANUARIO X LIDO (VIA TUNEL REBOUCAS),Fetranspor,247,17604816,"-22.9349","-43.2096"
473,473-SAO JANUARIO X LIDO (VIA TUNEL REBOUCAS),Fetranspor,248,17604816,"-22.9349","-43.2096"
473,473-SAO JANUARIO X LIDO (VIA TUNEL REBOUCAS),Fetranspor,249,17604816,"-22.935","-43.2096"
473,473-SAO JANUARIO X LIDO (VIA TUNEL REBOUCAS),Fetranspor,250,17604816,"-22.935","-43.2096"
473,473-SAO JANUARIO X LIDO (VIA TUNEL REBOUCAS),Fetranspor,251,17604816,"-22.9352","-43.2094"
473,473-SAO JANUARIO X LIDO (VIA TUNEL REBOUCAS),Fetranspor,252,17604816,"-22.9357","-43.2088"
473,473-SAO JANUARIO X LIDO (VIA TUNEL REBOUCAS),Fetranspor,253,17604816,"-22.9373","-43.2057"
473,473-SAO JANUARIO X LIDO (VIA TUNEL REBOUCAS),Fetranspor,254,17604816,"-22.9376","-43.205"
473,473-SAO JANUARIO X LIDO (VIA TUNEL REBOUCAS),Fetranspor,255,17604816,"-22.9377","-43.2049"
473,473-SAO JANUARIO X LIDO (VIA TUNEL REBOUCAS),Fetranspor,256,17604816,"-22.9383","-43.2037"
473,473-SAO JANUARIO X LIDO (VIA TUNEL REBOUCAS),Fetranspor,257,17604816,"-22.9385","-43.2034"
473,473-SAO JANUARIO X LIDO (VIA TUNEL REBOUCAS),Fetranspor,258,17604816,"-22.9388","-43.2031"
473,473-SAO JANUARIO X LIDO (VIA TUNEL REBOUCAS),Fetranspor,259,17604816,"-22.9388","-43.203"
473,473-SAO JANUARIO X LIDO (VIA TUNEL REBOUCAS),Fetranspor,260,17604816,"-22.939","-43.2029"
473,473-SAO JANUARIO X LIDO (VIA TUNEL REBOUCAS),Fetranspor,261,17604816,"-22.9391","-43.2028"
473,473-SAO JANUARIO X LIDO (VIA TUNEL REBOUCAS),Fetranspor,262,17604816,"-22.9394","-43.2026"
473,473-SAO JANUARIO X LIDO (VIA TUNEL REBOUCAS),Fetranspor,263,17604816,"-22.9396","-43.2025"
473,473-SAO JANUARIO X LIDO (VIA TUNEL REBOUCAS),Fetranspor,264,17604816,"-22.9396","-43.2025"
473,473-SAO JANUARIO X LIDO (VIA TUNEL REBOUCAS),Fetranspor,265,17604816,"-22.9397","-43.2025"
473,473-SAO JANUARIO X LIDO (VIA TUNEL REBOUCAS),Fetranspor,266,17604816,"-22.9398","-43.2025"
473,473-SAO JANUARIO X LIDO (VIA TUNEL REBOUCAS),Fetranspor,267,17604816,"-22.9399","-43.2025"
473,473-SAO JANUARIO X LIDO (VIA TUNEL REBOUCAS),Fetranspor,268,17604816,"-22.9401","-43.2024"
473,473-SAO JANUARIO X LIDO (VIA TUNEL REBOUCAS),Fetranspor,269,17604816,"-22.9405","-43.2024"
473,473-SAO JANUARIO X LIDO (VIA TUNEL REBOUCAS),Fetranspor,270,17604816,"-22.9411","-43.2025"
473,473-SAO JANUARIO X LIDO (VIA TUNEL REBOUCAS),Fetranspor,271,17604816,"-22.9449","-43.2029"
473,473-SAO JANUARIO X LIDO (VIA TUNEL REBOUCAS),Fetranspor,272,17604816,"-22.9481","-43.2033"
473,473-SAO JANUARIO X LIDO (VIA TUNEL REBOUCAS),Fetranspor,273,17604816,"-22.9485","-43.2034"
473,473-SAO JANUARIO X LIDO (VIA TUNEL REBOUCAS),Fetranspor,274,17604816,"-22.9533","-43.204"
473,473-SAO JANUARIO X LIDO (VIA TUNEL REBOUCAS),Fetranspor,275,17604816,"-22.9568","-43.2044"
473,473-SAO JANUARIO X LIDO (VIA TUNEL REBOUCAS),Fetranspor,276,17604816,"-22.9579","-43.2045"
473,473-SAO JANUARIO X LIDO (VIA TUNEL REBOUCAS),Fetranspor,277,17604816,"-22.9584","-43.2046"
473,473-SAO JANUARIO X LIDO (VIA TUNEL REBOUCAS),Fetranspor,278,17604816,"-22.9586","-43.2046"
473,473-SAO JANUARIO X LIDO (VIA TUNEL REBOUCAS),Fetranspor,279,17604816,"-22.9589","-43.2045"
473,473-SAO JANUARIO X LIDO (VIA TUNEL REBOUCAS),Fetranspor,280,17604816,"-22.9589","-43.2045"
473,473-SAO JANUARIO X LIDO (VIA TUNEL REBOUCAS),Fetranspor,281,17604816,"-22.9593","-43.2044"
473,473-SAO JANUARIO X LIDO (VIA TUNEL REBOUCAS),Fetranspor,282,17604816,"-22.9601","-43.2043"
473,473-SAO JANUARIO X LIDO (VIA TUNEL REBOUCAS),Fetranspor,283,17604816,"-22.9602","-43.2043"
473,473-SAO JANUARIO X LIDO (VIA TUNEL REBOUCAS),Fetranspor,284,17604816,"-22.9602","-43.2043"
473,473-SAO JANUARIO X LIDO (VIA TUNEL REBOUCAS),Fetranspor,285,17604816,"-22.9603","-43.2043"
473,473-SAO JANUARIO X LIDO (VIA TUNEL REBOUCAS),Fetranspor,286,17604816,"-22.9603","-43.2043"
473,473-SAO JANUARIO X LIDO (VIA TUNEL REBOUCAS),Fetranspor,287,17604816,"-22.9607","-43.2042"
473,473-SAO JANUARIO X LIDO (VIA TUNEL REBOUCAS),Fetranspor,288,17604816,"-22.9607","-43.2042"
473,473-SAO JANUARIO X LIDO (VIA TUNEL REBOUCAS),Fetranspor,289,17604816,"-22.9607","-43.2042"
473,473-SAO JANUARIO X LIDO (VIA TUNEL REBOUCAS),Fetranspor,290,17604816,"-22.9608","-43.2042"
473,473-SAO JANUARIO X LIDO (VIA TUNEL REBOUCAS),Fetranspor,291,17604816,"-22.9608","-43.2042"
473,473-SAO JANUARIO X LIDO (VIA TUNEL REBOUCAS),Fetranspor,292,17604816,"-22.9612","-43.2041"
473,473-SAO JANUARIO X LIDO (VIA TUNEL REBOUCAS),Fetranspor,293,17604816,"-22.9612","-43.2041"
473,473-SAO JANUARIO X LIDO (VIA TUNEL REBOUCAS),Fetranspor,294,17604816,"-22.9616","-43.2041"
473,473-SAO JANUARIO X LIDO (VIA TUNEL REBOUCAS),Fetranspor,295,17604816,"-22.9618","-43.2041"
473,473-SAO JANUARIO X LIDO (VIA TUNEL REBOUCAS),Fetranspor,296,17604816,"-22.9623","-43.2042"
473,473-SAO JANUARIO X LIDO (VIA TUNEL REBOUCAS),Fetranspor,297,17604816,"-22.9626","-43.2042"
473,473-SAO JANUARIO X LIDO (VIA TUNEL REBOUCAS),Fetranspor,298,17604816,"-22.9627","-43.2042"
473,473-SAO JANUARIO X LIDO (VIA TUNEL REBOUCAS),Fetranspor,299,17604816,"-22.9628","-43.2042"
473,473-SAO JANUARIO X LIDO (VIA TUNEL REBOUCAS),Fetranspor,300,17604816,"-22.9629","-43.2042"
473,473-SAO JANUARIO X LIDO (VIA TUNEL REBOUCAS),Fetranspor,301,17604816,"-22.963","-43.2042"
473,473-SAO JANUARIO X LIDO (VIA TUNEL REBOUCAS),Fetranspor,302,17604816,"-22.9632","-43.2041"
473,473-SAO JANUARIO X LIDO (VIA TUNEL REBOUCAS),Fetranspor,303,17604816,"-22.9635","-43.204"
473,473-SAO JANUARIO X LIDO (VIA TUNEL REBOUCAS),Fetranspor,304,17604816,"-22.9637","-43.2039"
473,473-SAO JANUARIO X LIDO (VIA TUNEL REBOUCAS),Fetranspor,305,17604816,"-22.9639","-43.2038"
473,473-SAO JANUARIO X LIDO (VIA TUNEL REBOUCAS),Fetranspor,306,17604816,"-22.964","-43.2038"
473,473-SAO JANUARIO X LIDO (VIA TUNEL REBOUCAS),Fetranspor,307,17604816,"-22.9641","-43.2038"
473,473-SAO JANUARIO X LIDO (VIA TUNEL REBOUCAS),Fetranspor,308,17604816,"-22.9641","-43.2038"
473,473-SAO JANUARIO X LIDO (VIA TUNEL REBOUCAS),Fetranspor,309,17604816,"-22.9646","-43.2038"
473,473-SAO JANUARIO X LIDO (VIA TUNEL REBOUCAS),Fetranspor,310,17604816,"-22.965","-43.2037"
473,473-SAO JANUARIO X LIDO (VIA TUNEL REBOUCAS),Fetranspor,311,17604816,"-22.9654","-43.2037"
473,473-SAO JANUARIO X LIDO (VIA TUNEL REBOUCAS),Fetranspor,312,17604816,"-22.9662","-43.2036"
473,473-SAO JANUARIO X LIDO (VIA TUNEL REBOUCAS),Fetranspor,313,17604816,"-22.9665","-43.2036"
473,473-SAO JANUARIO X LIDO (VIA TUNEL REBOUCAS),Fetranspor,314,17604816,"-22.9667","-43.2036"
473,473-SAO JANUARIO X LIDO (VIA TUNEL REBOUCAS),Fetranspor,315,17604816,"-22.9667","-43.2036"
473,473-SAO JANUARIO X LIDO (VIA TUNEL REBOUCAS),Fetranspor,316,17604816,"-22.9668","-43.2036"
473,473-SAO JANUARIO X LIDO (VIA TUNEL REBOUCAS),Fetranspor,317,17604816,"-22.967","-43.2036"
473,473-SAO JANUARIO X LIDO (VIA TUNEL REBOUCAS),Fetranspor,318,17604816,"-22.9671","-43.2037"
473,473-SAO JANUARIO X LIDO (VIA TUNEL REBOUCAS),Fetranspor,319,17604816,"-22.9673","-43.2038"
473,473-SAO JANUARIO X LIDO (VIA TUNEL REBOUCAS),Fetranspor,320,17604816,"-22.9674","-43.2038"
473,473-SAO JANUARIO X LIDO (VIA TUNEL REBOUCAS),Fetranspor,321,17604816,"-22.9676","-43.2039"
473,473-SAO JANUARIO X LIDO (VIA TUNEL REBOUCAS),Fetranspor,322,17604816,"-22.9684","-43.2048"
473,473-SAO JANUARIO X LIDO (VIA TUNEL REBOUCAS),Fetranspor,323,17604816,"-22.9684","-43.2048"
473,473-SAO JANUARIO X LIDO (VIA TUNEL REBOUCAS),Fetranspor,324,17604816,"-22.9694","-43.2057"
473,473-SAO JANUARIO X LIDO (VIA TUNEL REBOUCAS),Fetranspor,325,17604816,"-22.9694","-43.2057"
473,473-SAO JANUARIO X LIDO (VIA TUNEL REBOUCAS),Fetranspor,326,17604816,"-22.9701","-43.2064"
473,473-SAO JANUARIO X LIDO (VIA TUNEL REBOUCAS),Fetranspor,327,17604816,"-22.9704","-43.2067"
473,473-SAO JANUARIO X LIDO (VIA TUNEL REBOUCAS),Fetranspor,328,17604816,"-22.9707","-43.2071"
473,473-SAO JANUARIO X LIDO (VIA TUNEL REBOUCAS),Fetranspor,329,17604816,"-22.9717","-43.208"
473,473-SAO JANUARIO X LIDO (VIA TUNEL REBOUCAS),Fetranspor,330,17604816,"-22.9717","-43.208"
473,473-SAO JANUARIO X LIDO (VIA TUNEL REBOUCAS),Fetranspor,331,17604816,"-22.9718","-43.2081"
473,473-SAO JANUARIO X LIDO (VIA TUNEL REBOUCAS),Fetranspor,332,17604816,"-22.9721","-43.2083"
473,473-SAO JANUARIO X LIDO (VIA TUNEL REBOUCAS),Fetranspor,333,17604816,"-22.9721","-43.2083"
473,473-SAO JANUARIO X LIDO (VIA TUNEL REBOUCAS),Fetranspor,334,17604816,"-22.9722","-43.2084"
473,473-SAO JANUARIO X LIDO (VIA TUNEL REBOUCAS),Fetranspor,335,17604816,"-22.9723","-43.2084"
473,473-SAO JANUARIO X LIDO (VIA TUNEL REBOUCAS),Fetranspor,336,17604816,"-22.9724","-43.2084"
473,473-SAO JANUARIO X LIDO (VIA TUNEL REBOUCAS),Fetranspor,337,17604816,"-22.973","-43.2082"
473,473-SAO JANUARIO X LIDO (VIA TUNEL REBOUCAS),Fetranspor,338,17604816,"-22.9736","-43.2079"
473,473-SAO JANUARIO X LIDO (VIA TUNEL REBOUCAS),Fetranspor,339,17604816,"-22.9736","-43.2079"
473,473-SAO JANUARIO X LIDO (VIA TUNEL REBOUCAS),Fetranspor,340,17604816,"-22.9742","-43.2077"
473,473-SAO JANUARIO X LIDO (VIA TUNEL REBOUCAS),Fetranspor,341,17604816,"-22.9743","-43.2076"
473,473-SAO JANUARIO X LIDO (VIA TUNEL REBOUCAS),Fetranspor,342,17604816,"-22.9744","-43.2076"
473,473-SAO JANUARIO X LIDO (VIA TUNEL REBOUCAS),Fetranspor,343,17604816,"-22.9744","-43.2075"
473,473-SAO JANUARIO X LIDO (VIA TUNEL REBOUCAS),Fetranspor,344,17604816,"-22.9744","-43.2075"
473,473-SAO JANUARIO X LIDO (VIA TUNEL REBOUCAS),Fetranspor,345,17604816,"-22.9745","-43.2074"
473,473-SAO JANUARIO X LIDO (VIA TUNEL REBOUCAS),Fetranspor,346,17604816,"-22.9745","-43.2074"
473,473-SAO JANUARIO X LIDO (VIA TUNEL REBOUCAS),Fetranspor,347,17604816,"-22.9745","-43.2073"
473,473-SAO JANUARIO X LIDO (VIA TUNEL REBOUCAS),Fetranspor,348,17604816,"-22.9745","-43.2071"
473,473-SAO JANUARIO X LIDO (VIA TUNEL REBOUCAS),Fetranspor,349,17604816,"-22.9745","-43.207"
473,473-SAO JANUARIO X LIDO (VIA TUNEL REBOUCAS),Fetranspor,350,17604816,"-22.9745","-43.2069"
473,473-SAO JANUARIO X LIDO (VIA TUNEL REBOUCAS),Fetranspor,351,17604816,"-22.9737","-43.2055"
473,473-SAO JANUARIO X LIDO (VIA TUNEL REBOUCAS),Fetranspor,352,17604816,"-22.9735","-43.2051"
473,473-SAO JANUARIO X LIDO (VIA TUNEL REBOUCAS),Fetranspor,353,17604816,"-22.9735","-43.2051"
473,473-SAO JANUARIO X LIDO (VIA TUNEL REBOUCAS),Fetranspor,354,17604816,"-22.9733","-43.2047"
473,473-SAO JANUARIO X LIDO (VIA TUNEL REBOUCAS),Fetranspor,355,17604816,"-22.973","-43.2041"
473,473-SAO JANUARIO X LIDO (VIA TUNEL REBOUCAS),Fetranspor,356,17604816,"-22.973","-43.204"
473,473-SAO JANUARIO X LIDO (VIA TUNEL REBOUCAS),Fetranspor,357,17604816,"-22.973","-43.204"
473,473-SAO JANUARIO X LIDO (VIA TUNEL REBOUCAS),Fetranspor,358,17604816,"-22.973","-43.2038"
473,473-SAO JANUARIO X LIDO (VIA TUNEL REBOUCAS),Fetranspor,359,17604816,"-22.973","-43.2036"
473,473-SAO JANUARIO X LIDO (VIA TUNEL REBOUCAS),Fetranspor,360,17604816,"-22.973","-43.2033"
473,473-SAO JANUARIO X LIDO (VIA TUNEL REBOUCAS),Fetranspor,361,17604816,"-22.973","-43.203"
473,473-SAO JANUARIO X LIDO (VIA TUNEL REBOUCAS),Fetranspor,362,17604816,"-22.9731","-43.2028"
473,473-SAO JANUARIO X LIDO (VIA TUNEL REBOUCAS),Fetranspor,363,17604816,"-22.9731","-43.2026"
473,473-SAO JANUARIO X LIDO (VIA TUNEL REBOUCAS),Fetranspor,364,17604816,"-22.9731","-43.2026"
473,473-SAO JANUARIO X LIDO (VIA TUNEL REBOUCAS),Fetranspor,365,17604816,"-22.9732","-43.2024"
473,473-SAO JANUARIO X LIDO (VIA TUNEL REBOUCAS),Fetranspor,366,17604816,"-22.9733","-43.2022"
473,473-SAO JANUARIO X LIDO (VIA TUNEL REBOUCAS),Fetranspor,367,17604816,"-22.9734","-43.202"
473,473-SAO JANUARIO X LIDO (VIA TUNEL REBOUCAS),Fetranspor,368,17604816,"-22.9735","-43.2019"
473,473-SAO JANUARIO X LIDO (VIA TUNEL REBOUCAS),Fetranspor,369,17604816,"-22.9742","-43.2012"
473,473-SAO JANUARIO X LIDO (VIA TUNEL REBOUCAS),Fetranspor,370,17604816,"-22.9745","-43.2009"
473,473-SAO JANUARIO X LIDO (VIA TUNEL REBOUCAS),Fetranspor,371,17604816,"-22.9745","-43.2009"
473,473-SAO JANUARIO X LIDO (VIA TUNEL REBOUCAS),Fetranspor,372,17604816,"-22.9748","-43.2006"
473,473-SAO JANUARIO X LIDO (VIA TUNEL REBOUCAS),Fetranspor,373,17604816,"-22.9752","-43.2003"
473,473-SAO JANUARIO X LIDO (VIA TUNEL REBOUCAS),Fetranspor,374,17604816,"-22.9755","-43.2001"
473,473-SAO JANUARIO X LIDO (VIA TUNEL REBOUCAS),Fetranspor,375,17604816,"-22.9756","-43.2001"
473,473-SAO JANUARIO X LIDO (VIA TUNEL REBOUCAS),Fetranspor,376,17604816,"-22.9762","-43.1997"
473,473-SAO JANUARIO X LIDO (VIA TUNEL REBOUCAS),Fetranspor,377,17604816,"-22.9762","-43.1997"
473,473-SAO JANUARIO X LIDO (VIA TUNEL REBOUCAS),Fetranspor,378,17604816,"-22.9762","-43.1996"
473,473-SAO JANUARIO X LIDO (VIA TUNEL REBOUCAS),Fetranspor,379,17604816,"-22.9764","-43.1995"
473,473-SAO JANUARIO X LIDO (VIA TUNEL REBOUCAS),Fetranspor,380,17604816,"-22.9764","-43.1994"
473,473-SAO JANUARIO X LIDO (VIA TUNEL REBOUCAS),Fetranspor,381,17604816,"-22.9765","-43.1992"
473,473-SAO JANUARIO X LIDO (VIA TUNEL REBOUCAS),Fetranspor,382,17604816,"-22.9765","-43.1991"
473,473-SAO JANUARIO X LIDO (VIA TUNEL REBOUCAS),Fetranspor,383,17604816,"-22.9765","-43.199"
473,473-SAO JANUARIO X LIDO (VIA TUNEL REBOUCAS),Fetranspor,384,17604816,"-22.9765","-43.1988"
473,473-SAO JANUARIO X LIDO (VIA TUNEL REBOUCAS),Fetranspor,385,17604816,"-22.9765","-43.1987"
473,473-SAO JANUARIO X LIDO (VIA TUNEL REBOUCAS),Fetranspor,386,17604816,"-22.9765","-43.1984"
473,473-SAO JANUARIO X LIDO (VIA TUNEL REBOUCAS),Fetranspor,387,17604816,"-22.9765","-43.198"
473,473-SAO JANUARIO X LIDO (VIA TUNEL REBOUCAS),Fetranspor,388,17604816,"-22.9766","-43.1978"
473,473-SAO JANUARIO X LIDO (VIA TUNEL REBOUCAS),Fetranspor,389,17604816,"-22.9766","-43.1978"
473,473-SAO JANUARIO X LIDO (VIA TUNEL REBOUCAS),Fetranspor,390,17604816,"-22.9766","-43.1977"
473,473-SAO JANUARIO X LIDO (VIA TUNEL REBOUCAS),Fetranspor,391,17604816,"-22.9766","-43.1977"
473,473-SAO JANUARIO X LIDO (VIA TUNEL REBOUCAS),Fetranspor,392,17604816,"-22.9767","-43.1971"
473,473-SAO JANUARIO X LIDO (VIA TUNEL REBOUCAS),Fetranspor,393,17604816,"-22.9769","-43.1966"
473,473-SAO JANUARIO X LIDO (VIA TUNEL REBOUCAS),Fetranspor,394,17604816,"-22.9769","-43.1965"
473,473-SAO JANUARIO X LIDO (VIA TUNEL REBOUCAS),Fetranspor,395,17604816,"-22.9769","-43.1964"
473,473-SAO JANUARIO X LIDO (VIA TUNEL REBOUCAS),Fetranspor,396,17604816,"-22.9769","-43.1963"
473,473-SAO JANUARIO X LIDO (VIA TUNEL REBOUCAS),Fetranspor,397,17604816,"-22.9767","-43.1955"
473,473-SAO JANUARIO X LIDO (VIA TUNEL REBOUCAS),Fetranspor,398,17604816,"-22.9767","-43.1953"
473,473-SAO JANUARIO X LIDO (VIA TUNEL REBOUCAS),Fetranspor,399,17604816,"-22.9767","-43.1953"
473,473-SAO JANUARIO X LIDO (VIA TUNEL REBOUCAS),Fetranspor,400,17604816,"-22.9766","-43.1945"
473,473-SAO JANUARIO X LIDO (VIA TUNEL REBOUCAS),Fetranspor,401,17604816,"-22.9766","-43.1945"
473,473-SAO JANUARIO X LIDO (VIA TUNEL REBOUCAS),Fetranspor,402,17604816,"-22.9766","-43.1944"
473,473-SAO JANUARIO X LIDO (VIA TUNEL REBOUCAS),Fetranspor,403,17604816,"-22.9767","-43.1943"
473,473-SAO JANUARIO X LIDO (VIA TUNEL REBOUCAS),Fetranspor,404,17604816,"-22.9769","-43.1938"
473,473-SAO JANUARIO X LIDO (VIA TUNEL REBOUCAS),Fetranspor,405,17604816,"-22.9769","-43.1938"
473,473-SAO JANUARIO X LIDO (VIA TUNEL REBOUCAS),Fetranspor,406,17604816,"-22.9771","-43.1933"
473,473-SAO JANUARIO X LIDO (VIA TUNEL REBOUCAS),Fetranspor,407,17604816,"-22.9773","-43.1929"
473,473-SAO JANUARIO X LIDO (VIA TUNEL REBOUCAS),Fetranspor,408,17604816,"-22.9774","-43.1927"
473,473-SAO JANUARIO X LIDO (VIA TUNEL REBOUCAS),Fetranspor,409,17604816,"-22.9774","-43.1927"
473,473-SAO JANUARIO X LIDO (VIA TUNEL REBOUCAS),Fetranspor,410,17604816,"-22.9776","-43.192"
473,473-SAO JANUARIO X LIDO (VIA TUNEL REBOUCAS),Fetranspor,411,17604816,"-22.9776","-43.1917"
473,473-SAO JANUARIO X LIDO (VIA TUNEL REBOUCAS),Fetranspor,412,17604816,"-22.9776","-43.1917"
473,473-SAO JANUARIO X LIDO (VIA TUNEL REBOUCAS),Fetranspor,413,17604816,"-22.9777","-43.1912"
473,473-SAO JANUARIO X LIDO (VIA TUNEL REBOUCAS),Fetranspor,414,17604816,"-22.9777","-43.1912"
473,473-SAO JANUARIO X LIDO (VIA TUNEL REBOUCAS),Fetranspor,415,17604816,"-22.9779","-43.1906"
473,473-SAO JANUARIO X LIDO (VIA TUNEL REBOUCAS),Fetranspor,416,17604816,"-22.9779","-43.1906"
473,473-SAO JANUARIO X LIDO (VIA TUNEL REBOUCAS),Fetranspor,417,17604816,"-22.9776","-43.1905"
473,473-SAO JANUARIO X LIDO (VIA TUNEL REBOUCAS),Fetranspor,418,17604816,"-22.9769","-43.1903"
473,473-SAO JANUARIO X LIDO (VIA TUNEL REBOUCAS),Fetranspor,419,17604816,"-22.9769","-43.1903"
473,473-SAO JANUARIO X LIDO (VIA TUNEL REBOUCAS),Fetranspor,420,17604816,"-22.976","-43.1901"
473,473-SAO JANUARIO X LIDO (VIA TUNEL REBOUCAS),Fetranspor,421,17604816,"-22.9759","-43.19"
473,473-SAO JANUARIO X LIDO (VIA TUNEL REBOUCAS),Fetranspor,422,17604816,"-22.9758","-43.19"
473,473-SAO JANUARIO X LIDO (VIA TUNEL REBOUCAS),Fetranspor,423,17604816,"-22.9758","-43.19"
473,473-SAO JANUARIO X LIDO (VIA TUNEL REBOUCAS),Fetranspor,424,17604816,"-22.9749","-43.1895"
473,473-SAO JANUARIO X LIDO (VIA TUNEL REBOUCAS),Fetranspor,425,17604816,"-22.9749","-43.1895"
473,473-SAO JANUARIO X LIDO (VIA TUNEL REBOUCAS),Fetranspor,426,17604816,"-22.974","-43.1889"
473,473-SAO JANUARIO X LIDO (VIA TUNEL REBOUCAS),Fetranspor,427,17604816,"-22.974","-43.1889"
473,473-SAO JANUARIO X LIDO (VIA TUNEL REBOUCAS),Fetranspor,428,17604816,"-22.9733","-43.1885"
473,473-SAO JANUARIO X LIDO (VIA TUNEL REBOUCAS),Fetranspor,429,17604816,"-22.9733","-43.1885"
473,473-SAO JANUARIO X LIDO (VIA TUNEL REBOUCAS),Fetranspor,430,17604816,"-22.9725","-43.188"
473,473-SAO JANUARIO X LIDO (VIA TUNEL REBOUCAS),Fetranspor,431,17604816,"-22.9725","-43.188"
473,473-SAO JANUARIO X LIDO (VIA TUNEL REBOUCAS),Fetranspor,432,17604816,"-22.9719","-43.1876"
473,473-SAO JANUARIO X LIDO (VIA TUNEL REBOUCAS),Fetranspor,433,17604816,"-22.9719","-43.1876"
473,473-SAO JANUARIO X LIDO (VIA TUNEL REBOUCAS),Fetranspor,434,17604816,"-22.9715","-43.1872"
473,473-SAO JANUARIO X LIDO (VIA TUNEL REBOUCAS),Fetranspor,435,17604816,"-22.9715","-43.1872"
473,473-SAO JANUARIO X LIDO (VIA TUNEL REBOUCAS),Fetranspor,436,17604816,"-22.9703","-43.186"
473,473-SAO JANUARIO X LIDO (VIA TUNEL REBOUCAS),Fetranspor,437,17604816,"-22.9703","-43.186"
473,473-SAO JANUARIO X LIDO (VIA TUNEL REBOUCAS),Fetranspor,438,17604816,"-22.9703","-43.186"
473,473-SAO JANUARIO X LIDO (VIA TUNEL REBOUCAS),Fetranspor,439,17604816,"-22.9702","-43.1859"
473,473-SAO JANUARIO X LIDO (VIA TUNEL REBOUCAS),Fetranspor,440,17604816,"-22.9691","-43.1846"
473,473-SAO JANUARIO X LIDO (VIA TUNEL REBOUCAS),Fetranspor,441,17604816,"-22.9691","-43.1846"
473,473-SAO JANUARIO X LIDO (VIA TUNEL REBOUCAS),Fetranspor,442,17604816,"-22.9686","-43.1837"
473,473-SAO JANUARIO X LIDO (VIA TUNEL REBOUCAS),Fetranspor,443,17604816,"-22.9686","-43.1837"
473,473-SAO JANUARIO X LIDO (VIA TUNEL REBOUCAS),Fetranspor,444,17604816,"-22.968","-43.1829"
473,473-SAO JANUARIO X LIDO (VIA TUNEL REBOUCAS),Fetranspor,445,17604816,"-22.968","-43.1829"
473,473-SAO JANUARIO X LIDO (VIA TUNEL REBOUCAS),Fetranspor,446,17604816,"-22.9674","-43.182"
473,473-SAO JANUARIO X LIDO (VIA TUNEL REBOUCAS),Fetranspor,447,17604816,"-22.9674","-43.182"
473,473-SAO JANUARIO X LIDO (VIA TUNEL REBOUCAS),Fetranspor,448,17604816,"-22.9672","-43.1817"
473,473-SAO JANUARIO X LIDO (VIA TUNEL REBOUCAS),Fetranspor,449,17604816,"-22.9672","-43.1815"
473,473-SAO JANUARIO X LIDO (VIA TUNEL REBOUCAS),Fetranspor,450,17604816,"-22.9672","-43.1815"
473,473-SAO JANUARIO X LIDO (VIA TUNEL REBOUCAS),Fetranspor,451,17604816,"-22.9672","-43.1815"
473,473-SAO JANUARIO X LIDO (VIA TUNEL REBOUCAS),Fetranspor,452,17604816,"-22.9671","-43.1806"
473,473-SAO JANUARIO X LIDO (VIA TUNEL REBOUCAS),Fetranspor,453,17604816,"-22.9671","-43.1805"
473,473-SAO JANUARIO X LIDO (VIA TUNEL REBOUCAS),Fetranspor,454,17604816,"-22.9671","-43.1805"
473,473-SAO JANUARIO X LIDO (VIA TUNEL REBOUCAS),Fetranspor,455,17604816,"-22.9671","-43.1804"
473,473-SAO JANUARIO X LIDO (VIA TUNEL REBOUCAS),Fetranspor,456,17604816,"-22.967","-43.1803"
473,473-SAO JANUARIO X LIDO (VIA TUNEL REBOUCAS),Fetranspor,457,17604816,"-22.967","-43.1802"
473,473-SAO JANUARIO X LIDO (VIA TUNEL REBOUCAS),Fetranspor,458,17604816,"-22.9667","-43.1797"
473,473-SAO JANUARIO X LIDO (VIA TUNEL REBOUCAS),Fetranspor,459,17604816,"-22.9662","-43.1788"
473,473-SAO JANUARIO X LIDO (VIA TUNEL REBOUCAS),Fetranspor,460,17604816,"-22.9662","-43.1788"
473,473-SAO JANUARIO X LIDO (VIA TUNEL REBOUCAS),Fetranspor,461,17604816,"-22.9657","-43.1778"
473,473-SAO JANUARIO X LIDO (VIA TUNEL REBOUCAS),Fetranspor,462,17604816,"-22.9657","-43.1778"
473,473-SAO JANUARIO X LIDO (VIA TUNEL REBOUCAS),Fetranspor,463,17604816,"-22.9652","-43.1769"
473,473-SAO JANUARIO X LIDO (VIA TUNEL REBOUCAS),Fetranspor,464,17604816,"-22.9651","-43.1768"
473,473-SAO JANUARIO X LIDO (VIA TUNEL REBOUCAS),Fetranspor,465,17604816,"-22.9651","-43.1768"
473,473-SAO JANUARIO X LIDO (VIA TUNEL REBOUCAS),Fetranspor,466,17604816,"-22.9647","-43.1758"
473,473-SAO JANUARIO X LIDO (VIA TUNEL REBOUCAS),Fetranspor,467,17604816,"-22.9647","-43.1758"
473,473-SAO JANUARIO X LIDO (VIA TUNEL REBOUCAS),Fetranspor,468,17604816,"-22.9642","-43.1748"
473,473-SAO JANUARIO X LIDO (VIA TUNEL REBOUCAS),Fetranspor,469,17604816,"-22.9642","-43.1748"
473,473-SAO JANUARIO X LIDO (VIA TUNEL REBOUCAS),Fetranspor,470,17604816,"-22.964","-43.1742"
473,473-SAO JANUARIO X LIDO (VIA TUNEL REBOUCAS),Fetranspor,471,17604816,"-22.964","-43.1742"
473,473-SAO JANUARIO X LIDO (VIA TUNEL REBOUCAS),Fetranspor,472,17604816,"-22.9638","-43.1739"
473,473-SAO JANUARIO X LIDO (VIA TUNEL REBOUCAS),Fetranspor,473,17604816,"-22.9638","-43.1739"
473,473-SAO JANUARIO X LIDO (VIA TUNEL REBOUCAS),Fetranspor,474,17604816,"-22.9635","-43.1741"
473,473-SAO JANUARIO X LIDO (VIA TUNEL REBOUCAS),Fetranspor,475,17604816,"-22.9631","-43.1743"
473,473-SAO JANUARIO X LIDO (VIA TUNEL REBOUCAS),Fetranspor,476,17604816,"-22.963","-43.1744"
473,473-SAO JANUARIO X LIDO (VIA TUNEL REBOUCAS),Fetranspor,477,17604816,"-22.963","-43.1744"
473,473-SAO JANUARIO X LIDO (VIA TUNEL REBOUCAS),Fetranspor,478,17604816,"-22.9631","-43.1747"
473,473-SAO JANUARIO X LIDO (VIA TUNEL REBOUCAS),Fetranspor,479,17604816,"-22.9631","-43.1747"
473,473-SAO JANUARIO X LIDO (VIA TUNEL REBOUCAS),Fetranspor,480,17604816,"-22.9633","-43.1751"
473,473-SAO JANUARIO X LIDO (VIA TUNEL REBOUCAS),Fetranspor,481,17604816,"-22.9634","-43.1753"
473,473-SAO JANUARIO X LIDO (VIA TUNEL REBOUCAS),Fetranspor,482,17604816,"-22.9634","-43.1753"
473,473-SAO JANUARIO X LIDO (VIA TUNEL REBOUCAS),Fetranspor,483,17604816,"-22.9638","-43.1762"
