linha,descricao,agencia,sequencia,shape_id,latitude,longitude
503,503-ALTO LEBLON X IPANEMA - CIRCULAR,Fetranspor,0,17797855,"-22.9858","-43.2357"
503,503-ALTO LEBLON X IPANEMA - CIRCULAR,Fetranspor,1,17797855,"-22.9859","-43.2357"
503,503-ALTO LEBLON X IPANEMA - CIRCULAR,Fetranspor,2,17797855,"-22.9859","-43.2356"
503,503-ALTO LEBLON X IPANEMA - CIRCULAR,Fetranspor,3,17797855,"-22.9859","-43.2356"
503,503-ALTO LEBLON X IPANEMA - CIRCULAR,Fetranspor,4,17797855,"-22.986","-43.2356"
503,503-ALTO LEBLON X IPANEMA - CIRCULAR,Fetranspor,5,17797855,"-22.986","-43.2355"
503,503-ALTO LEBLON X IPANEMA - CIRCULAR,Fetranspor,6,17797855,"-22.986","-43.2355"
503,503-ALTO LEBLON X IPANEMA - CIRCULAR,Fetranspor,7,17797855,"-22.986","-43.2354"
503,503-ALTO LEBLON X IPANEMA - CIRCULAR,Fetranspor,8,17797855,"-22.986","-43.2353"
503,503-ALTO LEBLON X IPANEMA - CIRCULAR,Fetranspor,9,17797855,"-22.9858","-43.235"
503,503-ALTO LEBLON X IPANEMA - CIRCULAR,Fetranspor,10,17797855,"-22.9858","-43.2349"
503,503-ALTO LEBLON X IPANEMA - CIRCULAR,Fetranspor,11,17797855,"-22.9858","-43.2348"
503,503-ALTO LEBLON X IPANEMA - CIRCULAR,Fetranspor,12,17797855,"-22.9858","-43.2347"
503,503-ALTO LEBLON X IPANEMA - CIRCULAR,Fetranspor,13,17797855,"-22.9859","-43.2346"
503,503-ALTO LEBLON X IPANEMA - CIRCULAR,Fetranspor,14,17797855,"-22.986","-43.2344"
503,503-ALTO LEBLON X IPANEMA - CIRCULAR,Fetranspor,15,17797855,"-22.9861","-43.2343"
503,503-ALTO LEBLON X IPANEMA - CIRCULAR,Fetranspor,16,17797855,"-22.9862","-43.2339"
503,503-ALTO LEBLON X IPANEMA - CIRCULAR,Fetranspor,17,17797855,"-22.9863","-43.2337"
503,503-ALTO LEBLON X IPANEMA - CIRCULAR,Fetranspor,18,17797855,"-22.9864","-43.2335"
503,503-ALTO LEBLON X IPANEMA - CIRCULAR,Fetranspor,19,17797855,"-22.9864","-43.2334"
503,503-ALTO LEBLON X IPANEMA - CIRCULAR,Fetranspor,20,17797855,"-22.9864","-43.2332"
503,503-ALTO LEBLON X IPANEMA - CIRCULAR,Fetranspor,21,17797855,"-22.9864","-43.2332"
503,503-ALTO LEBLON X IPANEMA - CIRCULAR,Fetranspor,22,17797855,"-22.9865","-43.2326"
503,503-ALTO LEBLON X IPANEMA - CIRCULAR,Fetranspor,23,17797855,"-22.9865","-43.2324"
503,503-ALTO LEBLON X IPANEMA - CIRCULAR,Fetranspor,24,17797855,"-22.9865","-43.2324"
503,503-ALTO LEBLON X IPANEMA - CIRCULAR,Fetranspor,25,17797855,"-22.9866","-43.2322"
503,503-ALTO LEBLON X IPANEMA - CIRCULAR,Fetranspor,26,17797855,"-22.9866","-43.232"
503,503-ALTO LEBLON X IPANEMA - CIRCULAR,Fetranspor,27,17797855,"-22.9866","-43.232"
503,503-ALTO LEBLON X IPANEMA - CIRCULAR,Fetranspor,28,17797855,"-22.9866","-43.232"
503,503-ALTO LEBLON X IPANEMA - CIRCULAR,Fetranspor,29,17797855,"-22.9871","-43.2319"
503,503-ALTO LEBLON X IPANEMA - CIRCULAR,Fetranspor,30,17797855,"-22.9871","-43.2319"
503,503-ALTO LEBLON X IPANEMA - CIRCULAR,Fetranspor,31,17797855,"-22.987","-43.2313"
503,503-ALTO LEBLON X IPANEMA - CIRCULAR,Fetranspor,32,17797855,"-22.9868","-43.2302"
503,503-ALTO LEBLON X IPANEMA - CIRCULAR,Fetranspor,33,17797855,"-22.9868","-43.2302"
503,503-ALTO LEBLON X IPANEMA - CIRCULAR,Fetranspor,34,17797855,"-22.9868","-43.23"
503,503-ALTO LEBLON X IPANEMA - CIRCULAR,Fetranspor,35,17797855,"-22.9866","-43.2295"
503,503-ALTO LEBLON X IPANEMA - CIRCULAR,Fetranspor,36,17797855,"-22.9866","-43.2295"
503,503-ALTO LEBLON X IPANEMA - CIRCULAR,Fetranspor,37,17797855,"-22.9867","-43.2295"
503,503-ALTO LEBLON X IPANEMA - CIRCULAR,Fetranspor,38,17797855,"-22.9867","-43.2295"
503,503-ALTO LEBLON X IPANEMA - CIRCULAR,Fetranspor,39,17797855,"-22.9869","-43.2293"
503,503-ALTO LEBLON X IPANEMA - CIRCULAR,Fetranspor,40,17797855,"-22.9871","-43.2292"
503,503-ALTO LEBLON X IPANEMA - CIRCULAR,Fetranspor,41,17797855,"-22.9877","-43.2287"
503,503-ALTO LEBLON X IPANEMA - CIRCULAR,Fetranspor,42,17797855,"-22.9877","-43.2287"
503,503-ALTO LEBLON X IPANEMA - CIRCULAR,Fetranspor,43,17797855,"-22.988","-43.2285"
503,503-ALTO LEBLON X IPANEMA - CIRCULAR,Fetranspor,44,17797855,"-22.988","-43.2285"
503,503-ALTO LEBLON X IPANEMA - CIRCULAR,Fetranspor,45,17797855,"-22.9884","-43.2281"
503,503-ALTO LEBLON X IPANEMA - CIRCULAR,Fetranspor,46,17797855,"-22.9884","-43.2281"
503,503-ALTO LEBLON X IPANEMA - CIRCULAR,Fetranspor,47,17797855,"-22.9885","-43.228"
503,503-ALTO LEBLON X IPANEMA - CIRCULAR,Fetranspor,48,17797855,"-22.9885","-43.228"
503,503-ALTO LEBLON X IPANEMA - CIRCULAR,Fetranspor,49,17797855,"-22.9885","-43.2278"
503,503-ALTO LEBLON X IPANEMA - CIRCULAR,Fetranspor,50,17797855,"-22.9885","-43.2277"
503,503-ALTO LEBLON X IPANEMA - CIRCULAR,Fetranspor,51,17797855,"-22.9885","-43.2276"
503,503-ALTO LEBLON X IPANEMA - CIRCULAR,Fetranspor,52,17797855,"-22.9884","-43.2274"
503,503-ALTO LEBLON X IPANEMA - CIRCULAR,Fetranspor,53,17797855,"-22.9884","-43.2274"
503,503-ALTO LEBLON X IPANEMA - CIRCULAR,Fetranspor,54,17797855,"-22.988","-43.2263"
503,503-ALTO LEBLON X IPANEMA - CIRCULAR,Fetranspor,55,17797855,"-22.9877","-43.2256"
503,503-ALTO LEBLON X IPANEMA - CIRCULAR,Fetranspor,56,17797855,"-22.9876","-43.2252"
503,503-ALTO LEBLON X IPANEMA - CIRCULAR,Fetranspor,57,17797855,"-22.9875","-43.2248"
503,503-ALTO LEBLON X IPANEMA - CIRCULAR,Fetranspor,58,17797855,"-22.9872","-43.223"
503,503-ALTO LEBLON X IPANEMA - CIRCULAR,Fetranspor,59,17797855,"-22.9872","-43.223"
503,503-ALTO LEBLON X IPANEMA - CIRCULAR,Fetranspor,60,17797855,"-22.9871","-43.2224"
503,503-ALTO LEBLON X IPANEMA - CIRCULAR,Fetranspor,61,17797855,"-22.9869","-43.221"
503,503-ALTO LEBLON X IPANEMA - CIRCULAR,Fetranspor,62,17797855,"-22.9868","-43.2204"
503,503-ALTO LEBLON X IPANEMA - CIRCULAR,Fetranspor,63,17797855,"-22.9867","-43.2192"
503,503-ALTO LEBLON X IPANEMA - CIRCULAR,Fetranspor,64,17797855,"-22.9865","-43.2174"
503,503-ALTO LEBLON X IPANEMA - CIRCULAR,Fetranspor,65,17797855,"-22.9865","-43.2174"
503,503-ALTO LEBLON X IPANEMA - CIRCULAR,Fetranspor,66,17797855,"-22.9863","-43.2157"
503,503-ALTO LEBLON X IPANEMA - CIRCULAR,Fetranspor,67,17797855,"-22.9863","-43.2157"
503,503-ALTO LEBLON X IPANEMA - CIRCULAR,Fetranspor,68,17797855,"-22.9861","-43.2145"
503,503-ALTO LEBLON X IPANEMA - CIRCULAR,Fetranspor,69,17797855,"-22.9861","-43.2141"
503,503-ALTO LEBLON X IPANEMA - CIRCULAR,Fetranspor,70,17797855,"-22.9861","-43.2139"
503,503-ALTO LEBLON X IPANEMA - CIRCULAR,Fetranspor,71,17797855,"-22.9861","-43.2139"
503,503-ALTO LEBLON X IPANEMA - CIRCULAR,Fetranspor,72,17797855,"-22.9861","-43.2138"
503,503-ALTO LEBLON X IPANEMA - CIRCULAR,Fetranspor,73,17797855,"-22.9861","-43.2138"
503,503-ALTO LEBLON X IPANEMA - CIRCULAR,Fetranspor,74,17797855,"-22.986","-43.2137"
503,503-ALTO LEBLON X IPANEMA - CIRCULAR,Fetranspor,75,17797855,"-22.986","-43.2137"
503,503-ALTO LEBLON X IPANEMA - CIRCULAR,Fetranspor,76,17797855,"-22.986","-43.2136"
503,503-ALTO LEBLON X IPANEMA - CIRCULAR,Fetranspor,77,17797855,"-22.986","-43.2136"
503,503-ALTO LEBLON X IPANEMA - CIRCULAR,Fetranspor,78,17797855,"-22.986","-43.2136"
503,503-ALTO LEBLON X IPANEMA - CIRCULAR,Fetranspor,79,17797855,"-22.9855","-43.2136"
503,503-ALTO LEBLON X IPANEMA - CIRCULAR,Fetranspor,80,17797855,"-22.9848","-43.2135"
503,503-ALTO LEBLON X IPANEMA - CIRCULAR,Fetranspor,81,17797855,"-22.9848","-43.2135"
503,503-ALTO LEBLON X IPANEMA - CIRCULAR,Fetranspor,82,17797855,"-22.9837","-43.2135"
503,503-ALTO LEBLON X IPANEMA - CIRCULAR,Fetranspor,83,17797855,"-22.9837","-43.2135"
503,503-ALTO LEBLON X IPANEMA - CIRCULAR,Fetranspor,84,17797855,"-22.9838","-43.2127"
503,503-ALTO LEBLON X IPANEMA - CIRCULAR,Fetranspor,85,17797855,"-22.9838","-43.2116"
503,503-ALTO LEBLON X IPANEMA - CIRCULAR,Fetranspor,86,17797855,"-22.9839","-43.2113"
503,503-ALTO LEBLON X IPANEMA - CIRCULAR,Fetranspor,87,17797855,"-22.9839","-43.2113"
503,503-ALTO LEBLON X IPANEMA - CIRCULAR,Fetranspor,88,17797855,"-22.984","-43.2092"
503,503-ALTO LEBLON X IPANEMA - CIRCULAR,Fetranspor,89,17797855,"-22.984","-43.2092"
503,503-ALTO LEBLON X IPANEMA - CIRCULAR,Fetranspor,90,17797855,"-22.984","-43.2086"
503,503-ALTO LEBLON X IPANEMA - CIRCULAR,Fetranspor,91,17797855,"-22.9841","-43.2072"
503,503-ALTO LEBLON X IPANEMA - CIRCULAR,Fetranspor,92,17797855,"-22.9841","-43.2071"
503,503-ALTO LEBLON X IPANEMA - CIRCULAR,Fetranspor,93,17797855,"-22.9841","-43.2071"
503,503-ALTO LEBLON X IPANEMA - CIRCULAR,Fetranspor,94,17797855,"-22.9842","-43.2055"
503,503-ALTO LEBLON X IPANEMA - CIRCULAR,Fetranspor,95,17797855,"-22.9842","-43.2052"
503,503-ALTO LEBLON X IPANEMA - CIRCULAR,Fetranspor,96,17797855,"-22.9842","-43.205"
503,503-ALTO LEBLON X IPANEMA - CIRCULAR,Fetranspor,97,17797855,"-22.9842","-43.205"
503,503-ALTO LEBLON X IPANEMA - CIRCULAR,Fetranspor,98,17797855,"-22.9842","-43.2043"
503,503-ALTO LEBLON X IPANEMA - CIRCULAR,Fetranspor,99,17797855,"-22.9843","-43.2034"
503,503-ALTO LEBLON X IPANEMA - CIRCULAR,Fetranspor,100,17797855,"-22.9843","-43.2029"
503,503-ALTO LEBLON X IPANEMA - CIRCULAR,Fetranspor,101,17797855,"-22.9843","-43.2029"
503,503-ALTO LEBLON X IPANEMA - CIRCULAR,Fetranspor,102,17797855,"-22.9844","-43.2007"
503,503-ALTO LEBLON X IPANEMA - CIRCULAR,Fetranspor,103,17797855,"-22.9844","-43.2007"
503,503-ALTO LEBLON X IPANEMA - CIRCULAR,Fetranspor,104,17797855,"-22.9845","-43.1986"
503,503-ALTO LEBLON X IPANEMA - CIRCULAR,Fetranspor,105,17797855,"-22.9845","-43.1986"
503,503-ALTO LEBLON X IPANEMA - CIRCULAR,Fetranspor,106,17797855,"-22.9846","-43.1969"
503,503-ALTO LEBLON X IPANEMA - CIRCULAR,Fetranspor,107,17797855,"-22.9846","-43.1969"
503,503-ALTO LEBLON X IPANEMA - CIRCULAR,Fetranspor,108,17797855,"-22.9847","-43.1952"
503,503-ALTO LEBLON X IPANEMA - CIRCULAR,Fetranspor,109,17797855,"-22.9847","-43.1952"
503,503-ALTO LEBLON X IPANEMA - CIRCULAR,Fetranspor,110,17797855,"-22.9845","-43.1949"
503,503-ALTO LEBLON X IPANEMA - CIRCULAR,Fetranspor,111,17797855,"-22.984","-43.1942"
503,503-ALTO LEBLON X IPANEMA - CIRCULAR,Fetranspor,112,17797855,"-22.9839","-43.1941"
503,503-ALTO LEBLON X IPANEMA - CIRCULAR,Fetranspor,113,17797855,"-22.9839","-43.1941"
503,503-ALTO LEBLON X IPANEMA - CIRCULAR,Fetranspor,114,17797855,"-22.9839","-43.1941"
503,503-ALTO LEBLON X IPANEMA - CIRCULAR,Fetranspor,115,17797855,"-22.9839","-43.1941"
503,503-ALTO LEBLON X IPANEMA - CIRCULAR,Fetranspor,116,17797855,"-22.9838","-43.194"
503,503-ALTO LEBLON X IPANEMA - CIRCULAR,Fetranspor,117,17797855,"-22.9837","-43.1939"
503,503-ALTO LEBLON X IPANEMA - CIRCULAR,Fetranspor,118,17797855,"-22.9837","-43.1938"
503,503-ALTO LEBLON X IPANEMA - CIRCULAR,Fetranspor,119,17797855,"-22.9836","-43.1934"
503,503-ALTO LEBLON X IPANEMA - CIRCULAR,Fetranspor,120,17797855,"-22.9836","-43.1934"
503,503-ALTO LEBLON X IPANEMA - CIRCULAR,Fetranspor,121,17797855,"-22.9834","-43.1929"
503,503-ALTO LEBLON X IPANEMA - CIRCULAR,Fetranspor,122,17797855,"-22.9834","-43.1929"
503,503-ALTO LEBLON X IPANEMA - CIRCULAR,Fetranspor,123,17797855,"-22.9832","-43.1919"
