linha,descricao,agencia,sequencia,shape_id,latitude,longitude
507,507-LARGO DO MACHADO X SILVESTRE,Fetranspor,0,17535581,"-22.9457","-43.2049"
507,507-LARGO DO MACHADO X SILVESTRE,Fetranspor,1,17535581,"-22.9452","-43.2047"
507,507-LARGO DO MACHADO X SILVESTRE,Fetranspor,2,17535581,"-22.9451","-43.2046"
507,507-LARGO DO MACHADO X SILVESTRE,Fetranspor,3,17535581,"-22.945","-43.2045"
507,507-LARGO DO MACHADO X SILVESTRE,Fetranspor,4,17535581,"-22.9449","-43.2044"
507,507-LARGO DO MACHADO X SILVESTRE,Fetranspor,5,17535581,"-22.9448","-43.2044"
507,507-LARGO DO MACHADO X SILVESTRE,Fetranspor,6,17535581,"-22.9447","-43.2043"
507,507-LARGO DO MACHADO X SILVESTRE,Fetranspor,7,17535581,"-22.9446","-43.2043"
507,507-LARGO DO MACHADO X SILVESTRE,Fetranspor,8,17535581,"-22.9446","-43.2043"
507,507-LARGO DO MACHADO X SILVESTRE,Fetranspor,9,17535581,"-22.9444","-43.2043"
507,507-LARGO DO MACHADO X SILVESTRE,Fetranspor,10,17535581,"-22.9443","-43.2044"
507,507-LARGO DO MACHADO X SILVESTRE,Fetranspor,11,17535581,"-22.9443","-43.2044"
507,507-LARGO DO MACHADO X SILVESTRE,Fetranspor,12,17535581,"-22.9443","-43.2046"
507,507-LARGO DO MACHADO X SILVESTRE,Fetranspor,13,17535581,"-22.9443","-43.2047"
507,507-LARGO DO MACHADO X SILVESTRE,Fetranspor,14,17535581,"-22.9443","-43.2049"
507,507-LARGO DO MACHADO X SILVESTRE,Fetranspor,15,17535581,"-22.9443","-43.2049"
507,507-LARGO DO MACHADO X SILVESTRE,Fetranspor,16,17535581,"-22.9444","-43.2051"
507,507-LARGO DO MACHADO X SILVESTRE,Fetranspor,17,17535581,"-22.9444","-43.2053"
507,507-LARGO DO MACHADO X SILVESTRE,Fetranspor,18,17535581,"-22.9445","-43.2054"
507,507-LARGO DO MACHADO X SILVESTRE,Fetranspor,19,17535581,"-22.9446","-43.2055"
507,507-LARGO DO MACHADO X SILVESTRE,Fetranspor,20,17535581,"-22.9447","-43.2057"
507,507-LARGO DO MACHADO X SILVESTRE,Fetranspor,21,17535581,"-22.9449","-43.2059"
507,507-LARGO DO MACHADO X SILVESTRE,Fetranspor,22,17535581,"-22.945","-43.206"
507,507-LARGO DO MACHADO X SILVESTRE,Fetranspor,23,17535581,"-22.9453","-43.2067"
507,507-LARGO DO MACHADO X SILVESTRE,Fetranspor,24,17535581,"-22.9454","-43.2068"
507,507-LARGO DO MACHADO X SILVESTRE,Fetranspor,25,17535581,"-22.9455","-43.207"
507,507-LARGO DO MACHADO X SILVESTRE,Fetranspor,26,17535581,"-22.9455","-43.2072"
507,507-LARGO DO MACHADO X SILVESTRE,Fetranspor,27,17535581,"-22.9456","-43.2075"
507,507-LARGO DO MACHADO X SILVESTRE,Fetranspor,28,17535581,"-22.9456","-43.2076"
507,507-LARGO DO MACHADO X SILVESTRE,Fetranspor,29,17535581,"-22.9456","-43.2077"
507,507-LARGO DO MACHADO X SILVESTRE,Fetranspor,30,17535581,"-22.9456","-43.2077"
507,507-LARGO DO MACHADO X SILVESTRE,Fetranspor,31,17535581,"-22.9456","-43.2078"
507,507-LARGO DO MACHADO X SILVESTRE,Fetranspor,32,17535581,"-22.9456","-43.208"
507,507-LARGO DO MACHADO X SILVESTRE,Fetranspor,33,17535581,"-22.9455","-43.2082"
507,507-LARGO DO MACHADO X SILVESTRE,Fetranspor,34,17535581,"-22.9455","-43.2083"
507,507-LARGO DO MACHADO X SILVESTRE,Fetranspor,35,17535581,"-22.9454","-43.2084"
507,507-LARGO DO MACHADO X SILVESTRE,Fetranspor,36,17535581,"-22.9454","-43.2084"
507,507-LARGO DO MACHADO X SILVESTRE,Fetranspor,37,17535581,"-22.9453","-43.2084"
507,507-LARGO DO MACHADO X SILVESTRE,Fetranspor,38,17535581,"-22.9452","-43.2084"
507,507-LARGO DO MACHADO X SILVESTRE,Fetranspor,39,17535581,"-22.9452","-43.2084"
507,507-LARGO DO MACHADO X SILVESTRE,Fetranspor,40,17535581,"-22.945","-43.2082"
507,507-LARGO DO MACHADO X SILVESTRE,Fetranspor,41,17535581,"-22.9449","-43.2081"
507,507-LARGO DO MACHADO X SILVESTRE,Fetranspor,42,17535581,"-22.9448","-43.2081"
507,507-LARGO DO MACHADO X SILVESTRE,Fetranspor,43,17535581,"-22.9447","-43.208"
507,507-LARGO DO MACHADO X SILVESTRE,Fetranspor,44,17535581,"-22.9447","-43.208"
507,507-LARGO DO MACHADO X SILVESTRE,Fetranspor,45,17535581,"-22.9444","-43.2079"
507,507-LARGO DO MACHADO X SILVESTRE,Fetranspor,46,17535581,"-22.9443","-43.2078"
507,507-LARGO DO MACHADO X SILVESTRE,Fetranspor,47,17535581,"-22.9442","-43.2079"
507,507-LARGO DO MACHADO X SILVESTRE,Fetranspor,48,17535581,"-22.9441","-43.2079"
507,507-LARGO DO MACHADO X SILVESTRE,Fetranspor,49,17535581,"-22.9441","-43.2079"
507,507-LARGO DO MACHADO X SILVESTRE,Fetranspor,50,17535581,"-22.9441","-43.208"
507,507-LARGO DO MACHADO X SILVESTRE,Fetranspor,51,17535581,"-22.9439","-43.2083"
507,507-LARGO DO MACHADO X SILVESTRE,Fetranspor,52,17535581,"-22.9439","-43.2084"
507,507-LARGO DO MACHADO X SILVESTRE,Fetranspor,53,17535581,"-22.9437","-43.2085"
507,507-LARGO DO MACHADO X SILVESTRE,Fetranspor,54,17535581,"-22.9436","-43.2086"
507,507-LARGO DO MACHADO X SILVESTRE,Fetranspor,55,17535581,"-22.9435","-43.2086"
507,507-LARGO DO MACHADO X SILVESTRE,Fetranspor,56,17535581,"-22.9434","-43.2085"
507,507-LARGO DO MACHADO X SILVESTRE,Fetranspor,57,17535581,"-22.9433","-43.2084"
507,507-LARGO DO MACHADO X SILVESTRE,Fetranspor,58,17535581,"-22.9431","-43.2082"
507,507-LARGO DO MACHADO X SILVESTRE,Fetranspor,59,17535581,"-22.9429","-43.2079"
507,507-LARGO DO MACHADO X SILVESTRE,Fetranspor,60,17535581,"-22.9428","-43.2077"
507,507-LARGO DO MACHADO X SILVESTRE,Fetranspor,61,17535581,"-22.9428","-43.2077"
507,507-LARGO DO MACHADO X SILVESTRE,Fetranspor,62,17535581,"-22.9424","-43.2079"
507,507-LARGO DO MACHADO X SILVESTRE,Fetranspor,63,17535581,"-22.9423","-43.2079"
507,507-LARGO DO MACHADO X SILVESTRE,Fetranspor,64,17535581,"-22.9423","-43.208"
507,507-LARGO DO MACHADO X SILVESTRE,Fetranspor,65,17535581,"-22.9423","-43.2085"
507,507-LARGO DO MACHADO X SILVESTRE,Fetranspor,66,17535581,"-22.9421","-43.2093"
507,507-LARGO DO MACHADO X SILVESTRE,Fetranspor,67,17535581,"-22.9421","-43.2095"
507,507-LARGO DO MACHADO X SILVESTRE,Fetranspor,68,17535581,"-22.942","-43.2098"
507,507-LARGO DO MACHADO X SILVESTRE,Fetranspor,69,17535581,"-22.9419","-43.2099"
507,507-LARGO DO MACHADO X SILVESTRE,Fetranspor,70,17535581,"-22.9416","-43.2099"
507,507-LARGO DO MACHADO X SILVESTRE,Fetranspor,71,17535581,"-22.9413","-43.2101"
507,507-LARGO DO MACHADO X SILVESTRE,Fetranspor,72,17535581,"-22.9411","-43.2103"
507,507-LARGO DO MACHADO X SILVESTRE,Fetranspor,73,17535581,"-22.9409","-43.2103"
507,507-LARGO DO MACHADO X SILVESTRE,Fetranspor,74,17535581,"-22.9402","-43.21"
507,507-LARGO DO MACHADO X SILVESTRE,Fetranspor,75,17535581,"-22.9394","-43.2096"
507,507-LARGO DO MACHADO X SILVESTRE,Fetranspor,76,17535581,"-22.9394","-43.2095"
507,507-LARGO DO MACHADO X SILVESTRE,Fetranspor,77,17535581,"-22.9393","-43.2093"
507,507-LARGO DO MACHADO X SILVESTRE,Fetranspor,78,17535581,"-22.9392","-43.2089"
507,507-LARGO DO MACHADO X SILVESTRE,Fetranspor,79,17535581,"-22.9391","-43.2088"
507,507-LARGO DO MACHADO X SILVESTRE,Fetranspor,80,17535581,"-22.939","-43.2085"
507,507-LARGO DO MACHADO X SILVESTRE,Fetranspor,81,17535581,"-22.9389","-43.2082"
507,507-LARGO DO MACHADO X SILVESTRE,Fetranspor,82,17535581,"-22.9387","-43.2077"
507,507-LARGO DO MACHADO X SILVESTRE,Fetranspor,83,17535581,"-22.9384","-43.2071"
507,507-LARGO DO MACHADO X SILVESTRE,Fetranspor,84,17535581,"-22.9383","-43.2068"
507,507-LARGO DO MACHADO X SILVESTRE,Fetranspor,85,17535581,"-22.9383","-43.2068"
507,507-LARGO DO MACHADO X SILVESTRE,Fetranspor,86,17535581,"-22.9382","-43.2067"
507,507-LARGO DO MACHADO X SILVESTRE,Fetranspor,87,17535581,"-22.9381","-43.2066"
507,507-LARGO DO MACHADO X SILVESTRE,Fetranspor,88,17535581,"-22.938","-43.2064"
507,507-LARGO DO MACHADO X SILVESTRE,Fetranspor,89,17535581,"-22.9379","-43.2062"
507,507-LARGO DO MACHADO X SILVESTRE,Fetranspor,90,17535581,"-22.9378","-43.206"
507,507-LARGO DO MACHADO X SILVESTRE,Fetranspor,91,17535581,"-22.9377","-43.2058"
507,507-LARGO DO MACHADO X SILVESTRE,Fetranspor,92,17535581,"-22.9377","-43.2054"
507,507-LARGO DO MACHADO X SILVESTRE,Fetranspor,93,17535581,"-22.9377","-43.2054"
507,507-LARGO DO MACHADO X SILVESTRE,Fetranspor,94,17535581,"-22.9376","-43.205"
507,507-LARGO DO MACHADO X SILVESTRE,Fetranspor,95,17535581,"-22.9376","-43.2047"
507,507-LARGO DO MACHADO X SILVESTRE,Fetranspor,96,17535581,"-22.9375","-43.2044"
507,507-LARGO DO MACHADO X SILVESTRE,Fetranspor,97,17535581,"-22.9375","-43.2043"
507,507-LARGO DO MACHADO X SILVESTRE,Fetranspor,98,17535581,"-22.9375","-43.2041"
507,507-LARGO DO MACHADO X SILVESTRE,Fetranspor,99,17535581,"-22.9374","-43.2039"
507,507-LARGO DO MACHADO X SILVESTRE,Fetranspor,100,17535581,"-22.9373","-43.2037"
507,507-LARGO DO MACHADO X SILVESTRE,Fetranspor,101,17535581,"-22.9373","-43.2036"
507,507-LARGO DO MACHADO X SILVESTRE,Fetranspor,102,17535581,"-22.9372","-43.2035"
507,507-LARGO DO MACHADO X SILVESTRE,Fetranspor,103,17535581,"-22.9371","-43.2035"
507,507-LARGO DO MACHADO X SILVESTRE,Fetranspor,104,17535581,"-22.9371","-43.2035"
507,507-LARGO DO MACHADO X SILVESTRE,Fetranspor,105,17535581,"-22.937","-43.2035"
507,507-LARGO DO MACHADO X SILVESTRE,Fetranspor,106,17535581,"-22.9369","-43.2035"
507,507-LARGO DO MACHADO X SILVESTRE,Fetranspor,107,17535581,"-22.9369","-43.2036"
507,507-LARGO DO MACHADO X SILVESTRE,Fetranspor,108,17535581,"-22.9369","-43.2036"
507,507-LARGO DO MACHADO X SILVESTRE,Fetranspor,109,17535581,"-22.9368","-43.2039"
507,507-LARGO DO MACHADO X SILVESTRE,Fetranspor,110,17535581,"-22.9367","-43.2039"
507,507-LARGO DO MACHADO X SILVESTRE,Fetranspor,111,17535581,"-22.9367","-43.204"
507,507-LARGO DO MACHADO X SILVESTRE,Fetranspor,112,17535581,"-22.9366","-43.204"
507,507-LARGO DO MACHADO X SILVESTRE,Fetranspor,113,17535581,"-22.9366","-43.204"
507,507-LARGO DO MACHADO X SILVESTRE,Fetranspor,114,17535581,"-22.9365","-43.204"
507,507-LARGO DO MACHADO X SILVESTRE,Fetranspor,115,17535581,"-22.9364","-43.204"
507,507-LARGO DO MACHADO X SILVESTRE,Fetranspor,116,17535581,"-22.9363","-43.2039"
507,507-LARGO DO MACHADO X SILVESTRE,Fetranspor,117,17535581,"-22.9362","-43.2038"
507,507-LARGO DO MACHADO X SILVESTRE,Fetranspor,118,17535581,"-22.936","-43.2036"
507,507-LARGO DO MACHADO X SILVESTRE,Fetranspor,119,17535581,"-22.9359","-43.2035"
507,507-LARGO DO MACHADO X SILVESTRE,Fetranspor,120,17535581,"-22.9357","-43.2032"
507,507-LARGO DO MACHADO X SILVESTRE,Fetranspor,121,17535581,"-22.9357","-43.2032"
507,507-LARGO DO MACHADO X SILVESTRE,Fetranspor,122,17535581,"-22.9355","-43.2029"
507,507-LARGO DO MACHADO X SILVESTRE,Fetranspor,123,17535581,"-22.9354","-43.2028"
507,507-LARGO DO MACHADO X SILVESTRE,Fetranspor,124,17535581,"-22.9354","-43.2026"
507,507-LARGO DO MACHADO X SILVESTRE,Fetranspor,125,17535581,"-22.9353","-43.2024"
507,507-LARGO DO MACHADO X SILVESTRE,Fetranspor,126,17535581,"-22.9352","-43.2019"
507,507-LARGO DO MACHADO X SILVESTRE,Fetranspor,127,17535581,"-22.9351","-43.2015"
507,507-LARGO DO MACHADO X SILVESTRE,Fetranspor,128,17535581,"-22.9351","-43.2012"
507,507-LARGO DO MACHADO X SILVESTRE,Fetranspor,129,17535581,"-22.9351","-43.2012"
507,507-LARGO DO MACHADO X SILVESTRE,Fetranspor,130,17535581,"-22.9349","-43.2007"
507,507-LARGO DO MACHADO X SILVESTRE,Fetranspor,131,17535581,"-22.9348","-43.2002"
507,507-LARGO DO MACHADO X SILVESTRE,Fetranspor,132,17535581,"-22.9347","-43.1999"
507,507-LARGO DO MACHADO X SILVESTRE,Fetranspor,133,17535581,"-22.9347","-43.1998"
507,507-LARGO DO MACHADO X SILVESTRE,Fetranspor,134,17535581,"-22.9346","-43.1997"
507,507-LARGO DO MACHADO X SILVESTRE,Fetranspor,135,17535581,"-22.9346","-43.1997"
507,507-LARGO DO MACHADO X SILVESTRE,Fetranspor,136,17535581,"-22.9348","-43.1993"
507,507-LARGO DO MACHADO X SILVESTRE,Fetranspor,137,17535581,"-22.9348","-43.1992"
507,507-LARGO DO MACHADO X SILVESTRE,Fetranspor,138,17535581,"-22.9348","-43.199"
507,507-LARGO DO MACHADO X SILVESTRE,Fetranspor,139,17535581,"-22.9348","-43.1989"
507,507-LARGO DO MACHADO X SILVESTRE,Fetranspor,140,17535581,"-22.9348","-43.1988"
507,507-LARGO DO MACHADO X SILVESTRE,Fetranspor,141,17535581,"-22.9347","-43.1984"
507,507-LARGO DO MACHADO X SILVESTRE,Fetranspor,142,17535581,"-22.9347","-43.1973"
507,507-LARGO DO MACHADO X SILVESTRE,Fetranspor,143,17535581,"-22.9347","-43.1972"
507,507-LARGO DO MACHADO X SILVESTRE,Fetranspor,144,17535581,"-22.9347","-43.1972"
507,507-LARGO DO MACHADO X SILVESTRE,Fetranspor,145,17535581,"-22.9348","-43.1972"
507,507-LARGO DO MACHADO X SILVESTRE,Fetranspor,146,17535581,"-22.9351","-43.197"
507,507-LARGO DO MACHADO X SILVESTRE,Fetranspor,147,17535581,"-22.9352","-43.197"
507,507-LARGO DO MACHADO X SILVESTRE,Fetranspor,148,17535581,"-22.9352","-43.1969"
507,507-LARGO DO MACHADO X SILVESTRE,Fetranspor,149,17535581,"-22.9352","-43.1969"
507,507-LARGO DO MACHADO X SILVESTRE,Fetranspor,150,17535581,"-22.9351","-43.1968"
507,507-LARGO DO MACHADO X SILVESTRE,Fetranspor,151,17535581,"-22.9349","-43.1967"
507,507-LARGO DO MACHADO X SILVESTRE,Fetranspor,152,17535581,"-22.9348","-43.1967"
507,507-LARGO DO MACHADO X SILVESTRE,Fetranspor,153,17535581,"-22.9346","-43.1964"
507,507-LARGO DO MACHADO X SILVESTRE,Fetranspor,154,17535581,"-22.9343","-43.1962"
507,507-LARGO DO MACHADO X SILVESTRE,Fetranspor,155,17535581,"-22.9343","-43.1962"
507,507-LARGO DO MACHADO X SILVESTRE,Fetranspor,156,17535581,"-22.9342","-43.1957"
507,507-LARGO DO MACHADO X SILVESTRE,Fetranspor,157,17535581,"-22.9341","-43.1956"
507,507-LARGO DO MACHADO X SILVESTRE,Fetranspor,158,17535581,"-22.934","-43.1953"
507,507-LARGO DO MACHADO X SILVESTRE,Fetranspor,159,17535581,"-22.9339","-43.1952"
507,507-LARGO DO MACHADO X SILVESTRE,Fetranspor,160,17535581,"-22.9338","-43.1951"
507,507-LARGO DO MACHADO X SILVESTRE,Fetranspor,161,17535581,"-22.9337","-43.1949"
507,507-LARGO DO MACHADO X SILVESTRE,Fetranspor,162,17535581,"-22.9336","-43.1947"
507,507-LARGO DO MACHADO X SILVESTRE,Fetranspor,163,17535581,"-22.9336","-43.1945"
507,507-LARGO DO MACHADO X SILVESTRE,Fetranspor,164,17535581,"-22.9336","-43.1944"
507,507-LARGO DO MACHADO X SILVESTRE,Fetranspor,165,17535581,"-22.9336","-43.1944"
507,507-LARGO DO MACHADO X SILVESTRE,Fetranspor,166,17535581,"-22.9336","-43.1944"
507,507-LARGO DO MACHADO X SILVESTRE,Fetranspor,167,17535581,"-22.9337","-43.1944"
507,507-LARGO DO MACHADO X SILVESTRE,Fetranspor,168,17535581,"-22.9337","-43.1945"
507,507-LARGO DO MACHADO X SILVESTRE,Fetranspor,169,17535581,"-22.9338","-43.1947"
507,507-LARGO DO MACHADO X SILVESTRE,Fetranspor,170,17535581,"-22.9339","-43.1948"
507,507-LARGO DO MACHADO X SILVESTRE,Fetranspor,171,17535581,"-22.934","-43.195"
507,507-LARGO DO MACHADO X SILVESTRE,Fetranspor,172,17535581,"-22.9341","-43.1951"
507,507-LARGO DO MACHADO X SILVESTRE,Fetranspor,173,17535581,"-22.9344","-43.1954"
507,507-LARGO DO MACHADO X SILVESTRE,Fetranspor,174,17535581,"-22.935","-43.196"
507,507-LARGO DO MACHADO X SILVESTRE,Fetranspor,175,17535581,"-22.935","-43.196"
507,507-LARGO DO MACHADO X SILVESTRE,Fetranspor,176,17535581,"-22.935","-43.1961"
507,507-LARGO DO MACHADO X SILVESTRE,Fetranspor,177,17535581,"-22.9351","-43.1961"
507,507-LARGO DO MACHADO X SILVESTRE,Fetranspor,178,17535581,"-22.9353","-43.196"
507,507-LARGO DO MACHADO X SILVESTRE,Fetranspor,179,17535581,"-22.9353","-43.196"
507,507-LARGO DO MACHADO X SILVESTRE,Fetranspor,180,17535581,"-22.9354","-43.196"
507,507-LARGO DO MACHADO X SILVESTRE,Fetranspor,181,17535581,"-22.9356","-43.1961"
507,507-LARGO DO MACHADO X SILVESTRE,Fetranspor,182,17535581,"-22.9357","-43.1961"
507,507-LARGO DO MACHADO X SILVESTRE,Fetranspor,183,17535581,"-22.9357","-43.1961"
507,507-LARGO DO MACHADO X SILVESTRE,Fetranspor,184,17535581,"-22.9359","-43.196"
507,507-LARGO DO MACHADO X SILVESTRE,Fetranspor,185,17535581,"-22.9359","-43.1959"
507,507-LARGO DO MACHADO X SILVESTRE,Fetranspor,186,17535581,"-22.936","-43.1959"
507,507-LARGO DO MACHADO X SILVESTRE,Fetranspor,187,17535581,"-22.936","-43.196"
507,507-LARGO DO MACHADO X SILVESTRE,Fetranspor,188,17535581,"-22.936","-43.196"
507,507-LARGO DO MACHADO X SILVESTRE,Fetranspor,189,17535581,"-22.9361","-43.196"
507,507-LARGO DO MACHADO X SILVESTRE,Fetranspor,190,17535581,"-22.9363","-43.1967"
507,507-LARGO DO MACHADO X SILVESTRE,Fetranspor,191,17535581,"-22.9364","-43.1968"
507,507-LARGO DO MACHADO X SILVESTRE,Fetranspor,192,17535581,"-22.9364","-43.1969"
507,507-LARGO DO MACHADO X SILVESTRE,Fetranspor,193,17535581,"-22.9364","-43.197"
507,507-LARGO DO MACHADO X SILVESTRE,Fetranspor,194,17535581,"-22.9364","-43.1971"
507,507-LARGO DO MACHADO X SILVESTRE,Fetranspor,195,17535581,"-22.9364","-43.1972"
507,507-LARGO DO MACHADO X SILVESTRE,Fetranspor,196,17535581,"-22.9364","-43.1973"
507,507-LARGO DO MACHADO X SILVESTRE,Fetranspor,197,17535581,"-22.9364","-43.1974"
507,507-LARGO DO MACHADO X SILVESTRE,Fetranspor,198,17535581,"-22.9363","-43.1975"
507,507-LARGO DO MACHADO X SILVESTRE,Fetranspor,199,17535581,"-22.936","-43.1977"
507,507-LARGO DO MACHADO X SILVESTRE,Fetranspor,200,17535581,"-22.936","-43.1978"
507,507-LARGO DO MACHADO X SILVESTRE,Fetranspor,201,17535581,"-22.9359","-43.198"
507,507-LARGO DO MACHADO X SILVESTRE,Fetranspor,202,17535581,"-22.9359","-43.198"
507,507-LARGO DO MACHADO X SILVESTRE,Fetranspor,203,17535581,"-22.936","-43.1982"
507,507-LARGO DO MACHADO X SILVESTRE,Fetranspor,204,17535581,"-22.9361","-43.1985"
507,507-LARGO DO MACHADO X SILVESTRE,Fetranspor,205,17535581,"-22.9361","-43.1986"
507,507-LARGO DO MACHADO X SILVESTRE,Fetranspor,206,17535581,"-22.9362","-43.1992"
507,507-LARGO DO MACHADO X SILVESTRE,Fetranspor,207,17535581,"-22.9362","-43.1992"
507,507-LARGO DO MACHADO X SILVESTRE,Fetranspor,208,17535581,"-22.9362","-43.1993"
507,507-LARGO DO MACHADO X SILVESTRE,Fetranspor,209,17535581,"-22.9363","-43.1993"
507,507-LARGO DO MACHADO X SILVESTRE,Fetranspor,210,17535581,"-22.9363","-43.1993"
507,507-LARGO DO MACHADO X SILVESTRE,Fetranspor,211,17535581,"-22.9365","-43.1991"
507,507-LARGO DO MACHADO X SILVESTRE,Fetranspor,212,17535581,"-22.9365","-43.1991"
507,507-LARGO DO MACHADO X SILVESTRE,Fetranspor,213,17535581,"-22.9365","-43.1991"
507,507-LARGO DO MACHADO X SILVESTRE,Fetranspor,214,17535581,"-22.9365","-43.1983"
507,507-LARGO DO MACHADO X SILVESTRE,Fetranspor,215,17535581,"-22.9365","-43.198"
507,507-LARGO DO MACHADO X SILVESTRE,Fetranspor,216,17535581,"-22.9365","-43.198"
507,507-LARGO DO MACHADO X SILVESTRE,Fetranspor,217,17535581,"-22.9365","-43.1979"
507,507-LARGO DO MACHADO X SILVESTRE,Fetranspor,218,17535581,"-22.9368","-43.1975"
507,507-LARGO DO MACHADO X SILVESTRE,Fetranspor,219,17535581,"-22.9368","-43.1974"
507,507-LARGO DO MACHADO X SILVESTRE,Fetranspor,220,17535581,"-22.9368","-43.1972"
507,507-LARGO DO MACHADO X SILVESTRE,Fetranspor,221,17535581,"-22.9368","-43.197"
507,507-LARGO DO MACHADO X SILVESTRE,Fetranspor,222,17535581,"-22.9368","-43.1969"
507,507-LARGO DO MACHADO X SILVESTRE,Fetranspor,223,17535581,"-22.9368","-43.1968"
507,507-LARGO DO MACHADO X SILVESTRE,Fetranspor,224,17535581,"-22.9364","-43.1951"
507,507-LARGO DO MACHADO X SILVESTRE,Fetranspor,225,17535581,"-22.9364","-43.1948"
507,507-LARGO DO MACHADO X SILVESTRE,Fetranspor,226,17535581,"-22.9363","-43.1947"
507,507-LARGO DO MACHADO X SILVESTRE,Fetranspor,227,17535581,"-22.9363","-43.1947"
507,507-LARGO DO MACHADO X SILVESTRE,Fetranspor,228,17535581,"-22.9362","-43.1946"
507,507-LARGO DO MACHADO X SILVESTRE,Fetranspor,229,17535581,"-22.9361","-43.1946"
507,507-LARGO DO MACHADO X SILVESTRE,Fetranspor,230,17535581,"-22.9361","-43.1946"
507,507-LARGO DO MACHADO X SILVESTRE,Fetranspor,231,17535581,"-22.936","-43.1947"
507,507-LARGO DO MACHADO X SILVESTRE,Fetranspor,232,17535581,"-22.936","-43.1947"
507,507-LARGO DO MACHADO X SILVESTRE,Fetranspor,233,17535581,"-22.9359","-43.1949"
507,507-LARGO DO MACHADO X SILVESTRE,Fetranspor,234,17535581,"-22.9358","-43.195"
507,507-LARGO DO MACHADO X SILVESTRE,Fetranspor,235,17535581,"-22.9358","-43.195"
507,507-LARGO DO MACHADO X SILVESTRE,Fetranspor,236,17535581,"-22.9357","-43.195"
507,507-LARGO DO MACHADO X SILVESTRE,Fetranspor,237,17535581,"-22.9357","-43.195"
507,507-LARGO DO MACHADO X SILVESTRE,Fetranspor,238,17535581,"-22.9356","-43.1949"
507,507-LARGO DO MACHADO X SILVESTRE,Fetranspor,239,17535581,"-22.9356","-43.1949"
507,507-LARGO DO MACHADO X SILVESTRE,Fetranspor,240,17535581,"-22.9355","-43.1948"
507,507-LARGO DO MACHADO X SILVESTRE,Fetranspor,241,17535581,"-22.9354","-43.1946"
507,507-LARGO DO MACHADO X SILVESTRE,Fetranspor,242,17535581,"-22.9351","-43.194"
507,507-LARGO DO MACHADO X SILVESTRE,Fetranspor,243,17535581,"-22.9349","-43.1938"
507,507-LARGO DO MACHADO X SILVESTRE,Fetranspor,244,17535581,"-22.9346","-43.1934"
507,507-LARGO DO MACHADO X SILVESTRE,Fetranspor,245,17535581,"-22.9345","-43.1932"
507,507-LARGO DO MACHADO X SILVESTRE,Fetranspor,246,17535581,"-22.9345","-43.1931"
507,507-LARGO DO MACHADO X SILVESTRE,Fetranspor,247,17535581,"-22.9344","-43.1929"
507,507-LARGO DO MACHADO X SILVESTRE,Fetranspor,248,17535581,"-22.9344","-43.1927"
507,507-LARGO DO MACHADO X SILVESTRE,Fetranspor,249,17535581,"-22.9344","-43.1926"
507,507-LARGO DO MACHADO X SILVESTRE,Fetranspor,250,17535581,"-22.9344","-43.1925"
507,507-LARGO DO MACHADO X SILVESTRE,Fetranspor,251,17535581,"-22.9346","-43.1918"
507,507-LARGO DO MACHADO X SILVESTRE,Fetranspor,252,17535581,"-22.9346","-43.1917"
507,507-LARGO DO MACHADO X SILVESTRE,Fetranspor,253,17535581,"-22.9346","-43.1916"
507,507-LARGO DO MACHADO X SILVESTRE,Fetranspor,254,17535581,"-22.9346","-43.1915"
507,507-LARGO DO MACHADO X SILVESTRE,Fetranspor,255,17535581,"-22.9346","-43.1913"
507,507-LARGO DO MACHADO X SILVESTRE,Fetranspor,256,17535581,"-22.9346","-43.1912"
507,507-LARGO DO MACHADO X SILVESTRE,Fetranspor,257,17535581,"-22.9346","-43.1912"
507,507-LARGO DO MACHADO X SILVESTRE,Fetranspor,258,17535581,"-22.9347","-43.1912"
507,507-LARGO DO MACHADO X SILVESTRE,Fetranspor,259,17535581,"-22.9347","-43.1912"
507,507-LARGO DO MACHADO X SILVESTRE,Fetranspor,260,17535581,"-22.9347","-43.1912"
507,507-LARGO DO MACHADO X SILVESTRE,Fetranspor,261,17535581,"-22.9347","-43.1914"
507,507-LARGO DO MACHADO X SILVESTRE,Fetranspor,262,17535581,"-22.9348","-43.1916"
507,507-LARGO DO MACHADO X SILVESTRE,Fetranspor,263,17535581,"-22.9347","-43.1918"
507,507-LARGO DO MACHADO X SILVESTRE,Fetranspor,264,17535581,"-22.9347","-43.192"
507,507-LARGO DO MACHADO X SILVESTRE,Fetranspor,265,17535581,"-22.9346","-43.1923"
507,507-LARGO DO MACHADO X SILVESTRE,Fetranspor,266,17535581,"-22.9346","-43.1923"
507,507-LARGO DO MACHADO X SILVESTRE,Fetranspor,267,17535581,"-22.9346","-43.1924"
507,507-LARGO DO MACHADO X SILVESTRE,Fetranspor,268,17535581,"-22.9346","-43.1926"
507,507-LARGO DO MACHADO X SILVESTRE,Fetranspor,269,17535581,"-22.9347","-43.1927"
507,507-LARGO DO MACHADO X SILVESTRE,Fetranspor,270,17535581,"-22.9347","-43.1929"
507,507-LARGO DO MACHADO X SILVESTRE,Fetranspor,271,17535581,"-22.9348","-43.193"
507,507-LARGO DO MACHADO X SILVESTRE,Fetranspor,272,17535581,"-22.9349","-43.1931"
507,507-LARGO DO MACHADO X SILVESTRE,Fetranspor,273,17535581,"-22.935","-43.1932"
507,507-LARGO DO MACHADO X SILVESTRE,Fetranspor,274,17535581,"-22.9352","-43.1934"
507,507-LARGO DO MACHADO X SILVESTRE,Fetranspor,275,17535581,"-22.9353","-43.1936"
507,507-LARGO DO MACHADO X SILVESTRE,Fetranspor,276,17535581,"-22.9354","-43.1937"
507,507-LARGO DO MACHADO X SILVESTRE,Fetranspor,277,17535581,"-22.9355","-43.1938"
507,507-LARGO DO MACHADO X SILVESTRE,Fetranspor,278,17535581,"-22.9356","-43.194"
507,507-LARGO DO MACHADO X SILVESTRE,Fetranspor,279,17535581,"-22.9356","-43.194"
507,507-LARGO DO MACHADO X SILVESTRE,Fetranspor,280,17535581,"-22.9356","-43.1941"
507,507-LARGO DO MACHADO X SILVESTRE,Fetranspor,281,17535581,"-22.9357","-43.1941"
507,507-LARGO DO MACHADO X SILVESTRE,Fetranspor,282,17535581,"-22.9357","-43.194"
507,507-LARGO DO MACHADO X SILVESTRE,Fetranspor,283,17535581,"-22.9357","-43.194"
507,507-LARGO DO MACHADO X SILVESTRE,Fetranspor,284,17535581,"-22.9357","-43.194"
507,507-LARGO DO MACHADO X SILVESTRE,Fetranspor,285,17535581,"-22.9357","-43.194"
507,507-LARGO DO MACHADO X SILVESTRE,Fetranspor,286,17535581,"-22.9357","-43.1939"
507,507-LARGO DO MACHADO X SILVESTRE,Fetranspor,287,17535581,"-22.9357","-43.1939"
507,507-LARGO DO MACHADO X SILVESTRE,Fetranspor,288,17535581,"-22.9357","-43.1939"
507,507-LARGO DO MACHADO X SILVESTRE,Fetranspor,289,17535581,"-22.9357","-43.1938"
507,507-LARGO DO MACHADO X SILVESTRE,Fetranspor,290,17535581,"-22.9357","-43.1937"
507,507-LARGO DO MACHADO X SILVESTRE,Fetranspor,291,17535581,"-22.9357","-43.1936"
507,507-LARGO DO MACHADO X SILVESTRE,Fetranspor,292,17535581,"-22.9357","-43.1934"
507,507-LARGO DO MACHADO X SILVESTRE,Fetranspor,293,17535581,"-22.9357","-43.1933"
507,507-LARGO DO MACHADO X SILVESTRE,Fetranspor,294,17535581,"-22.9357","-43.1932"
507,507-LARGO DO MACHADO X SILVESTRE,Fetranspor,295,17535581,"-22.9357","-43.1931"
507,507-LARGO DO MACHADO X SILVESTRE,Fetranspor,296,17535581,"-22.9357","-43.1931"
507,507-LARGO DO MACHADO X SILVESTRE,Fetranspor,297,17535581,"-22.9358","-43.1928"
507,507-LARGO DO MACHADO X SILVESTRE,Fetranspor,298,17535581,"-22.9362","-43.1917"
507,507-LARGO DO MACHADO X SILVESTRE,Fetranspor,299,17535581,"-22.9363","-43.1916"
507,507-LARGO DO MACHADO X SILVESTRE,Fetranspor,300,17535581,"-22.9363","-43.1915"
507,507-LARGO DO MACHADO X SILVESTRE,Fetranspor,301,17535581,"-22.9363","-43.1914"
507,507-LARGO DO MACHADO X SILVESTRE,Fetranspor,302,17535581,"-22.9364","-43.1903"
507,507-LARGO DO MACHADO X SILVESTRE,Fetranspor,303,17535581,"-22.9364","-43.1901"
507,507-LARGO DO MACHADO X SILVESTRE,Fetranspor,304,17535581,"-22.9364","-43.1901"
507,507-LARGO DO MACHADO X SILVESTRE,Fetranspor,305,17535581,"-22.9363","-43.1901"
507,507-LARGO DO MACHADO X SILVESTRE,Fetranspor,306,17535581,"-22.9363","-43.1901"
507,507-LARGO DO MACHADO X SILVESTRE,Fetranspor,307,17535581,"-22.9363","-43.19"
507,507-LARGO DO MACHADO X SILVESTRE,Fetranspor,308,17535581,"-22.9357","-43.1896"
507,507-LARGO DO MACHADO X SILVESTRE,Fetranspor,309,17535581,"-22.9356","-43.1895"
507,507-LARGO DO MACHADO X SILVESTRE,Fetranspor,310,17535581,"-22.9355","-43.1894"
507,507-LARGO DO MACHADO X SILVESTRE,Fetranspor,311,17535581,"-22.9354","-43.1893"
507,507-LARGO DO MACHADO X SILVESTRE,Fetranspor,312,17535581,"-22.9353","-43.189"
507,507-LARGO DO MACHADO X SILVESTRE,Fetranspor,313,17535581,"-22.9352","-43.1889"
507,507-LARGO DO MACHADO X SILVESTRE,Fetranspor,314,17535581,"-22.9352","-43.1889"
507,507-LARGO DO MACHADO X SILVESTRE,Fetranspor,315,17535581,"-22.9352","-43.1887"
507,507-LARGO DO MACHADO X SILVESTRE,Fetranspor,316,17535581,"-22.9352","-43.1887"
507,507-LARGO DO MACHADO X SILVESTRE,Fetranspor,317,17535581,"-22.9352","-43.1887"
507,507-LARGO DO MACHADO X SILVESTRE,Fetranspor,318,17535581,"-22.9351","-43.1886"
507,507-LARGO DO MACHADO X SILVESTRE,Fetranspor,319,17535581,"-22.9349","-43.1883"
507,507-LARGO DO MACHADO X SILVESTRE,Fetranspor,320,17535581,"-22.9345","-43.1875"
507,507-LARGO DO MACHADO X SILVESTRE,Fetranspor,321,17535581,"-22.9345","-43.1875"
507,507-LARGO DO MACHADO X SILVESTRE,Fetranspor,322,17535581,"-22.9346","-43.1873"
507,507-LARGO DO MACHADO X SILVESTRE,Fetranspor,323,17535581,"-22.9353","-43.1866"
507,507-LARGO DO MACHADO X SILVESTRE,Fetranspor,324,17535581,"-22.9354","-43.1865"
507,507-LARGO DO MACHADO X SILVESTRE,Fetranspor,325,17535581,"-22.9354","-43.1865"
507,507-LARGO DO MACHADO X SILVESTRE,Fetranspor,326,17535581,"-22.9352","-43.1862"
507,507-LARGO DO MACHADO X SILVESTRE,Fetranspor,327,17535581,"-22.9352","-43.186"
507,507-LARGO DO MACHADO X SILVESTRE,Fetranspor,328,17535581,"-22.9352","-43.186"
507,507-LARGO DO MACHADO X SILVESTRE,Fetranspor,329,17535581,"-22.9351","-43.1859"
507,507-LARGO DO MACHADO X SILVESTRE,Fetranspor,330,17535581,"-22.935","-43.1858"
507,507-LARGO DO MACHADO X SILVESTRE,Fetranspor,331,17535581,"-22.9346","-43.1849"
507,507-LARGO DO MACHADO X SILVESTRE,Fetranspor,332,17535581,"-22.9344","-43.1845"
507,507-LARGO DO MACHADO X SILVESTRE,Fetranspor,333,17535581,"-22.9344","-43.1844"
507,507-LARGO DO MACHADO X SILVESTRE,Fetranspor,334,17535581,"-22.9344","-43.1844"
507,507-LARGO DO MACHADO X SILVESTRE,Fetranspor,335,17535581,"-22.9343","-43.1843"
507,507-LARGO DO MACHADO X SILVESTRE,Fetranspor,336,17535581,"-22.934","-43.1836"
507,507-LARGO DO MACHADO X SILVESTRE,Fetranspor,337,17535581,"-22.934","-43.1836"
507,507-LARGO DO MACHADO X SILVESTRE,Fetranspor,338,17535581,"-22.9339","-43.1833"
507,507-LARGO DO MACHADO X SILVESTRE,Fetranspor,339,17535581,"-22.9338","-43.183"
507,507-LARGO DO MACHADO X SILVESTRE,Fetranspor,340,17535581,"-22.9337","-43.1828"
507,507-LARGO DO MACHADO X SILVESTRE,Fetranspor,341,17535581,"-22.9337","-43.1828"
507,507-LARGO DO MACHADO X SILVESTRE,Fetranspor,342,17535581,"-22.9337","-43.1827"
507,507-LARGO DO MACHADO X SILVESTRE,Fetranspor,343,17535581,"-22.9334","-43.1816"
507,507-LARGO DO MACHADO X SILVESTRE,Fetranspor,344,17535581,"-22.9333","-43.1813"
507,507-LARGO DO MACHADO X SILVESTRE,Fetranspor,345,17535581,"-22.9333","-43.1813"
507,507-LARGO DO MACHADO X SILVESTRE,Fetranspor,346,17535581,"-22.9332","-43.1809"
507,507-LARGO DO MACHADO X SILVESTRE,Fetranspor,347,17535581,"-22.9332","-43.1809"
507,507-LARGO DO MACHADO X SILVESTRE,Fetranspor,348,17535581,"-22.9331","-43.1804"
507,507-LARGO DO MACHADO X SILVESTRE,Fetranspor,349,17535581,"-22.9329","-43.1792"
507,507-LARGO DO MACHADO X SILVESTRE,Fetranspor,350,17535581,"-22.9329","-43.1792"
507,507-LARGO DO MACHADO X SILVESTRE,Fetranspor,351,17535581,"-22.9328","-43.1789"
507,507-LARGO DO MACHADO X SILVESTRE,Fetranspor,352,17535581,"-22.9328","-43.1789"
507,507-LARGO DO MACHADO X SILVESTRE,Fetranspor,353,17535581,"-22.9328","-43.1787"
507,507-LARGO DO MACHADO X SILVESTRE,Fetranspor,354,17535581,"-22.9327","-43.1778"
507,507-LARGO DO MACHADO X SILVESTRE,Fetranspor,355,17535581,"-22.9327","-43.1778"
507,507-LARGO DO MACHADO X SILVESTRE,Fetranspor,356,17535581,"-22.9328","-43.1777"
507,507-LARGO DO MACHADO X SILVESTRE,Fetranspor,357,17535581,"-22.9328","-43.1777"
507,507-LARGO DO MACHADO X SILVESTRE,Fetranspor,358,17535581,"-22.9329","-43.1777"
507,507-LARGO DO MACHADO X SILVESTRE,Fetranspor,359,17535581,"-22.9329","-43.1776"
507,507-LARGO DO MACHADO X SILVESTRE,Fetranspor,360,17535581,"-22.9329","-43.1776"
507,507-LARGO DO MACHADO X SILVESTRE,Fetranspor,361,17535581,"-22.9329","-43.1776"
507,507-LARGO DO MACHADO X SILVESTRE,Fetranspor,362,17535581,"-22.9328","-43.1775"
507,507-LARGO DO MACHADO X SILVESTRE,Fetranspor,363,17535581,"-22.9328","-43.1775"
507,507-LARGO DO MACHADO X SILVESTRE,Fetranspor,364,17535581,"-22.9328","-43.1774"
507,507-LARGO DO MACHADO X SILVESTRE,Fetranspor,365,17535581,"-22.9328","-43.1774"
507,507-LARGO DO MACHADO X SILVESTRE,Fetranspor,366,17535581,"-22.9327","-43.1774"
507,507-LARGO DO MACHADO X SILVESTRE,Fetranspor,367,17535581,"-22.9326","-43.1774"
507,507-LARGO DO MACHADO X SILVESTRE,Fetranspor,368,17535581,"-22.9326","-43.1774"
507,507-LARGO DO MACHADO X SILVESTRE,Fetranspor,369,17535581,"-22.9326","-43.1775"
507,507-LARGO DO MACHADO X SILVESTRE,Fetranspor,370,17535581,"-22.9325","-43.1775"
507,507-LARGO DO MACHADO X SILVESTRE,Fetranspor,371,17535581,"-22.9325","-43.1775"
507,507-LARGO DO MACHADO X SILVESTRE,Fetranspor,372,17535581,"-22.9322","-43.1776"
507,507-LARGO DO MACHADO X SILVESTRE,Fetranspor,373,17535581,"-22.9322","-43.1776"
507,507-LARGO DO MACHADO X SILVESTRE,Fetranspor,374,17535581,"-22.9315","-43.1776"
507,507-LARGO DO MACHADO X SILVESTRE,Fetranspor,375,17535581,"-22.9313","-43.1776"
507,507-LARGO DO MACHADO X SILVESTRE,Fetranspor,376,17535581,"-22.9313","-43.1776"
507,507-LARGO DO MACHADO X SILVESTRE,Fetranspor,377,17535581,"-22.9311","-43.1776"
507,507-LARGO DO MACHADO X SILVESTRE,Fetranspor,0,17553546,"-22.9311","-43.1776"
507,507-LARGO DO MACHADO X SILVESTRE,Fetranspor,1,17553546,"-22.931","-43.1777"
507,507-LARGO DO MACHADO X SILVESTRE,Fetranspor,2,17553546,"-22.9309","-43.1778"
507,507-LARGO DO MACHADO X SILVESTRE,Fetranspor,3,17553546,"-22.9309","-43.1779"
507,507-LARGO DO MACHADO X SILVESTRE,Fetranspor,4,17553546,"-22.9309","-43.178"
507,507-LARGO DO MACHADO X SILVESTRE,Fetranspor,5,17553546,"-22.9312","-43.1789"
507,507-LARGO DO MACHADO X SILVESTRE,Fetranspor,6,17553546,"-22.9313","-43.1791"
507,507-LARGO DO MACHADO X SILVESTRE,Fetranspor,7,17553546,"-22.9313","-43.1791"
507,507-LARGO DO MACHADO X SILVESTRE,Fetranspor,8,17553546,"-22.9313","-43.1793"
507,507-LARGO DO MACHADO X SILVESTRE,Fetranspor,9,17553546,"-22.9313","-43.1793"
507,507-LARGO DO MACHADO X SILVESTRE,Fetranspor,10,17553546,"-22.9317","-43.1802"
507,507-LARGO DO MACHADO X SILVESTRE,Fetranspor,11,17553546,"-22.9319","-43.181"
507,507-LARGO DO MACHADO X SILVESTRE,Fetranspor,12,17553546,"-22.9322","-43.1817"
507,507-LARGO DO MACHADO X SILVESTRE,Fetranspor,13,17553546,"-22.9322","-43.1817"
507,507-LARGO DO MACHADO X SILVESTRE,Fetranspor,14,17553546,"-22.9323","-43.1822"
507,507-LARGO DO MACHADO X SILVESTRE,Fetranspor,15,17553546,"-22.9323","-43.1822"
507,507-LARGO DO MACHADO X SILVESTRE,Fetranspor,16,17553546,"-22.9327","-43.1833"
507,507-LARGO DO MACHADO X SILVESTRE,Fetranspor,17,17553546,"-22.9328","-43.1837"
507,507-LARGO DO MACHADO X SILVESTRE,Fetranspor,18,17553546,"-22.9328","-43.1837"
507,507-LARGO DO MACHADO X SILVESTRE,Fetranspor,19,17553546,"-22.9329","-43.1838"
507,507-LARGO DO MACHADO X SILVESTRE,Fetranspor,20,17553546,"-22.9329","-43.1839"
507,507-LARGO DO MACHADO X SILVESTRE,Fetranspor,21,17553546,"-22.9329","-43.1839"
507,507-LARGO DO MACHADO X SILVESTRE,Fetranspor,22,17553546,"-22.933","-43.184"
507,507-LARGO DO MACHADO X SILVESTRE,Fetranspor,23,17553546,"-22.9331","-43.1842"
507,507-LARGO DO MACHADO X SILVESTRE,Fetranspor,24,17553546,"-22.9331","-43.1842"
507,507-LARGO DO MACHADO X SILVESTRE,Fetranspor,25,17553546,"-22.9332","-43.1844"
507,507-LARGO DO MACHADO X SILVESTRE,Fetranspor,26,17553546,"-22.9333","-43.1845"
507,507-LARGO DO MACHADO X SILVESTRE,Fetranspor,27,17553546,"-22.9333","-43.1846"
507,507-LARGO DO MACHADO X SILVESTRE,Fetranspor,28,17553546,"-22.9333","-43.1846"
507,507-LARGO DO MACHADO X SILVESTRE,Fetranspor,29,17553546,"-22.9333","-43.1846"
507,507-LARGO DO MACHADO X SILVESTRE,Fetranspor,30,17553546,"-22.9333","-43.1847"
507,507-LARGO DO MACHADO X SILVESTRE,Fetranspor,31,17553546,"-22.9333","-43.1848"
507,507-LARGO DO MACHADO X SILVESTRE,Fetranspor,32,17553546,"-22.9333","-43.1848"
507,507-LARGO DO MACHADO X SILVESTRE,Fetranspor,33,17553546,"-22.9333","-43.185"
507,507-LARGO DO MACHADO X SILVESTRE,Fetranspor,34,17553546,"-22.9333","-43.1853"
507,507-LARGO DO MACHADO X SILVESTRE,Fetranspor,35,17553546,"-22.9333","-43.1853"
507,507-LARGO DO MACHADO X SILVESTRE,Fetranspor,36,17553546,"-22.9334","-43.1855"
507,507-LARGO DO MACHADO X SILVESTRE,Fetranspor,37,17553546,"-22.9334","-43.1856"
507,507-LARGO DO MACHADO X SILVESTRE,Fetranspor,38,17553546,"-22.9334","-43.1856"
507,507-LARGO DO MACHADO X SILVESTRE,Fetranspor,39,17553546,"-22.9334","-43.1857"
507,507-LARGO DO MACHADO X SILVESTRE,Fetranspor,40,17553546,"-22.9335","-43.1859"
507,507-LARGO DO MACHADO X SILVESTRE,Fetranspor,41,17553546,"-22.9336","-43.1861"
507,507-LARGO DO MACHADO X SILVESTRE,Fetranspor,42,17553546,"-22.9338","-43.1864"
507,507-LARGO DO MACHADO X SILVESTRE,Fetranspor,43,17553546,"-22.9338","-43.1864"
507,507-LARGO DO MACHADO X SILVESTRE,Fetranspor,44,17553546,"-22.9341","-43.187"
507,507-LARGO DO MACHADO X SILVESTRE,Fetranspor,45,17553546,"-22.9341","-43.187"
507,507-LARGO DO MACHADO X SILVESTRE,Fetranspor,46,17553546,"-22.9345","-43.1875"
507,507-LARGO DO MACHADO X SILVESTRE,Fetranspor,47,17553546,"-22.9345","-43.1875"
507,507-LARGO DO MACHADO X SILVESTRE,Fetranspor,48,17553546,"-22.9349","-43.1883"
507,507-LARGO DO MACHADO X SILVESTRE,Fetranspor,49,17553546,"-22.9351","-43.1886"
507,507-LARGO DO MACHADO X SILVESTRE,Fetranspor,50,17553546,"-22.9352","-43.1887"
507,507-LARGO DO MACHADO X SILVESTRE,Fetranspor,51,17553546,"-22.9352","-43.1887"
507,507-LARGO DO MACHADO X SILVESTRE,Fetranspor,52,17553546,"-22.9352","-43.1887"
507,507-LARGO DO MACHADO X SILVESTRE,Fetranspor,53,17553546,"-22.9352","-43.1889"
507,507-LARGO DO MACHADO X SILVESTRE,Fetranspor,54,17553546,"-22.9352","-43.1889"
507,507-LARGO DO MACHADO X SILVESTRE,Fetranspor,55,17553546,"-22.9353","-43.189"
507,507-LARGO DO MACHADO X SILVESTRE,Fetranspor,56,17553546,"-22.9354","-43.1893"
507,507-LARGO DO MACHADO X SILVESTRE,Fetranspor,57,17553546,"-22.9355","-43.1894"
507,507-LARGO DO MACHADO X SILVESTRE,Fetranspor,58,17553546,"-22.9356","-43.1895"
507,507-LARGO DO MACHADO X SILVESTRE,Fetranspor,59,17553546,"-22.9357","-43.1896"
507,507-LARGO DO MACHADO X SILVESTRE,Fetranspor,60,17553546,"-22.9363","-43.19"
507,507-LARGO DO MACHADO X SILVESTRE,Fetranspor,61,17553546,"-22.9363","-43.1901"
507,507-LARGO DO MACHADO X SILVESTRE,Fetranspor,62,17553546,"-22.9363","-43.1901"
507,507-LARGO DO MACHADO X SILVESTRE,Fetranspor,63,17553546,"-22.9363","-43.1902"
507,507-LARGO DO MACHADO X SILVESTRE,Fetranspor,64,17553546,"-22.9363","-43.1902"
507,507-LARGO DO MACHADO X SILVESTRE,Fetranspor,65,17553546,"-22.9363","-43.1903"
507,507-LARGO DO MACHADO X SILVESTRE,Fetranspor,66,17553546,"-22.936","-43.1907"
507,507-LARGO DO MACHADO X SILVESTRE,Fetranspor,67,17553546,"-22.9359","-43.1908"
507,507-LARGO DO MACHADO X SILVESTRE,Fetranspor,68,17553546,"-22.9358","-43.1911"
507,507-LARGO DO MACHADO X SILVESTRE,Fetranspor,69,17553546,"-22.9353","-43.1922"
507,507-LARGO DO MACHADO X SILVESTRE,Fetranspor,70,17553546,"-22.9353","-43.1924"
507,507-LARGO DO MACHADO X SILVESTRE,Fetranspor,71,17553546,"-22.9352","-43.1928"
507,507-LARGO DO MACHADO X SILVESTRE,Fetranspor,72,17553546,"-22.9352","-43.1929"
507,507-LARGO DO MACHADO X SILVESTRE,Fetranspor,73,17553546,"-22.9352","-43.193"
507,507-LARGO DO MACHADO X SILVESTRE,Fetranspor,74,17553546,"-22.9352","-43.1931"
507,507-LARGO DO MACHADO X SILVESTRE,Fetranspor,75,17553546,"-22.9352","-43.1931"
507,507-LARGO DO MACHADO X SILVESTRE,Fetranspor,76,17553546,"-22.9353","-43.1931"
507,507-LARGO DO MACHADO X SILVESTRE,Fetranspor,77,17553546,"-22.9353","-43.1932"
507,507-LARGO DO MACHADO X SILVESTRE,Fetranspor,78,17553546,"-22.9353","-43.1932"
507,507-LARGO DO MACHADO X SILVESTRE,Fetranspor,79,17553546,"-22.9354","-43.1931"
507,507-LARGO DO MACHADO X SILVESTRE,Fetranspor,80,17553546,"-22.9354","-43.1931"
507,507-LARGO DO MACHADO X SILVESTRE,Fetranspor,81,17553546,"-22.9354","-43.1931"
507,507-LARGO DO MACHADO X SILVESTRE,Fetranspor,82,17553546,"-22.9354","-43.1931"
507,507-LARGO DO MACHADO X SILVESTRE,Fetranspor,83,17553546,"-22.9354","-43.1928"
507,507-LARGO DO MACHADO X SILVESTRE,Fetranspor,84,17553546,"-22.9354","-43.1927"
507,507-LARGO DO MACHADO X SILVESTRE,Fetranspor,85,17553546,"-22.9354","-43.1927"
507,507-LARGO DO MACHADO X SILVESTRE,Fetranspor,86,17553546,"-22.9354","-43.1926"
507,507-LARGO DO MACHADO X SILVESTRE,Fetranspor,87,17553546,"-22.9355","-43.1926"
507,507-LARGO DO MACHADO X SILVESTRE,Fetranspor,88,17553546,"-22.9355","-43.1926"
507,507-LARGO DO MACHADO X SILVESTRE,Fetranspor,89,17553546,"-22.9355","-43.1926"
507,507-LARGO DO MACHADO X SILVESTRE,Fetranspor,90,17553546,"-22.9356","-43.1926"
507,507-LARGO DO MACHADO X SILVESTRE,Fetranspor,91,17553546,"-22.9356","-43.1926"
507,507-LARGO DO MACHADO X SILVESTRE,Fetranspor,92,17553546,"-22.9356","-43.1926"
507,507-LARGO DO MACHADO X SILVESTRE,Fetranspor,93,17553546,"-22.9357","-43.1927"
507,507-LARGO DO MACHADO X SILVESTRE,Fetranspor,94,17553546,"-22.9357","-43.1928"
507,507-LARGO DO MACHADO X SILVESTRE,Fetranspor,95,17553546,"-22.9355","-43.1931"
507,507-LARGO DO MACHADO X SILVESTRE,Fetranspor,96,17553546,"-22.9355","-43.1934"
507,507-LARGO DO MACHADO X SILVESTRE,Fetranspor,97,17553546,"-22.9355","-43.1935"
507,507-LARGO DO MACHADO X SILVESTRE,Fetranspor,98,17553546,"-22.9355","-43.1936"
507,507-LARGO DO MACHADO X SILVESTRE,Fetranspor,99,17553546,"-22.9356","-43.1937"
507,507-LARGO DO MACHADO X SILVESTRE,Fetranspor,100,17553546,"-22.9357","-43.1939"
507,507-LARGO DO MACHADO X SILVESTRE,Fetranspor,101,17553546,"-22.9357","-43.1939"
507,507-LARGO DO MACHADO X SILVESTRE,Fetranspor,102,17553546,"-22.9357","-43.1939"
507,507-LARGO DO MACHADO X SILVESTRE,Fetranspor,103,17553546,"-22.9357","-43.194"
507,507-LARGO DO MACHADO X SILVESTRE,Fetranspor,104,17553546,"-22.9357","-43.194"
507,507-LARGO DO MACHADO X SILVESTRE,Fetranspor,105,17553546,"-22.9357","-43.194"
507,507-LARGO DO MACHADO X SILVESTRE,Fetranspor,106,17553546,"-22.9357","-43.194"
507,507-LARGO DO MACHADO X SILVESTRE,Fetranspor,107,17553546,"-22.9357","-43.1941"
507,507-LARGO DO MACHADO X SILVESTRE,Fetranspor,108,17553546,"-22.9356","-43.1941"
507,507-LARGO DO MACHADO X SILVESTRE,Fetranspor,109,17553546,"-22.9356","-43.194"
507,507-LARGO DO MACHADO X SILVESTRE,Fetranspor,110,17553546,"-22.9356","-43.194"
507,507-LARGO DO MACHADO X SILVESTRE,Fetranspor,111,17553546,"-22.9355","-43.1938"
507,507-LARGO DO MACHADO X SILVESTRE,Fetranspor,112,17553546,"-22.9354","-43.1937"
507,507-LARGO DO MACHADO X SILVESTRE,Fetranspor,113,17553546,"-22.9353","-43.1936"
507,507-LARGO DO MACHADO X SILVESTRE,Fetranspor,114,17553546,"-22.9352","-43.1934"
507,507-LARGO DO MACHADO X SILVESTRE,Fetranspor,115,17553546,"-22.935","-43.1932"
507,507-LARGO DO MACHADO X SILVESTRE,Fetranspor,116,17553546,"-22.9349","-43.1931"
507,507-LARGO DO MACHADO X SILVESTRE,Fetranspor,117,17553546,"-22.9348","-43.193"
507,507-LARGO DO MACHADO X SILVESTRE,Fetranspor,118,17553546,"-22.9347","-43.1929"
507,507-LARGO DO MACHADO X SILVESTRE,Fetranspor,119,17553546,"-22.9347","-43.1927"
507,507-LARGO DO MACHADO X SILVESTRE,Fetranspor,120,17553546,"-22.9346","-43.1926"
507,507-LARGO DO MACHADO X SILVESTRE,Fetranspor,121,17553546,"-22.9346","-43.1924"
507,507-LARGO DO MACHADO X SILVESTRE,Fetranspor,122,17553546,"-22.9346","-43.1923"
507,507-LARGO DO MACHADO X SILVESTRE,Fetranspor,123,17553546,"-22.9346","-43.1923"
507,507-LARGO DO MACHADO X SILVESTRE,Fetranspor,124,17553546,"-22.9347","-43.192"
507,507-LARGO DO MACHADO X SILVESTRE,Fetranspor,125,17553546,"-22.9347","-43.1918"
507,507-LARGO DO MACHADO X SILVESTRE,Fetranspor,126,17553546,"-22.9348","-43.1916"
507,507-LARGO DO MACHADO X SILVESTRE,Fetranspor,127,17553546,"-22.9347","-43.1914"
507,507-LARGO DO MACHADO X SILVESTRE,Fetranspor,128,17553546,"-22.9347","-43.1912"
507,507-LARGO DO MACHADO X SILVESTRE,Fetranspor,129,17553546,"-22.9347","-43.1912"
507,507-LARGO DO MACHADO X SILVESTRE,Fetranspor,130,17553546,"-22.9347","-43.1912"
507,507-LARGO DO MACHADO X SILVESTRE,Fetranspor,131,17553546,"-22.9346","-43.1912"
507,507-LARGO DO MACHADO X SILVESTRE,Fetranspor,132,17553546,"-22.9346","-43.1912"
507,507-LARGO DO MACHADO X SILVESTRE,Fetranspor,133,17553546,"-22.9346","-43.1913"
507,507-LARGO DO MACHADO X SILVESTRE,Fetranspor,134,17553546,"-22.9346","-43.1915"
507,507-LARGO DO MACHADO X SILVESTRE,Fetranspor,135,17553546,"-22.9346","-43.1916"
507,507-LARGO DO MACHADO X SILVESTRE,Fetranspor,136,17553546,"-22.9346","-43.1917"
507,507-LARGO DO MACHADO X SILVESTRE,Fetranspor,137,17553546,"-22.9346","-43.1918"
507,507-LARGO DO MACHADO X SILVESTRE,Fetranspor,138,17553546,"-22.9344","-43.1925"
507,507-LARGO DO MACHADO X SILVESTRE,Fetranspor,139,17553546,"-22.9344","-43.1926"
507,507-LARGO DO MACHADO X SILVESTRE,Fetranspor,140,17553546,"-22.9344","-43.1927"
507,507-LARGO DO MACHADO X SILVESTRE,Fetranspor,141,17553546,"-22.9344","-43.1929"
507,507-LARGO DO MACHADO X SILVESTRE,Fetranspor,142,17553546,"-22.9345","-43.1931"
507,507-LARGO DO MACHADO X SILVESTRE,Fetranspor,143,17553546,"-22.9345","-43.1932"
507,507-LARGO DO MACHADO X SILVESTRE,Fetranspor,144,17553546,"-22.9346","-43.1934"
507,507-LARGO DO MACHADO X SILVESTRE,Fetranspor,145,17553546,"-22.9349","-43.1938"
507,507-LARGO DO MACHADO X SILVESTRE,Fetranspor,146,17553546,"-22.9351","-43.194"
507,507-LARGO DO MACHADO X SILVESTRE,Fetranspor,147,17553546,"-22.9354","-43.1946"
507,507-LARGO DO MACHADO X SILVESTRE,Fetranspor,148,17553546,"-22.9355","-43.1948"
507,507-LARGO DO MACHADO X SILVESTRE,Fetranspor,149,17553546,"-22.9356","-43.1949"
507,507-LARGO DO MACHADO X SILVESTRE,Fetranspor,150,17553546,"-22.9356","-43.1949"
507,507-LARGO DO MACHADO X SILVESTRE,Fetranspor,151,17553546,"-22.9357","-43.195"
507,507-LARGO DO MACHADO X SILVESTRE,Fetranspor,152,17553546,"-22.9357","-43.195"
507,507-LARGO DO MACHADO X SILVESTRE,Fetranspor,153,17553546,"-22.9358","-43.195"
507,507-LARGO DO MACHADO X SILVESTRE,Fetranspor,154,17553546,"-22.9358","-43.195"
507,507-LARGO DO MACHADO X SILVESTRE,Fetranspor,155,17553546,"-22.9359","-43.1949"
507,507-LARGO DO MACHADO X SILVESTRE,Fetranspor,156,17553546,"-22.936","-43.1947"
507,507-LARGO DO MACHADO X SILVESTRE,Fetranspor,157,17553546,"-22.936","-43.1947"
507,507-LARGO DO MACHADO X SILVESTRE,Fetranspor,158,17553546,"-22.9361","-43.1946"
507,507-LARGO DO MACHADO X SILVESTRE,Fetranspor,159,17553546,"-22.9361","-43.1946"
507,507-LARGO DO MACHADO X SILVESTRE,Fetranspor,160,17553546,"-22.9362","-43.1946"
507,507-LARGO DO MACHADO X SILVESTRE,Fetranspor,161,17553546,"-22.9363","-43.1947"
507,507-LARGO DO MACHADO X SILVESTRE,Fetranspor,162,17553546,"-22.9363","-43.1947"
507,507-LARGO DO MACHADO X SILVESTRE,Fetranspor,163,17553546,"-22.9364","-43.1948"
507,507-LARGO DO MACHADO X SILVESTRE,Fetranspor,164,17553546,"-22.9364","-43.1951"
507,507-LARGO DO MACHADO X SILVESTRE,Fetranspor,165,17553546,"-22.9368","-43.1968"
507,507-LARGO DO MACHADO X SILVESTRE,Fetranspor,166,17553546,"-22.9368","-43.1969"
507,507-LARGO DO MACHADO X SILVESTRE,Fetranspor,167,17553546,"-22.9368","-43.197"
507,507-LARGO DO MACHADO X SILVESTRE,Fetranspor,168,17553546,"-22.9368","-43.1972"
507,507-LARGO DO MACHADO X SILVESTRE,Fetranspor,169,17553546,"-22.9368","-43.1974"
507,507-LARGO DO MACHADO X SILVESTRE,Fetranspor,170,17553546,"-22.9368","-43.1975"
507,507-LARGO DO MACHADO X SILVESTRE,Fetranspor,171,17553546,"-22.9365","-43.1979"
507,507-LARGO DO MACHADO X SILVESTRE,Fetranspor,172,17553546,"-22.9365","-43.198"
507,507-LARGO DO MACHADO X SILVESTRE,Fetranspor,173,17553546,"-22.9365","-43.198"
507,507-LARGO DO MACHADO X SILVESTRE,Fetranspor,174,17553546,"-22.9365","-43.1983"
507,507-LARGO DO MACHADO X SILVESTRE,Fetranspor,175,17553546,"-22.9365","-43.1991"
507,507-LARGO DO MACHADO X SILVESTRE,Fetranspor,176,17553546,"-22.9365","-43.1991"
507,507-LARGO DO MACHADO X SILVESTRE,Fetranspor,177,17553546,"-22.9365","-43.1991"
507,507-LARGO DO MACHADO X SILVESTRE,Fetranspor,178,17553546,"-22.9363","-43.1993"
507,507-LARGO DO MACHADO X SILVESTRE,Fetranspor,179,17553546,"-22.9363","-43.1993"
507,507-LARGO DO MACHADO X SILVESTRE,Fetranspor,180,17553546,"-22.9362","-43.1993"
507,507-LARGO DO MACHADO X SILVESTRE,Fetranspor,181,17553546,"-22.9362","-43.1992"
507,507-LARGO DO MACHADO X SILVESTRE,Fetranspor,182,17553546,"-22.9362","-43.1992"
507,507-LARGO DO MACHADO X SILVESTRE,Fetranspor,183,17553546,"-22.9361","-43.1986"
507,507-LARGO DO MACHADO X SILVESTRE,Fetranspor,184,17553546,"-22.9361","-43.1985"
507,507-LARGO DO MACHADO X SILVESTRE,Fetranspor,185,17553546,"-22.936","-43.1982"
507,507-LARGO DO MACHADO X SILVESTRE,Fetranspor,186,17553546,"-22.9359","-43.198"
507,507-LARGO DO MACHADO X SILVESTRE,Fetranspor,187,17553546,"-22.9359","-43.198"
507,507-LARGO DO MACHADO X SILVESTRE,Fetranspor,188,17553546,"-22.936","-43.1978"
507,507-LARGO DO MACHADO X SILVESTRE,Fetranspor,189,17553546,"-22.936","-43.1977"
507,507-LARGO DO MACHADO X SILVESTRE,Fetranspor,190,17553546,"-22.9363","-43.1975"
507,507-LARGO DO MACHADO X SILVESTRE,Fetranspor,191,17553546,"-22.9364","-43.1974"
507,507-LARGO DO MACHADO X SILVESTRE,Fetranspor,192,17553546,"-22.9364","-43.1973"
507,507-LARGO DO MACHADO X SILVESTRE,Fetranspor,193,17553546,"-22.9364","-43.1972"
507,507-LARGO DO MACHADO X SILVESTRE,Fetranspor,194,17553546,"-22.9364","-43.1971"
507,507-LARGO DO MACHADO X SILVESTRE,Fetranspor,195,17553546,"-22.9364","-43.197"
507,507-LARGO DO MACHADO X SILVESTRE,Fetranspor,196,17553546,"-22.9364","-43.1969"
507,507-LARGO DO MACHADO X SILVESTRE,Fetranspor,197,17553546,"-22.9364","-43.1968"
507,507-LARGO DO MACHADO X SILVESTRE,Fetranspor,198,17553546,"-22.9363","-43.1967"
507,507-LARGO DO MACHADO X SILVESTRE,Fetranspor,199,17553546,"-22.9361","-43.196"
507,507-LARGO DO MACHADO X SILVESTRE,Fetranspor,200,17553546,"-22.936","-43.196"
507,507-LARGO DO MACHADO X SILVESTRE,Fetranspor,201,17553546,"-22.936","-43.196"
507,507-LARGO DO MACHADO X SILVESTRE,Fetranspor,202,17553546,"-22.936","-43.1959"
507,507-LARGO DO MACHADO X SILVESTRE,Fetranspor,203,17553546,"-22.9359","-43.1959"
507,507-LARGO DO MACHADO X SILVESTRE,Fetranspor,204,17553546,"-22.9359","-43.196"
507,507-LARGO DO MACHADO X SILVESTRE,Fetranspor,205,17553546,"-22.9357","-43.1961"
507,507-LARGO DO MACHADO X SILVESTRE,Fetranspor,206,17553546,"-22.9357","-43.1961"
507,507-LARGO DO MACHADO X SILVESTRE,Fetranspor,207,17553546,"-22.9356","-43.1961"
507,507-LARGO DO MACHADO X SILVESTRE,Fetranspor,208,17553546,"-22.9354","-43.196"
507,507-LARGO DO MACHADO X SILVESTRE,Fetranspor,209,17553546,"-22.9353","-43.196"
507,507-LARGO DO MACHADO X SILVESTRE,Fetranspor,210,17553546,"-22.9353","-43.196"
507,507-LARGO DO MACHADO X SILVESTRE,Fetranspor,211,17553546,"-22.9351","-43.1961"
507,507-LARGO DO MACHADO X SILVESTRE,Fetranspor,212,17553546,"-22.935","-43.1961"
507,507-LARGO DO MACHADO X SILVESTRE,Fetranspor,213,17553546,"-22.935","-43.196"
507,507-LARGO DO MACHADO X SILVESTRE,Fetranspor,214,17553546,"-22.935","-43.196"
507,507-LARGO DO MACHADO X SILVESTRE,Fetranspor,215,17553546,"-22.9344","-43.1954"
507,507-LARGO DO MACHADO X SILVESTRE,Fetranspor,216,17553546,"-22.9341","-43.1951"
507,507-LARGO DO MACHADO X SILVESTRE,Fetranspor,217,17553546,"-22.934","-43.195"
507,507-LARGO DO MACHADO X SILVESTRE,Fetranspor,218,17553546,"-22.9339","-43.1948"
507,507-LARGO DO MACHADO X SILVESTRE,Fetranspor,219,17553546,"-22.9338","-43.1947"
507,507-LARGO DO MACHADO X SILVESTRE,Fetranspor,220,17553546,"-22.9337","-43.1945"
507,507-LARGO DO MACHADO X SILVESTRE,Fetranspor,221,17553546,"-22.9337","-43.1944"
507,507-LARGO DO MACHADO X SILVESTRE,Fetranspor,222,17553546,"-22.9336","-43.1944"
507,507-LARGO DO MACHADO X SILVESTRE,Fetranspor,223,17553546,"-22.9336","-43.1944"
507,507-LARGO DO MACHADO X SILVESTRE,Fetranspor,224,17553546,"-22.9336","-43.1944"
507,507-LARGO DO MACHADO X SILVESTRE,Fetranspor,225,17553546,"-22.9336","-43.1945"
507,507-LARGO DO MACHADO X SILVESTRE,Fetranspor,226,17553546,"-22.9336","-43.1947"
507,507-LARGO DO MACHADO X SILVESTRE,Fetranspor,227,17553546,"-22.9337","-43.1949"
507,507-LARGO DO MACHADO X SILVESTRE,Fetranspor,228,17553546,"-22.9338","-43.1951"
507,507-LARGO DO MACHADO X SILVESTRE,Fetranspor,229,17553546,"-22.9339","-43.1952"
507,507-LARGO DO MACHADO X SILVESTRE,Fetranspor,230,17553546,"-22.934","-43.1953"
507,507-LARGO DO MACHADO X SILVESTRE,Fetranspor,231,17553546,"-22.9341","-43.1956"
507,507-LARGO DO MACHADO X SILVESTRE,Fetranspor,232,17553546,"-22.9342","-43.1957"
507,507-LARGO DO MACHADO X SILVESTRE,Fetranspor,233,17553546,"-22.9343","-43.1962"
507,507-LARGO DO MACHADO X SILVESTRE,Fetranspor,234,17553546,"-22.9343","-43.1962"
507,507-LARGO DO MACHADO X SILVESTRE,Fetranspor,235,17553546,"-22.9346","-43.1964"
507,507-LARGO DO MACHADO X SILVESTRE,Fetranspor,236,17553546,"-22.9348","-43.1967"
507,507-LARGO DO MACHADO X SILVESTRE,Fetranspor,237,17553546,"-22.9349","-43.1967"
507,507-LARGO DO MACHADO X SILVESTRE,Fetranspor,238,17553546,"-22.9351","-43.1968"
507,507-LARGO DO MACHADO X SILVESTRE,Fetranspor,239,17553546,"-22.9352","-43.1969"
507,507-LARGO DO MACHADO X SILVESTRE,Fetranspor,240,17553546,"-22.9352","-43.1969"
507,507-LARGO DO MACHADO X SILVESTRE,Fetranspor,241,17553546,"-22.9352","-43.197"
507,507-LARGO DO MACHADO X SILVESTRE,Fetranspor,242,17553546,"-22.9351","-43.197"
507,507-LARGO DO MACHADO X SILVESTRE,Fetranspor,243,17553546,"-22.9348","-43.1972"
507,507-LARGO DO MACHADO X SILVESTRE,Fetranspor,244,17553546,"-22.9347","-43.1972"
507,507-LARGO DO MACHADO X SILVESTRE,Fetranspor,245,17553546,"-22.9347","-43.1972"
507,507-LARGO DO MACHADO X SILVESTRE,Fetranspor,246,17553546,"-22.9347","-43.1973"
507,507-LARGO DO MACHADO X SILVESTRE,Fetranspor,247,17553546,"-22.9347","-43.1984"
507,507-LARGO DO MACHADO X SILVESTRE,Fetranspor,248,17553546,"-22.9348","-43.1988"
507,507-LARGO DO MACHADO X SILVESTRE,Fetranspor,249,17553546,"-22.9348","-43.1989"
507,507-LARGO DO MACHADO X SILVESTRE,Fetranspor,250,17553546,"-22.9348","-43.199"
507,507-LARGO DO MACHADO X SILVESTRE,Fetranspor,251,17553546,"-22.9348","-43.1992"
507,507-LARGO DO MACHADO X SILVESTRE,Fetranspor,252,17553546,"-22.9348","-43.1993"
507,507-LARGO DO MACHADO X SILVESTRE,Fetranspor,253,17553546,"-22.9346","-43.1997"
507,507-LARGO DO MACHADO X SILVESTRE,Fetranspor,254,17553546,"-22.9346","-43.1997"
507,507-LARGO DO MACHADO X SILVESTRE,Fetranspor,255,17553546,"-22.9347","-43.1998"
507,507-LARGO DO MACHADO X SILVESTRE,Fetranspor,256,17553546,"-22.9347","-43.1999"
507,507-LARGO DO MACHADO X SILVESTRE,Fetranspor,257,17553546,"-22.9348","-43.2002"
507,507-LARGO DO MACHADO X SILVESTRE,Fetranspor,258,17553546,"-22.9349","-43.2007"
507,507-LARGO DO MACHADO X SILVESTRE,Fetranspor,259,17553546,"-22.9351","-43.2012"
507,507-LARGO DO MACHADO X SILVESTRE,Fetranspor,260,17553546,"-22.9351","-43.2012"
507,507-LARGO DO MACHADO X SILVESTRE,Fetranspor,261,17553546,"-22.9351","-43.2015"
507,507-LARGO DO MACHADO X SILVESTRE,Fetranspor,262,17553546,"-22.9352","-43.2019"
507,507-LARGO DO MACHADO X SILVESTRE,Fetranspor,263,17553546,"-22.9353","-43.2024"
507,507-LARGO DO MACHADO X SILVESTRE,Fetranspor,264,17553546,"-22.9354","-43.2026"
507,507-LARGO DO MACHADO X SILVESTRE,Fetranspor,265,17553546,"-22.9354","-43.2028"
507,507-LARGO DO MACHADO X SILVESTRE,Fetranspor,266,17553546,"-22.9355","-43.2029"
507,507-LARGO DO MACHADO X SILVESTRE,Fetranspor,267,17553546,"-22.9357","-43.2032"
507,507-LARGO DO MACHADO X SILVESTRE,Fetranspor,268,17553546,"-22.9357","-43.2032"
507,507-LARGO DO MACHADO X SILVESTRE,Fetranspor,269,17553546,"-22.9359","-43.2035"
507,507-LARGO DO MACHADO X SILVESTRE,Fetranspor,270,17553546,"-22.936","-43.2036"
507,507-LARGO DO MACHADO X SILVESTRE,Fetranspor,271,17553546,"-22.9362","-43.2038"
507,507-LARGO DO MACHADO X SILVESTRE,Fetranspor,272,17553546,"-22.9363","-43.2039"
507,507-LARGO DO MACHADO X SILVESTRE,Fetranspor,273,17553546,"-22.9364","-43.204"
507,507-LARGO DO MACHADO X SILVESTRE,Fetranspor,274,17553546,"-22.9365","-43.204"
507,507-LARGO DO MACHADO X SILVESTRE,Fetranspor,275,17553546,"-22.9366","-43.204"
507,507-LARGO DO MACHADO X SILVESTRE,Fetranspor,276,17553546,"-22.9366","-43.204"
507,507-LARGO DO MACHADO X SILVESTRE,Fetranspor,277,17553546,"-22.9367","-43.204"
507,507-LARGO DO MACHADO X SILVESTRE,Fetranspor,278,17553546,"-22.9367","-43.2039"
507,507-LARGO DO MACHADO X SILVESTRE,Fetranspor,279,17553546,"-22.9368","-43.2039"
507,507-LARGO DO MACHADO X SILVESTRE,Fetranspor,280,17553546,"-22.9369","-43.2036"
507,507-LARGO DO MACHADO X SILVESTRE,Fetranspor,281,17553546,"-22.9369","-43.2036"
507,507-LARGO DO MACHADO X SILVESTRE,Fetranspor,282,17553546,"-22.9369","-43.2035"
507,507-LARGO DO MACHADO X SILVESTRE,Fetranspor,283,17553546,"-22.937","-43.2035"
507,507-LARGO DO MACHADO X SILVESTRE,Fetranspor,284,17553546,"-22.9371","-43.2035"
507,507-LARGO DO MACHADO X SILVESTRE,Fetranspor,285,17553546,"-22.9371","-43.2035"
507,507-LARGO DO MACHADO X SILVESTRE,Fetranspor,286,17553546,"-22.9372","-43.2035"
507,507-LARGO DO MACHADO X SILVESTRE,Fetranspor,287,17553546,"-22.9373","-43.2036"
507,507-LARGO DO MACHADO X SILVESTRE,Fetranspor,288,17553546,"-22.9373","-43.2037"
507,507-LARGO DO MACHADO X SILVESTRE,Fetranspor,289,17553546,"-22.9374","-43.2039"
507,507-LARGO DO MACHADO X SILVESTRE,Fetranspor,290,17553546,"-22.9375","-43.2041"
507,507-LARGO DO MACHADO X SILVESTRE,Fetranspor,291,17553546,"-22.9375","-43.2043"
507,507-LARGO DO MACHADO X SILVESTRE,Fetranspor,292,17553546,"-22.9375","-43.2044"
507,507-LARGO DO MACHADO X SILVESTRE,Fetranspor,293,17553546,"-22.9376","-43.2047"
507,507-LARGO DO MACHADO X SILVESTRE,Fetranspor,294,17553546,"-22.9376","-43.205"
507,507-LARGO DO MACHADO X SILVESTRE,Fetranspor,295,17553546,"-22.9377","-43.2054"
507,507-LARGO DO MACHADO X SILVESTRE,Fetranspor,296,17553546,"-22.9377","-43.2054"
507,507-LARGO DO MACHADO X SILVESTRE,Fetranspor,297,17553546,"-22.9377","-43.2058"
507,507-LARGO DO MACHADO X SILVESTRE,Fetranspor,298,17553546,"-22.9378","-43.206"
507,507-LARGO DO MACHADO X SILVESTRE,Fetranspor,299,17553546,"-22.9379","-43.2062"
507,507-LARGO DO MACHADO X SILVESTRE,Fetranspor,300,17553546,"-22.938","-43.2064"
507,507-LARGO DO MACHADO X SILVESTRE,Fetranspor,301,17553546,"-22.9381","-43.2066"
507,507-LARGO DO MACHADO X SILVESTRE,Fetranspor,302,17553546,"-22.9382","-43.2067"
507,507-LARGO DO MACHADO X SILVESTRE,Fetranspor,303,17553546,"-22.9383","-43.2068"
507,507-LARGO DO MACHADO X SILVESTRE,Fetranspor,304,17553546,"-22.9383","-43.2068"
507,507-LARGO DO MACHADO X SILVESTRE,Fetranspor,305,17553546,"-22.9384","-43.2071"
507,507-LARGO DO MACHADO X SILVESTRE,Fetranspor,306,17553546,"-22.9387","-43.2077"
507,507-LARGO DO MACHADO X SILVESTRE,Fetranspor,307,17553546,"-22.9389","-43.2082"
507,507-LARGO DO MACHADO X SILVESTRE,Fetranspor,308,17553546,"-22.939","-43.2085"
507,507-LARGO DO MACHADO X SILVESTRE,Fetranspor,309,17553546,"-22.9391","-43.2088"
507,507-LARGO DO MACHADO X SILVESTRE,Fetranspor,310,17553546,"-22.9392","-43.2089"
507,507-LARGO DO MACHADO X SILVESTRE,Fetranspor,311,17553546,"-22.9393","-43.2093"
507,507-LARGO DO MACHADO X SILVESTRE,Fetranspor,312,17553546,"-22.9394","-43.2095"
507,507-LARGO DO MACHADO X SILVESTRE,Fetranspor,313,17553546,"-22.9394","-43.2096"
507,507-LARGO DO MACHADO X SILVESTRE,Fetranspor,314,17553546,"-22.9402","-43.21"
507,507-LARGO DO MACHADO X SILVESTRE,Fetranspor,315,17553546,"-22.9409","-43.2103"
507,507-LARGO DO MACHADO X SILVESTRE,Fetranspor,316,17553546,"-22.9411","-43.2103"
507,507-LARGO DO MACHADO X SILVESTRE,Fetranspor,317,17553546,"-22.9413","-43.2101"
507,507-LARGO DO MACHADO X SILVESTRE,Fetranspor,318,17553546,"-22.9416","-43.2099"
507,507-LARGO DO MACHADO X SILVESTRE,Fetranspor,319,17553546,"-22.9419","-43.2099"
507,507-LARGO DO MACHADO X SILVESTRE,Fetranspor,320,17553546,"-22.942","-43.2098"
507,507-LARGO DO MACHADO X SILVESTRE,Fetranspor,321,17553546,"-22.9421","-43.2095"
507,507-LARGO DO MACHADO X SILVESTRE,Fetranspor,322,17553546,"-22.9421","-43.2093"
507,507-LARGO DO MACHADO X SILVESTRE,Fetranspor,323,17553546,"-22.9423","-43.2085"
507,507-LARGO DO MACHADO X SILVESTRE,Fetranspor,324,17553546,"-22.9423","-43.208"
507,507-LARGO DO MACHADO X SILVESTRE,Fetranspor,325,17553546,"-22.9423","-43.2079"
507,507-LARGO DO MACHADO X SILVESTRE,Fetranspor,326,17553546,"-22.9424","-43.2079"
507,507-LARGO DO MACHADO X SILVESTRE,Fetranspor,327,17553546,"-22.9428","-43.2077"
507,507-LARGO DO MACHADO X SILVESTRE,Fetranspor,328,17553546,"-22.9428","-43.2077"
507,507-LARGO DO MACHADO X SILVESTRE,Fetranspor,329,17553546,"-22.9429","-43.2079"
507,507-LARGO DO MACHADO X SILVESTRE,Fetranspor,330,17553546,"-22.9431","-43.2082"
507,507-LARGO DO MACHADO X SILVESTRE,Fetranspor,331,17553546,"-22.9433","-43.2084"
507,507-LARGO DO MACHADO X SILVESTRE,Fetranspor,332,17553546,"-22.9434","-43.2085"
507,507-LARGO DO MACHADO X SILVESTRE,Fetranspor,333,17553546,"-22.9435","-43.2086"
507,507-LARGO DO MACHADO X SILVESTRE,Fetranspor,334,17553546,"-22.9436","-43.2086"
507,507-LARGO DO MACHADO X SILVESTRE,Fetranspor,335,17553546,"-22.9437","-43.2085"
507,507-LARGO DO MACHADO X SILVESTRE,Fetranspor,336,17553546,"-22.9439","-43.2084"
507,507-LARGO DO MACHADO X SILVESTRE,Fetranspor,337,17553546,"-22.9439","-43.2083"
507,507-LARGO DO MACHADO X SILVESTRE,Fetranspor,338,17553546,"-22.9441","-43.208"
507,507-LARGO DO MACHADO X SILVESTRE,Fetranspor,339,17553546,"-22.9441","-43.2079"
507,507-LARGO DO MACHADO X SILVESTRE,Fetranspor,340,17553546,"-22.9441","-43.2079"
507,507-LARGO DO MACHADO X SILVESTRE,Fetranspor,341,17553546,"-22.9442","-43.2079"
507,507-LARGO DO MACHADO X SILVESTRE,Fetranspor,342,17553546,"-22.9443","-43.2078"
507,507-LARGO DO MACHADO X SILVESTRE,Fetranspor,343,17553546,"-22.9444","-43.2079"
507,507-LARGO DO MACHADO X SILVESTRE,Fetranspor,344,17553546,"-22.9447","-43.208"
507,507-LARGO DO MACHADO X SILVESTRE,Fetranspor,345,17553546,"-22.9447","-43.208"
507,507-LARGO DO MACHADO X SILVESTRE,Fetranspor,346,17553546,"-22.9448","-43.2081"
507,507-LARGO DO MACHADO X SILVESTRE,Fetranspor,347,17553546,"-22.9449","-43.2081"
507,507-LARGO DO MACHADO X SILVESTRE,Fetranspor,348,17553546,"-22.945","-43.2082"
507,507-LARGO DO MACHADO X SILVESTRE,Fetranspor,349,17553546,"-22.9452","-43.2084"
507,507-LARGO DO MACHADO X SILVESTRE,Fetranspor,350,17553546,"-22.9452","-43.2084"
507,507-LARGO DO MACHADO X SILVESTRE,Fetranspor,351,17553546,"-22.9453","-43.2084"
507,507-LARGO DO MACHADO X SILVESTRE,Fetranspor,352,17553546,"-22.9454","-43.2084"
507,507-LARGO DO MACHADO X SILVESTRE,Fetranspor,353,17553546,"-22.9454","-43.2084"
507,507-LARGO DO MACHADO X SILVESTRE,Fetranspor,354,17553546,"-22.9455","-43.2083"
507,507-LARGO DO MACHADO X SILVESTRE,Fetranspor,355,17553546,"-22.9455","-43.2082"
507,507-LARGO DO MACHADO X SILVESTRE,Fetranspor,356,17553546,"-22.9456","-43.208"
507,507-LARGO DO MACHADO X SILVESTRE,Fetranspor,357,17553546,"-22.9456","-43.2078"
507,507-LARGO DO MACHADO X SILVESTRE,Fetranspor,358,17553546,"-22.9456","-43.2077"
507,507-LARGO DO MACHADO X SILVESTRE,Fetranspor,359,17553546,"-22.9456","-43.2077"
507,507-LARGO DO MACHADO X SILVESTRE,Fetranspor,360,17553546,"-22.9456","-43.2076"
507,507-LARGO DO MACHADO X SILVESTRE,Fetranspor,361,17553546,"-22.9456","-43.2075"
507,507-LARGO DO MACHADO X SILVESTRE,Fetranspor,362,17553546,"-22.9455","-43.2072"
507,507-LARGO DO MACHADO X SILVESTRE,Fetranspor,363,17553546,"-22.9455","-43.207"
507,507-LARGO DO MACHADO X SILVESTRE,Fetranspor,364,17553546,"-22.9454","-43.2068"
507,507-LARGO DO MACHADO X SILVESTRE,Fetranspor,365,17553546,"-22.9453","-43.2067"
507,507-LARGO DO MACHADO X SILVESTRE,Fetranspor,366,17553546,"-22.945","-43.206"
507,507-LARGO DO MACHADO X SILVESTRE,Fetranspor,367,17553546,"-22.9449","-43.2059"
507,507-LARGO DO MACHADO X SILVESTRE,Fetranspor,368,17553546,"-22.9447","-43.2057"
507,507-LARGO DO MACHADO X SILVESTRE,Fetranspor,369,17553546,"-22.9446","-43.2055"
507,507-LARGO DO MACHADO X SILVESTRE,Fetranspor,370,17553546,"-22.9445","-43.2054"
507,507-LARGO DO MACHADO X SILVESTRE,Fetranspor,371,17553546,"-22.9444","-43.2053"
507,507-LARGO DO MACHADO X SILVESTRE,Fetranspor,372,17553546,"-22.9444","-43.2051"
507,507-LARGO DO MACHADO X SILVESTRE,Fetranspor,373,17553546,"-22.9443","-43.2049"
507,507-LARGO DO MACHADO X SILVESTRE,Fetranspor,374,17553546,"-22.9443","-43.2049"
507,507-LARGO DO MACHADO X SILVESTRE,Fetranspor,375,17553546,"-22.9443","-43.2047"
507,507-LARGO DO MACHADO X SILVESTRE,Fetranspor,376,17553546,"-22.9443","-43.2046"
507,507-LARGO DO MACHADO X SILVESTRE,Fetranspor,377,17553546,"-22.9443","-43.2044"
507,507-LARGO DO MACHADO X SILVESTRE,Fetranspor,378,17553546,"-22.9443","-43.2044"
507,507-LARGO DO MACHADO X SILVESTRE,Fetranspor,379,17553546,"-22.9444","-43.2043"
507,507-LARGO DO MACHADO X SILVESTRE,Fetranspor,380,17553546,"-22.9446","-43.2043"
507,507-LARGO DO MACHADO X SILVESTRE,Fetranspor,381,17553546,"-22.9446","-43.2043"
507,507-LARGO DO MACHADO X SILVESTRE,Fetranspor,382,17553546,"-22.9447","-43.2043"
507,507-LARGO DO MACHADO X SILVESTRE,Fetranspor,383,17553546,"-22.9448","-43.2044"
507,507-LARGO DO MACHADO X SILVESTRE,Fetranspor,384,17553546,"-22.9449","-43.2044"
507,507-LARGO DO MACHADO X SILVESTRE,Fetranspor,385,17553546,"-22.945","-43.2045"
507,507-LARGO DO MACHADO X SILVESTRE,Fetranspor,386,17553546,"-22.9451","-43.2046"
507,507-LARGO DO MACHADO X SILVESTRE,Fetranspor,387,17553546,"-22.9452","-43.2047"
507,507-LARGO DO MACHADO X SILVESTRE,Fetranspor,388,17553546,"-22.9457","-43.2049"
