linha,descricao,agencia,sequencia,shape_id,latitude,longitude
511,511-URCA X LEBLON (VIA JOQUEI) - CIRCULAR,Fetranspor,0,17796125,"-22.9731","-43.2253"
511,511-URCA X LEBLON (VIA JOQUEI) - CIRCULAR,Fetranspor,1,17796125,"-22.9734","-43.2256"
511,511-URCA X LEBLON (VIA JOQUEI) - CIRCULAR,Fetranspor,2,17796125,"-22.9738","-43.226"
511,511-URCA X LEBLON (VIA JOQUEI) - CIRCULAR,Fetranspor,3,17796125,"-22.9742","-43.2262"
511,511-URCA X LEBLON (VIA JOQUEI) - CIRCULAR,Fetranspor,4,17796125,"-22.9742","-43.2262"
511,511-URCA X LEBLON (VIA JOQUEI) - CIRCULAR,Fetranspor,5,17796125,"-22.9743","-43.2262"
511,511-URCA X LEBLON (VIA JOQUEI) - CIRCULAR,Fetranspor,6,17796125,"-22.9743","-43.2262"
511,511-URCA X LEBLON (VIA JOQUEI) - CIRCULAR,Fetranspor,7,17796125,"-22.9744","-43.2262"
511,511-URCA X LEBLON (VIA JOQUEI) - CIRCULAR,Fetranspor,8,17796125,"-22.9744","-43.2262"
511,511-URCA X LEBLON (VIA JOQUEI) - CIRCULAR,Fetranspor,9,17796125,"-22.9745","-43.2262"
511,511-URCA X LEBLON (VIA JOQUEI) - CIRCULAR,Fetranspor,10,17796125,"-22.9747","-43.2262"
511,511-URCA X LEBLON (VIA JOQUEI) - CIRCULAR,Fetranspor,11,17796125,"-22.9747","-43.2262"
511,511-URCA X LEBLON (VIA JOQUEI) - CIRCULAR,Fetranspor,12,17796125,"-22.9765","-43.2262"
511,511-URCA X LEBLON (VIA JOQUEI) - CIRCULAR,Fetranspor,13,17796125,"-22.9765","-43.2262"
511,511-URCA X LEBLON (VIA JOQUEI) - CIRCULAR,Fetranspor,14,17796125,"-22.9776","-43.2262"
511,511-URCA X LEBLON (VIA JOQUEI) - CIRCULAR,Fetranspor,15,17796125,"-22.9776","-43.2262"
511,511-URCA X LEBLON (VIA JOQUEI) - CIRCULAR,Fetranspor,16,17796125,"-22.9779","-43.2263"
511,511-URCA X LEBLON (VIA JOQUEI) - CIRCULAR,Fetranspor,17,17796125,"-22.9779","-43.2263"
511,511-URCA X LEBLON (VIA JOQUEI) - CIRCULAR,Fetranspor,18,17796125,"-22.9782","-43.2265"
511,511-URCA X LEBLON (VIA JOQUEI) - CIRCULAR,Fetranspor,19,17796125,"-22.9783","-43.2265"
511,511-URCA X LEBLON (VIA JOQUEI) - CIRCULAR,Fetranspor,20,17796125,"-22.9783","-43.2266"
511,511-URCA X LEBLON (VIA JOQUEI) - CIRCULAR,Fetranspor,21,17796125,"-22.9783","-43.2266"
511,511-URCA X LEBLON (VIA JOQUEI) - CIRCULAR,Fetranspor,22,17796125,"-22.9785","-43.2266"
511,511-URCA X LEBLON (VIA JOQUEI) - CIRCULAR,Fetranspor,23,17796125,"-22.9785","-43.2266"
511,511-URCA X LEBLON (VIA JOQUEI) - CIRCULAR,Fetranspor,24,17796125,"-22.9788","-43.2266"
511,511-URCA X LEBLON (VIA JOQUEI) - CIRCULAR,Fetranspor,25,17796125,"-22.9788","-43.2266"
511,511-URCA X LEBLON (VIA JOQUEI) - CIRCULAR,Fetranspor,26,17796125,"-22.9797","-43.2266"
511,511-URCA X LEBLON (VIA JOQUEI) - CIRCULAR,Fetranspor,27,17796125,"-22.9797","-43.2266"
511,511-URCA X LEBLON (VIA JOQUEI) - CIRCULAR,Fetranspor,28,17796125,"-22.9809","-43.2267"
511,511-URCA X LEBLON (VIA JOQUEI) - CIRCULAR,Fetranspor,29,17796125,"-22.9814","-43.2267"
511,511-URCA X LEBLON (VIA JOQUEI) - CIRCULAR,Fetranspor,30,17796125,"-22.9815","-43.2268"
511,511-URCA X LEBLON (VIA JOQUEI) - CIRCULAR,Fetranspor,31,17796125,"-22.9815","-43.2268"
511,511-URCA X LEBLON (VIA JOQUEI) - CIRCULAR,Fetranspor,32,17796125,"-22.9816","-43.2268"
511,511-URCA X LEBLON (VIA JOQUEI) - CIRCULAR,Fetranspor,33,17796125,"-22.9817","-43.2268"
511,511-URCA X LEBLON (VIA JOQUEI) - CIRCULAR,Fetranspor,34,17796125,"-22.9819","-43.2269"
511,511-URCA X LEBLON (VIA JOQUEI) - CIRCULAR,Fetranspor,35,17796125,"-22.9832","-43.2281"
511,511-URCA X LEBLON (VIA JOQUEI) - CIRCULAR,Fetranspor,36,17796125,"-22.9832","-43.2281"
511,511-URCA X LEBLON (VIA JOQUEI) - CIRCULAR,Fetranspor,37,17796125,"-22.9843","-43.2291"
511,511-URCA X LEBLON (VIA JOQUEI) - CIRCULAR,Fetranspor,38,17796125,"-22.9844","-43.2292"
511,511-URCA X LEBLON (VIA JOQUEI) - CIRCULAR,Fetranspor,39,17796125,"-22.9844","-43.2292"
511,511-URCA X LEBLON (VIA JOQUEI) - CIRCULAR,Fetranspor,40,17796125,"-22.9847","-43.2294"
511,511-URCA X LEBLON (VIA JOQUEI) - CIRCULAR,Fetranspor,41,17796125,"-22.9847","-43.2294"
511,511-URCA X LEBLON (VIA JOQUEI) - CIRCULAR,Fetranspor,42,17796125,"-22.9848","-43.2294"
511,511-URCA X LEBLON (VIA JOQUEI) - CIRCULAR,Fetranspor,43,17796125,"-22.985","-43.2295"
511,511-URCA X LEBLON (VIA JOQUEI) - CIRCULAR,Fetranspor,44,17796125,"-22.9851","-43.2296"
511,511-URCA X LEBLON (VIA JOQUEI) - CIRCULAR,Fetranspor,45,17796125,"-22.9854","-43.2296"
511,511-URCA X LEBLON (VIA JOQUEI) - CIRCULAR,Fetranspor,46,17796125,"-22.9856","-43.2297"
511,511-URCA X LEBLON (VIA JOQUEI) - CIRCULAR,Fetranspor,47,17796125,"-22.9858","-43.2297"
511,511-URCA X LEBLON (VIA JOQUEI) - CIRCULAR,Fetranspor,48,17796125,"-22.986","-43.2296"
511,511-URCA X LEBLON (VIA JOQUEI) - CIRCULAR,Fetranspor,49,17796125,"-22.9862","-43.2296"
511,511-URCA X LEBLON (VIA JOQUEI) - CIRCULAR,Fetranspor,50,17796125,"-22.9864","-43.2296"
511,511-URCA X LEBLON (VIA JOQUEI) - CIRCULAR,Fetranspor,51,17796125,"-22.9866","-43.2295"
511,511-URCA X LEBLON (VIA JOQUEI) - CIRCULAR,Fetranspor,52,17796125,"-22.9866","-43.2295"
511,511-URCA X LEBLON (VIA JOQUEI) - CIRCULAR,Fetranspor,53,17796125,"-22.9867","-43.2295"
511,511-URCA X LEBLON (VIA JOQUEI) - CIRCULAR,Fetranspor,54,17796125,"-22.9867","-43.2295"
511,511-URCA X LEBLON (VIA JOQUEI) - CIRCULAR,Fetranspor,55,17796125,"-22.9869","-43.2293"
511,511-URCA X LEBLON (VIA JOQUEI) - CIRCULAR,Fetranspor,56,17796125,"-22.9871","-43.2292"
511,511-URCA X LEBLON (VIA JOQUEI) - CIRCULAR,Fetranspor,57,17796125,"-22.9877","-43.2287"
511,511-URCA X LEBLON (VIA JOQUEI) - CIRCULAR,Fetranspor,58,17796125,"-22.9877","-43.2287"
511,511-URCA X LEBLON (VIA JOQUEI) - CIRCULAR,Fetranspor,59,17796125,"-22.988","-43.2285"
511,511-URCA X LEBLON (VIA JOQUEI) - CIRCULAR,Fetranspor,60,17796125,"-22.988","-43.2285"
511,511-URCA X LEBLON (VIA JOQUEI) - CIRCULAR,Fetranspor,61,17796125,"-22.9884","-43.2281"
511,511-URCA X LEBLON (VIA JOQUEI) - CIRCULAR,Fetranspor,62,17796125,"-22.9884","-43.2281"
511,511-URCA X LEBLON (VIA JOQUEI) - CIRCULAR,Fetranspor,63,17796125,"-22.9885","-43.228"
511,511-URCA X LEBLON (VIA JOQUEI) - CIRCULAR,Fetranspor,64,17796125,"-22.9885","-43.228"
511,511-URCA X LEBLON (VIA JOQUEI) - CIRCULAR,Fetranspor,65,17796125,"-22.9885","-43.2278"
511,511-URCA X LEBLON (VIA JOQUEI) - CIRCULAR,Fetranspor,66,17796125,"-22.9885","-43.2277"
511,511-URCA X LEBLON (VIA JOQUEI) - CIRCULAR,Fetranspor,67,17796125,"-22.9885","-43.2276"
511,511-URCA X LEBLON (VIA JOQUEI) - CIRCULAR,Fetranspor,68,17796125,"-22.9884","-43.2274"
511,511-URCA X LEBLON (VIA JOQUEI) - CIRCULAR,Fetranspor,69,17796125,"-22.9884","-43.2274"
511,511-URCA X LEBLON (VIA JOQUEI) - CIRCULAR,Fetranspor,70,17796125,"-22.988","-43.2263"
511,511-URCA X LEBLON (VIA JOQUEI) - CIRCULAR,Fetranspor,71,17796125,"-22.9877","-43.2256"
511,511-URCA X LEBLON (VIA JOQUEI) - CIRCULAR,Fetranspor,72,17796125,"-22.9876","-43.2252"
511,511-URCA X LEBLON (VIA JOQUEI) - CIRCULAR,Fetranspor,73,17796125,"-22.9875","-43.2248"
511,511-URCA X LEBLON (VIA JOQUEI) - CIRCULAR,Fetranspor,74,17796125,"-22.9872","-43.223"
511,511-URCA X LEBLON (VIA JOQUEI) - CIRCULAR,Fetranspor,75,17796125,"-22.9872","-43.223"
511,511-URCA X LEBLON (VIA JOQUEI) - CIRCULAR,Fetranspor,76,17796125,"-22.9871","-43.2224"
511,511-URCA X LEBLON (VIA JOQUEI) - CIRCULAR,Fetranspor,77,17796125,"-22.9869","-43.221"
511,511-URCA X LEBLON (VIA JOQUEI) - CIRCULAR,Fetranspor,78,17796125,"-22.9868","-43.2204"
511,511-URCA X LEBLON (VIA JOQUEI) - CIRCULAR,Fetranspor,79,17796125,"-22.9867","-43.2192"
511,511-URCA X LEBLON (VIA JOQUEI) - CIRCULAR,Fetranspor,80,17796125,"-22.9865","-43.2174"
511,511-URCA X LEBLON (VIA JOQUEI) - CIRCULAR,Fetranspor,81,17796125,"-22.9865","-43.2174"
511,511-URCA X LEBLON (VIA JOQUEI) - CIRCULAR,Fetranspor,82,17796125,"-22.9863","-43.2157"
511,511-URCA X LEBLON (VIA JOQUEI) - CIRCULAR,Fetranspor,83,17796125,"-22.9863","-43.2157"
511,511-URCA X LEBLON (VIA JOQUEI) - CIRCULAR,Fetranspor,84,17796125,"-22.9861","-43.2145"
511,511-URCA X LEBLON (VIA JOQUEI) - CIRCULAR,Fetranspor,85,17796125,"-22.9861","-43.2141"
511,511-URCA X LEBLON (VIA JOQUEI) - CIRCULAR,Fetranspor,86,17796125,"-22.9861","-43.2139"
511,511-URCA X LEBLON (VIA JOQUEI) - CIRCULAR,Fetranspor,87,17796125,"-22.9861","-43.2139"
511,511-URCA X LEBLON (VIA JOQUEI) - CIRCULAR,Fetranspor,88,17796125,"-22.9861","-43.2138"
511,511-URCA X LEBLON (VIA JOQUEI) - CIRCULAR,Fetranspor,89,17796125,"-22.9861","-43.2138"
511,511-URCA X LEBLON (VIA JOQUEI) - CIRCULAR,Fetranspor,90,17796125,"-22.986","-43.2137"
511,511-URCA X LEBLON (VIA JOQUEI) - CIRCULAR,Fetranspor,91,17796125,"-22.986","-43.2137"
511,511-URCA X LEBLON (VIA JOQUEI) - CIRCULAR,Fetranspor,92,17796125,"-22.986","-43.2136"
511,511-URCA X LEBLON (VIA JOQUEI) - CIRCULAR,Fetranspor,93,17796125,"-22.986","-43.2136"
511,511-URCA X LEBLON (VIA JOQUEI) - CIRCULAR,Fetranspor,94,17796125,"-22.986","-43.2136"
511,511-URCA X LEBLON (VIA JOQUEI) - CIRCULAR,Fetranspor,95,17796125,"-22.9855","-43.2136"
511,511-URCA X LEBLON (VIA JOQUEI) - CIRCULAR,Fetranspor,96,17796125,"-22.9848","-43.2135"
511,511-URCA X LEBLON (VIA JOQUEI) - CIRCULAR,Fetranspor,97,17796125,"-22.9848","-43.2135"
511,511-URCA X LEBLON (VIA JOQUEI) - CIRCULAR,Fetranspor,98,17796125,"-22.9837","-43.2135"
511,511-URCA X LEBLON (VIA JOQUEI) - CIRCULAR,Fetranspor,99,17796125,"-22.9837","-43.2135"
511,511-URCA X LEBLON (VIA JOQUEI) - CIRCULAR,Fetranspor,100,17796125,"-22.9838","-43.2127"
511,511-URCA X LEBLON (VIA JOQUEI) - CIRCULAR,Fetranspor,101,17796125,"-22.9838","-43.2116"
511,511-URCA X LEBLON (VIA JOQUEI) - CIRCULAR,Fetranspor,102,17796125,"-22.9839","-43.2113"
511,511-URCA X LEBLON (VIA JOQUEI) - CIRCULAR,Fetranspor,103,17796125,"-22.9839","-43.2113"
511,511-URCA X LEBLON (VIA JOQUEI) - CIRCULAR,Fetranspor,104,17796125,"-22.984","-43.2092"
511,511-URCA X LEBLON (VIA JOQUEI) - CIRCULAR,Fetranspor,105,17796125,"-22.984","-43.2092"
511,511-URCA X LEBLON (VIA JOQUEI) - CIRCULAR,Fetranspor,106,17796125,"-22.984","-43.2086"
511,511-URCA X LEBLON (VIA JOQUEI) - CIRCULAR,Fetranspor,107,17796125,"-22.9841","-43.2072"
511,511-URCA X LEBLON (VIA JOQUEI) - CIRCULAR,Fetranspor,108,17796125,"-22.9841","-43.2071"
511,511-URCA X LEBLON (VIA JOQUEI) - CIRCULAR,Fetranspor,109,17796125,"-22.9841","-43.2071"
511,511-URCA X LEBLON (VIA JOQUEI) - CIRCULAR,Fetranspor,110,17796125,"-22.9842","-43.2055"
511,511-URCA X LEBLON (VIA JOQUEI) - CIRCULAR,Fetranspor,111,17796125,"-22.9842","-43.2052"
511,511-URCA X LEBLON (VIA JOQUEI) - CIRCULAR,Fetranspor,112,17796125,"-22.9842","-43.205"
511,511-URCA X LEBLON (VIA JOQUEI) - CIRCULAR,Fetranspor,113,17796125,"-22.9842","-43.205"
511,511-URCA X LEBLON (VIA JOQUEI) - CIRCULAR,Fetranspor,114,17796125,"-22.9842","-43.2043"
511,511-URCA X LEBLON (VIA JOQUEI) - CIRCULAR,Fetranspor,115,17796125,"-22.9843","-43.2034"
511,511-URCA X LEBLON (VIA JOQUEI) - CIRCULAR,Fetranspor,116,17796125,"-22.9843","-43.2029"
511,511-URCA X LEBLON (VIA JOQUEI) - CIRCULAR,Fetranspor,117,17796125,"-22.9843","-43.2029"
511,511-URCA X LEBLON (VIA JOQUEI) - CIRCULAR,Fetranspor,118,17796125,"-22.9844","-43.2007"
511,511-URCA X LEBLON (VIA JOQUEI) - CIRCULAR,Fetranspor,119,17796125,"-22.9844","-43.2007"
511,511-URCA X LEBLON (VIA JOQUEI) - CIRCULAR,Fetranspor,120,17796125,"-22.9845","-43.1986"
511,511-URCA X LEBLON (VIA JOQUEI) - CIRCULAR,Fetranspor,121,17796125,"-22.9845","-43.1986"
511,511-URCA X LEBLON (VIA JOQUEI) - CIRCULAR,Fetranspor,122,17796125,"-22.9846","-43.1969"
511,511-URCA X LEBLON (VIA JOQUEI) - CIRCULAR,Fetranspor,123,17796125,"-22.9846","-43.1969"
511,511-URCA X LEBLON (VIA JOQUEI) - CIRCULAR,Fetranspor,124,17796125,"-22.9847","-43.1952"
511,511-URCA X LEBLON (VIA JOQUEI) - CIRCULAR,Fetranspor,125,17796125,"-22.9847","-43.1952"
511,511-URCA X LEBLON (VIA JOQUEI) - CIRCULAR,Fetranspor,126,17796125,"-22.9845","-43.1949"
511,511-URCA X LEBLON (VIA JOQUEI) - CIRCULAR,Fetranspor,127,17796125,"-22.984","-43.1942"
511,511-URCA X LEBLON (VIA JOQUEI) - CIRCULAR,Fetranspor,128,17796125,"-22.9839","-43.1941"
511,511-URCA X LEBLON (VIA JOQUEI) - CIRCULAR,Fetranspor,129,17796125,"-22.9839","-43.1941"
511,511-URCA X LEBLON (VIA JOQUEI) - CIRCULAR,Fetranspor,130,17796125,"-22.9839","-43.1941"
511,511-URCA X LEBLON (VIA JOQUEI) - CIRCULAR,Fetranspor,131,17796125,"-22.9839","-43.1941"
511,511-URCA X LEBLON (VIA JOQUEI) - CIRCULAR,Fetranspor,132,17796125,"-22.9838","-43.194"
511,511-URCA X LEBLON (VIA JOQUEI) - CIRCULAR,Fetranspor,133,17796125,"-22.9837","-43.1939"
511,511-URCA X LEBLON (VIA JOQUEI) - CIRCULAR,Fetranspor,134,17796125,"-22.9837","-43.1938"
511,511-URCA X LEBLON (VIA JOQUEI) - CIRCULAR,Fetranspor,135,17796125,"-22.9836","-43.1934"
511,511-URCA X LEBLON (VIA JOQUEI) - CIRCULAR,Fetranspor,136,17796125,"-22.9836","-43.1934"
511,511-URCA X LEBLON (VIA JOQUEI) - CIRCULAR,Fetranspor,137,17796125,"-22.9834","-43.1929"
511,511-URCA X LEBLON (VIA JOQUEI) - CIRCULAR,Fetranspor,138,17796125,"-22.9834","-43.1929"
511,511-URCA X LEBLON (VIA JOQUEI) - CIRCULAR,Fetranspor,139,17796125,"-22.9832","-43.1919"
511,511-URCA X LEBLON (VIA JOQUEI) - CIRCULAR,Fetranspor,140,17796125,"-22.9832","-43.1919"
511,511-URCA X LEBLON (VIA JOQUEI) - CIRCULAR,Fetranspor,141,17796125,"-22.9829","-43.1909"
511,511-URCA X LEBLON (VIA JOQUEI) - CIRCULAR,Fetranspor,142,17796125,"-22.9829","-43.1909"
511,511-URCA X LEBLON (VIA JOQUEI) - CIRCULAR,Fetranspor,143,17796125,"-22.9828","-43.1909"
511,511-URCA X LEBLON (VIA JOQUEI) - CIRCULAR,Fetranspor,144,17796125,"-22.9817","-43.1911"
511,511-URCA X LEBLON (VIA JOQUEI) - CIRCULAR,Fetranspor,145,17796125,"-22.9817","-43.1911"
511,511-URCA X LEBLON (VIA JOQUEI) - CIRCULAR,Fetranspor,146,17796125,"-22.9816","-43.1911"
511,511-URCA X LEBLON (VIA JOQUEI) - CIRCULAR,Fetranspor,147,17796125,"-22.9813","-43.1911"
511,511-URCA X LEBLON (VIA JOQUEI) - CIRCULAR,Fetranspor,148,17796125,"-22.9809","-43.1911"
511,511-URCA X LEBLON (VIA JOQUEI) - CIRCULAR,Fetranspor,149,17796125,"-22.9808","-43.1911"
511,511-URCA X LEBLON (VIA JOQUEI) - CIRCULAR,Fetranspor,150,17796125,"-22.9808","-43.1911"
511,511-URCA X LEBLON (VIA JOQUEI) - CIRCULAR,Fetranspor,151,17796125,"-22.9796","-43.1911"
511,511-URCA X LEBLON (VIA JOQUEI) - CIRCULAR,Fetranspor,152,17796125,"-22.9789","-43.1909"
511,511-URCA X LEBLON (VIA JOQUEI) - CIRCULAR,Fetranspor,153,17796125,"-22.9788","-43.1909"
511,511-URCA X LEBLON (VIA JOQUEI) - CIRCULAR,Fetranspor,154,17796125,"-22.9788","-43.1909"
511,511-URCA X LEBLON (VIA JOQUEI) - CIRCULAR,Fetranspor,155,17796125,"-22.9783","-43.1907"
511,511-URCA X LEBLON (VIA JOQUEI) - CIRCULAR,Fetranspor,156,17796125,"-22.9779","-43.1906"
511,511-URCA X LEBLON (VIA JOQUEI) - CIRCULAR,Fetranspor,157,17796125,"-22.9779","-43.1906"
511,511-URCA X LEBLON (VIA JOQUEI) - CIRCULAR,Fetranspor,158,17796125,"-22.9776","-43.1905"
511,511-URCA X LEBLON (VIA JOQUEI) - CIRCULAR,Fetranspor,159,17796125,"-22.9769","-43.1903"
511,511-URCA X LEBLON (VIA JOQUEI) - CIRCULAR,Fetranspor,160,17796125,"-22.9769","-43.1903"
511,511-URCA X LEBLON (VIA JOQUEI) - CIRCULAR,Fetranspor,161,17796125,"-22.976","-43.1901"
511,511-URCA X LEBLON (VIA JOQUEI) - CIRCULAR,Fetranspor,162,17796125,"-22.9759","-43.19"
511,511-URCA X LEBLON (VIA JOQUEI) - CIRCULAR,Fetranspor,163,17796125,"-22.9758","-43.19"
511,511-URCA X LEBLON (VIA JOQUEI) - CIRCULAR,Fetranspor,164,17796125,"-22.9758","-43.19"
511,511-URCA X LEBLON (VIA JOQUEI) - CIRCULAR,Fetranspor,165,17796125,"-22.9749","-43.1895"
511,511-URCA X LEBLON (VIA JOQUEI) - CIRCULAR,Fetranspor,166,17796125,"-22.9749","-43.1895"
511,511-URCA X LEBLON (VIA JOQUEI) - CIRCULAR,Fetranspor,167,17796125,"-22.974","-43.1889"
511,511-URCA X LEBLON (VIA JOQUEI) - CIRCULAR,Fetranspor,168,17796125,"-22.974","-43.1889"
511,511-URCA X LEBLON (VIA JOQUEI) - CIRCULAR,Fetranspor,169,17796125,"-22.9733","-43.1885"
511,511-URCA X LEBLON (VIA JOQUEI) - CIRCULAR,Fetranspor,170,17796125,"-22.9733","-43.1885"
511,511-URCA X LEBLON (VIA JOQUEI) - CIRCULAR,Fetranspor,171,17796125,"-22.9725","-43.188"
511,511-URCA X LEBLON (VIA JOQUEI) - CIRCULAR,Fetranspor,172,17796125,"-22.9725","-43.188"
511,511-URCA X LEBLON (VIA JOQUEI) - CIRCULAR,Fetranspor,173,17796125,"-22.9719","-43.1876"
511,511-URCA X LEBLON (VIA JOQUEI) - CIRCULAR,Fetranspor,174,17796125,"-22.9719","-43.1876"
511,511-URCA X LEBLON (VIA JOQUEI) - CIRCULAR,Fetranspor,175,17796125,"-22.9715","-43.1872"
511,511-URCA X LEBLON (VIA JOQUEI) - CIRCULAR,Fetranspor,176,17796125,"-22.9715","-43.1872"
511,511-URCA X LEBLON (VIA JOQUEI) - CIRCULAR,Fetranspor,177,17796125,"-22.9703","-43.186"
511,511-URCA X LEBLON (VIA JOQUEI) - CIRCULAR,Fetranspor,178,17796125,"-22.9703","-43.186"
511,511-URCA X LEBLON (VIA JOQUEI) - CIRCULAR,Fetranspor,179,17796125,"-22.9703","-43.186"
511,511-URCA X LEBLON (VIA JOQUEI) - CIRCULAR,Fetranspor,180,17796125,"-22.9702","-43.1859"
511,511-URCA X LEBLON (VIA JOQUEI) - CIRCULAR,Fetranspor,181,17796125,"-22.9691","-43.1846"
511,511-URCA X LEBLON (VIA JOQUEI) - CIRCULAR,Fetranspor,182,17796125,"-22.9691","-43.1846"
511,511-URCA X LEBLON (VIA JOQUEI) - CIRCULAR,Fetranspor,183,17796125,"-22.9686","-43.1837"
511,511-URCA X LEBLON (VIA JOQUEI) - CIRCULAR,Fetranspor,184,17796125,"-22.9686","-43.1837"
511,511-URCA X LEBLON (VIA JOQUEI) - CIRCULAR,Fetranspor,185,17796125,"-22.968","-43.1829"
511,511-URCA X LEBLON (VIA JOQUEI) - CIRCULAR,Fetranspor,186,17796125,"-22.968","-43.1829"
511,511-URCA X LEBLON (VIA JOQUEI) - CIRCULAR,Fetranspor,187,17796125,"-22.9674","-43.182"
511,511-URCA X LEBLON (VIA JOQUEI) - CIRCULAR,Fetranspor,188,17796125,"-22.9674","-43.182"
511,511-URCA X LEBLON (VIA JOQUEI) - CIRCULAR,Fetranspor,189,17796125,"-22.9672","-43.1817"
511,511-URCA X LEBLON (VIA JOQUEI) - CIRCULAR,Fetranspor,190,17796125,"-22.9672","-43.1815"
511,511-URCA X LEBLON (VIA JOQUEI) - CIRCULAR,Fetranspor,191,17796125,"-22.9672","-43.1815"
511,511-URCA X LEBLON (VIA JOQUEI) - CIRCULAR,Fetranspor,192,17796125,"-22.9672","-43.1815"
511,511-URCA X LEBLON (VIA JOQUEI) - CIRCULAR,Fetranspor,193,17796125,"-22.9671","-43.1806"
511,511-URCA X LEBLON (VIA JOQUEI) - CIRCULAR,Fetranspor,194,17796125,"-22.9671","-43.1805"
511,511-URCA X LEBLON (VIA JOQUEI) - CIRCULAR,Fetranspor,195,17796125,"-22.9671","-43.1805"
511,511-URCA X LEBLON (VIA JOQUEI) - CIRCULAR,Fetranspor,196,17796125,"-22.9671","-43.1804"
511,511-URCA X LEBLON (VIA JOQUEI) - CIRCULAR,Fetranspor,197,17796125,"-22.967","-43.1803"
511,511-URCA X LEBLON (VIA JOQUEI) - CIRCULAR,Fetranspor,198,17796125,"-22.967","-43.1802"
511,511-URCA X LEBLON (VIA JOQUEI) - CIRCULAR,Fetranspor,199,17796125,"-22.9667","-43.1797"
511,511-URCA X LEBLON (VIA JOQUEI) - CIRCULAR,Fetranspor,200,17796125,"-22.9662","-43.1788"
511,511-URCA X LEBLON (VIA JOQUEI) - CIRCULAR,Fetranspor,201,17796125,"-22.9662","-43.1788"
511,511-URCA X LEBLON (VIA JOQUEI) - CIRCULAR,Fetranspor,202,17796125,"-22.9657","-43.1778"
511,511-URCA X LEBLON (VIA JOQUEI) - CIRCULAR,Fetranspor,203,17796125,"-22.9657","-43.1778"
511,511-URCA X LEBLON (VIA JOQUEI) - CIRCULAR,Fetranspor,204,17796125,"-22.9652","-43.1769"
511,511-URCA X LEBLON (VIA JOQUEI) - CIRCULAR,Fetranspor,205,17796125,"-22.9651","-43.1768"
511,511-URCA X LEBLON (VIA JOQUEI) - CIRCULAR,Fetranspor,206,17796125,"-22.9651","-43.1768"
511,511-URCA X LEBLON (VIA JOQUEI) - CIRCULAR,Fetranspor,207,17796125,"-22.9647","-43.1758"
511,511-URCA X LEBLON (VIA JOQUEI) - CIRCULAR,Fetranspor,208,17796125,"-22.9647","-43.1758"
511,511-URCA X LEBLON (VIA JOQUEI) - CIRCULAR,Fetranspor,209,17796125,"-22.9642","-43.1748"
511,511-URCA X LEBLON (VIA JOQUEI) - CIRCULAR,Fetranspor,210,17796125,"-22.9642","-43.1748"
511,511-URCA X LEBLON (VIA JOQUEI) - CIRCULAR,Fetranspor,211,17796125,"-22.964","-43.1742"
511,511-URCA X LEBLON (VIA JOQUEI) - CIRCULAR,Fetranspor,212,17796125,"-22.964","-43.1742"
511,511-URCA X LEBLON (VIA JOQUEI) - CIRCULAR,Fetranspor,213,17796125,"-22.9638","-43.1739"
511,511-URCA X LEBLON (VIA JOQUEI) - CIRCULAR,Fetranspor,214,17796125,"-22.9638","-43.1739"
511,511-URCA X LEBLON (VIA JOQUEI) - CIRCULAR,Fetranspor,215,17796125,"-22.9635","-43.1741"
511,511-URCA X LEBLON (VIA JOQUEI) - CIRCULAR,Fetranspor,216,17796125,"-22.9631","-43.1743"
511,511-URCA X LEBLON (VIA JOQUEI) - CIRCULAR,Fetranspor,217,17796125,"-22.963","-43.1744"
511,511-URCA X LEBLON (VIA JOQUEI) - CIRCULAR,Fetranspor,218,17796125,"-22.963","-43.1744"
511,511-URCA X LEBLON (VIA JOQUEI) - CIRCULAR,Fetranspor,219,17796125,"-22.9624","-43.1747"
511,511-URCA X LEBLON (VIA JOQUEI) - CIRCULAR,Fetranspor,220,17796125,"-22.9617","-43.1751"
511,511-URCA X LEBLON (VIA JOQUEI) - CIRCULAR,Fetranspor,221,17796125,"-22.9617","-43.1751"
511,511-URCA X LEBLON (VIA JOQUEI) - CIRCULAR,Fetranspor,222,17796125,"-22.9616","-43.1752"
511,511-URCA X LEBLON (VIA JOQUEI) - CIRCULAR,Fetranspor,223,17796125,"-22.9607","-43.1756"
511,511-URCA X LEBLON (VIA JOQUEI) - CIRCULAR,Fetranspor,224,17796125,"-22.9607","-43.1756"
511,511-URCA X LEBLON (VIA JOQUEI) - CIRCULAR,Fetranspor,225,17796125,"-22.9581","-43.1771"
511,511-URCA X LEBLON (VIA JOQUEI) - CIRCULAR,Fetranspor,226,17796125,"-22.9581","-43.1771"
511,511-URCA X LEBLON (VIA JOQUEI) - CIRCULAR,Fetranspor,227,17796125,"-22.9579","-43.1772"
511,511-URCA X LEBLON (VIA JOQUEI) - CIRCULAR,Fetranspor,228,17796125,"-22.9577","-43.1772"
511,511-URCA X LEBLON (VIA JOQUEI) - CIRCULAR,Fetranspor,229,17796125,"-22.9574","-43.1773"
511,511-URCA X LEBLON (VIA JOQUEI) - CIRCULAR,Fetranspor,230,17796125,"-22.9562","-43.1775"
511,511-URCA X LEBLON (VIA JOQUEI) - CIRCULAR,Fetranspor,231,17796125,"-22.9557","-43.1776"
511,511-URCA X LEBLON (VIA JOQUEI) - CIRCULAR,Fetranspor,232,17796125,"-22.9553","-43.1776"
511,511-URCA X LEBLON (VIA JOQUEI) - CIRCULAR,Fetranspor,233,17796125,"-22.9553","-43.1776"
511,511-URCA X LEBLON (VIA JOQUEI) - CIRCULAR,Fetranspor,234,17796125,"-22.9551","-43.1776"
511,511-URCA X LEBLON (VIA JOQUEI) - CIRCULAR,Fetranspor,235,17796125,"-22.955","-43.1776"
511,511-URCA X LEBLON (VIA JOQUEI) - CIRCULAR,Fetranspor,236,17796125,"-22.9548","-43.1775"
511,511-URCA X LEBLON (VIA JOQUEI) - CIRCULAR,Fetranspor,237,17796125,"-22.9547","-43.1775"
511,511-URCA X LEBLON (VIA JOQUEI) - CIRCULAR,Fetranspor,238,17796125,"-22.9546","-43.1774"
511,511-URCA X LEBLON (VIA JOQUEI) - CIRCULAR,Fetranspor,239,17796125,"-22.9544","-43.1773"
511,511-URCA X LEBLON (VIA JOQUEI) - CIRCULAR,Fetranspor,240,17796125,"-22.9544","-43.1773"
511,511-URCA X LEBLON (VIA JOQUEI) - CIRCULAR,Fetranspor,241,17796125,"-22.953","-43.1763"
511,511-URCA X LEBLON (VIA JOQUEI) - CIRCULAR,Fetranspor,242,17796125,"-22.953","-43.1763"
511,511-URCA X LEBLON (VIA JOQUEI) - CIRCULAR,Fetranspor,243,17796125,"-22.9522","-43.1757"
511,511-URCA X LEBLON (VIA JOQUEI) - CIRCULAR,Fetranspor,244,17796125,"-22.9522","-43.1757"
511,511-URCA X LEBLON (VIA JOQUEI) - CIRCULAR,Fetranspor,245,17796125,"-22.9518","-43.1754"
511,511-URCA X LEBLON (VIA JOQUEI) - CIRCULAR,Fetranspor,246,17796125,"-22.9518","-43.1754"
511,511-URCA X LEBLON (VIA JOQUEI) - CIRCULAR,Fetranspor,247,17796125,"-22.9516","-43.1753"
511,511-URCA X LEBLON (VIA JOQUEI) - CIRCULAR,Fetranspor,248,17796125,"-22.9516","-43.1753"
511,511-URCA X LEBLON (VIA JOQUEI) - CIRCULAR,Fetranspor,249,17796125,"-22.9515","-43.1751"
511,511-URCA X LEBLON (VIA JOQUEI) - CIRCULAR,Fetranspor,250,17796125,"-22.9514","-43.1751"
511,511-URCA X LEBLON (VIA JOQUEI) - CIRCULAR,Fetranspor,251,17796125,"-22.9514","-43.1751"
511,511-URCA X LEBLON (VIA JOQUEI) - CIRCULAR,Fetranspor,252,17796125,"-22.9514","-43.175"
511,511-URCA X LEBLON (VIA JOQUEI) - CIRCULAR,Fetranspor,253,17796125,"-22.9514","-43.1749"
511,511-URCA X LEBLON (VIA JOQUEI) - CIRCULAR,Fetranspor,254,17796125,"-22.9518","-43.1744"
511,511-URCA X LEBLON (VIA JOQUEI) - CIRCULAR,Fetranspor,255,17796125,"-22.9518","-43.1744"
511,511-URCA X LEBLON (VIA JOQUEI) - CIRCULAR,Fetranspor,256,17796125,"-22.9523","-43.1735"
511,511-URCA X LEBLON (VIA JOQUEI) - CIRCULAR,Fetranspor,257,17796125,"-22.9527","-43.1729"
511,511-URCA X LEBLON (VIA JOQUEI) - CIRCULAR,Fetranspor,258,17796125,"-22.9527","-43.1729"
511,511-URCA X LEBLON (VIA JOQUEI) - CIRCULAR,Fetranspor,259,17796125,"-22.9528","-43.1726"
511,511-URCA X LEBLON (VIA JOQUEI) - CIRCULAR,Fetranspor,260,17796125,"-22.9529","-43.1724"
511,511-URCA X LEBLON (VIA JOQUEI) - CIRCULAR,Fetranspor,261,17796125,"-22.9533","-43.1715"
511,511-URCA X LEBLON (VIA JOQUEI) - CIRCULAR,Fetranspor,262,17796125,"-22.9534","-43.1709"
511,511-URCA X LEBLON (VIA JOQUEI) - CIRCULAR,Fetranspor,263,17796125,"-22.9538","-43.1698"
511,511-URCA X LEBLON (VIA JOQUEI) - CIRCULAR,Fetranspor,264,17796125,"-22.9544","-43.1677"
511,511-URCA X LEBLON (VIA JOQUEI) - CIRCULAR,Fetranspor,265,17796125,"-22.9544","-43.1677"
511,511-URCA X LEBLON (VIA JOQUEI) - CIRCULAR,Fetranspor,266,17796125,"-22.9543","-43.1676"
511,511-URCA X LEBLON (VIA JOQUEI) - CIRCULAR,Fetranspor,267,17796125,"-22.9543","-43.1676"
511,511-URCA X LEBLON (VIA JOQUEI) - CIRCULAR,Fetranspor,268,17796125,"-22.9543","-43.1676"
511,511-URCA X LEBLON (VIA JOQUEI) - CIRCULAR,Fetranspor,269,17796125,"-22.9542","-43.1675"
511,511-URCA X LEBLON (VIA JOQUEI) - CIRCULAR,Fetranspor,270,17796125,"-22.9542","-43.1675"
511,511-URCA X LEBLON (VIA JOQUEI) - CIRCULAR,Fetranspor,271,17796125,"-22.9535","-43.1673"
511,511-URCA X LEBLON (VIA JOQUEI) - CIRCULAR,Fetranspor,272,17796125,"-22.9535","-43.1673"
511,511-URCA X LEBLON (VIA JOQUEI) - CIRCULAR,Fetranspor,273,17796125,"-22.9533","-43.1673"
511,511-URCA X LEBLON (VIA JOQUEI) - CIRCULAR,Fetranspor,274,17796125,"-22.9533","-43.1673"
511,511-URCA X LEBLON (VIA JOQUEI) - CIRCULAR,Fetranspor,275,17796125,"-22.9532","-43.1673"
511,511-URCA X LEBLON (VIA JOQUEI) - CIRCULAR,Fetranspor,276,17796125,"-22.9525","-43.1676"
511,511-URCA X LEBLON (VIA JOQUEI) - CIRCULAR,Fetranspor,277,17796125,"-22.9517","-43.1679"
511,511-URCA X LEBLON (VIA JOQUEI) - CIRCULAR,Fetranspor,278,17796125,"-22.9517","-43.1679"
511,511-URCA X LEBLON (VIA JOQUEI) - CIRCULAR,Fetranspor,279,17796125,"-22.951","-43.1682"
511,511-URCA X LEBLON (VIA JOQUEI) - CIRCULAR,Fetranspor,280,17796125,"-22.951","-43.1682"
511,511-URCA X LEBLON (VIA JOQUEI) - CIRCULAR,Fetranspor,281,17796125,"-22.9509","-43.1682"
511,511-URCA X LEBLON (VIA JOQUEI) - CIRCULAR,Fetranspor,282,17796125,"-22.9509","-43.1682"
511,511-URCA X LEBLON (VIA JOQUEI) - CIRCULAR,Fetranspor,283,17796125,"-22.9507","-43.168"
511,511-URCA X LEBLON (VIA JOQUEI) - CIRCULAR,Fetranspor,284,17796125,"-22.9507","-43.168"
511,511-URCA X LEBLON (VIA JOQUEI) - CIRCULAR,Fetranspor,285,17796125,"-22.9505","-43.1677"
511,511-URCA X LEBLON (VIA JOQUEI) - CIRCULAR,Fetranspor,286,17796125,"-22.9498","-43.167"
511,511-URCA X LEBLON (VIA JOQUEI) - CIRCULAR,Fetranspor,287,17796125,"-22.9495","-43.1666"
511,511-URCA X LEBLON (VIA JOQUEI) - CIRCULAR,Fetranspor,288,17796125,"-22.9492","-43.1663"
511,511-URCA X LEBLON (VIA JOQUEI) - CIRCULAR,Fetranspor,289,17796125,"-22.949","-43.1661"
511,511-URCA X LEBLON (VIA JOQUEI) - CIRCULAR,Fetranspor,290,17796125,"-22.9487","-43.1656"
511,511-URCA X LEBLON (VIA JOQUEI) - CIRCULAR,Fetranspor,291,17796125,"-22.9486","-43.1654"
511,511-URCA X LEBLON (VIA JOQUEI) - CIRCULAR,Fetranspor,292,17796125,"-22.9485","-43.1652"
511,511-URCA X LEBLON (VIA JOQUEI) - CIRCULAR,Fetranspor,293,17796125,"-22.9484","-43.165"
511,511-URCA X LEBLON (VIA JOQUEI) - CIRCULAR,Fetranspor,294,17796125,"-22.9484","-43.1648"
511,511-URCA X LEBLON (VIA JOQUEI) - CIRCULAR,Fetranspor,295,17796125,"-22.9483","-43.1646"
511,511-URCA X LEBLON (VIA JOQUEI) - CIRCULAR,Fetranspor,296,17796125,"-22.9483","-43.1642"
511,511-URCA X LEBLON (VIA JOQUEI) - CIRCULAR,Fetranspor,297,17796125,"-22.9483","-43.1642"
511,511-URCA X LEBLON (VIA JOQUEI) - CIRCULAR,Fetranspor,298,17796125,"-22.9483","-43.1641"
511,511-URCA X LEBLON (VIA JOQUEI) - CIRCULAR,Fetranspor,299,17796125,"-22.9483","-43.164"
511,511-URCA X LEBLON (VIA JOQUEI) - CIRCULAR,Fetranspor,300,17796125,"-22.9483","-43.164"
511,511-URCA X LEBLON (VIA JOQUEI) - CIRCULAR,Fetranspor,301,17796125,"-22.9483","-43.1639"
511,511-URCA X LEBLON (VIA JOQUEI) - CIRCULAR,Fetranspor,302,17796125,"-22.9483","-43.1639"
511,511-URCA X LEBLON (VIA JOQUEI) - CIRCULAR,Fetranspor,303,17796125,"-22.9484","-43.1637"
511,511-URCA X LEBLON (VIA JOQUEI) - CIRCULAR,Fetranspor,304,17796125,"-22.9485","-43.1637"
511,511-URCA X LEBLON (VIA JOQUEI) - CIRCULAR,Fetranspor,305,17796125,"-22.9485","-43.1636"
511,511-URCA X LEBLON (VIA JOQUEI) - CIRCULAR,Fetranspor,306,17796125,"-22.9485","-43.1636"
511,511-URCA X LEBLON (VIA JOQUEI) - CIRCULAR,Fetranspor,307,17796125,"-22.9485","-43.1636"
511,511-URCA X LEBLON (VIA JOQUEI) - CIRCULAR,Fetranspor,308,17796125,"-22.9485","-43.1635"
511,511-URCA X LEBLON (VIA JOQUEI) - CIRCULAR,Fetranspor,309,17796125,"-22.9485","-43.1635"
511,511-URCA X LEBLON (VIA JOQUEI) - CIRCULAR,Fetranspor,310,17796125,"-22.9483","-43.1628"
511,511-URCA X LEBLON (VIA JOQUEI) - CIRCULAR,Fetranspor,311,17796125,"-22.9483","-43.1627"
511,511-URCA X LEBLON (VIA JOQUEI) - CIRCULAR,Fetranspor,312,17796125,"-22.9482","-43.1626"
511,511-URCA X LEBLON (VIA JOQUEI) - CIRCULAR,Fetranspor,313,17796125,"-22.9482","-43.1626"
511,511-URCA X LEBLON (VIA JOQUEI) - CIRCULAR,Fetranspor,314,17796125,"-22.9481","-43.1626"
511,511-URCA X LEBLON (VIA JOQUEI) - CIRCULAR,Fetranspor,315,17796125,"-22.9481","-43.1626"
511,511-URCA X LEBLON (VIA JOQUEI) - CIRCULAR,Fetranspor,316,17796125,"-22.948","-43.1626"
511,511-URCA X LEBLON (VIA JOQUEI) - CIRCULAR,Fetranspor,317,17796125,"-22.9479","-43.1626"
511,511-URCA X LEBLON (VIA JOQUEI) - CIRCULAR,Fetranspor,318,17796125,"-22.9476","-43.1628"
511,511-URCA X LEBLON (VIA JOQUEI) - CIRCULAR,Fetranspor,319,17796125,"-22.9476","-43.1628"
511,511-URCA X LEBLON (VIA JOQUEI) - CIRCULAR,Fetranspor,320,17796125,"-22.9476","-43.1627"
511,511-URCA X LEBLON (VIA JOQUEI) - CIRCULAR,Fetranspor,321,17796125,"-22.9475","-43.1626"
511,511-URCA X LEBLON (VIA JOQUEI) - CIRCULAR,Fetranspor,322,17796125,"-22.9463","-43.1618"
511,511-URCA X LEBLON (VIA JOQUEI) - CIRCULAR,Fetranspor,323,17796125,"-22.9463","-43.1618"
511,511-URCA X LEBLON (VIA JOQUEI) - CIRCULAR,Fetranspor,324,17796125,"-22.9449","-43.1609"
511,511-URCA X LEBLON (VIA JOQUEI) - CIRCULAR,Fetranspor,325,17796125,"-22.9449","-43.1609"
511,511-URCA X LEBLON (VIA JOQUEI) - CIRCULAR,Fetranspor,326,17796125,"-22.9434","-43.16"
511,511-URCA X LEBLON (VIA JOQUEI) - CIRCULAR,Fetranspor,0,28079404,"-22.9434","-43.16"
511,511-URCA X LEBLON (VIA JOQUEI) - CIRCULAR,Fetranspor,1,28079404,"-22.9434","-43.1607"
511,511-URCA X LEBLON (VIA JOQUEI) - CIRCULAR,Fetranspor,2,28079404,"-22.9434","-43.1607"
511,511-URCA X LEBLON (VIA JOQUEI) - CIRCULAR,Fetranspor,3,28079404,"-22.9433","-43.1608"
511,511-URCA X LEBLON (VIA JOQUEI) - CIRCULAR,Fetranspor,4,28079404,"-22.9433","-43.1611"
511,511-URCA X LEBLON (VIA JOQUEI) - CIRCULAR,Fetranspor,5,28079404,"-22.9433","-43.1614"
511,511-URCA X LEBLON (VIA JOQUEI) - CIRCULAR,Fetranspor,6,28079404,"-22.9433","-43.1614"
511,511-URCA X LEBLON (VIA JOQUEI) - CIRCULAR,Fetranspor,7,28079404,"-22.9434","-43.1615"
511,511-URCA X LEBLON (VIA JOQUEI) - CIRCULAR,Fetranspor,8,28079404,"-22.9434","-43.1616"
511,511-URCA X LEBLON (VIA JOQUEI) - CIRCULAR,Fetranspor,9,28079404,"-22.9434","-43.1617"
511,511-URCA X LEBLON (VIA JOQUEI) - CIRCULAR,Fetranspor,10,28079404,"-22.9435","-43.1619"
511,511-URCA X LEBLON (VIA JOQUEI) - CIRCULAR,Fetranspor,11,28079404,"-22.9436","-43.1621"
511,511-URCA X LEBLON (VIA JOQUEI) - CIRCULAR,Fetranspor,12,28079404,"-22.9437","-43.1622"
511,511-URCA X LEBLON (VIA JOQUEI) - CIRCULAR,Fetranspor,13,28079404,"-22.944","-43.1625"
511,511-URCA X LEBLON (VIA JOQUEI) - CIRCULAR,Fetranspor,14,28079404,"-22.944","-43.1625"
511,511-URCA X LEBLON (VIA JOQUEI) - CIRCULAR,Fetranspor,15,28079404,"-22.9441","-43.1626"
511,511-URCA X LEBLON (VIA JOQUEI) - CIRCULAR,Fetranspor,16,28079404,"-22.9444","-43.1628"
511,511-URCA X LEBLON (VIA JOQUEI) - CIRCULAR,Fetranspor,17,28079404,"-22.9454","-43.1634"
511,511-URCA X LEBLON (VIA JOQUEI) - CIRCULAR,Fetranspor,18,28079404,"-22.9454","-43.1634"
511,511-URCA X LEBLON (VIA JOQUEI) - CIRCULAR,Fetranspor,19,28079404,"-22.9456","-43.1636"
511,511-URCA X LEBLON (VIA JOQUEI) - CIRCULAR,Fetranspor,20,28079404,"-22.9457","-43.1636"
511,511-URCA X LEBLON (VIA JOQUEI) - CIRCULAR,Fetranspor,21,28079404,"-22.9458","-43.1637"
511,511-URCA X LEBLON (VIA JOQUEI) - CIRCULAR,Fetranspor,22,28079404,"-22.9459","-43.1637"
511,511-URCA X LEBLON (VIA JOQUEI) - CIRCULAR,Fetranspor,23,28079404,"-22.946","-43.1637"
511,511-URCA X LEBLON (VIA JOQUEI) - CIRCULAR,Fetranspor,24,28079404,"-22.9461","-43.1637"
511,511-URCA X LEBLON (VIA JOQUEI) - CIRCULAR,Fetranspor,25,28079404,"-22.9462","-43.1636"
511,511-URCA X LEBLON (VIA JOQUEI) - CIRCULAR,Fetranspor,26,28079404,"-22.9465","-43.1635"
511,511-URCA X LEBLON (VIA JOQUEI) - CIRCULAR,Fetranspor,27,28079404,"-22.9465","-43.1635"
511,511-URCA X LEBLON (VIA JOQUEI) - CIRCULAR,Fetranspor,28,28079404,"-22.947","-43.1631"
511,511-URCA X LEBLON (VIA JOQUEI) - CIRCULAR,Fetranspor,29,28079404,"-22.947","-43.1631"
511,511-URCA X LEBLON (VIA JOQUEI) - CIRCULAR,Fetranspor,30,28079404,"-22.9476","-43.1628"
511,511-URCA X LEBLON (VIA JOQUEI) - CIRCULAR,Fetranspor,31,28079404,"-22.9476","-43.1628"
511,511-URCA X LEBLON (VIA JOQUEI) - CIRCULAR,Fetranspor,32,28079404,"-22.9479","-43.1626"
511,511-URCA X LEBLON (VIA JOQUEI) - CIRCULAR,Fetranspor,33,28079404,"-22.948","-43.1626"
511,511-URCA X LEBLON (VIA JOQUEI) - CIRCULAR,Fetranspor,34,28079404,"-22.9481","-43.1626"
511,511-URCA X LEBLON (VIA JOQUEI) - CIRCULAR,Fetranspor,35,28079404,"-22.9481","-43.1626"
511,511-URCA X LEBLON (VIA JOQUEI) - CIRCULAR,Fetranspor,36,28079404,"-22.9482","-43.1626"
511,511-URCA X LEBLON (VIA JOQUEI) - CIRCULAR,Fetranspor,37,28079404,"-22.9482","-43.1626"
511,511-URCA X LEBLON (VIA JOQUEI) - CIRCULAR,Fetranspor,38,28079404,"-22.9483","-43.1627"
511,511-URCA X LEBLON (VIA JOQUEI) - CIRCULAR,Fetranspor,39,28079404,"-22.9483","-43.1628"
511,511-URCA X LEBLON (VIA JOQUEI) - CIRCULAR,Fetranspor,40,28079404,"-22.9485","-43.1635"
511,511-URCA X LEBLON (VIA JOQUEI) - CIRCULAR,Fetranspor,41,28079404,"-22.9485","-43.1635"
511,511-URCA X LEBLON (VIA JOQUEI) - CIRCULAR,Fetranspor,42,28079404,"-22.9485","-43.1636"
511,511-URCA X LEBLON (VIA JOQUEI) - CIRCULAR,Fetranspor,43,28079404,"-22.9485","-43.1636"
511,511-URCA X LEBLON (VIA JOQUEI) - CIRCULAR,Fetranspor,44,28079404,"-22.9485","-43.1636"
511,511-URCA X LEBLON (VIA JOQUEI) - CIRCULAR,Fetranspor,45,28079404,"-22.9485","-43.1637"
511,511-URCA X LEBLON (VIA JOQUEI) - CIRCULAR,Fetranspor,46,28079404,"-22.9484","-43.1637"
511,511-URCA X LEBLON (VIA JOQUEI) - CIRCULAR,Fetranspor,47,28079404,"-22.9483","-43.1639"
511,511-URCA X LEBLON (VIA JOQUEI) - CIRCULAR,Fetranspor,48,28079404,"-22.9483","-43.1639"
511,511-URCA X LEBLON (VIA JOQUEI) - CIRCULAR,Fetranspor,49,28079404,"-22.9481","-43.1642"
511,511-URCA X LEBLON (VIA JOQUEI) - CIRCULAR,Fetranspor,50,28079404,"-22.9481","-43.1642"
511,511-URCA X LEBLON (VIA JOQUEI) - CIRCULAR,Fetranspor,51,28079404,"-22.9479","-43.1643"
511,511-URCA X LEBLON (VIA JOQUEI) - CIRCULAR,Fetranspor,52,28079404,"-22.9479","-43.1644"
511,511-URCA X LEBLON (VIA JOQUEI) - CIRCULAR,Fetranspor,53,28079404,"-22.9479","-43.1645"
511,511-URCA X LEBLON (VIA JOQUEI) - CIRCULAR,Fetranspor,54,28079404,"-22.9478","-43.1646"
511,511-URCA X LEBLON (VIA JOQUEI) - CIRCULAR,Fetranspor,55,28079404,"-22.9478","-43.1648"
511,511-URCA X LEBLON (VIA JOQUEI) - CIRCULAR,Fetranspor,56,28079404,"-22.9478","-43.1649"
511,511-URCA X LEBLON (VIA JOQUEI) - CIRCULAR,Fetranspor,57,28079404,"-22.9479","-43.165"
511,511-URCA X LEBLON (VIA JOQUEI) - CIRCULAR,Fetranspor,58,28079404,"-22.948","-43.1652"
511,511-URCA X LEBLON (VIA JOQUEI) - CIRCULAR,Fetranspor,59,28079404,"-22.948","-43.1653"
511,511-URCA X LEBLON (VIA JOQUEI) - CIRCULAR,Fetranspor,60,28079404,"-22.9487","-43.1662"
511,511-URCA X LEBLON (VIA JOQUEI) - CIRCULAR,Fetranspor,61,28079404,"-22.9498","-43.1676"
511,511-URCA X LEBLON (VIA JOQUEI) - CIRCULAR,Fetranspor,62,28079404,"-22.9498","-43.1676"
511,511-URCA X LEBLON (VIA JOQUEI) - CIRCULAR,Fetranspor,63,28079404,"-22.9499","-43.1677"
511,511-URCA X LEBLON (VIA JOQUEI) - CIRCULAR,Fetranspor,64,28079404,"-22.95","-43.1677"
511,511-URCA X LEBLON (VIA JOQUEI) - CIRCULAR,Fetranspor,65,28079404,"-22.9505","-43.1678"
511,511-URCA X LEBLON (VIA JOQUEI) - CIRCULAR,Fetranspor,66,28079404,"-22.9506","-43.1679"
511,511-URCA X LEBLON (VIA JOQUEI) - CIRCULAR,Fetranspor,67,28079404,"-22.9507","-43.168"
511,511-URCA X LEBLON (VIA JOQUEI) - CIRCULAR,Fetranspor,68,28079404,"-22.9507","-43.168"
511,511-URCA X LEBLON (VIA JOQUEI) - CIRCULAR,Fetranspor,69,28079404,"-22.9509","-43.1682"
511,511-URCA X LEBLON (VIA JOQUEI) - CIRCULAR,Fetranspor,70,28079404,"-22.9509","-43.1682"
511,511-URCA X LEBLON (VIA JOQUEI) - CIRCULAR,Fetranspor,71,28079404,"-22.9514","-43.1687"
511,511-URCA X LEBLON (VIA JOQUEI) - CIRCULAR,Fetranspor,72,28079404,"-22.9514","-43.1687"
511,511-URCA X LEBLON (VIA JOQUEI) - CIRCULAR,Fetranspor,73,28079404,"-22.9523","-43.1684"
511,511-URCA X LEBLON (VIA JOQUEI) - CIRCULAR,Fetranspor,74,28079404,"-22.9523","-43.1684"
511,511-URCA X LEBLON (VIA JOQUEI) - CIRCULAR,Fetranspor,75,28079404,"-22.9531","-43.1681"
511,511-URCA X LEBLON (VIA JOQUEI) - CIRCULAR,Fetranspor,76,28079404,"-22.9531","-43.1681"
511,511-URCA X LEBLON (VIA JOQUEI) - CIRCULAR,Fetranspor,77,28079404,"-22.9531","-43.1682"
511,511-URCA X LEBLON (VIA JOQUEI) - CIRCULAR,Fetranspor,78,28079404,"-22.9531","-43.1682"
511,511-URCA X LEBLON (VIA JOQUEI) - CIRCULAR,Fetranspor,79,28079404,"-22.9531","-43.1682"
511,511-URCA X LEBLON (VIA JOQUEI) - CIRCULAR,Fetranspor,80,28079404,"-22.9531","-43.1682"
511,511-URCA X LEBLON (VIA JOQUEI) - CIRCULAR,Fetranspor,81,28079404,"-22.9532","-43.1682"
511,511-URCA X LEBLON (VIA JOQUEI) - CIRCULAR,Fetranspor,82,28079404,"-22.9532","-43.1683"
511,511-URCA X LEBLON (VIA JOQUEI) - CIRCULAR,Fetranspor,83,28079404,"-22.9533","-43.1682"
511,511-URCA X LEBLON (VIA JOQUEI) - CIRCULAR,Fetranspor,84,28079404,"-22.9533","-43.1682"
511,511-URCA X LEBLON (VIA JOQUEI) - CIRCULAR,Fetranspor,85,28079404,"-22.9533","-43.1681"
511,511-URCA X LEBLON (VIA JOQUEI) - CIRCULAR,Fetranspor,86,28079404,"-22.9533","-43.168"
511,511-URCA X LEBLON (VIA JOQUEI) - CIRCULAR,Fetranspor,87,28079404,"-22.9533","-43.168"
511,511-URCA X LEBLON (VIA JOQUEI) - CIRCULAR,Fetranspor,88,28079404,"-22.9541","-43.1678"
511,511-URCA X LEBLON (VIA JOQUEI) - CIRCULAR,Fetranspor,89,28079404,"-22.9542","-43.1678"
511,511-URCA X LEBLON (VIA JOQUEI) - CIRCULAR,Fetranspor,90,28079404,"-22.9543","-43.1678"
511,511-URCA X LEBLON (VIA JOQUEI) - CIRCULAR,Fetranspor,91,28079404,"-22.9543","-43.1678"
511,511-URCA X LEBLON (VIA JOQUEI) - CIRCULAR,Fetranspor,92,28079404,"-22.9538","-43.1694"
511,511-URCA X LEBLON (VIA JOQUEI) - CIRCULAR,Fetranspor,93,28079404,"-22.9536","-43.17"
511,511-URCA X LEBLON (VIA JOQUEI) - CIRCULAR,Fetranspor,94,28079404,"-22.9536","-43.17"
511,511-URCA X LEBLON (VIA JOQUEI) - CIRCULAR,Fetranspor,95,28079404,"-22.9534","-43.1708"
511,511-URCA X LEBLON (VIA JOQUEI) - CIRCULAR,Fetranspor,96,28079404,"-22.9532","-43.1712"
511,511-URCA X LEBLON (VIA JOQUEI) - CIRCULAR,Fetranspor,97,28079404,"-22.9532","-43.1712"
511,511-URCA X LEBLON (VIA JOQUEI) - CIRCULAR,Fetranspor,98,28079404,"-22.953","-43.1719"
511,511-URCA X LEBLON (VIA JOQUEI) - CIRCULAR,Fetranspor,99,28079404,"-22.9529","-43.1723"
511,511-URCA X LEBLON (VIA JOQUEI) - CIRCULAR,Fetranspor,100,28079404,"-22.9527","-43.1726"
511,511-URCA X LEBLON (VIA JOQUEI) - CIRCULAR,Fetranspor,101,28079404,"-22.9525","-43.1729"
511,511-URCA X LEBLON (VIA JOQUEI) - CIRCULAR,Fetranspor,102,28079404,"-22.9517","-43.1743"
511,511-URCA X LEBLON (VIA JOQUEI) - CIRCULAR,Fetranspor,103,28079404,"-22.9517","-43.1743"
511,511-URCA X LEBLON (VIA JOQUEI) - CIRCULAR,Fetranspor,104,28079404,"-22.9511","-43.1752"
511,511-URCA X LEBLON (VIA JOQUEI) - CIRCULAR,Fetranspor,105,28079404,"-22.9511","-43.1753"
511,511-URCA X LEBLON (VIA JOQUEI) - CIRCULAR,Fetranspor,106,28079404,"-22.9511","-43.1754"
511,511-URCA X LEBLON (VIA JOQUEI) - CIRCULAR,Fetranspor,107,28079404,"-22.9511","-43.1754"
511,511-URCA X LEBLON (VIA JOQUEI) - CIRCULAR,Fetranspor,108,28079404,"-22.951","-43.1755"
511,511-URCA X LEBLON (VIA JOQUEI) - CIRCULAR,Fetranspor,109,28079404,"-22.9509","-43.1757"
511,511-URCA X LEBLON (VIA JOQUEI) - CIRCULAR,Fetranspor,110,28079404,"-22.9506","-43.1761"
511,511-URCA X LEBLON (VIA JOQUEI) - CIRCULAR,Fetranspor,111,28079404,"-22.9506","-43.1761"
511,511-URCA X LEBLON (VIA JOQUEI) - CIRCULAR,Fetranspor,112,28079404,"-22.9505","-43.1764"
511,511-URCA X LEBLON (VIA JOQUEI) - CIRCULAR,Fetranspor,113,28079404,"-22.9504","-43.1766"
511,511-URCA X LEBLON (VIA JOQUEI) - CIRCULAR,Fetranspor,114,28079404,"-22.9502","-43.1769"
511,511-URCA X LEBLON (VIA JOQUEI) - CIRCULAR,Fetranspor,115,28079404,"-22.9502","-43.1769"
511,511-URCA X LEBLON (VIA JOQUEI) - CIRCULAR,Fetranspor,116,28079404,"-22.9501","-43.1773"
511,511-URCA X LEBLON (VIA JOQUEI) - CIRCULAR,Fetranspor,117,28079404,"-22.95","-43.1776"
511,511-URCA X LEBLON (VIA JOQUEI) - CIRCULAR,Fetranspor,118,28079404,"-22.95","-43.1777"
511,511-URCA X LEBLON (VIA JOQUEI) - CIRCULAR,Fetranspor,119,28079404,"-22.95","-43.178"
511,511-URCA X LEBLON (VIA JOQUEI) - CIRCULAR,Fetranspor,120,28079404,"-22.95","-43.1781"
511,511-URCA X LEBLON (VIA JOQUEI) - CIRCULAR,Fetranspor,121,28079404,"-22.9501","-43.1782"
511,511-URCA X LEBLON (VIA JOQUEI) - CIRCULAR,Fetranspor,122,28079404,"-22.9502","-43.1787"
511,511-URCA X LEBLON (VIA JOQUEI) - CIRCULAR,Fetranspor,123,28079404,"-22.9503","-43.1789"
511,511-URCA X LEBLON (VIA JOQUEI) - CIRCULAR,Fetranspor,124,28079404,"-22.9505","-43.1792"
511,511-URCA X LEBLON (VIA JOQUEI) - CIRCULAR,Fetranspor,125,28079404,"-22.9506","-43.1794"
511,511-URCA X LEBLON (VIA JOQUEI) - CIRCULAR,Fetranspor,126,28079404,"-22.9508","-43.18"
511,511-URCA X LEBLON (VIA JOQUEI) - CIRCULAR,Fetranspor,127,28079404,"-22.951","-43.1805"
511,511-URCA X LEBLON (VIA JOQUEI) - CIRCULAR,Fetranspor,128,28079404,"-22.951","-43.1805"
511,511-URCA X LEBLON (VIA JOQUEI) - CIRCULAR,Fetranspor,129,28079404,"-22.951","-43.1806"
511,511-URCA X LEBLON (VIA JOQUEI) - CIRCULAR,Fetranspor,130,28079404,"-22.951","-43.1807"
511,511-URCA X LEBLON (VIA JOQUEI) - CIRCULAR,Fetranspor,131,28079404,"-22.9509","-43.1808"
511,511-URCA X LEBLON (VIA JOQUEI) - CIRCULAR,Fetranspor,132,28079404,"-22.9509","-43.1809"
511,511-URCA X LEBLON (VIA JOQUEI) - CIRCULAR,Fetranspor,133,28079404,"-22.9508","-43.181"
511,511-URCA X LEBLON (VIA JOQUEI) - CIRCULAR,Fetranspor,134,28079404,"-22.9507","-43.1811"
511,511-URCA X LEBLON (VIA JOQUEI) - CIRCULAR,Fetranspor,135,28079404,"-22.9506","-43.1811"
511,511-URCA X LEBLON (VIA JOQUEI) - CIRCULAR,Fetranspor,136,28079404,"-22.9506","-43.1811"
511,511-URCA X LEBLON (VIA JOQUEI) - CIRCULAR,Fetranspor,137,28079404,"-22.9506","-43.1812"
511,511-URCA X LEBLON (VIA JOQUEI) - CIRCULAR,Fetranspor,138,28079404,"-22.9506","-43.1813"
511,511-URCA X LEBLON (VIA JOQUEI) - CIRCULAR,Fetranspor,139,28079404,"-22.9506","-43.1813"
511,511-URCA X LEBLON (VIA JOQUEI) - CIRCULAR,Fetranspor,140,28079404,"-22.9506","-43.1814"
511,511-URCA X LEBLON (VIA JOQUEI) - CIRCULAR,Fetranspor,141,28079404,"-22.9507","-43.1815"
511,511-URCA X LEBLON (VIA JOQUEI) - CIRCULAR,Fetranspor,142,28079404,"-22.9507","-43.1815"
511,511-URCA X LEBLON (VIA JOQUEI) - CIRCULAR,Fetranspor,143,28079404,"-22.951","-43.1819"
511,511-URCA X LEBLON (VIA JOQUEI) - CIRCULAR,Fetranspor,144,28079404,"-22.951","-43.1819"
511,511-URCA X LEBLON (VIA JOQUEI) - CIRCULAR,Fetranspor,145,28079404,"-22.9511","-43.1821"
511,511-URCA X LEBLON (VIA JOQUEI) - CIRCULAR,Fetranspor,146,28079404,"-22.9511","-43.1821"
511,511-URCA X LEBLON (VIA JOQUEI) - CIRCULAR,Fetranspor,147,28079404,"-22.9513","-43.1824"
511,511-URCA X LEBLON (VIA JOQUEI) - CIRCULAR,Fetranspor,148,28079404,"-22.9515","-43.1825"
511,511-URCA X LEBLON (VIA JOQUEI) - CIRCULAR,Fetranspor,149,28079404,"-22.9515","-43.1825"
511,511-URCA X LEBLON (VIA JOQUEI) - CIRCULAR,Fetranspor,150,28079404,"-22.9515","-43.1826"
511,511-URCA X LEBLON (VIA JOQUEI) - CIRCULAR,Fetranspor,151,28079404,"-22.9517","-43.1831"
511,511-URCA X LEBLON (VIA JOQUEI) - CIRCULAR,Fetranspor,152,28079404,"-22.9521","-43.1838"
511,511-URCA X LEBLON (VIA JOQUEI) - CIRCULAR,Fetranspor,153,28079404,"-22.9521","-43.1838"
511,511-URCA X LEBLON (VIA JOQUEI) - CIRCULAR,Fetranspor,154,28079404,"-22.9522","-43.1841"
511,511-URCA X LEBLON (VIA JOQUEI) - CIRCULAR,Fetranspor,155,28079404,"-22.9522","-43.1841"
511,511-URCA X LEBLON (VIA JOQUEI) - CIRCULAR,Fetranspor,156,28079404,"-22.9522","-43.1842"
511,511-URCA X LEBLON (VIA JOQUEI) - CIRCULAR,Fetranspor,157,28079404,"-22.9523","-43.1843"
511,511-URCA X LEBLON (VIA JOQUEI) - CIRCULAR,Fetranspor,158,28079404,"-22.9524","-43.1844"
511,511-URCA X LEBLON (VIA JOQUEI) - CIRCULAR,Fetranspor,159,28079404,"-22.9527","-43.1847"
511,511-URCA X LEBLON (VIA JOQUEI) - CIRCULAR,Fetranspor,160,28079404,"-22.9533","-43.1854"
511,511-URCA X LEBLON (VIA JOQUEI) - CIRCULAR,Fetranspor,161,28079404,"-22.9533","-43.1854"
511,511-URCA X LEBLON (VIA JOQUEI) - CIRCULAR,Fetranspor,162,28079404,"-22.9538","-43.1859"
511,511-URCA X LEBLON (VIA JOQUEI) - CIRCULAR,Fetranspor,163,28079404,"-22.9538","-43.1859"
511,511-URCA X LEBLON (VIA JOQUEI) - CIRCULAR,Fetranspor,164,28079404,"-22.9541","-43.1863"
511,511-URCA X LEBLON (VIA JOQUEI) - CIRCULAR,Fetranspor,165,28079404,"-22.9541","-43.1864"
511,511-URCA X LEBLON (VIA JOQUEI) - CIRCULAR,Fetranspor,166,28079404,"-22.9542","-43.1865"
511,511-URCA X LEBLON (VIA JOQUEI) - CIRCULAR,Fetranspor,167,28079404,"-22.9542","-43.1865"
511,511-URCA X LEBLON (VIA JOQUEI) - CIRCULAR,Fetranspor,168,28079404,"-22.9543","-43.1868"
511,511-URCA X LEBLON (VIA JOQUEI) - CIRCULAR,Fetranspor,169,28079404,"-22.9543","-43.1868"
511,511-URCA X LEBLON (VIA JOQUEI) - CIRCULAR,Fetranspor,170,28079404,"-22.9548","-43.1879"
511,511-URCA X LEBLON (VIA JOQUEI) - CIRCULAR,Fetranspor,171,28079404,"-22.9548","-43.1879"
511,511-URCA X LEBLON (VIA JOQUEI) - CIRCULAR,Fetranspor,172,28079404,"-22.9553","-43.1889"
511,511-URCA X LEBLON (VIA JOQUEI) - CIRCULAR,Fetranspor,173,28079404,"-22.9553","-43.1889"
511,511-URCA X LEBLON (VIA JOQUEI) - CIRCULAR,Fetranspor,174,28079404,"-22.9558","-43.19"
511,511-URCA X LEBLON (VIA JOQUEI) - CIRCULAR,Fetranspor,175,28079404,"-22.9558","-43.19"
511,511-URCA X LEBLON (VIA JOQUEI) - CIRCULAR,Fetranspor,176,28079404,"-22.9567","-43.192"
511,511-URCA X LEBLON (VIA JOQUEI) - CIRCULAR,Fetranspor,177,28079404,"-22.9567","-43.192"
511,511-URCA X LEBLON (VIA JOQUEI) - CIRCULAR,Fetranspor,178,28079404,"-22.9573","-43.1935"
511,511-URCA X LEBLON (VIA JOQUEI) - CIRCULAR,Fetranspor,179,28079404,"-22.9576","-43.1944"
511,511-URCA X LEBLON (VIA JOQUEI) - CIRCULAR,Fetranspor,180,28079404,"-22.9576","-43.1944"
511,511-URCA X LEBLON (VIA JOQUEI) - CIRCULAR,Fetranspor,181,28079404,"-22.9567","-43.1947"
511,511-URCA X LEBLON (VIA JOQUEI) - CIRCULAR,Fetranspor,182,28079404,"-22.9567","-43.1947"
511,511-URCA X LEBLON (VIA JOQUEI) - CIRCULAR,Fetranspor,183,28079404,"-22.9552","-43.1953"
511,511-URCA X LEBLON (VIA JOQUEI) - CIRCULAR,Fetranspor,184,28079404,"-22.9552","-43.1953"
511,511-URCA X LEBLON (VIA JOQUEI) - CIRCULAR,Fetranspor,185,28079404,"-22.9543","-43.1956"
511,511-URCA X LEBLON (VIA JOQUEI) - CIRCULAR,Fetranspor,186,28079404,"-22.9543","-43.1956"
511,511-URCA X LEBLON (VIA JOQUEI) - CIRCULAR,Fetranspor,187,28079404,"-22.9528","-43.1962"
511,511-URCA X LEBLON (VIA JOQUEI) - CIRCULAR,Fetranspor,188,28079404,"-22.9528","-43.1962"
511,511-URCA X LEBLON (VIA JOQUEI) - CIRCULAR,Fetranspor,189,28079404,"-22.9528","-43.1962"
511,511-URCA X LEBLON (VIA JOQUEI) - CIRCULAR,Fetranspor,190,28079404,"-22.9525","-43.1963"
511,511-URCA X LEBLON (VIA JOQUEI) - CIRCULAR,Fetranspor,191,28079404,"-22.9525","-43.1963"
511,511-URCA X LEBLON (VIA JOQUEI) - CIRCULAR,Fetranspor,192,28079404,"-22.9527","-43.1964"
511,511-URCA X LEBLON (VIA JOQUEI) - CIRCULAR,Fetranspor,193,28079404,"-22.9527","-43.1964"
511,511-URCA X LEBLON (VIA JOQUEI) - CIRCULAR,Fetranspor,194,28079404,"-22.9537","-43.197"
511,511-URCA X LEBLON (VIA JOQUEI) - CIRCULAR,Fetranspor,195,28079404,"-22.9537","-43.197"
511,511-URCA X LEBLON (VIA JOQUEI) - CIRCULAR,Fetranspor,196,28079404,"-22.954","-43.1971"
511,511-URCA X LEBLON (VIA JOQUEI) - CIRCULAR,Fetranspor,197,28079404,"-22.954","-43.1971"
511,511-URCA X LEBLON (VIA JOQUEI) - CIRCULAR,Fetranspor,198,28079404,"-22.9544","-43.1974"
511,511-URCA X LEBLON (VIA JOQUEI) - CIRCULAR,Fetranspor,199,28079404,"-22.9547","-43.1976"
511,511-URCA X LEBLON (VIA JOQUEI) - CIRCULAR,Fetranspor,200,28079404,"-22.9547","-43.1976"
511,511-URCA X LEBLON (VIA JOQUEI) - CIRCULAR,Fetranspor,201,28079404,"-22.955","-43.1978"
511,511-URCA X LEBLON (VIA JOQUEI) - CIRCULAR,Fetranspor,202,28079404,"-22.955","-43.1978"
511,511-URCA X LEBLON (VIA JOQUEI) - CIRCULAR,Fetranspor,203,28079404,"-22.9553","-43.198"
511,511-URCA X LEBLON (VIA JOQUEI) - CIRCULAR,Fetranspor,204,28079404,"-22.9556","-43.1981"
511,511-URCA X LEBLON (VIA JOQUEI) - CIRCULAR,Fetranspor,205,28079404,"-22.9556","-43.1981"
511,511-URCA X LEBLON (VIA JOQUEI) - CIRCULAR,Fetranspor,206,28079404,"-22.9556","-43.1981"
511,511-URCA X LEBLON (VIA JOQUEI) - CIRCULAR,Fetranspor,207,28079404,"-22.9556","-43.1981"
511,511-URCA X LEBLON (VIA JOQUEI) - CIRCULAR,Fetranspor,208,28079404,"-22.9564","-43.1985"
511,511-URCA X LEBLON (VIA JOQUEI) - CIRCULAR,Fetranspor,209,28079404,"-22.9564","-43.1985"
511,511-URCA X LEBLON (VIA JOQUEI) - CIRCULAR,Fetranspor,210,28079404,"-22.9565","-43.1986"
511,511-URCA X LEBLON (VIA JOQUEI) - CIRCULAR,Fetranspor,211,28079404,"-22.9565","-43.1986"
511,511-URCA X LEBLON (VIA JOQUEI) - CIRCULAR,Fetranspor,212,28079404,"-22.9568","-43.1987"
511,511-URCA X LEBLON (VIA JOQUEI) - CIRCULAR,Fetranspor,213,28079404,"-22.9572","-43.199"
511,511-URCA X LEBLON (VIA JOQUEI) - CIRCULAR,Fetranspor,214,28079404,"-22.9572","-43.199"
511,511-URCA X LEBLON (VIA JOQUEI) - CIRCULAR,Fetranspor,215,28079404,"-22.9577","-43.1993"
511,511-URCA X LEBLON (VIA JOQUEI) - CIRCULAR,Fetranspor,216,28079404,"-22.9577","-43.1993"
511,511-URCA X LEBLON (VIA JOQUEI) - CIRCULAR,Fetranspor,217,28079404,"-22.9581","-43.1997"
511,511-URCA X LEBLON (VIA JOQUEI) - CIRCULAR,Fetranspor,218,28079404,"-22.9581","-43.1997"
511,511-URCA X LEBLON (VIA JOQUEI) - CIRCULAR,Fetranspor,219,28079404,"-22.9585","-43.1999"
511,511-URCA X LEBLON (VIA JOQUEI) - CIRCULAR,Fetranspor,220,28079404,"-22.9587","-43.2001"
511,511-URCA X LEBLON (VIA JOQUEI) - CIRCULAR,Fetranspor,221,28079404,"-22.9587","-43.2001"
511,511-URCA X LEBLON (VIA JOQUEI) - CIRCULAR,Fetranspor,222,28079404,"-22.9587","-43.2002"
511,511-URCA X LEBLON (VIA JOQUEI) - CIRCULAR,Fetranspor,223,28079404,"-22.9588","-43.2003"
511,511-URCA X LEBLON (VIA JOQUEI) - CIRCULAR,Fetranspor,224,28079404,"-22.9593","-43.2013"
511,511-URCA X LEBLON (VIA JOQUEI) - CIRCULAR,Fetranspor,225,28079404,"-22.9593","-43.2013"
511,511-URCA X LEBLON (VIA JOQUEI) - CIRCULAR,Fetranspor,226,28079404,"-22.9597","-43.2019"
511,511-URCA X LEBLON (VIA JOQUEI) - CIRCULAR,Fetranspor,227,28079404,"-22.9599","-43.2024"
511,511-URCA X LEBLON (VIA JOQUEI) - CIRCULAR,Fetranspor,228,28079404,"-22.96","-43.2026"
511,511-URCA X LEBLON (VIA JOQUEI) - CIRCULAR,Fetranspor,229,28079404,"-22.9601","-43.2029"
511,511-URCA X LEBLON (VIA JOQUEI) - CIRCULAR,Fetranspor,230,28079404,"-22.9601","-43.2029"
511,511-URCA X LEBLON (VIA JOQUEI) - CIRCULAR,Fetranspor,231,28079404,"-22.9601","-43.2032"
511,511-URCA X LEBLON (VIA JOQUEI) - CIRCULAR,Fetranspor,232,28079404,"-22.9601","-43.2035"
511,511-URCA X LEBLON (VIA JOQUEI) - CIRCULAR,Fetranspor,233,28079404,"-22.9601","-43.2035"
511,511-URCA X LEBLON (VIA JOQUEI) - CIRCULAR,Fetranspor,234,28079404,"-22.9602","-43.204"
511,511-URCA X LEBLON (VIA JOQUEI) - CIRCULAR,Fetranspor,235,28079404,"-22.9602","-43.204"
511,511-URCA X LEBLON (VIA JOQUEI) - CIRCULAR,Fetranspor,236,28079404,"-22.9602","-43.2042"
511,511-URCA X LEBLON (VIA JOQUEI) - CIRCULAR,Fetranspor,237,28079404,"-22.9602","-43.2042"
511,511-URCA X LEBLON (VIA JOQUEI) - CIRCULAR,Fetranspor,238,28079404,"-22.9602","-43.2043"
511,511-URCA X LEBLON (VIA JOQUEI) - CIRCULAR,Fetranspor,239,28079404,"-22.9602","-43.2043"
511,511-URCA X LEBLON (VIA JOQUEI) - CIRCULAR,Fetranspor,240,28079404,"-22.9603","-43.2043"
511,511-URCA X LEBLON (VIA JOQUEI) - CIRCULAR,Fetranspor,241,28079404,"-22.9603","-43.2043"
511,511-URCA X LEBLON (VIA JOQUEI) - CIRCULAR,Fetranspor,242,28079404,"-22.9603","-43.2051"
511,511-URCA X LEBLON (VIA JOQUEI) - CIRCULAR,Fetranspor,243,28079404,"-22.9603","-43.2051"
511,511-URCA X LEBLON (VIA JOQUEI) - CIRCULAR,Fetranspor,244,28079404,"-22.9604","-43.206"
511,511-URCA X LEBLON (VIA JOQUEI) - CIRCULAR,Fetranspor,245,28079404,"-22.9604","-43.206"
511,511-URCA X LEBLON (VIA JOQUEI) - CIRCULAR,Fetranspor,246,28079404,"-22.9605","-43.2065"
511,511-URCA X LEBLON (VIA JOQUEI) - CIRCULAR,Fetranspor,247,28079404,"-22.9605","-43.2065"
511,511-URCA X LEBLON (VIA JOQUEI) - CIRCULAR,Fetranspor,248,28079404,"-22.9606","-43.207"
511,511-URCA X LEBLON (VIA JOQUEI) - CIRCULAR,Fetranspor,249,28079404,"-22.9606","-43.207"
511,511-URCA X LEBLON (VIA JOQUEI) - CIRCULAR,Fetranspor,250,28079404,"-22.9607","-43.208"
511,511-URCA X LEBLON (VIA JOQUEI) - CIRCULAR,Fetranspor,251,28079404,"-22.9607","-43.208"
511,511-URCA X LEBLON (VIA JOQUEI) - CIRCULAR,Fetranspor,252,28079404,"-22.9607","-43.2088"
511,511-URCA X LEBLON (VIA JOQUEI) - CIRCULAR,Fetranspor,253,28079404,"-22.9607","-43.2088"
511,511-URCA X LEBLON (VIA JOQUEI) - CIRCULAR,Fetranspor,254,28079404,"-22.9608","-43.2095"
511,511-URCA X LEBLON (VIA JOQUEI) - CIRCULAR,Fetranspor,255,28079404,"-22.9609","-43.2101"
511,511-URCA X LEBLON (VIA JOQUEI) - CIRCULAR,Fetranspor,256,28079404,"-22.9609","-43.2101"
511,511-URCA X LEBLON (VIA JOQUEI) - CIRCULAR,Fetranspor,257,28079404,"-22.961","-43.2116"
511,511-URCA X LEBLON (VIA JOQUEI) - CIRCULAR,Fetranspor,258,28079404,"-22.961","-43.2116"
511,511-URCA X LEBLON (VIA JOQUEI) - CIRCULAR,Fetranspor,259,28079404,"-22.9612","-43.2127"
511,511-URCA X LEBLON (VIA JOQUEI) - CIRCULAR,Fetranspor,260,28079404,"-22.9612","-43.2127"
511,511-URCA X LEBLON (VIA JOQUEI) - CIRCULAR,Fetranspor,261,28079404,"-22.9613","-43.2136"
511,511-URCA X LEBLON (VIA JOQUEI) - CIRCULAR,Fetranspor,262,28079404,"-22.9613","-43.2136"
511,511-URCA X LEBLON (VIA JOQUEI) - CIRCULAR,Fetranspor,263,28079404,"-22.9614","-43.214"
511,511-URCA X LEBLON (VIA JOQUEI) - CIRCULAR,Fetranspor,264,28079404,"-22.9614","-43.2142"
511,511-URCA X LEBLON (VIA JOQUEI) - CIRCULAR,Fetranspor,265,28079404,"-22.9614","-43.2143"
511,511-URCA X LEBLON (VIA JOQUEI) - CIRCULAR,Fetranspor,266,28079404,"-22.9614","-43.2143"
511,511-URCA X LEBLON (VIA JOQUEI) - CIRCULAR,Fetranspor,267,28079404,"-22.9615","-43.2144"
511,511-URCA X LEBLON (VIA JOQUEI) - CIRCULAR,Fetranspor,268,28079404,"-22.9616","-43.2145"
511,511-URCA X LEBLON (VIA JOQUEI) - CIRCULAR,Fetranspor,269,28079404,"-22.9616","-43.2147"
511,511-URCA X LEBLON (VIA JOQUEI) - CIRCULAR,Fetranspor,270,28079404,"-22.9617","-43.2149"
511,511-URCA X LEBLON (VIA JOQUEI) - CIRCULAR,Fetranspor,271,28079404,"-22.9617","-43.2149"
511,511-URCA X LEBLON (VIA JOQUEI) - CIRCULAR,Fetranspor,272,28079404,"-22.9618","-43.2151"
511,511-URCA X LEBLON (VIA JOQUEI) - CIRCULAR,Fetranspor,273,28079404,"-22.9619","-43.2153"
511,511-URCA X LEBLON (VIA JOQUEI) - CIRCULAR,Fetranspor,274,28079404,"-22.962","-43.2154"
511,511-URCA X LEBLON (VIA JOQUEI) - CIRCULAR,Fetranspor,275,28079404,"-22.962","-43.2154"
511,511-URCA X LEBLON (VIA JOQUEI) - CIRCULAR,Fetranspor,276,28079404,"-22.9622","-43.2155"
511,511-URCA X LEBLON (VIA JOQUEI) - CIRCULAR,Fetranspor,277,28079404,"-22.9625","-43.2159"
511,511-URCA X LEBLON (VIA JOQUEI) - CIRCULAR,Fetranspor,278,28079404,"-22.9625","-43.2159"
511,511-URCA X LEBLON (VIA JOQUEI) - CIRCULAR,Fetranspor,279,28079404,"-22.963","-43.2164"
511,511-URCA X LEBLON (VIA JOQUEI) - CIRCULAR,Fetranspor,280,28079404,"-22.963","-43.2164"
511,511-URCA X LEBLON (VIA JOQUEI) - CIRCULAR,Fetranspor,281,28079404,"-22.9634","-43.2167"
511,511-URCA X LEBLON (VIA JOQUEI) - CIRCULAR,Fetranspor,282,28079404,"-22.9634","-43.2167"
511,511-URCA X LEBLON (VIA JOQUEI) - CIRCULAR,Fetranspor,283,28079404,"-22.9636","-43.2169"
511,511-URCA X LEBLON (VIA JOQUEI) - CIRCULAR,Fetranspor,284,28079404,"-22.9636","-43.2169"
511,511-URCA X LEBLON (VIA JOQUEI) - CIRCULAR,Fetranspor,285,28079404,"-22.9641","-43.2174"
511,511-URCA X LEBLON (VIA JOQUEI) - CIRCULAR,Fetranspor,286,28079404,"-22.9641","-43.2174"
511,511-URCA X LEBLON (VIA JOQUEI) - CIRCULAR,Fetranspor,287,28079404,"-22.9642","-43.2175"
511,511-URCA X LEBLON (VIA JOQUEI) - CIRCULAR,Fetranspor,288,28079404,"-22.9642","-43.2175"
511,511-URCA X LEBLON (VIA JOQUEI) - CIRCULAR,Fetranspor,289,28079404,"-22.9642","-43.2175"
511,511-URCA X LEBLON (VIA JOQUEI) - CIRCULAR,Fetranspor,290,28079404,"-22.9642","-43.2175"
511,511-URCA X LEBLON (VIA JOQUEI) - CIRCULAR,Fetranspor,291,28079404,"-22.9648","-43.218"
511,511-URCA X LEBLON (VIA JOQUEI) - CIRCULAR,Fetranspor,292,28079404,"-22.9653","-43.2186"
511,511-URCA X LEBLON (VIA JOQUEI) - CIRCULAR,Fetranspor,293,28079404,"-22.9653","-43.2186"
511,511-URCA X LEBLON (VIA JOQUEI) - CIRCULAR,Fetranspor,294,28079404,"-22.9664","-43.2194"
511,511-URCA X LEBLON (VIA JOQUEI) - CIRCULAR,Fetranspor,295,28079404,"-22.9664","-43.2194"
511,511-URCA X LEBLON (VIA JOQUEI) - CIRCULAR,Fetranspor,296,28079404,"-22.9664","-43.2194"
511,511-URCA X LEBLON (VIA JOQUEI) - CIRCULAR,Fetranspor,297,28079404,"-22.9664","-43.2194"
511,511-URCA X LEBLON (VIA JOQUEI) - CIRCULAR,Fetranspor,298,28079404,"-22.9665","-43.2195"
511,511-URCA X LEBLON (VIA JOQUEI) - CIRCULAR,Fetranspor,299,28079404,"-22.9665","-43.2195"
511,511-URCA X LEBLON (VIA JOQUEI) - CIRCULAR,Fetranspor,300,28079404,"-22.9698","-43.2222"
511,511-URCA X LEBLON (VIA JOQUEI) - CIRCULAR,Fetranspor,301,28079404,"-22.9723","-43.2244"
511,511-URCA X LEBLON (VIA JOQUEI) - CIRCULAR,Fetranspor,302,28079404,"-22.9724","-43.2245"
511,511-URCA X LEBLON (VIA JOQUEI) - CIRCULAR,Fetranspor,303,28079404,"-22.9724","-43.2245"
511,511-URCA X LEBLON (VIA JOQUEI) - CIRCULAR,Fetranspor,304,28079404,"-22.9727","-43.2249"
511,511-URCA X LEBLON (VIA JOQUEI) - CIRCULAR,Fetranspor,305,28079404,"-22.9731","-43.2253"
511,511-URCA X LEBLON (VIA JOQUEI) - CIRCULAR,Fetranspor,306,28079404,"-22.9731","-43.2253"
511,511-URCA X LEBLON (VIA JOQUEI) - CIRCULAR,Fetranspor,307,28079404,"-22.9734","-43.2256"
511,511-URCA X LEBLON (VIA JOQUEI) - CIRCULAR,Fetranspor,308,28079404,"-22.9738","-43.226"
511,511-URCA X LEBLON (VIA JOQUEI) - CIRCULAR,Fetranspor,309,28079404,"-22.9742","-43.2262"
511,511-URCA X LEBLON (VIA JOQUEI) - CIRCULAR,Fetranspor,310,28079404,"-22.9742","-43.2262"
511,511-URCA X LEBLON (VIA JOQUEI) - CIRCULAR,Fetranspor,311,28079404,"-22.9743","-43.2262"
511,511-URCA X LEBLON (VIA JOQUEI) - CIRCULAR,Fetranspor,312,28079404,"-22.9743","-43.2262"
511,511-URCA X LEBLON (VIA JOQUEI) - CIRCULAR,Fetranspor,313,28079404,"-22.9744","-43.2262"
511,511-URCA X LEBLON (VIA JOQUEI) - CIRCULAR,Fetranspor,314,28079404,"-22.9744","-43.2262"
511,511-URCA X LEBLON (VIA JOQUEI) - CIRCULAR,Fetranspor,315,28079404,"-22.9745","-43.2262"
511,511-URCA X LEBLON (VIA JOQUEI) - CIRCULAR,Fetranspor,316,28079404,"-22.9747","-43.2262"
511,511-URCA X LEBLON (VIA JOQUEI) - CIRCULAR,Fetranspor,317,28079404,"-22.9747","-43.2262"
511,511-URCA X LEBLON (VIA JOQUEI) - CIRCULAR,Fetranspor,318,28079404,"-22.9765","-43.2262"
511,511-URCA X LEBLON (VIA JOQUEI) - CIRCULAR,Fetranspor,319,28079404,"-22.9765","-43.2262"
511,511-URCA X LEBLON (VIA JOQUEI) - CIRCULAR,Fetranspor,320,28079404,"-22.9776","-43.2262"
511,511-URCA X LEBLON (VIA JOQUEI) - CIRCULAR,Fetranspor,321,28079404,"-22.9776","-43.2262"
511,511-URCA X LEBLON (VIA JOQUEI) - CIRCULAR,Fetranspor,322,28079404,"-22.9779","-43.2263"
511,511-URCA X LEBLON (VIA JOQUEI) - CIRCULAR,Fetranspor,323,28079404,"-22.9779","-43.2263"
511,511-URCA X LEBLON (VIA JOQUEI) - CIRCULAR,Fetranspor,324,28079404,"-22.9782","-43.2265"
511,511-URCA X LEBLON (VIA JOQUEI) - CIRCULAR,Fetranspor,325,28079404,"-22.9783","-43.2265"
511,511-URCA X LEBLON (VIA JOQUEI) - CIRCULAR,Fetranspor,326,28079404,"-22.9783","-43.2266"
511,511-URCA X LEBLON (VIA JOQUEI) - CIRCULAR,Fetranspor,327,28079404,"-22.9783","-43.2266"
511,511-URCA X LEBLON (VIA JOQUEI) - CIRCULAR,Fetranspor,328,28079404,"-22.9785","-43.2266"
511,511-URCA X LEBLON (VIA JOQUEI) - CIRCULAR,Fetranspor,329,28079404,"-22.9785","-43.2266"
511,511-URCA X LEBLON (VIA JOQUEI) - CIRCULAR,Fetranspor,330,28079404,"-22.9788","-43.2266"
511,511-URCA X LEBLON (VIA JOQUEI) - CIRCULAR,Fetranspor,331,28079404,"-22.9788","-43.2266"
511,511-URCA X LEBLON (VIA JOQUEI) - CIRCULAR,Fetranspor,332,28079404,"-22.9797","-43.2266"
511,511-URCA X LEBLON (VIA JOQUEI) - CIRCULAR,Fetranspor,333,28079404,"-22.9797","-43.2266"
511,511-URCA X LEBLON (VIA JOQUEI) - CIRCULAR,Fetranspor,334,28079404,"-22.9809","-43.2267"
511,511-URCA X LEBLON (VIA JOQUEI) - CIRCULAR,Fetranspor,335,28079404,"-22.9814","-43.2267"
511,511-URCA X LEBLON (VIA JOQUEI) - CIRCULAR,Fetranspor,336,28079404,"-22.9815","-43.2268"
511,511-URCA X LEBLON (VIA JOQUEI) - CIRCULAR,Fetranspor,337,28079404,"-22.9815","-43.2268"
511,511-URCA X LEBLON (VIA JOQUEI) - CIRCULAR,Fetranspor,338,28079404,"-22.9816","-43.2268"
511,511-URCA X LEBLON (VIA JOQUEI) - CIRCULAR,Fetranspor,339,28079404,"-22.9817","-43.2268"
511,511-URCA X LEBLON (VIA JOQUEI) - CIRCULAR,Fetranspor,340,28079404,"-22.9819","-43.2269"
511,511-URCA X LEBLON (VIA JOQUEI) - CIRCULAR,Fetranspor,341,28079404,"-22.9832","-43.2281"
511,511-URCA X LEBLON (VIA JOQUEI) - CIRCULAR,Fetranspor,342,28079404,"-22.9832","-43.2281"
511,511-URCA X LEBLON (VIA JOQUEI) - CIRCULAR,Fetranspor,343,28079404,"-22.9843","-43.2291"
511,511-URCA X LEBLON (VIA JOQUEI) - CIRCULAR,Fetranspor,344,28079404,"-22.9844","-43.2292"
511,511-URCA X LEBLON (VIA JOQUEI) - CIRCULAR,Fetranspor,345,28079404,"-22.9844","-43.2292"
511,511-URCA X LEBLON (VIA JOQUEI) - CIRCULAR,Fetranspor,346,28079404,"-22.9847","-43.2294"
511,511-URCA X LEBLON (VIA JOQUEI) - CIRCULAR,Fetranspor,347,28079404,"-22.9847","-43.2294"
511,511-URCA X LEBLON (VIA JOQUEI) - CIRCULAR,Fetranspor,348,28079404,"-22.9848","-43.2294"
511,511-URCA X LEBLON (VIA JOQUEI) - CIRCULAR,Fetranspor,349,28079404,"-22.985","-43.2295"
511,511-URCA X LEBLON (VIA JOQUEI) - CIRCULAR,Fetranspor,350,28079404,"-22.9851","-43.2296"
511,511-URCA X LEBLON (VIA JOQUEI) - CIRCULAR,Fetranspor,351,28079404,"-22.9854","-43.2296"
511,511-URCA X LEBLON (VIA JOQUEI) - CIRCULAR,Fetranspor,352,28079404,"-22.9856","-43.2297"
511,511-URCA X LEBLON (VIA JOQUEI) - CIRCULAR,Fetranspor,353,28079404,"-22.9858","-43.2297"
511,511-URCA X LEBLON (VIA JOQUEI) - CIRCULAR,Fetranspor,354,28079404,"-22.986","-43.2296"
511,511-URCA X LEBLON (VIA JOQUEI) - CIRCULAR,Fetranspor,355,28079404,"-22.9862","-43.2296"
511,511-URCA X LEBLON (VIA JOQUEI) - CIRCULAR,Fetranspor,356,28079404,"-22.9864","-43.2296"
511,511-URCA X LEBLON (VIA JOQUEI) - CIRCULAR,Fetranspor,357,28079404,"-22.9866","-43.2295"
511,511-URCA X LEBLON (VIA JOQUEI) - CIRCULAR,Fetranspor,358,28079404,"-22.9866","-43.2295"
511,511-URCA X LEBLON (VIA JOQUEI) - CIRCULAR,Fetranspor,359,28079404,"-22.9867","-43.2295"
511,511-URCA X LEBLON (VIA JOQUEI) - CIRCULAR,Fetranspor,360,28079404,"-22.9867","-43.2295"
511,511-URCA X LEBLON (VIA JOQUEI) - CIRCULAR,Fetranspor,361,28079404,"-22.9869","-43.2293"
511,511-URCA X LEBLON (VIA JOQUEI) - CIRCULAR,Fetranspor,362,28079404,"-22.9871","-43.2292"
511,511-URCA X LEBLON (VIA JOQUEI) - CIRCULAR,Fetranspor,363,28079404,"-22.9877","-43.2287"
511,511-URCA X LEBLON (VIA JOQUEI) - CIRCULAR,Fetranspor,364,28079404,"-22.9877","-43.2287"
511,511-URCA X LEBLON (VIA JOQUEI) - CIRCULAR,Fetranspor,365,28079404,"-22.988","-43.2285"
511,511-URCA X LEBLON (VIA JOQUEI) - CIRCULAR,Fetranspor,366,28079404,"-22.988","-43.2285"
511,511-URCA X LEBLON (VIA JOQUEI) - CIRCULAR,Fetranspor,367,28079404,"-22.9884","-43.2281"
511,511-URCA X LEBLON (VIA JOQUEI) - CIRCULAR,Fetranspor,368,28079404,"-22.9884","-43.2281"
511,511-URCA X LEBLON (VIA JOQUEI) - CIRCULAR,Fetranspor,369,28079404,"-22.9885","-43.228"
511,511-URCA X LEBLON (VIA JOQUEI) - CIRCULAR,Fetranspor,370,28079404,"-22.9885","-43.228"
511,511-URCA X LEBLON (VIA JOQUEI) - CIRCULAR,Fetranspor,371,28079404,"-22.9885","-43.2278"
511,511-URCA X LEBLON (VIA JOQUEI) - CIRCULAR,Fetranspor,372,28079404,"-22.9885","-43.2277"
511,511-URCA X LEBLON (VIA JOQUEI) - CIRCULAR,Fetranspor,373,28079404,"-22.9885","-43.2276"
511,511-URCA X LEBLON (VIA JOQUEI) - CIRCULAR,Fetranspor,374,28079404,"-22.9884","-43.2274"
511,511-URCA X LEBLON (VIA JOQUEI) - CIRCULAR,Fetranspor,375,28079404,"-22.9884","-43.2274"
511,511-URCA X LEBLON (VIA JOQUEI) - CIRCULAR,Fetranspor,376,28079404,"-22.988","-43.2263"
511,511-URCA X LEBLON (VIA JOQUEI) - CIRCULAR,Fetranspor,377,28079404,"-22.9877","-43.2256"
511,511-URCA X LEBLON (VIA JOQUEI) - CIRCULAR,Fetranspor,378,28079404,"-22.9876","-43.2252"
511,511-URCA X LEBLON (VIA JOQUEI) - CIRCULAR,Fetranspor,379,28079404,"-22.9875","-43.2248"
511,511-URCA X LEBLON (VIA JOQUEI) - CIRCULAR,Fetranspor,380,28079404,"-22.9872","-43.223"
511,511-URCA X LEBLON (VIA JOQUEI) - CIRCULAR,Fetranspor,381,28079404,"-22.9872","-43.223"
511,511-URCA X LEBLON (VIA JOQUEI) - CIRCULAR,Fetranspor,382,28079404,"-22.9871","-43.2224"
511,511-URCA X LEBLON (VIA JOQUEI) - CIRCULAR,Fetranspor,383,28079404,"-22.9869","-43.221"
511,511-URCA X LEBLON (VIA JOQUEI) - CIRCULAR,Fetranspor,384,28079404,"-22.9868","-43.2204"
511,511-URCA X LEBLON (VIA JOQUEI) - CIRCULAR,Fetranspor,385,28079404,"-22.9867","-43.2192"
511,511-URCA X LEBLON (VIA JOQUEI) - CIRCULAR,Fetranspor,386,28079404,"-22.9865","-43.2174"
511,511-URCA X LEBLON (VIA JOQUEI) - CIRCULAR,Fetranspor,387,28079404,"-22.9865","-43.2174"
511,511-URCA X LEBLON (VIA JOQUEI) - CIRCULAR,Fetranspor,388,28079404,"-22.9863","-43.2157"
511,511-URCA X LEBLON (VIA JOQUEI) - CIRCULAR,Fetranspor,389,28079404,"-22.9863","-43.2157"
511,511-URCA X LEBLON (VIA JOQUEI) - CIRCULAR,Fetranspor,390,28079404,"-22.9861","-43.2145"
511,511-URCA X LEBLON (VIA JOQUEI) - CIRCULAR,Fetranspor,391,28079404,"-22.9861","-43.2141"
511,511-URCA X LEBLON (VIA JOQUEI) - CIRCULAR,Fetranspor,392,28079404,"-22.9861","-43.2139"
511,511-URCA X LEBLON (VIA JOQUEI) - CIRCULAR,Fetranspor,393,28079404,"-22.9861","-43.2139"
511,511-URCA X LEBLON (VIA JOQUEI) - CIRCULAR,Fetranspor,394,28079404,"-22.9861","-43.2138"
511,511-URCA X LEBLON (VIA JOQUEI) - CIRCULAR,Fetranspor,395,28079404,"-22.9861","-43.2138"
511,511-URCA X LEBLON (VIA JOQUEI) - CIRCULAR,Fetranspor,396,28079404,"-22.986","-43.2137"
511,511-URCA X LEBLON (VIA JOQUEI) - CIRCULAR,Fetranspor,397,28079404,"-22.986","-43.2137"
511,511-URCA X LEBLON (VIA JOQUEI) - CIRCULAR,Fetranspor,398,28079404,"-22.986","-43.2136"
511,511-URCA X LEBLON (VIA JOQUEI) - CIRCULAR,Fetranspor,399,28079404,"-22.986","-43.2136"
511,511-URCA X LEBLON (VIA JOQUEI) - CIRCULAR,Fetranspor,400,28079404,"-22.986","-43.2136"
511,511-URCA X LEBLON (VIA JOQUEI) - CIRCULAR,Fetranspor,401,28079404,"-22.9855","-43.2136"
511,511-URCA X LEBLON (VIA JOQUEI) - CIRCULAR,Fetranspor,402,28079404,"-22.9848","-43.2135"
511,511-URCA X LEBLON (VIA JOQUEI) - CIRCULAR,Fetranspor,403,28079404,"-22.9848","-43.2135"
511,511-URCA X LEBLON (VIA JOQUEI) - CIRCULAR,Fetranspor,404,28079404,"-22.9837","-43.2135"
511,511-URCA X LEBLON (VIA JOQUEI) - CIRCULAR,Fetranspor,405,28079404,"-22.9837","-43.2135"
511,511-URCA X LEBLON (VIA JOQUEI) - CIRCULAR,Fetranspor,406,28079404,"-22.9838","-43.2127"
511,511-URCA X LEBLON (VIA JOQUEI) - CIRCULAR,Fetranspor,407,28079404,"-22.9838","-43.2116"
511,511-URCA X LEBLON (VIA JOQUEI) - CIRCULAR,Fetranspor,408,28079404,"-22.9839","-43.2113"
511,511-URCA X LEBLON (VIA JOQUEI) - CIRCULAR,Fetranspor,409,28079404,"-22.9839","-43.2113"
511,511-URCA X LEBLON (VIA JOQUEI) - CIRCULAR,Fetranspor,410,28079404,"-22.984","-43.2092"
