linha,descricao,agencia,sequencia,shape_id,latitude,longitude
525,525-GENERAL OSORIO X ALVORADA,Fetranspor,0,17424743,"-23.0015","-43.3649"
525,525-GENERAL OSORIO X ALVORADA,Fetranspor,1,17424743,"-23.0015","-43.3675"
525,525-GENERAL OSORIO X ALVORADA,Fetranspor,2,17424743,"-23.0015","-43.3675"
525,525-GENERAL OSORIO X ALVORADA,Fetranspor,3,17424743,"-23.0015","-43.3677"
525,525-GENERAL OSORIO X ALVORADA,Fetranspor,4,17424743,"-23.0015","-43.3678"
525,525-GENERAL OSORIO X ALVORADA,Fetranspor,5,17424743,"-23.0016","-43.3678"
525,525-GENERAL OSORIO X ALVORADA,Fetranspor,6,17424743,"-23.0016","-43.3678"
525,525-GENERAL OSORIO X ALVORADA,Fetranspor,7,17424743,"-23.0016","-43.3678"
525,525-GENERAL OSORIO X ALVORADA,Fetranspor,8,17424743,"-23.0017","-43.3678"
525,525-GENERAL OSORIO X ALVORADA,Fetranspor,9,17424743,"-23.0018","-43.3678"
525,525-GENERAL OSORIO X ALVORADA,Fetranspor,10,17424743,"-23.0018","-43.3678"
525,525-GENERAL OSORIO X ALVORADA,Fetranspor,11,17424743,"-23.0019","-43.3677"
525,525-GENERAL OSORIO X ALVORADA,Fetranspor,12,17424743,"-23.0026","-43.3669"
525,525-GENERAL OSORIO X ALVORADA,Fetranspor,13,17424743,"-23.0026","-43.3669"
525,525-GENERAL OSORIO X ALVORADA,Fetranspor,14,17424743,"-23.0028","-43.3666"
525,525-GENERAL OSORIO X ALVORADA,Fetranspor,15,17424743,"-23.0028","-43.3665"
525,525-GENERAL OSORIO X ALVORADA,Fetranspor,16,17424743,"-23.0028","-43.3664"
525,525-GENERAL OSORIO X ALVORADA,Fetranspor,17,17424743,"-23.0029","-43.3663"
525,525-GENERAL OSORIO X ALVORADA,Fetranspor,18,17424743,"-23.0029","-43.3662"
525,525-GENERAL OSORIO X ALVORADA,Fetranspor,19,17424743,"-23.0029","-43.366"
525,525-GENERAL OSORIO X ALVORADA,Fetranspor,20,17424743,"-23.0028","-43.3659"
525,525-GENERAL OSORIO X ALVORADA,Fetranspor,21,17424743,"-23.0028","-43.3658"
525,525-GENERAL OSORIO X ALVORADA,Fetranspor,22,17424743,"-23.0027","-43.3656"
525,525-GENERAL OSORIO X ALVORADA,Fetranspor,23,17424743,"-23.0026","-43.3654"
525,525-GENERAL OSORIO X ALVORADA,Fetranspor,24,17424743,"-23.0025","-43.3652"
525,525-GENERAL OSORIO X ALVORADA,Fetranspor,25,17424743,"-23.0025","-43.3652"
525,525-GENERAL OSORIO X ALVORADA,Fetranspor,26,17424743,"-23.0018","-43.3644"
525,525-GENERAL OSORIO X ALVORADA,Fetranspor,27,17424743,"-23.0018","-43.3644"
525,525-GENERAL OSORIO X ALVORADA,Fetranspor,28,17424743,"-23.0007","-43.3634"
525,525-GENERAL OSORIO X ALVORADA,Fetranspor,29,17424743,"-23.0007","-43.3634"
525,525-GENERAL OSORIO X ALVORADA,Fetranspor,30,17424743,"-23.0007","-43.3632"
525,525-GENERAL OSORIO X ALVORADA,Fetranspor,31,17424743,"-23.0006","-43.3631"
525,525-GENERAL OSORIO X ALVORADA,Fetranspor,32,17424743,"-23.0005","-43.3628"
525,525-GENERAL OSORIO X ALVORADA,Fetranspor,33,17424743,"-23.0004","-43.3625"
525,525-GENERAL OSORIO X ALVORADA,Fetranspor,34,17424743,"-23.0003","-43.3622"
525,525-GENERAL OSORIO X ALVORADA,Fetranspor,35,17424743,"-23.0003","-43.3622"
525,525-GENERAL OSORIO X ALVORADA,Fetranspor,36,17424743,"-23.0003","-43.362"
525,525-GENERAL OSORIO X ALVORADA,Fetranspor,37,17424743,"-23.0002","-43.361"
525,525-GENERAL OSORIO X ALVORADA,Fetranspor,38,17424743,"-23.0002","-43.361"
525,525-GENERAL OSORIO X ALVORADA,Fetranspor,39,17424743,"-23.0002","-43.3608"
525,525-GENERAL OSORIO X ALVORADA,Fetranspor,40,17424743,"-23.0002","-43.3605"
525,525-GENERAL OSORIO X ALVORADA,Fetranspor,41,17424743,"-23.0002","-43.3601"
525,525-GENERAL OSORIO X ALVORADA,Fetranspor,42,17424743,"-23.0002","-43.3599"
525,525-GENERAL OSORIO X ALVORADA,Fetranspor,43,17424743,"-23.0002","-43.3599"
525,525-GENERAL OSORIO X ALVORADA,Fetranspor,44,17424743,"-23.0002","-43.3598"
525,525-GENERAL OSORIO X ALVORADA,Fetranspor,45,17424743,"-23.0003","-43.3595"
525,525-GENERAL OSORIO X ALVORADA,Fetranspor,46,17424743,"-23.0002","-43.3586"
525,525-GENERAL OSORIO X ALVORADA,Fetranspor,47,17424743,"-23.0002","-43.3586"
525,525-GENERAL OSORIO X ALVORADA,Fetranspor,48,17424743,"-23.0002","-43.358"
525,525-GENERAL OSORIO X ALVORADA,Fetranspor,49,17424743,"-23.0002","-43.3573"
525,525-GENERAL OSORIO X ALVORADA,Fetranspor,50,17424743,"-23.0002","-43.3568"
525,525-GENERAL OSORIO X ALVORADA,Fetranspor,51,17424743,"-23.0002","-43.3568"
525,525-GENERAL OSORIO X ALVORADA,Fetranspor,52,17424743,"-23.0002","-43.3557"
525,525-GENERAL OSORIO X ALVORADA,Fetranspor,53,17424743,"-23.0002","-43.3557"
525,525-GENERAL OSORIO X ALVORADA,Fetranspor,54,17424743,"-23.0003","-43.3545"
525,525-GENERAL OSORIO X ALVORADA,Fetranspor,55,17424743,"-23.0003","-43.3545"
525,525-GENERAL OSORIO X ALVORADA,Fetranspor,56,17424743,"-23.0003","-43.3537"
525,525-GENERAL OSORIO X ALVORADA,Fetranspor,57,17424743,"-23.0003","-43.3537"
525,525-GENERAL OSORIO X ALVORADA,Fetranspor,58,17424743,"-23.0003","-43.3536"
525,525-GENERAL OSORIO X ALVORADA,Fetranspor,59,17424743,"-23.0003","-43.3536"
525,525-GENERAL OSORIO X ALVORADA,Fetranspor,60,17424743,"-23.0003","-43.3535"
525,525-GENERAL OSORIO X ALVORADA,Fetranspor,61,17424743,"-23.0003","-43.353"
525,525-GENERAL OSORIO X ALVORADA,Fetranspor,62,17424743,"-23.0003","-43.353"
525,525-GENERAL OSORIO X ALVORADA,Fetranspor,63,17424743,"-23.0003","-43.3522"
525,525-GENERAL OSORIO X ALVORADA,Fetranspor,64,17424743,"-23.0003","-43.3522"
525,525-GENERAL OSORIO X ALVORADA,Fetranspor,65,17424743,"-23.0004","-43.3508"
525,525-GENERAL OSORIO X ALVORADA,Fetranspor,66,17424743,"-23.0004","-43.3508"
525,525-GENERAL OSORIO X ALVORADA,Fetranspor,67,17424743,"-23.0004","-43.3497"
525,525-GENERAL OSORIO X ALVORADA,Fetranspor,68,17424743,"-23.0004","-43.3497"
525,525-GENERAL OSORIO X ALVORADA,Fetranspor,69,17424743,"-23.0004","-43.3486"
525,525-GENERAL OSORIO X ALVORADA,Fetranspor,70,17424743,"-23.0004","-43.3477"
525,525-GENERAL OSORIO X ALVORADA,Fetranspor,71,17424743,"-23.0004","-43.3477"
525,525-GENERAL OSORIO X ALVORADA,Fetranspor,72,17424743,"-23.0004","-43.3472"
525,525-GENERAL OSORIO X ALVORADA,Fetranspor,73,17424743,"-23.0004","-43.3472"
525,525-GENERAL OSORIO X ALVORADA,Fetranspor,74,17424743,"-23.0004","-43.3453"
525,525-GENERAL OSORIO X ALVORADA,Fetranspor,75,17424743,"-23.0005","-43.3442"
525,525-GENERAL OSORIO X ALVORADA,Fetranspor,76,17424743,"-23.0005","-43.3442"
525,525-GENERAL OSORIO X ALVORADA,Fetranspor,77,17424743,"-23.0005","-43.344"
525,525-GENERAL OSORIO X ALVORADA,Fetranspor,78,17424743,"-23.0005","-43.344"
525,525-GENERAL OSORIO X ALVORADA,Fetranspor,79,17424743,"-23.0005","-43.3434"
525,525-GENERAL OSORIO X ALVORADA,Fetranspor,80,17424743,"-23.0005","-43.3434"
525,525-GENERAL OSORIO X ALVORADA,Fetranspor,81,17424743,"-23.0005","-43.3408"
525,525-GENERAL OSORIO X ALVORADA,Fetranspor,82,17424743,"-23.0005","-43.3408"
525,525-GENERAL OSORIO X ALVORADA,Fetranspor,83,17424743,"-23.0005","-43.3405"
525,525-GENERAL OSORIO X ALVORADA,Fetranspor,84,17424743,"-23.0005","-43.3405"
525,525-GENERAL OSORIO X ALVORADA,Fetranspor,85,17424743,"-23.0005","-43.3401"
525,525-GENERAL OSORIO X ALVORADA,Fetranspor,86,17424743,"-23.0006","-43.3395"
525,525-GENERAL OSORIO X ALVORADA,Fetranspor,87,17424743,"-23.0006","-43.3395"
525,525-GENERAL OSORIO X ALVORADA,Fetranspor,88,17424743,"-23.0006","-43.3389"
525,525-GENERAL OSORIO X ALVORADA,Fetranspor,89,17424743,"-23.0006","-43.3389"
525,525-GENERAL OSORIO X ALVORADA,Fetranspor,90,17424743,"-23.0006","-43.3389"
525,525-GENERAL OSORIO X ALVORADA,Fetranspor,91,17424743,"-23.0006","-43.3389"
525,525-GENERAL OSORIO X ALVORADA,Fetranspor,92,17424743,"-23.0006","-43.3386"
525,525-GENERAL OSORIO X ALVORADA,Fetranspor,93,17424743,"-23.0006","-43.3379"
525,525-GENERAL OSORIO X ALVORADA,Fetranspor,94,17424743,"-23.0007","-43.3371"
525,525-GENERAL OSORIO X ALVORADA,Fetranspor,95,17424743,"-23.0007","-43.3369"
525,525-GENERAL OSORIO X ALVORADA,Fetranspor,96,17424743,"-23.0007","-43.3369"
525,525-GENERAL OSORIO X ALVORADA,Fetranspor,97,17424743,"-23.0007","-43.3365"
525,525-GENERAL OSORIO X ALVORADA,Fetranspor,98,17424743,"-23.0007","-43.3365"
525,525-GENERAL OSORIO X ALVORADA,Fetranspor,99,17424743,"-23.0007","-43.3364"
525,525-GENERAL OSORIO X ALVORADA,Fetranspor,100,17424743,"-23.0007","-43.3364"
525,525-GENERAL OSORIO X ALVORADA,Fetranspor,101,17424743,"-23.0008","-43.3353"
525,525-GENERAL OSORIO X ALVORADA,Fetranspor,102,17424743,"-23.0008","-43.3353"
525,525-GENERAL OSORIO X ALVORADA,Fetranspor,103,17424743,"-23.0009","-43.3342"
525,525-GENERAL OSORIO X ALVORADA,Fetranspor,104,17424743,"-23.0009","-43.3342"
525,525-GENERAL OSORIO X ALVORADA,Fetranspor,105,17424743,"-23.0009","-43.3341"
525,525-GENERAL OSORIO X ALVORADA,Fetranspor,106,17424743,"-23.0009","-43.334"
525,525-GENERAL OSORIO X ALVORADA,Fetranspor,107,17424743,"-23.0009","-43.3339"
525,525-GENERAL OSORIO X ALVORADA,Fetranspor,108,17424743,"-23.0009","-43.3339"
525,525-GENERAL OSORIO X ALVORADA,Fetranspor,109,17424743,"-23.0009","-43.3337"
525,525-GENERAL OSORIO X ALVORADA,Fetranspor,110,17424743,"-23.0009","-43.3337"
525,525-GENERAL OSORIO X ALVORADA,Fetranspor,111,17424743,"-23.0009","-43.333"
525,525-GENERAL OSORIO X ALVORADA,Fetranspor,112,17424743,"-23.001","-43.3325"
525,525-GENERAL OSORIO X ALVORADA,Fetranspor,113,17424743,"-23.0011","-43.3315"
525,525-GENERAL OSORIO X ALVORADA,Fetranspor,114,17424743,"-23.0011","-43.3315"
525,525-GENERAL OSORIO X ALVORADA,Fetranspor,115,17424743,"-23.0011","-43.3313"
525,525-GENERAL OSORIO X ALVORADA,Fetranspor,116,17424743,"-23.0011","-43.3313"
525,525-GENERAL OSORIO X ALVORADA,Fetranspor,117,17424743,"-23.0012","-43.3306"
525,525-GENERAL OSORIO X ALVORADA,Fetranspor,118,17424743,"-23.0012","-43.3306"
525,525-GENERAL OSORIO X ALVORADA,Fetranspor,119,17424743,"-23.0012","-43.3305"
525,525-GENERAL OSORIO X ALVORADA,Fetranspor,120,17424743,"-23.0012","-43.3305"
525,525-GENERAL OSORIO X ALVORADA,Fetranspor,121,17424743,"-23.0012","-43.3301"
525,525-GENERAL OSORIO X ALVORADA,Fetranspor,122,17424743,"-23.0013","-43.3299"
525,525-GENERAL OSORIO X ALVORADA,Fetranspor,123,17424743,"-23.0014","-43.3295"
525,525-GENERAL OSORIO X ALVORADA,Fetranspor,124,17424743,"-23.0016","-43.3291"
525,525-GENERAL OSORIO X ALVORADA,Fetranspor,125,17424743,"-23.0016","-43.3291"
525,525-GENERAL OSORIO X ALVORADA,Fetranspor,126,17424743,"-23.0017","-43.3286"
525,525-GENERAL OSORIO X ALVORADA,Fetranspor,127,17424743,"-23.0017","-43.3286"
525,525-GENERAL OSORIO X ALVORADA,Fetranspor,128,17424743,"-23.0022","-43.3274"
525,525-GENERAL OSORIO X ALVORADA,Fetranspor,129,17424743,"-23.0022","-43.3274"
525,525-GENERAL OSORIO X ALVORADA,Fetranspor,130,17424743,"-23.0025","-43.3268"
525,525-GENERAL OSORIO X ALVORADA,Fetranspor,131,17424743,"-23.0025","-43.3268"
525,525-GENERAL OSORIO X ALVORADA,Fetranspor,132,17424743,"-23.0027","-43.3263"
525,525-GENERAL OSORIO X ALVORADA,Fetranspor,133,17424743,"-23.0027","-43.3263"
525,525-GENERAL OSORIO X ALVORADA,Fetranspor,134,17424743,"-23.0029","-43.3257"
525,525-GENERAL OSORIO X ALVORADA,Fetranspor,135,17424743,"-23.0029","-43.3257"
525,525-GENERAL OSORIO X ALVORADA,Fetranspor,136,17424743,"-23.0032","-43.3249"
525,525-GENERAL OSORIO X ALVORADA,Fetranspor,137,17424743,"-23.0032","-43.3249"
525,525-GENERAL OSORIO X ALVORADA,Fetranspor,138,17424743,"-23.0035","-43.3243"
525,525-GENERAL OSORIO X ALVORADA,Fetranspor,139,17424743,"-23.0035","-43.3243"
525,525-GENERAL OSORIO X ALVORADA,Fetranspor,140,17424743,"-23.0035","-43.3242"
525,525-GENERAL OSORIO X ALVORADA,Fetranspor,141,17424743,"-23.0035","-43.3242"
525,525-GENERAL OSORIO X ALVORADA,Fetranspor,142,17424743,"-23.004","-43.323"
525,525-GENERAL OSORIO X ALVORADA,Fetranspor,143,17424743,"-23.0043","-43.3223"
525,525-GENERAL OSORIO X ALVORADA,Fetranspor,144,17424743,"-23.0043","-43.3223"
525,525-GENERAL OSORIO X ALVORADA,Fetranspor,145,17424743,"-23.0044","-43.322"
525,525-GENERAL OSORIO X ALVORADA,Fetranspor,146,17424743,"-23.0044","-43.3219"
525,525-GENERAL OSORIO X ALVORADA,Fetranspor,147,17424743,"-23.0044","-43.3219"
525,525-GENERAL OSORIO X ALVORADA,Fetranspor,148,17424743,"-23.0044","-43.3218"
525,525-GENERAL OSORIO X ALVORADA,Fetranspor,149,17424743,"-23.0045","-43.3216"
525,525-GENERAL OSORIO X ALVORADA,Fetranspor,150,17424743,"-23.0046","-43.3211"
525,525-GENERAL OSORIO X ALVORADA,Fetranspor,151,17424743,"-23.0046","-43.3211"
525,525-GENERAL OSORIO X ALVORADA,Fetranspor,152,17424743,"-23.0051","-43.3197"
525,525-GENERAL OSORIO X ALVORADA,Fetranspor,153,17424743,"-23.0055","-43.3188"
525,525-GENERAL OSORIO X ALVORADA,Fetranspor,154,17424743,"-23.0056","-43.3185"
525,525-GENERAL OSORIO X ALVORADA,Fetranspor,155,17424743,"-23.0058","-43.3179"
525,525-GENERAL OSORIO X ALVORADA,Fetranspor,156,17424743,"-23.0059","-43.3176"
525,525-GENERAL OSORIO X ALVORADA,Fetranspor,157,17424743,"-23.006","-43.3172"
525,525-GENERAL OSORIO X ALVORADA,Fetranspor,158,17424743,"-23.006","-43.3172"
525,525-GENERAL OSORIO X ALVORADA,Fetranspor,159,17424743,"-23.0061","-43.317"
525,525-GENERAL OSORIO X ALVORADA,Fetranspor,160,17424743,"-23.0063","-43.3164"
525,525-GENERAL OSORIO X ALVORADA,Fetranspor,161,17424743,"-23.0063","-43.3161"
525,525-GENERAL OSORIO X ALVORADA,Fetranspor,162,17424743,"-23.0063","-43.3161"
525,525-GENERAL OSORIO X ALVORADA,Fetranspor,163,17424743,"-23.0065","-43.3156"
525,525-GENERAL OSORIO X ALVORADA,Fetranspor,164,17424743,"-23.0065","-43.3152"
525,525-GENERAL OSORIO X ALVORADA,Fetranspor,165,17424743,"-23.0066","-43.3144"
525,525-GENERAL OSORIO X ALVORADA,Fetranspor,166,17424743,"-23.0066","-43.3142"
525,525-GENERAL OSORIO X ALVORADA,Fetranspor,167,17424743,"-23.0066","-43.3142"
525,525-GENERAL OSORIO X ALVORADA,Fetranspor,168,17424743,"-23.007","-43.3126"
525,525-GENERAL OSORIO X ALVORADA,Fetranspor,169,17424743,"-23.007","-43.3126"
525,525-GENERAL OSORIO X ALVORADA,Fetranspor,170,17424743,"-23.007","-43.3125"
525,525-GENERAL OSORIO X ALVORADA,Fetranspor,171,17424743,"-23.007","-43.3118"
525,525-GENERAL OSORIO X ALVORADA,Fetranspor,172,17424743,"-23.007","-43.3118"
525,525-GENERAL OSORIO X ALVORADA,Fetranspor,173,17424743,"-23.007","-43.3116"
525,525-GENERAL OSORIO X ALVORADA,Fetranspor,174,17424743,"-23.007","-43.3116"
525,525-GENERAL OSORIO X ALVORADA,Fetranspor,175,17424743,"-23.007","-43.3113"
525,525-GENERAL OSORIO X ALVORADA,Fetranspor,176,17424743,"-23.007","-43.3113"
525,525-GENERAL OSORIO X ALVORADA,Fetranspor,177,17424743,"-23.0071","-43.31"
525,525-GENERAL OSORIO X ALVORADA,Fetranspor,178,17424743,"-23.0071","-43.31"
525,525-GENERAL OSORIO X ALVORADA,Fetranspor,179,17424743,"-23.0071","-43.3091"
525,525-GENERAL OSORIO X ALVORADA,Fetranspor,180,17424743,"-23.0071","-43.3091"
525,525-GENERAL OSORIO X ALVORADA,Fetranspor,181,17424743,"-23.0072","-43.3083"
525,525-GENERAL OSORIO X ALVORADA,Fetranspor,182,17424743,"-23.0072","-43.3083"
525,525-GENERAL OSORIO X ALVORADA,Fetranspor,183,17424743,"-23.0072","-43.3075"
525,525-GENERAL OSORIO X ALVORADA,Fetranspor,184,17424743,"-23.0072","-43.3075"
525,525-GENERAL OSORIO X ALVORADA,Fetranspor,185,17424743,"-23.0073","-43.3066"
525,525-GENERAL OSORIO X ALVORADA,Fetranspor,186,17424743,"-23.0073","-43.3066"
525,525-GENERAL OSORIO X ALVORADA,Fetranspor,187,17424743,"-23.0073","-43.3057"
525,525-GENERAL OSORIO X ALVORADA,Fetranspor,188,17424743,"-23.0073","-43.3057"
525,525-GENERAL OSORIO X ALVORADA,Fetranspor,189,17424743,"-23.0073","-43.3052"
525,525-GENERAL OSORIO X ALVORADA,Fetranspor,190,17424743,"-23.0074","-43.3051"
525,525-GENERAL OSORIO X ALVORADA,Fetranspor,191,17424743,"-23.0074","-43.3049"
525,525-GENERAL OSORIO X ALVORADA,Fetranspor,192,17424743,"-23.0074","-43.3049"
525,525-GENERAL OSORIO X ALVORADA,Fetranspor,193,17424743,"-23.0075","-43.3045"
525,525-GENERAL OSORIO X ALVORADA,Fetranspor,194,17424743,"-23.0076","-43.3044"
525,525-GENERAL OSORIO X ALVORADA,Fetranspor,195,17424743,"-23.0077","-43.3042"
525,525-GENERAL OSORIO X ALVORADA,Fetranspor,196,17424743,"-23.0078","-43.3041"
525,525-GENERAL OSORIO X ALVORADA,Fetranspor,197,17424743,"-23.0079","-43.304"
525,525-GENERAL OSORIO X ALVORADA,Fetranspor,198,17424743,"-23.008","-43.3039"
525,525-GENERAL OSORIO X ALVORADA,Fetranspor,199,17424743,"-23.0089","-43.3033"
525,525-GENERAL OSORIO X ALVORADA,Fetranspor,200,17424743,"-23.0089","-43.3033"
525,525-GENERAL OSORIO X ALVORADA,Fetranspor,201,17424743,"-23.0098","-43.3026"
525,525-GENERAL OSORIO X ALVORADA,Fetranspor,202,17424743,"-23.0098","-43.3026"
525,525-GENERAL OSORIO X ALVORADA,Fetranspor,203,17424743,"-23.01","-43.3024"
525,525-GENERAL OSORIO X ALVORADA,Fetranspor,204,17424743,"-23.0102","-43.3022"
525,525-GENERAL OSORIO X ALVORADA,Fetranspor,205,17424743,"-23.0104","-43.302"
525,525-GENERAL OSORIO X ALVORADA,Fetranspor,206,17424743,"-23.0115","-43.3005"
525,525-GENERAL OSORIO X ALVORADA,Fetranspor,207,17424743,"-23.0115","-43.3005"
525,525-GENERAL OSORIO X ALVORADA,Fetranspor,208,17424743,"-23.0119","-43.3"
525,525-GENERAL OSORIO X ALVORADA,Fetranspor,209,17424743,"-23.0119","-43.3"
525,525-GENERAL OSORIO X ALVORADA,Fetranspor,210,17424743,"-23.0127","-43.2988"
525,525-GENERAL OSORIO X ALVORADA,Fetranspor,211,17424743,"-23.0128","-43.2985"
525,525-GENERAL OSORIO X ALVORADA,Fetranspor,212,17424743,"-23.013","-43.2982"
525,525-GENERAL OSORIO X ALVORADA,Fetranspor,213,17424743,"-23.0131","-43.2979"
525,525-GENERAL OSORIO X ALVORADA,Fetranspor,214,17424743,"-23.0131","-43.2977"
525,525-GENERAL OSORIO X ALVORADA,Fetranspor,215,17424743,"-23.0132","-43.2975"
525,525-GENERAL OSORIO X ALVORADA,Fetranspor,216,17424743,"-23.0132","-43.2973"
525,525-GENERAL OSORIO X ALVORADA,Fetranspor,217,17424743,"-23.0133","-43.2969"
525,525-GENERAL OSORIO X ALVORADA,Fetranspor,218,17424743,"-23.0133","-43.2966"
525,525-GENERAL OSORIO X ALVORADA,Fetranspor,219,17424743,"-23.0132","-43.2962"
525,525-GENERAL OSORIO X ALVORADA,Fetranspor,220,17424743,"-23.0132","-43.2959"
525,525-GENERAL OSORIO X ALVORADA,Fetranspor,221,17424743,"-23.013","-43.2952"
525,525-GENERAL OSORIO X ALVORADA,Fetranspor,222,17424743,"-23.0128","-43.2941"
525,525-GENERAL OSORIO X ALVORADA,Fetranspor,223,17424743,"-23.0128","-43.2941"
525,525-GENERAL OSORIO X ALVORADA,Fetranspor,224,17424743,"-23.0126","-43.2935"
525,525-GENERAL OSORIO X ALVORADA,Fetranspor,225,17424743,"-23.0126","-43.2932"
525,525-GENERAL OSORIO X ALVORADA,Fetranspor,226,17424743,"-23.0124","-43.2927"
525,525-GENERAL OSORIO X ALVORADA,Fetranspor,227,17424743,"-23.0121","-43.2922"
525,525-GENERAL OSORIO X ALVORADA,Fetranspor,228,17424743,"-23.0118","-43.2912"
525,525-GENERAL OSORIO X ALVORADA,Fetranspor,229,17424743,"-23.0115","-43.2905"
525,525-GENERAL OSORIO X ALVORADA,Fetranspor,230,17424743,"-23.0111","-43.2896"
525,525-GENERAL OSORIO X ALVORADA,Fetranspor,231,17424743,"-23.0107","-43.2888"
525,525-GENERAL OSORIO X ALVORADA,Fetranspor,232,17424743,"-23.0103","-43.2877"
525,525-GENERAL OSORIO X ALVORADA,Fetranspor,233,17424743,"-23.0103","-43.2877"
525,525-GENERAL OSORIO X ALVORADA,Fetranspor,234,17424743,"-23.0102","-43.2875"
525,525-GENERAL OSORIO X ALVORADA,Fetranspor,235,17424743,"-23.0101","-43.2874"
525,525-GENERAL OSORIO X ALVORADA,Fetranspor,236,17424743,"-23.0099","-43.2872"
525,525-GENERAL OSORIO X ALVORADA,Fetranspor,237,17424743,"-23.0098","-43.287"
525,525-GENERAL OSORIO X ALVORADA,Fetranspor,238,17424743,"-23.0097","-43.2869"
525,525-GENERAL OSORIO X ALVORADA,Fetranspor,239,17424743,"-23.0093","-43.2866"
525,525-GENERAL OSORIO X ALVORADA,Fetranspor,240,17424743,"-23.009","-43.2863"
525,525-GENERAL OSORIO X ALVORADA,Fetranspor,241,17424743,"-23.0088","-43.2861"
525,525-GENERAL OSORIO X ALVORADA,Fetranspor,242,17424743,"-23.0086","-43.2859"
525,525-GENERAL OSORIO X ALVORADA,Fetranspor,243,17424743,"-23.0086","-43.2859"
525,525-GENERAL OSORIO X ALVORADA,Fetranspor,244,17424743,"-23.0084","-43.2856"
525,525-GENERAL OSORIO X ALVORADA,Fetranspor,245,17424743,"-23.0083","-43.2853"
525,525-GENERAL OSORIO X ALVORADA,Fetranspor,246,17424743,"-23.0082","-43.2851"
525,525-GENERAL OSORIO X ALVORADA,Fetranspor,247,17424743,"-23.0079","-43.2844"
525,525-GENERAL OSORIO X ALVORADA,Fetranspor,248,17424743,"-23.0077","-43.284"
525,525-GENERAL OSORIO X ALVORADA,Fetranspor,249,17424743,"-23.0074","-43.2835"
525,525-GENERAL OSORIO X ALVORADA,Fetranspor,250,17424743,"-23.0069","-43.2827"
525,525-GENERAL OSORIO X ALVORADA,Fetranspor,251,17424743,"-23.0064","-43.2819"
525,525-GENERAL OSORIO X ALVORADA,Fetranspor,252,17424743,"-23.0062","-43.2815"
525,525-GENERAL OSORIO X ALVORADA,Fetranspor,253,17424743,"-23.0062","-43.2815"
525,525-GENERAL OSORIO X ALVORADA,Fetranspor,254,17424743,"-23.006","-43.281"
525,525-GENERAL OSORIO X ALVORADA,Fetranspor,255,17424743,"-23.0058","-43.2802"
525,525-GENERAL OSORIO X ALVORADA,Fetranspor,256,17424743,"-23.0056","-43.2796"
525,525-GENERAL OSORIO X ALVORADA,Fetranspor,257,17424743,"-23.0055","-43.2793"
525,525-GENERAL OSORIO X ALVORADA,Fetranspor,258,17424743,"-23.0053","-43.279"
525,525-GENERAL OSORIO X ALVORADA,Fetranspor,259,17424743,"-23.0051","-43.2787"
525,525-GENERAL OSORIO X ALVORADA,Fetranspor,260,17424743,"-23.0045","-43.278"
525,525-GENERAL OSORIO X ALVORADA,Fetranspor,261,17424743,"-23.0042","-43.2776"
525,525-GENERAL OSORIO X ALVORADA,Fetranspor,262,17424743,"-23.0041","-43.2775"
525,525-GENERAL OSORIO X ALVORADA,Fetranspor,263,17424743,"-23.0041","-43.2775"
525,525-GENERAL OSORIO X ALVORADA,Fetranspor,264,17424743,"-23.0029","-43.276"
525,525-GENERAL OSORIO X ALVORADA,Fetranspor,265,17424743,"-23.0029","-43.276"
525,525-GENERAL OSORIO X ALVORADA,Fetranspor,266,17424743,"-23.0019","-43.2749"
525,525-GENERAL OSORIO X ALVORADA,Fetranspor,267,17424743,"-23.0014","-43.2744"
525,525-GENERAL OSORIO X ALVORADA,Fetranspor,268,17424743,"-23.0009","-43.2738"
525,525-GENERAL OSORIO X ALVORADA,Fetranspor,269,17424743,"-23.0005","-43.2733"
525,525-GENERAL OSORIO X ALVORADA,Fetranspor,270,17424743,"-23.0005","-43.2733"
525,525-GENERAL OSORIO X ALVORADA,Fetranspor,271,17424743,"-23.0002","-43.2728"
525,525-GENERAL OSORIO X ALVORADA,Fetranspor,272,17424743,"-23.0002","-43.2728"
525,525-GENERAL OSORIO X ALVORADA,Fetranspor,273,17424743,"-23","-43.2726"
525,525-GENERAL OSORIO X ALVORADA,Fetranspor,274,17424743,"-22.9995","-43.2717"
525,525-GENERAL OSORIO X ALVORADA,Fetranspor,275,17424743,"-22.9994","-43.2714"
525,525-GENERAL OSORIO X ALVORADA,Fetranspor,276,17424743,"-22.9993","-43.2712"
525,525-GENERAL OSORIO X ALVORADA,Fetranspor,277,17424743,"-22.9993","-43.2712"
525,525-GENERAL OSORIO X ALVORADA,Fetranspor,278,17424743,"-22.9992","-43.271"
525,525-GENERAL OSORIO X ALVORADA,Fetranspor,279,17424743,"-22.9991","-43.2706"
525,525-GENERAL OSORIO X ALVORADA,Fetranspor,280,17424743,"-22.9991","-43.2703"
525,525-GENERAL OSORIO X ALVORADA,Fetranspor,281,17424743,"-22.999","-43.2699"
525,525-GENERAL OSORIO X ALVORADA,Fetranspor,282,17424743,"-22.999","-43.2699"
525,525-GENERAL OSORIO X ALVORADA,Fetranspor,283,17424743,"-22.999","-43.2699"
525,525-GENERAL OSORIO X ALVORADA,Fetranspor,284,17424743,"-22.999","-43.2699"
525,525-GENERAL OSORIO X ALVORADA,Fetranspor,285,17424743,"-22.999","-43.2698"
525,525-GENERAL OSORIO X ALVORADA,Fetranspor,286,17424743,"-22.999","-43.2697"
525,525-GENERAL OSORIO X ALVORADA,Fetranspor,287,17424743,"-22.9991","-43.2691"
525,525-GENERAL OSORIO X ALVORADA,Fetranspor,288,17424743,"-22.9991","-43.269"
525,525-GENERAL OSORIO X ALVORADA,Fetranspor,289,17424743,"-22.9991","-43.2688"
525,525-GENERAL OSORIO X ALVORADA,Fetranspor,290,17424743,"-22.9991","-43.2687"
525,525-GENERAL OSORIO X ALVORADA,Fetranspor,291,17424743,"-22.999","-43.2686"
525,525-GENERAL OSORIO X ALVORADA,Fetranspor,292,17424743,"-22.9988","-43.2682"
525,525-GENERAL OSORIO X ALVORADA,Fetranspor,293,17424743,"-22.9988","-43.2681"
525,525-GENERAL OSORIO X ALVORADA,Fetranspor,294,17424743,"-22.9987","-43.268"
525,525-GENERAL OSORIO X ALVORADA,Fetranspor,295,17424743,"-22.9985","-43.2673"
525,525-GENERAL OSORIO X ALVORADA,Fetranspor,296,17424743,"-22.9984","-43.2669"
525,525-GENERAL OSORIO X ALVORADA,Fetranspor,297,17424743,"-22.9983","-43.2665"
525,525-GENERAL OSORIO X ALVORADA,Fetranspor,298,17424743,"-22.9983","-43.2665"
525,525-GENERAL OSORIO X ALVORADA,Fetranspor,299,17424743,"-22.9982","-43.2661"
525,525-GENERAL OSORIO X ALVORADA,Fetranspor,300,17424743,"-22.9981","-43.266"
525,525-GENERAL OSORIO X ALVORADA,Fetranspor,301,17424743,"-22.9977","-43.2644"
525,525-GENERAL OSORIO X ALVORADA,Fetranspor,302,17424743,"-22.9968","-43.2612"
525,525-GENERAL OSORIO X ALVORADA,Fetranspor,303,17424743,"-22.9968","-43.2612"
525,525-GENERAL OSORIO X ALVORADA,Fetranspor,304,17424743,"-22.9968","-43.2611"
525,525-GENERAL OSORIO X ALVORADA,Fetranspor,305,17424743,"-22.9968","-43.2611"
525,525-GENERAL OSORIO X ALVORADA,Fetranspor,306,17424743,"-22.9968","-43.261"
525,525-GENERAL OSORIO X ALVORADA,Fetranspor,307,17424743,"-22.9968","-43.2609"
525,525-GENERAL OSORIO X ALVORADA,Fetranspor,308,17424743,"-22.9969","-43.2609"
525,525-GENERAL OSORIO X ALVORADA,Fetranspor,309,17424743,"-22.9969","-43.2608"
525,525-GENERAL OSORIO X ALVORADA,Fetranspor,310,17424743,"-22.997","-43.2608"
525,525-GENERAL OSORIO X ALVORADA,Fetranspor,311,17424743,"-22.9972","-43.2607"
525,525-GENERAL OSORIO X ALVORADA,Fetranspor,312,17424743,"-22.9972","-43.2607"
525,525-GENERAL OSORIO X ALVORADA,Fetranspor,313,17424743,"-22.9974","-43.2606"
525,525-GENERAL OSORIO X ALVORADA,Fetranspor,314,17424743,"-22.9976","-43.2603"
525,525-GENERAL OSORIO X ALVORADA,Fetranspor,315,17424743,"-22.9976","-43.2603"
525,525-GENERAL OSORIO X ALVORADA,Fetranspor,316,17424743,"-22.9976","-43.2603"
525,525-GENERAL OSORIO X ALVORADA,Fetranspor,317,17424743,"-22.9986","-43.2594"
525,525-GENERAL OSORIO X ALVORADA,Fetranspor,318,17424743,"-22.9986","-43.2594"
525,525-GENERAL OSORIO X ALVORADA,Fetranspor,319,17424743,"-22.9987","-43.2593"
525,525-GENERAL OSORIO X ALVORADA,Fetranspor,320,17424743,"-22.9987","-43.2592"
525,525-GENERAL OSORIO X ALVORADA,Fetranspor,321,17424743,"-22.9988","-43.2591"
525,525-GENERAL OSORIO X ALVORADA,Fetranspor,322,17424743,"-22.9988","-43.259"
525,525-GENERAL OSORIO X ALVORADA,Fetranspor,323,17424743,"-22.9988","-43.259"
525,525-GENERAL OSORIO X ALVORADA,Fetranspor,324,17424743,"-22.9986","-43.258"
525,525-GENERAL OSORIO X ALVORADA,Fetranspor,325,17424743,"-22.9986","-43.2575"
525,525-GENERAL OSORIO X ALVORADA,Fetranspor,326,17424743,"-22.9986","-43.2575"
525,525-GENERAL OSORIO X ALVORADA,Fetranspor,327,17424743,"-22.9986","-43.2571"
525,525-GENERAL OSORIO X ALVORADA,Fetranspor,328,17424743,"-22.9985","-43.2566"
525,525-GENERAL OSORIO X ALVORADA,Fetranspor,329,17424743,"-22.9985","-43.2566"
525,525-GENERAL OSORIO X ALVORADA,Fetranspor,330,17424743,"-22.9985","-43.2564"
525,525-GENERAL OSORIO X ALVORADA,Fetranspor,331,17424743,"-22.9985","-43.256"
525,525-GENERAL OSORIO X ALVORADA,Fetranspor,332,17424743,"-22.9984","-43.2557"
525,525-GENERAL OSORIO X ALVORADA,Fetranspor,333,17424743,"-22.9984","-43.2557"
525,525-GENERAL OSORIO X ALVORADA,Fetranspor,334,17424743,"-22.9984","-43.2551"
525,525-GENERAL OSORIO X ALVORADA,Fetranspor,335,17424743,"-22.9984","-43.2548"
525,525-GENERAL OSORIO X ALVORADA,Fetranspor,336,17424743,"-22.9985","-43.2545"
525,525-GENERAL OSORIO X ALVORADA,Fetranspor,337,17424743,"-22.9986","-43.2535"
525,525-GENERAL OSORIO X ALVORADA,Fetranspor,338,17424743,"-22.9986","-43.2534"
525,525-GENERAL OSORIO X ALVORADA,Fetranspor,339,17424743,"-22.9986","-43.2533"
525,525-GENERAL OSORIO X ALVORADA,Fetranspor,340,17424743,"-22.9986","-43.2531"
525,525-GENERAL OSORIO X ALVORADA,Fetranspor,341,17424743,"-22.9986","-43.253"
525,525-GENERAL OSORIO X ALVORADA,Fetranspor,342,17424743,"-22.9986","-43.2527"
525,525-GENERAL OSORIO X ALVORADA,Fetranspor,343,17424743,"-22.9986","-43.2526"
525,525-GENERAL OSORIO X ALVORADA,Fetranspor,344,17424743,"-22.9988","-43.2515"
525,525-GENERAL OSORIO X ALVORADA,Fetranspor,345,17424743,"-22.999","-43.2511"
525,525-GENERAL OSORIO X ALVORADA,Fetranspor,346,17424743,"-22.9991","-43.2505"
525,525-GENERAL OSORIO X ALVORADA,Fetranspor,347,17424743,"-22.9991","-43.2504"
525,525-GENERAL OSORIO X ALVORADA,Fetranspor,348,17424743,"-22.9991","-43.2503"
525,525-GENERAL OSORIO X ALVORADA,Fetranspor,349,17424743,"-22.9991","-43.2502"
525,525-GENERAL OSORIO X ALVORADA,Fetranspor,350,17424743,"-22.9991","-43.2501"
525,525-GENERAL OSORIO X ALVORADA,Fetranspor,351,17424743,"-22.9991","-43.2501"
525,525-GENERAL OSORIO X ALVORADA,Fetranspor,352,17424743,"-22.999","-43.2499"
525,525-GENERAL OSORIO X ALVORADA,Fetranspor,353,17424743,"-22.999","-43.2498"
525,525-GENERAL OSORIO X ALVORADA,Fetranspor,354,17424743,"-22.999","-43.2497"
525,525-GENERAL OSORIO X ALVORADA,Fetranspor,355,17424743,"-22.999","-43.2489"
525,525-GENERAL OSORIO X ALVORADA,Fetranspor,356,17424743,"-22.9991","-43.2482"
525,525-GENERAL OSORIO X ALVORADA,Fetranspor,357,17424743,"-22.9991","-43.2482"
525,525-GENERAL OSORIO X ALVORADA,Fetranspor,358,17424743,"-22.9991","-43.2481"
525,525-GENERAL OSORIO X ALVORADA,Fetranspor,359,17424743,"-22.9991","-43.2479"
525,525-GENERAL OSORIO X ALVORADA,Fetranspor,360,17424743,"-22.9991","-43.2478"
525,525-GENERAL OSORIO X ALVORADA,Fetranspor,361,17424743,"-22.9992","-43.2477"
525,525-GENERAL OSORIO X ALVORADA,Fetranspor,362,17424743,"-22.9993","-43.2476"
525,525-GENERAL OSORIO X ALVORADA,Fetranspor,363,17424743,"-22.9997","-43.2472"
525,525-GENERAL OSORIO X ALVORADA,Fetranspor,364,17424743,"-22.9998","-43.2471"
525,525-GENERAL OSORIO X ALVORADA,Fetranspor,365,17424743,"-23","-43.2469"
525,525-GENERAL OSORIO X ALVORADA,Fetranspor,366,17424743,"-23.0001","-43.2468"
525,525-GENERAL OSORIO X ALVORADA,Fetranspor,367,17424743,"-23.0002","-43.2466"
525,525-GENERAL OSORIO X ALVORADA,Fetranspor,368,17424743,"-23.0004","-43.2463"
525,525-GENERAL OSORIO X ALVORADA,Fetranspor,369,17424743,"-23.0004","-43.2462"
525,525-GENERAL OSORIO X ALVORADA,Fetranspor,370,17424743,"-23.0005","-43.2461"
525,525-GENERAL OSORIO X ALVORADA,Fetranspor,371,17424743,"-23.0005","-43.246"
525,525-GENERAL OSORIO X ALVORADA,Fetranspor,372,17424743,"-23.0006","-43.2456"
525,525-GENERAL OSORIO X ALVORADA,Fetranspor,373,17424743,"-23.0006","-43.2455"
525,525-GENERAL OSORIO X ALVORADA,Fetranspor,374,17424743,"-23.0007","-43.2453"
525,525-GENERAL OSORIO X ALVORADA,Fetranspor,375,17424743,"-23.0007","-43.2452"
525,525-GENERAL OSORIO X ALVORADA,Fetranspor,376,17424743,"-23.0007","-43.2451"
525,525-GENERAL OSORIO X ALVORADA,Fetranspor,377,17424743,"-23.0007","-43.245"
525,525-GENERAL OSORIO X ALVORADA,Fetranspor,378,17424743,"-23.0007","-43.2449"
525,525-GENERAL OSORIO X ALVORADA,Fetranspor,379,17424743,"-23.0007","-43.2448"
525,525-GENERAL OSORIO X ALVORADA,Fetranspor,380,17424743,"-23.0006","-43.2446"
525,525-GENERAL OSORIO X ALVORADA,Fetranspor,381,17424743,"-23.0006","-43.2445"
525,525-GENERAL OSORIO X ALVORADA,Fetranspor,382,17424743,"-23.0006","-43.2444"
525,525-GENERAL OSORIO X ALVORADA,Fetranspor,383,17424743,"-23.0007","-43.2441"
525,525-GENERAL OSORIO X ALVORADA,Fetranspor,384,17424743,"-23.0006","-43.2439"
525,525-GENERAL OSORIO X ALVORADA,Fetranspor,385,17424743,"-23.0006","-43.2438"
525,525-GENERAL OSORIO X ALVORADA,Fetranspor,386,17424743,"-23.0005","-43.2438"
525,525-GENERAL OSORIO X ALVORADA,Fetranspor,387,17424743,"-23.0002","-43.2437"
525,525-GENERAL OSORIO X ALVORADA,Fetranspor,388,17424743,"-23.0001","-43.2436"
525,525-GENERAL OSORIO X ALVORADA,Fetranspor,389,17424743,"-23","-43.2436"
525,525-GENERAL OSORIO X ALVORADA,Fetranspor,390,17424743,"-23","-43.2436"
525,525-GENERAL OSORIO X ALVORADA,Fetranspor,391,17424743,"-23","-43.2435"
525,525-GENERAL OSORIO X ALVORADA,Fetranspor,392,17424743,"-22.9999","-43.2424"
525,525-GENERAL OSORIO X ALVORADA,Fetranspor,393,17424743,"-23","-43.2422"
525,525-GENERAL OSORIO X ALVORADA,Fetranspor,394,17424743,"-23","-43.242"
525,525-GENERAL OSORIO X ALVORADA,Fetranspor,395,17424743,"-23.0001","-43.242"
525,525-GENERAL OSORIO X ALVORADA,Fetranspor,396,17424743,"-23.0001","-43.2419"
525,525-GENERAL OSORIO X ALVORADA,Fetranspor,397,17424743,"-23.0001","-43.2418"
525,525-GENERAL OSORIO X ALVORADA,Fetranspor,398,17424743,"-23.0001","-43.2417"
525,525-GENERAL OSORIO X ALVORADA,Fetranspor,399,17424743,"-23.0001","-43.2416"
525,525-GENERAL OSORIO X ALVORADA,Fetranspor,400,17424743,"-23.0001","-43.2415"
525,525-GENERAL OSORIO X ALVORADA,Fetranspor,401,17424743,"-23","-43.2413"
525,525-GENERAL OSORIO X ALVORADA,Fetranspor,402,17424743,"-22.9999","-43.2411"
525,525-GENERAL OSORIO X ALVORADA,Fetranspor,403,17424743,"-22.9996","-43.2408"
525,525-GENERAL OSORIO X ALVORADA,Fetranspor,404,17424743,"-22.9994","-43.2406"
525,525-GENERAL OSORIO X ALVORADA,Fetranspor,405,17424743,"-22.999","-43.2404"
525,525-GENERAL OSORIO X ALVORADA,Fetranspor,406,17424743,"-22.9982","-43.24"
525,525-GENERAL OSORIO X ALVORADA,Fetranspor,407,17424743,"-22.9979","-43.2398"
525,525-GENERAL OSORIO X ALVORADA,Fetranspor,408,17424743,"-22.9979","-43.2398"
525,525-GENERAL OSORIO X ALVORADA,Fetranspor,409,17424743,"-22.9978","-43.2397"
525,525-GENERAL OSORIO X ALVORADA,Fetranspor,410,17424743,"-22.9977","-43.2393"
525,525-GENERAL OSORIO X ALVORADA,Fetranspor,411,17424743,"-22.9976","-43.2391"
525,525-GENERAL OSORIO X ALVORADA,Fetranspor,412,17424743,"-22.9976","-43.239"
525,525-GENERAL OSORIO X ALVORADA,Fetranspor,413,17424743,"-22.9975","-43.2385"
525,525-GENERAL OSORIO X ALVORADA,Fetranspor,414,17424743,"-22.9974","-43.2381"
525,525-GENERAL OSORIO X ALVORADA,Fetranspor,415,17424743,"-22.9973","-43.2378"
525,525-GENERAL OSORIO X ALVORADA,Fetranspor,416,17424743,"-22.9972","-43.2376"
525,525-GENERAL OSORIO X ALVORADA,Fetranspor,417,17424743,"-22.9972","-43.2375"
525,525-GENERAL OSORIO X ALVORADA,Fetranspor,418,17424743,"-22.9967","-43.2364"
525,525-GENERAL OSORIO X ALVORADA,Fetranspor,419,17424743,"-22.9965","-43.236"
525,525-GENERAL OSORIO X ALVORADA,Fetranspor,420,17424743,"-22.9964","-43.2359"
525,525-GENERAL OSORIO X ALVORADA,Fetranspor,421,17424743,"-22.9963","-43.2359"
525,525-GENERAL OSORIO X ALVORADA,Fetranspor,422,17424743,"-22.9961","-43.2357"
525,525-GENERAL OSORIO X ALVORADA,Fetranspor,423,17424743,"-22.9955","-43.2353"
525,525-GENERAL OSORIO X ALVORADA,Fetranspor,424,17424743,"-22.9952","-43.2351"
525,525-GENERAL OSORIO X ALVORADA,Fetranspor,425,17424743,"-22.9951","-43.2351"
525,525-GENERAL OSORIO X ALVORADA,Fetranspor,426,17424743,"-22.995","-43.235"
525,525-GENERAL OSORIO X ALVORADA,Fetranspor,427,17424743,"-22.995","-43.2349"
525,525-GENERAL OSORIO X ALVORADA,Fetranspor,428,17424743,"-22.9949","-43.2348"
525,525-GENERAL OSORIO X ALVORADA,Fetranspor,429,17424743,"-22.9948","-43.2346"
525,525-GENERAL OSORIO X ALVORADA,Fetranspor,430,17424743,"-22.9948","-43.2346"
525,525-GENERAL OSORIO X ALVORADA,Fetranspor,431,17424743,"-22.9947","-43.2345"
525,525-GENERAL OSORIO X ALVORADA,Fetranspor,432,17424743,"-22.9947","-43.2343"
525,525-GENERAL OSORIO X ALVORADA,Fetranspor,433,17424743,"-22.9946","-43.2342"
525,525-GENERAL OSORIO X ALVORADA,Fetranspor,434,17424743,"-22.9945","-43.2341"
525,525-GENERAL OSORIO X ALVORADA,Fetranspor,435,17424743,"-22.9945","-43.234"
525,525-GENERAL OSORIO X ALVORADA,Fetranspor,436,17424743,"-22.9943","-43.2339"
525,525-GENERAL OSORIO X ALVORADA,Fetranspor,437,17424743,"-22.9942","-43.2338"
525,525-GENERAL OSORIO X ALVORADA,Fetranspor,438,17424743,"-22.994","-43.2337"
525,525-GENERAL OSORIO X ALVORADA,Fetranspor,439,17424743,"-22.994","-43.2337"
525,525-GENERAL OSORIO X ALVORADA,Fetranspor,440,17424743,"-22.9939","-43.2337"
525,525-GENERAL OSORIO X ALVORADA,Fetranspor,441,17424743,"-22.9937","-43.2337"
525,525-GENERAL OSORIO X ALVORADA,Fetranspor,442,17424743,"-22.9936","-43.2337"
525,525-GENERAL OSORIO X ALVORADA,Fetranspor,443,17424743,"-22.9936","-43.2337"
525,525-GENERAL OSORIO X ALVORADA,Fetranspor,444,17424743,"-22.9935","-43.2337"
525,525-GENERAL OSORIO X ALVORADA,Fetranspor,445,17424743,"-22.9934","-43.2338"
525,525-GENERAL OSORIO X ALVORADA,Fetranspor,446,17424743,"-22.9934","-43.2338"
525,525-GENERAL OSORIO X ALVORADA,Fetranspor,447,17424743,"-22.9932","-43.2339"
525,525-GENERAL OSORIO X ALVORADA,Fetranspor,448,17424743,"-22.9932","-43.2339"
525,525-GENERAL OSORIO X ALVORADA,Fetranspor,449,17424743,"-22.9931","-43.2339"
525,525-GENERAL OSORIO X ALVORADA,Fetranspor,450,17424743,"-22.9928","-43.2339"
525,525-GENERAL OSORIO X ALVORADA,Fetranspor,451,17424743,"-22.9928","-43.2339"
525,525-GENERAL OSORIO X ALVORADA,Fetranspor,452,17424743,"-22.9926","-43.2339"
525,525-GENERAL OSORIO X ALVORADA,Fetranspor,453,17424743,"-22.9926","-43.2339"
525,525-GENERAL OSORIO X ALVORADA,Fetranspor,454,17424743,"-22.9925","-43.2339"
525,525-GENERAL OSORIO X ALVORADA,Fetranspor,455,17424743,"-22.992","-43.2336"
525,525-GENERAL OSORIO X ALVORADA,Fetranspor,456,17424743,"-22.9917","-43.2334"
525,525-GENERAL OSORIO X ALVORADA,Fetranspor,457,17424743,"-22.9915","-43.2333"
525,525-GENERAL OSORIO X ALVORADA,Fetranspor,458,17424743,"-22.9911","-43.2328"
525,525-GENERAL OSORIO X ALVORADA,Fetranspor,459,17424743,"-22.991","-43.2327"
525,525-GENERAL OSORIO X ALVORADA,Fetranspor,460,17424743,"-22.991","-43.2326"
525,525-GENERAL OSORIO X ALVORADA,Fetranspor,461,17424743,"-22.9909","-43.2325"
525,525-GENERAL OSORIO X ALVORADA,Fetranspor,462,17424743,"-22.9909","-43.2323"
525,525-GENERAL OSORIO X ALVORADA,Fetranspor,463,17424743,"-22.9909","-43.2321"
525,525-GENERAL OSORIO X ALVORADA,Fetranspor,464,17424743,"-22.9909","-43.232"
525,525-GENERAL OSORIO X ALVORADA,Fetranspor,465,17424743,"-22.9908","-43.2319"
525,525-GENERAL OSORIO X ALVORADA,Fetranspor,466,17424743,"-22.9908","-43.2318"
525,525-GENERAL OSORIO X ALVORADA,Fetranspor,467,17424743,"-22.9907","-43.2316"
525,525-GENERAL OSORIO X ALVORADA,Fetranspor,468,17424743,"-22.9906","-43.2314"
525,525-GENERAL OSORIO X ALVORADA,Fetranspor,469,17424743,"-22.9905","-43.2313"
525,525-GENERAL OSORIO X ALVORADA,Fetranspor,470,17424743,"-22.9905","-43.2313"
525,525-GENERAL OSORIO X ALVORADA,Fetranspor,471,17424743,"-22.9905","-43.2312"
525,525-GENERAL OSORIO X ALVORADA,Fetranspor,472,17424743,"-22.9905","-43.231"
525,525-GENERAL OSORIO X ALVORADA,Fetranspor,473,17424743,"-22.9907","-43.2299"
525,525-GENERAL OSORIO X ALVORADA,Fetranspor,474,17424743,"-22.9907","-43.2297"
525,525-GENERAL OSORIO X ALVORADA,Fetranspor,475,17424743,"-22.9907","-43.2294"
525,525-GENERAL OSORIO X ALVORADA,Fetranspor,476,17424743,"-22.9907","-43.2293"
525,525-GENERAL OSORIO X ALVORADA,Fetranspor,477,17424743,"-22.9907","-43.2293"
525,525-GENERAL OSORIO X ALVORADA,Fetranspor,478,17424743,"-22.9906","-43.2292"
525,525-GENERAL OSORIO X ALVORADA,Fetranspor,479,17424743,"-22.9904","-43.229"
525,525-GENERAL OSORIO X ALVORADA,Fetranspor,480,17424743,"-22.9903","-43.2286"
525,525-GENERAL OSORIO X ALVORADA,Fetranspor,481,17424743,"-22.9902","-43.2285"
525,525-GENERAL OSORIO X ALVORADA,Fetranspor,482,17424743,"-22.9902","-43.2282"
525,525-GENERAL OSORIO X ALVORADA,Fetranspor,483,17424743,"-22.9902","-43.2282"
525,525-GENERAL OSORIO X ALVORADA,Fetranspor,484,17424743,"-22.9902","-43.2281"
525,525-GENERAL OSORIO X ALVORADA,Fetranspor,485,17424743,"-22.9901","-43.2279"
525,525-GENERAL OSORIO X ALVORADA,Fetranspor,486,17424743,"-22.9901","-43.2278"
525,525-GENERAL OSORIO X ALVORADA,Fetranspor,487,17424743,"-22.99","-43.2277"
525,525-GENERAL OSORIO X ALVORADA,Fetranspor,488,17424743,"-22.99","-43.2277"
525,525-GENERAL OSORIO X ALVORADA,Fetranspor,489,17424743,"-22.99","-43.2276"
525,525-GENERAL OSORIO X ALVORADA,Fetranspor,490,17424743,"-22.9899","-43.2276"
525,525-GENERAL OSORIO X ALVORADA,Fetranspor,491,17424743,"-22.9898","-43.2275"
525,525-GENERAL OSORIO X ALVORADA,Fetranspor,492,17424743,"-22.9897","-43.2275"
525,525-GENERAL OSORIO X ALVORADA,Fetranspor,493,17424743,"-22.9897","-43.2275"
525,525-GENERAL OSORIO X ALVORADA,Fetranspor,494,17424743,"-22.9895","-43.2275"
525,525-GENERAL OSORIO X ALVORADA,Fetranspor,495,17424743,"-22.9894","-43.2275"
525,525-GENERAL OSORIO X ALVORADA,Fetranspor,496,17424743,"-22.9893","-43.2276"
525,525-GENERAL OSORIO X ALVORADA,Fetranspor,497,17424743,"-22.9893","-43.2276"
525,525-GENERAL OSORIO X ALVORADA,Fetranspor,498,17424743,"-22.9892","-43.2276"
525,525-GENERAL OSORIO X ALVORADA,Fetranspor,499,17424743,"-22.989","-43.2278"
525,525-GENERAL OSORIO X ALVORADA,Fetranspor,500,17424743,"-22.989","-43.2279"
525,525-GENERAL OSORIO X ALVORADA,Fetranspor,501,17424743,"-22.989","-43.2279"
525,525-GENERAL OSORIO X ALVORADA,Fetranspor,502,17424743,"-22.9889","-43.2279"
525,525-GENERAL OSORIO X ALVORADA,Fetranspor,503,17424743,"-22.9888","-43.2279"
525,525-GENERAL OSORIO X ALVORADA,Fetranspor,504,17424743,"-22.9888","-43.2279"
525,525-GENERAL OSORIO X ALVORADA,Fetranspor,505,17424743,"-22.9887","-43.2278"
525,525-GENERAL OSORIO X ALVORADA,Fetranspor,506,17424743,"-22.9887","-43.2278"
525,525-GENERAL OSORIO X ALVORADA,Fetranspor,507,17424743,"-22.9885","-43.2276"
525,525-GENERAL OSORIO X ALVORADA,Fetranspor,508,17424743,"-22.9884","-43.2274"
525,525-GENERAL OSORIO X ALVORADA,Fetranspor,509,17424743,"-22.9884","-43.2274"
525,525-GENERAL OSORIO X ALVORADA,Fetranspor,510,17424743,"-22.988","-43.2263"
525,525-GENERAL OSORIO X ALVORADA,Fetranspor,511,17424743,"-22.9877","-43.2256"
525,525-GENERAL OSORIO X ALVORADA,Fetranspor,512,17424743,"-22.9876","-43.2252"
525,525-GENERAL OSORIO X ALVORADA,Fetranspor,513,17424743,"-22.9875","-43.2248"
525,525-GENERAL OSORIO X ALVORADA,Fetranspor,514,17424743,"-22.9872","-43.223"
525,525-GENERAL OSORIO X ALVORADA,Fetranspor,515,17424743,"-22.9872","-43.223"
525,525-GENERAL OSORIO X ALVORADA,Fetranspor,516,17424743,"-22.9871","-43.2224"
525,525-GENERAL OSORIO X ALVORADA,Fetranspor,517,17424743,"-22.9869","-43.221"
525,525-GENERAL OSORIO X ALVORADA,Fetranspor,518,17424743,"-22.9868","-43.2204"
525,525-GENERAL OSORIO X ALVORADA,Fetranspor,519,17424743,"-22.9867","-43.2192"
525,525-GENERAL OSORIO X ALVORADA,Fetranspor,520,17424743,"-22.9865","-43.2174"
525,525-GENERAL OSORIO X ALVORADA,Fetranspor,521,17424743,"-22.9865","-43.2174"
525,525-GENERAL OSORIO X ALVORADA,Fetranspor,522,17424743,"-22.9863","-43.2157"
525,525-GENERAL OSORIO X ALVORADA,Fetranspor,523,17424743,"-22.9863","-43.2157"
525,525-GENERAL OSORIO X ALVORADA,Fetranspor,524,17424743,"-22.9862","-43.2156"
525,525-GENERAL OSORIO X ALVORADA,Fetranspor,525,17424743,"-22.9861","-43.2153"
525,525-GENERAL OSORIO X ALVORADA,Fetranspor,526,17424743,"-22.9861","-43.2152"
525,525-GENERAL OSORIO X ALVORADA,Fetranspor,527,17424743,"-22.9861","-43.2152"
525,525-GENERAL OSORIO X ALVORADA,Fetranspor,528,17424743,"-22.9857","-43.2152"
525,525-GENERAL OSORIO X ALVORADA,Fetranspor,529,17424743,"-22.9856","-43.2152"
525,525-GENERAL OSORIO X ALVORADA,Fetranspor,530,17424743,"-22.9854","-43.2152"
525,525-GENERAL OSORIO X ALVORADA,Fetranspor,531,17424743,"-22.9852","-43.2151"
525,525-GENERAL OSORIO X ALVORADA,Fetranspor,532,17424743,"-22.9847","-43.2149"
525,525-GENERAL OSORIO X ALVORADA,Fetranspor,533,17424743,"-22.9847","-43.2149"
525,525-GENERAL OSORIO X ALVORADA,Fetranspor,534,17424743,"-22.9837","-43.2145"
525,525-GENERAL OSORIO X ALVORADA,Fetranspor,535,17424743,"-22.9837","-43.2145"
525,525-GENERAL OSORIO X ALVORADA,Fetranspor,536,17424743,"-22.9837","-43.2142"
525,525-GENERAL OSORIO X ALVORADA,Fetranspor,537,17424743,"-22.9837","-43.2142"
525,525-GENERAL OSORIO X ALVORADA,Fetranspor,538,17424743,"-22.9837","-43.2137"
525,525-GENERAL OSORIO X ALVORADA,Fetranspor,539,17424743,"-22.9837","-43.2135"
525,525-GENERAL OSORIO X ALVORADA,Fetranspor,540,17424743,"-22.9837","-43.2135"
525,525-GENERAL OSORIO X ALVORADA,Fetranspor,541,17424743,"-22.9838","-43.2127"
525,525-GENERAL OSORIO X ALVORADA,Fetranspor,542,17424743,"-22.9838","-43.2116"
525,525-GENERAL OSORIO X ALVORADA,Fetranspor,543,17424743,"-22.9839","-43.2113"
525,525-GENERAL OSORIO X ALVORADA,Fetranspor,544,17424743,"-22.9839","-43.2113"
525,525-GENERAL OSORIO X ALVORADA,Fetranspor,545,17424743,"-22.984","-43.2092"
525,525-GENERAL OSORIO X ALVORADA,Fetranspor,546,17424743,"-22.984","-43.2092"
525,525-GENERAL OSORIO X ALVORADA,Fetranspor,547,17424743,"-22.984","-43.2086"
525,525-GENERAL OSORIO X ALVORADA,Fetranspor,548,17424743,"-22.9841","-43.2072"
525,525-GENERAL OSORIO X ALVORADA,Fetranspor,549,17424743,"-22.9841","-43.2071"
525,525-GENERAL OSORIO X ALVORADA,Fetranspor,550,17424743,"-22.9841","-43.2071"
525,525-GENERAL OSORIO X ALVORADA,Fetranspor,551,17424743,"-22.9842","-43.2055"
525,525-GENERAL OSORIO X ALVORADA,Fetranspor,552,17424743,"-22.9842","-43.2052"
525,525-GENERAL OSORIO X ALVORADA,Fetranspor,553,17424743,"-22.9842","-43.205"
525,525-GENERAL OSORIO X ALVORADA,Fetranspor,554,17424743,"-22.9842","-43.205"
525,525-GENERAL OSORIO X ALVORADA,Fetranspor,555,17424743,"-22.9842","-43.2043"
525,525-GENERAL OSORIO X ALVORADA,Fetranspor,556,17424743,"-22.9843","-43.2034"
525,525-GENERAL OSORIO X ALVORADA,Fetranspor,557,17424743,"-22.9843","-43.2029"
525,525-GENERAL OSORIO X ALVORADA,Fetranspor,558,17424743,"-22.9843","-43.2029"
525,525-GENERAL OSORIO X ALVORADA,Fetranspor,559,17424743,"-22.9844","-43.2007"
525,525-GENERAL OSORIO X ALVORADA,Fetranspor,560,17424743,"-22.9844","-43.2007"
525,525-GENERAL OSORIO X ALVORADA,Fetranspor,561,17424743,"-22.9845","-43.1986"
525,525-GENERAL OSORIO X ALVORADA,Fetranspor,562,17424743,"-22.9845","-43.1986"
525,525-GENERAL OSORIO X ALVORADA,Fetranspor,563,17424743,"-22.9846","-43.1969"
