linha,descricao,agencia,sequencia,shape_id,latitude,longitude
555,555-RIO DAS PEDRAS X GAVEA,Fetranspor,0,17592763,"-22.9788","-43.222"
555,555-RIO DAS PEDRAS X GAVEA,Fetranspor,1,17592763,"-22.9782","-43.2221"
555,555-RIO DAS PEDRAS X GAVEA,Fetranspor,2,17592763,"-22.9777","-43.2222"
555,555-RIO DAS PEDRAS X GAVEA,Fetranspor,3,17592763,"-22.9777","-43.2222"
555,555-RIO DAS PEDRAS X GAVEA,Fetranspor,4,17592763,"-22.9776","-43.2223"
555,555-RIO DAS PEDRAS X GAVEA,Fetranspor,5,17592763,"-22.9775","-43.2223"
555,555-RIO DAS PEDRAS X GAVEA,Fetranspor,6,17592763,"-22.9775","-43.2223"
555,555-RIO DAS PEDRAS X GAVEA,Fetranspor,7,17592763,"-22.978","-43.2247"
555,555-RIO DAS PEDRAS X GAVEA,Fetranspor,8,17592763,"-22.978","-43.2247"
555,555-RIO DAS PEDRAS X GAVEA,Fetranspor,9,17592763,"-22.9781","-43.2251"
555,555-RIO DAS PEDRAS X GAVEA,Fetranspor,10,17592763,"-22.9781","-43.2251"
555,555-RIO DAS PEDRAS X GAVEA,Fetranspor,11,17592763,"-22.9782","-43.2256"
555,555-RIO DAS PEDRAS X GAVEA,Fetranspor,12,17592763,"-22.9783","-43.2263"
555,555-RIO DAS PEDRAS X GAVEA,Fetranspor,13,17592763,"-22.9783","-43.2263"
555,555-RIO DAS PEDRAS X GAVEA,Fetranspor,14,17592763,"-22.9783","-43.2266"
555,555-RIO DAS PEDRAS X GAVEA,Fetranspor,15,17592763,"-22.9783","-43.2266"
555,555-RIO DAS PEDRAS X GAVEA,Fetranspor,16,17592763,"-22.9784","-43.2269"
555,555-RIO DAS PEDRAS X GAVEA,Fetranspor,17,17592763,"-22.9784","-43.2269"
555,555-RIO DAS PEDRAS X GAVEA,Fetranspor,18,17592763,"-22.9784","-43.2269"
555,555-RIO DAS PEDRAS X GAVEA,Fetranspor,19,17592763,"-22.9784","-43.2269"
555,555-RIO DAS PEDRAS X GAVEA,Fetranspor,20,17592763,"-22.9787","-43.2279"
555,555-RIO DAS PEDRAS X GAVEA,Fetranspor,21,17592763,"-22.9787","-43.2279"
555,555-RIO DAS PEDRAS X GAVEA,Fetranspor,22,17592763,"-22.9788","-43.2287"
555,555-RIO DAS PEDRAS X GAVEA,Fetranspor,23,17592763,"-22.9789","-43.2291"
555,555-RIO DAS PEDRAS X GAVEA,Fetranspor,24,17592763,"-22.9789","-43.2291"
555,555-RIO DAS PEDRAS X GAVEA,Fetranspor,25,17592763,"-22.979","-43.2293"
555,555-RIO DAS PEDRAS X GAVEA,Fetranspor,26,17592763,"-22.9791","-43.2296"
555,555-RIO DAS PEDRAS X GAVEA,Fetranspor,27,17592763,"-22.9793","-43.23"
555,555-RIO DAS PEDRAS X GAVEA,Fetranspor,28,17592763,"-22.9794","-43.2303"
555,555-RIO DAS PEDRAS X GAVEA,Fetranspor,29,17592763,"-22.9795","-43.2305"
555,555-RIO DAS PEDRAS X GAVEA,Fetranspor,30,17592763,"-22.9803","-43.2321"
555,555-RIO DAS PEDRAS X GAVEA,Fetranspor,31,17592763,"-22.9804","-43.2324"
555,555-RIO DAS PEDRAS X GAVEA,Fetranspor,32,17592763,"-22.9805","-43.2325"
555,555-RIO DAS PEDRAS X GAVEA,Fetranspor,33,17592763,"-22.982","-43.2345"
555,555-RIO DAS PEDRAS X GAVEA,Fetranspor,34,17592763,"-22.9821","-43.2348"
555,555-RIO DAS PEDRAS X GAVEA,Fetranspor,35,17592763,"-22.9823","-43.2351"
555,555-RIO DAS PEDRAS X GAVEA,Fetranspor,36,17592763,"-22.9824","-43.2353"
555,555-RIO DAS PEDRAS X GAVEA,Fetranspor,37,17592763,"-22.9825","-43.2356"
555,555-RIO DAS PEDRAS X GAVEA,Fetranspor,38,17592763,"-22.9825","-43.2359"
555,555-RIO DAS PEDRAS X GAVEA,Fetranspor,39,17592763,"-22.9827","-43.2366"
555,555-RIO DAS PEDRAS X GAVEA,Fetranspor,40,17592763,"-22.9828","-43.237"
555,555-RIO DAS PEDRAS X GAVEA,Fetranspor,41,17592763,"-22.9829","-43.2372"
555,555-RIO DAS PEDRAS X GAVEA,Fetranspor,42,17592763,"-22.9829","-43.2372"
555,555-RIO DAS PEDRAS X GAVEA,Fetranspor,43,17592763,"-22.9829","-43.2373"
555,555-RIO DAS PEDRAS X GAVEA,Fetranspor,44,17592763,"-22.983","-43.2375"
555,555-RIO DAS PEDRAS X GAVEA,Fetranspor,45,17592763,"-22.983","-43.2375"
555,555-RIO DAS PEDRAS X GAVEA,Fetranspor,46,17592763,"-22.9832","-43.2378"
555,555-RIO DAS PEDRAS X GAVEA,Fetranspor,47,17592763,"-22.9833","-43.2379"
555,555-RIO DAS PEDRAS X GAVEA,Fetranspor,48,17592763,"-22.9833","-43.2379"
555,555-RIO DAS PEDRAS X GAVEA,Fetranspor,49,17592763,"-22.9838","-43.2384"
555,555-RIO DAS PEDRAS X GAVEA,Fetranspor,50,17592763,"-22.9838","-43.2384"
555,555-RIO DAS PEDRAS X GAVEA,Fetranspor,51,17592763,"-22.9842","-43.2387"
555,555-RIO DAS PEDRAS X GAVEA,Fetranspor,52,17592763,"-22.9849","-43.2392"
555,555-RIO DAS PEDRAS X GAVEA,Fetranspor,53,17592763,"-22.9856","-43.2396"
555,555-RIO DAS PEDRAS X GAVEA,Fetranspor,54,17592763,"-22.9889","-43.2419"
555,555-RIO DAS PEDRAS X GAVEA,Fetranspor,55,17592763,"-22.9892","-43.2421"
555,555-RIO DAS PEDRAS X GAVEA,Fetranspor,56,17592763,"-22.9894","-43.2423"
555,555-RIO DAS PEDRAS X GAVEA,Fetranspor,57,17592763,"-22.9897","-43.2425"
555,555-RIO DAS PEDRAS X GAVEA,Fetranspor,58,17592763,"-22.9898","-43.2427"
555,555-RIO DAS PEDRAS X GAVEA,Fetranspor,59,17592763,"-22.9901","-43.2429"
555,555-RIO DAS PEDRAS X GAVEA,Fetranspor,60,17592763,"-22.9903","-43.2432"
555,555-RIO DAS PEDRAS X GAVEA,Fetranspor,61,17592763,"-22.9905","-43.2434"
555,555-RIO DAS PEDRAS X GAVEA,Fetranspor,62,17592763,"-22.9906","-43.2436"
555,555-RIO DAS PEDRAS X GAVEA,Fetranspor,63,17592763,"-22.9908","-43.2438"
555,555-RIO DAS PEDRAS X GAVEA,Fetranspor,64,17592763,"-22.991","-43.2441"
555,555-RIO DAS PEDRAS X GAVEA,Fetranspor,65,17592763,"-22.9912","-43.2445"
555,555-RIO DAS PEDRAS X GAVEA,Fetranspor,66,17592763,"-22.9914","-43.2448"
555,555-RIO DAS PEDRAS X GAVEA,Fetranspor,67,17592763,"-22.9916","-43.2451"
555,555-RIO DAS PEDRAS X GAVEA,Fetranspor,68,17592763,"-22.9917","-43.2454"
555,555-RIO DAS PEDRAS X GAVEA,Fetranspor,69,17592763,"-22.9918","-43.2458"
555,555-RIO DAS PEDRAS X GAVEA,Fetranspor,70,17592763,"-22.9919","-43.2461"
555,555-RIO DAS PEDRAS X GAVEA,Fetranspor,71,17592763,"-22.992","-43.2464"
555,555-RIO DAS PEDRAS X GAVEA,Fetranspor,72,17592763,"-22.9921","-43.2468"
555,555-RIO DAS PEDRAS X GAVEA,Fetranspor,73,17592763,"-22.9922","-43.2471"
555,555-RIO DAS PEDRAS X GAVEA,Fetranspor,74,17592763,"-22.9923","-43.2474"
555,555-RIO DAS PEDRAS X GAVEA,Fetranspor,75,17592763,"-22.9923","-43.2478"
555,555-RIO DAS PEDRAS X GAVEA,Fetranspor,76,17592763,"-22.9924","-43.2481"
555,555-RIO DAS PEDRAS X GAVEA,Fetranspor,77,17592763,"-22.9924","-43.2485"
555,555-RIO DAS PEDRAS X GAVEA,Fetranspor,78,17592763,"-22.9924","-43.2488"
555,555-RIO DAS PEDRAS X GAVEA,Fetranspor,79,17592763,"-22.9924","-43.2493"
555,555-RIO DAS PEDRAS X GAVEA,Fetranspor,80,17592763,"-22.9924","-43.2493"
555,555-RIO DAS PEDRAS X GAVEA,Fetranspor,81,17592763,"-22.9923","-43.2499"
555,555-RIO DAS PEDRAS X GAVEA,Fetranspor,82,17592763,"-22.9923","-43.2501"
555,555-RIO DAS PEDRAS X GAVEA,Fetranspor,83,17592763,"-22.9923","-43.2501"
555,555-RIO DAS PEDRAS X GAVEA,Fetranspor,84,17592763,"-22.9923","-43.2506"
555,555-RIO DAS PEDRAS X GAVEA,Fetranspor,85,17592763,"-22.9924","-43.2513"
555,555-RIO DAS PEDRAS X GAVEA,Fetranspor,86,17592763,"-22.9924","-43.2516"
555,555-RIO DAS PEDRAS X GAVEA,Fetranspor,87,17592763,"-22.9925","-43.252"
555,555-RIO DAS PEDRAS X GAVEA,Fetranspor,88,17592763,"-22.9926","-43.2526"
555,555-RIO DAS PEDRAS X GAVEA,Fetranspor,89,17592763,"-22.9928","-43.2529"
555,555-RIO DAS PEDRAS X GAVEA,Fetranspor,90,17592763,"-22.9929","-43.2532"
555,555-RIO DAS PEDRAS X GAVEA,Fetranspor,91,17592763,"-22.9929","-43.2532"
555,555-RIO DAS PEDRAS X GAVEA,Fetranspor,92,17592763,"-22.9929","-43.2534"
555,555-RIO DAS PEDRAS X GAVEA,Fetranspor,93,17592763,"-22.993","-43.2535"
555,555-RIO DAS PEDRAS X GAVEA,Fetranspor,94,17592763,"-22.9931","-43.2536"
555,555-RIO DAS PEDRAS X GAVEA,Fetranspor,95,17592763,"-22.9931","-43.2536"
555,555-RIO DAS PEDRAS X GAVEA,Fetranspor,96,17592763,"-22.9937","-43.2551"
555,555-RIO DAS PEDRAS X GAVEA,Fetranspor,97,17592763,"-22.9952","-43.2584"
555,555-RIO DAS PEDRAS X GAVEA,Fetranspor,98,17592763,"-22.9955","-43.259"
555,555-RIO DAS PEDRAS X GAVEA,Fetranspor,99,17592763,"-22.9962","-43.2601"
555,555-RIO DAS PEDRAS X GAVEA,Fetranspor,100,17592763,"-22.9964","-43.2605"
555,555-RIO DAS PEDRAS X GAVEA,Fetranspor,101,17592763,"-22.9965","-43.2608"
555,555-RIO DAS PEDRAS X GAVEA,Fetranspor,102,17592763,"-22.9967","-43.2613"
555,555-RIO DAS PEDRAS X GAVEA,Fetranspor,103,17592763,"-22.9978","-43.2652"
555,555-RIO DAS PEDRAS X GAVEA,Fetranspor,104,17592763,"-22.9979","-43.2655"
555,555-RIO DAS PEDRAS X GAVEA,Fetranspor,105,17592763,"-22.998","-43.2661"
555,555-RIO DAS PEDRAS X GAVEA,Fetranspor,106,17592763,"-22.9981","-43.2666"
555,555-RIO DAS PEDRAS X GAVEA,Fetranspor,107,17592763,"-22.9981","-43.2666"
555,555-RIO DAS PEDRAS X GAVEA,Fetranspor,108,17592763,"-22.9981","-43.2667"
555,555-RIO DAS PEDRAS X GAVEA,Fetranspor,109,17592763,"-22.9981","-43.2667"
555,555-RIO DAS PEDRAS X GAVEA,Fetranspor,110,17592763,"-22.9982","-43.2671"
555,555-RIO DAS PEDRAS X GAVEA,Fetranspor,111,17592763,"-22.9985","-43.2678"
555,555-RIO DAS PEDRAS X GAVEA,Fetranspor,112,17592763,"-22.9985","-43.2678"
555,555-RIO DAS PEDRAS X GAVEA,Fetranspor,113,17592763,"-22.9985","-43.268"
555,555-RIO DAS PEDRAS X GAVEA,Fetranspor,114,17592763,"-22.9985","-43.268"
555,555-RIO DAS PEDRAS X GAVEA,Fetranspor,115,17592763,"-22.9987","-43.2684"
555,555-RIO DAS PEDRAS X GAVEA,Fetranspor,116,17592763,"-22.9987","-43.2686"
555,555-RIO DAS PEDRAS X GAVEA,Fetranspor,117,17592763,"-22.9988","-43.2689"
555,555-RIO DAS PEDRAS X GAVEA,Fetranspor,118,17592763,"-22.9989","-43.27"
555,555-RIO DAS PEDRAS X GAVEA,Fetranspor,119,17592763,"-22.9989","-43.27"
555,555-RIO DAS PEDRAS X GAVEA,Fetranspor,120,17592763,"-22.9991","-43.2709"
555,555-RIO DAS PEDRAS X GAVEA,Fetranspor,121,17592763,"-22.9991","-43.2712"
555,555-RIO DAS PEDRAS X GAVEA,Fetranspor,122,17592763,"-22.9992","-43.2717"
555,555-RIO DAS PEDRAS X GAVEA,Fetranspor,123,17592763,"-22.9992","-43.2719"
555,555-RIO DAS PEDRAS X GAVEA,Fetranspor,124,17592763,"-22.9993","-43.2721"
555,555-RIO DAS PEDRAS X GAVEA,Fetranspor,125,17592763,"-22.9994","-43.2724"
555,555-RIO DAS PEDRAS X GAVEA,Fetranspor,126,17592763,"-22.9995","-43.2726"
555,555-RIO DAS PEDRAS X GAVEA,Fetranspor,127,17592763,"-22.9996","-43.2728"
555,555-RIO DAS PEDRAS X GAVEA,Fetranspor,128,17592763,"-22.9997","-43.2729"
555,555-RIO DAS PEDRAS X GAVEA,Fetranspor,129,17592763,"-22.9997","-43.2729"
555,555-RIO DAS PEDRAS X GAVEA,Fetranspor,130,17592763,"-22.9999","-43.2731"
555,555-RIO DAS PEDRAS X GAVEA,Fetranspor,131,17592763,"-23.0003","-43.2735"
555,555-RIO DAS PEDRAS X GAVEA,Fetranspor,132,17592763,"-23.0003","-43.2735"
555,555-RIO DAS PEDRAS X GAVEA,Fetranspor,133,17592763,"-23.001","-43.2742"
555,555-RIO DAS PEDRAS X GAVEA,Fetranspor,134,17592763,"-23.0023","-43.2755"
555,555-RIO DAS PEDRAS X GAVEA,Fetranspor,135,17592763,"-23.0029","-43.2761"
555,555-RIO DAS PEDRAS X GAVEA,Fetranspor,136,17592763,"-23.0029","-43.2761"
555,555-RIO DAS PEDRAS X GAVEA,Fetranspor,137,17592763,"-23.004","-43.2776"
555,555-RIO DAS PEDRAS X GAVEA,Fetranspor,138,17592763,"-23.004","-43.2776"
555,555-RIO DAS PEDRAS X GAVEA,Fetranspor,139,17592763,"-23.0044","-43.2781"
555,555-RIO DAS PEDRAS X GAVEA,Fetranspor,140,17592763,"-23.0049","-43.2787"
555,555-RIO DAS PEDRAS X GAVEA,Fetranspor,141,17592763,"-23.0052","-43.279"
555,555-RIO DAS PEDRAS X GAVEA,Fetranspor,142,17592763,"-23.0053","-43.2794"
555,555-RIO DAS PEDRAS X GAVEA,Fetranspor,143,17592763,"-23.0055","-43.2797"
555,555-RIO DAS PEDRAS X GAVEA,Fetranspor,144,17592763,"-23.0057","-43.2802"
555,555-RIO DAS PEDRAS X GAVEA,Fetranspor,145,17592763,"-23.0059","-43.2811"
555,555-RIO DAS PEDRAS X GAVEA,Fetranspor,146,17592763,"-23.006","-43.2815"
555,555-RIO DAS PEDRAS X GAVEA,Fetranspor,147,17592763,"-23.0061","-43.2816"
555,555-RIO DAS PEDRAS X GAVEA,Fetranspor,148,17592763,"-23.0063","-43.282"
555,555-RIO DAS PEDRAS X GAVEA,Fetranspor,149,17592763,"-23.0067","-43.2827"
555,555-RIO DAS PEDRAS X GAVEA,Fetranspor,150,17592763,"-23.0073","-43.2836"
555,555-RIO DAS PEDRAS X GAVEA,Fetranspor,151,17592763,"-23.0075","-43.284"
555,555-RIO DAS PEDRAS X GAVEA,Fetranspor,152,17592763,"-23.0077","-43.2844"
555,555-RIO DAS PEDRAS X GAVEA,Fetranspor,153,17592763,"-23.008","-43.2852"
555,555-RIO DAS PEDRAS X GAVEA,Fetranspor,154,17592763,"-23.0081","-43.2854"
555,555-RIO DAS PEDRAS X GAVEA,Fetranspor,155,17592763,"-23.0083","-43.2857"
555,555-RIO DAS PEDRAS X GAVEA,Fetranspor,156,17592763,"-23.0084","-43.2859"
555,555-RIO DAS PEDRAS X GAVEA,Fetranspor,157,17592763,"-23.0085","-43.286"
555,555-RIO DAS PEDRAS X GAVEA,Fetranspor,158,17592763,"-23.0087","-43.2862"
555,555-RIO DAS PEDRAS X GAVEA,Fetranspor,159,17592763,"-23.0089","-43.2864"
555,555-RIO DAS PEDRAS X GAVEA,Fetranspor,160,17592763,"-23.0092","-43.2866"
555,555-RIO DAS PEDRAS X GAVEA,Fetranspor,161,17592763,"-23.0095","-43.2869"
555,555-RIO DAS PEDRAS X GAVEA,Fetranspor,162,17592763,"-23.0096","-43.287"
555,555-RIO DAS PEDRAS X GAVEA,Fetranspor,163,17592763,"-23.0098","-43.2872"
555,555-RIO DAS PEDRAS X GAVEA,Fetranspor,164,17592763,"-23.0099","-43.2874"
555,555-RIO DAS PEDRAS X GAVEA,Fetranspor,165,17592763,"-23.01","-43.2876"
555,555-RIO DAS PEDRAS X GAVEA,Fetranspor,166,17592763,"-23.0101","-43.2878"
555,555-RIO DAS PEDRAS X GAVEA,Fetranspor,167,17592763,"-23.0101","-43.2878"
555,555-RIO DAS PEDRAS X GAVEA,Fetranspor,168,17592763,"-23.0105","-43.2887"
555,555-RIO DAS PEDRAS X GAVEA,Fetranspor,169,17592763,"-23.0109","-43.2895"
555,555-RIO DAS PEDRAS X GAVEA,Fetranspor,170,17592763,"-23.0113","-43.2905"
555,555-RIO DAS PEDRAS X GAVEA,Fetranspor,171,17592763,"-23.0117","-43.2913"
555,555-RIO DAS PEDRAS X GAVEA,Fetranspor,172,17592763,"-23.0119","-43.2919"
555,555-RIO DAS PEDRAS X GAVEA,Fetranspor,173,17592763,"-23.012","-43.2921"
555,555-RIO DAS PEDRAS X GAVEA,Fetranspor,174,17592763,"-23.0121","-43.2924"
555,555-RIO DAS PEDRAS X GAVEA,Fetranspor,175,17592763,"-23.0121","-43.2924"
555,555-RIO DAS PEDRAS X GAVEA,Fetranspor,176,17592763,"-23.0123","-43.2927"
555,555-RIO DAS PEDRAS X GAVEA,Fetranspor,177,17592763,"-23.0124","-43.2931"
555,555-RIO DAS PEDRAS X GAVEA,Fetranspor,178,17592763,"-23.0126","-43.2935"
555,555-RIO DAS PEDRAS X GAVEA,Fetranspor,179,17592763,"-23.0127","-43.294"
555,555-RIO DAS PEDRAS X GAVEA,Fetranspor,180,17592763,"-23.0127","-43.294"
555,555-RIO DAS PEDRAS X GAVEA,Fetranspor,181,17592763,"-23.013","-43.2955"
555,555-RIO DAS PEDRAS X GAVEA,Fetranspor,182,17592763,"-23.0131","-43.296"
555,555-RIO DAS PEDRAS X GAVEA,Fetranspor,183,17592763,"-23.0132","-43.2965"
555,555-RIO DAS PEDRAS X GAVEA,Fetranspor,184,17592763,"-23.0132","-43.2968"
555,555-RIO DAS PEDRAS X GAVEA,Fetranspor,185,17592763,"-23.0132","-43.2969"
555,555-RIO DAS PEDRAS X GAVEA,Fetranspor,186,17592763,"-23.0131","-43.2971"
555,555-RIO DAS PEDRAS X GAVEA,Fetranspor,187,17592763,"-23.0131","-43.2975"
555,555-RIO DAS PEDRAS X GAVEA,Fetranspor,188,17592763,"-23.0131","-43.2976"
555,555-RIO DAS PEDRAS X GAVEA,Fetranspor,189,17592763,"-23.013","-43.2977"
555,555-RIO DAS PEDRAS X GAVEA,Fetranspor,190,17592763,"-23.013","-43.2978"
555,555-RIO DAS PEDRAS X GAVEA,Fetranspor,191,17592763,"-23.013","-43.2979"
555,555-RIO DAS PEDRAS X GAVEA,Fetranspor,192,17592763,"-23.0129","-43.2982"
555,555-RIO DAS PEDRAS X GAVEA,Fetranspor,193,17592763,"-23.0128","-43.2984"
555,555-RIO DAS PEDRAS X GAVEA,Fetranspor,194,17592763,"-23.0126","-43.2987"
555,555-RIO DAS PEDRAS X GAVEA,Fetranspor,195,17592763,"-23.0124","-43.299"
555,555-RIO DAS PEDRAS X GAVEA,Fetranspor,196,17592763,"-23.0121","-43.2994"
555,555-RIO DAS PEDRAS X GAVEA,Fetranspor,197,17592763,"-23.0116","-43.3001"
555,555-RIO DAS PEDRAS X GAVEA,Fetranspor,198,17592763,"-23.0113","-43.3005"
555,555-RIO DAS PEDRAS X GAVEA,Fetranspor,199,17592763,"-23.0113","-43.3005"
555,555-RIO DAS PEDRAS X GAVEA,Fetranspor,200,17592763,"-23.0112","-43.3007"
555,555-RIO DAS PEDRAS X GAVEA,Fetranspor,201,17592763,"-23.0105","-43.3017"
555,555-RIO DAS PEDRAS X GAVEA,Fetranspor,202,17592763,"-23.0102","-43.3021"
555,555-RIO DAS PEDRAS X GAVEA,Fetranspor,203,17592763,"-23.0101","-43.3022"
555,555-RIO DAS PEDRAS X GAVEA,Fetranspor,204,17592763,"-23.0098","-43.3025"
555,555-RIO DAS PEDRAS X GAVEA,Fetranspor,205,17592763,"-23.0095","-43.3027"
555,555-RIO DAS PEDRAS X GAVEA,Fetranspor,206,17592763,"-23.0088","-43.3032"
555,555-RIO DAS PEDRAS X GAVEA,Fetranspor,207,17592763,"-23.0088","-43.3032"
555,555-RIO DAS PEDRAS X GAVEA,Fetranspor,208,17592763,"-23.0085","-43.3033"
555,555-RIO DAS PEDRAS X GAVEA,Fetranspor,209,17592763,"-23.0078","-43.3035"
555,555-RIO DAS PEDRAS X GAVEA,Fetranspor,210,17592763,"-23.0078","-43.3036"
555,555-RIO DAS PEDRAS X GAVEA,Fetranspor,211,17592763,"-23.0077","-43.3035"
555,555-RIO DAS PEDRAS X GAVEA,Fetranspor,212,17592763,"-23.0077","-43.3035"
555,555-RIO DAS PEDRAS X GAVEA,Fetranspor,213,17592763,"-23.0076","-43.3035"
555,555-RIO DAS PEDRAS X GAVEA,Fetranspor,214,17592763,"-23.0075","-43.3034"
555,555-RIO DAS PEDRAS X GAVEA,Fetranspor,215,17592763,"-23.0075","-43.3034"
555,555-RIO DAS PEDRAS X GAVEA,Fetranspor,216,17592763,"-23.0072","-43.3029"
555,555-RIO DAS PEDRAS X GAVEA,Fetranspor,217,17592763,"-23.0072","-43.3029"
555,555-RIO DAS PEDRAS X GAVEA,Fetranspor,218,17592763,"-23.0072","-43.3029"
555,555-RIO DAS PEDRAS X GAVEA,Fetranspor,219,17592763,"-23.0071","-43.3029"
555,555-RIO DAS PEDRAS X GAVEA,Fetranspor,220,17592763,"-23.007","-43.3029"
555,555-RIO DAS PEDRAS X GAVEA,Fetranspor,221,17592763,"-23.0069","-43.3029"
555,555-RIO DAS PEDRAS X GAVEA,Fetranspor,222,17592763,"-23.0068","-43.3029"
555,555-RIO DAS PEDRAS X GAVEA,Fetranspor,223,17592763,"-23.0068","-43.3029"
555,555-RIO DAS PEDRAS X GAVEA,Fetranspor,224,17592763,"-23.0064","-43.3032"
555,555-RIO DAS PEDRAS X GAVEA,Fetranspor,225,17592763,"-23.0061","-43.3035"
555,555-RIO DAS PEDRAS X GAVEA,Fetranspor,226,17592763,"-23.006","-43.3036"
555,555-RIO DAS PEDRAS X GAVEA,Fetranspor,227,17592763,"-23.0059","-43.3037"
555,555-RIO DAS PEDRAS X GAVEA,Fetranspor,228,17592763,"-23.0058","-43.3039"
555,555-RIO DAS PEDRAS X GAVEA,Fetranspor,229,17592763,"-23.0058","-43.3039"
555,555-RIO DAS PEDRAS X GAVEA,Fetranspor,230,17592763,"-23.0057","-43.304"
555,555-RIO DAS PEDRAS X GAVEA,Fetranspor,231,17592763,"-23.0056","-43.304"
555,555-RIO DAS PEDRAS X GAVEA,Fetranspor,232,17592763,"-23.0053","-43.3041"
555,555-RIO DAS PEDRAS X GAVEA,Fetranspor,233,17592763,"-23.0051","-43.3041"
555,555-RIO DAS PEDRAS X GAVEA,Fetranspor,234,17592763,"-23.0049","-43.3041"
555,555-RIO DAS PEDRAS X GAVEA,Fetranspor,235,17592763,"-23.0047","-43.3041"
555,555-RIO DAS PEDRAS X GAVEA,Fetranspor,236,17592763,"-23.0044","-43.3042"
555,555-RIO DAS PEDRAS X GAVEA,Fetranspor,237,17592763,"-23.0044","-43.3042"
555,555-RIO DAS PEDRAS X GAVEA,Fetranspor,238,17592763,"-23.0042","-43.3043"
555,555-RIO DAS PEDRAS X GAVEA,Fetranspor,239,17592763,"-23.0039","-43.3044"
555,555-RIO DAS PEDRAS X GAVEA,Fetranspor,240,17592763,"-23.0038","-43.3044"
555,555-RIO DAS PEDRAS X GAVEA,Fetranspor,241,17592763,"-23.0037","-43.3044"
555,555-RIO DAS PEDRAS X GAVEA,Fetranspor,242,17592763,"-23.0037","-43.3044"
555,555-RIO DAS PEDRAS X GAVEA,Fetranspor,243,17592763,"-23.0035","-43.3044"
555,555-RIO DAS PEDRAS X GAVEA,Fetranspor,244,17592763,"-23.0033","-43.3044"
555,555-RIO DAS PEDRAS X GAVEA,Fetranspor,245,17592763,"-23.0032","-43.3044"
555,555-RIO DAS PEDRAS X GAVEA,Fetranspor,246,17592763,"-23.0031","-43.3044"
555,555-RIO DAS PEDRAS X GAVEA,Fetranspor,247,17592763,"-23.0029","-43.3044"
555,555-RIO DAS PEDRAS X GAVEA,Fetranspor,248,17592763,"-23.0028","-43.3043"
555,555-RIO DAS PEDRAS X GAVEA,Fetranspor,249,17592763,"-23.0026","-43.3043"
555,555-RIO DAS PEDRAS X GAVEA,Fetranspor,250,17592763,"-23.0025","-43.3043"
555,555-RIO DAS PEDRAS X GAVEA,Fetranspor,251,17592763,"-23.0024","-43.3044"
555,555-RIO DAS PEDRAS X GAVEA,Fetranspor,252,17592763,"-23.0023","-43.3044"
555,555-RIO DAS PEDRAS X GAVEA,Fetranspor,253,17592763,"-23.0019","-43.3045"
555,555-RIO DAS PEDRAS X GAVEA,Fetranspor,254,17592763,"-23.0016","-43.3046"
555,555-RIO DAS PEDRAS X GAVEA,Fetranspor,255,17592763,"-23.0016","-43.3046"
555,555-RIO DAS PEDRAS X GAVEA,Fetranspor,256,17592763,"-23.0011","-43.3047"
555,555-RIO DAS PEDRAS X GAVEA,Fetranspor,257,17592763,"-23.0008","-43.3048"
555,555-RIO DAS PEDRAS X GAVEA,Fetranspor,258,17592763,"-23.0007","-43.3047"
555,555-RIO DAS PEDRAS X GAVEA,Fetranspor,259,17592763,"-23.0006","-43.3047"
555,555-RIO DAS PEDRAS X GAVEA,Fetranspor,260,17592763,"-23.0005","-43.3047"
555,555-RIO DAS PEDRAS X GAVEA,Fetranspor,261,17592763,"-23.0003","-43.3046"
555,555-RIO DAS PEDRAS X GAVEA,Fetranspor,262,17592763,"-23.0003","-43.3046"
555,555-RIO DAS PEDRAS X GAVEA,Fetranspor,263,17592763,"-23.0002","-43.3046"
555,555-RIO DAS PEDRAS X GAVEA,Fetranspor,264,17592763,"-22.9992","-43.3046"
555,555-RIO DAS PEDRAS X GAVEA,Fetranspor,265,17592763,"-22.998","-43.3046"
555,555-RIO DAS PEDRAS X GAVEA,Fetranspor,266,17592763,"-22.9971","-43.3046"
555,555-RIO DAS PEDRAS X GAVEA,Fetranspor,267,17592763,"-22.997","-43.3046"
555,555-RIO DAS PEDRAS X GAVEA,Fetranspor,268,17592763,"-22.9967","-43.3046"
555,555-RIO DAS PEDRAS X GAVEA,Fetranspor,269,17592763,"-22.9966","-43.3046"
555,555-RIO DAS PEDRAS X GAVEA,Fetranspor,270,17592763,"-22.9965","-43.3046"
555,555-RIO DAS PEDRAS X GAVEA,Fetranspor,271,17592763,"-22.9964","-43.3046"
555,555-RIO DAS PEDRAS X GAVEA,Fetranspor,272,17592763,"-22.9963","-43.3046"
555,555-RIO DAS PEDRAS X GAVEA,Fetranspor,273,17592763,"-22.9961","-43.3045"
555,555-RIO DAS PEDRAS X GAVEA,Fetranspor,274,17592763,"-22.996","-43.3044"
555,555-RIO DAS PEDRAS X GAVEA,Fetranspor,275,17592763,"-22.9959","-43.3043"
555,555-RIO DAS PEDRAS X GAVEA,Fetranspor,276,17592763,"-22.9957","-43.3042"
555,555-RIO DAS PEDRAS X GAVEA,Fetranspor,277,17592763,"-22.9956","-43.3041"
555,555-RIO DAS PEDRAS X GAVEA,Fetranspor,278,17592763,"-22.9956","-43.3041"
555,555-RIO DAS PEDRAS X GAVEA,Fetranspor,279,17592763,"-22.9956","-43.304"
555,555-RIO DAS PEDRAS X GAVEA,Fetranspor,280,17592763,"-22.9956","-43.304"
555,555-RIO DAS PEDRAS X GAVEA,Fetranspor,281,17592763,"-22.9954","-43.304"
555,555-RIO DAS PEDRAS X GAVEA,Fetranspor,282,17592763,"-22.9946","-43.3036"
555,555-RIO DAS PEDRAS X GAVEA,Fetranspor,283,17592763,"-22.9946","-43.3036"
555,555-RIO DAS PEDRAS X GAVEA,Fetranspor,284,17592763,"-22.9942","-43.3034"
555,555-RIO DAS PEDRAS X GAVEA,Fetranspor,285,17592763,"-22.9935","-43.3031"
555,555-RIO DAS PEDRAS X GAVEA,Fetranspor,286,17592763,"-22.9935","-43.3031"
555,555-RIO DAS PEDRAS X GAVEA,Fetranspor,287,17592763,"-22.9935","-43.3031"
555,555-RIO DAS PEDRAS X GAVEA,Fetranspor,288,17592763,"-22.9935","-43.3031"
555,555-RIO DAS PEDRAS X GAVEA,Fetranspor,289,17592763,"-22.9934","-43.3031"
555,555-RIO DAS PEDRAS X GAVEA,Fetranspor,290,17592763,"-22.9934","-43.3031"
555,555-RIO DAS PEDRAS X GAVEA,Fetranspor,291,17592763,"-22.9932","-43.303"
555,555-RIO DAS PEDRAS X GAVEA,Fetranspor,292,17592763,"-22.9932","-43.303"
555,555-RIO DAS PEDRAS X GAVEA,Fetranspor,293,17592763,"-22.9931","-43.3029"
555,555-RIO DAS PEDRAS X GAVEA,Fetranspor,294,17592763,"-22.9924","-43.3026"
555,555-RIO DAS PEDRAS X GAVEA,Fetranspor,295,17592763,"-22.9924","-43.3026"
555,555-RIO DAS PEDRAS X GAVEA,Fetranspor,296,17592763,"-22.992","-43.3024"
555,555-RIO DAS PEDRAS X GAVEA,Fetranspor,297,17592763,"-22.9915","-43.3022"
555,555-RIO DAS PEDRAS X GAVEA,Fetranspor,298,17592763,"-22.9915","-43.3022"
555,555-RIO DAS PEDRAS X GAVEA,Fetranspor,299,17592763,"-22.9912","-43.302"
555,555-RIO DAS PEDRAS X GAVEA,Fetranspor,300,17592763,"-22.9907","-43.3018"
555,555-RIO DAS PEDRAS X GAVEA,Fetranspor,301,17592763,"-22.9907","-43.3018"
555,555-RIO DAS PEDRAS X GAVEA,Fetranspor,302,17592763,"-22.9905","-43.3017"
555,555-RIO DAS PEDRAS X GAVEA,Fetranspor,303,17592763,"-22.9905","-43.3017"
555,555-RIO DAS PEDRAS X GAVEA,Fetranspor,304,17592763,"-22.9898","-43.3015"
555,555-RIO DAS PEDRAS X GAVEA,Fetranspor,305,17592763,"-22.9896","-43.3014"
555,555-RIO DAS PEDRAS X GAVEA,Fetranspor,306,17592763,"-22.9896","-43.3014"
555,555-RIO DAS PEDRAS X GAVEA,Fetranspor,307,17592763,"-22.9895","-43.3014"
555,555-RIO DAS PEDRAS X GAVEA,Fetranspor,308,17592763,"-22.9893","-43.3014"
555,555-RIO DAS PEDRAS X GAVEA,Fetranspor,309,17592763,"-22.9892","-43.3014"
555,555-RIO DAS PEDRAS X GAVEA,Fetranspor,310,17592763,"-22.989","-43.3014"
555,555-RIO DAS PEDRAS X GAVEA,Fetranspor,311,17592763,"-22.9889","-43.3014"
555,555-RIO DAS PEDRAS X GAVEA,Fetranspor,312,17592763,"-22.9889","-43.3014"
555,555-RIO DAS PEDRAS X GAVEA,Fetranspor,313,17592763,"-22.9888","-43.3014"
555,555-RIO DAS PEDRAS X GAVEA,Fetranspor,314,17592763,"-22.9887","-43.3015"
555,555-RIO DAS PEDRAS X GAVEA,Fetranspor,315,17592763,"-22.9885","-43.3015"
555,555-RIO DAS PEDRAS X GAVEA,Fetranspor,316,17592763,"-22.9885","-43.3015"
555,555-RIO DAS PEDRAS X GAVEA,Fetranspor,317,17592763,"-22.9883","-43.3017"
555,555-RIO DAS PEDRAS X GAVEA,Fetranspor,318,17592763,"-22.9882","-43.3018"
555,555-RIO DAS PEDRAS X GAVEA,Fetranspor,319,17592763,"-22.988","-43.3018"
555,555-RIO DAS PEDRAS X GAVEA,Fetranspor,320,17592763,"-22.9878","-43.3018"
555,555-RIO DAS PEDRAS X GAVEA,Fetranspor,321,17592763,"-22.9878","-43.3018"
555,555-RIO DAS PEDRAS X GAVEA,Fetranspor,322,17592763,"-22.9873","-43.3019"
555,555-RIO DAS PEDRAS X GAVEA,Fetranspor,323,17592763,"-22.9873","-43.3019"
555,555-RIO DAS PEDRAS X GAVEA,Fetranspor,324,17592763,"-22.9872","-43.302"
555,555-RIO DAS PEDRAS X GAVEA,Fetranspor,325,17592763,"-22.987","-43.3021"
555,555-RIO DAS PEDRAS X GAVEA,Fetranspor,326,17592763,"-22.987","-43.3021"
555,555-RIO DAS PEDRAS X GAVEA,Fetranspor,327,17592763,"-22.9869","-43.3023"
555,555-RIO DAS PEDRAS X GAVEA,Fetranspor,328,17592763,"-22.9869","-43.3024"
555,555-RIO DAS PEDRAS X GAVEA,Fetranspor,329,17592763,"-22.9869","-43.3024"
555,555-RIO DAS PEDRAS X GAVEA,Fetranspor,330,17592763,"-22.9868","-43.3026"
555,555-RIO DAS PEDRAS X GAVEA,Fetranspor,331,17592763,"-22.9868","-43.303"
555,555-RIO DAS PEDRAS X GAVEA,Fetranspor,332,17592763,"-22.9868","-43.303"
555,555-RIO DAS PEDRAS X GAVEA,Fetranspor,333,17592763,"-22.9867","-43.3034"
555,555-RIO DAS PEDRAS X GAVEA,Fetranspor,334,17592763,"-22.9867","-43.3034"
555,555-RIO DAS PEDRAS X GAVEA,Fetranspor,335,17592763,"-22.9867","-43.3039"
555,555-RIO DAS PEDRAS X GAVEA,Fetranspor,336,17592763,"-22.9867","-43.3039"
555,555-RIO DAS PEDRAS X GAVEA,Fetranspor,337,17592763,"-22.9867","-43.3043"
555,555-RIO DAS PEDRAS X GAVEA,Fetranspor,338,17592763,"-22.9867","-43.3043"
555,555-RIO DAS PEDRAS X GAVEA,Fetranspor,339,17592763,"-22.9867","-43.3052"
555,555-RIO DAS PEDRAS X GAVEA,Fetranspor,340,17592763,"-22.9867","-43.3055"
555,555-RIO DAS PEDRAS X GAVEA,Fetranspor,341,17592763,"-22.9867","-43.3055"
555,555-RIO DAS PEDRAS X GAVEA,Fetranspor,342,17592763,"-22.9867","-43.3056"
555,555-RIO DAS PEDRAS X GAVEA,Fetranspor,343,17592763,"-22.9867","-43.3056"
555,555-RIO DAS PEDRAS X GAVEA,Fetranspor,344,17592763,"-22.9867","-43.3058"
555,555-RIO DAS PEDRAS X GAVEA,Fetranspor,345,17592763,"-22.9867","-43.3058"
555,555-RIO DAS PEDRAS X GAVEA,Fetranspor,346,17592763,"-22.9867","-43.306"
555,555-RIO DAS PEDRAS X GAVEA,Fetranspor,347,17592763,"-22.9867","-43.306"
555,555-RIO DAS PEDRAS X GAVEA,Fetranspor,348,17592763,"-22.9867","-43.306"
555,555-RIO DAS PEDRAS X GAVEA,Fetranspor,349,17592763,"-22.9867","-43.3062"
555,555-RIO DAS PEDRAS X GAVEA,Fetranspor,350,17592763,"-22.9869","-43.3073"
555,555-RIO DAS PEDRAS X GAVEA,Fetranspor,351,17592763,"-22.987","-43.3079"
555,555-RIO DAS PEDRAS X GAVEA,Fetranspor,352,17592763,"-22.987","-43.3081"
555,555-RIO DAS PEDRAS X GAVEA,Fetranspor,353,17592763,"-22.9872","-43.3086"
555,555-RIO DAS PEDRAS X GAVEA,Fetranspor,354,17592763,"-22.9876","-43.3096"
555,555-RIO DAS PEDRAS X GAVEA,Fetranspor,355,17592763,"-22.9877","-43.3099"
555,555-RIO DAS PEDRAS X GAVEA,Fetranspor,356,17592763,"-22.9878","-43.31"
555,555-RIO DAS PEDRAS X GAVEA,Fetranspor,357,17592763,"-22.9878","-43.31"
555,555-RIO DAS PEDRAS X GAVEA,Fetranspor,358,17592763,"-22.9879","-43.3103"
555,555-RIO DAS PEDRAS X GAVEA,Fetranspor,359,17592763,"-22.9879","-43.3103"
555,555-RIO DAS PEDRAS X GAVEA,Fetranspor,360,17592763,"-22.9879","-43.3107"
555,555-RIO DAS PEDRAS X GAVEA,Fetranspor,361,17592763,"-22.988","-43.3108"
555,555-RIO DAS PEDRAS X GAVEA,Fetranspor,362,17592763,"-22.988","-43.3109"
555,555-RIO DAS PEDRAS X GAVEA,Fetranspor,363,17592763,"-22.988","-43.3109"
555,555-RIO DAS PEDRAS X GAVEA,Fetranspor,364,17592763,"-22.9881","-43.3109"
555,555-RIO DAS PEDRAS X GAVEA,Fetranspor,365,17592763,"-22.9881","-43.311"
555,555-RIO DAS PEDRAS X GAVEA,Fetranspor,366,17592763,"-22.9882","-43.311"
555,555-RIO DAS PEDRAS X GAVEA,Fetranspor,367,17592763,"-22.9883","-43.3111"
555,555-RIO DAS PEDRAS X GAVEA,Fetranspor,368,17592763,"-22.9889","-43.3112"
555,555-RIO DAS PEDRAS X GAVEA,Fetranspor,369,17592763,"-22.9889","-43.3112"
555,555-RIO DAS PEDRAS X GAVEA,Fetranspor,370,17592763,"-22.9895","-43.3113"
555,555-RIO DAS PEDRAS X GAVEA,Fetranspor,371,17592763,"-22.9895","-43.3113"
555,555-RIO DAS PEDRAS X GAVEA,Fetranspor,372,17592763,"-22.9905","-43.3115"
555,555-RIO DAS PEDRAS X GAVEA,Fetranspor,373,17592763,"-22.9907","-43.3116"
555,555-RIO DAS PEDRAS X GAVEA,Fetranspor,374,17592763,"-22.9908","-43.3116"
555,555-RIO DAS PEDRAS X GAVEA,Fetranspor,375,17592763,"-22.9909","-43.3116"
555,555-RIO DAS PEDRAS X GAVEA,Fetranspor,376,17592763,"-22.991","-43.3116"
555,555-RIO DAS PEDRAS X GAVEA,Fetranspor,377,17592763,"-22.9917","-43.3113"
555,555-RIO DAS PEDRAS X GAVEA,Fetranspor,378,17592763,"-22.9922","-43.3112"
555,555-RIO DAS PEDRAS X GAVEA,Fetranspor,379,17592763,"-22.9928","-43.311"
555,555-RIO DAS PEDRAS X GAVEA,Fetranspor,380,17592763,"-22.9931","-43.3109"
555,555-RIO DAS PEDRAS X GAVEA,Fetranspor,381,17592763,"-22.9932","-43.3109"
555,555-RIO DAS PEDRAS X GAVEA,Fetranspor,382,17592763,"-22.9934","-43.3108"
555,555-RIO DAS PEDRAS X GAVEA,Fetranspor,383,17592763,"-22.9937","-43.3109"
555,555-RIO DAS PEDRAS X GAVEA,Fetranspor,384,17592763,"-22.9944","-43.3109"
555,555-RIO DAS PEDRAS X GAVEA,Fetranspor,385,17592763,"-22.9946","-43.311"
555,555-RIO DAS PEDRAS X GAVEA,Fetranspor,386,17592763,"-22.9947","-43.311"
555,555-RIO DAS PEDRAS X GAVEA,Fetranspor,387,17592763,"-22.9957","-43.3116"
555,555-RIO DAS PEDRAS X GAVEA,Fetranspor,388,17592763,"-22.9958","-43.3116"
555,555-RIO DAS PEDRAS X GAVEA,Fetranspor,389,17592763,"-22.9959","-43.3117"
555,555-RIO DAS PEDRAS X GAVEA,Fetranspor,390,17592763,"-22.996","-43.3119"
555,555-RIO DAS PEDRAS X GAVEA,Fetranspor,391,17592763,"-22.9961","-43.312"
555,555-RIO DAS PEDRAS X GAVEA,Fetranspor,392,17592763,"-22.9961","-43.3121"
555,555-RIO DAS PEDRAS X GAVEA,Fetranspor,393,17592763,"-22.9962","-43.3123"
555,555-RIO DAS PEDRAS X GAVEA,Fetranspor,394,17592763,"-22.9962","-43.3126"
555,555-RIO DAS PEDRAS X GAVEA,Fetranspor,395,17592763,"-22.9963","-43.3128"
555,555-RIO DAS PEDRAS X GAVEA,Fetranspor,396,17592763,"-22.9963","-43.3135"
555,555-RIO DAS PEDRAS X GAVEA,Fetranspor,397,17592763,"-22.9963","-43.3135"
555,555-RIO DAS PEDRAS X GAVEA,Fetranspor,398,17592763,"-22.9963","-43.3136"
555,555-RIO DAS PEDRAS X GAVEA,Fetranspor,399,17592763,"-22.9963","-43.3139"
555,555-RIO DAS PEDRAS X GAVEA,Fetranspor,400,17592763,"-22.9963","-43.3139"
555,555-RIO DAS PEDRAS X GAVEA,Fetranspor,401,17592763,"-22.9963","-43.314"
555,555-RIO DAS PEDRAS X GAVEA,Fetranspor,402,17592763,"-22.9964","-43.3142"
555,555-RIO DAS PEDRAS X GAVEA,Fetranspor,403,17592763,"-22.9964","-43.3143"
555,555-RIO DAS PEDRAS X GAVEA,Fetranspor,404,17592763,"-22.9964","-43.3144"
555,555-RIO DAS PEDRAS X GAVEA,Fetranspor,405,17592763,"-22.9965","-43.3145"
555,555-RIO DAS PEDRAS X GAVEA,Fetranspor,406,17592763,"-22.9965","-43.3145"
555,555-RIO DAS PEDRAS X GAVEA,Fetranspor,407,17592763,"-22.9966","-43.3146"
555,555-RIO DAS PEDRAS X GAVEA,Fetranspor,408,17592763,"-22.9973","-43.315"
555,555-RIO DAS PEDRAS X GAVEA,Fetranspor,409,17592763,"-22.9974","-43.3151"
555,555-RIO DAS PEDRAS X GAVEA,Fetranspor,410,17592763,"-22.9975","-43.3151"
555,555-RIO DAS PEDRAS X GAVEA,Fetranspor,411,17592763,"-22.9976","-43.3152"
555,555-RIO DAS PEDRAS X GAVEA,Fetranspor,412,17592763,"-22.9978","-43.3155"
555,555-RIO DAS PEDRAS X GAVEA,Fetranspor,413,17592763,"-22.9978","-43.3155"
555,555-RIO DAS PEDRAS X GAVEA,Fetranspor,414,17592763,"-22.9979","-43.3156"
555,555-RIO DAS PEDRAS X GAVEA,Fetranspor,415,17592763,"-22.998","-43.3158"
555,555-RIO DAS PEDRAS X GAVEA,Fetranspor,416,17592763,"-22.9982","-43.3161"
555,555-RIO DAS PEDRAS X GAVEA,Fetranspor,417,17592763,"-22.9982","-43.3162"
555,555-RIO DAS PEDRAS X GAVEA,Fetranspor,418,17592763,"-22.9983","-43.3162"
555,555-RIO DAS PEDRAS X GAVEA,Fetranspor,419,17592763,"-22.9983","-43.3164"
555,555-RIO DAS PEDRAS X GAVEA,Fetranspor,420,17592763,"-22.9983","-43.3165"
555,555-RIO DAS PEDRAS X GAVEA,Fetranspor,421,17592763,"-22.9983","-43.3166"
555,555-RIO DAS PEDRAS X GAVEA,Fetranspor,422,17592763,"-22.9982","-43.3167"
555,555-RIO DAS PEDRAS X GAVEA,Fetranspor,423,17592763,"-22.9982","-43.3168"
555,555-RIO DAS PEDRAS X GAVEA,Fetranspor,424,17592763,"-22.9981","-43.3169"
555,555-RIO DAS PEDRAS X GAVEA,Fetranspor,425,17592763,"-22.998","-43.3169"
555,555-RIO DAS PEDRAS X GAVEA,Fetranspor,426,17592763,"-22.998","-43.317"
555,555-RIO DAS PEDRAS X GAVEA,Fetranspor,427,17592763,"-22.9979","-43.3172"
555,555-RIO DAS PEDRAS X GAVEA,Fetranspor,428,17592763,"-22.9978","-43.3173"
555,555-RIO DAS PEDRAS X GAVEA,Fetranspor,429,17592763,"-22.9978","-43.3174"
555,555-RIO DAS PEDRAS X GAVEA,Fetranspor,430,17592763,"-22.9977","-43.3176"
555,555-RIO DAS PEDRAS X GAVEA,Fetranspor,431,17592763,"-22.9977","-43.3178"
555,555-RIO DAS PEDRAS X GAVEA,Fetranspor,432,17592763,"-22.9977","-43.318"
555,555-RIO DAS PEDRAS X GAVEA,Fetranspor,433,17592763,"-22.9977","-43.3182"
555,555-RIO DAS PEDRAS X GAVEA,Fetranspor,434,17592763,"-22.9977","-43.3183"
555,555-RIO DAS PEDRAS X GAVEA,Fetranspor,435,17592763,"-22.9977","-43.3183"
555,555-RIO DAS PEDRAS X GAVEA,Fetranspor,436,17592763,"-22.9976","-43.3185"
555,555-RIO DAS PEDRAS X GAVEA,Fetranspor,437,17592763,"-22.9975","-43.3188"
555,555-RIO DAS PEDRAS X GAVEA,Fetranspor,438,17592763,"-22.9973","-43.3193"
555,555-RIO DAS PEDRAS X GAVEA,Fetranspor,439,17592763,"-22.9972","-43.3195"
555,555-RIO DAS PEDRAS X GAVEA,Fetranspor,440,17592763,"-22.9971","-43.3197"
555,555-RIO DAS PEDRAS X GAVEA,Fetranspor,441,17592763,"-22.9969","-43.3199"
555,555-RIO DAS PEDRAS X GAVEA,Fetranspor,442,17592763,"-22.9967","-43.3202"
555,555-RIO DAS PEDRAS X GAVEA,Fetranspor,443,17592763,"-22.9966","-43.3202"
555,555-RIO DAS PEDRAS X GAVEA,Fetranspor,444,17592763,"-22.9966","-43.3202"
555,555-RIO DAS PEDRAS X GAVEA,Fetranspor,445,17592763,"-22.9965","-43.3202"
555,555-RIO DAS PEDRAS X GAVEA,Fetranspor,446,17592763,"-22.9964","-43.3202"
555,555-RIO DAS PEDRAS X GAVEA,Fetranspor,447,17592763,"-22.9957","-43.3201"
555,555-RIO DAS PEDRAS X GAVEA,Fetranspor,448,17592763,"-22.9956","-43.3201"
555,555-RIO DAS PEDRAS X GAVEA,Fetranspor,449,17592763,"-22.9955","-43.3201"
555,555-RIO DAS PEDRAS X GAVEA,Fetranspor,450,17592763,"-22.9954","-43.3201"
555,555-RIO DAS PEDRAS X GAVEA,Fetranspor,451,17592763,"-22.9953","-43.3202"
555,555-RIO DAS PEDRAS X GAVEA,Fetranspor,452,17592763,"-22.9952","-43.3202"
555,555-RIO DAS PEDRAS X GAVEA,Fetranspor,453,17592763,"-22.995","-43.3204"
555,555-RIO DAS PEDRAS X GAVEA,Fetranspor,454,17592763,"-22.9948","-43.3205"
555,555-RIO DAS PEDRAS X GAVEA,Fetranspor,455,17592763,"-22.9946","-43.3207"
555,555-RIO DAS PEDRAS X GAVEA,Fetranspor,456,17592763,"-22.9944","-43.3208"
555,555-RIO DAS PEDRAS X GAVEA,Fetranspor,457,17592763,"-22.9943","-43.321"
555,555-RIO DAS PEDRAS X GAVEA,Fetranspor,458,17592763,"-22.9943","-43.3211"
555,555-RIO DAS PEDRAS X GAVEA,Fetranspor,459,17592763,"-22.9942","-43.3212"
555,555-RIO DAS PEDRAS X GAVEA,Fetranspor,460,17592763,"-22.9941","-43.3212"
555,555-RIO DAS PEDRAS X GAVEA,Fetranspor,461,17592763,"-22.994","-43.3213"
555,555-RIO DAS PEDRAS X GAVEA,Fetranspor,462,17592763,"-22.9939","-43.3213"
555,555-RIO DAS PEDRAS X GAVEA,Fetranspor,463,17592763,"-22.9937","-43.3213"
555,555-RIO DAS PEDRAS X GAVEA,Fetranspor,464,17592763,"-22.9936","-43.3213"
555,555-RIO DAS PEDRAS X GAVEA,Fetranspor,465,17592763,"-22.9934","-43.3213"
555,555-RIO DAS PEDRAS X GAVEA,Fetranspor,466,17592763,"-22.9932","-43.3212"
555,555-RIO DAS PEDRAS X GAVEA,Fetranspor,467,17592763,"-22.9929","-43.3211"
555,555-RIO DAS PEDRAS X GAVEA,Fetranspor,468,17592763,"-22.9928","-43.3211"
555,555-RIO DAS PEDRAS X GAVEA,Fetranspor,469,17592763,"-22.9927","-43.3211"
555,555-RIO DAS PEDRAS X GAVEA,Fetranspor,470,17592763,"-22.9926","-43.3211"
555,555-RIO DAS PEDRAS X GAVEA,Fetranspor,471,17592763,"-22.9925","-43.3211"
555,555-RIO DAS PEDRAS X GAVEA,Fetranspor,472,17592763,"-22.9915","-43.3213"
555,555-RIO DAS PEDRAS X GAVEA,Fetranspor,473,17592763,"-22.991","-43.3213"
555,555-RIO DAS PEDRAS X GAVEA,Fetranspor,474,17592763,"-22.991","-43.3213"
555,555-RIO DAS PEDRAS X GAVEA,Fetranspor,475,17592763,"-22.9909","-43.3213"
555,555-RIO DAS PEDRAS X GAVEA,Fetranspor,476,17592763,"-22.9909","-43.3213"
555,555-RIO DAS PEDRAS X GAVEA,Fetranspor,477,17592763,"-22.9909","-43.3213"
555,555-RIO DAS PEDRAS X GAVEA,Fetranspor,478,17592763,"-22.9906","-43.3214"
555,555-RIO DAS PEDRAS X GAVEA,Fetranspor,479,17592763,"-22.9905","-43.3215"
555,555-RIO DAS PEDRAS X GAVEA,Fetranspor,480,17592763,"-22.9901","-43.3217"
555,555-RIO DAS PEDRAS X GAVEA,Fetranspor,481,17592763,"-22.9899","-43.3218"
555,555-RIO DAS PEDRAS X GAVEA,Fetranspor,482,17592763,"-22.9895","-43.3221"
555,555-RIO DAS PEDRAS X GAVEA,Fetranspor,483,17592763,"-22.9893","-43.3224"
555,555-RIO DAS PEDRAS X GAVEA,Fetranspor,484,17592763,"-22.9892","-43.3225"
555,555-RIO DAS PEDRAS X GAVEA,Fetranspor,485,17592763,"-22.9892","-43.3225"
555,555-RIO DAS PEDRAS X GAVEA,Fetranspor,486,17592763,"-22.989","-43.3226"
555,555-RIO DAS PEDRAS X GAVEA,Fetranspor,487,17592763,"-22.9889","-43.3227"
555,555-RIO DAS PEDRAS X GAVEA,Fetranspor,488,17592763,"-22.9888","-43.3228"
555,555-RIO DAS PEDRAS X GAVEA,Fetranspor,489,17592763,"-22.9887","-43.323"
555,555-RIO DAS PEDRAS X GAVEA,Fetranspor,490,17592763,"-22.9886","-43.3232"
555,555-RIO DAS PEDRAS X GAVEA,Fetranspor,491,17592763,"-22.9886","-43.3232"
555,555-RIO DAS PEDRAS X GAVEA,Fetranspor,492,17592763,"-22.9886","-43.3236"
555,555-RIO DAS PEDRAS X GAVEA,Fetranspor,493,17592763,"-22.9886","-43.3236"
555,555-RIO DAS PEDRAS X GAVEA,Fetranspor,494,17592763,"-22.9885","-43.324"
555,555-RIO DAS PEDRAS X GAVEA,Fetranspor,495,17592763,"-22.9885","-43.3242"
555,555-RIO DAS PEDRAS X GAVEA,Fetranspor,496,17592763,"-22.9884","-43.3251"
555,555-RIO DAS PEDRAS X GAVEA,Fetranspor,497,17592763,"-22.9883","-43.3257"
555,555-RIO DAS PEDRAS X GAVEA,Fetranspor,498,17592763,"-22.9883","-43.3257"
555,555-RIO DAS PEDRAS X GAVEA,Fetranspor,499,17592763,"-22.9881","-43.3269"
555,555-RIO DAS PEDRAS X GAVEA,Fetranspor,500,17592763,"-22.988","-43.3274"
555,555-RIO DAS PEDRAS X GAVEA,Fetranspor,501,17592763,"-22.988","-43.3276"
555,555-RIO DAS PEDRAS X GAVEA,Fetranspor,502,17592763,"-22.9879","-43.3279"
555,555-RIO DAS PEDRAS X GAVEA,Fetranspor,503,17592763,"-22.9879","-43.3281"
555,555-RIO DAS PEDRAS X GAVEA,Fetranspor,504,17592763,"-22.9878","-43.3282"
555,555-RIO DAS PEDRAS X GAVEA,Fetranspor,505,17592763,"-22.9878","-43.3283"
555,555-RIO DAS PEDRAS X GAVEA,Fetranspor,506,17592763,"-22.9877","-43.3284"
555,555-RIO DAS PEDRAS X GAVEA,Fetranspor,507,17592763,"-22.9876","-43.3286"
555,555-RIO DAS PEDRAS X GAVEA,Fetranspor,508,17592763,"-22.987","-43.3292"
555,555-RIO DAS PEDRAS X GAVEA,Fetranspor,509,17592763,"-22.987","-43.3292"
555,555-RIO DAS PEDRAS X GAVEA,Fetranspor,510,17592763,"-22.9868","-43.3294"
555,555-RIO DAS PEDRAS X GAVEA,Fetranspor,511,17592763,"-22.9864","-43.3297"
555,555-RIO DAS PEDRAS X GAVEA,Fetranspor,512,17592763,"-22.9864","-43.3297"
555,555-RIO DAS PEDRAS X GAVEA,Fetranspor,513,17592763,"-22.9859","-43.3301"
555,555-RIO DAS PEDRAS X GAVEA,Fetranspor,514,17592763,"-22.9859","-43.3301"
555,555-RIO DAS PEDRAS X GAVEA,Fetranspor,515,17592763,"-22.9853","-43.3304"
555,555-RIO DAS PEDRAS X GAVEA,Fetranspor,516,17592763,"-22.9853","-43.3304"
555,555-RIO DAS PEDRAS X GAVEA,Fetranspor,517,17592763,"-22.9844","-43.3309"
555,555-RIO DAS PEDRAS X GAVEA,Fetranspor,518,17592763,"-22.984","-43.3311"
555,555-RIO DAS PEDRAS X GAVEA,Fetranspor,519,17592763,"-22.9835","-43.3314"
555,555-RIO DAS PEDRAS X GAVEA,Fetranspor,520,17592763,"-22.9829","-43.3316"
555,555-RIO DAS PEDRAS X GAVEA,Fetranspor,521,17592763,"-22.9827","-43.3318"
555,555-RIO DAS PEDRAS X GAVEA,Fetranspor,522,17592763,"-22.9814","-43.3324"
555,555-RIO DAS PEDRAS X GAVEA,Fetranspor,523,17592763,"-22.98","-43.3331"
555,555-RIO DAS PEDRAS X GAVEA,Fetranspor,524,17592763,"-22.9794","-43.3334"
555,555-RIO DAS PEDRAS X GAVEA,Fetranspor,525,17592763,"-22.9792","-43.3335"
555,555-RIO DAS PEDRAS X GAVEA,Fetranspor,526,17592763,"-22.9791","-43.3336"
555,555-RIO DAS PEDRAS X GAVEA,Fetranspor,527,17592763,"-22.979","-43.3336"
555,555-RIO DAS PEDRAS X GAVEA,Fetranspor,528,17592763,"-22.9788","-43.3337"
555,555-RIO DAS PEDRAS X GAVEA,Fetranspor,529,17592763,"-22.9784","-43.3337"
555,555-RIO DAS PEDRAS X GAVEA,Fetranspor,530,17592763,"-22.9781","-43.3339"
555,555-RIO DAS PEDRAS X GAVEA,Fetranspor,531,17592763,"-22.9777","-43.3341"
555,555-RIO DAS PEDRAS X GAVEA,Fetranspor,532,17592763,"-22.9777","-43.3341"
555,555-RIO DAS PEDRAS X GAVEA,Fetranspor,533,17592763,"-22.9772","-43.3334"
555,555-RIO DAS PEDRAS X GAVEA,Fetranspor,534,17592763,"-22.9771","-43.3332"
555,555-RIO DAS PEDRAS X GAVEA,Fetranspor,535,17592763,"-22.977","-43.3331"
555,555-RIO DAS PEDRAS X GAVEA,Fetranspor,536,17592763,"-22.9766","-43.3327"
555,555-RIO DAS PEDRAS X GAVEA,Fetranspor,537,17592763,"-22.9766","-43.3326"
555,555-RIO DAS PEDRAS X GAVEA,Fetranspor,538,17592763,"-22.9764","-43.3324"
555,555-RIO DAS PEDRAS X GAVEA,Fetranspor,539,17592763,"-22.9762","-43.3321"
555,555-RIO DAS PEDRAS X GAVEA,Fetranspor,540,17592763,"-22.976","-43.3317"
555,555-RIO DAS PEDRAS X GAVEA,Fetranspor,541,17592763,"-22.9754","-43.331"
555,555-RIO DAS PEDRAS X GAVEA,Fetranspor,542,17592763,"-22.9754","-43.331"
555,555-RIO DAS PEDRAS X GAVEA,Fetranspor,543,17592763,"-22.975","-43.3306"
555,555-RIO DAS PEDRAS X GAVEA,Fetranspor,544,17592763,"-22.9746","-43.3303"
555,555-RIO DAS PEDRAS X GAVEA,Fetranspor,545,17592763,"-22.9745","-43.3302"
555,555-RIO DAS PEDRAS X GAVEA,Fetranspor,546,17592763,"-22.9744","-43.3301"
555,555-RIO DAS PEDRAS X GAVEA,Fetranspor,547,17592763,"-22.9743","-43.3299"
555,555-RIO DAS PEDRAS X GAVEA,Fetranspor,548,17592763,"-22.9741","-43.3296"
555,555-RIO DAS PEDRAS X GAVEA,Fetranspor,549,17592763,"-22.974","-43.3294"
555,555-RIO DAS PEDRAS X GAVEA,Fetranspor,550,17592763,"-22.9737","-43.329"
555,555-RIO DAS PEDRAS X GAVEA,Fetranspor,551,17592763,"-22.9735","-43.3288"
