linha,descricao,agencia,sequencia,shape_id,latitude,longitude
570,570-LARGO DO MACHADO X LEBLON (VIA COPACABANA) - CIRCULAR,Fetranspor,0,17428391,"-22.9311","-43.1776"
570,570-LARGO DO MACHADO X LEBLON (VIA COPACABANA) - CIRCULAR,Fetranspor,1,17428391,"-22.931","-43.1777"
570,570-LARGO DO MACHADO X LEBLON (VIA COPACABANA) - CIRCULAR,Fetranspor,2,17428391,"-22.9309","-43.1778"
570,570-LARGO DO MACHADO X LEBLON (VIA COPACABANA) - CIRCULAR,Fetranspor,3,17428391,"-22.9309","-43.1779"
570,570-LARGO DO MACHADO X LEBLON (VIA COPACABANA) - CIRCULAR,Fetranspor,4,17428391,"-22.9309","-43.178"
570,570-LARGO DO MACHADO X LEBLON (VIA COPACABANA) - CIRCULAR,Fetranspor,5,17428391,"-22.9312","-43.1789"
570,570-LARGO DO MACHADO X LEBLON (VIA COPACABANA) - CIRCULAR,Fetranspor,6,17428391,"-22.9313","-43.1791"
570,570-LARGO DO MACHADO X LEBLON (VIA COPACABANA) - CIRCULAR,Fetranspor,7,17428391,"-22.9313","-43.1791"
570,570-LARGO DO MACHADO X LEBLON (VIA COPACABANA) - CIRCULAR,Fetranspor,8,17428391,"-22.9313","-43.1793"
570,570-LARGO DO MACHADO X LEBLON (VIA COPACABANA) - CIRCULAR,Fetranspor,9,17428391,"-22.9313","-43.1793"
570,570-LARGO DO MACHADO X LEBLON (VIA COPACABANA) - CIRCULAR,Fetranspor,10,17428391,"-22.9314","-43.1793"
570,570-LARGO DO MACHADO X LEBLON (VIA COPACABANA) - CIRCULAR,Fetranspor,11,17428391,"-22.9324","-43.179"
570,570-LARGO DO MACHADO X LEBLON (VIA COPACABANA) - CIRCULAR,Fetranspor,12,17428391,"-22.9326","-43.1789"
570,570-LARGO DO MACHADO X LEBLON (VIA COPACABANA) - CIRCULAR,Fetranspor,13,17428391,"-22.9328","-43.1789"
570,570-LARGO DO MACHADO X LEBLON (VIA COPACABANA) - CIRCULAR,Fetranspor,14,17428391,"-22.9328","-43.1789"
570,570-LARGO DO MACHADO X LEBLON (VIA COPACABANA) - CIRCULAR,Fetranspor,15,17428391,"-22.9328","-43.1787"
570,570-LARGO DO MACHADO X LEBLON (VIA COPACABANA) - CIRCULAR,Fetranspor,16,17428391,"-22.9327","-43.1778"
570,570-LARGO DO MACHADO X LEBLON (VIA COPACABANA) - CIRCULAR,Fetranspor,17,17428391,"-22.9327","-43.1778"
570,570-LARGO DO MACHADO X LEBLON (VIA COPACABANA) - CIRCULAR,Fetranspor,18,17428391,"-22.9328","-43.1777"
570,570-LARGO DO MACHADO X LEBLON (VIA COPACABANA) - CIRCULAR,Fetranspor,19,17428391,"-22.9328","-43.1777"
570,570-LARGO DO MACHADO X LEBLON (VIA COPACABANA) - CIRCULAR,Fetranspor,20,17428391,"-22.9329","-43.1777"
570,570-LARGO DO MACHADO X LEBLON (VIA COPACABANA) - CIRCULAR,Fetranspor,21,17428391,"-22.9329","-43.1776"
570,570-LARGO DO MACHADO X LEBLON (VIA COPACABANA) - CIRCULAR,Fetranspor,22,17428391,"-22.9329","-43.1776"
570,570-LARGO DO MACHADO X LEBLON (VIA COPACABANA) - CIRCULAR,Fetranspor,23,17428391,"-22.9329","-43.1776"
570,570-LARGO DO MACHADO X LEBLON (VIA COPACABANA) - CIRCULAR,Fetranspor,24,17428391,"-22.933","-43.1774"
570,570-LARGO DO MACHADO X LEBLON (VIA COPACABANA) - CIRCULAR,Fetranspor,25,17428391,"-22.9331","-43.1774"
570,570-LARGO DO MACHADO X LEBLON (VIA COPACABANA) - CIRCULAR,Fetranspor,26,17428391,"-22.9332","-43.1774"
570,570-LARGO DO MACHADO X LEBLON (VIA COPACABANA) - CIRCULAR,Fetranspor,27,17428391,"-22.9335","-43.1773"
570,570-LARGO DO MACHADO X LEBLON (VIA COPACABANA) - CIRCULAR,Fetranspor,28,17428391,"-22.9335","-43.1773"
570,570-LARGO DO MACHADO X LEBLON (VIA COPACABANA) - CIRCULAR,Fetranspor,29,17428391,"-22.9338","-43.1773"
570,570-LARGO DO MACHADO X LEBLON (VIA COPACABANA) - CIRCULAR,Fetranspor,30,17428391,"-22.9343","-43.1773"
570,570-LARGO DO MACHADO X LEBLON (VIA COPACABANA) - CIRCULAR,Fetranspor,31,17428391,"-22.9345","-43.1772"
570,570-LARGO DO MACHADO X LEBLON (VIA COPACABANA) - CIRCULAR,Fetranspor,32,17428391,"-22.9345","-43.1772"
570,570-LARGO DO MACHADO X LEBLON (VIA COPACABANA) - CIRCULAR,Fetranspor,33,17428391,"-22.9349","-43.1772"
570,570-LARGO DO MACHADO X LEBLON (VIA COPACABANA) - CIRCULAR,Fetranspor,34,17428391,"-22.9349","-43.1772"
570,570-LARGO DO MACHADO X LEBLON (VIA COPACABANA) - CIRCULAR,Fetranspor,35,17428391,"-22.9351","-43.1772"
570,570-LARGO DO MACHADO X LEBLON (VIA COPACABANA) - CIRCULAR,Fetranspor,36,17428391,"-22.9351","-43.1772"
570,570-LARGO DO MACHADO X LEBLON (VIA COPACABANA) - CIRCULAR,Fetranspor,37,17428391,"-22.9352","-43.1772"
570,570-LARGO DO MACHADO X LEBLON (VIA COPACABANA) - CIRCULAR,Fetranspor,38,17428391,"-22.9356","-43.1772"
570,570-LARGO DO MACHADO X LEBLON (VIA COPACABANA) - CIRCULAR,Fetranspor,39,17428391,"-22.9356","-43.1772"
570,570-LARGO DO MACHADO X LEBLON (VIA COPACABANA) - CIRCULAR,Fetranspor,40,17428391,"-22.9359","-43.1772"
570,570-LARGO DO MACHADO X LEBLON (VIA COPACABANA) - CIRCULAR,Fetranspor,41,17428391,"-22.9361","-43.1772"
570,570-LARGO DO MACHADO X LEBLON (VIA COPACABANA) - CIRCULAR,Fetranspor,42,17428391,"-22.9361","-43.1772"
570,570-LARGO DO MACHADO X LEBLON (VIA COPACABANA) - CIRCULAR,Fetranspor,43,17428391,"-22.9371","-43.1775"
570,570-LARGO DO MACHADO X LEBLON (VIA COPACABANA) - CIRCULAR,Fetranspor,44,17428391,"-22.9379","-43.1777"
570,570-LARGO DO MACHADO X LEBLON (VIA COPACABANA) - CIRCULAR,Fetranspor,45,17428391,"-22.9379","-43.1777"
570,570-LARGO DO MACHADO X LEBLON (VIA COPACABANA) - CIRCULAR,Fetranspor,46,17428391,"-22.9389","-43.1781"
570,570-LARGO DO MACHADO X LEBLON (VIA COPACABANA) - CIRCULAR,Fetranspor,47,17428391,"-22.9401","-43.1784"
570,570-LARGO DO MACHADO X LEBLON (VIA COPACABANA) - CIRCULAR,Fetranspor,48,17428391,"-22.9401","-43.1784"
570,570-LARGO DO MACHADO X LEBLON (VIA COPACABANA) - CIRCULAR,Fetranspor,49,17428391,"-22.9411","-43.1788"
570,570-LARGO DO MACHADO X LEBLON (VIA COPACABANA) - CIRCULAR,Fetranspor,50,17428391,"-22.9411","-43.1788"
570,570-LARGO DO MACHADO X LEBLON (VIA COPACABANA) - CIRCULAR,Fetranspor,51,17428391,"-22.9411","-43.1789"
570,570-LARGO DO MACHADO X LEBLON (VIA COPACABANA) - CIRCULAR,Fetranspor,52,17428391,"-22.9412","-43.1791"
570,570-LARGO DO MACHADO X LEBLON (VIA COPACABANA) - CIRCULAR,Fetranspor,53,17428391,"-22.9412","-43.1791"
570,570-LARGO DO MACHADO X LEBLON (VIA COPACABANA) - CIRCULAR,Fetranspor,54,17428391,"-22.9416","-43.1798"
570,570-LARGO DO MACHADO X LEBLON (VIA COPACABANA) - CIRCULAR,Fetranspor,55,17428391,"-22.9419","-43.1802"
570,570-LARGO DO MACHADO X LEBLON (VIA COPACABANA) - CIRCULAR,Fetranspor,56,17428391,"-22.9419","-43.1802"
570,570-LARGO DO MACHADO X LEBLON (VIA COPACABANA) - CIRCULAR,Fetranspor,57,17428391,"-22.942","-43.1803"
570,570-LARGO DO MACHADO X LEBLON (VIA COPACABANA) - CIRCULAR,Fetranspor,58,17428391,"-22.9422","-43.1806"
570,570-LARGO DO MACHADO X LEBLON (VIA COPACABANA) - CIRCULAR,Fetranspor,59,17428391,"-22.9422","-43.1806"
570,570-LARGO DO MACHADO X LEBLON (VIA COPACABANA) - CIRCULAR,Fetranspor,60,17428391,"-22.9424","-43.1809"
570,570-LARGO DO MACHADO X LEBLON (VIA COPACABANA) - CIRCULAR,Fetranspor,61,17428391,"-22.9427","-43.1812"
570,570-LARGO DO MACHADO X LEBLON (VIA COPACABANA) - CIRCULAR,Fetranspor,62,17428391,"-22.9428","-43.1812"
570,570-LARGO DO MACHADO X LEBLON (VIA COPACABANA) - CIRCULAR,Fetranspor,63,17428391,"-22.943","-43.1814"
570,570-LARGO DO MACHADO X LEBLON (VIA COPACABANA) - CIRCULAR,Fetranspor,64,17428391,"-22.9434","-43.1817"
570,570-LARGO DO MACHADO X LEBLON (VIA COPACABANA) - CIRCULAR,Fetranspor,65,17428391,"-22.9435","-43.1817"
570,570-LARGO DO MACHADO X LEBLON (VIA COPACABANA) - CIRCULAR,Fetranspor,66,17428391,"-22.9435","-43.1817"
570,570-LARGO DO MACHADO X LEBLON (VIA COPACABANA) - CIRCULAR,Fetranspor,67,17428391,"-22.9436","-43.1818"
570,570-LARGO DO MACHADO X LEBLON (VIA COPACABANA) - CIRCULAR,Fetranspor,68,17428391,"-22.9438","-43.1819"
570,570-LARGO DO MACHADO X LEBLON (VIA COPACABANA) - CIRCULAR,Fetranspor,69,17428391,"-22.9443","-43.1821"
570,570-LARGO DO MACHADO X LEBLON (VIA COPACABANA) - CIRCULAR,Fetranspor,70,17428391,"-22.9443","-43.1821"
570,570-LARGO DO MACHADO X LEBLON (VIA COPACABANA) - CIRCULAR,Fetranspor,71,17428391,"-22.9449","-43.1823"
570,570-LARGO DO MACHADO X LEBLON (VIA COPACABANA) - CIRCULAR,Fetranspor,72,17428391,"-22.9454","-43.1825"
570,570-LARGO DO MACHADO X LEBLON (VIA COPACABANA) - CIRCULAR,Fetranspor,73,17428391,"-22.946","-43.1826"
570,570-LARGO DO MACHADO X LEBLON (VIA COPACABANA) - CIRCULAR,Fetranspor,74,17428391,"-22.946","-43.1826"
570,570-LARGO DO MACHADO X LEBLON (VIA COPACABANA) - CIRCULAR,Fetranspor,75,17428391,"-22.9463","-43.1826"
570,570-LARGO DO MACHADO X LEBLON (VIA COPACABANA) - CIRCULAR,Fetranspor,76,17428391,"-22.9469","-43.1826"
570,570-LARGO DO MACHADO X LEBLON (VIA COPACABANA) - CIRCULAR,Fetranspor,77,17428391,"-22.9476","-43.1825"
570,570-LARGO DO MACHADO X LEBLON (VIA COPACABANA) - CIRCULAR,Fetranspor,78,17428391,"-22.9476","-43.1825"
570,570-LARGO DO MACHADO X LEBLON (VIA COPACABANA) - CIRCULAR,Fetranspor,79,17428391,"-22.9479","-43.1824"
570,570-LARGO DO MACHADO X LEBLON (VIA COPACABANA) - CIRCULAR,Fetranspor,80,17428391,"-22.9479","-43.1824"
570,570-LARGO DO MACHADO X LEBLON (VIA COPACABANA) - CIRCULAR,Fetranspor,81,17428391,"-22.9481","-43.1824"
570,570-LARGO DO MACHADO X LEBLON (VIA COPACABANA) - CIRCULAR,Fetranspor,82,17428391,"-22.9482","-43.1824"
570,570-LARGO DO MACHADO X LEBLON (VIA COPACABANA) - CIRCULAR,Fetranspor,83,17428391,"-22.9482","-43.1824"
570,570-LARGO DO MACHADO X LEBLON (VIA COPACABANA) - CIRCULAR,Fetranspor,84,17428391,"-22.9484","-43.1823"
570,570-LARGO DO MACHADO X LEBLON (VIA COPACABANA) - CIRCULAR,Fetranspor,85,17428391,"-22.9487","-43.1822"
570,570-LARGO DO MACHADO X LEBLON (VIA COPACABANA) - CIRCULAR,Fetranspor,86,17428391,"-22.9491","-43.182"
570,570-LARGO DO MACHADO X LEBLON (VIA COPACABANA) - CIRCULAR,Fetranspor,87,17428391,"-22.95","-43.1817"
570,570-LARGO DO MACHADO X LEBLON (VIA COPACABANA) - CIRCULAR,Fetranspor,88,17428391,"-22.9503","-43.1815"
570,570-LARGO DO MACHADO X LEBLON (VIA COPACABANA) - CIRCULAR,Fetranspor,89,17428391,"-22.9505","-43.1814"
570,570-LARGO DO MACHADO X LEBLON (VIA COPACABANA) - CIRCULAR,Fetranspor,90,17428391,"-22.9506","-43.1814"
570,570-LARGO DO MACHADO X LEBLON (VIA COPACABANA) - CIRCULAR,Fetranspor,91,17428391,"-22.9508","-43.1812"
570,570-LARGO DO MACHADO X LEBLON (VIA COPACABANA) - CIRCULAR,Fetranspor,92,17428391,"-22.9509","-43.1811"
570,570-LARGO DO MACHADO X LEBLON (VIA COPACABANA) - CIRCULAR,Fetranspor,93,17428391,"-22.951","-43.181"
570,570-LARGO DO MACHADO X LEBLON (VIA COPACABANA) - CIRCULAR,Fetranspor,94,17428391,"-22.9511","-43.1809"
570,570-LARGO DO MACHADO X LEBLON (VIA COPACABANA) - CIRCULAR,Fetranspor,95,17428391,"-22.9511","-43.1809"
570,570-LARGO DO MACHADO X LEBLON (VIA COPACABANA) - CIRCULAR,Fetranspor,96,17428391,"-22.9511","-43.1809"
570,570-LARGO DO MACHADO X LEBLON (VIA COPACABANA) - CIRCULAR,Fetranspor,97,17428391,"-22.9512","-43.1809"
570,570-LARGO DO MACHADO X LEBLON (VIA COPACABANA) - CIRCULAR,Fetranspor,98,17428391,"-22.9512","-43.1809"
570,570-LARGO DO MACHADO X LEBLON (VIA COPACABANA) - CIRCULAR,Fetranspor,99,17428391,"-22.9513","-43.1809"
570,570-LARGO DO MACHADO X LEBLON (VIA COPACABANA) - CIRCULAR,Fetranspor,100,17428391,"-22.9513","-43.1809"
570,570-LARGO DO MACHADO X LEBLON (VIA COPACABANA) - CIRCULAR,Fetranspor,101,17428391,"-22.9514","-43.1809"
570,570-LARGO DO MACHADO X LEBLON (VIA COPACABANA) - CIRCULAR,Fetranspor,102,17428391,"-22.9514","-43.1809"
570,570-LARGO DO MACHADO X LEBLON (VIA COPACABANA) - CIRCULAR,Fetranspor,103,17428391,"-22.9515","-43.181"
570,570-LARGO DO MACHADO X LEBLON (VIA COPACABANA) - CIRCULAR,Fetranspor,104,17428391,"-22.952","-43.1815"
570,570-LARGO DO MACHADO X LEBLON (VIA COPACABANA) - CIRCULAR,Fetranspor,105,17428391,"-22.9521","-43.1815"
570,570-LARGO DO MACHADO X LEBLON (VIA COPACABANA) - CIRCULAR,Fetranspor,106,17428391,"-22.9521","-43.1815"
570,570-LARGO DO MACHADO X LEBLON (VIA COPACABANA) - CIRCULAR,Fetranspor,107,17428391,"-22.9522","-43.1816"
570,570-LARGO DO MACHADO X LEBLON (VIA COPACABANA) - CIRCULAR,Fetranspor,108,17428391,"-22.9522","-43.1818"
570,570-LARGO DO MACHADO X LEBLON (VIA COPACABANA) - CIRCULAR,Fetranspor,109,17428391,"-22.9522","-43.1819"
570,570-LARGO DO MACHADO X LEBLON (VIA COPACABANA) - CIRCULAR,Fetranspor,110,17428391,"-22.9522","-43.1819"
570,570-LARGO DO MACHADO X LEBLON (VIA COPACABANA) - CIRCULAR,Fetranspor,111,17428391,"-22.9523","-43.182"
570,570-LARGO DO MACHADO X LEBLON (VIA COPACABANA) - CIRCULAR,Fetranspor,112,17428391,"-22.9524","-43.182"
570,570-LARGO DO MACHADO X LEBLON (VIA COPACABANA) - CIRCULAR,Fetranspor,113,17428391,"-22.9525","-43.1821"
570,570-LARGO DO MACHADO X LEBLON (VIA COPACABANA) - CIRCULAR,Fetranspor,114,17428391,"-22.9526","-43.182"
570,570-LARGO DO MACHADO X LEBLON (VIA COPACABANA) - CIRCULAR,Fetranspor,115,17428391,"-22.9526","-43.182"
570,570-LARGO DO MACHADO X LEBLON (VIA COPACABANA) - CIRCULAR,Fetranspor,116,17428391,"-22.953","-43.1818"
570,570-LARGO DO MACHADO X LEBLON (VIA COPACABANA) - CIRCULAR,Fetranspor,117,17428391,"-22.953","-43.1818"
570,570-LARGO DO MACHADO X LEBLON (VIA COPACABANA) - CIRCULAR,Fetranspor,118,17428391,"-22.9535","-43.1815"
570,570-LARGO DO MACHADO X LEBLON (VIA COPACABANA) - CIRCULAR,Fetranspor,119,17428391,"-22.9535","-43.1815"
570,570-LARGO DO MACHADO X LEBLON (VIA COPACABANA) - CIRCULAR,Fetranspor,120,17428391,"-22.9544","-43.1811"
570,570-LARGO DO MACHADO X LEBLON (VIA COPACABANA) - CIRCULAR,Fetranspor,121,17428391,"-22.9544","-43.1811"
570,570-LARGO DO MACHADO X LEBLON (VIA COPACABANA) - CIRCULAR,Fetranspor,122,17428391,"-22.9558","-43.1803"
570,570-LARGO DO MACHADO X LEBLON (VIA COPACABANA) - CIRCULAR,Fetranspor,123,17428391,"-22.9558","-43.1803"
570,570-LARGO DO MACHADO X LEBLON (VIA COPACABANA) - CIRCULAR,Fetranspor,124,17428391,"-22.9558","-43.1802"
570,570-LARGO DO MACHADO X LEBLON (VIA COPACABANA) - CIRCULAR,Fetranspor,125,17428391,"-22.9557","-43.18"
570,570-LARGO DO MACHADO X LEBLON (VIA COPACABANA) - CIRCULAR,Fetranspor,126,17428391,"-22.9556","-43.1784"
570,570-LARGO DO MACHADO X LEBLON (VIA COPACABANA) - CIRCULAR,Fetranspor,127,17428391,"-22.9556","-43.1784"
570,570-LARGO DO MACHADO X LEBLON (VIA COPACABANA) - CIRCULAR,Fetranspor,128,17428391,"-22.9556","-43.1783"
570,570-LARGO DO MACHADO X LEBLON (VIA COPACABANA) - CIRCULAR,Fetranspor,129,17428391,"-22.9556","-43.1782"
570,570-LARGO DO MACHADO X LEBLON (VIA COPACABANA) - CIRCULAR,Fetranspor,130,17428391,"-22.9557","-43.1782"
570,570-LARGO DO MACHADO X LEBLON (VIA COPACABANA) - CIRCULAR,Fetranspor,131,17428391,"-22.9557","-43.1782"
570,570-LARGO DO MACHADO X LEBLON (VIA COPACABANA) - CIRCULAR,Fetranspor,132,17428391,"-22.9557","-43.1781"
570,570-LARGO DO MACHADO X LEBLON (VIA COPACABANA) - CIRCULAR,Fetranspor,133,17428391,"-22.9558","-43.1779"
570,570-LARGO DO MACHADO X LEBLON (VIA COPACABANA) - CIRCULAR,Fetranspor,134,17428391,"-22.9559","-43.1779"
570,570-LARGO DO MACHADO X LEBLON (VIA COPACABANA) - CIRCULAR,Fetranspor,135,17428391,"-22.9559","-43.1778"
570,570-LARGO DO MACHADO X LEBLON (VIA COPACABANA) - CIRCULAR,Fetranspor,136,17428391,"-22.9559","-43.1778"
570,570-LARGO DO MACHADO X LEBLON (VIA COPACABANA) - CIRCULAR,Fetranspor,137,17428391,"-22.9562","-43.1777"
570,570-LARGO DO MACHADO X LEBLON (VIA COPACABANA) - CIRCULAR,Fetranspor,138,17428391,"-22.9564","-43.1777"
570,570-LARGO DO MACHADO X LEBLON (VIA COPACABANA) - CIRCULAR,Fetranspor,139,17428391,"-22.9564","-43.1777"
570,570-LARGO DO MACHADO X LEBLON (VIA COPACABANA) - CIRCULAR,Fetranspor,140,17428391,"-22.957","-43.1776"
570,570-LARGO DO MACHADO X LEBLON (VIA COPACABANA) - CIRCULAR,Fetranspor,141,17428391,"-22.9578","-43.1775"
570,570-LARGO DO MACHADO X LEBLON (VIA COPACABANA) - CIRCULAR,Fetranspor,142,17428391,"-22.9581","-43.1774"
570,570-LARGO DO MACHADO X LEBLON (VIA COPACABANA) - CIRCULAR,Fetranspor,143,17428391,"-22.9584","-43.1773"
570,570-LARGO DO MACHADO X LEBLON (VIA COPACABANA) - CIRCULAR,Fetranspor,144,17428391,"-22.9588","-43.177"
570,570-LARGO DO MACHADO X LEBLON (VIA COPACABANA) - CIRCULAR,Fetranspor,145,17428391,"-22.9588","-43.177"
570,570-LARGO DO MACHADO X LEBLON (VIA COPACABANA) - CIRCULAR,Fetranspor,146,17428391,"-22.9608","-43.1759"
570,570-LARGO DO MACHADO X LEBLON (VIA COPACABANA) - CIRCULAR,Fetranspor,147,17428391,"-22.9608","-43.1759"
570,570-LARGO DO MACHADO X LEBLON (VIA COPACABANA) - CIRCULAR,Fetranspor,148,17428391,"-22.9614","-43.1756"
570,570-LARGO DO MACHADO X LEBLON (VIA COPACABANA) - CIRCULAR,Fetranspor,149,17428391,"-22.9614","-43.1756"
570,570-LARGO DO MACHADO X LEBLON (VIA COPACABANA) - CIRCULAR,Fetranspor,150,17428391,"-22.9614","-43.1756"
570,570-LARGO DO MACHADO X LEBLON (VIA COPACABANA) - CIRCULAR,Fetranspor,151,17428391,"-22.9614","-43.1756"
570,570-LARGO DO MACHADO X LEBLON (VIA COPACABANA) - CIRCULAR,Fetranspor,152,17428391,"-22.9615","-43.1756"
570,570-LARGO DO MACHADO X LEBLON (VIA COPACABANA) - CIRCULAR,Fetranspor,153,17428391,"-22.9616","-43.1757"
570,570-LARGO DO MACHADO X LEBLON (VIA COPACABANA) - CIRCULAR,Fetranspor,154,17428391,"-22.9622","-43.1759"
570,570-LARGO DO MACHADO X LEBLON (VIA COPACABANA) - CIRCULAR,Fetranspor,155,17428391,"-22.9622","-43.1759"
570,570-LARGO DO MACHADO X LEBLON (VIA COPACABANA) - CIRCULAR,Fetranspor,156,17428391,"-22.9628","-43.1768"
570,570-LARGO DO MACHADO X LEBLON (VIA COPACABANA) - CIRCULAR,Fetranspor,157,17428391,"-22.9628","-43.1768"
570,570-LARGO DO MACHADO X LEBLON (VIA COPACABANA) - CIRCULAR,Fetranspor,158,17428391,"-22.9634","-43.1777"
570,570-LARGO DO MACHADO X LEBLON (VIA COPACABANA) - CIRCULAR,Fetranspor,159,17428391,"-22.9634","-43.1777"
570,570-LARGO DO MACHADO X LEBLON (VIA COPACABANA) - CIRCULAR,Fetranspor,160,17428391,"-22.9641","-43.1788"
570,570-LARGO DO MACHADO X LEBLON (VIA COPACABANA) - CIRCULAR,Fetranspor,161,17428391,"-22.9641","-43.1788"
570,570-LARGO DO MACHADO X LEBLON (VIA COPACABANA) - CIRCULAR,Fetranspor,162,17428391,"-22.9647","-43.1798"
570,570-LARGO DO MACHADO X LEBLON (VIA COPACABANA) - CIRCULAR,Fetranspor,163,17428391,"-22.9647","-43.1798"
570,570-LARGO DO MACHADO X LEBLON (VIA COPACABANA) - CIRCULAR,Fetranspor,164,17428391,"-22.9648","-43.1798"
570,570-LARGO DO MACHADO X LEBLON (VIA COPACABANA) - CIRCULAR,Fetranspor,165,17428391,"-22.9648","-43.1798"
570,570-LARGO DO MACHADO X LEBLON (VIA COPACABANA) - CIRCULAR,Fetranspor,166,17428391,"-22.9654","-43.1808"
570,570-LARGO DO MACHADO X LEBLON (VIA COPACABANA) - CIRCULAR,Fetranspor,167,17428391,"-22.9654","-43.1808"
570,570-LARGO DO MACHADO X LEBLON (VIA COPACABANA) - CIRCULAR,Fetranspor,168,17428391,"-22.9657","-43.1812"
570,570-LARGO DO MACHADO X LEBLON (VIA COPACABANA) - CIRCULAR,Fetranspor,169,17428391,"-22.9657","-43.1812"
570,570-LARGO DO MACHADO X LEBLON (VIA COPACABANA) - CIRCULAR,Fetranspor,170,17428391,"-22.966","-43.1817"
570,570-LARGO DO MACHADO X LEBLON (VIA COPACABANA) - CIRCULAR,Fetranspor,171,17428391,"-22.966","-43.1817"
570,570-LARGO DO MACHADO X LEBLON (VIA COPACABANA) - CIRCULAR,Fetranspor,172,17428391,"-22.9665","-43.1824"
570,570-LARGO DO MACHADO X LEBLON (VIA COPACABANA) - CIRCULAR,Fetranspor,173,17428391,"-22.9666","-43.1826"
570,570-LARGO DO MACHADO X LEBLON (VIA COPACABANA) - CIRCULAR,Fetranspor,174,17428391,"-22.9666","-43.1826"
570,570-LARGO DO MACHADO X LEBLON (VIA COPACABANA) - CIRCULAR,Fetranspor,175,17428391,"-22.9669","-43.1831"
570,570-LARGO DO MACHADO X LEBLON (VIA COPACABANA) - CIRCULAR,Fetranspor,176,17428391,"-22.9672","-43.1836"
570,570-LARGO DO MACHADO X LEBLON (VIA COPACABANA) - CIRCULAR,Fetranspor,177,17428391,"-22.9672","-43.1836"
570,570-LARGO DO MACHADO X LEBLON (VIA COPACABANA) - CIRCULAR,Fetranspor,178,17428391,"-22.9673","-43.1837"
570,570-LARGO DO MACHADO X LEBLON (VIA COPACABANA) - CIRCULAR,Fetranspor,179,17428391,"-22.9677","-43.1844"
570,570-LARGO DO MACHADO X LEBLON (VIA COPACABANA) - CIRCULAR,Fetranspor,180,17428391,"-22.9677","-43.1844"
570,570-LARGO DO MACHADO X LEBLON (VIA COPACABANA) - CIRCULAR,Fetranspor,181,17428391,"-22.9683","-43.1852"
570,570-LARGO DO MACHADO X LEBLON (VIA COPACABANA) - CIRCULAR,Fetranspor,182,17428391,"-22.9683","-43.1852"
570,570-LARGO DO MACHADO X LEBLON (VIA COPACABANA) - CIRCULAR,Fetranspor,183,17428391,"-22.9691","-43.1865"
570,570-LARGO DO MACHADO X LEBLON (VIA COPACABANA) - CIRCULAR,Fetranspor,184,17428391,"-22.9693","-43.1868"
570,570-LARGO DO MACHADO X LEBLON (VIA COPACABANA) - CIRCULAR,Fetranspor,185,17428391,"-22.9693","-43.1868"
570,570-LARGO DO MACHADO X LEBLON (VIA COPACABANA) - CIRCULAR,Fetranspor,186,17428391,"-22.9698","-43.1875"
570,570-LARGO DO MACHADO X LEBLON (VIA COPACABANA) - CIRCULAR,Fetranspor,187,17428391,"-22.9698","-43.1875"
570,570-LARGO DO MACHADO X LEBLON (VIA COPACABANA) - CIRCULAR,Fetranspor,188,17428391,"-22.9703","-43.1883"
570,570-LARGO DO MACHADO X LEBLON (VIA COPACABANA) - CIRCULAR,Fetranspor,189,17428391,"-22.9703","-43.1883"
570,570-LARGO DO MACHADO X LEBLON (VIA COPACABANA) - CIRCULAR,Fetranspor,190,17428391,"-22.9706","-43.1886"
570,570-LARGO DO MACHADO X LEBLON (VIA COPACABANA) - CIRCULAR,Fetranspor,191,17428391,"-22.9708","-43.1888"
570,570-LARGO DO MACHADO X LEBLON (VIA COPACABANA) - CIRCULAR,Fetranspor,192,17428391,"-22.9713","-43.1893"
570,570-LARGO DO MACHADO X LEBLON (VIA COPACABANA) - CIRCULAR,Fetranspor,193,17428391,"-22.9713","-43.1893"
570,570-LARGO DO MACHADO X LEBLON (VIA COPACABANA) - CIRCULAR,Fetranspor,194,17428391,"-22.9721","-43.19"
570,570-LARGO DO MACHADO X LEBLON (VIA COPACABANA) - CIRCULAR,Fetranspor,195,17428391,"-22.9721","-43.19"
570,570-LARGO DO MACHADO X LEBLON (VIA COPACABANA) - CIRCULAR,Fetranspor,196,17428391,"-22.9729","-43.1908"
570,570-LARGO DO MACHADO X LEBLON (VIA COPACABANA) - CIRCULAR,Fetranspor,197,17428391,"-22.9729","-43.1908"
570,570-LARGO DO MACHADO X LEBLON (VIA COPACABANA) - CIRCULAR,Fetranspor,198,17428391,"-22.974","-43.1914"
570,570-LARGO DO MACHADO X LEBLON (VIA COPACABANA) - CIRCULAR,Fetranspor,199,17428391,"-22.9743","-43.1916"
570,570-LARGO DO MACHADO X LEBLON (VIA COPACABANA) - CIRCULAR,Fetranspor,200,17428391,"-22.9743","-43.1916"
570,570-LARGO DO MACHADO X LEBLON (VIA COPACABANA) - CIRCULAR,Fetranspor,201,17428391,"-22.9746","-43.1917"
570,570-LARGO DO MACHADO X LEBLON (VIA COPACABANA) - CIRCULAR,Fetranspor,202,17428391,"-22.9756","-43.1923"
570,570-LARGO DO MACHADO X LEBLON (VIA COPACABANA) - CIRCULAR,Fetranspor,203,17428391,"-22.9757","-43.1923"
570,570-LARGO DO MACHADO X LEBLON (VIA COPACABANA) - CIRCULAR,Fetranspor,204,17428391,"-22.9757","-43.1923"
570,570-LARGO DO MACHADO X LEBLON (VIA COPACABANA) - CIRCULAR,Fetranspor,205,17428391,"-22.9763","-43.1925"
570,570-LARGO DO MACHADO X LEBLON (VIA COPACABANA) - CIRCULAR,Fetranspor,206,17428391,"-22.9764","-43.1925"
570,570-LARGO DO MACHADO X LEBLON (VIA COPACABANA) - CIRCULAR,Fetranspor,207,17428391,"-22.9764","-43.1925"
570,570-LARGO DO MACHADO X LEBLON (VIA COPACABANA) - CIRCULAR,Fetranspor,208,17428391,"-22.9764","-43.1925"
570,570-LARGO DO MACHADO X LEBLON (VIA COPACABANA) - CIRCULAR,Fetranspor,209,17428391,"-22.9774","-43.1927"
570,570-LARGO DO MACHADO X LEBLON (VIA COPACABANA) - CIRCULAR,Fetranspor,210,17428391,"-22.9774","-43.1927"
570,570-LARGO DO MACHADO X LEBLON (VIA COPACABANA) - CIRCULAR,Fetranspor,211,17428391,"-22.9779","-43.1929"
570,570-LARGO DO MACHADO X LEBLON (VIA COPACABANA) - CIRCULAR,Fetranspor,212,17428391,"-22.9779","-43.1929"
570,570-LARGO DO MACHADO X LEBLON (VIA COPACABANA) - CIRCULAR,Fetranspor,213,17428391,"-22.978","-43.1929"
570,570-LARGO DO MACHADO X LEBLON (VIA COPACABANA) - CIRCULAR,Fetranspor,214,17428391,"-22.9782","-43.193"
570,570-LARGO DO MACHADO X LEBLON (VIA COPACABANA) - CIRCULAR,Fetranspor,215,17428391,"-22.9786","-43.193"
570,570-LARGO DO MACHADO X LEBLON (VIA COPACABANA) - CIRCULAR,Fetranspor,216,17428391,"-22.9789","-43.193"
570,570-LARGO DO MACHADO X LEBLON (VIA COPACABANA) - CIRCULAR,Fetranspor,217,17428391,"-22.9793","-43.193"
570,570-LARGO DO MACHADO X LEBLON (VIA COPACABANA) - CIRCULAR,Fetranspor,218,17428391,"-22.9795","-43.1929"
570,570-LARGO DO MACHADO X LEBLON (VIA COPACABANA) - CIRCULAR,Fetranspor,219,17428391,"-22.98","-43.1929"
570,570-LARGO DO MACHADO X LEBLON (VIA COPACABANA) - CIRCULAR,Fetranspor,220,17428391,"-22.9802","-43.1928"
570,570-LARGO DO MACHADO X LEBLON (VIA COPACABANA) - CIRCULAR,Fetranspor,221,17428391,"-22.9806","-43.1927"
570,570-LARGO DO MACHADO X LEBLON (VIA COPACABANA) - CIRCULAR,Fetranspor,222,17428391,"-22.9806","-43.1927"
570,570-LARGO DO MACHADO X LEBLON (VIA COPACABANA) - CIRCULAR,Fetranspor,223,17428391,"-22.9812","-43.1926"
570,570-LARGO DO MACHADO X LEBLON (VIA COPACABANA) - CIRCULAR,Fetranspor,224,17428391,"-22.9812","-43.1926"
570,570-LARGO DO MACHADO X LEBLON (VIA COPACABANA) - CIRCULAR,Fetranspor,225,17428391,"-22.982","-43.1923"
570,570-LARGO DO MACHADO X LEBLON (VIA COPACABANA) - CIRCULAR,Fetranspor,226,17428391,"-22.982","-43.1923"
570,570-LARGO DO MACHADO X LEBLON (VIA COPACABANA) - CIRCULAR,Fetranspor,227,17428391,"-22.9828","-43.192"
570,570-LARGO DO MACHADO X LEBLON (VIA COPACABANA) - CIRCULAR,Fetranspor,228,17428391,"-22.9832","-43.1919"
570,570-LARGO DO MACHADO X LEBLON (VIA COPACABANA) - CIRCULAR,Fetranspor,229,17428391,"-22.9832","-43.1919"
570,570-LARGO DO MACHADO X LEBLON (VIA COPACABANA) - CIRCULAR,Fetranspor,230,17428391,"-22.9841","-43.1917"
570,570-LARGO DO MACHADO X LEBLON (VIA COPACABANA) - CIRCULAR,Fetranspor,231,17428391,"-22.9842","-43.1917"
570,570-LARGO DO MACHADO X LEBLON (VIA COPACABANA) - CIRCULAR,Fetranspor,232,17428391,"-22.9842","-43.1917"
570,570-LARGO DO MACHADO X LEBLON (VIA COPACABANA) - CIRCULAR,Fetranspor,233,17428391,"-22.985","-43.1914"
570,570-LARGO DO MACHADO X LEBLON (VIA COPACABANA) - CIRCULAR,Fetranspor,234,17428391,"-22.985","-43.1914"
570,570-LARGO DO MACHADO X LEBLON (VIA COPACABANA) - CIRCULAR,Fetranspor,235,17428391,"-22.9852","-43.1919"
570,570-LARGO DO MACHADO X LEBLON (VIA COPACABANA) - CIRCULAR,Fetranspor,236,17428391,"-22.9853","-43.1924"
570,570-LARGO DO MACHADO X LEBLON (VIA COPACABANA) - CIRCULAR,Fetranspor,237,17428391,"-22.9853","-43.1924"
570,570-LARGO DO MACHADO X LEBLON (VIA COPACABANA) - CIRCULAR,Fetranspor,238,17428391,"-22.9855","-43.1929"
570,570-LARGO DO MACHADO X LEBLON (VIA COPACABANA) - CIRCULAR,Fetranspor,239,17428391,"-22.9855","-43.1929"
570,570-LARGO DO MACHADO X LEBLON (VIA COPACABANA) - CIRCULAR,Fetranspor,240,17428391,"-22.9858","-43.1943"
570,570-LARGO DO MACHADO X LEBLON (VIA COPACABANA) - CIRCULAR,Fetranspor,241,17428391,"-22.9858","-43.1943"
570,570-LARGO DO MACHADO X LEBLON (VIA COPACABANA) - CIRCULAR,Fetranspor,242,17428391,"-22.986","-43.195"
570,570-LARGO DO MACHADO X LEBLON (VIA COPACABANA) - CIRCULAR,Fetranspor,243,17428391,"-22.986","-43.195"
570,570-LARGO DO MACHADO X LEBLON (VIA COPACABANA) - CIRCULAR,Fetranspor,244,17428391,"-22.9864","-43.1963"
570,570-LARGO DO MACHADO X LEBLON (VIA COPACABANA) - CIRCULAR,Fetranspor,245,17428391,"-22.9864","-43.1963"
570,570-LARGO DO MACHADO X LEBLON (VIA COPACABANA) - CIRCULAR,Fetranspor,246,17428391,"-22.9859","-43.1968"
570,570-LARGO DO MACHADO X LEBLON (VIA COPACABANA) - CIRCULAR,Fetranspor,247,17428391,"-22.9859","-43.1968"
570,570-LARGO DO MACHADO X LEBLON (VIA COPACABANA) - CIRCULAR,Fetranspor,248,17428391,"-22.9858","-43.1969"
570,570-LARGO DO MACHADO X LEBLON (VIA COPACABANA) - CIRCULAR,Fetranspor,249,17428391,"-22.9857","-43.197"
570,570-LARGO DO MACHADO X LEBLON (VIA COPACABANA) - CIRCULAR,Fetranspor,250,17428391,"-22.9857","-43.1971"
570,570-LARGO DO MACHADO X LEBLON (VIA COPACABANA) - CIRCULAR,Fetranspor,251,17428391,"-22.9857","-43.1971"
570,570-LARGO DO MACHADO X LEBLON (VIA COPACABANA) - CIRCULAR,Fetranspor,252,17428391,"-22.9857","-43.1975"
570,570-LARGO DO MACHADO X LEBLON (VIA COPACABANA) - CIRCULAR,Fetranspor,253,17428391,"-22.9857","-43.1975"
570,570-LARGO DO MACHADO X LEBLON (VIA COPACABANA) - CIRCULAR,Fetranspor,254,17428391,"-22.9856","-43.1987"
570,570-LARGO DO MACHADO X LEBLON (VIA COPACABANA) - CIRCULAR,Fetranspor,255,17428391,"-22.9856","-43.1987"
570,570-LARGO DO MACHADO X LEBLON (VIA COPACABANA) - CIRCULAR,Fetranspor,256,17428391,"-22.9855","-43.2008"
570,570-LARGO DO MACHADO X LEBLON (VIA COPACABANA) - CIRCULAR,Fetranspor,257,17428391,"-22.9855","-43.2008"
570,570-LARGO DO MACHADO X LEBLON (VIA COPACABANA) - CIRCULAR,Fetranspor,258,17428391,"-22.9854","-43.2025"
570,570-LARGO DO MACHADO X LEBLON (VIA COPACABANA) - CIRCULAR,Fetranspor,259,17428391,"-22.9854","-43.2029"
570,570-LARGO DO MACHADO X LEBLON (VIA COPACABANA) - CIRCULAR,Fetranspor,260,17428391,"-22.9854","-43.2029"
570,570-LARGO DO MACHADO X LEBLON (VIA COPACABANA) - CIRCULAR,Fetranspor,261,17428391,"-22.9854","-43.2037"
570,570-LARGO DO MACHADO X LEBLON (VIA COPACABANA) - CIRCULAR,Fetranspor,262,17428391,"-22.9853","-43.2046"
570,570-LARGO DO MACHADO X LEBLON (VIA COPACABANA) - CIRCULAR,Fetranspor,263,17428391,"-22.9853","-43.205"
570,570-LARGO DO MACHADO X LEBLON (VIA COPACABANA) - CIRCULAR,Fetranspor,264,17428391,"-22.9853","-43.205"
570,570-LARGO DO MACHADO X LEBLON (VIA COPACABANA) - CIRCULAR,Fetranspor,265,17428391,"-22.9852","-43.2057"
570,570-LARGO DO MACHADO X LEBLON (VIA COPACABANA) - CIRCULAR,Fetranspor,266,17428391,"-22.9852","-43.2069"
570,570-LARGO DO MACHADO X LEBLON (VIA COPACABANA) - CIRCULAR,Fetranspor,267,17428391,"-22.9852","-43.2072"
570,570-LARGO DO MACHADO X LEBLON (VIA COPACABANA) - CIRCULAR,Fetranspor,268,17428391,"-22.9852","-43.2072"
570,570-LARGO DO MACHADO X LEBLON (VIA COPACABANA) - CIRCULAR,Fetranspor,269,17428391,"-22.9851","-43.2083"
570,570-LARGO DO MACHADO X LEBLON (VIA COPACABANA) - CIRCULAR,Fetranspor,270,17428391,"-22.9851","-43.2093"
570,570-LARGO DO MACHADO X LEBLON (VIA COPACABANA) - CIRCULAR,Fetranspor,271,17428391,"-22.9851","-43.2093"
570,570-LARGO DO MACHADO X LEBLON (VIA COPACABANA) - CIRCULAR,Fetranspor,272,17428391,"-22.985","-43.2094"
570,570-LARGO DO MACHADO X LEBLON (VIA COPACABANA) - CIRCULAR,Fetranspor,273,17428391,"-22.985","-43.2106"
570,570-LARGO DO MACHADO X LEBLON (VIA COPACABANA) - CIRCULAR,Fetranspor,274,17428391,"-22.9849","-43.2114"
570,570-LARGO DO MACHADO X LEBLON (VIA COPACABANA) - CIRCULAR,Fetranspor,275,17428391,"-22.9849","-43.2114"
570,570-LARGO DO MACHADO X LEBLON (VIA COPACABANA) - CIRCULAR,Fetranspor,276,17428391,"-22.9849","-43.2126"
570,570-LARGO DO MACHADO X LEBLON (VIA COPACABANA) - CIRCULAR,Fetranspor,277,17428391,"-22.9848","-43.2135"
570,570-LARGO DO MACHADO X LEBLON (VIA COPACABANA) - CIRCULAR,Fetranspor,278,17428391,"-22.9848","-43.2135"
570,570-LARGO DO MACHADO X LEBLON (VIA COPACABANA) - CIRCULAR,Fetranspor,279,17428391,"-22.9848","-43.2143"
570,570-LARGO DO MACHADO X LEBLON (VIA COPACABANA) - CIRCULAR,Fetranspor,280,17428391,"-22.9848","-43.2143"
570,570-LARGO DO MACHADO X LEBLON (VIA COPACABANA) - CIRCULAR,Fetranspor,281,17428391,"-22.9848","-43.2148"
570,570-LARGO DO MACHADO X LEBLON (VIA COPACABANA) - CIRCULAR,Fetranspor,282,17428391,"-22.9847","-43.2149"
570,570-LARGO DO MACHADO X LEBLON (VIA COPACABANA) - CIRCULAR,Fetranspor,283,17428391,"-22.9847","-43.2149"
570,570-LARGO DO MACHADO X LEBLON (VIA COPACABANA) - CIRCULAR,Fetranspor,284,17428391,"-22.9847","-43.2151"
570,570-LARGO DO MACHADO X LEBLON (VIA COPACABANA) - CIRCULAR,Fetranspor,285,17428391,"-22.9847","-43.2156"
570,570-LARGO DO MACHADO X LEBLON (VIA COPACABANA) - CIRCULAR,Fetranspor,286,17428391,"-22.9847","-43.2156"
570,570-LARGO DO MACHADO X LEBLON (VIA COPACABANA) - CIRCULAR,Fetranspor,287,17428391,"-22.9847","-43.216"
570,570-LARGO DO MACHADO X LEBLON (VIA COPACABANA) - CIRCULAR,Fetranspor,288,17428391,"-22.9847","-43.216"
570,570-LARGO DO MACHADO X LEBLON (VIA COPACABANA) - CIRCULAR,Fetranspor,289,17428391,"-22.9847","-43.2168"
570,570-LARGO DO MACHADO X LEBLON (VIA COPACABANA) - CIRCULAR,Fetranspor,290,17428391,"-22.9847","-43.2168"
570,570-LARGO DO MACHADO X LEBLON (VIA COPACABANA) - CIRCULAR,Fetranspor,291,17428391,"-22.9847","-43.2169"
570,570-LARGO DO MACHADO X LEBLON (VIA COPACABANA) - CIRCULAR,Fetranspor,292,17428391,"-22.9847","-43.2175"
570,570-LARGO DO MACHADO X LEBLON (VIA COPACABANA) - CIRCULAR,Fetranspor,293,17428391,"-22.9847","-43.2176"
570,570-LARGO DO MACHADO X LEBLON (VIA COPACABANA) - CIRCULAR,Fetranspor,294,17428391,"-22.9847","-43.2176"
570,570-LARGO DO MACHADO X LEBLON (VIA COPACABANA) - CIRCULAR,Fetranspor,295,17428391,"-22.9847","-43.2178"
570,570-LARGO DO MACHADO X LEBLON (VIA COPACABANA) - CIRCULAR,Fetranspor,296,17428391,"-22.9848","-43.2181"
570,570-LARGO DO MACHADO X LEBLON (VIA COPACABANA) - CIRCULAR,Fetranspor,297,17428391,"-22.9848","-43.2181"
570,570-LARGO DO MACHADO X LEBLON (VIA COPACABANA) - CIRCULAR,Fetranspor,298,17428391,"-22.9848","-43.2187"
570,570-LARGO DO MACHADO X LEBLON (VIA COPACABANA) - CIRCULAR,Fetranspor,299,17428391,"-22.9848","-43.2187"
570,570-LARGO DO MACHADO X LEBLON (VIA COPACABANA) - CIRCULAR,Fetranspor,300,17428391,"-22.9848","-43.2193"
570,570-LARGO DO MACHADO X LEBLON (VIA COPACABANA) - CIRCULAR,Fetranspor,301,17428391,"-22.9849","-43.2195"
570,570-LARGO DO MACHADO X LEBLON (VIA COPACABANA) - CIRCULAR,Fetranspor,302,17428391,"-22.9849","-43.2198"
570,570-LARGO DO MACHADO X LEBLON (VIA COPACABANA) - CIRCULAR,Fetranspor,303,17428391,"-22.9849","-43.2198"
570,570-LARGO DO MACHADO X LEBLON (VIA COPACABANA) - CIRCULAR,Fetranspor,304,17428391,"-22.9849","-43.2199"
570,570-LARGO DO MACHADO X LEBLON (VIA COPACABANA) - CIRCULAR,Fetranspor,305,17428391,"-22.9849","-43.2203"
570,570-LARGO DO MACHADO X LEBLON (VIA COPACABANA) - CIRCULAR,Fetranspor,306,17428391,"-22.985","-43.2205"
570,570-LARGO DO MACHADO X LEBLON (VIA COPACABANA) - CIRCULAR,Fetranspor,307,17428391,"-22.985","-43.2205"
570,570-LARGO DO MACHADO X LEBLON (VIA COPACABANA) - CIRCULAR,Fetranspor,308,17428391,"-22.9851","-43.2213"
570,570-LARGO DO MACHADO X LEBLON (VIA COPACABANA) - CIRCULAR,Fetranspor,309,17428391,"-22.9851","-43.2213"
570,570-LARGO DO MACHADO X LEBLON (VIA COPACABANA) - CIRCULAR,Fetranspor,310,17428391,"-22.9852","-43.2221"
570,570-LARGO DO MACHADO X LEBLON (VIA COPACABANA) - CIRCULAR,Fetranspor,311,17428391,"-22.9852","-43.2221"
570,570-LARGO DO MACHADO X LEBLON (VIA COPACABANA) - CIRCULAR,Fetranspor,312,17428391,"-22.9854","-43.2229"
570,570-LARGO DO MACHADO X LEBLON (VIA COPACABANA) - CIRCULAR,Fetranspor,313,17428391,"-22.9854","-43.2229"
570,570-LARGO DO MACHADO X LEBLON (VIA COPACABANA) - CIRCULAR,Fetranspor,314,17428391,"-22.9843","-43.2231"
570,570-LARGO DO MACHADO X LEBLON (VIA COPACABANA) - CIRCULAR,Fetranspor,315,17428391,"-22.9843","-43.2231"
570,570-LARGO DO MACHADO X LEBLON (VIA COPACABANA) - CIRCULAR,Fetranspor,316,17428391,"-22.9836","-43.2233"
570,570-LARGO DO MACHADO X LEBLON (VIA COPACABANA) - CIRCULAR,Fetranspor,317,17428391,"-22.9836","-43.2233"
570,570-LARGO DO MACHADO X LEBLON (VIA COPACABANA) - CIRCULAR,Fetranspor,318,17428391,"-22.983","-43.2235"
570,570-LARGO DO MACHADO X LEBLON (VIA COPACABANA) - CIRCULAR,Fetranspor,319,17428391,"-22.983","-43.2235"
570,570-LARGO DO MACHADO X LEBLON (VIA COPACABANA) - CIRCULAR,Fetranspor,320,17428391,"-22.9824","-43.2236"
570,570-LARGO DO MACHADO X LEBLON (VIA COPACABANA) - CIRCULAR,Fetranspor,321,17428391,"-22.9824","-43.2236"
570,570-LARGO DO MACHADO X LEBLON (VIA COPACABANA) - CIRCULAR,Fetranspor,322,17428391,"-22.9818","-43.2238"
570,570-LARGO DO MACHADO X LEBLON (VIA COPACABANA) - CIRCULAR,Fetranspor,323,17428391,"-22.9818","-43.2238"
570,570-LARGO DO MACHADO X LEBLON (VIA COPACABANA) - CIRCULAR,Fetranspor,324,17428391,"-22.9816","-43.2238"
570,570-LARGO DO MACHADO X LEBLON (VIA COPACABANA) - CIRCULAR,Fetranspor,325,17428391,"-22.9816","-43.2238"
570,570-LARGO DO MACHADO X LEBLON (VIA COPACABANA) - CIRCULAR,Fetranspor,326,17428391,"-22.9813","-43.2239"
570,570-LARGO DO MACHADO X LEBLON (VIA COPACABANA) - CIRCULAR,Fetranspor,327,17428391,"-22.9812","-43.2239"
570,570-LARGO DO MACHADO X LEBLON (VIA COPACABANA) - CIRCULAR,Fetranspor,328,17428391,"-22.981","-43.2239"
570,570-LARGO DO MACHADO X LEBLON (VIA COPACABANA) - CIRCULAR,Fetranspor,329,17428391,"-22.9806","-43.2238"
570,570-LARGO DO MACHADO X LEBLON (VIA COPACABANA) - CIRCULAR,Fetranspor,330,17428391,"-22.9805","-43.2237"
570,570-LARGO DO MACHADO X LEBLON (VIA COPACABANA) - CIRCULAR,Fetranspor,331,17428391,"-22.9805","-43.2237"
570,570-LARGO DO MACHADO X LEBLON (VIA COPACABANA) - CIRCULAR,Fetranspor,332,17428391,"-22.9802","-43.2238"
570,570-LARGO DO MACHADO X LEBLON (VIA COPACABANA) - CIRCULAR,Fetranspor,333,17428391,"-22.9802","-43.2238"
570,570-LARGO DO MACHADO X LEBLON (VIA COPACABANA) - CIRCULAR,Fetranspor,334,17428391,"-22.9799","-43.2238"
570,570-LARGO DO MACHADO X LEBLON (VIA COPACABANA) - CIRCULAR,Fetranspor,335,17428391,"-22.9797","-43.2238"
570,570-LARGO DO MACHADO X LEBLON (VIA COPACABANA) - CIRCULAR,Fetranspor,336,17428391,"-22.9794","-43.224"
570,570-LARGO DO MACHADO X LEBLON (VIA COPACABANA) - CIRCULAR,Fetranspor,337,17428391,"-22.979","-43.2241"
570,570-LARGO DO MACHADO X LEBLON (VIA COPACABANA) - CIRCULAR,Fetranspor,338,17428391,"-22.979","-43.2241"
570,570-LARGO DO MACHADO X LEBLON (VIA COPACABANA) - CIRCULAR,Fetranspor,339,17428391,"-22.9789","-43.2242"
570,570-LARGO DO MACHADO X LEBLON (VIA COPACABANA) - CIRCULAR,Fetranspor,340,17428391,"-22.9789","-43.2242"
570,570-LARGO DO MACHADO X LEBLON (VIA COPACABANA) - CIRCULAR,Fetranspor,341,17428391,"-22.9788","-43.2243"
570,570-LARGO DO MACHADO X LEBLON (VIA COPACABANA) - CIRCULAR,Fetranspor,342,17428391,"-22.9785","-43.2246"
570,570-LARGO DO MACHADO X LEBLON (VIA COPACABANA) - CIRCULAR,Fetranspor,343,17428391,"-22.9784","-43.2246"
570,570-LARGO DO MACHADO X LEBLON (VIA COPACABANA) - CIRCULAR,Fetranspor,344,17428391,"-22.9783","-43.2246"
570,570-LARGO DO MACHADO X LEBLON (VIA COPACABANA) - CIRCULAR,Fetranspor,345,17428391,"-22.9782","-43.2247"
570,570-LARGO DO MACHADO X LEBLON (VIA COPACABANA) - CIRCULAR,Fetranspor,346,17428391,"-22.9782","-43.2247"
570,570-LARGO DO MACHADO X LEBLON (VIA COPACABANA) - CIRCULAR,Fetranspor,347,17428391,"-22.978","-43.2247"
570,570-LARGO DO MACHADO X LEBLON (VIA COPACABANA) - CIRCULAR,Fetranspor,348,17428391,"-22.978","-43.2247"
570,570-LARGO DO MACHADO X LEBLON (VIA COPACABANA) - CIRCULAR,Fetranspor,349,17428391,"-22.9771","-43.225"
570,570-LARGO DO MACHADO X LEBLON (VIA COPACABANA) - CIRCULAR,Fetranspor,350,17428391,"-22.9771","-43.225"
570,570-LARGO DO MACHADO X LEBLON (VIA COPACABANA) - CIRCULAR,Fetranspor,351,17428391,"-22.9766","-43.2251"
570,570-LARGO DO MACHADO X LEBLON (VIA COPACABANA) - CIRCULAR,Fetranspor,352,17428391,"-22.9766","-43.2251"
570,570-LARGO DO MACHADO X LEBLON (VIA COPACABANA) - CIRCULAR,Fetranspor,353,17428391,"-22.9764","-43.2251"
570,570-LARGO DO MACHADO X LEBLON (VIA COPACABANA) - CIRCULAR,Fetranspor,354,17428391,"-22.9762","-43.2252"
570,570-LARGO DO MACHADO X LEBLON (VIA COPACABANA) - CIRCULAR,Fetranspor,355,17428391,"-22.9749","-43.2259"
570,570-LARGO DO MACHADO X LEBLON (VIA COPACABANA) - CIRCULAR,Fetranspor,356,17428391,"-22.9749","-43.2259"
570,570-LARGO DO MACHADO X LEBLON (VIA COPACABANA) - CIRCULAR,Fetranspor,357,17428391,"-22.9745","-43.2261"
570,570-LARGO DO MACHADO X LEBLON (VIA COPACABANA) - CIRCULAR,Fetranspor,358,17428391,"-22.9744","-43.2261"
570,570-LARGO DO MACHADO X LEBLON (VIA COPACABANA) - CIRCULAR,Fetranspor,359,17428391,"-22.9743","-43.2261"
570,570-LARGO DO MACHADO X LEBLON (VIA COPACABANA) - CIRCULAR,Fetranspor,360,17428391,"-22.9743","-43.2261"
570,570-LARGO DO MACHADO X LEBLON (VIA COPACABANA) - CIRCULAR,Fetranspor,361,17428391,"-22.9743","-43.2261"
570,570-LARGO DO MACHADO X LEBLON (VIA COPACABANA) - CIRCULAR,Fetranspor,362,17428391,"-22.9741","-43.2259"
570,570-LARGO DO MACHADO X LEBLON (VIA COPACABANA) - CIRCULAR,Fetranspor,363,17428391,"-22.9739","-43.2258"
570,570-LARGO DO MACHADO X LEBLON (VIA COPACABANA) - CIRCULAR,Fetranspor,364,17428391,"-22.9736","-43.2257"
570,570-LARGO DO MACHADO X LEBLON (VIA COPACABANA) - CIRCULAR,Fetranspor,365,17428391,"-22.9731","-43.2252"
570,570-LARGO DO MACHADO X LEBLON (VIA COPACABANA) - CIRCULAR,Fetranspor,366,17428391,"-22.9731","-43.2252"
570,570-LARGO DO MACHADO X LEBLON (VIA COPACABANA) - CIRCULAR,Fetranspor,367,17428391,"-22.9727","-43.2247"
570,570-LARGO DO MACHADO X LEBLON (VIA COPACABANA) - CIRCULAR,Fetranspor,368,17428391,"-22.9724","-43.2245"
570,570-LARGO DO MACHADO X LEBLON (VIA COPACABANA) - CIRCULAR,Fetranspor,369,17428391,"-22.9724","-43.2245"
570,570-LARGO DO MACHADO X LEBLON (VIA COPACABANA) - CIRCULAR,Fetranspor,370,17428391,"-22.9723","-43.2244"
570,570-LARGO DO MACHADO X LEBLON (VIA COPACABANA) - CIRCULAR,Fetranspor,371,17428391,"-22.9698","-43.2222"
570,570-LARGO DO MACHADO X LEBLON (VIA COPACABANA) - CIRCULAR,Fetranspor,372,17428391,"-22.9665","-43.2195"
570,570-LARGO DO MACHADO X LEBLON (VIA COPACABANA) - CIRCULAR,Fetranspor,0,17543976,"-22.9852","-43.2072"
570,570-LARGO DO MACHADO X LEBLON (VIA COPACABANA) - CIRCULAR,Fetranspor,1,17543976,"-22.9851","-43.2083"
570,570-LARGO DO MACHADO X LEBLON (VIA COPACABANA) - CIRCULAR,Fetranspor,2,17543976,"-22.9851","-43.2093"
570,570-LARGO DO MACHADO X LEBLON (VIA COPACABANA) - CIRCULAR,Fetranspor,3,17543976,"-22.9851","-43.2093"
570,570-LARGO DO MACHADO X LEBLON (VIA COPACABANA) - CIRCULAR,Fetranspor,4,17543976,"-22.985","-43.2094"
570,570-LARGO DO MACHADO X LEBLON (VIA COPACABANA) - CIRCULAR,Fetranspor,5,17543976,"-22.985","-43.2106"
570,570-LARGO DO MACHADO X LEBLON (VIA COPACABANA) - CIRCULAR,Fetranspor,6,17543976,"-22.9849","-43.2114"
570,570-LARGO DO MACHADO X LEBLON (VIA COPACABANA) - CIRCULAR,Fetranspor,7,17543976,"-22.9849","-43.2114"
570,570-LARGO DO MACHADO X LEBLON (VIA COPACABANA) - CIRCULAR,Fetranspor,8,17543976,"-22.9849","-43.2126"
570,570-LARGO DO MACHADO X LEBLON (VIA COPACABANA) - CIRCULAR,Fetranspor,9,17543976,"-22.9848","-43.2135"
570,570-LARGO DO MACHADO X LEBLON (VIA COPACABANA) - CIRCULAR,Fetranspor,10,17543976,"-22.9848","-43.2135"
570,570-LARGO DO MACHADO X LEBLON (VIA COPACABANA) - CIRCULAR,Fetranspor,11,17543976,"-22.9848","-43.2143"
570,570-LARGO DO MACHADO X LEBLON (VIA COPACABANA) - CIRCULAR,Fetranspor,12,17543976,"-22.9848","-43.2143"
570,570-LARGO DO MACHADO X LEBLON (VIA COPACABANA) - CIRCULAR,Fetranspor,13,17543976,"-22.9848","-43.2148"
570,570-LARGO DO MACHADO X LEBLON (VIA COPACABANA) - CIRCULAR,Fetranspor,14,17543976,"-22.9847","-43.2149"
570,570-LARGO DO MACHADO X LEBLON (VIA COPACABANA) - CIRCULAR,Fetranspor,15,17543976,"-22.9847","-43.2149"
570,570-LARGO DO MACHADO X LEBLON (VIA COPACABANA) - CIRCULAR,Fetranspor,16,17543976,"-22.9847","-43.2151"
570,570-LARGO DO MACHADO X LEBLON (VIA COPACABANA) - CIRCULAR,Fetranspor,17,17543976,"-22.9847","-43.2156"
570,570-LARGO DO MACHADO X LEBLON (VIA COPACABANA) - CIRCULAR,Fetranspor,18,17543976,"-22.9847","-43.2156"
570,570-LARGO DO MACHADO X LEBLON (VIA COPACABANA) - CIRCULAR,Fetranspor,19,17543976,"-22.9847","-43.216"
570,570-LARGO DO MACHADO X LEBLON (VIA COPACABANA) - CIRCULAR,Fetranspor,20,17543976,"-22.9847","-43.216"
570,570-LARGO DO MACHADO X LEBLON (VIA COPACABANA) - CIRCULAR,Fetranspor,21,17543976,"-22.9847","-43.2168"
570,570-LARGO DO MACHADO X LEBLON (VIA COPACABANA) - CIRCULAR,Fetranspor,22,17543976,"-22.9847","-43.2168"
570,570-LARGO DO MACHADO X LEBLON (VIA COPACABANA) - CIRCULAR,Fetranspor,23,17543976,"-22.9847","-43.2169"
570,570-LARGO DO MACHADO X LEBLON (VIA COPACABANA) - CIRCULAR,Fetranspor,24,17543976,"-22.9847","-43.2175"
570,570-LARGO DO MACHADO X LEBLON (VIA COPACABANA) - CIRCULAR,Fetranspor,25,17543976,"-22.9847","-43.2176"
570,570-LARGO DO MACHADO X LEBLON (VIA COPACABANA) - CIRCULAR,Fetranspor,26,17543976,"-22.9847","-43.2176"
570,570-LARGO DO MACHADO X LEBLON (VIA COPACABANA) - CIRCULAR,Fetranspor,27,17543976,"-22.9847","-43.2178"
570,570-LARGO DO MACHADO X LEBLON (VIA COPACABANA) - CIRCULAR,Fetranspor,28,17543976,"-22.9848","-43.2181"
570,570-LARGO DO MACHADO X LEBLON (VIA COPACABANA) - CIRCULAR,Fetranspor,29,17543976,"-22.9848","-43.2181"
570,570-LARGO DO MACHADO X LEBLON (VIA COPACABANA) - CIRCULAR,Fetranspor,30,17543976,"-22.9848","-43.2187"
570,570-LARGO DO MACHADO X LEBLON (VIA COPACABANA) - CIRCULAR,Fetranspor,31,17543976,"-22.9848","-43.2187"
570,570-LARGO DO MACHADO X LEBLON (VIA COPACABANA) - CIRCULAR,Fetranspor,32,17543976,"-22.9848","-43.2193"
570,570-LARGO DO MACHADO X LEBLON (VIA COPACABANA) - CIRCULAR,Fetranspor,33,17543976,"-22.9849","-43.2195"
570,570-LARGO DO MACHADO X LEBLON (VIA COPACABANA) - CIRCULAR,Fetranspor,34,17543976,"-22.9849","-43.2198"
570,570-LARGO DO MACHADO X LEBLON (VIA COPACABANA) - CIRCULAR,Fetranspor,35,17543976,"-22.9849","-43.2198"
570,570-LARGO DO MACHADO X LEBLON (VIA COPACABANA) - CIRCULAR,Fetranspor,36,17543976,"-22.9849","-43.2199"
570,570-LARGO DO MACHADO X LEBLON (VIA COPACABANA) - CIRCULAR,Fetranspor,37,17543976,"-22.9849","-43.2203"
570,570-LARGO DO MACHADO X LEBLON (VIA COPACABANA) - CIRCULAR,Fetranspor,38,17543976,"-22.985","-43.2205"
570,570-LARGO DO MACHADO X LEBLON (VIA COPACABANA) - CIRCULAR,Fetranspor,39,17543976,"-22.985","-43.2205"
570,570-LARGO DO MACHADO X LEBLON (VIA COPACABANA) - CIRCULAR,Fetranspor,40,17543976,"-22.9851","-43.2213"
570,570-LARGO DO MACHADO X LEBLON (VIA COPACABANA) - CIRCULAR,Fetranspor,41,17543976,"-22.9851","-43.2213"
570,570-LARGO DO MACHADO X LEBLON (VIA COPACABANA) - CIRCULAR,Fetranspor,42,17543976,"-22.9852","-43.2221"
570,570-LARGO DO MACHADO X LEBLON (VIA COPACABANA) - CIRCULAR,Fetranspor,43,17543976,"-22.9852","-43.2221"
570,570-LARGO DO MACHADO X LEBLON (VIA COPACABANA) - CIRCULAR,Fetranspor,44,17543976,"-22.9854","-43.2229"
570,570-LARGO DO MACHADO X LEBLON (VIA COPACABANA) - CIRCULAR,Fetranspor,45,17543976,"-22.9854","-43.2229"
570,570-LARGO DO MACHADO X LEBLON (VIA COPACABANA) - CIRCULAR,Fetranspor,46,17543976,"-22.9843","-43.2231"
570,570-LARGO DO MACHADO X LEBLON (VIA COPACABANA) - CIRCULAR,Fetranspor,47,17543976,"-22.9843","-43.2231"
570,570-LARGO DO MACHADO X LEBLON (VIA COPACABANA) - CIRCULAR,Fetranspor,48,17543976,"-22.9836","-43.2233"
570,570-LARGO DO MACHADO X LEBLON (VIA COPACABANA) - CIRCULAR,Fetranspor,49,17543976,"-22.9836","-43.2233"
570,570-LARGO DO MACHADO X LEBLON (VIA COPACABANA) - CIRCULAR,Fetranspor,50,17543976,"-22.983","-43.2235"
570,570-LARGO DO MACHADO X LEBLON (VIA COPACABANA) - CIRCULAR,Fetranspor,51,17543976,"-22.983","-43.2235"
570,570-LARGO DO MACHADO X LEBLON (VIA COPACABANA) - CIRCULAR,Fetranspor,52,17543976,"-22.9824","-43.2236"
570,570-LARGO DO MACHADO X LEBLON (VIA COPACABANA) - CIRCULAR,Fetranspor,53,17543976,"-22.9824","-43.2236"
570,570-LARGO DO MACHADO X LEBLON (VIA COPACABANA) - CIRCULAR,Fetranspor,54,17543976,"-22.9818","-43.2238"
570,570-LARGO DO MACHADO X LEBLON (VIA COPACABANA) - CIRCULAR,Fetranspor,55,17543976,"-22.9818","-43.2238"
570,570-LARGO DO MACHADO X LEBLON (VIA COPACABANA) - CIRCULAR,Fetranspor,56,17543976,"-22.9816","-43.2238"
570,570-LARGO DO MACHADO X LEBLON (VIA COPACABANA) - CIRCULAR,Fetranspor,57,17543976,"-22.9816","-43.2238"
570,570-LARGO DO MACHADO X LEBLON (VIA COPACABANA) - CIRCULAR,Fetranspor,58,17543976,"-22.9813","-43.2239"
570,570-LARGO DO MACHADO X LEBLON (VIA COPACABANA) - CIRCULAR,Fetranspor,59,17543976,"-22.9812","-43.2239"
570,570-LARGO DO MACHADO X LEBLON (VIA COPACABANA) - CIRCULAR,Fetranspor,60,17543976,"-22.981","-43.2239"
570,570-LARGO DO MACHADO X LEBLON (VIA COPACABANA) - CIRCULAR,Fetranspor,61,17543976,"-22.9806","-43.2238"
570,570-LARGO DO MACHADO X LEBLON (VIA COPACABANA) - CIRCULAR,Fetranspor,62,17543976,"-22.9805","-43.2237"
570,570-LARGO DO MACHADO X LEBLON (VIA COPACABANA) - CIRCULAR,Fetranspor,63,17543976,"-22.9805","-43.2237"
570,570-LARGO DO MACHADO X LEBLON (VIA COPACABANA) - CIRCULAR,Fetranspor,64,17543976,"-22.9802","-43.2238"
570,570-LARGO DO MACHADO X LEBLON (VIA COPACABANA) - CIRCULAR,Fetranspor,65,17543976,"-22.9802","-43.2238"
570,570-LARGO DO MACHADO X LEBLON (VIA COPACABANA) - CIRCULAR,Fetranspor,66,17543976,"-22.9799","-43.2238"
570,570-LARGO DO MACHADO X LEBLON (VIA COPACABANA) - CIRCULAR,Fetranspor,67,17543976,"-22.9797","-43.2238"
570,570-LARGO DO MACHADO X LEBLON (VIA COPACABANA) - CIRCULAR,Fetranspor,68,17543976,"-22.9794","-43.224"
570,570-LARGO DO MACHADO X LEBLON (VIA COPACABANA) - CIRCULAR,Fetranspor,69,17543976,"-22.979","-43.2241"
570,570-LARGO DO MACHADO X LEBLON (VIA COPACABANA) - CIRCULAR,Fetranspor,70,17543976,"-22.979","-43.2241"
570,570-LARGO DO MACHADO X LEBLON (VIA COPACABANA) - CIRCULAR,Fetranspor,71,17543976,"-22.9789","-43.2242"
570,570-LARGO DO MACHADO X LEBLON (VIA COPACABANA) - CIRCULAR,Fetranspor,72,17543976,"-22.9789","-43.2242"
570,570-LARGO DO MACHADO X LEBLON (VIA COPACABANA) - CIRCULAR,Fetranspor,73,17543976,"-22.9788","-43.2243"
570,570-LARGO DO MACHADO X LEBLON (VIA COPACABANA) - CIRCULAR,Fetranspor,74,17543976,"-22.9785","-43.2246"
570,570-LARGO DO MACHADO X LEBLON (VIA COPACABANA) - CIRCULAR,Fetranspor,75,17543976,"-22.9784","-43.2246"
570,570-LARGO DO MACHADO X LEBLON (VIA COPACABANA) - CIRCULAR,Fetranspor,76,17543976,"-22.9783","-43.2246"
570,570-LARGO DO MACHADO X LEBLON (VIA COPACABANA) - CIRCULAR,Fetranspor,77,17543976,"-22.9782","-43.2247"
570,570-LARGO DO MACHADO X LEBLON (VIA COPACABANA) - CIRCULAR,Fetranspor,78,17543976,"-22.9782","-43.2247"
570,570-LARGO DO MACHADO X LEBLON (VIA COPACABANA) - CIRCULAR,Fetranspor,79,17543976,"-22.978","-43.2247"
570,570-LARGO DO MACHADO X LEBLON (VIA COPACABANA) - CIRCULAR,Fetranspor,80,17543976,"-22.978","-43.2247"
570,570-LARGO DO MACHADO X LEBLON (VIA COPACABANA) - CIRCULAR,Fetranspor,81,17543976,"-22.9771","-43.225"
570,570-LARGO DO MACHADO X LEBLON (VIA COPACABANA) - CIRCULAR,Fetranspor,82,17543976,"-22.9771","-43.225"
570,570-LARGO DO MACHADO X LEBLON (VIA COPACABANA) - CIRCULAR,Fetranspor,83,17543976,"-22.9766","-43.2251"
570,570-LARGO DO MACHADO X LEBLON (VIA COPACABANA) - CIRCULAR,Fetranspor,84,17543976,"-22.9766","-43.2251"
570,570-LARGO DO MACHADO X LEBLON (VIA COPACABANA) - CIRCULAR,Fetranspor,85,17543976,"-22.9764","-43.2251"
570,570-LARGO DO MACHADO X LEBLON (VIA COPACABANA) - CIRCULAR,Fetranspor,86,17543976,"-22.9762","-43.2252"
570,570-LARGO DO MACHADO X LEBLON (VIA COPACABANA) - CIRCULAR,Fetranspor,87,17543976,"-22.9749","-43.2259"
570,570-LARGO DO MACHADO X LEBLON (VIA COPACABANA) - CIRCULAR,Fetranspor,88,17543976,"-22.9749","-43.2259"
570,570-LARGO DO MACHADO X LEBLON (VIA COPACABANA) - CIRCULAR,Fetranspor,89,17543976,"-22.9745","-43.2261"
570,570-LARGO DO MACHADO X LEBLON (VIA COPACABANA) - CIRCULAR,Fetranspor,90,17543976,"-22.9744","-43.2261"
570,570-LARGO DO MACHADO X LEBLON (VIA COPACABANA) - CIRCULAR,Fetranspor,91,17543976,"-22.9743","-43.2261"
570,570-LARGO DO MACHADO X LEBLON (VIA COPACABANA) - CIRCULAR,Fetranspor,92,17543976,"-22.9743","-43.2261"
570,570-LARGO DO MACHADO X LEBLON (VIA COPACABANA) - CIRCULAR,Fetranspor,93,17543976,"-22.9743","-43.2261"
570,570-LARGO DO MACHADO X LEBLON (VIA COPACABANA) - CIRCULAR,Fetranspor,94,17543976,"-22.9741","-43.2259"
570,570-LARGO DO MACHADO X LEBLON (VIA COPACABANA) - CIRCULAR,Fetranspor,95,17543976,"-22.9739","-43.2258"
570,570-LARGO DO MACHADO X LEBLON (VIA COPACABANA) - CIRCULAR,Fetranspor,96,17543976,"-22.9736","-43.2257"
570,570-LARGO DO MACHADO X LEBLON (VIA COPACABANA) - CIRCULAR,Fetranspor,97,17543976,"-22.9731","-43.2252"
570,570-LARGO DO MACHADO X LEBLON (VIA COPACABANA) - CIRCULAR,Fetranspor,98,17543976,"-22.9731","-43.2252"
570,570-LARGO DO MACHADO X LEBLON (VIA COPACABANA) - CIRCULAR,Fetranspor,99,17543976,"-22.9727","-43.2247"
570,570-LARGO DO MACHADO X LEBLON (VIA COPACABANA) - CIRCULAR,Fetranspor,100,17543976,"-22.9724","-43.2245"
570,570-LARGO DO MACHADO X LEBLON (VIA COPACABANA) - CIRCULAR,Fetranspor,101,17543976,"-22.9724","-43.2245"
570,570-LARGO DO MACHADO X LEBLON (VIA COPACABANA) - CIRCULAR,Fetranspor,102,17543976,"-22.9723","-43.2244"
570,570-LARGO DO MACHADO X LEBLON (VIA COPACABANA) - CIRCULAR,Fetranspor,103,17543976,"-22.9698","-43.2222"
570,570-LARGO DO MACHADO X LEBLON (VIA COPACABANA) - CIRCULAR,Fetranspor,104,17543976,"-22.9665","-43.2195"
570,570-LARGO DO MACHADO X LEBLON (VIA COPACABANA) - CIRCULAR,Fetranspor,105,17543976,"-22.9665","-43.2195"
570,570-LARGO DO MACHADO X LEBLON (VIA COPACABANA) - CIRCULAR,Fetranspor,106,17543976,"-22.9664","-43.2194"
570,570-LARGO DO MACHADO X LEBLON (VIA COPACABANA) - CIRCULAR,Fetranspor,107,17543976,"-22.9664","-43.2194"
570,570-LARGO DO MACHADO X LEBLON (VIA COPACABANA) - CIRCULAR,Fetranspor,108,17543976,"-22.9664","-43.2194"
570,570-LARGO DO MACHADO X LEBLON (VIA COPACABANA) - CIRCULAR,Fetranspor,109,17543976,"-22.9664","-43.2194"
570,570-LARGO DO MACHADO X LEBLON (VIA COPACABANA) - CIRCULAR,Fetranspor,110,17543976,"-22.9653","-43.2186"
570,570-LARGO DO MACHADO X LEBLON (VIA COPACABANA) - CIRCULAR,Fetranspor,111,17543976,"-22.9653","-43.2186"
570,570-LARGO DO MACHADO X LEBLON (VIA COPACABANA) - CIRCULAR,Fetranspor,112,17543976,"-22.9648","-43.218"
570,570-LARGO DO MACHADO X LEBLON (VIA COPACABANA) - CIRCULAR,Fetranspor,113,17543976,"-22.9642","-43.2175"
570,570-LARGO DO MACHADO X LEBLON (VIA COPACABANA) - CIRCULAR,Fetranspor,114,17543976,"-22.9642","-43.2175"
570,570-LARGO DO MACHADO X LEBLON (VIA COPACABANA) - CIRCULAR,Fetranspor,115,17543976,"-22.9642","-43.2175"
570,570-LARGO DO MACHADO X LEBLON (VIA COPACABANA) - CIRCULAR,Fetranspor,116,17543976,"-22.9642","-43.2175"
570,570-LARGO DO MACHADO X LEBLON (VIA COPACABANA) - CIRCULAR,Fetranspor,117,17543976,"-22.9641","-43.2174"
570,570-LARGO DO MACHADO X LEBLON (VIA COPACABANA) - CIRCULAR,Fetranspor,118,17543976,"-22.9641","-43.2174"
570,570-LARGO DO MACHADO X LEBLON (VIA COPACABANA) - CIRCULAR,Fetranspor,119,17543976,"-22.9636","-43.2169"
570,570-LARGO DO MACHADO X LEBLON (VIA COPACABANA) - CIRCULAR,Fetranspor,120,17543976,"-22.9636","-43.2169"
570,570-LARGO DO MACHADO X LEBLON (VIA COPACABANA) - CIRCULAR,Fetranspor,121,17543976,"-22.9634","-43.2167"
570,570-LARGO DO MACHADO X LEBLON (VIA COPACABANA) - CIRCULAR,Fetranspor,122,17543976,"-22.9634","-43.2167"
570,570-LARGO DO MACHADO X LEBLON (VIA COPACABANA) - CIRCULAR,Fetranspor,123,17543976,"-22.963","-43.2164"
570,570-LARGO DO MACHADO X LEBLON (VIA COPACABANA) - CIRCULAR,Fetranspor,124,17543976,"-22.963","-43.2164"
570,570-LARGO DO MACHADO X LEBLON (VIA COPACABANA) - CIRCULAR,Fetranspor,125,17543976,"-22.9625","-43.2159"
570,570-LARGO DO MACHADO X LEBLON (VIA COPACABANA) - CIRCULAR,Fetranspor,126,17543976,"-22.9625","-43.2159"
570,570-LARGO DO MACHADO X LEBLON (VIA COPACABANA) - CIRCULAR,Fetranspor,127,17543976,"-22.9622","-43.2155"
570,570-LARGO DO MACHADO X LEBLON (VIA COPACABANA) - CIRCULAR,Fetranspor,128,17543976,"-22.962","-43.2154"
570,570-LARGO DO MACHADO X LEBLON (VIA COPACABANA) - CIRCULAR,Fetranspor,129,17543976,"-22.962","-43.2154"
570,570-LARGO DO MACHADO X LEBLON (VIA COPACABANA) - CIRCULAR,Fetranspor,130,17543976,"-22.9619","-43.2153"
570,570-LARGO DO MACHADO X LEBLON (VIA COPACABANA) - CIRCULAR,Fetranspor,131,17543976,"-22.9618","-43.2151"
570,570-LARGO DO MACHADO X LEBLON (VIA COPACABANA) - CIRCULAR,Fetranspor,132,17543976,"-22.9617","-43.2149"
570,570-LARGO DO MACHADO X LEBLON (VIA COPACABANA) - CIRCULAR,Fetranspor,133,17543976,"-22.9617","-43.2149"
570,570-LARGO DO MACHADO X LEBLON (VIA COPACABANA) - CIRCULAR,Fetranspor,134,17543976,"-22.9616","-43.2147"
570,570-LARGO DO MACHADO X LEBLON (VIA COPACABANA) - CIRCULAR,Fetranspor,135,17543976,"-22.9616","-43.2145"
570,570-LARGO DO MACHADO X LEBLON (VIA COPACABANA) - CIRCULAR,Fetranspor,136,17543976,"-22.9615","-43.2144"
570,570-LARGO DO MACHADO X LEBLON (VIA COPACABANA) - CIRCULAR,Fetranspor,137,17543976,"-22.9614","-43.2143"
570,570-LARGO DO MACHADO X LEBLON (VIA COPACABANA) - CIRCULAR,Fetranspor,138,17543976,"-22.9614","-43.2143"
570,570-LARGO DO MACHADO X LEBLON (VIA COPACABANA) - CIRCULAR,Fetranspor,139,17543976,"-22.9614","-43.2142"
570,570-LARGO DO MACHADO X LEBLON (VIA COPACABANA) - CIRCULAR,Fetranspor,140,17543976,"-22.9614","-43.214"
570,570-LARGO DO MACHADO X LEBLON (VIA COPACABANA) - CIRCULAR,Fetranspor,141,17543976,"-22.9613","-43.2136"
570,570-LARGO DO MACHADO X LEBLON (VIA COPACABANA) - CIRCULAR,Fetranspor,142,17543976,"-22.9613","-43.2136"
570,570-LARGO DO MACHADO X LEBLON (VIA COPACABANA) - CIRCULAR,Fetranspor,143,17543976,"-22.9612","-43.2127"
570,570-LARGO DO MACHADO X LEBLON (VIA COPACABANA) - CIRCULAR,Fetranspor,144,17543976,"-22.9612","-43.2127"
570,570-LARGO DO MACHADO X LEBLON (VIA COPACABANA) - CIRCULAR,Fetranspor,145,17543976,"-22.961","-43.2116"
570,570-LARGO DO MACHADO X LEBLON (VIA COPACABANA) - CIRCULAR,Fetranspor,146,17543976,"-22.961","-43.2116"
570,570-LARGO DO MACHADO X LEBLON (VIA COPACABANA) - CIRCULAR,Fetranspor,147,17543976,"-22.9609","-43.2101"
570,570-LARGO DO MACHADO X LEBLON (VIA COPACABANA) - CIRCULAR,Fetranspor,148,17543976,"-22.9609","-43.2101"
570,570-LARGO DO MACHADO X LEBLON (VIA COPACABANA) - CIRCULAR,Fetranspor,149,17543976,"-22.9608","-43.2095"
570,570-LARGO DO MACHADO X LEBLON (VIA COPACABANA) - CIRCULAR,Fetranspor,150,17543976,"-22.9607","-43.2088"
570,570-LARGO DO MACHADO X LEBLON (VIA COPACABANA) - CIRCULAR,Fetranspor,151,17543976,"-22.9607","-43.2088"
570,570-LARGO DO MACHADO X LEBLON (VIA COPACABANA) - CIRCULAR,Fetranspor,152,17543976,"-22.9607","-43.208"
570,570-LARGO DO MACHADO X LEBLON (VIA COPACABANA) - CIRCULAR,Fetranspor,153,17543976,"-22.9607","-43.208"
570,570-LARGO DO MACHADO X LEBLON (VIA COPACABANA) - CIRCULAR,Fetranspor,154,17543976,"-22.9606","-43.207"
570,570-LARGO DO MACHADO X LEBLON (VIA COPACABANA) - CIRCULAR,Fetranspor,155,17543976,"-22.9606","-43.207"
570,570-LARGO DO MACHADO X LEBLON (VIA COPACABANA) - CIRCULAR,Fetranspor,156,17543976,"-22.9605","-43.2065"
570,570-LARGO DO MACHADO X LEBLON (VIA COPACABANA) - CIRCULAR,Fetranspor,157,17543976,"-22.9605","-43.2065"
570,570-LARGO DO MACHADO X LEBLON (VIA COPACABANA) - CIRCULAR,Fetranspor,158,17543976,"-22.9613","-43.2068"
570,570-LARGO DO MACHADO X LEBLON (VIA COPACABANA) - CIRCULAR,Fetranspor,159,17543976,"-22.9613","-43.2068"
570,570-LARGO DO MACHADO X LEBLON (VIA COPACABANA) - CIRCULAR,Fetranspor,160,17543976,"-22.9619","-43.2071"
570,570-LARGO DO MACHADO X LEBLON (VIA COPACABANA) - CIRCULAR,Fetranspor,161,17543976,"-22.962","-43.2071"
570,570-LARGO DO MACHADO X LEBLON (VIA COPACABANA) - CIRCULAR,Fetranspor,162,17543976,"-22.962","-43.2071"
570,570-LARGO DO MACHADO X LEBLON (VIA COPACABANA) - CIRCULAR,Fetranspor,163,17543976,"-22.962","-43.2076"
570,570-LARGO DO MACHADO X LEBLON (VIA COPACABANA) - CIRCULAR,Fetranspor,164,17543976,"-22.9621","-43.2078"
570,570-LARGO DO MACHADO X LEBLON (VIA COPACABANA) - CIRCULAR,Fetranspor,165,17543976,"-22.9621","-43.2078"
570,570-LARGO DO MACHADO X LEBLON (VIA COPACABANA) - CIRCULAR,Fetranspor,166,17543976,"-22.9622","-43.2077"
570,570-LARGO DO MACHADO X LEBLON (VIA COPACABANA) - CIRCULAR,Fetranspor,167,17543976,"-22.9622","-43.2077"
570,570-LARGO DO MACHADO X LEBLON (VIA COPACABANA) - CIRCULAR,Fetranspor,168,17543976,"-22.9621","-43.2071"
570,570-LARGO DO MACHADO X LEBLON (VIA COPACABANA) - CIRCULAR,Fetranspor,169,17543976,"-22.9621","-43.2071"
570,570-LARGO DO MACHADO X LEBLON (VIA COPACABANA) - CIRCULAR,Fetranspor,170,17543976,"-22.962","-43.2057"
570,570-LARGO DO MACHADO X LEBLON (VIA COPACABANA) - CIRCULAR,Fetranspor,171,17543976,"-22.962","-43.2057"
570,570-LARGO DO MACHADO X LEBLON (VIA COPACABANA) - CIRCULAR,Fetranspor,172,17543976,"-22.962","-43.2056"
570,570-LARGO DO MACHADO X LEBLON (VIA COPACABANA) - CIRCULAR,Fetranspor,173,17543976,"-22.9619","-43.2054"
570,570-LARGO DO MACHADO X LEBLON (VIA COPACABANA) - CIRCULAR,Fetranspor,174,17543976,"-22.9618","-43.2052"
570,570-LARGO DO MACHADO X LEBLON (VIA COPACABANA) - CIRCULAR,Fetranspor,175,17543976,"-22.9618","-43.2052"
570,570-LARGO DO MACHADO X LEBLON (VIA COPACABANA) - CIRCULAR,Fetranspor,176,17543976,"-22.9608","-43.2042"
570,570-LARGO DO MACHADO X LEBLON (VIA COPACABANA) - CIRCULAR,Fetranspor,177,17543976,"-22.9608","-43.2042"
570,570-LARGO DO MACHADO X LEBLON (VIA COPACABANA) - CIRCULAR,Fetranspor,178,17543976,"-22.9607","-43.2042"
570,570-LARGO DO MACHADO X LEBLON (VIA COPACABANA) - CIRCULAR,Fetranspor,179,17543976,"-22.9607","-43.2042"
570,570-LARGO DO MACHADO X LEBLON (VIA COPACABANA) - CIRCULAR,Fetranspor,180,17543976,"-22.9607","-43.2041"
570,570-LARGO DO MACHADO X LEBLON (VIA COPACABANA) - CIRCULAR,Fetranspor,181,17543976,"-22.9607","-43.2041"
570,570-LARGO DO MACHADO X LEBLON (VIA COPACABANA) - CIRCULAR,Fetranspor,182,17543976,"-22.9606","-43.204"
570,570-LARGO DO MACHADO X LEBLON (VIA COPACABANA) - CIRCULAR,Fetranspor,183,17543976,"-22.9605","-43.2039"
570,570-LARGO DO MACHADO X LEBLON (VIA COPACABANA) - CIRCULAR,Fetranspor,184,17543976,"-22.9604","-43.2037"
570,570-LARGO DO MACHADO X LEBLON (VIA COPACABANA) - CIRCULAR,Fetranspor,185,17543976,"-22.9604","-43.2033"
570,570-LARGO DO MACHADO X LEBLON (VIA COPACABANA) - CIRCULAR,Fetranspor,186,17543976,"-22.9604","-43.2033"
570,570-LARGO DO MACHADO X LEBLON (VIA COPACABANA) - CIRCULAR,Fetranspor,187,17543976,"-22.9604","-43.2032"
570,570-LARGO DO MACHADO X LEBLON (VIA COPACABANA) - CIRCULAR,Fetranspor,188,17543976,"-22.9604","-43.2031"
570,570-LARGO DO MACHADO X LEBLON (VIA COPACABANA) - CIRCULAR,Fetranspor,189,17543976,"-22.9605","-43.2031"
570,570-LARGO DO MACHADO X LEBLON (VIA COPACABANA) - CIRCULAR,Fetranspor,190,17543976,"-22.9605","-43.2031"
570,570-LARGO DO MACHADO X LEBLON (VIA COPACABANA) - CIRCULAR,Fetranspor,191,17543976,"-22.9608","-43.2031"
570,570-LARGO DO MACHADO X LEBLON (VIA COPACABANA) - CIRCULAR,Fetranspor,192,17543976,"-22.9608","-43.2031"
570,570-LARGO DO MACHADO X LEBLON (VIA COPACABANA) - CIRCULAR,Fetranspor,193,17543976,"-22.9614","-43.2031"
570,570-LARGO DO MACHADO X LEBLON (VIA COPACABANA) - CIRCULAR,Fetranspor,194,17543976,"-22.9614","-43.2031"
570,570-LARGO DO MACHADO X LEBLON (VIA COPACABANA) - CIRCULAR,Fetranspor,195,17543976,"-22.9618","-43.2031"
570,570-LARGO DO MACHADO X LEBLON (VIA COPACABANA) - CIRCULAR,Fetranspor,196,17543976,"-22.9618","-43.2031"
570,570-LARGO DO MACHADO X LEBLON (VIA COPACABANA) - CIRCULAR,Fetranspor,197,17543976,"-22.9619","-43.2031"
570,570-LARGO DO MACHADO X LEBLON (VIA COPACABANA) - CIRCULAR,Fetranspor,198,17543976,"-22.9623","-43.2031"
570,570-LARGO DO MACHADO X LEBLON (VIA COPACABANA) - CIRCULAR,Fetranspor,199,17543976,"-22.9623","-43.2031"
570,570-LARGO DO MACHADO X LEBLON (VIA COPACABANA) - CIRCULAR,Fetranspor,200,17543976,"-22.9624","-43.203"
570,570-LARGO DO MACHADO X LEBLON (VIA COPACABANA) - CIRCULAR,Fetranspor,201,17543976,"-22.9624","-43.203"
570,570-LARGO DO MACHADO X LEBLON (VIA COPACABANA) - CIRCULAR,Fetranspor,202,17543976,"-22.9634","-43.2029"
570,570-LARGO DO MACHADO X LEBLON (VIA COPACABANA) - CIRCULAR,Fetranspor,203,17543976,"-22.9634","-43.2029"
570,570-LARGO DO MACHADO X LEBLON (VIA COPACABANA) - CIRCULAR,Fetranspor,204,17543976,"-22.9641","-43.2028"
570,570-LARGO DO MACHADO X LEBLON (VIA COPACABANA) - CIRCULAR,Fetranspor,205,17543976,"-22.9641","-43.2028"
570,570-LARGO DO MACHADO X LEBLON (VIA COPACABANA) - CIRCULAR,Fetranspor,206,17543976,"-22.9641","-43.2033"
570,570-LARGO DO MACHADO X LEBLON (VIA COPACABANA) - CIRCULAR,Fetranspor,207,17543976,"-22.9641","-43.2035"
570,570-LARGO DO MACHADO X LEBLON (VIA COPACABANA) - CIRCULAR,Fetranspor,208,17543976,"-22.9641","-43.2036"
570,570-LARGO DO MACHADO X LEBLON (VIA COPACABANA) - CIRCULAR,Fetranspor,209,17543976,"-22.9641","-43.2037"
570,570-LARGO DO MACHADO X LEBLON (VIA COPACABANA) - CIRCULAR,Fetranspor,210,17543976,"-22.9641","-43.2037"
570,570-LARGO DO MACHADO X LEBLON (VIA COPACABANA) - CIRCULAR,Fetranspor,211,17543976,"-22.9635","-43.2038"
570,570-LARGO DO MACHADO X LEBLON (VIA COPACABANA) - CIRCULAR,Fetranspor,212,17543976,"-22.9635","-43.2038"
570,570-LARGO DO MACHADO X LEBLON (VIA COPACABANA) - CIRCULAR,Fetranspor,213,17543976,"-22.9633","-43.2038"
570,570-LARGO DO MACHADO X LEBLON (VIA COPACABANA) - CIRCULAR,Fetranspor,214,17543976,"-22.9626","-43.204"
570,570-LARGO DO MACHADO X LEBLON (VIA COPACABANA) - CIRCULAR,Fetranspor,215,17543976,"-22.9626","-43.204"
570,570-LARGO DO MACHADO X LEBLON (VIA COPACABANA) - CIRCULAR,Fetranspor,216,17543976,"-22.9625","-43.204"
570,570-LARGO DO MACHADO X LEBLON (VIA COPACABANA) - CIRCULAR,Fetranspor,217,17543976,"-22.9625","-43.204"
570,570-LARGO DO MACHADO X LEBLON (VIA COPACABANA) - CIRCULAR,Fetranspor,218,17543976,"-22.9619","-43.204"
570,570-LARGO DO MACHADO X LEBLON (VIA COPACABANA) - CIRCULAR,Fetranspor,219,17543976,"-22.9615","-43.204"
570,570-LARGO DO MACHADO X LEBLON (VIA COPACABANA) - CIRCULAR,Fetranspor,220,17543976,"-22.9612","-43.2041"
570,570-LARGO DO MACHADO X LEBLON (VIA COPACABANA) - CIRCULAR,Fetranspor,221,17543976,"-22.9612","-43.2041"
570,570-LARGO DO MACHADO X LEBLON (VIA COPACABANA) - CIRCULAR,Fetranspor,222,17543976,"-22.9607","-43.2042"
570,570-LARGO DO MACHADO X LEBLON (VIA COPACABANA) - CIRCULAR,Fetranspor,223,17543976,"-22.9607","-43.2042"
570,570-LARGO DO MACHADO X LEBLON (VIA COPACABANA) - CIRCULAR,Fetranspor,224,17543976,"-22.9607","-43.2042"
570,570-LARGO DO MACHADO X LEBLON (VIA COPACABANA) - CIRCULAR,Fetranspor,225,17543976,"-22.9607","-43.2042"
570,570-LARGO DO MACHADO X LEBLON (VIA COPACABANA) - CIRCULAR,Fetranspor,226,17543976,"-22.9607","-43.2042"
570,570-LARGO DO MACHADO X LEBLON (VIA COPACABANA) - CIRCULAR,Fetranspor,227,17543976,"-22.9603","-43.2042"
570,570-LARGO DO MACHADO X LEBLON (VIA COPACABANA) - CIRCULAR,Fetranspor,228,17543976,"-22.9603","-43.2042"
570,570-LARGO DO MACHADO X LEBLON (VIA COPACABANA) - CIRCULAR,Fetranspor,229,17543976,"-22.9602","-43.2042"
570,570-LARGO DO MACHADO X LEBLON (VIA COPACABANA) - CIRCULAR,Fetranspor,230,17543976,"-22.9602","-43.2042"
570,570-LARGO DO MACHADO X LEBLON (VIA COPACABANA) - CIRCULAR,Fetranspor,231,17543976,"-22.9594","-43.2043"
570,570-LARGO DO MACHADO X LEBLON (VIA COPACABANA) - CIRCULAR,Fetranspor,232,17543976,"-22.9586","-43.2044"
570,570-LARGO DO MACHADO X LEBLON (VIA COPACABANA) - CIRCULAR,Fetranspor,233,17543976,"-22.9586","-43.2044"
570,570-LARGO DO MACHADO X LEBLON (VIA COPACABANA) - CIRCULAR,Fetranspor,234,17543976,"-22.9582","-43.2044"
570,570-LARGO DO MACHADO X LEBLON (VIA COPACABANA) - CIRCULAR,Fetranspor,235,17543976,"-22.958","-43.2044"
570,570-LARGO DO MACHADO X LEBLON (VIA COPACABANA) - CIRCULAR,Fetranspor,236,17543976,"-22.9578","-43.2043"
570,570-LARGO DO MACHADO X LEBLON (VIA COPACABANA) - CIRCULAR,Fetranspor,237,17543976,"-22.9573","-43.2043"
570,570-LARGO DO MACHADO X LEBLON (VIA COPACABANA) - CIRCULAR,Fetranspor,238,17543976,"-22.9565","-43.2042"
570,570-LARGO DO MACHADO X LEBLON (VIA COPACABANA) - CIRCULAR,Fetranspor,239,17543976,"-22.9485","-43.2032"
570,570-LARGO DO MACHADO X LEBLON (VIA COPACABANA) - CIRCULAR,Fetranspor,240,17543976,"-22.9481","-43.2032"
570,570-LARGO DO MACHADO X LEBLON (VIA COPACABANA) - CIRCULAR,Fetranspor,241,17543976,"-22.9447","-43.2028"
570,570-LARGO DO MACHADO X LEBLON (VIA COPACABANA) - CIRCULAR,Fetranspor,242,17543976,"-22.9411","-43.2023"
570,570-LARGO DO MACHADO X LEBLON (VIA COPACABANA) - CIRCULAR,Fetranspor,243,17543976,"-22.9405","-43.2022"
570,570-LARGO DO MACHADO X LEBLON (VIA COPACABANA) - CIRCULAR,Fetranspor,244,17543976,"-22.94","-43.2023"
570,570-LARGO DO MACHADO X LEBLON (VIA COPACABANA) - CIRCULAR,Fetranspor,245,17543976,"-22.9398","-43.2024"
570,570-LARGO DO MACHADO X LEBLON (VIA COPACABANA) - CIRCULAR,Fetranspor,246,17543976,"-22.9397","-43.2024"
570,570-LARGO DO MACHADO X LEBLON (VIA COPACABANA) - CIRCULAR,Fetranspor,247,17543976,"-22.9397","-43.2024"
570,570-LARGO DO MACHADO X LEBLON (VIA COPACABANA) - CIRCULAR,Fetranspor,248,17543976,"-22.9392","-43.2026"
570,570-LARGO DO MACHADO X LEBLON (VIA COPACABANA) - CIRCULAR,Fetranspor,249,17543976,"-22.939","-43.2027"
570,570-LARGO DO MACHADO X LEBLON (VIA COPACABANA) - CIRCULAR,Fetranspor,250,17543976,"-22.939","-43.2027"
570,570-LARGO DO MACHADO X LEBLON (VIA COPACABANA) - CIRCULAR,Fetranspor,251,17543976,"-22.9389","-43.2027"
570,570-LARGO DO MACHADO X LEBLON (VIA COPACABANA) - CIRCULAR,Fetranspor,252,17543976,"-22.9388","-43.2027"
570,570-LARGO DO MACHADO X LEBLON (VIA COPACABANA) - CIRCULAR,Fetranspor,253,17543976,"-22.9388","-43.2026"
570,570-LARGO DO MACHADO X LEBLON (VIA COPACABANA) - CIRCULAR,Fetranspor,254,17543976,"-22.9387","-43.2026"
570,570-LARGO DO MACHADO X LEBLON (VIA COPACABANA) - CIRCULAR,Fetranspor,255,17543976,"-22.9387","-43.2025"
570,570-LARGO DO MACHADO X LEBLON (VIA COPACABANA) - CIRCULAR,Fetranspor,256,17543976,"-22.9387","-43.2024"
570,570-LARGO DO MACHADO X LEBLON (VIA COPACABANA) - CIRCULAR,Fetranspor,257,17543976,"-22.9387","-43.2024"
570,570-LARGO DO MACHADO X LEBLON (VIA COPACABANA) - CIRCULAR,Fetranspor,258,17543976,"-22.9387","-43.2023"
570,570-LARGO DO MACHADO X LEBLON (VIA COPACABANA) - CIRCULAR,Fetranspor,259,17543976,"-22.9387","-43.2023"
570,570-LARGO DO MACHADO X LEBLON (VIA COPACABANA) - CIRCULAR,Fetranspor,260,17543976,"-22.9388","-43.2022"
570,570-LARGO DO MACHADO X LEBLON (VIA COPACABANA) - CIRCULAR,Fetranspor,261,17543976,"-22.9389","-43.2022"
570,570-LARGO DO MACHADO X LEBLON (VIA COPACABANA) - CIRCULAR,Fetranspor,262,17543976,"-22.939","-43.2021"
570,570-LARGO DO MACHADO X LEBLON (VIA COPACABANA) - CIRCULAR,Fetranspor,263,17543976,"-22.939","-43.2021"
570,570-LARGO DO MACHADO X LEBLON (VIA COPACABANA) - CIRCULAR,Fetranspor,264,17543976,"-22.9392","-43.2021"
570,570-LARGO DO MACHADO X LEBLON (VIA COPACABANA) - CIRCULAR,Fetranspor,265,17543976,"-22.9393","-43.2021"
570,570-LARGO DO MACHADO X LEBLON (VIA COPACABANA) - CIRCULAR,Fetranspor,266,17543976,"-22.9394","-43.2022"
570,570-LARGO DO MACHADO X LEBLON (VIA COPACABANA) - CIRCULAR,Fetranspor,267,17543976,"-22.9395","-43.2022"
570,570-LARGO DO MACHADO X LEBLON (VIA COPACABANA) - CIRCULAR,Fetranspor,268,17543976,"-22.9396","-43.2023"
570,570-LARGO DO MACHADO X LEBLON (VIA COPACABANA) - CIRCULAR,Fetranspor,269,17543976,"-22.9396","-43.2023"
570,570-LARGO DO MACHADO X LEBLON (VIA COPACABANA) - CIRCULAR,Fetranspor,270,17543976,"-22.9397","-43.2023"
570,570-LARGO DO MACHADO X LEBLON (VIA COPACABANA) - CIRCULAR,Fetranspor,271,17543976,"-22.9397","-43.2023"
570,570-LARGO DO MACHADO X LEBLON (VIA COPACABANA) - CIRCULAR,Fetranspor,272,17543976,"-22.9398","-43.2023"
570,570-LARGO DO MACHADO X LEBLON (VIA COPACABANA) - CIRCULAR,Fetranspor,273,17543976,"-22.9398","-43.2022"
570,570-LARGO DO MACHADO X LEBLON (VIA COPACABANA) - CIRCULAR,Fetranspor,274,17543976,"-22.9398","-43.2022"
570,570-LARGO DO MACHADO X LEBLON (VIA COPACABANA) - CIRCULAR,Fetranspor,275,17543976,"-22.9399","-43.2022"
570,570-LARGO DO MACHADO X LEBLON (VIA COPACABANA) - CIRCULAR,Fetranspor,276,17543976,"-22.9399","-43.2022"
570,570-LARGO DO MACHADO X LEBLON (VIA COPACABANA) - CIRCULAR,Fetranspor,277,17543976,"-22.9399","-43.202"
570,570-LARGO DO MACHADO X LEBLON (VIA COPACABANA) - CIRCULAR,Fetranspor,278,17543976,"-22.9399","-43.2019"
570,570-LARGO DO MACHADO X LEBLON (VIA COPACABANA) - CIRCULAR,Fetranspor,279,17543976,"-22.9398","-43.2019"
570,570-LARGO DO MACHADO X LEBLON (VIA COPACABANA) - CIRCULAR,Fetranspor,280,17543976,"-22.9398","-43.2019"
570,570-LARGO DO MACHADO X LEBLON (VIA COPACABANA) - CIRCULAR,Fetranspor,281,17543976,"-22.9399","-43.2013"
570,570-LARGO DO MACHADO X LEBLON (VIA COPACABANA) - CIRCULAR,Fetranspor,282,17543976,"-22.9399","-43.2013"
570,570-LARGO DO MACHADO X LEBLON (VIA COPACABANA) - CIRCULAR,Fetranspor,283,17543976,"-22.9401","-43.2003"
570,570-LARGO DO MACHADO X LEBLON (VIA COPACABANA) - CIRCULAR,Fetranspor,284,17543976,"-22.9402","-43.2"
570,570-LARGO DO MACHADO X LEBLON (VIA COPACABANA) - CIRCULAR,Fetranspor,285,17543976,"-22.9402","-43.1998"
570,570-LARGO DO MACHADO X LEBLON (VIA COPACABANA) - CIRCULAR,Fetranspor,286,17543976,"-22.9402","-43.1998"
570,570-LARGO DO MACHADO X LEBLON (VIA COPACABANA) - CIRCULAR,Fetranspor,287,17543976,"-22.9402","-43.1997"
570,570-LARGO DO MACHADO X LEBLON (VIA COPACABANA) - CIRCULAR,Fetranspor,288,17543976,"-22.9402","-43.1996"
570,570-LARGO DO MACHADO X LEBLON (VIA COPACABANA) - CIRCULAR,Fetranspor,289,17543976,"-22.9402","-43.1996"
570,570-LARGO DO MACHADO X LEBLON (VIA COPACABANA) - CIRCULAR,Fetranspor,290,17543976,"-22.9401","-43.1993"
570,570-LARGO DO MACHADO X LEBLON (VIA COPACABANA) - CIRCULAR,Fetranspor,291,17543976,"-22.9401","-43.1991"
570,570-LARGO DO MACHADO X LEBLON (VIA COPACABANA) - CIRCULAR,Fetranspor,292,17543976,"-22.9401","-43.199"
570,570-LARGO DO MACHADO X LEBLON (VIA COPACABANA) - CIRCULAR,Fetranspor,293,17543976,"-22.9402","-43.1988"
570,570-LARGO DO MACHADO X LEBLON (VIA COPACABANA) - CIRCULAR,Fetranspor,294,17543976,"-22.9403","-43.1986"
570,570-LARGO DO MACHADO X LEBLON (VIA COPACABANA) - CIRCULAR,Fetranspor,295,17543976,"-22.9403","-43.1986"
570,570-LARGO DO MACHADO X LEBLON (VIA COPACABANA) - CIRCULAR,Fetranspor,296,17543976,"-22.9403","-43.1985"
570,570-LARGO DO MACHADO X LEBLON (VIA COPACABANA) - CIRCULAR,Fetranspor,297,17543976,"-22.9403","-43.1984"
570,570-LARGO DO MACHADO X LEBLON (VIA COPACABANA) - CIRCULAR,Fetranspor,298,17543976,"-22.9403","-43.1984"
570,570-LARGO DO MACHADO X LEBLON (VIA COPACABANA) - CIRCULAR,Fetranspor,299,17543976,"-22.9404","-43.1983"
570,570-LARGO DO MACHADO X LEBLON (VIA COPACABANA) - CIRCULAR,Fetranspor,300,17543976,"-22.9404","-43.1981"
570,570-LARGO DO MACHADO X LEBLON (VIA COPACABANA) - CIRCULAR,Fetranspor,301,17543976,"-22.9404","-43.1981"
570,570-LARGO DO MACHADO X LEBLON (VIA COPACABANA) - CIRCULAR,Fetranspor,302,17543976,"-22.9406","-43.1976"
570,570-LARGO DO MACHADO X LEBLON (VIA COPACABANA) - CIRCULAR,Fetranspor,303,17543976,"-22.9406","-43.1976"
570,570-LARGO DO MACHADO X LEBLON (VIA COPACABANA) - CIRCULAR,Fetranspor,304,17543976,"-22.9406","-43.1975"
570,570-LARGO DO MACHADO X LEBLON (VIA COPACABANA) - CIRCULAR,Fetranspor,305,17543976,"-22.9406","-43.1973"
570,570-LARGO DO MACHADO X LEBLON (VIA COPACABANA) - CIRCULAR,Fetranspor,306,17543976,"-22.9405","-43.1972"
570,570-LARGO DO MACHADO X LEBLON (VIA COPACABANA) - CIRCULAR,Fetranspor,307,17543976,"-22.9405","-43.1972"
570,570-LARGO DO MACHADO X LEBLON (VIA COPACABANA) - CIRCULAR,Fetranspor,308,17543976,"-22.9404","-43.1971"
570,570-LARGO DO MACHADO X LEBLON (VIA COPACABANA) - CIRCULAR,Fetranspor,309,17543976,"-22.9404","-43.1971"
570,570-LARGO DO MACHADO X LEBLON (VIA COPACABANA) - CIRCULAR,Fetranspor,310,17543976,"-22.9399","-43.1964"
570,570-LARGO DO MACHADO X LEBLON (VIA COPACABANA) - CIRCULAR,Fetranspor,311,17543976,"-22.9398","-43.1963"
570,570-LARGO DO MACHADO X LEBLON (VIA COPACABANA) - CIRCULAR,Fetranspor,312,17543976,"-22.9398","-43.1963"
570,570-LARGO DO MACHADO X LEBLON (VIA COPACABANA) - CIRCULAR,Fetranspor,313,17543976,"-22.9397","-43.1962"
570,570-LARGO DO MACHADO X LEBLON (VIA COPACABANA) - CIRCULAR,Fetranspor,314,17543976,"-22.9396","-43.1962"
570,570-LARGO DO MACHADO X LEBLON (VIA COPACABANA) - CIRCULAR,Fetranspor,315,17543976,"-22.9393","-43.1961"
570,570-LARGO DO MACHADO X LEBLON (VIA COPACABANA) - CIRCULAR,Fetranspor,316,17543976,"-22.9393","-43.1961"
570,570-LARGO DO MACHADO X LEBLON (VIA COPACABANA) - CIRCULAR,Fetranspor,317,17543976,"-22.9392","-43.1961"
570,570-LARGO DO MACHADO X LEBLON (VIA COPACABANA) - CIRCULAR,Fetranspor,318,17543976,"-22.9389","-43.196"
570,570-LARGO DO MACHADO X LEBLON (VIA COPACABANA) - CIRCULAR,Fetranspor,319,17543976,"-22.9386","-43.1959"
570,570-LARGO DO MACHADO X LEBLON (VIA COPACABANA) - CIRCULAR,Fetranspor,320,17543976,"-22.9385","-43.1959"
570,570-LARGO DO MACHADO X LEBLON (VIA COPACABANA) - CIRCULAR,Fetranspor,321,17543976,"-22.9384","-43.1958"
570,570-LARGO DO MACHADO X LEBLON (VIA COPACABANA) - CIRCULAR,Fetranspor,322,17543976,"-22.9383","-43.1958"
570,570-LARGO DO MACHADO X LEBLON (VIA COPACABANA) - CIRCULAR,Fetranspor,323,17543976,"-22.9383","-43.1957"
570,570-LARGO DO MACHADO X LEBLON (VIA COPACABANA) - CIRCULAR,Fetranspor,324,17543976,"-22.9382","-43.1957"
570,570-LARGO DO MACHADO X LEBLON (VIA COPACABANA) - CIRCULAR,Fetranspor,325,17543976,"-22.9382","-43.1955"
570,570-LARGO DO MACHADO X LEBLON (VIA COPACABANA) - CIRCULAR,Fetranspor,326,17543976,"-22.9382","-43.1955"
570,570-LARGO DO MACHADO X LEBLON (VIA COPACABANA) - CIRCULAR,Fetranspor,327,17543976,"-22.9381","-43.1954"
570,570-LARGO DO MACHADO X LEBLON (VIA COPACABANA) - CIRCULAR,Fetranspor,328,17543976,"-22.9381","-43.1953"
570,570-LARGO DO MACHADO X LEBLON (VIA COPACABANA) - CIRCULAR,Fetranspor,329,17543976,"-22.9382","-43.1953"
570,570-LARGO DO MACHADO X LEBLON (VIA COPACABANA) - CIRCULAR,Fetranspor,330,17543976,"-22.9382","-43.1951"
570,570-LARGO DO MACHADO X LEBLON (VIA COPACABANA) - CIRCULAR,Fetranspor,331,17543976,"-22.9384","-43.1946"
570,570-LARGO DO MACHADO X LEBLON (VIA COPACABANA) - CIRCULAR,Fetranspor,332,17543976,"-22.9384","-43.1946"
570,570-LARGO DO MACHADO X LEBLON (VIA COPACABANA) - CIRCULAR,Fetranspor,333,17543976,"-22.9385","-43.1944"
570,570-LARGO DO MACHADO X LEBLON (VIA COPACABANA) - CIRCULAR,Fetranspor,334,17543976,"-22.9385","-43.1944"
570,570-LARGO DO MACHADO X LEBLON (VIA COPACABANA) - CIRCULAR,Fetranspor,335,17543976,"-22.9385","-43.1943"
570,570-LARGO DO MACHADO X LEBLON (VIA COPACABANA) - CIRCULAR,Fetranspor,336,17543976,"-22.9386","-43.194"
570,570-LARGO DO MACHADO X LEBLON (VIA COPACABANA) - CIRCULAR,Fetranspor,337,17543976,"-22.9386","-43.1938"
570,570-LARGO DO MACHADO X LEBLON (VIA COPACABANA) - CIRCULAR,Fetranspor,338,17543976,"-22.9386","-43.1938"
570,570-LARGO DO MACHADO X LEBLON (VIA COPACABANA) - CIRCULAR,Fetranspor,339,17543976,"-22.9386","-43.1938"
570,570-LARGO DO MACHADO X LEBLON (VIA COPACABANA) - CIRCULAR,Fetranspor,340,17543976,"-22.9386","-43.1938"
570,570-LARGO DO MACHADO X LEBLON (VIA COPACABANA) - CIRCULAR,Fetranspor,341,17543976,"-22.9386","-43.1937"
570,570-LARGO DO MACHADO X LEBLON (VIA COPACABANA) - CIRCULAR,Fetranspor,342,17543976,"-22.9386","-43.1936"
570,570-LARGO DO MACHADO X LEBLON (VIA COPACABANA) - CIRCULAR,Fetranspor,343,17543976,"-22.9386","-43.1932"
570,570-LARGO DO MACHADO X LEBLON (VIA COPACABANA) - CIRCULAR,Fetranspor,344,17543976,"-22.9385","-43.1927"
570,570-LARGO DO MACHADO X LEBLON (VIA COPACABANA) - CIRCULAR,Fetranspor,345,17543976,"-22.9384","-43.1916"
570,570-LARGO DO MACHADO X LEBLON (VIA COPACABANA) - CIRCULAR,Fetranspor,346,17543976,"-22.9384","-43.1916"
570,570-LARGO DO MACHADO X LEBLON (VIA COPACABANA) - CIRCULAR,Fetranspor,347,17543976,"-22.9383","-43.1913"
570,570-LARGO DO MACHADO X LEBLON (VIA COPACABANA) - CIRCULAR,Fetranspor,348,17543976,"-22.9383","-43.1911"
570,570-LARGO DO MACHADO X LEBLON (VIA COPACABANA) - CIRCULAR,Fetranspor,349,17543976,"-22.9383","-43.191"
570,570-LARGO DO MACHADO X LEBLON (VIA COPACABANA) - CIRCULAR,Fetranspor,350,17543976,"-22.9383","-43.191"
570,570-LARGO DO MACHADO X LEBLON (VIA COPACABANA) - CIRCULAR,Fetranspor,351,17543976,"-22.9383","-43.191"
570,570-LARGO DO MACHADO X LEBLON (VIA COPACABANA) - CIRCULAR,Fetranspor,352,17543976,"-22.9382","-43.1909"
570,570-LARGO DO MACHADO X LEBLON (VIA COPACABANA) - CIRCULAR,Fetranspor,353,17543976,"-22.9382","-43.1909"
570,570-LARGO DO MACHADO X LEBLON (VIA COPACABANA) - CIRCULAR,Fetranspor,354,17543976,"-22.9382","-43.1908"
570,570-LARGO DO MACHADO X LEBLON (VIA COPACABANA) - CIRCULAR,Fetranspor,355,17543976,"-22.9381","-43.1907"
570,570-LARGO DO MACHADO X LEBLON (VIA COPACABANA) - CIRCULAR,Fetranspor,356,17543976,"-22.938","-43.1906"
570,570-LARGO DO MACHADO X LEBLON (VIA COPACABANA) - CIRCULAR,Fetranspor,357,17543976,"-22.9379","-43.1905"
570,570-LARGO DO MACHADO X LEBLON (VIA COPACABANA) - CIRCULAR,Fetranspor,358,17543976,"-22.9378","-43.1905"
570,570-LARGO DO MACHADO X LEBLON (VIA COPACABANA) - CIRCULAR,Fetranspor,359,17543976,"-22.9378","-43.1905"
570,570-LARGO DO MACHADO X LEBLON (VIA COPACABANA) - CIRCULAR,Fetranspor,360,17543976,"-22.9377","-43.1904"
570,570-LARGO DO MACHADO X LEBLON (VIA COPACABANA) - CIRCULAR,Fetranspor,361,17543976,"-22.9366","-43.1902"
570,570-LARGO DO MACHADO X LEBLON (VIA COPACABANA) - CIRCULAR,Fetranspor,362,17543976,"-22.9366","-43.1902"
570,570-LARGO DO MACHADO X LEBLON (VIA COPACABANA) - CIRCULAR,Fetranspor,363,17543976,"-22.9365","-43.1902"
570,570-LARGO DO MACHADO X LEBLON (VIA COPACABANA) - CIRCULAR,Fetranspor,364,17543976,"-22.9364","-43.1901"
570,570-LARGO DO MACHADO X LEBLON (VIA COPACABANA) - CIRCULAR,Fetranspor,365,17543976,"-22.9364","-43.1901"
570,570-LARGO DO MACHADO X LEBLON (VIA COPACABANA) - CIRCULAR,Fetranspor,366,17543976,"-22.9363","-43.1901"
570,570-LARGO DO MACHADO X LEBLON (VIA COPACABANA) - CIRCULAR,Fetranspor,367,17543976,"-22.9363","-43.1901"
570,570-LARGO DO MACHADO X LEBLON (VIA COPACABANA) - CIRCULAR,Fetranspor,368,17543976,"-22.9363","-43.19"
570,570-LARGO DO MACHADO X LEBLON (VIA COPACABANA) - CIRCULAR,Fetranspor,369,17543976,"-22.9357","-43.1896"
570,570-LARGO DO MACHADO X LEBLON (VIA COPACABANA) - CIRCULAR,Fetranspor,370,17543976,"-22.9356","-43.1895"
570,570-LARGO DO MACHADO X LEBLON (VIA COPACABANA) - CIRCULAR,Fetranspor,371,17543976,"-22.9355","-43.1894"
570,570-LARGO DO MACHADO X LEBLON (VIA COPACABANA) - CIRCULAR,Fetranspor,372,17543976,"-22.9354","-43.1893"
570,570-LARGO DO MACHADO X LEBLON (VIA COPACABANA) - CIRCULAR,Fetranspor,373,17543976,"-22.9353","-43.189"
570,570-LARGO DO MACHADO X LEBLON (VIA COPACABANA) - CIRCULAR,Fetranspor,374,17543976,"-22.9352","-43.1889"
570,570-LARGO DO MACHADO X LEBLON (VIA COPACABANA) - CIRCULAR,Fetranspor,375,17543976,"-22.9352","-43.1889"
570,570-LARGO DO MACHADO X LEBLON (VIA COPACABANA) - CIRCULAR,Fetranspor,376,17543976,"-22.9352","-43.1887"
570,570-LARGO DO MACHADO X LEBLON (VIA COPACABANA) - CIRCULAR,Fetranspor,377,17543976,"-22.9352","-43.1887"
570,570-LARGO DO MACHADO X LEBLON (VIA COPACABANA) - CIRCULAR,Fetranspor,378,17543976,"-22.9352","-43.1887"
570,570-LARGO DO MACHADO X LEBLON (VIA COPACABANA) - CIRCULAR,Fetranspor,379,17543976,"-22.9351","-43.1886"
570,570-LARGO DO MACHADO X LEBLON (VIA COPACABANA) - CIRCULAR,Fetranspor,380,17543976,"-22.9349","-43.1883"
570,570-LARGO DO MACHADO X LEBLON (VIA COPACABANA) - CIRCULAR,Fetranspor,381,17543976,"-22.9345","-43.1875"
570,570-LARGO DO MACHADO X LEBLON (VIA COPACABANA) - CIRCULAR,Fetranspor,382,17543976,"-22.9345","-43.1875"
570,570-LARGO DO MACHADO X LEBLON (VIA COPACABANA) - CIRCULAR,Fetranspor,383,17543976,"-22.9346","-43.1873"
570,570-LARGO DO MACHADO X LEBLON (VIA COPACABANA) - CIRCULAR,Fetranspor,384,17543976,"-22.9353","-43.1866"
570,570-LARGO DO MACHADO X LEBLON (VIA COPACABANA) - CIRCULAR,Fetranspor,385,17543976,"-22.9354","-43.1865"
570,570-LARGO DO MACHADO X LEBLON (VIA COPACABANA) - CIRCULAR,Fetranspor,386,17543976,"-22.9354","-43.1865"
570,570-LARGO DO MACHADO X LEBLON (VIA COPACABANA) - CIRCULAR,Fetranspor,387,17543976,"-22.9352","-43.1862"
570,570-LARGO DO MACHADO X LEBLON (VIA COPACABANA) - CIRCULAR,Fetranspor,388,17543976,"-22.9352","-43.186"
570,570-LARGO DO MACHADO X LEBLON (VIA COPACABANA) - CIRCULAR,Fetranspor,389,17543976,"-22.9352","-43.186"
570,570-LARGO DO MACHADO X LEBLON (VIA COPACABANA) - CIRCULAR,Fetranspor,390,17543976,"-22.9351","-43.1859"
570,570-LARGO DO MACHADO X LEBLON (VIA COPACABANA) - CIRCULAR,Fetranspor,391,17543976,"-22.935","-43.1858"
570,570-LARGO DO MACHADO X LEBLON (VIA COPACABANA) - CIRCULAR,Fetranspor,392,17543976,"-22.9346","-43.1849"
570,570-LARGO DO MACHADO X LEBLON (VIA COPACABANA) - CIRCULAR,Fetranspor,393,17543976,"-22.9344","-43.1845"
570,570-LARGO DO MACHADO X LEBLON (VIA COPACABANA) - CIRCULAR,Fetranspor,394,17543976,"-22.9344","-43.1844"
570,570-LARGO DO MACHADO X LEBLON (VIA COPACABANA) - CIRCULAR,Fetranspor,395,17543976,"-22.9344","-43.1844"
570,570-LARGO DO MACHADO X LEBLON (VIA COPACABANA) - CIRCULAR,Fetranspor,396,17543976,"-22.9343","-43.1843"
570,570-LARGO DO MACHADO X LEBLON (VIA COPACABANA) - CIRCULAR,Fetranspor,397,17543976,"-22.934","-43.1836"
570,570-LARGO DO MACHADO X LEBLON (VIA COPACABANA) - CIRCULAR,Fetranspor,398,17543976,"-22.934","-43.1836"
570,570-LARGO DO MACHADO X LEBLON (VIA COPACABANA) - CIRCULAR,Fetranspor,399,17543976,"-22.9339","-43.1833"
570,570-LARGO DO MACHADO X LEBLON (VIA COPACABANA) - CIRCULAR,Fetranspor,400,17543976,"-22.9338","-43.183"
570,570-LARGO DO MACHADO X LEBLON (VIA COPACABANA) - CIRCULAR,Fetranspor,401,17543976,"-22.9337","-43.1828"
570,570-LARGO DO MACHADO X LEBLON (VIA COPACABANA) - CIRCULAR,Fetranspor,402,17543976,"-22.9337","-43.1828"
570,570-LARGO DO MACHADO X LEBLON (VIA COPACABANA) - CIRCULAR,Fetranspor,403,17543976,"-22.9337","-43.1827"
570,570-LARGO DO MACHADO X LEBLON (VIA COPACABANA) - CIRCULAR,Fetranspor,404,17543976,"-22.9334","-43.1816"
570,570-LARGO DO MACHADO X LEBLON (VIA COPACABANA) - CIRCULAR,Fetranspor,405,17543976,"-22.9333","-43.1813"
570,570-LARGO DO MACHADO X LEBLON (VIA COPACABANA) - CIRCULAR,Fetranspor,406,17543976,"-22.9333","-43.1813"
570,570-LARGO DO MACHADO X LEBLON (VIA COPACABANA) - CIRCULAR,Fetranspor,407,17543976,"-22.9332","-43.1809"
570,570-LARGO DO MACHADO X LEBLON (VIA COPACABANA) - CIRCULAR,Fetranspor,408,17543976,"-22.9332","-43.1809"
570,570-LARGO DO MACHADO X LEBLON (VIA COPACABANA) - CIRCULAR,Fetranspor,409,17543976,"-22.9331","-43.1804"
570,570-LARGO DO MACHADO X LEBLON (VIA COPACABANA) - CIRCULAR,Fetranspor,410,17543976,"-22.9329","-43.1792"
570,570-LARGO DO MACHADO X LEBLON (VIA COPACABANA) - CIRCULAR,Fetranspor,411,17543976,"-22.9329","-43.1792"
570,570-LARGO DO MACHADO X LEBLON (VIA COPACABANA) - CIRCULAR,Fetranspor,412,17543976,"-22.9328","-43.1789"
570,570-LARGO DO MACHADO X LEBLON (VIA COPACABANA) - CIRCULAR,Fetranspor,413,17543976,"-22.9328","-43.1789"
570,570-LARGO DO MACHADO X LEBLON (VIA COPACABANA) - CIRCULAR,Fetranspor,414,17543976,"-22.9328","-43.1787"
570,570-LARGO DO MACHADO X LEBLON (VIA COPACABANA) - CIRCULAR,Fetranspor,415,17543976,"-22.9327","-43.1778"
570,570-LARGO DO MACHADO X LEBLON (VIA COPACABANA) - CIRCULAR,Fetranspor,416,17543976,"-22.9327","-43.1778"
570,570-LARGO DO MACHADO X LEBLON (VIA COPACABANA) - CIRCULAR,Fetranspor,417,17543976,"-22.9328","-43.1777"
570,570-LARGO DO MACHADO X LEBLON (VIA COPACABANA) - CIRCULAR,Fetranspor,418,17543976,"-22.9328","-43.1777"
570,570-LARGO DO MACHADO X LEBLON (VIA COPACABANA) - CIRCULAR,Fetranspor,419,17543976,"-22.9329","-43.1777"
570,570-LARGO DO MACHADO X LEBLON (VIA COPACABANA) - CIRCULAR,Fetranspor,420,17543976,"-22.9329","-43.1776"
570,570-LARGO DO MACHADO X LEBLON (VIA COPACABANA) - CIRCULAR,Fetranspor,421,17543976,"-22.9329","-43.1776"
570,570-LARGO DO MACHADO X LEBLON (VIA COPACABANA) - CIRCULAR,Fetranspor,422,17543976,"-22.9329","-43.1776"
570,570-LARGO DO MACHADO X LEBLON (VIA COPACABANA) - CIRCULAR,Fetranspor,423,17543976,"-22.9328","-43.1775"
570,570-LARGO DO MACHADO X LEBLON (VIA COPACABANA) - CIRCULAR,Fetranspor,424,17543976,"-22.9328","-43.1775"
570,570-LARGO DO MACHADO X LEBLON (VIA COPACABANA) - CIRCULAR,Fetranspor,425,17543976,"-22.9328","-43.1774"
570,570-LARGO DO MACHADO X LEBLON (VIA COPACABANA) - CIRCULAR,Fetranspor,426,17543976,"-22.9328","-43.1774"
570,570-LARGO DO MACHADO X LEBLON (VIA COPACABANA) - CIRCULAR,Fetranspor,427,17543976,"-22.9327","-43.1774"
570,570-LARGO DO MACHADO X LEBLON (VIA COPACABANA) - CIRCULAR,Fetranspor,428,17543976,"-22.9326","-43.1774"
570,570-LARGO DO MACHADO X LEBLON (VIA COPACABANA) - CIRCULAR,Fetranspor,429,17543976,"-22.9326","-43.1774"
570,570-LARGO DO MACHADO X LEBLON (VIA COPACABANA) - CIRCULAR,Fetranspor,430,17543976,"-22.9326","-43.1775"
570,570-LARGO DO MACHADO X LEBLON (VIA COPACABANA) - CIRCULAR,Fetranspor,431,17543976,"-22.9325","-43.1775"
570,570-LARGO DO MACHADO X LEBLON (VIA COPACABANA) - CIRCULAR,Fetranspor,432,17543976,"-22.9325","-43.1775"
570,570-LARGO DO MACHADO X LEBLON (VIA COPACABANA) - CIRCULAR,Fetranspor,433,17543976,"-22.9322","-43.1776"
570,570-LARGO DO MACHADO X LEBLON (VIA COPACABANA) - CIRCULAR,Fetranspor,434,17543976,"-22.9322","-43.1776"
570,570-LARGO DO MACHADO X LEBLON (VIA COPACABANA) - CIRCULAR,Fetranspor,435,17543976,"-22.9315","-43.1776"
570,570-LARGO DO MACHADO X LEBLON (VIA COPACABANA) - CIRCULAR,Fetranspor,436,17543976,"-22.9313","-43.1776"
570,570-LARGO DO MACHADO X LEBLON (VIA COPACABANA) - CIRCULAR,Fetranspor,437,17543976,"-22.9313","-43.1776"
570,570-LARGO DO MACHADO X LEBLON (VIA COPACABANA) - CIRCULAR,Fetranspor,438,17543976,"-22.9311","-43.1776"
570,570-LARGO DO MACHADO X LEBLON (VIA COPACABANA) - CIRCULAR,Fetranspor,439,17543976,"-22.9311","-43.1776"
570,570-LARGO DO MACHADO X LEBLON (VIA COPACABANA) - CIRCULAR,Fetranspor,440,17543976,"-22.931","-43.1777"
570,570-LARGO DO MACHADO X LEBLON (VIA COPACABANA) - CIRCULAR,Fetranspor,441,17543976,"-22.9309","-43.1778"
570,570-LARGO DO MACHADO X LEBLON (VIA COPACABANA) - CIRCULAR,Fetranspor,442,17543976,"-22.9309","-43.1779"
570,570-LARGO DO MACHADO X LEBLON (VIA COPACABANA) - CIRCULAR,Fetranspor,443,17543976,"-22.9309","-43.178"
570,570-LARGO DO MACHADO X LEBLON (VIA COPACABANA) - CIRCULAR,Fetranspor,444,17543976,"-22.9312","-43.1789"
570,570-LARGO DO MACHADO X LEBLON (VIA COPACABANA) - CIRCULAR,Fetranspor,445,17543976,"-22.9313","-43.1791"
