linha,descricao,agencia,sequencia,shape_id,latitude,longitude
602,602-ANDARAI X SAENS PENA - CIRCULAR,Fetranspor,0,17418414,"-22.9233","-43.2304"
602,602-ANDARAI X SAENS PENA - CIRCULAR,Fetranspor,1,17418414,"-22.9224","-43.2303"
602,602-ANDARAI X SAENS PENA - CIRCULAR,Fetranspor,2,17418414,"-22.9224","-43.2303"
602,602-ANDARAI X SAENS PENA - CIRCULAR,Fetranspor,3,17418414,"-22.923","-43.2312"
602,602-ANDARAI X SAENS PENA - CIRCULAR,Fetranspor,4,17418414,"-22.923","-43.2312"
602,602-ANDARAI X SAENS PENA - CIRCULAR,Fetranspor,5,17418414,"-22.9233","-43.2316"
602,602-ANDARAI X SAENS PENA - CIRCULAR,Fetranspor,6,17418414,"-22.9238","-43.2324"
602,602-ANDARAI X SAENS PENA - CIRCULAR,Fetranspor,7,17418414,"-22.9238","-43.2324"
602,602-ANDARAI X SAENS PENA - CIRCULAR,Fetranspor,8,17418414,"-22.9245","-43.2333"
602,602-ANDARAI X SAENS PENA - CIRCULAR,Fetranspor,9,17418414,"-22.9246","-43.2335"
602,602-ANDARAI X SAENS PENA - CIRCULAR,Fetranspor,10,17418414,"-22.9246","-43.2335"
602,602-ANDARAI X SAENS PENA - CIRCULAR,Fetranspor,11,17418414,"-22.9252","-43.2343"
602,602-ANDARAI X SAENS PENA - CIRCULAR,Fetranspor,12,17418414,"-22.9253","-43.2344"
602,602-ANDARAI X SAENS PENA - CIRCULAR,Fetranspor,13,17418414,"-22.9256","-43.2347"
602,602-ANDARAI X SAENS PENA - CIRCULAR,Fetranspor,14,17418414,"-22.9256","-43.2347"
602,602-ANDARAI X SAENS PENA - CIRCULAR,Fetranspor,15,17418414,"-22.9257","-43.2349"
602,602-ANDARAI X SAENS PENA - CIRCULAR,Fetranspor,16,17418414,"-22.9257","-43.2349"
602,602-ANDARAI X SAENS PENA - CIRCULAR,Fetranspor,17,17418414,"-22.9259","-43.235"
602,602-ANDARAI X SAENS PENA - CIRCULAR,Fetranspor,18,17418414,"-22.9263","-43.2353"
602,602-ANDARAI X SAENS PENA - CIRCULAR,Fetranspor,19,17418414,"-22.9263","-43.2353"
602,602-ANDARAI X SAENS PENA - CIRCULAR,Fetranspor,20,17418414,"-22.9268","-43.2356"
602,602-ANDARAI X SAENS PENA - CIRCULAR,Fetranspor,21,17418414,"-22.9268","-43.2356"
602,602-ANDARAI X SAENS PENA - CIRCULAR,Fetranspor,22,17418414,"-22.9271","-43.2358"
602,602-ANDARAI X SAENS PENA - CIRCULAR,Fetranspor,23,17418414,"-22.9273","-43.236"
602,602-ANDARAI X SAENS PENA - CIRCULAR,Fetranspor,24,17418414,"-22.9278","-43.2362"
602,602-ANDARAI X SAENS PENA - CIRCULAR,Fetranspor,25,17418414,"-22.9278","-43.2362"
602,602-ANDARAI X SAENS PENA - CIRCULAR,Fetranspor,26,17418414,"-22.9279","-43.2363"
602,602-ANDARAI X SAENS PENA - CIRCULAR,Fetranspor,27,17418414,"-22.9282","-43.2365"
602,602-ANDARAI X SAENS PENA - CIRCULAR,Fetranspor,28,17418414,"-22.9287","-43.2368"
602,602-ANDARAI X SAENS PENA - CIRCULAR,Fetranspor,29,17418414,"-22.9287","-43.2368"
602,602-ANDARAI X SAENS PENA - CIRCULAR,Fetranspor,30,17418414,"-22.9289","-43.2369"
602,602-ANDARAI X SAENS PENA - CIRCULAR,Fetranspor,31,17418414,"-22.9296","-43.2373"
602,602-ANDARAI X SAENS PENA - CIRCULAR,Fetranspor,32,17418414,"-22.9298","-43.2374"
602,602-ANDARAI X SAENS PENA - CIRCULAR,Fetranspor,33,17418414,"-22.9298","-43.2374"
602,602-ANDARAI X SAENS PENA - CIRCULAR,Fetranspor,34,17418414,"-22.9296","-43.2381"
602,602-ANDARAI X SAENS PENA - CIRCULAR,Fetranspor,35,17418414,"-22.9296","-43.2381"
602,602-ANDARAI X SAENS PENA - CIRCULAR,Fetranspor,36,17418414,"-22.9295","-43.2383"
602,602-ANDARAI X SAENS PENA - CIRCULAR,Fetranspor,37,17418414,"-22.9295","-43.2383"
602,602-ANDARAI X SAENS PENA - CIRCULAR,Fetranspor,38,17418414,"-22.9294","-43.2386"
602,602-ANDARAI X SAENS PENA - CIRCULAR,Fetranspor,39,17418414,"-22.9294","-43.2386"
602,602-ANDARAI X SAENS PENA - CIRCULAR,Fetranspor,40,17418414,"-22.9293","-43.2389"
602,602-ANDARAI X SAENS PENA - CIRCULAR,Fetranspor,41,17418414,"-22.9293","-43.2389"
602,602-ANDARAI X SAENS PENA - CIRCULAR,Fetranspor,42,17418414,"-22.9292","-43.2391"
602,602-ANDARAI X SAENS PENA - CIRCULAR,Fetranspor,43,17418414,"-22.929","-43.2393"
602,602-ANDARAI X SAENS PENA - CIRCULAR,Fetranspor,44,17418414,"-22.929","-43.2393"
602,602-ANDARAI X SAENS PENA - CIRCULAR,Fetranspor,45,17418414,"-22.9289","-43.2394"
602,602-ANDARAI X SAENS PENA - CIRCULAR,Fetranspor,46,17418414,"-22.9287","-43.2395"
602,602-ANDARAI X SAENS PENA - CIRCULAR,Fetranspor,47,17418414,"-22.9286","-43.2396"
602,602-ANDARAI X SAENS PENA - CIRCULAR,Fetranspor,48,17418414,"-22.9286","-43.2396"
602,602-ANDARAI X SAENS PENA - CIRCULAR,Fetranspor,49,17418414,"-22.9284","-43.2397"
602,602-ANDARAI X SAENS PENA - CIRCULAR,Fetranspor,50,17418414,"-22.9284","-43.2398"
602,602-ANDARAI X SAENS PENA - CIRCULAR,Fetranspor,51,17418414,"-22.9284","-43.2398"
602,602-ANDARAI X SAENS PENA - CIRCULAR,Fetranspor,52,17418414,"-22.9282","-43.2399"
602,602-ANDARAI X SAENS PENA - CIRCULAR,Fetranspor,53,17418414,"-22.9282","-43.2399"
602,602-ANDARAI X SAENS PENA - CIRCULAR,Fetranspor,54,17418414,"-22.9279","-43.2399"
602,602-ANDARAI X SAENS PENA - CIRCULAR,Fetranspor,55,17418414,"-22.9279","-43.2399"
602,602-ANDARAI X SAENS PENA - CIRCULAR,Fetranspor,56,17418414,"-22.9276","-43.24"
602,602-ANDARAI X SAENS PENA - CIRCULAR,Fetranspor,57,17418414,"-22.9276","-43.24"
602,602-ANDARAI X SAENS PENA - CIRCULAR,Fetranspor,58,17418414,"-22.9271","-43.24"
602,602-ANDARAI X SAENS PENA - CIRCULAR,Fetranspor,59,17418414,"-22.9271","-43.24"
602,602-ANDARAI X SAENS PENA - CIRCULAR,Fetranspor,60,17418414,"-22.9265","-43.2401"
602,602-ANDARAI X SAENS PENA - CIRCULAR,Fetranspor,61,17418414,"-22.9265","-43.2401"
602,602-ANDARAI X SAENS PENA - CIRCULAR,Fetranspor,62,17418414,"-22.9262","-43.2402"
602,602-ANDARAI X SAENS PENA - CIRCULAR,Fetranspor,63,17418414,"-22.9262","-43.2402"
602,602-ANDARAI X SAENS PENA - CIRCULAR,Fetranspor,64,17418414,"-22.9261","-43.2402"
602,602-ANDARAI X SAENS PENA - CIRCULAR,Fetranspor,65,17418414,"-22.9261","-43.2402"
602,602-ANDARAI X SAENS PENA - CIRCULAR,Fetranspor,66,17418414,"-22.9257","-43.2403"
602,602-ANDARAI X SAENS PENA - CIRCULAR,Fetranspor,67,17418414,"-22.9257","-43.2403"
602,602-ANDARAI X SAENS PENA - CIRCULAR,Fetranspor,68,17418414,"-22.9255","-43.2403"
602,602-ANDARAI X SAENS PENA - CIRCULAR,Fetranspor,69,17418414,"-22.9255","-43.2403"
602,602-ANDARAI X SAENS PENA - CIRCULAR,Fetranspor,70,17418414,"-22.9241","-43.2405"
602,602-ANDARAI X SAENS PENA - CIRCULAR,Fetranspor,71,17418414,"-22.9241","-43.2405"
602,602-ANDARAI X SAENS PENA - CIRCULAR,Fetranspor,72,17418414,"-22.9241","-43.2411"
602,602-ANDARAI X SAENS PENA - CIRCULAR,Fetranspor,73,17418414,"-22.9241","-43.2411"
602,602-ANDARAI X SAENS PENA - CIRCULAR,Fetranspor,74,17418414,"-22.9241","-43.2418"
602,602-ANDARAI X SAENS PENA - CIRCULAR,Fetranspor,75,17418414,"-22.9241","-43.242"
602,602-ANDARAI X SAENS PENA - CIRCULAR,Fetranspor,76,17418414,"-22.9241","-43.242"
602,602-ANDARAI X SAENS PENA - CIRCULAR,Fetranspor,77,17418414,"-22.9241","-43.2421"
602,602-ANDARAI X SAENS PENA - CIRCULAR,Fetranspor,78,17418414,"-22.9241","-43.2422"
602,602-ANDARAI X SAENS PENA - CIRCULAR,Fetranspor,79,17418414,"-22.9242","-43.2424"
602,602-ANDARAI X SAENS PENA - CIRCULAR,Fetranspor,80,17418414,"-22.9242","-43.2426"
602,602-ANDARAI X SAENS PENA - CIRCULAR,Fetranspor,81,17418414,"-22.9244","-43.2429"
602,602-ANDARAI X SAENS PENA - CIRCULAR,Fetranspor,82,17418414,"-22.9246","-43.2432"
602,602-ANDARAI X SAENS PENA - CIRCULAR,Fetranspor,83,17418414,"-22.9246","-43.2432"
602,602-ANDARAI X SAENS PENA - CIRCULAR,Fetranspor,84,17418414,"-22.9248","-43.2436"
602,602-ANDARAI X SAENS PENA - CIRCULAR,Fetranspor,85,17418414,"-22.9248","-43.2436"
602,602-ANDARAI X SAENS PENA - CIRCULAR,Fetranspor,86,17418414,"-22.9251","-43.2441"
602,602-ANDARAI X SAENS PENA - CIRCULAR,Fetranspor,87,17418414,"-22.9251","-43.2441"
602,602-ANDARAI X SAENS PENA - CIRCULAR,Fetranspor,88,17418414,"-22.9253","-43.2443"
602,602-ANDARAI X SAENS PENA - CIRCULAR,Fetranspor,89,17418414,"-22.9253","-43.2443"
602,602-ANDARAI X SAENS PENA - CIRCULAR,Fetranspor,90,17418414,"-22.9259","-43.2454"
602,602-ANDARAI X SAENS PENA - CIRCULAR,Fetranspor,91,17418414,"-22.9259","-43.2454"
602,602-ANDARAI X SAENS PENA - CIRCULAR,Fetranspor,92,17418414,"-22.9253","-43.2458"
602,602-ANDARAI X SAENS PENA - CIRCULAR,Fetranspor,93,17418414,"-22.9253","-43.2458"
602,602-ANDARAI X SAENS PENA - CIRCULAR,Fetranspor,94,17418414,"-22.9241","-43.2466"
602,602-ANDARAI X SAENS PENA - CIRCULAR,Fetranspor,95,17418414,"-22.9241","-43.2466"
602,602-ANDARAI X SAENS PENA - CIRCULAR,Fetranspor,96,17418414,"-22.9223","-43.2477"
602,602-ANDARAI X SAENS PENA - CIRCULAR,Fetranspor,97,17418414,"-22.9223","-43.2477"
602,602-ANDARAI X SAENS PENA - CIRCULAR,Fetranspor,98,17418414,"-22.9222","-43.2478"
602,602-ANDARAI X SAENS PENA - CIRCULAR,Fetranspor,99,17418414,"-22.9222","-43.2478"
602,602-ANDARAI X SAENS PENA - CIRCULAR,Fetranspor,100,17418414,"-22.9223","-43.248"
602,602-ANDARAI X SAENS PENA - CIRCULAR,Fetranspor,101,17418414,"-22.9226","-43.2485"
602,602-ANDARAI X SAENS PENA - CIRCULAR,Fetranspor,102,17418414,"-22.9233","-43.25"
602,602-ANDARAI X SAENS PENA - CIRCULAR,Fetranspor,103,17418414,"-22.9233","-43.25"
602,602-ANDARAI X SAENS PENA - CIRCULAR,Fetranspor,104,17418414,"-22.9238","-43.2509"
602,602-ANDARAI X SAENS PENA - CIRCULAR,Fetranspor,105,17418414,"-22.9238","-43.2509"
602,602-ANDARAI X SAENS PENA - CIRCULAR,Fetranspor,106,17418414,"-22.9241","-43.2515"
602,602-ANDARAI X SAENS PENA - CIRCULAR,Fetranspor,107,17418414,"-22.9241","-43.2515"
602,602-ANDARAI X SAENS PENA - CIRCULAR,Fetranspor,108,17418414,"-22.9242","-43.2517"
602,602-ANDARAI X SAENS PENA - CIRCULAR,Fetranspor,109,17418414,"-22.9242","-43.2517"
602,602-ANDARAI X SAENS PENA - CIRCULAR,Fetranspor,110,17418414,"-22.9243","-43.2518"
602,602-ANDARAI X SAENS PENA - CIRCULAR,Fetranspor,111,17418414,"-22.9243","-43.252"
602,602-ANDARAI X SAENS PENA - CIRCULAR,Fetranspor,112,17418414,"-22.9243","-43.2522"
602,602-ANDARAI X SAENS PENA - CIRCULAR,Fetranspor,113,17418414,"-22.9243","-43.2522"
602,602-ANDARAI X SAENS PENA - CIRCULAR,Fetranspor,114,17418414,"-22.9243","-43.2527"
602,602-ANDARAI X SAENS PENA - CIRCULAR,Fetranspor,115,17418414,"-22.9244","-43.2528"
602,602-ANDARAI X SAENS PENA - CIRCULAR,Fetranspor,116,17418414,"-22.9244","-43.2528"
602,602-ANDARAI X SAENS PENA - CIRCULAR,Fetranspor,117,17418414,"-22.9244","-43.2529"
602,602-ANDARAI X SAENS PENA - CIRCULAR,Fetranspor,118,17418414,"-22.9244","-43.2531"
602,602-ANDARAI X SAENS PENA - CIRCULAR,Fetranspor,119,17418414,"-22.9244","-43.2531"
602,602-ANDARAI X SAENS PENA - CIRCULAR,Fetranspor,120,17418414,"-22.9245","-43.2531"
602,602-ANDARAI X SAENS PENA - CIRCULAR,Fetranspor,121,17418414,"-22.9245","-43.2531"
602,602-ANDARAI X SAENS PENA - CIRCULAR,Fetranspor,122,17418414,"-22.9246","-43.2531"
602,602-ANDARAI X SAENS PENA - CIRCULAR,Fetranspor,123,17418414,"-22.926","-43.2542"
602,602-ANDARAI X SAENS PENA - CIRCULAR,Fetranspor,124,17418414,"-22.926","-43.2542"
602,602-ANDARAI X SAENS PENA - CIRCULAR,Fetranspor,125,17418414,"-22.9263","-43.2536"
602,602-ANDARAI X SAENS PENA - CIRCULAR,Fetranspor,126,17418414,"-22.9264","-43.2533"
602,602-ANDARAI X SAENS PENA - CIRCULAR,Fetranspor,127,17418414,"-22.9264","-43.2533"
602,602-ANDARAI X SAENS PENA - CIRCULAR,Fetranspor,128,17418414,"-22.9271","-43.2537"
602,602-ANDARAI X SAENS PENA - CIRCULAR,Fetranspor,129,17418414,"-22.9276","-43.2541"
602,602-ANDARAI X SAENS PENA - CIRCULAR,Fetranspor,130,17418414,"-22.9276","-43.2541"
602,602-ANDARAI X SAENS PENA - CIRCULAR,Fetranspor,131,17418414,"-22.9283","-43.2545"
602,602-ANDARAI X SAENS PENA - CIRCULAR,Fetranspor,132,17418414,"-22.9283","-43.2545"
602,602-ANDARAI X SAENS PENA - CIRCULAR,Fetranspor,133,17418414,"-22.9294","-43.2553"
602,602-ANDARAI X SAENS PENA - CIRCULAR,Fetranspor,134,17418414,"-22.9294","-43.2553"
602,602-ANDARAI X SAENS PENA - CIRCULAR,Fetranspor,135,17418414,"-22.9304","-43.2559"
602,602-ANDARAI X SAENS PENA - CIRCULAR,Fetranspor,136,17418414,"-22.9304","-43.2559"
602,602-ANDARAI X SAENS PENA - CIRCULAR,Fetranspor,137,17418414,"-22.9306","-43.2557"
602,602-ANDARAI X SAENS PENA - CIRCULAR,Fetranspor,138,17418414,"-22.9306","-43.2557"
602,602-ANDARAI X SAENS PENA - CIRCULAR,Fetranspor,139,17418414,"-22.9308","-43.2553"
602,602-ANDARAI X SAENS PENA - CIRCULAR,Fetranspor,140,17418414,"-22.9312","-43.2546"
602,602-ANDARAI X SAENS PENA - CIRCULAR,Fetranspor,0,17755409,"-22.9312","-43.2546"
602,602-ANDARAI X SAENS PENA - CIRCULAR,Fetranspor,1,17755409,"-22.931","-43.2544"
602,602-ANDARAI X SAENS PENA - CIRCULAR,Fetranspor,2,17755409,"-22.9298","-43.2535"
602,602-ANDARAI X SAENS PENA - CIRCULAR,Fetranspor,3,17755409,"-22.9291","-43.2529"
602,602-ANDARAI X SAENS PENA - CIRCULAR,Fetranspor,4,17755409,"-22.9291","-43.2529"
602,602-ANDARAI X SAENS PENA - CIRCULAR,Fetranspor,5,17755409,"-22.929","-43.2528"
602,602-ANDARAI X SAENS PENA - CIRCULAR,Fetranspor,6,17755409,"-22.929","-43.2528"
602,602-ANDARAI X SAENS PENA - CIRCULAR,Fetranspor,7,17755409,"-22.9288","-43.2526"
602,602-ANDARAI X SAENS PENA - CIRCULAR,Fetranspor,8,17755409,"-22.9288","-43.2526"
602,602-ANDARAI X SAENS PENA - CIRCULAR,Fetranspor,9,17755409,"-22.9285","-43.2524"
602,602-ANDARAI X SAENS PENA - CIRCULAR,Fetranspor,10,17755409,"-22.9282","-43.2522"
602,602-ANDARAI X SAENS PENA - CIRCULAR,Fetranspor,11,17755409,"-22.9272","-43.2516"
602,602-ANDARAI X SAENS PENA - CIRCULAR,Fetranspor,12,17755409,"-22.9272","-43.2516"
602,602-ANDARAI X SAENS PENA - CIRCULAR,Fetranspor,13,17755409,"-22.9267","-43.2512"
602,602-ANDARAI X SAENS PENA - CIRCULAR,Fetranspor,14,17755409,"-22.9254","-43.2504"
602,602-ANDARAI X SAENS PENA - CIRCULAR,Fetranspor,15,17755409,"-22.9252","-43.2503"
602,602-ANDARAI X SAENS PENA - CIRCULAR,Fetranspor,16,17755409,"-22.9252","-43.2503"
602,602-ANDARAI X SAENS PENA - CIRCULAR,Fetranspor,17,17755409,"-22.9253","-43.25"
602,602-ANDARAI X SAENS PENA - CIRCULAR,Fetranspor,18,17755409,"-22.9255","-43.2495"
602,602-ANDARAI X SAENS PENA - CIRCULAR,Fetranspor,19,17755409,"-22.9255","-43.2495"
602,602-ANDARAI X SAENS PENA - CIRCULAR,Fetranspor,20,17755409,"-22.9259","-43.2487"
602,602-ANDARAI X SAENS PENA - CIRCULAR,Fetranspor,21,17755409,"-22.9259","-43.2487"
602,602-ANDARAI X SAENS PENA - CIRCULAR,Fetranspor,22,17755409,"-22.926","-43.2485"
602,602-ANDARAI X SAENS PENA - CIRCULAR,Fetranspor,23,17755409,"-22.9261","-43.2484"
602,602-ANDARAI X SAENS PENA - CIRCULAR,Fetranspor,24,17755409,"-22.9261","-43.2484"
602,602-ANDARAI X SAENS PENA - CIRCULAR,Fetranspor,25,17755409,"-22.9261","-43.2484"
602,602-ANDARAI X SAENS PENA - CIRCULAR,Fetranspor,26,17755409,"-22.9261","-43.2484"
602,602-ANDARAI X SAENS PENA - CIRCULAR,Fetranspor,27,17755409,"-22.9264","-43.2474"
602,602-ANDARAI X SAENS PENA - CIRCULAR,Fetranspor,28,17755409,"-22.9264","-43.2473"
602,602-ANDARAI X SAENS PENA - CIRCULAR,Fetranspor,29,17755409,"-22.9264","-43.2471"
602,602-ANDARAI X SAENS PENA - CIRCULAR,Fetranspor,30,17755409,"-22.9264","-43.2471"
602,602-ANDARAI X SAENS PENA - CIRCULAR,Fetranspor,31,17755409,"-22.9264","-43.247"
602,602-ANDARAI X SAENS PENA - CIRCULAR,Fetranspor,32,17755409,"-22.9263","-43.2466"
602,602-ANDARAI X SAENS PENA - CIRCULAR,Fetranspor,33,17755409,"-22.9263","-43.2463"
602,602-ANDARAI X SAENS PENA - CIRCULAR,Fetranspor,34,17755409,"-22.9262","-43.2462"
602,602-ANDARAI X SAENS PENA - CIRCULAR,Fetranspor,35,17755409,"-22.9262","-43.2462"
602,602-ANDARAI X SAENS PENA - CIRCULAR,Fetranspor,36,17755409,"-22.9262","-43.246"
602,602-ANDARAI X SAENS PENA - CIRCULAR,Fetranspor,37,17755409,"-22.926","-43.2457"
602,602-ANDARAI X SAENS PENA - CIRCULAR,Fetranspor,38,17755409,"-22.9259","-43.2454"
602,602-ANDARAI X SAENS PENA - CIRCULAR,Fetranspor,39,17755409,"-22.9259","-43.2454"
602,602-ANDARAI X SAENS PENA - CIRCULAR,Fetranspor,40,17755409,"-22.9267","-43.2449"
602,602-ANDARAI X SAENS PENA - CIRCULAR,Fetranspor,41,17755409,"-22.9267","-43.2449"
602,602-ANDARAI X SAENS PENA - CIRCULAR,Fetranspor,42,17755409,"-22.9271","-43.2446"
602,602-ANDARAI X SAENS PENA - CIRCULAR,Fetranspor,43,17755409,"-22.9271","-43.2446"
602,602-ANDARAI X SAENS PENA - CIRCULAR,Fetranspor,44,17755409,"-22.9273","-43.2445"
602,602-ANDARAI X SAENS PENA - CIRCULAR,Fetranspor,45,17755409,"-22.9273","-43.2445"
602,602-ANDARAI X SAENS PENA - CIRCULAR,Fetranspor,46,17755409,"-22.9274","-43.2444"
602,602-ANDARAI X SAENS PENA - CIRCULAR,Fetranspor,47,17755409,"-22.9274","-43.2444"
602,602-ANDARAI X SAENS PENA - CIRCULAR,Fetranspor,48,17755409,"-22.9279","-43.2441"
602,602-ANDARAI X SAENS PENA - CIRCULAR,Fetranspor,49,17755409,"-22.9279","-43.2441"
602,602-ANDARAI X SAENS PENA - CIRCULAR,Fetranspor,50,17755409,"-22.9284","-43.2437"
602,602-ANDARAI X SAENS PENA - CIRCULAR,Fetranspor,51,17755409,"-22.9284","-43.2437"
602,602-ANDARAI X SAENS PENA - CIRCULAR,Fetranspor,52,17755409,"-22.929","-43.2434"
602,602-ANDARAI X SAENS PENA - CIRCULAR,Fetranspor,53,17755409,"-22.929","-43.2434"
602,602-ANDARAI X SAENS PENA - CIRCULAR,Fetranspor,54,17755409,"-22.9293","-43.2432"
602,602-ANDARAI X SAENS PENA - CIRCULAR,Fetranspor,55,17755409,"-22.9293","-43.2432"
602,602-ANDARAI X SAENS PENA - CIRCULAR,Fetranspor,56,17755409,"-22.9297","-43.2429"
602,602-ANDARAI X SAENS PENA - CIRCULAR,Fetranspor,57,17755409,"-22.9297","-43.2429"
602,602-ANDARAI X SAENS PENA - CIRCULAR,Fetranspor,58,17755409,"-22.9307","-43.2422"
602,602-ANDARAI X SAENS PENA - CIRCULAR,Fetranspor,59,17755409,"-22.9307","-43.2422"
602,602-ANDARAI X SAENS PENA - CIRCULAR,Fetranspor,60,17755409,"-22.9308","-43.2421"
602,602-ANDARAI X SAENS PENA - CIRCULAR,Fetranspor,61,17755409,"-22.9308","-43.2421"
602,602-ANDARAI X SAENS PENA - CIRCULAR,Fetranspor,62,17755409,"-22.9315","-43.2417"
602,602-ANDARAI X SAENS PENA - CIRCULAR,Fetranspor,63,17755409,"-22.9319","-43.2414"
602,602-ANDARAI X SAENS PENA - CIRCULAR,Fetranspor,64,17755409,"-22.9319","-43.2414"
602,602-ANDARAI X SAENS PENA - CIRCULAR,Fetranspor,65,17755409,"-22.9324","-43.2411"
602,602-ANDARAI X SAENS PENA - CIRCULAR,Fetranspor,66,17755409,"-22.9324","-43.2411"
602,602-ANDARAI X SAENS PENA - CIRCULAR,Fetranspor,67,17755409,"-22.9325","-43.241"
602,602-ANDARAI X SAENS PENA - CIRCULAR,Fetranspor,68,17755409,"-22.9325","-43.241"
602,602-ANDARAI X SAENS PENA - CIRCULAR,Fetranspor,69,17755409,"-22.9323","-43.2407"
602,602-ANDARAI X SAENS PENA - CIRCULAR,Fetranspor,70,17755409,"-22.9321","-43.2401"
602,602-ANDARAI X SAENS PENA - CIRCULAR,Fetranspor,71,17755409,"-22.9319","-43.2398"
602,602-ANDARAI X SAENS PENA - CIRCULAR,Fetranspor,72,17755409,"-22.9318","-43.2396"
602,602-ANDARAI X SAENS PENA - CIRCULAR,Fetranspor,73,17755409,"-22.9318","-43.2396"
602,602-ANDARAI X SAENS PENA - CIRCULAR,Fetranspor,74,17755409,"-22.9318","-43.2396"
602,602-ANDARAI X SAENS PENA - CIRCULAR,Fetranspor,75,17755409,"-22.9316","-43.2391"
602,602-ANDARAI X SAENS PENA - CIRCULAR,Fetranspor,76,17755409,"-22.9314","-43.2388"
602,602-ANDARAI X SAENS PENA - CIRCULAR,Fetranspor,77,17755409,"-22.9312","-43.2386"
602,602-ANDARAI X SAENS PENA - CIRCULAR,Fetranspor,78,17755409,"-22.9309","-43.2382"
602,602-ANDARAI X SAENS PENA - CIRCULAR,Fetranspor,79,17755409,"-22.9309","-43.2382"
602,602-ANDARAI X SAENS PENA - CIRCULAR,Fetranspor,80,17755409,"-22.9307","-43.238"
602,602-ANDARAI X SAENS PENA - CIRCULAR,Fetranspor,81,17755409,"-22.9304","-43.2377"
602,602-ANDARAI X SAENS PENA - CIRCULAR,Fetranspor,82,17755409,"-22.9302","-43.2375"
602,602-ANDARAI X SAENS PENA - CIRCULAR,Fetranspor,83,17755409,"-22.9301","-43.2375"
602,602-ANDARAI X SAENS PENA - CIRCULAR,Fetranspor,84,17755409,"-22.9299","-43.2373"
602,602-ANDARAI X SAENS PENA - CIRCULAR,Fetranspor,85,17755409,"-22.9299","-43.2373"
602,602-ANDARAI X SAENS PENA - CIRCULAR,Fetranspor,86,17755409,"-22.9297","-43.2372"
602,602-ANDARAI X SAENS PENA - CIRCULAR,Fetranspor,87,17755409,"-22.929","-43.2368"
602,602-ANDARAI X SAENS PENA - CIRCULAR,Fetranspor,88,17755409,"-22.9287","-43.2367"
602,602-ANDARAI X SAENS PENA - CIRCULAR,Fetranspor,89,17755409,"-22.9287","-43.2367"
602,602-ANDARAI X SAENS PENA - CIRCULAR,Fetranspor,90,17755409,"-22.9286","-43.2366"
602,602-ANDARAI X SAENS PENA - CIRCULAR,Fetranspor,91,17755409,"-22.9284","-43.2365"
602,602-ANDARAI X SAENS PENA - CIRCULAR,Fetranspor,92,17755409,"-22.9279","-43.2362"
602,602-ANDARAI X SAENS PENA - CIRCULAR,Fetranspor,93,17755409,"-22.9279","-43.2362"
602,602-ANDARAI X SAENS PENA - CIRCULAR,Fetranspor,94,17755409,"-22.9275","-43.236"
602,602-ANDARAI X SAENS PENA - CIRCULAR,Fetranspor,95,17755409,"-22.9272","-43.2358"
602,602-ANDARAI X SAENS PENA - CIRCULAR,Fetranspor,96,17755409,"-22.9269","-43.2355"
602,602-ANDARAI X SAENS PENA - CIRCULAR,Fetranspor,97,17755409,"-22.9264","-43.2352"
602,602-ANDARAI X SAENS PENA - CIRCULAR,Fetranspor,98,17755409,"-22.9264","-43.2352"
602,602-ANDARAI X SAENS PENA - CIRCULAR,Fetranspor,99,17755409,"-22.9262","-43.2351"
602,602-ANDARAI X SAENS PENA - CIRCULAR,Fetranspor,100,17755409,"-22.9262","-43.2351"
602,602-ANDARAI X SAENS PENA - CIRCULAR,Fetranspor,101,17755409,"-22.9261","-43.235"
602,602-ANDARAI X SAENS PENA - CIRCULAR,Fetranspor,102,17755409,"-22.9258","-43.2348"
602,602-ANDARAI X SAENS PENA - CIRCULAR,Fetranspor,103,17755409,"-22.9257","-43.2347"
602,602-ANDARAI X SAENS PENA - CIRCULAR,Fetranspor,104,17755409,"-22.9256","-43.2346"
602,602-ANDARAI X SAENS PENA - CIRCULAR,Fetranspor,105,17755409,"-22.9256","-43.2346"
602,602-ANDARAI X SAENS PENA - CIRCULAR,Fetranspor,106,17755409,"-22.9254","-43.2344"
602,602-ANDARAI X SAENS PENA - CIRCULAR,Fetranspor,107,17755409,"-22.9252","-43.2341"
602,602-ANDARAI X SAENS PENA - CIRCULAR,Fetranspor,108,17755409,"-22.9247","-43.2334"
602,602-ANDARAI X SAENS PENA - CIRCULAR,Fetranspor,109,17755409,"-22.9247","-43.2334"
602,602-ANDARAI X SAENS PENA - CIRCULAR,Fetranspor,110,17755409,"-22.9246","-43.2332"
602,602-ANDARAI X SAENS PENA - CIRCULAR,Fetranspor,111,17755409,"-22.9243","-43.2329"
602,602-ANDARAI X SAENS PENA - CIRCULAR,Fetranspor,112,17755409,"-22.9233","-43.2314"
602,602-ANDARAI X SAENS PENA - CIRCULAR,Fetranspor,113,17755409,"-22.9233","-43.2314"
602,602-ANDARAI X SAENS PENA - CIRCULAR,Fetranspor,114,17755409,"-22.9233","-43.2313"
602,602-ANDARAI X SAENS PENA - CIRCULAR,Fetranspor,115,17755409,"-22.9232","-43.231"
602,602-ANDARAI X SAENS PENA - CIRCULAR,Fetranspor,116,17755409,"-22.9232","-43.231"
602,602-ANDARAI X SAENS PENA - CIRCULAR,Fetranspor,117,17755409,"-22.9233","-43.2305"
602,602-ANDARAI X SAENS PENA - CIRCULAR,Fetranspor,118,17755409,"-22.9233","-43.2305"
602,602-ANDARAI X SAENS PENA - CIRCULAR,Fetranspor,119,17755409,"-22.9233","-43.2304"
602,602-ANDARAI X SAENS PENA - CIRCULAR,Fetranspor,120,17755409,"-22.9233","-43.2304"
602,602-ANDARAI X SAENS PENA - CIRCULAR,Fetranspor,121,17755409,"-22.9224","-43.2303"
