linha,descricao,agencia,sequencia,shape_id,latitude,longitude
605,605-VILA ISABEL X HOSPITAL DOS SERVIDORES,Fetranspor,0,17387528,"-22.9204","-43.2229"
605,605-VILA ISABEL X HOSPITAL DOS SERVIDORES,Fetranspor,1,17387528,"-22.9204","-43.2232"
605,605-VILA ISABEL X HOSPITAL DOS SERVIDORES,Fetranspor,2,17387528,"-22.9205","-43.2233"
605,605-VILA ISABEL X HOSPITAL DOS SERVIDORES,Fetranspor,3,17387528,"-22.9206","-43.2235"
605,605-VILA ISABEL X HOSPITAL DOS SERVIDORES,Fetranspor,4,17387528,"-22.9207","-43.2236"
605,605-VILA ISABEL X HOSPITAL DOS SERVIDORES,Fetranspor,5,17387528,"-22.9208","-43.2237"
605,605-VILA ISABEL X HOSPITAL DOS SERVIDORES,Fetranspor,6,17387528,"-22.9208","-43.2237"
605,605-VILA ISABEL X HOSPITAL DOS SERVIDORES,Fetranspor,7,17387528,"-22.9208","-43.2239"
605,605-VILA ISABEL X HOSPITAL DOS SERVIDORES,Fetranspor,8,17387528,"-22.9208","-43.2239"
605,605-VILA ISABEL X HOSPITAL DOS SERVIDORES,Fetranspor,9,17387528,"-22.9208","-43.225"
605,605-VILA ISABEL X HOSPITAL DOS SERVIDORES,Fetranspor,10,17387528,"-22.9208","-43.225"
605,605-VILA ISABEL X HOSPITAL DOS SERVIDORES,Fetranspor,11,17387528,"-22.9208","-43.2251"
605,605-VILA ISABEL X HOSPITAL DOS SERVIDORES,Fetranspor,12,17387528,"-22.9208","-43.2255"
605,605-VILA ISABEL X HOSPITAL DOS SERVIDORES,Fetranspor,13,17387528,"-22.9208","-43.2258"
605,605-VILA ISABEL X HOSPITAL DOS SERVIDORES,Fetranspor,14,17387528,"-22.9208","-43.2258"
605,605-VILA ISABEL X HOSPITAL DOS SERVIDORES,Fetranspor,15,17387528,"-22.9199","-43.2258"
605,605-VILA ISABEL X HOSPITAL DOS SERVIDORES,Fetranspor,16,17387528,"-22.9199","-43.2258"
605,605-VILA ISABEL X HOSPITAL DOS SERVIDORES,Fetranspor,17,17387528,"-22.9199","-43.2257"
605,605-VILA ISABEL X HOSPITAL DOS SERVIDORES,Fetranspor,18,17387528,"-22.9196","-43.2251"
605,605-VILA ISABEL X HOSPITAL DOS SERVIDORES,Fetranspor,19,17387528,"-22.9196","-43.2251"
605,605-VILA ISABEL X HOSPITAL DOS SERVIDORES,Fetranspor,20,17387528,"-22.9194","-43.2247"
605,605-VILA ISABEL X HOSPITAL DOS SERVIDORES,Fetranspor,21,17387528,"-22.9189","-43.2238"
605,605-VILA ISABEL X HOSPITAL DOS SERVIDORES,Fetranspor,22,17387528,"-22.9189","-43.2238"
605,605-VILA ISABEL X HOSPITAL DOS SERVIDORES,Fetranspor,23,17387528,"-22.9192","-43.2237"
605,605-VILA ISABEL X HOSPITAL DOS SERVIDORES,Fetranspor,24,17387528,"-22.9196","-43.2234"
605,605-VILA ISABEL X HOSPITAL DOS SERVIDORES,Fetranspor,25,17387528,"-22.9204","-43.2229"
605,605-VILA ISABEL X HOSPITAL DOS SERVIDORES,Fetranspor,26,17387528,"-22.9204","-43.2229"
605,605-VILA ISABEL X HOSPITAL DOS SERVIDORES,Fetranspor,27,17387528,"-22.9204","-43.2228"
605,605-VILA ISABEL X HOSPITAL DOS SERVIDORES,Fetranspor,28,17387528,"-22.9204","-43.2227"
605,605-VILA ISABEL X HOSPITAL DOS SERVIDORES,Fetranspor,29,17387528,"-22.9203","-43.2225"
605,605-VILA ISABEL X HOSPITAL DOS SERVIDORES,Fetranspor,30,17387528,"-22.9203","-43.2225"
605,605-VILA ISABEL X HOSPITAL DOS SERVIDORES,Fetranspor,31,17387528,"-22.9203","-43.2224"
605,605-VILA ISABEL X HOSPITAL DOS SERVIDORES,Fetranspor,32,17387528,"-22.9202","-43.2223"
605,605-VILA ISABEL X HOSPITAL DOS SERVIDORES,Fetranspor,33,17387528,"-22.9202","-43.2223"
605,605-VILA ISABEL X HOSPITAL DOS SERVIDORES,Fetranspor,34,17387528,"-22.9202","-43.2222"
605,605-VILA ISABEL X HOSPITAL DOS SERVIDORES,Fetranspor,35,17387528,"-22.9192","-43.2211"
605,605-VILA ISABEL X HOSPITAL DOS SERVIDORES,Fetranspor,36,17387528,"-22.9189","-43.2208"
605,605-VILA ISABEL X HOSPITAL DOS SERVIDORES,Fetranspor,37,17387528,"-22.9185","-43.2204"
605,605-VILA ISABEL X HOSPITAL DOS SERVIDORES,Fetranspor,38,17387528,"-22.9184","-43.2202"
605,605-VILA ISABEL X HOSPITAL DOS SERVIDORES,Fetranspor,39,17387528,"-22.9182","-43.2201"
605,605-VILA ISABEL X HOSPITAL DOS SERVIDORES,Fetranspor,40,17387528,"-22.9181","-43.2201"
605,605-VILA ISABEL X HOSPITAL DOS SERVIDORES,Fetranspor,41,17387528,"-22.918","-43.22"
605,605-VILA ISABEL X HOSPITAL DOS SERVIDORES,Fetranspor,42,17387528,"-22.918","-43.22"
605,605-VILA ISABEL X HOSPITAL DOS SERVIDORES,Fetranspor,43,17387528,"-22.9179","-43.2201"
605,605-VILA ISABEL X HOSPITAL DOS SERVIDORES,Fetranspor,44,17387528,"-22.9179","-43.2201"
605,605-VILA ISABEL X HOSPITAL DOS SERVIDORES,Fetranspor,45,17387528,"-22.9163","-43.2221"
605,605-VILA ISABEL X HOSPITAL DOS SERVIDORES,Fetranspor,46,17387528,"-22.9163","-43.2221"
605,605-VILA ISABEL X HOSPITAL DOS SERVIDORES,Fetranspor,47,17387528,"-22.9147","-43.2241"
605,605-VILA ISABEL X HOSPITAL DOS SERVIDORES,Fetranspor,48,17387528,"-22.9147","-43.2241"
605,605-VILA ISABEL X HOSPITAL DOS SERVIDORES,Fetranspor,49,17387528,"-22.9138","-43.2251"
605,605-VILA ISABEL X HOSPITAL DOS SERVIDORES,Fetranspor,50,17387528,"-22.9138","-43.2251"
605,605-VILA ISABEL X HOSPITAL DOS SERVIDORES,Fetranspor,51,17387528,"-22.9136","-43.2252"
605,605-VILA ISABEL X HOSPITAL DOS SERVIDORES,Fetranspor,52,17387528,"-22.9136","-43.2252"
605,605-VILA ISABEL X HOSPITAL DOS SERVIDORES,Fetranspor,53,17387528,"-22.9136","-43.2252"
605,605-VILA ISABEL X HOSPITAL DOS SERVIDORES,Fetranspor,54,17387528,"-22.9135","-43.2252"
605,605-VILA ISABEL X HOSPITAL DOS SERVIDORES,Fetranspor,55,17387528,"-22.9134","-43.2253"
605,605-VILA ISABEL X HOSPITAL DOS SERVIDORES,Fetranspor,56,17387528,"-22.9133","-43.2253"
605,605-VILA ISABEL X HOSPITAL DOS SERVIDORES,Fetranspor,57,17387528,"-22.9133","-43.2254"
605,605-VILA ISABEL X HOSPITAL DOS SERVIDORES,Fetranspor,58,17387528,"-22.9133","-43.2254"
605,605-VILA ISABEL X HOSPITAL DOS SERVIDORES,Fetranspor,59,17387528,"-22.9132","-43.2254"
605,605-VILA ISABEL X HOSPITAL DOS SERVIDORES,Fetranspor,60,17387528,"-22.9126","-43.2261"
605,605-VILA ISABEL X HOSPITAL DOS SERVIDORES,Fetranspor,61,17387528,"-22.9126","-43.2261"
605,605-VILA ISABEL X HOSPITAL DOS SERVIDORES,Fetranspor,62,17387528,"-22.9126","-43.2262"
605,605-VILA ISABEL X HOSPITAL DOS SERVIDORES,Fetranspor,63,17387528,"-22.9126","-43.2262"
605,605-VILA ISABEL X HOSPITAL DOS SERVIDORES,Fetranspor,64,17387528,"-22.9124","-43.2264"
605,605-VILA ISABEL X HOSPITAL DOS SERVIDORES,Fetranspor,65,17387528,"-22.9124","-43.2264"
605,605-VILA ISABEL X HOSPITAL DOS SERVIDORES,Fetranspor,66,17387528,"-22.9123","-43.2265"
605,605-VILA ISABEL X HOSPITAL DOS SERVIDORES,Fetranspor,67,17387528,"-22.9123","-43.2265"
605,605-VILA ISABEL X HOSPITAL DOS SERVIDORES,Fetranspor,68,17387528,"-22.9122","-43.2266"
605,605-VILA ISABEL X HOSPITAL DOS SERVIDORES,Fetranspor,69,17387528,"-22.9122","-43.2266"
605,605-VILA ISABEL X HOSPITAL DOS SERVIDORES,Fetranspor,70,17387528,"-22.9131","-43.2273"
605,605-VILA ISABEL X HOSPITAL DOS SERVIDORES,Fetranspor,71,17387528,"-22.9131","-43.2273"
605,605-VILA ISABEL X HOSPITAL DOS SERVIDORES,Fetranspor,72,17387528,"-22.9139","-43.228"
605,605-VILA ISABEL X HOSPITAL DOS SERVIDORES,Fetranspor,73,17387528,"-22.9142","-43.2282"
605,605-VILA ISABEL X HOSPITAL DOS SERVIDORES,Fetranspor,74,17387528,"-22.9145","-43.2286"
605,605-VILA ISABEL X HOSPITAL DOS SERVIDORES,Fetranspor,75,17387528,"-22.9146","-43.2286"
605,605-VILA ISABEL X HOSPITAL DOS SERVIDORES,Fetranspor,76,17387528,"-22.9147","-43.2287"
605,605-VILA ISABEL X HOSPITAL DOS SERVIDORES,Fetranspor,77,17387528,"-22.9151","-43.2291"
605,605-VILA ISABEL X HOSPITAL DOS SERVIDORES,Fetranspor,78,17387528,"-22.9151","-43.2291"
605,605-VILA ISABEL X HOSPITAL DOS SERVIDORES,Fetranspor,79,17387528,"-22.9159","-43.2298"
605,605-VILA ISABEL X HOSPITAL DOS SERVIDORES,Fetranspor,80,17387528,"-22.916","-43.2298"
605,605-VILA ISABEL X HOSPITAL DOS SERVIDORES,Fetranspor,81,17387528,"-22.9162","-43.2298"
605,605-VILA ISABEL X HOSPITAL DOS SERVIDORES,Fetranspor,82,17387528,"-22.9162","-43.2298"
605,605-VILA ISABEL X HOSPITAL DOS SERVIDORES,Fetranspor,83,17387528,"-22.9164","-43.23"
605,605-VILA ISABEL X HOSPITAL DOS SERVIDORES,Fetranspor,84,17387528,"-22.9165","-43.23"
605,605-VILA ISABEL X HOSPITAL DOS SERVIDORES,Fetranspor,85,17387528,"-22.9169","-43.2303"
605,605-VILA ISABEL X HOSPITAL DOS SERVIDORES,Fetranspor,86,17387528,"-22.9169","-43.2303"
605,605-VILA ISABEL X HOSPITAL DOS SERVIDORES,Fetranspor,87,17387528,"-22.9172","-43.2307"
605,605-VILA ISABEL X HOSPITAL DOS SERVIDORES,Fetranspor,88,17387528,"-22.9172","-43.2307"
605,605-VILA ISABEL X HOSPITAL DOS SERVIDORES,Fetranspor,89,17387528,"-22.9173","-43.2308"
605,605-VILA ISABEL X HOSPITAL DOS SERVIDORES,Fetranspor,90,17387528,"-22.9178","-43.2313"
605,605-VILA ISABEL X HOSPITAL DOS SERVIDORES,Fetranspor,91,17387528,"-22.9178","-43.2313"
605,605-VILA ISABEL X HOSPITAL DOS SERVIDORES,Fetranspor,92,17387528,"-22.9181","-43.2318"
605,605-VILA ISABEL X HOSPITAL DOS SERVIDORES,Fetranspor,93,17387528,"-22.9181","-43.2318"
605,605-VILA ISABEL X HOSPITAL DOS SERVIDORES,Fetranspor,94,17387528,"-22.9182","-43.2321"
605,605-VILA ISABEL X HOSPITAL DOS SERVIDORES,Fetranspor,95,17387528,"-22.9183","-43.2323"
605,605-VILA ISABEL X HOSPITAL DOS SERVIDORES,Fetranspor,96,17387528,"-22.9183","-43.2323"
605,605-VILA ISABEL X HOSPITAL DOS SERVIDORES,Fetranspor,97,17387528,"-22.9184","-43.2324"
605,605-VILA ISABEL X HOSPITAL DOS SERVIDORES,Fetranspor,98,17387528,"-22.9188","-43.2328"
605,605-VILA ISABEL X HOSPITAL DOS SERVIDORES,Fetranspor,99,17387528,"-22.9189","-43.233"
605,605-VILA ISABEL X HOSPITAL DOS SERVIDORES,Fetranspor,100,17387528,"-22.9191","-43.2333"
605,605-VILA ISABEL X HOSPITAL DOS SERVIDORES,Fetranspor,101,17387528,"-22.9192","-43.2334"
605,605-VILA ISABEL X HOSPITAL DOS SERVIDORES,Fetranspor,102,17387528,"-22.9192","-43.2336"
605,605-VILA ISABEL X HOSPITAL DOS SERVIDORES,Fetranspor,103,17387528,"-22.9192","-43.2336"
605,605-VILA ISABEL X HOSPITAL DOS SERVIDORES,Fetranspor,104,17387528,"-22.9193","-43.2339"
605,605-VILA ISABEL X HOSPITAL DOS SERVIDORES,Fetranspor,105,17387528,"-22.9193","-43.2339"
605,605-VILA ISABEL X HOSPITAL DOS SERVIDORES,Fetranspor,106,17387528,"-22.9194","-43.2341"
605,605-VILA ISABEL X HOSPITAL DOS SERVIDORES,Fetranspor,107,17387528,"-22.9194","-43.2341"
605,605-VILA ISABEL X HOSPITAL DOS SERVIDORES,Fetranspor,108,17387528,"-22.9192","-43.2341"
605,605-VILA ISABEL X HOSPITAL DOS SERVIDORES,Fetranspor,109,17387528,"-22.9192","-43.2342"
605,605-VILA ISABEL X HOSPITAL DOS SERVIDORES,Fetranspor,110,17387528,"-22.9189","-43.2342"
605,605-VILA ISABEL X HOSPITAL DOS SERVIDORES,Fetranspor,111,17387528,"-22.9189","-43.2343"
605,605-VILA ISABEL X HOSPITAL DOS SERVIDORES,Fetranspor,112,17387528,"-22.9188","-43.2343"
605,605-VILA ISABEL X HOSPITAL DOS SERVIDORES,Fetranspor,113,17387528,"-22.9188","-43.2343"
605,605-VILA ISABEL X HOSPITAL DOS SERVIDORES,Fetranspor,114,17387528,"-22.9188","-43.2344"
605,605-VILA ISABEL X HOSPITAL DOS SERVIDORES,Fetranspor,115,17387528,"-22.9188","-43.2344"
605,605-VILA ISABEL X HOSPITAL DOS SERVIDORES,Fetranspor,116,17387528,"-22.9188","-43.2345"
605,605-VILA ISABEL X HOSPITAL DOS SERVIDORES,Fetranspor,117,17387528,"-22.9188","-43.2345"
605,605-VILA ISABEL X HOSPITAL DOS SERVIDORES,Fetranspor,118,17387528,"-22.9188","-43.2345"
605,605-VILA ISABEL X HOSPITAL DOS SERVIDORES,Fetranspor,119,17387528,"-22.9186","-43.2346"
605,605-VILA ISABEL X HOSPITAL DOS SERVIDORES,Fetranspor,120,17387528,"-22.9185","-43.2346"
605,605-VILA ISABEL X HOSPITAL DOS SERVIDORES,Fetranspor,121,17387528,"-22.9171","-43.235"
605,605-VILA ISABEL X HOSPITAL DOS SERVIDORES,Fetranspor,122,17387528,"-22.9171","-43.235"
605,605-VILA ISABEL X HOSPITAL DOS SERVIDORES,Fetranspor,123,17387528,"-22.9161","-43.2352"
605,605-VILA ISABEL X HOSPITAL DOS SERVIDORES,Fetranspor,124,17387528,"-22.9161","-43.2352"
605,605-VILA ISABEL X HOSPITAL DOS SERVIDORES,Fetranspor,125,17387528,"-22.9157","-43.2353"
605,605-VILA ISABEL X HOSPITAL DOS SERVIDORES,Fetranspor,126,17387528,"-22.9157","-43.2353"
605,605-VILA ISABEL X HOSPITAL DOS SERVIDORES,Fetranspor,127,17387528,"-22.9155","-43.2353"
605,605-VILA ISABEL X HOSPITAL DOS SERVIDORES,Fetranspor,128,17387528,"-22.9155","-43.2353"
605,605-VILA ISABEL X HOSPITAL DOS SERVIDORES,Fetranspor,129,17387528,"-22.9146","-43.2356"
605,605-VILA ISABEL X HOSPITAL DOS SERVIDORES,Fetranspor,130,17387528,"-22.9137","-43.2358"
605,605-VILA ISABEL X HOSPITAL DOS SERVIDORES,Fetranspor,131,17387528,"-22.9137","-43.2358"
605,605-VILA ISABEL X HOSPITAL DOS SERVIDORES,Fetranspor,132,17387528,"-22.9136","-43.2358"
605,605-VILA ISABEL X HOSPITAL DOS SERVIDORES,Fetranspor,133,17387528,"-22.9136","-43.2358"
605,605-VILA ISABEL X HOSPITAL DOS SERVIDORES,Fetranspor,134,17387528,"-22.9139","-43.2372"
605,605-VILA ISABEL X HOSPITAL DOS SERVIDORES,Fetranspor,135,17387528,"-22.9139","-43.2372"
605,605-VILA ISABEL X HOSPITAL DOS SERVIDORES,Fetranspor,136,17387528,"-22.914","-43.2373"
605,605-VILA ISABEL X HOSPITAL DOS SERVIDORES,Fetranspor,137,17387528,"-22.914","-43.2373"
605,605-VILA ISABEL X HOSPITAL DOS SERVIDORES,Fetranspor,138,17387528,"-22.9143","-43.2389"
605,605-VILA ISABEL X HOSPITAL DOS SERVIDORES,Fetranspor,139,17387528,"-22.9143","-43.2389"
605,605-VILA ISABEL X HOSPITAL DOS SERVIDORES,Fetranspor,140,17387528,"-22.9146","-43.2401"
605,605-VILA ISABEL X HOSPITAL DOS SERVIDORES,Fetranspor,141,17387528,"-22.9146","-43.2402"
605,605-VILA ISABEL X HOSPITAL DOS SERVIDORES,Fetranspor,142,17387528,"-22.9146","-43.2402"
605,605-VILA ISABEL X HOSPITAL DOS SERVIDORES,Fetranspor,143,17387528,"-22.9148","-43.2409"
605,605-VILA ISABEL X HOSPITAL DOS SERVIDORES,Fetranspor,144,17387528,"-22.9148","-43.2409"
605,605-VILA ISABEL X HOSPITAL DOS SERVIDORES,Fetranspor,145,17387528,"-22.9149","-43.2416"
605,605-VILA ISABEL X HOSPITAL DOS SERVIDORES,Fetranspor,146,17387528,"-22.915","-43.2422"
605,605-VILA ISABEL X HOSPITAL DOS SERVIDORES,Fetranspor,147,17387528,"-22.915","-43.2422"
605,605-VILA ISABEL X HOSPITAL DOS SERVIDORES,Fetranspor,148,17387528,"-22.9154","-43.244"
605,605-VILA ISABEL X HOSPITAL DOS SERVIDORES,Fetranspor,149,17387528,"-22.9154","-43.244"
605,605-VILA ISABEL X HOSPITAL DOS SERVIDORES,Fetranspor,150,17387528,"-22.9157","-43.2459"
605,605-VILA ISABEL X HOSPITAL DOS SERVIDORES,Fetranspor,151,17387528,"-22.9157","-43.2459"
605,605-VILA ISABEL X HOSPITAL DOS SERVIDORES,Fetranspor,152,17387528,"-22.9159","-43.2471"
605,605-VILA ISABEL X HOSPITAL DOS SERVIDORES,Fetranspor,153,17387528,"-22.9159","-43.2471"
605,605-VILA ISABEL X HOSPITAL DOS SERVIDORES,Fetranspor,154,17387528,"-22.916","-43.2474"
605,605-VILA ISABEL X HOSPITAL DOS SERVIDORES,Fetranspor,155,17387528,"-22.9161","-43.2477"
605,605-VILA ISABEL X HOSPITAL DOS SERVIDORES,Fetranspor,156,17387528,"-22.9161","-43.2477"
605,605-VILA ISABEL X HOSPITAL DOS SERVIDORES,Fetranspor,157,17387528,"-22.9162","-43.2487"
605,605-VILA ISABEL X HOSPITAL DOS SERVIDORES,Fetranspor,158,17387528,"-22.9163","-43.249"
605,605-VILA ISABEL X HOSPITAL DOS SERVIDORES,Fetranspor,159,17387528,"-22.9165","-43.2501"
605,605-VILA ISABEL X HOSPITAL DOS SERVIDORES,Fetranspor,160,17387528,"-22.9165","-43.2501"
605,605-VILA ISABEL X HOSPITAL DOS SERVIDORES,Fetranspor,161,17387528,"-22.9165","-43.2502"
605,605-VILA ISABEL X HOSPITAL DOS SERVIDORES,Fetranspor,0,17761891,"-22.9162","-43.2505"
605,605-VILA ISABEL X HOSPITAL DOS SERVIDORES,Fetranspor,1,17761891,"-22.9161","-43.2506"
605,605-VILA ISABEL X HOSPITAL DOS SERVIDORES,Fetranspor,2,17761891,"-22.9161","-43.2507"
605,605-VILA ISABEL X HOSPITAL DOS SERVIDORES,Fetranspor,3,17761891,"-22.9162","-43.2509"
605,605-VILA ISABEL X HOSPITAL DOS SERVIDORES,Fetranspor,4,17761891,"-22.9162","-43.251"
605,605-VILA ISABEL X HOSPITAL DOS SERVIDORES,Fetranspor,5,17761891,"-22.9163","-43.2511"
605,605-VILA ISABEL X HOSPITAL DOS SERVIDORES,Fetranspor,6,17761891,"-22.9163","-43.2512"
605,605-VILA ISABEL X HOSPITAL DOS SERVIDORES,Fetranspor,7,17761891,"-22.9164","-43.2513"
605,605-VILA ISABEL X HOSPITAL DOS SERVIDORES,Fetranspor,8,17761891,"-22.9165","-43.2514"
605,605-VILA ISABEL X HOSPITAL DOS SERVIDORES,Fetranspor,9,17761891,"-22.9167","-43.2514"
605,605-VILA ISABEL X HOSPITAL DOS SERVIDORES,Fetranspor,10,17761891,"-22.9167","-43.2514"
605,605-VILA ISABEL X HOSPITAL DOS SERVIDORES,Fetranspor,11,17761891,"-22.9169","-43.2514"
605,605-VILA ISABEL X HOSPITAL DOS SERVIDORES,Fetranspor,12,17761891,"-22.9169","-43.2514"
605,605-VILA ISABEL X HOSPITAL DOS SERVIDORES,Fetranspor,13,17761891,"-22.9174","-43.2513"
605,605-VILA ISABEL X HOSPITAL DOS SERVIDORES,Fetranspor,14,17761891,"-22.9174","-43.2513"
605,605-VILA ISABEL X HOSPITAL DOS SERVIDORES,Fetranspor,15,17761891,"-22.9185","-43.251"
605,605-VILA ISABEL X HOSPITAL DOS SERVIDORES,Fetranspor,16,17761891,"-22.9185","-43.251"
605,605-VILA ISABEL X HOSPITAL DOS SERVIDORES,Fetranspor,17,17761891,"-22.9185","-43.2508"
605,605-VILA ISABEL X HOSPITAL DOS SERVIDORES,Fetranspor,18,17761891,"-22.9185","-43.2508"
605,605-VILA ISABEL X HOSPITAL DOS SERVIDORES,Fetranspor,19,17761891,"-22.9183","-43.2498"
605,605-VILA ISABEL X HOSPITAL DOS SERVIDORES,Fetranspor,20,17761891,"-22.9183","-43.2498"
605,605-VILA ISABEL X HOSPITAL DOS SERVIDORES,Fetranspor,21,17761891,"-22.9182","-43.249"
605,605-VILA ISABEL X HOSPITAL DOS SERVIDORES,Fetranspor,22,17761891,"-22.9182","-43.249"
605,605-VILA ISABEL X HOSPITAL DOS SERVIDORES,Fetranspor,23,17761891,"-22.9181","-43.2486"
605,605-VILA ISABEL X HOSPITAL DOS SERVIDORES,Fetranspor,24,17761891,"-22.9181","-43.2486"
605,605-VILA ISABEL X HOSPITAL DOS SERVIDORES,Fetranspor,25,17761891,"-22.9179","-43.2473"
605,605-VILA ISABEL X HOSPITAL DOS SERVIDORES,Fetranspor,26,17761891,"-22.9179","-43.2473"
605,605-VILA ISABEL X HOSPITAL DOS SERVIDORES,Fetranspor,27,17761891,"-22.9177","-43.2463"
605,605-VILA ISABEL X HOSPITAL DOS SERVIDORES,Fetranspor,28,17761891,"-22.9177","-43.2463"
605,605-VILA ISABEL X HOSPITAL DOS SERVIDORES,Fetranspor,29,17761891,"-22.9175","-43.2455"
605,605-VILA ISABEL X HOSPITAL DOS SERVIDORES,Fetranspor,30,17761891,"-22.9175","-43.2455"
605,605-VILA ISABEL X HOSPITAL DOS SERVIDORES,Fetranspor,31,17761891,"-22.9172","-43.2436"
605,605-VILA ISABEL X HOSPITAL DOS SERVIDORES,Fetranspor,32,17761891,"-22.9172","-43.2436"
605,605-VILA ISABEL X HOSPITAL DOS SERVIDORES,Fetranspor,33,17761891,"-22.917","-43.2425"
605,605-VILA ISABEL X HOSPITAL DOS SERVIDORES,Fetranspor,34,17761891,"-22.9169","-43.2419"
605,605-VILA ISABEL X HOSPITAL DOS SERVIDORES,Fetranspor,35,17761891,"-22.9168","-43.2418"
605,605-VILA ISABEL X HOSPITAL DOS SERVIDORES,Fetranspor,36,17761891,"-22.9168","-43.2418"
605,605-VILA ISABEL X HOSPITAL DOS SERVIDORES,Fetranspor,37,17761891,"-22.9166","-43.2407"
605,605-VILA ISABEL X HOSPITAL DOS SERVIDORES,Fetranspor,38,17761891,"-22.9166","-43.2407"
605,605-VILA ISABEL X HOSPITAL DOS SERVIDORES,Fetranspor,39,17761891,"-22.9166","-43.2403"
605,605-VILA ISABEL X HOSPITAL DOS SERVIDORES,Fetranspor,40,17761891,"-22.9166","-43.2403"
605,605-VILA ISABEL X HOSPITAL DOS SERVIDORES,Fetranspor,41,17761891,"-22.9166","-43.2402"
605,605-VILA ISABEL X HOSPITAL DOS SERVIDORES,Fetranspor,42,17761891,"-22.9166","-43.2402"
605,605-VILA ISABEL X HOSPITAL DOS SERVIDORES,Fetranspor,43,17761891,"-22.9166","-43.2402"
605,605-VILA ISABEL X HOSPITAL DOS SERVIDORES,Fetranspor,44,17761891,"-22.9166","-43.24"
605,605-VILA ISABEL X HOSPITAL DOS SERVIDORES,Fetranspor,45,17761891,"-22.9165","-43.2395"
605,605-VILA ISABEL X HOSPITAL DOS SERVIDORES,Fetranspor,46,17761891,"-22.9164","-43.2387"
605,605-VILA ISABEL X HOSPITAL DOS SERVIDORES,Fetranspor,47,17761891,"-22.9161","-43.2374"
605,605-VILA ISABEL X HOSPITAL DOS SERVIDORES,Fetranspor,48,17761891,"-22.9158","-43.2359"
605,605-VILA ISABEL X HOSPITAL DOS SERVIDORES,Fetranspor,49,17761891,"-22.9158","-43.2359"
605,605-VILA ISABEL X HOSPITAL DOS SERVIDORES,Fetranspor,50,17761891,"-22.9157","-43.2353"
605,605-VILA ISABEL X HOSPITAL DOS SERVIDORES,Fetranspor,51,17761891,"-22.9157","-43.2353"
605,605-VILA ISABEL X HOSPITAL DOS SERVIDORES,Fetranspor,52,17761891,"-22.9156","-43.2351"
605,605-VILA ISABEL X HOSPITAL DOS SERVIDORES,Fetranspor,53,17761891,"-22.9156","-43.2349"
605,605-VILA ISABEL X HOSPITAL DOS SERVIDORES,Fetranspor,54,17761891,"-22.9155","-43.2347"
605,605-VILA ISABEL X HOSPITAL DOS SERVIDORES,Fetranspor,55,17761891,"-22.9154","-43.2345"
605,605-VILA ISABEL X HOSPITAL DOS SERVIDORES,Fetranspor,56,17761891,"-22.9154","-43.2345"
605,605-VILA ISABEL X HOSPITAL DOS SERVIDORES,Fetranspor,57,17761891,"-22.9151","-43.2342"
605,605-VILA ISABEL X HOSPITAL DOS SERVIDORES,Fetranspor,58,17761891,"-22.9151","-43.2342"
605,605-VILA ISABEL X HOSPITAL DOS SERVIDORES,Fetranspor,59,17761891,"-22.9147","-43.2339"
605,605-VILA ISABEL X HOSPITAL DOS SERVIDORES,Fetranspor,60,17761891,"-22.9143","-43.2335"
605,605-VILA ISABEL X HOSPITAL DOS SERVIDORES,Fetranspor,61,17761891,"-22.9143","-43.2335"
605,605-VILA ISABEL X HOSPITAL DOS SERVIDORES,Fetranspor,62,17761891,"-22.9147","-43.2331"
605,605-VILA ISABEL X HOSPITAL DOS SERVIDORES,Fetranspor,63,17761891,"-22.9147","-43.2331"
605,605-VILA ISABEL X HOSPITAL DOS SERVIDORES,Fetranspor,64,17761891,"-22.9149","-43.2329"
605,605-VILA ISABEL X HOSPITAL DOS SERVIDORES,Fetranspor,65,17761891,"-22.9149","-43.2329"
605,605-VILA ISABEL X HOSPITAL DOS SERVIDORES,Fetranspor,66,17761891,"-22.9149","-43.2328"
605,605-VILA ISABEL X HOSPITAL DOS SERVIDORES,Fetranspor,67,17761891,"-22.915","-43.2327"
605,605-VILA ISABEL X HOSPITAL DOS SERVIDORES,Fetranspor,68,17761891,"-22.9155","-43.2322"
605,605-VILA ISABEL X HOSPITAL DOS SERVIDORES,Fetranspor,69,17761891,"-22.9155","-43.2321"
605,605-VILA ISABEL X HOSPITAL DOS SERVIDORES,Fetranspor,70,17761891,"-22.9156","-43.2321"
605,605-VILA ISABEL X HOSPITAL DOS SERVIDORES,Fetranspor,71,17761891,"-22.9156","-43.2321"
605,605-VILA ISABEL X HOSPITAL DOS SERVIDORES,Fetranspor,72,17761891,"-22.9159","-43.2309"
605,605-VILA ISABEL X HOSPITAL DOS SERVIDORES,Fetranspor,73,17761891,"-22.9159","-43.2309"
605,605-VILA ISABEL X HOSPITAL DOS SERVIDORES,Fetranspor,74,17761891,"-22.9162","-43.2298"
605,605-VILA ISABEL X HOSPITAL DOS SERVIDORES,Fetranspor,75,17761891,"-22.9162","-43.2298"
605,605-VILA ISABEL X HOSPITAL DOS SERVIDORES,Fetranspor,76,17761891,"-22.9162","-43.2296"
605,605-VILA ISABEL X HOSPITAL DOS SERVIDORES,Fetranspor,77,17761891,"-22.9162","-43.2296"
605,605-VILA ISABEL X HOSPITAL DOS SERVIDORES,Fetranspor,78,17761891,"-22.9163","-43.2288"
605,605-VILA ISABEL X HOSPITAL DOS SERVIDORES,Fetranspor,79,17761891,"-22.9163","-43.2288"
605,605-VILA ISABEL X HOSPITAL DOS SERVIDORES,Fetranspor,80,17761891,"-22.9162","-43.2287"
605,605-VILA ISABEL X HOSPITAL DOS SERVIDORES,Fetranspor,81,17761891,"-22.9162","-43.2287"
605,605-VILA ISABEL X HOSPITAL DOS SERVIDORES,Fetranspor,82,17761891,"-22.9162","-43.2286"
605,605-VILA ISABEL X HOSPITAL DOS SERVIDORES,Fetranspor,83,17761891,"-22.9162","-43.2286"
605,605-VILA ISABEL X HOSPITAL DOS SERVIDORES,Fetranspor,84,17761891,"-22.9162","-43.2286"
605,605-VILA ISABEL X HOSPITAL DOS SERVIDORES,Fetranspor,85,17761891,"-22.9162","-43.2285"
605,605-VILA ISABEL X HOSPITAL DOS SERVIDORES,Fetranspor,86,17761891,"-22.9162","-43.2284"
605,605-VILA ISABEL X HOSPITAL DOS SERVIDORES,Fetranspor,87,17761891,"-22.9163","-43.2272"
605,605-VILA ISABEL X HOSPITAL DOS SERVIDORES,Fetranspor,88,17761891,"-22.9163","-43.227"
605,605-VILA ISABEL X HOSPITAL DOS SERVIDORES,Fetranspor,89,17761891,"-22.9163","-43.227"
605,605-VILA ISABEL X HOSPITAL DOS SERVIDORES,Fetranspor,90,17761891,"-22.9166","-43.2257"
605,605-VILA ISABEL X HOSPITAL DOS SERVIDORES,Fetranspor,91,17761891,"-22.9166","-43.2257"
605,605-VILA ISABEL X HOSPITAL DOS SERVIDORES,Fetranspor,92,17761891,"-22.9167","-43.2255"
605,605-VILA ISABEL X HOSPITAL DOS SERVIDORES,Fetranspor,93,17761891,"-22.9168","-43.2254"
605,605-VILA ISABEL X HOSPITAL DOS SERVIDORES,Fetranspor,94,17761891,"-22.9168","-43.2253"
605,605-VILA ISABEL X HOSPITAL DOS SERVIDORES,Fetranspor,95,17761891,"-22.9171","-43.2251"
605,605-VILA ISABEL X HOSPITAL DOS SERVIDORES,Fetranspor,96,17761891,"-22.9171","-43.2251"
605,605-VILA ISABEL X HOSPITAL DOS SERVIDORES,Fetranspor,97,17761891,"-22.9172","-43.225"
605,605-VILA ISABEL X HOSPITAL DOS SERVIDORES,Fetranspor,98,17761891,"-22.9172","-43.225"
605,605-VILA ISABEL X HOSPITAL DOS SERVIDORES,Fetranspor,99,17761891,"-22.9176","-43.2248"
605,605-VILA ISABEL X HOSPITAL DOS SERVIDORES,Fetranspor,100,17761891,"-22.9179","-43.2246"
605,605-VILA ISABEL X HOSPITAL DOS SERVIDORES,Fetranspor,101,17761891,"-22.9181","-43.2244"
605,605-VILA ISABEL X HOSPITAL DOS SERVIDORES,Fetranspor,102,17761891,"-22.9181","-43.2244"
605,605-VILA ISABEL X HOSPITAL DOS SERVIDORES,Fetranspor,103,17761891,"-22.9184","-43.2242"
605,605-VILA ISABEL X HOSPITAL DOS SERVIDORES,Fetranspor,104,17761891,"-22.9189","-43.2238"
605,605-VILA ISABEL X HOSPITAL DOS SERVIDORES,Fetranspor,105,17761891,"-22.9189","-43.2238"
605,605-VILA ISABEL X HOSPITAL DOS SERVIDORES,Fetranspor,106,17761891,"-22.9192","-43.2237"
605,605-VILA ISABEL X HOSPITAL DOS SERVIDORES,Fetranspor,107,17761891,"-22.9196","-43.2234"
605,605-VILA ISABEL X HOSPITAL DOS SERVIDORES,Fetranspor,108,17761891,"-22.9204","-43.2229"
