linha,descricao,agencia,sequencia,shape_id,latitude,longitude
608,608-GRAJAU X PRACA SAENS PENA,Fetranspor,0,17400851,"-22.9228","-43.2643"
608,608-GRAJAU X PRACA SAENS PENA,Fetranspor,1,17400851,"-22.9228","-43.2642"
608,608-GRAJAU X PRACA SAENS PENA,Fetranspor,2,17400851,"-22.9227","-43.2642"
608,608-GRAJAU X PRACA SAENS PENA,Fetranspor,3,17400851,"-22.9226","-43.2641"
608,608-GRAJAU X PRACA SAENS PENA,Fetranspor,4,17400851,"-22.9226","-43.2641"
608,608-GRAJAU X PRACA SAENS PENA,Fetranspor,5,17400851,"-22.9225","-43.2641"
608,608-GRAJAU X PRACA SAENS PENA,Fetranspor,6,17400851,"-22.9224","-43.2641"
608,608-GRAJAU X PRACA SAENS PENA,Fetranspor,7,17400851,"-22.9224","-43.2641"
608,608-GRAJAU X PRACA SAENS PENA,Fetranspor,8,17400851,"-22.9224","-43.2641"
608,608-GRAJAU X PRACA SAENS PENA,Fetranspor,9,17400851,"-22.9221","-43.2634"
608,608-GRAJAU X PRACA SAENS PENA,Fetranspor,10,17400851,"-22.9221","-43.2634"
608,608-GRAJAU X PRACA SAENS PENA,Fetranspor,11,17400851,"-22.9218","-43.2626"
608,608-GRAJAU X PRACA SAENS PENA,Fetranspor,12,17400851,"-22.9218","-43.2626"
608,608-GRAJAU X PRACA SAENS PENA,Fetranspor,13,17400851,"-22.9212","-43.2611"
608,608-GRAJAU X PRACA SAENS PENA,Fetranspor,14,17400851,"-22.9211","-43.2609"
608,608-GRAJAU X PRACA SAENS PENA,Fetranspor,15,17400851,"-22.9211","-43.2609"
608,608-GRAJAU X PRACA SAENS PENA,Fetranspor,16,17400851,"-22.9219","-43.2605"
608,608-GRAJAU X PRACA SAENS PENA,Fetranspor,17,17400851,"-22.9219","-43.2605"
608,608-GRAJAU X PRACA SAENS PENA,Fetranspor,18,17400851,"-22.9228","-43.2601"
608,608-GRAJAU X PRACA SAENS PENA,Fetranspor,19,17400851,"-22.9228","-43.2601"
608,608-GRAJAU X PRACA SAENS PENA,Fetranspor,20,17400851,"-22.9232","-43.2599"
608,608-GRAJAU X PRACA SAENS PENA,Fetranspor,21,17400851,"-22.9238","-43.2596"
608,608-GRAJAU X PRACA SAENS PENA,Fetranspor,22,17400851,"-22.9238","-43.2596"
608,608-GRAJAU X PRACA SAENS PENA,Fetranspor,23,17400851,"-22.9238","-43.2595"
608,608-GRAJAU X PRACA SAENS PENA,Fetranspor,24,17400851,"-22.9238","-43.2595"
608,608-GRAJAU X PRACA SAENS PENA,Fetranspor,25,17400851,"-22.9238","-43.259"
608,608-GRAJAU X PRACA SAENS PENA,Fetranspor,26,17400851,"-22.9237","-43.2589"
608,608-GRAJAU X PRACA SAENS PENA,Fetranspor,27,17400851,"-22.9237","-43.2589"
608,608-GRAJAU X PRACA SAENS PENA,Fetranspor,28,17400851,"-22.9239","-43.2585"
608,608-GRAJAU X PRACA SAENS PENA,Fetranspor,29,17400851,"-22.9239","-43.2585"
608,608-GRAJAU X PRACA SAENS PENA,Fetranspor,30,17400851,"-22.9243","-43.2577"
608,608-GRAJAU X PRACA SAENS PENA,Fetranspor,31,17400851,"-22.9243","-43.2577"
608,608-GRAJAU X PRACA SAENS PENA,Fetranspor,32,17400851,"-22.9247","-43.2568"
608,608-GRAJAU X PRACA SAENS PENA,Fetranspor,33,17400851,"-22.9247","-43.2568"
608,608-GRAJAU X PRACA SAENS PENA,Fetranspor,34,17400851,"-22.9249","-43.2564"
608,608-GRAJAU X PRACA SAENS PENA,Fetranspor,35,17400851,"-22.9249","-43.2564"
608,608-GRAJAU X PRACA SAENS PENA,Fetranspor,36,17400851,"-22.9253","-43.2555"
608,608-GRAJAU X PRACA SAENS PENA,Fetranspor,37,17400851,"-22.9253","-43.2555"
608,608-GRAJAU X PRACA SAENS PENA,Fetranspor,38,17400851,"-22.9254","-43.2553"
608,608-GRAJAU X PRACA SAENS PENA,Fetranspor,39,17400851,"-22.9254","-43.2553"
608,608-GRAJAU X PRACA SAENS PENA,Fetranspor,40,17400851,"-22.9256","-43.255"
608,608-GRAJAU X PRACA SAENS PENA,Fetranspor,41,17400851,"-22.9256","-43.2549"
608,608-GRAJAU X PRACA SAENS PENA,Fetranspor,42,17400851,"-22.926","-43.2542"
608,608-GRAJAU X PRACA SAENS PENA,Fetranspor,43,17400851,"-22.926","-43.2542"
608,608-GRAJAU X PRACA SAENS PENA,Fetranspor,44,17400851,"-22.9263","-43.2536"
608,608-GRAJAU X PRACA SAENS PENA,Fetranspor,45,17400851,"-22.9264","-43.2533"
608,608-GRAJAU X PRACA SAENS PENA,Fetranspor,46,17400851,"-22.9264","-43.2533"
608,608-GRAJAU X PRACA SAENS PENA,Fetranspor,47,17400851,"-22.9246","-43.2522"
608,608-GRAJAU X PRACA SAENS PENA,Fetranspor,48,17400851,"-22.9246","-43.2522"
608,608-GRAJAU X PRACA SAENS PENA,Fetranspor,49,17400851,"-22.9245","-43.2521"
608,608-GRAJAU X PRACA SAENS PENA,Fetranspor,50,17400851,"-22.9245","-43.2521"
608,608-GRAJAU X PRACA SAENS PENA,Fetranspor,51,17400851,"-22.9245","-43.252"
608,608-GRAJAU X PRACA SAENS PENA,Fetranspor,52,17400851,"-22.9245","-43.252"
608,608-GRAJAU X PRACA SAENS PENA,Fetranspor,53,17400851,"-22.9244","-43.2519"
608,608-GRAJAU X PRACA SAENS PENA,Fetranspor,54,17400851,"-22.9244","-43.2518"
608,608-GRAJAU X PRACA SAENS PENA,Fetranspor,55,17400851,"-22.9244","-43.2518"
608,608-GRAJAU X PRACA SAENS PENA,Fetranspor,56,17400851,"-22.9244","-43.2517"
608,608-GRAJAU X PRACA SAENS PENA,Fetranspor,57,17400851,"-22.9245","-43.2516"
608,608-GRAJAU X PRACA SAENS PENA,Fetranspor,58,17400851,"-22.9246","-43.2513"
608,608-GRAJAU X PRACA SAENS PENA,Fetranspor,59,17400851,"-22.9246","-43.2513"
608,608-GRAJAU X PRACA SAENS PENA,Fetranspor,60,17400851,"-22.9249","-43.2508"
608,608-GRAJAU X PRACA SAENS PENA,Fetranspor,61,17400851,"-22.9249","-43.2508"
608,608-GRAJAU X PRACA SAENS PENA,Fetranspor,62,17400851,"-22.9252","-43.2503"
608,608-GRAJAU X PRACA SAENS PENA,Fetranspor,63,17400851,"-22.9252","-43.2503"
608,608-GRAJAU X PRACA SAENS PENA,Fetranspor,64,17400851,"-22.9253","-43.25"
608,608-GRAJAU X PRACA SAENS PENA,Fetranspor,65,17400851,"-22.9255","-43.2495"
608,608-GRAJAU X PRACA SAENS PENA,Fetranspor,66,17400851,"-22.9255","-43.2495"
608,608-GRAJAU X PRACA SAENS PENA,Fetranspor,67,17400851,"-22.9259","-43.2487"
608,608-GRAJAU X PRACA SAENS PENA,Fetranspor,68,17400851,"-22.9259","-43.2487"
608,608-GRAJAU X PRACA SAENS PENA,Fetranspor,69,17400851,"-22.926","-43.2485"
608,608-GRAJAU X PRACA SAENS PENA,Fetranspor,70,17400851,"-22.9261","-43.2484"
608,608-GRAJAU X PRACA SAENS PENA,Fetranspor,71,17400851,"-22.9261","-43.2484"
608,608-GRAJAU X PRACA SAENS PENA,Fetranspor,72,17400851,"-22.9261","-43.2484"
608,608-GRAJAU X PRACA SAENS PENA,Fetranspor,73,17400851,"-22.9261","-43.2484"
608,608-GRAJAU X PRACA SAENS PENA,Fetranspor,74,17400851,"-22.9264","-43.2474"
608,608-GRAJAU X PRACA SAENS PENA,Fetranspor,75,17400851,"-22.9264","-43.2473"
608,608-GRAJAU X PRACA SAENS PENA,Fetranspor,76,17400851,"-22.9264","-43.2471"
608,608-GRAJAU X PRACA SAENS PENA,Fetranspor,77,17400851,"-22.9264","-43.2471"
608,608-GRAJAU X PRACA SAENS PENA,Fetranspor,78,17400851,"-22.9264","-43.247"
608,608-GRAJAU X PRACA SAENS PENA,Fetranspor,79,17400851,"-22.9263","-43.2466"
608,608-GRAJAU X PRACA SAENS PENA,Fetranspor,80,17400851,"-22.9263","-43.2463"
608,608-GRAJAU X PRACA SAENS PENA,Fetranspor,81,17400851,"-22.9262","-43.2462"
608,608-GRAJAU X PRACA SAENS PENA,Fetranspor,82,17400851,"-22.9262","-43.2462"
608,608-GRAJAU X PRACA SAENS PENA,Fetranspor,83,17400851,"-22.9262","-43.246"
608,608-GRAJAU X PRACA SAENS PENA,Fetranspor,84,17400851,"-22.926","-43.2457"
608,608-GRAJAU X PRACA SAENS PENA,Fetranspor,85,17400851,"-22.9259","-43.2454"
608,608-GRAJAU X PRACA SAENS PENA,Fetranspor,86,17400851,"-22.9259","-43.2454"
608,608-GRAJAU X PRACA SAENS PENA,Fetranspor,87,17400851,"-22.9267","-43.2449"
608,608-GRAJAU X PRACA SAENS PENA,Fetranspor,88,17400851,"-22.9267","-43.2449"
608,608-GRAJAU X PRACA SAENS PENA,Fetranspor,89,17400851,"-22.9271","-43.2446"
608,608-GRAJAU X PRACA SAENS PENA,Fetranspor,90,17400851,"-22.9271","-43.2446"
608,608-GRAJAU X PRACA SAENS PENA,Fetranspor,91,17400851,"-22.9273","-43.2445"
608,608-GRAJAU X PRACA SAENS PENA,Fetranspor,92,17400851,"-22.9273","-43.2445"
608,608-GRAJAU X PRACA SAENS PENA,Fetranspor,93,17400851,"-22.9274","-43.2444"
608,608-GRAJAU X PRACA SAENS PENA,Fetranspor,94,17400851,"-22.9274","-43.2444"
608,608-GRAJAU X PRACA SAENS PENA,Fetranspor,95,17400851,"-22.9279","-43.2441"
608,608-GRAJAU X PRACA SAENS PENA,Fetranspor,96,17400851,"-22.9279","-43.2441"
608,608-GRAJAU X PRACA SAENS PENA,Fetranspor,97,17400851,"-22.9284","-43.2437"
608,608-GRAJAU X PRACA SAENS PENA,Fetranspor,98,17400851,"-22.9284","-43.2437"
608,608-GRAJAU X PRACA SAENS PENA,Fetranspor,99,17400851,"-22.929","-43.2434"
608,608-GRAJAU X PRACA SAENS PENA,Fetranspor,100,17400851,"-22.929","-43.2434"
608,608-GRAJAU X PRACA SAENS PENA,Fetranspor,101,17400851,"-22.9293","-43.2432"
608,608-GRAJAU X PRACA SAENS PENA,Fetranspor,102,17400851,"-22.9293","-43.2432"
608,608-GRAJAU X PRACA SAENS PENA,Fetranspor,103,17400851,"-22.9297","-43.2429"
608,608-GRAJAU X PRACA SAENS PENA,Fetranspor,104,17400851,"-22.9297","-43.2429"
608,608-GRAJAU X PRACA SAENS PENA,Fetranspor,105,17400851,"-22.9307","-43.2422"
608,608-GRAJAU X PRACA SAENS PENA,Fetranspor,106,17400851,"-22.9307","-43.2422"
608,608-GRAJAU X PRACA SAENS PENA,Fetranspor,107,17400851,"-22.9308","-43.2421"
608,608-GRAJAU X PRACA SAENS PENA,Fetranspor,108,17400851,"-22.9308","-43.2421"
608,608-GRAJAU X PRACA SAENS PENA,Fetranspor,109,17400851,"-22.9315","-43.2417"
608,608-GRAJAU X PRACA SAENS PENA,Fetranspor,110,17400851,"-22.9319","-43.2414"
608,608-GRAJAU X PRACA SAENS PENA,Fetranspor,111,17400851,"-22.9319","-43.2414"
608,608-GRAJAU X PRACA SAENS PENA,Fetranspor,112,17400851,"-22.9324","-43.2411"
608,608-GRAJAU X PRACA SAENS PENA,Fetranspor,113,17400851,"-22.9324","-43.2411"
608,608-GRAJAU X PRACA SAENS PENA,Fetranspor,114,17400851,"-22.9325","-43.241"
608,608-GRAJAU X PRACA SAENS PENA,Fetranspor,115,17400851,"-22.9325","-43.241"
608,608-GRAJAU X PRACA SAENS PENA,Fetranspor,116,17400851,"-22.9323","-43.2407"
608,608-GRAJAU X PRACA SAENS PENA,Fetranspor,117,17400851,"-22.9321","-43.2401"
608,608-GRAJAU X PRACA SAENS PENA,Fetranspor,118,17400851,"-22.9319","-43.2398"
608,608-GRAJAU X PRACA SAENS PENA,Fetranspor,119,17400851,"-22.9318","-43.2396"
608,608-GRAJAU X PRACA SAENS PENA,Fetranspor,120,17400851,"-22.9318","-43.2396"
608,608-GRAJAU X PRACA SAENS PENA,Fetranspor,121,17400851,"-22.9318","-43.2396"
608,608-GRAJAU X PRACA SAENS PENA,Fetranspor,122,17400851,"-22.9316","-43.2391"
608,608-GRAJAU X PRACA SAENS PENA,Fetranspor,123,17400851,"-22.9314","-43.2388"
608,608-GRAJAU X PRACA SAENS PENA,Fetranspor,124,17400851,"-22.9312","-43.2386"
608,608-GRAJAU X PRACA SAENS PENA,Fetranspor,125,17400851,"-22.9309","-43.2382"
608,608-GRAJAU X PRACA SAENS PENA,Fetranspor,126,17400851,"-22.9309","-43.2382"
608,608-GRAJAU X PRACA SAENS PENA,Fetranspor,127,17400851,"-22.9307","-43.238"
608,608-GRAJAU X PRACA SAENS PENA,Fetranspor,128,17400851,"-22.9304","-43.2377"
608,608-GRAJAU X PRACA SAENS PENA,Fetranspor,129,17400851,"-22.9302","-43.2375"
608,608-GRAJAU X PRACA SAENS PENA,Fetranspor,130,17400851,"-22.9301","-43.2375"
608,608-GRAJAU X PRACA SAENS PENA,Fetranspor,131,17400851,"-22.9299","-43.2373"
608,608-GRAJAU X PRACA SAENS PENA,Fetranspor,132,17400851,"-22.9299","-43.2373"
608,608-GRAJAU X PRACA SAENS PENA,Fetranspor,133,17400851,"-22.9297","-43.2372"
608,608-GRAJAU X PRACA SAENS PENA,Fetranspor,134,17400851,"-22.929","-43.2368"
608,608-GRAJAU X PRACA SAENS PENA,Fetranspor,135,17400851,"-22.9287","-43.2367"
608,608-GRAJAU X PRACA SAENS PENA,Fetranspor,136,17400851,"-22.9287","-43.2367"
608,608-GRAJAU X PRACA SAENS PENA,Fetranspor,137,17400851,"-22.9286","-43.2366"
608,608-GRAJAU X PRACA SAENS PENA,Fetranspor,138,17400851,"-22.9284","-43.2365"
608,608-GRAJAU X PRACA SAENS PENA,Fetranspor,139,17400851,"-22.9279","-43.2362"
608,608-GRAJAU X PRACA SAENS PENA,Fetranspor,140,17400851,"-22.9279","-43.2362"
608,608-GRAJAU X PRACA SAENS PENA,Fetranspor,141,17400851,"-22.9275","-43.236"
608,608-GRAJAU X PRACA SAENS PENA,Fetranspor,142,17400851,"-22.9272","-43.2358"
608,608-GRAJAU X PRACA SAENS PENA,Fetranspor,143,17400851,"-22.9269","-43.2355"
608,608-GRAJAU X PRACA SAENS PENA,Fetranspor,144,17400851,"-22.9264","-43.2352"
608,608-GRAJAU X PRACA SAENS PENA,Fetranspor,145,17400851,"-22.9264","-43.2352"
608,608-GRAJAU X PRACA SAENS PENA,Fetranspor,146,17400851,"-22.9262","-43.2351"
608,608-GRAJAU X PRACA SAENS PENA,Fetranspor,147,17400851,"-22.9262","-43.2351"
608,608-GRAJAU X PRACA SAENS PENA,Fetranspor,148,17400851,"-22.9261","-43.235"
608,608-GRAJAU X PRACA SAENS PENA,Fetranspor,149,17400851,"-22.9258","-43.2348"
608,608-GRAJAU X PRACA SAENS PENA,Fetranspor,150,17400851,"-22.9257","-43.2347"
608,608-GRAJAU X PRACA SAENS PENA,Fetranspor,151,17400851,"-22.9256","-43.2346"
608,608-GRAJAU X PRACA SAENS PENA,Fetranspor,152,17400851,"-22.9256","-43.2346"
608,608-GRAJAU X PRACA SAENS PENA,Fetranspor,153,17400851,"-22.9254","-43.2344"
608,608-GRAJAU X PRACA SAENS PENA,Fetranspor,154,17400851,"-22.9252","-43.2341"
608,608-GRAJAU X PRACA SAENS PENA,Fetranspor,155,17400851,"-22.9247","-43.2334"
608,608-GRAJAU X PRACA SAENS PENA,Fetranspor,156,17400851,"-22.9247","-43.2334"
608,608-GRAJAU X PRACA SAENS PENA,Fetranspor,157,17400851,"-22.9246","-43.2332"
608,608-GRAJAU X PRACA SAENS PENA,Fetranspor,158,17400851,"-22.9243","-43.2329"
608,608-GRAJAU X PRACA SAENS PENA,Fetranspor,159,17400851,"-22.9233","-43.2314"
608,608-GRAJAU X PRACA SAENS PENA,Fetranspor,0,17595755,"-22.9233","-43.2304"
608,608-GRAJAU X PRACA SAENS PENA,Fetranspor,1,17595755,"-22.9224","-43.2303"
608,608-GRAJAU X PRACA SAENS PENA,Fetranspor,2,17595755,"-22.9224","-43.2303"
608,608-GRAJAU X PRACA SAENS PENA,Fetranspor,3,17595755,"-22.923","-43.2312"
608,608-GRAJAU X PRACA SAENS PENA,Fetranspor,4,17595755,"-22.923","-43.2312"
608,608-GRAJAU X PRACA SAENS PENA,Fetranspor,5,17595755,"-22.9233","-43.2316"
608,608-GRAJAU X PRACA SAENS PENA,Fetranspor,6,17595755,"-22.9238","-43.2324"
608,608-GRAJAU X PRACA SAENS PENA,Fetranspor,7,17595755,"-22.9238","-43.2324"
608,608-GRAJAU X PRACA SAENS PENA,Fetranspor,8,17595755,"-22.9245","-43.2333"
608,608-GRAJAU X PRACA SAENS PENA,Fetranspor,9,17595755,"-22.9246","-43.2335"
608,608-GRAJAU X PRACA SAENS PENA,Fetranspor,10,17595755,"-22.9246","-43.2335"
608,608-GRAJAU X PRACA SAENS PENA,Fetranspor,11,17595755,"-22.9252","-43.2343"
608,608-GRAJAU X PRACA SAENS PENA,Fetranspor,12,17595755,"-22.9253","-43.2344"
608,608-GRAJAU X PRACA SAENS PENA,Fetranspor,13,17595755,"-22.9256","-43.2347"
608,608-GRAJAU X PRACA SAENS PENA,Fetranspor,14,17595755,"-22.9256","-43.2347"
608,608-GRAJAU X PRACA SAENS PENA,Fetranspor,15,17595755,"-22.9257","-43.2349"
608,608-GRAJAU X PRACA SAENS PENA,Fetranspor,16,17595755,"-22.9257","-43.2349"
608,608-GRAJAU X PRACA SAENS PENA,Fetranspor,17,17595755,"-22.9259","-43.235"
608,608-GRAJAU X PRACA SAENS PENA,Fetranspor,18,17595755,"-22.9263","-43.2353"
608,608-GRAJAU X PRACA SAENS PENA,Fetranspor,19,17595755,"-22.9263","-43.2353"
608,608-GRAJAU X PRACA SAENS PENA,Fetranspor,20,17595755,"-22.9268","-43.2356"
608,608-GRAJAU X PRACA SAENS PENA,Fetranspor,21,17595755,"-22.9268","-43.2356"
608,608-GRAJAU X PRACA SAENS PENA,Fetranspor,22,17595755,"-22.9271","-43.2358"
608,608-GRAJAU X PRACA SAENS PENA,Fetranspor,23,17595755,"-22.9273","-43.236"
608,608-GRAJAU X PRACA SAENS PENA,Fetranspor,24,17595755,"-22.9278","-43.2362"
608,608-GRAJAU X PRACA SAENS PENA,Fetranspor,25,17595755,"-22.9278","-43.2362"
608,608-GRAJAU X PRACA SAENS PENA,Fetranspor,26,17595755,"-22.9279","-43.2363"
608,608-GRAJAU X PRACA SAENS PENA,Fetranspor,27,17595755,"-22.9282","-43.2365"
608,608-GRAJAU X PRACA SAENS PENA,Fetranspor,28,17595755,"-22.9287","-43.2368"
608,608-GRAJAU X PRACA SAENS PENA,Fetranspor,29,17595755,"-22.9287","-43.2368"
608,608-GRAJAU X PRACA SAENS PENA,Fetranspor,30,17595755,"-22.9289","-43.2369"
608,608-GRAJAU X PRACA SAENS PENA,Fetranspor,31,17595755,"-22.9296","-43.2373"
608,608-GRAJAU X PRACA SAENS PENA,Fetranspor,32,17595755,"-22.9298","-43.2374"
608,608-GRAJAU X PRACA SAENS PENA,Fetranspor,33,17595755,"-22.9298","-43.2374"
608,608-GRAJAU X PRACA SAENS PENA,Fetranspor,34,17595755,"-22.9296","-43.2381"
608,608-GRAJAU X PRACA SAENS PENA,Fetranspor,35,17595755,"-22.9296","-43.2381"
608,608-GRAJAU X PRACA SAENS PENA,Fetranspor,36,17595755,"-22.9295","-43.2383"
608,608-GRAJAU X PRACA SAENS PENA,Fetranspor,37,17595755,"-22.9295","-43.2383"
608,608-GRAJAU X PRACA SAENS PENA,Fetranspor,38,17595755,"-22.9294","-43.2386"
608,608-GRAJAU X PRACA SAENS PENA,Fetranspor,39,17595755,"-22.9294","-43.2386"
608,608-GRAJAU X PRACA SAENS PENA,Fetranspor,40,17595755,"-22.9293","-43.2389"
608,608-GRAJAU X PRACA SAENS PENA,Fetranspor,41,17595755,"-22.9293","-43.2389"
608,608-GRAJAU X PRACA SAENS PENA,Fetranspor,42,17595755,"-22.9292","-43.2391"
608,608-GRAJAU X PRACA SAENS PENA,Fetranspor,43,17595755,"-22.929","-43.2393"
608,608-GRAJAU X PRACA SAENS PENA,Fetranspor,44,17595755,"-22.929","-43.2393"
608,608-GRAJAU X PRACA SAENS PENA,Fetranspor,45,17595755,"-22.9289","-43.2394"
608,608-GRAJAU X PRACA SAENS PENA,Fetranspor,46,17595755,"-22.9287","-43.2395"
608,608-GRAJAU X PRACA SAENS PENA,Fetranspor,47,17595755,"-22.9286","-43.2396"
608,608-GRAJAU X PRACA SAENS PENA,Fetranspor,48,17595755,"-22.9286","-43.2396"
608,608-GRAJAU X PRACA SAENS PENA,Fetranspor,49,17595755,"-22.9284","-43.2397"
608,608-GRAJAU X PRACA SAENS PENA,Fetranspor,50,17595755,"-22.9284","-43.2398"
608,608-GRAJAU X PRACA SAENS PENA,Fetranspor,51,17595755,"-22.9284","-43.2398"
608,608-GRAJAU X PRACA SAENS PENA,Fetranspor,52,17595755,"-22.9282","-43.2399"
608,608-GRAJAU X PRACA SAENS PENA,Fetranspor,53,17595755,"-22.9282","-43.2399"
608,608-GRAJAU X PRACA SAENS PENA,Fetranspor,54,17595755,"-22.9279","-43.2399"
608,608-GRAJAU X PRACA SAENS PENA,Fetranspor,55,17595755,"-22.9279","-43.2399"
608,608-GRAJAU X PRACA SAENS PENA,Fetranspor,56,17595755,"-22.9276","-43.24"
608,608-GRAJAU X PRACA SAENS PENA,Fetranspor,57,17595755,"-22.9276","-43.24"
608,608-GRAJAU X PRACA SAENS PENA,Fetranspor,58,17595755,"-22.9271","-43.24"
608,608-GRAJAU X PRACA SAENS PENA,Fetranspor,59,17595755,"-22.9271","-43.24"
608,608-GRAJAU X PRACA SAENS PENA,Fetranspor,60,17595755,"-22.9265","-43.2401"
608,608-GRAJAU X PRACA SAENS PENA,Fetranspor,61,17595755,"-22.9265","-43.2401"
608,608-GRAJAU X PRACA SAENS PENA,Fetranspor,62,17595755,"-22.9262","-43.2402"
608,608-GRAJAU X PRACA SAENS PENA,Fetranspor,63,17595755,"-22.9262","-43.2402"
608,608-GRAJAU X PRACA SAENS PENA,Fetranspor,64,17595755,"-22.9261","-43.2402"
608,608-GRAJAU X PRACA SAENS PENA,Fetranspor,65,17595755,"-22.9261","-43.2402"
608,608-GRAJAU X PRACA SAENS PENA,Fetranspor,66,17595755,"-22.9257","-43.2403"
608,608-GRAJAU X PRACA SAENS PENA,Fetranspor,67,17595755,"-22.9257","-43.2403"
608,608-GRAJAU X PRACA SAENS PENA,Fetranspor,68,17595755,"-22.9255","-43.2403"
608,608-GRAJAU X PRACA SAENS PENA,Fetranspor,69,17595755,"-22.9255","-43.2403"
608,608-GRAJAU X PRACA SAENS PENA,Fetranspor,70,17595755,"-22.9241","-43.2405"
608,608-GRAJAU X PRACA SAENS PENA,Fetranspor,71,17595755,"-22.9241","-43.2405"
608,608-GRAJAU X PRACA SAENS PENA,Fetranspor,72,17595755,"-22.9241","-43.2411"
608,608-GRAJAU X PRACA SAENS PENA,Fetranspor,73,17595755,"-22.9241","-43.2411"
608,608-GRAJAU X PRACA SAENS PENA,Fetranspor,74,17595755,"-22.9241","-43.2418"
608,608-GRAJAU X PRACA SAENS PENA,Fetranspor,75,17595755,"-22.9241","-43.242"
608,608-GRAJAU X PRACA SAENS PENA,Fetranspor,76,17595755,"-22.9241","-43.242"
608,608-GRAJAU X PRACA SAENS PENA,Fetranspor,77,17595755,"-22.9241","-43.2421"
608,608-GRAJAU X PRACA SAENS PENA,Fetranspor,78,17595755,"-22.9241","-43.2422"
608,608-GRAJAU X PRACA SAENS PENA,Fetranspor,79,17595755,"-22.9242","-43.2424"
608,608-GRAJAU X PRACA SAENS PENA,Fetranspor,80,17595755,"-22.9242","-43.2426"
608,608-GRAJAU X PRACA SAENS PENA,Fetranspor,81,17595755,"-22.9244","-43.2429"
608,608-GRAJAU X PRACA SAENS PENA,Fetranspor,82,17595755,"-22.9246","-43.2432"
608,608-GRAJAU X PRACA SAENS PENA,Fetranspor,83,17595755,"-22.9246","-43.2432"
608,608-GRAJAU X PRACA SAENS PENA,Fetranspor,84,17595755,"-22.9248","-43.2436"
608,608-GRAJAU X PRACA SAENS PENA,Fetranspor,85,17595755,"-22.9248","-43.2436"
608,608-GRAJAU X PRACA SAENS PENA,Fetranspor,86,17595755,"-22.9251","-43.2441"
608,608-GRAJAU X PRACA SAENS PENA,Fetranspor,87,17595755,"-22.9251","-43.2441"
608,608-GRAJAU X PRACA SAENS PENA,Fetranspor,88,17595755,"-22.9253","-43.2443"
608,608-GRAJAU X PRACA SAENS PENA,Fetranspor,89,17595755,"-22.9253","-43.2443"
608,608-GRAJAU X PRACA SAENS PENA,Fetranspor,90,17595755,"-22.9259","-43.2454"
608,608-GRAJAU X PRACA SAENS PENA,Fetranspor,91,17595755,"-22.9259","-43.2454"
608,608-GRAJAU X PRACA SAENS PENA,Fetranspor,92,17595755,"-22.9253","-43.2458"
608,608-GRAJAU X PRACA SAENS PENA,Fetranspor,93,17595755,"-22.9253","-43.2458"
608,608-GRAJAU X PRACA SAENS PENA,Fetranspor,94,17595755,"-22.9241","-43.2466"
608,608-GRAJAU X PRACA SAENS PENA,Fetranspor,95,17595755,"-22.9241","-43.2466"
608,608-GRAJAU X PRACA SAENS PENA,Fetranspor,96,17595755,"-22.9223","-43.2477"
608,608-GRAJAU X PRACA SAENS PENA,Fetranspor,97,17595755,"-22.9223","-43.2477"
608,608-GRAJAU X PRACA SAENS PENA,Fetranspor,98,17595755,"-22.9222","-43.2478"
608,608-GRAJAU X PRACA SAENS PENA,Fetranspor,99,17595755,"-22.9222","-43.2478"
608,608-GRAJAU X PRACA SAENS PENA,Fetranspor,100,17595755,"-22.9223","-43.248"
608,608-GRAJAU X PRACA SAENS PENA,Fetranspor,101,17595755,"-22.9226","-43.2485"
608,608-GRAJAU X PRACA SAENS PENA,Fetranspor,102,17595755,"-22.9233","-43.25"
608,608-GRAJAU X PRACA SAENS PENA,Fetranspor,103,17595755,"-22.9233","-43.25"
608,608-GRAJAU X PRACA SAENS PENA,Fetranspor,104,17595755,"-22.9238","-43.2509"
608,608-GRAJAU X PRACA SAENS PENA,Fetranspor,105,17595755,"-22.9238","-43.2509"
608,608-GRAJAU X PRACA SAENS PENA,Fetranspor,106,17595755,"-22.9241","-43.2515"
608,608-GRAJAU X PRACA SAENS PENA,Fetranspor,107,17595755,"-22.9241","-43.2515"
608,608-GRAJAU X PRACA SAENS PENA,Fetranspor,108,17595755,"-22.9242","-43.2517"
608,608-GRAJAU X PRACA SAENS PENA,Fetranspor,109,17595755,"-22.9242","-43.2517"
608,608-GRAJAU X PRACA SAENS PENA,Fetranspor,110,17595755,"-22.9243","-43.2518"
608,608-GRAJAU X PRACA SAENS PENA,Fetranspor,111,17595755,"-22.9243","-43.252"
608,608-GRAJAU X PRACA SAENS PENA,Fetranspor,112,17595755,"-22.9243","-43.2522"
608,608-GRAJAU X PRACA SAENS PENA,Fetranspor,113,17595755,"-22.9243","-43.2522"
608,608-GRAJAU X PRACA SAENS PENA,Fetranspor,114,17595755,"-22.9243","-43.2527"
608,608-GRAJAU X PRACA SAENS PENA,Fetranspor,115,17595755,"-22.9244","-43.2528"
608,608-GRAJAU X PRACA SAENS PENA,Fetranspor,116,17595755,"-22.9244","-43.2528"
608,608-GRAJAU X PRACA SAENS PENA,Fetranspor,117,17595755,"-22.9244","-43.2529"
608,608-GRAJAU X PRACA SAENS PENA,Fetranspor,118,17595755,"-22.9244","-43.2531"
608,608-GRAJAU X PRACA SAENS PENA,Fetranspor,119,17595755,"-22.9244","-43.2531"
608,608-GRAJAU X PRACA SAENS PENA,Fetranspor,120,17595755,"-22.9244","-43.2532"
608,608-GRAJAU X PRACA SAENS PENA,Fetranspor,121,17595755,"-22.9244","-43.2533"
608,608-GRAJAU X PRACA SAENS PENA,Fetranspor,122,17595755,"-22.9242","-43.2542"
608,608-GRAJAU X PRACA SAENS PENA,Fetranspor,123,17595755,"-22.9242","-43.2545"
608,608-GRAJAU X PRACA SAENS PENA,Fetranspor,124,17595755,"-22.9241","-43.2548"
608,608-GRAJAU X PRACA SAENS PENA,Fetranspor,125,17595755,"-22.9241","-43.2548"
608,608-GRAJAU X PRACA SAENS PENA,Fetranspor,126,17595755,"-22.9239","-43.2552"
608,608-GRAJAU X PRACA SAENS PENA,Fetranspor,127,17595755,"-22.9237","-43.2559"
608,608-GRAJAU X PRACA SAENS PENA,Fetranspor,128,17595755,"-22.9237","-43.2559"
608,608-GRAJAU X PRACA SAENS PENA,Fetranspor,129,17595755,"-22.9236","-43.2563"
608,608-GRAJAU X PRACA SAENS PENA,Fetranspor,130,17595755,"-22.9236","-43.2563"
608,608-GRAJAU X PRACA SAENS PENA,Fetranspor,131,17595755,"-22.9235","-43.2565"
608,608-GRAJAU X PRACA SAENS PENA,Fetranspor,132,17595755,"-22.9235","-43.2567"
608,608-GRAJAU X PRACA SAENS PENA,Fetranspor,133,17595755,"-22.9234","-43.2569"
608,608-GRAJAU X PRACA SAENS PENA,Fetranspor,134,17595755,"-22.9234","-43.257"
608,608-GRAJAU X PRACA SAENS PENA,Fetranspor,135,17595755,"-22.9234","-43.257"
608,608-GRAJAU X PRACA SAENS PENA,Fetranspor,136,17595755,"-22.9234","-43.2572"
608,608-GRAJAU X PRACA SAENS PENA,Fetranspor,137,17595755,"-22.9234","-43.2573"
608,608-GRAJAU X PRACA SAENS PENA,Fetranspor,138,17595755,"-22.9235","-43.2574"
608,608-GRAJAU X PRACA SAENS PENA,Fetranspor,139,17595755,"-22.9236","-43.2579"
608,608-GRAJAU X PRACA SAENS PENA,Fetranspor,140,17595755,"-22.9236","-43.258"
608,608-GRAJAU X PRACA SAENS PENA,Fetranspor,141,17595755,"-22.9236","-43.258"
608,608-GRAJAU X PRACA SAENS PENA,Fetranspor,142,17595755,"-22.9236","-43.2581"
608,608-GRAJAU X PRACA SAENS PENA,Fetranspor,143,17595755,"-22.9236","-43.2582"
608,608-GRAJAU X PRACA SAENS PENA,Fetranspor,144,17595755,"-22.9236","-43.2582"
608,608-GRAJAU X PRACA SAENS PENA,Fetranspor,145,17595755,"-22.9236","-43.2583"
608,608-GRAJAU X PRACA SAENS PENA,Fetranspor,146,17595755,"-22.9235","-43.2584"
608,608-GRAJAU X PRACA SAENS PENA,Fetranspor,147,17595755,"-22.9235","-43.2585"
608,608-GRAJAU X PRACA SAENS PENA,Fetranspor,148,17595755,"-22.9234","-43.2585"
608,608-GRAJAU X PRACA SAENS PENA,Fetranspor,149,17595755,"-22.9234","-43.2585"
608,608-GRAJAU X PRACA SAENS PENA,Fetranspor,150,17595755,"-22.9223","-43.2586"
608,608-GRAJAU X PRACA SAENS PENA,Fetranspor,151,17595755,"-22.9223","-43.2586"
608,608-GRAJAU X PRACA SAENS PENA,Fetranspor,152,17595755,"-22.9219","-43.2586"
608,608-GRAJAU X PRACA SAENS PENA,Fetranspor,153,17595755,"-22.9218","-43.2586"
608,608-GRAJAU X PRACA SAENS PENA,Fetranspor,154,17595755,"-22.9218","-43.2586"
608,608-GRAJAU X PRACA SAENS PENA,Fetranspor,155,17595755,"-22.9212","-43.2588"
608,608-GRAJAU X PRACA SAENS PENA,Fetranspor,156,17595755,"-22.9212","-43.2588"
608,608-GRAJAU X PRACA SAENS PENA,Fetranspor,157,17595755,"-22.921","-43.2588"
608,608-GRAJAU X PRACA SAENS PENA,Fetranspor,158,17595755,"-22.9209","-43.2588"
608,608-GRAJAU X PRACA SAENS PENA,Fetranspor,159,17595755,"-22.9208","-43.2589"
608,608-GRAJAU X PRACA SAENS PENA,Fetranspor,160,17595755,"-22.9207","-43.2589"
608,608-GRAJAU X PRACA SAENS PENA,Fetranspor,161,17595755,"-22.9207","-43.2591"
608,608-GRAJAU X PRACA SAENS PENA,Fetranspor,162,17595755,"-22.9205","-43.2594"
608,608-GRAJAU X PRACA SAENS PENA,Fetranspor,163,17595755,"-22.9205","-43.2594"
608,608-GRAJAU X PRACA SAENS PENA,Fetranspor,164,17595755,"-22.9204","-43.2595"
608,608-GRAJAU X PRACA SAENS PENA,Fetranspor,165,17595755,"-22.9204","-43.2595"
608,608-GRAJAU X PRACA SAENS PENA,Fetranspor,166,17595755,"-22.9205","-43.2597"
608,608-GRAJAU X PRACA SAENS PENA,Fetranspor,167,17595755,"-22.9205","-43.2598"
608,608-GRAJAU X PRACA SAENS PENA,Fetranspor,168,17595755,"-22.921","-43.2609"
608,608-GRAJAU X PRACA SAENS PENA,Fetranspor,169,17595755,"-22.921","-43.2609"
608,608-GRAJAU X PRACA SAENS PENA,Fetranspor,170,17595755,"-22.9217","-43.2626"
608,608-GRAJAU X PRACA SAENS PENA,Fetranspor,171,17595755,"-22.9217","-43.2626"
608,608-GRAJAU X PRACA SAENS PENA,Fetranspor,172,17595755,"-22.9219","-43.2631"
608,608-GRAJAU X PRACA SAENS PENA,Fetranspor,173,17595755,"-22.9222","-43.264"
608,608-GRAJAU X PRACA SAENS PENA,Fetranspor,174,17595755,"-22.9223","-43.2642"
608,608-GRAJAU X PRACA SAENS PENA,Fetranspor,175,17595755,"-22.9223","-43.2642"
608,608-GRAJAU X PRACA SAENS PENA,Fetranspor,176,17595755,"-22.9222","-43.2642"
608,608-GRAJAU X PRACA SAENS PENA,Fetranspor,177,17595755,"-22.9222","-43.2642"
608,608-GRAJAU X PRACA SAENS PENA,Fetranspor,178,17595755,"-22.9222","-43.2643"
608,608-GRAJAU X PRACA SAENS PENA,Fetranspor,179,17595755,"-22.9221","-43.2643"
608,608-GRAJAU X PRACA SAENS PENA,Fetranspor,180,17595755,"-22.9221","-43.2644"
608,608-GRAJAU X PRACA SAENS PENA,Fetranspor,181,17595755,"-22.9221","-43.2645"
608,608-GRAJAU X PRACA SAENS PENA,Fetranspor,182,17595755,"-22.9221","-43.2646"
608,608-GRAJAU X PRACA SAENS PENA,Fetranspor,183,17595755,"-22.9221","-43.2646"
608,608-GRAJAU X PRACA SAENS PENA,Fetranspor,184,17595755,"-22.9222","-43.2647"
608,608-GRAJAU X PRACA SAENS PENA,Fetranspor,185,17595755,"-22.9222","-43.2647"
608,608-GRAJAU X PRACA SAENS PENA,Fetranspor,186,17595755,"-22.9223","-43.2648"
608,608-GRAJAU X PRACA SAENS PENA,Fetranspor,187,17595755,"-22.9223","-43.2649"
608,608-GRAJAU X PRACA SAENS PENA,Fetranspor,188,17595755,"-22.9224","-43.2649"
608,608-GRAJAU X PRACA SAENS PENA,Fetranspor,189,17595755,"-22.9225","-43.2649"
608,608-GRAJAU X PRACA SAENS PENA,Fetranspor,190,17595755,"-22.9225","-43.2649"
608,608-GRAJAU X PRACA SAENS PENA,Fetranspor,191,17595755,"-22.9226","-43.2649"
608,608-GRAJAU X PRACA SAENS PENA,Fetranspor,192,17595755,"-22.9226","-43.2649"
608,608-GRAJAU X PRACA SAENS PENA,Fetranspor,193,17595755,"-22.9227","-43.2649"
608,608-GRAJAU X PRACA SAENS PENA,Fetranspor,194,17595755,"-22.9227","-43.2649"
608,608-GRAJAU X PRACA SAENS PENA,Fetranspor,195,17595755,"-22.9227","-43.2649"
608,608-GRAJAU X PRACA SAENS PENA,Fetranspor,196,17595755,"-22.9228","-43.2648"
608,608-GRAJAU X PRACA SAENS PENA,Fetranspor,197,17595755,"-22.9228","-43.2648"
608,608-GRAJAU X PRACA SAENS PENA,Fetranspor,198,17595755,"-22.9228","-43.2647"
608,608-GRAJAU X PRACA SAENS PENA,Fetranspor,199,17595755,"-22.9229","-43.2646"
608,608-GRAJAU X PRACA SAENS PENA,Fetranspor,200,17595755,"-22.9229","-43.2645"
608,608-GRAJAU X PRACA SAENS PENA,Fetranspor,201,17595755,"-22.9229","-43.2644"
608,608-GRAJAU X PRACA SAENS PENA,Fetranspor,202,17595755,"-22.9229","-43.2644"
608,608-GRAJAU X PRACA SAENS PENA,Fetranspor,203,17595755,"-22.9229","-43.2644"
608,608-GRAJAU X PRACA SAENS PENA,Fetranspor,204,17595755,"-22.9228","-43.2643"
