linha,descricao,agencia,sequencia,shape_id,latitude,longitude
610,610-DEL CASTILHO X PRACA SECA (VIA LINHA AMARELA),Fetranspor,0,17404711,"-22.8801","-43.2696"
610,610-DEL CASTILHO X PRACA SECA (VIA LINHA AMARELA),Fetranspor,1,17404711,"-22.8799","-43.27"
610,610-DEL CASTILHO X PRACA SECA (VIA LINHA AMARELA),Fetranspor,2,17404711,"-22.8794","-43.2709"
610,610-DEL CASTILHO X PRACA SECA (VIA LINHA AMARELA),Fetranspor,3,17404711,"-22.8793","-43.2712"
610,610-DEL CASTILHO X PRACA SECA (VIA LINHA AMARELA),Fetranspor,4,17404711,"-22.879","-43.2718"
610,610-DEL CASTILHO X PRACA SECA (VIA LINHA AMARELA),Fetranspor,5,17404711,"-22.8787","-43.2724"
610,610-DEL CASTILHO X PRACA SECA (VIA LINHA AMARELA),Fetranspor,6,17404711,"-22.8786","-43.2728"
610,610-DEL CASTILHO X PRACA SECA (VIA LINHA AMARELA),Fetranspor,7,17404711,"-22.8786","-43.2728"
610,610-DEL CASTILHO X PRACA SECA (VIA LINHA AMARELA),Fetranspor,8,17404711,"-22.8785","-43.273"
610,610-DEL CASTILHO X PRACA SECA (VIA LINHA AMARELA),Fetranspor,9,17404711,"-22.8783","-43.2733"
610,610-DEL CASTILHO X PRACA SECA (VIA LINHA AMARELA),Fetranspor,10,17404711,"-22.8783","-43.2734"
610,610-DEL CASTILHO X PRACA SECA (VIA LINHA AMARELA),Fetranspor,11,17404711,"-22.8781","-43.2736"
610,610-DEL CASTILHO X PRACA SECA (VIA LINHA AMARELA),Fetranspor,12,17404711,"-22.878","-43.2737"
610,610-DEL CASTILHO X PRACA SECA (VIA LINHA AMARELA),Fetranspor,13,17404711,"-22.878","-43.2737"
610,610-DEL CASTILHO X PRACA SECA (VIA LINHA AMARELA),Fetranspor,14,17404711,"-22.8779","-43.2738"
610,610-DEL CASTILHO X PRACA SECA (VIA LINHA AMARELA),Fetranspor,15,17404711,"-22.8777","-43.2741"
610,610-DEL CASTILHO X PRACA SECA (VIA LINHA AMARELA),Fetranspor,16,17404711,"-22.8776","-43.2742"
610,610-DEL CASTILHO X PRACA SECA (VIA LINHA AMARELA),Fetranspor,17,17404711,"-22.8774","-43.2742"
610,610-DEL CASTILHO X PRACA SECA (VIA LINHA AMARELA),Fetranspor,18,17404711,"-22.8774","-43.2742"
610,610-DEL CASTILHO X PRACA SECA (VIA LINHA AMARELA),Fetranspor,19,17404711,"-22.8773","-43.2743"
610,610-DEL CASTILHO X PRACA SECA (VIA LINHA AMARELA),Fetranspor,20,17404711,"-22.8771","-43.2743"
610,610-DEL CASTILHO X PRACA SECA (VIA LINHA AMARELA),Fetranspor,21,17404711,"-22.877","-43.2743"
610,610-DEL CASTILHO X PRACA SECA (VIA LINHA AMARELA),Fetranspor,22,17404711,"-22.8768","-43.2742"
610,610-DEL CASTILHO X PRACA SECA (VIA LINHA AMARELA),Fetranspor,23,17404711,"-22.8767","-43.274"
610,610-DEL CASTILHO X PRACA SECA (VIA LINHA AMARELA),Fetranspor,24,17404711,"-22.8764","-43.2738"
610,610-DEL CASTILHO X PRACA SECA (VIA LINHA AMARELA),Fetranspor,25,17404711,"-22.8763","-43.2735"
610,610-DEL CASTILHO X PRACA SECA (VIA LINHA AMARELA),Fetranspor,26,17404711,"-22.8762","-43.2734"
610,610-DEL CASTILHO X PRACA SECA (VIA LINHA AMARELA),Fetranspor,27,17404711,"-22.8761","-43.2734"
610,610-DEL CASTILHO X PRACA SECA (VIA LINHA AMARELA),Fetranspor,28,17404711,"-22.876","-43.2733"
610,610-DEL CASTILHO X PRACA SECA (VIA LINHA AMARELA),Fetranspor,29,17404711,"-22.8759","-43.2733"
610,610-DEL CASTILHO X PRACA SECA (VIA LINHA AMARELA),Fetranspor,30,17404711,"-22.8758","-43.2733"
610,610-DEL CASTILHO X PRACA SECA (VIA LINHA AMARELA),Fetranspor,31,17404711,"-22.8758","-43.2733"
610,610-DEL CASTILHO X PRACA SECA (VIA LINHA AMARELA),Fetranspor,32,17404711,"-22.8758","-43.2733"
610,610-DEL CASTILHO X PRACA SECA (VIA LINHA AMARELA),Fetranspor,33,17404711,"-22.8757","-43.2734"
610,610-DEL CASTILHO X PRACA SECA (VIA LINHA AMARELA),Fetranspor,34,17404711,"-22.8757","-43.2734"
610,610-DEL CASTILHO X PRACA SECA (VIA LINHA AMARELA),Fetranspor,35,17404711,"-22.8757","-43.2734"
610,610-DEL CASTILHO X PRACA SECA (VIA LINHA AMARELA),Fetranspor,36,17404711,"-22.8756","-43.2734"
610,610-DEL CASTILHO X PRACA SECA (VIA LINHA AMARELA),Fetranspor,37,17404711,"-22.8755","-43.2735"
610,610-DEL CASTILHO X PRACA SECA (VIA LINHA AMARELA),Fetranspor,38,17404711,"-22.8754","-43.2737"
610,610-DEL CASTILHO X PRACA SECA (VIA LINHA AMARELA),Fetranspor,39,17404711,"-22.8754","-43.2738"
610,610-DEL CASTILHO X PRACA SECA (VIA LINHA AMARELA),Fetranspor,40,17404711,"-22.8754","-43.2739"
610,610-DEL CASTILHO X PRACA SECA (VIA LINHA AMARELA),Fetranspor,41,17404711,"-22.8754","-43.274"
610,610-DEL CASTILHO X PRACA SECA (VIA LINHA AMARELA),Fetranspor,42,17404711,"-22.8754","-43.2741"
610,610-DEL CASTILHO X PRACA SECA (VIA LINHA AMARELA),Fetranspor,43,17404711,"-22.8759","-43.2751"
610,610-DEL CASTILHO X PRACA SECA (VIA LINHA AMARELA),Fetranspor,44,17404711,"-22.8761","-43.2755"
610,610-DEL CASTILHO X PRACA SECA (VIA LINHA AMARELA),Fetranspor,45,17404711,"-22.8763","-43.2757"
610,610-DEL CASTILHO X PRACA SECA (VIA LINHA AMARELA),Fetranspor,46,17404711,"-22.8763","-43.2757"
610,610-DEL CASTILHO X PRACA SECA (VIA LINHA AMARELA),Fetranspor,47,17404711,"-22.8764","-43.2759"
610,610-DEL CASTILHO X PRACA SECA (VIA LINHA AMARELA),Fetranspor,48,17404711,"-22.8765","-43.276"
610,610-DEL CASTILHO X PRACA SECA (VIA LINHA AMARELA),Fetranspor,49,17404711,"-22.8765","-43.2761"
610,610-DEL CASTILHO X PRACA SECA (VIA LINHA AMARELA),Fetranspor,50,17404711,"-22.8767","-43.2763"
610,610-DEL CASTILHO X PRACA SECA (VIA LINHA AMARELA),Fetranspor,51,17404711,"-22.8773","-43.2768"
610,610-DEL CASTILHO X PRACA SECA (VIA LINHA AMARELA),Fetranspor,52,17404711,"-22.8776","-43.2771"
610,610-DEL CASTILHO X PRACA SECA (VIA LINHA AMARELA),Fetranspor,53,17404711,"-22.8779","-43.2773"
610,610-DEL CASTILHO X PRACA SECA (VIA LINHA AMARELA),Fetranspor,54,17404711,"-22.8781","-43.2774"
610,610-DEL CASTILHO X PRACA SECA (VIA LINHA AMARELA),Fetranspor,55,17404711,"-22.8784","-43.2776"
610,610-DEL CASTILHO X PRACA SECA (VIA LINHA AMARELA),Fetranspor,56,17404711,"-22.8784","-43.2776"
610,610-DEL CASTILHO X PRACA SECA (VIA LINHA AMARELA),Fetranspor,57,17404711,"-22.879","-43.2781"
610,610-DEL CASTILHO X PRACA SECA (VIA LINHA AMARELA),Fetranspor,58,17404711,"-22.8793","-43.2784"
610,610-DEL CASTILHO X PRACA SECA (VIA LINHA AMARELA),Fetranspor,59,17404711,"-22.8796","-43.2787"
610,610-DEL CASTILHO X PRACA SECA (VIA LINHA AMARELA),Fetranspor,60,17404711,"-22.8799","-43.2793"
610,610-DEL CASTILHO X PRACA SECA (VIA LINHA AMARELA),Fetranspor,61,17404711,"-22.8803","-43.2799"
610,610-DEL CASTILHO X PRACA SECA (VIA LINHA AMARELA),Fetranspor,62,17404711,"-22.8807","-43.2807"
610,610-DEL CASTILHO X PRACA SECA (VIA LINHA AMARELA),Fetranspor,63,17404711,"-22.8811","-43.2816"
610,610-DEL CASTILHO X PRACA SECA (VIA LINHA AMARELA),Fetranspor,64,17404711,"-22.8813","-43.2823"
610,610-DEL CASTILHO X PRACA SECA (VIA LINHA AMARELA),Fetranspor,65,17404711,"-22.8814","-43.2827"
610,610-DEL CASTILHO X PRACA SECA (VIA LINHA AMARELA),Fetranspor,66,17404711,"-22.8817","-43.2837"
610,610-DEL CASTILHO X PRACA SECA (VIA LINHA AMARELA),Fetranspor,67,17404711,"-22.8817","-43.2837"
610,610-DEL CASTILHO X PRACA SECA (VIA LINHA AMARELA),Fetranspor,68,17404711,"-22.8821","-43.2847"
610,610-DEL CASTILHO X PRACA SECA (VIA LINHA AMARELA),Fetranspor,69,17404711,"-22.8823","-43.2856"
610,610-DEL CASTILHO X PRACA SECA (VIA LINHA AMARELA),Fetranspor,70,17404711,"-22.8824","-43.2863"
610,610-DEL CASTILHO X PRACA SECA (VIA LINHA AMARELA),Fetranspor,71,17404711,"-22.8824","-43.2863"
610,610-DEL CASTILHO X PRACA SECA (VIA LINHA AMARELA),Fetranspor,72,17404711,"-22.8825","-43.2869"
610,610-DEL CASTILHO X PRACA SECA (VIA LINHA AMARELA),Fetranspor,73,17404711,"-22.8825","-43.2869"
610,610-DEL CASTILHO X PRACA SECA (VIA LINHA AMARELA),Fetranspor,74,17404711,"-22.8826","-43.287"
610,610-DEL CASTILHO X PRACA SECA (VIA LINHA AMARELA),Fetranspor,75,17404711,"-22.8826","-43.2875"
610,610-DEL CASTILHO X PRACA SECA (VIA LINHA AMARELA),Fetranspor,76,17404711,"-22.8827","-43.2879"
610,610-DEL CASTILHO X PRACA SECA (VIA LINHA AMARELA),Fetranspor,77,17404711,"-22.8829","-43.2884"
610,610-DEL CASTILHO X PRACA SECA (VIA LINHA AMARELA),Fetranspor,78,17404711,"-22.8831","-43.2888"
610,610-DEL CASTILHO X PRACA SECA (VIA LINHA AMARELA),Fetranspor,79,17404711,"-22.8832","-43.2891"
610,610-DEL CASTILHO X PRACA SECA (VIA LINHA AMARELA),Fetranspor,80,17404711,"-22.8833","-43.2893"
610,610-DEL CASTILHO X PRACA SECA (VIA LINHA AMARELA),Fetranspor,81,17404711,"-22.8833","-43.2893"
610,610-DEL CASTILHO X PRACA SECA (VIA LINHA AMARELA),Fetranspor,82,17404711,"-22.8835","-43.2896"
610,610-DEL CASTILHO X PRACA SECA (VIA LINHA AMARELA),Fetranspor,83,17404711,"-22.8837","-43.29"
610,610-DEL CASTILHO X PRACA SECA (VIA LINHA AMARELA),Fetranspor,84,17404711,"-22.8839","-43.2901"
610,610-DEL CASTILHO X PRACA SECA (VIA LINHA AMARELA),Fetranspor,85,17404711,"-22.8841","-43.2905"
610,610-DEL CASTILHO X PRACA SECA (VIA LINHA AMARELA),Fetranspor,86,17404711,"-22.8844","-43.2908"
610,610-DEL CASTILHO X PRACA SECA (VIA LINHA AMARELA),Fetranspor,87,17404711,"-22.8845","-43.2909"
610,610-DEL CASTILHO X PRACA SECA (VIA LINHA AMARELA),Fetranspor,88,17404711,"-22.8848","-43.2912"
610,610-DEL CASTILHO X PRACA SECA (VIA LINHA AMARELA),Fetranspor,89,17404711,"-22.8851","-43.2914"
610,610-DEL CASTILHO X PRACA SECA (VIA LINHA AMARELA),Fetranspor,90,17404711,"-22.8859","-43.292"
610,610-DEL CASTILHO X PRACA SECA (VIA LINHA AMARELA),Fetranspor,91,17404711,"-22.8863","-43.2923"
610,610-DEL CASTILHO X PRACA SECA (VIA LINHA AMARELA),Fetranspor,92,17404711,"-22.8863","-43.2923"
610,610-DEL CASTILHO X PRACA SECA (VIA LINHA AMARELA),Fetranspor,93,17404711,"-22.8868","-43.2926"
610,610-DEL CASTILHO X PRACA SECA (VIA LINHA AMARELA),Fetranspor,94,17404711,"-22.8871","-43.293"
610,610-DEL CASTILHO X PRACA SECA (VIA LINHA AMARELA),Fetranspor,95,17404711,"-22.8874","-43.2933"
610,610-DEL CASTILHO X PRACA SECA (VIA LINHA AMARELA),Fetranspor,96,17404711,"-22.8887","-43.2949"
610,610-DEL CASTILHO X PRACA SECA (VIA LINHA AMARELA),Fetranspor,97,17404711,"-22.8891","-43.2954"
610,610-DEL CASTILHO X PRACA SECA (VIA LINHA AMARELA),Fetranspor,98,17404711,"-22.8907","-43.2974"
610,610-DEL CASTILHO X PRACA SECA (VIA LINHA AMARELA),Fetranspor,99,17404711,"-22.8907","-43.2974"
610,610-DEL CASTILHO X PRACA SECA (VIA LINHA AMARELA),Fetranspor,100,17404711,"-22.8916","-43.2986"
610,610-DEL CASTILHO X PRACA SECA (VIA LINHA AMARELA),Fetranspor,101,17404711,"-22.8919","-43.2989"
610,610-DEL CASTILHO X PRACA SECA (VIA LINHA AMARELA),Fetranspor,102,17404711,"-22.8921","-43.2991"
610,610-DEL CASTILHO X PRACA SECA (VIA LINHA AMARELA),Fetranspor,103,17404711,"-22.8923","-43.2993"
610,610-DEL CASTILHO X PRACA SECA (VIA LINHA AMARELA),Fetranspor,104,17404711,"-22.8923","-43.2993"
610,610-DEL CASTILHO X PRACA SECA (VIA LINHA AMARELA),Fetranspor,105,17404711,"-22.8926","-43.2995"
610,610-DEL CASTILHO X PRACA SECA (VIA LINHA AMARELA),Fetranspor,106,17404711,"-22.8927","-43.2996"
610,610-DEL CASTILHO X PRACA SECA (VIA LINHA AMARELA),Fetranspor,107,17404711,"-22.8931","-43.2999"
610,610-DEL CASTILHO X PRACA SECA (VIA LINHA AMARELA),Fetranspor,108,17404711,"-22.8934","-43.3"
610,610-DEL CASTILHO X PRACA SECA (VIA LINHA AMARELA),Fetranspor,109,17404711,"-22.8937","-43.3001"
610,610-DEL CASTILHO X PRACA SECA (VIA LINHA AMARELA),Fetranspor,110,17404711,"-22.8938","-43.3002"
610,610-DEL CASTILHO X PRACA SECA (VIA LINHA AMARELA),Fetranspor,111,17404711,"-22.8938","-43.3002"
610,610-DEL CASTILHO X PRACA SECA (VIA LINHA AMARELA),Fetranspor,112,17404711,"-22.8939","-43.3002"
610,610-DEL CASTILHO X PRACA SECA (VIA LINHA AMARELA),Fetranspor,113,17404711,"-22.8941","-43.3003"
610,610-DEL CASTILHO X PRACA SECA (VIA LINHA AMARELA),Fetranspor,114,17404711,"-22.8946","-43.3004"
610,610-DEL CASTILHO X PRACA SECA (VIA LINHA AMARELA),Fetranspor,115,17404711,"-22.895","-43.3005"
610,610-DEL CASTILHO X PRACA SECA (VIA LINHA AMARELA),Fetranspor,116,17404711,"-22.8952","-43.3006"
610,610-DEL CASTILHO X PRACA SECA (VIA LINHA AMARELA),Fetranspor,117,17404711,"-22.8953","-43.3007"
610,610-DEL CASTILHO X PRACA SECA (VIA LINHA AMARELA),Fetranspor,118,17404711,"-22.8957","-43.3008"
610,610-DEL CASTILHO X PRACA SECA (VIA LINHA AMARELA),Fetranspor,119,17404711,"-22.8959","-43.3009"
610,610-DEL CASTILHO X PRACA SECA (VIA LINHA AMARELA),Fetranspor,120,17404711,"-22.8962","-43.3011"
610,610-DEL CASTILHO X PRACA SECA (VIA LINHA AMARELA),Fetranspor,121,17404711,"-22.8966","-43.3013"
610,610-DEL CASTILHO X PRACA SECA (VIA LINHA AMARELA),Fetranspor,122,17404711,"-22.8972","-43.3017"
610,610-DEL CASTILHO X PRACA SECA (VIA LINHA AMARELA),Fetranspor,123,17404711,"-22.8977","-43.3022"
610,610-DEL CASTILHO X PRACA SECA (VIA LINHA AMARELA),Fetranspor,124,17404711,"-22.8978","-43.3023"
610,610-DEL CASTILHO X PRACA SECA (VIA LINHA AMARELA),Fetranspor,125,17404711,"-22.8983","-43.3026"
610,610-DEL CASTILHO X PRACA SECA (VIA LINHA AMARELA),Fetranspor,126,17404711,"-22.8986","-43.3027"
610,610-DEL CASTILHO X PRACA SECA (VIA LINHA AMARELA),Fetranspor,127,17404711,"-22.8991","-43.3029"
610,610-DEL CASTILHO X PRACA SECA (VIA LINHA AMARELA),Fetranspor,128,17404711,"-22.8997","-43.3031"
610,610-DEL CASTILHO X PRACA SECA (VIA LINHA AMARELA),Fetranspor,129,17404711,"-22.9002","-43.3033"
610,610-DEL CASTILHO X PRACA SECA (VIA LINHA AMARELA),Fetranspor,130,17404711,"-22.9004","-43.3034"
610,610-DEL CASTILHO X PRACA SECA (VIA LINHA AMARELA),Fetranspor,131,17404711,"-22.9004","-43.3034"
610,610-DEL CASTILHO X PRACA SECA (VIA LINHA AMARELA),Fetranspor,132,17404711,"-22.9014","-43.3037"
610,610-DEL CASTILHO X PRACA SECA (VIA LINHA AMARELA),Fetranspor,133,17404711,"-22.9022","-43.304"
610,610-DEL CASTILHO X PRACA SECA (VIA LINHA AMARELA),Fetranspor,134,17404711,"-22.903","-43.3042"
610,610-DEL CASTILHO X PRACA SECA (VIA LINHA AMARELA),Fetranspor,135,17404711,"-22.9041","-43.3046"
610,610-DEL CASTILHO X PRACA SECA (VIA LINHA AMARELA),Fetranspor,136,17404711,"-22.9041","-43.3046"
610,610-DEL CASTILHO X PRACA SECA (VIA LINHA AMARELA),Fetranspor,137,17404711,"-22.9045","-43.3047"
610,610-DEL CASTILHO X PRACA SECA (VIA LINHA AMARELA),Fetranspor,138,17404711,"-22.9052","-43.3049"
610,610-DEL CASTILHO X PRACA SECA (VIA LINHA AMARELA),Fetranspor,139,17404711,"-22.9055","-43.3051"
610,610-DEL CASTILHO X PRACA SECA (VIA LINHA AMARELA),Fetranspor,140,17404711,"-22.906","-43.3054"
610,610-DEL CASTILHO X PRACA SECA (VIA LINHA AMARELA),Fetranspor,141,17404711,"-22.9064","-43.3059"
610,610-DEL CASTILHO X PRACA SECA (VIA LINHA AMARELA),Fetranspor,142,17404711,"-22.9067","-43.3064"
610,610-DEL CASTILHO X PRACA SECA (VIA LINHA AMARELA),Fetranspor,143,17404711,"-22.9069","-43.3069"
610,610-DEL CASTILHO X PRACA SECA (VIA LINHA AMARELA),Fetranspor,144,17404711,"-22.9071","-43.3074"
610,610-DEL CASTILHO X PRACA SECA (VIA LINHA AMARELA),Fetranspor,145,17404711,"-22.9071","-43.3082"
610,610-DEL CASTILHO X PRACA SECA (VIA LINHA AMARELA),Fetranspor,146,17404711,"-22.9069","-43.3096"
610,610-DEL CASTILHO X PRACA SECA (VIA LINHA AMARELA),Fetranspor,147,17404711,"-22.9069","-43.3096"
610,610-DEL CASTILHO X PRACA SECA (VIA LINHA AMARELA),Fetranspor,148,17404711,"-22.9069","-43.3105"
610,610-DEL CASTILHO X PRACA SECA (VIA LINHA AMARELA),Fetranspor,149,17404711,"-22.9069","-43.3105"
610,610-DEL CASTILHO X PRACA SECA (VIA LINHA AMARELA),Fetranspor,150,17404711,"-22.9068","-43.3106"
610,610-DEL CASTILHO X PRACA SECA (VIA LINHA AMARELA),Fetranspor,151,17404711,"-22.9068","-43.311"
610,610-DEL CASTILHO X PRACA SECA (VIA LINHA AMARELA),Fetranspor,152,17404711,"-22.9067","-43.3116"
610,610-DEL CASTILHO X PRACA SECA (VIA LINHA AMARELA),Fetranspor,153,17404711,"-22.9068","-43.3122"
610,610-DEL CASTILHO X PRACA SECA (VIA LINHA AMARELA),Fetranspor,154,17404711,"-22.9068","-43.3125"
610,610-DEL CASTILHO X PRACA SECA (VIA LINHA AMARELA),Fetranspor,155,17404711,"-22.9069","-43.3129"
610,610-DEL CASTILHO X PRACA SECA (VIA LINHA AMARELA),Fetranspor,156,17404711,"-22.907","-43.3134"
610,610-DEL CASTILHO X PRACA SECA (VIA LINHA AMARELA),Fetranspor,157,17404711,"-22.9073","-43.3139"
610,610-DEL CASTILHO X PRACA SECA (VIA LINHA AMARELA),Fetranspor,158,17404711,"-22.9077","-43.3144"
610,610-DEL CASTILHO X PRACA SECA (VIA LINHA AMARELA),Fetranspor,159,17404711,"-22.9082","-43.3148"
610,610-DEL CASTILHO X PRACA SECA (VIA LINHA AMARELA),Fetranspor,160,17404711,"-22.9086","-43.315"
610,610-DEL CASTILHO X PRACA SECA (VIA LINHA AMARELA),Fetranspor,161,17404711,"-22.9088","-43.315"
610,610-DEL CASTILHO X PRACA SECA (VIA LINHA AMARELA),Fetranspor,162,17404711,"-22.9088","-43.315"
610,610-DEL CASTILHO X PRACA SECA (VIA LINHA AMARELA),Fetranspor,163,17404711,"-22.9119","-43.3165"
610,610-DEL CASTILHO X PRACA SECA (VIA LINHA AMARELA),Fetranspor,164,17404711,"-22.9121","-43.3166"
610,610-DEL CASTILHO X PRACA SECA (VIA LINHA AMARELA),Fetranspor,165,17404711,"-22.9123","-43.3167"
610,610-DEL CASTILHO X PRACA SECA (VIA LINHA AMARELA),Fetranspor,166,17404711,"-22.9125","-43.3168"
610,610-DEL CASTILHO X PRACA SECA (VIA LINHA AMARELA),Fetranspor,167,17404711,"-22.9128","-43.317"
610,610-DEL CASTILHO X PRACA SECA (VIA LINHA AMARELA),Fetranspor,168,17404711,"-22.9131","-43.3173"
610,610-DEL CASTILHO X PRACA SECA (VIA LINHA AMARELA),Fetranspor,169,17404711,"-22.9134","-43.3176"
610,610-DEL CASTILHO X PRACA SECA (VIA LINHA AMARELA),Fetranspor,170,17404711,"-22.9136","-43.3178"
610,610-DEL CASTILHO X PRACA SECA (VIA LINHA AMARELA),Fetranspor,171,17404711,"-22.9156","-43.3203"
610,610-DEL CASTILHO X PRACA SECA (VIA LINHA AMARELA),Fetranspor,172,17404711,"-22.9192","-43.326"
610,610-DEL CASTILHO X PRACA SECA (VIA LINHA AMARELA),Fetranspor,173,17404711,"-22.9215","-43.3307"
610,610-DEL CASTILHO X PRACA SECA (VIA LINHA AMARELA),Fetranspor,174,17404711,"-22.9215","-43.3307"
610,610-DEL CASTILHO X PRACA SECA (VIA LINHA AMARELA),Fetranspor,175,17404711,"-22.9217","-43.3312"
610,610-DEL CASTILHO X PRACA SECA (VIA LINHA AMARELA),Fetranspor,176,17404711,"-22.9221","-43.3321"
610,610-DEL CASTILHO X PRACA SECA (VIA LINHA AMARELA),Fetranspor,177,17404711,"-22.9221","-43.3321"
610,610-DEL CASTILHO X PRACA SECA (VIA LINHA AMARELA),Fetranspor,178,17404711,"-22.9223","-43.3325"
610,610-DEL CASTILHO X PRACA SECA (VIA LINHA AMARELA),Fetranspor,179,17404711,"-22.9227","-43.3337"
610,610-DEL CASTILHO X PRACA SECA (VIA LINHA AMARELA),Fetranspor,180,17404711,"-22.9227","-43.3337"
610,610-DEL CASTILHO X PRACA SECA (VIA LINHA AMARELA),Fetranspor,181,17404711,"-22.9235","-43.3356"
610,610-DEL CASTILHO X PRACA SECA (VIA LINHA AMARELA),Fetranspor,182,17404711,"-22.9237","-43.3362"
610,610-DEL CASTILHO X PRACA SECA (VIA LINHA AMARELA),Fetranspor,183,17404711,"-22.9239","-43.3365"
610,610-DEL CASTILHO X PRACA SECA (VIA LINHA AMARELA),Fetranspor,184,17404711,"-22.9242","-43.3372"
610,610-DEL CASTILHO X PRACA SECA (VIA LINHA AMARELA),Fetranspor,185,17404711,"-22.9247","-43.3382"
610,610-DEL CASTILHO X PRACA SECA (VIA LINHA AMARELA),Fetranspor,186,17404711,"-22.9249","-43.3384"
610,610-DEL CASTILHO X PRACA SECA (VIA LINHA AMARELA),Fetranspor,187,17404711,"-22.9249","-43.3384"
610,610-DEL CASTILHO X PRACA SECA (VIA LINHA AMARELA),Fetranspor,188,17404711,"-22.925","-43.3387"
610,610-DEL CASTILHO X PRACA SECA (VIA LINHA AMARELA),Fetranspor,189,17404711,"-22.9254","-43.3395"
610,610-DEL CASTILHO X PRACA SECA (VIA LINHA AMARELA),Fetranspor,190,17404711,"-22.9254","-43.3395"
610,610-DEL CASTILHO X PRACA SECA (VIA LINHA AMARELA),Fetranspor,191,17404711,"-22.9258","-43.3402"
610,610-DEL CASTILHO X PRACA SECA (VIA LINHA AMARELA),Fetranspor,192,17404711,"-22.9258","-43.3402"
610,610-DEL CASTILHO X PRACA SECA (VIA LINHA AMARELA),Fetranspor,193,17404711,"-22.9259","-43.3407"
610,610-DEL CASTILHO X PRACA SECA (VIA LINHA AMARELA),Fetranspor,194,17404711,"-22.9259","-43.3409"
610,610-DEL CASTILHO X PRACA SECA (VIA LINHA AMARELA),Fetranspor,195,17404711,"-22.9261","-43.3411"
610,610-DEL CASTILHO X PRACA SECA (VIA LINHA AMARELA),Fetranspor,196,17404711,"-22.9264","-43.3415"
610,610-DEL CASTILHO X PRACA SECA (VIA LINHA AMARELA),Fetranspor,197,17404711,"-22.9265","-43.3417"
610,610-DEL CASTILHO X PRACA SECA (VIA LINHA AMARELA),Fetranspor,198,17404711,"-22.9267","-43.3418"
610,610-DEL CASTILHO X PRACA SECA (VIA LINHA AMARELA),Fetranspor,199,17404711,"-22.9268","-43.3419"
610,610-DEL CASTILHO X PRACA SECA (VIA LINHA AMARELA),Fetranspor,200,17404711,"-22.9269","-43.342"
610,610-DEL CASTILHO X PRACA SECA (VIA LINHA AMARELA),Fetranspor,201,17404711,"-22.9273","-43.3422"
610,610-DEL CASTILHO X PRACA SECA (VIA LINHA AMARELA),Fetranspor,202,17404711,"-22.9273","-43.3422"
610,610-DEL CASTILHO X PRACA SECA (VIA LINHA AMARELA),Fetranspor,203,17404711,"-22.9274","-43.3423"
610,610-DEL CASTILHO X PRACA SECA (VIA LINHA AMARELA),Fetranspor,204,17404711,"-22.9274","-43.3423"
610,610-DEL CASTILHO X PRACA SECA (VIA LINHA AMARELA),Fetranspor,205,17404711,"-22.9274","-43.3424"
610,610-DEL CASTILHO X PRACA SECA (VIA LINHA AMARELA),Fetranspor,206,17404711,"-22.9274","-43.3426"
610,610-DEL CASTILHO X PRACA SECA (VIA LINHA AMARELA),Fetranspor,207,17404711,"-22.9274","-43.3426"
610,610-DEL CASTILHO X PRACA SECA (VIA LINHA AMARELA),Fetranspor,208,17404711,"-22.9275","-43.3428"
610,610-DEL CASTILHO X PRACA SECA (VIA LINHA AMARELA),Fetranspor,209,17404711,"-22.9275","-43.3428"
610,610-DEL CASTILHO X PRACA SECA (VIA LINHA AMARELA),Fetranspor,210,17404711,"-22.9276","-43.3437"
610,610-DEL CASTILHO X PRACA SECA (VIA LINHA AMARELA),Fetranspor,211,17404711,"-22.9276","-43.3438"
610,610-DEL CASTILHO X PRACA SECA (VIA LINHA AMARELA),Fetranspor,212,17404711,"-22.9276","-43.3438"
610,610-DEL CASTILHO X PRACA SECA (VIA LINHA AMARELA),Fetranspor,213,17404711,"-22.9276","-43.344"
610,610-DEL CASTILHO X PRACA SECA (VIA LINHA AMARELA),Fetranspor,214,17404711,"-22.9275","-43.3442"
610,610-DEL CASTILHO X PRACA SECA (VIA LINHA AMARELA),Fetranspor,215,17404711,"-22.9275","-43.3442"
610,610-DEL CASTILHO X PRACA SECA (VIA LINHA AMARELA),Fetranspor,216,17404711,"-22.9275","-43.3444"
610,610-DEL CASTILHO X PRACA SECA (VIA LINHA AMARELA),Fetranspor,217,17404711,"-22.9274","-43.3445"
610,610-DEL CASTILHO X PRACA SECA (VIA LINHA AMARELA),Fetranspor,218,17404711,"-22.9274","-43.3446"
610,610-DEL CASTILHO X PRACA SECA (VIA LINHA AMARELA),Fetranspor,219,17404711,"-22.927","-43.3451"
610,610-DEL CASTILHO X PRACA SECA (VIA LINHA AMARELA),Fetranspor,220,17404711,"-22.927","-43.3451"
610,610-DEL CASTILHO X PRACA SECA (VIA LINHA AMARELA),Fetranspor,221,17404711,"-22.9269","-43.3453"
610,610-DEL CASTILHO X PRACA SECA (VIA LINHA AMARELA),Fetranspor,222,17404711,"-22.9267","-43.3456"
610,610-DEL CASTILHO X PRACA SECA (VIA LINHA AMARELA),Fetranspor,223,17404711,"-22.9267","-43.3456"
610,610-DEL CASTILHO X PRACA SECA (VIA LINHA AMARELA),Fetranspor,224,17404711,"-22.9264","-43.3463"
610,610-DEL CASTILHO X PRACA SECA (VIA LINHA AMARELA),Fetranspor,225,17404711,"-22.9263","-43.3465"
610,610-DEL CASTILHO X PRACA SECA (VIA LINHA AMARELA),Fetranspor,226,17404711,"-22.9263","-43.3466"
610,610-DEL CASTILHO X PRACA SECA (VIA LINHA AMARELA),Fetranspor,227,17404711,"-22.9263","-43.3468"
610,610-DEL CASTILHO X PRACA SECA (VIA LINHA AMARELA),Fetranspor,228,17404711,"-22.9263","-43.3469"
610,610-DEL CASTILHO X PRACA SECA (VIA LINHA AMARELA),Fetranspor,229,17404711,"-22.9263","-43.347"
610,610-DEL CASTILHO X PRACA SECA (VIA LINHA AMARELA),Fetranspor,230,17404711,"-22.9263","-43.3471"
610,610-DEL CASTILHO X PRACA SECA (VIA LINHA AMARELA),Fetranspor,231,17404711,"-22.9264","-43.3474"
610,610-DEL CASTILHO X PRACA SECA (VIA LINHA AMARELA),Fetranspor,232,17404711,"-22.9264","-43.3474"
610,610-DEL CASTILHO X PRACA SECA (VIA LINHA AMARELA),Fetranspor,233,17404711,"-22.9264","-43.3474"
610,610-DEL CASTILHO X PRACA SECA (VIA LINHA AMARELA),Fetranspor,234,17404711,"-22.9264","-43.3474"
610,610-DEL CASTILHO X PRACA SECA (VIA LINHA AMARELA),Fetranspor,235,17404711,"-22.9266","-43.3483"
610,610-DEL CASTILHO X PRACA SECA (VIA LINHA AMARELA),Fetranspor,236,17404711,"-22.9266","-43.3483"
610,610-DEL CASTILHO X PRACA SECA (VIA LINHA AMARELA),Fetranspor,237,17404711,"-22.9267","-43.3487"
610,610-DEL CASTILHO X PRACA SECA (VIA LINHA AMARELA),Fetranspor,238,17404711,"-22.9268","-43.3488"
610,610-DEL CASTILHO X PRACA SECA (VIA LINHA AMARELA),Fetranspor,239,17404711,"-22.927","-43.3493"
610,610-DEL CASTILHO X PRACA SECA (VIA LINHA AMARELA),Fetranspor,240,17404711,"-22.927","-43.3493"
610,610-DEL CASTILHO X PRACA SECA (VIA LINHA AMARELA),Fetranspor,241,17404711,"-22.9271","-43.3494"
610,610-DEL CASTILHO X PRACA SECA (VIA LINHA AMARELA),Fetranspor,242,17404711,"-22.9273","-43.3499"
610,610-DEL CASTILHO X PRACA SECA (VIA LINHA AMARELA),Fetranspor,243,17404711,"-22.9273","-43.3499"
610,610-DEL CASTILHO X PRACA SECA (VIA LINHA AMARELA),Fetranspor,244,17404711,"-22.9275","-43.3505"
610,610-DEL CASTILHO X PRACA SECA (VIA LINHA AMARELA),Fetranspor,245,17404711,"-22.9278","-43.3512"
610,610-DEL CASTILHO X PRACA SECA (VIA LINHA AMARELA),Fetranspor,246,17404711,"-22.9278","-43.3512"
610,610-DEL CASTILHO X PRACA SECA (VIA LINHA AMARELA),Fetranspor,247,17404711,"-22.9283","-43.3525"
610,610-DEL CASTILHO X PRACA SECA (VIA LINHA AMARELA),Fetranspor,248,17404711,"-22.9283","-43.3525"
610,610-DEL CASTILHO X PRACA SECA (VIA LINHA AMARELA),Fetranspor,249,17404711,"-22.9285","-43.3532"
610,610-DEL CASTILHO X PRACA SECA (VIA LINHA AMARELA),Fetranspor,250,17404711,"-22.9285","-43.3532"
610,610-DEL CASTILHO X PRACA SECA (VIA LINHA AMARELA),Fetranspor,251,17404711,"-22.9288","-43.3539"
610,610-DEL CASTILHO X PRACA SECA (VIA LINHA AMARELA),Fetranspor,252,17404711,"-22.9288","-43.3539"
610,610-DEL CASTILHO X PRACA SECA (VIA LINHA AMARELA),Fetranspor,253,17404711,"-22.9288","-43.354"
610,610-DEL CASTILHO X PRACA SECA (VIA LINHA AMARELA),Fetranspor,254,17404711,"-22.9288","-43.3542"
610,610-DEL CASTILHO X PRACA SECA (VIA LINHA AMARELA),Fetranspor,255,17404711,"-22.9288","-43.3543"
610,610-DEL CASTILHO X PRACA SECA (VIA LINHA AMARELA),Fetranspor,256,17404711,"-22.9288","-43.3544"
610,610-DEL CASTILHO X PRACA SECA (VIA LINHA AMARELA),Fetranspor,257,17404711,"-22.9288","-43.3544"
610,610-DEL CASTILHO X PRACA SECA (VIA LINHA AMARELA),Fetranspor,258,17404711,"-22.9284","-43.3549"
610,610-DEL CASTILHO X PRACA SECA (VIA LINHA AMARELA),Fetranspor,259,17404711,"-22.9284","-43.3549"
610,610-DEL CASTILHO X PRACA SECA (VIA LINHA AMARELA),Fetranspor,260,17404711,"-22.9283","-43.3549"
610,610-DEL CASTILHO X PRACA SECA (VIA LINHA AMARELA),Fetranspor,261,17404711,"-22.9283","-43.3549"
610,610-DEL CASTILHO X PRACA SECA (VIA LINHA AMARELA),Fetranspor,262,17404711,"-22.9279","-43.3556"
610,610-DEL CASTILHO X PRACA SECA (VIA LINHA AMARELA),Fetranspor,263,17404711,"-22.9278","-43.3557"
610,610-DEL CASTILHO X PRACA SECA (VIA LINHA AMARELA),Fetranspor,264,17404711,"-22.9277","-43.3558"
610,610-DEL CASTILHO X PRACA SECA (VIA LINHA AMARELA),Fetranspor,265,17404711,"-22.9276","-43.3558"
610,610-DEL CASTILHO X PRACA SECA (VIA LINHA AMARELA),Fetranspor,266,17404711,"-22.9275","-43.3558"
610,610-DEL CASTILHO X PRACA SECA (VIA LINHA AMARELA),Fetranspor,267,17404711,"-22.9273","-43.3558"
610,610-DEL CASTILHO X PRACA SECA (VIA LINHA AMARELA),Fetranspor,268,17404711,"-22.9273","-43.3558"
610,610-DEL CASTILHO X PRACA SECA (VIA LINHA AMARELA),Fetranspor,269,17404711,"-22.9269","-43.3559"
610,610-DEL CASTILHO X PRACA SECA (VIA LINHA AMARELA),Fetranspor,270,17404711,"-22.9268","-43.3559"
610,610-DEL CASTILHO X PRACA SECA (VIA LINHA AMARELA),Fetranspor,271,17404711,"-22.9268","-43.3559"
610,610-DEL CASTILHO X PRACA SECA (VIA LINHA AMARELA),Fetranspor,272,17404711,"-22.9266","-43.356"
610,610-DEL CASTILHO X PRACA SECA (VIA LINHA AMARELA),Fetranspor,273,17404711,"-22.9266","-43.356"
610,610-DEL CASTILHO X PRACA SECA (VIA LINHA AMARELA),Fetranspor,274,17404711,"-22.9264","-43.3562"
610,610-DEL CASTILHO X PRACA SECA (VIA LINHA AMARELA),Fetranspor,275,17404711,"-22.9264","-43.3562"
610,610-DEL CASTILHO X PRACA SECA (VIA LINHA AMARELA),Fetranspor,276,17404711,"-22.9263","-43.3562"
610,610-DEL CASTILHO X PRACA SECA (VIA LINHA AMARELA),Fetranspor,277,17404711,"-22.9258","-43.357"
610,610-DEL CASTILHO X PRACA SECA (VIA LINHA AMARELA),Fetranspor,278,17404711,"-22.9258","-43.357"
610,610-DEL CASTILHO X PRACA SECA (VIA LINHA AMARELA),Fetranspor,279,17404711,"-22.9256","-43.3573"
610,610-DEL CASTILHO X PRACA SECA (VIA LINHA AMARELA),Fetranspor,280,17404711,"-22.9256","-43.3573"
610,610-DEL CASTILHO X PRACA SECA (VIA LINHA AMARELA),Fetranspor,281,17404711,"-22.9252","-43.3579"
610,610-DEL CASTILHO X PRACA SECA (VIA LINHA AMARELA),Fetranspor,282,17404711,"-22.9252","-43.3579"
610,610-DEL CASTILHO X PRACA SECA (VIA LINHA AMARELA),Fetranspor,283,17404711,"-22.9251","-43.358"
610,610-DEL CASTILHO X PRACA SECA (VIA LINHA AMARELA),Fetranspor,284,17404711,"-22.9251","-43.358"
610,610-DEL CASTILHO X PRACA SECA (VIA LINHA AMARELA),Fetranspor,285,17404711,"-22.9249","-43.3583"
610,610-DEL CASTILHO X PRACA SECA (VIA LINHA AMARELA),Fetranspor,286,17404711,"-22.9248","-43.3585"
610,610-DEL CASTILHO X PRACA SECA (VIA LINHA AMARELA),Fetranspor,287,17404711,"-22.9248","-43.3586"
610,610-DEL CASTILHO X PRACA SECA (VIA LINHA AMARELA),Fetranspor,288,17404711,"-22.9248","-43.3587"
610,610-DEL CASTILHO X PRACA SECA (VIA LINHA AMARELA),Fetranspor,289,17404711,"-22.9247","-43.3588"
610,610-DEL CASTILHO X PRACA SECA (VIA LINHA AMARELA),Fetranspor,290,17404711,"-22.9248","-43.3593"
610,610-DEL CASTILHO X PRACA SECA (VIA LINHA AMARELA),Fetranspor,291,17404711,"-22.9248","-43.3593"
610,610-DEL CASTILHO X PRACA SECA (VIA LINHA AMARELA),Fetranspor,292,17404711,"-22.9249","-43.3595"
610,610-DEL CASTILHO X PRACA SECA (VIA LINHA AMARELA),Fetranspor,293,17404711,"-22.9249","-43.3596"
610,610-DEL CASTILHO X PRACA SECA (VIA LINHA AMARELA),Fetranspor,294,17404711,"-22.9249","-43.3596"
610,610-DEL CASTILHO X PRACA SECA (VIA LINHA AMARELA),Fetranspor,295,17404711,"-22.925","-43.3596"
610,610-DEL CASTILHO X PRACA SECA (VIA LINHA AMARELA),Fetranspor,296,17404711,"-22.925","-43.3596"
610,610-DEL CASTILHO X PRACA SECA (VIA LINHA AMARELA),Fetranspor,297,17404711,"-22.9254","-43.3597"
610,610-DEL CASTILHO X PRACA SECA (VIA LINHA AMARELA),Fetranspor,298,17404711,"-22.926","-43.3598"
610,610-DEL CASTILHO X PRACA SECA (VIA LINHA AMARELA),Fetranspor,299,17404711,"-22.926","-43.3598"
610,610-DEL CASTILHO X PRACA SECA (VIA LINHA AMARELA),Fetranspor,300,17404711,"-22.9262","-43.3599"
610,610-DEL CASTILHO X PRACA SECA (VIA LINHA AMARELA),Fetranspor,301,17404711,"-22.9262","-43.3599"
610,610-DEL CASTILHO X PRACA SECA (VIA LINHA AMARELA),Fetranspor,302,17404711,"-22.9266","-43.36"
610,610-DEL CASTILHO X PRACA SECA (VIA LINHA AMARELA),Fetranspor,303,17404711,"-22.9266","-43.36"
610,610-DEL CASTILHO X PRACA SECA (VIA LINHA AMARELA),Fetranspor,304,17404711,"-22.9272","-43.3601"
610,610-DEL CASTILHO X PRACA SECA (VIA LINHA AMARELA),Fetranspor,305,17404711,"-22.9272","-43.3601"
610,610-DEL CASTILHO X PRACA SECA (VIA LINHA AMARELA),Fetranspor,306,17404711,"-22.9272","-43.3602"
610,610-DEL CASTILHO X PRACA SECA (VIA LINHA AMARELA),Fetranspor,307,17404711,"-22.9271","-43.3607"
610,610-DEL CASTILHO X PRACA SECA (VIA LINHA AMARELA),Fetranspor,308,17404711,"-22.9271","-43.3607"
610,610-DEL CASTILHO X PRACA SECA (VIA LINHA AMARELA),Fetranspor,309,17404711,"-22.9275","-43.3615"
610,610-DEL CASTILHO X PRACA SECA (VIA LINHA AMARELA),Fetranspor,310,17404711,"-22.9275","-43.3615"
610,610-DEL CASTILHO X PRACA SECA (VIA LINHA AMARELA),Fetranspor,311,17404711,"-22.928","-43.3625"
610,610-DEL CASTILHO X PRACA SECA (VIA LINHA AMARELA),Fetranspor,312,17404711,"-22.928","-43.3625"
610,610-DEL CASTILHO X PRACA SECA (VIA LINHA AMARELA),Fetranspor,313,17404711,"-22.9285","-43.3634"
610,610-DEL CASTILHO X PRACA SECA (VIA LINHA AMARELA),Fetranspor,314,17404711,"-22.9286","-43.3635"
610,610-DEL CASTILHO X PRACA SECA (VIA LINHA AMARELA),Fetranspor,315,17404711,"-22.9286","-43.3636"
610,610-DEL CASTILHO X PRACA SECA (VIA LINHA AMARELA),Fetranspor,316,17404711,"-22.9286","-43.3638"
610,610-DEL CASTILHO X PRACA SECA (VIA LINHA AMARELA),Fetranspor,317,17404711,"-22.9287","-43.3642"
610,610-DEL CASTILHO X PRACA SECA (VIA LINHA AMARELA),Fetranspor,318,17404711,"-22.9287","-43.3643"
610,610-DEL CASTILHO X PRACA SECA (VIA LINHA AMARELA),Fetranspor,319,17404711,"-22.9287","-43.3643"
610,610-DEL CASTILHO X PRACA SECA (VIA LINHA AMARELA),Fetranspor,320,17404711,"-22.9287","-43.3644"
610,610-DEL CASTILHO X PRACA SECA (VIA LINHA AMARELA),Fetranspor,321,17404711,"-22.9287","-43.3645"
610,610-DEL CASTILHO X PRACA SECA (VIA LINHA AMARELA),Fetranspor,322,17404711,"-22.9286","-43.3647"
610,610-DEL CASTILHO X PRACA SECA (VIA LINHA AMARELA),Fetranspor,323,17404711,"-22.9286","-43.3647"
610,610-DEL CASTILHO X PRACA SECA (VIA LINHA AMARELA),Fetranspor,324,17404711,"-22.9285","-43.3649"
610,610-DEL CASTILHO X PRACA SECA (VIA LINHA AMARELA),Fetranspor,325,17404711,"-22.9282","-43.3656"
610,610-DEL CASTILHO X PRACA SECA (VIA LINHA AMARELA),Fetranspor,326,17404711,"-22.9282","-43.3656"
610,610-DEL CASTILHO X PRACA SECA (VIA LINHA AMARELA),Fetranspor,327,17404711,"-22.9281","-43.3658"
610,610-DEL CASTILHO X PRACA SECA (VIA LINHA AMARELA),Fetranspor,328,17404711,"-22.9281","-43.3658"
610,610-DEL CASTILHO X PRACA SECA (VIA LINHA AMARELA),Fetranspor,329,17404711,"-22.9278","-43.3662"
610,610-DEL CASTILHO X PRACA SECA (VIA LINHA AMARELA),Fetranspor,330,17404711,"-22.9278","-43.3662"
610,610-DEL CASTILHO X PRACA SECA (VIA LINHA AMARELA),Fetranspor,331,17404711,"-22.9276","-43.3666"
610,610-DEL CASTILHO X PRACA SECA (VIA LINHA AMARELA),Fetranspor,332,17404711,"-22.9276","-43.3666"
610,610-DEL CASTILHO X PRACA SECA (VIA LINHA AMARELA),Fetranspor,333,17404711,"-22.9275","-43.3666"
610,610-DEL CASTILHO X PRACA SECA (VIA LINHA AMARELA),Fetranspor,334,17404711,"-22.9275","-43.3666"
610,610-DEL CASTILHO X PRACA SECA (VIA LINHA AMARELA),Fetranspor,335,17404711,"-22.9267","-43.3678"
610,610-DEL CASTILHO X PRACA SECA (VIA LINHA AMARELA),Fetranspor,336,17404711,"-22.9253","-43.3698"
610,610-DEL CASTILHO X PRACA SECA (VIA LINHA AMARELA),Fetranspor,337,17404711,"-22.9249","-43.3702"
610,610-DEL CASTILHO X PRACA SECA (VIA LINHA AMARELA),Fetranspor,338,17404711,"-22.9249","-43.3702"
610,610-DEL CASTILHO X PRACA SECA (VIA LINHA AMARELA),Fetranspor,339,17404711,"-22.9241","-43.3714"
610,610-DEL CASTILHO X PRACA SECA (VIA LINHA AMARELA),Fetranspor,340,17404711,"-22.9241","-43.3714"
610,610-DEL CASTILHO X PRACA SECA (VIA LINHA AMARELA),Fetranspor,341,17404711,"-22.9229","-43.373"
610,610-DEL CASTILHO X PRACA SECA (VIA LINHA AMARELA),Fetranspor,342,17404711,"-22.9229","-43.373"
610,610-DEL CASTILHO X PRACA SECA (VIA LINHA AMARELA),Fetranspor,343,17404711,"-22.9228","-43.373"
610,610-DEL CASTILHO X PRACA SECA (VIA LINHA AMARELA),Fetranspor,344,17404711,"-22.9228","-43.373"
610,610-DEL CASTILHO X PRACA SECA (VIA LINHA AMARELA),Fetranspor,345,17404711,"-22.9227","-43.3728"
610,610-DEL CASTILHO X PRACA SECA (VIA LINHA AMARELA),Fetranspor,346,17404711,"-22.9223","-43.3721"
610,610-DEL CASTILHO X PRACA SECA (VIA LINHA AMARELA),Fetranspor,347,17404711,"-22.9223","-43.3721"
610,610-DEL CASTILHO X PRACA SECA (VIA LINHA AMARELA),Fetranspor,348,17404711,"-22.922","-43.3715"
610,610-DEL CASTILHO X PRACA SECA (VIA LINHA AMARELA),Fetranspor,349,17404711,"-22.9218","-43.3712"
610,610-DEL CASTILHO X PRACA SECA (VIA LINHA AMARELA),Fetranspor,350,17404711,"-22.9218","-43.3712"
610,610-DEL CASTILHO X PRACA SECA (VIA LINHA AMARELA),Fetranspor,351,17404711,"-22.9213","-43.3704"
610,610-DEL CASTILHO X PRACA SECA (VIA LINHA AMARELA),Fetranspor,352,17404711,"-22.9213","-43.3704"
610,610-DEL CASTILHO X PRACA SECA (VIA LINHA AMARELA),Fetranspor,353,17404711,"-22.9205","-43.369"
610,610-DEL CASTILHO X PRACA SECA (VIA LINHA AMARELA),Fetranspor,354,17404711,"-22.9205","-43.369"
610,610-DEL CASTILHO X PRACA SECA (VIA LINHA AMARELA),Fetranspor,355,17404711,"-22.9203","-43.3685"
610,610-DEL CASTILHO X PRACA SECA (VIA LINHA AMARELA),Fetranspor,356,17404711,"-22.9198","-43.3676"
610,610-DEL CASTILHO X PRACA SECA (VIA LINHA AMARELA),Fetranspor,357,17404711,"-22.9198","-43.3676"
610,610-DEL CASTILHO X PRACA SECA (VIA LINHA AMARELA),Fetranspor,358,17404711,"-22.9191","-43.3664"
610,610-DEL CASTILHO X PRACA SECA (VIA LINHA AMARELA),Fetranspor,359,17404711,"-22.9191","-43.3664"
610,610-DEL CASTILHO X PRACA SECA (VIA LINHA AMARELA),Fetranspor,360,17404711,"-22.9185","-43.3654"
610,610-DEL CASTILHO X PRACA SECA (VIA LINHA AMARELA),Fetranspor,361,17404711,"-22.9185","-43.3654"
610,610-DEL CASTILHO X PRACA SECA (VIA LINHA AMARELA),Fetranspor,362,17404711,"-22.9181","-43.3647"
610,610-DEL CASTILHO X PRACA SECA (VIA LINHA AMARELA),Fetranspor,363,17404711,"-22.918","-43.3644"
610,610-DEL CASTILHO X PRACA SECA (VIA LINHA AMARELA),Fetranspor,364,17404711,"-22.918","-43.3644"
610,610-DEL CASTILHO X PRACA SECA (VIA LINHA AMARELA),Fetranspor,365,17404711,"-22.918","-43.3644"
610,610-DEL CASTILHO X PRACA SECA (VIA LINHA AMARELA),Fetranspor,366,17404711,"-22.9179","-43.3642"
610,610-DEL CASTILHO X PRACA SECA (VIA LINHA AMARELA),Fetranspor,367,17404711,"-22.9176","-43.3637"
610,610-DEL CASTILHO X PRACA SECA (VIA LINHA AMARELA),Fetranspor,368,17404711,"-22.9176","-43.3637"
610,610-DEL CASTILHO X PRACA SECA (VIA LINHA AMARELA),Fetranspor,369,17404711,"-22.9173","-43.3632"
610,610-DEL CASTILHO X PRACA SECA (VIA LINHA AMARELA),Fetranspor,370,17404711,"-22.917","-43.3627"
610,610-DEL CASTILHO X PRACA SECA (VIA LINHA AMARELA),Fetranspor,371,17404711,"-22.9166","-43.3621"
610,610-DEL CASTILHO X PRACA SECA (VIA LINHA AMARELA),Fetranspor,372,17404711,"-22.9165","-43.3618"
610,610-DEL CASTILHO X PRACA SECA (VIA LINHA AMARELA),Fetranspor,373,17404711,"-22.9165","-43.3618"
610,610-DEL CASTILHO X PRACA SECA (VIA LINHA AMARELA),Fetranspor,374,17404711,"-22.9164","-43.3616"
610,610-DEL CASTILHO X PRACA SECA (VIA LINHA AMARELA),Fetranspor,375,17404711,"-22.9164","-43.3616"
610,610-DEL CASTILHO X PRACA SECA (VIA LINHA AMARELA),Fetranspor,376,17404711,"-22.9162","-43.3612"
610,610-DEL CASTILHO X PRACA SECA (VIA LINHA AMARELA),Fetranspor,377,17404711,"-22.9161","-43.3611"
610,610-DEL CASTILHO X PRACA SECA (VIA LINHA AMARELA),Fetranspor,378,17404711,"-22.916","-43.3609"
610,610-DEL CASTILHO X PRACA SECA (VIA LINHA AMARELA),Fetranspor,379,17404711,"-22.9159","-43.3609"
610,610-DEL CASTILHO X PRACA SECA (VIA LINHA AMARELA),Fetranspor,380,17404711,"-22.9159","-43.3608"
610,610-DEL CASTILHO X PRACA SECA (VIA LINHA AMARELA),Fetranspor,381,17404711,"-22.9158","-43.3608"
610,610-DEL CASTILHO X PRACA SECA (VIA LINHA AMARELA),Fetranspor,382,17404711,"-22.9157","-43.3607"
610,610-DEL CASTILHO X PRACA SECA (VIA LINHA AMARELA),Fetranspor,383,17404711,"-22.9156","-43.3607"
610,610-DEL CASTILHO X PRACA SECA (VIA LINHA AMARELA),Fetranspor,384,17404711,"-22.9155","-43.3607"
610,610-DEL CASTILHO X PRACA SECA (VIA LINHA AMARELA),Fetranspor,385,17404711,"-22.9152","-43.3607"
610,610-DEL CASTILHO X PRACA SECA (VIA LINHA AMARELA),Fetranspor,386,17404711,"-22.9152","-43.3607"
610,610-DEL CASTILHO X PRACA SECA (VIA LINHA AMARELA),Fetranspor,387,17404711,"-22.915","-43.3607"
610,610-DEL CASTILHO X PRACA SECA (VIA LINHA AMARELA),Fetranspor,388,17404711,"-22.9145","-43.3606"
610,610-DEL CASTILHO X PRACA SECA (VIA LINHA AMARELA),Fetranspor,389,17404711,"-22.9141","-43.3605"
610,610-DEL CASTILHO X PRACA SECA (VIA LINHA AMARELA),Fetranspor,390,17404711,"-22.9141","-43.3605"
610,610-DEL CASTILHO X PRACA SECA (VIA LINHA AMARELA),Fetranspor,391,17404711,"-22.9137","-43.3605"
610,610-DEL CASTILHO X PRACA SECA (VIA LINHA AMARELA),Fetranspor,392,17404711,"-22.9134","-43.3604"
610,610-DEL CASTILHO X PRACA SECA (VIA LINHA AMARELA),Fetranspor,393,17404711,"-22.9132","-43.3604"
610,610-DEL CASTILHO X PRACA SECA (VIA LINHA AMARELA),Fetranspor,394,17404711,"-22.9126","-43.3604"
610,610-DEL CASTILHO X PRACA SECA (VIA LINHA AMARELA),Fetranspor,395,17404711,"-22.9126","-43.3604"
610,610-DEL CASTILHO X PRACA SECA (VIA LINHA AMARELA),Fetranspor,396,17404711,"-22.912","-43.3604"
610,610-DEL CASTILHO X PRACA SECA (VIA LINHA AMARELA),Fetranspor,397,17404711,"-22.9117","-43.3604"
610,610-DEL CASTILHO X PRACA SECA (VIA LINHA AMARELA),Fetranspor,398,17404711,"-22.911","-43.3603"
610,610-DEL CASTILHO X PRACA SECA (VIA LINHA AMARELA),Fetranspor,399,17404711,"-22.9108","-43.3602"
610,610-DEL CASTILHO X PRACA SECA (VIA LINHA AMARELA),Fetranspor,400,17404711,"-22.9106","-43.3601"
610,610-DEL CASTILHO X PRACA SECA (VIA LINHA AMARELA),Fetranspor,401,17404711,"-22.9104","-43.36"
610,610-DEL CASTILHO X PRACA SECA (VIA LINHA AMARELA),Fetranspor,402,17404711,"-22.9102","-43.3599"
610,610-DEL CASTILHO X PRACA SECA (VIA LINHA AMARELA),Fetranspor,403,17404711,"-22.9095","-43.3593"
610,610-DEL CASTILHO X PRACA SECA (VIA LINHA AMARELA),Fetranspor,404,17404711,"-22.9095","-43.3593"
610,610-DEL CASTILHO X PRACA SECA (VIA LINHA AMARELA),Fetranspor,405,17404711,"-22.909","-43.3588"
610,610-DEL CASTILHO X PRACA SECA (VIA LINHA AMARELA),Fetranspor,406,17404711,"-22.909","-43.3588"
610,610-DEL CASTILHO X PRACA SECA (VIA LINHA AMARELA),Fetranspor,407,17404711,"-22.9087","-43.3586"
610,610-DEL CASTILHO X PRACA SECA (VIA LINHA AMARELA),Fetranspor,408,17404711,"-22.9085","-43.3584"
610,610-DEL CASTILHO X PRACA SECA (VIA LINHA AMARELA),Fetranspor,409,17404711,"-22.9083","-43.3583"
610,610-DEL CASTILHO X PRACA SECA (VIA LINHA AMARELA),Fetranspor,410,17404711,"-22.9082","-43.3582"
610,610-DEL CASTILHO X PRACA SECA (VIA LINHA AMARELA),Fetranspor,411,17404711,"-22.9079","-43.3581"
610,610-DEL CASTILHO X PRACA SECA (VIA LINHA AMARELA),Fetranspor,412,17404711,"-22.9059","-43.3575"
610,610-DEL CASTILHO X PRACA SECA (VIA LINHA AMARELA),Fetranspor,413,17404711,"-22.9059","-43.3575"
610,610-DEL CASTILHO X PRACA SECA (VIA LINHA AMARELA),Fetranspor,414,17404711,"-22.9051","-43.3572"
610,610-DEL CASTILHO X PRACA SECA (VIA LINHA AMARELA),Fetranspor,415,17404711,"-22.9049","-43.3571"
610,610-DEL CASTILHO X PRACA SECA (VIA LINHA AMARELA),Fetranspor,416,17404711,"-22.904","-43.3566"
610,610-DEL CASTILHO X PRACA SECA (VIA LINHA AMARELA),Fetranspor,417,17404711,"-22.9037","-43.3564"
610,610-DEL CASTILHO X PRACA SECA (VIA LINHA AMARELA),Fetranspor,418,17404711,"-22.9037","-43.3564"
610,610-DEL CASTILHO X PRACA SECA (VIA LINHA AMARELA),Fetranspor,419,17404711,"-22.9031","-43.356"
610,610-DEL CASTILHO X PRACA SECA (VIA LINHA AMARELA),Fetranspor,420,17404711,"-22.9031","-43.356"
610,610-DEL CASTILHO X PRACA SECA (VIA LINHA AMARELA),Fetranspor,421,17404711,"-22.9023","-43.3554"
610,610-DEL CASTILHO X PRACA SECA (VIA LINHA AMARELA),Fetranspor,422,17404711,"-22.9021","-43.3553"
610,610-DEL CASTILHO X PRACA SECA (VIA LINHA AMARELA),Fetranspor,423,17404711,"-22.9021","-43.3553"
610,610-DEL CASTILHO X PRACA SECA (VIA LINHA AMARELA),Fetranspor,424,17404711,"-22.9003","-43.3541"
610,610-DEL CASTILHO X PRACA SECA (VIA LINHA AMARELA),Fetranspor,425,17404711,"-22.9003","-43.3541"
610,610-DEL CASTILHO X PRACA SECA (VIA LINHA AMARELA),Fetranspor,426,17404711,"-22.8996","-43.3536"
610,610-DEL CASTILHO X PRACA SECA (VIA LINHA AMARELA),Fetranspor,427,17404711,"-22.8992","-43.3533"
610,610-DEL CASTILHO X PRACA SECA (VIA LINHA AMARELA),Fetranspor,428,17404711,"-22.8984","-43.3527"
610,610-DEL CASTILHO X PRACA SECA (VIA LINHA AMARELA),Fetranspor,429,17404711,"-22.8984","-43.3527"
610,610-DEL CASTILHO X PRACA SECA (VIA LINHA AMARELA),Fetranspor,430,17404711,"-22.8982","-43.3526"
610,610-DEL CASTILHO X PRACA SECA (VIA LINHA AMARELA),Fetranspor,431,17404711,"-22.8972","-43.3518"
610,610-DEL CASTILHO X PRACA SECA (VIA LINHA AMARELA),Fetranspor,432,17404711,"-22.897","-43.3516"
610,610-DEL CASTILHO X PRACA SECA (VIA LINHA AMARELA),Fetranspor,433,17404711,"-22.897","-43.3516"
610,610-DEL CASTILHO X PRACA SECA (VIA LINHA AMARELA),Fetranspor,434,17404711,"-22.8973","-43.3512"
610,610-DEL CASTILHO X PRACA SECA (VIA LINHA AMARELA),Fetranspor,435,17404711,"-22.8973","-43.3512"
610,610-DEL CASTILHO X PRACA SECA (VIA LINHA AMARELA),Fetranspor,436,17404711,"-22.898","-43.3503"
610,610-DEL CASTILHO X PRACA SECA (VIA LINHA AMARELA),Fetranspor,437,17404711,"-22.8984","-43.3497"
