linha,descricao,agencia,sequencia,shape_id,latitude,longitude
613,613-DEL CASTILHO X RIO CENTRO (VIA AUTODROMO E LINHA AMARELA),Fetranspor,0,17374776,"-22.8801","-43.2696"
613,613-DEL CASTILHO X RIO CENTRO (VIA AUTODROMO E LINHA AMARELA),Fetranspor,1,17374776,"-22.8799","-43.27"
613,613-DEL CASTILHO X RIO CENTRO (VIA AUTODROMO E LINHA AMARELA),Fetranspor,2,17374776,"-22.8794","-43.2709"
613,613-DEL CASTILHO X RIO CENTRO (VIA AUTODROMO E LINHA AMARELA),Fetranspor,3,17374776,"-22.8793","-43.2712"
613,613-DEL CASTILHO X RIO CENTRO (VIA AUTODROMO E LINHA AMARELA),Fetranspor,4,17374776,"-22.879","-43.2718"
613,613-DEL CASTILHO X RIO CENTRO (VIA AUTODROMO E LINHA AMARELA),Fetranspor,5,17374776,"-22.8787","-43.2724"
613,613-DEL CASTILHO X RIO CENTRO (VIA AUTODROMO E LINHA AMARELA),Fetranspor,6,17374776,"-22.8786","-43.2728"
613,613-DEL CASTILHO X RIO CENTRO (VIA AUTODROMO E LINHA AMARELA),Fetranspor,7,17374776,"-22.8786","-43.2728"
613,613-DEL CASTILHO X RIO CENTRO (VIA AUTODROMO E LINHA AMARELA),Fetranspor,8,17374776,"-22.8785","-43.273"
613,613-DEL CASTILHO X RIO CENTRO (VIA AUTODROMO E LINHA AMARELA),Fetranspor,9,17374776,"-22.8783","-43.2733"
613,613-DEL CASTILHO X RIO CENTRO (VIA AUTODROMO E LINHA AMARELA),Fetranspor,10,17374776,"-22.8783","-43.2734"
613,613-DEL CASTILHO X RIO CENTRO (VIA AUTODROMO E LINHA AMARELA),Fetranspor,11,17374776,"-22.8781","-43.2736"
613,613-DEL CASTILHO X RIO CENTRO (VIA AUTODROMO E LINHA AMARELA),Fetranspor,12,17374776,"-22.878","-43.2737"
613,613-DEL CASTILHO X RIO CENTRO (VIA AUTODROMO E LINHA AMARELA),Fetranspor,13,17374776,"-22.878","-43.2737"
613,613-DEL CASTILHO X RIO CENTRO (VIA AUTODROMO E LINHA AMARELA),Fetranspor,14,17374776,"-22.8779","-43.2738"
613,613-DEL CASTILHO X RIO CENTRO (VIA AUTODROMO E LINHA AMARELA),Fetranspor,15,17374776,"-22.8777","-43.2741"
613,613-DEL CASTILHO X RIO CENTRO (VIA AUTODROMO E LINHA AMARELA),Fetranspor,16,17374776,"-22.8776","-43.2742"
613,613-DEL CASTILHO X RIO CENTRO (VIA AUTODROMO E LINHA AMARELA),Fetranspor,17,17374776,"-22.8774","-43.2742"
613,613-DEL CASTILHO X RIO CENTRO (VIA AUTODROMO E LINHA AMARELA),Fetranspor,18,17374776,"-22.8774","-43.2742"
613,613-DEL CASTILHO X RIO CENTRO (VIA AUTODROMO E LINHA AMARELA),Fetranspor,19,17374776,"-22.8773","-43.2743"
613,613-DEL CASTILHO X RIO CENTRO (VIA AUTODROMO E LINHA AMARELA),Fetranspor,20,17374776,"-22.8771","-43.2743"
613,613-DEL CASTILHO X RIO CENTRO (VIA AUTODROMO E LINHA AMARELA),Fetranspor,21,17374776,"-22.877","-43.2743"
613,613-DEL CASTILHO X RIO CENTRO (VIA AUTODROMO E LINHA AMARELA),Fetranspor,22,17374776,"-22.8768","-43.2742"
613,613-DEL CASTILHO X RIO CENTRO (VIA AUTODROMO E LINHA AMARELA),Fetranspor,23,17374776,"-22.8767","-43.274"
613,613-DEL CASTILHO X RIO CENTRO (VIA AUTODROMO E LINHA AMARELA),Fetranspor,24,17374776,"-22.8764","-43.2738"
613,613-DEL CASTILHO X RIO CENTRO (VIA AUTODROMO E LINHA AMARELA),Fetranspor,25,17374776,"-22.8763","-43.2735"
613,613-DEL CASTILHO X RIO CENTRO (VIA AUTODROMO E LINHA AMARELA),Fetranspor,26,17374776,"-22.8762","-43.2734"
613,613-DEL CASTILHO X RIO CENTRO (VIA AUTODROMO E LINHA AMARELA),Fetranspor,27,17374776,"-22.8761","-43.2734"
613,613-DEL CASTILHO X RIO CENTRO (VIA AUTODROMO E LINHA AMARELA),Fetranspor,28,17374776,"-22.876","-43.2733"
613,613-DEL CASTILHO X RIO CENTRO (VIA AUTODROMO E LINHA AMARELA),Fetranspor,29,17374776,"-22.8759","-43.2733"
613,613-DEL CASTILHO X RIO CENTRO (VIA AUTODROMO E LINHA AMARELA),Fetranspor,30,17374776,"-22.8758","-43.2733"
613,613-DEL CASTILHO X RIO CENTRO (VIA AUTODROMO E LINHA AMARELA),Fetranspor,31,17374776,"-22.8758","-43.2733"
613,613-DEL CASTILHO X RIO CENTRO (VIA AUTODROMO E LINHA AMARELA),Fetranspor,32,17374776,"-22.8758","-43.2733"
613,613-DEL CASTILHO X RIO CENTRO (VIA AUTODROMO E LINHA AMARELA),Fetranspor,33,17374776,"-22.8757","-43.2734"
613,613-DEL CASTILHO X RIO CENTRO (VIA AUTODROMO E LINHA AMARELA),Fetranspor,34,17374776,"-22.8757","-43.2734"
613,613-DEL CASTILHO X RIO CENTRO (VIA AUTODROMO E LINHA AMARELA),Fetranspor,35,17374776,"-22.8757","-43.2734"
613,613-DEL CASTILHO X RIO CENTRO (VIA AUTODROMO E LINHA AMARELA),Fetranspor,36,17374776,"-22.8756","-43.2734"
613,613-DEL CASTILHO X RIO CENTRO (VIA AUTODROMO E LINHA AMARELA),Fetranspor,37,17374776,"-22.8755","-43.2735"
613,613-DEL CASTILHO X RIO CENTRO (VIA AUTODROMO E LINHA AMARELA),Fetranspor,38,17374776,"-22.8754","-43.2737"
613,613-DEL CASTILHO X RIO CENTRO (VIA AUTODROMO E LINHA AMARELA),Fetranspor,39,17374776,"-22.8754","-43.2738"
613,613-DEL CASTILHO X RIO CENTRO (VIA AUTODROMO E LINHA AMARELA),Fetranspor,40,17374776,"-22.8754","-43.2739"
613,613-DEL CASTILHO X RIO CENTRO (VIA AUTODROMO E LINHA AMARELA),Fetranspor,41,17374776,"-22.8754","-43.274"
613,613-DEL CASTILHO X RIO CENTRO (VIA AUTODROMO E LINHA AMARELA),Fetranspor,42,17374776,"-22.8754","-43.2741"
613,613-DEL CASTILHO X RIO CENTRO (VIA AUTODROMO E LINHA AMARELA),Fetranspor,43,17374776,"-22.8759","-43.2751"
613,613-DEL CASTILHO X RIO CENTRO (VIA AUTODROMO E LINHA AMARELA),Fetranspor,44,17374776,"-22.8761","-43.2755"
613,613-DEL CASTILHO X RIO CENTRO (VIA AUTODROMO E LINHA AMARELA),Fetranspor,45,17374776,"-22.8763","-43.2757"
613,613-DEL CASTILHO X RIO CENTRO (VIA AUTODROMO E LINHA AMARELA),Fetranspor,46,17374776,"-22.8763","-43.2757"
613,613-DEL CASTILHO X RIO CENTRO (VIA AUTODROMO E LINHA AMARELA),Fetranspor,47,17374776,"-22.8764","-43.2759"
613,613-DEL CASTILHO X RIO CENTRO (VIA AUTODROMO E LINHA AMARELA),Fetranspor,48,17374776,"-22.8765","-43.276"
613,613-DEL CASTILHO X RIO CENTRO (VIA AUTODROMO E LINHA AMARELA),Fetranspor,49,17374776,"-22.8765","-43.2761"
613,613-DEL CASTILHO X RIO CENTRO (VIA AUTODROMO E LINHA AMARELA),Fetranspor,50,17374776,"-22.8767","-43.2763"
613,613-DEL CASTILHO X RIO CENTRO (VIA AUTODROMO E LINHA AMARELA),Fetranspor,51,17374776,"-22.8773","-43.2768"
613,613-DEL CASTILHO X RIO CENTRO (VIA AUTODROMO E LINHA AMARELA),Fetranspor,52,17374776,"-22.8776","-43.2771"
613,613-DEL CASTILHO X RIO CENTRO (VIA AUTODROMO E LINHA AMARELA),Fetranspor,53,17374776,"-22.8779","-43.2773"
613,613-DEL CASTILHO X RIO CENTRO (VIA AUTODROMO E LINHA AMARELA),Fetranspor,54,17374776,"-22.8781","-43.2774"
613,613-DEL CASTILHO X RIO CENTRO (VIA AUTODROMO E LINHA AMARELA),Fetranspor,55,17374776,"-22.8784","-43.2776"
613,613-DEL CASTILHO X RIO CENTRO (VIA AUTODROMO E LINHA AMARELA),Fetranspor,56,17374776,"-22.8784","-43.2776"
613,613-DEL CASTILHO X RIO CENTRO (VIA AUTODROMO E LINHA AMARELA),Fetranspor,57,17374776,"-22.879","-43.2781"
613,613-DEL CASTILHO X RIO CENTRO (VIA AUTODROMO E LINHA AMARELA),Fetranspor,58,17374776,"-22.8793","-43.2784"
613,613-DEL CASTILHO X RIO CENTRO (VIA AUTODROMO E LINHA AMARELA),Fetranspor,59,17374776,"-22.8796","-43.2787"
613,613-DEL CASTILHO X RIO CENTRO (VIA AUTODROMO E LINHA AMARELA),Fetranspor,60,17374776,"-22.8799","-43.2793"
613,613-DEL CASTILHO X RIO CENTRO (VIA AUTODROMO E LINHA AMARELA),Fetranspor,61,17374776,"-22.8803","-43.2799"
613,613-DEL CASTILHO X RIO CENTRO (VIA AUTODROMO E LINHA AMARELA),Fetranspor,62,17374776,"-22.8807","-43.2807"
613,613-DEL CASTILHO X RIO CENTRO (VIA AUTODROMO E LINHA AMARELA),Fetranspor,63,17374776,"-22.8811","-43.2816"
613,613-DEL CASTILHO X RIO CENTRO (VIA AUTODROMO E LINHA AMARELA),Fetranspor,64,17374776,"-22.8813","-43.2823"
613,613-DEL CASTILHO X RIO CENTRO (VIA AUTODROMO E LINHA AMARELA),Fetranspor,65,17374776,"-22.8814","-43.2827"
613,613-DEL CASTILHO X RIO CENTRO (VIA AUTODROMO E LINHA AMARELA),Fetranspor,66,17374776,"-22.8817","-43.2837"
613,613-DEL CASTILHO X RIO CENTRO (VIA AUTODROMO E LINHA AMARELA),Fetranspor,67,17374776,"-22.8817","-43.2837"
613,613-DEL CASTILHO X RIO CENTRO (VIA AUTODROMO E LINHA AMARELA),Fetranspor,68,17374776,"-22.8821","-43.2847"
613,613-DEL CASTILHO X RIO CENTRO (VIA AUTODROMO E LINHA AMARELA),Fetranspor,69,17374776,"-22.8823","-43.2856"
613,613-DEL CASTILHO X RIO CENTRO (VIA AUTODROMO E LINHA AMARELA),Fetranspor,70,17374776,"-22.8824","-43.2863"
613,613-DEL CASTILHO X RIO CENTRO (VIA AUTODROMO E LINHA AMARELA),Fetranspor,71,17374776,"-22.8824","-43.2863"
613,613-DEL CASTILHO X RIO CENTRO (VIA AUTODROMO E LINHA AMARELA),Fetranspor,72,17374776,"-22.8825","-43.2869"
613,613-DEL CASTILHO X RIO CENTRO (VIA AUTODROMO E LINHA AMARELA),Fetranspor,73,17374776,"-22.8825","-43.2869"
613,613-DEL CASTILHO X RIO CENTRO (VIA AUTODROMO E LINHA AMARELA),Fetranspor,74,17374776,"-22.8826","-43.287"
613,613-DEL CASTILHO X RIO CENTRO (VIA AUTODROMO E LINHA AMARELA),Fetranspor,75,17374776,"-22.8826","-43.2875"
613,613-DEL CASTILHO X RIO CENTRO (VIA AUTODROMO E LINHA AMARELA),Fetranspor,76,17374776,"-22.8827","-43.2879"
613,613-DEL CASTILHO X RIO CENTRO (VIA AUTODROMO E LINHA AMARELA),Fetranspor,77,17374776,"-22.8829","-43.2884"
613,613-DEL CASTILHO X RIO CENTRO (VIA AUTODROMO E LINHA AMARELA),Fetranspor,78,17374776,"-22.8831","-43.2888"
613,613-DEL CASTILHO X RIO CENTRO (VIA AUTODROMO E LINHA AMARELA),Fetranspor,79,17374776,"-22.8832","-43.2891"
613,613-DEL CASTILHO X RIO CENTRO (VIA AUTODROMO E LINHA AMARELA),Fetranspor,80,17374776,"-22.8833","-43.2893"
613,613-DEL CASTILHO X RIO CENTRO (VIA AUTODROMO E LINHA AMARELA),Fetranspor,81,17374776,"-22.8833","-43.2893"
613,613-DEL CASTILHO X RIO CENTRO (VIA AUTODROMO E LINHA AMARELA),Fetranspor,82,17374776,"-22.8835","-43.2896"
613,613-DEL CASTILHO X RIO CENTRO (VIA AUTODROMO E LINHA AMARELA),Fetranspor,83,17374776,"-22.8837","-43.29"
613,613-DEL CASTILHO X RIO CENTRO (VIA AUTODROMO E LINHA AMARELA),Fetranspor,84,17374776,"-22.8839","-43.2901"
613,613-DEL CASTILHO X RIO CENTRO (VIA AUTODROMO E LINHA AMARELA),Fetranspor,85,17374776,"-22.8841","-43.2905"
613,613-DEL CASTILHO X RIO CENTRO (VIA AUTODROMO E LINHA AMARELA),Fetranspor,86,17374776,"-22.8844","-43.2908"
613,613-DEL CASTILHO X RIO CENTRO (VIA AUTODROMO E LINHA AMARELA),Fetranspor,87,17374776,"-22.8845","-43.2909"
613,613-DEL CASTILHO X RIO CENTRO (VIA AUTODROMO E LINHA AMARELA),Fetranspor,88,17374776,"-22.8848","-43.2912"
613,613-DEL CASTILHO X RIO CENTRO (VIA AUTODROMO E LINHA AMARELA),Fetranspor,89,17374776,"-22.8851","-43.2914"
613,613-DEL CASTILHO X RIO CENTRO (VIA AUTODROMO E LINHA AMARELA),Fetranspor,90,17374776,"-22.8859","-43.292"
613,613-DEL CASTILHO X RIO CENTRO (VIA AUTODROMO E LINHA AMARELA),Fetranspor,91,17374776,"-22.8863","-43.2923"
613,613-DEL CASTILHO X RIO CENTRO (VIA AUTODROMO E LINHA AMARELA),Fetranspor,92,17374776,"-22.8863","-43.2923"
613,613-DEL CASTILHO X RIO CENTRO (VIA AUTODROMO E LINHA AMARELA),Fetranspor,93,17374776,"-22.8868","-43.2926"
613,613-DEL CASTILHO X RIO CENTRO (VIA AUTODROMO E LINHA AMARELA),Fetranspor,94,17374776,"-22.8871","-43.293"
613,613-DEL CASTILHO X RIO CENTRO (VIA AUTODROMO E LINHA AMARELA),Fetranspor,95,17374776,"-22.8874","-43.2933"
613,613-DEL CASTILHO X RIO CENTRO (VIA AUTODROMO E LINHA AMARELA),Fetranspor,96,17374776,"-22.8887","-43.2949"
613,613-DEL CASTILHO X RIO CENTRO (VIA AUTODROMO E LINHA AMARELA),Fetranspor,97,17374776,"-22.8891","-43.2954"
613,613-DEL CASTILHO X RIO CENTRO (VIA AUTODROMO E LINHA AMARELA),Fetranspor,98,17374776,"-22.8907","-43.2974"
613,613-DEL CASTILHO X RIO CENTRO (VIA AUTODROMO E LINHA AMARELA),Fetranspor,99,17374776,"-22.8907","-43.2974"
613,613-DEL CASTILHO X RIO CENTRO (VIA AUTODROMO E LINHA AMARELA),Fetranspor,100,17374776,"-22.8916","-43.2986"
613,613-DEL CASTILHO X RIO CENTRO (VIA AUTODROMO E LINHA AMARELA),Fetranspor,101,17374776,"-22.8919","-43.2989"
613,613-DEL CASTILHO X RIO CENTRO (VIA AUTODROMO E LINHA AMARELA),Fetranspor,102,17374776,"-22.8921","-43.2991"
613,613-DEL CASTILHO X RIO CENTRO (VIA AUTODROMO E LINHA AMARELA),Fetranspor,103,17374776,"-22.8923","-43.2993"
613,613-DEL CASTILHO X RIO CENTRO (VIA AUTODROMO E LINHA AMARELA),Fetranspor,104,17374776,"-22.8923","-43.2993"
613,613-DEL CASTILHO X RIO CENTRO (VIA AUTODROMO E LINHA AMARELA),Fetranspor,105,17374776,"-22.8926","-43.2995"
613,613-DEL CASTILHO X RIO CENTRO (VIA AUTODROMO E LINHA AMARELA),Fetranspor,106,17374776,"-22.8927","-43.2996"
613,613-DEL CASTILHO X RIO CENTRO (VIA AUTODROMO E LINHA AMARELA),Fetranspor,107,17374776,"-22.8931","-43.2999"
613,613-DEL CASTILHO X RIO CENTRO (VIA AUTODROMO E LINHA AMARELA),Fetranspor,108,17374776,"-22.8934","-43.3"
613,613-DEL CASTILHO X RIO CENTRO (VIA AUTODROMO E LINHA AMARELA),Fetranspor,109,17374776,"-22.8937","-43.3001"
613,613-DEL CASTILHO X RIO CENTRO (VIA AUTODROMO E LINHA AMARELA),Fetranspor,110,17374776,"-22.8938","-43.3002"
613,613-DEL CASTILHO X RIO CENTRO (VIA AUTODROMO E LINHA AMARELA),Fetranspor,111,17374776,"-22.8938","-43.3002"
613,613-DEL CASTILHO X RIO CENTRO (VIA AUTODROMO E LINHA AMARELA),Fetranspor,112,17374776,"-22.8939","-43.3002"
613,613-DEL CASTILHO X RIO CENTRO (VIA AUTODROMO E LINHA AMARELA),Fetranspor,113,17374776,"-22.8941","-43.3003"
613,613-DEL CASTILHO X RIO CENTRO (VIA AUTODROMO E LINHA AMARELA),Fetranspor,114,17374776,"-22.8946","-43.3004"
613,613-DEL CASTILHO X RIO CENTRO (VIA AUTODROMO E LINHA AMARELA),Fetranspor,115,17374776,"-22.895","-43.3005"
613,613-DEL CASTILHO X RIO CENTRO (VIA AUTODROMO E LINHA AMARELA),Fetranspor,116,17374776,"-22.8952","-43.3006"
613,613-DEL CASTILHO X RIO CENTRO (VIA AUTODROMO E LINHA AMARELA),Fetranspor,117,17374776,"-22.8953","-43.3007"
613,613-DEL CASTILHO X RIO CENTRO (VIA AUTODROMO E LINHA AMARELA),Fetranspor,118,17374776,"-22.8957","-43.3008"
613,613-DEL CASTILHO X RIO CENTRO (VIA AUTODROMO E LINHA AMARELA),Fetranspor,119,17374776,"-22.8959","-43.3009"
613,613-DEL CASTILHO X RIO CENTRO (VIA AUTODROMO E LINHA AMARELA),Fetranspor,120,17374776,"-22.8962","-43.3011"
613,613-DEL CASTILHO X RIO CENTRO (VIA AUTODROMO E LINHA AMARELA),Fetranspor,121,17374776,"-22.8966","-43.3013"
613,613-DEL CASTILHO X RIO CENTRO (VIA AUTODROMO E LINHA AMARELA),Fetranspor,122,17374776,"-22.8972","-43.3017"
613,613-DEL CASTILHO X RIO CENTRO (VIA AUTODROMO E LINHA AMARELA),Fetranspor,123,17374776,"-22.8977","-43.3022"
613,613-DEL CASTILHO X RIO CENTRO (VIA AUTODROMO E LINHA AMARELA),Fetranspor,124,17374776,"-22.8978","-43.3023"
613,613-DEL CASTILHO X RIO CENTRO (VIA AUTODROMO E LINHA AMARELA),Fetranspor,125,17374776,"-22.8983","-43.3026"
613,613-DEL CASTILHO X RIO CENTRO (VIA AUTODROMO E LINHA AMARELA),Fetranspor,126,17374776,"-22.8986","-43.3027"
613,613-DEL CASTILHO X RIO CENTRO (VIA AUTODROMO E LINHA AMARELA),Fetranspor,127,17374776,"-22.8991","-43.3029"
613,613-DEL CASTILHO X RIO CENTRO (VIA AUTODROMO E LINHA AMARELA),Fetranspor,128,17374776,"-22.8997","-43.3031"
613,613-DEL CASTILHO X RIO CENTRO (VIA AUTODROMO E LINHA AMARELA),Fetranspor,129,17374776,"-22.9002","-43.3033"
613,613-DEL CASTILHO X RIO CENTRO (VIA AUTODROMO E LINHA AMARELA),Fetranspor,130,17374776,"-22.9004","-43.3034"
613,613-DEL CASTILHO X RIO CENTRO (VIA AUTODROMO E LINHA AMARELA),Fetranspor,131,17374776,"-22.9004","-43.3034"
613,613-DEL CASTILHO X RIO CENTRO (VIA AUTODROMO E LINHA AMARELA),Fetranspor,132,17374776,"-22.9014","-43.3037"
613,613-DEL CASTILHO X RIO CENTRO (VIA AUTODROMO E LINHA AMARELA),Fetranspor,133,17374776,"-22.9022","-43.304"
613,613-DEL CASTILHO X RIO CENTRO (VIA AUTODROMO E LINHA AMARELA),Fetranspor,134,17374776,"-22.903","-43.3042"
613,613-DEL CASTILHO X RIO CENTRO (VIA AUTODROMO E LINHA AMARELA),Fetranspor,135,17374776,"-22.9041","-43.3046"
613,613-DEL CASTILHO X RIO CENTRO (VIA AUTODROMO E LINHA AMARELA),Fetranspor,136,17374776,"-22.9041","-43.3046"
613,613-DEL CASTILHO X RIO CENTRO (VIA AUTODROMO E LINHA AMARELA),Fetranspor,137,17374776,"-22.9045","-43.3047"
613,613-DEL CASTILHO X RIO CENTRO (VIA AUTODROMO E LINHA AMARELA),Fetranspor,138,17374776,"-22.9052","-43.3049"
613,613-DEL CASTILHO X RIO CENTRO (VIA AUTODROMO E LINHA AMARELA),Fetranspor,139,17374776,"-22.9055","-43.3051"
613,613-DEL CASTILHO X RIO CENTRO (VIA AUTODROMO E LINHA AMARELA),Fetranspor,140,17374776,"-22.906","-43.3054"
613,613-DEL CASTILHO X RIO CENTRO (VIA AUTODROMO E LINHA AMARELA),Fetranspor,141,17374776,"-22.9064","-43.3059"
613,613-DEL CASTILHO X RIO CENTRO (VIA AUTODROMO E LINHA AMARELA),Fetranspor,142,17374776,"-22.9067","-43.3064"
613,613-DEL CASTILHO X RIO CENTRO (VIA AUTODROMO E LINHA AMARELA),Fetranspor,143,17374776,"-22.9069","-43.3069"
613,613-DEL CASTILHO X RIO CENTRO (VIA AUTODROMO E LINHA AMARELA),Fetranspor,144,17374776,"-22.9071","-43.3074"
613,613-DEL CASTILHO X RIO CENTRO (VIA AUTODROMO E LINHA AMARELA),Fetranspor,145,17374776,"-22.9071","-43.3082"
613,613-DEL CASTILHO X RIO CENTRO (VIA AUTODROMO E LINHA AMARELA),Fetranspor,146,17374776,"-22.9069","-43.3096"
613,613-DEL CASTILHO X RIO CENTRO (VIA AUTODROMO E LINHA AMARELA),Fetranspor,147,17374776,"-22.9069","-43.3096"
613,613-DEL CASTILHO X RIO CENTRO (VIA AUTODROMO E LINHA AMARELA),Fetranspor,148,17374776,"-22.9069","-43.3105"
613,613-DEL CASTILHO X RIO CENTRO (VIA AUTODROMO E LINHA AMARELA),Fetranspor,149,17374776,"-22.9069","-43.3105"
613,613-DEL CASTILHO X RIO CENTRO (VIA AUTODROMO E LINHA AMARELA),Fetranspor,150,17374776,"-22.9068","-43.3106"
613,613-DEL CASTILHO X RIO CENTRO (VIA AUTODROMO E LINHA AMARELA),Fetranspor,151,17374776,"-22.9068","-43.311"
613,613-DEL CASTILHO X RIO CENTRO (VIA AUTODROMO E LINHA AMARELA),Fetranspor,152,17374776,"-22.9067","-43.3116"
613,613-DEL CASTILHO X RIO CENTRO (VIA AUTODROMO E LINHA AMARELA),Fetranspor,153,17374776,"-22.9068","-43.3122"
613,613-DEL CASTILHO X RIO CENTRO (VIA AUTODROMO E LINHA AMARELA),Fetranspor,154,17374776,"-22.9068","-43.3125"
613,613-DEL CASTILHO X RIO CENTRO (VIA AUTODROMO E LINHA AMARELA),Fetranspor,155,17374776,"-22.9069","-43.3129"
613,613-DEL CASTILHO X RIO CENTRO (VIA AUTODROMO E LINHA AMARELA),Fetranspor,156,17374776,"-22.907","-43.3134"
613,613-DEL CASTILHO X RIO CENTRO (VIA AUTODROMO E LINHA AMARELA),Fetranspor,157,17374776,"-22.9073","-43.3139"
613,613-DEL CASTILHO X RIO CENTRO (VIA AUTODROMO E LINHA AMARELA),Fetranspor,158,17374776,"-22.9077","-43.3144"
613,613-DEL CASTILHO X RIO CENTRO (VIA AUTODROMO E LINHA AMARELA),Fetranspor,159,17374776,"-22.9082","-43.3148"
613,613-DEL CASTILHO X RIO CENTRO (VIA AUTODROMO E LINHA AMARELA),Fetranspor,160,17374776,"-22.9086","-43.315"
613,613-DEL CASTILHO X RIO CENTRO (VIA AUTODROMO E LINHA AMARELA),Fetranspor,161,17374776,"-22.9088","-43.315"
613,613-DEL CASTILHO X RIO CENTRO (VIA AUTODROMO E LINHA AMARELA),Fetranspor,162,17374776,"-22.9088","-43.315"
613,613-DEL CASTILHO X RIO CENTRO (VIA AUTODROMO E LINHA AMARELA),Fetranspor,163,17374776,"-22.9119","-43.3165"
613,613-DEL CASTILHO X RIO CENTRO (VIA AUTODROMO E LINHA AMARELA),Fetranspor,164,17374776,"-22.9121","-43.3166"
613,613-DEL CASTILHO X RIO CENTRO (VIA AUTODROMO E LINHA AMARELA),Fetranspor,165,17374776,"-22.9123","-43.3167"
613,613-DEL CASTILHO X RIO CENTRO (VIA AUTODROMO E LINHA AMARELA),Fetranspor,166,17374776,"-22.9125","-43.3168"
613,613-DEL CASTILHO X RIO CENTRO (VIA AUTODROMO E LINHA AMARELA),Fetranspor,167,17374776,"-22.9128","-43.317"
613,613-DEL CASTILHO X RIO CENTRO (VIA AUTODROMO E LINHA AMARELA),Fetranspor,168,17374776,"-22.9131","-43.3173"
613,613-DEL CASTILHO X RIO CENTRO (VIA AUTODROMO E LINHA AMARELA),Fetranspor,169,17374776,"-22.9134","-43.3176"
613,613-DEL CASTILHO X RIO CENTRO (VIA AUTODROMO E LINHA AMARELA),Fetranspor,170,17374776,"-22.9136","-43.3178"
613,613-DEL CASTILHO X RIO CENTRO (VIA AUTODROMO E LINHA AMARELA),Fetranspor,171,17374776,"-22.9156","-43.3203"
613,613-DEL CASTILHO X RIO CENTRO (VIA AUTODROMO E LINHA AMARELA),Fetranspor,172,17374776,"-22.9192","-43.326"
613,613-DEL CASTILHO X RIO CENTRO (VIA AUTODROMO E LINHA AMARELA),Fetranspor,173,17374776,"-22.9215","-43.3307"
613,613-DEL CASTILHO X RIO CENTRO (VIA AUTODROMO E LINHA AMARELA),Fetranspor,174,17374776,"-22.9215","-43.3307"
613,613-DEL CASTILHO X RIO CENTRO (VIA AUTODROMO E LINHA AMARELA),Fetranspor,175,17374776,"-22.9217","-43.3312"
613,613-DEL CASTILHO X RIO CENTRO (VIA AUTODROMO E LINHA AMARELA),Fetranspor,176,17374776,"-22.9221","-43.3321"
613,613-DEL CASTILHO X RIO CENTRO (VIA AUTODROMO E LINHA AMARELA),Fetranspor,177,17374776,"-22.9221","-43.3321"
613,613-DEL CASTILHO X RIO CENTRO (VIA AUTODROMO E LINHA AMARELA),Fetranspor,178,17374776,"-22.9223","-43.3325"
613,613-DEL CASTILHO X RIO CENTRO (VIA AUTODROMO E LINHA AMARELA),Fetranspor,179,17374776,"-22.9227","-43.3337"
613,613-DEL CASTILHO X RIO CENTRO (VIA AUTODROMO E LINHA AMARELA),Fetranspor,180,17374776,"-22.9227","-43.3337"
613,613-DEL CASTILHO X RIO CENTRO (VIA AUTODROMO E LINHA AMARELA),Fetranspor,181,17374776,"-22.9235","-43.3356"
613,613-DEL CASTILHO X RIO CENTRO (VIA AUTODROMO E LINHA AMARELA),Fetranspor,182,17374776,"-22.9237","-43.3362"
613,613-DEL CASTILHO X RIO CENTRO (VIA AUTODROMO E LINHA AMARELA),Fetranspor,183,17374776,"-22.9239","-43.3365"
613,613-DEL CASTILHO X RIO CENTRO (VIA AUTODROMO E LINHA AMARELA),Fetranspor,184,17374776,"-22.9242","-43.3372"
613,613-DEL CASTILHO X RIO CENTRO (VIA AUTODROMO E LINHA AMARELA),Fetranspor,185,17374776,"-22.9247","-43.3382"
613,613-DEL CASTILHO X RIO CENTRO (VIA AUTODROMO E LINHA AMARELA),Fetranspor,186,17374776,"-22.9249","-43.3384"
613,613-DEL CASTILHO X RIO CENTRO (VIA AUTODROMO E LINHA AMARELA),Fetranspor,187,17374776,"-22.9249","-43.3384"
613,613-DEL CASTILHO X RIO CENTRO (VIA AUTODROMO E LINHA AMARELA),Fetranspor,188,17374776,"-22.925","-43.3387"
613,613-DEL CASTILHO X RIO CENTRO (VIA AUTODROMO E LINHA AMARELA),Fetranspor,189,17374776,"-22.9254","-43.3395"
613,613-DEL CASTILHO X RIO CENTRO (VIA AUTODROMO E LINHA AMARELA),Fetranspor,190,17374776,"-22.9254","-43.3395"
613,613-DEL CASTILHO X RIO CENTRO (VIA AUTODROMO E LINHA AMARELA),Fetranspor,191,17374776,"-22.9258","-43.3402"
613,613-DEL CASTILHO X RIO CENTRO (VIA AUTODROMO E LINHA AMARELA),Fetranspor,192,17374776,"-22.9258","-43.3402"
613,613-DEL CASTILHO X RIO CENTRO (VIA AUTODROMO E LINHA AMARELA),Fetranspor,193,17374776,"-22.9261","-43.3407"
613,613-DEL CASTILHO X RIO CENTRO (VIA AUTODROMO E LINHA AMARELA),Fetranspor,194,17374776,"-22.9264","-43.341"
613,613-DEL CASTILHO X RIO CENTRO (VIA AUTODROMO E LINHA AMARELA),Fetranspor,195,17374776,"-22.9266","-43.3414"
613,613-DEL CASTILHO X RIO CENTRO (VIA AUTODROMO E LINHA AMARELA),Fetranspor,196,17374776,"-22.9269","-43.3417"
613,613-DEL CASTILHO X RIO CENTRO (VIA AUTODROMO E LINHA AMARELA),Fetranspor,197,17374776,"-22.9269","-43.3417"
613,613-DEL CASTILHO X RIO CENTRO (VIA AUTODROMO E LINHA AMARELA),Fetranspor,198,17374776,"-22.9273","-43.3421"
613,613-DEL CASTILHO X RIO CENTRO (VIA AUTODROMO E LINHA AMARELA),Fetranspor,199,17374776,"-22.9274","-43.3422"
613,613-DEL CASTILHO X RIO CENTRO (VIA AUTODROMO E LINHA AMARELA),Fetranspor,200,17374776,"-22.9274","-43.3422"
613,613-DEL CASTILHO X RIO CENTRO (VIA AUTODROMO E LINHA AMARELA),Fetranspor,201,17374776,"-22.9274","-43.3422"
613,613-DEL CASTILHO X RIO CENTRO (VIA AUTODROMO E LINHA AMARELA),Fetranspor,202,17374776,"-22.9276","-43.3423"
613,613-DEL CASTILHO X RIO CENTRO (VIA AUTODROMO E LINHA AMARELA),Fetranspor,203,17374776,"-22.9276","-43.3423"
613,613-DEL CASTILHO X RIO CENTRO (VIA AUTODROMO E LINHA AMARELA),Fetranspor,204,17374776,"-22.9278","-43.3425"
613,613-DEL CASTILHO X RIO CENTRO (VIA AUTODROMO E LINHA AMARELA),Fetranspor,205,17374776,"-22.9278","-43.3425"
613,613-DEL CASTILHO X RIO CENTRO (VIA AUTODROMO E LINHA AMARELA),Fetranspor,206,17374776,"-22.9282","-43.3428"
613,613-DEL CASTILHO X RIO CENTRO (VIA AUTODROMO E LINHA AMARELA),Fetranspor,207,17374776,"-22.9287","-43.3431"
613,613-DEL CASTILHO X RIO CENTRO (VIA AUTODROMO E LINHA AMARELA),Fetranspor,208,17374776,"-22.929","-43.3433"
613,613-DEL CASTILHO X RIO CENTRO (VIA AUTODROMO E LINHA AMARELA),Fetranspor,209,17374776,"-22.9295","-43.3436"
613,613-DEL CASTILHO X RIO CENTRO (VIA AUTODROMO E LINHA AMARELA),Fetranspor,210,17374776,"-22.9299","-43.3438"
613,613-DEL CASTILHO X RIO CENTRO (VIA AUTODROMO E LINHA AMARELA),Fetranspor,211,17374776,"-22.9299","-43.3438"
613,613-DEL CASTILHO X RIO CENTRO (VIA AUTODROMO E LINHA AMARELA),Fetranspor,212,17374776,"-22.9303","-43.3441"
613,613-DEL CASTILHO X RIO CENTRO (VIA AUTODROMO E LINHA AMARELA),Fetranspor,213,17374776,"-22.9306","-43.3442"
613,613-DEL CASTILHO X RIO CENTRO (VIA AUTODROMO E LINHA AMARELA),Fetranspor,214,17374776,"-22.9309","-43.3444"
613,613-DEL CASTILHO X RIO CENTRO (VIA AUTODROMO E LINHA AMARELA),Fetranspor,215,17374776,"-22.9313","-43.3445"
613,613-DEL CASTILHO X RIO CENTRO (VIA AUTODROMO E LINHA AMARELA),Fetranspor,216,17374776,"-22.9313","-43.3445"
613,613-DEL CASTILHO X RIO CENTRO (VIA AUTODROMO E LINHA AMARELA),Fetranspor,217,17374776,"-22.9317","-43.3447"
613,613-DEL CASTILHO X RIO CENTRO (VIA AUTODROMO E LINHA AMARELA),Fetranspor,218,17374776,"-22.9321","-43.3449"
613,613-DEL CASTILHO X RIO CENTRO (VIA AUTODROMO E LINHA AMARELA),Fetranspor,219,17374776,"-22.9324","-43.3451"
613,613-DEL CASTILHO X RIO CENTRO (VIA AUTODROMO E LINHA AMARELA),Fetranspor,220,17374776,"-22.9333","-43.3455"
613,613-DEL CASTILHO X RIO CENTRO (VIA AUTODROMO E LINHA AMARELA),Fetranspor,221,17374776,"-22.9333","-43.3455"
613,613-DEL CASTILHO X RIO CENTRO (VIA AUTODROMO E LINHA AMARELA),Fetranspor,222,17374776,"-22.934","-43.3459"
613,613-DEL CASTILHO X RIO CENTRO (VIA AUTODROMO E LINHA AMARELA),Fetranspor,223,17374776,"-22.9345","-43.3462"
613,613-DEL CASTILHO X RIO CENTRO (VIA AUTODROMO E LINHA AMARELA),Fetranspor,224,17374776,"-22.9345","-43.3462"
613,613-DEL CASTILHO X RIO CENTRO (VIA AUTODROMO E LINHA AMARELA),Fetranspor,225,17374776,"-22.9347","-43.3464"
613,613-DEL CASTILHO X RIO CENTRO (VIA AUTODROMO E LINHA AMARELA),Fetranspor,226,17374776,"-22.9351","-43.3467"
613,613-DEL CASTILHO X RIO CENTRO (VIA AUTODROMO E LINHA AMARELA),Fetranspor,227,17374776,"-22.9358","-43.3473"
613,613-DEL CASTILHO X RIO CENTRO (VIA AUTODROMO E LINHA AMARELA),Fetranspor,228,17374776,"-22.9361","-43.3475"
613,613-DEL CASTILHO X RIO CENTRO (VIA AUTODROMO E LINHA AMARELA),Fetranspor,229,17374776,"-22.9369","-43.3482"
613,613-DEL CASTILHO X RIO CENTRO (VIA AUTODROMO E LINHA AMARELA),Fetranspor,230,17374776,"-22.9379","-43.3491"
613,613-DEL CASTILHO X RIO CENTRO (VIA AUTODROMO E LINHA AMARELA),Fetranspor,231,17374776,"-22.9379","-43.3491"
613,613-DEL CASTILHO X RIO CENTRO (VIA AUTODROMO E LINHA AMARELA),Fetranspor,232,17374776,"-22.9381","-43.3494"
613,613-DEL CASTILHO X RIO CENTRO (VIA AUTODROMO E LINHA AMARELA),Fetranspor,233,17374776,"-22.9381","-43.3494"
613,613-DEL CASTILHO X RIO CENTRO (VIA AUTODROMO E LINHA AMARELA),Fetranspor,234,17374776,"-22.9385","-43.3497"
613,613-DEL CASTILHO X RIO CENTRO (VIA AUTODROMO E LINHA AMARELA),Fetranspor,235,17374776,"-22.9385","-43.3497"
613,613-DEL CASTILHO X RIO CENTRO (VIA AUTODROMO E LINHA AMARELA),Fetranspor,236,17374776,"-22.9388","-43.3499"
613,613-DEL CASTILHO X RIO CENTRO (VIA AUTODROMO E LINHA AMARELA),Fetranspor,237,17374776,"-22.9388","-43.3499"
613,613-DEL CASTILHO X RIO CENTRO (VIA AUTODROMO E LINHA AMARELA),Fetranspor,238,17374776,"-22.9393","-43.3504"
613,613-DEL CASTILHO X RIO CENTRO (VIA AUTODROMO E LINHA AMARELA),Fetranspor,239,17374776,"-22.9398","-43.3508"
613,613-DEL CASTILHO X RIO CENTRO (VIA AUTODROMO E LINHA AMARELA),Fetranspor,240,17374776,"-22.9398","-43.3508"
613,613-DEL CASTILHO X RIO CENTRO (VIA AUTODROMO E LINHA AMARELA),Fetranspor,241,17374776,"-22.9401","-43.3511"
613,613-DEL CASTILHO X RIO CENTRO (VIA AUTODROMO E LINHA AMARELA),Fetranspor,242,17374776,"-22.9405","-43.3514"
613,613-DEL CASTILHO X RIO CENTRO (VIA AUTODROMO E LINHA AMARELA),Fetranspor,243,17374776,"-22.9405","-43.3514"
613,613-DEL CASTILHO X RIO CENTRO (VIA AUTODROMO E LINHA AMARELA),Fetranspor,244,17374776,"-22.9407","-43.3515"
613,613-DEL CASTILHO X RIO CENTRO (VIA AUTODROMO E LINHA AMARELA),Fetranspor,245,17374776,"-22.9413","-43.3519"
613,613-DEL CASTILHO X RIO CENTRO (VIA AUTODROMO E LINHA AMARELA),Fetranspor,246,17374776,"-22.9421","-43.3524"
613,613-DEL CASTILHO X RIO CENTRO (VIA AUTODROMO E LINHA AMARELA),Fetranspor,247,17374776,"-22.9429","-43.3528"
613,613-DEL CASTILHO X RIO CENTRO (VIA AUTODROMO E LINHA AMARELA),Fetranspor,248,17374776,"-22.9438","-43.3533"
613,613-DEL CASTILHO X RIO CENTRO (VIA AUTODROMO E LINHA AMARELA),Fetranspor,249,17374776,"-22.9447","-43.3539"
613,613-DEL CASTILHO X RIO CENTRO (VIA AUTODROMO E LINHA AMARELA),Fetranspor,250,17374776,"-22.9455","-43.3543"
613,613-DEL CASTILHO X RIO CENTRO (VIA AUTODROMO E LINHA AMARELA),Fetranspor,251,17374776,"-22.9466","-43.3548"
613,613-DEL CASTILHO X RIO CENTRO (VIA AUTODROMO E LINHA AMARELA),Fetranspor,252,17374776,"-22.9469","-43.355"
613,613-DEL CASTILHO X RIO CENTRO (VIA AUTODROMO E LINHA AMARELA),Fetranspor,253,17374776,"-22.9488","-43.3561"
613,613-DEL CASTILHO X RIO CENTRO (VIA AUTODROMO E LINHA AMARELA),Fetranspor,254,17374776,"-22.949","-43.3562"
613,613-DEL CASTILHO X RIO CENTRO (VIA AUTODROMO E LINHA AMARELA),Fetranspor,255,17374776,"-22.9493","-43.3563"
613,613-DEL CASTILHO X RIO CENTRO (VIA AUTODROMO E LINHA AMARELA),Fetranspor,256,17374776,"-22.9497","-43.3565"
613,613-DEL CASTILHO X RIO CENTRO (VIA AUTODROMO E LINHA AMARELA),Fetranspor,257,17374776,"-22.9499","-43.3566"
613,613-DEL CASTILHO X RIO CENTRO (VIA AUTODROMO E LINHA AMARELA),Fetranspor,258,17374776,"-22.9503","-43.3567"
613,613-DEL CASTILHO X RIO CENTRO (VIA AUTODROMO E LINHA AMARELA),Fetranspor,259,17374776,"-22.9512","-43.3569"
613,613-DEL CASTILHO X RIO CENTRO (VIA AUTODROMO E LINHA AMARELA),Fetranspor,260,17374776,"-22.9519","-43.357"
613,613-DEL CASTILHO X RIO CENTRO (VIA AUTODROMO E LINHA AMARELA),Fetranspor,261,17374776,"-22.9519","-43.357"
613,613-DEL CASTILHO X RIO CENTRO (VIA AUTODROMO E LINHA AMARELA),Fetranspor,262,17374776,"-22.9529","-43.3572"
613,613-DEL CASTILHO X RIO CENTRO (VIA AUTODROMO E LINHA AMARELA),Fetranspor,263,17374776,"-22.9533","-43.3573"
613,613-DEL CASTILHO X RIO CENTRO (VIA AUTODROMO E LINHA AMARELA),Fetranspor,264,17374776,"-22.9536","-43.3574"
613,613-DEL CASTILHO X RIO CENTRO (VIA AUTODROMO E LINHA AMARELA),Fetranspor,265,17374776,"-22.9537","-43.3574"
613,613-DEL CASTILHO X RIO CENTRO (VIA AUTODROMO E LINHA AMARELA),Fetranspor,266,17374776,"-22.9539","-43.3574"
613,613-DEL CASTILHO X RIO CENTRO (VIA AUTODROMO E LINHA AMARELA),Fetranspor,267,17374776,"-22.9542","-43.3575"
613,613-DEL CASTILHO X RIO CENTRO (VIA AUTODROMO E LINHA AMARELA),Fetranspor,268,17374776,"-22.9544","-43.3574"
613,613-DEL CASTILHO X RIO CENTRO (VIA AUTODROMO E LINHA AMARELA),Fetranspor,269,17374776,"-22.9546","-43.3574"
613,613-DEL CASTILHO X RIO CENTRO (VIA AUTODROMO E LINHA AMARELA),Fetranspor,270,17374776,"-22.9548","-43.3574"
613,613-DEL CASTILHO X RIO CENTRO (VIA AUTODROMO E LINHA AMARELA),Fetranspor,271,17374776,"-22.955","-43.3573"
613,613-DEL CASTILHO X RIO CENTRO (VIA AUTODROMO E LINHA AMARELA),Fetranspor,272,17374776,"-22.9554","-43.3571"
613,613-DEL CASTILHO X RIO CENTRO (VIA AUTODROMO E LINHA AMARELA),Fetranspor,273,17374776,"-22.9554","-43.3571"
613,613-DEL CASTILHO X RIO CENTRO (VIA AUTODROMO E LINHA AMARELA),Fetranspor,274,17374776,"-22.9556","-43.357"
613,613-DEL CASTILHO X RIO CENTRO (VIA AUTODROMO E LINHA AMARELA),Fetranspor,275,17374776,"-22.9556","-43.357"
613,613-DEL CASTILHO X RIO CENTRO (VIA AUTODROMO E LINHA AMARELA),Fetranspor,276,17374776,"-22.9559","-43.3568"
613,613-DEL CASTILHO X RIO CENTRO (VIA AUTODROMO E LINHA AMARELA),Fetranspor,277,17374776,"-22.9561","-43.3567"
613,613-DEL CASTILHO X RIO CENTRO (VIA AUTODROMO E LINHA AMARELA),Fetranspor,278,17374776,"-22.9562","-43.3567"
613,613-DEL CASTILHO X RIO CENTRO (VIA AUTODROMO E LINHA AMARELA),Fetranspor,279,17374776,"-22.9564","-43.3567"
613,613-DEL CASTILHO X RIO CENTRO (VIA AUTODROMO E LINHA AMARELA),Fetranspor,280,17374776,"-22.9566","-43.3566"
613,613-DEL CASTILHO X RIO CENTRO (VIA AUTODROMO E LINHA AMARELA),Fetranspor,281,17374776,"-22.9567","-43.3566"
613,613-DEL CASTILHO X RIO CENTRO (VIA AUTODROMO E LINHA AMARELA),Fetranspor,282,17374776,"-22.9568","-43.3567"
613,613-DEL CASTILHO X RIO CENTRO (VIA AUTODROMO E LINHA AMARELA),Fetranspor,283,17374776,"-22.9572","-43.3568"
613,613-DEL CASTILHO X RIO CENTRO (VIA AUTODROMO E LINHA AMARELA),Fetranspor,284,17374776,"-22.9576","-43.3569"
613,613-DEL CASTILHO X RIO CENTRO (VIA AUTODROMO E LINHA AMARELA),Fetranspor,285,17374776,"-22.9578","-43.3569"
613,613-DEL CASTILHO X RIO CENTRO (VIA AUTODROMO E LINHA AMARELA),Fetranspor,286,17374776,"-22.9585","-43.3573"
613,613-DEL CASTILHO X RIO CENTRO (VIA AUTODROMO E LINHA AMARELA),Fetranspor,287,17374776,"-22.9589","-43.3574"
613,613-DEL CASTILHO X RIO CENTRO (VIA AUTODROMO E LINHA AMARELA),Fetranspor,288,17374776,"-22.9592","-43.3575"
613,613-DEL CASTILHO X RIO CENTRO (VIA AUTODROMO E LINHA AMARELA),Fetranspor,289,17374776,"-22.9592","-43.3575"
613,613-DEL CASTILHO X RIO CENTRO (VIA AUTODROMO E LINHA AMARELA),Fetranspor,290,17374776,"-22.9595","-43.3576"
613,613-DEL CASTILHO X RIO CENTRO (VIA AUTODROMO E LINHA AMARELA),Fetranspor,291,17374776,"-22.9597","-43.3576"
613,613-DEL CASTILHO X RIO CENTRO (VIA AUTODROMO E LINHA AMARELA),Fetranspor,292,17374776,"-22.96","-43.3576"
613,613-DEL CASTILHO X RIO CENTRO (VIA AUTODROMO E LINHA AMARELA),Fetranspor,293,17374776,"-22.9607","-43.3575"
613,613-DEL CASTILHO X RIO CENTRO (VIA AUTODROMO E LINHA AMARELA),Fetranspor,294,17374776,"-22.9617","-43.3573"
613,613-DEL CASTILHO X RIO CENTRO (VIA AUTODROMO E LINHA AMARELA),Fetranspor,295,17374776,"-22.9621","-43.3573"
613,613-DEL CASTILHO X RIO CENTRO (VIA AUTODROMO E LINHA AMARELA),Fetranspor,296,17374776,"-22.9624","-43.3573"
613,613-DEL CASTILHO X RIO CENTRO (VIA AUTODROMO E LINHA AMARELA),Fetranspor,297,17374776,"-22.9633","-43.3572"
613,613-DEL CASTILHO X RIO CENTRO (VIA AUTODROMO E LINHA AMARELA),Fetranspor,298,17374776,"-22.9647","-43.3572"
613,613-DEL CASTILHO X RIO CENTRO (VIA AUTODROMO E LINHA AMARELA),Fetranspor,299,17374776,"-22.9651","-43.3572"
613,613-DEL CASTILHO X RIO CENTRO (VIA AUTODROMO E LINHA AMARELA),Fetranspor,300,17374776,"-22.9662","-43.3573"
613,613-DEL CASTILHO X RIO CENTRO (VIA AUTODROMO E LINHA AMARELA),Fetranspor,301,17374776,"-22.9662","-43.3573"
613,613-DEL CASTILHO X RIO CENTRO (VIA AUTODROMO E LINHA AMARELA),Fetranspor,302,17374776,"-22.9665","-43.3573"
613,613-DEL CASTILHO X RIO CENTRO (VIA AUTODROMO E LINHA AMARELA),Fetranspor,303,17374776,"-22.9667","-43.3574"
613,613-DEL CASTILHO X RIO CENTRO (VIA AUTODROMO E LINHA AMARELA),Fetranspor,304,17374776,"-22.967","-43.3575"
613,613-DEL CASTILHO X RIO CENTRO (VIA AUTODROMO E LINHA AMARELA),Fetranspor,305,17374776,"-22.9672","-43.3576"
613,613-DEL CASTILHO X RIO CENTRO (VIA AUTODROMO E LINHA AMARELA),Fetranspor,306,17374776,"-22.9674","-43.3577"
613,613-DEL CASTILHO X RIO CENTRO (VIA AUTODROMO E LINHA AMARELA),Fetranspor,307,17374776,"-22.9676","-43.3578"
613,613-DEL CASTILHO X RIO CENTRO (VIA AUTODROMO E LINHA AMARELA),Fetranspor,308,17374776,"-22.9679","-43.3581"
613,613-DEL CASTILHO X RIO CENTRO (VIA AUTODROMO E LINHA AMARELA),Fetranspor,309,17374776,"-22.9679","-43.3581"
613,613-DEL CASTILHO X RIO CENTRO (VIA AUTODROMO E LINHA AMARELA),Fetranspor,310,17374776,"-22.9682","-43.3584"
613,613-DEL CASTILHO X RIO CENTRO (VIA AUTODROMO E LINHA AMARELA),Fetranspor,311,17374776,"-22.9682","-43.3584"
613,613-DEL CASTILHO X RIO CENTRO (VIA AUTODROMO E LINHA AMARELA),Fetranspor,312,17374776,"-22.9685","-43.3586"
613,613-DEL CASTILHO X RIO CENTRO (VIA AUTODROMO E LINHA AMARELA),Fetranspor,313,17374776,"-22.9686","-43.3588"
613,613-DEL CASTILHO X RIO CENTRO (VIA AUTODROMO E LINHA AMARELA),Fetranspor,314,17374776,"-22.9689","-43.3592"
613,613-DEL CASTILHO X RIO CENTRO (VIA AUTODROMO E LINHA AMARELA),Fetranspor,315,17374776,"-22.9692","-43.3597"
613,613-DEL CASTILHO X RIO CENTRO (VIA AUTODROMO E LINHA AMARELA),Fetranspor,316,17374776,"-22.9694","-43.36"
613,613-DEL CASTILHO X RIO CENTRO (VIA AUTODROMO E LINHA AMARELA),Fetranspor,317,17374776,"-22.9696","-43.3602"
613,613-DEL CASTILHO X RIO CENTRO (VIA AUTODROMO E LINHA AMARELA),Fetranspor,318,17374776,"-22.9699","-43.3606"
613,613-DEL CASTILHO X RIO CENTRO (VIA AUTODROMO E LINHA AMARELA),Fetranspor,319,17374776,"-22.9713","-43.3617"
613,613-DEL CASTILHO X RIO CENTRO (VIA AUTODROMO E LINHA AMARELA),Fetranspor,320,17374776,"-22.9719","-43.3623"
613,613-DEL CASTILHO X RIO CENTRO (VIA AUTODROMO E LINHA AMARELA),Fetranspor,321,17374776,"-22.9719","-43.3623"
613,613-DEL CASTILHO X RIO CENTRO (VIA AUTODROMO E LINHA AMARELA),Fetranspor,322,17374776,"-22.972","-43.3625"
613,613-DEL CASTILHO X RIO CENTRO (VIA AUTODROMO E LINHA AMARELA),Fetranspor,323,17374776,"-22.9723","-43.3628"
613,613-DEL CASTILHO X RIO CENTRO (VIA AUTODROMO E LINHA AMARELA),Fetranspor,324,17374776,"-22.9728","-43.3634"
613,613-DEL CASTILHO X RIO CENTRO (VIA AUTODROMO E LINHA AMARELA),Fetranspor,325,17374776,"-22.9729","-43.3635"
613,613-DEL CASTILHO X RIO CENTRO (VIA AUTODROMO E LINHA AMARELA),Fetranspor,326,17374776,"-22.973","-43.3636"
613,613-DEL CASTILHO X RIO CENTRO (VIA AUTODROMO E LINHA AMARELA),Fetranspor,327,17374776,"-22.973","-43.3638"
613,613-DEL CASTILHO X RIO CENTRO (VIA AUTODROMO E LINHA AMARELA),Fetranspor,328,17374776,"-22.9731","-43.364"
613,613-DEL CASTILHO X RIO CENTRO (VIA AUTODROMO E LINHA AMARELA),Fetranspor,329,17374776,"-22.9731","-43.3642"
613,613-DEL CASTILHO X RIO CENTRO (VIA AUTODROMO E LINHA AMARELA),Fetranspor,330,17374776,"-22.9731","-43.3643"
613,613-DEL CASTILHO X RIO CENTRO (VIA AUTODROMO E LINHA AMARELA),Fetranspor,331,17374776,"-22.9731","-43.3644"
613,613-DEL CASTILHO X RIO CENTRO (VIA AUTODROMO E LINHA AMARELA),Fetranspor,332,17374776,"-22.9731","-43.3644"
613,613-DEL CASTILHO X RIO CENTRO (VIA AUTODROMO E LINHA AMARELA),Fetranspor,333,17374776,"-22.9731","-43.3658"
613,613-DEL CASTILHO X RIO CENTRO (VIA AUTODROMO E LINHA AMARELA),Fetranspor,334,17374776,"-22.9731","-43.3658"
613,613-DEL CASTILHO X RIO CENTRO (VIA AUTODROMO E LINHA AMARELA),Fetranspor,335,17374776,"-22.9731","-43.3677"
613,613-DEL CASTILHO X RIO CENTRO (VIA AUTODROMO E LINHA AMARELA),Fetranspor,336,17374776,"-22.9731","-43.3682"
613,613-DEL CASTILHO X RIO CENTRO (VIA AUTODROMO E LINHA AMARELA),Fetranspor,337,17374776,"-22.9731","-43.3682"
613,613-DEL CASTILHO X RIO CENTRO (VIA AUTODROMO E LINHA AMARELA),Fetranspor,338,17374776,"-22.9731","-43.3693"
613,613-DEL CASTILHO X RIO CENTRO (VIA AUTODROMO E LINHA AMARELA),Fetranspor,339,17374776,"-22.9731","-43.3693"
613,613-DEL CASTILHO X RIO CENTRO (VIA AUTODROMO E LINHA AMARELA),Fetranspor,340,17374776,"-22.9731","-43.3698"
613,613-DEL CASTILHO X RIO CENTRO (VIA AUTODROMO E LINHA AMARELA),Fetranspor,341,17374776,"-22.9731","-43.3698"
613,613-DEL CASTILHO X RIO CENTRO (VIA AUTODROMO E LINHA AMARELA),Fetranspor,342,17374776,"-22.9731","-43.3714"
613,613-DEL CASTILHO X RIO CENTRO (VIA AUTODROMO E LINHA AMARELA),Fetranspor,343,17374776,"-22.9731","-43.3714"
613,613-DEL CASTILHO X RIO CENTRO (VIA AUTODROMO E LINHA AMARELA),Fetranspor,344,17374776,"-22.9731","-43.372"
613,613-DEL CASTILHO X RIO CENTRO (VIA AUTODROMO E LINHA AMARELA),Fetranspor,345,17374776,"-22.9731","-43.3748"
613,613-DEL CASTILHO X RIO CENTRO (VIA AUTODROMO E LINHA AMARELA),Fetranspor,346,17374776,"-22.9731","-43.3748"
613,613-DEL CASTILHO X RIO CENTRO (VIA AUTODROMO E LINHA AMARELA),Fetranspor,347,17374776,"-22.9731","-43.376"
613,613-DEL CASTILHO X RIO CENTRO (VIA AUTODROMO E LINHA AMARELA),Fetranspor,348,17374776,"-22.9731","-43.376"
613,613-DEL CASTILHO X RIO CENTRO (VIA AUTODROMO E LINHA AMARELA),Fetranspor,349,17374776,"-22.973","-43.3766"
613,613-DEL CASTILHO X RIO CENTRO (VIA AUTODROMO E LINHA AMARELA),Fetranspor,350,17374776,"-22.973","-43.3766"
613,613-DEL CASTILHO X RIO CENTRO (VIA AUTODROMO E LINHA AMARELA),Fetranspor,351,17374776,"-22.9731","-43.3779"
613,613-DEL CASTILHO X RIO CENTRO (VIA AUTODROMO E LINHA AMARELA),Fetranspor,352,17374776,"-22.9731","-43.3779"
613,613-DEL CASTILHO X RIO CENTRO (VIA AUTODROMO E LINHA AMARELA),Fetranspor,353,17374776,"-22.9731","-43.3784"
613,613-DEL CASTILHO X RIO CENTRO (VIA AUTODROMO E LINHA AMARELA),Fetranspor,354,17374776,"-22.9731","-43.3787"
613,613-DEL CASTILHO X RIO CENTRO (VIA AUTODROMO E LINHA AMARELA),Fetranspor,355,17374776,"-22.9731","-43.3787"
613,613-DEL CASTILHO X RIO CENTRO (VIA AUTODROMO E LINHA AMARELA),Fetranspor,356,17374776,"-22.9731","-43.379"
613,613-DEL CASTILHO X RIO CENTRO (VIA AUTODROMO E LINHA AMARELA),Fetranspor,357,17374776,"-22.9731","-43.379"
613,613-DEL CASTILHO X RIO CENTRO (VIA AUTODROMO E LINHA AMARELA),Fetranspor,358,17374776,"-22.9731","-43.3792"
613,613-DEL CASTILHO X RIO CENTRO (VIA AUTODROMO E LINHA AMARELA),Fetranspor,359,17374776,"-22.9731","-43.3792"
613,613-DEL CASTILHO X RIO CENTRO (VIA AUTODROMO E LINHA AMARELA),Fetranspor,360,17374776,"-22.9731","-43.3793"
613,613-DEL CASTILHO X RIO CENTRO (VIA AUTODROMO E LINHA AMARELA),Fetranspor,361,17374776,"-22.9731","-43.3793"
613,613-DEL CASTILHO X RIO CENTRO (VIA AUTODROMO E LINHA AMARELA),Fetranspor,362,17374776,"-22.973","-43.3798"
613,613-DEL CASTILHO X RIO CENTRO (VIA AUTODROMO E LINHA AMARELA),Fetranspor,363,17374776,"-22.973","-43.3808"
613,613-DEL CASTILHO X RIO CENTRO (VIA AUTODROMO E LINHA AMARELA),Fetranspor,364,17374776,"-22.9731","-43.3822"
613,613-DEL CASTILHO X RIO CENTRO (VIA AUTODROMO E LINHA AMARELA),Fetranspor,365,17374776,"-22.9731","-43.3822"
613,613-DEL CASTILHO X RIO CENTRO (VIA AUTODROMO E LINHA AMARELA),Fetranspor,366,17374776,"-22.9731","-43.3839"
613,613-DEL CASTILHO X RIO CENTRO (VIA AUTODROMO E LINHA AMARELA),Fetranspor,367,17374776,"-22.9731","-43.3839"
613,613-DEL CASTILHO X RIO CENTRO (VIA AUTODROMO E LINHA AMARELA),Fetranspor,368,17374776,"-22.973","-43.3842"
613,613-DEL CASTILHO X RIO CENTRO (VIA AUTODROMO E LINHA AMARELA),Fetranspor,369,17374776,"-22.973","-43.3842"
613,613-DEL CASTILHO X RIO CENTRO (VIA AUTODROMO E LINHA AMARELA),Fetranspor,370,17374776,"-22.973","-43.3852"
613,613-DEL CASTILHO X RIO CENTRO (VIA AUTODROMO E LINHA AMARELA),Fetranspor,371,17374776,"-22.973","-43.3854"
613,613-DEL CASTILHO X RIO CENTRO (VIA AUTODROMO E LINHA AMARELA),Fetranspor,372,17374776,"-22.973","-43.3854"
613,613-DEL CASTILHO X RIO CENTRO (VIA AUTODROMO E LINHA AMARELA),Fetranspor,373,17374776,"-22.973","-43.3854"
613,613-DEL CASTILHO X RIO CENTRO (VIA AUTODROMO E LINHA AMARELA),Fetranspor,374,17374776,"-22.9729","-43.3856"
613,613-DEL CASTILHO X RIO CENTRO (VIA AUTODROMO E LINHA AMARELA),Fetranspor,375,17374776,"-22.9728","-43.3857"
613,613-DEL CASTILHO X RIO CENTRO (VIA AUTODROMO E LINHA AMARELA),Fetranspor,376,17374776,"-22.9728","-43.3857"
613,613-DEL CASTILHO X RIO CENTRO (VIA AUTODROMO E LINHA AMARELA),Fetranspor,377,17374776,"-22.9729","-43.3858"
613,613-DEL CASTILHO X RIO CENTRO (VIA AUTODROMO E LINHA AMARELA),Fetranspor,378,17374776,"-22.9729","-43.3859"
613,613-DEL CASTILHO X RIO CENTRO (VIA AUTODROMO E LINHA AMARELA),Fetranspor,379,17374776,"-22.9729","-43.386"
613,613-DEL CASTILHO X RIO CENTRO (VIA AUTODROMO E LINHA AMARELA),Fetranspor,380,17374776,"-22.973","-43.386"
613,613-DEL CASTILHO X RIO CENTRO (VIA AUTODROMO E LINHA AMARELA),Fetranspor,381,17374776,"-22.973","-43.386"
613,613-DEL CASTILHO X RIO CENTRO (VIA AUTODROMO E LINHA AMARELA),Fetranspor,382,17374776,"-22.9731","-43.3861"
613,613-DEL CASTILHO X RIO CENTRO (VIA AUTODROMO E LINHA AMARELA),Fetranspor,383,17374776,"-22.9731","-43.3861"
613,613-DEL CASTILHO X RIO CENTRO (VIA AUTODROMO E LINHA AMARELA),Fetranspor,384,17374776,"-22.9731","-43.3861"
613,613-DEL CASTILHO X RIO CENTRO (VIA AUTODROMO E LINHA AMARELA),Fetranspor,385,17374776,"-22.9731","-43.3872"
613,613-DEL CASTILHO X RIO CENTRO (VIA AUTODROMO E LINHA AMARELA),Fetranspor,386,17374776,"-22.9731","-43.3872"
613,613-DEL CASTILHO X RIO CENTRO (VIA AUTODROMO E LINHA AMARELA),Fetranspor,387,17374776,"-22.973","-43.3882"
613,613-DEL CASTILHO X RIO CENTRO (VIA AUTODROMO E LINHA AMARELA),Fetranspor,388,17374776,"-22.973","-43.3882"
613,613-DEL CASTILHO X RIO CENTRO (VIA AUTODROMO E LINHA AMARELA),Fetranspor,389,17374776,"-22.973","-43.3925"
613,613-DEL CASTILHO X RIO CENTRO (VIA AUTODROMO E LINHA AMARELA),Fetranspor,390,17374776,"-22.973","-43.3927"
613,613-DEL CASTILHO X RIO CENTRO (VIA AUTODROMO E LINHA AMARELA),Fetranspor,391,17374776,"-22.973","-43.3927"
613,613-DEL CASTILHO X RIO CENTRO (VIA AUTODROMO E LINHA AMARELA),Fetranspor,392,17374776,"-22.973","-43.3929"
613,613-DEL CASTILHO X RIO CENTRO (VIA AUTODROMO E LINHA AMARELA),Fetranspor,393,17374776,"-22.973","-43.3929"
613,613-DEL CASTILHO X RIO CENTRO (VIA AUTODROMO E LINHA AMARELA),Fetranspor,394,17374776,"-22.973","-43.393"
613,613-DEL CASTILHO X RIO CENTRO (VIA AUTODROMO E LINHA AMARELA),Fetranspor,395,17374776,"-22.9729","-43.3983"
613,613-DEL CASTILHO X RIO CENTRO (VIA AUTODROMO E LINHA AMARELA),Fetranspor,396,17374776,"-22.9729","-43.3986"
613,613-DEL CASTILHO X RIO CENTRO (VIA AUTODROMO E LINHA AMARELA),Fetranspor,397,17374776,"-22.9729","-43.3991"
613,613-DEL CASTILHO X RIO CENTRO (VIA AUTODROMO E LINHA AMARELA),Fetranspor,398,17374776,"-22.9728","-43.3995"
613,613-DEL CASTILHO X RIO CENTRO (VIA AUTODROMO E LINHA AMARELA),Fetranspor,399,17374776,"-22.9728","-43.3995"
613,613-DEL CASTILHO X RIO CENTRO (VIA AUTODROMO E LINHA AMARELA),Fetranspor,400,17374776,"-22.9728","-43.3997"
613,613-DEL CASTILHO X RIO CENTRO (VIA AUTODROMO E LINHA AMARELA),Fetranspor,401,17374776,"-22.9728","-43.3997"
613,613-DEL CASTILHO X RIO CENTRO (VIA AUTODROMO E LINHA AMARELA),Fetranspor,402,17374776,"-22.9728","-43.4"
613,613-DEL CASTILHO X RIO CENTRO (VIA AUTODROMO E LINHA AMARELA),Fetranspor,403,17374776,"-22.9728","-43.4003"
613,613-DEL CASTILHO X RIO CENTRO (VIA AUTODROMO E LINHA AMARELA),Fetranspor,404,17374776,"-22.9727","-43.4004"
613,613-DEL CASTILHO X RIO CENTRO (VIA AUTODROMO E LINHA AMARELA),Fetranspor,405,17374776,"-22.9727","-43.4005"
613,613-DEL CASTILHO X RIO CENTRO (VIA AUTODROMO E LINHA AMARELA),Fetranspor,406,17374776,"-22.9725","-43.4007"
613,613-DEL CASTILHO X RIO CENTRO (VIA AUTODROMO E LINHA AMARELA),Fetranspor,407,17374776,"-22.9724","-43.4008"
613,613-DEL CASTILHO X RIO CENTRO (VIA AUTODROMO E LINHA AMARELA),Fetranspor,408,17374776,"-22.9723","-43.4009"
613,613-DEL CASTILHO X RIO CENTRO (VIA AUTODROMO E LINHA AMARELA),Fetranspor,409,17374776,"-22.9723","-43.4009"
613,613-DEL CASTILHO X RIO CENTRO (VIA AUTODROMO E LINHA AMARELA),Fetranspor,410,17374776,"-22.9722","-43.4009"
613,613-DEL CASTILHO X RIO CENTRO (VIA AUTODROMO E LINHA AMARELA),Fetranspor,411,17374776,"-22.9719","-43.401"
613,613-DEL CASTILHO X RIO CENTRO (VIA AUTODROMO E LINHA AMARELA),Fetranspor,412,17374776,"-22.9716","-43.4011"
613,613-DEL CASTILHO X RIO CENTRO (VIA AUTODROMO E LINHA AMARELA),Fetranspor,413,17374776,"-22.9716","-43.4011"
613,613-DEL CASTILHO X RIO CENTRO (VIA AUTODROMO E LINHA AMARELA),Fetranspor,414,17374776,"-22.9716","-43.4012"
613,613-DEL CASTILHO X RIO CENTRO (VIA AUTODROMO E LINHA AMARELA),Fetranspor,415,17374776,"-22.9715","-43.4012"
613,613-DEL CASTILHO X RIO CENTRO (VIA AUTODROMO E LINHA AMARELA),Fetranspor,416,17374776,"-22.9715","-43.4013"
613,613-DEL CASTILHO X RIO CENTRO (VIA AUTODROMO E LINHA AMARELA),Fetranspor,417,17374776,"-22.9714","-43.4014"
613,613-DEL CASTILHO X RIO CENTRO (VIA AUTODROMO E LINHA AMARELA),Fetranspor,418,17374776,"-22.9714","-43.4015"
613,613-DEL CASTILHO X RIO CENTRO (VIA AUTODROMO E LINHA AMARELA),Fetranspor,419,17374776,"-22.9714","-43.4016"
613,613-DEL CASTILHO X RIO CENTRO (VIA AUTODROMO E LINHA AMARELA),Fetranspor,420,17374776,"-22.9714","-43.4016"
613,613-DEL CASTILHO X RIO CENTRO (VIA AUTODROMO E LINHA AMARELA),Fetranspor,421,17374776,"-22.9719","-43.402"
613,613-DEL CASTILHO X RIO CENTRO (VIA AUTODROMO E LINHA AMARELA),Fetranspor,422,17374776,"-22.9723","-43.4025"
613,613-DEL CASTILHO X RIO CENTRO (VIA AUTODROMO E LINHA AMARELA),Fetranspor,423,17374776,"-22.9723","-43.4025"
613,613-DEL CASTILHO X RIO CENTRO (VIA AUTODROMO E LINHA AMARELA),Fetranspor,424,17374776,"-22.9733","-43.4034"
613,613-DEL CASTILHO X RIO CENTRO (VIA AUTODROMO E LINHA AMARELA),Fetranspor,425,17374776,"-22.9733","-43.4034"
613,613-DEL CASTILHO X RIO CENTRO (VIA AUTODROMO E LINHA AMARELA),Fetranspor,426,17374776,"-22.9727","-43.4062"
613,613-DEL CASTILHO X RIO CENTRO (VIA AUTODROMO E LINHA AMARELA),Fetranspor,427,17374776,"-22.9726","-43.4068"
613,613-DEL CASTILHO X RIO CENTRO (VIA AUTODROMO E LINHA AMARELA),Fetranspor,428,17374776,"-22.9726","-43.4071"
613,613-DEL CASTILHO X RIO CENTRO (VIA AUTODROMO E LINHA AMARELA),Fetranspor,429,17374776,"-22.9728","-43.4079"
613,613-DEL CASTILHO X RIO CENTRO (VIA AUTODROMO E LINHA AMARELA),Fetranspor,430,17374776,"-22.9729","-43.4086"
613,613-DEL CASTILHO X RIO CENTRO (VIA AUTODROMO E LINHA AMARELA),Fetranspor,431,17374776,"-22.9729","-43.4086"
613,613-DEL CASTILHO X RIO CENTRO (VIA AUTODROMO E LINHA AMARELA),Fetranspor,432,17374776,"-22.973","-43.4092"
613,613-DEL CASTILHO X RIO CENTRO (VIA AUTODROMO E LINHA AMARELA),Fetranspor,433,17374776,"-22.9732","-43.4099"
613,613-DEL CASTILHO X RIO CENTRO (VIA AUTODROMO E LINHA AMARELA),Fetranspor,434,17374776,"-22.9734","-43.4104"
613,613-DEL CASTILHO X RIO CENTRO (VIA AUTODROMO E LINHA AMARELA),Fetranspor,435,17374776,"-22.9737","-43.411"
613,613-DEL CASTILHO X RIO CENTRO (VIA AUTODROMO E LINHA AMARELA),Fetranspor,436,17374776,"-22.974","-43.4115"
613,613-DEL CASTILHO X RIO CENTRO (VIA AUTODROMO E LINHA AMARELA),Fetranspor,437,17374776,"-22.9743","-43.4119"
613,613-DEL CASTILHO X RIO CENTRO (VIA AUTODROMO E LINHA AMARELA),Fetranspor,438,17374776,"-22.9753","-43.4131"
613,613-DEL CASTILHO X RIO CENTRO (VIA AUTODROMO E LINHA AMARELA),Fetranspor,439,17374776,"-22.9757","-43.4135"
