linha,descricao,agencia,sequencia,shape_id,latitude,longitude
627,627-SAENS PENA X INHAUMA,Fetranspor,0,17390111,"-22.9234","-43.2352"
627,627-SAENS PENA X INHAUMA,Fetranspor,1,17390111,"-22.923","-43.2341"
627,627-SAENS PENA X INHAUMA,Fetranspor,2,17390111,"-22.9224","-43.233"
627,627-SAENS PENA X INHAUMA,Fetranspor,3,17390111,"-22.9224","-43.233"
627,627-SAENS PENA X INHAUMA,Fetranspor,4,17390111,"-22.9224","-43.233"
627,627-SAENS PENA X INHAUMA,Fetranspor,5,17390111,"-22.9221","-43.2331"
627,627-SAENS PENA X INHAUMA,Fetranspor,6,17390111,"-22.9216","-43.2333"
627,627-SAENS PENA X INHAUMA,Fetranspor,7,17390111,"-22.9216","-43.2333"
627,627-SAENS PENA X INHAUMA,Fetranspor,8,17390111,"-22.9211","-43.2334"
627,627-SAENS PENA X INHAUMA,Fetranspor,9,17390111,"-22.9203","-43.2337"
627,627-SAENS PENA X INHAUMA,Fetranspor,10,17390111,"-22.9203","-43.2337"
627,627-SAENS PENA X INHAUMA,Fetranspor,11,17390111,"-22.9195","-43.234"
627,627-SAENS PENA X INHAUMA,Fetranspor,12,17390111,"-22.9195","-43.234"
627,627-SAENS PENA X INHAUMA,Fetranspor,13,17390111,"-22.9194","-43.2341"
627,627-SAENS PENA X INHAUMA,Fetranspor,14,17390111,"-22.9194","-43.2341"
627,627-SAENS PENA X INHAUMA,Fetranspor,15,17390111,"-22.9195","-43.2345"
627,627-SAENS PENA X INHAUMA,Fetranspor,16,17390111,"-22.9196","-43.2346"
627,627-SAENS PENA X INHAUMA,Fetranspor,17,17390111,"-22.9197","-43.2348"
627,627-SAENS PENA X INHAUMA,Fetranspor,18,17390111,"-22.9197","-43.2349"
627,627-SAENS PENA X INHAUMA,Fetranspor,19,17390111,"-22.9199","-43.235"
627,627-SAENS PENA X INHAUMA,Fetranspor,20,17390111,"-22.9199","-43.235"
627,627-SAENS PENA X INHAUMA,Fetranspor,21,17390111,"-22.9205","-43.2353"
627,627-SAENS PENA X INHAUMA,Fetranspor,22,17390111,"-22.9205","-43.2353"
627,627-SAENS PENA X INHAUMA,Fetranspor,23,17390111,"-22.9211","-43.2357"
627,627-SAENS PENA X INHAUMA,Fetranspor,24,17390111,"-22.9211","-43.2357"
627,627-SAENS PENA X INHAUMA,Fetranspor,25,17390111,"-22.9214","-43.2359"
627,627-SAENS PENA X INHAUMA,Fetranspor,26,17390111,"-22.9214","-43.2359"
627,627-SAENS PENA X INHAUMA,Fetranspor,27,17390111,"-22.9215","-43.2361"
627,627-SAENS PENA X INHAUMA,Fetranspor,28,17390111,"-22.9215","-43.2361"
627,627-SAENS PENA X INHAUMA,Fetranspor,29,17390111,"-22.9221","-43.2373"
627,627-SAENS PENA X INHAUMA,Fetranspor,30,17390111,"-22.9221","-43.2373"
627,627-SAENS PENA X INHAUMA,Fetranspor,31,17390111,"-22.9226","-43.2381"
627,627-SAENS PENA X INHAUMA,Fetranspor,32,17390111,"-22.9226","-43.2381"
627,627-SAENS PENA X INHAUMA,Fetranspor,33,17390111,"-22.9227","-43.2384"
627,627-SAENS PENA X INHAUMA,Fetranspor,34,17390111,"-22.9227","-43.2384"
627,627-SAENS PENA X INHAUMA,Fetranspor,35,17390111,"-22.922","-43.2388"
627,627-SAENS PENA X INHAUMA,Fetranspor,36,17390111,"-22.922","-43.2388"
627,627-SAENS PENA X INHAUMA,Fetranspor,37,17390111,"-22.9212","-43.2393"
627,627-SAENS PENA X INHAUMA,Fetranspor,38,17390111,"-22.9212","-43.2393"
627,627-SAENS PENA X INHAUMA,Fetranspor,39,17390111,"-22.9211","-43.2394"
627,627-SAENS PENA X INHAUMA,Fetranspor,40,17390111,"-22.9211","-43.2394"
627,627-SAENS PENA X INHAUMA,Fetranspor,41,17390111,"-22.9207","-43.2397"
627,627-SAENS PENA X INHAUMA,Fetranspor,42,17390111,"-22.9207","-43.2397"
627,627-SAENS PENA X INHAUMA,Fetranspor,43,17390111,"-22.9203","-43.2399"
627,627-SAENS PENA X INHAUMA,Fetranspor,44,17390111,"-22.9203","-43.2399"
627,627-SAENS PENA X INHAUMA,Fetranspor,45,17390111,"-22.9199","-43.2401"
627,627-SAENS PENA X INHAUMA,Fetranspor,46,17390111,"-22.9193","-43.2405"
627,627-SAENS PENA X INHAUMA,Fetranspor,47,17390111,"-22.9193","-43.2405"
627,627-SAENS PENA X INHAUMA,Fetranspor,48,17390111,"-22.919","-43.2407"
627,627-SAENS PENA X INHAUMA,Fetranspor,49,17390111,"-22.919","-43.2407"
627,627-SAENS PENA X INHAUMA,Fetranspor,50,17390111,"-22.9187","-43.2409"
627,627-SAENS PENA X INHAUMA,Fetranspor,51,17390111,"-22.9187","-43.2409"
627,627-SAENS PENA X INHAUMA,Fetranspor,52,17390111,"-22.9179","-43.2414"
627,627-SAENS PENA X INHAUMA,Fetranspor,53,17390111,"-22.9178","-43.2416"
627,627-SAENS PENA X INHAUMA,Fetranspor,54,17390111,"-22.9178","-43.2416"
627,627-SAENS PENA X INHAUMA,Fetranspor,55,17390111,"-22.9176","-43.2416"
627,627-SAENS PENA X INHAUMA,Fetranspor,56,17390111,"-22.9168","-43.2418"
627,627-SAENS PENA X INHAUMA,Fetranspor,57,17390111,"-22.9168","-43.2418"
627,627-SAENS PENA X INHAUMA,Fetranspor,58,17390111,"-22.9166","-43.2407"
627,627-SAENS PENA X INHAUMA,Fetranspor,59,17390111,"-22.9166","-43.2407"
627,627-SAENS PENA X INHAUMA,Fetranspor,60,17390111,"-22.9166","-43.2403"
627,627-SAENS PENA X INHAUMA,Fetranspor,61,17390111,"-22.9166","-43.2403"
627,627-SAENS PENA X INHAUMA,Fetranspor,62,17390111,"-22.9166","-43.2402"
627,627-SAENS PENA X INHAUMA,Fetranspor,63,17390111,"-22.9166","-43.2402"
627,627-SAENS PENA X INHAUMA,Fetranspor,64,17390111,"-22.9166","-43.2402"
627,627-SAENS PENA X INHAUMA,Fetranspor,65,17390111,"-22.9166","-43.24"
627,627-SAENS PENA X INHAUMA,Fetranspor,66,17390111,"-22.9165","-43.2395"
627,627-SAENS PENA X INHAUMA,Fetranspor,67,17390111,"-22.9164","-43.2387"
627,627-SAENS PENA X INHAUMA,Fetranspor,68,17390111,"-22.9161","-43.2374"
627,627-SAENS PENA X INHAUMA,Fetranspor,69,17390111,"-22.9158","-43.2359"
627,627-SAENS PENA X INHAUMA,Fetranspor,70,17390111,"-22.9158","-43.2359"
627,627-SAENS PENA X INHAUMA,Fetranspor,71,17390111,"-22.9157","-43.2353"
627,627-SAENS PENA X INHAUMA,Fetranspor,72,17390111,"-22.9157","-43.2353"
627,627-SAENS PENA X INHAUMA,Fetranspor,73,17390111,"-22.9156","-43.2351"
627,627-SAENS PENA X INHAUMA,Fetranspor,74,17390111,"-22.9156","-43.2349"
627,627-SAENS PENA X INHAUMA,Fetranspor,75,17390111,"-22.9155","-43.2347"
627,627-SAENS PENA X INHAUMA,Fetranspor,76,17390111,"-22.9154","-43.2345"
627,627-SAENS PENA X INHAUMA,Fetranspor,77,17390111,"-22.9154","-43.2345"
627,627-SAENS PENA X INHAUMA,Fetranspor,78,17390111,"-22.9151","-43.2342"
627,627-SAENS PENA X INHAUMA,Fetranspor,79,17390111,"-22.9151","-43.2342"
627,627-SAENS PENA X INHAUMA,Fetranspor,80,17390111,"-22.915","-43.2342"
627,627-SAENS PENA X INHAUMA,Fetranspor,81,17390111,"-22.9149","-43.2341"
627,627-SAENS PENA X INHAUMA,Fetranspor,82,17390111,"-22.9147","-43.2341"
627,627-SAENS PENA X INHAUMA,Fetranspor,83,17390111,"-22.9145","-43.234"
627,627-SAENS PENA X INHAUMA,Fetranspor,84,17390111,"-22.9144","-43.234"
627,627-SAENS PENA X INHAUMA,Fetranspor,85,17390111,"-22.9138","-43.234"
627,627-SAENS PENA X INHAUMA,Fetranspor,86,17390111,"-22.9138","-43.234"
627,627-SAENS PENA X INHAUMA,Fetranspor,87,17390111,"-22.9133","-43.234"
627,627-SAENS PENA X INHAUMA,Fetranspor,88,17390111,"-22.9124","-43.2339"
627,627-SAENS PENA X INHAUMA,Fetranspor,89,17390111,"-22.9123","-43.2338"
627,627-SAENS PENA X INHAUMA,Fetranspor,90,17390111,"-22.9123","-43.2338"
627,627-SAENS PENA X INHAUMA,Fetranspor,91,17390111,"-22.9111","-43.2334"
627,627-SAENS PENA X INHAUMA,Fetranspor,92,17390111,"-22.9111","-43.2334"
627,627-SAENS PENA X INHAUMA,Fetranspor,93,17390111,"-22.9109","-43.2333"
627,627-SAENS PENA X INHAUMA,Fetranspor,94,17390111,"-22.9108","-43.2333"
627,627-SAENS PENA X INHAUMA,Fetranspor,95,17390111,"-22.9108","-43.2333"
627,627-SAENS PENA X INHAUMA,Fetranspor,96,17390111,"-22.9107","-43.2333"
627,627-SAENS PENA X INHAUMA,Fetranspor,97,17390111,"-22.9106","-43.2333"
627,627-SAENS PENA X INHAUMA,Fetranspor,98,17390111,"-22.9106","-43.2333"
627,627-SAENS PENA X INHAUMA,Fetranspor,99,17390111,"-22.9105","-43.2334"
627,627-SAENS PENA X INHAUMA,Fetranspor,100,17390111,"-22.9105","-43.2335"
627,627-SAENS PENA X INHAUMA,Fetranspor,101,17390111,"-22.9105","-43.2336"
627,627-SAENS PENA X INHAUMA,Fetranspor,102,17390111,"-22.9105","-43.2337"
627,627-SAENS PENA X INHAUMA,Fetranspor,103,17390111,"-22.9105","-43.2338"
627,627-SAENS PENA X INHAUMA,Fetranspor,104,17390111,"-22.9106","-43.2338"
627,627-SAENS PENA X INHAUMA,Fetranspor,105,17390111,"-22.9106","-43.2338"
627,627-SAENS PENA X INHAUMA,Fetranspor,106,17390111,"-22.9108","-43.2339"
627,627-SAENS PENA X INHAUMA,Fetranspor,107,17390111,"-22.9109","-43.234"
627,627-SAENS PENA X INHAUMA,Fetranspor,108,17390111,"-22.9109","-43.234"
627,627-SAENS PENA X INHAUMA,Fetranspor,109,17390111,"-22.9109","-43.234"
627,627-SAENS PENA X INHAUMA,Fetranspor,110,17390111,"-22.9111","-43.234"
627,627-SAENS PENA X INHAUMA,Fetranspor,111,17390111,"-22.9119","-43.234"
627,627-SAENS PENA X INHAUMA,Fetranspor,112,17390111,"-22.912","-43.234"
627,627-SAENS PENA X INHAUMA,Fetranspor,113,17390111,"-22.912","-43.234"
627,627-SAENS PENA X INHAUMA,Fetranspor,114,17390111,"-22.9122","-43.2342"
627,627-SAENS PENA X INHAUMA,Fetranspor,115,17390111,"-22.9123","-43.2343"
627,627-SAENS PENA X INHAUMA,Fetranspor,116,17390111,"-22.9123","-43.2343"
627,627-SAENS PENA X INHAUMA,Fetranspor,117,17390111,"-22.9124","-43.2344"
627,627-SAENS PENA X INHAUMA,Fetranspor,118,17390111,"-22.9124","-43.2345"
627,627-SAENS PENA X INHAUMA,Fetranspor,119,17390111,"-22.9124","-43.2348"
627,627-SAENS PENA X INHAUMA,Fetranspor,120,17390111,"-22.9124","-43.2349"
627,627-SAENS PENA X INHAUMA,Fetranspor,121,17390111,"-22.9125","-43.2349"
627,627-SAENS PENA X INHAUMA,Fetranspor,122,17390111,"-22.9125","-43.235"
627,627-SAENS PENA X INHAUMA,Fetranspor,123,17390111,"-22.9128","-43.2351"
627,627-SAENS PENA X INHAUMA,Fetranspor,124,17390111,"-22.9128","-43.2351"
627,627-SAENS PENA X INHAUMA,Fetranspor,125,17390111,"-22.9128","-43.2351"
627,627-SAENS PENA X INHAUMA,Fetranspor,126,17390111,"-22.9128","-43.2352"
627,627-SAENS PENA X INHAUMA,Fetranspor,127,17390111,"-22.913","-43.2353"
627,627-SAENS PENA X INHAUMA,Fetranspor,128,17390111,"-22.913","-43.2353"
627,627-SAENS PENA X INHAUMA,Fetranspor,129,17390111,"-22.913","-43.2354"
627,627-SAENS PENA X INHAUMA,Fetranspor,130,17390111,"-22.913","-43.2354"
627,627-SAENS PENA X INHAUMA,Fetranspor,131,17390111,"-22.913","-43.2354"
627,627-SAENS PENA X INHAUMA,Fetranspor,132,17390111,"-22.9129","-43.2356"
627,627-SAENS PENA X INHAUMA,Fetranspor,133,17390111,"-22.9123","-43.2365"
627,627-SAENS PENA X INHAUMA,Fetranspor,134,17390111,"-22.912","-43.2368"
627,627-SAENS PENA X INHAUMA,Fetranspor,135,17390111,"-22.9118","-43.2371"
627,627-SAENS PENA X INHAUMA,Fetranspor,136,17390111,"-22.9116","-43.2373"
627,627-SAENS PENA X INHAUMA,Fetranspor,137,17390111,"-22.9115","-43.2374"
627,627-SAENS PENA X INHAUMA,Fetranspor,138,17390111,"-22.9113","-43.2375"
627,627-SAENS PENA X INHAUMA,Fetranspor,139,17390111,"-22.911","-43.2377"
627,627-SAENS PENA X INHAUMA,Fetranspor,140,17390111,"-22.9105","-43.2379"
627,627-SAENS PENA X INHAUMA,Fetranspor,141,17390111,"-22.9105","-43.2379"
627,627-SAENS PENA X INHAUMA,Fetranspor,142,17390111,"-22.9103","-43.2381"
627,627-SAENS PENA X INHAUMA,Fetranspor,143,17390111,"-22.91","-43.2382"
627,627-SAENS PENA X INHAUMA,Fetranspor,144,17390111,"-22.9099","-43.2382"
627,627-SAENS PENA X INHAUMA,Fetranspor,145,17390111,"-22.9097","-43.2382"
627,627-SAENS PENA X INHAUMA,Fetranspor,146,17390111,"-22.9097","-43.2382"
627,627-SAENS PENA X INHAUMA,Fetranspor,147,17390111,"-22.9096","-43.2382"
627,627-SAENS PENA X INHAUMA,Fetranspor,148,17390111,"-22.9095","-43.2382"
627,627-SAENS PENA X INHAUMA,Fetranspor,149,17390111,"-22.9092","-43.2382"
627,627-SAENS PENA X INHAUMA,Fetranspor,150,17390111,"-22.9092","-43.2382"
627,627-SAENS PENA X INHAUMA,Fetranspor,151,17390111,"-22.9091","-43.2382"
627,627-SAENS PENA X INHAUMA,Fetranspor,152,17390111,"-22.9091","-43.2382"
627,627-SAENS PENA X INHAUMA,Fetranspor,153,17390111,"-22.9089","-43.2382"
627,627-SAENS PENA X INHAUMA,Fetranspor,154,17390111,"-22.9089","-43.2382"
627,627-SAENS PENA X INHAUMA,Fetranspor,155,17390111,"-22.9087","-43.2382"
627,627-SAENS PENA X INHAUMA,Fetranspor,156,17390111,"-22.9086","-43.2382"
627,627-SAENS PENA X INHAUMA,Fetranspor,157,17390111,"-22.9085","-43.2383"
627,627-SAENS PENA X INHAUMA,Fetranspor,158,17390111,"-22.9085","-43.2383"
627,627-SAENS PENA X INHAUMA,Fetranspor,159,17390111,"-22.9085","-43.2383"
627,627-SAENS PENA X INHAUMA,Fetranspor,160,17390111,"-22.9074","-43.239"
627,627-SAENS PENA X INHAUMA,Fetranspor,161,17390111,"-22.9072","-43.2391"
627,627-SAENS PENA X INHAUMA,Fetranspor,162,17390111,"-22.9068","-43.2395"
627,627-SAENS PENA X INHAUMA,Fetranspor,163,17390111,"-22.9061","-43.2403"
627,627-SAENS PENA X INHAUMA,Fetranspor,164,17390111,"-22.906","-43.2405"
627,627-SAENS PENA X INHAUMA,Fetranspor,165,17390111,"-22.9058","-43.2409"
627,627-SAENS PENA X INHAUMA,Fetranspor,166,17390111,"-22.9055","-43.2414"
627,627-SAENS PENA X INHAUMA,Fetranspor,167,17390111,"-22.9055","-43.2414"
627,627-SAENS PENA X INHAUMA,Fetranspor,168,17390111,"-22.9053","-43.2417"
627,627-SAENS PENA X INHAUMA,Fetranspor,169,17390111,"-22.9052","-43.2418"
627,627-SAENS PENA X INHAUMA,Fetranspor,170,17390111,"-22.9052","-43.2418"
627,627-SAENS PENA X INHAUMA,Fetranspor,171,17390111,"-22.9052","-43.2418"
627,627-SAENS PENA X INHAUMA,Fetranspor,172,17390111,"-22.9052","-43.2419"
627,627-SAENS PENA X INHAUMA,Fetranspor,173,17390111,"-22.9052","-43.2419"
627,627-SAENS PENA X INHAUMA,Fetranspor,174,17390111,"-22.9051","-43.242"
627,627-SAENS PENA X INHAUMA,Fetranspor,175,17390111,"-22.9048","-43.2425"
627,627-SAENS PENA X INHAUMA,Fetranspor,176,17390111,"-22.9045","-43.243"
627,627-SAENS PENA X INHAUMA,Fetranspor,177,17390111,"-22.9044","-43.2431"
627,627-SAENS PENA X INHAUMA,Fetranspor,178,17390111,"-22.9044","-43.2431"
627,627-SAENS PENA X INHAUMA,Fetranspor,179,17390111,"-22.904","-43.2436"
627,627-SAENS PENA X INHAUMA,Fetranspor,180,17390111,"-22.9039","-43.2437"
627,627-SAENS PENA X INHAUMA,Fetranspor,181,17390111,"-22.9038","-43.2438"
627,627-SAENS PENA X INHAUMA,Fetranspor,182,17390111,"-22.9036","-43.244"
627,627-SAENS PENA X INHAUMA,Fetranspor,183,17390111,"-22.9033","-43.2442"
627,627-SAENS PENA X INHAUMA,Fetranspor,184,17390111,"-22.9032","-43.2444"
627,627-SAENS PENA X INHAUMA,Fetranspor,185,17390111,"-22.9028","-43.2448"
627,627-SAENS PENA X INHAUMA,Fetranspor,186,17390111,"-22.9026","-43.245"
627,627-SAENS PENA X INHAUMA,Fetranspor,187,17390111,"-22.9026","-43.245"
627,627-SAENS PENA X INHAUMA,Fetranspor,188,17390111,"-22.9025","-43.2451"
627,627-SAENS PENA X INHAUMA,Fetranspor,189,17390111,"-22.9022","-43.2454"
627,627-SAENS PENA X INHAUMA,Fetranspor,190,17390111,"-22.9022","-43.2454"
627,627-SAENS PENA X INHAUMA,Fetranspor,191,17390111,"-22.9021","-43.2456"
627,627-SAENS PENA X INHAUMA,Fetranspor,192,17390111,"-22.9019","-43.246"
627,627-SAENS PENA X INHAUMA,Fetranspor,193,17390111,"-22.9017","-43.2466"
627,627-SAENS PENA X INHAUMA,Fetranspor,194,17390111,"-22.9017","-43.2466"
627,627-SAENS PENA X INHAUMA,Fetranspor,195,17390111,"-22.9016","-43.2472"
627,627-SAENS PENA X INHAUMA,Fetranspor,196,17390111,"-22.9016","-43.2472"
627,627-SAENS PENA X INHAUMA,Fetranspor,197,17390111,"-22.9013","-43.2482"
627,627-SAENS PENA X INHAUMA,Fetranspor,198,17390111,"-22.9013","-43.2485"
627,627-SAENS PENA X INHAUMA,Fetranspor,199,17390111,"-22.9013","-43.2485"
627,627-SAENS PENA X INHAUMA,Fetranspor,200,17390111,"-22.9012","-43.2489"
627,627-SAENS PENA X INHAUMA,Fetranspor,201,17390111,"-22.9011","-43.2492"
627,627-SAENS PENA X INHAUMA,Fetranspor,202,17390111,"-22.9011","-43.2493"
627,627-SAENS PENA X INHAUMA,Fetranspor,203,17390111,"-22.9011","-43.2494"
627,627-SAENS PENA X INHAUMA,Fetranspor,204,17390111,"-22.9013","-43.2501"
627,627-SAENS PENA X INHAUMA,Fetranspor,205,17390111,"-22.9013","-43.2501"
627,627-SAENS PENA X INHAUMA,Fetranspor,206,17390111,"-22.9015","-43.2514"
627,627-SAENS PENA X INHAUMA,Fetranspor,207,17390111,"-22.9015","-43.2514"
627,627-SAENS PENA X INHAUMA,Fetranspor,208,17390111,"-22.9017","-43.252"
627,627-SAENS PENA X INHAUMA,Fetranspor,209,17390111,"-22.9018","-43.2527"
627,627-SAENS PENA X INHAUMA,Fetranspor,210,17390111,"-22.9018","-43.2528"
627,627-SAENS PENA X INHAUMA,Fetranspor,211,17390111,"-22.9018","-43.2528"
627,627-SAENS PENA X INHAUMA,Fetranspor,212,17390111,"-22.9018","-43.2529"
627,627-SAENS PENA X INHAUMA,Fetranspor,213,17390111,"-22.9019","-43.2533"
627,627-SAENS PENA X INHAUMA,Fetranspor,214,17390111,"-22.902","-43.2538"
627,627-SAENS PENA X INHAUMA,Fetranspor,215,17390111,"-22.9021","-43.2543"
627,627-SAENS PENA X INHAUMA,Fetranspor,216,17390111,"-22.9021","-43.2543"
627,627-SAENS PENA X INHAUMA,Fetranspor,217,17390111,"-22.9021","-43.2549"
627,627-SAENS PENA X INHAUMA,Fetranspor,218,17390111,"-22.9021","-43.2549"
627,627-SAENS PENA X INHAUMA,Fetranspor,219,17390111,"-22.9021","-43.2552"
627,627-SAENS PENA X INHAUMA,Fetranspor,220,17390111,"-22.9021","-43.2552"
627,627-SAENS PENA X INHAUMA,Fetranspor,221,17390111,"-22.9022","-43.2563"
627,627-SAENS PENA X INHAUMA,Fetranspor,222,17390111,"-22.9022","-43.2563"
627,627-SAENS PENA X INHAUMA,Fetranspor,223,17390111,"-22.9023","-43.2581"
627,627-SAENS PENA X INHAUMA,Fetranspor,224,17390111,"-22.9023","-43.2581"
627,627-SAENS PENA X INHAUMA,Fetranspor,225,17390111,"-22.9025","-43.2594"
627,627-SAENS PENA X INHAUMA,Fetranspor,226,17390111,"-22.9025","-43.2594"
627,627-SAENS PENA X INHAUMA,Fetranspor,227,17390111,"-22.9025","-43.26"
627,627-SAENS PENA X INHAUMA,Fetranspor,228,17390111,"-22.9025","-43.26"
627,627-SAENS PENA X INHAUMA,Fetranspor,229,17390111,"-22.9025","-43.2601"
627,627-SAENS PENA X INHAUMA,Fetranspor,230,17390111,"-22.9025","-43.2602"
627,627-SAENS PENA X INHAUMA,Fetranspor,231,17390111,"-22.9021","-43.2612"
627,627-SAENS PENA X INHAUMA,Fetranspor,232,17390111,"-22.9021","-43.2613"
627,627-SAENS PENA X INHAUMA,Fetranspor,233,17390111,"-22.9021","-43.2613"
627,627-SAENS PENA X INHAUMA,Fetranspor,234,17390111,"-22.9021","-43.2614"
627,627-SAENS PENA X INHAUMA,Fetranspor,235,17390111,"-22.9021","-43.2617"
627,627-SAENS PENA X INHAUMA,Fetranspor,236,17390111,"-22.9021","-43.2617"
627,627-SAENS PENA X INHAUMA,Fetranspor,237,17390111,"-22.9021","-43.262"
627,627-SAENS PENA X INHAUMA,Fetranspor,238,17390111,"-22.9021","-43.2623"
627,627-SAENS PENA X INHAUMA,Fetranspor,239,17390111,"-22.9021","-43.2623"
627,627-SAENS PENA X INHAUMA,Fetranspor,240,17390111,"-22.9021","-43.2629"
627,627-SAENS PENA X INHAUMA,Fetranspor,241,17390111,"-22.9021","-43.2629"
627,627-SAENS PENA X INHAUMA,Fetranspor,242,17390111,"-22.9022","-43.2636"
627,627-SAENS PENA X INHAUMA,Fetranspor,243,17390111,"-22.9022","-43.2636"
627,627-SAENS PENA X INHAUMA,Fetranspor,244,17390111,"-22.9023","-43.2646"
627,627-SAENS PENA X INHAUMA,Fetranspor,245,17390111,"-22.9023","-43.2646"
627,627-SAENS PENA X INHAUMA,Fetranspor,246,17390111,"-22.9023","-43.2647"
627,627-SAENS PENA X INHAUMA,Fetranspor,247,17390111,"-22.9023","-43.2647"
627,627-SAENS PENA X INHAUMA,Fetranspor,248,17390111,"-22.9023","-43.2652"
627,627-SAENS PENA X INHAUMA,Fetranspor,249,17390111,"-22.9024","-43.2654"
627,627-SAENS PENA X INHAUMA,Fetranspor,250,17390111,"-22.9024","-43.2654"
627,627-SAENS PENA X INHAUMA,Fetranspor,251,17390111,"-22.9024","-43.2659"
627,627-SAENS PENA X INHAUMA,Fetranspor,252,17390111,"-22.9026","-43.2668"
627,627-SAENS PENA X INHAUMA,Fetranspor,253,17390111,"-22.9026","-43.2668"
627,627-SAENS PENA X INHAUMA,Fetranspor,254,17390111,"-22.9027","-43.2675"
627,627-SAENS PENA X INHAUMA,Fetranspor,255,17390111,"-22.9027","-43.2675"
627,627-SAENS PENA X INHAUMA,Fetranspor,256,17390111,"-22.9027","-43.2677"
627,627-SAENS PENA X INHAUMA,Fetranspor,257,17390111,"-22.9027","-43.2677"
627,627-SAENS PENA X INHAUMA,Fetranspor,258,17390111,"-22.9028","-43.2679"
627,627-SAENS PENA X INHAUMA,Fetranspor,259,17390111,"-22.9028","-43.2679"
627,627-SAENS PENA X INHAUMA,Fetranspor,260,17390111,"-22.9028","-43.2682"
627,627-SAENS PENA X INHAUMA,Fetranspor,261,17390111,"-22.9029","-43.2684"
627,627-SAENS PENA X INHAUMA,Fetranspor,262,17390111,"-22.9029","-43.2684"
627,627-SAENS PENA X INHAUMA,Fetranspor,263,17390111,"-22.9029","-43.2686"
627,627-SAENS PENA X INHAUMA,Fetranspor,264,17390111,"-22.9029","-43.2686"
627,627-SAENS PENA X INHAUMA,Fetranspor,265,17390111,"-22.903","-43.2689"
627,627-SAENS PENA X INHAUMA,Fetranspor,266,17390111,"-22.903","-43.2689"
627,627-SAENS PENA X INHAUMA,Fetranspor,267,17390111,"-22.9032","-43.2696"
627,627-SAENS PENA X INHAUMA,Fetranspor,268,17390111,"-22.9032","-43.2696"
627,627-SAENS PENA X INHAUMA,Fetranspor,269,17390111,"-22.9033","-43.2701"
627,627-SAENS PENA X INHAUMA,Fetranspor,270,17390111,"-22.9035","-43.2705"
627,627-SAENS PENA X INHAUMA,Fetranspor,271,17390111,"-22.9038","-43.2714"
627,627-SAENS PENA X INHAUMA,Fetranspor,272,17390111,"-22.9038","-43.2714"
627,627-SAENS PENA X INHAUMA,Fetranspor,273,17390111,"-22.9044","-43.2726"
627,627-SAENS PENA X INHAUMA,Fetranspor,274,17390111,"-22.9044","-43.2726"
627,627-SAENS PENA X INHAUMA,Fetranspor,275,17390111,"-22.9046","-43.2731"
627,627-SAENS PENA X INHAUMA,Fetranspor,276,17390111,"-22.9046","-43.2733"
627,627-SAENS PENA X INHAUMA,Fetranspor,277,17390111,"-22.9047","-43.2736"
627,627-SAENS PENA X INHAUMA,Fetranspor,278,17390111,"-22.9047","-43.2737"
627,627-SAENS PENA X INHAUMA,Fetranspor,279,17390111,"-22.9048","-43.2741"
627,627-SAENS PENA X INHAUMA,Fetranspor,280,17390111,"-22.9048","-43.2744"
627,627-SAENS PENA X INHAUMA,Fetranspor,281,17390111,"-22.9047","-43.2745"
627,627-SAENS PENA X INHAUMA,Fetranspor,282,17390111,"-22.9047","-43.2748"
627,627-SAENS PENA X INHAUMA,Fetranspor,283,17390111,"-22.9047","-43.2749"
627,627-SAENS PENA X INHAUMA,Fetranspor,284,17390111,"-22.9046","-43.2751"
627,627-SAENS PENA X INHAUMA,Fetranspor,285,17390111,"-22.9045","-43.2754"
627,627-SAENS PENA X INHAUMA,Fetranspor,286,17390111,"-22.9043","-43.2756"
627,627-SAENS PENA X INHAUMA,Fetranspor,287,17390111,"-22.9042","-43.2757"
627,627-SAENS PENA X INHAUMA,Fetranspor,288,17390111,"-22.9041","-43.2758"
627,627-SAENS PENA X INHAUMA,Fetranspor,289,17390111,"-22.9041","-43.2758"
627,627-SAENS PENA X INHAUMA,Fetranspor,290,17390111,"-22.9038","-43.2762"
627,627-SAENS PENA X INHAUMA,Fetranspor,291,17390111,"-22.9038","-43.2762"
627,627-SAENS PENA X INHAUMA,Fetranspor,292,17390111,"-22.9031","-43.2768"
627,627-SAENS PENA X INHAUMA,Fetranspor,293,17390111,"-22.9031","-43.2768"
627,627-SAENS PENA X INHAUMA,Fetranspor,294,17390111,"-22.9027","-43.2773"
627,627-SAENS PENA X INHAUMA,Fetranspor,295,17390111,"-22.9027","-43.2773"
627,627-SAENS PENA X INHAUMA,Fetranspor,296,17390111,"-22.9023","-43.2777"
627,627-SAENS PENA X INHAUMA,Fetranspor,297,17390111,"-22.9023","-43.2777"
627,627-SAENS PENA X INHAUMA,Fetranspor,298,17390111,"-22.9021","-43.2778"
627,627-SAENS PENA X INHAUMA,Fetranspor,299,17390111,"-22.9021","-43.2778"
627,627-SAENS PENA X INHAUMA,Fetranspor,300,17390111,"-22.902","-43.278"
627,627-SAENS PENA X INHAUMA,Fetranspor,301,17390111,"-22.9012","-43.2788"
627,627-SAENS PENA X INHAUMA,Fetranspor,302,17390111,"-22.901","-43.2789"
627,627-SAENS PENA X INHAUMA,Fetranspor,303,17390111,"-22.901","-43.2789"
627,627-SAENS PENA X INHAUMA,Fetranspor,304,17390111,"-22.9006","-43.2794"
627,627-SAENS PENA X INHAUMA,Fetranspor,305,17390111,"-22.9006","-43.2794"
627,627-SAENS PENA X INHAUMA,Fetranspor,306,17390111,"-22.9004","-43.2795"
627,627-SAENS PENA X INHAUMA,Fetranspor,307,17390111,"-22.9003","-43.2797"
627,627-SAENS PENA X INHAUMA,Fetranspor,308,17390111,"-22.9003","-43.2797"
627,627-SAENS PENA X INHAUMA,Fetranspor,309,17390111,"-22.9003","-43.2797"
627,627-SAENS PENA X INHAUMA,Fetranspor,310,17390111,"-22.8995","-43.2805"
627,627-SAENS PENA X INHAUMA,Fetranspor,311,17390111,"-22.8992","-43.2809"
627,627-SAENS PENA X INHAUMA,Fetranspor,312,17390111,"-22.8992","-43.2809"
627,627-SAENS PENA X INHAUMA,Fetranspor,313,17390111,"-22.8986","-43.2816"
627,627-SAENS PENA X INHAUMA,Fetranspor,314,17390111,"-22.8983","-43.2819"
627,627-SAENS PENA X INHAUMA,Fetranspor,315,17390111,"-22.8982","-43.2822"
627,627-SAENS PENA X INHAUMA,Fetranspor,316,17390111,"-22.8979","-43.2828"
627,627-SAENS PENA X INHAUMA,Fetranspor,317,17390111,"-22.8978","-43.2832"
627,627-SAENS PENA X INHAUMA,Fetranspor,318,17390111,"-22.8977","-43.2836"
627,627-SAENS PENA X INHAUMA,Fetranspor,319,17390111,"-22.8977","-43.2836"
627,627-SAENS PENA X INHAUMA,Fetranspor,320,17390111,"-22.8976","-43.2838"
627,627-SAENS PENA X INHAUMA,Fetranspor,321,17390111,"-22.8976","-43.284"
627,627-SAENS PENA X INHAUMA,Fetranspor,322,17390111,"-22.8973","-43.2856"
627,627-SAENS PENA X INHAUMA,Fetranspor,323,17390111,"-22.8973","-43.2856"
627,627-SAENS PENA X INHAUMA,Fetranspor,324,17390111,"-22.8973","-43.2857"
627,627-SAENS PENA X INHAUMA,Fetranspor,325,17390111,"-22.8973","-43.2857"
627,627-SAENS PENA X INHAUMA,Fetranspor,326,17390111,"-22.897","-43.2856"
627,627-SAENS PENA X INHAUMA,Fetranspor,327,17390111,"-22.897","-43.2856"
627,627-SAENS PENA X INHAUMA,Fetranspor,328,17390111,"-22.8968","-43.2856"
627,627-SAENS PENA X INHAUMA,Fetranspor,329,17390111,"-22.8967","-43.2856"
627,627-SAENS PENA X INHAUMA,Fetranspor,330,17390111,"-22.8967","-43.2857"
627,627-SAENS PENA X INHAUMA,Fetranspor,331,17390111,"-22.8966","-43.2857"
627,627-SAENS PENA X INHAUMA,Fetranspor,332,17390111,"-22.8966","-43.2858"
627,627-SAENS PENA X INHAUMA,Fetranspor,333,17390111,"-22.8967","-43.2865"
627,627-SAENS PENA X INHAUMA,Fetranspor,334,17390111,"-22.8967","-43.2867"
627,627-SAENS PENA X INHAUMA,Fetranspor,335,17390111,"-22.8967","-43.2867"
627,627-SAENS PENA X INHAUMA,Fetranspor,336,17390111,"-22.8963","-43.2868"
627,627-SAENS PENA X INHAUMA,Fetranspor,337,17390111,"-22.8956","-43.287"
627,627-SAENS PENA X INHAUMA,Fetranspor,338,17390111,"-22.8953","-43.287"
627,627-SAENS PENA X INHAUMA,Fetranspor,339,17390111,"-22.8949","-43.2871"
627,627-SAENS PENA X INHAUMA,Fetranspor,340,17390111,"-22.8949","-43.2871"
627,627-SAENS PENA X INHAUMA,Fetranspor,341,17390111,"-22.8943","-43.2873"
627,627-SAENS PENA X INHAUMA,Fetranspor,342,17390111,"-22.8941","-43.2873"
627,627-SAENS PENA X INHAUMA,Fetranspor,343,17390111,"-22.8941","-43.2873"
627,627-SAENS PENA X INHAUMA,Fetranspor,344,17390111,"-22.8939","-43.2874"
627,627-SAENS PENA X INHAUMA,Fetranspor,345,17390111,"-22.8939","-43.2874"
627,627-SAENS PENA X INHAUMA,Fetranspor,346,17390111,"-22.8938","-43.2874"
627,627-SAENS PENA X INHAUMA,Fetranspor,347,17390111,"-22.893","-43.2875"
627,627-SAENS PENA X INHAUMA,Fetranspor,348,17390111,"-22.8926","-43.2876"
627,627-SAENS PENA X INHAUMA,Fetranspor,349,17390111,"-22.8926","-43.2876"
627,627-SAENS PENA X INHAUMA,Fetranspor,350,17390111,"-22.8925","-43.2876"
627,627-SAENS PENA X INHAUMA,Fetranspor,351,17390111,"-22.8925","-43.2876"
627,627-SAENS PENA X INHAUMA,Fetranspor,352,17390111,"-22.892","-43.2877"
627,627-SAENS PENA X INHAUMA,Fetranspor,353,17390111,"-22.8917","-43.2877"
627,627-SAENS PENA X INHAUMA,Fetranspor,354,17390111,"-22.8917","-43.2877"
627,627-SAENS PENA X INHAUMA,Fetranspor,355,17390111,"-22.8917","-43.2877"
627,627-SAENS PENA X INHAUMA,Fetranspor,356,17390111,"-22.8914","-43.2877"
627,627-SAENS PENA X INHAUMA,Fetranspor,357,17390111,"-22.8914","-43.2877"
627,627-SAENS PENA X INHAUMA,Fetranspor,358,17390111,"-22.8912","-43.2876"
627,627-SAENS PENA X INHAUMA,Fetranspor,359,17390111,"-22.891","-43.2876"
627,627-SAENS PENA X INHAUMA,Fetranspor,360,17390111,"-22.8908","-43.2876"
627,627-SAENS PENA X INHAUMA,Fetranspor,361,17390111,"-22.8904","-43.2877"
627,627-SAENS PENA X INHAUMA,Fetranspor,362,17390111,"-22.8902","-43.2877"
627,627-SAENS PENA X INHAUMA,Fetranspor,363,17390111,"-22.89","-43.2877"
627,627-SAENS PENA X INHAUMA,Fetranspor,364,17390111,"-22.89","-43.2877"
627,627-SAENS PENA X INHAUMA,Fetranspor,365,17390111,"-22.8897","-43.2877"
627,627-SAENS PENA X INHAUMA,Fetranspor,366,17390111,"-22.8895","-43.2877"
627,627-SAENS PENA X INHAUMA,Fetranspor,367,17390111,"-22.8894","-43.2877"
627,627-SAENS PENA X INHAUMA,Fetranspor,368,17390111,"-22.8892","-43.2879"
627,627-SAENS PENA X INHAUMA,Fetranspor,369,17390111,"-22.889","-43.288"
627,627-SAENS PENA X INHAUMA,Fetranspor,370,17390111,"-22.889","-43.288"
627,627-SAENS PENA X INHAUMA,Fetranspor,371,17390111,"-22.889","-43.288"
627,627-SAENS PENA X INHAUMA,Fetranspor,372,17390111,"-22.8889","-43.288"
627,627-SAENS PENA X INHAUMA,Fetranspor,373,17390111,"-22.8888","-43.288"
627,627-SAENS PENA X INHAUMA,Fetranspor,374,17390111,"-22.8887","-43.288"
627,627-SAENS PENA X INHAUMA,Fetranspor,375,17390111,"-22.8885","-43.288"
627,627-SAENS PENA X INHAUMA,Fetranspor,376,17390111,"-22.8882","-43.2879"
627,627-SAENS PENA X INHAUMA,Fetranspor,377,17390111,"-22.888","-43.2878"
627,627-SAENS PENA X INHAUMA,Fetranspor,378,17390111,"-22.888","-43.2878"
627,627-SAENS PENA X INHAUMA,Fetranspor,379,17390111,"-22.8879","-43.2878"
627,627-SAENS PENA X INHAUMA,Fetranspor,380,17390111,"-22.8878","-43.2877"
627,627-SAENS PENA X INHAUMA,Fetranspor,381,17390111,"-22.8872","-43.2872"
627,627-SAENS PENA X INHAUMA,Fetranspor,382,17390111,"-22.8871","-43.2871"
627,627-SAENS PENA X INHAUMA,Fetranspor,383,17390111,"-22.8871","-43.2871"
627,627-SAENS PENA X INHAUMA,Fetranspor,384,17390111,"-22.8874","-43.2861"
627,627-SAENS PENA X INHAUMA,Fetranspor,385,17390111,"-22.8876","-43.2856"
627,627-SAENS PENA X INHAUMA,Fetranspor,386,17390111,"-22.8876","-43.2856"
627,627-SAENS PENA X INHAUMA,Fetranspor,387,17390111,"-22.8876","-43.2854"
627,627-SAENS PENA X INHAUMA,Fetranspor,388,17390111,"-22.8876","-43.2852"
627,627-SAENS PENA X INHAUMA,Fetranspor,389,17390111,"-22.8876","-43.2852"
627,627-SAENS PENA X INHAUMA,Fetranspor,390,17390111,"-22.8876","-43.2849"
627,627-SAENS PENA X INHAUMA,Fetranspor,391,17390111,"-22.8876","-43.2844"
627,627-SAENS PENA X INHAUMA,Fetranspor,392,17390111,"-22.8876","-43.2844"
627,627-SAENS PENA X INHAUMA,Fetranspor,393,17390111,"-22.8885","-43.2841"
627,627-SAENS PENA X INHAUMA,Fetranspor,394,17390111,"-22.8885","-43.2841"
627,627-SAENS PENA X INHAUMA,Fetranspor,395,17390111,"-22.8892","-43.2838"
627,627-SAENS PENA X INHAUMA,Fetranspor,396,17390111,"-22.8892","-43.2838"
627,627-SAENS PENA X INHAUMA,Fetranspor,397,17390111,"-22.8893","-43.2837"
627,627-SAENS PENA X INHAUMA,Fetranspor,398,17390111,"-22.8893","-43.2837"
627,627-SAENS PENA X INHAUMA,Fetranspor,399,17390111,"-22.8901","-43.2834"
627,627-SAENS PENA X INHAUMA,Fetranspor,400,17390111,"-22.8901","-43.2834"
627,627-SAENS PENA X INHAUMA,Fetranspor,401,17390111,"-22.8907","-43.2831"
627,627-SAENS PENA X INHAUMA,Fetranspor,402,17390111,"-22.8907","-43.2831"
627,627-SAENS PENA X INHAUMA,Fetranspor,403,17390111,"-22.8909","-43.283"
627,627-SAENS PENA X INHAUMA,Fetranspor,404,17390111,"-22.8909","-43.283"
627,627-SAENS PENA X INHAUMA,Fetranspor,405,17390111,"-22.8917","-43.2827"
627,627-SAENS PENA X INHAUMA,Fetranspor,406,17390111,"-22.8917","-43.2827"
627,627-SAENS PENA X INHAUMA,Fetranspor,407,17390111,"-22.8909","-43.2815"
627,627-SAENS PENA X INHAUMA,Fetranspor,408,17390111,"-22.8909","-43.2815"
627,627-SAENS PENA X INHAUMA,Fetranspor,409,17390111,"-22.8888","-43.2824"
627,627-SAENS PENA X INHAUMA,Fetranspor,410,17390111,"-22.8888","-43.2824"
627,627-SAENS PENA X INHAUMA,Fetranspor,411,17390111,"-22.8876","-43.2829"
627,627-SAENS PENA X INHAUMA,Fetranspor,412,17390111,"-22.8876","-43.2829"
627,627-SAENS PENA X INHAUMA,Fetranspor,413,17390111,"-22.8876","-43.283"
627,627-SAENS PENA X INHAUMA,Fetranspor,414,17390111,"-22.8875","-43.283"
627,627-SAENS PENA X INHAUMA,Fetranspor,415,17390111,"-22.8875","-43.283"
627,627-SAENS PENA X INHAUMA,Fetranspor,416,17390111,"-22.8875","-43.2834"
627,627-SAENS PENA X INHAUMA,Fetranspor,417,17390111,"-22.8875","-43.2845"
627,627-SAENS PENA X INHAUMA,Fetranspor,418,17390111,"-22.8875","-43.285"
627,627-SAENS PENA X INHAUMA,Fetranspor,419,17390111,"-22.8875","-43.285"
627,627-SAENS PENA X INHAUMA,Fetranspor,420,17390111,"-22.8874","-43.2853"
627,627-SAENS PENA X INHAUMA,Fetranspor,421,17390111,"-22.8874","-43.2856"
627,627-SAENS PENA X INHAUMA,Fetranspor,422,17390111,"-22.8874","-43.2857"
627,627-SAENS PENA X INHAUMA,Fetranspor,423,17390111,"-22.887","-43.2868"
627,627-SAENS PENA X INHAUMA,Fetranspor,424,17390111,"-22.887","-43.2868"
627,627-SAENS PENA X INHAUMA,Fetranspor,425,17390111,"-22.8869","-43.2872"
627,627-SAENS PENA X INHAUMA,Fetranspor,426,17390111,"-22.8869","-43.2872"
627,627-SAENS PENA X INHAUMA,Fetranspor,427,17390111,"-22.8866","-43.2881"
627,627-SAENS PENA X INHAUMA,Fetranspor,428,17390111,"-22.8865","-43.2882"
627,627-SAENS PENA X INHAUMA,Fetranspor,429,17390111,"-22.8865","-43.2882"
627,627-SAENS PENA X INHAUMA,Fetranspor,430,17390111,"-22.8864","-43.2883"
627,627-SAENS PENA X INHAUMA,Fetranspor,431,17390111,"-22.8863","-43.2885"
627,627-SAENS PENA X INHAUMA,Fetranspor,432,17390111,"-22.8863","-43.2885"
627,627-SAENS PENA X INHAUMA,Fetranspor,433,17390111,"-22.8862","-43.2886"
627,627-SAENS PENA X INHAUMA,Fetranspor,434,17390111,"-22.8862","-43.2886"
627,627-SAENS PENA X INHAUMA,Fetranspor,435,17390111,"-22.8861","-43.2888"
627,627-SAENS PENA X INHAUMA,Fetranspor,436,17390111,"-22.8861","-43.2888"
627,627-SAENS PENA X INHAUMA,Fetranspor,437,17390111,"-22.886","-43.2889"
627,627-SAENS PENA X INHAUMA,Fetranspor,438,17390111,"-22.886","-43.2889"
627,627-SAENS PENA X INHAUMA,Fetranspor,439,17390111,"-22.8858","-43.2892"
627,627-SAENS PENA X INHAUMA,Fetranspor,440,17390111,"-22.8858","-43.2893"
627,627-SAENS PENA X INHAUMA,Fetranspor,441,17390111,"-22.8857","-43.2896"
627,627-SAENS PENA X INHAUMA,Fetranspor,442,17390111,"-22.8856","-43.2897"
627,627-SAENS PENA X INHAUMA,Fetranspor,443,17390111,"-22.8854","-43.2899"
627,627-SAENS PENA X INHAUMA,Fetranspor,444,17390111,"-22.8853","-43.29"
627,627-SAENS PENA X INHAUMA,Fetranspor,445,17390111,"-22.8852","-43.2902"
627,627-SAENS PENA X INHAUMA,Fetranspor,446,17390111,"-22.8847","-43.2905"
627,627-SAENS PENA X INHAUMA,Fetranspor,447,17390111,"-22.8845","-43.2908"
627,627-SAENS PENA X INHAUMA,Fetranspor,448,17390111,"-22.8844","-43.2908"
627,627-SAENS PENA X INHAUMA,Fetranspor,449,17390111,"-22.8843","-43.2909"
627,627-SAENS PENA X INHAUMA,Fetranspor,450,17390111,"-22.8835","-43.2916"
627,627-SAENS PENA X INHAUMA,Fetranspor,451,17390111,"-22.8834","-43.2916"
627,627-SAENS PENA X INHAUMA,Fetranspor,452,17390111,"-22.8834","-43.2916"
627,627-SAENS PENA X INHAUMA,Fetranspor,453,17390111,"-22.8832","-43.2917"
627,627-SAENS PENA X INHAUMA,Fetranspor,454,17390111,"-22.8828","-43.2917"
627,627-SAENS PENA X INHAUMA,Fetranspor,455,17390111,"-22.8827","-43.2916"
627,627-SAENS PENA X INHAUMA,Fetranspor,456,17390111,"-22.8826","-43.2916"
627,627-SAENS PENA X INHAUMA,Fetranspor,457,17390111,"-22.8824","-43.2914"
627,627-SAENS PENA X INHAUMA,Fetranspor,458,17390111,"-22.8824","-43.2914"
627,627-SAENS PENA X INHAUMA,Fetranspor,459,17390111,"-22.8819","-43.2909"
627,627-SAENS PENA X INHAUMA,Fetranspor,460,17390111,"-22.8819","-43.2909"
627,627-SAENS PENA X INHAUMA,Fetranspor,461,17390111,"-22.8814","-43.2905"
627,627-SAENS PENA X INHAUMA,Fetranspor,462,17390111,"-22.8814","-43.2905"
627,627-SAENS PENA X INHAUMA,Fetranspor,463,17390111,"-22.881","-43.29"
627,627-SAENS PENA X INHAUMA,Fetranspor,464,17390111,"-22.8809","-43.2899"
627,627-SAENS PENA X INHAUMA,Fetranspor,465,17390111,"-22.8808","-43.2898"
627,627-SAENS PENA X INHAUMA,Fetranspor,466,17390111,"-22.8808","-43.2898"
627,627-SAENS PENA X INHAUMA,Fetranspor,467,17390111,"-22.8808","-43.2896"
627,627-SAENS PENA X INHAUMA,Fetranspor,468,17390111,"-22.8807","-43.2894"
627,627-SAENS PENA X INHAUMA,Fetranspor,469,17390111,"-22.8807","-43.2892"
627,627-SAENS PENA X INHAUMA,Fetranspor,470,17390111,"-22.8808","-43.2889"
627,627-SAENS PENA X INHAUMA,Fetranspor,471,17390111,"-22.8808","-43.2888"
627,627-SAENS PENA X INHAUMA,Fetranspor,472,17390111,"-22.8808","-43.2887"
627,627-SAENS PENA X INHAUMA,Fetranspor,473,17390111,"-22.8812","-43.2878"
627,627-SAENS PENA X INHAUMA,Fetranspor,474,17390111,"-22.8812","-43.2878"
627,627-SAENS PENA X INHAUMA,Fetranspor,475,17390111,"-22.8815","-43.2871"
627,627-SAENS PENA X INHAUMA,Fetranspor,476,17390111,"-22.8815","-43.2871"
627,627-SAENS PENA X INHAUMA,Fetranspor,477,17390111,"-22.8821","-43.2878"
627,627-SAENS PENA X INHAUMA,Fetranspor,478,17390111,"-22.8826","-43.2885"
627,627-SAENS PENA X INHAUMA,Fetranspor,479,17390111,"-22.8826","-43.2885"
627,627-SAENS PENA X INHAUMA,Fetranspor,480,17390111,"-22.8826","-43.2886"
627,627-SAENS PENA X INHAUMA,Fetranspor,481,17390111,"-22.8826","-43.2887"
627,627-SAENS PENA X INHAUMA,Fetranspor,482,17390111,"-22.8825","-43.2888"
627,627-SAENS PENA X INHAUMA,Fetranspor,483,17390111,"-22.8825","-43.289"
627,627-SAENS PENA X INHAUMA,Fetranspor,484,17390111,"-22.8822","-43.2895"
627,627-SAENS PENA X INHAUMA,Fetranspor,485,17390111,"-22.8822","-43.2896"
627,627-SAENS PENA X INHAUMA,Fetranspor,486,17390111,"-22.8814","-43.2905"
627,627-SAENS PENA X INHAUMA,Fetranspor,487,17390111,"-22.8814","-43.2905"
627,627-SAENS PENA X INHAUMA,Fetranspor,488,17390111,"-22.8814","-43.2905"
627,627-SAENS PENA X INHAUMA,Fetranspor,489,17390111,"-22.8814","-43.2905"
627,627-SAENS PENA X INHAUMA,Fetranspor,490,17390111,"-22.8813","-43.2906"
627,627-SAENS PENA X INHAUMA,Fetranspor,491,17390111,"-22.8813","-43.2906"
627,627-SAENS PENA X INHAUMA,Fetranspor,492,17390111,"-22.881","-43.2904"
627,627-SAENS PENA X INHAUMA,Fetranspor,493,17390111,"-22.8809","-43.2903"
627,627-SAENS PENA X INHAUMA,Fetranspor,494,17390111,"-22.8808","-43.2903"
627,627-SAENS PENA X INHAUMA,Fetranspor,495,17390111,"-22.8808","-43.2903"
627,627-SAENS PENA X INHAUMA,Fetranspor,496,17390111,"-22.8808","-43.2903"
627,627-SAENS PENA X INHAUMA,Fetranspor,497,17390111,"-22.8807","-43.2903"
627,627-SAENS PENA X INHAUMA,Fetranspor,498,17390111,"-22.8794","-43.2912"
627,627-SAENS PENA X INHAUMA,Fetranspor,499,17390111,"-22.8794","-43.2912"
627,627-SAENS PENA X INHAUMA,Fetranspor,500,17390111,"-22.8792","-43.291"
627,627-SAENS PENA X INHAUMA,Fetranspor,501,17390111,"-22.8792","-43.291"
627,627-SAENS PENA X INHAUMA,Fetranspor,502,17390111,"-22.8789","-43.291"
627,627-SAENS PENA X INHAUMA,Fetranspor,503,17390111,"-22.8789","-43.291"
627,627-SAENS PENA X INHAUMA,Fetranspor,504,17390111,"-22.8781","-43.2908"
627,627-SAENS PENA X INHAUMA,Fetranspor,505,17390111,"-22.8781","-43.2908"
627,627-SAENS PENA X INHAUMA,Fetranspor,506,17390111,"-22.8777","-43.2907"
627,627-SAENS PENA X INHAUMA,Fetranspor,507,17390111,"-22.8777","-43.2907"
627,627-SAENS PENA X INHAUMA,Fetranspor,508,17390111,"-22.8774","-43.2907"
627,627-SAENS PENA X INHAUMA,Fetranspor,509,17390111,"-22.8774","-43.2907"
627,627-SAENS PENA X INHAUMA,Fetranspor,510,17390111,"-22.8773","-43.2907"
627,627-SAENS PENA X INHAUMA,Fetranspor,511,17390111,"-22.877","-43.2906"
627,627-SAENS PENA X INHAUMA,Fetranspor,512,17390111,"-22.8769","-43.2906"
627,627-SAENS PENA X INHAUMA,Fetranspor,513,17390111,"-22.8768","-43.2905"
627,627-SAENS PENA X INHAUMA,Fetranspor,514,17390111,"-22.8768","-43.2905"
627,627-SAENS PENA X INHAUMA,Fetranspor,515,17390111,"-22.8762","-43.2899"
627,627-SAENS PENA X INHAUMA,Fetranspor,516,17390111,"-22.8762","-43.2899"
627,627-SAENS PENA X INHAUMA,Fetranspor,517,17390111,"-22.8761","-43.2897"
627,627-SAENS PENA X INHAUMA,Fetranspor,518,17390111,"-22.8761","-43.2897"
627,627-SAENS PENA X INHAUMA,Fetranspor,519,17390111,"-22.876","-43.2896"
627,627-SAENS PENA X INHAUMA,Fetranspor,520,17390111,"-22.8759","-43.2892"
627,627-SAENS PENA X INHAUMA,Fetranspor,521,17390111,"-22.8759","-43.2892"
627,627-SAENS PENA X INHAUMA,Fetranspor,522,17390111,"-22.8759","-43.2892"
627,627-SAENS PENA X INHAUMA,Fetranspor,523,17390111,"-22.8758","-43.2887"
627,627-SAENS PENA X INHAUMA,Fetranspor,524,17390111,"-22.8758","-43.2887"
627,627-SAENS PENA X INHAUMA,Fetranspor,525,17390111,"-22.8757","-43.2882"
627,627-SAENS PENA X INHAUMA,Fetranspor,526,17390111,"-22.8757","-43.2882"
627,627-SAENS PENA X INHAUMA,Fetranspor,527,17390111,"-22.8755","-43.2877"
627,627-SAENS PENA X INHAUMA,Fetranspor,528,17390111,"-22.8755","-43.2877"
627,627-SAENS PENA X INHAUMA,Fetranspor,529,17390111,"-22.8754","-43.2874"
627,627-SAENS PENA X INHAUMA,Fetranspor,530,17390111,"-22.8752","-43.2872"
627,627-SAENS PENA X INHAUMA,Fetranspor,531,17390111,"-22.8752","-43.2872"
627,627-SAENS PENA X INHAUMA,Fetranspor,532,17390111,"-22.8744","-43.2863"
627,627-SAENS PENA X INHAUMA,Fetranspor,533,17390111,"-22.8744","-43.2863"
627,627-SAENS PENA X INHAUMA,Fetranspor,534,17390111,"-22.8745","-43.2857"
627,627-SAENS PENA X INHAUMA,Fetranspor,535,17390111,"-22.8746","-43.2852"
627,627-SAENS PENA X INHAUMA,Fetranspor,536,17390111,"-22.8748","-43.2848"
627,627-SAENS PENA X INHAUMA,Fetranspor,537,17390111,"-22.8749","-43.2845"
627,627-SAENS PENA X INHAUMA,Fetranspor,0,17739079,"-22.8744","-43.2863"
627,627-SAENS PENA X INHAUMA,Fetranspor,1,17739079,"-22.8752","-43.2872"
627,627-SAENS PENA X INHAUMA,Fetranspor,2,17739079,"-22.8752","-43.2872"
627,627-SAENS PENA X INHAUMA,Fetranspor,3,17739079,"-22.8754","-43.2874"
627,627-SAENS PENA X INHAUMA,Fetranspor,4,17739079,"-22.8755","-43.2877"
627,627-SAENS PENA X INHAUMA,Fetranspor,5,17739079,"-22.8755","-43.2877"
627,627-SAENS PENA X INHAUMA,Fetranspor,6,17739079,"-22.8757","-43.2882"
627,627-SAENS PENA X INHAUMA,Fetranspor,7,17739079,"-22.8757","-43.2882"
627,627-SAENS PENA X INHAUMA,Fetranspor,8,17739079,"-22.8758","-43.2887"
627,627-SAENS PENA X INHAUMA,Fetranspor,9,17739079,"-22.8758","-43.2887"
627,627-SAENS PENA X INHAUMA,Fetranspor,10,17739079,"-22.8759","-43.2892"
627,627-SAENS PENA X INHAUMA,Fetranspor,11,17739079,"-22.8759","-43.2892"
627,627-SAENS PENA X INHAUMA,Fetranspor,12,17739079,"-22.8759","-43.2892"
627,627-SAENS PENA X INHAUMA,Fetranspor,13,17739079,"-22.876","-43.2896"
627,627-SAENS PENA X INHAUMA,Fetranspor,14,17739079,"-22.8761","-43.2897"
627,627-SAENS PENA X INHAUMA,Fetranspor,15,17739079,"-22.8761","-43.2897"
627,627-SAENS PENA X INHAUMA,Fetranspor,16,17739079,"-22.8762","-43.2899"
627,627-SAENS PENA X INHAUMA,Fetranspor,17,17739079,"-22.8762","-43.2899"
627,627-SAENS PENA X INHAUMA,Fetranspor,18,17739079,"-22.8768","-43.2905"
627,627-SAENS PENA X INHAUMA,Fetranspor,19,17739079,"-22.8768","-43.2905"
627,627-SAENS PENA X INHAUMA,Fetranspor,20,17739079,"-22.8769","-43.2906"
627,627-SAENS PENA X INHAUMA,Fetranspor,21,17739079,"-22.877","-43.2906"
627,627-SAENS PENA X INHAUMA,Fetranspor,22,17739079,"-22.8773","-43.2907"
627,627-SAENS PENA X INHAUMA,Fetranspor,23,17739079,"-22.8774","-43.2907"
627,627-SAENS PENA X INHAUMA,Fetranspor,24,17739079,"-22.8774","-43.2907"
627,627-SAENS PENA X INHAUMA,Fetranspor,25,17739079,"-22.8777","-43.2907"
627,627-SAENS PENA X INHAUMA,Fetranspor,26,17739079,"-22.8777","-43.2907"
627,627-SAENS PENA X INHAUMA,Fetranspor,27,17739079,"-22.8781","-43.2908"
627,627-SAENS PENA X INHAUMA,Fetranspor,28,17739079,"-22.8781","-43.2908"
627,627-SAENS PENA X INHAUMA,Fetranspor,29,17739079,"-22.8789","-43.291"
627,627-SAENS PENA X INHAUMA,Fetranspor,30,17739079,"-22.8789","-43.291"
627,627-SAENS PENA X INHAUMA,Fetranspor,31,17739079,"-22.8792","-43.291"
627,627-SAENS PENA X INHAUMA,Fetranspor,32,17739079,"-22.8792","-43.291"
627,627-SAENS PENA X INHAUMA,Fetranspor,33,17739079,"-22.8794","-43.2912"
627,627-SAENS PENA X INHAUMA,Fetranspor,34,17739079,"-22.8794","-43.2912"
627,627-SAENS PENA X INHAUMA,Fetranspor,35,17739079,"-22.8794","-43.2913"
627,627-SAENS PENA X INHAUMA,Fetranspor,36,17739079,"-22.8799","-43.2916"
627,627-SAENS PENA X INHAUMA,Fetranspor,37,17739079,"-22.8801","-43.2918"
627,627-SAENS PENA X INHAUMA,Fetranspor,38,17739079,"-22.8801","-43.2918"
627,627-SAENS PENA X INHAUMA,Fetranspor,39,17739079,"-22.8807","-43.2912"
627,627-SAENS PENA X INHAUMA,Fetranspor,40,17739079,"-22.8813","-43.2906"
627,627-SAENS PENA X INHAUMA,Fetranspor,41,17739079,"-22.8813","-43.2906"
627,627-SAENS PENA X INHAUMA,Fetranspor,42,17739079,"-22.8814","-43.2905"
627,627-SAENS PENA X INHAUMA,Fetranspor,43,17739079,"-22.8814","-43.2905"
627,627-SAENS PENA X INHAUMA,Fetranspor,44,17739079,"-22.8814","-43.2905"
627,627-SAENS PENA X INHAUMA,Fetranspor,45,17739079,"-22.8814","-43.2905"
627,627-SAENS PENA X INHAUMA,Fetranspor,46,17739079,"-22.8822","-43.2896"
627,627-SAENS PENA X INHAUMA,Fetranspor,47,17739079,"-22.8822","-43.2895"
627,627-SAENS PENA X INHAUMA,Fetranspor,48,17739079,"-22.8825","-43.289"
627,627-SAENS PENA X INHAUMA,Fetranspor,49,17739079,"-22.8825","-43.2888"
627,627-SAENS PENA X INHAUMA,Fetranspor,50,17739079,"-22.8826","-43.2887"
627,627-SAENS PENA X INHAUMA,Fetranspor,51,17739079,"-22.8826","-43.2886"
627,627-SAENS PENA X INHAUMA,Fetranspor,52,17739079,"-22.8826","-43.2885"
627,627-SAENS PENA X INHAUMA,Fetranspor,53,17739079,"-22.8826","-43.2885"
627,627-SAENS PENA X INHAUMA,Fetranspor,54,17739079,"-22.8821","-43.2878"
627,627-SAENS PENA X INHAUMA,Fetranspor,55,17739079,"-22.8815","-43.2871"
627,627-SAENS PENA X INHAUMA,Fetranspor,56,17739079,"-22.8815","-43.2871"
627,627-SAENS PENA X INHAUMA,Fetranspor,57,17739079,"-22.8813","-43.2869"
627,627-SAENS PENA X INHAUMA,Fetranspor,58,17739079,"-22.8813","-43.2869"
627,627-SAENS PENA X INHAUMA,Fetranspor,59,17739079,"-22.8809","-43.2879"
627,627-SAENS PENA X INHAUMA,Fetranspor,60,17739079,"-22.8809","-43.2879"
627,627-SAENS PENA X INHAUMA,Fetranspor,61,17739079,"-22.8807","-43.2883"
627,627-SAENS PENA X INHAUMA,Fetranspor,62,17739079,"-22.8806","-43.2886"
627,627-SAENS PENA X INHAUMA,Fetranspor,63,17739079,"-22.8805","-43.2888"
627,627-SAENS PENA X INHAUMA,Fetranspor,64,17739079,"-22.8805","-43.2889"
627,627-SAENS PENA X INHAUMA,Fetranspor,65,17739079,"-22.8805","-43.289"
627,627-SAENS PENA X INHAUMA,Fetranspor,66,17739079,"-22.8805","-43.2892"
627,627-SAENS PENA X INHAUMA,Fetranspor,67,17739079,"-22.8806","-43.2894"
627,627-SAENS PENA X INHAUMA,Fetranspor,68,17739079,"-22.8806","-43.2895"
627,627-SAENS PENA X INHAUMA,Fetranspor,69,17739079,"-22.8807","-43.2897"
627,627-SAENS PENA X INHAUMA,Fetranspor,70,17739079,"-22.8808","-43.2899"
627,627-SAENS PENA X INHAUMA,Fetranspor,71,17739079,"-22.8808","-43.2899"
627,627-SAENS PENA X INHAUMA,Fetranspor,72,17739079,"-22.8809","-43.29"
627,627-SAENS PENA X INHAUMA,Fetranspor,73,17739079,"-22.881","-43.2901"
627,627-SAENS PENA X INHAUMA,Fetranspor,74,17739079,"-22.8814","-43.2905"
627,627-SAENS PENA X INHAUMA,Fetranspor,75,17739079,"-22.8814","-43.2905"
627,627-SAENS PENA X INHAUMA,Fetranspor,76,17739079,"-22.8818","-43.2909"
627,627-SAENS PENA X INHAUMA,Fetranspor,77,17739079,"-22.8818","-43.2909"
627,627-SAENS PENA X INHAUMA,Fetranspor,78,17739079,"-22.8822","-43.2914"
627,627-SAENS PENA X INHAUMA,Fetranspor,79,17739079,"-22.8822","-43.2914"
627,627-SAENS PENA X INHAUMA,Fetranspor,80,17739079,"-22.8824","-43.2916"
627,627-SAENS PENA X INHAUMA,Fetranspor,81,17739079,"-22.8824","-43.2916"
627,627-SAENS PENA X INHAUMA,Fetranspor,82,17739079,"-22.8827","-43.2921"
627,627-SAENS PENA X INHAUMA,Fetranspor,83,17739079,"-22.8827","-43.2921"
627,627-SAENS PENA X INHAUMA,Fetranspor,84,17739079,"-22.8828","-43.2922"
627,627-SAENS PENA X INHAUMA,Fetranspor,85,17739079,"-22.8829","-43.2922"
627,627-SAENS PENA X INHAUMA,Fetranspor,86,17739079,"-22.8831","-43.2922"
627,627-SAENS PENA X INHAUMA,Fetranspor,87,17739079,"-22.8831","-43.2922"
627,627-SAENS PENA X INHAUMA,Fetranspor,88,17739079,"-22.8834","-43.2919"
627,627-SAENS PENA X INHAUMA,Fetranspor,89,17739079,"-22.8834","-43.2919"
627,627-SAENS PENA X INHAUMA,Fetranspor,90,17739079,"-22.8838","-43.2916"
627,627-SAENS PENA X INHAUMA,Fetranspor,91,17739079,"-22.8838","-43.2916"
627,627-SAENS PENA X INHAUMA,Fetranspor,92,17739079,"-22.8845","-43.291"
627,627-SAENS PENA X INHAUMA,Fetranspor,93,17739079,"-22.8845","-43.291"
627,627-SAENS PENA X INHAUMA,Fetranspor,94,17739079,"-22.8845","-43.2909"
627,627-SAENS PENA X INHAUMA,Fetranspor,95,17739079,"-22.8846","-43.2909"
627,627-SAENS PENA X INHAUMA,Fetranspor,96,17739079,"-22.8847","-43.2908"
627,627-SAENS PENA X INHAUMA,Fetranspor,97,17739079,"-22.8854","-43.2902"
627,627-SAENS PENA X INHAUMA,Fetranspor,98,17739079,"-22.8855","-43.2901"
627,627-SAENS PENA X INHAUMA,Fetranspor,99,17739079,"-22.8856","-43.2899"
627,627-SAENS PENA X INHAUMA,Fetranspor,100,17739079,"-22.8857","-43.2898"
627,627-SAENS PENA X INHAUMA,Fetranspor,101,17739079,"-22.8858","-43.2897"
627,627-SAENS PENA X INHAUMA,Fetranspor,102,17739079,"-22.8859","-43.2895"
627,627-SAENS PENA X INHAUMA,Fetranspor,103,17739079,"-22.886","-43.2893"
627,627-SAENS PENA X INHAUMA,Fetranspor,104,17739079,"-22.8861","-43.289"
627,627-SAENS PENA X INHAUMA,Fetranspor,105,17739079,"-22.8861","-43.289"
627,627-SAENS PENA X INHAUMA,Fetranspor,106,17739079,"-22.8863","-43.2889"
627,627-SAENS PENA X INHAUMA,Fetranspor,107,17739079,"-22.8863","-43.2889"
627,627-SAENS PENA X INHAUMA,Fetranspor,108,17739079,"-22.8863","-43.2888"
627,627-SAENS PENA X INHAUMA,Fetranspor,109,17739079,"-22.8863","-43.2888"
627,627-SAENS PENA X INHAUMA,Fetranspor,110,17739079,"-22.8867","-43.2882"
627,627-SAENS PENA X INHAUMA,Fetranspor,111,17739079,"-22.8867","-43.2882"
627,627-SAENS PENA X INHAUMA,Fetranspor,112,17739079,"-22.8869","-43.2878"
627,627-SAENS PENA X INHAUMA,Fetranspor,113,17739079,"-22.8869","-43.2878"
627,627-SAENS PENA X INHAUMA,Fetranspor,114,17739079,"-22.887","-43.2875"
627,627-SAENS PENA X INHAUMA,Fetranspor,115,17739079,"-22.8871","-43.2871"
627,627-SAENS PENA X INHAUMA,Fetranspor,116,17739079,"-22.8871","-43.2871"
627,627-SAENS PENA X INHAUMA,Fetranspor,117,17739079,"-22.8874","-43.2861"
627,627-SAENS PENA X INHAUMA,Fetranspor,118,17739079,"-22.8876","-43.2856"
627,627-SAENS PENA X INHAUMA,Fetranspor,119,17739079,"-22.8876","-43.2856"
627,627-SAENS PENA X INHAUMA,Fetranspor,120,17739079,"-22.8876","-43.2854"
627,627-SAENS PENA X INHAUMA,Fetranspor,121,17739079,"-22.8876","-43.2852"
627,627-SAENS PENA X INHAUMA,Fetranspor,122,17739079,"-22.8876","-43.2852"
627,627-SAENS PENA X INHAUMA,Fetranspor,123,17739079,"-22.8876","-43.2849"
627,627-SAENS PENA X INHAUMA,Fetranspor,124,17739079,"-22.8876","-43.2844"
627,627-SAENS PENA X INHAUMA,Fetranspor,125,17739079,"-22.8876","-43.2844"
627,627-SAENS PENA X INHAUMA,Fetranspor,126,17739079,"-22.8885","-43.2841"
627,627-SAENS PENA X INHAUMA,Fetranspor,127,17739079,"-22.8885","-43.2841"
627,627-SAENS PENA X INHAUMA,Fetranspor,128,17739079,"-22.8892","-43.2838"
627,627-SAENS PENA X INHAUMA,Fetranspor,129,17739079,"-22.8892","-43.2838"
627,627-SAENS PENA X INHAUMA,Fetranspor,130,17739079,"-22.8893","-43.2837"
627,627-SAENS PENA X INHAUMA,Fetranspor,131,17739079,"-22.8893","-43.2837"
627,627-SAENS PENA X INHAUMA,Fetranspor,132,17739079,"-22.8901","-43.2834"
627,627-SAENS PENA X INHAUMA,Fetranspor,133,17739079,"-22.8901","-43.2834"
627,627-SAENS PENA X INHAUMA,Fetranspor,134,17739079,"-22.8907","-43.2831"
627,627-SAENS PENA X INHAUMA,Fetranspor,135,17739079,"-22.8907","-43.2831"
627,627-SAENS PENA X INHAUMA,Fetranspor,136,17739079,"-22.8909","-43.283"
627,627-SAENS PENA X INHAUMA,Fetranspor,137,17739079,"-22.8909","-43.283"
627,627-SAENS PENA X INHAUMA,Fetranspor,138,17739079,"-22.8917","-43.2827"
627,627-SAENS PENA X INHAUMA,Fetranspor,139,17739079,"-22.8917","-43.2827"
627,627-SAENS PENA X INHAUMA,Fetranspor,140,17739079,"-22.8918","-43.2827"
627,627-SAENS PENA X INHAUMA,Fetranspor,141,17739079,"-22.8919","-43.2827"
627,627-SAENS PENA X INHAUMA,Fetranspor,142,17739079,"-22.8932","-43.2828"
627,627-SAENS PENA X INHAUMA,Fetranspor,143,17739079,"-22.8932","-43.2828"
627,627-SAENS PENA X INHAUMA,Fetranspor,144,17739079,"-22.8937","-43.2829"
627,627-SAENS PENA X INHAUMA,Fetranspor,145,17739079,"-22.8937","-43.2829"
627,627-SAENS PENA X INHAUMA,Fetranspor,146,17739079,"-22.8944","-43.2829"
627,627-SAENS PENA X INHAUMA,Fetranspor,147,17739079,"-22.8944","-43.2829"
627,627-SAENS PENA X INHAUMA,Fetranspor,148,17739079,"-22.8946","-43.283"
627,627-SAENS PENA X INHAUMA,Fetranspor,149,17739079,"-22.8946","-43.283"
627,627-SAENS PENA X INHAUMA,Fetranspor,150,17739079,"-22.8949","-43.283"
627,627-SAENS PENA X INHAUMA,Fetranspor,151,17739079,"-22.8949","-43.283"
627,627-SAENS PENA X INHAUMA,Fetranspor,152,17739079,"-22.8955","-43.2831"
627,627-SAENS PENA X INHAUMA,Fetranspor,153,17739079,"-22.8955","-43.2831"
627,627-SAENS PENA X INHAUMA,Fetranspor,154,17739079,"-22.8958","-43.2831"
627,627-SAENS PENA X INHAUMA,Fetranspor,155,17739079,"-22.8958","-43.2831"
627,627-SAENS PENA X INHAUMA,Fetranspor,156,17739079,"-22.8974","-43.2833"
627,627-SAENS PENA X INHAUMA,Fetranspor,157,17739079,"-22.8974","-43.2833"
627,627-SAENS PENA X INHAUMA,Fetranspor,158,17739079,"-22.8976","-43.2827"
627,627-SAENS PENA X INHAUMA,Fetranspor,159,17739079,"-22.8977","-43.2824"
627,627-SAENS PENA X INHAUMA,Fetranspor,160,17739079,"-22.8979","-43.2821"
627,627-SAENS PENA X INHAUMA,Fetranspor,161,17739079,"-22.8979","-43.2821"
627,627-SAENS PENA X INHAUMA,Fetranspor,162,17739079,"-22.898","-43.2818"
627,627-SAENS PENA X INHAUMA,Fetranspor,163,17739079,"-22.8983","-43.2813"
627,627-SAENS PENA X INHAUMA,Fetranspor,164,17739079,"-22.8985","-43.2811"
627,627-SAENS PENA X INHAUMA,Fetranspor,165,17739079,"-22.8986","-43.281"
627,627-SAENS PENA X INHAUMA,Fetranspor,166,17739079,"-22.8991","-43.2804"
627,627-SAENS PENA X INHAUMA,Fetranspor,167,17739079,"-22.8991","-43.2804"
627,627-SAENS PENA X INHAUMA,Fetranspor,168,17739079,"-22.899","-43.2803"
627,627-SAENS PENA X INHAUMA,Fetranspor,169,17739079,"-22.8984","-43.2799"
627,627-SAENS PENA X INHAUMA,Fetranspor,170,17739079,"-22.8984","-43.2799"
627,627-SAENS PENA X INHAUMA,Fetranspor,171,17739079,"-22.8982","-43.2797"
627,627-SAENS PENA X INHAUMA,Fetranspor,172,17739079,"-22.8982","-43.2797"
627,627-SAENS PENA X INHAUMA,Fetranspor,173,17739079,"-22.8987","-43.2792"
627,627-SAENS PENA X INHAUMA,Fetranspor,174,17739079,"-22.8987","-43.2792"
627,627-SAENS PENA X INHAUMA,Fetranspor,175,17739079,"-22.8989","-43.2789"
627,627-SAENS PENA X INHAUMA,Fetranspor,176,17739079,"-22.8993","-43.2786"
627,627-SAENS PENA X INHAUMA,Fetranspor,177,17739079,"-22.8993","-43.2786"
627,627-SAENS PENA X INHAUMA,Fetranspor,178,17739079,"-22.8993","-43.2785"
627,627-SAENS PENA X INHAUMA,Fetranspor,179,17739079,"-22.8993","-43.2785"
627,627-SAENS PENA X INHAUMA,Fetranspor,180,17739079,"-22.9001","-43.2794"
627,627-SAENS PENA X INHAUMA,Fetranspor,181,17739079,"-22.9002","-43.2795"
627,627-SAENS PENA X INHAUMA,Fetranspor,182,17739079,"-22.9002","-43.2796"
627,627-SAENS PENA X INHAUMA,Fetranspor,183,17739079,"-22.9003","-43.2797"
627,627-SAENS PENA X INHAUMA,Fetranspor,184,17739079,"-22.9002","-43.2799"
627,627-SAENS PENA X INHAUMA,Fetranspor,185,17739079,"-22.9002","-43.28"
627,627-SAENS PENA X INHAUMA,Fetranspor,186,17739079,"-22.9002","-43.2802"
627,627-SAENS PENA X INHAUMA,Fetranspor,187,17739079,"-22.9001","-43.2802"
627,627-SAENS PENA X INHAUMA,Fetranspor,188,17739079,"-22.9001","-43.2803"
627,627-SAENS PENA X INHAUMA,Fetranspor,189,17739079,"-22.9","-43.2804"
627,627-SAENS PENA X INHAUMA,Fetranspor,190,17739079,"-22.8998","-43.2806"
627,627-SAENS PENA X INHAUMA,Fetranspor,191,17739079,"-22.8998","-43.2806"
627,627-SAENS PENA X INHAUMA,Fetranspor,192,17739079,"-22.8997","-43.2807"
627,627-SAENS PENA X INHAUMA,Fetranspor,193,17739079,"-22.8997","-43.2807"
627,627-SAENS PENA X INHAUMA,Fetranspor,194,17739079,"-22.8997","-43.2808"
627,627-SAENS PENA X INHAUMA,Fetranspor,195,17739079,"-22.8997","-43.2809"
627,627-SAENS PENA X INHAUMA,Fetranspor,196,17739079,"-22.8997","-43.281"
627,627-SAENS PENA X INHAUMA,Fetranspor,197,17739079,"-22.8998","-43.2811"
627,627-SAENS PENA X INHAUMA,Fetranspor,198,17739079,"-22.8999","-43.2813"
627,627-SAENS PENA X INHAUMA,Fetranspor,199,17739079,"-22.8999","-43.2813"
627,627-SAENS PENA X INHAUMA,Fetranspor,200,17739079,"-22.9","-43.2814"
627,627-SAENS PENA X INHAUMA,Fetranspor,201,17739079,"-22.9005","-43.2819"
627,627-SAENS PENA X INHAUMA,Fetranspor,202,17739079,"-22.9005","-43.2819"
627,627-SAENS PENA X INHAUMA,Fetranspor,203,17739079,"-22.901","-43.2814"
627,627-SAENS PENA X INHAUMA,Fetranspor,204,17739079,"-22.901","-43.2814"
627,627-SAENS PENA X INHAUMA,Fetranspor,205,17739079,"-22.9014","-43.281"
627,627-SAENS PENA X INHAUMA,Fetranspor,206,17739079,"-22.9014","-43.281"
627,627-SAENS PENA X INHAUMA,Fetranspor,207,17739079,"-22.9019","-43.2804"
627,627-SAENS PENA X INHAUMA,Fetranspor,208,17739079,"-22.902","-43.2803"
627,627-SAENS PENA X INHAUMA,Fetranspor,209,17739079,"-22.902","-43.2803"
627,627-SAENS PENA X INHAUMA,Fetranspor,210,17739079,"-22.9021","-43.2803"
627,627-SAENS PENA X INHAUMA,Fetranspor,211,17739079,"-22.9021","-43.2803"
627,627-SAENS PENA X INHAUMA,Fetranspor,212,17739079,"-22.9024","-43.2802"
627,627-SAENS PENA X INHAUMA,Fetranspor,213,17739079,"-22.9024","-43.2802"
627,627-SAENS PENA X INHAUMA,Fetranspor,214,17739079,"-22.9029","-43.2797"
627,627-SAENS PENA X INHAUMA,Fetranspor,215,17739079,"-22.9029","-43.2797"
627,627-SAENS PENA X INHAUMA,Fetranspor,216,17739079,"-22.9034","-43.2791"
627,627-SAENS PENA X INHAUMA,Fetranspor,217,17739079,"-22.9034","-43.2791"
627,627-SAENS PENA X INHAUMA,Fetranspor,218,17739079,"-22.9039","-43.2787"
627,627-SAENS PENA X INHAUMA,Fetranspor,219,17739079,"-22.9039","-43.2787"
627,627-SAENS PENA X INHAUMA,Fetranspor,220,17739079,"-22.9042","-43.2783"
627,627-SAENS PENA X INHAUMA,Fetranspor,221,17739079,"-22.9046","-43.2778"
627,627-SAENS PENA X INHAUMA,Fetranspor,222,17739079,"-22.9046","-43.2778"
627,627-SAENS PENA X INHAUMA,Fetranspor,223,17739079,"-22.9049","-43.2776"
627,627-SAENS PENA X INHAUMA,Fetranspor,224,17739079,"-22.9049","-43.2776"
627,627-SAENS PENA X INHAUMA,Fetranspor,225,17739079,"-22.9055","-43.277"
627,627-SAENS PENA X INHAUMA,Fetranspor,226,17739079,"-22.9055","-43.277"
627,627-SAENS PENA X INHAUMA,Fetranspor,227,17739079,"-22.9059","-43.2766"
627,627-SAENS PENA X INHAUMA,Fetranspor,228,17739079,"-22.9059","-43.2766"
627,627-SAENS PENA X INHAUMA,Fetranspor,229,17739079,"-22.9061","-43.2765"
627,627-SAENS PENA X INHAUMA,Fetranspor,230,17739079,"-22.9061","-43.2765"
627,627-SAENS PENA X INHAUMA,Fetranspor,231,17739079,"-22.9063","-43.2765"
627,627-SAENS PENA X INHAUMA,Fetranspor,232,17739079,"-22.9063","-43.2765"
627,627-SAENS PENA X INHAUMA,Fetranspor,233,17739079,"-22.9068","-43.2762"
627,627-SAENS PENA X INHAUMA,Fetranspor,234,17739079,"-22.9068","-43.2762"
627,627-SAENS PENA X INHAUMA,Fetranspor,235,17739079,"-22.9084","-43.2752"
627,627-SAENS PENA X INHAUMA,Fetranspor,236,17739079,"-22.9085","-43.2752"
627,627-SAENS PENA X INHAUMA,Fetranspor,237,17739079,"-22.9086","-43.2751"
627,627-SAENS PENA X INHAUMA,Fetranspor,238,17739079,"-22.9087","-43.2751"
627,627-SAENS PENA X INHAUMA,Fetranspor,239,17739079,"-22.9087","-43.2751"
627,627-SAENS PENA X INHAUMA,Fetranspor,240,17739079,"-22.9086","-43.2748"
627,627-SAENS PENA X INHAUMA,Fetranspor,241,17739079,"-22.908","-43.2735"
627,627-SAENS PENA X INHAUMA,Fetranspor,242,17739079,"-22.908","-43.2733"
627,627-SAENS PENA X INHAUMA,Fetranspor,243,17739079,"-22.908","-43.2733"
627,627-SAENS PENA X INHAUMA,Fetranspor,244,17739079,"-22.9079","-43.2722"
627,627-SAENS PENA X INHAUMA,Fetranspor,245,17739079,"-22.9079","-43.2722"
627,627-SAENS PENA X INHAUMA,Fetranspor,246,17739079,"-22.9076","-43.272"
627,627-SAENS PENA X INHAUMA,Fetranspor,247,17739079,"-22.9076","-43.272"
627,627-SAENS PENA X INHAUMA,Fetranspor,248,17739079,"-22.9072","-43.2717"
627,627-SAENS PENA X INHAUMA,Fetranspor,249,17739079,"-22.9072","-43.2717"
627,627-SAENS PENA X INHAUMA,Fetranspor,250,17739079,"-22.907","-43.2715"
627,627-SAENS PENA X INHAUMA,Fetranspor,251,17739079,"-22.907","-43.2715"
627,627-SAENS PENA X INHAUMA,Fetranspor,252,17739079,"-22.9067","-43.2712"
627,627-SAENS PENA X INHAUMA,Fetranspor,253,17739079,"-22.9067","-43.2712"
627,627-SAENS PENA X INHAUMA,Fetranspor,254,17739079,"-22.9058","-43.2704"
627,627-SAENS PENA X INHAUMA,Fetranspor,255,17739079,"-22.9058","-43.2704"
627,627-SAENS PENA X INHAUMA,Fetranspor,256,17739079,"-22.9054","-43.2701"
627,627-SAENS PENA X INHAUMA,Fetranspor,257,17739079,"-22.9054","-43.2701"
627,627-SAENS PENA X INHAUMA,Fetranspor,258,17739079,"-22.9053","-43.2701"
627,627-SAENS PENA X INHAUMA,Fetranspor,259,17739079,"-22.9051","-43.27"
627,627-SAENS PENA X INHAUMA,Fetranspor,260,17739079,"-22.9051","-43.27"
627,627-SAENS PENA X INHAUMA,Fetranspor,261,17739079,"-22.9051","-43.2693"
627,627-SAENS PENA X INHAUMA,Fetranspor,262,17739079,"-22.905","-43.2684"
627,627-SAENS PENA X INHAUMA,Fetranspor,263,17739079,"-22.905","-43.2684"
627,627-SAENS PENA X INHAUMA,Fetranspor,264,17739079,"-22.905","-43.2672"
627,627-SAENS PENA X INHAUMA,Fetranspor,265,17739079,"-22.905","-43.2672"
627,627-SAENS PENA X INHAUMA,Fetranspor,266,17739079,"-22.9049","-43.2669"
627,627-SAENS PENA X INHAUMA,Fetranspor,267,17739079,"-22.9049","-43.2669"
627,627-SAENS PENA X INHAUMA,Fetranspor,268,17739079,"-22.9049","-43.2666"
627,627-SAENS PENA X INHAUMA,Fetranspor,269,17739079,"-22.9049","-43.2666"
627,627-SAENS PENA X INHAUMA,Fetranspor,270,17739079,"-22.9049","-43.2662"
627,627-SAENS PENA X INHAUMA,Fetranspor,271,17739079,"-22.9049","-43.2662"
627,627-SAENS PENA X INHAUMA,Fetranspor,272,17739079,"-22.9048","-43.265"
627,627-SAENS PENA X INHAUMA,Fetranspor,273,17739079,"-22.9048","-43.265"
627,627-SAENS PENA X INHAUMA,Fetranspor,274,17739079,"-22.9044","-43.2644"
627,627-SAENS PENA X INHAUMA,Fetranspor,275,17739079,"-22.9044","-43.2644"
627,627-SAENS PENA X INHAUMA,Fetranspor,276,17739079,"-22.9044","-43.2642"
627,627-SAENS PENA X INHAUMA,Fetranspor,277,17739079,"-22.9044","-43.2642"
627,627-SAENS PENA X INHAUMA,Fetranspor,278,17739079,"-22.9042","-43.2638"
627,627-SAENS PENA X INHAUMA,Fetranspor,279,17739079,"-22.9041","-43.2637"
627,627-SAENS PENA X INHAUMA,Fetranspor,280,17739079,"-22.9041","-43.2635"
627,627-SAENS PENA X INHAUMA,Fetranspor,281,17739079,"-22.904","-43.2633"
627,627-SAENS PENA X INHAUMA,Fetranspor,282,17739079,"-22.904","-43.2633"
627,627-SAENS PENA X INHAUMA,Fetranspor,283,17739079,"-22.904","-43.2627"
627,627-SAENS PENA X INHAUMA,Fetranspor,284,17739079,"-22.9039","-43.2612"
627,627-SAENS PENA X INHAUMA,Fetranspor,285,17739079,"-22.9039","-43.2612"
627,627-SAENS PENA X INHAUMA,Fetranspor,286,17739079,"-22.9039","-43.2606"
627,627-SAENS PENA X INHAUMA,Fetranspor,287,17739079,"-22.9039","-43.2606"
627,627-SAENS PENA X INHAUMA,Fetranspor,288,17739079,"-22.9039","-43.2602"
627,627-SAENS PENA X INHAUMA,Fetranspor,289,17739079,"-22.9039","-43.2602"
627,627-SAENS PENA X INHAUMA,Fetranspor,290,17739079,"-22.9038","-43.2601"
627,627-SAENS PENA X INHAUMA,Fetranspor,291,17739079,"-22.9038","-43.26"
627,627-SAENS PENA X INHAUMA,Fetranspor,292,17739079,"-22.9038","-43.26"
627,627-SAENS PENA X INHAUMA,Fetranspor,293,17739079,"-22.9038","-43.2599"
627,627-SAENS PENA X INHAUMA,Fetranspor,294,17739079,"-22.9038","-43.2599"
627,627-SAENS PENA X INHAUMA,Fetranspor,295,17739079,"-22.9038","-43.2593"
627,627-SAENS PENA X INHAUMA,Fetranspor,296,17739079,"-22.9038","-43.2593"
627,627-SAENS PENA X INHAUMA,Fetranspor,297,17739079,"-22.9037","-43.2585"
627,627-SAENS PENA X INHAUMA,Fetranspor,298,17739079,"-22.9037","-43.258"
627,627-SAENS PENA X INHAUMA,Fetranspor,299,17739079,"-22.9037","-43.258"
627,627-SAENS PENA X INHAUMA,Fetranspor,300,17739079,"-22.9035","-43.2562"
627,627-SAENS PENA X INHAUMA,Fetranspor,301,17739079,"-22.9035","-43.2562"
627,627-SAENS PENA X INHAUMA,Fetranspor,302,17739079,"-22.9034","-43.2557"
627,627-SAENS PENA X INHAUMA,Fetranspor,303,17739079,"-22.9034","-43.2551"
627,627-SAENS PENA X INHAUMA,Fetranspor,304,17739079,"-22.9034","-43.2551"
627,627-SAENS PENA X INHAUMA,Fetranspor,305,17739079,"-22.9032","-43.254"
627,627-SAENS PENA X INHAUMA,Fetranspor,306,17739079,"-22.9032","-43.254"
627,627-SAENS PENA X INHAUMA,Fetranspor,307,17739079,"-22.9031","-43.2525"
627,627-SAENS PENA X INHAUMA,Fetranspor,308,17739079,"-22.9031","-43.2525"
627,627-SAENS PENA X INHAUMA,Fetranspor,309,17739079,"-22.903","-43.2512"
627,627-SAENS PENA X INHAUMA,Fetranspor,310,17739079,"-22.903","-43.2512"
627,627-SAENS PENA X INHAUMA,Fetranspor,311,17739079,"-22.903","-43.2511"
627,627-SAENS PENA X INHAUMA,Fetranspor,312,17739079,"-22.903","-43.2511"
627,627-SAENS PENA X INHAUMA,Fetranspor,313,17739079,"-22.9029","-43.2498"
627,627-SAENS PENA X INHAUMA,Fetranspor,314,17739079,"-22.9029","-43.2498"
627,627-SAENS PENA X INHAUMA,Fetranspor,315,17739079,"-22.9029","-43.2496"
627,627-SAENS PENA X INHAUMA,Fetranspor,316,17739079,"-22.9029","-43.2496"
627,627-SAENS PENA X INHAUMA,Fetranspor,317,17739079,"-22.9028","-43.2485"
627,627-SAENS PENA X INHAUMA,Fetranspor,318,17739079,"-22.9028","-43.2485"
627,627-SAENS PENA X INHAUMA,Fetranspor,319,17739079,"-22.903","-43.2477"
627,627-SAENS PENA X INHAUMA,Fetranspor,320,17739079,"-22.903","-43.2477"
627,627-SAENS PENA X INHAUMA,Fetranspor,321,17739079,"-22.903","-43.2473"
627,627-SAENS PENA X INHAUMA,Fetranspor,322,17739079,"-22.9031","-43.247"
627,627-SAENS PENA X INHAUMA,Fetranspor,323,17739079,"-22.9031","-43.247"
627,627-SAENS PENA X INHAUMA,Fetranspor,324,17739079,"-22.9032","-43.2463"
627,627-SAENS PENA X INHAUMA,Fetranspor,325,17739079,"-22.9033","-43.246"
627,627-SAENS PENA X INHAUMA,Fetranspor,326,17739079,"-22.9033","-43.246"
627,627-SAENS PENA X INHAUMA,Fetranspor,327,17739079,"-22.9034","-43.2454"
627,627-SAENS PENA X INHAUMA,Fetranspor,328,17739079,"-22.9034","-43.2454"
627,627-SAENS PENA X INHAUMA,Fetranspor,329,17739079,"-22.9035","-43.2453"
627,627-SAENS PENA X INHAUMA,Fetranspor,330,17739079,"-22.9039","-43.2451"
627,627-SAENS PENA X INHAUMA,Fetranspor,331,17739079,"-22.9047","-43.2444"
627,627-SAENS PENA X INHAUMA,Fetranspor,332,17739079,"-22.9047","-43.2444"
627,627-SAENS PENA X INHAUMA,Fetranspor,333,17739079,"-22.905","-43.2442"
627,627-SAENS PENA X INHAUMA,Fetranspor,334,17739079,"-22.905","-43.2442"
627,627-SAENS PENA X INHAUMA,Fetranspor,335,17739079,"-22.9051","-43.2441"
627,627-SAENS PENA X INHAUMA,Fetranspor,336,17739079,"-22.9051","-43.2441"
627,627-SAENS PENA X INHAUMA,Fetranspor,337,17739079,"-22.9054","-43.2439"
627,627-SAENS PENA X INHAUMA,Fetranspor,338,17739079,"-22.9056","-43.2437"
627,627-SAENS PENA X INHAUMA,Fetranspor,339,17739079,"-22.9058","-43.2435"
627,627-SAENS PENA X INHAUMA,Fetranspor,340,17739079,"-22.9059","-43.2434"
627,627-SAENS PENA X INHAUMA,Fetranspor,341,17739079,"-22.906","-43.2433"
627,627-SAENS PENA X INHAUMA,Fetranspor,342,17739079,"-22.9061","-43.2431"
627,627-SAENS PENA X INHAUMA,Fetranspor,343,17739079,"-22.9062","-43.2429"
627,627-SAENS PENA X INHAUMA,Fetranspor,344,17739079,"-22.9062","-43.2429"
627,627-SAENS PENA X INHAUMA,Fetranspor,345,17739079,"-22.9063","-43.2425"
627,627-SAENS PENA X INHAUMA,Fetranspor,346,17739079,"-22.9064","-43.2422"
627,627-SAENS PENA X INHAUMA,Fetranspor,347,17739079,"-22.9063","-43.242"
627,627-SAENS PENA X INHAUMA,Fetranspor,348,17739079,"-22.9063","-43.2416"
627,627-SAENS PENA X INHAUMA,Fetranspor,349,17739079,"-22.9062","-43.2415"
627,627-SAENS PENA X INHAUMA,Fetranspor,350,17739079,"-22.9062","-43.2413"
627,627-SAENS PENA X INHAUMA,Fetranspor,351,17739079,"-22.9062","-43.2412"
627,627-SAENS PENA X INHAUMA,Fetranspor,352,17739079,"-22.9062","-43.241"
627,627-SAENS PENA X INHAUMA,Fetranspor,353,17739079,"-22.9062","-43.241"
627,627-SAENS PENA X INHAUMA,Fetranspor,354,17739079,"-22.9062","-43.2408"
627,627-SAENS PENA X INHAUMA,Fetranspor,355,17739079,"-22.9063","-43.2407"
627,627-SAENS PENA X INHAUMA,Fetranspor,356,17739079,"-22.9063","-43.2406"
627,627-SAENS PENA X INHAUMA,Fetranspor,357,17739079,"-22.9071","-43.2394"
627,627-SAENS PENA X INHAUMA,Fetranspor,358,17739079,"-22.9071","-43.2394"
627,627-SAENS PENA X INHAUMA,Fetranspor,359,17739079,"-22.9072","-43.2394"
627,627-SAENS PENA X INHAUMA,Fetranspor,360,17739079,"-22.9075","-43.2392"
627,627-SAENS PENA X INHAUMA,Fetranspor,361,17739079,"-22.9075","-43.2392"
627,627-SAENS PENA X INHAUMA,Fetranspor,362,17739079,"-22.9078","-43.239"
627,627-SAENS PENA X INHAUMA,Fetranspor,363,17739079,"-22.9078","-43.239"
627,627-SAENS PENA X INHAUMA,Fetranspor,364,17739079,"-22.908","-43.2389"
627,627-SAENS PENA X INHAUMA,Fetranspor,365,17739079,"-22.908","-43.2389"
627,627-SAENS PENA X INHAUMA,Fetranspor,366,17739079,"-22.9082","-43.2387"
627,627-SAENS PENA X INHAUMA,Fetranspor,367,17739079,"-22.9082","-43.2387"
627,627-SAENS PENA X INHAUMA,Fetranspor,368,17739079,"-22.9083","-43.2387"
627,627-SAENS PENA X INHAUMA,Fetranspor,369,17739079,"-22.9084","-43.2387"
627,627-SAENS PENA X INHAUMA,Fetranspor,370,17739079,"-22.9088","-43.2386"
627,627-SAENS PENA X INHAUMA,Fetranspor,371,17739079,"-22.9088","-43.2386"
627,627-SAENS PENA X INHAUMA,Fetranspor,372,17739079,"-22.909","-43.2386"
627,627-SAENS PENA X INHAUMA,Fetranspor,373,17739079,"-22.9092","-43.2385"
627,627-SAENS PENA X INHAUMA,Fetranspor,374,17739079,"-22.9092","-43.2385"
627,627-SAENS PENA X INHAUMA,Fetranspor,375,17739079,"-22.9099","-43.2384"
627,627-SAENS PENA X INHAUMA,Fetranspor,376,17739079,"-22.9101","-43.2383"
627,627-SAENS PENA X INHAUMA,Fetranspor,377,17739079,"-22.9104","-43.2382"
627,627-SAENS PENA X INHAUMA,Fetranspor,378,17739079,"-22.9107","-43.238"
627,627-SAENS PENA X INHAUMA,Fetranspor,379,17739079,"-22.9107","-43.238"
627,627-SAENS PENA X INHAUMA,Fetranspor,380,17739079,"-22.9108","-43.238"
627,627-SAENS PENA X INHAUMA,Fetranspor,381,17739079,"-22.9114","-43.2376"
627,627-SAENS PENA X INHAUMA,Fetranspor,382,17739079,"-22.9116","-43.2374"
627,627-SAENS PENA X INHAUMA,Fetranspor,383,17739079,"-22.9118","-43.2373"
627,627-SAENS PENA X INHAUMA,Fetranspor,384,17739079,"-22.9118","-43.2373"
627,627-SAENS PENA X INHAUMA,Fetranspor,385,17739079,"-22.9119","-43.2371"
627,627-SAENS PENA X INHAUMA,Fetranspor,386,17739079,"-22.9123","-43.2366"
627,627-SAENS PENA X INHAUMA,Fetranspor,387,17739079,"-22.9128","-43.236"
627,627-SAENS PENA X INHAUMA,Fetranspor,388,17739079,"-22.9128","-43.236"
627,627-SAENS PENA X INHAUMA,Fetranspor,389,17739079,"-22.9129","-43.2359"
627,627-SAENS PENA X INHAUMA,Fetranspor,390,17739079,"-22.9129","-43.2359"
627,627-SAENS PENA X INHAUMA,Fetranspor,391,17739079,"-22.9133","-43.2353"
627,627-SAENS PENA X INHAUMA,Fetranspor,392,17739079,"-22.9133","-43.2353"
627,627-SAENS PENA X INHAUMA,Fetranspor,393,17739079,"-22.9134","-43.2354"
627,627-SAENS PENA X INHAUMA,Fetranspor,394,17739079,"-22.9135","-43.2354"
627,627-SAENS PENA X INHAUMA,Fetranspor,395,17739079,"-22.9135","-43.2355"
627,627-SAENS PENA X INHAUMA,Fetranspor,396,17739079,"-22.9135","-43.2355"
627,627-SAENS PENA X INHAUMA,Fetranspor,397,17739079,"-22.9136","-43.2356"
627,627-SAENS PENA X INHAUMA,Fetranspor,398,17739079,"-22.9136","-43.2356"
627,627-SAENS PENA X INHAUMA,Fetranspor,399,17739079,"-22.9137","-43.2357"
627,627-SAENS PENA X INHAUMA,Fetranspor,400,17739079,"-22.9137","-43.2358"
627,627-SAENS PENA X INHAUMA,Fetranspor,401,17739079,"-22.9137","-43.2358"
627,627-SAENS PENA X INHAUMA,Fetranspor,402,17739079,"-22.9141","-43.2373"
627,627-SAENS PENA X INHAUMA,Fetranspor,403,17739079,"-22.9141","-43.2373"
627,627-SAENS PENA X INHAUMA,Fetranspor,404,17739079,"-22.9144","-43.2389"
627,627-SAENS PENA X INHAUMA,Fetranspor,405,17739079,"-22.9144","-43.2389"
627,627-SAENS PENA X INHAUMA,Fetranspor,406,17739079,"-22.9147","-43.2401"
627,627-SAENS PENA X INHAUMA,Fetranspor,407,17739079,"-22.9148","-43.2407"
627,627-SAENS PENA X INHAUMA,Fetranspor,408,17739079,"-22.9148","-43.2407"
627,627-SAENS PENA X INHAUMA,Fetranspor,409,17739079,"-22.9151","-43.2422"
627,627-SAENS PENA X INHAUMA,Fetranspor,410,17739079,"-22.9151","-43.2422"
627,627-SAENS PENA X INHAUMA,Fetranspor,411,17739079,"-22.9154","-43.244"
627,627-SAENS PENA X INHAUMA,Fetranspor,412,17739079,"-22.9154","-43.244"
627,627-SAENS PENA X INHAUMA,Fetranspor,413,17739079,"-22.9156","-43.2447"
627,627-SAENS PENA X INHAUMA,Fetranspor,414,17739079,"-22.9158","-43.2458"
627,627-SAENS PENA X INHAUMA,Fetranspor,415,17739079,"-22.9158","-43.2458"
627,627-SAENS PENA X INHAUMA,Fetranspor,416,17739079,"-22.9165","-43.2457"
627,627-SAENS PENA X INHAUMA,Fetranspor,417,17739079,"-22.9175","-43.2455"
627,627-SAENS PENA X INHAUMA,Fetranspor,418,17739079,"-22.9175","-43.2455"
627,627-SAENS PENA X INHAUMA,Fetranspor,419,17739079,"-22.9172","-43.2436"
627,627-SAENS PENA X INHAUMA,Fetranspor,420,17739079,"-22.9172","-43.2436"
627,627-SAENS PENA X INHAUMA,Fetranspor,421,17739079,"-22.917","-43.2425"
627,627-SAENS PENA X INHAUMA,Fetranspor,422,17739079,"-22.9169","-43.2419"
627,627-SAENS PENA X INHAUMA,Fetranspor,423,17739079,"-22.9168","-43.2418"
627,627-SAENS PENA X INHAUMA,Fetranspor,424,17739079,"-22.9168","-43.2418"
627,627-SAENS PENA X INHAUMA,Fetranspor,425,17739079,"-22.9166","-43.2407"
627,627-SAENS PENA X INHAUMA,Fetranspor,426,17739079,"-22.9166","-43.2407"
627,627-SAENS PENA X INHAUMA,Fetranspor,427,17739079,"-22.9167","-43.2405"
627,627-SAENS PENA X INHAUMA,Fetranspor,428,17739079,"-22.9167","-43.2405"
627,627-SAENS PENA X INHAUMA,Fetranspor,429,17739079,"-22.9168","-43.2403"
627,627-SAENS PENA X INHAUMA,Fetranspor,430,17739079,"-22.9168","-43.2403"
627,627-SAENS PENA X INHAUMA,Fetranspor,431,17739079,"-22.9172","-43.2402"
627,627-SAENS PENA X INHAUMA,Fetranspor,432,17739079,"-22.9174","-43.2402"
627,627-SAENS PENA X INHAUMA,Fetranspor,433,17739079,"-22.9175","-43.2401"
627,627-SAENS PENA X INHAUMA,Fetranspor,434,17739079,"-22.9181","-43.2397"
627,627-SAENS PENA X INHAUMA,Fetranspor,435,17739079,"-22.9181","-43.2397"
627,627-SAENS PENA X INHAUMA,Fetranspor,436,17739079,"-22.9185","-43.2395"
627,627-SAENS PENA X INHAUMA,Fetranspor,437,17739079,"-22.9188","-43.2393"
627,627-SAENS PENA X INHAUMA,Fetranspor,438,17739079,"-22.9188","-43.2393"
627,627-SAENS PENA X INHAUMA,Fetranspor,439,17739079,"-22.9197","-43.2388"
627,627-SAENS PENA X INHAUMA,Fetranspor,440,17739079,"-22.9197","-43.2388"
627,627-SAENS PENA X INHAUMA,Fetranspor,441,17739079,"-22.9205","-43.2383"
627,627-SAENS PENA X INHAUMA,Fetranspor,442,17739079,"-22.9205","-43.2383"
627,627-SAENS PENA X INHAUMA,Fetranspor,443,17739079,"-22.9207","-43.2382"
627,627-SAENS PENA X INHAUMA,Fetranspor,444,17739079,"-22.9221","-43.2373"
627,627-SAENS PENA X INHAUMA,Fetranspor,445,17739079,"-22.9221","-43.2373"
627,627-SAENS PENA X INHAUMA,Fetranspor,446,17739079,"-22.9227","-43.2369"
627,627-SAENS PENA X INHAUMA,Fetranspor,447,17739079,"-22.923","-43.2368"
627,627-SAENS PENA X INHAUMA,Fetranspor,448,17739079,"-22.923","-43.2368"
627,627-SAENS PENA X INHAUMA,Fetranspor,449,17739079,"-22.9238","-43.2363"
627,627-SAENS PENA X INHAUMA,Fetranspor,450,17739079,"-22.9238","-43.2363"
627,627-SAENS PENA X INHAUMA,Fetranspor,451,17739079,"-22.9239","-43.2361"
627,627-SAENS PENA X INHAUMA,Fetranspor,452,17739079,"-22.9239","-43.2361"
627,627-SAENS PENA X INHAUMA,Fetranspor,453,17739079,"-22.9235","-43.2353"
627,627-SAENS PENA X INHAUMA,Fetranspor,454,17739079,"-22.9235","-43.2353"
627,627-SAENS PENA X INHAUMA,Fetranspor,455,17739079,"-22.9234","-43.2352"
