linha,descricao,agencia,sequencia,shape_id,latitude,longitude
651,651-MEIER X CASCADURA (VIA ARQUIAS CORDEIRO) - CIRCULAR,Fetranspor,0,17369006,"-22.8823","-43.3346"
651,651-MEIER X CASCADURA (VIA ARQUIAS CORDEIRO) - CIRCULAR,Fetranspor,1,17369006,"-22.8822","-43.3337"
651,651-MEIER X CASCADURA (VIA ARQUIAS CORDEIRO) - CIRCULAR,Fetranspor,2,17369006,"-22.8822","-43.3337"
651,651-MEIER X CASCADURA (VIA ARQUIAS CORDEIRO) - CIRCULAR,Fetranspor,3,17369006,"-22.882","-43.3323"
651,651-MEIER X CASCADURA (VIA ARQUIAS CORDEIRO) - CIRCULAR,Fetranspor,4,17369006,"-22.882","-43.3321"
651,651-MEIER X CASCADURA (VIA ARQUIAS CORDEIRO) - CIRCULAR,Fetranspor,5,17369006,"-22.882","-43.3321"
651,651-MEIER X CASCADURA (VIA ARQUIAS CORDEIRO) - CIRCULAR,Fetranspor,6,17369006,"-22.8823","-43.3321"
651,651-MEIER X CASCADURA (VIA ARQUIAS CORDEIRO) - CIRCULAR,Fetranspor,7,17369006,"-22.8827","-43.3321"
651,651-MEIER X CASCADURA (VIA ARQUIAS CORDEIRO) - CIRCULAR,Fetranspor,8,17369006,"-22.8835","-43.3321"
651,651-MEIER X CASCADURA (VIA ARQUIAS CORDEIRO) - CIRCULAR,Fetranspor,9,17369006,"-22.8839","-43.3321"
651,651-MEIER X CASCADURA (VIA ARQUIAS CORDEIRO) - CIRCULAR,Fetranspor,10,17369006,"-22.8845","-43.3321"
651,651-MEIER X CASCADURA (VIA ARQUIAS CORDEIRO) - CIRCULAR,Fetranspor,11,17369006,"-22.8845","-43.3321"
651,651-MEIER X CASCADURA (VIA ARQUIAS CORDEIRO) - CIRCULAR,Fetranspor,12,17369006,"-22.8847","-43.3321"
651,651-MEIER X CASCADURA (VIA ARQUIAS CORDEIRO) - CIRCULAR,Fetranspor,13,17369006,"-22.885","-43.332"
651,651-MEIER X CASCADURA (VIA ARQUIAS CORDEIRO) - CIRCULAR,Fetranspor,14,17369006,"-22.885","-43.332"
651,651-MEIER X CASCADURA (VIA ARQUIAS CORDEIRO) - CIRCULAR,Fetranspor,15,17369006,"-22.8852","-43.3319"
651,651-MEIER X CASCADURA (VIA ARQUIAS CORDEIRO) - CIRCULAR,Fetranspor,16,17369006,"-22.8857","-43.3317"
651,651-MEIER X CASCADURA (VIA ARQUIAS CORDEIRO) - CIRCULAR,Fetranspor,17,17369006,"-22.8861","-43.3315"
651,651-MEIER X CASCADURA (VIA ARQUIAS CORDEIRO) - CIRCULAR,Fetranspor,18,17369006,"-22.8861","-43.3315"
651,651-MEIER X CASCADURA (VIA ARQUIAS CORDEIRO) - CIRCULAR,Fetranspor,19,17369006,"-22.8866","-43.3312"
651,651-MEIER X CASCADURA (VIA ARQUIAS CORDEIRO) - CIRCULAR,Fetranspor,20,17369006,"-22.8869","-43.331"
651,651-MEIER X CASCADURA (VIA ARQUIAS CORDEIRO) - CIRCULAR,Fetranspor,21,17369006,"-22.8869","-43.331"
651,651-MEIER X CASCADURA (VIA ARQUIAS CORDEIRO) - CIRCULAR,Fetranspor,22,17369006,"-22.887","-43.3307"
651,651-MEIER X CASCADURA (VIA ARQUIAS CORDEIRO) - CIRCULAR,Fetranspor,23,17369006,"-22.887","-43.3307"
651,651-MEIER X CASCADURA (VIA ARQUIAS CORDEIRO) - CIRCULAR,Fetranspor,24,17369006,"-22.8878","-43.3297"
651,651-MEIER X CASCADURA (VIA ARQUIAS CORDEIRO) - CIRCULAR,Fetranspor,25,17369006,"-22.8878","-43.3297"
651,651-MEIER X CASCADURA (VIA ARQUIAS CORDEIRO) - CIRCULAR,Fetranspor,26,17369006,"-22.8883","-43.329"
651,651-MEIER X CASCADURA (VIA ARQUIAS CORDEIRO) - CIRCULAR,Fetranspor,27,17369006,"-22.8883","-43.329"
651,651-MEIER X CASCADURA (VIA ARQUIAS CORDEIRO) - CIRCULAR,Fetranspor,28,17369006,"-22.8888","-43.3283"
651,651-MEIER X CASCADURA (VIA ARQUIAS CORDEIRO) - CIRCULAR,Fetranspor,29,17369006,"-22.8888","-43.3283"
651,651-MEIER X CASCADURA (VIA ARQUIAS CORDEIRO) - CIRCULAR,Fetranspor,30,17369006,"-22.8901","-43.3265"
651,651-MEIER X CASCADURA (VIA ARQUIAS CORDEIRO) - CIRCULAR,Fetranspor,31,17369006,"-22.8901","-43.3265"
651,651-MEIER X CASCADURA (VIA ARQUIAS CORDEIRO) - CIRCULAR,Fetranspor,32,17369006,"-22.8902","-43.3263"
651,651-MEIER X CASCADURA (VIA ARQUIAS CORDEIRO) - CIRCULAR,Fetranspor,33,17369006,"-22.8904","-43.3261"
651,651-MEIER X CASCADURA (VIA ARQUIAS CORDEIRO) - CIRCULAR,Fetranspor,34,17369006,"-22.8907","-43.3257"
651,651-MEIER X CASCADURA (VIA ARQUIAS CORDEIRO) - CIRCULAR,Fetranspor,35,17369006,"-22.8907","-43.3257"
651,651-MEIER X CASCADURA (VIA ARQUIAS CORDEIRO) - CIRCULAR,Fetranspor,36,17369006,"-22.8908","-43.3256"
651,651-MEIER X CASCADURA (VIA ARQUIAS CORDEIRO) - CIRCULAR,Fetranspor,37,17369006,"-22.8908","-43.3256"
651,651-MEIER X CASCADURA (VIA ARQUIAS CORDEIRO) - CIRCULAR,Fetranspor,38,17369006,"-22.8914","-43.3247"
651,651-MEIER X CASCADURA (VIA ARQUIAS CORDEIRO) - CIRCULAR,Fetranspor,39,17369006,"-22.8914","-43.3247"
651,651-MEIER X CASCADURA (VIA ARQUIAS CORDEIRO) - CIRCULAR,Fetranspor,40,17369006,"-22.8921","-43.3238"
651,651-MEIER X CASCADURA (VIA ARQUIAS CORDEIRO) - CIRCULAR,Fetranspor,41,17369006,"-22.8921","-43.3238"
651,651-MEIER X CASCADURA (VIA ARQUIAS CORDEIRO) - CIRCULAR,Fetranspor,42,17369006,"-22.8928","-43.3229"
651,651-MEIER X CASCADURA (VIA ARQUIAS CORDEIRO) - CIRCULAR,Fetranspor,43,17369006,"-22.8928","-43.3229"
651,651-MEIER X CASCADURA (VIA ARQUIAS CORDEIRO) - CIRCULAR,Fetranspor,44,17369006,"-22.8933","-43.3221"
651,651-MEIER X CASCADURA (VIA ARQUIAS CORDEIRO) - CIRCULAR,Fetranspor,45,17369006,"-22.8933","-43.3221"
651,651-MEIER X CASCADURA (VIA ARQUIAS CORDEIRO) - CIRCULAR,Fetranspor,46,17369006,"-22.8936","-43.3218"
651,651-MEIER X CASCADURA (VIA ARQUIAS CORDEIRO) - CIRCULAR,Fetranspor,47,17369006,"-22.8936","-43.3218"
651,651-MEIER X CASCADURA (VIA ARQUIAS CORDEIRO) - CIRCULAR,Fetranspor,48,17369006,"-22.8938","-43.3215"
651,651-MEIER X CASCADURA (VIA ARQUIAS CORDEIRO) - CIRCULAR,Fetranspor,49,17369006,"-22.8941","-43.3211"
651,651-MEIER X CASCADURA (VIA ARQUIAS CORDEIRO) - CIRCULAR,Fetranspor,50,17369006,"-22.8942","-43.3208"
651,651-MEIER X CASCADURA (VIA ARQUIAS CORDEIRO) - CIRCULAR,Fetranspor,51,17369006,"-22.8952","-43.3195"
651,651-MEIER X CASCADURA (VIA ARQUIAS CORDEIRO) - CIRCULAR,Fetranspor,52,17369006,"-22.8953","-43.3193"
651,651-MEIER X CASCADURA (VIA ARQUIAS CORDEIRO) - CIRCULAR,Fetranspor,53,17369006,"-22.8953","-43.3192"
651,651-MEIER X CASCADURA (VIA ARQUIAS CORDEIRO) - CIRCULAR,Fetranspor,54,17369006,"-22.8953","-43.3192"
651,651-MEIER X CASCADURA (VIA ARQUIAS CORDEIRO) - CIRCULAR,Fetranspor,55,17369006,"-22.8954","-43.319"
651,651-MEIER X CASCADURA (VIA ARQUIAS CORDEIRO) - CIRCULAR,Fetranspor,56,17369006,"-22.8955","-43.3185"
651,651-MEIER X CASCADURA (VIA ARQUIAS CORDEIRO) - CIRCULAR,Fetranspor,57,17369006,"-22.8955","-43.3185"
651,651-MEIER X CASCADURA (VIA ARQUIAS CORDEIRO) - CIRCULAR,Fetranspor,58,17369006,"-22.8956","-43.3178"
651,651-MEIER X CASCADURA (VIA ARQUIAS CORDEIRO) - CIRCULAR,Fetranspor,59,17369006,"-22.8956","-43.3177"
651,651-MEIER X CASCADURA (VIA ARQUIAS CORDEIRO) - CIRCULAR,Fetranspor,60,17369006,"-22.8956","-43.3177"
651,651-MEIER X CASCADURA (VIA ARQUIAS CORDEIRO) - CIRCULAR,Fetranspor,61,17369006,"-22.8957","-43.3171"
651,651-MEIER X CASCADURA (VIA ARQUIAS CORDEIRO) - CIRCULAR,Fetranspor,62,17369006,"-22.8958","-43.3166"
651,651-MEIER X CASCADURA (VIA ARQUIAS CORDEIRO) - CIRCULAR,Fetranspor,63,17369006,"-22.8958","-43.315"
651,651-MEIER X CASCADURA (VIA ARQUIAS CORDEIRO) - CIRCULAR,Fetranspor,64,17369006,"-22.8958","-43.315"
651,651-MEIER X CASCADURA (VIA ARQUIAS CORDEIRO) - CIRCULAR,Fetranspor,65,17369006,"-22.8958","-43.3146"
651,651-MEIER X CASCADURA (VIA ARQUIAS CORDEIRO) - CIRCULAR,Fetranspor,66,17369006,"-22.8958","-43.3145"
651,651-MEIER X CASCADURA (VIA ARQUIAS CORDEIRO) - CIRCULAR,Fetranspor,67,17369006,"-22.8959","-43.3142"
651,651-MEIER X CASCADURA (VIA ARQUIAS CORDEIRO) - CIRCULAR,Fetranspor,68,17369006,"-22.8959","-43.3142"
651,651-MEIER X CASCADURA (VIA ARQUIAS CORDEIRO) - CIRCULAR,Fetranspor,69,17369006,"-22.8963","-43.313"
651,651-MEIER X CASCADURA (VIA ARQUIAS CORDEIRO) - CIRCULAR,Fetranspor,70,17369006,"-22.8963","-43.3128"
651,651-MEIER X CASCADURA (VIA ARQUIAS CORDEIRO) - CIRCULAR,Fetranspor,71,17369006,"-22.8963","-43.3128"
651,651-MEIER X CASCADURA (VIA ARQUIAS CORDEIRO) - CIRCULAR,Fetranspor,72,17369006,"-22.8963","-43.3125"
651,651-MEIER X CASCADURA (VIA ARQUIAS CORDEIRO) - CIRCULAR,Fetranspor,73,17369006,"-22.8963","-43.3125"
651,651-MEIER X CASCADURA (VIA ARQUIAS CORDEIRO) - CIRCULAR,Fetranspor,74,17369006,"-22.8969","-43.3128"
651,651-MEIER X CASCADURA (VIA ARQUIAS CORDEIRO) - CIRCULAR,Fetranspor,75,17369006,"-22.8972","-43.3129"
651,651-MEIER X CASCADURA (VIA ARQUIAS CORDEIRO) - CIRCULAR,Fetranspor,76,17369006,"-22.8972","-43.3129"
651,651-MEIER X CASCADURA (VIA ARQUIAS CORDEIRO) - CIRCULAR,Fetranspor,77,17369006,"-22.8976","-43.313"
651,651-MEIER X CASCADURA (VIA ARQUIAS CORDEIRO) - CIRCULAR,Fetranspor,78,17369006,"-22.8976","-43.313"
651,651-MEIER X CASCADURA (VIA ARQUIAS CORDEIRO) - CIRCULAR,Fetranspor,79,17369006,"-22.8988","-43.3134"
651,651-MEIER X CASCADURA (VIA ARQUIAS CORDEIRO) - CIRCULAR,Fetranspor,80,17369006,"-22.8988","-43.3134"
651,651-MEIER X CASCADURA (VIA ARQUIAS CORDEIRO) - CIRCULAR,Fetranspor,81,17369006,"-22.9003","-43.3139"
651,651-MEIER X CASCADURA (VIA ARQUIAS CORDEIRO) - CIRCULAR,Fetranspor,82,17369006,"-22.9003","-43.3139"
651,651-MEIER X CASCADURA (VIA ARQUIAS CORDEIRO) - CIRCULAR,Fetranspor,83,17369006,"-22.9003","-43.3139"
651,651-MEIER X CASCADURA (VIA ARQUIAS CORDEIRO) - CIRCULAR,Fetranspor,84,17369006,"-22.9003","-43.3139"
651,651-MEIER X CASCADURA (VIA ARQUIAS CORDEIRO) - CIRCULAR,Fetranspor,85,17369006,"-22.9007","-43.314"
651,651-MEIER X CASCADURA (VIA ARQUIAS CORDEIRO) - CIRCULAR,Fetranspor,86,17369006,"-22.9007","-43.314"
651,651-MEIER X CASCADURA (VIA ARQUIAS CORDEIRO) - CIRCULAR,Fetranspor,87,17369006,"-22.901","-43.3142"
651,651-MEIER X CASCADURA (VIA ARQUIAS CORDEIRO) - CIRCULAR,Fetranspor,88,17369006,"-22.901","-43.3142"
651,651-MEIER X CASCADURA (VIA ARQUIAS CORDEIRO) - CIRCULAR,Fetranspor,89,17369006,"-22.9012","-43.3142"
651,651-MEIER X CASCADURA (VIA ARQUIAS CORDEIRO) - CIRCULAR,Fetranspor,90,17369006,"-22.9012","-43.3142"
651,651-MEIER X CASCADURA (VIA ARQUIAS CORDEIRO) - CIRCULAR,Fetranspor,91,17369006,"-22.9018","-43.3144"
651,651-MEIER X CASCADURA (VIA ARQUIAS CORDEIRO) - CIRCULAR,Fetranspor,92,17369006,"-22.9018","-43.3144"
651,651-MEIER X CASCADURA (VIA ARQUIAS CORDEIRO) - CIRCULAR,Fetranspor,93,17369006,"-22.9022","-43.3146"
651,651-MEIER X CASCADURA (VIA ARQUIAS CORDEIRO) - CIRCULAR,Fetranspor,94,17369006,"-22.9022","-43.3146"
651,651-MEIER X CASCADURA (VIA ARQUIAS CORDEIRO) - CIRCULAR,Fetranspor,95,17369006,"-22.9024","-43.3146"
651,651-MEIER X CASCADURA (VIA ARQUIAS CORDEIRO) - CIRCULAR,Fetranspor,96,17369006,"-22.9024","-43.3146"
651,651-MEIER X CASCADURA (VIA ARQUIAS CORDEIRO) - CIRCULAR,Fetranspor,97,17369006,"-22.9029","-43.3148"
651,651-MEIER X CASCADURA (VIA ARQUIAS CORDEIRO) - CIRCULAR,Fetranspor,98,17369006,"-22.9029","-43.3148"
651,651-MEIER X CASCADURA (VIA ARQUIAS CORDEIRO) - CIRCULAR,Fetranspor,99,17369006,"-22.9033","-43.3149"
651,651-MEIER X CASCADURA (VIA ARQUIAS CORDEIRO) - CIRCULAR,Fetranspor,100,17369006,"-22.9033","-43.3149"
651,651-MEIER X CASCADURA (VIA ARQUIAS CORDEIRO) - CIRCULAR,Fetranspor,101,17369006,"-22.9039","-43.3151"
651,651-MEIER X CASCADURA (VIA ARQUIAS CORDEIRO) - CIRCULAR,Fetranspor,102,17369006,"-22.9042","-43.3152"
651,651-MEIER X CASCADURA (VIA ARQUIAS CORDEIRO) - CIRCULAR,Fetranspor,103,17369006,"-22.9044","-43.3153"
651,651-MEIER X CASCADURA (VIA ARQUIAS CORDEIRO) - CIRCULAR,Fetranspor,104,17369006,"-22.9044","-43.3153"
651,651-MEIER X CASCADURA (VIA ARQUIAS CORDEIRO) - CIRCULAR,Fetranspor,105,17369006,"-22.9049","-43.3155"
651,651-MEIER X CASCADURA (VIA ARQUIAS CORDEIRO) - CIRCULAR,Fetranspor,106,17369006,"-22.9049","-43.3155"
651,651-MEIER X CASCADURA (VIA ARQUIAS CORDEIRO) - CIRCULAR,Fetranspor,107,17369006,"-22.9053","-43.3156"
651,651-MEIER X CASCADURA (VIA ARQUIAS CORDEIRO) - CIRCULAR,Fetranspor,108,17369006,"-22.9053","-43.3156"
651,651-MEIER X CASCADURA (VIA ARQUIAS CORDEIRO) - CIRCULAR,Fetranspor,109,17369006,"-22.9058","-43.3141"
651,651-MEIER X CASCADURA (VIA ARQUIAS CORDEIRO) - CIRCULAR,Fetranspor,110,17369006,"-22.9058","-43.3141"
651,651-MEIER X CASCADURA (VIA ARQUIAS CORDEIRO) - CIRCULAR,Fetranspor,111,17369006,"-22.906","-43.3137"
651,651-MEIER X CASCADURA (VIA ARQUIAS CORDEIRO) - CIRCULAR,Fetranspor,112,17369006,"-22.906","-43.3137"
651,651-MEIER X CASCADURA (VIA ARQUIAS CORDEIRO) - CIRCULAR,Fetranspor,113,17369006,"-22.9066","-43.3117"
651,651-MEIER X CASCADURA (VIA ARQUIAS CORDEIRO) - CIRCULAR,Fetranspor,114,17369006,"-22.9066","-43.3115"
651,651-MEIER X CASCADURA (VIA ARQUIAS CORDEIRO) - CIRCULAR,Fetranspor,115,17369006,"-22.9066","-43.3114"
651,651-MEIER X CASCADURA (VIA ARQUIAS CORDEIRO) - CIRCULAR,Fetranspor,116,17369006,"-22.9066","-43.3114"
651,651-MEIER X CASCADURA (VIA ARQUIAS CORDEIRO) - CIRCULAR,Fetranspor,117,17369006,"-22.9056","-43.311"
651,651-MEIER X CASCADURA (VIA ARQUIAS CORDEIRO) - CIRCULAR,Fetranspor,118,17369006,"-22.9056","-43.311"
651,651-MEIER X CASCADURA (VIA ARQUIAS CORDEIRO) - CIRCULAR,Fetranspor,119,17369006,"-22.9056","-43.3108"
651,651-MEIER X CASCADURA (VIA ARQUIAS CORDEIRO) - CIRCULAR,Fetranspor,120,17369006,"-22.9057","-43.3104"
651,651-MEIER X CASCADURA (VIA ARQUIAS CORDEIRO) - CIRCULAR,Fetranspor,121,17369006,"-22.9057","-43.3104"
651,651-MEIER X CASCADURA (VIA ARQUIAS CORDEIRO) - CIRCULAR,Fetranspor,122,17369006,"-22.9058","-43.3101"
651,651-MEIER X CASCADURA (VIA ARQUIAS CORDEIRO) - CIRCULAR,Fetranspor,123,17369006,"-22.9058","-43.3101"
651,651-MEIER X CASCADURA (VIA ARQUIAS CORDEIRO) - CIRCULAR,Fetranspor,124,17369006,"-22.9058","-43.3098"
651,651-MEIER X CASCADURA (VIA ARQUIAS CORDEIRO) - CIRCULAR,Fetranspor,125,17369006,"-22.9058","-43.3098"
651,651-MEIER X CASCADURA (VIA ARQUIAS CORDEIRO) - CIRCULAR,Fetranspor,126,17369006,"-22.9059","-43.3096"
651,651-MEIER X CASCADURA (VIA ARQUIAS CORDEIRO) - CIRCULAR,Fetranspor,127,17369006,"-22.9059","-43.3096"
651,651-MEIER X CASCADURA (VIA ARQUIAS CORDEIRO) - CIRCULAR,Fetranspor,128,17369006,"-22.9059","-43.3094"
651,651-MEIER X CASCADURA (VIA ARQUIAS CORDEIRO) - CIRCULAR,Fetranspor,129,17369006,"-22.9059","-43.3094"
651,651-MEIER X CASCADURA (VIA ARQUIAS CORDEIRO) - CIRCULAR,Fetranspor,130,17369006,"-22.9059","-43.3092"
651,651-MEIER X CASCADURA (VIA ARQUIAS CORDEIRO) - CIRCULAR,Fetranspor,131,17369006,"-22.9058","-43.3089"
651,651-MEIER X CASCADURA (VIA ARQUIAS CORDEIRO) - CIRCULAR,Fetranspor,132,17369006,"-22.9058","-43.3089"
651,651-MEIER X CASCADURA (VIA ARQUIAS CORDEIRO) - CIRCULAR,Fetranspor,133,17369006,"-22.9056","-43.3085"
651,651-MEIER X CASCADURA (VIA ARQUIAS CORDEIRO) - CIRCULAR,Fetranspor,134,17369006,"-22.9056","-43.3085"
651,651-MEIER X CASCADURA (VIA ARQUIAS CORDEIRO) - CIRCULAR,Fetranspor,135,17369006,"-22.9055","-43.3081"
651,651-MEIER X CASCADURA (VIA ARQUIAS CORDEIRO) - CIRCULAR,Fetranspor,136,17369006,"-22.9055","-43.3081"
651,651-MEIER X CASCADURA (VIA ARQUIAS CORDEIRO) - CIRCULAR,Fetranspor,137,17369006,"-22.9052","-43.3074"
651,651-MEIER X CASCADURA (VIA ARQUIAS CORDEIRO) - CIRCULAR,Fetranspor,138,17369006,"-22.9052","-43.3072"
651,651-MEIER X CASCADURA (VIA ARQUIAS CORDEIRO) - CIRCULAR,Fetranspor,139,17369006,"-22.9052","-43.3072"
651,651-MEIER X CASCADURA (VIA ARQUIAS CORDEIRO) - CIRCULAR,Fetranspor,140,17369006,"-22.905","-43.3069"
651,651-MEIER X CASCADURA (VIA ARQUIAS CORDEIRO) - CIRCULAR,Fetranspor,141,17369006,"-22.9049","-43.3066"
651,651-MEIER X CASCADURA (VIA ARQUIAS CORDEIRO) - CIRCULAR,Fetranspor,142,17369006,"-22.9049","-43.3066"
651,651-MEIER X CASCADURA (VIA ARQUIAS CORDEIRO) - CIRCULAR,Fetranspor,143,17369006,"-22.9048","-43.3063"
651,651-MEIER X CASCADURA (VIA ARQUIAS CORDEIRO) - CIRCULAR,Fetranspor,144,17369006,"-22.9048","-43.3063"
651,651-MEIER X CASCADURA (VIA ARQUIAS CORDEIRO) - CIRCULAR,Fetranspor,145,17369006,"-22.9048","-43.3061"
651,651-MEIER X CASCADURA (VIA ARQUIAS CORDEIRO) - CIRCULAR,Fetranspor,146,17369006,"-22.9047","-43.3059"
651,651-MEIER X CASCADURA (VIA ARQUIAS CORDEIRO) - CIRCULAR,Fetranspor,147,17369006,"-22.9047","-43.3059"
651,651-MEIER X CASCADURA (VIA ARQUIAS CORDEIRO) - CIRCULAR,Fetranspor,148,17369006,"-22.9044","-43.3051"
651,651-MEIER X CASCADURA (VIA ARQUIAS CORDEIRO) - CIRCULAR,Fetranspor,149,17369006,"-22.9044","-43.3051"
651,651-MEIER X CASCADURA (VIA ARQUIAS CORDEIRO) - CIRCULAR,Fetranspor,150,17369006,"-22.9044","-43.3049"
651,651-MEIER X CASCADURA (VIA ARQUIAS CORDEIRO) - CIRCULAR,Fetranspor,151,17369006,"-22.9044","-43.3049"
651,651-MEIER X CASCADURA (VIA ARQUIAS CORDEIRO) - CIRCULAR,Fetranspor,152,17369006,"-22.9045","-43.3047"
651,651-MEIER X CASCADURA (VIA ARQUIAS CORDEIRO) - CIRCULAR,Fetranspor,153,17369006,"-22.9045","-43.3046"
651,651-MEIER X CASCADURA (VIA ARQUIAS CORDEIRO) - CIRCULAR,Fetranspor,154,17369006,"-22.9046","-43.3044"
651,651-MEIER X CASCADURA (VIA ARQUIAS CORDEIRO) - CIRCULAR,Fetranspor,155,17369006,"-22.9046","-43.3044"
651,651-MEIER X CASCADURA (VIA ARQUIAS CORDEIRO) - CIRCULAR,Fetranspor,156,17369006,"-22.9046","-43.3044"
651,651-MEIER X CASCADURA (VIA ARQUIAS CORDEIRO) - CIRCULAR,Fetranspor,157,17369006,"-22.9047","-43.3043"
651,651-MEIER X CASCADURA (VIA ARQUIAS CORDEIRO) - CIRCULAR,Fetranspor,158,17369006,"-22.9047","-43.3042"
651,651-MEIER X CASCADURA (VIA ARQUIAS CORDEIRO) - CIRCULAR,Fetranspor,159,17369006,"-22.9047","-43.3039"
651,651-MEIER X CASCADURA (VIA ARQUIAS CORDEIRO) - CIRCULAR,Fetranspor,160,17369006,"-22.9047","-43.3038"
651,651-MEIER X CASCADURA (VIA ARQUIAS CORDEIRO) - CIRCULAR,Fetranspor,161,17369006,"-22.9047","-43.3036"
651,651-MEIER X CASCADURA (VIA ARQUIAS CORDEIRO) - CIRCULAR,Fetranspor,162,17369006,"-22.9047","-43.3034"
651,651-MEIER X CASCADURA (VIA ARQUIAS CORDEIRO) - CIRCULAR,Fetranspor,163,17369006,"-22.9047","-43.3034"
651,651-MEIER X CASCADURA (VIA ARQUIAS CORDEIRO) - CIRCULAR,Fetranspor,164,17369006,"-22.9046","-43.3027"
651,651-MEIER X CASCADURA (VIA ARQUIAS CORDEIRO) - CIRCULAR,Fetranspor,165,17369006,"-22.9046","-43.302"
651,651-MEIER X CASCADURA (VIA ARQUIAS CORDEIRO) - CIRCULAR,Fetranspor,166,17369006,"-22.9046","-43.302"
651,651-MEIER X CASCADURA (VIA ARQUIAS CORDEIRO) - CIRCULAR,Fetranspor,167,17369006,"-22.9045","-43.3013"
651,651-MEIER X CASCADURA (VIA ARQUIAS CORDEIRO) - CIRCULAR,Fetranspor,168,17369006,"-22.9045","-43.3013"
651,651-MEIER X CASCADURA (VIA ARQUIAS CORDEIRO) - CIRCULAR,Fetranspor,169,17369006,"-22.9045","-43.3004"
651,651-MEIER X CASCADURA (VIA ARQUIAS CORDEIRO) - CIRCULAR,Fetranspor,170,17369006,"-22.9045","-43.3004"
651,651-MEIER X CASCADURA (VIA ARQUIAS CORDEIRO) - CIRCULAR,Fetranspor,171,17369006,"-22.9044","-43.2989"
651,651-MEIER X CASCADURA (VIA ARQUIAS CORDEIRO) - CIRCULAR,Fetranspor,172,17369006,"-22.9044","-43.2989"
651,651-MEIER X CASCADURA (VIA ARQUIAS CORDEIRO) - CIRCULAR,Fetranspor,173,17369006,"-22.9043","-43.2973"
651,651-MEIER X CASCADURA (VIA ARQUIAS CORDEIRO) - CIRCULAR,Fetranspor,174,17369006,"-22.9043","-43.2973"
651,651-MEIER X CASCADURA (VIA ARQUIAS CORDEIRO) - CIRCULAR,Fetranspor,175,17369006,"-22.9043","-43.2965"
651,651-MEIER X CASCADURA (VIA ARQUIAS CORDEIRO) - CIRCULAR,Fetranspor,176,17369006,"-22.9042","-43.2956"
651,651-MEIER X CASCADURA (VIA ARQUIAS CORDEIRO) - CIRCULAR,Fetranspor,177,17369006,"-22.9042","-43.2954"
651,651-MEIER X CASCADURA (VIA ARQUIAS CORDEIRO) - CIRCULAR,Fetranspor,178,17369006,"-22.9042","-43.2954"
651,651-MEIER X CASCADURA (VIA ARQUIAS CORDEIRO) - CIRCULAR,Fetranspor,179,17369006,"-22.9043","-43.2952"
651,651-MEIER X CASCADURA (VIA ARQUIAS CORDEIRO) - CIRCULAR,Fetranspor,180,17369006,"-22.9044","-43.295"
651,651-MEIER X CASCADURA (VIA ARQUIAS CORDEIRO) - CIRCULAR,Fetranspor,181,17369006,"-22.9044","-43.295"
651,651-MEIER X CASCADURA (VIA ARQUIAS CORDEIRO) - CIRCULAR,Fetranspor,182,17369006,"-22.9044","-43.2947"
651,651-MEIER X CASCADURA (VIA ARQUIAS CORDEIRO) - CIRCULAR,Fetranspor,183,17369006,"-22.9044","-43.2947"
651,651-MEIER X CASCADURA (VIA ARQUIAS CORDEIRO) - CIRCULAR,Fetranspor,184,17369006,"-22.9045","-43.2945"
651,651-MEIER X CASCADURA (VIA ARQUIAS CORDEIRO) - CIRCULAR,Fetranspor,185,17369006,"-22.9047","-43.294"
651,651-MEIER X CASCADURA (VIA ARQUIAS CORDEIRO) - CIRCULAR,Fetranspor,186,17369006,"-22.9047","-43.294"
651,651-MEIER X CASCADURA (VIA ARQUIAS CORDEIRO) - CIRCULAR,Fetranspor,187,17369006,"-22.9051","-43.2934"
651,651-MEIER X CASCADURA (VIA ARQUIAS CORDEIRO) - CIRCULAR,Fetranspor,188,17369006,"-22.9051","-43.2934"
651,651-MEIER X CASCADURA (VIA ARQUIAS CORDEIRO) - CIRCULAR,Fetranspor,189,17369006,"-22.9052","-43.2932"
651,651-MEIER X CASCADURA (VIA ARQUIAS CORDEIRO) - CIRCULAR,Fetranspor,190,17369006,"-22.9053","-43.293"
651,651-MEIER X CASCADURA (VIA ARQUIAS CORDEIRO) - CIRCULAR,Fetranspor,191,17369006,"-22.9053","-43.293"
651,651-MEIER X CASCADURA (VIA ARQUIAS CORDEIRO) - CIRCULAR,Fetranspor,192,17369006,"-22.9052","-43.2922"
651,651-MEIER X CASCADURA (VIA ARQUIAS CORDEIRO) - CIRCULAR,Fetranspor,193,17369006,"-22.9052","-43.2922"
651,651-MEIER X CASCADURA (VIA ARQUIAS CORDEIRO) - CIRCULAR,Fetranspor,194,17369006,"-22.9057","-43.2921"
651,651-MEIER X CASCADURA (VIA ARQUIAS CORDEIRO) - CIRCULAR,Fetranspor,195,17369006,"-22.9066","-43.292"
651,651-MEIER X CASCADURA (VIA ARQUIAS CORDEIRO) - CIRCULAR,Fetranspor,196,17369006,"-22.9068","-43.292"
651,651-MEIER X CASCADURA (VIA ARQUIAS CORDEIRO) - CIRCULAR,Fetranspor,197,17369006,"-22.907","-43.2919"
651,651-MEIER X CASCADURA (VIA ARQUIAS CORDEIRO) - CIRCULAR,Fetranspor,198,17369006,"-22.907","-43.2919"
651,651-MEIER X CASCADURA (VIA ARQUIAS CORDEIRO) - CIRCULAR,Fetranspor,199,17369006,"-22.9082","-43.2913"
651,651-MEIER X CASCADURA (VIA ARQUIAS CORDEIRO) - CIRCULAR,Fetranspor,200,17369006,"-22.9082","-43.2913"
651,651-MEIER X CASCADURA (VIA ARQUIAS CORDEIRO) - CIRCULAR,Fetranspor,201,17369006,"-22.9091","-43.2908"
651,651-MEIER X CASCADURA (VIA ARQUIAS CORDEIRO) - CIRCULAR,Fetranspor,202,17369006,"-22.9091","-43.2908"
651,651-MEIER X CASCADURA (VIA ARQUIAS CORDEIRO) - CIRCULAR,Fetranspor,203,17369006,"-22.9096","-43.2906"
651,651-MEIER X CASCADURA (VIA ARQUIAS CORDEIRO) - CIRCULAR,Fetranspor,204,17369006,"-22.9098","-43.2905"
651,651-MEIER X CASCADURA (VIA ARQUIAS CORDEIRO) - CIRCULAR,Fetranspor,205,17369006,"-22.9098","-43.2905"
651,651-MEIER X CASCADURA (VIA ARQUIAS CORDEIRO) - CIRCULAR,Fetranspor,206,17369006,"-22.9098","-43.2904"
651,651-MEIER X CASCADURA (VIA ARQUIAS CORDEIRO) - CIRCULAR,Fetranspor,207,17369006,"-22.9099","-43.2903"
651,651-MEIER X CASCADURA (VIA ARQUIAS CORDEIRO) - CIRCULAR,Fetranspor,208,17369006,"-22.9099","-43.2899"
651,651-MEIER X CASCADURA (VIA ARQUIAS CORDEIRO) - CIRCULAR,Fetranspor,209,17369006,"-22.91","-43.2898"
651,651-MEIER X CASCADURA (VIA ARQUIAS CORDEIRO) - CIRCULAR,Fetranspor,210,17369006,"-22.91","-43.2896"
651,651-MEIER X CASCADURA (VIA ARQUIAS CORDEIRO) - CIRCULAR,Fetranspor,211,17369006,"-22.91","-43.2896"
651,651-MEIER X CASCADURA (VIA ARQUIAS CORDEIRO) - CIRCULAR,Fetranspor,212,17369006,"-22.9101","-43.2894"
651,651-MEIER X CASCADURA (VIA ARQUIAS CORDEIRO) - CIRCULAR,Fetranspor,213,17369006,"-22.9102","-43.2893"
651,651-MEIER X CASCADURA (VIA ARQUIAS CORDEIRO) - CIRCULAR,Fetranspor,214,17369006,"-22.9103","-43.2892"
651,651-MEIER X CASCADURA (VIA ARQUIAS CORDEIRO) - CIRCULAR,Fetranspor,215,17369006,"-22.9105","-43.2891"
651,651-MEIER X CASCADURA (VIA ARQUIAS CORDEIRO) - CIRCULAR,Fetranspor,216,17369006,"-22.9105","-43.2891"
651,651-MEIER X CASCADURA (VIA ARQUIAS CORDEIRO) - CIRCULAR,Fetranspor,217,17369006,"-22.9106","-43.2891"
651,651-MEIER X CASCADURA (VIA ARQUIAS CORDEIRO) - CIRCULAR,Fetranspor,218,17369006,"-22.9107","-43.289"
651,651-MEIER X CASCADURA (VIA ARQUIAS CORDEIRO) - CIRCULAR,Fetranspor,219,17369006,"-22.9107","-43.2889"
651,651-MEIER X CASCADURA (VIA ARQUIAS CORDEIRO) - CIRCULAR,Fetranspor,220,17369006,"-22.9107","-43.2888"
651,651-MEIER X CASCADURA (VIA ARQUIAS CORDEIRO) - CIRCULAR,Fetranspor,221,17369006,"-22.9107","-43.2887"
651,651-MEIER X CASCADURA (VIA ARQUIAS CORDEIRO) - CIRCULAR,Fetranspor,222,17369006,"-22.9107","-43.2887"
651,651-MEIER X CASCADURA (VIA ARQUIAS CORDEIRO) - CIRCULAR,Fetranspor,223,17369006,"-22.9106","-43.2884"
651,651-MEIER X CASCADURA (VIA ARQUIAS CORDEIRO) - CIRCULAR,Fetranspor,224,17369006,"-22.9106","-43.2884"
651,651-MEIER X CASCADURA (VIA ARQUIAS CORDEIRO) - CIRCULAR,Fetranspor,225,17369006,"-22.9105","-43.288"
651,651-MEIER X CASCADURA (VIA ARQUIAS CORDEIRO) - CIRCULAR,Fetranspor,226,17369006,"-22.9104","-43.2879"
651,651-MEIER X CASCADURA (VIA ARQUIAS CORDEIRO) - CIRCULAR,Fetranspor,227,17369006,"-22.9104","-43.2879"
651,651-MEIER X CASCADURA (VIA ARQUIAS CORDEIRO) - CIRCULAR,Fetranspor,228,17369006,"-22.9102","-43.2875"
651,651-MEIER X CASCADURA (VIA ARQUIAS CORDEIRO) - CIRCULAR,Fetranspor,229,17369006,"-22.9102","-43.2875"
651,651-MEIER X CASCADURA (VIA ARQUIAS CORDEIRO) - CIRCULAR,Fetranspor,230,17369006,"-22.9104","-43.2873"
651,651-MEIER X CASCADURA (VIA ARQUIAS CORDEIRO) - CIRCULAR,Fetranspor,231,17369006,"-22.9108","-43.2871"
651,651-MEIER X CASCADURA (VIA ARQUIAS CORDEIRO) - CIRCULAR,Fetranspor,232,17369006,"-22.9108","-43.2871"
651,651-MEIER X CASCADURA (VIA ARQUIAS CORDEIRO) - CIRCULAR,Fetranspor,233,17369006,"-22.911","-43.287"
651,651-MEIER X CASCADURA (VIA ARQUIAS CORDEIRO) - CIRCULAR,Fetranspor,234,17369006,"-22.911","-43.287"
651,651-MEIER X CASCADURA (VIA ARQUIAS CORDEIRO) - CIRCULAR,Fetranspor,235,17369006,"-22.9116","-43.2867"
651,651-MEIER X CASCADURA (VIA ARQUIAS CORDEIRO) - CIRCULAR,Fetranspor,236,17369006,"-22.9116","-43.2867"
651,651-MEIER X CASCADURA (VIA ARQUIAS CORDEIRO) - CIRCULAR,Fetranspor,237,17369006,"-22.9119","-43.2865"
651,651-MEIER X CASCADURA (VIA ARQUIAS CORDEIRO) - CIRCULAR,Fetranspor,238,17369006,"-22.9119","-43.2865"
651,651-MEIER X CASCADURA (VIA ARQUIAS CORDEIRO) - CIRCULAR,Fetranspor,239,17369006,"-22.9113","-43.2855"
651,651-MEIER X CASCADURA (VIA ARQUIAS CORDEIRO) - CIRCULAR,Fetranspor,240,17369006,"-22.9113","-43.2855"
651,651-MEIER X CASCADURA (VIA ARQUIAS CORDEIRO) - CIRCULAR,Fetranspor,241,17369006,"-22.9115","-43.2853"
651,651-MEIER X CASCADURA (VIA ARQUIAS CORDEIRO) - CIRCULAR,Fetranspor,242,17369006,"-22.9115","-43.2853"
651,651-MEIER X CASCADURA (VIA ARQUIAS CORDEIRO) - CIRCULAR,Fetranspor,243,17369006,"-22.9118","-43.2851"
651,651-MEIER X CASCADURA (VIA ARQUIAS CORDEIRO) - CIRCULAR,Fetranspor,244,17369006,"-22.9118","-43.2851"
651,651-MEIER X CASCADURA (VIA ARQUIAS CORDEIRO) - CIRCULAR,Fetranspor,245,17369006,"-22.9122","-43.2849"
651,651-MEIER X CASCADURA (VIA ARQUIAS CORDEIRO) - CIRCULAR,Fetranspor,246,17369006,"-22.9122","-43.2849"
651,651-MEIER X CASCADURA (VIA ARQUIAS CORDEIRO) - CIRCULAR,Fetranspor,247,17369006,"-22.9128","-43.2845"
651,651-MEIER X CASCADURA (VIA ARQUIAS CORDEIRO) - CIRCULAR,Fetranspor,248,17369006,"-22.9129","-43.2845"
651,651-MEIER X CASCADURA (VIA ARQUIAS CORDEIRO) - CIRCULAR,Fetranspor,249,17369006,"-22.9129","-43.2845"
651,651-MEIER X CASCADURA (VIA ARQUIAS CORDEIRO) - CIRCULAR,Fetranspor,250,17369006,"-22.9128","-43.2836"
651,651-MEIER X CASCADURA (VIA ARQUIAS CORDEIRO) - CIRCULAR,Fetranspor,251,17369006,"-22.9128","-43.2836"
651,651-MEIER X CASCADURA (VIA ARQUIAS CORDEIRO) - CIRCULAR,Fetranspor,252,17369006,"-22.9126","-43.2825"
651,651-MEIER X CASCADURA (VIA ARQUIAS CORDEIRO) - CIRCULAR,Fetranspor,253,17369006,"-22.9126","-43.2825"
651,651-MEIER X CASCADURA (VIA ARQUIAS CORDEIRO) - CIRCULAR,Fetranspor,254,17369006,"-22.9116","-43.2827"
651,651-MEIER X CASCADURA (VIA ARQUIAS CORDEIRO) - CIRCULAR,Fetranspor,255,17369006,"-22.9116","-43.2827"
651,651-MEIER X CASCADURA (VIA ARQUIAS CORDEIRO) - CIRCULAR,Fetranspor,256,17369006,"-22.9112","-43.2827"
651,651-MEIER X CASCADURA (VIA ARQUIAS CORDEIRO) - CIRCULAR,Fetranspor,257,17369006,"-22.9112","-43.2827"
651,651-MEIER X CASCADURA (VIA ARQUIAS CORDEIRO) - CIRCULAR,Fetranspor,258,17369006,"-22.9106","-43.2828"
651,651-MEIER X CASCADURA (VIA ARQUIAS CORDEIRO) - CIRCULAR,Fetranspor,259,17369006,"-22.9098","-43.283"
651,651-MEIER X CASCADURA (VIA ARQUIAS CORDEIRO) - CIRCULAR,Fetranspor,260,17369006,"-22.9098","-43.283"
651,651-MEIER X CASCADURA (VIA ARQUIAS CORDEIRO) - CIRCULAR,Fetranspor,261,17369006,"-22.9097","-43.2827"
651,651-MEIER X CASCADURA (VIA ARQUIAS CORDEIRO) - CIRCULAR,Fetranspor,262,17369006,"-22.9097","-43.2827"
651,651-MEIER X CASCADURA (VIA ARQUIAS CORDEIRO) - CIRCULAR,Fetranspor,263,17369006,"-22.909","-43.2831"
651,651-MEIER X CASCADURA (VIA ARQUIAS CORDEIRO) - CIRCULAR,Fetranspor,264,17369006,"-22.909","-43.2831"
651,651-MEIER X CASCADURA (VIA ARQUIAS CORDEIRO) - CIRCULAR,Fetranspor,265,17369006,"-22.9081","-43.2837"
651,651-MEIER X CASCADURA (VIA ARQUIAS CORDEIRO) - CIRCULAR,Fetranspor,266,17369006,"-22.9081","-43.2837"
651,651-MEIER X CASCADURA (VIA ARQUIAS CORDEIRO) - CIRCULAR,Fetranspor,267,17369006,"-22.9077","-43.284"
651,651-MEIER X CASCADURA (VIA ARQUIAS CORDEIRO) - CIRCULAR,Fetranspor,268,17369006,"-22.9077","-43.284"
651,651-MEIER X CASCADURA (VIA ARQUIAS CORDEIRO) - CIRCULAR,Fetranspor,269,17369006,"-22.9077","-43.284"
651,651-MEIER X CASCADURA (VIA ARQUIAS CORDEIRO) - CIRCULAR,Fetranspor,270,17369006,"-22.907","-43.2848"
651,651-MEIER X CASCADURA (VIA ARQUIAS CORDEIRO) - CIRCULAR,Fetranspor,271,17369006,"-22.907","-43.2848"
651,651-MEIER X CASCADURA (VIA ARQUIAS CORDEIRO) - CIRCULAR,Fetranspor,272,17369006,"-22.9066","-43.2853"
651,651-MEIER X CASCADURA (VIA ARQUIAS CORDEIRO) - CIRCULAR,Fetranspor,273,17369006,"-22.9066","-43.2853"
651,651-MEIER X CASCADURA (VIA ARQUIAS CORDEIRO) - CIRCULAR,Fetranspor,274,17369006,"-22.9063","-43.2856"
651,651-MEIER X CASCADURA (VIA ARQUIAS CORDEIRO) - CIRCULAR,Fetranspor,275,17369006,"-22.9058","-43.2863"
651,651-MEIER X CASCADURA (VIA ARQUIAS CORDEIRO) - CIRCULAR,Fetranspor,276,17369006,"-22.9058","-43.2863"
651,651-MEIER X CASCADURA (VIA ARQUIAS CORDEIRO) - CIRCULAR,Fetranspor,277,17369006,"-22.9057","-43.2864"
651,651-MEIER X CASCADURA (VIA ARQUIAS CORDEIRO) - CIRCULAR,Fetranspor,278,17369006,"-22.9056","-43.2864"
651,651-MEIER X CASCADURA (VIA ARQUIAS CORDEIRO) - CIRCULAR,Fetranspor,279,17369006,"-22.9043","-43.2867"
651,651-MEIER X CASCADURA (VIA ARQUIAS CORDEIRO) - CIRCULAR,Fetranspor,280,17369006,"-22.9043","-43.2867"
651,651-MEIER X CASCADURA (VIA ARQUIAS CORDEIRO) - CIRCULAR,Fetranspor,281,17369006,"-22.9043","-43.2867"
651,651-MEIER X CASCADURA (VIA ARQUIAS CORDEIRO) - CIRCULAR,Fetranspor,282,17369006,"-22.9043","-43.2866"
651,651-MEIER X CASCADURA (VIA ARQUIAS CORDEIRO) - CIRCULAR,Fetranspor,283,17369006,"-22.9043","-43.2865"
651,651-MEIER X CASCADURA (VIA ARQUIAS CORDEIRO) - CIRCULAR,Fetranspor,284,17369006,"-22.9043","-43.2865"
651,651-MEIER X CASCADURA (VIA ARQUIAS CORDEIRO) - CIRCULAR,Fetranspor,285,17369006,"-22.9043","-43.286"
651,651-MEIER X CASCADURA (VIA ARQUIAS CORDEIRO) - CIRCULAR,Fetranspor,286,17369006,"-22.9042","-43.2858"
651,651-MEIER X CASCADURA (VIA ARQUIAS CORDEIRO) - CIRCULAR,Fetranspor,287,17369006,"-22.9042","-43.2858"
651,651-MEIER X CASCADURA (VIA ARQUIAS CORDEIRO) - CIRCULAR,Fetranspor,288,17369006,"-22.9042","-43.2856"
651,651-MEIER X CASCADURA (VIA ARQUIAS CORDEIRO) - CIRCULAR,Fetranspor,289,17369006,"-22.9041","-43.2853"
651,651-MEIER X CASCADURA (VIA ARQUIAS CORDEIRO) - CIRCULAR,Fetranspor,290,17369006,"-22.904","-43.2851"
651,651-MEIER X CASCADURA (VIA ARQUIAS CORDEIRO) - CIRCULAR,Fetranspor,291,17369006,"-22.904","-43.2851"
651,651-MEIER X CASCADURA (VIA ARQUIAS CORDEIRO) - CIRCULAR,Fetranspor,292,17369006,"-22.904","-43.2851"
651,651-MEIER X CASCADURA (VIA ARQUIAS CORDEIRO) - CIRCULAR,Fetranspor,293,17369006,"-22.904","-43.285"
651,651-MEIER X CASCADURA (VIA ARQUIAS CORDEIRO) - CIRCULAR,Fetranspor,294,17369006,"-22.9037","-43.2845"
651,651-MEIER X CASCADURA (VIA ARQUIAS CORDEIRO) - CIRCULAR,Fetranspor,295,17369006,"-22.9037","-43.2844"
651,651-MEIER X CASCADURA (VIA ARQUIAS CORDEIRO) - CIRCULAR,Fetranspor,296,17369006,"-22.9037","-43.2844"
651,651-MEIER X CASCADURA (VIA ARQUIAS CORDEIRO) - CIRCULAR,Fetranspor,297,17369006,"-22.9034","-43.2832"
651,651-MEIER X CASCADURA (VIA ARQUIAS CORDEIRO) - CIRCULAR,Fetranspor,298,17369006,"-22.9033","-43.2831"
651,651-MEIER X CASCADURA (VIA ARQUIAS CORDEIRO) - CIRCULAR,Fetranspor,299,17369006,"-22.9033","-43.2831"
651,651-MEIER X CASCADURA (VIA ARQUIAS CORDEIRO) - CIRCULAR,Fetranspor,300,17369006,"-22.9031","-43.2826"
651,651-MEIER X CASCADURA (VIA ARQUIAS CORDEIRO) - CIRCULAR,Fetranspor,301,17369006,"-22.9028","-43.2819"
651,651-MEIER X CASCADURA (VIA ARQUIAS CORDEIRO) - CIRCULAR,Fetranspor,302,17369006,"-22.9028","-43.2819"
651,651-MEIER X CASCADURA (VIA ARQUIAS CORDEIRO) - CIRCULAR,Fetranspor,303,17369006,"-22.9028","-43.2819"
651,651-MEIER X CASCADURA (VIA ARQUIAS CORDEIRO) - CIRCULAR,Fetranspor,304,17369006,"-22.9027","-43.2817"
651,651-MEIER X CASCADURA (VIA ARQUIAS CORDEIRO) - CIRCULAR,Fetranspor,305,17369006,"-22.9021","-43.2806"
651,651-MEIER X CASCADURA (VIA ARQUIAS CORDEIRO) - CIRCULAR,Fetranspor,306,17369006,"-22.9021","-43.2804"
651,651-MEIER X CASCADURA (VIA ARQUIAS CORDEIRO) - CIRCULAR,Fetranspor,307,17369006,"-22.9021","-43.2804"
651,651-MEIER X CASCADURA (VIA ARQUIAS CORDEIRO) - CIRCULAR,Fetranspor,308,17369006,"-22.9021","-43.2803"
651,651-MEIER X CASCADURA (VIA ARQUIAS CORDEIRO) - CIRCULAR,Fetranspor,309,17369006,"-22.9021","-43.2803"
651,651-MEIER X CASCADURA (VIA ARQUIAS CORDEIRO) - CIRCULAR,Fetranspor,310,17369006,"-22.9024","-43.2802"
651,651-MEIER X CASCADURA (VIA ARQUIAS CORDEIRO) - CIRCULAR,Fetranspor,311,17369006,"-22.9024","-43.2802"
651,651-MEIER X CASCADURA (VIA ARQUIAS CORDEIRO) - CIRCULAR,Fetranspor,312,17369006,"-22.9029","-43.2797"
651,651-MEIER X CASCADURA (VIA ARQUIAS CORDEIRO) - CIRCULAR,Fetranspor,313,17369006,"-22.9029","-43.2797"
651,651-MEIER X CASCADURA (VIA ARQUIAS CORDEIRO) - CIRCULAR,Fetranspor,314,17369006,"-22.9034","-43.2791"
651,651-MEIER X CASCADURA (VIA ARQUIAS CORDEIRO) - CIRCULAR,Fetranspor,315,17369006,"-22.9034","-43.2791"
651,651-MEIER X CASCADURA (VIA ARQUIAS CORDEIRO) - CIRCULAR,Fetranspor,316,17369006,"-22.9023","-43.2777"
651,651-MEIER X CASCADURA (VIA ARQUIAS CORDEIRO) - CIRCULAR,Fetranspor,317,17369006,"-22.9023","-43.2777"
651,651-MEIER X CASCADURA (VIA ARQUIAS CORDEIRO) - CIRCULAR,Fetranspor,318,17369006,"-22.9021","-43.2778"
651,651-MEIER X CASCADURA (VIA ARQUIAS CORDEIRO) - CIRCULAR,Fetranspor,319,17369006,"-22.9021","-43.2778"
651,651-MEIER X CASCADURA (VIA ARQUIAS CORDEIRO) - CIRCULAR,Fetranspor,320,17369006,"-22.902","-43.278"
651,651-MEIER X CASCADURA (VIA ARQUIAS CORDEIRO) - CIRCULAR,Fetranspor,321,17369006,"-22.9012","-43.2788"
651,651-MEIER X CASCADURA (VIA ARQUIAS CORDEIRO) - CIRCULAR,Fetranspor,322,17369006,"-22.901","-43.2789"
651,651-MEIER X CASCADURA (VIA ARQUIAS CORDEIRO) - CIRCULAR,Fetranspor,323,17369006,"-22.901","-43.2789"
651,651-MEIER X CASCADURA (VIA ARQUIAS CORDEIRO) - CIRCULAR,Fetranspor,324,17369006,"-22.9006","-43.2794"
651,651-MEIER X CASCADURA (VIA ARQUIAS CORDEIRO) - CIRCULAR,Fetranspor,325,17369006,"-22.9006","-43.2794"
651,651-MEIER X CASCADURA (VIA ARQUIAS CORDEIRO) - CIRCULAR,Fetranspor,326,17369006,"-22.9004","-43.2795"
651,651-MEIER X CASCADURA (VIA ARQUIAS CORDEIRO) - CIRCULAR,Fetranspor,327,17369006,"-22.9003","-43.2797"
651,651-MEIER X CASCADURA (VIA ARQUIAS CORDEIRO) - CIRCULAR,Fetranspor,328,17369006,"-22.9003","-43.2797"
651,651-MEIER X CASCADURA (VIA ARQUIAS CORDEIRO) - CIRCULAR,Fetranspor,329,17369006,"-22.9003","-43.2797"
651,651-MEIER X CASCADURA (VIA ARQUIAS CORDEIRO) - CIRCULAR,Fetranspor,330,17369006,"-22.8995","-43.2805"
651,651-MEIER X CASCADURA (VIA ARQUIAS CORDEIRO) - CIRCULAR,Fetranspor,331,17369006,"-22.8992","-43.2809"
651,651-MEIER X CASCADURA (VIA ARQUIAS CORDEIRO) - CIRCULAR,Fetranspor,0,17588839,"-22.8998","-43.2806"
651,651-MEIER X CASCADURA (VIA ARQUIAS CORDEIRO) - CIRCULAR,Fetranspor,1,17588839,"-22.8997","-43.2807"
651,651-MEIER X CASCADURA (VIA ARQUIAS CORDEIRO) - CIRCULAR,Fetranspor,2,17588839,"-22.8997","-43.2807"
651,651-MEIER X CASCADURA (VIA ARQUIAS CORDEIRO) - CIRCULAR,Fetranspor,3,17588839,"-22.8997","-43.2808"
651,651-MEIER X CASCADURA (VIA ARQUIAS CORDEIRO) - CIRCULAR,Fetranspor,4,17588839,"-22.8997","-43.2809"
651,651-MEIER X CASCADURA (VIA ARQUIAS CORDEIRO) - CIRCULAR,Fetranspor,5,17588839,"-22.8997","-43.281"
651,651-MEIER X CASCADURA (VIA ARQUIAS CORDEIRO) - CIRCULAR,Fetranspor,6,17588839,"-22.8998","-43.2811"
651,651-MEIER X CASCADURA (VIA ARQUIAS CORDEIRO) - CIRCULAR,Fetranspor,7,17588839,"-22.8999","-43.2813"
651,651-MEIER X CASCADURA (VIA ARQUIAS CORDEIRO) - CIRCULAR,Fetranspor,8,17588839,"-22.8999","-43.2813"
651,651-MEIER X CASCADURA (VIA ARQUIAS CORDEIRO) - CIRCULAR,Fetranspor,9,17588839,"-22.9","-43.2814"
651,651-MEIER X CASCADURA (VIA ARQUIAS CORDEIRO) - CIRCULAR,Fetranspor,10,17588839,"-22.9005","-43.2819"
651,651-MEIER X CASCADURA (VIA ARQUIAS CORDEIRO) - CIRCULAR,Fetranspor,11,17588839,"-22.9005","-43.2819"
651,651-MEIER X CASCADURA (VIA ARQUIAS CORDEIRO) - CIRCULAR,Fetranspor,12,17588839,"-22.901","-43.2814"
651,651-MEIER X CASCADURA (VIA ARQUIAS CORDEIRO) - CIRCULAR,Fetranspor,13,17588839,"-22.901","-43.2814"
651,651-MEIER X CASCADURA (VIA ARQUIAS CORDEIRO) - CIRCULAR,Fetranspor,14,17588839,"-22.9014","-43.281"
651,651-MEIER X CASCADURA (VIA ARQUIAS CORDEIRO) - CIRCULAR,Fetranspor,15,17588839,"-22.9014","-43.281"
651,651-MEIER X CASCADURA (VIA ARQUIAS CORDEIRO) - CIRCULAR,Fetranspor,16,17588839,"-22.9019","-43.2804"
651,651-MEIER X CASCADURA (VIA ARQUIAS CORDEIRO) - CIRCULAR,Fetranspor,17,17588839,"-22.902","-43.2803"
651,651-MEIER X CASCADURA (VIA ARQUIAS CORDEIRO) - CIRCULAR,Fetranspor,18,17588839,"-22.902","-43.2803"
651,651-MEIER X CASCADURA (VIA ARQUIAS CORDEIRO) - CIRCULAR,Fetranspor,19,17588839,"-22.9021","-43.2803"
651,651-MEIER X CASCADURA (VIA ARQUIAS CORDEIRO) - CIRCULAR,Fetranspor,20,17588839,"-22.9021","-43.2803"
651,651-MEIER X CASCADURA (VIA ARQUIAS CORDEIRO) - CIRCULAR,Fetranspor,21,17588839,"-22.9024","-43.2802"
651,651-MEIER X CASCADURA (VIA ARQUIAS CORDEIRO) - CIRCULAR,Fetranspor,22,17588839,"-22.9024","-43.2802"
651,651-MEIER X CASCADURA (VIA ARQUIAS CORDEIRO) - CIRCULAR,Fetranspor,23,17588839,"-22.9029","-43.2797"
651,651-MEIER X CASCADURA (VIA ARQUIAS CORDEIRO) - CIRCULAR,Fetranspor,24,17588839,"-22.9029","-43.2797"
651,651-MEIER X CASCADURA (VIA ARQUIAS CORDEIRO) - CIRCULAR,Fetranspor,25,17588839,"-22.9034","-43.2791"
651,651-MEIER X CASCADURA (VIA ARQUIAS CORDEIRO) - CIRCULAR,Fetranspor,26,17588839,"-22.9034","-43.2791"
651,651-MEIER X CASCADURA (VIA ARQUIAS CORDEIRO) - CIRCULAR,Fetranspor,27,17588839,"-22.9023","-43.2777"
651,651-MEIER X CASCADURA (VIA ARQUIAS CORDEIRO) - CIRCULAR,Fetranspor,28,17588839,"-22.9023","-43.2777"
651,651-MEIER X CASCADURA (VIA ARQUIAS CORDEIRO) - CIRCULAR,Fetranspor,29,17588839,"-22.9021","-43.2778"
651,651-MEIER X CASCADURA (VIA ARQUIAS CORDEIRO) - CIRCULAR,Fetranspor,30,17588839,"-22.9021","-43.2778"
651,651-MEIER X CASCADURA (VIA ARQUIAS CORDEIRO) - CIRCULAR,Fetranspor,31,17588839,"-22.902","-43.278"
651,651-MEIER X CASCADURA (VIA ARQUIAS CORDEIRO) - CIRCULAR,Fetranspor,32,17588839,"-22.9012","-43.2788"
651,651-MEIER X CASCADURA (VIA ARQUIAS CORDEIRO) - CIRCULAR,Fetranspor,33,17588839,"-22.901","-43.2789"
651,651-MEIER X CASCADURA (VIA ARQUIAS CORDEIRO) - CIRCULAR,Fetranspor,34,17588839,"-22.901","-43.2789"
651,651-MEIER X CASCADURA (VIA ARQUIAS CORDEIRO) - CIRCULAR,Fetranspor,35,17588839,"-22.9006","-43.2794"
651,651-MEIER X CASCADURA (VIA ARQUIAS CORDEIRO) - CIRCULAR,Fetranspor,36,17588839,"-22.9006","-43.2794"
651,651-MEIER X CASCADURA (VIA ARQUIAS CORDEIRO) - CIRCULAR,Fetranspor,37,17588839,"-22.9004","-43.2795"
651,651-MEIER X CASCADURA (VIA ARQUIAS CORDEIRO) - CIRCULAR,Fetranspor,38,17588839,"-22.9003","-43.2797"
651,651-MEIER X CASCADURA (VIA ARQUIAS CORDEIRO) - CIRCULAR,Fetranspor,39,17588839,"-22.9003","-43.2797"
651,651-MEIER X CASCADURA (VIA ARQUIAS CORDEIRO) - CIRCULAR,Fetranspor,40,17588839,"-22.9003","-43.2797"
651,651-MEIER X CASCADURA (VIA ARQUIAS CORDEIRO) - CIRCULAR,Fetranspor,41,17588839,"-22.8995","-43.2805"
651,651-MEIER X CASCADURA (VIA ARQUIAS CORDEIRO) - CIRCULAR,Fetranspor,42,17588839,"-22.8992","-43.2809"
651,651-MEIER X CASCADURA (VIA ARQUIAS CORDEIRO) - CIRCULAR,Fetranspor,43,17588839,"-22.8992","-43.2809"
651,651-MEIER X CASCADURA (VIA ARQUIAS CORDEIRO) - CIRCULAR,Fetranspor,44,17588839,"-22.8986","-43.2816"
651,651-MEIER X CASCADURA (VIA ARQUIAS CORDEIRO) - CIRCULAR,Fetranspor,45,17588839,"-22.8983","-43.2819"
651,651-MEIER X CASCADURA (VIA ARQUIAS CORDEIRO) - CIRCULAR,Fetranspor,46,17588839,"-22.8982","-43.2822"
651,651-MEIER X CASCADURA (VIA ARQUIAS CORDEIRO) - CIRCULAR,Fetranspor,47,17588839,"-22.8979","-43.2828"
651,651-MEIER X CASCADURA (VIA ARQUIAS CORDEIRO) - CIRCULAR,Fetranspor,48,17588839,"-22.8978","-43.2832"
651,651-MEIER X CASCADURA (VIA ARQUIAS CORDEIRO) - CIRCULAR,Fetranspor,49,17588839,"-22.8977","-43.2836"
651,651-MEIER X CASCADURA (VIA ARQUIAS CORDEIRO) - CIRCULAR,Fetranspor,50,17588839,"-22.8977","-43.2836"
651,651-MEIER X CASCADURA (VIA ARQUIAS CORDEIRO) - CIRCULAR,Fetranspor,51,17588839,"-22.8976","-43.2838"
651,651-MEIER X CASCADURA (VIA ARQUIAS CORDEIRO) - CIRCULAR,Fetranspor,52,17588839,"-22.8976","-43.284"
651,651-MEIER X CASCADURA (VIA ARQUIAS CORDEIRO) - CIRCULAR,Fetranspor,53,17588839,"-22.8973","-43.2856"
651,651-MEIER X CASCADURA (VIA ARQUIAS CORDEIRO) - CIRCULAR,Fetranspor,54,17588839,"-22.8973","-43.2856"
651,651-MEIER X CASCADURA (VIA ARQUIAS CORDEIRO) - CIRCULAR,Fetranspor,55,17588839,"-22.8973","-43.2857"
651,651-MEIER X CASCADURA (VIA ARQUIAS CORDEIRO) - CIRCULAR,Fetranspor,56,17588839,"-22.8973","-43.2857"
651,651-MEIER X CASCADURA (VIA ARQUIAS CORDEIRO) - CIRCULAR,Fetranspor,57,17588839,"-22.897","-43.2856"
651,651-MEIER X CASCADURA (VIA ARQUIAS CORDEIRO) - CIRCULAR,Fetranspor,58,17588839,"-22.897","-43.2856"
651,651-MEIER X CASCADURA (VIA ARQUIAS CORDEIRO) - CIRCULAR,Fetranspor,59,17588839,"-22.8968","-43.2856"
651,651-MEIER X CASCADURA (VIA ARQUIAS CORDEIRO) - CIRCULAR,Fetranspor,60,17588839,"-22.8967","-43.2856"
651,651-MEIER X CASCADURA (VIA ARQUIAS CORDEIRO) - CIRCULAR,Fetranspor,61,17588839,"-22.8967","-43.2857"
651,651-MEIER X CASCADURA (VIA ARQUIAS CORDEIRO) - CIRCULAR,Fetranspor,62,17588839,"-22.8966","-43.2857"
651,651-MEIER X CASCADURA (VIA ARQUIAS CORDEIRO) - CIRCULAR,Fetranspor,63,17588839,"-22.8966","-43.2858"
651,651-MEIER X CASCADURA (VIA ARQUIAS CORDEIRO) - CIRCULAR,Fetranspor,64,17588839,"-22.8967","-43.2865"
651,651-MEIER X CASCADURA (VIA ARQUIAS CORDEIRO) - CIRCULAR,Fetranspor,65,17588839,"-22.8967","-43.2867"
651,651-MEIER X CASCADURA (VIA ARQUIAS CORDEIRO) - CIRCULAR,Fetranspor,66,17588839,"-22.8967","-43.2867"
651,651-MEIER X CASCADURA (VIA ARQUIAS CORDEIRO) - CIRCULAR,Fetranspor,67,17588839,"-22.8963","-43.2868"
651,651-MEIER X CASCADURA (VIA ARQUIAS CORDEIRO) - CIRCULAR,Fetranspor,68,17588839,"-22.8956","-43.287"
651,651-MEIER X CASCADURA (VIA ARQUIAS CORDEIRO) - CIRCULAR,Fetranspor,69,17588839,"-22.8953","-43.287"
651,651-MEIER X CASCADURA (VIA ARQUIAS CORDEIRO) - CIRCULAR,Fetranspor,70,17588839,"-22.8949","-43.2871"
651,651-MEIER X CASCADURA (VIA ARQUIAS CORDEIRO) - CIRCULAR,Fetranspor,71,17588839,"-22.8949","-43.2871"
651,651-MEIER X CASCADURA (VIA ARQUIAS CORDEIRO) - CIRCULAR,Fetranspor,72,17588839,"-22.8943","-43.2873"
651,651-MEIER X CASCADURA (VIA ARQUIAS CORDEIRO) - CIRCULAR,Fetranspor,73,17588839,"-22.8941","-43.2873"
651,651-MEIER X CASCADURA (VIA ARQUIAS CORDEIRO) - CIRCULAR,Fetranspor,74,17588839,"-22.8941","-43.2873"
651,651-MEIER X CASCADURA (VIA ARQUIAS CORDEIRO) - CIRCULAR,Fetranspor,75,17588839,"-22.8939","-43.2874"
651,651-MEIER X CASCADURA (VIA ARQUIAS CORDEIRO) - CIRCULAR,Fetranspor,76,17588839,"-22.8939","-43.2874"
651,651-MEIER X CASCADURA (VIA ARQUIAS CORDEIRO) - CIRCULAR,Fetranspor,77,17588839,"-22.8938","-43.2874"
651,651-MEIER X CASCADURA (VIA ARQUIAS CORDEIRO) - CIRCULAR,Fetranspor,78,17588839,"-22.893","-43.2875"
651,651-MEIER X CASCADURA (VIA ARQUIAS CORDEIRO) - CIRCULAR,Fetranspor,79,17588839,"-22.8926","-43.2876"
651,651-MEIER X CASCADURA (VIA ARQUIAS CORDEIRO) - CIRCULAR,Fetranspor,80,17588839,"-22.8926","-43.2876"
651,651-MEIER X CASCADURA (VIA ARQUIAS CORDEIRO) - CIRCULAR,Fetranspor,81,17588839,"-22.8925","-43.2876"
651,651-MEIER X CASCADURA (VIA ARQUIAS CORDEIRO) - CIRCULAR,Fetranspor,82,17588839,"-22.8925","-43.2876"
651,651-MEIER X CASCADURA (VIA ARQUIAS CORDEIRO) - CIRCULAR,Fetranspor,83,17588839,"-22.892","-43.2877"
651,651-MEIER X CASCADURA (VIA ARQUIAS CORDEIRO) - CIRCULAR,Fetranspor,84,17588839,"-22.8917","-43.2877"
651,651-MEIER X CASCADURA (VIA ARQUIAS CORDEIRO) - CIRCULAR,Fetranspor,85,17588839,"-22.8917","-43.2877"
651,651-MEIER X CASCADURA (VIA ARQUIAS CORDEIRO) - CIRCULAR,Fetranspor,86,17588839,"-22.8917","-43.2877"
651,651-MEIER X CASCADURA (VIA ARQUIAS CORDEIRO) - CIRCULAR,Fetranspor,87,17588839,"-22.8914","-43.2877"
651,651-MEIER X CASCADURA (VIA ARQUIAS CORDEIRO) - CIRCULAR,Fetranspor,88,17588839,"-22.8914","-43.2877"
651,651-MEIER X CASCADURA (VIA ARQUIAS CORDEIRO) - CIRCULAR,Fetranspor,89,17588839,"-22.8912","-43.2876"
651,651-MEIER X CASCADURA (VIA ARQUIAS CORDEIRO) - CIRCULAR,Fetranspor,90,17588839,"-22.891","-43.2876"
651,651-MEIER X CASCADURA (VIA ARQUIAS CORDEIRO) - CIRCULAR,Fetranspor,91,17588839,"-22.8908","-43.2876"
651,651-MEIER X CASCADURA (VIA ARQUIAS CORDEIRO) - CIRCULAR,Fetranspor,92,17588839,"-22.8904","-43.2877"
651,651-MEIER X CASCADURA (VIA ARQUIAS CORDEIRO) - CIRCULAR,Fetranspor,93,17588839,"-22.8902","-43.2877"
651,651-MEIER X CASCADURA (VIA ARQUIAS CORDEIRO) - CIRCULAR,Fetranspor,94,17588839,"-22.89","-43.2877"
651,651-MEIER X CASCADURA (VIA ARQUIAS CORDEIRO) - CIRCULAR,Fetranspor,95,17588839,"-22.89","-43.2877"
651,651-MEIER X CASCADURA (VIA ARQUIAS CORDEIRO) - CIRCULAR,Fetranspor,96,17588839,"-22.8897","-43.2877"
651,651-MEIER X CASCADURA (VIA ARQUIAS CORDEIRO) - CIRCULAR,Fetranspor,97,17588839,"-22.8895","-43.2877"
651,651-MEIER X CASCADURA (VIA ARQUIAS CORDEIRO) - CIRCULAR,Fetranspor,98,17588839,"-22.8894","-43.2877"
651,651-MEIER X CASCADURA (VIA ARQUIAS CORDEIRO) - CIRCULAR,Fetranspor,99,17588839,"-22.8892","-43.2879"
651,651-MEIER X CASCADURA (VIA ARQUIAS CORDEIRO) - CIRCULAR,Fetranspor,100,17588839,"-22.889","-43.288"
651,651-MEIER X CASCADURA (VIA ARQUIAS CORDEIRO) - CIRCULAR,Fetranspor,101,17588839,"-22.889","-43.288"
651,651-MEIER X CASCADURA (VIA ARQUIAS CORDEIRO) - CIRCULAR,Fetranspor,102,17588839,"-22.889","-43.288"
651,651-MEIER X CASCADURA (VIA ARQUIAS CORDEIRO) - CIRCULAR,Fetranspor,103,17588839,"-22.8889","-43.288"
651,651-MEIER X CASCADURA (VIA ARQUIAS CORDEIRO) - CIRCULAR,Fetranspor,104,17588839,"-22.8888","-43.288"
651,651-MEIER X CASCADURA (VIA ARQUIAS CORDEIRO) - CIRCULAR,Fetranspor,105,17588839,"-22.8887","-43.288"
651,651-MEIER X CASCADURA (VIA ARQUIAS CORDEIRO) - CIRCULAR,Fetranspor,106,17588839,"-22.8885","-43.288"
651,651-MEIER X CASCADURA (VIA ARQUIAS CORDEIRO) - CIRCULAR,Fetranspor,107,17588839,"-22.8882","-43.2879"
651,651-MEIER X CASCADURA (VIA ARQUIAS CORDEIRO) - CIRCULAR,Fetranspor,108,17588839,"-22.888","-43.2878"
651,651-MEIER X CASCADURA (VIA ARQUIAS CORDEIRO) - CIRCULAR,Fetranspor,109,17588839,"-22.888","-43.2878"
651,651-MEIER X CASCADURA (VIA ARQUIAS CORDEIRO) - CIRCULAR,Fetranspor,110,17588839,"-22.8879","-43.2878"
651,651-MEIER X CASCADURA (VIA ARQUIAS CORDEIRO) - CIRCULAR,Fetranspor,111,17588839,"-22.8878","-43.2877"
651,651-MEIER X CASCADURA (VIA ARQUIAS CORDEIRO) - CIRCULAR,Fetranspor,112,17588839,"-22.8872","-43.2872"
651,651-MEIER X CASCADURA (VIA ARQUIAS CORDEIRO) - CIRCULAR,Fetranspor,113,17588839,"-22.8871","-43.2871"
651,651-MEIER X CASCADURA (VIA ARQUIAS CORDEIRO) - CIRCULAR,Fetranspor,114,17588839,"-22.8871","-43.2871"
651,651-MEIER X CASCADURA (VIA ARQUIAS CORDEIRO) - CIRCULAR,Fetranspor,115,17588839,"-22.887","-43.2871"
651,651-MEIER X CASCADURA (VIA ARQUIAS CORDEIRO) - CIRCULAR,Fetranspor,116,17588839,"-22.887","-43.2872"
651,651-MEIER X CASCADURA (VIA ARQUIAS CORDEIRO) - CIRCULAR,Fetranspor,117,17588839,"-22.8869","-43.2872"
651,651-MEIER X CASCADURA (VIA ARQUIAS CORDEIRO) - CIRCULAR,Fetranspor,118,17588839,"-22.8869","-43.2872"
651,651-MEIER X CASCADURA (VIA ARQUIAS CORDEIRO) - CIRCULAR,Fetranspor,119,17588839,"-22.8869","-43.2872"
651,651-MEIER X CASCADURA (VIA ARQUIAS CORDEIRO) - CIRCULAR,Fetranspor,120,17588839,"-22.8866","-43.2881"
651,651-MEIER X CASCADURA (VIA ARQUIAS CORDEIRO) - CIRCULAR,Fetranspor,121,17588839,"-22.8865","-43.2882"
651,651-MEIER X CASCADURA (VIA ARQUIAS CORDEIRO) - CIRCULAR,Fetranspor,122,17588839,"-22.8865","-43.2882"
651,651-MEIER X CASCADURA (VIA ARQUIAS CORDEIRO) - CIRCULAR,Fetranspor,123,17588839,"-22.8864","-43.2883"
651,651-MEIER X CASCADURA (VIA ARQUIAS CORDEIRO) - CIRCULAR,Fetranspor,124,17588839,"-22.8863","-43.2885"
651,651-MEIER X CASCADURA (VIA ARQUIAS CORDEIRO) - CIRCULAR,Fetranspor,125,17588839,"-22.8863","-43.2885"
651,651-MEIER X CASCADURA (VIA ARQUIAS CORDEIRO) - CIRCULAR,Fetranspor,126,17588839,"-22.8862","-43.2886"
651,651-MEIER X CASCADURA (VIA ARQUIAS CORDEIRO) - CIRCULAR,Fetranspor,127,17588839,"-22.8862","-43.2886"
651,651-MEIER X CASCADURA (VIA ARQUIAS CORDEIRO) - CIRCULAR,Fetranspor,128,17588839,"-22.8861","-43.2888"
651,651-MEIER X CASCADURA (VIA ARQUIAS CORDEIRO) - CIRCULAR,Fetranspor,129,17588839,"-22.8861","-43.2888"
651,651-MEIER X CASCADURA (VIA ARQUIAS CORDEIRO) - CIRCULAR,Fetranspor,130,17588839,"-22.886","-43.2889"
651,651-MEIER X CASCADURA (VIA ARQUIAS CORDEIRO) - CIRCULAR,Fetranspor,131,17588839,"-22.886","-43.2889"
651,651-MEIER X CASCADURA (VIA ARQUIAS CORDEIRO) - CIRCULAR,Fetranspor,132,17588839,"-22.8858","-43.2892"
651,651-MEIER X CASCADURA (VIA ARQUIAS CORDEIRO) - CIRCULAR,Fetranspor,133,17588839,"-22.8858","-43.2893"
651,651-MEIER X CASCADURA (VIA ARQUIAS CORDEIRO) - CIRCULAR,Fetranspor,134,17588839,"-22.8857","-43.2896"
651,651-MEIER X CASCADURA (VIA ARQUIAS CORDEIRO) - CIRCULAR,Fetranspor,135,17588839,"-22.8856","-43.2897"
651,651-MEIER X CASCADURA (VIA ARQUIAS CORDEIRO) - CIRCULAR,Fetranspor,136,17588839,"-22.8854","-43.2899"
651,651-MEIER X CASCADURA (VIA ARQUIAS CORDEIRO) - CIRCULAR,Fetranspor,137,17588839,"-22.8853","-43.29"
651,651-MEIER X CASCADURA (VIA ARQUIAS CORDEIRO) - CIRCULAR,Fetranspor,138,17588839,"-22.8852","-43.2902"
651,651-MEIER X CASCADURA (VIA ARQUIAS CORDEIRO) - CIRCULAR,Fetranspor,139,17588839,"-22.8847","-43.2905"
651,651-MEIER X CASCADURA (VIA ARQUIAS CORDEIRO) - CIRCULAR,Fetranspor,140,17588839,"-22.8845","-43.2908"
651,651-MEIER X CASCADURA (VIA ARQUIAS CORDEIRO) - CIRCULAR,Fetranspor,141,17588839,"-22.8844","-43.2908"
651,651-MEIER X CASCADURA (VIA ARQUIAS CORDEIRO) - CIRCULAR,Fetranspor,142,17588839,"-22.8843","-43.2909"
651,651-MEIER X CASCADURA (VIA ARQUIAS CORDEIRO) - CIRCULAR,Fetranspor,143,17588839,"-22.8835","-43.2916"
651,651-MEIER X CASCADURA (VIA ARQUIAS CORDEIRO) - CIRCULAR,Fetranspor,144,17588839,"-22.8834","-43.2916"
651,651-MEIER X CASCADURA (VIA ARQUIAS CORDEIRO) - CIRCULAR,Fetranspor,145,17588839,"-22.8834","-43.2916"
651,651-MEIER X CASCADURA (VIA ARQUIAS CORDEIRO) - CIRCULAR,Fetranspor,146,17588839,"-22.8831","-43.2918"
651,651-MEIER X CASCADURA (VIA ARQUIAS CORDEIRO) - CIRCULAR,Fetranspor,147,17588839,"-22.8827","-43.2921"
651,651-MEIER X CASCADURA (VIA ARQUIAS CORDEIRO) - CIRCULAR,Fetranspor,148,17588839,"-22.8827","-43.2921"
651,651-MEIER X CASCADURA (VIA ARQUIAS CORDEIRO) - CIRCULAR,Fetranspor,149,17588839,"-22.8826","-43.2923"
651,651-MEIER X CASCADURA (VIA ARQUIAS CORDEIRO) - CIRCULAR,Fetranspor,150,17588839,"-22.8826","-43.2923"
651,651-MEIER X CASCADURA (VIA ARQUIAS CORDEIRO) - CIRCULAR,Fetranspor,151,17588839,"-22.8823","-43.2926"
651,651-MEIER X CASCADURA (VIA ARQUIAS CORDEIRO) - CIRCULAR,Fetranspor,152,17588839,"-22.8814","-43.2934"
651,651-MEIER X CASCADURA (VIA ARQUIAS CORDEIRO) - CIRCULAR,Fetranspor,153,17588839,"-22.8814","-43.2934"
651,651-MEIER X CASCADURA (VIA ARQUIAS CORDEIRO) - CIRCULAR,Fetranspor,154,17588839,"-22.8805","-43.2941"
651,651-MEIER X CASCADURA (VIA ARQUIAS CORDEIRO) - CIRCULAR,Fetranspor,155,17588839,"-22.8805","-43.2941"
651,651-MEIER X CASCADURA (VIA ARQUIAS CORDEIRO) - CIRCULAR,Fetranspor,156,17588839,"-22.8803","-43.2943"
651,651-MEIER X CASCADURA (VIA ARQUIAS CORDEIRO) - CIRCULAR,Fetranspor,157,17588839,"-22.8803","-43.2943"
651,651-MEIER X CASCADURA (VIA ARQUIAS CORDEIRO) - CIRCULAR,Fetranspor,158,17588839,"-22.8797","-43.2947"
651,651-MEIER X CASCADURA (VIA ARQUIAS CORDEIRO) - CIRCULAR,Fetranspor,159,17588839,"-22.8797","-43.2947"
651,651-MEIER X CASCADURA (VIA ARQUIAS CORDEIRO) - CIRCULAR,Fetranspor,160,17588839,"-22.8797","-43.2947"
651,651-MEIER X CASCADURA (VIA ARQUIAS CORDEIRO) - CIRCULAR,Fetranspor,161,17588839,"-22.8797","-43.2947"
651,651-MEIER X CASCADURA (VIA ARQUIAS CORDEIRO) - CIRCULAR,Fetranspor,162,17588839,"-22.8787","-43.2954"
651,651-MEIER X CASCADURA (VIA ARQUIAS CORDEIRO) - CIRCULAR,Fetranspor,163,17588839,"-22.8787","-43.2954"
651,651-MEIER X CASCADURA (VIA ARQUIAS CORDEIRO) - CIRCULAR,Fetranspor,164,17588839,"-22.8778","-43.2962"
651,651-MEIER X CASCADURA (VIA ARQUIAS CORDEIRO) - CIRCULAR,Fetranspor,165,17588839,"-22.8778","-43.2962"
651,651-MEIER X CASCADURA (VIA ARQUIAS CORDEIRO) - CIRCULAR,Fetranspor,166,17588839,"-22.8775","-43.2964"
651,651-MEIER X CASCADURA (VIA ARQUIAS CORDEIRO) - CIRCULAR,Fetranspor,167,17588839,"-22.8775","-43.2964"
651,651-MEIER X CASCADURA (VIA ARQUIAS CORDEIRO) - CIRCULAR,Fetranspor,168,17588839,"-22.877","-43.2967"
651,651-MEIER X CASCADURA (VIA ARQUIAS CORDEIRO) - CIRCULAR,Fetranspor,169,17588839,"-22.8768","-43.2969"
651,651-MEIER X CASCADURA (VIA ARQUIAS CORDEIRO) - CIRCULAR,Fetranspor,170,17588839,"-22.8766","-43.2969"
651,651-MEIER X CASCADURA (VIA ARQUIAS CORDEIRO) - CIRCULAR,Fetranspor,171,17588839,"-22.8762","-43.297"
651,651-MEIER X CASCADURA (VIA ARQUIAS CORDEIRO) - CIRCULAR,Fetranspor,172,17588839,"-22.8762","-43.297"
651,651-MEIER X CASCADURA (VIA ARQUIAS CORDEIRO) - CIRCULAR,Fetranspor,173,17588839,"-22.8751","-43.2971"
651,651-MEIER X CASCADURA (VIA ARQUIAS CORDEIRO) - CIRCULAR,Fetranspor,174,17588839,"-22.8748","-43.2972"
651,651-MEIER X CASCADURA (VIA ARQUIAS CORDEIRO) - CIRCULAR,Fetranspor,175,17588839,"-22.8748","-43.2972"
651,651-MEIER X CASCADURA (VIA ARQUIAS CORDEIRO) - CIRCULAR,Fetranspor,176,17588839,"-22.8744","-43.2972"
651,651-MEIER X CASCADURA (VIA ARQUIAS CORDEIRO) - CIRCULAR,Fetranspor,177,17588839,"-22.8744","-43.2972"
651,651-MEIER X CASCADURA (VIA ARQUIAS CORDEIRO) - CIRCULAR,Fetranspor,178,17588839,"-22.8739","-43.2973"
651,651-MEIER X CASCADURA (VIA ARQUIAS CORDEIRO) - CIRCULAR,Fetranspor,179,17588839,"-22.8739","-43.2973"
651,651-MEIER X CASCADURA (VIA ARQUIAS CORDEIRO) - CIRCULAR,Fetranspor,180,17588839,"-22.8729","-43.2974"
651,651-MEIER X CASCADURA (VIA ARQUIAS CORDEIRO) - CIRCULAR,Fetranspor,181,17588839,"-22.8727","-43.2975"
651,651-MEIER X CASCADURA (VIA ARQUIAS CORDEIRO) - CIRCULAR,Fetranspor,182,17588839,"-22.8726","-43.2975"
651,651-MEIER X CASCADURA (VIA ARQUIAS CORDEIRO) - CIRCULAR,Fetranspor,183,17588839,"-22.8726","-43.2975"
651,651-MEIER X CASCADURA (VIA ARQUIAS CORDEIRO) - CIRCULAR,Fetranspor,184,17588839,"-22.8724","-43.2976"
651,651-MEIER X CASCADURA (VIA ARQUIAS CORDEIRO) - CIRCULAR,Fetranspor,185,17588839,"-22.8724","-43.2976"
651,651-MEIER X CASCADURA (VIA ARQUIAS CORDEIRO) - CIRCULAR,Fetranspor,186,17588839,"-22.8723","-43.2977"
651,651-MEIER X CASCADURA (VIA ARQUIAS CORDEIRO) - CIRCULAR,Fetranspor,187,17588839,"-22.8721","-43.2979"
651,651-MEIER X CASCADURA (VIA ARQUIAS CORDEIRO) - CIRCULAR,Fetranspor,188,17588839,"-22.8717","-43.2987"
651,651-MEIER X CASCADURA (VIA ARQUIAS CORDEIRO) - CIRCULAR,Fetranspor,189,17588839,"-22.8717","-43.2987"
651,651-MEIER X CASCADURA (VIA ARQUIAS CORDEIRO) - CIRCULAR,Fetranspor,190,17588839,"-22.8712","-43.2995"
651,651-MEIER X CASCADURA (VIA ARQUIAS CORDEIRO) - CIRCULAR,Fetranspor,191,17588839,"-22.8712","-43.2995"
651,651-MEIER X CASCADURA (VIA ARQUIAS CORDEIRO) - CIRCULAR,Fetranspor,192,17588839,"-22.8708","-43.3003"
651,651-MEIER X CASCADURA (VIA ARQUIAS CORDEIRO) - CIRCULAR,Fetranspor,193,17588839,"-22.8708","-43.3003"
651,651-MEIER X CASCADURA (VIA ARQUIAS CORDEIRO) - CIRCULAR,Fetranspor,194,17588839,"-22.8705","-43.3008"
651,651-MEIER X CASCADURA (VIA ARQUIAS CORDEIRO) - CIRCULAR,Fetranspor,195,17588839,"-22.8705","-43.3008"
651,651-MEIER X CASCADURA (VIA ARQUIAS CORDEIRO) - CIRCULAR,Fetranspor,196,17588839,"-22.8702","-43.3013"
651,651-MEIER X CASCADURA (VIA ARQUIAS CORDEIRO) - CIRCULAR,Fetranspor,197,17588839,"-22.8702","-43.3013"
651,651-MEIER X CASCADURA (VIA ARQUIAS CORDEIRO) - CIRCULAR,Fetranspor,198,17588839,"-22.87","-43.3016"
651,651-MEIER X CASCADURA (VIA ARQUIAS CORDEIRO) - CIRCULAR,Fetranspor,199,17588839,"-22.8691","-43.303"
651,651-MEIER X CASCADURA (VIA ARQUIAS CORDEIRO) - CIRCULAR,Fetranspor,200,17588839,"-22.8691","-43.3031"
651,651-MEIER X CASCADURA (VIA ARQUIAS CORDEIRO) - CIRCULAR,Fetranspor,201,17588839,"-22.8691","-43.3033"
651,651-MEIER X CASCADURA (VIA ARQUIAS CORDEIRO) - CIRCULAR,Fetranspor,202,17588839,"-22.8692","-43.304"
651,651-MEIER X CASCADURA (VIA ARQUIAS CORDEIRO) - CIRCULAR,Fetranspor,203,17588839,"-22.8692","-43.304"
651,651-MEIER X CASCADURA (VIA ARQUIAS CORDEIRO) - CIRCULAR,Fetranspor,204,17588839,"-22.8692","-43.3045"
651,651-MEIER X CASCADURA (VIA ARQUIAS CORDEIRO) - CIRCULAR,Fetranspor,205,17588839,"-22.8694","-43.3076"
651,651-MEIER X CASCADURA (VIA ARQUIAS CORDEIRO) - CIRCULAR,Fetranspor,206,17588839,"-22.8694","-43.3078"
651,651-MEIER X CASCADURA (VIA ARQUIAS CORDEIRO) - CIRCULAR,Fetranspor,207,17588839,"-22.8694","-43.3079"
651,651-MEIER X CASCADURA (VIA ARQUIAS CORDEIRO) - CIRCULAR,Fetranspor,208,17588839,"-22.8694","-43.3079"
651,651-MEIER X CASCADURA (VIA ARQUIAS CORDEIRO) - CIRCULAR,Fetranspor,209,17588839,"-22.8694","-43.3081"
651,651-MEIER X CASCADURA (VIA ARQUIAS CORDEIRO) - CIRCULAR,Fetranspor,210,17588839,"-22.8695","-43.3082"
651,651-MEIER X CASCADURA (VIA ARQUIAS CORDEIRO) - CIRCULAR,Fetranspor,211,17588839,"-22.8695","-43.3084"
651,651-MEIER X CASCADURA (VIA ARQUIAS CORDEIRO) - CIRCULAR,Fetranspor,212,17588839,"-22.8696","-43.3086"
651,651-MEIER X CASCADURA (VIA ARQUIAS CORDEIRO) - CIRCULAR,Fetranspor,213,17588839,"-22.8697","-43.3089"
651,651-MEIER X CASCADURA (VIA ARQUIAS CORDEIRO) - CIRCULAR,Fetranspor,214,17588839,"-22.8698","-43.309"
651,651-MEIER X CASCADURA (VIA ARQUIAS CORDEIRO) - CIRCULAR,Fetranspor,215,17588839,"-22.8698","-43.309"
651,651-MEIER X CASCADURA (VIA ARQUIAS CORDEIRO) - CIRCULAR,Fetranspor,216,17588839,"-22.8701","-43.3095"
651,651-MEIER X CASCADURA (VIA ARQUIAS CORDEIRO) - CIRCULAR,Fetranspor,217,17588839,"-22.8712","-43.3109"
651,651-MEIER X CASCADURA (VIA ARQUIAS CORDEIRO) - CIRCULAR,Fetranspor,218,17588839,"-22.8712","-43.3109"
651,651-MEIER X CASCADURA (VIA ARQUIAS CORDEIRO) - CIRCULAR,Fetranspor,219,17588839,"-22.8714","-43.3111"
651,651-MEIER X CASCADURA (VIA ARQUIAS CORDEIRO) - CIRCULAR,Fetranspor,220,17588839,"-22.8717","-43.3115"
651,651-MEIER X CASCADURA (VIA ARQUIAS CORDEIRO) - CIRCULAR,Fetranspor,221,17588839,"-22.8717","-43.3115"
651,651-MEIER X CASCADURA (VIA ARQUIAS CORDEIRO) - CIRCULAR,Fetranspor,222,17588839,"-22.8725","-43.3126"
651,651-MEIER X CASCADURA (VIA ARQUIAS CORDEIRO) - CIRCULAR,Fetranspor,223,17588839,"-22.8728","-43.3131"
651,651-MEIER X CASCADURA (VIA ARQUIAS CORDEIRO) - CIRCULAR,Fetranspor,224,17588839,"-22.8728","-43.3131"
651,651-MEIER X CASCADURA (VIA ARQUIAS CORDEIRO) - CIRCULAR,Fetranspor,225,17588839,"-22.8743","-43.3151"
651,651-MEIER X CASCADURA (VIA ARQUIAS CORDEIRO) - CIRCULAR,Fetranspor,226,17588839,"-22.8743","-43.3151"
651,651-MEIER X CASCADURA (VIA ARQUIAS CORDEIRO) - CIRCULAR,Fetranspor,227,17588839,"-22.875","-43.316"
651,651-MEIER X CASCADURA (VIA ARQUIAS CORDEIRO) - CIRCULAR,Fetranspor,228,17588839,"-22.8755","-43.3168"
651,651-MEIER X CASCADURA (VIA ARQUIAS CORDEIRO) - CIRCULAR,Fetranspor,229,17588839,"-22.876","-43.3175"
651,651-MEIER X CASCADURA (VIA ARQUIAS CORDEIRO) - CIRCULAR,Fetranspor,230,17588839,"-22.876","-43.3175"
651,651-MEIER X CASCADURA (VIA ARQUIAS CORDEIRO) - CIRCULAR,Fetranspor,231,17588839,"-22.8766","-43.3185"
651,651-MEIER X CASCADURA (VIA ARQUIAS CORDEIRO) - CIRCULAR,Fetranspor,232,17588839,"-22.8767","-43.3187"
651,651-MEIER X CASCADURA (VIA ARQUIAS CORDEIRO) - CIRCULAR,Fetranspor,233,17588839,"-22.8767","-43.3187"
651,651-MEIER X CASCADURA (VIA ARQUIAS CORDEIRO) - CIRCULAR,Fetranspor,234,17588839,"-22.8768","-43.3189"
651,651-MEIER X CASCADURA (VIA ARQUIAS CORDEIRO) - CIRCULAR,Fetranspor,235,17588839,"-22.8768","-43.319"
651,651-MEIER X CASCADURA (VIA ARQUIAS CORDEIRO) - CIRCULAR,Fetranspor,236,17588839,"-22.8768","-43.3203"
651,651-MEIER X CASCADURA (VIA ARQUIAS CORDEIRO) - CIRCULAR,Fetranspor,237,17588839,"-22.8768","-43.3203"
651,651-MEIER X CASCADURA (VIA ARQUIAS CORDEIRO) - CIRCULAR,Fetranspor,238,17588839,"-22.8767","-43.3219"
651,651-MEIER X CASCADURA (VIA ARQUIAS CORDEIRO) - CIRCULAR,Fetranspor,239,17588839,"-22.8767","-43.3219"
651,651-MEIER X CASCADURA (VIA ARQUIAS CORDEIRO) - CIRCULAR,Fetranspor,240,17588839,"-22.8767","-43.323"
651,651-MEIER X CASCADURA (VIA ARQUIAS CORDEIRO) - CIRCULAR,Fetranspor,241,17588839,"-22.8767","-43.3231"
651,651-MEIER X CASCADURA (VIA ARQUIAS CORDEIRO) - CIRCULAR,Fetranspor,242,17588839,"-22.8767","-43.3234"
651,651-MEIER X CASCADURA (VIA ARQUIAS CORDEIRO) - CIRCULAR,Fetranspor,243,17588839,"-22.8766","-43.3239"
651,651-MEIER X CASCADURA (VIA ARQUIAS CORDEIRO) - CIRCULAR,Fetranspor,244,17588839,"-22.8766","-43.3239"
651,651-MEIER X CASCADURA (VIA ARQUIAS CORDEIRO) - CIRCULAR,Fetranspor,245,17588839,"-22.8766","-43.324"
651,651-MEIER X CASCADURA (VIA ARQUIAS CORDEIRO) - CIRCULAR,Fetranspor,246,17588839,"-22.8766","-43.3241"
651,651-MEIER X CASCADURA (VIA ARQUIAS CORDEIRO) - CIRCULAR,Fetranspor,247,17588839,"-22.8767","-43.3241"
651,651-MEIER X CASCADURA (VIA ARQUIAS CORDEIRO) - CIRCULAR,Fetranspor,248,17588839,"-22.8767","-43.3242"
651,651-MEIER X CASCADURA (VIA ARQUIAS CORDEIRO) - CIRCULAR,Fetranspor,249,17588839,"-22.8769","-43.3242"
651,651-MEIER X CASCADURA (VIA ARQUIAS CORDEIRO) - CIRCULAR,Fetranspor,250,17588839,"-22.8771","-43.3242"
651,651-MEIER X CASCADURA (VIA ARQUIAS CORDEIRO) - CIRCULAR,Fetranspor,251,17588839,"-22.8772","-43.3242"
651,651-MEIER X CASCADURA (VIA ARQUIAS CORDEIRO) - CIRCULAR,Fetranspor,252,17588839,"-22.8774","-43.3243"
651,651-MEIER X CASCADURA (VIA ARQUIAS CORDEIRO) - CIRCULAR,Fetranspor,253,17588839,"-22.8776","-43.3244"
651,651-MEIER X CASCADURA (VIA ARQUIAS CORDEIRO) - CIRCULAR,Fetranspor,254,17588839,"-22.8776","-43.3245"
651,651-MEIER X CASCADURA (VIA ARQUIAS CORDEIRO) - CIRCULAR,Fetranspor,255,17588839,"-22.8776","-43.3245"
651,651-MEIER X CASCADURA (VIA ARQUIAS CORDEIRO) - CIRCULAR,Fetranspor,256,17588839,"-22.8776","-43.3245"
651,651-MEIER X CASCADURA (VIA ARQUIAS CORDEIRO) - CIRCULAR,Fetranspor,257,17588839,"-22.8776","-43.3246"
651,651-MEIER X CASCADURA (VIA ARQUIAS CORDEIRO) - CIRCULAR,Fetranspor,258,17588839,"-22.8777","-43.3254"
651,651-MEIER X CASCADURA (VIA ARQUIAS CORDEIRO) - CIRCULAR,Fetranspor,259,17588839,"-22.8777","-43.3254"
651,651-MEIER X CASCADURA (VIA ARQUIAS CORDEIRO) - CIRCULAR,Fetranspor,260,17588839,"-22.8779","-43.3254"
651,651-MEIER X CASCADURA (VIA ARQUIAS CORDEIRO) - CIRCULAR,Fetranspor,261,17588839,"-22.8781","-43.3254"
651,651-MEIER X CASCADURA (VIA ARQUIAS CORDEIRO) - CIRCULAR,Fetranspor,262,17588839,"-22.8782","-43.3255"
651,651-MEIER X CASCADURA (VIA ARQUIAS CORDEIRO) - CIRCULAR,Fetranspor,263,17588839,"-22.8788","-43.3256"
651,651-MEIER X CASCADURA (VIA ARQUIAS CORDEIRO) - CIRCULAR,Fetranspor,264,17588839,"-22.8788","-43.3256"
651,651-MEIER X CASCADURA (VIA ARQUIAS CORDEIRO) - CIRCULAR,Fetranspor,265,17588839,"-22.8796","-43.3259"
651,651-MEIER X CASCADURA (VIA ARQUIAS CORDEIRO) - CIRCULAR,Fetranspor,266,17588839,"-22.8803","-43.326"
651,651-MEIER X CASCADURA (VIA ARQUIAS CORDEIRO) - CIRCULAR,Fetranspor,267,17588839,"-22.8803","-43.326"
651,651-MEIER X CASCADURA (VIA ARQUIAS CORDEIRO) - CIRCULAR,Fetranspor,268,17588839,"-22.8807","-43.3262"
651,651-MEIER X CASCADURA (VIA ARQUIAS CORDEIRO) - CIRCULAR,Fetranspor,269,17588839,"-22.8808","-43.3262"
651,651-MEIER X CASCADURA (VIA ARQUIAS CORDEIRO) - CIRCULAR,Fetranspor,270,17588839,"-22.8808","-43.3262"
651,651-MEIER X CASCADURA (VIA ARQUIAS CORDEIRO) - CIRCULAR,Fetranspor,271,17588839,"-22.8815","-43.3264"
651,651-MEIER X CASCADURA (VIA ARQUIAS CORDEIRO) - CIRCULAR,Fetranspor,272,17588839,"-22.882","-43.3265"
651,651-MEIER X CASCADURA (VIA ARQUIAS CORDEIRO) - CIRCULAR,Fetranspor,273,17588839,"-22.882","-43.3265"
651,651-MEIER X CASCADURA (VIA ARQUIAS CORDEIRO) - CIRCULAR,Fetranspor,274,17588839,"-22.8821","-43.3269"
651,651-MEIER X CASCADURA (VIA ARQUIAS CORDEIRO) - CIRCULAR,Fetranspor,275,17588839,"-22.8822","-43.3278"
651,651-MEIER X CASCADURA (VIA ARQUIAS CORDEIRO) - CIRCULAR,Fetranspor,276,17588839,"-22.8822","-43.328"
651,651-MEIER X CASCADURA (VIA ARQUIAS CORDEIRO) - CIRCULAR,Fetranspor,277,17588839,"-22.8822","-43.3283"
651,651-MEIER X CASCADURA (VIA ARQUIAS CORDEIRO) - CIRCULAR,Fetranspor,278,17588839,"-22.8821","-43.3287"
651,651-MEIER X CASCADURA (VIA ARQUIAS CORDEIRO) - CIRCULAR,Fetranspor,279,17588839,"-22.8821","-43.3288"
651,651-MEIER X CASCADURA (VIA ARQUIAS CORDEIRO) - CIRCULAR,Fetranspor,280,17588839,"-22.8819","-43.3292"
651,651-MEIER X CASCADURA (VIA ARQUIAS CORDEIRO) - CIRCULAR,Fetranspor,281,17588839,"-22.8818","-43.3293"
651,651-MEIER X CASCADURA (VIA ARQUIAS CORDEIRO) - CIRCULAR,Fetranspor,282,17588839,"-22.8813","-43.3303"
651,651-MEIER X CASCADURA (VIA ARQUIAS CORDEIRO) - CIRCULAR,Fetranspor,283,17588839,"-22.8813","-43.3303"
651,651-MEIER X CASCADURA (VIA ARQUIAS CORDEIRO) - CIRCULAR,Fetranspor,284,17588839,"-22.881","-43.3308"
651,651-MEIER X CASCADURA (VIA ARQUIAS CORDEIRO) - CIRCULAR,Fetranspor,285,17588839,"-22.8804","-43.3317"
651,651-MEIER X CASCADURA (VIA ARQUIAS CORDEIRO) - CIRCULAR,Fetranspor,286,17588839,"-22.8798","-43.3327"
651,651-MEIER X CASCADURA (VIA ARQUIAS CORDEIRO) - CIRCULAR,Fetranspor,287,17588839,"-22.8798","-43.3327"
651,651-MEIER X CASCADURA (VIA ARQUIAS CORDEIRO) - CIRCULAR,Fetranspor,288,17588839,"-22.8798","-43.3328"
651,651-MEIER X CASCADURA (VIA ARQUIAS CORDEIRO) - CIRCULAR,Fetranspor,289,17588839,"-22.8797","-43.333"
651,651-MEIER X CASCADURA (VIA ARQUIAS CORDEIRO) - CIRCULAR,Fetranspor,290,17588839,"-22.8797","-43.3332"
651,651-MEIER X CASCADURA (VIA ARQUIAS CORDEIRO) - CIRCULAR,Fetranspor,291,17588839,"-22.8797","-43.334"
651,651-MEIER X CASCADURA (VIA ARQUIAS CORDEIRO) - CIRCULAR,Fetranspor,292,17588839,"-22.8797","-43.3344"
651,651-MEIER X CASCADURA (VIA ARQUIAS CORDEIRO) - CIRCULAR,Fetranspor,293,17588839,"-22.8797","-43.3344"
651,651-MEIER X CASCADURA (VIA ARQUIAS CORDEIRO) - CIRCULAR,Fetranspor,294,17588839,"-22.8798","-43.3344"
651,651-MEIER X CASCADURA (VIA ARQUIAS CORDEIRO) - CIRCULAR,Fetranspor,295,17588839,"-22.8818","-43.3346"
651,651-MEIER X CASCADURA (VIA ARQUIAS CORDEIRO) - CIRCULAR,Fetranspor,296,17588839,"-22.8823","-43.3346"
