linha,descricao,agencia,sequencia,shape_id,latitude,longitude
652,652-MEIER X CASCADURA (VIA LINS) - CIRCULAR,Fetranspor,0,17413314,"-22.8821","-43.3301"
652,652-MEIER X CASCADURA (VIA LINS) - CIRCULAR,Fetranspor,1,17413314,"-22.8821","-43.3299"
652,652-MEIER X CASCADURA (VIA LINS) - CIRCULAR,Fetranspor,2,17413314,"-22.8822","-43.329"
652,652-MEIER X CASCADURA (VIA LINS) - CIRCULAR,Fetranspor,3,17413314,"-22.8822","-43.3289"
652,652-MEIER X CASCADURA (VIA LINS) - CIRCULAR,Fetranspor,4,17413314,"-22.8822","-43.3284"
652,652-MEIER X CASCADURA (VIA LINS) - CIRCULAR,Fetranspor,5,17413314,"-22.8822","-43.3279"
652,652-MEIER X CASCADURA (VIA LINS) - CIRCULAR,Fetranspor,6,17413314,"-22.8822","-43.3274"
652,652-MEIER X CASCADURA (VIA LINS) - CIRCULAR,Fetranspor,7,17413314,"-22.8821","-43.3265"
652,652-MEIER X CASCADURA (VIA LINS) - CIRCULAR,Fetranspor,8,17413314,"-22.8821","-43.3265"
652,652-MEIER X CASCADURA (VIA LINS) - CIRCULAR,Fetranspor,9,17413314,"-22.882","-43.3261"
652,652-MEIER X CASCADURA (VIA LINS) - CIRCULAR,Fetranspor,10,17413314,"-22.882","-43.3261"
652,652-MEIER X CASCADURA (VIA LINS) - CIRCULAR,Fetranspor,11,17413314,"-22.882","-43.3258"
652,652-MEIER X CASCADURA (VIA LINS) - CIRCULAR,Fetranspor,12,17413314,"-22.882","-43.3252"
652,652-MEIER X CASCADURA (VIA LINS) - CIRCULAR,Fetranspor,13,17413314,"-22.8821","-43.3251"
652,652-MEIER X CASCADURA (VIA LINS) - CIRCULAR,Fetranspor,14,17413314,"-22.8821","-43.3251"
652,652-MEIER X CASCADURA (VIA LINS) - CIRCULAR,Fetranspor,15,17413314,"-22.882","-43.3249"
652,652-MEIER X CASCADURA (VIA LINS) - CIRCULAR,Fetranspor,16,17413314,"-22.882","-43.3249"
652,652-MEIER X CASCADURA (VIA LINS) - CIRCULAR,Fetranspor,17,17413314,"-22.8819","-43.3248"
652,652-MEIER X CASCADURA (VIA LINS) - CIRCULAR,Fetranspor,18,17413314,"-22.8819","-43.3248"
652,652-MEIER X CASCADURA (VIA LINS) - CIRCULAR,Fetranspor,19,17413314,"-22.8816","-43.3245"
652,652-MEIER X CASCADURA (VIA LINS) - CIRCULAR,Fetranspor,20,17413314,"-22.8816","-43.3245"
652,652-MEIER X CASCADURA (VIA LINS) - CIRCULAR,Fetranspor,21,17413314,"-22.8812","-43.324"
652,652-MEIER X CASCADURA (VIA LINS) - CIRCULAR,Fetranspor,22,17413314,"-22.8812","-43.324"
652,652-MEIER X CASCADURA (VIA LINS) - CIRCULAR,Fetranspor,23,17413314,"-22.8807","-43.3234"
652,652-MEIER X CASCADURA (VIA LINS) - CIRCULAR,Fetranspor,24,17413314,"-22.8807","-43.3234"
652,652-MEIER X CASCADURA (VIA LINS) - CIRCULAR,Fetranspor,25,17413314,"-22.88","-43.3226"
652,652-MEIER X CASCADURA (VIA LINS) - CIRCULAR,Fetranspor,26,17413314,"-22.88","-43.3226"
652,652-MEIER X CASCADURA (VIA LINS) - CIRCULAR,Fetranspor,27,17413314,"-22.8797","-43.3223"
652,652-MEIER X CASCADURA (VIA LINS) - CIRCULAR,Fetranspor,28,17413314,"-22.8797","-43.3223"
652,652-MEIER X CASCADURA (VIA LINS) - CIRCULAR,Fetranspor,29,17413314,"-22.8791","-43.3215"
652,652-MEIER X CASCADURA (VIA LINS) - CIRCULAR,Fetranspor,30,17413314,"-22.8791","-43.3215"
652,652-MEIER X CASCADURA (VIA LINS) - CIRCULAR,Fetranspor,31,17413314,"-22.878","-43.3202"
652,652-MEIER X CASCADURA (VIA LINS) - CIRCULAR,Fetranspor,32,17413314,"-22.878","-43.3202"
652,652-MEIER X CASCADURA (VIA LINS) - CIRCULAR,Fetranspor,33,17413314,"-22.8772","-43.3193"
652,652-MEIER X CASCADURA (VIA LINS) - CIRCULAR,Fetranspor,34,17413314,"-22.8769","-43.319"
652,652-MEIER X CASCADURA (VIA LINS) - CIRCULAR,Fetranspor,35,17413314,"-22.8769","-43.319"
652,652-MEIER X CASCADURA (VIA LINS) - CIRCULAR,Fetranspor,36,17413314,"-22.8777","-43.3182"
652,652-MEIER X CASCADURA (VIA LINS) - CIRCULAR,Fetranspor,37,17413314,"-22.8777","-43.3182"
652,652-MEIER X CASCADURA (VIA LINS) - CIRCULAR,Fetranspor,38,17413314,"-22.8766","-43.317"
652,652-MEIER X CASCADURA (VIA LINS) - CIRCULAR,Fetranspor,39,17413314,"-22.8766","-43.317"
652,652-MEIER X CASCADURA (VIA LINS) - CIRCULAR,Fetranspor,40,17413314,"-22.8762","-43.3174"
652,652-MEIER X CASCADURA (VIA LINS) - CIRCULAR,Fetranspor,41,17413314,"-22.876","-43.3175"
652,652-MEIER X CASCADURA (VIA LINS) - CIRCULAR,Fetranspor,42,17413314,"-22.876","-43.3175"
652,652-MEIER X CASCADURA (VIA LINS) - CIRCULAR,Fetranspor,43,17413314,"-22.8755","-43.3168"
652,652-MEIER X CASCADURA (VIA LINS) - CIRCULAR,Fetranspor,44,17413314,"-22.875","-43.316"
652,652-MEIER X CASCADURA (VIA LINS) - CIRCULAR,Fetranspor,45,17413314,"-22.8743","-43.3151"
652,652-MEIER X CASCADURA (VIA LINS) - CIRCULAR,Fetranspor,46,17413314,"-22.8743","-43.3151"
652,652-MEIER X CASCADURA (VIA LINS) - CIRCULAR,Fetranspor,47,17413314,"-22.8728","-43.3131"
652,652-MEIER X CASCADURA (VIA LINS) - CIRCULAR,Fetranspor,48,17413314,"-22.8728","-43.3131"
652,652-MEIER X CASCADURA (VIA LINS) - CIRCULAR,Fetranspor,49,17413314,"-22.8725","-43.3126"
652,652-MEIER X CASCADURA (VIA LINS) - CIRCULAR,Fetranspor,50,17413314,"-22.8717","-43.3115"
652,652-MEIER X CASCADURA (VIA LINS) - CIRCULAR,Fetranspor,51,17413314,"-22.8717","-43.3115"
652,652-MEIER X CASCADURA (VIA LINS) - CIRCULAR,Fetranspor,52,17413314,"-22.8714","-43.3111"
652,652-MEIER X CASCADURA (VIA LINS) - CIRCULAR,Fetranspor,53,17413314,"-22.8712","-43.3109"
652,652-MEIER X CASCADURA (VIA LINS) - CIRCULAR,Fetranspor,54,17413314,"-22.8712","-43.3109"
652,652-MEIER X CASCADURA (VIA LINS) - CIRCULAR,Fetranspor,55,17413314,"-22.8701","-43.3095"
652,652-MEIER X CASCADURA (VIA LINS) - CIRCULAR,Fetranspor,56,17413314,"-22.8698","-43.309"
652,652-MEIER X CASCADURA (VIA LINS) - CIRCULAR,Fetranspor,57,17413314,"-22.8698","-43.309"
652,652-MEIER X CASCADURA (VIA LINS) - CIRCULAR,Fetranspor,58,17413314,"-22.8697","-43.3089"
652,652-MEIER X CASCADURA (VIA LINS) - CIRCULAR,Fetranspor,59,17413314,"-22.8696","-43.3086"
652,652-MEIER X CASCADURA (VIA LINS) - CIRCULAR,Fetranspor,60,17413314,"-22.8695","-43.3084"
652,652-MEIER X CASCADURA (VIA LINS) - CIRCULAR,Fetranspor,61,17413314,"-22.8695","-43.3082"
652,652-MEIER X CASCADURA (VIA LINS) - CIRCULAR,Fetranspor,62,17413314,"-22.8694","-43.3081"
652,652-MEIER X CASCADURA (VIA LINS) - CIRCULAR,Fetranspor,63,17413314,"-22.8694","-43.3079"
652,652-MEIER X CASCADURA (VIA LINS) - CIRCULAR,Fetranspor,64,17413314,"-22.8694","-43.3079"
652,652-MEIER X CASCADURA (VIA LINS) - CIRCULAR,Fetranspor,65,17413314,"-22.8694","-43.3078"
652,652-MEIER X CASCADURA (VIA LINS) - CIRCULAR,Fetranspor,66,17413314,"-22.8694","-43.3076"
652,652-MEIER X CASCADURA (VIA LINS) - CIRCULAR,Fetranspor,67,17413314,"-22.8692","-43.3045"
652,652-MEIER X CASCADURA (VIA LINS) - CIRCULAR,Fetranspor,68,17413314,"-22.8692","-43.304"
652,652-MEIER X CASCADURA (VIA LINS) - CIRCULAR,Fetranspor,69,17413314,"-22.8692","-43.304"
652,652-MEIER X CASCADURA (VIA LINS) - CIRCULAR,Fetranspor,70,17413314,"-22.8691","-43.3033"
652,652-MEIER X CASCADURA (VIA LINS) - CIRCULAR,Fetranspor,71,17413314,"-22.8691","-43.3031"
652,652-MEIER X CASCADURA (VIA LINS) - CIRCULAR,Fetranspor,72,17413314,"-22.8691","-43.303"
652,652-MEIER X CASCADURA (VIA LINS) - CIRCULAR,Fetranspor,73,17413314,"-22.87","-43.3016"
652,652-MEIER X CASCADURA (VIA LINS) - CIRCULAR,Fetranspor,74,17413314,"-22.8702","-43.3013"
652,652-MEIER X CASCADURA (VIA LINS) - CIRCULAR,Fetranspor,75,17413314,"-22.8702","-43.3013"
652,652-MEIER X CASCADURA (VIA LINS) - CIRCULAR,Fetranspor,76,17413314,"-22.8705","-43.3008"
652,652-MEIER X CASCADURA (VIA LINS) - CIRCULAR,Fetranspor,77,17413314,"-22.8705","-43.3008"
652,652-MEIER X CASCADURA (VIA LINS) - CIRCULAR,Fetranspor,78,17413314,"-22.8708","-43.3003"
652,652-MEIER X CASCADURA (VIA LINS) - CIRCULAR,Fetranspor,79,17413314,"-22.8708","-43.3003"
652,652-MEIER X CASCADURA (VIA LINS) - CIRCULAR,Fetranspor,80,17413314,"-22.8712","-43.2995"
652,652-MEIER X CASCADURA (VIA LINS) - CIRCULAR,Fetranspor,81,17413314,"-22.8712","-43.2995"
652,652-MEIER X CASCADURA (VIA LINS) - CIRCULAR,Fetranspor,82,17413314,"-22.8717","-43.2987"
652,652-MEIER X CASCADURA (VIA LINS) - CIRCULAR,Fetranspor,83,17413314,"-22.8717","-43.2987"
652,652-MEIER X CASCADURA (VIA LINS) - CIRCULAR,Fetranspor,84,17413314,"-22.8721","-43.2979"
652,652-MEIER X CASCADURA (VIA LINS) - CIRCULAR,Fetranspor,85,17413314,"-22.8723","-43.2977"
652,652-MEIER X CASCADURA (VIA LINS) - CIRCULAR,Fetranspor,86,17413314,"-22.8724","-43.2976"
652,652-MEIER X CASCADURA (VIA LINS) - CIRCULAR,Fetranspor,87,17413314,"-22.8724","-43.2976"
652,652-MEIER X CASCADURA (VIA LINS) - CIRCULAR,Fetranspor,88,17413314,"-22.8726","-43.2975"
652,652-MEIER X CASCADURA (VIA LINS) - CIRCULAR,Fetranspor,89,17413314,"-22.8726","-43.2975"
652,652-MEIER X CASCADURA (VIA LINS) - CIRCULAR,Fetranspor,90,17413314,"-22.8727","-43.2975"
652,652-MEIER X CASCADURA (VIA LINS) - CIRCULAR,Fetranspor,91,17413314,"-22.8729","-43.2974"
652,652-MEIER X CASCADURA (VIA LINS) - CIRCULAR,Fetranspor,92,17413314,"-22.8739","-43.2973"
652,652-MEIER X CASCADURA (VIA LINS) - CIRCULAR,Fetranspor,93,17413314,"-22.8739","-43.2973"
652,652-MEIER X CASCADURA (VIA LINS) - CIRCULAR,Fetranspor,94,17413314,"-22.8744","-43.2972"
652,652-MEIER X CASCADURA (VIA LINS) - CIRCULAR,Fetranspor,95,17413314,"-22.8744","-43.2972"
652,652-MEIER X CASCADURA (VIA LINS) - CIRCULAR,Fetranspor,96,17413314,"-22.8748","-43.2972"
652,652-MEIER X CASCADURA (VIA LINS) - CIRCULAR,Fetranspor,97,17413314,"-22.8748","-43.2972"
652,652-MEIER X CASCADURA (VIA LINS) - CIRCULAR,Fetranspor,98,17413314,"-22.8751","-43.2971"
652,652-MEIER X CASCADURA (VIA LINS) - CIRCULAR,Fetranspor,99,17413314,"-22.8762","-43.297"
652,652-MEIER X CASCADURA (VIA LINS) - CIRCULAR,Fetranspor,100,17413314,"-22.8762","-43.297"
652,652-MEIER X CASCADURA (VIA LINS) - CIRCULAR,Fetranspor,101,17413314,"-22.8766","-43.2969"
652,652-MEIER X CASCADURA (VIA LINS) - CIRCULAR,Fetranspor,102,17413314,"-22.8768","-43.2969"
652,652-MEIER X CASCADURA (VIA LINS) - CIRCULAR,Fetranspor,103,17413314,"-22.877","-43.2967"
652,652-MEIER X CASCADURA (VIA LINS) - CIRCULAR,Fetranspor,104,17413314,"-22.8775","-43.2964"
652,652-MEIER X CASCADURA (VIA LINS) - CIRCULAR,Fetranspor,105,17413314,"-22.8775","-43.2964"
652,652-MEIER X CASCADURA (VIA LINS) - CIRCULAR,Fetranspor,106,17413314,"-22.8778","-43.2962"
652,652-MEIER X CASCADURA (VIA LINS) - CIRCULAR,Fetranspor,107,17413314,"-22.8778","-43.2962"
652,652-MEIER X CASCADURA (VIA LINS) - CIRCULAR,Fetranspor,108,17413314,"-22.8787","-43.2954"
652,652-MEIER X CASCADURA (VIA LINS) - CIRCULAR,Fetranspor,109,17413314,"-22.8787","-43.2954"
652,652-MEIER X CASCADURA (VIA LINS) - CIRCULAR,Fetranspor,110,17413314,"-22.8797","-43.2947"
652,652-MEIER X CASCADURA (VIA LINS) - CIRCULAR,Fetranspor,111,17413314,"-22.8797","-43.2947"
652,652-MEIER X CASCADURA (VIA LINS) - CIRCULAR,Fetranspor,112,17413314,"-22.8797","-43.2947"
652,652-MEIER X CASCADURA (VIA LINS) - CIRCULAR,Fetranspor,113,17413314,"-22.8797","-43.2947"
652,652-MEIER X CASCADURA (VIA LINS) - CIRCULAR,Fetranspor,114,17413314,"-22.8803","-43.2943"
652,652-MEIER X CASCADURA (VIA LINS) - CIRCULAR,Fetranspor,115,17413314,"-22.8803","-43.2943"
652,652-MEIER X CASCADURA (VIA LINS) - CIRCULAR,Fetranspor,116,17413314,"-22.8805","-43.2941"
652,652-MEIER X CASCADURA (VIA LINS) - CIRCULAR,Fetranspor,117,17413314,"-22.8805","-43.2941"
652,652-MEIER X CASCADURA (VIA LINS) - CIRCULAR,Fetranspor,118,17413314,"-22.8807","-43.2945"
652,652-MEIER X CASCADURA (VIA LINS) - CIRCULAR,Fetranspor,119,17413314,"-22.8811","-43.2954"
652,652-MEIER X CASCADURA (VIA LINS) - CIRCULAR,Fetranspor,120,17413314,"-22.8816","-43.2964"
652,652-MEIER X CASCADURA (VIA LINS) - CIRCULAR,Fetranspor,121,17413314,"-22.8816","-43.2964"
652,652-MEIER X CASCADURA (VIA LINS) - CIRCULAR,Fetranspor,122,17413314,"-22.8825","-43.2959"
652,652-MEIER X CASCADURA (VIA LINS) - CIRCULAR,Fetranspor,123,17413314,"-22.8825","-43.2959"
652,652-MEIER X CASCADURA (VIA LINS) - CIRCULAR,Fetranspor,124,17413314,"-22.8828","-43.2962"
652,652-MEIER X CASCADURA (VIA LINS) - CIRCULAR,Fetranspor,125,17413314,"-22.8831","-43.2965"
652,652-MEIER X CASCADURA (VIA LINS) - CIRCULAR,Fetranspor,126,17413314,"-22.8834","-43.2968"
652,652-MEIER X CASCADURA (VIA LINS) - CIRCULAR,Fetranspor,127,17413314,"-22.8834","-43.2968"
652,652-MEIER X CASCADURA (VIA LINS) - CIRCULAR,Fetranspor,128,17413314,"-22.8835","-43.2969"
652,652-MEIER X CASCADURA (VIA LINS) - CIRCULAR,Fetranspor,129,17413314,"-22.8835","-43.2969"
652,652-MEIER X CASCADURA (VIA LINS) - CIRCULAR,Fetranspor,130,17413314,"-22.8839","-43.2973"
652,652-MEIER X CASCADURA (VIA LINS) - CIRCULAR,Fetranspor,131,17413314,"-22.8842","-43.2976"
652,652-MEIER X CASCADURA (VIA LINS) - CIRCULAR,Fetranspor,132,17413314,"-22.8842","-43.2976"
652,652-MEIER X CASCADURA (VIA LINS) - CIRCULAR,Fetranspor,133,17413314,"-22.885","-43.2985"
652,652-MEIER X CASCADURA (VIA LINS) - CIRCULAR,Fetranspor,134,17413314,"-22.885","-43.2985"
652,652-MEIER X CASCADURA (VIA LINS) - CIRCULAR,Fetranspor,135,17413314,"-22.885","-43.2983"
652,652-MEIER X CASCADURA (VIA LINS) - CIRCULAR,Fetranspor,136,17413314,"-22.885","-43.2983"
652,652-MEIER X CASCADURA (VIA LINS) - CIRCULAR,Fetranspor,137,17413314,"-22.8856","-43.298"
652,652-MEIER X CASCADURA (VIA LINS) - CIRCULAR,Fetranspor,138,17413314,"-22.8856","-43.298"
652,652-MEIER X CASCADURA (VIA LINS) - CIRCULAR,Fetranspor,139,17413314,"-22.886","-43.2977"
652,652-MEIER X CASCADURA (VIA LINS) - CIRCULAR,Fetranspor,140,17413314,"-22.886","-43.2977"
652,652-MEIER X CASCADURA (VIA LINS) - CIRCULAR,Fetranspor,141,17413314,"-22.8864","-43.2974"
652,652-MEIER X CASCADURA (VIA LINS) - CIRCULAR,Fetranspor,142,17413314,"-22.8867","-43.2973"
652,652-MEIER X CASCADURA (VIA LINS) - CIRCULAR,Fetranspor,143,17413314,"-22.8867","-43.2973"
652,652-MEIER X CASCADURA (VIA LINS) - CIRCULAR,Fetranspor,144,17413314,"-22.8869","-43.2971"
652,652-MEIER X CASCADURA (VIA LINS) - CIRCULAR,Fetranspor,145,17413314,"-22.8869","-43.2971"
652,652-MEIER X CASCADURA (VIA LINS) - CIRCULAR,Fetranspor,146,17413314,"-22.8877","-43.2965"
652,652-MEIER X CASCADURA (VIA LINS) - CIRCULAR,Fetranspor,147,17413314,"-22.8877","-43.2964"
652,652-MEIER X CASCADURA (VIA LINS) - CIRCULAR,Fetranspor,148,17413314,"-22.8877","-43.2964"
652,652-MEIER X CASCADURA (VIA LINS) - CIRCULAR,Fetranspor,149,17413314,"-22.8887","-43.2985"
652,652-MEIER X CASCADURA (VIA LINS) - CIRCULAR,Fetranspor,150,17413314,"-22.8887","-43.2985"
652,652-MEIER X CASCADURA (VIA LINS) - CIRCULAR,Fetranspor,151,17413314,"-22.8899","-43.301"
652,652-MEIER X CASCADURA (VIA LINS) - CIRCULAR,Fetranspor,152,17413314,"-22.89","-43.301"
652,652-MEIER X CASCADURA (VIA LINS) - CIRCULAR,Fetranspor,153,17413314,"-22.89","-43.301"
652,652-MEIER X CASCADURA (VIA LINS) - CIRCULAR,Fetranspor,154,17413314,"-22.8899","-43.3011"
652,652-MEIER X CASCADURA (VIA LINS) - CIRCULAR,Fetranspor,155,17413314,"-22.8899","-43.3011"
652,652-MEIER X CASCADURA (VIA LINS) - CIRCULAR,Fetranspor,156,17413314,"-22.8899","-43.3011"
652,652-MEIER X CASCADURA (VIA LINS) - CIRCULAR,Fetranspor,157,17413314,"-22.8899","-43.3011"
652,652-MEIER X CASCADURA (VIA LINS) - CIRCULAR,Fetranspor,158,17413314,"-22.8899","-43.3021"
652,652-MEIER X CASCADURA (VIA LINS) - CIRCULAR,Fetranspor,159,17413314,"-22.8899","-43.3021"
652,652-MEIER X CASCADURA (VIA LINS) - CIRCULAR,Fetranspor,160,17413314,"-22.8899","-43.3031"
652,652-MEIER X CASCADURA (VIA LINS) - CIRCULAR,Fetranspor,161,17413314,"-22.8899","-43.3032"
652,652-MEIER X CASCADURA (VIA LINS) - CIRCULAR,Fetranspor,162,17413314,"-22.8899","-43.3032"
652,652-MEIER X CASCADURA (VIA LINS) - CIRCULAR,Fetranspor,163,17413314,"-22.8902","-43.3032"
652,652-MEIER X CASCADURA (VIA LINS) - CIRCULAR,Fetranspor,164,17413314,"-22.8912","-43.3032"
652,652-MEIER X CASCADURA (VIA LINS) - CIRCULAR,Fetranspor,165,17413314,"-22.8912","-43.3032"
652,652-MEIER X CASCADURA (VIA LINS) - CIRCULAR,Fetranspor,166,17413314,"-22.8923","-43.3032"
652,652-MEIER X CASCADURA (VIA LINS) - CIRCULAR,Fetranspor,167,17413314,"-22.8923","-43.3032"
652,652-MEIER X CASCADURA (VIA LINS) - CIRCULAR,Fetranspor,168,17413314,"-22.8927","-43.3032"
652,652-MEIER X CASCADURA (VIA LINS) - CIRCULAR,Fetranspor,169,17413314,"-22.8928","-43.3032"
652,652-MEIER X CASCADURA (VIA LINS) - CIRCULAR,Fetranspor,170,17413314,"-22.8928","-43.3032"
652,652-MEIER X CASCADURA (VIA LINS) - CIRCULAR,Fetranspor,171,17413314,"-22.8931","-43.3034"
652,652-MEIER X CASCADURA (VIA LINS) - CIRCULAR,Fetranspor,172,17413314,"-22.894","-43.3039"
652,652-MEIER X CASCADURA (VIA LINS) - CIRCULAR,Fetranspor,173,17413314,"-22.894","-43.3039"
652,652-MEIER X CASCADURA (VIA LINS) - CIRCULAR,Fetranspor,174,17413314,"-22.8945","-43.3028"
652,652-MEIER X CASCADURA (VIA LINS) - CIRCULAR,Fetranspor,175,17413314,"-22.8946","-43.3026"
652,652-MEIER X CASCADURA (VIA LINS) - CIRCULAR,Fetranspor,176,17413314,"-22.8946","-43.3026"
652,652-MEIER X CASCADURA (VIA LINS) - CIRCULAR,Fetranspor,177,17413314,"-22.8947","-43.3025"
652,652-MEIER X CASCADURA (VIA LINS) - CIRCULAR,Fetranspor,178,17413314,"-22.8947","-43.3025"
652,652-MEIER X CASCADURA (VIA LINS) - CIRCULAR,Fetranspor,179,17413314,"-22.895","-43.3018"
652,652-MEIER X CASCADURA (VIA LINS) - CIRCULAR,Fetranspor,180,17413314,"-22.8953","-43.3012"
652,652-MEIER X CASCADURA (VIA LINS) - CIRCULAR,Fetranspor,181,17413314,"-22.8953","-43.3012"
652,652-MEIER X CASCADURA (VIA LINS) - CIRCULAR,Fetranspor,182,17413314,"-22.8953","-43.3009"
652,652-MEIER X CASCADURA (VIA LINS) - CIRCULAR,Fetranspor,183,17413314,"-22.8953","-43.3009"
652,652-MEIER X CASCADURA (VIA LINS) - CIRCULAR,Fetranspor,184,17413314,"-22.8953","-43.3007"
652,652-MEIER X CASCADURA (VIA LINS) - CIRCULAR,Fetranspor,185,17413314,"-22.8953","-43.3005"
652,652-MEIER X CASCADURA (VIA LINS) - CIRCULAR,Fetranspor,186,17413314,"-22.8953","-43.2987"
652,652-MEIER X CASCADURA (VIA LINS) - CIRCULAR,Fetranspor,187,17413314,"-22.8953","-43.2987"
652,652-MEIER X CASCADURA (VIA LINS) - CIRCULAR,Fetranspor,188,17413314,"-22.8953","-43.2965"
652,652-MEIER X CASCADURA (VIA LINS) - CIRCULAR,Fetranspor,189,17413314,"-22.8953","-43.296"
652,652-MEIER X CASCADURA (VIA LINS) - CIRCULAR,Fetranspor,190,17413314,"-22.8953","-43.2958"
652,652-MEIER X CASCADURA (VIA LINS) - CIRCULAR,Fetranspor,191,17413314,"-22.8953","-43.2958"
652,652-MEIER X CASCADURA (VIA LINS) - CIRCULAR,Fetranspor,192,17413314,"-22.8952","-43.2949"
652,652-MEIER X CASCADURA (VIA LINS) - CIRCULAR,Fetranspor,193,17413314,"-22.8951","-43.2945"
652,652-MEIER X CASCADURA (VIA LINS) - CIRCULAR,Fetranspor,194,17413314,"-22.8951","-43.2944"
652,652-MEIER X CASCADURA (VIA LINS) - CIRCULAR,Fetranspor,195,17413314,"-22.8951","-43.2942"
652,652-MEIER X CASCADURA (VIA LINS) - CIRCULAR,Fetranspor,196,17413314,"-22.8951","-43.2942"
652,652-MEIER X CASCADURA (VIA LINS) - CIRCULAR,Fetranspor,197,17413314,"-22.8951","-43.2942"
652,652-MEIER X CASCADURA (VIA LINS) - CIRCULAR,Fetranspor,198,17413314,"-22.8951","-43.2939"
652,652-MEIER X CASCADURA (VIA LINS) - CIRCULAR,Fetranspor,199,17413314,"-22.8951","-43.2937"
652,652-MEIER X CASCADURA (VIA LINS) - CIRCULAR,Fetranspor,200,17413314,"-22.8952","-43.2932"
652,652-MEIER X CASCADURA (VIA LINS) - CIRCULAR,Fetranspor,201,17413314,"-22.8953","-43.2926"
652,652-MEIER X CASCADURA (VIA LINS) - CIRCULAR,Fetranspor,202,17413314,"-22.8954","-43.292"
652,652-MEIER X CASCADURA (VIA LINS) - CIRCULAR,Fetranspor,203,17413314,"-22.8955","-43.2912"
652,652-MEIER X CASCADURA (VIA LINS) - CIRCULAR,Fetranspor,204,17413314,"-22.8955","-43.2912"
652,652-MEIER X CASCADURA (VIA LINS) - CIRCULAR,Fetranspor,205,17413314,"-22.8955","-43.2911"
652,652-MEIER X CASCADURA (VIA LINS) - CIRCULAR,Fetranspor,206,17413314,"-22.8955","-43.2911"
652,652-MEIER X CASCADURA (VIA LINS) - CIRCULAR,Fetranspor,207,17413314,"-22.8956","-43.2911"
652,652-MEIER X CASCADURA (VIA LINS) - CIRCULAR,Fetranspor,208,17413314,"-22.8958","-43.2902"
652,652-MEIER X CASCADURA (VIA LINS) - CIRCULAR,Fetranspor,209,17413314,"-22.8958","-43.2902"
652,652-MEIER X CASCADURA (VIA LINS) - CIRCULAR,Fetranspor,210,17413314,"-22.8958","-43.2902"
652,652-MEIER X CASCADURA (VIA LINS) - CIRCULAR,Fetranspor,211,17413314,"-22.896","-43.2894"
652,652-MEIER X CASCADURA (VIA LINS) - CIRCULAR,Fetranspor,212,17413314,"-22.896","-43.2894"
652,652-MEIER X CASCADURA (VIA LINS) - CIRCULAR,Fetranspor,213,17413314,"-22.8961","-43.2891"
652,652-MEIER X CASCADURA (VIA LINS) - CIRCULAR,Fetranspor,214,17413314,"-22.8961","-43.2891"
652,652-MEIER X CASCADURA (VIA LINS) - CIRCULAR,Fetranspor,215,17413314,"-22.8968","-43.2866"
652,652-MEIER X CASCADURA (VIA LINS) - CIRCULAR,Fetranspor,216,17413314,"-22.8968","-43.2866"
652,652-MEIER X CASCADURA (VIA LINS) - CIRCULAR,Fetranspor,217,17413314,"-22.8969","-43.2859"
652,652-MEIER X CASCADURA (VIA LINS) - CIRCULAR,Fetranspor,218,17413314,"-22.897","-43.2856"
652,652-MEIER X CASCADURA (VIA LINS) - CIRCULAR,Fetranspor,219,17413314,"-22.897","-43.2856"
652,652-MEIER X CASCADURA (VIA LINS) - CIRCULAR,Fetranspor,220,17413314,"-22.8971","-43.2845"
652,652-MEIER X CASCADURA (VIA LINS) - CIRCULAR,Fetranspor,221,17413314,"-22.8971","-43.2845"
652,652-MEIER X CASCADURA (VIA LINS) - CIRCULAR,Fetranspor,222,17413314,"-22.8972","-43.284"
652,652-MEIER X CASCADURA (VIA LINS) - CIRCULAR,Fetranspor,223,17413314,"-22.8972","-43.284"
652,652-MEIER X CASCADURA (VIA LINS) - CIRCULAR,Fetranspor,224,17413314,"-22.8973","-43.2837"
652,652-MEIER X CASCADURA (VIA LINS) - CIRCULAR,Fetranspor,225,17413314,"-22.8974","-43.2833"
652,652-MEIER X CASCADURA (VIA LINS) - CIRCULAR,Fetranspor,226,17413314,"-22.8974","-43.2833"
652,652-MEIER X CASCADURA (VIA LINS) - CIRCULAR,Fetranspor,227,17413314,"-22.8976","-43.2827"
652,652-MEIER X CASCADURA (VIA LINS) - CIRCULAR,Fetranspor,228,17413314,"-22.8977","-43.2824"
652,652-MEIER X CASCADURA (VIA LINS) - CIRCULAR,Fetranspor,229,17413314,"-22.8979","-43.2821"
652,652-MEIER X CASCADURA (VIA LINS) - CIRCULAR,Fetranspor,230,17413314,"-22.8979","-43.2821"
652,652-MEIER X CASCADURA (VIA LINS) - CIRCULAR,Fetranspor,231,17413314,"-22.898","-43.2818"
652,652-MEIER X CASCADURA (VIA LINS) - CIRCULAR,Fetranspor,232,17413314,"-22.8983","-43.2813"
652,652-MEIER X CASCADURA (VIA LINS) - CIRCULAR,Fetranspor,233,17413314,"-22.8985","-43.2811"
652,652-MEIER X CASCADURA (VIA LINS) - CIRCULAR,Fetranspor,234,17413314,"-22.8986","-43.281"
652,652-MEIER X CASCADURA (VIA LINS) - CIRCULAR,Fetranspor,235,17413314,"-22.8991","-43.2804"
652,652-MEIER X CASCADURA (VIA LINS) - CIRCULAR,Fetranspor,236,17413314,"-22.8991","-43.2804"
652,652-MEIER X CASCADURA (VIA LINS) - CIRCULAR,Fetranspor,237,17413314,"-22.899","-43.2803"
652,652-MEIER X CASCADURA (VIA LINS) - CIRCULAR,Fetranspor,238,17413314,"-22.8984","-43.2799"
652,652-MEIER X CASCADURA (VIA LINS) - CIRCULAR,Fetranspor,239,17413314,"-22.8984","-43.2799"
652,652-MEIER X CASCADURA (VIA LINS) - CIRCULAR,Fetranspor,240,17413314,"-22.8982","-43.2797"
652,652-MEIER X CASCADURA (VIA LINS) - CIRCULAR,Fetranspor,241,17413314,"-22.8982","-43.2797"
652,652-MEIER X CASCADURA (VIA LINS) - CIRCULAR,Fetranspor,242,17413314,"-22.8987","-43.2792"
652,652-MEIER X CASCADURA (VIA LINS) - CIRCULAR,Fetranspor,243,17413314,"-22.8987","-43.2792"
652,652-MEIER X CASCADURA (VIA LINS) - CIRCULAR,Fetranspor,244,17413314,"-22.8989","-43.2789"
652,652-MEIER X CASCADURA (VIA LINS) - CIRCULAR,Fetranspor,245,17413314,"-22.8993","-43.2786"
652,652-MEIER X CASCADURA (VIA LINS) - CIRCULAR,Fetranspor,246,17413314,"-22.8993","-43.2786"
652,652-MEIER X CASCADURA (VIA LINS) - CIRCULAR,Fetranspor,247,17413314,"-22.8993","-43.2785"
652,652-MEIER X CASCADURA (VIA LINS) - CIRCULAR,Fetranspor,248,17413314,"-22.8993","-43.2785"
652,652-MEIER X CASCADURA (VIA LINS) - CIRCULAR,Fetranspor,249,17413314,"-22.9001","-43.2794"
652,652-MEIER X CASCADURA (VIA LINS) - CIRCULAR,Fetranspor,250,17413314,"-22.9002","-43.2795"
652,652-MEIER X CASCADURA (VIA LINS) - CIRCULAR,Fetranspor,251,17413314,"-22.9002","-43.2796"
652,652-MEIER X CASCADURA (VIA LINS) - CIRCULAR,Fetranspor,252,17413314,"-22.9003","-43.2797"
652,652-MEIER X CASCADURA (VIA LINS) - CIRCULAR,Fetranspor,253,17413314,"-22.9002","-43.2799"
652,652-MEIER X CASCADURA (VIA LINS) - CIRCULAR,Fetranspor,254,17413314,"-22.9002","-43.28"
652,652-MEIER X CASCADURA (VIA LINS) - CIRCULAR,Fetranspor,255,17413314,"-22.9002","-43.2802"
652,652-MEIER X CASCADURA (VIA LINS) - CIRCULAR,Fetranspor,256,17413314,"-22.9001","-43.2802"
652,652-MEIER X CASCADURA (VIA LINS) - CIRCULAR,Fetranspor,257,17413314,"-22.9001","-43.2803"
652,652-MEIER X CASCADURA (VIA LINS) - CIRCULAR,Fetranspor,258,17413314,"-22.9","-43.2804"
652,652-MEIER X CASCADURA (VIA LINS) - CIRCULAR,Fetranspor,259,17413314,"-22.8998","-43.2806"
652,652-MEIER X CASCADURA (VIA LINS) - CIRCULAR,Fetranspor,260,17413314,"-22.8998","-43.2806"
652,652-MEIER X CASCADURA (VIA LINS) - CIRCULAR,Fetranspor,261,17413314,"-22.8997","-43.2807"
652,652-MEIER X CASCADURA (VIA LINS) - CIRCULAR,Fetranspor,262,17413314,"-22.8997","-43.2807"
652,652-MEIER X CASCADURA (VIA LINS) - CIRCULAR,Fetranspor,263,17413314,"-22.8997","-43.2808"
652,652-MEIER X CASCADURA (VIA LINS) - CIRCULAR,Fetranspor,264,17413314,"-22.8997","-43.2809"
652,652-MEIER X CASCADURA (VIA LINS) - CIRCULAR,Fetranspor,265,17413314,"-22.8997","-43.281"
652,652-MEIER X CASCADURA (VIA LINS) - CIRCULAR,Fetranspor,266,17413314,"-22.8998","-43.2811"
652,652-MEIER X CASCADURA (VIA LINS) - CIRCULAR,Fetranspor,267,17413314,"-22.8999","-43.2813"
652,652-MEIER X CASCADURA (VIA LINS) - CIRCULAR,Fetranspor,268,17413314,"-22.8999","-43.2813"
652,652-MEIER X CASCADURA (VIA LINS) - CIRCULAR,Fetranspor,269,17413314,"-22.9","-43.2814"
652,652-MEIER X CASCADURA (VIA LINS) - CIRCULAR,Fetranspor,270,17413314,"-22.9005","-43.2819"
652,652-MEIER X CASCADURA (VIA LINS) - CIRCULAR,Fetranspor,271,17413314,"-22.9005","-43.2819"
652,652-MEIER X CASCADURA (VIA LINS) - CIRCULAR,Fetranspor,272,17413314,"-22.901","-43.2814"
652,652-MEIER X CASCADURA (VIA LINS) - CIRCULAR,Fetranspor,273,17413314,"-22.901","-43.2814"
652,652-MEIER X CASCADURA (VIA LINS) - CIRCULAR,Fetranspor,274,17413314,"-22.9014","-43.281"
652,652-MEIER X CASCADURA (VIA LINS) - CIRCULAR,Fetranspor,275,17413314,"-22.9014","-43.281"
652,652-MEIER X CASCADURA (VIA LINS) - CIRCULAR,Fetranspor,276,17413314,"-22.9019","-43.2804"
652,652-MEIER X CASCADURA (VIA LINS) - CIRCULAR,Fetranspor,277,17413314,"-22.902","-43.2803"
652,652-MEIER X CASCADURA (VIA LINS) - CIRCULAR,Fetranspor,278,17413314,"-22.902","-43.2803"
652,652-MEIER X CASCADURA (VIA LINS) - CIRCULAR,Fetranspor,279,17413314,"-22.9021","-43.2803"
652,652-MEIER X CASCADURA (VIA LINS) - CIRCULAR,Fetranspor,280,17413314,"-22.9021","-43.2803"
652,652-MEIER X CASCADURA (VIA LINS) - CIRCULAR,Fetranspor,281,17413314,"-22.9024","-43.2802"
652,652-MEIER X CASCADURA (VIA LINS) - CIRCULAR,Fetranspor,282,17413314,"-22.9024","-43.2802"
652,652-MEIER X CASCADURA (VIA LINS) - CIRCULAR,Fetranspor,283,17413314,"-22.9029","-43.2797"
652,652-MEIER X CASCADURA (VIA LINS) - CIRCULAR,Fetranspor,284,17413314,"-22.9029","-43.2797"
652,652-MEIER X CASCADURA (VIA LINS) - CIRCULAR,Fetranspor,285,17413314,"-22.9034","-43.2791"
652,652-MEIER X CASCADURA (VIA LINS) - CIRCULAR,Fetranspor,286,17413314,"-22.9034","-43.2791"
652,652-MEIER X CASCADURA (VIA LINS) - CIRCULAR,Fetranspor,287,17413314,"-22.9023","-43.2777"
652,652-MEIER X CASCADURA (VIA LINS) - CIRCULAR,Fetranspor,288,17413314,"-22.9023","-43.2777"
652,652-MEIER X CASCADURA (VIA LINS) - CIRCULAR,Fetranspor,289,17413314,"-22.9021","-43.2778"
652,652-MEIER X CASCADURA (VIA LINS) - CIRCULAR,Fetranspor,290,17413314,"-22.9021","-43.2778"
652,652-MEIER X CASCADURA (VIA LINS) - CIRCULAR,Fetranspor,291,17413314,"-22.902","-43.278"
652,652-MEIER X CASCADURA (VIA LINS) - CIRCULAR,Fetranspor,292,17413314,"-22.9012","-43.2788"
652,652-MEIER X CASCADURA (VIA LINS) - CIRCULAR,Fetranspor,293,17413314,"-22.901","-43.2789"
652,652-MEIER X CASCADURA (VIA LINS) - CIRCULAR,Fetranspor,294,17413314,"-22.901","-43.2789"
652,652-MEIER X CASCADURA (VIA LINS) - CIRCULAR,Fetranspor,295,17413314,"-22.9006","-43.2794"
652,652-MEIER X CASCADURA (VIA LINS) - CIRCULAR,Fetranspor,296,17413314,"-22.9006","-43.2794"
652,652-MEIER X CASCADURA (VIA LINS) - CIRCULAR,Fetranspor,297,17413314,"-22.9004","-43.2795"
652,652-MEIER X CASCADURA (VIA LINS) - CIRCULAR,Fetranspor,298,17413314,"-22.9003","-43.2797"
652,652-MEIER X CASCADURA (VIA LINS) - CIRCULAR,Fetranspor,299,17413314,"-22.9003","-43.2797"
652,652-MEIER X CASCADURA (VIA LINS) - CIRCULAR,Fetranspor,300,17413314,"-22.9003","-43.2797"
652,652-MEIER X CASCADURA (VIA LINS) - CIRCULAR,Fetranspor,301,17413314,"-22.8995","-43.2805"
652,652-MEIER X CASCADURA (VIA LINS) - CIRCULAR,Fetranspor,302,17413314,"-22.8992","-43.2809"
652,652-MEIER X CASCADURA (VIA LINS) - CIRCULAR,Fetranspor,0,17742811,"-22.9003","-43.2797"
652,652-MEIER X CASCADURA (VIA LINS) - CIRCULAR,Fetranspor,1,17742811,"-22.9003","-43.2797"
652,652-MEIER X CASCADURA (VIA LINS) - CIRCULAR,Fetranspor,2,17742811,"-22.8995","-43.2805"
652,652-MEIER X CASCADURA (VIA LINS) - CIRCULAR,Fetranspor,3,17742811,"-22.8992","-43.2809"
652,652-MEIER X CASCADURA (VIA LINS) - CIRCULAR,Fetranspor,4,17742811,"-22.8992","-43.2809"
652,652-MEIER X CASCADURA (VIA LINS) - CIRCULAR,Fetranspor,5,17742811,"-22.8993","-43.2808"
652,652-MEIER X CASCADURA (VIA LINS) - CIRCULAR,Fetranspor,6,17742811,"-22.8994","-43.2808"
652,652-MEIER X CASCADURA (VIA LINS) - CIRCULAR,Fetranspor,7,17742811,"-22.8994","-43.2808"
652,652-MEIER X CASCADURA (VIA LINS) - CIRCULAR,Fetranspor,8,17742811,"-22.8996","-43.2809"
652,652-MEIER X CASCADURA (VIA LINS) - CIRCULAR,Fetranspor,9,17742811,"-22.8997","-43.281"
652,652-MEIER X CASCADURA (VIA LINS) - CIRCULAR,Fetranspor,10,17742811,"-22.8997","-43.281"
652,652-MEIER X CASCADURA (VIA LINS) - CIRCULAR,Fetranspor,11,17742811,"-22.8998","-43.2812"
652,652-MEIER X CASCADURA (VIA LINS) - CIRCULAR,Fetranspor,12,17742811,"-22.8999","-43.2813"
652,652-MEIER X CASCADURA (VIA LINS) - CIRCULAR,Fetranspor,13,17742811,"-22.8999","-43.2813"
652,652-MEIER X CASCADURA (VIA LINS) - CIRCULAR,Fetranspor,14,17742811,"-22.9","-43.2814"
652,652-MEIER X CASCADURA (VIA LINS) - CIRCULAR,Fetranspor,15,17742811,"-22.9005","-43.2819"
652,652-MEIER X CASCADURA (VIA LINS) - CIRCULAR,Fetranspor,16,17742811,"-22.9005","-43.2819"
652,652-MEIER X CASCADURA (VIA LINS) - CIRCULAR,Fetranspor,17,17742811,"-22.9008","-43.2822"
652,652-MEIER X CASCADURA (VIA LINS) - CIRCULAR,Fetranspor,18,17742811,"-22.9009","-43.2823"
652,652-MEIER X CASCADURA (VIA LINS) - CIRCULAR,Fetranspor,19,17742811,"-22.901","-43.2824"
652,652-MEIER X CASCADURA (VIA LINS) - CIRCULAR,Fetranspor,20,17742811,"-22.901","-43.2824"
652,652-MEIER X CASCADURA (VIA LINS) - CIRCULAR,Fetranspor,21,17742811,"-22.901","-43.2824"
652,652-MEIER X CASCADURA (VIA LINS) - CIRCULAR,Fetranspor,22,17742811,"-22.901","-43.2823"
652,652-MEIER X CASCADURA (VIA LINS) - CIRCULAR,Fetranspor,23,17742811,"-22.9011","-43.2823"
652,652-MEIER X CASCADURA (VIA LINS) - CIRCULAR,Fetranspor,24,17742811,"-22.9011","-43.2823"
652,652-MEIER X CASCADURA (VIA LINS) - CIRCULAR,Fetranspor,25,17742811,"-22.9014","-43.2819"
652,652-MEIER X CASCADURA (VIA LINS) - CIRCULAR,Fetranspor,26,17742811,"-22.9014","-43.2819"
652,652-MEIER X CASCADURA (VIA LINS) - CIRCULAR,Fetranspor,27,17742811,"-22.9018","-43.2815"
652,652-MEIER X CASCADURA (VIA LINS) - CIRCULAR,Fetranspor,28,17742811,"-22.9018","-43.2815"
652,652-MEIER X CASCADURA (VIA LINS) - CIRCULAR,Fetranspor,29,17742811,"-22.9022","-43.2811"
652,652-MEIER X CASCADURA (VIA LINS) - CIRCULAR,Fetranspor,30,17742811,"-22.9023","-43.281"
652,652-MEIER X CASCADURA (VIA LINS) - CIRCULAR,Fetranspor,31,17742811,"-22.9023","-43.281"
652,652-MEIER X CASCADURA (VIA LINS) - CIRCULAR,Fetranspor,32,17742811,"-22.9024","-43.2813"
652,652-MEIER X CASCADURA (VIA LINS) - CIRCULAR,Fetranspor,33,17742811,"-22.9025","-43.2815"
652,652-MEIER X CASCADURA (VIA LINS) - CIRCULAR,Fetranspor,34,17742811,"-22.9025","-43.2815"
652,652-MEIER X CASCADURA (VIA LINS) - CIRCULAR,Fetranspor,35,17742811,"-22.9026","-43.2817"
652,652-MEIER X CASCADURA (VIA LINS) - CIRCULAR,Fetranspor,36,17742811,"-22.903","-43.2826"
652,652-MEIER X CASCADURA (VIA LINS) - CIRCULAR,Fetranspor,37,17742811,"-22.9032","-43.2829"
652,652-MEIER X CASCADURA (VIA LINS) - CIRCULAR,Fetranspor,38,17742811,"-22.9033","-43.2832"
652,652-MEIER X CASCADURA (VIA LINS) - CIRCULAR,Fetranspor,39,17742811,"-22.9035","-43.2839"
652,652-MEIER X CASCADURA (VIA LINS) - CIRCULAR,Fetranspor,40,17742811,"-22.9036","-43.2843"
652,652-MEIER X CASCADURA (VIA LINS) - CIRCULAR,Fetranspor,41,17742811,"-22.9036","-43.2843"
652,652-MEIER X CASCADURA (VIA LINS) - CIRCULAR,Fetranspor,42,17742811,"-22.9037","-43.2845"
652,652-MEIER X CASCADURA (VIA LINS) - CIRCULAR,Fetranspor,43,17742811,"-22.904","-43.2851"
652,652-MEIER X CASCADURA (VIA LINS) - CIRCULAR,Fetranspor,44,17742811,"-22.904","-43.2852"
652,652-MEIER X CASCADURA (VIA LINS) - CIRCULAR,Fetranspor,45,17742811,"-22.904","-43.2853"
652,652-MEIER X CASCADURA (VIA LINS) - CIRCULAR,Fetranspor,46,17742811,"-22.9041","-43.2855"
652,652-MEIER X CASCADURA (VIA LINS) - CIRCULAR,Fetranspor,47,17742811,"-22.9042","-43.2857"
652,652-MEIER X CASCADURA (VIA LINS) - CIRCULAR,Fetranspor,48,17742811,"-22.9042","-43.286"
652,652-MEIER X CASCADURA (VIA LINS) - CIRCULAR,Fetranspor,49,17742811,"-22.9042","-43.286"
652,652-MEIER X CASCADURA (VIA LINS) - CIRCULAR,Fetranspor,50,17742811,"-22.9043","-43.2865"
652,652-MEIER X CASCADURA (VIA LINS) - CIRCULAR,Fetranspor,51,17742811,"-22.9043","-43.2865"
652,652-MEIER X CASCADURA (VIA LINS) - CIRCULAR,Fetranspor,52,17742811,"-22.9043","-43.2867"
652,652-MEIER X CASCADURA (VIA LINS) - CIRCULAR,Fetranspor,53,17742811,"-22.9043","-43.2867"
652,652-MEIER X CASCADURA (VIA LINS) - CIRCULAR,Fetranspor,54,17742811,"-22.9044","-43.2873"
652,652-MEIER X CASCADURA (VIA LINS) - CIRCULAR,Fetranspor,55,17742811,"-22.9044","-43.2873"
652,652-MEIER X CASCADURA (VIA LINS) - CIRCULAR,Fetranspor,56,17742811,"-22.9044","-43.2876"
652,652-MEIER X CASCADURA (VIA LINS) - CIRCULAR,Fetranspor,57,17742811,"-22.9045","-43.2879"
652,652-MEIER X CASCADURA (VIA LINS) - CIRCULAR,Fetranspor,58,17742811,"-22.9045","-43.288"
652,652-MEIER X CASCADURA (VIA LINS) - CIRCULAR,Fetranspor,59,17742811,"-22.9045","-43.288"
652,652-MEIER X CASCADURA (VIA LINS) - CIRCULAR,Fetranspor,60,17742811,"-22.9045","-43.2881"
652,652-MEIER X CASCADURA (VIA LINS) - CIRCULAR,Fetranspor,61,17742811,"-22.9048","-43.2888"
652,652-MEIER X CASCADURA (VIA LINS) - CIRCULAR,Fetranspor,62,17742811,"-22.9048","-43.2889"
652,652-MEIER X CASCADURA (VIA LINS) - CIRCULAR,Fetranspor,63,17742811,"-22.9048","-43.2889"
652,652-MEIER X CASCADURA (VIA LINS) - CIRCULAR,Fetranspor,64,17742811,"-22.9047","-43.2889"
652,652-MEIER X CASCADURA (VIA LINS) - CIRCULAR,Fetranspor,65,17742811,"-22.9037","-43.289"
652,652-MEIER X CASCADURA (VIA LINS) - CIRCULAR,Fetranspor,66,17742811,"-22.9037","-43.289"
652,652-MEIER X CASCADURA (VIA LINS) - CIRCULAR,Fetranspor,67,17742811,"-22.9037","-43.2898"
652,652-MEIER X CASCADURA (VIA LINS) - CIRCULAR,Fetranspor,68,17742811,"-22.9037","-43.2899"
652,652-MEIER X CASCADURA (VIA LINS) - CIRCULAR,Fetranspor,69,17742811,"-22.9037","-43.2899"
652,652-MEIER X CASCADURA (VIA LINS) - CIRCULAR,Fetranspor,70,17742811,"-22.9038","-43.2906"
652,652-MEIER X CASCADURA (VIA LINS) - CIRCULAR,Fetranspor,71,17742811,"-22.9038","-43.2908"
652,652-MEIER X CASCADURA (VIA LINS) - CIRCULAR,Fetranspor,72,17742811,"-22.9038","-43.2908"
652,652-MEIER X CASCADURA (VIA LINS) - CIRCULAR,Fetranspor,73,17742811,"-22.9038","-43.2908"
652,652-MEIER X CASCADURA (VIA LINS) - CIRCULAR,Fetranspor,74,17742811,"-22.9038","-43.2908"
652,652-MEIER X CASCADURA (VIA LINS) - CIRCULAR,Fetranspor,75,17742811,"-22.9038","-43.2916"
652,652-MEIER X CASCADURA (VIA LINS) - CIRCULAR,Fetranspor,76,17742811,"-22.9038","-43.2916"
652,652-MEIER X CASCADURA (VIA LINS) - CIRCULAR,Fetranspor,77,17742811,"-22.9039","-43.2923"
652,652-MEIER X CASCADURA (VIA LINS) - CIRCULAR,Fetranspor,78,17742811,"-22.9039","-43.2923"
652,652-MEIER X CASCADURA (VIA LINS) - CIRCULAR,Fetranspor,79,17742811,"-22.9039","-43.293"
652,652-MEIER X CASCADURA (VIA LINS) - CIRCULAR,Fetranspor,80,17742811,"-22.9039","-43.293"
652,652-MEIER X CASCADURA (VIA LINS) - CIRCULAR,Fetranspor,81,17742811,"-22.904","-43.293"
652,652-MEIER X CASCADURA (VIA LINS) - CIRCULAR,Fetranspor,82,17742811,"-22.9052","-43.2929"
652,652-MEIER X CASCADURA (VIA LINS) - CIRCULAR,Fetranspor,83,17742811,"-22.9053","-43.293"
652,652-MEIER X CASCADURA (VIA LINS) - CIRCULAR,Fetranspor,84,17742811,"-22.9053","-43.293"
652,652-MEIER X CASCADURA (VIA LINS) - CIRCULAR,Fetranspor,85,17742811,"-22.9052","-43.2922"
652,652-MEIER X CASCADURA (VIA LINS) - CIRCULAR,Fetranspor,86,17742811,"-22.9052","-43.2922"
652,652-MEIER X CASCADURA (VIA LINS) - CIRCULAR,Fetranspor,87,17742811,"-22.9057","-43.2921"
652,652-MEIER X CASCADURA (VIA LINS) - CIRCULAR,Fetranspor,88,17742811,"-22.9066","-43.292"
652,652-MEIER X CASCADURA (VIA LINS) - CIRCULAR,Fetranspor,89,17742811,"-22.9068","-43.292"
652,652-MEIER X CASCADURA (VIA LINS) - CIRCULAR,Fetranspor,90,17742811,"-22.907","-43.2919"
652,652-MEIER X CASCADURA (VIA LINS) - CIRCULAR,Fetranspor,91,17742811,"-22.907","-43.2919"
652,652-MEIER X CASCADURA (VIA LINS) - CIRCULAR,Fetranspor,92,17742811,"-22.9082","-43.2913"
652,652-MEIER X CASCADURA (VIA LINS) - CIRCULAR,Fetranspor,93,17742811,"-22.9082","-43.2913"
652,652-MEIER X CASCADURA (VIA LINS) - CIRCULAR,Fetranspor,94,17742811,"-22.9091","-43.2908"
652,652-MEIER X CASCADURA (VIA LINS) - CIRCULAR,Fetranspor,95,17742811,"-22.9091","-43.2908"
652,652-MEIER X CASCADURA (VIA LINS) - CIRCULAR,Fetranspor,96,17742811,"-22.9096","-43.2906"
652,652-MEIER X CASCADURA (VIA LINS) - CIRCULAR,Fetranspor,97,17742811,"-22.9098","-43.2905"
652,652-MEIER X CASCADURA (VIA LINS) - CIRCULAR,Fetranspor,98,17742811,"-22.9098","-43.2905"
652,652-MEIER X CASCADURA (VIA LINS) - CIRCULAR,Fetranspor,99,17742811,"-22.9098","-43.2904"
652,652-MEIER X CASCADURA (VIA LINS) - CIRCULAR,Fetranspor,100,17742811,"-22.9099","-43.2903"
652,652-MEIER X CASCADURA (VIA LINS) - CIRCULAR,Fetranspor,101,17742811,"-22.9099","-43.2899"
652,652-MEIER X CASCADURA (VIA LINS) - CIRCULAR,Fetranspor,102,17742811,"-22.91","-43.2898"
652,652-MEIER X CASCADURA (VIA LINS) - CIRCULAR,Fetranspor,103,17742811,"-22.91","-43.2896"
652,652-MEIER X CASCADURA (VIA LINS) - CIRCULAR,Fetranspor,104,17742811,"-22.91","-43.2896"
652,652-MEIER X CASCADURA (VIA LINS) - CIRCULAR,Fetranspor,105,17742811,"-22.9101","-43.2894"
652,652-MEIER X CASCADURA (VIA LINS) - CIRCULAR,Fetranspor,106,17742811,"-22.9102","-43.2893"
652,652-MEIER X CASCADURA (VIA LINS) - CIRCULAR,Fetranspor,107,17742811,"-22.9103","-43.2892"
652,652-MEIER X CASCADURA (VIA LINS) - CIRCULAR,Fetranspor,108,17742811,"-22.9105","-43.2891"
652,652-MEIER X CASCADURA (VIA LINS) - CIRCULAR,Fetranspor,109,17742811,"-22.9105","-43.2891"
652,652-MEIER X CASCADURA (VIA LINS) - CIRCULAR,Fetranspor,110,17742811,"-22.9106","-43.2891"
652,652-MEIER X CASCADURA (VIA LINS) - CIRCULAR,Fetranspor,111,17742811,"-22.9107","-43.289"
652,652-MEIER X CASCADURA (VIA LINS) - CIRCULAR,Fetranspor,112,17742811,"-22.9107","-43.2889"
652,652-MEIER X CASCADURA (VIA LINS) - CIRCULAR,Fetranspor,113,17742811,"-22.9107","-43.2888"
652,652-MEIER X CASCADURA (VIA LINS) - CIRCULAR,Fetranspor,114,17742811,"-22.9107","-43.2887"
652,652-MEIER X CASCADURA (VIA LINS) - CIRCULAR,Fetranspor,115,17742811,"-22.9107","-43.2887"
652,652-MEIER X CASCADURA (VIA LINS) - CIRCULAR,Fetranspor,116,17742811,"-22.9106","-43.2884"
652,652-MEIER X CASCADURA (VIA LINS) - CIRCULAR,Fetranspor,117,17742811,"-22.9106","-43.2884"
652,652-MEIER X CASCADURA (VIA LINS) - CIRCULAR,Fetranspor,118,17742811,"-22.9105","-43.288"
652,652-MEIER X CASCADURA (VIA LINS) - CIRCULAR,Fetranspor,119,17742811,"-22.9104","-43.2879"
652,652-MEIER X CASCADURA (VIA LINS) - CIRCULAR,Fetranspor,120,17742811,"-22.9104","-43.2879"
652,652-MEIER X CASCADURA (VIA LINS) - CIRCULAR,Fetranspor,121,17742811,"-22.9102","-43.2875"
652,652-MEIER X CASCADURA (VIA LINS) - CIRCULAR,Fetranspor,122,17742811,"-22.9102","-43.2875"
652,652-MEIER X CASCADURA (VIA LINS) - CIRCULAR,Fetranspor,123,17742811,"-22.9104","-43.2873"
652,652-MEIER X CASCADURA (VIA LINS) - CIRCULAR,Fetranspor,124,17742811,"-22.9108","-43.2871"
652,652-MEIER X CASCADURA (VIA LINS) - CIRCULAR,Fetranspor,125,17742811,"-22.9108","-43.2871"
652,652-MEIER X CASCADURA (VIA LINS) - CIRCULAR,Fetranspor,126,17742811,"-22.911","-43.287"
652,652-MEIER X CASCADURA (VIA LINS) - CIRCULAR,Fetranspor,127,17742811,"-22.911","-43.287"
652,652-MEIER X CASCADURA (VIA LINS) - CIRCULAR,Fetranspor,128,17742811,"-22.9116","-43.2867"
652,652-MEIER X CASCADURA (VIA LINS) - CIRCULAR,Fetranspor,129,17742811,"-22.9116","-43.2867"
652,652-MEIER X CASCADURA (VIA LINS) - CIRCULAR,Fetranspor,130,17742811,"-22.9119","-43.2865"
652,652-MEIER X CASCADURA (VIA LINS) - CIRCULAR,Fetranspor,131,17742811,"-22.9119","-43.2865"
652,652-MEIER X CASCADURA (VIA LINS) - CIRCULAR,Fetranspor,132,17742811,"-22.9113","-43.2855"
652,652-MEIER X CASCADURA (VIA LINS) - CIRCULAR,Fetranspor,133,17742811,"-22.9113","-43.2855"
652,652-MEIER X CASCADURA (VIA LINS) - CIRCULAR,Fetranspor,134,17742811,"-22.9115","-43.2853"
652,652-MEIER X CASCADURA (VIA LINS) - CIRCULAR,Fetranspor,135,17742811,"-22.9115","-43.2853"
652,652-MEIER X CASCADURA (VIA LINS) - CIRCULAR,Fetranspor,136,17742811,"-22.9118","-43.2851"
652,652-MEIER X CASCADURA (VIA LINS) - CIRCULAR,Fetranspor,137,17742811,"-22.9118","-43.2851"
652,652-MEIER X CASCADURA (VIA LINS) - CIRCULAR,Fetranspor,138,17742811,"-22.9122","-43.2849"
652,652-MEIER X CASCADURA (VIA LINS) - CIRCULAR,Fetranspor,139,17742811,"-22.9122","-43.2849"
652,652-MEIER X CASCADURA (VIA LINS) - CIRCULAR,Fetranspor,140,17742811,"-22.9128","-43.2845"
652,652-MEIER X CASCADURA (VIA LINS) - CIRCULAR,Fetranspor,141,17742811,"-22.9129","-43.2845"
652,652-MEIER X CASCADURA (VIA LINS) - CIRCULAR,Fetranspor,142,17742811,"-22.9129","-43.2845"
652,652-MEIER X CASCADURA (VIA LINS) - CIRCULAR,Fetranspor,143,17742811,"-22.9128","-43.2836"
652,652-MEIER X CASCADURA (VIA LINS) - CIRCULAR,Fetranspor,144,17742811,"-22.9128","-43.2836"
652,652-MEIER X CASCADURA (VIA LINS) - CIRCULAR,Fetranspor,145,17742811,"-22.9126","-43.2825"
652,652-MEIER X CASCADURA (VIA LINS) - CIRCULAR,Fetranspor,146,17742811,"-22.9126","-43.2825"
652,652-MEIER X CASCADURA (VIA LINS) - CIRCULAR,Fetranspor,147,17742811,"-22.9116","-43.2827"
652,652-MEIER X CASCADURA (VIA LINS) - CIRCULAR,Fetranspor,148,17742811,"-22.9116","-43.2827"
652,652-MEIER X CASCADURA (VIA LINS) - CIRCULAR,Fetranspor,149,17742811,"-22.9112","-43.2827"
652,652-MEIER X CASCADURA (VIA LINS) - CIRCULAR,Fetranspor,150,17742811,"-22.9112","-43.2827"
652,652-MEIER X CASCADURA (VIA LINS) - CIRCULAR,Fetranspor,151,17742811,"-22.9106","-43.2828"
652,652-MEIER X CASCADURA (VIA LINS) - CIRCULAR,Fetranspor,152,17742811,"-22.9098","-43.283"
652,652-MEIER X CASCADURA (VIA LINS) - CIRCULAR,Fetranspor,153,17742811,"-22.9098","-43.283"
652,652-MEIER X CASCADURA (VIA LINS) - CIRCULAR,Fetranspor,154,17742811,"-22.9101","-43.2834"
652,652-MEIER X CASCADURA (VIA LINS) - CIRCULAR,Fetranspor,155,17742811,"-22.9101","-43.2834"
652,652-MEIER X CASCADURA (VIA LINS) - CIRCULAR,Fetranspor,156,17742811,"-22.9105","-43.284"
652,652-MEIER X CASCADURA (VIA LINS) - CIRCULAR,Fetranspor,157,17742811,"-22.9105","-43.284"
652,652-MEIER X CASCADURA (VIA LINS) - CIRCULAR,Fetranspor,158,17742811,"-22.9113","-43.2855"
652,652-MEIER X CASCADURA (VIA LINS) - CIRCULAR,Fetranspor,159,17742811,"-22.9113","-43.2855"
652,652-MEIER X CASCADURA (VIA LINS) - CIRCULAR,Fetranspor,160,17742811,"-22.9105","-43.2859"
652,652-MEIER X CASCADURA (VIA LINS) - CIRCULAR,Fetranspor,161,17742811,"-22.9105","-43.2859"
652,652-MEIER X CASCADURA (VIA LINS) - CIRCULAR,Fetranspor,162,17742811,"-22.9097","-43.2863"
652,652-MEIER X CASCADURA (VIA LINS) - CIRCULAR,Fetranspor,163,17742811,"-22.9095","-43.2864"
652,652-MEIER X CASCADURA (VIA LINS) - CIRCULAR,Fetranspor,164,17742811,"-22.9095","-43.2864"
652,652-MEIER X CASCADURA (VIA LINS) - CIRCULAR,Fetranspor,165,17742811,"-22.9083","-43.2871"
652,652-MEIER X CASCADURA (VIA LINS) - CIRCULAR,Fetranspor,166,17742811,"-22.9083","-43.2871"
652,652-MEIER X CASCADURA (VIA LINS) - CIRCULAR,Fetranspor,167,17742811,"-22.9076","-43.2875"
652,652-MEIER X CASCADURA (VIA LINS) - CIRCULAR,Fetranspor,168,17742811,"-22.9074","-43.2876"
652,652-MEIER X CASCADURA (VIA LINS) - CIRCULAR,Fetranspor,169,17742811,"-22.9074","-43.2876"
652,652-MEIER X CASCADURA (VIA LINS) - CIRCULAR,Fetranspor,170,17742811,"-22.9048","-43.2889"
652,652-MEIER X CASCADURA (VIA LINS) - CIRCULAR,Fetranspor,171,17742811,"-22.9048","-43.2889"
652,652-MEIER X CASCADURA (VIA LINS) - CIRCULAR,Fetranspor,172,17742811,"-22.9049","-43.289"
652,652-MEIER X CASCADURA (VIA LINS) - CIRCULAR,Fetranspor,173,17742811,"-22.905","-43.2893"
652,652-MEIER X CASCADURA (VIA LINS) - CIRCULAR,Fetranspor,174,17742811,"-22.905","-43.2895"
652,652-MEIER X CASCADURA (VIA LINS) - CIRCULAR,Fetranspor,175,17742811,"-22.9051","-43.2898"
652,652-MEIER X CASCADURA (VIA LINS) - CIRCULAR,Fetranspor,176,17742811,"-22.9051","-43.2898"
652,652-MEIER X CASCADURA (VIA LINS) - CIRCULAR,Fetranspor,177,17742811,"-22.9051","-43.29"
652,652-MEIER X CASCADURA (VIA LINS) - CIRCULAR,Fetranspor,178,17742811,"-22.9051","-43.29"
652,652-MEIER X CASCADURA (VIA LINS) - CIRCULAR,Fetranspor,179,17742811,"-22.9051","-43.2906"
652,652-MEIER X CASCADURA (VIA LINS) - CIRCULAR,Fetranspor,180,17742811,"-22.9051","-43.2907"
652,652-MEIER X CASCADURA (VIA LINS) - CIRCULAR,Fetranspor,181,17742811,"-22.9051","-43.2907"
652,652-MEIER X CASCADURA (VIA LINS) - CIRCULAR,Fetranspor,182,17742811,"-22.9052","-43.2915"
652,652-MEIER X CASCADURA (VIA LINS) - CIRCULAR,Fetranspor,183,17742811,"-22.9052","-43.2915"
652,652-MEIER X CASCADURA (VIA LINS) - CIRCULAR,Fetranspor,184,17742811,"-22.9052","-43.2922"
652,652-MEIER X CASCADURA (VIA LINS) - CIRCULAR,Fetranspor,185,17742811,"-22.9052","-43.2922"
652,652-MEIER X CASCADURA (VIA LINS) - CIRCULAR,Fetranspor,186,17742811,"-22.9053","-43.293"
652,652-MEIER X CASCADURA (VIA LINS) - CIRCULAR,Fetranspor,187,17742811,"-22.9053","-43.293"
652,652-MEIER X CASCADURA (VIA LINS) - CIRCULAR,Fetranspor,188,17742811,"-22.9052","-43.2932"
652,652-MEIER X CASCADURA (VIA LINS) - CIRCULAR,Fetranspor,189,17742811,"-22.9051","-43.2934"
652,652-MEIER X CASCADURA (VIA LINS) - CIRCULAR,Fetranspor,190,17742811,"-22.9051","-43.2934"
652,652-MEIER X CASCADURA (VIA LINS) - CIRCULAR,Fetranspor,191,17742811,"-22.9047","-43.294"
652,652-MEIER X CASCADURA (VIA LINS) - CIRCULAR,Fetranspor,192,17742811,"-22.9047","-43.294"
652,652-MEIER X CASCADURA (VIA LINS) - CIRCULAR,Fetranspor,193,17742811,"-22.9045","-43.2945"
652,652-MEIER X CASCADURA (VIA LINS) - CIRCULAR,Fetranspor,194,17742811,"-22.9044","-43.2947"
652,652-MEIER X CASCADURA (VIA LINS) - CIRCULAR,Fetranspor,195,17742811,"-22.9044","-43.2947"
652,652-MEIER X CASCADURA (VIA LINS) - CIRCULAR,Fetranspor,196,17742811,"-22.9044","-43.295"
652,652-MEIER X CASCADURA (VIA LINS) - CIRCULAR,Fetranspor,197,17742811,"-22.9044","-43.295"
652,652-MEIER X CASCADURA (VIA LINS) - CIRCULAR,Fetranspor,198,17742811,"-22.9043","-43.2952"
652,652-MEIER X CASCADURA (VIA LINS) - CIRCULAR,Fetranspor,199,17742811,"-22.9042","-43.2954"
652,652-MEIER X CASCADURA (VIA LINS) - CIRCULAR,Fetranspor,200,17742811,"-22.9042","-43.2954"
652,652-MEIER X CASCADURA (VIA LINS) - CIRCULAR,Fetranspor,201,17742811,"-22.9038","-43.296"
652,652-MEIER X CASCADURA (VIA LINS) - CIRCULAR,Fetranspor,202,17742811,"-22.9038","-43.296"
652,652-MEIER X CASCADURA (VIA LINS) - CIRCULAR,Fetranspor,203,17742811,"-22.9037","-43.2962"
652,652-MEIER X CASCADURA (VIA LINS) - CIRCULAR,Fetranspor,204,17742811,"-22.9036","-43.2964"
652,652-MEIER X CASCADURA (VIA LINS) - CIRCULAR,Fetranspor,205,17742811,"-22.9034","-43.297"
652,652-MEIER X CASCADURA (VIA LINS) - CIRCULAR,Fetranspor,206,17742811,"-22.9034","-43.2971"
652,652-MEIER X CASCADURA (VIA LINS) - CIRCULAR,Fetranspor,207,17742811,"-22.9034","-43.2971"
652,652-MEIER X CASCADURA (VIA LINS) - CIRCULAR,Fetranspor,208,17742811,"-22.9021","-43.2967"
652,652-MEIER X CASCADURA (VIA LINS) - CIRCULAR,Fetranspor,209,17742811,"-22.9021","-43.2967"
652,652-MEIER X CASCADURA (VIA LINS) - CIRCULAR,Fetranspor,210,17742811,"-22.9009","-43.2963"
652,652-MEIER X CASCADURA (VIA LINS) - CIRCULAR,Fetranspor,211,17742811,"-22.9009","-43.2963"
652,652-MEIER X CASCADURA (VIA LINS) - CIRCULAR,Fetranspor,212,17742811,"-22.8996","-43.2959"
652,652-MEIER X CASCADURA (VIA LINS) - CIRCULAR,Fetranspor,213,17742811,"-22.8996","-43.2959"
652,652-MEIER X CASCADURA (VIA LINS) - CIRCULAR,Fetranspor,214,17742811,"-22.8983","-43.2955"
652,652-MEIER X CASCADURA (VIA LINS) - CIRCULAR,Fetranspor,215,17742811,"-22.8983","-43.2955"
652,652-MEIER X CASCADURA (VIA LINS) - CIRCULAR,Fetranspor,216,17742811,"-22.897","-43.2951"
652,652-MEIER X CASCADURA (VIA LINS) - CIRCULAR,Fetranspor,217,17742811,"-22.897","-43.2951"
652,652-MEIER X CASCADURA (VIA LINS) - CIRCULAR,Fetranspor,218,17742811,"-22.8969","-43.2951"
652,652-MEIER X CASCADURA (VIA LINS) - CIRCULAR,Fetranspor,219,17742811,"-22.8957","-43.2947"
652,652-MEIER X CASCADURA (VIA LINS) - CIRCULAR,Fetranspor,220,17742811,"-22.8957","-43.2947"
652,652-MEIER X CASCADURA (VIA LINS) - CIRCULAR,Fetranspor,221,17742811,"-22.8957","-43.2955"
652,652-MEIER X CASCADURA (VIA LINS) - CIRCULAR,Fetranspor,222,17742811,"-22.8957","-43.2962"
652,652-MEIER X CASCADURA (VIA LINS) - CIRCULAR,Fetranspor,223,17742811,"-22.8957","-43.2962"
652,652-MEIER X CASCADURA (VIA LINS) - CIRCULAR,Fetranspor,224,17742811,"-22.8957","-43.2971"
652,652-MEIER X CASCADURA (VIA LINS) - CIRCULAR,Fetranspor,225,17742811,"-22.8958","-43.2977"
652,652-MEIER X CASCADURA (VIA LINS) - CIRCULAR,Fetranspor,226,17742811,"-22.8958","-43.2977"
652,652-MEIER X CASCADURA (VIA LINS) - CIRCULAR,Fetranspor,227,17742811,"-22.8958","-43.298"
652,652-MEIER X CASCADURA (VIA LINS) - CIRCULAR,Fetranspor,228,17742811,"-22.8958","-43.2987"
652,652-MEIER X CASCADURA (VIA LINS) - CIRCULAR,Fetranspor,229,17742811,"-22.8958","-43.2992"
652,652-MEIER X CASCADURA (VIA LINS) - CIRCULAR,Fetranspor,230,17742811,"-22.8958","-43.2992"
652,652-MEIER X CASCADURA (VIA LINS) - CIRCULAR,Fetranspor,231,17742811,"-22.8959","-43.3003"
652,652-MEIER X CASCADURA (VIA LINS) - CIRCULAR,Fetranspor,232,17742811,"-22.8959","-43.3007"
652,652-MEIER X CASCADURA (VIA LINS) - CIRCULAR,Fetranspor,233,17742811,"-22.8959","-43.3007"
652,652-MEIER X CASCADURA (VIA LINS) - CIRCULAR,Fetranspor,234,17742811,"-22.8959","-43.3008"
652,652-MEIER X CASCADURA (VIA LINS) - CIRCULAR,Fetranspor,235,17742811,"-22.8959","-43.3008"
652,652-MEIER X CASCADURA (VIA LINS) - CIRCULAR,Fetranspor,236,17742811,"-22.8965","-43.3009"
652,652-MEIER X CASCADURA (VIA LINS) - CIRCULAR,Fetranspor,237,17742811,"-22.8966","-43.3009"
652,652-MEIER X CASCADURA (VIA LINS) - CIRCULAR,Fetranspor,238,17742811,"-22.8967","-43.3009"
652,652-MEIER X CASCADURA (VIA LINS) - CIRCULAR,Fetranspor,239,17742811,"-22.8967","-43.3009"
652,652-MEIER X CASCADURA (VIA LINS) - CIRCULAR,Fetranspor,240,17742811,"-22.8981","-43.3014"
652,652-MEIER X CASCADURA (VIA LINS) - CIRCULAR,Fetranspor,241,17742811,"-22.8981","-43.3014"
652,652-MEIER X CASCADURA (VIA LINS) - CIRCULAR,Fetranspor,242,17742811,"-22.8993","-43.3018"
652,652-MEIER X CASCADURA (VIA LINS) - CIRCULAR,Fetranspor,243,17742811,"-22.8993","-43.3018"
652,652-MEIER X CASCADURA (VIA LINS) - CIRCULAR,Fetranspor,244,17742811,"-22.8994","-43.3018"
652,652-MEIER X CASCADURA (VIA LINS) - CIRCULAR,Fetranspor,245,17742811,"-22.8994","-43.3018"
652,652-MEIER X CASCADURA (VIA LINS) - CIRCULAR,Fetranspor,246,17742811,"-22.8996","-43.3019"
652,652-MEIER X CASCADURA (VIA LINS) - CIRCULAR,Fetranspor,247,17742811,"-22.9006","-43.3022"
652,652-MEIER X CASCADURA (VIA LINS) - CIRCULAR,Fetranspor,248,17742811,"-22.9006","-43.3022"
652,652-MEIER X CASCADURA (VIA LINS) - CIRCULAR,Fetranspor,249,17742811,"-22.9019","-43.3026"
652,652-MEIER X CASCADURA (VIA LINS) - CIRCULAR,Fetranspor,250,17742811,"-22.9019","-43.3026"
652,652-MEIER X CASCADURA (VIA LINS) - CIRCULAR,Fetranspor,251,17742811,"-22.9031","-43.303"
652,652-MEIER X CASCADURA (VIA LINS) - CIRCULAR,Fetranspor,252,17742811,"-22.9031","-43.303"
652,652-MEIER X CASCADURA (VIA LINS) - CIRCULAR,Fetranspor,253,17742811,"-22.9043","-43.3034"
652,652-MEIER X CASCADURA (VIA LINS) - CIRCULAR,Fetranspor,254,17742811,"-22.9046","-43.3035"
652,652-MEIER X CASCADURA (VIA LINS) - CIRCULAR,Fetranspor,255,17742811,"-22.9046","-43.3035"
652,652-MEIER X CASCADURA (VIA LINS) - CIRCULAR,Fetranspor,256,17742811,"-22.9046","-43.3036"
652,652-MEIER X CASCADURA (VIA LINS) - CIRCULAR,Fetranspor,257,17742811,"-22.9046","-43.3037"
652,652-MEIER X CASCADURA (VIA LINS) - CIRCULAR,Fetranspor,258,17742811,"-22.9047","-43.3037"
652,652-MEIER X CASCADURA (VIA LINS) - CIRCULAR,Fetranspor,259,17742811,"-22.9047","-43.3039"
652,652-MEIER X CASCADURA (VIA LINS) - CIRCULAR,Fetranspor,260,17742811,"-22.9047","-43.3041"
652,652-MEIER X CASCADURA (VIA LINS) - CIRCULAR,Fetranspor,261,17742811,"-22.9046","-43.3044"
652,652-MEIER X CASCADURA (VIA LINS) - CIRCULAR,Fetranspor,262,17742811,"-22.9046","-43.3044"
652,652-MEIER X CASCADURA (VIA LINS) - CIRCULAR,Fetranspor,263,17742811,"-22.9045","-43.3046"
652,652-MEIER X CASCADURA (VIA LINS) - CIRCULAR,Fetranspor,264,17742811,"-22.9045","-43.3047"
652,652-MEIER X CASCADURA (VIA LINS) - CIRCULAR,Fetranspor,265,17742811,"-22.9044","-43.3049"
652,652-MEIER X CASCADURA (VIA LINS) - CIRCULAR,Fetranspor,266,17742811,"-22.9044","-43.3049"
652,652-MEIER X CASCADURA (VIA LINS) - CIRCULAR,Fetranspor,267,17742811,"-22.9044","-43.3051"
652,652-MEIER X CASCADURA (VIA LINS) - CIRCULAR,Fetranspor,268,17742811,"-22.9044","-43.3051"
652,652-MEIER X CASCADURA (VIA LINS) - CIRCULAR,Fetranspor,269,17742811,"-22.9047","-43.3059"
652,652-MEIER X CASCADURA (VIA LINS) - CIRCULAR,Fetranspor,270,17742811,"-22.9047","-43.3059"
652,652-MEIER X CASCADURA (VIA LINS) - CIRCULAR,Fetranspor,271,17742811,"-22.9048","-43.3061"
652,652-MEIER X CASCADURA (VIA LINS) - CIRCULAR,Fetranspor,272,17742811,"-22.9048","-43.3063"
652,652-MEIER X CASCADURA (VIA LINS) - CIRCULAR,Fetranspor,273,17742811,"-22.9048","-43.3063"
652,652-MEIER X CASCADURA (VIA LINS) - CIRCULAR,Fetranspor,274,17742811,"-22.9049","-43.3066"
652,652-MEIER X CASCADURA (VIA LINS) - CIRCULAR,Fetranspor,275,17742811,"-22.9049","-43.3066"
652,652-MEIER X CASCADURA (VIA LINS) - CIRCULAR,Fetranspor,276,17742811,"-22.905","-43.3069"
652,652-MEIER X CASCADURA (VIA LINS) - CIRCULAR,Fetranspor,277,17742811,"-22.9052","-43.3072"
652,652-MEIER X CASCADURA (VIA LINS) - CIRCULAR,Fetranspor,278,17742811,"-22.9052","-43.3072"
652,652-MEIER X CASCADURA (VIA LINS) - CIRCULAR,Fetranspor,279,17742811,"-22.9052","-43.3074"
652,652-MEIER X CASCADURA (VIA LINS) - CIRCULAR,Fetranspor,280,17742811,"-22.9055","-43.3081"
652,652-MEIER X CASCADURA (VIA LINS) - CIRCULAR,Fetranspor,281,17742811,"-22.9055","-43.3081"
652,652-MEIER X CASCADURA (VIA LINS) - CIRCULAR,Fetranspor,282,17742811,"-22.9056","-43.3085"
652,652-MEIER X CASCADURA (VIA LINS) - CIRCULAR,Fetranspor,283,17742811,"-22.9056","-43.3085"
652,652-MEIER X CASCADURA (VIA LINS) - CIRCULAR,Fetranspor,284,17742811,"-22.9058","-43.3089"
652,652-MEIER X CASCADURA (VIA LINS) - CIRCULAR,Fetranspor,285,17742811,"-22.9058","-43.3089"
652,652-MEIER X CASCADURA (VIA LINS) - CIRCULAR,Fetranspor,286,17742811,"-22.9059","-43.3092"
652,652-MEIER X CASCADURA (VIA LINS) - CIRCULAR,Fetranspor,287,17742811,"-22.9059","-43.3094"
652,652-MEIER X CASCADURA (VIA LINS) - CIRCULAR,Fetranspor,288,17742811,"-22.9059","-43.3094"
652,652-MEIER X CASCADURA (VIA LINS) - CIRCULAR,Fetranspor,289,17742811,"-22.9059","-43.3096"
652,652-MEIER X CASCADURA (VIA LINS) - CIRCULAR,Fetranspor,290,17742811,"-22.9059","-43.3096"
652,652-MEIER X CASCADURA (VIA LINS) - CIRCULAR,Fetranspor,291,17742811,"-22.9058","-43.3098"
652,652-MEIER X CASCADURA (VIA LINS) - CIRCULAR,Fetranspor,292,17742811,"-22.9058","-43.3098"
652,652-MEIER X CASCADURA (VIA LINS) - CIRCULAR,Fetranspor,293,17742811,"-22.9058","-43.3101"
652,652-MEIER X CASCADURA (VIA LINS) - CIRCULAR,Fetranspor,294,17742811,"-22.9058","-43.3101"
652,652-MEIER X CASCADURA (VIA LINS) - CIRCULAR,Fetranspor,295,17742811,"-22.9057","-43.3104"
652,652-MEIER X CASCADURA (VIA LINS) - CIRCULAR,Fetranspor,296,17742811,"-22.9057","-43.3104"
652,652-MEIER X CASCADURA (VIA LINS) - CIRCULAR,Fetranspor,297,17742811,"-22.9056","-43.3108"
652,652-MEIER X CASCADURA (VIA LINS) - CIRCULAR,Fetranspor,298,17742811,"-22.9056","-43.311"
652,652-MEIER X CASCADURA (VIA LINS) - CIRCULAR,Fetranspor,299,17742811,"-22.9056","-43.311"
652,652-MEIER X CASCADURA (VIA LINS) - CIRCULAR,Fetranspor,300,17742811,"-22.9041","-43.3105"
652,652-MEIER X CASCADURA (VIA LINS) - CIRCULAR,Fetranspor,301,17742811,"-22.9041","-43.3105"
652,652-MEIER X CASCADURA (VIA LINS) - CIRCULAR,Fetranspor,302,17742811,"-22.9029","-43.3101"
652,652-MEIER X CASCADURA (VIA LINS) - CIRCULAR,Fetranspor,303,17742811,"-22.9029","-43.3101"
652,652-MEIER X CASCADURA (VIA LINS) - CIRCULAR,Fetranspor,304,17742811,"-22.9022","-43.3099"
652,652-MEIER X CASCADURA (VIA LINS) - CIRCULAR,Fetranspor,305,17742811,"-22.9022","-43.3099"
652,652-MEIER X CASCADURA (VIA LINS) - CIRCULAR,Fetranspor,306,17742811,"-22.9022","-43.3099"
652,652-MEIER X CASCADURA (VIA LINS) - CIRCULAR,Fetranspor,307,17742811,"-22.9022","-43.3099"
652,652-MEIER X CASCADURA (VIA LINS) - CIRCULAR,Fetranspor,308,17742811,"-22.9013","-43.3096"
652,652-MEIER X CASCADURA (VIA LINS) - CIRCULAR,Fetranspor,309,17742811,"-22.9013","-43.3096"
652,652-MEIER X CASCADURA (VIA LINS) - CIRCULAR,Fetranspor,310,17742811,"-22.9009","-43.3094"
652,652-MEIER X CASCADURA (VIA LINS) - CIRCULAR,Fetranspor,311,17742811,"-22.9","-43.3092"
652,652-MEIER X CASCADURA (VIA LINS) - CIRCULAR,Fetranspor,312,17742811,"-22.9","-43.3092"
652,652-MEIER X CASCADURA (VIA LINS) - CIRCULAR,Fetranspor,313,17742811,"-22.8988","-43.3087"
652,652-MEIER X CASCADURA (VIA LINS) - CIRCULAR,Fetranspor,314,17742811,"-22.8988","-43.3087"
652,652-MEIER X CASCADURA (VIA LINS) - CIRCULAR,Fetranspor,315,17742811,"-22.898","-43.3085"
652,652-MEIER X CASCADURA (VIA LINS) - CIRCULAR,Fetranspor,316,17742811,"-22.898","-43.3085"
652,652-MEIER X CASCADURA (VIA LINS) - CIRCULAR,Fetranspor,317,17742811,"-22.8974","-43.3083"
652,652-MEIER X CASCADURA (VIA LINS) - CIRCULAR,Fetranspor,318,17742811,"-22.8974","-43.3083"
652,652-MEIER X CASCADURA (VIA LINS) - CIRCULAR,Fetranspor,319,17742811,"-22.8973","-43.3083"
652,652-MEIER X CASCADURA (VIA LINS) - CIRCULAR,Fetranspor,320,17742811,"-22.8973","-43.3083"
652,652-MEIER X CASCADURA (VIA LINS) - CIRCULAR,Fetranspor,321,17742811,"-22.897","-43.3083"
652,652-MEIER X CASCADURA (VIA LINS) - CIRCULAR,Fetranspor,322,17742811,"-22.8961","-43.3083"
652,652-MEIER X CASCADURA (VIA LINS) - CIRCULAR,Fetranspor,323,17742811,"-22.8961","-43.3083"
652,652-MEIER X CASCADURA (VIA LINS) - CIRCULAR,Fetranspor,324,17742811,"-22.8962","-43.31"
652,652-MEIER X CASCADURA (VIA LINS) - CIRCULAR,Fetranspor,325,17742811,"-22.8962","-43.31"
652,652-MEIER X CASCADURA (VIA LINS) - CIRCULAR,Fetranspor,326,17742811,"-22.8962","-43.3107"
652,652-MEIER X CASCADURA (VIA LINS) - CIRCULAR,Fetranspor,327,17742811,"-22.8962","-43.3107"
652,652-MEIER X CASCADURA (VIA LINS) - CIRCULAR,Fetranspor,328,17742811,"-22.8962","-43.3116"
652,652-MEIER X CASCADURA (VIA LINS) - CIRCULAR,Fetranspor,329,17742811,"-22.8962","-43.3116"
652,652-MEIER X CASCADURA (VIA LINS) - CIRCULAR,Fetranspor,330,17742811,"-22.8963","-43.3125"
652,652-MEIER X CASCADURA (VIA LINS) - CIRCULAR,Fetranspor,331,17742811,"-22.8963","-43.3125"
652,652-MEIER X CASCADURA (VIA LINS) - CIRCULAR,Fetranspor,332,17742811,"-22.8963","-43.3128"
652,652-MEIER X CASCADURA (VIA LINS) - CIRCULAR,Fetranspor,333,17742811,"-22.8963","-43.3128"
652,652-MEIER X CASCADURA (VIA LINS) - CIRCULAR,Fetranspor,334,17742811,"-22.8963","-43.313"
652,652-MEIER X CASCADURA (VIA LINS) - CIRCULAR,Fetranspor,335,17742811,"-22.8959","-43.3142"
652,652-MEIER X CASCADURA (VIA LINS) - CIRCULAR,Fetranspor,336,17742811,"-22.8959","-43.3142"
652,652-MEIER X CASCADURA (VIA LINS) - CIRCULAR,Fetranspor,337,17742811,"-22.8958","-43.3145"
652,652-MEIER X CASCADURA (VIA LINS) - CIRCULAR,Fetranspor,338,17742811,"-22.8958","-43.3146"
652,652-MEIER X CASCADURA (VIA LINS) - CIRCULAR,Fetranspor,339,17742811,"-22.8958","-43.315"
652,652-MEIER X CASCADURA (VIA LINS) - CIRCULAR,Fetranspor,340,17742811,"-22.8958","-43.315"
652,652-MEIER X CASCADURA (VIA LINS) - CIRCULAR,Fetranspor,341,17742811,"-22.8958","-43.3166"
652,652-MEIER X CASCADURA (VIA LINS) - CIRCULAR,Fetranspor,342,17742811,"-22.8957","-43.3171"
652,652-MEIER X CASCADURA (VIA LINS) - CIRCULAR,Fetranspor,343,17742811,"-22.8956","-43.3177"
652,652-MEIER X CASCADURA (VIA LINS) - CIRCULAR,Fetranspor,344,17742811,"-22.8956","-43.3177"
652,652-MEIER X CASCADURA (VIA LINS) - CIRCULAR,Fetranspor,345,17742811,"-22.8956","-43.3178"
652,652-MEIER X CASCADURA (VIA LINS) - CIRCULAR,Fetranspor,346,17742811,"-22.8955","-43.3185"
652,652-MEIER X CASCADURA (VIA LINS) - CIRCULAR,Fetranspor,347,17742811,"-22.8955","-43.3185"
652,652-MEIER X CASCADURA (VIA LINS) - CIRCULAR,Fetranspor,348,17742811,"-22.8954","-43.319"
652,652-MEIER X CASCADURA (VIA LINS) - CIRCULAR,Fetranspor,349,17742811,"-22.8953","-43.3192"
652,652-MEIER X CASCADURA (VIA LINS) - CIRCULAR,Fetranspor,350,17742811,"-22.8953","-43.3192"
652,652-MEIER X CASCADURA (VIA LINS) - CIRCULAR,Fetranspor,351,17742811,"-22.8953","-43.3193"
652,652-MEIER X CASCADURA (VIA LINS) - CIRCULAR,Fetranspor,352,17742811,"-22.8952","-43.3195"
652,652-MEIER X CASCADURA (VIA LINS) - CIRCULAR,Fetranspor,353,17742811,"-22.8942","-43.3208"
652,652-MEIER X CASCADURA (VIA LINS) - CIRCULAR,Fetranspor,354,17742811,"-22.8941","-43.3211"
652,652-MEIER X CASCADURA (VIA LINS) - CIRCULAR,Fetranspor,355,17742811,"-22.8938","-43.3215"
652,652-MEIER X CASCADURA (VIA LINS) - CIRCULAR,Fetranspor,356,17742811,"-22.8936","-43.3218"
652,652-MEIER X CASCADURA (VIA LINS) - CIRCULAR,Fetranspor,357,17742811,"-22.8936","-43.3218"
652,652-MEIER X CASCADURA (VIA LINS) - CIRCULAR,Fetranspor,358,17742811,"-22.8933","-43.3221"
652,652-MEIER X CASCADURA (VIA LINS) - CIRCULAR,Fetranspor,359,17742811,"-22.8933","-43.3221"
652,652-MEIER X CASCADURA (VIA LINS) - CIRCULAR,Fetranspor,360,17742811,"-22.8928","-43.3229"
652,652-MEIER X CASCADURA (VIA LINS) - CIRCULAR,Fetranspor,361,17742811,"-22.8928","-43.3229"
652,652-MEIER X CASCADURA (VIA LINS) - CIRCULAR,Fetranspor,362,17742811,"-22.8921","-43.3238"
652,652-MEIER X CASCADURA (VIA LINS) - CIRCULAR,Fetranspor,363,17742811,"-22.8921","-43.3238"
652,652-MEIER X CASCADURA (VIA LINS) - CIRCULAR,Fetranspor,364,17742811,"-22.8914","-43.3247"
652,652-MEIER X CASCADURA (VIA LINS) - CIRCULAR,Fetranspor,365,17742811,"-22.8914","-43.3247"
652,652-MEIER X CASCADURA (VIA LINS) - CIRCULAR,Fetranspor,366,17742811,"-22.8908","-43.3256"
652,652-MEIER X CASCADURA (VIA LINS) - CIRCULAR,Fetranspor,367,17742811,"-22.8908","-43.3256"
652,652-MEIER X CASCADURA (VIA LINS) - CIRCULAR,Fetranspor,368,17742811,"-22.8907","-43.3257"
652,652-MEIER X CASCADURA (VIA LINS) - CIRCULAR,Fetranspor,369,17742811,"-22.8907","-43.3257"
652,652-MEIER X CASCADURA (VIA LINS) - CIRCULAR,Fetranspor,370,17742811,"-22.8904","-43.3261"
652,652-MEIER X CASCADURA (VIA LINS) - CIRCULAR,Fetranspor,371,17742811,"-22.8902","-43.3263"
652,652-MEIER X CASCADURA (VIA LINS) - CIRCULAR,Fetranspor,372,17742811,"-22.8901","-43.3265"
652,652-MEIER X CASCADURA (VIA LINS) - CIRCULAR,Fetranspor,373,17742811,"-22.8901","-43.3265"
652,652-MEIER X CASCADURA (VIA LINS) - CIRCULAR,Fetranspor,374,17742811,"-22.8888","-43.3283"
652,652-MEIER X CASCADURA (VIA LINS) - CIRCULAR,Fetranspor,375,17742811,"-22.8888","-43.3283"
652,652-MEIER X CASCADURA (VIA LINS) - CIRCULAR,Fetranspor,376,17742811,"-22.8883","-43.329"
652,652-MEIER X CASCADURA (VIA LINS) - CIRCULAR,Fetranspor,377,17742811,"-22.8883","-43.329"
652,652-MEIER X CASCADURA (VIA LINS) - CIRCULAR,Fetranspor,378,17742811,"-22.8878","-43.3297"
652,652-MEIER X CASCADURA (VIA LINS) - CIRCULAR,Fetranspor,379,17742811,"-22.8878","-43.3297"
652,652-MEIER X CASCADURA (VIA LINS) - CIRCULAR,Fetranspor,380,17742811,"-22.887","-43.3307"
652,652-MEIER X CASCADURA (VIA LINS) - CIRCULAR,Fetranspor,381,17742811,"-22.887","-43.3307"
652,652-MEIER X CASCADURA (VIA LINS) - CIRCULAR,Fetranspor,382,17742811,"-22.8869","-43.331"
652,652-MEIER X CASCADURA (VIA LINS) - CIRCULAR,Fetranspor,383,17742811,"-22.8869","-43.331"
652,652-MEIER X CASCADURA (VIA LINS) - CIRCULAR,Fetranspor,384,17742811,"-22.8855","-43.331"
652,652-MEIER X CASCADURA (VIA LINS) - CIRCULAR,Fetranspor,385,17742811,"-22.884","-43.3309"
652,652-MEIER X CASCADURA (VIA LINS) - CIRCULAR,Fetranspor,386,17742811,"-22.884","-43.3309"
652,652-MEIER X CASCADURA (VIA LINS) - CIRCULAR,Fetranspor,387,17742811,"-22.8836","-43.3309"
652,652-MEIER X CASCADURA (VIA LINS) - CIRCULAR,Fetranspor,388,17742811,"-22.8836","-43.3309"
652,652-MEIER X CASCADURA (VIA LINS) - CIRCULAR,Fetranspor,389,17742811,"-22.882","-43.3309"
652,652-MEIER X CASCADURA (VIA LINS) - CIRCULAR,Fetranspor,390,17742811,"-22.882","-43.3309"
652,652-MEIER X CASCADURA (VIA LINS) - CIRCULAR,Fetranspor,391,17742811,"-22.882","-43.3308"
652,652-MEIER X CASCADURA (VIA LINS) - CIRCULAR,Fetranspor,392,17742811,"-22.882","-43.3308"
652,652-MEIER X CASCADURA (VIA LINS) - CIRCULAR,Fetranspor,393,17742811,"-22.882","-43.3305"
652,652-MEIER X CASCADURA (VIA LINS) - CIRCULAR,Fetranspor,394,17742811,"-22.8821","-43.3301"
652,652-MEIER X CASCADURA (VIA LINS) - CIRCULAR,Fetranspor,395,17742811,"-22.8821","-43.3301"
652,652-MEIER X CASCADURA (VIA LINS) - CIRCULAR,Fetranspor,396,17742811,"-22.8821","-43.3299"
652,652-MEIER X CASCADURA (VIA LINS) - CIRCULAR,Fetranspor,397,17742811,"-22.8822","-43.329"
652,652-MEIER X CASCADURA (VIA LINS) - CIRCULAR,Fetranspor,398,17742811,"-22.8822","-43.3289"
652,652-MEIER X CASCADURA (VIA LINS) - CIRCULAR,Fetranspor,399,17742811,"-22.8822","-43.3284"
652,652-MEIER X CASCADURA (VIA LINS) - CIRCULAR,Fetranspor,400,17742811,"-22.8822","-43.3279"
652,652-MEIER X CASCADURA (VIA LINS) - CIRCULAR,Fetranspor,401,17742811,"-22.8822","-43.3274"
652,652-MEIER X CASCADURA (VIA LINS) - CIRCULAR,Fetranspor,402,17742811,"-22.8821","-43.3265"
652,652-MEIER X CASCADURA (VIA LINS) - CIRCULAR,Fetranspor,403,17742811,"-22.8821","-43.3265"
652,652-MEIER X CASCADURA (VIA LINS) - CIRCULAR,Fetranspor,404,17742811,"-22.882","-43.3261"
652,652-MEIER X CASCADURA (VIA LINS) - CIRCULAR,Fetranspor,405,17742811,"-22.882","-43.3261"
652,652-MEIER X CASCADURA (VIA LINS) - CIRCULAR,Fetranspor,406,17742811,"-22.882","-43.3258"
652,652-MEIER X CASCADURA (VIA LINS) - CIRCULAR,Fetranspor,407,17742811,"-22.882","-43.3252"
652,652-MEIER X CASCADURA (VIA LINS) - CIRCULAR,Fetranspor,408,17742811,"-22.8821","-43.3251"
652,652-MEIER X CASCADURA (VIA LINS) - CIRCULAR,Fetranspor,409,17742811,"-22.8821","-43.3251"
652,652-MEIER X CASCADURA (VIA LINS) - CIRCULAR,Fetranspor,410,17742811,"-22.882","-43.3249"
652,652-MEIER X CASCADURA (VIA LINS) - CIRCULAR,Fetranspor,411,17742811,"-22.882","-43.3249"
652,652-MEIER X CASCADURA (VIA LINS) - CIRCULAR,Fetranspor,412,17742811,"-22.8819","-43.3248"
652,652-MEIER X CASCADURA (VIA LINS) - CIRCULAR,Fetranspor,413,17742811,"-22.8819","-43.3248"
652,652-MEIER X CASCADURA (VIA LINS) - CIRCULAR,Fetranspor,414,17742811,"-22.8816","-43.3245"
652,652-MEIER X CASCADURA (VIA LINS) - CIRCULAR,Fetranspor,415,17742811,"-22.8816","-43.3245"
652,652-MEIER X CASCADURA (VIA LINS) - CIRCULAR,Fetranspor,416,17742811,"-22.8812","-43.324"
652,652-MEIER X CASCADURA (VIA LINS) - CIRCULAR,Fetranspor,417,17742811,"-22.8812","-43.324"
652,652-MEIER X CASCADURA (VIA LINS) - CIRCULAR,Fetranspor,418,17742811,"-22.8807","-43.3234"
652,652-MEIER X CASCADURA (VIA LINS) - CIRCULAR,Fetranspor,419,17742811,"-22.8807","-43.3234"
652,652-MEIER X CASCADURA (VIA LINS) - CIRCULAR,Fetranspor,420,17742811,"-22.88","-43.3226"
652,652-MEIER X CASCADURA (VIA LINS) - CIRCULAR,Fetranspor,421,17742811,"-22.88","-43.3226"
652,652-MEIER X CASCADURA (VIA LINS) - CIRCULAR,Fetranspor,422,17742811,"-22.8797","-43.3223"
652,652-MEIER X CASCADURA (VIA LINS) - CIRCULAR,Fetranspor,423,17742811,"-22.8797","-43.3223"
652,652-MEIER X CASCADURA (VIA LINS) - CIRCULAR,Fetranspor,424,17742811,"-22.8791","-43.3215"
652,652-MEIER X CASCADURA (VIA LINS) - CIRCULAR,Fetranspor,425,17742811,"-22.8791","-43.3215"
652,652-MEIER X CASCADURA (VIA LINS) - CIRCULAR,Fetranspor,426,17742811,"-22.878","-43.3202"
652,652-MEIER X CASCADURA (VIA LINS) - CIRCULAR,Fetranspor,427,17742811,"-22.878","-43.3202"
652,652-MEIER X CASCADURA (VIA LINS) - CIRCULAR,Fetranspor,428,17742811,"-22.8772","-43.3193"
652,652-MEIER X CASCADURA (VIA LINS) - CIRCULAR,Fetranspor,429,17742811,"-22.8769","-43.319"
652,652-MEIER X CASCADURA (VIA LINS) - CIRCULAR,Fetranspor,430,17742811,"-22.8769","-43.319"
652,652-MEIER X CASCADURA (VIA LINS) - CIRCULAR,Fetranspor,431,17742811,"-22.8777","-43.3182"
652,652-MEIER X CASCADURA (VIA LINS) - CIRCULAR,Fetranspor,432,17742811,"-22.8777","-43.3182"
652,652-MEIER X CASCADURA (VIA LINS) - CIRCULAR,Fetranspor,433,17742811,"-22.8766","-43.317"
652,652-MEIER X CASCADURA (VIA LINS) - CIRCULAR,Fetranspor,434,17742811,"-22.8766","-43.317"
652,652-MEIER X CASCADURA (VIA LINS) - CIRCULAR,Fetranspor,435,17742811,"-22.8762","-43.3174"
652,652-MEIER X CASCADURA (VIA LINS) - CIRCULAR,Fetranspor,436,17742811,"-22.876","-43.3175"
652,652-MEIER X CASCADURA (VIA LINS) - CIRCULAR,Fetranspor,437,17742811,"-22.876","-43.3175"
652,652-MEIER X CASCADURA (VIA LINS) - CIRCULAR,Fetranspor,438,17742811,"-22.8755","-43.3168"
652,652-MEIER X CASCADURA (VIA LINS) - CIRCULAR,Fetranspor,439,17742811,"-22.875","-43.316"
652,652-MEIER X CASCADURA (VIA LINS) - CIRCULAR,Fetranspor,440,17742811,"-22.8743","-43.3151"
652,652-MEIER X CASCADURA (VIA LINS) - CIRCULAR,Fetranspor,441,17742811,"-22.8743","-43.3151"
652,652-MEIER X CASCADURA (VIA LINS) - CIRCULAR,Fetranspor,442,17742811,"-22.8728","-43.3131"
652,652-MEIER X CASCADURA (VIA LINS) - CIRCULAR,Fetranspor,443,17742811,"-22.8728","-43.3131"
652,652-MEIER X CASCADURA (VIA LINS) - CIRCULAR,Fetranspor,444,17742811,"-22.8725","-43.3126"
652,652-MEIER X CASCADURA (VIA LINS) - CIRCULAR,Fetranspor,445,17742811,"-22.8717","-43.3115"
652,652-MEIER X CASCADURA (VIA LINS) - CIRCULAR,Fetranspor,446,17742811,"-22.8717","-43.3115"
652,652-MEIER X CASCADURA (VIA LINS) - CIRCULAR,Fetranspor,447,17742811,"-22.8714","-43.3111"
652,652-MEIER X CASCADURA (VIA LINS) - CIRCULAR,Fetranspor,448,17742811,"-22.8712","-43.3109"
652,652-MEIER X CASCADURA (VIA LINS) - CIRCULAR,Fetranspor,449,17742811,"-22.8712","-43.3109"
652,652-MEIER X CASCADURA (VIA LINS) - CIRCULAR,Fetranspor,450,17742811,"-22.8701","-43.3095"
652,652-MEIER X CASCADURA (VIA LINS) - CIRCULAR,Fetranspor,451,17742811,"-22.8698","-43.309"
652,652-MEIER X CASCADURA (VIA LINS) - CIRCULAR,Fetranspor,452,17742811,"-22.8698","-43.309"
652,652-MEIER X CASCADURA (VIA LINS) - CIRCULAR,Fetranspor,453,17742811,"-22.8697","-43.3089"
652,652-MEIER X CASCADURA (VIA LINS) - CIRCULAR,Fetranspor,454,17742811,"-22.8696","-43.3086"
652,652-MEIER X CASCADURA (VIA LINS) - CIRCULAR,Fetranspor,455,17742811,"-22.8695","-43.3084"
652,652-MEIER X CASCADURA (VIA LINS) - CIRCULAR,Fetranspor,456,17742811,"-22.8695","-43.3082"
652,652-MEIER X CASCADURA (VIA LINS) - CIRCULAR,Fetranspor,457,17742811,"-22.8694","-43.3081"
652,652-MEIER X CASCADURA (VIA LINS) - CIRCULAR,Fetranspor,458,17742811,"-22.8694","-43.3079"
652,652-MEIER X CASCADURA (VIA LINS) - CIRCULAR,Fetranspor,459,17742811,"-22.8694","-43.3079"
652,652-MEIER X CASCADURA (VIA LINS) - CIRCULAR,Fetranspor,460,17742811,"-22.8694","-43.3078"
652,652-MEIER X CASCADURA (VIA LINS) - CIRCULAR,Fetranspor,461,17742811,"-22.8694","-43.3076"
652,652-MEIER X CASCADURA (VIA LINS) - CIRCULAR,Fetranspor,462,17742811,"-22.8692","-43.3045"
652,652-MEIER X CASCADURA (VIA LINS) - CIRCULAR,Fetranspor,463,17742811,"-22.8692","-43.304"
652,652-MEIER X CASCADURA (VIA LINS) - CIRCULAR,Fetranspor,464,17742811,"-22.8692","-43.304"
652,652-MEIER X CASCADURA (VIA LINS) - CIRCULAR,Fetranspor,465,17742811,"-22.8691","-43.3033"
652,652-MEIER X CASCADURA (VIA LINS) - CIRCULAR,Fetranspor,466,17742811,"-22.8691","-43.3031"
652,652-MEIER X CASCADURA (VIA LINS) - CIRCULAR,Fetranspor,467,17742811,"-22.8691","-43.303"
652,652-MEIER X CASCADURA (VIA LINS) - CIRCULAR,Fetranspor,468,17742811,"-22.87","-43.3016"
652,652-MEIER X CASCADURA (VIA LINS) - CIRCULAR,Fetranspor,469,17742811,"-22.8702","-43.3013"
