linha,descricao,agencia,sequencia,shape_id,latitude,longitude
653,653-MARECHAL HERMES X MEIER (CIRCULAR),Fetranspor,0,17365682,"-22.8652","-43.3736"
653,653-MARECHAL HERMES X MEIER (CIRCULAR),Fetranspor,1,17365682,"-22.8653","-43.3733"
653,653-MARECHAL HERMES X MEIER (CIRCULAR),Fetranspor,2,17365682,"-22.8653","-43.3733"
653,653-MARECHAL HERMES X MEIER (CIRCULAR),Fetranspor,3,17365682,"-22.8655","-43.373"
653,653-MARECHAL HERMES X MEIER (CIRCULAR),Fetranspor,4,17365682,"-22.8655","-43.373"
653,653-MARECHAL HERMES X MEIER (CIRCULAR),Fetranspor,5,17365682,"-22.8661","-43.3717"
653,653-MARECHAL HERMES X MEIER (CIRCULAR),Fetranspor,6,17365682,"-22.8661","-43.3716"
653,653-MARECHAL HERMES X MEIER (CIRCULAR),Fetranspor,7,17365682,"-22.8661","-43.3716"
653,653-MARECHAL HERMES X MEIER (CIRCULAR),Fetranspor,8,17365682,"-22.8662","-43.3714"
653,653-MARECHAL HERMES X MEIER (CIRCULAR),Fetranspor,9,17365682,"-22.8662","-43.3714"
653,653-MARECHAL HERMES X MEIER (CIRCULAR),Fetranspor,10,17365682,"-22.8653","-43.3713"
653,653-MARECHAL HERMES X MEIER (CIRCULAR),Fetranspor,11,17365682,"-22.8649","-43.3713"
653,653-MARECHAL HERMES X MEIER (CIRCULAR),Fetranspor,12,17365682,"-22.8649","-43.3713"
653,653-MARECHAL HERMES X MEIER (CIRCULAR),Fetranspor,13,17365682,"-22.8648","-43.3714"
653,653-MARECHAL HERMES X MEIER (CIRCULAR),Fetranspor,14,17365682,"-22.8648","-43.3714"
653,653-MARECHAL HERMES X MEIER (CIRCULAR),Fetranspor,15,17365682,"-22.8651","-43.3715"
653,653-MARECHAL HERMES X MEIER (CIRCULAR),Fetranspor,16,17365682,"-22.8655","-43.3715"
653,653-MARECHAL HERMES X MEIER (CIRCULAR),Fetranspor,17,17365682,"-22.8655","-43.3715"
653,653-MARECHAL HERMES X MEIER (CIRCULAR),Fetranspor,18,17365682,"-22.865","-43.3724"
653,653-MARECHAL HERMES X MEIER (CIRCULAR),Fetranspor,19,17365682,"-22.8648","-43.373"
653,653-MARECHAL HERMES X MEIER (CIRCULAR),Fetranspor,20,17365682,"-22.8648","-43.373"
653,653-MARECHAL HERMES X MEIER (CIRCULAR),Fetranspor,21,17365682,"-22.8646","-43.3733"
653,653-MARECHAL HERMES X MEIER (CIRCULAR),Fetranspor,22,17365682,"-22.8646","-43.3733"
653,653-MARECHAL HERMES X MEIER (CIRCULAR),Fetranspor,23,17365682,"-22.8641","-43.373"
653,653-MARECHAL HERMES X MEIER (CIRCULAR),Fetranspor,24,17365682,"-22.8641","-43.373"
653,653-MARECHAL HERMES X MEIER (CIRCULAR),Fetranspor,25,17365682,"-22.8639","-43.3729"
653,653-MARECHAL HERMES X MEIER (CIRCULAR),Fetranspor,26,17365682,"-22.8639","-43.3729"
653,653-MARECHAL HERMES X MEIER (CIRCULAR),Fetranspor,27,17365682,"-22.8639","-43.3728"
653,653-MARECHAL HERMES X MEIER (CIRCULAR),Fetranspor,28,17365682,"-22.8639","-43.3727"
653,653-MARECHAL HERMES X MEIER (CIRCULAR),Fetranspor,29,17365682,"-22.8639","-43.3726"
653,653-MARECHAL HERMES X MEIER (CIRCULAR),Fetranspor,30,17365682,"-22.8639","-43.3725"
653,653-MARECHAL HERMES X MEIER (CIRCULAR),Fetranspor,31,17365682,"-22.8638","-43.3725"
653,653-MARECHAL HERMES X MEIER (CIRCULAR),Fetranspor,32,17365682,"-22.8638","-43.3724"
653,653-MARECHAL HERMES X MEIER (CIRCULAR),Fetranspor,33,17365682,"-22.8637","-43.3723"
653,653-MARECHAL HERMES X MEIER (CIRCULAR),Fetranspor,34,17365682,"-22.8636","-43.3723"
653,653-MARECHAL HERMES X MEIER (CIRCULAR),Fetranspor,35,17365682,"-22.8636","-43.3723"
653,653-MARECHAL HERMES X MEIER (CIRCULAR),Fetranspor,36,17365682,"-22.8636","-43.3723"
653,653-MARECHAL HERMES X MEIER (CIRCULAR),Fetranspor,37,17365682,"-22.8635","-43.3722"
653,653-MARECHAL HERMES X MEIER (CIRCULAR),Fetranspor,38,17365682,"-22.8634","-43.3722"
653,653-MARECHAL HERMES X MEIER (CIRCULAR),Fetranspor,39,17365682,"-22.8633","-43.3723"
653,653-MARECHAL HERMES X MEIER (CIRCULAR),Fetranspor,40,17365682,"-22.8633","-43.3723"
653,653-MARECHAL HERMES X MEIER (CIRCULAR),Fetranspor,41,17365682,"-22.8632","-43.3723"
653,653-MARECHAL HERMES X MEIER (CIRCULAR),Fetranspor,42,17365682,"-22.8632","-43.3724"
653,653-MARECHAL HERMES X MEIER (CIRCULAR),Fetranspor,43,17365682,"-22.8631","-43.3725"
653,653-MARECHAL HERMES X MEIER (CIRCULAR),Fetranspor,44,17365682,"-22.8631","-43.3725"
653,653-MARECHAL HERMES X MEIER (CIRCULAR),Fetranspor,45,17365682,"-22.8628","-43.3723"
653,653-MARECHAL HERMES X MEIER (CIRCULAR),Fetranspor,46,17365682,"-22.8628","-43.3723"
653,653-MARECHAL HERMES X MEIER (CIRCULAR),Fetranspor,47,17365682,"-22.8623","-43.372"
653,653-MARECHAL HERMES X MEIER (CIRCULAR),Fetranspor,48,17365682,"-22.8622","-43.372"
653,653-MARECHAL HERMES X MEIER (CIRCULAR),Fetranspor,49,17365682,"-22.8622","-43.372"
653,653-MARECHAL HERMES X MEIER (CIRCULAR),Fetranspor,50,17365682,"-22.8617","-43.3717"
653,653-MARECHAL HERMES X MEIER (CIRCULAR),Fetranspor,51,17365682,"-22.8617","-43.3717"
653,653-MARECHAL HERMES X MEIER (CIRCULAR),Fetranspor,52,17365682,"-22.8614","-43.3715"
653,653-MARECHAL HERMES X MEIER (CIRCULAR),Fetranspor,53,17365682,"-22.8614","-43.3715"
653,653-MARECHAL HERMES X MEIER (CIRCULAR),Fetranspor,54,17365682,"-22.8614","-43.3715"
653,653-MARECHAL HERMES X MEIER (CIRCULAR),Fetranspor,55,17365682,"-22.8613","-43.3714"
653,653-MARECHAL HERMES X MEIER (CIRCULAR),Fetranspor,56,17365682,"-22.8612","-43.3711"
653,653-MARECHAL HERMES X MEIER (CIRCULAR),Fetranspor,57,17365682,"-22.8612","-43.371"
653,653-MARECHAL HERMES X MEIER (CIRCULAR),Fetranspor,58,17365682,"-22.8612","-43.371"
653,653-MARECHAL HERMES X MEIER (CIRCULAR),Fetranspor,59,17365682,"-22.8612","-43.371"
653,653-MARECHAL HERMES X MEIER (CIRCULAR),Fetranspor,60,17365682,"-22.8612","-43.3709"
653,653-MARECHAL HERMES X MEIER (CIRCULAR),Fetranspor,61,17365682,"-22.8616","-43.3702"
653,653-MARECHAL HERMES X MEIER (CIRCULAR),Fetranspor,62,17365682,"-22.8617","-43.37"
653,653-MARECHAL HERMES X MEIER (CIRCULAR),Fetranspor,63,17365682,"-22.8617","-43.37"
653,653-MARECHAL HERMES X MEIER (CIRCULAR),Fetranspor,64,17365682,"-22.8622","-43.3689"
653,653-MARECHAL HERMES X MEIER (CIRCULAR),Fetranspor,65,17365682,"-22.8622","-43.3689"
653,653-MARECHAL HERMES X MEIER (CIRCULAR),Fetranspor,66,17365682,"-22.8626","-43.368"
653,653-MARECHAL HERMES X MEIER (CIRCULAR),Fetranspor,67,17365682,"-22.8626","-43.368"
653,653-MARECHAL HERMES X MEIER (CIRCULAR),Fetranspor,68,17365682,"-22.8631","-43.3671"
653,653-MARECHAL HERMES X MEIER (CIRCULAR),Fetranspor,69,17365682,"-22.8635","-43.3661"
653,653-MARECHAL HERMES X MEIER (CIRCULAR),Fetranspor,70,17365682,"-22.8635","-43.3661"
653,653-MARECHAL HERMES X MEIER (CIRCULAR),Fetranspor,71,17365682,"-22.8636","-43.3659"
653,653-MARECHAL HERMES X MEIER (CIRCULAR),Fetranspor,72,17365682,"-22.8636","-43.3659"
653,653-MARECHAL HERMES X MEIER (CIRCULAR),Fetranspor,73,17365682,"-22.8638","-43.3656"
653,653-MARECHAL HERMES X MEIER (CIRCULAR),Fetranspor,74,17365682,"-22.864","-43.365"
653,653-MARECHAL HERMES X MEIER (CIRCULAR),Fetranspor,75,17365682,"-22.8643","-43.3643"
653,653-MARECHAL HERMES X MEIER (CIRCULAR),Fetranspor,76,17365682,"-22.8644","-43.3638"
653,653-MARECHAL HERMES X MEIER (CIRCULAR),Fetranspor,77,17365682,"-22.8645","-43.3634"
653,653-MARECHAL HERMES X MEIER (CIRCULAR),Fetranspor,78,17365682,"-22.8646","-43.3629"
653,653-MARECHAL HERMES X MEIER (CIRCULAR),Fetranspor,79,17365682,"-22.8646","-43.3629"
653,653-MARECHAL HERMES X MEIER (CIRCULAR),Fetranspor,80,17365682,"-22.8647","-43.3628"
653,653-MARECHAL HERMES X MEIER (CIRCULAR),Fetranspor,81,17365682,"-22.8647","-43.3628"
653,653-MARECHAL HERMES X MEIER (CIRCULAR),Fetranspor,82,17365682,"-22.8647","-43.3628"
653,653-MARECHAL HERMES X MEIER (CIRCULAR),Fetranspor,83,17365682,"-22.8648","-43.3628"
653,653-MARECHAL HERMES X MEIER (CIRCULAR),Fetranspor,84,17365682,"-22.8648","-43.3627"
653,653-MARECHAL HERMES X MEIER (CIRCULAR),Fetranspor,85,17365682,"-22.8649","-43.3627"
653,653-MARECHAL HERMES X MEIER (CIRCULAR),Fetranspor,86,17365682,"-22.865","-43.3628"
653,653-MARECHAL HERMES X MEIER (CIRCULAR),Fetranspor,87,17365682,"-22.8654","-43.3629"
653,653-MARECHAL HERMES X MEIER (CIRCULAR),Fetranspor,88,17365682,"-22.8654","-43.3629"
653,653-MARECHAL HERMES X MEIER (CIRCULAR),Fetranspor,89,17365682,"-22.8659","-43.3631"
653,653-MARECHAL HERMES X MEIER (CIRCULAR),Fetranspor,90,17365682,"-22.8662","-43.3632"
653,653-MARECHAL HERMES X MEIER (CIRCULAR),Fetranspor,91,17365682,"-22.8663","-43.3632"
653,653-MARECHAL HERMES X MEIER (CIRCULAR),Fetranspor,92,17365682,"-22.8665","-43.3632"
653,653-MARECHAL HERMES X MEIER (CIRCULAR),Fetranspor,93,17365682,"-22.8665","-43.3632"
653,653-MARECHAL HERMES X MEIER (CIRCULAR),Fetranspor,94,17365682,"-22.8666","-43.3633"
653,653-MARECHAL HERMES X MEIER (CIRCULAR),Fetranspor,95,17365682,"-22.8667","-43.3633"
653,653-MARECHAL HERMES X MEIER (CIRCULAR),Fetranspor,96,17365682,"-22.8667","-43.3633"
653,653-MARECHAL HERMES X MEIER (CIRCULAR),Fetranspor,97,17365682,"-22.8668","-43.3633"
653,653-MARECHAL HERMES X MEIER (CIRCULAR),Fetranspor,98,17365682,"-22.8668","-43.3632"
653,653-MARECHAL HERMES X MEIER (CIRCULAR),Fetranspor,99,17365682,"-22.8668","-43.3629"
653,653-MARECHAL HERMES X MEIER (CIRCULAR),Fetranspor,100,17365682,"-22.8668","-43.3627"
653,653-MARECHAL HERMES X MEIER (CIRCULAR),Fetranspor,101,17365682,"-22.8667","-43.3623"
653,653-MARECHAL HERMES X MEIER (CIRCULAR),Fetranspor,102,17365682,"-22.8667","-43.3623"
653,653-MARECHAL HERMES X MEIER (CIRCULAR),Fetranspor,103,17365682,"-22.8666","-43.3618"
653,653-MARECHAL HERMES X MEIER (CIRCULAR),Fetranspor,104,17365682,"-22.8666","-43.3618"
653,653-MARECHAL HERMES X MEIER (CIRCULAR),Fetranspor,105,17365682,"-22.8666","-43.3616"
653,653-MARECHAL HERMES X MEIER (CIRCULAR),Fetranspor,106,17365682,"-22.8665","-43.3614"
653,653-MARECHAL HERMES X MEIER (CIRCULAR),Fetranspor,107,17365682,"-22.8665","-43.3614"
653,653-MARECHAL HERMES X MEIER (CIRCULAR),Fetranspor,108,17365682,"-22.8664","-43.3608"
653,653-MARECHAL HERMES X MEIER (CIRCULAR),Fetranspor,109,17365682,"-22.8664","-43.3607"
653,653-MARECHAL HERMES X MEIER (CIRCULAR),Fetranspor,110,17365682,"-22.8664","-43.3607"
653,653-MARECHAL HERMES X MEIER (CIRCULAR),Fetranspor,111,17365682,"-22.8662","-43.3599"
653,653-MARECHAL HERMES X MEIER (CIRCULAR),Fetranspor,112,17365682,"-22.8662","-43.3598"
653,653-MARECHAL HERMES X MEIER (CIRCULAR),Fetranspor,113,17365682,"-22.8662","-43.3598"
653,653-MARECHAL HERMES X MEIER (CIRCULAR),Fetranspor,114,17365682,"-22.8662","-43.3594"
653,653-MARECHAL HERMES X MEIER (CIRCULAR),Fetranspor,115,17365682,"-22.8662","-43.3594"
653,653-MARECHAL HERMES X MEIER (CIRCULAR),Fetranspor,116,17365682,"-22.8662","-43.3594"
653,653-MARECHAL HERMES X MEIER (CIRCULAR),Fetranspor,117,17365682,"-22.8664","-43.359"
653,653-MARECHAL HERMES X MEIER (CIRCULAR),Fetranspor,118,17365682,"-22.8664","-43.359"
653,653-MARECHAL HERMES X MEIER (CIRCULAR),Fetranspor,119,17365682,"-22.866","-43.3587"
653,653-MARECHAL HERMES X MEIER (CIRCULAR),Fetranspor,120,17365682,"-22.866","-43.3587"
653,653-MARECHAL HERMES X MEIER (CIRCULAR),Fetranspor,121,17365682,"-22.8652","-43.3581"
653,653-MARECHAL HERMES X MEIER (CIRCULAR),Fetranspor,122,17365682,"-22.8651","-43.3581"
653,653-MARECHAL HERMES X MEIER (CIRCULAR),Fetranspor,123,17365682,"-22.8651","-43.358"
653,653-MARECHAL HERMES X MEIER (CIRCULAR),Fetranspor,124,17365682,"-22.8651","-43.358"
653,653-MARECHAL HERMES X MEIER (CIRCULAR),Fetranspor,125,17365682,"-22.8651","-43.3579"
653,653-MARECHAL HERMES X MEIER (CIRCULAR),Fetranspor,126,17365682,"-22.8653","-43.3574"
653,653-MARECHAL HERMES X MEIER (CIRCULAR),Fetranspor,127,17365682,"-22.8654","-43.3572"
653,653-MARECHAL HERMES X MEIER (CIRCULAR),Fetranspor,128,17365682,"-22.8654","-43.3572"
653,653-MARECHAL HERMES X MEIER (CIRCULAR),Fetranspor,129,17365682,"-22.8655","-43.3569"
653,653-MARECHAL HERMES X MEIER (CIRCULAR),Fetranspor,130,17365682,"-22.8657","-43.3566"
653,653-MARECHAL HERMES X MEIER (CIRCULAR),Fetranspor,131,17365682,"-22.8657","-43.3566"
653,653-MARECHAL HERMES X MEIER (CIRCULAR),Fetranspor,132,17365682,"-22.8658","-43.3563"
653,653-MARECHAL HERMES X MEIER (CIRCULAR),Fetranspor,133,17365682,"-22.8661","-43.3557"
653,653-MARECHAL HERMES X MEIER (CIRCULAR),Fetranspor,134,17365682,"-22.8666","-43.3548"
653,653-MARECHAL HERMES X MEIER (CIRCULAR),Fetranspor,135,17365682,"-22.8666","-43.3548"
653,653-MARECHAL HERMES X MEIER (CIRCULAR),Fetranspor,136,17365682,"-22.8676","-43.353"
653,653-MARECHAL HERMES X MEIER (CIRCULAR),Fetranspor,137,17365682,"-22.8676","-43.353"
653,653-MARECHAL HERMES X MEIER (CIRCULAR),Fetranspor,138,17365682,"-22.8679","-43.3525"
653,653-MARECHAL HERMES X MEIER (CIRCULAR),Fetranspor,139,17365682,"-22.8681","-43.3523"
653,653-MARECHAL HERMES X MEIER (CIRCULAR),Fetranspor,140,17365682,"-22.8681","-43.3523"
653,653-MARECHAL HERMES X MEIER (CIRCULAR),Fetranspor,141,17365682,"-22.8684","-43.3517"
653,653-MARECHAL HERMES X MEIER (CIRCULAR),Fetranspor,142,17365682,"-22.8686","-43.3515"
653,653-MARECHAL HERMES X MEIER (CIRCULAR),Fetranspor,143,17365682,"-22.8686","-43.3514"
653,653-MARECHAL HERMES X MEIER (CIRCULAR),Fetranspor,144,17365682,"-22.8687","-43.3513"
653,653-MARECHAL HERMES X MEIER (CIRCULAR),Fetranspor,145,17365682,"-22.8689","-43.3511"
653,653-MARECHAL HERMES X MEIER (CIRCULAR),Fetranspor,146,17365682,"-22.869","-43.351"
653,653-MARECHAL HERMES X MEIER (CIRCULAR),Fetranspor,147,17365682,"-22.869","-43.3509"
653,653-MARECHAL HERMES X MEIER (CIRCULAR),Fetranspor,148,17365682,"-22.8693","-43.3504"
653,653-MARECHAL HERMES X MEIER (CIRCULAR),Fetranspor,149,17365682,"-22.8693","-43.3504"
653,653-MARECHAL HERMES X MEIER (CIRCULAR),Fetranspor,150,17365682,"-22.8697","-43.3498"
653,653-MARECHAL HERMES X MEIER (CIRCULAR),Fetranspor,151,17365682,"-22.8697","-43.3498"
653,653-MARECHAL HERMES X MEIER (CIRCULAR),Fetranspor,152,17365682,"-22.8698","-43.3495"
653,653-MARECHAL HERMES X MEIER (CIRCULAR),Fetranspor,153,17365682,"-22.8698","-43.3495"
653,653-MARECHAL HERMES X MEIER (CIRCULAR),Fetranspor,154,17365682,"-22.8701","-43.349"
653,653-MARECHAL HERMES X MEIER (CIRCULAR),Fetranspor,155,17365682,"-22.8702","-43.3489"
653,653-MARECHAL HERMES X MEIER (CIRCULAR),Fetranspor,156,17365682,"-22.8702","-43.3489"
653,653-MARECHAL HERMES X MEIER (CIRCULAR),Fetranspor,157,17365682,"-22.8702","-43.3489"
653,653-MARECHAL HERMES X MEIER (CIRCULAR),Fetranspor,158,17365682,"-22.8702","-43.3488"
653,653-MARECHAL HERMES X MEIER (CIRCULAR),Fetranspor,159,17365682,"-22.8702","-43.3487"
653,653-MARECHAL HERMES X MEIER (CIRCULAR),Fetranspor,160,17365682,"-22.8707","-43.3478"
653,653-MARECHAL HERMES X MEIER (CIRCULAR),Fetranspor,161,17365682,"-22.8707","-43.3478"
653,653-MARECHAL HERMES X MEIER (CIRCULAR),Fetranspor,162,17365682,"-22.8712","-43.347"
653,653-MARECHAL HERMES X MEIER (CIRCULAR),Fetranspor,163,17365682,"-22.8712","-43.347"
653,653-MARECHAL HERMES X MEIER (CIRCULAR),Fetranspor,164,17365682,"-22.8715","-43.3464"
653,653-MARECHAL HERMES X MEIER (CIRCULAR),Fetranspor,165,17365682,"-22.8715","-43.3464"
653,653-MARECHAL HERMES X MEIER (CIRCULAR),Fetranspor,166,17365682,"-22.8719","-43.3459"
653,653-MARECHAL HERMES X MEIER (CIRCULAR),Fetranspor,167,17365682,"-22.8719","-43.3459"
653,653-MARECHAL HERMES X MEIER (CIRCULAR),Fetranspor,168,17365682,"-22.8723","-43.3451"
653,653-MARECHAL HERMES X MEIER (CIRCULAR),Fetranspor,169,17365682,"-22.8723","-43.3451"
653,653-MARECHAL HERMES X MEIER (CIRCULAR),Fetranspor,170,17365682,"-22.8734","-43.3434"
653,653-MARECHAL HERMES X MEIER (CIRCULAR),Fetranspor,171,17365682,"-22.8734","-43.3434"
653,653-MARECHAL HERMES X MEIER (CIRCULAR),Fetranspor,172,17365682,"-22.8742","-43.342"
653,653-MARECHAL HERMES X MEIER (CIRCULAR),Fetranspor,173,17365682,"-22.8742","-43.342"
653,653-MARECHAL HERMES X MEIER (CIRCULAR),Fetranspor,174,17365682,"-22.8756","-43.3429"
653,653-MARECHAL HERMES X MEIER (CIRCULAR),Fetranspor,175,17365682,"-22.8756","-43.3429"
653,653-MARECHAL HERMES X MEIER (CIRCULAR),Fetranspor,176,17365682,"-22.8756","-43.3428"
653,653-MARECHAL HERMES X MEIER (CIRCULAR),Fetranspor,177,17365682,"-22.8762","-43.3416"
653,653-MARECHAL HERMES X MEIER (CIRCULAR),Fetranspor,178,17365682,"-22.8763","-43.3415"
653,653-MARECHAL HERMES X MEIER (CIRCULAR),Fetranspor,179,17365682,"-22.8763","-43.3415"
653,653-MARECHAL HERMES X MEIER (CIRCULAR),Fetranspor,180,17365682,"-22.8766","-43.341"
653,653-MARECHAL HERMES X MEIER (CIRCULAR),Fetranspor,181,17365682,"-22.8771","-43.3401"
653,653-MARECHAL HERMES X MEIER (CIRCULAR),Fetranspor,182,17365682,"-22.8771","-43.3401"
653,653-MARECHAL HERMES X MEIER (CIRCULAR),Fetranspor,183,17365682,"-22.8776","-43.3406"
653,653-MARECHAL HERMES X MEIER (CIRCULAR),Fetranspor,184,17365682,"-22.8777","-43.3407"
653,653-MARECHAL HERMES X MEIER (CIRCULAR),Fetranspor,185,17365682,"-22.8778","-43.3408"
653,653-MARECHAL HERMES X MEIER (CIRCULAR),Fetranspor,186,17365682,"-22.8781","-43.3409"
653,653-MARECHAL HERMES X MEIER (CIRCULAR),Fetranspor,187,17365682,"-22.8781","-43.3409"
653,653-MARECHAL HERMES X MEIER (CIRCULAR),Fetranspor,188,17365682,"-22.8784","-43.341"
653,653-MARECHAL HERMES X MEIER (CIRCULAR),Fetranspor,189,17365682,"-22.8784","-43.341"
653,653-MARECHAL HERMES X MEIER (CIRCULAR),Fetranspor,190,17365682,"-22.8791","-43.3414"
653,653-MARECHAL HERMES X MEIER (CIRCULAR),Fetranspor,191,17365682,"-22.8791","-43.3414"
653,653-MARECHAL HERMES X MEIER (CIRCULAR),Fetranspor,192,17365682,"-22.8793","-43.3416"
653,653-MARECHAL HERMES X MEIER (CIRCULAR),Fetranspor,193,17365682,"-22.8794","-43.3417"
653,653-MARECHAL HERMES X MEIER (CIRCULAR),Fetranspor,194,17365682,"-22.8795","-43.3418"
653,653-MARECHAL HERMES X MEIER (CIRCULAR),Fetranspor,195,17365682,"-22.8797","-43.3418"
653,653-MARECHAL HERMES X MEIER (CIRCULAR),Fetranspor,196,17365682,"-22.8799","-43.3419"
653,653-MARECHAL HERMES X MEIER (CIRCULAR),Fetranspor,197,17365682,"-22.8799","-43.3419"
653,653-MARECHAL HERMES X MEIER (CIRCULAR),Fetranspor,198,17365682,"-22.88","-43.3419"
653,653-MARECHAL HERMES X MEIER (CIRCULAR),Fetranspor,199,17365682,"-22.8801","-43.3419"
653,653-MARECHAL HERMES X MEIER (CIRCULAR),Fetranspor,200,17365682,"-22.8801","-43.3419"
653,653-MARECHAL HERMES X MEIER (CIRCULAR),Fetranspor,201,17365682,"-22.8806","-43.3419"
653,653-MARECHAL HERMES X MEIER (CIRCULAR),Fetranspor,202,17365682,"-22.8806","-43.3419"
653,653-MARECHAL HERMES X MEIER (CIRCULAR),Fetranspor,203,17365682,"-22.8808","-43.3419"
653,653-MARECHAL HERMES X MEIER (CIRCULAR),Fetranspor,204,17365682,"-22.8825","-43.3422"
653,653-MARECHAL HERMES X MEIER (CIRCULAR),Fetranspor,205,17365682,"-22.8827","-43.3422"
653,653-MARECHAL HERMES X MEIER (CIRCULAR),Fetranspor,206,17365682,"-22.8827","-43.3422"
653,653-MARECHAL HERMES X MEIER (CIRCULAR),Fetranspor,207,17365682,"-22.8828","-43.3422"
653,653-MARECHAL HERMES X MEIER (CIRCULAR),Fetranspor,208,17365682,"-22.8829","-43.3422"
653,653-MARECHAL HERMES X MEIER (CIRCULAR),Fetranspor,209,17365682,"-22.8829","-43.3422"
653,653-MARECHAL HERMES X MEIER (CIRCULAR),Fetranspor,210,17365682,"-22.8829","-43.3421"
653,653-MARECHAL HERMES X MEIER (CIRCULAR),Fetranspor,211,17365682,"-22.8829","-43.3421"
653,653-MARECHAL HERMES X MEIER (CIRCULAR),Fetranspor,212,17365682,"-22.8829","-43.3414"
653,653-MARECHAL HERMES X MEIER (CIRCULAR),Fetranspor,213,17365682,"-22.8829","-43.3414"
653,653-MARECHAL HERMES X MEIER (CIRCULAR),Fetranspor,214,17365682,"-22.8827","-43.3396"
653,653-MARECHAL HERMES X MEIER (CIRCULAR),Fetranspor,215,17365682,"-22.8827","-43.3396"
653,653-MARECHAL HERMES X MEIER (CIRCULAR),Fetranspor,216,17365682,"-22.8825","-43.3383"
653,653-MARECHAL HERMES X MEIER (CIRCULAR),Fetranspor,217,17365682,"-22.8824","-43.3377"
653,653-MARECHAL HERMES X MEIER (CIRCULAR),Fetranspor,218,17365682,"-22.8824","-43.3376"
653,653-MARECHAL HERMES X MEIER (CIRCULAR),Fetranspor,219,17365682,"-22.8824","-43.3376"
653,653-MARECHAL HERMES X MEIER (CIRCULAR),Fetranspor,220,17365682,"-22.8824","-43.3369"
653,653-MARECHAL HERMES X MEIER (CIRCULAR),Fetranspor,221,17365682,"-22.8824","-43.3369"
653,653-MARECHAL HERMES X MEIER (CIRCULAR),Fetranspor,222,17365682,"-22.8824","-43.3367"
653,653-MARECHAL HERMES X MEIER (CIRCULAR),Fetranspor,223,17365682,"-22.8824","-43.3367"
653,653-MARECHAL HERMES X MEIER (CIRCULAR),Fetranspor,224,17365682,"-22.8824","-43.3364"
653,653-MARECHAL HERMES X MEIER (CIRCULAR),Fetranspor,225,17365682,"-22.8824","-43.3364"
653,653-MARECHAL HERMES X MEIER (CIRCULAR),Fetranspor,226,17365682,"-22.8824","-43.3363"
653,653-MARECHAL HERMES X MEIER (CIRCULAR),Fetranspor,227,17365682,"-22.8824","-43.3363"
653,653-MARECHAL HERMES X MEIER (CIRCULAR),Fetranspor,228,17365682,"-22.8824","-43.3355"
653,653-MARECHAL HERMES X MEIER (CIRCULAR),Fetranspor,229,17365682,"-22.8824","-43.3355"
653,653-MARECHAL HERMES X MEIER (CIRCULAR),Fetranspor,230,17365682,"-22.8824","-43.3348"
653,653-MARECHAL HERMES X MEIER (CIRCULAR),Fetranspor,231,17365682,"-22.8823","-43.3346"
653,653-MARECHAL HERMES X MEIER (CIRCULAR),Fetranspor,232,17365682,"-22.8823","-43.3346"
653,653-MARECHAL HERMES X MEIER (CIRCULAR),Fetranspor,233,17365682,"-22.8822","-43.3337"
653,653-MARECHAL HERMES X MEIER (CIRCULAR),Fetranspor,234,17365682,"-22.8822","-43.3337"
653,653-MARECHAL HERMES X MEIER (CIRCULAR),Fetranspor,235,17365682,"-22.882","-43.3323"
653,653-MARECHAL HERMES X MEIER (CIRCULAR),Fetranspor,236,17365682,"-22.882","-43.3321"
653,653-MARECHAL HERMES X MEIER (CIRCULAR),Fetranspor,237,17365682,"-22.882","-43.3321"
653,653-MARECHAL HERMES X MEIER (CIRCULAR),Fetranspor,238,17365682,"-22.8823","-43.3321"
653,653-MARECHAL HERMES X MEIER (CIRCULAR),Fetranspor,239,17365682,"-22.8827","-43.3321"
653,653-MARECHAL HERMES X MEIER (CIRCULAR),Fetranspor,240,17365682,"-22.8835","-43.3321"
653,653-MARECHAL HERMES X MEIER (CIRCULAR),Fetranspor,241,17365682,"-22.8839","-43.3321"
653,653-MARECHAL HERMES X MEIER (CIRCULAR),Fetranspor,242,17365682,"-22.8845","-43.3321"
653,653-MARECHAL HERMES X MEIER (CIRCULAR),Fetranspor,243,17365682,"-22.8845","-43.3321"
653,653-MARECHAL HERMES X MEIER (CIRCULAR),Fetranspor,244,17365682,"-22.8847","-43.3321"
653,653-MARECHAL HERMES X MEIER (CIRCULAR),Fetranspor,245,17365682,"-22.885","-43.332"
653,653-MARECHAL HERMES X MEIER (CIRCULAR),Fetranspor,246,17365682,"-22.885","-43.332"
653,653-MARECHAL HERMES X MEIER (CIRCULAR),Fetranspor,247,17365682,"-22.8852","-43.3319"
653,653-MARECHAL HERMES X MEIER (CIRCULAR),Fetranspor,248,17365682,"-22.8857","-43.3317"
653,653-MARECHAL HERMES X MEIER (CIRCULAR),Fetranspor,249,17365682,"-22.8861","-43.3315"
653,653-MARECHAL HERMES X MEIER (CIRCULAR),Fetranspor,250,17365682,"-22.8861","-43.3315"
653,653-MARECHAL HERMES X MEIER (CIRCULAR),Fetranspor,251,17365682,"-22.8866","-43.3312"
653,653-MARECHAL HERMES X MEIER (CIRCULAR),Fetranspor,252,17365682,"-22.8869","-43.331"
653,653-MARECHAL HERMES X MEIER (CIRCULAR),Fetranspor,253,17365682,"-22.8869","-43.331"
653,653-MARECHAL HERMES X MEIER (CIRCULAR),Fetranspor,254,17365682,"-22.887","-43.3307"
653,653-MARECHAL HERMES X MEIER (CIRCULAR),Fetranspor,255,17365682,"-22.887","-43.3307"
653,653-MARECHAL HERMES X MEIER (CIRCULAR),Fetranspor,256,17365682,"-22.8878","-43.3297"
653,653-MARECHAL HERMES X MEIER (CIRCULAR),Fetranspor,257,17365682,"-22.8878","-43.3297"
653,653-MARECHAL HERMES X MEIER (CIRCULAR),Fetranspor,258,17365682,"-22.8883","-43.329"
653,653-MARECHAL HERMES X MEIER (CIRCULAR),Fetranspor,259,17365682,"-22.8883","-43.329"
653,653-MARECHAL HERMES X MEIER (CIRCULAR),Fetranspor,260,17365682,"-22.8888","-43.3283"
653,653-MARECHAL HERMES X MEIER (CIRCULAR),Fetranspor,261,17365682,"-22.8888","-43.3283"
653,653-MARECHAL HERMES X MEIER (CIRCULAR),Fetranspor,262,17365682,"-22.8901","-43.3265"
653,653-MARECHAL HERMES X MEIER (CIRCULAR),Fetranspor,263,17365682,"-22.8901","-43.3265"
653,653-MARECHAL HERMES X MEIER (CIRCULAR),Fetranspor,264,17365682,"-22.889","-43.3257"
653,653-MARECHAL HERMES X MEIER (CIRCULAR),Fetranspor,265,17365682,"-22.889","-43.3257"
653,653-MARECHAL HERMES X MEIER (CIRCULAR),Fetranspor,266,17365682,"-22.8885","-43.3253"
653,653-MARECHAL HERMES X MEIER (CIRCULAR),Fetranspor,267,17365682,"-22.8874","-43.3244"
653,653-MARECHAL HERMES X MEIER (CIRCULAR),Fetranspor,268,17365682,"-22.8871","-43.3243"
653,653-MARECHAL HERMES X MEIER (CIRCULAR),Fetranspor,269,17365682,"-22.8871","-43.3241"
653,653-MARECHAL HERMES X MEIER (CIRCULAR),Fetranspor,270,17365682,"-22.8871","-43.3241"
653,653-MARECHAL HERMES X MEIER (CIRCULAR),Fetranspor,271,17365682,"-22.8872","-43.324"
653,653-MARECHAL HERMES X MEIER (CIRCULAR),Fetranspor,272,17365682,"-22.8878","-43.3234"
653,653-MARECHAL HERMES X MEIER (CIRCULAR),Fetranspor,273,17365682,"-22.8878","-43.3234"
653,653-MARECHAL HERMES X MEIER (CIRCULAR),Fetranspor,274,17365682,"-22.8878","-43.3233"
653,653-MARECHAL HERMES X MEIER (CIRCULAR),Fetranspor,275,17365682,"-22.8878","-43.3233"
653,653-MARECHAL HERMES X MEIER (CIRCULAR),Fetranspor,276,17365682,"-22.8879","-43.3232"
653,653-MARECHAL HERMES X MEIER (CIRCULAR),Fetranspor,277,17365682,"-22.8881","-43.3228"
653,653-MARECHAL HERMES X MEIER (CIRCULAR),Fetranspor,278,17365682,"-22.8883","-43.3224"
653,653-MARECHAL HERMES X MEIER (CIRCULAR),Fetranspor,279,17365682,"-22.8883","-43.3223"
653,653-MARECHAL HERMES X MEIER (CIRCULAR),Fetranspor,280,17365682,"-22.8883","-43.3223"
653,653-MARECHAL HERMES X MEIER (CIRCULAR),Fetranspor,281,17365682,"-22.8887","-43.3212"
653,653-MARECHAL HERMES X MEIER (CIRCULAR),Fetranspor,282,17365682,"-22.8887","-43.3212"
653,653-MARECHAL HERMES X MEIER (CIRCULAR),Fetranspor,283,17365682,"-22.8889","-43.3204"
653,653-MARECHAL HERMES X MEIER (CIRCULAR),Fetranspor,284,17365682,"-22.8889","-43.3204"
653,653-MARECHAL HERMES X MEIER (CIRCULAR),Fetranspor,285,17365682,"-22.889","-43.32"
653,653-MARECHAL HERMES X MEIER (CIRCULAR),Fetranspor,286,17365682,"-22.889","-43.32"
653,653-MARECHAL HERMES X MEIER (CIRCULAR),Fetranspor,287,17365682,"-22.889","-43.3199"
653,653-MARECHAL HERMES X MEIER (CIRCULAR),Fetranspor,288,17365682,"-22.889","-43.3197"
653,653-MARECHAL HERMES X MEIER (CIRCULAR),Fetranspor,289,17365682,"-22.889","-43.3195"
653,653-MARECHAL HERMES X MEIER (CIRCULAR),Fetranspor,290,17365682,"-22.8891","-43.3193"
653,653-MARECHAL HERMES X MEIER (CIRCULAR),Fetranspor,291,17365682,"-22.8891","-43.3193"
653,653-MARECHAL HERMES X MEIER (CIRCULAR),Fetranspor,292,17365682,"-22.8894","-43.3181"
653,653-MARECHAL HERMES X MEIER (CIRCULAR),Fetranspor,293,17365682,"-22.8894","-43.3181"
653,653-MARECHAL HERMES X MEIER (CIRCULAR),Fetranspor,294,17365682,"-22.8895","-43.3175"
653,653-MARECHAL HERMES X MEIER (CIRCULAR),Fetranspor,295,17365682,"-22.8895","-43.3169"
653,653-MARECHAL HERMES X MEIER (CIRCULAR),Fetranspor,296,17365682,"-22.8895","-43.3167"
653,653-MARECHAL HERMES X MEIER (CIRCULAR),Fetranspor,297,17365682,"-22.8895","-43.3167"
653,653-MARECHAL HERMES X MEIER (CIRCULAR),Fetranspor,298,17365682,"-22.8894","-43.3165"
653,653-MARECHAL HERMES X MEIER (CIRCULAR),Fetranspor,299,17365682,"-22.8894","-43.3164"
653,653-MARECHAL HERMES X MEIER (CIRCULAR),Fetranspor,300,17365682,"-22.8892","-43.3157"
653,653-MARECHAL HERMES X MEIER (CIRCULAR),Fetranspor,301,17365682,"-22.8892","-43.3157"
653,653-MARECHAL HERMES X MEIER (CIRCULAR),Fetranspor,302,17365682,"-22.8892","-43.3157"
653,653-MARECHAL HERMES X MEIER (CIRCULAR),Fetranspor,303,17365682,"-22.8892","-43.3157"
653,653-MARECHAL HERMES X MEIER (CIRCULAR),Fetranspor,304,17365682,"-22.889","-43.3152"
653,653-MARECHAL HERMES X MEIER (CIRCULAR),Fetranspor,305,17365682,"-22.8889","-43.3149"
653,653-MARECHAL HERMES X MEIER (CIRCULAR),Fetranspor,306,17365682,"-22.8888","-43.3145"
653,653-MARECHAL HERMES X MEIER (CIRCULAR),Fetranspor,307,17365682,"-22.8887","-43.3142"
653,653-MARECHAL HERMES X MEIER (CIRCULAR),Fetranspor,308,17365682,"-22.8886","-43.3135"
653,653-MARECHAL HERMES X MEIER (CIRCULAR),Fetranspor,309,17365682,"-22.8887","-43.3132"
653,653-MARECHAL HERMES X MEIER (CIRCULAR),Fetranspor,310,17365682,"-22.8887","-43.3132"
653,653-MARECHAL HERMES X MEIER (CIRCULAR),Fetranspor,311,17365682,"-22.8887","-43.3122"
653,653-MARECHAL HERMES X MEIER (CIRCULAR),Fetranspor,312,17365682,"-22.8888","-43.312"
653,653-MARECHAL HERMES X MEIER (CIRCULAR),Fetranspor,313,17365682,"-22.8889","-43.3118"
653,653-MARECHAL HERMES X MEIER (CIRCULAR),Fetranspor,314,17365682,"-22.8891","-43.3114"
653,653-MARECHAL HERMES X MEIER (CIRCULAR),Fetranspor,315,17365682,"-22.8892","-43.3111"
653,653-MARECHAL HERMES X MEIER (CIRCULAR),Fetranspor,316,17365682,"-22.8894","-43.3109"
653,653-MARECHAL HERMES X MEIER (CIRCULAR),Fetranspor,317,17365682,"-22.8897","-43.3105"
653,653-MARECHAL HERMES X MEIER (CIRCULAR),Fetranspor,318,17365682,"-22.8899","-43.3102"
653,653-MARECHAL HERMES X MEIER (CIRCULAR),Fetranspor,319,17365682,"-22.89","-43.3101"
653,653-MARECHAL HERMES X MEIER (CIRCULAR),Fetranspor,320,17365682,"-22.89","-43.3101"
653,653-MARECHAL HERMES X MEIER (CIRCULAR),Fetranspor,321,17365682,"-22.8901","-43.3101"
653,653-MARECHAL HERMES X MEIER (CIRCULAR),Fetranspor,322,17365682,"-22.8902","-43.3101"
653,653-MARECHAL HERMES X MEIER (CIRCULAR),Fetranspor,323,17365682,"-22.8913","-43.3106"
653,653-MARECHAL HERMES X MEIER (CIRCULAR),Fetranspor,324,17365682,"-22.8913","-43.3106"
653,653-MARECHAL HERMES X MEIER (CIRCULAR),Fetranspor,325,17365682,"-22.8916","-43.3108"
653,653-MARECHAL HERMES X MEIER (CIRCULAR),Fetranspor,326,17365682,"-22.8916","-43.3108"
653,653-MARECHAL HERMES X MEIER (CIRCULAR),Fetranspor,327,17365682,"-22.8923","-43.3111"
653,653-MARECHAL HERMES X MEIER (CIRCULAR),Fetranspor,328,17365682,"-22.8923","-43.3111"
653,653-MARECHAL HERMES X MEIER (CIRCULAR),Fetranspor,329,17365682,"-22.8934","-43.3116"
653,653-MARECHAL HERMES X MEIER (CIRCULAR),Fetranspor,330,17365682,"-22.8934","-43.3116"
653,653-MARECHAL HERMES X MEIER (CIRCULAR),Fetranspor,331,17365682,"-22.8948","-43.3122"
653,653-MARECHAL HERMES X MEIER (CIRCULAR),Fetranspor,332,17365682,"-22.8948","-43.3122"
653,653-MARECHAL HERMES X MEIER (CIRCULAR),Fetranspor,333,17365682,"-22.8953","-43.3125"
653,653-MARECHAL HERMES X MEIER (CIRCULAR),Fetranspor,334,17365682,"-22.8953","-43.3125"
653,653-MARECHAL HERMES X MEIER (CIRCULAR),Fetranspor,335,17365682,"-22.896","-43.3128"
653,653-MARECHAL HERMES X MEIER (CIRCULAR),Fetranspor,336,17365682,"-22.8963","-43.3128"
653,653-MARECHAL HERMES X MEIER (CIRCULAR),Fetranspor,337,17365682,"-22.8963","-43.3128"
653,653-MARECHAL HERMES X MEIER (CIRCULAR),Fetranspor,338,17365682,"-22.8963","-43.3125"
653,653-MARECHAL HERMES X MEIER (CIRCULAR),Fetranspor,339,17365682,"-22.8963","-43.3125"
653,653-MARECHAL HERMES X MEIER (CIRCULAR),Fetranspor,340,17365682,"-22.8962","-43.3116"
653,653-MARECHAL HERMES X MEIER (CIRCULAR),Fetranspor,341,17365682,"-22.8962","-43.3116"
653,653-MARECHAL HERMES X MEIER (CIRCULAR),Fetranspor,342,17365682,"-22.8962","-43.3107"
653,653-MARECHAL HERMES X MEIER (CIRCULAR),Fetranspor,343,17365682,"-22.8962","-43.3107"
653,653-MARECHAL HERMES X MEIER (CIRCULAR),Fetranspor,344,17365682,"-22.8962","-43.31"
653,653-MARECHAL HERMES X MEIER (CIRCULAR),Fetranspor,345,17365682,"-22.8962","-43.31"
653,653-MARECHAL HERMES X MEIER (CIRCULAR),Fetranspor,346,17365682,"-22.8961","-43.3083"
653,653-MARECHAL HERMES X MEIER (CIRCULAR),Fetranspor,347,17365682,"-22.8961","-43.3083"
653,653-MARECHAL HERMES X MEIER (CIRCULAR),Fetranspor,348,17365682,"-22.8961","-43.3077"
653,653-MARECHAL HERMES X MEIER (CIRCULAR),Fetranspor,349,17365682,"-22.896","-43.3055"
653,653-MARECHAL HERMES X MEIER (CIRCULAR),Fetranspor,350,17365682,"-22.896","-43.3055"
653,653-MARECHAL HERMES X MEIER (CIRCULAR),Fetranspor,351,17365682,"-22.896","-43.3047"
653,653-MARECHAL HERMES X MEIER (CIRCULAR),Fetranspor,352,17365682,"-22.896","-43.3047"
653,653-MARECHAL HERMES X MEIER (CIRCULAR),Fetranspor,353,17365682,"-22.896","-43.3044"
653,653-MARECHAL HERMES X MEIER (CIRCULAR),Fetranspor,354,17365682,"-22.896","-43.3033"
653,653-MARECHAL HERMES X MEIER (CIRCULAR),Fetranspor,355,17365682,"-22.896","-43.3033"
653,653-MARECHAL HERMES X MEIER (CIRCULAR),Fetranspor,356,17365682,"-22.8959","-43.3026"
653,653-MARECHAL HERMES X MEIER (CIRCULAR),Fetranspor,357,17365682,"-22.8959","-43.3026"
653,653-MARECHAL HERMES X MEIER (CIRCULAR),Fetranspor,358,17365682,"-22.8959","-43.3022"
653,653-MARECHAL HERMES X MEIER (CIRCULAR),Fetranspor,359,17365682,"-22.8959","-43.3022"
653,653-MARECHAL HERMES X MEIER (CIRCULAR),Fetranspor,360,17365682,"-22.8959","-43.3008"
653,653-MARECHAL HERMES X MEIER (CIRCULAR),Fetranspor,361,17365682,"-22.8959","-43.3008"
653,653-MARECHAL HERMES X MEIER (CIRCULAR),Fetranspor,362,17365682,"-22.8965","-43.3009"
653,653-MARECHAL HERMES X MEIER (CIRCULAR),Fetranspor,363,17365682,"-22.8966","-43.3009"
653,653-MARECHAL HERMES X MEIER (CIRCULAR),Fetranspor,364,17365682,"-22.8967","-43.3009"
653,653-MARECHAL HERMES X MEIER (CIRCULAR),Fetranspor,365,17365682,"-22.8967","-43.3009"
653,653-MARECHAL HERMES X MEIER (CIRCULAR),Fetranspor,366,17365682,"-22.8968","-43.3009"
653,653-MARECHAL HERMES X MEIER (CIRCULAR),Fetranspor,367,17365682,"-22.8968","-43.3008"
653,653-MARECHAL HERMES X MEIER (CIRCULAR),Fetranspor,368,17365682,"-22.8972","-43.2996"
653,653-MARECHAL HERMES X MEIER (CIRCULAR),Fetranspor,369,17365682,"-22.8972","-43.2996"
653,653-MARECHAL HERMES X MEIER (CIRCULAR),Fetranspor,370,17365682,"-22.8972","-43.2995"
653,653-MARECHAL HERMES X MEIER (CIRCULAR),Fetranspor,371,17365682,"-22.8976","-43.2982"
653,653-MARECHAL HERMES X MEIER (CIRCULAR),Fetranspor,372,17365682,"-22.8976","-43.2982"
653,653-MARECHAL HERMES X MEIER (CIRCULAR),Fetranspor,373,17365682,"-22.8979","-43.297"
653,653-MARECHAL HERMES X MEIER (CIRCULAR),Fetranspor,374,17365682,"-22.8979","-43.2968"
653,653-MARECHAL HERMES X MEIER (CIRCULAR),Fetranspor,375,17365682,"-22.8979","-43.2968"
653,653-MARECHAL HERMES X MEIER (CIRCULAR),Fetranspor,376,17365682,"-22.8986","-43.2971"
653,653-MARECHAL HERMES X MEIER (CIRCULAR),Fetranspor,377,17365682,"-22.8992","-43.2973"
653,653-MARECHAL HERMES X MEIER (CIRCULAR),Fetranspor,378,17365682,"-22.8992","-43.2973"
653,653-MARECHAL HERMES X MEIER (CIRCULAR),Fetranspor,379,17365682,"-22.9005","-43.2977"
653,653-MARECHAL HERMES X MEIER (CIRCULAR),Fetranspor,380,17365682,"-22.9005","-43.2977"
653,653-MARECHAL HERMES X MEIER (CIRCULAR),Fetranspor,381,17365682,"-22.9017","-43.2981"
653,653-MARECHAL HERMES X MEIER (CIRCULAR),Fetranspor,382,17365682,"-22.9017","-43.2981"
653,653-MARECHAL HERMES X MEIER (CIRCULAR),Fetranspor,383,17365682,"-22.9029","-43.2984"
653,653-MARECHAL HERMES X MEIER (CIRCULAR),Fetranspor,384,17365682,"-22.903","-43.2985"
653,653-MARECHAL HERMES X MEIER (CIRCULAR),Fetranspor,385,17365682,"-22.903","-43.2985"
653,653-MARECHAL HERMES X MEIER (CIRCULAR),Fetranspor,386,17365682,"-22.9039","-43.2987"
653,653-MARECHAL HERMES X MEIER (CIRCULAR),Fetranspor,387,17365682,"-22.9042","-43.2988"
653,653-MARECHAL HERMES X MEIER (CIRCULAR),Fetranspor,388,17365682,"-22.9044","-43.2989"
653,653-MARECHAL HERMES X MEIER (CIRCULAR),Fetranspor,389,17365682,"-22.9044","-43.2989"
653,653-MARECHAL HERMES X MEIER (CIRCULAR),Fetranspor,390,17365682,"-22.9043","-43.2973"
653,653-MARECHAL HERMES X MEIER (CIRCULAR),Fetranspor,391,17365682,"-22.9043","-43.2973"
653,653-MARECHAL HERMES X MEIER (CIRCULAR),Fetranspor,392,17365682,"-22.9043","-43.2965"
653,653-MARECHAL HERMES X MEIER (CIRCULAR),Fetranspor,393,17365682,"-22.9042","-43.2956"
653,653-MARECHAL HERMES X MEIER (CIRCULAR),Fetranspor,394,17365682,"-22.9042","-43.2954"
653,653-MARECHAL HERMES X MEIER (CIRCULAR),Fetranspor,395,17365682,"-22.9042","-43.2954"
653,653-MARECHAL HERMES X MEIER (CIRCULAR),Fetranspor,396,17365682,"-22.9043","-43.2952"
653,653-MARECHAL HERMES X MEIER (CIRCULAR),Fetranspor,397,17365682,"-22.9044","-43.295"
653,653-MARECHAL HERMES X MEIER (CIRCULAR),Fetranspor,398,17365682,"-22.9044","-43.295"
653,653-MARECHAL HERMES X MEIER (CIRCULAR),Fetranspor,399,17365682,"-22.9044","-43.2947"
653,653-MARECHAL HERMES X MEIER (CIRCULAR),Fetranspor,400,17365682,"-22.9044","-43.2947"
653,653-MARECHAL HERMES X MEIER (CIRCULAR),Fetranspor,401,17365682,"-22.9045","-43.2945"
653,653-MARECHAL HERMES X MEIER (CIRCULAR),Fetranspor,402,17365682,"-22.9047","-43.294"
653,653-MARECHAL HERMES X MEIER (CIRCULAR),Fetranspor,403,17365682,"-22.9047","-43.294"
653,653-MARECHAL HERMES X MEIER (CIRCULAR),Fetranspor,404,17365682,"-22.9051","-43.2934"
653,653-MARECHAL HERMES X MEIER (CIRCULAR),Fetranspor,405,17365682,"-22.9051","-43.2934"
653,653-MARECHAL HERMES X MEIER (CIRCULAR),Fetranspor,406,17365682,"-22.9052","-43.2932"
653,653-MARECHAL HERMES X MEIER (CIRCULAR),Fetranspor,407,17365682,"-22.9053","-43.293"
653,653-MARECHAL HERMES X MEIER (CIRCULAR),Fetranspor,408,17365682,"-22.9053","-43.293"
653,653-MARECHAL HERMES X MEIER (CIRCULAR),Fetranspor,409,17365682,"-22.9052","-43.2922"
653,653-MARECHAL HERMES X MEIER (CIRCULAR),Fetranspor,410,17365682,"-22.9052","-43.2922"
653,653-MARECHAL HERMES X MEIER (CIRCULAR),Fetranspor,411,17365682,"-22.9052","-43.2915"
653,653-MARECHAL HERMES X MEIER (CIRCULAR),Fetranspor,412,17365682,"-22.9052","-43.2915"
653,653-MARECHAL HERMES X MEIER (CIRCULAR),Fetranspor,413,17365682,"-22.9051","-43.2907"
653,653-MARECHAL HERMES X MEIER (CIRCULAR),Fetranspor,414,17365682,"-22.9051","-43.2907"
653,653-MARECHAL HERMES X MEIER (CIRCULAR),Fetranspor,415,17365682,"-22.9051","-43.2906"
653,653-MARECHAL HERMES X MEIER (CIRCULAR),Fetranspor,416,17365682,"-22.9051","-43.29"
653,653-MARECHAL HERMES X MEIER (CIRCULAR),Fetranspor,417,17365682,"-22.9051","-43.29"
653,653-MARECHAL HERMES X MEIER (CIRCULAR),Fetranspor,418,17365682,"-22.9051","-43.2898"
653,653-MARECHAL HERMES X MEIER (CIRCULAR),Fetranspor,419,17365682,"-22.9051","-43.2898"
653,653-MARECHAL HERMES X MEIER (CIRCULAR),Fetranspor,420,17365682,"-22.905","-43.2895"
653,653-MARECHAL HERMES X MEIER (CIRCULAR),Fetranspor,421,17365682,"-22.905","-43.2893"
653,653-MARECHAL HERMES X MEIER (CIRCULAR),Fetranspor,422,17365682,"-22.9049","-43.289"
653,653-MARECHAL HERMES X MEIER (CIRCULAR),Fetranspor,423,17365682,"-22.9048","-43.2889"
653,653-MARECHAL HERMES X MEIER (CIRCULAR),Fetranspor,424,17365682,"-22.9048","-43.2889"
653,653-MARECHAL HERMES X MEIER (CIRCULAR),Fetranspor,425,17365682,"-22.9048","-43.2888"
653,653-MARECHAL HERMES X MEIER (CIRCULAR),Fetranspor,426,17365682,"-22.9045","-43.2881"
653,653-MARECHAL HERMES X MEIER (CIRCULAR),Fetranspor,427,17365682,"-22.9045","-43.288"
653,653-MARECHAL HERMES X MEIER (CIRCULAR),Fetranspor,428,17365682,"-22.9045","-43.288"
653,653-MARECHAL HERMES X MEIER (CIRCULAR),Fetranspor,429,17365682,"-22.9045","-43.2879"
653,653-MARECHAL HERMES X MEIER (CIRCULAR),Fetranspor,430,17365682,"-22.9044","-43.2876"
653,653-MARECHAL HERMES X MEIER (CIRCULAR),Fetranspor,431,17365682,"-22.9044","-43.2873"
653,653-MARECHAL HERMES X MEIER (CIRCULAR),Fetranspor,432,17365682,"-22.9044","-43.2873"
653,653-MARECHAL HERMES X MEIER (CIRCULAR),Fetranspor,433,17365682,"-22.9043","-43.2867"
653,653-MARECHAL HERMES X MEIER (CIRCULAR),Fetranspor,434,17365682,"-22.9043","-43.2867"
653,653-MARECHAL HERMES X MEIER (CIRCULAR),Fetranspor,435,17365682,"-22.9043","-43.2867"
653,653-MARECHAL HERMES X MEIER (CIRCULAR),Fetranspor,436,17365682,"-22.9043","-43.2866"
653,653-MARECHAL HERMES X MEIER (CIRCULAR),Fetranspor,437,17365682,"-22.9043","-43.2865"
653,653-MARECHAL HERMES X MEIER (CIRCULAR),Fetranspor,438,17365682,"-22.9043","-43.2865"
653,653-MARECHAL HERMES X MEIER (CIRCULAR),Fetranspor,439,17365682,"-22.9043","-43.286"
653,653-MARECHAL HERMES X MEIER (CIRCULAR),Fetranspor,440,17365682,"-22.9042","-43.2858"
653,653-MARECHAL HERMES X MEIER (CIRCULAR),Fetranspor,441,17365682,"-22.9042","-43.2858"
653,653-MARECHAL HERMES X MEIER (CIRCULAR),Fetranspor,442,17365682,"-22.9042","-43.2856"
653,653-MARECHAL HERMES X MEIER (CIRCULAR),Fetranspor,443,17365682,"-22.9041","-43.2853"
653,653-MARECHAL HERMES X MEIER (CIRCULAR),Fetranspor,444,17365682,"-22.904","-43.2851"
653,653-MARECHAL HERMES X MEIER (CIRCULAR),Fetranspor,445,17365682,"-22.904","-43.2851"
653,653-MARECHAL HERMES X MEIER (CIRCULAR),Fetranspor,446,17365682,"-22.904","-43.2851"
653,653-MARECHAL HERMES X MEIER (CIRCULAR),Fetranspor,447,17365682,"-22.904","-43.285"
653,653-MARECHAL HERMES X MEIER (CIRCULAR),Fetranspor,448,17365682,"-22.9037","-43.2845"
653,653-MARECHAL HERMES X MEIER (CIRCULAR),Fetranspor,449,17365682,"-22.9037","-43.2844"
653,653-MARECHAL HERMES X MEIER (CIRCULAR),Fetranspor,450,17365682,"-22.9037","-43.2844"
653,653-MARECHAL HERMES X MEIER (CIRCULAR),Fetranspor,451,17365682,"-22.9034","-43.2832"
653,653-MARECHAL HERMES X MEIER (CIRCULAR),Fetranspor,452,17365682,"-22.9033","-43.2831"
653,653-MARECHAL HERMES X MEIER (CIRCULAR),Fetranspor,453,17365682,"-22.9033","-43.2831"
653,653-MARECHAL HERMES X MEIER (CIRCULAR),Fetranspor,454,17365682,"-22.9031","-43.2826"
653,653-MARECHAL HERMES X MEIER (CIRCULAR),Fetranspor,455,17365682,"-22.9028","-43.2819"
653,653-MARECHAL HERMES X MEIER (CIRCULAR),Fetranspor,456,17365682,"-22.9028","-43.2819"
653,653-MARECHAL HERMES X MEIER (CIRCULAR),Fetranspor,457,17365682,"-22.9028","-43.2819"
653,653-MARECHAL HERMES X MEIER (CIRCULAR),Fetranspor,458,17365682,"-22.9027","-43.2817"
653,653-MARECHAL HERMES X MEIER (CIRCULAR),Fetranspor,459,17365682,"-22.9021","-43.2806"
653,653-MARECHAL HERMES X MEIER (CIRCULAR),Fetranspor,460,17365682,"-22.9021","-43.2804"
653,653-MARECHAL HERMES X MEIER (CIRCULAR),Fetranspor,461,17365682,"-22.9021","-43.2804"
653,653-MARECHAL HERMES X MEIER (CIRCULAR),Fetranspor,462,17365682,"-22.9021","-43.2803"
653,653-MARECHAL HERMES X MEIER (CIRCULAR),Fetranspor,463,17365682,"-22.9021","-43.2803"
653,653-MARECHAL HERMES X MEIER (CIRCULAR),Fetranspor,464,17365682,"-22.9024","-43.2802"
653,653-MARECHAL HERMES X MEIER (CIRCULAR),Fetranspor,465,17365682,"-22.9024","-43.2802"
653,653-MARECHAL HERMES X MEIER (CIRCULAR),Fetranspor,466,17365682,"-22.9029","-43.2797"
653,653-MARECHAL HERMES X MEIER (CIRCULAR),Fetranspor,467,17365682,"-22.9029","-43.2797"
653,653-MARECHAL HERMES X MEIER (CIRCULAR),Fetranspor,468,17365682,"-22.9034","-43.2791"
653,653-MARECHAL HERMES X MEIER (CIRCULAR),Fetranspor,469,17365682,"-22.9034","-43.2791"
653,653-MARECHAL HERMES X MEIER (CIRCULAR),Fetranspor,470,17365682,"-22.9023","-43.2777"
653,653-MARECHAL HERMES X MEIER (CIRCULAR),Fetranspor,471,17365682,"-22.9023","-43.2777"
653,653-MARECHAL HERMES X MEIER (CIRCULAR),Fetranspor,472,17365682,"-22.9021","-43.2778"
653,653-MARECHAL HERMES X MEIER (CIRCULAR),Fetranspor,473,17365682,"-22.9021","-43.2778"
653,653-MARECHAL HERMES X MEIER (CIRCULAR),Fetranspor,474,17365682,"-22.902","-43.2791"
653,653-MARECHAL HERMES X MEIER (CIRCULAR),Fetranspor,0,17757198,"-22.902","-43.2791"
653,653-MARECHAL HERMES X MEIER (CIRCULAR),Fetranspor,1,17757198,"-22.9019","-43.2792"
653,653-MARECHAL HERMES X MEIER (CIRCULAR),Fetranspor,2,17757198,"-22.9019","-43.2792"
653,653-MARECHAL HERMES X MEIER (CIRCULAR),Fetranspor,3,17757198,"-22.9019","-43.2796"
653,653-MARECHAL HERMES X MEIER (CIRCULAR),Fetranspor,4,17757198,"-22.9019","-43.2799"
653,653-MARECHAL HERMES X MEIER (CIRCULAR),Fetranspor,5,17757198,"-22.9019","-43.28"
653,653-MARECHAL HERMES X MEIER (CIRCULAR),Fetranspor,6,17757198,"-22.9019","-43.2802"
653,653-MARECHAL HERMES X MEIER (CIRCULAR),Fetranspor,7,17757198,"-22.902","-43.2803"
653,653-MARECHAL HERMES X MEIER (CIRCULAR),Fetranspor,8,17757198,"-22.902","-43.2803"
653,653-MARECHAL HERMES X MEIER (CIRCULAR),Fetranspor,9,17757198,"-22.902","-43.2804"
653,653-MARECHAL HERMES X MEIER (CIRCULAR),Fetranspor,10,17757198,"-22.9023","-43.281"
653,653-MARECHAL HERMES X MEIER (CIRCULAR),Fetranspor,11,17757198,"-22.9023","-43.281"
653,653-MARECHAL HERMES X MEIER (CIRCULAR),Fetranspor,12,17757198,"-22.9024","-43.2813"
653,653-MARECHAL HERMES X MEIER (CIRCULAR),Fetranspor,13,17757198,"-22.9025","-43.2815"
653,653-MARECHAL HERMES X MEIER (CIRCULAR),Fetranspor,14,17757198,"-22.9025","-43.2815"
653,653-MARECHAL HERMES X MEIER (CIRCULAR),Fetranspor,15,17757198,"-22.9026","-43.2817"
653,653-MARECHAL HERMES X MEIER (CIRCULAR),Fetranspor,16,17757198,"-22.903","-43.2826"
653,653-MARECHAL HERMES X MEIER (CIRCULAR),Fetranspor,17,17757198,"-22.9032","-43.2829"
653,653-MARECHAL HERMES X MEIER (CIRCULAR),Fetranspor,18,17757198,"-22.9033","-43.2832"
653,653-MARECHAL HERMES X MEIER (CIRCULAR),Fetranspor,19,17757198,"-22.9035","-43.2839"
653,653-MARECHAL HERMES X MEIER (CIRCULAR),Fetranspor,20,17757198,"-22.9036","-43.2843"
653,653-MARECHAL HERMES X MEIER (CIRCULAR),Fetranspor,21,17757198,"-22.9036","-43.2843"
653,653-MARECHAL HERMES X MEIER (CIRCULAR),Fetranspor,22,17757198,"-22.9037","-43.2845"
653,653-MARECHAL HERMES X MEIER (CIRCULAR),Fetranspor,23,17757198,"-22.904","-43.2851"
653,653-MARECHAL HERMES X MEIER (CIRCULAR),Fetranspor,24,17757198,"-22.904","-43.2852"
653,653-MARECHAL HERMES X MEIER (CIRCULAR),Fetranspor,25,17757198,"-22.904","-43.2853"
653,653-MARECHAL HERMES X MEIER (CIRCULAR),Fetranspor,26,17757198,"-22.9041","-43.2855"
653,653-MARECHAL HERMES X MEIER (CIRCULAR),Fetranspor,27,17757198,"-22.9042","-43.2857"
653,653-MARECHAL HERMES X MEIER (CIRCULAR),Fetranspor,28,17757198,"-22.9042","-43.286"
653,653-MARECHAL HERMES X MEIER (CIRCULAR),Fetranspor,29,17757198,"-22.9042","-43.286"
653,653-MARECHAL HERMES X MEIER (CIRCULAR),Fetranspor,30,17757198,"-22.9043","-43.2865"
653,653-MARECHAL HERMES X MEIER (CIRCULAR),Fetranspor,31,17757198,"-22.9043","-43.2865"
653,653-MARECHAL HERMES X MEIER (CIRCULAR),Fetranspor,32,17757198,"-22.9043","-43.2867"
653,653-MARECHAL HERMES X MEIER (CIRCULAR),Fetranspor,33,17757198,"-22.9043","-43.2867"
653,653-MARECHAL HERMES X MEIER (CIRCULAR),Fetranspor,34,17757198,"-22.9044","-43.2873"
653,653-MARECHAL HERMES X MEIER (CIRCULAR),Fetranspor,35,17757198,"-22.9044","-43.2873"
653,653-MARECHAL HERMES X MEIER (CIRCULAR),Fetranspor,36,17757198,"-22.9044","-43.2876"
653,653-MARECHAL HERMES X MEIER (CIRCULAR),Fetranspor,37,17757198,"-22.9045","-43.2879"
653,653-MARECHAL HERMES X MEIER (CIRCULAR),Fetranspor,38,17757198,"-22.9045","-43.288"
653,653-MARECHAL HERMES X MEIER (CIRCULAR),Fetranspor,39,17757198,"-22.9045","-43.288"
653,653-MARECHAL HERMES X MEIER (CIRCULAR),Fetranspor,40,17757198,"-22.9045","-43.2881"
653,653-MARECHAL HERMES X MEIER (CIRCULAR),Fetranspor,41,17757198,"-22.9048","-43.2888"
653,653-MARECHAL HERMES X MEIER (CIRCULAR),Fetranspor,42,17757198,"-22.9048","-43.2889"
653,653-MARECHAL HERMES X MEIER (CIRCULAR),Fetranspor,43,17757198,"-22.9048","-43.2889"
653,653-MARECHAL HERMES X MEIER (CIRCULAR),Fetranspor,44,17757198,"-22.9049","-43.289"
653,653-MARECHAL HERMES X MEIER (CIRCULAR),Fetranspor,45,17757198,"-22.905","-43.2893"
653,653-MARECHAL HERMES X MEIER (CIRCULAR),Fetranspor,46,17757198,"-22.905","-43.2895"
653,653-MARECHAL HERMES X MEIER (CIRCULAR),Fetranspor,47,17757198,"-22.9051","-43.2898"
653,653-MARECHAL HERMES X MEIER (CIRCULAR),Fetranspor,48,17757198,"-22.9051","-43.2898"
653,653-MARECHAL HERMES X MEIER (CIRCULAR),Fetranspor,49,17757198,"-22.9051","-43.29"
653,653-MARECHAL HERMES X MEIER (CIRCULAR),Fetranspor,50,17757198,"-22.9051","-43.29"
653,653-MARECHAL HERMES X MEIER (CIRCULAR),Fetranspor,51,17757198,"-22.9051","-43.2906"
653,653-MARECHAL HERMES X MEIER (CIRCULAR),Fetranspor,52,17757198,"-22.9051","-43.2907"
653,653-MARECHAL HERMES X MEIER (CIRCULAR),Fetranspor,53,17757198,"-22.9051","-43.2907"
653,653-MARECHAL HERMES X MEIER (CIRCULAR),Fetranspor,54,17757198,"-22.9052","-43.2915"
653,653-MARECHAL HERMES X MEIER (CIRCULAR),Fetranspor,55,17757198,"-22.9052","-43.2915"
653,653-MARECHAL HERMES X MEIER (CIRCULAR),Fetranspor,56,17757198,"-22.9052","-43.2922"
653,653-MARECHAL HERMES X MEIER (CIRCULAR),Fetranspor,57,17757198,"-22.9052","-43.2922"
653,653-MARECHAL HERMES X MEIER (CIRCULAR),Fetranspor,58,17757198,"-22.9053","-43.293"
653,653-MARECHAL HERMES X MEIER (CIRCULAR),Fetranspor,59,17757198,"-22.9053","-43.293"
653,653-MARECHAL HERMES X MEIER (CIRCULAR),Fetranspor,60,17757198,"-22.9052","-43.2932"
653,653-MARECHAL HERMES X MEIER (CIRCULAR),Fetranspor,61,17757198,"-22.9051","-43.2934"
653,653-MARECHAL HERMES X MEIER (CIRCULAR),Fetranspor,62,17757198,"-22.9051","-43.2934"
653,653-MARECHAL HERMES X MEIER (CIRCULAR),Fetranspor,63,17757198,"-22.9047","-43.294"
653,653-MARECHAL HERMES X MEIER (CIRCULAR),Fetranspor,64,17757198,"-22.9047","-43.294"
653,653-MARECHAL HERMES X MEIER (CIRCULAR),Fetranspor,65,17757198,"-22.9045","-43.2945"
653,653-MARECHAL HERMES X MEIER (CIRCULAR),Fetranspor,66,17757198,"-22.9044","-43.2947"
653,653-MARECHAL HERMES X MEIER (CIRCULAR),Fetranspor,67,17757198,"-22.9044","-43.2947"
653,653-MARECHAL HERMES X MEIER (CIRCULAR),Fetranspor,68,17757198,"-22.9044","-43.295"
653,653-MARECHAL HERMES X MEIER (CIRCULAR),Fetranspor,69,17757198,"-22.9044","-43.295"
653,653-MARECHAL HERMES X MEIER (CIRCULAR),Fetranspor,70,17757198,"-22.9043","-43.2952"
653,653-MARECHAL HERMES X MEIER (CIRCULAR),Fetranspor,71,17757198,"-22.9042","-43.2954"
653,653-MARECHAL HERMES X MEIER (CIRCULAR),Fetranspor,72,17757198,"-22.9042","-43.2954"
653,653-MARECHAL HERMES X MEIER (CIRCULAR),Fetranspor,73,17757198,"-22.9038","-43.296"
653,653-MARECHAL HERMES X MEIER (CIRCULAR),Fetranspor,74,17757198,"-22.9038","-43.296"
653,653-MARECHAL HERMES X MEIER (CIRCULAR),Fetranspor,75,17757198,"-22.9037","-43.2962"
653,653-MARECHAL HERMES X MEIER (CIRCULAR),Fetranspor,76,17757198,"-22.9036","-43.2964"
653,653-MARECHAL HERMES X MEIER (CIRCULAR),Fetranspor,77,17757198,"-22.9034","-43.297"
653,653-MARECHAL HERMES X MEIER (CIRCULAR),Fetranspor,78,17757198,"-22.9034","-43.2971"
653,653-MARECHAL HERMES X MEIER (CIRCULAR),Fetranspor,79,17757198,"-22.9034","-43.2971"
653,653-MARECHAL HERMES X MEIER (CIRCULAR),Fetranspor,80,17757198,"-22.9021","-43.2967"
653,653-MARECHAL HERMES X MEIER (CIRCULAR),Fetranspor,81,17757198,"-22.9021","-43.2967"
653,653-MARECHAL HERMES X MEIER (CIRCULAR),Fetranspor,82,17757198,"-22.9009","-43.2963"
653,653-MARECHAL HERMES X MEIER (CIRCULAR),Fetranspor,83,17757198,"-22.9009","-43.2963"
653,653-MARECHAL HERMES X MEIER (CIRCULAR),Fetranspor,84,17757198,"-22.8996","-43.2959"
653,653-MARECHAL HERMES X MEIER (CIRCULAR),Fetranspor,85,17757198,"-22.8996","-43.2959"
653,653-MARECHAL HERMES X MEIER (CIRCULAR),Fetranspor,86,17757198,"-22.8983","-43.2955"
653,653-MARECHAL HERMES X MEIER (CIRCULAR),Fetranspor,87,17757198,"-22.8983","-43.2955"
653,653-MARECHAL HERMES X MEIER (CIRCULAR),Fetranspor,88,17757198,"-22.897","-43.2951"
653,653-MARECHAL HERMES X MEIER (CIRCULAR),Fetranspor,89,17757198,"-22.897","-43.2951"
653,653-MARECHAL HERMES X MEIER (CIRCULAR),Fetranspor,90,17757198,"-22.8969","-43.2951"
653,653-MARECHAL HERMES X MEIER (CIRCULAR),Fetranspor,91,17757198,"-22.8957","-43.2947"
653,653-MARECHAL HERMES X MEIER (CIRCULAR),Fetranspor,92,17757198,"-22.8957","-43.2947"
653,653-MARECHAL HERMES X MEIER (CIRCULAR),Fetranspor,93,17757198,"-22.8957","-43.2955"
653,653-MARECHAL HERMES X MEIER (CIRCULAR),Fetranspor,94,17757198,"-22.8957","-43.2962"
653,653-MARECHAL HERMES X MEIER (CIRCULAR),Fetranspor,95,17757198,"-22.8957","-43.2962"
653,653-MARECHAL HERMES X MEIER (CIRCULAR),Fetranspor,96,17757198,"-22.8957","-43.2971"
653,653-MARECHAL HERMES X MEIER (CIRCULAR),Fetranspor,97,17757198,"-22.8958","-43.2977"
653,653-MARECHAL HERMES X MEIER (CIRCULAR),Fetranspor,98,17757198,"-22.8958","-43.2977"
653,653-MARECHAL HERMES X MEIER (CIRCULAR),Fetranspor,99,17757198,"-22.8958","-43.298"
653,653-MARECHAL HERMES X MEIER (CIRCULAR),Fetranspor,100,17757198,"-22.8958","-43.2987"
653,653-MARECHAL HERMES X MEIER (CIRCULAR),Fetranspor,101,17757198,"-22.8958","-43.2992"
653,653-MARECHAL HERMES X MEIER (CIRCULAR),Fetranspor,102,17757198,"-22.8958","-43.2992"
653,653-MARECHAL HERMES X MEIER (CIRCULAR),Fetranspor,103,17757198,"-22.8959","-43.3003"
653,653-MARECHAL HERMES X MEIER (CIRCULAR),Fetranspor,104,17757198,"-22.8959","-43.3007"
653,653-MARECHAL HERMES X MEIER (CIRCULAR),Fetranspor,105,17757198,"-22.8959","-43.3007"
653,653-MARECHAL HERMES X MEIER (CIRCULAR),Fetranspor,106,17757198,"-22.8959","-43.3008"
653,653-MARECHAL HERMES X MEIER (CIRCULAR),Fetranspor,107,17757198,"-22.8959","-43.3008"
653,653-MARECHAL HERMES X MEIER (CIRCULAR),Fetranspor,108,17757198,"-22.8959","-43.3022"
653,653-MARECHAL HERMES X MEIER (CIRCULAR),Fetranspor,109,17757198,"-22.8959","-43.3022"
653,653-MARECHAL HERMES X MEIER (CIRCULAR),Fetranspor,110,17757198,"-22.8959","-43.3026"
653,653-MARECHAL HERMES X MEIER (CIRCULAR),Fetranspor,111,17757198,"-22.8959","-43.3026"
653,653-MARECHAL HERMES X MEIER (CIRCULAR),Fetranspor,112,17757198,"-22.896","-43.3033"
653,653-MARECHAL HERMES X MEIER (CIRCULAR),Fetranspor,113,17757198,"-22.896","-43.3033"
653,653-MARECHAL HERMES X MEIER (CIRCULAR),Fetranspor,114,17757198,"-22.896","-43.3044"
653,653-MARECHAL HERMES X MEIER (CIRCULAR),Fetranspor,115,17757198,"-22.896","-43.3047"
653,653-MARECHAL HERMES X MEIER (CIRCULAR),Fetranspor,116,17757198,"-22.896","-43.3047"
653,653-MARECHAL HERMES X MEIER (CIRCULAR),Fetranspor,117,17757198,"-22.896","-43.3055"
653,653-MARECHAL HERMES X MEIER (CIRCULAR),Fetranspor,118,17757198,"-22.896","-43.3055"
653,653-MARECHAL HERMES X MEIER (CIRCULAR),Fetranspor,119,17757198,"-22.8961","-43.3077"
653,653-MARECHAL HERMES X MEIER (CIRCULAR),Fetranspor,120,17757198,"-22.8961","-43.3083"
653,653-MARECHAL HERMES X MEIER (CIRCULAR),Fetranspor,121,17757198,"-22.8961","-43.3083"
653,653-MARECHAL HERMES X MEIER (CIRCULAR),Fetranspor,122,17757198,"-22.8962","-43.31"
653,653-MARECHAL HERMES X MEIER (CIRCULAR),Fetranspor,123,17757198,"-22.8962","-43.31"
653,653-MARECHAL HERMES X MEIER (CIRCULAR),Fetranspor,124,17757198,"-22.8962","-43.3107"
653,653-MARECHAL HERMES X MEIER (CIRCULAR),Fetranspor,125,17757198,"-22.8962","-43.3107"
653,653-MARECHAL HERMES X MEIER (CIRCULAR),Fetranspor,126,17757198,"-22.8962","-43.3116"
653,653-MARECHAL HERMES X MEIER (CIRCULAR),Fetranspor,127,17757198,"-22.8962","-43.3116"
653,653-MARECHAL HERMES X MEIER (CIRCULAR),Fetranspor,128,17757198,"-22.8963","-43.3125"
653,653-MARECHAL HERMES X MEIER (CIRCULAR),Fetranspor,129,17757198,"-22.8963","-43.3125"
653,653-MARECHAL HERMES X MEIER (CIRCULAR),Fetranspor,130,17757198,"-22.8963","-43.3128"
653,653-MARECHAL HERMES X MEIER (CIRCULAR),Fetranspor,131,17757198,"-22.8963","-43.3128"
653,653-MARECHAL HERMES X MEIER (CIRCULAR),Fetranspor,132,17757198,"-22.896","-43.3128"
653,653-MARECHAL HERMES X MEIER (CIRCULAR),Fetranspor,133,17757198,"-22.8953","-43.3125"
653,653-MARECHAL HERMES X MEIER (CIRCULAR),Fetranspor,134,17757198,"-22.8953","-43.3125"
653,653-MARECHAL HERMES X MEIER (CIRCULAR),Fetranspor,135,17757198,"-22.8948","-43.3122"
653,653-MARECHAL HERMES X MEIER (CIRCULAR),Fetranspor,136,17757198,"-22.8948","-43.3122"
653,653-MARECHAL HERMES X MEIER (CIRCULAR),Fetranspor,137,17757198,"-22.8934","-43.3116"
653,653-MARECHAL HERMES X MEIER (CIRCULAR),Fetranspor,138,17757198,"-22.8934","-43.3116"
653,653-MARECHAL HERMES X MEIER (CIRCULAR),Fetranspor,139,17757198,"-22.8923","-43.3111"
653,653-MARECHAL HERMES X MEIER (CIRCULAR),Fetranspor,140,17757198,"-22.8923","-43.3111"
653,653-MARECHAL HERMES X MEIER (CIRCULAR),Fetranspor,141,17757198,"-22.8916","-43.3108"
653,653-MARECHAL HERMES X MEIER (CIRCULAR),Fetranspor,142,17757198,"-22.8916","-43.3108"
653,653-MARECHAL HERMES X MEIER (CIRCULAR),Fetranspor,143,17757198,"-22.8913","-43.3106"
653,653-MARECHAL HERMES X MEIER (CIRCULAR),Fetranspor,144,17757198,"-22.8913","-43.3106"
653,653-MARECHAL HERMES X MEIER (CIRCULAR),Fetranspor,145,17757198,"-22.8902","-43.3101"
653,653-MARECHAL HERMES X MEIER (CIRCULAR),Fetranspor,146,17757198,"-22.8901","-43.3101"
653,653-MARECHAL HERMES X MEIER (CIRCULAR),Fetranspor,147,17757198,"-22.89","-43.3101"
653,653-MARECHAL HERMES X MEIER (CIRCULAR),Fetranspor,148,17757198,"-22.89","-43.3101"
653,653-MARECHAL HERMES X MEIER (CIRCULAR),Fetranspor,149,17757198,"-22.8899","-43.3102"
653,653-MARECHAL HERMES X MEIER (CIRCULAR),Fetranspor,150,17757198,"-22.8897","-43.3105"
653,653-MARECHAL HERMES X MEIER (CIRCULAR),Fetranspor,151,17757198,"-22.8894","-43.3109"
653,653-MARECHAL HERMES X MEIER (CIRCULAR),Fetranspor,152,17757198,"-22.8892","-43.3111"
653,653-MARECHAL HERMES X MEIER (CIRCULAR),Fetranspor,153,17757198,"-22.8891","-43.3114"
653,653-MARECHAL HERMES X MEIER (CIRCULAR),Fetranspor,154,17757198,"-22.8889","-43.3118"
653,653-MARECHAL HERMES X MEIER (CIRCULAR),Fetranspor,155,17757198,"-22.8888","-43.312"
653,653-MARECHAL HERMES X MEIER (CIRCULAR),Fetranspor,156,17757198,"-22.8887","-43.3122"
653,653-MARECHAL HERMES X MEIER (CIRCULAR),Fetranspor,157,17757198,"-22.8887","-43.3132"
653,653-MARECHAL HERMES X MEIER (CIRCULAR),Fetranspor,158,17757198,"-22.8887","-43.3132"
653,653-MARECHAL HERMES X MEIER (CIRCULAR),Fetranspor,159,17757198,"-22.8886","-43.3135"
653,653-MARECHAL HERMES X MEIER (CIRCULAR),Fetranspor,160,17757198,"-22.8887","-43.3142"
653,653-MARECHAL HERMES X MEIER (CIRCULAR),Fetranspor,161,17757198,"-22.8888","-43.3145"
653,653-MARECHAL HERMES X MEIER (CIRCULAR),Fetranspor,162,17757198,"-22.8889","-43.3149"
653,653-MARECHAL HERMES X MEIER (CIRCULAR),Fetranspor,163,17757198,"-22.889","-43.3152"
653,653-MARECHAL HERMES X MEIER (CIRCULAR),Fetranspor,164,17757198,"-22.8892","-43.3157"
653,653-MARECHAL HERMES X MEIER (CIRCULAR),Fetranspor,165,17757198,"-22.8892","-43.3157"
653,653-MARECHAL HERMES X MEIER (CIRCULAR),Fetranspor,166,17757198,"-22.8892","-43.3157"
653,653-MARECHAL HERMES X MEIER (CIRCULAR),Fetranspor,167,17757198,"-22.8892","-43.3157"
653,653-MARECHAL HERMES X MEIER (CIRCULAR),Fetranspor,168,17757198,"-22.8894","-43.3164"
653,653-MARECHAL HERMES X MEIER (CIRCULAR),Fetranspor,169,17757198,"-22.8894","-43.3165"
653,653-MARECHAL HERMES X MEIER (CIRCULAR),Fetranspor,170,17757198,"-22.8895","-43.3167"
653,653-MARECHAL HERMES X MEIER (CIRCULAR),Fetranspor,171,17757198,"-22.8895","-43.3167"
653,653-MARECHAL HERMES X MEIER (CIRCULAR),Fetranspor,172,17757198,"-22.8895","-43.3169"
653,653-MARECHAL HERMES X MEIER (CIRCULAR),Fetranspor,173,17757198,"-22.8895","-43.3175"
653,653-MARECHAL HERMES X MEIER (CIRCULAR),Fetranspor,174,17757198,"-22.8894","-43.3181"
653,653-MARECHAL HERMES X MEIER (CIRCULAR),Fetranspor,175,17757198,"-22.8894","-43.3181"
653,653-MARECHAL HERMES X MEIER (CIRCULAR),Fetranspor,176,17757198,"-22.8891","-43.3193"
653,653-MARECHAL HERMES X MEIER (CIRCULAR),Fetranspor,177,17757198,"-22.8891","-43.3193"
653,653-MARECHAL HERMES X MEIER (CIRCULAR),Fetranspor,178,17757198,"-22.889","-43.3195"
653,653-MARECHAL HERMES X MEIER (CIRCULAR),Fetranspor,179,17757198,"-22.889","-43.3197"
653,653-MARECHAL HERMES X MEIER (CIRCULAR),Fetranspor,180,17757198,"-22.889","-43.3199"
653,653-MARECHAL HERMES X MEIER (CIRCULAR),Fetranspor,181,17757198,"-22.889","-43.32"
653,653-MARECHAL HERMES X MEIER (CIRCULAR),Fetranspor,182,17757198,"-22.889","-43.32"
653,653-MARECHAL HERMES X MEIER (CIRCULAR),Fetranspor,183,17757198,"-22.8889","-43.3204"
653,653-MARECHAL HERMES X MEIER (CIRCULAR),Fetranspor,184,17757198,"-22.8889","-43.3204"
653,653-MARECHAL HERMES X MEIER (CIRCULAR),Fetranspor,185,17757198,"-22.8887","-43.3212"
653,653-MARECHAL HERMES X MEIER (CIRCULAR),Fetranspor,186,17757198,"-22.8887","-43.3212"
653,653-MARECHAL HERMES X MEIER (CIRCULAR),Fetranspor,187,17757198,"-22.8883","-43.3223"
653,653-MARECHAL HERMES X MEIER (CIRCULAR),Fetranspor,188,17757198,"-22.8883","-43.3223"
653,653-MARECHAL HERMES X MEIER (CIRCULAR),Fetranspor,189,17757198,"-22.8883","-43.3224"
653,653-MARECHAL HERMES X MEIER (CIRCULAR),Fetranspor,190,17757198,"-22.8881","-43.3228"
653,653-MARECHAL HERMES X MEIER (CIRCULAR),Fetranspor,191,17757198,"-22.8879","-43.3232"
653,653-MARECHAL HERMES X MEIER (CIRCULAR),Fetranspor,192,17757198,"-22.8878","-43.3233"
653,653-MARECHAL HERMES X MEIER (CIRCULAR),Fetranspor,193,17757198,"-22.8878","-43.3233"
653,653-MARECHAL HERMES X MEIER (CIRCULAR),Fetranspor,194,17757198,"-22.8878","-43.3234"
653,653-MARECHAL HERMES X MEIER (CIRCULAR),Fetranspor,195,17757198,"-22.8878","-43.3234"
653,653-MARECHAL HERMES X MEIER (CIRCULAR),Fetranspor,196,17757198,"-22.8872","-43.324"
653,653-MARECHAL HERMES X MEIER (CIRCULAR),Fetranspor,197,17757198,"-22.8871","-43.3241"
653,653-MARECHAL HERMES X MEIER (CIRCULAR),Fetranspor,198,17757198,"-22.8871","-43.3241"
653,653-MARECHAL HERMES X MEIER (CIRCULAR),Fetranspor,199,17757198,"-22.887","-43.3242"
653,653-MARECHAL HERMES X MEIER (CIRCULAR),Fetranspor,200,17757198,"-22.8866","-43.3244"
653,653-MARECHAL HERMES X MEIER (CIRCULAR),Fetranspor,201,17757198,"-22.886","-43.3249"
653,653-MARECHAL HERMES X MEIER (CIRCULAR),Fetranspor,202,17757198,"-22.886","-43.3249"
653,653-MARECHAL HERMES X MEIER (CIRCULAR),Fetranspor,203,17757198,"-22.8856","-43.3251"
653,653-MARECHAL HERMES X MEIER (CIRCULAR),Fetranspor,204,17757198,"-22.885","-43.3257"
653,653-MARECHAL HERMES X MEIER (CIRCULAR),Fetranspor,205,17757198,"-22.885","-43.3257"
653,653-MARECHAL HERMES X MEIER (CIRCULAR),Fetranspor,206,17757198,"-22.8847","-43.3261"
653,653-MARECHAL HERMES X MEIER (CIRCULAR),Fetranspor,207,17757198,"-22.8847","-43.3261"
653,653-MARECHAL HERMES X MEIER (CIRCULAR),Fetranspor,208,17757198,"-22.8845","-43.3262"
653,653-MARECHAL HERMES X MEIER (CIRCULAR),Fetranspor,209,17757198,"-22.8845","-43.3262"
653,653-MARECHAL HERMES X MEIER (CIRCULAR),Fetranspor,210,17757198,"-22.8841","-43.3268"
653,653-MARECHAL HERMES X MEIER (CIRCULAR),Fetranspor,211,17757198,"-22.8841","-43.3268"
653,653-MARECHAL HERMES X MEIER (CIRCULAR),Fetranspor,212,17757198,"-22.883","-43.328"
653,653-MARECHAL HERMES X MEIER (CIRCULAR),Fetranspor,213,17757198,"-22.883","-43.328"
653,653-MARECHAL HERMES X MEIER (CIRCULAR),Fetranspor,214,17757198,"-22.8829","-43.3282"
653,653-MARECHAL HERMES X MEIER (CIRCULAR),Fetranspor,215,17757198,"-22.8822","-43.3289"
653,653-MARECHAL HERMES X MEIER (CIRCULAR),Fetranspor,216,17757198,"-22.8821","-43.329"
653,653-MARECHAL HERMES X MEIER (CIRCULAR),Fetranspor,217,17757198,"-22.8821","-43.329"
653,653-MARECHAL HERMES X MEIER (CIRCULAR),Fetranspor,218,17757198,"-22.882","-43.3292"
653,653-MARECHAL HERMES X MEIER (CIRCULAR),Fetranspor,219,17757198,"-22.882","-43.3292"
653,653-MARECHAL HERMES X MEIER (CIRCULAR),Fetranspor,220,17757198,"-22.8814","-43.3301"
653,653-MARECHAL HERMES X MEIER (CIRCULAR),Fetranspor,221,17757198,"-22.8814","-43.3301"
653,653-MARECHAL HERMES X MEIER (CIRCULAR),Fetranspor,222,17757198,"-22.8813","-43.3303"
653,653-MARECHAL HERMES X MEIER (CIRCULAR),Fetranspor,223,17757198,"-22.8813","-43.3303"
653,653-MARECHAL HERMES X MEIER (CIRCULAR),Fetranspor,224,17757198,"-22.881","-43.3308"
653,653-MARECHAL HERMES X MEIER (CIRCULAR),Fetranspor,225,17757198,"-22.8804","-43.3317"
653,653-MARECHAL HERMES X MEIER (CIRCULAR),Fetranspor,226,17757198,"-22.8798","-43.3327"
653,653-MARECHAL HERMES X MEIER (CIRCULAR),Fetranspor,227,17757198,"-22.8798","-43.3327"
653,653-MARECHAL HERMES X MEIER (CIRCULAR),Fetranspor,228,17757198,"-22.8796","-43.333"
653,653-MARECHAL HERMES X MEIER (CIRCULAR),Fetranspor,229,17757198,"-22.8795","-43.3332"
653,653-MARECHAL HERMES X MEIER (CIRCULAR),Fetranspor,230,17757198,"-22.8794","-43.3333"
653,653-MARECHAL HERMES X MEIER (CIRCULAR),Fetranspor,231,17757198,"-22.8794","-43.3336"
653,653-MARECHAL HERMES X MEIER (CIRCULAR),Fetranspor,232,17757198,"-22.8793","-43.3339"
653,653-MARECHAL HERMES X MEIER (CIRCULAR),Fetranspor,233,17757198,"-22.8791","-43.3341"
653,653-MARECHAL HERMES X MEIER (CIRCULAR),Fetranspor,234,17757198,"-22.879","-43.3344"
653,653-MARECHAL HERMES X MEIER (CIRCULAR),Fetranspor,235,17757198,"-22.879","-43.3344"
653,653-MARECHAL HERMES X MEIER (CIRCULAR),Fetranspor,236,17757198,"-22.8789","-43.3347"
653,653-MARECHAL HERMES X MEIER (CIRCULAR),Fetranspor,237,17757198,"-22.8783","-43.3356"
653,653-MARECHAL HERMES X MEIER (CIRCULAR),Fetranspor,238,17757198,"-22.8783","-43.3356"
653,653-MARECHAL HERMES X MEIER (CIRCULAR),Fetranspor,239,17757198,"-22.8782","-43.3356"
653,653-MARECHAL HERMES X MEIER (CIRCULAR),Fetranspor,240,17757198,"-22.8782","-43.3356"
653,653-MARECHAL HERMES X MEIER (CIRCULAR),Fetranspor,241,17757198,"-22.8781","-43.3357"
653,653-MARECHAL HERMES X MEIER (CIRCULAR),Fetranspor,242,17757198,"-22.8772","-43.3371"
653,653-MARECHAL HERMES X MEIER (CIRCULAR),Fetranspor,243,17757198,"-22.8772","-43.3372"
653,653-MARECHAL HERMES X MEIER (CIRCULAR),Fetranspor,244,17757198,"-22.8772","-43.3372"
653,653-MARECHAL HERMES X MEIER (CIRCULAR),Fetranspor,245,17757198,"-22.8771","-43.3372"
653,653-MARECHAL HERMES X MEIER (CIRCULAR),Fetranspor,246,17757198,"-22.877","-43.3373"
653,653-MARECHAL HERMES X MEIER (CIRCULAR),Fetranspor,247,17757198,"-22.877","-43.3373"
653,653-MARECHAL HERMES X MEIER (CIRCULAR),Fetranspor,248,17757198,"-22.8768","-43.3377"
653,653-MARECHAL HERMES X MEIER (CIRCULAR),Fetranspor,249,17757198,"-22.8766","-43.338"
653,653-MARECHAL HERMES X MEIER (CIRCULAR),Fetranspor,250,17757198,"-22.8766","-43.338"
653,653-MARECHAL HERMES X MEIER (CIRCULAR),Fetranspor,251,17757198,"-22.876","-43.339"
653,653-MARECHAL HERMES X MEIER (CIRCULAR),Fetranspor,252,17757198,"-22.876","-43.339"
653,653-MARECHAL HERMES X MEIER (CIRCULAR),Fetranspor,253,17757198,"-22.8752","-43.3404"
653,653-MARECHAL HERMES X MEIER (CIRCULAR),Fetranspor,254,17757198,"-22.8752","-43.3404"
653,653-MARECHAL HERMES X MEIER (CIRCULAR),Fetranspor,255,17757198,"-22.8742","-43.342"
653,653-MARECHAL HERMES X MEIER (CIRCULAR),Fetranspor,256,17757198,"-22.8742","-43.342"
653,653-MARECHAL HERMES X MEIER (CIRCULAR),Fetranspor,257,17757198,"-22.8734","-43.3434"
653,653-MARECHAL HERMES X MEIER (CIRCULAR),Fetranspor,258,17757198,"-22.8734","-43.3434"
653,653-MARECHAL HERMES X MEIER (CIRCULAR),Fetranspor,259,17757198,"-22.8723","-43.3451"
653,653-MARECHAL HERMES X MEIER (CIRCULAR),Fetranspor,260,17757198,"-22.8723","-43.3451"
653,653-MARECHAL HERMES X MEIER (CIRCULAR),Fetranspor,261,17757198,"-22.8719","-43.3459"
653,653-MARECHAL HERMES X MEIER (CIRCULAR),Fetranspor,262,17757198,"-22.8719","-43.3459"
653,653-MARECHAL HERMES X MEIER (CIRCULAR),Fetranspor,263,17757198,"-22.8715","-43.3464"
653,653-MARECHAL HERMES X MEIER (CIRCULAR),Fetranspor,264,17757198,"-22.8715","-43.3464"
653,653-MARECHAL HERMES X MEIER (CIRCULAR),Fetranspor,265,17757198,"-22.8712","-43.347"
653,653-MARECHAL HERMES X MEIER (CIRCULAR),Fetranspor,266,17757198,"-22.8712","-43.347"
653,653-MARECHAL HERMES X MEIER (CIRCULAR),Fetranspor,267,17757198,"-22.8707","-43.3478"
653,653-MARECHAL HERMES X MEIER (CIRCULAR),Fetranspor,268,17757198,"-22.8707","-43.3478"
653,653-MARECHAL HERMES X MEIER (CIRCULAR),Fetranspor,269,17757198,"-22.8702","-43.3487"
653,653-MARECHAL HERMES X MEIER (CIRCULAR),Fetranspor,270,17757198,"-22.8702","-43.3488"
653,653-MARECHAL HERMES X MEIER (CIRCULAR),Fetranspor,271,17757198,"-22.8702","-43.3489"
653,653-MARECHAL HERMES X MEIER (CIRCULAR),Fetranspor,272,17757198,"-22.8702","-43.3489"
653,653-MARECHAL HERMES X MEIER (CIRCULAR),Fetranspor,273,17757198,"-22.8702","-43.3489"
653,653-MARECHAL HERMES X MEIER (CIRCULAR),Fetranspor,274,17757198,"-22.8701","-43.349"
653,653-MARECHAL HERMES X MEIER (CIRCULAR),Fetranspor,275,17757198,"-22.8698","-43.3495"
653,653-MARECHAL HERMES X MEIER (CIRCULAR),Fetranspor,276,17757198,"-22.8698","-43.3495"
653,653-MARECHAL HERMES X MEIER (CIRCULAR),Fetranspor,277,17757198,"-22.8697","-43.3498"
653,653-MARECHAL HERMES X MEIER (CIRCULAR),Fetranspor,278,17757198,"-22.8697","-43.3498"
653,653-MARECHAL HERMES X MEIER (CIRCULAR),Fetranspor,279,17757198,"-22.8693","-43.3504"
653,653-MARECHAL HERMES X MEIER (CIRCULAR),Fetranspor,280,17757198,"-22.8693","-43.3504"
653,653-MARECHAL HERMES X MEIER (CIRCULAR),Fetranspor,281,17757198,"-22.869","-43.3509"
653,653-MARECHAL HERMES X MEIER (CIRCULAR),Fetranspor,282,17757198,"-22.869","-43.351"
653,653-MARECHAL HERMES X MEIER (CIRCULAR),Fetranspor,283,17757198,"-22.8689","-43.3511"
653,653-MARECHAL HERMES X MEIER (CIRCULAR),Fetranspor,284,17757198,"-22.8687","-43.3513"
653,653-MARECHAL HERMES X MEIER (CIRCULAR),Fetranspor,285,17757198,"-22.8686","-43.3514"
653,653-MARECHAL HERMES X MEIER (CIRCULAR),Fetranspor,286,17757198,"-22.8686","-43.3515"
653,653-MARECHAL HERMES X MEIER (CIRCULAR),Fetranspor,287,17757198,"-22.8684","-43.3517"
653,653-MARECHAL HERMES X MEIER (CIRCULAR),Fetranspor,288,17757198,"-22.8681","-43.3523"
653,653-MARECHAL HERMES X MEIER (CIRCULAR),Fetranspor,289,17757198,"-22.8681","-43.3523"
653,653-MARECHAL HERMES X MEIER (CIRCULAR),Fetranspor,290,17757198,"-22.8679","-43.3525"
653,653-MARECHAL HERMES X MEIER (CIRCULAR),Fetranspor,291,17757198,"-22.8676","-43.353"
653,653-MARECHAL HERMES X MEIER (CIRCULAR),Fetranspor,292,17757198,"-22.8676","-43.353"
653,653-MARECHAL HERMES X MEIER (CIRCULAR),Fetranspor,293,17757198,"-22.8666","-43.3548"
653,653-MARECHAL HERMES X MEIER (CIRCULAR),Fetranspor,294,17757198,"-22.8666","-43.3548"
653,653-MARECHAL HERMES X MEIER (CIRCULAR),Fetranspor,295,17757198,"-22.8661","-43.3557"
653,653-MARECHAL HERMES X MEIER (CIRCULAR),Fetranspor,296,17757198,"-22.8658","-43.3563"
653,653-MARECHAL HERMES X MEIER (CIRCULAR),Fetranspor,297,17757198,"-22.8657","-43.3566"
653,653-MARECHAL HERMES X MEIER (CIRCULAR),Fetranspor,298,17757198,"-22.8657","-43.3566"
653,653-MARECHAL HERMES X MEIER (CIRCULAR),Fetranspor,299,17757198,"-22.8655","-43.3569"
653,653-MARECHAL HERMES X MEIER (CIRCULAR),Fetranspor,300,17757198,"-22.8654","-43.3572"
653,653-MARECHAL HERMES X MEIER (CIRCULAR),Fetranspor,301,17757198,"-22.8654","-43.3572"
653,653-MARECHAL HERMES X MEIER (CIRCULAR),Fetranspor,302,17757198,"-22.8653","-43.3574"
653,653-MARECHAL HERMES X MEIER (CIRCULAR),Fetranspor,303,17757198,"-22.8651","-43.3579"
653,653-MARECHAL HERMES X MEIER (CIRCULAR),Fetranspor,304,17757198,"-22.8651","-43.358"
653,653-MARECHAL HERMES X MEIER (CIRCULAR),Fetranspor,305,17757198,"-22.8651","-43.358"
653,653-MARECHAL HERMES X MEIER (CIRCULAR),Fetranspor,306,17757198,"-22.8651","-43.358"
653,653-MARECHAL HERMES X MEIER (CIRCULAR),Fetranspor,307,17757198,"-22.8651","-43.3581"
653,653-MARECHAL HERMES X MEIER (CIRCULAR),Fetranspor,308,17757198,"-22.8651","-43.3582"
653,653-MARECHAL HERMES X MEIER (CIRCULAR),Fetranspor,309,17757198,"-22.8649","-43.3596"
653,653-MARECHAL HERMES X MEIER (CIRCULAR),Fetranspor,310,17757198,"-22.8649","-43.3596"
653,653-MARECHAL HERMES X MEIER (CIRCULAR),Fetranspor,311,17757198,"-22.8649","-43.3596"
653,653-MARECHAL HERMES X MEIER (CIRCULAR),Fetranspor,312,17757198,"-22.8648","-43.36"
653,653-MARECHAL HERMES X MEIER (CIRCULAR),Fetranspor,313,17757198,"-22.8647","-43.3607"
653,653-MARECHAL HERMES X MEIER (CIRCULAR),Fetranspor,314,17757198,"-22.8647","-43.3607"
653,653-MARECHAL HERMES X MEIER (CIRCULAR),Fetranspor,315,17757198,"-22.8647","-43.3614"
653,653-MARECHAL HERMES X MEIER (CIRCULAR),Fetranspor,316,17757198,"-22.8647","-43.3614"
653,653-MARECHAL HERMES X MEIER (CIRCULAR),Fetranspor,317,17757198,"-22.8647","-43.3615"
653,653-MARECHAL HERMES X MEIER (CIRCULAR),Fetranspor,318,17757198,"-22.8646","-43.3617"
653,653-MARECHAL HERMES X MEIER (CIRCULAR),Fetranspor,319,17757198,"-22.8646","-43.3621"
653,653-MARECHAL HERMES X MEIER (CIRCULAR),Fetranspor,320,17757198,"-22.8646","-43.3621"
653,653-MARECHAL HERMES X MEIER (CIRCULAR),Fetranspor,321,17757198,"-22.8646","-43.3624"
653,653-MARECHAL HERMES X MEIER (CIRCULAR),Fetranspor,322,17757198,"-22.8645","-43.3627"
653,653-MARECHAL HERMES X MEIER (CIRCULAR),Fetranspor,323,17757198,"-22.8644","-43.3633"
653,653-MARECHAL HERMES X MEIER (CIRCULAR),Fetranspor,324,17757198,"-22.8643","-43.3637"
653,653-MARECHAL HERMES X MEIER (CIRCULAR),Fetranspor,325,17757198,"-22.8642","-43.3638"
653,653-MARECHAL HERMES X MEIER (CIRCULAR),Fetranspor,326,17757198,"-22.8641","-43.3644"
653,653-MARECHAL HERMES X MEIER (CIRCULAR),Fetranspor,327,17757198,"-22.864","-43.3647"
653,653-MARECHAL HERMES X MEIER (CIRCULAR),Fetranspor,328,17757198,"-22.8638","-43.3652"
653,653-MARECHAL HERMES X MEIER (CIRCULAR),Fetranspor,329,17757198,"-22.8636","-43.3657"
653,653-MARECHAL HERMES X MEIER (CIRCULAR),Fetranspor,330,17757198,"-22.8636","-43.3657"
653,653-MARECHAL HERMES X MEIER (CIRCULAR),Fetranspor,331,17757198,"-22.8633","-43.3662"
653,653-MARECHAL HERMES X MEIER (CIRCULAR),Fetranspor,332,17757198,"-22.8629","-43.367"
653,653-MARECHAL HERMES X MEIER (CIRCULAR),Fetranspor,333,17757198,"-22.8627","-43.3674"
653,653-MARECHAL HERMES X MEIER (CIRCULAR),Fetranspor,334,17757198,"-22.8625","-43.3679"
653,653-MARECHAL HERMES X MEIER (CIRCULAR),Fetranspor,335,17757198,"-22.8625","-43.3679"
653,653-MARECHAL HERMES X MEIER (CIRCULAR),Fetranspor,336,17757198,"-22.862","-43.3689"
653,653-MARECHAL HERMES X MEIER (CIRCULAR),Fetranspor,337,17757198,"-22.862","-43.3689"
653,653-MARECHAL HERMES X MEIER (CIRCULAR),Fetranspor,338,17757198,"-22.8611","-43.3708"
653,653-MARECHAL HERMES X MEIER (CIRCULAR),Fetranspor,339,17757198,"-22.861","-43.3709"
653,653-MARECHAL HERMES X MEIER (CIRCULAR),Fetranspor,340,17757198,"-22.861","-43.3709"
653,653-MARECHAL HERMES X MEIER (CIRCULAR),Fetranspor,341,17757198,"-22.8609","-43.3712"
653,653-MARECHAL HERMES X MEIER (CIRCULAR),Fetranspor,342,17757198,"-22.8609","-43.3712"
653,653-MARECHAL HERMES X MEIER (CIRCULAR),Fetranspor,343,17757198,"-22.8609","-43.3713"
653,653-MARECHAL HERMES X MEIER (CIRCULAR),Fetranspor,344,17757198,"-22.8608","-43.3716"
653,653-MARECHAL HERMES X MEIER (CIRCULAR),Fetranspor,345,17757198,"-22.8608","-43.3716"
653,653-MARECHAL HERMES X MEIER (CIRCULAR),Fetranspor,346,17757198,"-22.8609","-43.3717"
653,653-MARECHAL HERMES X MEIER (CIRCULAR),Fetranspor,347,17757198,"-22.8609","-43.3717"
653,653-MARECHAL HERMES X MEIER (CIRCULAR),Fetranspor,348,17757198,"-22.8609","-43.3717"
653,653-MARECHAL HERMES X MEIER (CIRCULAR),Fetranspor,349,17757198,"-22.861","-43.3717"
653,653-MARECHAL HERMES X MEIER (CIRCULAR),Fetranspor,350,17757198,"-22.8612","-43.3716"
653,653-MARECHAL HERMES X MEIER (CIRCULAR),Fetranspor,351,17757198,"-22.8613","-43.3716"
653,653-MARECHAL HERMES X MEIER (CIRCULAR),Fetranspor,352,17757198,"-22.8613","-43.3716"
653,653-MARECHAL HERMES X MEIER (CIRCULAR),Fetranspor,353,17757198,"-22.8613","-43.3716"
653,653-MARECHAL HERMES X MEIER (CIRCULAR),Fetranspor,354,17757198,"-22.8616","-43.3718"
653,653-MARECHAL HERMES X MEIER (CIRCULAR),Fetranspor,355,17757198,"-22.8616","-43.3718"
653,653-MARECHAL HERMES X MEIER (CIRCULAR),Fetranspor,356,17757198,"-22.8622","-43.3721"
653,653-MARECHAL HERMES X MEIER (CIRCULAR),Fetranspor,357,17757198,"-22.8622","-43.3721"
653,653-MARECHAL HERMES X MEIER (CIRCULAR),Fetranspor,358,17757198,"-22.8628","-43.3724"
653,653-MARECHAL HERMES X MEIER (CIRCULAR),Fetranspor,359,17757198,"-22.8628","-43.3724"
653,653-MARECHAL HERMES X MEIER (CIRCULAR),Fetranspor,360,17757198,"-22.8628","-43.3724"
653,653-MARECHAL HERMES X MEIER (CIRCULAR),Fetranspor,361,17757198,"-22.8631","-43.3726"
653,653-MARECHAL HERMES X MEIER (CIRCULAR),Fetranspor,362,17757198,"-22.8631","-43.3726"
653,653-MARECHAL HERMES X MEIER (CIRCULAR),Fetranspor,363,17757198,"-22.863","-43.3726"
653,653-MARECHAL HERMES X MEIER (CIRCULAR),Fetranspor,364,17757198,"-22.863","-43.3727"
653,653-MARECHAL HERMES X MEIER (CIRCULAR),Fetranspor,365,17757198,"-22.863","-43.3728"
653,653-MARECHAL HERMES X MEIER (CIRCULAR),Fetranspor,366,17757198,"-22.8631","-43.3729"
653,653-MARECHAL HERMES X MEIER (CIRCULAR),Fetranspor,367,17757198,"-22.8631","-43.373"
653,653-MARECHAL HERMES X MEIER (CIRCULAR),Fetranspor,368,17757198,"-22.8631","-43.373"
653,653-MARECHAL HERMES X MEIER (CIRCULAR),Fetranspor,369,17757198,"-22.8632","-43.3731"
653,653-MARECHAL HERMES X MEIER (CIRCULAR),Fetranspor,370,17757198,"-22.8633","-43.3731"
653,653-MARECHAL HERMES X MEIER (CIRCULAR),Fetranspor,371,17757198,"-22.8633","-43.3731"
653,653-MARECHAL HERMES X MEIER (CIRCULAR),Fetranspor,372,17757198,"-22.8634","-43.3732"
653,653-MARECHAL HERMES X MEIER (CIRCULAR),Fetranspor,373,17757198,"-22.8634","-43.3732"
653,653-MARECHAL HERMES X MEIER (CIRCULAR),Fetranspor,374,17757198,"-22.8635","-43.3732"
653,653-MARECHAL HERMES X MEIER (CIRCULAR),Fetranspor,375,17757198,"-22.8636","-43.3732"
653,653-MARECHAL HERMES X MEIER (CIRCULAR),Fetranspor,376,17757198,"-22.8636","-43.3731"
653,653-MARECHAL HERMES X MEIER (CIRCULAR),Fetranspor,377,17757198,"-22.8637","-43.3731"
653,653-MARECHAL HERMES X MEIER (CIRCULAR),Fetranspor,378,17757198,"-22.8638","-43.373"
653,653-MARECHAL HERMES X MEIER (CIRCULAR),Fetranspor,379,17757198,"-22.8638","-43.373"
653,653-MARECHAL HERMES X MEIER (CIRCULAR),Fetranspor,380,17757198,"-22.8638","-43.373"
653,653-MARECHAL HERMES X MEIER (CIRCULAR),Fetranspor,381,17757198,"-22.864","-43.3731"
653,653-MARECHAL HERMES X MEIER (CIRCULAR),Fetranspor,382,17757198,"-22.864","-43.3731"
653,653-MARECHAL HERMES X MEIER (CIRCULAR),Fetranspor,383,17757198,"-22.8646","-43.3734"
653,653-MARECHAL HERMES X MEIER (CIRCULAR),Fetranspor,384,17757198,"-22.8646","-43.3734"
653,653-MARECHAL HERMES X MEIER (CIRCULAR),Fetranspor,385,17757198,"-22.8652","-43.3737"
653,653-MARECHAL HERMES X MEIER (CIRCULAR),Fetranspor,386,17757198,"-22.8652","-43.3737"
653,653-MARECHAL HERMES X MEIER (CIRCULAR),Fetranspor,387,17757198,"-22.8652","-43.3736"
