linha,descricao,agencia,sequencia,shape_id,latitude,longitude
661,661-MEIER X MARIA DA GRACA (VIA ALV.CABRAL E NORTE SHOPPING) CIRCULAR,Fetranspor,0,17384047,"-22.9022","-43.2749"
661,661-MEIER X MARIA DA GRACA (VIA ALV.CABRAL E NORTE SHOPPING) CIRCULAR,Fetranspor,1,17384047,"-22.9022","-43.2749"
661,661-MEIER X MARIA DA GRACA (VIA ALV.CABRAL E NORTE SHOPPING) CIRCULAR,Fetranspor,2,17384047,"-22.9017","-43.2748"
661,661-MEIER X MARIA DA GRACA (VIA ALV.CABRAL E NORTE SHOPPING) CIRCULAR,Fetranspor,3,17384047,"-22.9017","-43.2748"
661,661-MEIER X MARIA DA GRACA (VIA ALV.CABRAL E NORTE SHOPPING) CIRCULAR,Fetranspor,4,17384047,"-22.9014","-43.2747"
661,661-MEIER X MARIA DA GRACA (VIA ALV.CABRAL E NORTE SHOPPING) CIRCULAR,Fetranspor,5,17384047,"-22.9014","-43.2747"
661,661-MEIER X MARIA DA GRACA (VIA ALV.CABRAL E NORTE SHOPPING) CIRCULAR,Fetranspor,6,17384047,"-22.8996","-43.2745"
661,661-MEIER X MARIA DA GRACA (VIA ALV.CABRAL E NORTE SHOPPING) CIRCULAR,Fetranspor,7,17384047,"-22.8996","-43.2745"
661,661-MEIER X MARIA DA GRACA (VIA ALV.CABRAL E NORTE SHOPPING) CIRCULAR,Fetranspor,8,17384047,"-22.8995","-43.2742"
661,661-MEIER X MARIA DA GRACA (VIA ALV.CABRAL E NORTE SHOPPING) CIRCULAR,Fetranspor,9,17384047,"-22.8992","-43.2737"
661,661-MEIER X MARIA DA GRACA (VIA ALV.CABRAL E NORTE SHOPPING) CIRCULAR,Fetranspor,10,17384047,"-22.8992","-43.2737"
661,661-MEIER X MARIA DA GRACA (VIA ALV.CABRAL E NORTE SHOPPING) CIRCULAR,Fetranspor,11,17384047,"-22.8992","-43.2736"
661,661-MEIER X MARIA DA GRACA (VIA ALV.CABRAL E NORTE SHOPPING) CIRCULAR,Fetranspor,12,17384047,"-22.8992","-43.2734"
661,661-MEIER X MARIA DA GRACA (VIA ALV.CABRAL E NORTE SHOPPING) CIRCULAR,Fetranspor,13,17384047,"-22.899","-43.2729"
661,661-MEIER X MARIA DA GRACA (VIA ALV.CABRAL E NORTE SHOPPING) CIRCULAR,Fetranspor,14,17384047,"-22.899","-43.2729"
661,661-MEIER X MARIA DA GRACA (VIA ALV.CABRAL E NORTE SHOPPING) CIRCULAR,Fetranspor,15,17384047,"-22.899","-43.2728"
661,661-MEIER X MARIA DA GRACA (VIA ALV.CABRAL E NORTE SHOPPING) CIRCULAR,Fetranspor,16,17384047,"-22.899","-43.2728"
661,661-MEIER X MARIA DA GRACA (VIA ALV.CABRAL E NORTE SHOPPING) CIRCULAR,Fetranspor,17,17384047,"-22.8984","-43.2708"
661,661-MEIER X MARIA DA GRACA (VIA ALV.CABRAL E NORTE SHOPPING) CIRCULAR,Fetranspor,18,17384047,"-22.8984","-43.2708"
661,661-MEIER X MARIA DA GRACA (VIA ALV.CABRAL E NORTE SHOPPING) CIRCULAR,Fetranspor,19,17384047,"-22.8982","-43.2701"
661,661-MEIER X MARIA DA GRACA (VIA ALV.CABRAL E NORTE SHOPPING) CIRCULAR,Fetranspor,20,17384047,"-22.898","-43.2698"
661,661-MEIER X MARIA DA GRACA (VIA ALV.CABRAL E NORTE SHOPPING) CIRCULAR,Fetranspor,21,17384047,"-22.8976","-43.2693"
661,661-MEIER X MARIA DA GRACA (VIA ALV.CABRAL E NORTE SHOPPING) CIRCULAR,Fetranspor,22,17384047,"-22.8971","-43.2685"
661,661-MEIER X MARIA DA GRACA (VIA ALV.CABRAL E NORTE SHOPPING) CIRCULAR,Fetranspor,23,17384047,"-22.8971","-43.2685"
661,661-MEIER X MARIA DA GRACA (VIA ALV.CABRAL E NORTE SHOPPING) CIRCULAR,Fetranspor,24,17384047,"-22.897","-43.2684"
661,661-MEIER X MARIA DA GRACA (VIA ALV.CABRAL E NORTE SHOPPING) CIRCULAR,Fetranspor,25,17384047,"-22.8967","-43.2679"
661,661-MEIER X MARIA DA GRACA (VIA ALV.CABRAL E NORTE SHOPPING) CIRCULAR,Fetranspor,26,17384047,"-22.8964","-43.2674"
661,661-MEIER X MARIA DA GRACA (VIA ALV.CABRAL E NORTE SHOPPING) CIRCULAR,Fetranspor,27,17384047,"-22.8964","-43.2674"
661,661-MEIER X MARIA DA GRACA (VIA ALV.CABRAL E NORTE SHOPPING) CIRCULAR,Fetranspor,28,17384047,"-22.8962","-43.2671"
661,661-MEIER X MARIA DA GRACA (VIA ALV.CABRAL E NORTE SHOPPING) CIRCULAR,Fetranspor,29,17384047,"-22.8962","-43.2671"
661,661-MEIER X MARIA DA GRACA (VIA ALV.CABRAL E NORTE SHOPPING) CIRCULAR,Fetranspor,30,17384047,"-22.8958","-43.2672"
661,661-MEIER X MARIA DA GRACA (VIA ALV.CABRAL E NORTE SHOPPING) CIRCULAR,Fetranspor,31,17384047,"-22.8956","-43.2673"
661,661-MEIER X MARIA DA GRACA (VIA ALV.CABRAL E NORTE SHOPPING) CIRCULAR,Fetranspor,32,17384047,"-22.8956","-43.2673"
661,661-MEIER X MARIA DA GRACA (VIA ALV.CABRAL E NORTE SHOPPING) CIRCULAR,Fetranspor,33,17384047,"-22.8955","-43.2674"
661,661-MEIER X MARIA DA GRACA (VIA ALV.CABRAL E NORTE SHOPPING) CIRCULAR,Fetranspor,34,17384047,"-22.8953","-43.2676"
661,661-MEIER X MARIA DA GRACA (VIA ALV.CABRAL E NORTE SHOPPING) CIRCULAR,Fetranspor,35,17384047,"-22.8947","-43.2681"
661,661-MEIER X MARIA DA GRACA (VIA ALV.CABRAL E NORTE SHOPPING) CIRCULAR,Fetranspor,36,17384047,"-22.8944","-43.2685"
661,661-MEIER X MARIA DA GRACA (VIA ALV.CABRAL E NORTE SHOPPING) CIRCULAR,Fetranspor,37,17384047,"-22.8944","-43.2685"
661,661-MEIER X MARIA DA GRACA (VIA ALV.CABRAL E NORTE SHOPPING) CIRCULAR,Fetranspor,38,17384047,"-22.8939","-43.269"
661,661-MEIER X MARIA DA GRACA (VIA ALV.CABRAL E NORTE SHOPPING) CIRCULAR,Fetranspor,39,17384047,"-22.8939","-43.269"
661,661-MEIER X MARIA DA GRACA (VIA ALV.CABRAL E NORTE SHOPPING) CIRCULAR,Fetranspor,40,17384047,"-22.8933","-43.2696"
661,661-MEIER X MARIA DA GRACA (VIA ALV.CABRAL E NORTE SHOPPING) CIRCULAR,Fetranspor,41,17384047,"-22.8933","-43.2696"
661,661-MEIER X MARIA DA GRACA (VIA ALV.CABRAL E NORTE SHOPPING) CIRCULAR,Fetranspor,42,17384047,"-22.8925","-43.269"
661,661-MEIER X MARIA DA GRACA (VIA ALV.CABRAL E NORTE SHOPPING) CIRCULAR,Fetranspor,43,17384047,"-22.8925","-43.269"
661,661-MEIER X MARIA DA GRACA (VIA ALV.CABRAL E NORTE SHOPPING) CIRCULAR,Fetranspor,44,17384047,"-22.8918","-43.2686"
661,661-MEIER X MARIA DA GRACA (VIA ALV.CABRAL E NORTE SHOPPING) CIRCULAR,Fetranspor,45,17384047,"-22.8917","-43.2685"
661,661-MEIER X MARIA DA GRACA (VIA ALV.CABRAL E NORTE SHOPPING) CIRCULAR,Fetranspor,46,17384047,"-22.8916","-43.2685"
661,661-MEIER X MARIA DA GRACA (VIA ALV.CABRAL E NORTE SHOPPING) CIRCULAR,Fetranspor,47,17384047,"-22.8916","-43.2685"
661,661-MEIER X MARIA DA GRACA (VIA ALV.CABRAL E NORTE SHOPPING) CIRCULAR,Fetranspor,48,17384047,"-22.8915","-43.2684"
661,661-MEIER X MARIA DA GRACA (VIA ALV.CABRAL E NORTE SHOPPING) CIRCULAR,Fetranspor,49,17384047,"-22.8914","-43.2683"
661,661-MEIER X MARIA DA GRACA (VIA ALV.CABRAL E NORTE SHOPPING) CIRCULAR,Fetranspor,50,17384047,"-22.8914","-43.2683"
661,661-MEIER X MARIA DA GRACA (VIA ALV.CABRAL E NORTE SHOPPING) CIRCULAR,Fetranspor,51,17384047,"-22.8913","-43.2683"
661,661-MEIER X MARIA DA GRACA (VIA ALV.CABRAL E NORTE SHOPPING) CIRCULAR,Fetranspor,52,17384047,"-22.8908","-43.268"
661,661-MEIER X MARIA DA GRACA (VIA ALV.CABRAL E NORTE SHOPPING) CIRCULAR,Fetranspor,53,17384047,"-22.8905","-43.2678"
661,661-MEIER X MARIA DA GRACA (VIA ALV.CABRAL E NORTE SHOPPING) CIRCULAR,Fetranspor,54,17384047,"-22.8905","-43.2678"
661,661-MEIER X MARIA DA GRACA (VIA ALV.CABRAL E NORTE SHOPPING) CIRCULAR,Fetranspor,55,17384047,"-22.8901","-43.2675"
661,661-MEIER X MARIA DA GRACA (VIA ALV.CABRAL E NORTE SHOPPING) CIRCULAR,Fetranspor,56,17384047,"-22.8901","-43.2675"
661,661-MEIER X MARIA DA GRACA (VIA ALV.CABRAL E NORTE SHOPPING) CIRCULAR,Fetranspor,57,17384047,"-22.8896","-43.2672"
661,661-MEIER X MARIA DA GRACA (VIA ALV.CABRAL E NORTE SHOPPING) CIRCULAR,Fetranspor,58,17384047,"-22.8896","-43.2672"
661,661-MEIER X MARIA DA GRACA (VIA ALV.CABRAL E NORTE SHOPPING) CIRCULAR,Fetranspor,59,17384047,"-22.8895","-43.2671"
661,661-MEIER X MARIA DA GRACA (VIA ALV.CABRAL E NORTE SHOPPING) CIRCULAR,Fetranspor,60,17384047,"-22.8895","-43.2671"
661,661-MEIER X MARIA DA GRACA (VIA ALV.CABRAL E NORTE SHOPPING) CIRCULAR,Fetranspor,61,17384047,"-22.8892","-43.2669"
661,661-MEIER X MARIA DA GRACA (VIA ALV.CABRAL E NORTE SHOPPING) CIRCULAR,Fetranspor,62,17384047,"-22.889","-43.2668"
661,661-MEIER X MARIA DA GRACA (VIA ALV.CABRAL E NORTE SHOPPING) CIRCULAR,Fetranspor,63,17384047,"-22.889","-43.2668"
661,661-MEIER X MARIA DA GRACA (VIA ALV.CABRAL E NORTE SHOPPING) CIRCULAR,Fetranspor,64,17384047,"-22.889","-43.2667"
661,661-MEIER X MARIA DA GRACA (VIA ALV.CABRAL E NORTE SHOPPING) CIRCULAR,Fetranspor,65,17384047,"-22.8882","-43.2662"
661,661-MEIER X MARIA DA GRACA (VIA ALV.CABRAL E NORTE SHOPPING) CIRCULAR,Fetranspor,66,17384047,"-22.8882","-43.2662"
661,661-MEIER X MARIA DA GRACA (VIA ALV.CABRAL E NORTE SHOPPING) CIRCULAR,Fetranspor,67,17384047,"-22.887","-43.2655"
661,661-MEIER X MARIA DA GRACA (VIA ALV.CABRAL E NORTE SHOPPING) CIRCULAR,Fetranspor,68,17384047,"-22.8868","-43.2653"
661,661-MEIER X MARIA DA GRACA (VIA ALV.CABRAL E NORTE SHOPPING) CIRCULAR,Fetranspor,69,17384047,"-22.8866","-43.2652"
661,661-MEIER X MARIA DA GRACA (VIA ALV.CABRAL E NORTE SHOPPING) CIRCULAR,Fetranspor,70,17384047,"-22.8865","-43.2651"
661,661-MEIER X MARIA DA GRACA (VIA ALV.CABRAL E NORTE SHOPPING) CIRCULAR,Fetranspor,71,17384047,"-22.8863","-43.2649"
661,661-MEIER X MARIA DA GRACA (VIA ALV.CABRAL E NORTE SHOPPING) CIRCULAR,Fetranspor,72,17384047,"-22.8863","-43.2649"
661,661-MEIER X MARIA DA GRACA (VIA ALV.CABRAL E NORTE SHOPPING) CIRCULAR,Fetranspor,73,17384047,"-22.8862","-43.2648"
661,661-MEIER X MARIA DA GRACA (VIA ALV.CABRAL E NORTE SHOPPING) CIRCULAR,Fetranspor,74,17384047,"-22.886","-43.2643"
661,661-MEIER X MARIA DA GRACA (VIA ALV.CABRAL E NORTE SHOPPING) CIRCULAR,Fetranspor,75,17384047,"-22.886","-43.2643"
661,661-MEIER X MARIA DA GRACA (VIA ALV.CABRAL E NORTE SHOPPING) CIRCULAR,Fetranspor,76,17384047,"-22.8859","-43.2641"
661,661-MEIER X MARIA DA GRACA (VIA ALV.CABRAL E NORTE SHOPPING) CIRCULAR,Fetranspor,77,17384047,"-22.8857","-43.2637"
661,661-MEIER X MARIA DA GRACA (VIA ALV.CABRAL E NORTE SHOPPING) CIRCULAR,Fetranspor,78,17384047,"-22.8857","-43.2637"
661,661-MEIER X MARIA DA GRACA (VIA ALV.CABRAL E NORTE SHOPPING) CIRCULAR,Fetranspor,79,17384047,"-22.8857","-43.2636"
661,661-MEIER X MARIA DA GRACA (VIA ALV.CABRAL E NORTE SHOPPING) CIRCULAR,Fetranspor,80,17384047,"-22.8856","-43.2635"
661,661-MEIER X MARIA DA GRACA (VIA ALV.CABRAL E NORTE SHOPPING) CIRCULAR,Fetranspor,81,17384047,"-22.8856","-43.2635"
661,661-MEIER X MARIA DA GRACA (VIA ALV.CABRAL E NORTE SHOPPING) CIRCULAR,Fetranspor,82,17384047,"-22.8856","-43.2635"
661,661-MEIER X MARIA DA GRACA (VIA ALV.CABRAL E NORTE SHOPPING) CIRCULAR,Fetranspor,83,17384047,"-22.8851","-43.2625"
661,661-MEIER X MARIA DA GRACA (VIA ALV.CABRAL E NORTE SHOPPING) CIRCULAR,Fetranspor,84,17384047,"-22.8849","-43.2619"
661,661-MEIER X MARIA DA GRACA (VIA ALV.CABRAL E NORTE SHOPPING) CIRCULAR,Fetranspor,85,17384047,"-22.8842","-43.261"
661,661-MEIER X MARIA DA GRACA (VIA ALV.CABRAL E NORTE SHOPPING) CIRCULAR,Fetranspor,86,17384047,"-22.8841","-43.2608"
661,661-MEIER X MARIA DA GRACA (VIA ALV.CABRAL E NORTE SHOPPING) CIRCULAR,Fetranspor,87,17384047,"-22.8839","-43.2606"
661,661-MEIER X MARIA DA GRACA (VIA ALV.CABRAL E NORTE SHOPPING) CIRCULAR,Fetranspor,88,17384047,"-22.8839","-43.2606"
661,661-MEIER X MARIA DA GRACA (VIA ALV.CABRAL E NORTE SHOPPING) CIRCULAR,Fetranspor,89,17384047,"-22.8838","-43.2605"
661,661-MEIER X MARIA DA GRACA (VIA ALV.CABRAL E NORTE SHOPPING) CIRCULAR,Fetranspor,90,17384047,"-22.8834","-43.26"
661,661-MEIER X MARIA DA GRACA (VIA ALV.CABRAL E NORTE SHOPPING) CIRCULAR,Fetranspor,91,17384047,"-22.8829","-43.2593"
661,661-MEIER X MARIA DA GRACA (VIA ALV.CABRAL E NORTE SHOPPING) CIRCULAR,Fetranspor,92,17384047,"-22.8828","-43.2591"
661,661-MEIER X MARIA DA GRACA (VIA ALV.CABRAL E NORTE SHOPPING) CIRCULAR,Fetranspor,93,17384047,"-22.8828","-43.2591"
661,661-MEIER X MARIA DA GRACA (VIA ALV.CABRAL E NORTE SHOPPING) CIRCULAR,Fetranspor,94,17384047,"-22.8826","-43.2593"
661,661-MEIER X MARIA DA GRACA (VIA ALV.CABRAL E NORTE SHOPPING) CIRCULAR,Fetranspor,95,17384047,"-22.8826","-43.2593"
661,661-MEIER X MARIA DA GRACA (VIA ALV.CABRAL E NORTE SHOPPING) CIRCULAR,Fetranspor,96,17384047,"-22.8825","-43.2595"
661,661-MEIER X MARIA DA GRACA (VIA ALV.CABRAL E NORTE SHOPPING) CIRCULAR,Fetranspor,97,17384047,"-22.8821","-43.2601"
661,661-MEIER X MARIA DA GRACA (VIA ALV.CABRAL E NORTE SHOPPING) CIRCULAR,Fetranspor,98,17384047,"-22.8821","-43.2603"
661,661-MEIER X MARIA DA GRACA (VIA ALV.CABRAL E NORTE SHOPPING) CIRCULAR,Fetranspor,99,17384047,"-22.8821","-43.2603"
661,661-MEIER X MARIA DA GRACA (VIA ALV.CABRAL E NORTE SHOPPING) CIRCULAR,Fetranspor,100,17384047,"-22.8821","-43.2604"
661,661-MEIER X MARIA DA GRACA (VIA ALV.CABRAL E NORTE SHOPPING) CIRCULAR,Fetranspor,101,17384047,"-22.882","-43.2618"
661,661-MEIER X MARIA DA GRACA (VIA ALV.CABRAL E NORTE SHOPPING) CIRCULAR,Fetranspor,102,17384047,"-22.882","-43.2618"
661,661-MEIER X MARIA DA GRACA (VIA ALV.CABRAL E NORTE SHOPPING) CIRCULAR,Fetranspor,103,17384047,"-22.882","-43.2621"
661,661-MEIER X MARIA DA GRACA (VIA ALV.CABRAL E NORTE SHOPPING) CIRCULAR,Fetranspor,104,17384047,"-22.882","-43.2621"
661,661-MEIER X MARIA DA GRACA (VIA ALV.CABRAL E NORTE SHOPPING) CIRCULAR,Fetranspor,105,17384047,"-22.8822","-43.2625"
661,661-MEIER X MARIA DA GRACA (VIA ALV.CABRAL E NORTE SHOPPING) CIRCULAR,Fetranspor,106,17384047,"-22.8822","-43.2625"
661,661-MEIER X MARIA DA GRACA (VIA ALV.CABRAL E NORTE SHOPPING) CIRCULAR,Fetranspor,107,17384047,"-22.8826","-43.263"
661,661-MEIER X MARIA DA GRACA (VIA ALV.CABRAL E NORTE SHOPPING) CIRCULAR,Fetranspor,108,17384047,"-22.8826","-43.263"
661,661-MEIER X MARIA DA GRACA (VIA ALV.CABRAL E NORTE SHOPPING) CIRCULAR,Fetranspor,109,17384047,"-22.8829","-43.2635"
661,661-MEIER X MARIA DA GRACA (VIA ALV.CABRAL E NORTE SHOPPING) CIRCULAR,Fetranspor,110,17384047,"-22.8829","-43.2635"
661,661-MEIER X MARIA DA GRACA (VIA ALV.CABRAL E NORTE SHOPPING) CIRCULAR,Fetranspor,111,17384047,"-22.8832","-43.2641"
661,661-MEIER X MARIA DA GRACA (VIA ALV.CABRAL E NORTE SHOPPING) CIRCULAR,Fetranspor,112,17384047,"-22.8832","-43.2641"
661,661-MEIER X MARIA DA GRACA (VIA ALV.CABRAL E NORTE SHOPPING) CIRCULAR,Fetranspor,113,17384047,"-22.8835","-43.2646"
661,661-MEIER X MARIA DA GRACA (VIA ALV.CABRAL E NORTE SHOPPING) CIRCULAR,Fetranspor,114,17384047,"-22.8835","-43.2646"
661,661-MEIER X MARIA DA GRACA (VIA ALV.CABRAL E NORTE SHOPPING) CIRCULAR,Fetranspor,115,17384047,"-22.8838","-43.2651"
661,661-MEIER X MARIA DA GRACA (VIA ALV.CABRAL E NORTE SHOPPING) CIRCULAR,Fetranspor,116,17384047,"-22.8838","-43.2651"
661,661-MEIER X MARIA DA GRACA (VIA ALV.CABRAL E NORTE SHOPPING) CIRCULAR,Fetranspor,117,17384047,"-22.8841","-43.2657"
661,661-MEIER X MARIA DA GRACA (VIA ALV.CABRAL E NORTE SHOPPING) CIRCULAR,Fetranspor,118,17384047,"-22.8841","-43.2657"
661,661-MEIER X MARIA DA GRACA (VIA ALV.CABRAL E NORTE SHOPPING) CIRCULAR,Fetranspor,119,17384047,"-22.8847","-43.2667"
661,661-MEIER X MARIA DA GRACA (VIA ALV.CABRAL E NORTE SHOPPING) CIRCULAR,Fetranspor,120,17384047,"-22.8847","-43.2667"
661,661-MEIER X MARIA DA GRACA (VIA ALV.CABRAL E NORTE SHOPPING) CIRCULAR,Fetranspor,121,17384047,"-22.8852","-43.2675"
661,661-MEIER X MARIA DA GRACA (VIA ALV.CABRAL E NORTE SHOPPING) CIRCULAR,Fetranspor,122,17384047,"-22.8852","-43.2675"
661,661-MEIER X MARIA DA GRACA (VIA ALV.CABRAL E NORTE SHOPPING) CIRCULAR,Fetranspor,123,17384047,"-22.8852","-43.2676"
661,661-MEIER X MARIA DA GRACA (VIA ALV.CABRAL E NORTE SHOPPING) CIRCULAR,Fetranspor,124,17384047,"-22.8849","-43.268"
661,661-MEIER X MARIA DA GRACA (VIA ALV.CABRAL E NORTE SHOPPING) CIRCULAR,Fetranspor,125,17384047,"-22.8847","-43.2683"
661,661-MEIER X MARIA DA GRACA (VIA ALV.CABRAL E NORTE SHOPPING) CIRCULAR,Fetranspor,126,17384047,"-22.8845","-43.2685"
661,661-MEIER X MARIA DA GRACA (VIA ALV.CABRAL E NORTE SHOPPING) CIRCULAR,Fetranspor,127,17384047,"-22.8842","-43.2687"
661,661-MEIER X MARIA DA GRACA (VIA ALV.CABRAL E NORTE SHOPPING) CIRCULAR,Fetranspor,128,17384047,"-22.8842","-43.2687"
661,661-MEIER X MARIA DA GRACA (VIA ALV.CABRAL E NORTE SHOPPING) CIRCULAR,Fetranspor,129,17384047,"-22.8837","-43.2691"
661,661-MEIER X MARIA DA GRACA (VIA ALV.CABRAL E NORTE SHOPPING) CIRCULAR,Fetranspor,130,17384047,"-22.8835","-43.2692"
661,661-MEIER X MARIA DA GRACA (VIA ALV.CABRAL E NORTE SHOPPING) CIRCULAR,Fetranspor,131,17384047,"-22.8835","-43.2692"
661,661-MEIER X MARIA DA GRACA (VIA ALV.CABRAL E NORTE SHOPPING) CIRCULAR,Fetranspor,132,17384047,"-22.8831","-43.2695"
661,661-MEIER X MARIA DA GRACA (VIA ALV.CABRAL E NORTE SHOPPING) CIRCULAR,Fetranspor,133,17384047,"-22.8831","-43.2695"
661,661-MEIER X MARIA DA GRACA (VIA ALV.CABRAL E NORTE SHOPPING) CIRCULAR,Fetranspor,134,17384047,"-22.8826","-43.2698"
661,661-MEIER X MARIA DA GRACA (VIA ALV.CABRAL E NORTE SHOPPING) CIRCULAR,Fetranspor,135,17384047,"-22.8826","-43.2698"
661,661-MEIER X MARIA DA GRACA (VIA ALV.CABRAL E NORTE SHOPPING) CIRCULAR,Fetranspor,136,17384047,"-22.8812","-43.2706"
661,661-MEIER X MARIA DA GRACA (VIA ALV.CABRAL E NORTE SHOPPING) CIRCULAR,Fetranspor,137,17384047,"-22.881","-43.2707"
661,661-MEIER X MARIA DA GRACA (VIA ALV.CABRAL E NORTE SHOPPING) CIRCULAR,Fetranspor,138,17384047,"-22.881","-43.2707"
661,661-MEIER X MARIA DA GRACA (VIA ALV.CABRAL E NORTE SHOPPING) CIRCULAR,Fetranspor,139,17384047,"-22.881","-43.2706"
661,661-MEIER X MARIA DA GRACA (VIA ALV.CABRAL E NORTE SHOPPING) CIRCULAR,Fetranspor,140,17384047,"-22.8809","-43.2701"
661,661-MEIER X MARIA DA GRACA (VIA ALV.CABRAL E NORTE SHOPPING) CIRCULAR,Fetranspor,141,17384047,"-22.8807","-43.2697"
661,661-MEIER X MARIA DA GRACA (VIA ALV.CABRAL E NORTE SHOPPING) CIRCULAR,Fetranspor,142,17384047,"-22.8807","-43.2696"
661,661-MEIER X MARIA DA GRACA (VIA ALV.CABRAL E NORTE SHOPPING) CIRCULAR,Fetranspor,143,17384047,"-22.8807","-43.2696"
661,661-MEIER X MARIA DA GRACA (VIA ALV.CABRAL E NORTE SHOPPING) CIRCULAR,Fetranspor,144,17384047,"-22.8806","-43.2696"
661,661-MEIER X MARIA DA GRACA (VIA ALV.CABRAL E NORTE SHOPPING) CIRCULAR,Fetranspor,145,17384047,"-22.8806","-43.2696"
661,661-MEIER X MARIA DA GRACA (VIA ALV.CABRAL E NORTE SHOPPING) CIRCULAR,Fetranspor,146,17384047,"-22.8806","-43.2697"
661,661-MEIER X MARIA DA GRACA (VIA ALV.CABRAL E NORTE SHOPPING) CIRCULAR,Fetranspor,147,17384047,"-22.8805","-43.2697"
661,661-MEIER X MARIA DA GRACA (VIA ALV.CABRAL E NORTE SHOPPING) CIRCULAR,Fetranspor,148,17384047,"-22.8805","-43.2698"
661,661-MEIER X MARIA DA GRACA (VIA ALV.CABRAL E NORTE SHOPPING) CIRCULAR,Fetranspor,149,17384047,"-22.8805","-43.2699"
661,661-MEIER X MARIA DA GRACA (VIA ALV.CABRAL E NORTE SHOPPING) CIRCULAR,Fetranspor,150,17384047,"-22.8806","-43.2702"
661,661-MEIER X MARIA DA GRACA (VIA ALV.CABRAL E NORTE SHOPPING) CIRCULAR,Fetranspor,151,17384047,"-22.8807","-43.2706"
661,661-MEIER X MARIA DA GRACA (VIA ALV.CABRAL E NORTE SHOPPING) CIRCULAR,Fetranspor,152,17384047,"-22.8807","-43.2709"
661,661-MEIER X MARIA DA GRACA (VIA ALV.CABRAL E NORTE SHOPPING) CIRCULAR,Fetranspor,153,17384047,"-22.8808","-43.2712"
661,661-MEIER X MARIA DA GRACA (VIA ALV.CABRAL E NORTE SHOPPING) CIRCULAR,Fetranspor,154,17384047,"-22.8808","-43.2716"
661,661-MEIER X MARIA DA GRACA (VIA ALV.CABRAL E NORTE SHOPPING) CIRCULAR,Fetranspor,155,17384047,"-22.8808","-43.2723"
661,661-MEIER X MARIA DA GRACA (VIA ALV.CABRAL E NORTE SHOPPING) CIRCULAR,Fetranspor,156,17384047,"-22.8808","-43.2723"
661,661-MEIER X MARIA DA GRACA (VIA ALV.CABRAL E NORTE SHOPPING) CIRCULAR,Fetranspor,157,17384047,"-22.8807","-43.2728"
661,661-MEIER X MARIA DA GRACA (VIA ALV.CABRAL E NORTE SHOPPING) CIRCULAR,Fetranspor,158,17384047,"-22.8807","-43.2728"
661,661-MEIER X MARIA DA GRACA (VIA ALV.CABRAL E NORTE SHOPPING) CIRCULAR,Fetranspor,159,17384047,"-22.8807","-43.2731"
661,661-MEIER X MARIA DA GRACA (VIA ALV.CABRAL E NORTE SHOPPING) CIRCULAR,Fetranspor,160,17384047,"-22.8807","-43.2731"
661,661-MEIER X MARIA DA GRACA (VIA ALV.CABRAL E NORTE SHOPPING) CIRCULAR,Fetranspor,161,17384047,"-22.8808","-43.2736"
661,661-MEIER X MARIA DA GRACA (VIA ALV.CABRAL E NORTE SHOPPING) CIRCULAR,Fetranspor,162,17384047,"-22.881","-43.2742"
661,661-MEIER X MARIA DA GRACA (VIA ALV.CABRAL E NORTE SHOPPING) CIRCULAR,Fetranspor,163,17384047,"-22.8812","-43.2746"
661,661-MEIER X MARIA DA GRACA (VIA ALV.CABRAL E NORTE SHOPPING) CIRCULAR,Fetranspor,164,17384047,"-22.8815","-43.275"
661,661-MEIER X MARIA DA GRACA (VIA ALV.CABRAL E NORTE SHOPPING) CIRCULAR,Fetranspor,165,17384047,"-22.8821","-43.2756"
661,661-MEIER X MARIA DA GRACA (VIA ALV.CABRAL E NORTE SHOPPING) CIRCULAR,Fetranspor,166,17384047,"-22.8822","-43.2758"
661,661-MEIER X MARIA DA GRACA (VIA ALV.CABRAL E NORTE SHOPPING) CIRCULAR,Fetranspor,167,17384047,"-22.8822","-43.2758"
661,661-MEIER X MARIA DA GRACA (VIA ALV.CABRAL E NORTE SHOPPING) CIRCULAR,Fetranspor,168,17384047,"-22.8824","-43.276"
661,661-MEIER X MARIA DA GRACA (VIA ALV.CABRAL E NORTE SHOPPING) CIRCULAR,Fetranspor,169,17384047,"-22.8834","-43.2765"
661,661-MEIER X MARIA DA GRACA (VIA ALV.CABRAL E NORTE SHOPPING) CIRCULAR,Fetranspor,170,17384047,"-22.8836","-43.2767"
661,661-MEIER X MARIA DA GRACA (VIA ALV.CABRAL E NORTE SHOPPING) CIRCULAR,Fetranspor,171,17384047,"-22.8838","-43.2768"
661,661-MEIER X MARIA DA GRACA (VIA ALV.CABRAL E NORTE SHOPPING) CIRCULAR,Fetranspor,172,17384047,"-22.8838","-43.2768"
661,661-MEIER X MARIA DA GRACA (VIA ALV.CABRAL E NORTE SHOPPING) CIRCULAR,Fetranspor,173,17384047,"-22.8838","-43.2768"
661,661-MEIER X MARIA DA GRACA (VIA ALV.CABRAL E NORTE SHOPPING) CIRCULAR,Fetranspor,174,17384047,"-22.8847","-43.2779"
661,661-MEIER X MARIA DA GRACA (VIA ALV.CABRAL E NORTE SHOPPING) CIRCULAR,Fetranspor,175,17384047,"-22.8847","-43.2779"
661,661-MEIER X MARIA DA GRACA (VIA ALV.CABRAL E NORTE SHOPPING) CIRCULAR,Fetranspor,176,17384047,"-22.8851","-43.2784"
661,661-MEIER X MARIA DA GRACA (VIA ALV.CABRAL E NORTE SHOPPING) CIRCULAR,Fetranspor,177,17384047,"-22.8851","-43.2784"
661,661-MEIER X MARIA DA GRACA (VIA ALV.CABRAL E NORTE SHOPPING) CIRCULAR,Fetranspor,178,17384047,"-22.8866","-43.2801"
661,661-MEIER X MARIA DA GRACA (VIA ALV.CABRAL E NORTE SHOPPING) CIRCULAR,Fetranspor,179,17384047,"-22.8867","-43.2803"
661,661-MEIER X MARIA DA GRACA (VIA ALV.CABRAL E NORTE SHOPPING) CIRCULAR,Fetranspor,180,17384047,"-22.8867","-43.2803"
661,661-MEIER X MARIA DA GRACA (VIA ALV.CABRAL E NORTE SHOPPING) CIRCULAR,Fetranspor,181,17384047,"-22.8867","-43.2803"
661,661-MEIER X MARIA DA GRACA (VIA ALV.CABRAL E NORTE SHOPPING) CIRCULAR,Fetranspor,182,17384047,"-22.8868","-43.2804"
661,661-MEIER X MARIA DA GRACA (VIA ALV.CABRAL E NORTE SHOPPING) CIRCULAR,Fetranspor,183,17384047,"-22.887","-43.2808"
661,661-MEIER X MARIA DA GRACA (VIA ALV.CABRAL E NORTE SHOPPING) CIRCULAR,Fetranspor,184,17384047,"-22.887","-43.2811"
661,661-MEIER X MARIA DA GRACA (VIA ALV.CABRAL E NORTE SHOPPING) CIRCULAR,Fetranspor,185,17384047,"-22.8872","-43.2816"
661,661-MEIER X MARIA DA GRACA (VIA ALV.CABRAL E NORTE SHOPPING) CIRCULAR,Fetranspor,186,17384047,"-22.8875","-43.2827"
661,661-MEIER X MARIA DA GRACA (VIA ALV.CABRAL E NORTE SHOPPING) CIRCULAR,Fetranspor,187,17384047,"-22.8875","-43.283"
661,661-MEIER X MARIA DA GRACA (VIA ALV.CABRAL E NORTE SHOPPING) CIRCULAR,Fetranspor,188,17384047,"-22.8875","-43.283"
661,661-MEIER X MARIA DA GRACA (VIA ALV.CABRAL E NORTE SHOPPING) CIRCULAR,Fetranspor,189,17384047,"-22.8875","-43.2834"
661,661-MEIER X MARIA DA GRACA (VIA ALV.CABRAL E NORTE SHOPPING) CIRCULAR,Fetranspor,190,17384047,"-22.8875","-43.2845"
661,661-MEIER X MARIA DA GRACA (VIA ALV.CABRAL E NORTE SHOPPING) CIRCULAR,Fetranspor,191,17384047,"-22.8875","-43.285"
661,661-MEIER X MARIA DA GRACA (VIA ALV.CABRAL E NORTE SHOPPING) CIRCULAR,Fetranspor,192,17384047,"-22.8875","-43.285"
661,661-MEIER X MARIA DA GRACA (VIA ALV.CABRAL E NORTE SHOPPING) CIRCULAR,Fetranspor,193,17384047,"-22.8872","-43.2851"
661,661-MEIER X MARIA DA GRACA (VIA ALV.CABRAL E NORTE SHOPPING) CIRCULAR,Fetranspor,194,17384047,"-22.8856","-43.2861"
661,661-MEIER X MARIA DA GRACA (VIA ALV.CABRAL E NORTE SHOPPING) CIRCULAR,Fetranspor,195,17384047,"-22.8855","-43.2862"
661,661-MEIER X MARIA DA GRACA (VIA ALV.CABRAL E NORTE SHOPPING) CIRCULAR,Fetranspor,0,17729846,"-22.8855","-43.2862"
661,661-MEIER X MARIA DA GRACA (VIA ALV.CABRAL E NORTE SHOPPING) CIRCULAR,Fetranspor,1,17729846,"-22.8858","-43.2868"
661,661-MEIER X MARIA DA GRACA (VIA ALV.CABRAL E NORTE SHOPPING) CIRCULAR,Fetranspor,2,17729846,"-22.8861","-43.2874"
661,661-MEIER X MARIA DA GRACA (VIA ALV.CABRAL E NORTE SHOPPING) CIRCULAR,Fetranspor,3,17729846,"-22.8864","-43.2881"
661,661-MEIER X MARIA DA GRACA (VIA ALV.CABRAL E NORTE SHOPPING) CIRCULAR,Fetranspor,4,17729846,"-22.8865","-43.2882"
661,661-MEIER X MARIA DA GRACA (VIA ALV.CABRAL E NORTE SHOPPING) CIRCULAR,Fetranspor,5,17729846,"-22.8865","-43.2882"
661,661-MEIER X MARIA DA GRACA (VIA ALV.CABRAL E NORTE SHOPPING) CIRCULAR,Fetranspor,6,17729846,"-22.8866","-43.2882"
661,661-MEIER X MARIA DA GRACA (VIA ALV.CABRAL E NORTE SHOPPING) CIRCULAR,Fetranspor,7,17729846,"-22.8867","-43.2882"
661,661-MEIER X MARIA DA GRACA (VIA ALV.CABRAL E NORTE SHOPPING) CIRCULAR,Fetranspor,8,17729846,"-22.8867","-43.2882"
661,661-MEIER X MARIA DA GRACA (VIA ALV.CABRAL E NORTE SHOPPING) CIRCULAR,Fetranspor,9,17729846,"-22.8869","-43.2878"
661,661-MEIER X MARIA DA GRACA (VIA ALV.CABRAL E NORTE SHOPPING) CIRCULAR,Fetranspor,10,17729846,"-22.8869","-43.2878"
661,661-MEIER X MARIA DA GRACA (VIA ALV.CABRAL E NORTE SHOPPING) CIRCULAR,Fetranspor,11,17729846,"-22.887","-43.2875"
661,661-MEIER X MARIA DA GRACA (VIA ALV.CABRAL E NORTE SHOPPING) CIRCULAR,Fetranspor,12,17729846,"-22.8871","-43.2871"
661,661-MEIER X MARIA DA GRACA (VIA ALV.CABRAL E NORTE SHOPPING) CIRCULAR,Fetranspor,13,17729846,"-22.8871","-43.2871"
661,661-MEIER X MARIA DA GRACA (VIA ALV.CABRAL E NORTE SHOPPING) CIRCULAR,Fetranspor,14,17729846,"-22.8874","-43.2861"
661,661-MEIER X MARIA DA GRACA (VIA ALV.CABRAL E NORTE SHOPPING) CIRCULAR,Fetranspor,15,17729846,"-22.8876","-43.2856"
661,661-MEIER X MARIA DA GRACA (VIA ALV.CABRAL E NORTE SHOPPING) CIRCULAR,Fetranspor,16,17729846,"-22.8876","-43.2856"
661,661-MEIER X MARIA DA GRACA (VIA ALV.CABRAL E NORTE SHOPPING) CIRCULAR,Fetranspor,17,17729846,"-22.8876","-43.2854"
661,661-MEIER X MARIA DA GRACA (VIA ALV.CABRAL E NORTE SHOPPING) CIRCULAR,Fetranspor,18,17729846,"-22.8876","-43.2852"
661,661-MEIER X MARIA DA GRACA (VIA ALV.CABRAL E NORTE SHOPPING) CIRCULAR,Fetranspor,19,17729846,"-22.8876","-43.2852"
661,661-MEIER X MARIA DA GRACA (VIA ALV.CABRAL E NORTE SHOPPING) CIRCULAR,Fetranspor,20,17729846,"-22.8876","-43.2849"
661,661-MEIER X MARIA DA GRACA (VIA ALV.CABRAL E NORTE SHOPPING) CIRCULAR,Fetranspor,21,17729846,"-22.8876","-43.2844"
661,661-MEIER X MARIA DA GRACA (VIA ALV.CABRAL E NORTE SHOPPING) CIRCULAR,Fetranspor,22,17729846,"-22.8876","-43.2844"
661,661-MEIER X MARIA DA GRACA (VIA ALV.CABRAL E NORTE SHOPPING) CIRCULAR,Fetranspor,23,17729846,"-22.8876","-43.2832"
661,661-MEIER X MARIA DA GRACA (VIA ALV.CABRAL E NORTE SHOPPING) CIRCULAR,Fetranspor,24,17729846,"-22.8876","-43.2829"
661,661-MEIER X MARIA DA GRACA (VIA ALV.CABRAL E NORTE SHOPPING) CIRCULAR,Fetranspor,25,17729846,"-22.8876","-43.2829"
661,661-MEIER X MARIA DA GRACA (VIA ALV.CABRAL E NORTE SHOPPING) CIRCULAR,Fetranspor,26,17729846,"-22.8873","-43.2815"
661,661-MEIER X MARIA DA GRACA (VIA ALV.CABRAL E NORTE SHOPPING) CIRCULAR,Fetranspor,27,17729846,"-22.8873","-43.2815"
661,661-MEIER X MARIA DA GRACA (VIA ALV.CABRAL E NORTE SHOPPING) CIRCULAR,Fetranspor,28,17729846,"-22.8872","-43.2811"
661,661-MEIER X MARIA DA GRACA (VIA ALV.CABRAL E NORTE SHOPPING) CIRCULAR,Fetranspor,29,17729846,"-22.8871","-43.2809"
661,661-MEIER X MARIA DA GRACA (VIA ALV.CABRAL E NORTE SHOPPING) CIRCULAR,Fetranspor,30,17729846,"-22.887","-43.2806"
661,661-MEIER X MARIA DA GRACA (VIA ALV.CABRAL E NORTE SHOPPING) CIRCULAR,Fetranspor,31,17729846,"-22.8868","-43.2802"
661,661-MEIER X MARIA DA GRACA (VIA ALV.CABRAL E NORTE SHOPPING) CIRCULAR,Fetranspor,32,17729846,"-22.8868","-43.2802"
661,661-MEIER X MARIA DA GRACA (VIA ALV.CABRAL E NORTE SHOPPING) CIRCULAR,Fetranspor,33,17729846,"-22.8866","-43.28"
661,661-MEIER X MARIA DA GRACA (VIA ALV.CABRAL E NORTE SHOPPING) CIRCULAR,Fetranspor,34,17729846,"-22.8863","-43.2796"
661,661-MEIER X MARIA DA GRACA (VIA ALV.CABRAL E NORTE SHOPPING) CIRCULAR,Fetranspor,35,17729846,"-22.8861","-43.2793"
661,661-MEIER X MARIA DA GRACA (VIA ALV.CABRAL E NORTE SHOPPING) CIRCULAR,Fetranspor,36,17729846,"-22.8859","-43.2791"
661,661-MEIER X MARIA DA GRACA (VIA ALV.CABRAL E NORTE SHOPPING) CIRCULAR,Fetranspor,37,17729846,"-22.8859","-43.2791"
661,661-MEIER X MARIA DA GRACA (VIA ALV.CABRAL E NORTE SHOPPING) CIRCULAR,Fetranspor,38,17729846,"-22.8853","-43.2784"
661,661-MEIER X MARIA DA GRACA (VIA ALV.CABRAL E NORTE SHOPPING) CIRCULAR,Fetranspor,39,17729846,"-22.8853","-43.2784"
661,661-MEIER X MARIA DA GRACA (VIA ALV.CABRAL E NORTE SHOPPING) CIRCULAR,Fetranspor,40,17729846,"-22.8862","-43.278"
661,661-MEIER X MARIA DA GRACA (VIA ALV.CABRAL E NORTE SHOPPING) CIRCULAR,Fetranspor,41,17729846,"-22.8868","-43.2778"
661,661-MEIER X MARIA DA GRACA (VIA ALV.CABRAL E NORTE SHOPPING) CIRCULAR,Fetranspor,42,17729846,"-22.8868","-43.2778"
661,661-MEIER X MARIA DA GRACA (VIA ALV.CABRAL E NORTE SHOPPING) CIRCULAR,Fetranspor,43,17729846,"-22.8877","-43.2774"
661,661-MEIER X MARIA DA GRACA (VIA ALV.CABRAL E NORTE SHOPPING) CIRCULAR,Fetranspor,44,17729846,"-22.8882","-43.2772"
661,661-MEIER X MARIA DA GRACA (VIA ALV.CABRAL E NORTE SHOPPING) CIRCULAR,Fetranspor,45,17729846,"-22.8882","-43.2772"
661,661-MEIER X MARIA DA GRACA (VIA ALV.CABRAL E NORTE SHOPPING) CIRCULAR,Fetranspor,46,17729846,"-22.8884","-43.2771"
661,661-MEIER X MARIA DA GRACA (VIA ALV.CABRAL E NORTE SHOPPING) CIRCULAR,Fetranspor,47,17729846,"-22.8884","-43.2771"
661,661-MEIER X MARIA DA GRACA (VIA ALV.CABRAL E NORTE SHOPPING) CIRCULAR,Fetranspor,48,17729846,"-22.8882","-43.2769"
661,661-MEIER X MARIA DA GRACA (VIA ALV.CABRAL E NORTE SHOPPING) CIRCULAR,Fetranspor,49,17729846,"-22.8876","-43.2761"
661,661-MEIER X MARIA DA GRACA (VIA ALV.CABRAL E NORTE SHOPPING) CIRCULAR,Fetranspor,50,17729846,"-22.8876","-43.2761"
661,661-MEIER X MARIA DA GRACA (VIA ALV.CABRAL E NORTE SHOPPING) CIRCULAR,Fetranspor,51,17729846,"-22.8883","-43.2754"
661,661-MEIER X MARIA DA GRACA (VIA ALV.CABRAL E NORTE SHOPPING) CIRCULAR,Fetranspor,52,17729846,"-22.8883","-43.2754"
661,661-MEIER X MARIA DA GRACA (VIA ALV.CABRAL E NORTE SHOPPING) CIRCULAR,Fetranspor,53,17729846,"-22.8883","-43.2753"
661,661-MEIER X MARIA DA GRACA (VIA ALV.CABRAL E NORTE SHOPPING) CIRCULAR,Fetranspor,54,17729846,"-22.889","-43.2743"
661,661-MEIER X MARIA DA GRACA (VIA ALV.CABRAL E NORTE SHOPPING) CIRCULAR,Fetranspor,55,17729846,"-22.889","-43.2742"
661,661-MEIER X MARIA DA GRACA (VIA ALV.CABRAL E NORTE SHOPPING) CIRCULAR,Fetranspor,56,17729846,"-22.889","-43.2742"
661,661-MEIER X MARIA DA GRACA (VIA ALV.CABRAL E NORTE SHOPPING) CIRCULAR,Fetranspor,57,17729846,"-22.889","-43.2742"
661,661-MEIER X MARIA DA GRACA (VIA ALV.CABRAL E NORTE SHOPPING) CIRCULAR,Fetranspor,58,17729846,"-22.8891","-43.2741"
661,661-MEIER X MARIA DA GRACA (VIA ALV.CABRAL E NORTE SHOPPING) CIRCULAR,Fetranspor,59,17729846,"-22.8892","-43.274"
661,661-MEIER X MARIA DA GRACA (VIA ALV.CABRAL E NORTE SHOPPING) CIRCULAR,Fetranspor,60,17729846,"-22.8895","-43.2739"
661,661-MEIER X MARIA DA GRACA (VIA ALV.CABRAL E NORTE SHOPPING) CIRCULAR,Fetranspor,61,17729846,"-22.89","-43.2738"
661,661-MEIER X MARIA DA GRACA (VIA ALV.CABRAL E NORTE SHOPPING) CIRCULAR,Fetranspor,62,17729846,"-22.89","-43.2737"
661,661-MEIER X MARIA DA GRACA (VIA ALV.CABRAL E NORTE SHOPPING) CIRCULAR,Fetranspor,63,17729846,"-22.89","-43.2737"
661,661-MEIER X MARIA DA GRACA (VIA ALV.CABRAL E NORTE SHOPPING) CIRCULAR,Fetranspor,64,17729846,"-22.8901","-43.2737"
661,661-MEIER X MARIA DA GRACA (VIA ALV.CABRAL E NORTE SHOPPING) CIRCULAR,Fetranspor,65,17729846,"-22.8902","-43.2738"
661,661-MEIER X MARIA DA GRACA (VIA ALV.CABRAL E NORTE SHOPPING) CIRCULAR,Fetranspor,66,17729846,"-22.8907","-43.2738"
661,661-MEIER X MARIA DA GRACA (VIA ALV.CABRAL E NORTE SHOPPING) CIRCULAR,Fetranspor,67,17729846,"-22.8907","-43.2738"
661,661-MEIER X MARIA DA GRACA (VIA ALV.CABRAL E NORTE SHOPPING) CIRCULAR,Fetranspor,68,17729846,"-22.8912","-43.2742"
661,661-MEIER X MARIA DA GRACA (VIA ALV.CABRAL E NORTE SHOPPING) CIRCULAR,Fetranspor,69,17729846,"-22.8912","-43.2742"
661,661-MEIER X MARIA DA GRACA (VIA ALV.CABRAL E NORTE SHOPPING) CIRCULAR,Fetranspor,70,17729846,"-22.8923","-43.2751"
661,661-MEIER X MARIA DA GRACA (VIA ALV.CABRAL E NORTE SHOPPING) CIRCULAR,Fetranspor,71,17729846,"-22.8936","-43.2761"
661,661-MEIER X MARIA DA GRACA (VIA ALV.CABRAL E NORTE SHOPPING) CIRCULAR,Fetranspor,72,17729846,"-22.8936","-43.2761"
661,661-MEIER X MARIA DA GRACA (VIA ALV.CABRAL E NORTE SHOPPING) CIRCULAR,Fetranspor,73,17729846,"-22.8949","-43.2771"
661,661-MEIER X MARIA DA GRACA (VIA ALV.CABRAL E NORTE SHOPPING) CIRCULAR,Fetranspor,74,17729846,"-22.8949","-43.2771"
661,661-MEIER X MARIA DA GRACA (VIA ALV.CABRAL E NORTE SHOPPING) CIRCULAR,Fetranspor,75,17729846,"-22.8957","-43.2777"
661,661-MEIER X MARIA DA GRACA (VIA ALV.CABRAL E NORTE SHOPPING) CIRCULAR,Fetranspor,76,17729846,"-22.8957","-43.2777"
661,661-MEIER X MARIA DA GRACA (VIA ALV.CABRAL E NORTE SHOPPING) CIRCULAR,Fetranspor,77,17729846,"-22.8958","-43.2778"
661,661-MEIER X MARIA DA GRACA (VIA ALV.CABRAL E NORTE SHOPPING) CIRCULAR,Fetranspor,78,17729846,"-22.8958","-43.2778"
661,661-MEIER X MARIA DA GRACA (VIA ALV.CABRAL E NORTE SHOPPING) CIRCULAR,Fetranspor,79,17729846,"-22.8968","-43.2786"
661,661-MEIER X MARIA DA GRACA (VIA ALV.CABRAL E NORTE SHOPPING) CIRCULAR,Fetranspor,80,17729846,"-22.8968","-43.2786"
661,661-MEIER X MARIA DA GRACA (VIA ALV.CABRAL E NORTE SHOPPING) CIRCULAR,Fetranspor,81,17729846,"-22.8973","-43.279"
661,661-MEIER X MARIA DA GRACA (VIA ALV.CABRAL E NORTE SHOPPING) CIRCULAR,Fetranspor,82,17729846,"-22.8973","-43.279"
661,661-MEIER X MARIA DA GRACA (VIA ALV.CABRAL E NORTE SHOPPING) CIRCULAR,Fetranspor,83,17729846,"-22.8979","-43.2794"
661,661-MEIER X MARIA DA GRACA (VIA ALV.CABRAL E NORTE SHOPPING) CIRCULAR,Fetranspor,84,17729846,"-22.8979","-43.2794"
661,661-MEIER X MARIA DA GRACA (VIA ALV.CABRAL E NORTE SHOPPING) CIRCULAR,Fetranspor,85,17729846,"-22.8981","-43.2797"
661,661-MEIER X MARIA DA GRACA (VIA ALV.CABRAL E NORTE SHOPPING) CIRCULAR,Fetranspor,86,17729846,"-22.8982","-43.2797"
661,661-MEIER X MARIA DA GRACA (VIA ALV.CABRAL E NORTE SHOPPING) CIRCULAR,Fetranspor,87,17729846,"-22.8982","-43.2797"
661,661-MEIER X MARIA DA GRACA (VIA ALV.CABRAL E NORTE SHOPPING) CIRCULAR,Fetranspor,88,17729846,"-22.8987","-43.2792"
661,661-MEIER X MARIA DA GRACA (VIA ALV.CABRAL E NORTE SHOPPING) CIRCULAR,Fetranspor,89,17729846,"-22.8987","-43.2792"
661,661-MEIER X MARIA DA GRACA (VIA ALV.CABRAL E NORTE SHOPPING) CIRCULAR,Fetranspor,90,17729846,"-22.8989","-43.2789"
661,661-MEIER X MARIA DA GRACA (VIA ALV.CABRAL E NORTE SHOPPING) CIRCULAR,Fetranspor,91,17729846,"-22.8993","-43.2786"
661,661-MEIER X MARIA DA GRACA (VIA ALV.CABRAL E NORTE SHOPPING) CIRCULAR,Fetranspor,92,17729846,"-22.8993","-43.2786"
661,661-MEIER X MARIA DA GRACA (VIA ALV.CABRAL E NORTE SHOPPING) CIRCULAR,Fetranspor,93,17729846,"-22.8993","-43.2785"
661,661-MEIER X MARIA DA GRACA (VIA ALV.CABRAL E NORTE SHOPPING) CIRCULAR,Fetranspor,94,17729846,"-22.8993","-43.2785"
661,661-MEIER X MARIA DA GRACA (VIA ALV.CABRAL E NORTE SHOPPING) CIRCULAR,Fetranspor,95,17729846,"-22.9","-43.2778"
661,661-MEIER X MARIA DA GRACA (VIA ALV.CABRAL E NORTE SHOPPING) CIRCULAR,Fetranspor,96,17729846,"-22.9","-43.2778"
661,661-MEIER X MARIA DA GRACA (VIA ALV.CABRAL E NORTE SHOPPING) CIRCULAR,Fetranspor,97,17729846,"-22.9001","-43.2777"
661,661-MEIER X MARIA DA GRACA (VIA ALV.CABRAL E NORTE SHOPPING) CIRCULAR,Fetranspor,98,17729846,"-22.9004","-43.2773"
661,661-MEIER X MARIA DA GRACA (VIA ALV.CABRAL E NORTE SHOPPING) CIRCULAR,Fetranspor,99,17729846,"-22.9007","-43.277"
661,661-MEIER X MARIA DA GRACA (VIA ALV.CABRAL E NORTE SHOPPING) CIRCULAR,Fetranspor,100,17729846,"-22.9008","-43.2769"
661,661-MEIER X MARIA DA GRACA (VIA ALV.CABRAL E NORTE SHOPPING) CIRCULAR,Fetranspor,101,17729846,"-22.9008","-43.2769"
661,661-MEIER X MARIA DA GRACA (VIA ALV.CABRAL E NORTE SHOPPING) CIRCULAR,Fetranspor,102,17729846,"-22.9009","-43.2771"
661,661-MEIER X MARIA DA GRACA (VIA ALV.CABRAL E NORTE SHOPPING) CIRCULAR,Fetranspor,103,17729846,"-22.901","-43.2772"
661,661-MEIER X MARIA DA GRACA (VIA ALV.CABRAL E NORTE SHOPPING) CIRCULAR,Fetranspor,104,17729846,"-22.9011","-43.2772"
661,661-MEIER X MARIA DA GRACA (VIA ALV.CABRAL E NORTE SHOPPING) CIRCULAR,Fetranspor,105,17729846,"-22.9011","-43.2773"
661,661-MEIER X MARIA DA GRACA (VIA ALV.CABRAL E NORTE SHOPPING) CIRCULAR,Fetranspor,106,17729846,"-22.9011","-43.2773"
661,661-MEIER X MARIA DA GRACA (VIA ALV.CABRAL E NORTE SHOPPING) CIRCULAR,Fetranspor,107,17729846,"-22.9012","-43.2774"
661,661-MEIER X MARIA DA GRACA (VIA ALV.CABRAL E NORTE SHOPPING) CIRCULAR,Fetranspor,108,17729846,"-22.9016","-43.2779"
661,661-MEIER X MARIA DA GRACA (VIA ALV.CABRAL E NORTE SHOPPING) CIRCULAR,Fetranspor,109,17729846,"-22.9016","-43.2779"
661,661-MEIER X MARIA DA GRACA (VIA ALV.CABRAL E NORTE SHOPPING) CIRCULAR,Fetranspor,110,17729846,"-22.9019","-43.2776"
661,661-MEIER X MARIA DA GRACA (VIA ALV.CABRAL E NORTE SHOPPING) CIRCULAR,Fetranspor,111,17729846,"-22.9021","-43.2773"
661,661-MEIER X MARIA DA GRACA (VIA ALV.CABRAL E NORTE SHOPPING) CIRCULAR,Fetranspor,112,17729846,"-22.9023","-43.2771"
661,661-MEIER X MARIA DA GRACA (VIA ALV.CABRAL E NORTE SHOPPING) CIRCULAR,Fetranspor,113,17729846,"-22.9025","-43.2767"
661,661-MEIER X MARIA DA GRACA (VIA ALV.CABRAL E NORTE SHOPPING) CIRCULAR,Fetranspor,114,17729846,"-22.9025","-43.2767"
661,661-MEIER X MARIA DA GRACA (VIA ALV.CABRAL E NORTE SHOPPING) CIRCULAR,Fetranspor,115,17729846,"-22.9026","-43.2765"
661,661-MEIER X MARIA DA GRACA (VIA ALV.CABRAL E NORTE SHOPPING) CIRCULAR,Fetranspor,116,17729846,"-22.9029","-43.2758"
661,661-MEIER X MARIA DA GRACA (VIA ALV.CABRAL E NORTE SHOPPING) CIRCULAR,Fetranspor,117,17729846,"-22.9029","-43.2758"
661,661-MEIER X MARIA DA GRACA (VIA ALV.CABRAL E NORTE SHOPPING) CIRCULAR,Fetranspor,118,17729846,"-22.9029","-43.2758"
661,661-MEIER X MARIA DA GRACA (VIA ALV.CABRAL E NORTE SHOPPING) CIRCULAR,Fetranspor,119,17729846,"-22.9028","-43.2757"
661,661-MEIER X MARIA DA GRACA (VIA ALV.CABRAL E NORTE SHOPPING) CIRCULAR,Fetranspor,120,17729846,"-22.9028","-43.2757"
661,661-MEIER X MARIA DA GRACA (VIA ALV.CABRAL E NORTE SHOPPING) CIRCULAR,Fetranspor,121,17729846,"-22.9027","-43.2756"
661,661-MEIER X MARIA DA GRACA (VIA ALV.CABRAL E NORTE SHOPPING) CIRCULAR,Fetranspor,122,17729846,"-22.9025","-43.2753"
661,661-MEIER X MARIA DA GRACA (VIA ALV.CABRAL E NORTE SHOPPING) CIRCULAR,Fetranspor,123,17729846,"-22.9025","-43.2753"
661,661-MEIER X MARIA DA GRACA (VIA ALV.CABRAL E NORTE SHOPPING) CIRCULAR,Fetranspor,124,17729846,"-22.9022","-43.2749"
