linha,descricao,agencia,sequencia,shape_id,latitude,longitude
667,667-MADUREIRA X MEIER (CIRCULAR),Fetranspor,0,17398148,"-22.8992","-43.2809"
667,667-MADUREIRA X MEIER (CIRCULAR),Fetranspor,1,17398148,"-22.8993","-43.2808"
667,667-MADUREIRA X MEIER (CIRCULAR),Fetranspor,2,17398148,"-22.8994","-43.2808"
667,667-MADUREIRA X MEIER (CIRCULAR),Fetranspor,3,17398148,"-22.8994","-43.2808"
667,667-MADUREIRA X MEIER (CIRCULAR),Fetranspor,4,17398148,"-22.8996","-43.2809"
667,667-MADUREIRA X MEIER (CIRCULAR),Fetranspor,5,17398148,"-22.8997","-43.281"
667,667-MADUREIRA X MEIER (CIRCULAR),Fetranspor,6,17398148,"-22.8997","-43.281"
667,667-MADUREIRA X MEIER (CIRCULAR),Fetranspor,7,17398148,"-22.8998","-43.2812"
667,667-MADUREIRA X MEIER (CIRCULAR),Fetranspor,8,17398148,"-22.8999","-43.2813"
667,667-MADUREIRA X MEIER (CIRCULAR),Fetranspor,9,17398148,"-22.8999","-43.2813"
667,667-MADUREIRA X MEIER (CIRCULAR),Fetranspor,10,17398148,"-22.9","-43.2814"
667,667-MADUREIRA X MEIER (CIRCULAR),Fetranspor,11,17398148,"-22.9005","-43.2819"
667,667-MADUREIRA X MEIER (CIRCULAR),Fetranspor,12,17398148,"-22.9005","-43.2819"
667,667-MADUREIRA X MEIER (CIRCULAR),Fetranspor,13,17398148,"-22.9008","-43.2822"
667,667-MADUREIRA X MEIER (CIRCULAR),Fetranspor,14,17398148,"-22.9009","-43.2823"
667,667-MADUREIRA X MEIER (CIRCULAR),Fetranspor,15,17398148,"-22.901","-43.2824"
667,667-MADUREIRA X MEIER (CIRCULAR),Fetranspor,16,17398148,"-22.901","-43.2824"
667,667-MADUREIRA X MEIER (CIRCULAR),Fetranspor,17,17398148,"-22.901","-43.2824"
667,667-MADUREIRA X MEIER (CIRCULAR),Fetranspor,18,17398148,"-22.901","-43.2823"
667,667-MADUREIRA X MEIER (CIRCULAR),Fetranspor,19,17398148,"-22.9011","-43.2823"
667,667-MADUREIRA X MEIER (CIRCULAR),Fetranspor,20,17398148,"-22.9011","-43.2823"
667,667-MADUREIRA X MEIER (CIRCULAR),Fetranspor,21,17398148,"-22.9014","-43.2819"
667,667-MADUREIRA X MEIER (CIRCULAR),Fetranspor,22,17398148,"-22.9014","-43.2819"
667,667-MADUREIRA X MEIER (CIRCULAR),Fetranspor,23,17398148,"-22.9018","-43.2815"
667,667-MADUREIRA X MEIER (CIRCULAR),Fetranspor,24,17398148,"-22.9018","-43.2815"
667,667-MADUREIRA X MEIER (CIRCULAR),Fetranspor,25,17398148,"-22.9022","-43.2811"
667,667-MADUREIRA X MEIER (CIRCULAR),Fetranspor,26,17398148,"-22.9023","-43.281"
667,667-MADUREIRA X MEIER (CIRCULAR),Fetranspor,27,17398148,"-22.9023","-43.281"
667,667-MADUREIRA X MEIER (CIRCULAR),Fetranspor,28,17398148,"-22.9024","-43.2813"
667,667-MADUREIRA X MEIER (CIRCULAR),Fetranspor,29,17398148,"-22.9025","-43.2815"
667,667-MADUREIRA X MEIER (CIRCULAR),Fetranspor,30,17398148,"-22.9025","-43.2815"
667,667-MADUREIRA X MEIER (CIRCULAR),Fetranspor,31,17398148,"-22.9026","-43.2817"
667,667-MADUREIRA X MEIER (CIRCULAR),Fetranspor,32,17398148,"-22.903","-43.2826"
667,667-MADUREIRA X MEIER (CIRCULAR),Fetranspor,33,17398148,"-22.9032","-43.2829"
667,667-MADUREIRA X MEIER (CIRCULAR),Fetranspor,34,17398148,"-22.9033","-43.2832"
667,667-MADUREIRA X MEIER (CIRCULAR),Fetranspor,35,17398148,"-22.9035","-43.2839"
667,667-MADUREIRA X MEIER (CIRCULAR),Fetranspor,36,17398148,"-22.9036","-43.2843"
667,667-MADUREIRA X MEIER (CIRCULAR),Fetranspor,37,17398148,"-22.9036","-43.2843"
667,667-MADUREIRA X MEIER (CIRCULAR),Fetranspor,38,17398148,"-22.9037","-43.2845"
667,667-MADUREIRA X MEIER (CIRCULAR),Fetranspor,39,17398148,"-22.904","-43.2851"
667,667-MADUREIRA X MEIER (CIRCULAR),Fetranspor,40,17398148,"-22.904","-43.2852"
667,667-MADUREIRA X MEIER (CIRCULAR),Fetranspor,41,17398148,"-22.904","-43.2853"
667,667-MADUREIRA X MEIER (CIRCULAR),Fetranspor,42,17398148,"-22.9041","-43.2855"
667,667-MADUREIRA X MEIER (CIRCULAR),Fetranspor,43,17398148,"-22.9042","-43.2857"
667,667-MADUREIRA X MEIER (CIRCULAR),Fetranspor,44,17398148,"-22.9042","-43.286"
667,667-MADUREIRA X MEIER (CIRCULAR),Fetranspor,45,17398148,"-22.9042","-43.286"
667,667-MADUREIRA X MEIER (CIRCULAR),Fetranspor,46,17398148,"-22.9043","-43.2865"
667,667-MADUREIRA X MEIER (CIRCULAR),Fetranspor,47,17398148,"-22.9043","-43.2865"
667,667-MADUREIRA X MEIER (CIRCULAR),Fetranspor,48,17398148,"-22.9043","-43.2867"
667,667-MADUREIRA X MEIER (CIRCULAR),Fetranspor,49,17398148,"-22.9043","-43.2867"
667,667-MADUREIRA X MEIER (CIRCULAR),Fetranspor,50,17398148,"-22.9044","-43.2873"
667,667-MADUREIRA X MEIER (CIRCULAR),Fetranspor,51,17398148,"-22.9044","-43.2873"
667,667-MADUREIRA X MEIER (CIRCULAR),Fetranspor,52,17398148,"-22.9044","-43.2876"
667,667-MADUREIRA X MEIER (CIRCULAR),Fetranspor,53,17398148,"-22.9045","-43.2879"
667,667-MADUREIRA X MEIER (CIRCULAR),Fetranspor,54,17398148,"-22.9045","-43.288"
667,667-MADUREIRA X MEIER (CIRCULAR),Fetranspor,55,17398148,"-22.9045","-43.288"
667,667-MADUREIRA X MEIER (CIRCULAR),Fetranspor,56,17398148,"-22.9045","-43.2881"
667,667-MADUREIRA X MEIER (CIRCULAR),Fetranspor,57,17398148,"-22.9048","-43.2888"
667,667-MADUREIRA X MEIER (CIRCULAR),Fetranspor,58,17398148,"-22.9048","-43.2889"
667,667-MADUREIRA X MEIER (CIRCULAR),Fetranspor,59,17398148,"-22.9048","-43.2889"
667,667-MADUREIRA X MEIER (CIRCULAR),Fetranspor,60,17398148,"-22.9049","-43.289"
667,667-MADUREIRA X MEIER (CIRCULAR),Fetranspor,61,17398148,"-22.905","-43.2893"
667,667-MADUREIRA X MEIER (CIRCULAR),Fetranspor,62,17398148,"-22.905","-43.2895"
667,667-MADUREIRA X MEIER (CIRCULAR),Fetranspor,63,17398148,"-22.9051","-43.2898"
667,667-MADUREIRA X MEIER (CIRCULAR),Fetranspor,64,17398148,"-22.9051","-43.2898"
667,667-MADUREIRA X MEIER (CIRCULAR),Fetranspor,65,17398148,"-22.9051","-43.29"
667,667-MADUREIRA X MEIER (CIRCULAR),Fetranspor,66,17398148,"-22.9051","-43.29"
667,667-MADUREIRA X MEIER (CIRCULAR),Fetranspor,67,17398148,"-22.9051","-43.2906"
667,667-MADUREIRA X MEIER (CIRCULAR),Fetranspor,68,17398148,"-22.9051","-43.2907"
667,667-MADUREIRA X MEIER (CIRCULAR),Fetranspor,69,17398148,"-22.9051","-43.2907"
667,667-MADUREIRA X MEIER (CIRCULAR),Fetranspor,70,17398148,"-22.9052","-43.2915"
667,667-MADUREIRA X MEIER (CIRCULAR),Fetranspor,71,17398148,"-22.9052","-43.2915"
667,667-MADUREIRA X MEIER (CIRCULAR),Fetranspor,72,17398148,"-22.9052","-43.2922"
667,667-MADUREIRA X MEIER (CIRCULAR),Fetranspor,73,17398148,"-22.9052","-43.2922"
667,667-MADUREIRA X MEIER (CIRCULAR),Fetranspor,74,17398148,"-22.9053","-43.293"
667,667-MADUREIRA X MEIER (CIRCULAR),Fetranspor,75,17398148,"-22.9053","-43.293"
667,667-MADUREIRA X MEIER (CIRCULAR),Fetranspor,76,17398148,"-22.9052","-43.2932"
667,667-MADUREIRA X MEIER (CIRCULAR),Fetranspor,77,17398148,"-22.9051","-43.2934"
667,667-MADUREIRA X MEIER (CIRCULAR),Fetranspor,78,17398148,"-22.9051","-43.2934"
667,667-MADUREIRA X MEIER (CIRCULAR),Fetranspor,79,17398148,"-22.9047","-43.294"
667,667-MADUREIRA X MEIER (CIRCULAR),Fetranspor,80,17398148,"-22.9047","-43.294"
667,667-MADUREIRA X MEIER (CIRCULAR),Fetranspor,81,17398148,"-22.9045","-43.2945"
667,667-MADUREIRA X MEIER (CIRCULAR),Fetranspor,82,17398148,"-22.9044","-43.2947"
667,667-MADUREIRA X MEIER (CIRCULAR),Fetranspor,83,17398148,"-22.9044","-43.2947"
667,667-MADUREIRA X MEIER (CIRCULAR),Fetranspor,84,17398148,"-22.9044","-43.295"
667,667-MADUREIRA X MEIER (CIRCULAR),Fetranspor,85,17398148,"-22.9044","-43.295"
667,667-MADUREIRA X MEIER (CIRCULAR),Fetranspor,86,17398148,"-22.9043","-43.2952"
667,667-MADUREIRA X MEIER (CIRCULAR),Fetranspor,87,17398148,"-22.9042","-43.2954"
667,667-MADUREIRA X MEIER (CIRCULAR),Fetranspor,88,17398148,"-22.9042","-43.2954"
667,667-MADUREIRA X MEIER (CIRCULAR),Fetranspor,89,17398148,"-22.9038","-43.296"
667,667-MADUREIRA X MEIER (CIRCULAR),Fetranspor,90,17398148,"-22.9038","-43.296"
667,667-MADUREIRA X MEIER (CIRCULAR),Fetranspor,91,17398148,"-22.9037","-43.2962"
667,667-MADUREIRA X MEIER (CIRCULAR),Fetranspor,92,17398148,"-22.9036","-43.2964"
667,667-MADUREIRA X MEIER (CIRCULAR),Fetranspor,93,17398148,"-22.9034","-43.297"
667,667-MADUREIRA X MEIER (CIRCULAR),Fetranspor,94,17398148,"-22.9034","-43.2971"
667,667-MADUREIRA X MEIER (CIRCULAR),Fetranspor,95,17398148,"-22.9034","-43.2971"
667,667-MADUREIRA X MEIER (CIRCULAR),Fetranspor,96,17398148,"-22.9021","-43.2967"
667,667-MADUREIRA X MEIER (CIRCULAR),Fetranspor,97,17398148,"-22.9021","-43.2967"
667,667-MADUREIRA X MEIER (CIRCULAR),Fetranspor,98,17398148,"-22.9009","-43.2963"
667,667-MADUREIRA X MEIER (CIRCULAR),Fetranspor,99,17398148,"-22.9009","-43.2963"
667,667-MADUREIRA X MEIER (CIRCULAR),Fetranspor,100,17398148,"-22.8996","-43.2959"
667,667-MADUREIRA X MEIER (CIRCULAR),Fetranspor,101,17398148,"-22.8996","-43.2959"
667,667-MADUREIRA X MEIER (CIRCULAR),Fetranspor,102,17398148,"-22.8983","-43.2955"
667,667-MADUREIRA X MEIER (CIRCULAR),Fetranspor,103,17398148,"-22.8983","-43.2955"
667,667-MADUREIRA X MEIER (CIRCULAR),Fetranspor,104,17398148,"-22.897","-43.2951"
667,667-MADUREIRA X MEIER (CIRCULAR),Fetranspor,105,17398148,"-22.897","-43.2951"
667,667-MADUREIRA X MEIER (CIRCULAR),Fetranspor,106,17398148,"-22.8969","-43.2951"
667,667-MADUREIRA X MEIER (CIRCULAR),Fetranspor,107,17398148,"-22.8957","-43.2947"
667,667-MADUREIRA X MEIER (CIRCULAR),Fetranspor,108,17398148,"-22.8957","-43.2947"
667,667-MADUREIRA X MEIER (CIRCULAR),Fetranspor,109,17398148,"-22.8957","-43.2955"
667,667-MADUREIRA X MEIER (CIRCULAR),Fetranspor,110,17398148,"-22.8957","-43.2962"
667,667-MADUREIRA X MEIER (CIRCULAR),Fetranspor,111,17398148,"-22.8957","-43.2962"
667,667-MADUREIRA X MEIER (CIRCULAR),Fetranspor,112,17398148,"-22.8957","-43.2971"
667,667-MADUREIRA X MEIER (CIRCULAR),Fetranspor,113,17398148,"-22.8958","-43.2977"
667,667-MADUREIRA X MEIER (CIRCULAR),Fetranspor,114,17398148,"-22.8958","-43.2977"
667,667-MADUREIRA X MEIER (CIRCULAR),Fetranspor,115,17398148,"-22.8958","-43.298"
667,667-MADUREIRA X MEIER (CIRCULAR),Fetranspor,116,17398148,"-22.8958","-43.2987"
667,667-MADUREIRA X MEIER (CIRCULAR),Fetranspor,117,17398148,"-22.8958","-43.2992"
667,667-MADUREIRA X MEIER (CIRCULAR),Fetranspor,118,17398148,"-22.8958","-43.2992"
667,667-MADUREIRA X MEIER (CIRCULAR),Fetranspor,119,17398148,"-22.8959","-43.3003"
667,667-MADUREIRA X MEIER (CIRCULAR),Fetranspor,120,17398148,"-22.8959","-43.3007"
667,667-MADUREIRA X MEIER (CIRCULAR),Fetranspor,121,17398148,"-22.8959","-43.3007"
667,667-MADUREIRA X MEIER (CIRCULAR),Fetranspor,122,17398148,"-22.8959","-43.3008"
667,667-MADUREIRA X MEIER (CIRCULAR),Fetranspor,123,17398148,"-22.8959","-43.3008"
667,667-MADUREIRA X MEIER (CIRCULAR),Fetranspor,124,17398148,"-22.8959","-43.3022"
667,667-MADUREIRA X MEIER (CIRCULAR),Fetranspor,125,17398148,"-22.8959","-43.3022"
667,667-MADUREIRA X MEIER (CIRCULAR),Fetranspor,126,17398148,"-22.8959","-43.3026"
667,667-MADUREIRA X MEIER (CIRCULAR),Fetranspor,127,17398148,"-22.8959","-43.3026"
667,667-MADUREIRA X MEIER (CIRCULAR),Fetranspor,128,17398148,"-22.896","-43.3033"
667,667-MADUREIRA X MEIER (CIRCULAR),Fetranspor,129,17398148,"-22.896","-43.3033"
667,667-MADUREIRA X MEIER (CIRCULAR),Fetranspor,130,17398148,"-22.896","-43.3044"
667,667-MADUREIRA X MEIER (CIRCULAR),Fetranspor,131,17398148,"-22.896","-43.3047"
667,667-MADUREIRA X MEIER (CIRCULAR),Fetranspor,132,17398148,"-22.896","-43.3047"
667,667-MADUREIRA X MEIER (CIRCULAR),Fetranspor,133,17398148,"-22.896","-43.3055"
667,667-MADUREIRA X MEIER (CIRCULAR),Fetranspor,134,17398148,"-22.896","-43.3055"
667,667-MADUREIRA X MEIER (CIRCULAR),Fetranspor,135,17398148,"-22.8961","-43.3077"
667,667-MADUREIRA X MEIER (CIRCULAR),Fetranspor,136,17398148,"-22.8961","-43.3083"
667,667-MADUREIRA X MEIER (CIRCULAR),Fetranspor,137,17398148,"-22.8961","-43.3083"
667,667-MADUREIRA X MEIER (CIRCULAR),Fetranspor,138,17398148,"-22.8962","-43.31"
667,667-MADUREIRA X MEIER (CIRCULAR),Fetranspor,139,17398148,"-22.8962","-43.31"
667,667-MADUREIRA X MEIER (CIRCULAR),Fetranspor,140,17398148,"-22.8962","-43.3107"
667,667-MADUREIRA X MEIER (CIRCULAR),Fetranspor,141,17398148,"-22.8962","-43.3107"
667,667-MADUREIRA X MEIER (CIRCULAR),Fetranspor,142,17398148,"-22.8962","-43.3116"
667,667-MADUREIRA X MEIER (CIRCULAR),Fetranspor,143,17398148,"-22.8962","-43.3116"
667,667-MADUREIRA X MEIER (CIRCULAR),Fetranspor,144,17398148,"-22.8963","-43.3125"
667,667-MADUREIRA X MEIER (CIRCULAR),Fetranspor,145,17398148,"-22.8963","-43.3125"
667,667-MADUREIRA X MEIER (CIRCULAR),Fetranspor,146,17398148,"-22.8963","-43.3128"
667,667-MADUREIRA X MEIER (CIRCULAR),Fetranspor,147,17398148,"-22.8963","-43.3128"
667,667-MADUREIRA X MEIER (CIRCULAR),Fetranspor,148,17398148,"-22.8963","-43.313"
667,667-MADUREIRA X MEIER (CIRCULAR),Fetranspor,149,17398148,"-22.8959","-43.3142"
667,667-MADUREIRA X MEIER (CIRCULAR),Fetranspor,150,17398148,"-22.8959","-43.3142"
667,667-MADUREIRA X MEIER (CIRCULAR),Fetranspor,151,17398148,"-22.8958","-43.3145"
667,667-MADUREIRA X MEIER (CIRCULAR),Fetranspor,152,17398148,"-22.8958","-43.3146"
667,667-MADUREIRA X MEIER (CIRCULAR),Fetranspor,153,17398148,"-22.8958","-43.315"
667,667-MADUREIRA X MEIER (CIRCULAR),Fetranspor,154,17398148,"-22.8958","-43.315"
667,667-MADUREIRA X MEIER (CIRCULAR),Fetranspor,155,17398148,"-22.8958","-43.3166"
667,667-MADUREIRA X MEIER (CIRCULAR),Fetranspor,156,17398148,"-22.8957","-43.3171"
667,667-MADUREIRA X MEIER (CIRCULAR),Fetranspor,157,17398148,"-22.8956","-43.3177"
667,667-MADUREIRA X MEIER (CIRCULAR),Fetranspor,158,17398148,"-22.8956","-43.3177"
667,667-MADUREIRA X MEIER (CIRCULAR),Fetranspor,159,17398148,"-22.8956","-43.3178"
667,667-MADUREIRA X MEIER (CIRCULAR),Fetranspor,160,17398148,"-22.8955","-43.3185"
667,667-MADUREIRA X MEIER (CIRCULAR),Fetranspor,161,17398148,"-22.8955","-43.3185"
667,667-MADUREIRA X MEIER (CIRCULAR),Fetranspor,162,17398148,"-22.8954","-43.319"
667,667-MADUREIRA X MEIER (CIRCULAR),Fetranspor,163,17398148,"-22.8953","-43.3192"
667,667-MADUREIRA X MEIER (CIRCULAR),Fetranspor,164,17398148,"-22.8953","-43.3192"
667,667-MADUREIRA X MEIER (CIRCULAR),Fetranspor,165,17398148,"-22.8953","-43.3193"
667,667-MADUREIRA X MEIER (CIRCULAR),Fetranspor,166,17398148,"-22.8952","-43.3195"
667,667-MADUREIRA X MEIER (CIRCULAR),Fetranspor,167,17398148,"-22.8942","-43.3208"
667,667-MADUREIRA X MEIER (CIRCULAR),Fetranspor,168,17398148,"-22.8941","-43.3211"
667,667-MADUREIRA X MEIER (CIRCULAR),Fetranspor,169,17398148,"-22.8938","-43.3215"
667,667-MADUREIRA X MEIER (CIRCULAR),Fetranspor,170,17398148,"-22.8936","-43.3218"
667,667-MADUREIRA X MEIER (CIRCULAR),Fetranspor,171,17398148,"-22.8936","-43.3218"
667,667-MADUREIRA X MEIER (CIRCULAR),Fetranspor,172,17398148,"-22.8933","-43.3221"
667,667-MADUREIRA X MEIER (CIRCULAR),Fetranspor,173,17398148,"-22.8933","-43.3221"
667,667-MADUREIRA X MEIER (CIRCULAR),Fetranspor,174,17398148,"-22.8928","-43.3229"
667,667-MADUREIRA X MEIER (CIRCULAR),Fetranspor,175,17398148,"-22.8928","-43.3229"
667,667-MADUREIRA X MEIER (CIRCULAR),Fetranspor,176,17398148,"-22.8921","-43.3238"
667,667-MADUREIRA X MEIER (CIRCULAR),Fetranspor,177,17398148,"-22.8921","-43.3238"
667,667-MADUREIRA X MEIER (CIRCULAR),Fetranspor,178,17398148,"-22.8914","-43.3247"
667,667-MADUREIRA X MEIER (CIRCULAR),Fetranspor,179,17398148,"-22.8914","-43.3247"
667,667-MADUREIRA X MEIER (CIRCULAR),Fetranspor,180,17398148,"-22.8908","-43.3256"
667,667-MADUREIRA X MEIER (CIRCULAR),Fetranspor,181,17398148,"-22.8908","-43.3256"
667,667-MADUREIRA X MEIER (CIRCULAR),Fetranspor,182,17398148,"-22.8907","-43.3257"
667,667-MADUREIRA X MEIER (CIRCULAR),Fetranspor,183,17398148,"-22.8907","-43.3257"
667,667-MADUREIRA X MEIER (CIRCULAR),Fetranspor,184,17398148,"-22.8904","-43.3261"
667,667-MADUREIRA X MEIER (CIRCULAR),Fetranspor,185,17398148,"-22.8902","-43.3263"
667,667-MADUREIRA X MEIER (CIRCULAR),Fetranspor,186,17398148,"-22.8901","-43.3265"
667,667-MADUREIRA X MEIER (CIRCULAR),Fetranspor,187,17398148,"-22.8901","-43.3265"
667,667-MADUREIRA X MEIER (CIRCULAR),Fetranspor,188,17398148,"-22.8888","-43.3283"
667,667-MADUREIRA X MEIER (CIRCULAR),Fetranspor,189,17398148,"-22.8888","-43.3283"
667,667-MADUREIRA X MEIER (CIRCULAR),Fetranspor,190,17398148,"-22.8883","-43.329"
667,667-MADUREIRA X MEIER (CIRCULAR),Fetranspor,191,17398148,"-22.8883","-43.329"
667,667-MADUREIRA X MEIER (CIRCULAR),Fetranspor,192,17398148,"-22.8878","-43.3297"
667,667-MADUREIRA X MEIER (CIRCULAR),Fetranspor,193,17398148,"-22.8878","-43.3297"
667,667-MADUREIRA X MEIER (CIRCULAR),Fetranspor,194,17398148,"-22.887","-43.3307"
667,667-MADUREIRA X MEIER (CIRCULAR),Fetranspor,195,17398148,"-22.887","-43.3307"
667,667-MADUREIRA X MEIER (CIRCULAR),Fetranspor,196,17398148,"-22.8869","-43.331"
667,667-MADUREIRA X MEIER (CIRCULAR),Fetranspor,197,17398148,"-22.8869","-43.331"
667,667-MADUREIRA X MEIER (CIRCULAR),Fetranspor,198,17398148,"-22.8866","-43.3312"
667,667-MADUREIRA X MEIER (CIRCULAR),Fetranspor,199,17398148,"-22.8861","-43.3315"
667,667-MADUREIRA X MEIER (CIRCULAR),Fetranspor,200,17398148,"-22.8861","-43.3315"
667,667-MADUREIRA X MEIER (CIRCULAR),Fetranspor,201,17398148,"-22.8857","-43.3317"
667,667-MADUREIRA X MEIER (CIRCULAR),Fetranspor,202,17398148,"-22.8852","-43.3319"
667,667-MADUREIRA X MEIER (CIRCULAR),Fetranspor,203,17398148,"-22.885","-43.332"
667,667-MADUREIRA X MEIER (CIRCULAR),Fetranspor,204,17398148,"-22.885","-43.332"
667,667-MADUREIRA X MEIER (CIRCULAR),Fetranspor,205,17398148,"-22.8847","-43.3321"
667,667-MADUREIRA X MEIER (CIRCULAR),Fetranspor,206,17398148,"-22.8845","-43.3321"
667,667-MADUREIRA X MEIER (CIRCULAR),Fetranspor,207,17398148,"-22.8845","-43.3321"
667,667-MADUREIRA X MEIER (CIRCULAR),Fetranspor,208,17398148,"-22.8839","-43.3321"
667,667-MADUREIRA X MEIER (CIRCULAR),Fetranspor,209,17398148,"-22.8835","-43.3321"
667,667-MADUREIRA X MEIER (CIRCULAR),Fetranspor,210,17398148,"-22.8827","-43.3321"
667,667-MADUREIRA X MEIER (CIRCULAR),Fetranspor,211,17398148,"-22.8823","-43.3321"
667,667-MADUREIRA X MEIER (CIRCULAR),Fetranspor,212,17398148,"-22.882","-43.3321"
667,667-MADUREIRA X MEIER (CIRCULAR),Fetranspor,213,17398148,"-22.882","-43.3321"
667,667-MADUREIRA X MEIER (CIRCULAR),Fetranspor,214,17398148,"-22.882","-43.332"
667,667-MADUREIRA X MEIER (CIRCULAR),Fetranspor,215,17398148,"-22.882","-43.3309"
667,667-MADUREIRA X MEIER (CIRCULAR),Fetranspor,216,17398148,"-22.882","-43.3309"
667,667-MADUREIRA X MEIER (CIRCULAR),Fetranspor,217,17398148,"-22.882","-43.3308"
667,667-MADUREIRA X MEIER (CIRCULAR),Fetranspor,218,17398148,"-22.882","-43.3308"
667,667-MADUREIRA X MEIER (CIRCULAR),Fetranspor,219,17398148,"-22.8819","-43.3305"
667,667-MADUREIRA X MEIER (CIRCULAR),Fetranspor,220,17398148,"-22.8818","-43.3303"
667,667-MADUREIRA X MEIER (CIRCULAR),Fetranspor,221,17398148,"-22.8817","-43.3302"
667,667-MADUREIRA X MEIER (CIRCULAR),Fetranspor,222,17398148,"-22.8816","-43.3302"
667,667-MADUREIRA X MEIER (CIRCULAR),Fetranspor,223,17398148,"-22.8816","-43.3302"
667,667-MADUREIRA X MEIER (CIRCULAR),Fetranspor,224,17398148,"-22.8815","-43.3302"
667,667-MADUREIRA X MEIER (CIRCULAR),Fetranspor,225,17398148,"-22.8814","-43.3302"
667,667-MADUREIRA X MEIER (CIRCULAR),Fetranspor,226,17398148,"-22.8813","-43.3303"
667,667-MADUREIRA X MEIER (CIRCULAR),Fetranspor,227,17398148,"-22.8813","-43.3303"
667,667-MADUREIRA X MEIER (CIRCULAR),Fetranspor,228,17398148,"-22.881","-43.3308"
667,667-MADUREIRA X MEIER (CIRCULAR),Fetranspor,229,17398148,"-22.8804","-43.3317"
667,667-MADUREIRA X MEIER (CIRCULAR),Fetranspor,230,17398148,"-22.8798","-43.3327"
667,667-MADUREIRA X MEIER (CIRCULAR),Fetranspor,231,17398148,"-22.8798","-43.3327"
667,667-MADUREIRA X MEIER (CIRCULAR),Fetranspor,232,17398148,"-22.8798","-43.3328"
667,667-MADUREIRA X MEIER (CIRCULAR),Fetranspor,233,17398148,"-22.8797","-43.333"
667,667-MADUREIRA X MEIER (CIRCULAR),Fetranspor,234,17398148,"-22.8797","-43.3332"
667,667-MADUREIRA X MEIER (CIRCULAR),Fetranspor,235,17398148,"-22.8797","-43.334"
667,667-MADUREIRA X MEIER (CIRCULAR),Fetranspor,236,17398148,"-22.8797","-43.3344"
667,667-MADUREIRA X MEIER (CIRCULAR),Fetranspor,237,17398148,"-22.8797","-43.3344"
667,667-MADUREIRA X MEIER (CIRCULAR),Fetranspor,238,17398148,"-22.8797","-43.3351"
667,667-MADUREIRA X MEIER (CIRCULAR),Fetranspor,239,17398148,"-22.8797","-43.3351"
667,667-MADUREIRA X MEIER (CIRCULAR),Fetranspor,240,17398148,"-22.8797","-43.3374"
667,667-MADUREIRA X MEIER (CIRCULAR),Fetranspor,241,17398148,"-22.8797","-43.3374"
667,667-MADUREIRA X MEIER (CIRCULAR),Fetranspor,242,17398148,"-22.8795","-43.3374"
667,667-MADUREIRA X MEIER (CIRCULAR),Fetranspor,243,17398148,"-22.8794","-43.3373"
667,667-MADUREIRA X MEIER (CIRCULAR),Fetranspor,244,17398148,"-22.8794","-43.3373"
667,667-MADUREIRA X MEIER (CIRCULAR),Fetranspor,245,17398148,"-22.8792","-43.3373"
667,667-MADUREIRA X MEIER (CIRCULAR),Fetranspor,246,17398148,"-22.8789","-43.337"
667,667-MADUREIRA X MEIER (CIRCULAR),Fetranspor,247,17398148,"-22.8789","-43.337"
667,667-MADUREIRA X MEIER (CIRCULAR),Fetranspor,248,17398148,"-22.8788","-43.3368"
667,667-MADUREIRA X MEIER (CIRCULAR),Fetranspor,249,17398148,"-22.8786","-43.3367"
667,667-MADUREIRA X MEIER (CIRCULAR),Fetranspor,250,17398148,"-22.8786","-43.3367"
667,667-MADUREIRA X MEIER (CIRCULAR),Fetranspor,251,17398148,"-22.8773","-43.3358"
667,667-MADUREIRA X MEIER (CIRCULAR),Fetranspor,252,17398148,"-22.8773","-43.3358"
667,667-MADUREIRA X MEIER (CIRCULAR),Fetranspor,253,17398148,"-22.8773","-43.3357"
667,667-MADUREIRA X MEIER (CIRCULAR),Fetranspor,254,17398148,"-22.8773","-43.3356"
667,667-MADUREIRA X MEIER (CIRCULAR),Fetranspor,255,17398148,"-22.8772","-43.3355"
667,667-MADUREIRA X MEIER (CIRCULAR),Fetranspor,256,17398148,"-22.8771","-43.3355"
667,667-MADUREIRA X MEIER (CIRCULAR),Fetranspor,257,17398148,"-22.8768","-43.3353"
667,667-MADUREIRA X MEIER (CIRCULAR),Fetranspor,258,17398148,"-22.8766","-43.3351"
667,667-MADUREIRA X MEIER (CIRCULAR),Fetranspor,259,17398148,"-22.8766","-43.3351"
667,667-MADUREIRA X MEIER (CIRCULAR),Fetranspor,260,17398148,"-22.8765","-43.3351"
667,667-MADUREIRA X MEIER (CIRCULAR),Fetranspor,261,17398148,"-22.8765","-43.335"
667,667-MADUREIRA X MEIER (CIRCULAR),Fetranspor,262,17398148,"-22.8765","-43.3349"
667,667-MADUREIRA X MEIER (CIRCULAR),Fetranspor,263,17398148,"-22.8765","-43.3348"
667,667-MADUREIRA X MEIER (CIRCULAR),Fetranspor,264,17398148,"-22.8766","-43.3347"
667,667-MADUREIRA X MEIER (CIRCULAR),Fetranspor,265,17398148,"-22.8766","-43.3347"
667,667-MADUREIRA X MEIER (CIRCULAR),Fetranspor,266,17398148,"-22.8765","-43.3346"
667,667-MADUREIRA X MEIER (CIRCULAR),Fetranspor,267,17398148,"-22.8765","-43.3345"
667,667-MADUREIRA X MEIER (CIRCULAR),Fetranspor,268,17398148,"-22.8764","-43.3345"
667,667-MADUREIRA X MEIER (CIRCULAR),Fetranspor,269,17398148,"-22.8764","-43.3345"
667,667-MADUREIRA X MEIER (CIRCULAR),Fetranspor,270,17398148,"-22.8763","-43.3346"
667,667-MADUREIRA X MEIER (CIRCULAR),Fetranspor,271,17398148,"-22.8762","-43.3346"
667,667-MADUREIRA X MEIER (CIRCULAR),Fetranspor,272,17398148,"-22.8761","-43.3348"
667,667-MADUREIRA X MEIER (CIRCULAR),Fetranspor,273,17398148,"-22.876","-43.3349"
667,667-MADUREIRA X MEIER (CIRCULAR),Fetranspor,274,17398148,"-22.876","-43.335"
667,667-MADUREIRA X MEIER (CIRCULAR),Fetranspor,275,17398148,"-22.876","-43.3351"
667,667-MADUREIRA X MEIER (CIRCULAR),Fetranspor,276,17398148,"-22.876","-43.3351"
667,667-MADUREIRA X MEIER (CIRCULAR),Fetranspor,277,17398148,"-22.876","-43.3352"
667,667-MADUREIRA X MEIER (CIRCULAR),Fetranspor,278,17398148,"-22.876","-43.3352"
667,667-MADUREIRA X MEIER (CIRCULAR),Fetranspor,279,17398148,"-22.876","-43.3353"
667,667-MADUREIRA X MEIER (CIRCULAR),Fetranspor,280,17398148,"-22.8759","-43.3354"
667,667-MADUREIRA X MEIER (CIRCULAR),Fetranspor,281,17398148,"-22.8759","-43.3355"
667,667-MADUREIRA X MEIER (CIRCULAR),Fetranspor,282,17398148,"-22.8759","-43.3355"
667,667-MADUREIRA X MEIER (CIRCULAR),Fetranspor,283,17398148,"-22.8755","-43.3359"
667,667-MADUREIRA X MEIER (CIRCULAR),Fetranspor,284,17398148,"-22.8755","-43.3359"
667,667-MADUREIRA X MEIER (CIRCULAR),Fetranspor,285,17398148,"-22.8753","-43.3361"
667,667-MADUREIRA X MEIER (CIRCULAR),Fetranspor,286,17398148,"-22.8752","-43.3363"
667,667-MADUREIRA X MEIER (CIRCULAR),Fetranspor,287,17398148,"-22.8752","-43.3363"
667,667-MADUREIRA X MEIER (CIRCULAR),Fetranspor,288,17398148,"-22.875","-43.3365"
667,667-MADUREIRA X MEIER (CIRCULAR),Fetranspor,289,17398148,"-22.875","-43.3365"
667,667-MADUREIRA X MEIER (CIRCULAR),Fetranspor,290,17398148,"-22.8747","-43.3368"
667,667-MADUREIRA X MEIER (CIRCULAR),Fetranspor,291,17398148,"-22.8745","-43.337"
667,667-MADUREIRA X MEIER (CIRCULAR),Fetranspor,292,17398148,"-22.8745","-43.337"
667,667-MADUREIRA X MEIER (CIRCULAR),Fetranspor,293,17398148,"-22.8745","-43.337"
667,667-MADUREIRA X MEIER (CIRCULAR),Fetranspor,294,17398148,"-22.8745","-43.337"
667,667-MADUREIRA X MEIER (CIRCULAR),Fetranspor,295,17398148,"-22.8744","-43.337"
667,667-MADUREIRA X MEIER (CIRCULAR),Fetranspor,296,17398148,"-22.874","-43.3369"
667,667-MADUREIRA X MEIER (CIRCULAR),Fetranspor,297,17398148,"-22.8739","-43.3369"
667,667-MADUREIRA X MEIER (CIRCULAR),Fetranspor,298,17398148,"-22.8739","-43.3369"
667,667-MADUREIRA X MEIER (CIRCULAR),Fetranspor,299,17398148,"-22.8738","-43.3369"
667,667-MADUREIRA X MEIER (CIRCULAR),Fetranspor,300,17398148,"-22.8738","-43.3369"
667,667-MADUREIRA X MEIER (CIRCULAR),Fetranspor,301,17398148,"-22.8737","-43.337"
667,667-MADUREIRA X MEIER (CIRCULAR),Fetranspor,302,17398148,"-22.8737","-43.337"
667,667-MADUREIRA X MEIER (CIRCULAR),Fetranspor,303,17398148,"-22.8736","-43.3372"
667,667-MADUREIRA X MEIER (CIRCULAR),Fetranspor,304,17398148,"-22.8729","-43.3385"
667,667-MADUREIRA X MEIER (CIRCULAR),Fetranspor,305,17398148,"-22.8722","-43.3397"
667,667-MADUREIRA X MEIER (CIRCULAR),Fetranspor,306,17398148,"-22.8722","-43.3397"
667,667-MADUREIRA X MEIER (CIRCULAR),Fetranspor,307,17398148,"-22.8719","-43.3402"
667,667-MADUREIRA X MEIER (CIRCULAR),Fetranspor,308,17398148,"-22.8719","-43.3402"
667,667-MADUREIRA X MEIER (CIRCULAR),Fetranspor,309,17398148,"-22.8718","-43.3404"
667,667-MADUREIRA X MEIER (CIRCULAR),Fetranspor,310,17398148,"-22.8717","-43.3406"
667,667-MADUREIRA X MEIER (CIRCULAR),Fetranspor,311,17398148,"-22.8713","-43.3411"
667,667-MADUREIRA X MEIER (CIRCULAR),Fetranspor,312,17398148,"-22.8713","-43.3411"
667,667-MADUREIRA X MEIER (CIRCULAR),Fetranspor,313,17398148,"-22.8712","-43.3412"
667,667-MADUREIRA X MEIER (CIRCULAR),Fetranspor,314,17398148,"-22.8712","-43.3412"
667,667-MADUREIRA X MEIER (CIRCULAR),Fetranspor,315,17398148,"-22.8706","-43.3403"
667,667-MADUREIRA X MEIER (CIRCULAR),Fetranspor,316,17398148,"-22.8705","-43.3402"
667,667-MADUREIRA X MEIER (CIRCULAR),Fetranspor,0,17737692,"-22.8705","-43.3402"
667,667-MADUREIRA X MEIER (CIRCULAR),Fetranspor,1,17737692,"-22.8696","-43.341"
667,667-MADUREIRA X MEIER (CIRCULAR),Fetranspor,2,17737692,"-22.8696","-43.341"
667,667-MADUREIRA X MEIER (CIRCULAR),Fetranspor,3,17737692,"-22.8699","-43.3414"
667,667-MADUREIRA X MEIER (CIRCULAR),Fetranspor,4,17737692,"-22.8705","-43.3421"
667,667-MADUREIRA X MEIER (CIRCULAR),Fetranspor,5,17737692,"-22.8705","-43.3421"
667,667-MADUREIRA X MEIER (CIRCULAR),Fetranspor,6,17737692,"-22.8707","-43.3419"
667,667-MADUREIRA X MEIER (CIRCULAR),Fetranspor,7,17737692,"-22.8707","-43.3419"
667,667-MADUREIRA X MEIER (CIRCULAR),Fetranspor,8,17737692,"-22.8707","-43.3419"
667,667-MADUREIRA X MEIER (CIRCULAR),Fetranspor,9,17737692,"-22.8708","-43.342"
667,667-MADUREIRA X MEIER (CIRCULAR),Fetranspor,10,17737692,"-22.8718","-43.3422"
667,667-MADUREIRA X MEIER (CIRCULAR),Fetranspor,11,17737692,"-22.8718","-43.3422"
667,667-MADUREIRA X MEIER (CIRCULAR),Fetranspor,12,17737692,"-22.8734","-43.3426"
667,667-MADUREIRA X MEIER (CIRCULAR),Fetranspor,13,17737692,"-22.8734","-43.3426"
667,667-MADUREIRA X MEIER (CIRCULAR),Fetranspor,14,17737692,"-22.8742","-43.3412"
667,667-MADUREIRA X MEIER (CIRCULAR),Fetranspor,15,17737692,"-22.8742","-43.3412"
667,667-MADUREIRA X MEIER (CIRCULAR),Fetranspor,16,17737692,"-22.8758","-43.3386"
667,667-MADUREIRA X MEIER (CIRCULAR),Fetranspor,17,17737692,"-22.8758","-43.3386"
667,667-MADUREIRA X MEIER (CIRCULAR),Fetranspor,18,17737692,"-22.8758","-43.3385"
667,667-MADUREIRA X MEIER (CIRCULAR),Fetranspor,19,17737692,"-22.8762","-43.3379"
667,667-MADUREIRA X MEIER (CIRCULAR),Fetranspor,20,17737692,"-22.8762","-43.3379"
667,667-MADUREIRA X MEIER (CIRCULAR),Fetranspor,21,17737692,"-22.8766","-43.3372"
667,667-MADUREIRA X MEIER (CIRCULAR),Fetranspor,22,17737692,"-22.8766","-43.3372"
667,667-MADUREIRA X MEIER (CIRCULAR),Fetranspor,23,17737692,"-22.8768","-43.3369"
667,667-MADUREIRA X MEIER (CIRCULAR),Fetranspor,24,17737692,"-22.8769","-43.3368"
667,667-MADUREIRA X MEIER (CIRCULAR),Fetranspor,25,17737692,"-22.877","-43.3365"
667,667-MADUREIRA X MEIER (CIRCULAR),Fetranspor,26,17737692,"-22.877","-43.3364"
667,667-MADUREIRA X MEIER (CIRCULAR),Fetranspor,27,17737692,"-22.8771","-43.3363"
667,667-MADUREIRA X MEIER (CIRCULAR),Fetranspor,28,17737692,"-22.8771","-43.3363"
667,667-MADUREIRA X MEIER (CIRCULAR),Fetranspor,29,17737692,"-22.8772","-43.3361"
667,667-MADUREIRA X MEIER (CIRCULAR),Fetranspor,30,17737692,"-22.8772","-43.3361"
667,667-MADUREIRA X MEIER (CIRCULAR),Fetranspor,31,17737692,"-22.8773","-43.3359"
667,667-MADUREIRA X MEIER (CIRCULAR),Fetranspor,32,17737692,"-22.8774","-43.3358"
667,667-MADUREIRA X MEIER (CIRCULAR),Fetranspor,33,17737692,"-22.8774","-43.3358"
667,667-MADUREIRA X MEIER (CIRCULAR),Fetranspor,34,17737692,"-22.8774","-43.3357"
667,667-MADUREIRA X MEIER (CIRCULAR),Fetranspor,35,17737692,"-22.8774","-43.3356"
667,667-MADUREIRA X MEIER (CIRCULAR),Fetranspor,36,17737692,"-22.8774","-43.3355"
667,667-MADUREIRA X MEIER (CIRCULAR),Fetranspor,37,17737692,"-22.8773","-43.3355"
667,667-MADUREIRA X MEIER (CIRCULAR),Fetranspor,38,17737692,"-22.8773","-43.3355"
667,667-MADUREIRA X MEIER (CIRCULAR),Fetranspor,39,17737692,"-22.8772","-43.3354"
667,667-MADUREIRA X MEIER (CIRCULAR),Fetranspor,40,17737692,"-22.8772","-43.3354"
667,667-MADUREIRA X MEIER (CIRCULAR),Fetranspor,41,17737692,"-22.877","-43.3352"
667,667-MADUREIRA X MEIER (CIRCULAR),Fetranspor,42,17737692,"-22.8767","-43.3351"
667,667-MADUREIRA X MEIER (CIRCULAR),Fetranspor,43,17737692,"-22.8767","-43.335"
667,667-MADUREIRA X MEIER (CIRCULAR),Fetranspor,44,17737692,"-22.8767","-43.335"
667,667-MADUREIRA X MEIER (CIRCULAR),Fetranspor,45,17737692,"-22.8766","-43.3349"
667,667-MADUREIRA X MEIER (CIRCULAR),Fetranspor,46,17737692,"-22.8766","-43.3347"
667,667-MADUREIRA X MEIER (CIRCULAR),Fetranspor,47,17737692,"-22.8766","-43.3347"
667,667-MADUREIRA X MEIER (CIRCULAR),Fetranspor,48,17737692,"-22.8765","-43.3346"
667,667-MADUREIRA X MEIER (CIRCULAR),Fetranspor,49,17737692,"-22.8765","-43.3345"
667,667-MADUREIRA X MEIER (CIRCULAR),Fetranspor,50,17737692,"-22.8764","-43.3345"
667,667-MADUREIRA X MEIER (CIRCULAR),Fetranspor,51,17737692,"-22.8764","-43.3345"
667,667-MADUREIRA X MEIER (CIRCULAR),Fetranspor,52,17737692,"-22.8763","-43.3346"
667,667-MADUREIRA X MEIER (CIRCULAR),Fetranspor,53,17737692,"-22.8762","-43.3346"
667,667-MADUREIRA X MEIER (CIRCULAR),Fetranspor,54,17737692,"-22.8761","-43.3348"
667,667-MADUREIRA X MEIER (CIRCULAR),Fetranspor,55,17737692,"-22.876","-43.3349"
667,667-MADUREIRA X MEIER (CIRCULAR),Fetranspor,56,17737692,"-22.876","-43.335"
667,667-MADUREIRA X MEIER (CIRCULAR),Fetranspor,57,17737692,"-22.876","-43.3351"
667,667-MADUREIRA X MEIER (CIRCULAR),Fetranspor,58,17737692,"-22.876","-43.3351"
667,667-MADUREIRA X MEIER (CIRCULAR),Fetranspor,59,17737692,"-22.876","-43.3352"
667,667-MADUREIRA X MEIER (CIRCULAR),Fetranspor,60,17737692,"-22.876","-43.3352"
667,667-MADUREIRA X MEIER (CIRCULAR),Fetranspor,61,17737692,"-22.8761","-43.3352"
667,667-MADUREIRA X MEIER (CIRCULAR),Fetranspor,62,17737692,"-22.8763","-43.3353"
667,667-MADUREIRA X MEIER (CIRCULAR),Fetranspor,63,17737692,"-22.8765","-43.3354"
667,667-MADUREIRA X MEIER (CIRCULAR),Fetranspor,64,17737692,"-22.877","-43.3357"
667,667-MADUREIRA X MEIER (CIRCULAR),Fetranspor,65,17737692,"-22.877","-43.3358"
667,667-MADUREIRA X MEIER (CIRCULAR),Fetranspor,66,17737692,"-22.8771","-43.3358"
667,667-MADUREIRA X MEIER (CIRCULAR),Fetranspor,67,17737692,"-22.8772","-43.3358"
667,667-MADUREIRA X MEIER (CIRCULAR),Fetranspor,68,17737692,"-22.8773","-43.3358"
667,667-MADUREIRA X MEIER (CIRCULAR),Fetranspor,69,17737692,"-22.8773","-43.3358"
667,667-MADUREIRA X MEIER (CIRCULAR),Fetranspor,70,17737692,"-22.8773","-43.3358"
667,667-MADUREIRA X MEIER (CIRCULAR),Fetranspor,71,17737692,"-22.8786","-43.3367"
667,667-MADUREIRA X MEIER (CIRCULAR),Fetranspor,72,17737692,"-22.8786","-43.3367"
667,667-MADUREIRA X MEIER (CIRCULAR),Fetranspor,73,17737692,"-22.8788","-43.3369"
667,667-MADUREIRA X MEIER (CIRCULAR),Fetranspor,74,17737692,"-22.8788","-43.337"
667,667-MADUREIRA X MEIER (CIRCULAR),Fetranspor,75,17737692,"-22.8788","-43.337"
667,667-MADUREIRA X MEIER (CIRCULAR),Fetranspor,76,17737692,"-22.8788","-43.3371"
667,667-MADUREIRA X MEIER (CIRCULAR),Fetranspor,77,17737692,"-22.8788","-43.3372"
667,667-MADUREIRA X MEIER (CIRCULAR),Fetranspor,78,17737692,"-22.8787","-43.3372"
667,667-MADUREIRA X MEIER (CIRCULAR),Fetranspor,79,17737692,"-22.8787","-43.3372"
667,667-MADUREIRA X MEIER (CIRCULAR),Fetranspor,80,17737692,"-22.8785","-43.3373"
667,667-MADUREIRA X MEIER (CIRCULAR),Fetranspor,81,17737692,"-22.8785","-43.3373"
667,667-MADUREIRA X MEIER (CIRCULAR),Fetranspor,82,17737692,"-22.8785","-43.3373"
667,667-MADUREIRA X MEIER (CIRCULAR),Fetranspor,83,17737692,"-22.8785","-43.3373"
667,667-MADUREIRA X MEIER (CIRCULAR),Fetranspor,84,17737692,"-22.8779","-43.3372"
667,667-MADUREIRA X MEIER (CIRCULAR),Fetranspor,85,17737692,"-22.8779","-43.3372"
667,667-MADUREIRA X MEIER (CIRCULAR),Fetranspor,86,17737692,"-22.8775","-43.3372"
667,667-MADUREIRA X MEIER (CIRCULAR),Fetranspor,87,17737692,"-22.8775","-43.3372"
667,667-MADUREIRA X MEIER (CIRCULAR),Fetranspor,88,17737692,"-22.8774","-43.3372"
667,667-MADUREIRA X MEIER (CIRCULAR),Fetranspor,89,17737692,"-22.8772","-43.3372"
667,667-MADUREIRA X MEIER (CIRCULAR),Fetranspor,90,17737692,"-22.8772","-43.3372"
667,667-MADUREIRA X MEIER (CIRCULAR),Fetranspor,91,17737692,"-22.8771","-43.3372"
667,667-MADUREIRA X MEIER (CIRCULAR),Fetranspor,92,17737692,"-22.877","-43.3373"
667,667-MADUREIRA X MEIER (CIRCULAR),Fetranspor,93,17737692,"-22.877","-43.3373"
667,667-MADUREIRA X MEIER (CIRCULAR),Fetranspor,94,17737692,"-22.8768","-43.3377"
667,667-MADUREIRA X MEIER (CIRCULAR),Fetranspor,95,17737692,"-22.8766","-43.338"
667,667-MADUREIRA X MEIER (CIRCULAR),Fetranspor,96,17737692,"-22.8766","-43.338"
667,667-MADUREIRA X MEIER (CIRCULAR),Fetranspor,97,17737692,"-22.876","-43.339"
667,667-MADUREIRA X MEIER (CIRCULAR),Fetranspor,98,17737692,"-22.876","-43.339"
667,667-MADUREIRA X MEIER (CIRCULAR),Fetranspor,99,17737692,"-22.8771","-43.3401"
667,667-MADUREIRA X MEIER (CIRCULAR),Fetranspor,100,17737692,"-22.8771","-43.3401"
667,667-MADUREIRA X MEIER (CIRCULAR),Fetranspor,101,17737692,"-22.8776","-43.3406"
667,667-MADUREIRA X MEIER (CIRCULAR),Fetranspor,102,17737692,"-22.8777","-43.3407"
667,667-MADUREIRA X MEIER (CIRCULAR),Fetranspor,103,17737692,"-22.8778","-43.3408"
667,667-MADUREIRA X MEIER (CIRCULAR),Fetranspor,104,17737692,"-22.8781","-43.3409"
667,667-MADUREIRA X MEIER (CIRCULAR),Fetranspor,105,17737692,"-22.8781","-43.3409"
667,667-MADUREIRA X MEIER (CIRCULAR),Fetranspor,106,17737692,"-22.8784","-43.341"
667,667-MADUREIRA X MEIER (CIRCULAR),Fetranspor,107,17737692,"-22.8784","-43.341"
667,667-MADUREIRA X MEIER (CIRCULAR),Fetranspor,108,17737692,"-22.8791","-43.3414"
667,667-MADUREIRA X MEIER (CIRCULAR),Fetranspor,109,17737692,"-22.8791","-43.3414"
667,667-MADUREIRA X MEIER (CIRCULAR),Fetranspor,110,17737692,"-22.8793","-43.3416"
667,667-MADUREIRA X MEIER (CIRCULAR),Fetranspor,111,17737692,"-22.8794","-43.3417"
667,667-MADUREIRA X MEIER (CIRCULAR),Fetranspor,112,17737692,"-22.8795","-43.3418"
667,667-MADUREIRA X MEIER (CIRCULAR),Fetranspor,113,17737692,"-22.8797","-43.3418"
667,667-MADUREIRA X MEIER (CIRCULAR),Fetranspor,114,17737692,"-22.8799","-43.3419"
667,667-MADUREIRA X MEIER (CIRCULAR),Fetranspor,115,17737692,"-22.8799","-43.3419"
667,667-MADUREIRA X MEIER (CIRCULAR),Fetranspor,116,17737692,"-22.88","-43.3419"
667,667-MADUREIRA X MEIER (CIRCULAR),Fetranspor,117,17737692,"-22.8801","-43.3419"
667,667-MADUREIRA X MEIER (CIRCULAR),Fetranspor,118,17737692,"-22.8801","-43.3419"
667,667-MADUREIRA X MEIER (CIRCULAR),Fetranspor,119,17737692,"-22.8806","-43.3419"
667,667-MADUREIRA X MEIER (CIRCULAR),Fetranspor,120,17737692,"-22.8806","-43.3419"
667,667-MADUREIRA X MEIER (CIRCULAR),Fetranspor,121,17737692,"-22.8804","-43.343"
667,667-MADUREIRA X MEIER (CIRCULAR),Fetranspor,122,17737692,"-22.8804","-43.343"
667,667-MADUREIRA X MEIER (CIRCULAR),Fetranspor,123,17737692,"-22.8804","-43.3437"
667,667-MADUREIRA X MEIER (CIRCULAR),Fetranspor,124,17737692,"-22.8804","-43.3437"
667,667-MADUREIRA X MEIER (CIRCULAR),Fetranspor,125,17737692,"-22.8803","-43.344"
667,667-MADUREIRA X MEIER (CIRCULAR),Fetranspor,126,17737692,"-22.8803","-43.344"
667,667-MADUREIRA X MEIER (CIRCULAR),Fetranspor,127,17737692,"-22.8803","-43.3447"
667,667-MADUREIRA X MEIER (CIRCULAR),Fetranspor,128,17737692,"-22.8803","-43.3448"
667,667-MADUREIRA X MEIER (CIRCULAR),Fetranspor,129,17737692,"-22.8803","-43.3449"
667,667-MADUREIRA X MEIER (CIRCULAR),Fetranspor,130,17737692,"-22.8803","-43.3449"
667,667-MADUREIRA X MEIER (CIRCULAR),Fetranspor,131,17737692,"-22.8803","-43.3449"
667,667-MADUREIRA X MEIER (CIRCULAR),Fetranspor,132,17737692,"-22.8804","-43.345"
667,667-MADUREIRA X MEIER (CIRCULAR),Fetranspor,133,17737692,"-22.8804","-43.345"
667,667-MADUREIRA X MEIER (CIRCULAR),Fetranspor,134,17737692,"-22.881","-43.345"
667,667-MADUREIRA X MEIER (CIRCULAR),Fetranspor,135,17737692,"-22.8813","-43.345"
667,667-MADUREIRA X MEIER (CIRCULAR),Fetranspor,136,17737692,"-22.8813","-43.345"
667,667-MADUREIRA X MEIER (CIRCULAR),Fetranspor,137,17737692,"-22.8814","-43.345"
667,667-MADUREIRA X MEIER (CIRCULAR),Fetranspor,138,17737692,"-22.8827","-43.3449"
667,667-MADUREIRA X MEIER (CIRCULAR),Fetranspor,139,17737692,"-22.8828","-43.3449"
667,667-MADUREIRA X MEIER (CIRCULAR),Fetranspor,140,17737692,"-22.8828","-43.3449"
667,667-MADUREIRA X MEIER (CIRCULAR),Fetranspor,141,17737692,"-22.8829","-43.3449"
667,667-MADUREIRA X MEIER (CIRCULAR),Fetranspor,142,17737692,"-22.8829","-43.3449"
667,667-MADUREIRA X MEIER (CIRCULAR),Fetranspor,143,17737692,"-22.8829","-43.3448"
667,667-MADUREIRA X MEIER (CIRCULAR),Fetranspor,144,17737692,"-22.883","-43.3445"
667,667-MADUREIRA X MEIER (CIRCULAR),Fetranspor,145,17737692,"-22.8829","-43.3428"
667,667-MADUREIRA X MEIER (CIRCULAR),Fetranspor,146,17737692,"-22.8829","-43.3428"
667,667-MADUREIRA X MEIER (CIRCULAR),Fetranspor,147,17737692,"-22.8829","-43.3423"
667,667-MADUREIRA X MEIER (CIRCULAR),Fetranspor,148,17737692,"-22.8829","-43.3423"
667,667-MADUREIRA X MEIER (CIRCULAR),Fetranspor,149,17737692,"-22.8829","-43.3421"
667,667-MADUREIRA X MEIER (CIRCULAR),Fetranspor,150,17737692,"-22.8829","-43.3421"
667,667-MADUREIRA X MEIER (CIRCULAR),Fetranspor,151,17737692,"-22.8829","-43.3414"
667,667-MADUREIRA X MEIER (CIRCULAR),Fetranspor,152,17737692,"-22.8829","-43.3414"
667,667-MADUREIRA X MEIER (CIRCULAR),Fetranspor,153,17737692,"-22.8827","-43.3396"
667,667-MADUREIRA X MEIER (CIRCULAR),Fetranspor,154,17737692,"-22.8827","-43.3396"
667,667-MADUREIRA X MEIER (CIRCULAR),Fetranspor,155,17737692,"-22.8825","-43.3383"
667,667-MADUREIRA X MEIER (CIRCULAR),Fetranspor,156,17737692,"-22.8824","-43.3377"
667,667-MADUREIRA X MEIER (CIRCULAR),Fetranspor,157,17737692,"-22.8824","-43.3376"
667,667-MADUREIRA X MEIER (CIRCULAR),Fetranspor,158,17737692,"-22.8824","-43.3376"
667,667-MADUREIRA X MEIER (CIRCULAR),Fetranspor,159,17737692,"-22.8824","-43.3369"
667,667-MADUREIRA X MEIER (CIRCULAR),Fetranspor,160,17737692,"-22.8824","-43.3369"
667,667-MADUREIRA X MEIER (CIRCULAR),Fetranspor,161,17737692,"-22.8824","-43.3367"
667,667-MADUREIRA X MEIER (CIRCULAR),Fetranspor,162,17737692,"-22.8824","-43.3367"
667,667-MADUREIRA X MEIER (CIRCULAR),Fetranspor,163,17737692,"-22.8824","-43.3364"
667,667-MADUREIRA X MEIER (CIRCULAR),Fetranspor,164,17737692,"-22.8824","-43.3364"
667,667-MADUREIRA X MEIER (CIRCULAR),Fetranspor,165,17737692,"-22.8824","-43.3363"
667,667-MADUREIRA X MEIER (CIRCULAR),Fetranspor,166,17737692,"-22.8824","-43.3363"
667,667-MADUREIRA X MEIER (CIRCULAR),Fetranspor,167,17737692,"-22.8824","-43.3355"
667,667-MADUREIRA X MEIER (CIRCULAR),Fetranspor,168,17737692,"-22.8824","-43.3355"
667,667-MADUREIRA X MEIER (CIRCULAR),Fetranspor,169,17737692,"-22.8824","-43.3348"
667,667-MADUREIRA X MEIER (CIRCULAR),Fetranspor,170,17737692,"-22.8823","-43.3346"
667,667-MADUREIRA X MEIER (CIRCULAR),Fetranspor,171,17737692,"-22.8823","-43.3346"
667,667-MADUREIRA X MEIER (CIRCULAR),Fetranspor,172,17737692,"-22.8822","-43.3337"
667,667-MADUREIRA X MEIER (CIRCULAR),Fetranspor,173,17737692,"-22.8822","-43.3337"
667,667-MADUREIRA X MEIER (CIRCULAR),Fetranspor,174,17737692,"-22.882","-43.3323"
667,667-MADUREIRA X MEIER (CIRCULAR),Fetranspor,175,17737692,"-22.882","-43.3321"
667,667-MADUREIRA X MEIER (CIRCULAR),Fetranspor,176,17737692,"-22.882","-43.3321"
667,667-MADUREIRA X MEIER (CIRCULAR),Fetranspor,177,17737692,"-22.882","-43.332"
667,667-MADUREIRA X MEIER (CIRCULAR),Fetranspor,178,17737692,"-22.882","-43.3309"
667,667-MADUREIRA X MEIER (CIRCULAR),Fetranspor,179,17737692,"-22.882","-43.3309"
667,667-MADUREIRA X MEIER (CIRCULAR),Fetranspor,180,17737692,"-22.8836","-43.3309"
667,667-MADUREIRA X MEIER (CIRCULAR),Fetranspor,181,17737692,"-22.8836","-43.3309"
667,667-MADUREIRA X MEIER (CIRCULAR),Fetranspor,182,17737692,"-22.884","-43.3309"
667,667-MADUREIRA X MEIER (CIRCULAR),Fetranspor,183,17737692,"-22.884","-43.3309"
667,667-MADUREIRA X MEIER (CIRCULAR),Fetranspor,184,17737692,"-22.8855","-43.331"
667,667-MADUREIRA X MEIER (CIRCULAR),Fetranspor,185,17737692,"-22.8869","-43.331"
667,667-MADUREIRA X MEIER (CIRCULAR),Fetranspor,186,17737692,"-22.8869","-43.331"
667,667-MADUREIRA X MEIER (CIRCULAR),Fetranspor,187,17737692,"-22.887","-43.3307"
667,667-MADUREIRA X MEIER (CIRCULAR),Fetranspor,188,17737692,"-22.887","-43.3307"
667,667-MADUREIRA X MEIER (CIRCULAR),Fetranspor,189,17737692,"-22.8878","-43.3297"
667,667-MADUREIRA X MEIER (CIRCULAR),Fetranspor,190,17737692,"-22.8878","-43.3297"
667,667-MADUREIRA X MEIER (CIRCULAR),Fetranspor,191,17737692,"-22.8883","-43.329"
667,667-MADUREIRA X MEIER (CIRCULAR),Fetranspor,192,17737692,"-22.8883","-43.329"
667,667-MADUREIRA X MEIER (CIRCULAR),Fetranspor,193,17737692,"-22.8888","-43.3283"
667,667-MADUREIRA X MEIER (CIRCULAR),Fetranspor,194,17737692,"-22.8888","-43.3283"
667,667-MADUREIRA X MEIER (CIRCULAR),Fetranspor,195,17737692,"-22.8901","-43.3265"
667,667-MADUREIRA X MEIER (CIRCULAR),Fetranspor,196,17737692,"-22.8901","-43.3265"
667,667-MADUREIRA X MEIER (CIRCULAR),Fetranspor,197,17737692,"-22.8902","-43.3263"
667,667-MADUREIRA X MEIER (CIRCULAR),Fetranspor,198,17737692,"-22.8904","-43.3261"
667,667-MADUREIRA X MEIER (CIRCULAR),Fetranspor,199,17737692,"-22.8907","-43.3257"
667,667-MADUREIRA X MEIER (CIRCULAR),Fetranspor,200,17737692,"-22.8907","-43.3257"
667,667-MADUREIRA X MEIER (CIRCULAR),Fetranspor,201,17737692,"-22.8908","-43.3256"
667,667-MADUREIRA X MEIER (CIRCULAR),Fetranspor,202,17737692,"-22.8908","-43.3256"
667,667-MADUREIRA X MEIER (CIRCULAR),Fetranspor,203,17737692,"-22.8914","-43.3247"
667,667-MADUREIRA X MEIER (CIRCULAR),Fetranspor,204,17737692,"-22.8914","-43.3247"
667,667-MADUREIRA X MEIER (CIRCULAR),Fetranspor,205,17737692,"-22.8921","-43.3238"
667,667-MADUREIRA X MEIER (CIRCULAR),Fetranspor,206,17737692,"-22.8921","-43.3238"
667,667-MADUREIRA X MEIER (CIRCULAR),Fetranspor,207,17737692,"-22.8928","-43.3229"
667,667-MADUREIRA X MEIER (CIRCULAR),Fetranspor,208,17737692,"-22.8928","-43.3229"
667,667-MADUREIRA X MEIER (CIRCULAR),Fetranspor,209,17737692,"-22.8933","-43.3221"
667,667-MADUREIRA X MEIER (CIRCULAR),Fetranspor,210,17737692,"-22.8933","-43.3221"
667,667-MADUREIRA X MEIER (CIRCULAR),Fetranspor,211,17737692,"-22.8936","-43.3218"
667,667-MADUREIRA X MEIER (CIRCULAR),Fetranspor,212,17737692,"-22.8936","-43.3218"
667,667-MADUREIRA X MEIER (CIRCULAR),Fetranspor,213,17737692,"-22.8938","-43.3215"
667,667-MADUREIRA X MEIER (CIRCULAR),Fetranspor,214,17737692,"-22.8941","-43.3211"
667,667-MADUREIRA X MEIER (CIRCULAR),Fetranspor,215,17737692,"-22.8942","-43.3208"
667,667-MADUREIRA X MEIER (CIRCULAR),Fetranspor,216,17737692,"-22.8952","-43.3195"
667,667-MADUREIRA X MEIER (CIRCULAR),Fetranspor,217,17737692,"-22.8953","-43.3193"
667,667-MADUREIRA X MEIER (CIRCULAR),Fetranspor,218,17737692,"-22.8953","-43.3192"
667,667-MADUREIRA X MEIER (CIRCULAR),Fetranspor,219,17737692,"-22.8953","-43.3192"
667,667-MADUREIRA X MEIER (CIRCULAR),Fetranspor,220,17737692,"-22.8954","-43.319"
667,667-MADUREIRA X MEIER (CIRCULAR),Fetranspor,221,17737692,"-22.8955","-43.3185"
667,667-MADUREIRA X MEIER (CIRCULAR),Fetranspor,222,17737692,"-22.8955","-43.3185"
667,667-MADUREIRA X MEIER (CIRCULAR),Fetranspor,223,17737692,"-22.8956","-43.3178"
667,667-MADUREIRA X MEIER (CIRCULAR),Fetranspor,224,17737692,"-22.8956","-43.3177"
667,667-MADUREIRA X MEIER (CIRCULAR),Fetranspor,225,17737692,"-22.8956","-43.3177"
667,667-MADUREIRA X MEIER (CIRCULAR),Fetranspor,226,17737692,"-22.8957","-43.3171"
667,667-MADUREIRA X MEIER (CIRCULAR),Fetranspor,227,17737692,"-22.8958","-43.3166"
667,667-MADUREIRA X MEIER (CIRCULAR),Fetranspor,228,17737692,"-22.8958","-43.315"
667,667-MADUREIRA X MEIER (CIRCULAR),Fetranspor,229,17737692,"-22.8958","-43.315"
667,667-MADUREIRA X MEIER (CIRCULAR),Fetranspor,230,17737692,"-22.8958","-43.3146"
667,667-MADUREIRA X MEIER (CIRCULAR),Fetranspor,231,17737692,"-22.8958","-43.3145"
667,667-MADUREIRA X MEIER (CIRCULAR),Fetranspor,232,17737692,"-22.8959","-43.3142"
667,667-MADUREIRA X MEIER (CIRCULAR),Fetranspor,233,17737692,"-22.8959","-43.3142"
667,667-MADUREIRA X MEIER (CIRCULAR),Fetranspor,234,17737692,"-22.8963","-43.313"
667,667-MADUREIRA X MEIER (CIRCULAR),Fetranspor,235,17737692,"-22.8963","-43.3128"
667,667-MADUREIRA X MEIER (CIRCULAR),Fetranspor,236,17737692,"-22.8963","-43.3128"
667,667-MADUREIRA X MEIER (CIRCULAR),Fetranspor,237,17737692,"-22.8963","-43.3125"
667,667-MADUREIRA X MEIER (CIRCULAR),Fetranspor,238,17737692,"-22.8963","-43.3125"
667,667-MADUREIRA X MEIER (CIRCULAR),Fetranspor,239,17737692,"-22.8962","-43.3116"
667,667-MADUREIRA X MEIER (CIRCULAR),Fetranspor,240,17737692,"-22.8962","-43.3116"
667,667-MADUREIRA X MEIER (CIRCULAR),Fetranspor,241,17737692,"-22.8962","-43.3107"
667,667-MADUREIRA X MEIER (CIRCULAR),Fetranspor,242,17737692,"-22.8962","-43.3107"
667,667-MADUREIRA X MEIER (CIRCULAR),Fetranspor,243,17737692,"-22.8962","-43.31"
667,667-MADUREIRA X MEIER (CIRCULAR),Fetranspor,244,17737692,"-22.8962","-43.31"
667,667-MADUREIRA X MEIER (CIRCULAR),Fetranspor,245,17737692,"-22.8961","-43.3083"
667,667-MADUREIRA X MEIER (CIRCULAR),Fetranspor,246,17737692,"-22.8961","-43.3083"
667,667-MADUREIRA X MEIER (CIRCULAR),Fetranspor,247,17737692,"-22.8961","-43.3077"
667,667-MADUREIRA X MEIER (CIRCULAR),Fetranspor,248,17737692,"-22.896","-43.3055"
667,667-MADUREIRA X MEIER (CIRCULAR),Fetranspor,249,17737692,"-22.896","-43.3055"
667,667-MADUREIRA X MEIER (CIRCULAR),Fetranspor,250,17737692,"-22.896","-43.3047"
667,667-MADUREIRA X MEIER (CIRCULAR),Fetranspor,251,17737692,"-22.896","-43.3047"
667,667-MADUREIRA X MEIER (CIRCULAR),Fetranspor,252,17737692,"-22.896","-43.3044"
667,667-MADUREIRA X MEIER (CIRCULAR),Fetranspor,253,17737692,"-22.896","-43.3033"
667,667-MADUREIRA X MEIER (CIRCULAR),Fetranspor,254,17737692,"-22.896","-43.3033"
667,667-MADUREIRA X MEIER (CIRCULAR),Fetranspor,255,17737692,"-22.8959","-43.3026"
667,667-MADUREIRA X MEIER (CIRCULAR),Fetranspor,256,17737692,"-22.8959","-43.3026"
667,667-MADUREIRA X MEIER (CIRCULAR),Fetranspor,257,17737692,"-22.8959","-43.3022"
667,667-MADUREIRA X MEIER (CIRCULAR),Fetranspor,258,17737692,"-22.8959","-43.3022"
667,667-MADUREIRA X MEIER (CIRCULAR),Fetranspor,259,17737692,"-22.8959","-43.3008"
667,667-MADUREIRA X MEIER (CIRCULAR),Fetranspor,260,17737692,"-22.8959","-43.3008"
667,667-MADUREIRA X MEIER (CIRCULAR),Fetranspor,261,17737692,"-22.8965","-43.3009"
667,667-MADUREIRA X MEIER (CIRCULAR),Fetranspor,262,17737692,"-22.8966","-43.3009"
667,667-MADUREIRA X MEIER (CIRCULAR),Fetranspor,263,17737692,"-22.8967","-43.3009"
667,667-MADUREIRA X MEIER (CIRCULAR),Fetranspor,264,17737692,"-22.8967","-43.3009"
667,667-MADUREIRA X MEIER (CIRCULAR),Fetranspor,265,17737692,"-22.8968","-43.3009"
667,667-MADUREIRA X MEIER (CIRCULAR),Fetranspor,266,17737692,"-22.8968","-43.3008"
667,667-MADUREIRA X MEIER (CIRCULAR),Fetranspor,267,17737692,"-22.8972","-43.2996"
667,667-MADUREIRA X MEIER (CIRCULAR),Fetranspor,268,17737692,"-22.8972","-43.2996"
667,667-MADUREIRA X MEIER (CIRCULAR),Fetranspor,269,17737692,"-22.8972","-43.2995"
667,667-MADUREIRA X MEIER (CIRCULAR),Fetranspor,270,17737692,"-22.8976","-43.2982"
667,667-MADUREIRA X MEIER (CIRCULAR),Fetranspor,271,17737692,"-22.8976","-43.2982"
667,667-MADUREIRA X MEIER (CIRCULAR),Fetranspor,272,17737692,"-22.8979","-43.297"
667,667-MADUREIRA X MEIER (CIRCULAR),Fetranspor,273,17737692,"-22.8979","-43.2968"
667,667-MADUREIRA X MEIER (CIRCULAR),Fetranspor,274,17737692,"-22.8979","-43.2968"
667,667-MADUREIRA X MEIER (CIRCULAR),Fetranspor,275,17737692,"-22.8986","-43.2971"
667,667-MADUREIRA X MEIER (CIRCULAR),Fetranspor,276,17737692,"-22.8992","-43.2973"
667,667-MADUREIRA X MEIER (CIRCULAR),Fetranspor,277,17737692,"-22.8992","-43.2973"
667,667-MADUREIRA X MEIER (CIRCULAR),Fetranspor,278,17737692,"-22.9005","-43.2977"
667,667-MADUREIRA X MEIER (CIRCULAR),Fetranspor,279,17737692,"-22.9005","-43.2977"
667,667-MADUREIRA X MEIER (CIRCULAR),Fetranspor,280,17737692,"-22.9017","-43.2981"
667,667-MADUREIRA X MEIER (CIRCULAR),Fetranspor,281,17737692,"-22.9017","-43.2981"
667,667-MADUREIRA X MEIER (CIRCULAR),Fetranspor,282,17737692,"-22.9029","-43.2984"
667,667-MADUREIRA X MEIER (CIRCULAR),Fetranspor,283,17737692,"-22.903","-43.2985"
667,667-MADUREIRA X MEIER (CIRCULAR),Fetranspor,284,17737692,"-22.903","-43.2985"
667,667-MADUREIRA X MEIER (CIRCULAR),Fetranspor,285,17737692,"-22.9039","-43.2987"
667,667-MADUREIRA X MEIER (CIRCULAR),Fetranspor,286,17737692,"-22.9042","-43.2988"
667,667-MADUREIRA X MEIER (CIRCULAR),Fetranspor,287,17737692,"-22.9044","-43.2989"
667,667-MADUREIRA X MEIER (CIRCULAR),Fetranspor,288,17737692,"-22.9044","-43.2989"
667,667-MADUREIRA X MEIER (CIRCULAR),Fetranspor,289,17737692,"-22.9043","-43.2973"
667,667-MADUREIRA X MEIER (CIRCULAR),Fetranspor,290,17737692,"-22.9043","-43.2973"
667,667-MADUREIRA X MEIER (CIRCULAR),Fetranspor,291,17737692,"-22.9043","-43.2965"
667,667-MADUREIRA X MEIER (CIRCULAR),Fetranspor,292,17737692,"-22.9042","-43.2956"
667,667-MADUREIRA X MEIER (CIRCULAR),Fetranspor,293,17737692,"-22.9042","-43.2954"
667,667-MADUREIRA X MEIER (CIRCULAR),Fetranspor,294,17737692,"-22.9042","-43.2954"
667,667-MADUREIRA X MEIER (CIRCULAR),Fetranspor,295,17737692,"-22.9043","-43.2952"
667,667-MADUREIRA X MEIER (CIRCULAR),Fetranspor,296,17737692,"-22.9044","-43.295"
667,667-MADUREIRA X MEIER (CIRCULAR),Fetranspor,297,17737692,"-22.9044","-43.295"
667,667-MADUREIRA X MEIER (CIRCULAR),Fetranspor,298,17737692,"-22.9044","-43.2947"
667,667-MADUREIRA X MEIER (CIRCULAR),Fetranspor,299,17737692,"-22.9044","-43.2947"
667,667-MADUREIRA X MEIER (CIRCULAR),Fetranspor,300,17737692,"-22.9045","-43.2945"
667,667-MADUREIRA X MEIER (CIRCULAR),Fetranspor,301,17737692,"-22.9047","-43.294"
667,667-MADUREIRA X MEIER (CIRCULAR),Fetranspor,302,17737692,"-22.9047","-43.294"
667,667-MADUREIRA X MEIER (CIRCULAR),Fetranspor,303,17737692,"-22.9051","-43.2934"
667,667-MADUREIRA X MEIER (CIRCULAR),Fetranspor,304,17737692,"-22.9051","-43.2934"
667,667-MADUREIRA X MEIER (CIRCULAR),Fetranspor,305,17737692,"-22.9052","-43.2932"
667,667-MADUREIRA X MEIER (CIRCULAR),Fetranspor,306,17737692,"-22.9053","-43.293"
667,667-MADUREIRA X MEIER (CIRCULAR),Fetranspor,307,17737692,"-22.9053","-43.293"
667,667-MADUREIRA X MEIER (CIRCULAR),Fetranspor,308,17737692,"-22.9052","-43.2922"
667,667-MADUREIRA X MEIER (CIRCULAR),Fetranspor,309,17737692,"-22.9052","-43.2922"
667,667-MADUREIRA X MEIER (CIRCULAR),Fetranspor,310,17737692,"-22.9052","-43.2915"
667,667-MADUREIRA X MEIER (CIRCULAR),Fetranspor,311,17737692,"-22.9052","-43.2915"
667,667-MADUREIRA X MEIER (CIRCULAR),Fetranspor,312,17737692,"-22.9051","-43.2907"
667,667-MADUREIRA X MEIER (CIRCULAR),Fetranspor,313,17737692,"-22.9051","-43.2907"
667,667-MADUREIRA X MEIER (CIRCULAR),Fetranspor,314,17737692,"-22.9051","-43.2906"
667,667-MADUREIRA X MEIER (CIRCULAR),Fetranspor,315,17737692,"-22.9051","-43.29"
667,667-MADUREIRA X MEIER (CIRCULAR),Fetranspor,316,17737692,"-22.9051","-43.29"
667,667-MADUREIRA X MEIER (CIRCULAR),Fetranspor,317,17737692,"-22.9051","-43.2898"
667,667-MADUREIRA X MEIER (CIRCULAR),Fetranspor,318,17737692,"-22.9051","-43.2898"
667,667-MADUREIRA X MEIER (CIRCULAR),Fetranspor,319,17737692,"-22.905","-43.2895"
667,667-MADUREIRA X MEIER (CIRCULAR),Fetranspor,320,17737692,"-22.905","-43.2893"
667,667-MADUREIRA X MEIER (CIRCULAR),Fetranspor,321,17737692,"-22.9049","-43.289"
667,667-MADUREIRA X MEIER (CIRCULAR),Fetranspor,322,17737692,"-22.9048","-43.2889"
667,667-MADUREIRA X MEIER (CIRCULAR),Fetranspor,323,17737692,"-22.9048","-43.2889"
667,667-MADUREIRA X MEIER (CIRCULAR),Fetranspor,324,17737692,"-22.9048","-43.2888"
667,667-MADUREIRA X MEIER (CIRCULAR),Fetranspor,325,17737692,"-22.9045","-43.2881"
667,667-MADUREIRA X MEIER (CIRCULAR),Fetranspor,326,17737692,"-22.9045","-43.288"
667,667-MADUREIRA X MEIER (CIRCULAR),Fetranspor,327,17737692,"-22.9045","-43.288"
667,667-MADUREIRA X MEIER (CIRCULAR),Fetranspor,328,17737692,"-22.9045","-43.2879"
667,667-MADUREIRA X MEIER (CIRCULAR),Fetranspor,329,17737692,"-22.9044","-43.2876"
667,667-MADUREIRA X MEIER (CIRCULAR),Fetranspor,330,17737692,"-22.9044","-43.2873"
667,667-MADUREIRA X MEIER (CIRCULAR),Fetranspor,331,17737692,"-22.9044","-43.2873"
667,667-MADUREIRA X MEIER (CIRCULAR),Fetranspor,332,17737692,"-22.9043","-43.2867"
667,667-MADUREIRA X MEIER (CIRCULAR),Fetranspor,333,17737692,"-22.9043","-43.2867"
667,667-MADUREIRA X MEIER (CIRCULAR),Fetranspor,334,17737692,"-22.9043","-43.2867"
667,667-MADUREIRA X MEIER (CIRCULAR),Fetranspor,335,17737692,"-22.9043","-43.2866"
667,667-MADUREIRA X MEIER (CIRCULAR),Fetranspor,336,17737692,"-22.9043","-43.2865"
667,667-MADUREIRA X MEIER (CIRCULAR),Fetranspor,337,17737692,"-22.9043","-43.2865"
667,667-MADUREIRA X MEIER (CIRCULAR),Fetranspor,338,17737692,"-22.9043","-43.286"
667,667-MADUREIRA X MEIER (CIRCULAR),Fetranspor,339,17737692,"-22.9042","-43.2858"
667,667-MADUREIRA X MEIER (CIRCULAR),Fetranspor,340,17737692,"-22.9042","-43.2858"
667,667-MADUREIRA X MEIER (CIRCULAR),Fetranspor,341,17737692,"-22.9042","-43.2856"
667,667-MADUREIRA X MEIER (CIRCULAR),Fetranspor,342,17737692,"-22.9041","-43.2853"
667,667-MADUREIRA X MEIER (CIRCULAR),Fetranspor,343,17737692,"-22.904","-43.2851"
667,667-MADUREIRA X MEIER (CIRCULAR),Fetranspor,344,17737692,"-22.904","-43.2851"
667,667-MADUREIRA X MEIER (CIRCULAR),Fetranspor,345,17737692,"-22.904","-43.2851"
667,667-MADUREIRA X MEIER (CIRCULAR),Fetranspor,346,17737692,"-22.904","-43.285"
667,667-MADUREIRA X MEIER (CIRCULAR),Fetranspor,347,17737692,"-22.9037","-43.2845"
667,667-MADUREIRA X MEIER (CIRCULAR),Fetranspor,348,17737692,"-22.9037","-43.2844"
667,667-MADUREIRA X MEIER (CIRCULAR),Fetranspor,349,17737692,"-22.9037","-43.2844"
667,667-MADUREIRA X MEIER (CIRCULAR),Fetranspor,350,17737692,"-22.9034","-43.2832"
667,667-MADUREIRA X MEIER (CIRCULAR),Fetranspor,351,17737692,"-22.9033","-43.2831"
667,667-MADUREIRA X MEIER (CIRCULAR),Fetranspor,352,17737692,"-22.9033","-43.2831"
667,667-MADUREIRA X MEIER (CIRCULAR),Fetranspor,353,17737692,"-22.9031","-43.2826"
667,667-MADUREIRA X MEIER (CIRCULAR),Fetranspor,354,17737692,"-22.9028","-43.2819"
667,667-MADUREIRA X MEIER (CIRCULAR),Fetranspor,355,17737692,"-22.9028","-43.2819"
667,667-MADUREIRA X MEIER (CIRCULAR),Fetranspor,356,17737692,"-22.9028","-43.2819"
667,667-MADUREIRA X MEIER (CIRCULAR),Fetranspor,357,17737692,"-22.9027","-43.2817"
667,667-MADUREIRA X MEIER (CIRCULAR),Fetranspor,358,17737692,"-22.9021","-43.2806"
667,667-MADUREIRA X MEIER (CIRCULAR),Fetranspor,359,17737692,"-22.9021","-43.2804"
667,667-MADUREIRA X MEIER (CIRCULAR),Fetranspor,360,17737692,"-22.9021","-43.2804"
667,667-MADUREIRA X MEIER (CIRCULAR),Fetranspor,361,17737692,"-22.9021","-43.2803"
667,667-MADUREIRA X MEIER (CIRCULAR),Fetranspor,362,17737692,"-22.9021","-43.2803"
667,667-MADUREIRA X MEIER (CIRCULAR),Fetranspor,363,17737692,"-22.9024","-43.2802"
667,667-MADUREIRA X MEIER (CIRCULAR),Fetranspor,364,17737692,"-22.9024","-43.2802"
667,667-MADUREIRA X MEIER (CIRCULAR),Fetranspor,365,17737692,"-22.9029","-43.2797"
667,667-MADUREIRA X MEIER (CIRCULAR),Fetranspor,366,17737692,"-22.9029","-43.2797"
667,667-MADUREIRA X MEIER (CIRCULAR),Fetranspor,367,17737692,"-22.9034","-43.2791"
667,667-MADUREIRA X MEIER (CIRCULAR),Fetranspor,368,17737692,"-22.9034","-43.2791"
667,667-MADUREIRA X MEIER (CIRCULAR),Fetranspor,369,17737692,"-22.9023","-43.2777"
667,667-MADUREIRA X MEIER (CIRCULAR),Fetranspor,370,17737692,"-22.9023","-43.2777"
667,667-MADUREIRA X MEIER (CIRCULAR),Fetranspor,371,17737692,"-22.9021","-43.2778"
667,667-MADUREIRA X MEIER (CIRCULAR),Fetranspor,372,17737692,"-22.9021","-43.2778"
667,667-MADUREIRA X MEIER (CIRCULAR),Fetranspor,373,17737692,"-22.902","-43.278"
667,667-MADUREIRA X MEIER (CIRCULAR),Fetranspor,374,17737692,"-22.9012","-43.2788"
667,667-MADUREIRA X MEIER (CIRCULAR),Fetranspor,375,17737692,"-22.901","-43.2789"
667,667-MADUREIRA X MEIER (CIRCULAR),Fetranspor,376,17737692,"-22.901","-43.2789"
667,667-MADUREIRA X MEIER (CIRCULAR),Fetranspor,377,17737692,"-22.9006","-43.2794"
667,667-MADUREIRA X MEIER (CIRCULAR),Fetranspor,378,17737692,"-22.9006","-43.2794"
667,667-MADUREIRA X MEIER (CIRCULAR),Fetranspor,379,17737692,"-22.9004","-43.2795"
667,667-MADUREIRA X MEIER (CIRCULAR),Fetranspor,380,17737692,"-22.9003","-43.2797"
667,667-MADUREIRA X MEIER (CIRCULAR),Fetranspor,381,17737692,"-22.9003","-43.2797"
667,667-MADUREIRA X MEIER (CIRCULAR),Fetranspor,382,17737692,"-22.9003","-43.2797"
667,667-MADUREIRA X MEIER (CIRCULAR),Fetranspor,383,17737692,"-22.8995","-43.2805"
667,667-MADUREIRA X MEIER (CIRCULAR),Fetranspor,384,17737692,"-22.8992","-43.2809"
