linha,descricao,agencia,sequencia,shape_id,latitude,longitude
678,678-MEIER X VALQUEIRE,Fetranspor,0,17399632,"-22.8828","-43.3671"
678,678-MEIER X VALQUEIRE,Fetranspor,1,17399632,"-22.8829","-43.3683"
678,678-MEIER X VALQUEIRE,Fetranspor,2,17399632,"-22.8829","-43.3685"
678,678-MEIER X VALQUEIRE,Fetranspor,3,17399632,"-22.883","-43.3686"
678,678-MEIER X VALQUEIRE,Fetranspor,4,17399632,"-22.883","-43.3686"
678,678-MEIER X VALQUEIRE,Fetranspor,5,17399632,"-22.8828","-43.3688"
678,678-MEIER X VALQUEIRE,Fetranspor,6,17399632,"-22.8828","-43.3688"
678,678-MEIER X VALQUEIRE,Fetranspor,7,17399632,"-22.8826","-43.369"
678,678-MEIER X VALQUEIRE,Fetranspor,8,17399632,"-22.8826","-43.369"
678,678-MEIER X VALQUEIRE,Fetranspor,9,17399632,"-22.8823","-43.3693"
678,678-MEIER X VALQUEIRE,Fetranspor,10,17399632,"-22.8823","-43.3693"
678,678-MEIER X VALQUEIRE,Fetranspor,11,17399632,"-22.882","-43.3696"
678,678-MEIER X VALQUEIRE,Fetranspor,12,17399632,"-22.882","-43.3696"
678,678-MEIER X VALQUEIRE,Fetranspor,13,17399632,"-22.882","-43.3696"
678,678-MEIER X VALQUEIRE,Fetranspor,14,17399632,"-22.8817","-43.3699"
678,678-MEIER X VALQUEIRE,Fetranspor,15,17399632,"-22.8817","-43.3699"
678,678-MEIER X VALQUEIRE,Fetranspor,16,17399632,"-22.8817","-43.3699"
678,678-MEIER X VALQUEIRE,Fetranspor,17,17399632,"-22.8812","-43.3705"
678,678-MEIER X VALQUEIRE,Fetranspor,18,17399632,"-22.8812","-43.3705"
678,678-MEIER X VALQUEIRE,Fetranspor,19,17399632,"-22.8812","-43.3705"
678,678-MEIER X VALQUEIRE,Fetranspor,20,17399632,"-22.8811","-43.3704"
678,678-MEIER X VALQUEIRE,Fetranspor,21,17399632,"-22.8811","-43.3704"
678,678-MEIER X VALQUEIRE,Fetranspor,22,17399632,"-22.8807","-43.3703"
678,678-MEIER X VALQUEIRE,Fetranspor,23,17399632,"-22.8807","-43.3703"
678,678-MEIER X VALQUEIRE,Fetranspor,24,17399632,"-22.88","-43.3701"
678,678-MEIER X VALQUEIRE,Fetranspor,25,17399632,"-22.88","-43.3701"
678,678-MEIER X VALQUEIRE,Fetranspor,26,17399632,"-22.8794","-43.37"
678,678-MEIER X VALQUEIRE,Fetranspor,27,17399632,"-22.8794","-43.37"
678,678-MEIER X VALQUEIRE,Fetranspor,28,17399632,"-22.8791","-43.3699"
678,678-MEIER X VALQUEIRE,Fetranspor,29,17399632,"-22.8789","-43.3699"
678,678-MEIER X VALQUEIRE,Fetranspor,30,17399632,"-22.8787","-43.3698"
678,678-MEIER X VALQUEIRE,Fetranspor,31,17399632,"-22.8787","-43.3698"
678,678-MEIER X VALQUEIRE,Fetranspor,32,17399632,"-22.8779","-43.3696"
678,678-MEIER X VALQUEIRE,Fetranspor,33,17399632,"-22.8779","-43.3696"
678,678-MEIER X VALQUEIRE,Fetranspor,34,17399632,"-22.8776","-43.3695"
678,678-MEIER X VALQUEIRE,Fetranspor,35,17399632,"-22.8775","-43.3695"
678,678-MEIER X VALQUEIRE,Fetranspor,36,17399632,"-22.8774","-43.3694"
678,678-MEIER X VALQUEIRE,Fetranspor,37,17399632,"-22.8774","-43.3693"
678,678-MEIER X VALQUEIRE,Fetranspor,38,17399632,"-22.8773","-43.3692"
678,678-MEIER X VALQUEIRE,Fetranspor,39,17399632,"-22.8773","-43.3692"
678,678-MEIER X VALQUEIRE,Fetranspor,40,17399632,"-22.8772","-43.3692"
678,678-MEIER X VALQUEIRE,Fetranspor,41,17399632,"-22.8772","-43.3692"
678,678-MEIER X VALQUEIRE,Fetranspor,42,17399632,"-22.8771","-43.3689"
678,678-MEIER X VALQUEIRE,Fetranspor,43,17399632,"-22.8771","-43.3688"
678,678-MEIER X VALQUEIRE,Fetranspor,44,17399632,"-22.8771","-43.3686"
678,678-MEIER X VALQUEIRE,Fetranspor,45,17399632,"-22.8771","-43.3685"
678,678-MEIER X VALQUEIRE,Fetranspor,46,17399632,"-22.8772","-43.3671"
678,678-MEIER X VALQUEIRE,Fetranspor,47,17399632,"-22.8772","-43.367"
678,678-MEIER X VALQUEIRE,Fetranspor,48,17399632,"-22.8773","-43.3664"
678,678-MEIER X VALQUEIRE,Fetranspor,49,17399632,"-22.8773","-43.3664"
678,678-MEIER X VALQUEIRE,Fetranspor,50,17399632,"-22.8773","-43.3662"
678,678-MEIER X VALQUEIRE,Fetranspor,51,17399632,"-22.8773","-43.3662"
678,678-MEIER X VALQUEIRE,Fetranspor,52,17399632,"-22.8774","-43.3654"
678,678-MEIER X VALQUEIRE,Fetranspor,53,17399632,"-22.8776","-43.3638"
678,678-MEIER X VALQUEIRE,Fetranspor,54,17399632,"-22.8776","-43.3636"
678,678-MEIER X VALQUEIRE,Fetranspor,55,17399632,"-22.8776","-43.3636"
678,678-MEIER X VALQUEIRE,Fetranspor,56,17399632,"-22.8777","-43.3629"
678,678-MEIER X VALQUEIRE,Fetranspor,57,17399632,"-22.8777","-43.3629"
678,678-MEIER X VALQUEIRE,Fetranspor,58,17399632,"-22.8779","-43.3616"
678,678-MEIER X VALQUEIRE,Fetranspor,59,17399632,"-22.8779","-43.3612"
678,678-MEIER X VALQUEIRE,Fetranspor,60,17399632,"-22.8779","-43.3612"
678,678-MEIER X VALQUEIRE,Fetranspor,61,17399632,"-22.878","-43.3607"
678,678-MEIER X VALQUEIRE,Fetranspor,62,17399632,"-22.878","-43.3603"
678,678-MEIER X VALQUEIRE,Fetranspor,63,17399632,"-22.878","-43.3603"
678,678-MEIER X VALQUEIRE,Fetranspor,64,17399632,"-22.8783","-43.3591"
678,678-MEIER X VALQUEIRE,Fetranspor,65,17399632,"-22.8783","-43.3591"
678,678-MEIER X VALQUEIRE,Fetranspor,66,17399632,"-22.8783","-43.3589"
678,678-MEIER X VALQUEIRE,Fetranspor,67,17399632,"-22.8786","-43.358"
678,678-MEIER X VALQUEIRE,Fetranspor,68,17399632,"-22.8786","-43.358"
678,678-MEIER X VALQUEIRE,Fetranspor,69,17399632,"-22.8811","-43.3589"
678,678-MEIER X VALQUEIRE,Fetranspor,70,17399632,"-22.8814","-43.359"
678,678-MEIER X VALQUEIRE,Fetranspor,71,17399632,"-22.8817","-43.3591"
678,678-MEIER X VALQUEIRE,Fetranspor,72,17399632,"-22.8817","-43.3591"
678,678-MEIER X VALQUEIRE,Fetranspor,73,17399632,"-22.8817","-43.359"
678,678-MEIER X VALQUEIRE,Fetranspor,74,17399632,"-22.8818","-43.3589"
678,678-MEIER X VALQUEIRE,Fetranspor,75,17399632,"-22.8827","-43.3582"
678,678-MEIER X VALQUEIRE,Fetranspor,76,17399632,"-22.8832","-43.3577"
678,678-MEIER X VALQUEIRE,Fetranspor,77,17399632,"-22.8832","-43.3577"
678,678-MEIER X VALQUEIRE,Fetranspor,78,17399632,"-22.8845","-43.3567"
678,678-MEIER X VALQUEIRE,Fetranspor,79,17399632,"-22.8845","-43.3567"
678,678-MEIER X VALQUEIRE,Fetranspor,80,17399632,"-22.8847","-43.3564"
678,678-MEIER X VALQUEIRE,Fetranspor,81,17399632,"-22.8848","-43.3563"
678,678-MEIER X VALQUEIRE,Fetranspor,82,17399632,"-22.8849","-43.3562"
678,678-MEIER X VALQUEIRE,Fetranspor,83,17399632,"-22.8849","-43.3558"
678,678-MEIER X VALQUEIRE,Fetranspor,84,17399632,"-22.885","-43.3557"
678,678-MEIER X VALQUEIRE,Fetranspor,85,17399632,"-22.885","-43.3556"
678,678-MEIER X VALQUEIRE,Fetranspor,86,17399632,"-22.8851","-43.3555"
678,678-MEIER X VALQUEIRE,Fetranspor,87,17399632,"-22.8851","-43.3555"
678,678-MEIER X VALQUEIRE,Fetranspor,88,17399632,"-22.8851","-43.3554"
678,678-MEIER X VALQUEIRE,Fetranspor,89,17399632,"-22.8851","-43.3554"
678,678-MEIER X VALQUEIRE,Fetranspor,90,17399632,"-22.8852","-43.3553"
678,678-MEIER X VALQUEIRE,Fetranspor,91,17399632,"-22.8854","-43.3552"
678,678-MEIER X VALQUEIRE,Fetranspor,92,17399632,"-22.8857","-43.3551"
678,678-MEIER X VALQUEIRE,Fetranspor,93,17399632,"-22.8857","-43.3551"
678,678-MEIER X VALQUEIRE,Fetranspor,94,17399632,"-22.8859","-43.355"
678,678-MEIER X VALQUEIRE,Fetranspor,95,17399632,"-22.8859","-43.355"
678,678-MEIER X VALQUEIRE,Fetranspor,96,17399632,"-22.886","-43.355"
678,678-MEIER X VALQUEIRE,Fetranspor,97,17399632,"-22.8861","-43.355"
678,678-MEIER X VALQUEIRE,Fetranspor,98,17399632,"-22.8862","-43.355"
678,678-MEIER X VALQUEIRE,Fetranspor,99,17399632,"-22.8864","-43.3551"
678,678-MEIER X VALQUEIRE,Fetranspor,100,17399632,"-22.8864","-43.3551"
678,678-MEIER X VALQUEIRE,Fetranspor,101,17399632,"-22.8867","-43.3552"
678,678-MEIER X VALQUEIRE,Fetranspor,102,17399632,"-22.8867","-43.3552"
678,678-MEIER X VALQUEIRE,Fetranspor,103,17399632,"-22.8867","-43.3552"
678,678-MEIER X VALQUEIRE,Fetranspor,104,17399632,"-22.887","-43.3553"
678,678-MEIER X VALQUEIRE,Fetranspor,105,17399632,"-22.887","-43.3553"
678,678-MEIER X VALQUEIRE,Fetranspor,106,17399632,"-22.887","-43.3553"
678,678-MEIER X VALQUEIRE,Fetranspor,107,17399632,"-22.8882","-43.3561"
678,678-MEIER X VALQUEIRE,Fetranspor,108,17399632,"-22.8882","-43.3561"
678,678-MEIER X VALQUEIRE,Fetranspor,109,17399632,"-22.8884","-43.3563"
678,678-MEIER X VALQUEIRE,Fetranspor,110,17399632,"-22.8887","-43.3565"
678,678-MEIER X VALQUEIRE,Fetranspor,111,17399632,"-22.8893","-43.3568"
678,678-MEIER X VALQUEIRE,Fetranspor,112,17399632,"-22.8893","-43.3568"
678,678-MEIER X VALQUEIRE,Fetranspor,113,17399632,"-22.8893","-43.3568"
678,678-MEIER X VALQUEIRE,Fetranspor,114,17399632,"-22.8893","-43.3568"
678,678-MEIER X VALQUEIRE,Fetranspor,115,17399632,"-22.8906","-43.3576"
678,678-MEIER X VALQUEIRE,Fetranspor,116,17399632,"-22.8906","-43.3576"
678,678-MEIER X VALQUEIRE,Fetranspor,117,17399632,"-22.8912","-43.3579"
678,678-MEIER X VALQUEIRE,Fetranspor,118,17399632,"-22.8914","-43.3581"
678,678-MEIER X VALQUEIRE,Fetranspor,119,17399632,"-22.8914","-43.3581"
678,678-MEIER X VALQUEIRE,Fetranspor,120,17399632,"-22.8916","-43.358"
678,678-MEIER X VALQUEIRE,Fetranspor,121,17399632,"-22.8916","-43.358"
678,678-MEIER X VALQUEIRE,Fetranspor,122,17399632,"-22.8916","-43.3579"
678,678-MEIER X VALQUEIRE,Fetranspor,123,17399632,"-22.8919","-43.3577"
678,678-MEIER X VALQUEIRE,Fetranspor,124,17399632,"-22.8921","-43.3575"
678,678-MEIER X VALQUEIRE,Fetranspor,125,17399632,"-22.8931","-43.3563"
678,678-MEIER X VALQUEIRE,Fetranspor,126,17399632,"-22.8934","-43.356"
678,678-MEIER X VALQUEIRE,Fetranspor,127,17399632,"-22.8934","-43.356"
678,678-MEIER X VALQUEIRE,Fetranspor,128,17399632,"-22.8939","-43.3557"
678,678-MEIER X VALQUEIRE,Fetranspor,129,17399632,"-22.894","-43.3556"
678,678-MEIER X VALQUEIRE,Fetranspor,130,17399632,"-22.894","-43.3556"
678,678-MEIER X VALQUEIRE,Fetranspor,131,17399632,"-22.8941","-43.3556"
678,678-MEIER X VALQUEIRE,Fetranspor,132,17399632,"-22.8942","-43.3554"
678,678-MEIER X VALQUEIRE,Fetranspor,133,17399632,"-22.8946","-43.3549"
678,678-MEIER X VALQUEIRE,Fetranspor,134,17399632,"-22.8946","-43.3549"
678,678-MEIER X VALQUEIRE,Fetranspor,135,17399632,"-22.8954","-43.3537"
678,678-MEIER X VALQUEIRE,Fetranspor,136,17399632,"-22.8954","-43.3537"
678,678-MEIER X VALQUEIRE,Fetranspor,137,17399632,"-22.8966","-43.3521"
678,678-MEIER X VALQUEIRE,Fetranspor,138,17399632,"-22.8966","-43.3521"
678,678-MEIER X VALQUEIRE,Fetranspor,139,17399632,"-22.8973","-43.3527"
678,678-MEIER X VALQUEIRE,Fetranspor,140,17399632,"-22.898","-43.3533"
678,678-MEIER X VALQUEIRE,Fetranspor,141,17399632,"-22.898","-43.3533"
678,678-MEIER X VALQUEIRE,Fetranspor,142,17399632,"-22.8983","-43.3528"
678,678-MEIER X VALQUEIRE,Fetranspor,143,17399632,"-22.8983","-43.3528"
678,678-MEIER X VALQUEIRE,Fetranspor,144,17399632,"-22.8984","-43.3527"
678,678-MEIER X VALQUEIRE,Fetranspor,145,17399632,"-22.8984","-43.3527"
678,678-MEIER X VALQUEIRE,Fetranspor,146,17399632,"-22.8986","-43.3524"
678,678-MEIER X VALQUEIRE,Fetranspor,147,17399632,"-22.8986","-43.3524"
678,678-MEIER X VALQUEIRE,Fetranspor,148,17399632,"-22.8973","-43.3512"
678,678-MEIER X VALQUEIRE,Fetranspor,149,17399632,"-22.8973","-43.3512"
678,678-MEIER X VALQUEIRE,Fetranspor,150,17399632,"-22.898","-43.3503"
678,678-MEIER X VALQUEIRE,Fetranspor,151,17399632,"-22.8984","-43.3497"
678,678-MEIER X VALQUEIRE,Fetranspor,152,17399632,"-22.8984","-43.3497"
678,678-MEIER X VALQUEIRE,Fetranspor,153,17399632,"-22.8979","-43.3493"
678,678-MEIER X VALQUEIRE,Fetranspor,154,17399632,"-22.8979","-43.3493"
678,678-MEIER X VALQUEIRE,Fetranspor,155,17399632,"-22.8976","-43.3491"
678,678-MEIER X VALQUEIRE,Fetranspor,156,17399632,"-22.8976","-43.3491"
678,678-MEIER X VALQUEIRE,Fetranspor,157,17399632,"-22.8974","-43.3489"
678,678-MEIER X VALQUEIRE,Fetranspor,158,17399632,"-22.8974","-43.3489"
678,678-MEIER X VALQUEIRE,Fetranspor,159,17399632,"-22.8973","-43.3488"
678,678-MEIER X VALQUEIRE,Fetranspor,160,17399632,"-22.8973","-43.3488"
678,678-MEIER X VALQUEIRE,Fetranspor,161,17399632,"-22.8972","-43.3487"
678,678-MEIER X VALQUEIRE,Fetranspor,162,17399632,"-22.8972","-43.3487"
678,678-MEIER X VALQUEIRE,Fetranspor,163,17399632,"-22.8964","-43.348"
678,678-MEIER X VALQUEIRE,Fetranspor,164,17399632,"-22.8964","-43.348"
678,678-MEIER X VALQUEIRE,Fetranspor,165,17399632,"-22.8961","-43.3479"
678,678-MEIER X VALQUEIRE,Fetranspor,166,17399632,"-22.8958","-43.3477"
678,678-MEIER X VALQUEIRE,Fetranspor,167,17399632,"-22.8956","-43.3476"
678,678-MEIER X VALQUEIRE,Fetranspor,168,17399632,"-22.8956","-43.3476"
678,678-MEIER X VALQUEIRE,Fetranspor,169,17399632,"-22.8954","-43.3475"
678,678-MEIER X VALQUEIRE,Fetranspor,170,17399632,"-22.8951","-43.3474"
678,678-MEIER X VALQUEIRE,Fetranspor,171,17399632,"-22.8951","-43.3474"
678,678-MEIER X VALQUEIRE,Fetranspor,172,17399632,"-22.8949","-43.3473"
678,678-MEIER X VALQUEIRE,Fetranspor,173,17399632,"-22.8949","-43.3473"
678,678-MEIER X VALQUEIRE,Fetranspor,174,17399632,"-22.8943","-43.3472"
678,678-MEIER X VALQUEIRE,Fetranspor,175,17399632,"-22.8943","-43.3472"
678,678-MEIER X VALQUEIRE,Fetranspor,176,17399632,"-22.8933","-43.3468"
678,678-MEIER X VALQUEIRE,Fetranspor,177,17399632,"-22.8932","-43.3468"
678,678-MEIER X VALQUEIRE,Fetranspor,178,17399632,"-22.893","-43.3468"
678,678-MEIER X VALQUEIRE,Fetranspor,179,17399632,"-22.893","-43.3468"
678,678-MEIER X VALQUEIRE,Fetranspor,180,17399632,"-22.8929","-43.3471"
678,678-MEIER X VALQUEIRE,Fetranspor,181,17399632,"-22.8929","-43.3471"
678,678-MEIER X VALQUEIRE,Fetranspor,182,17399632,"-22.8919","-43.3466"
678,678-MEIER X VALQUEIRE,Fetranspor,183,17399632,"-22.8919","-43.3466"
678,678-MEIER X VALQUEIRE,Fetranspor,184,17399632,"-22.8907","-43.3458"
678,678-MEIER X VALQUEIRE,Fetranspor,185,17399632,"-22.8907","-43.3458"
678,678-MEIER X VALQUEIRE,Fetranspor,186,17399632,"-22.8902","-43.3455"
678,678-MEIER X VALQUEIRE,Fetranspor,187,17399632,"-22.8894","-43.3451"
678,678-MEIER X VALQUEIRE,Fetranspor,188,17399632,"-22.8894","-43.3451"
678,678-MEIER X VALQUEIRE,Fetranspor,189,17399632,"-22.8882","-43.3443"
678,678-MEIER X VALQUEIRE,Fetranspor,190,17399632,"-22.8877","-43.3441"
678,678-MEIER X VALQUEIRE,Fetranspor,191,17399632,"-22.8877","-43.3441"
678,678-MEIER X VALQUEIRE,Fetranspor,192,17399632,"-22.8876","-43.344"
678,678-MEIER X VALQUEIRE,Fetranspor,193,17399632,"-22.8871","-43.3435"
678,678-MEIER X VALQUEIRE,Fetranspor,194,17399632,"-22.8863","-43.3427"
678,678-MEIER X VALQUEIRE,Fetranspor,195,17399632,"-22.8863","-43.3427"
678,678-MEIER X VALQUEIRE,Fetranspor,196,17399632,"-22.8859","-43.3423"
678,678-MEIER X VALQUEIRE,Fetranspor,197,17399632,"-22.8856","-43.3421"
678,678-MEIER X VALQUEIRE,Fetranspor,198,17399632,"-22.8854","-43.3419"
678,678-MEIER X VALQUEIRE,Fetranspor,199,17399632,"-22.8854","-43.3419"
678,678-MEIER X VALQUEIRE,Fetranspor,200,17399632,"-22.8853","-43.3418"
678,678-MEIER X VALQUEIRE,Fetranspor,201,17399632,"-22.8851","-43.3418"
678,678-MEIER X VALQUEIRE,Fetranspor,202,17399632,"-22.8846","-43.3416"
678,678-MEIER X VALQUEIRE,Fetranspor,203,17399632,"-22.8846","-43.3416"
678,678-MEIER X VALQUEIRE,Fetranspor,204,17399632,"-22.8841","-43.3425"
678,678-MEIER X VALQUEIRE,Fetranspor,205,17399632,"-22.8841","-43.3425"
678,678-MEIER X VALQUEIRE,Fetranspor,206,17399632,"-22.8838","-43.3424"
678,678-MEIER X VALQUEIRE,Fetranspor,207,17399632,"-22.8836","-43.3423"
678,678-MEIER X VALQUEIRE,Fetranspor,208,17399632,"-22.8833","-43.3422"
678,678-MEIER X VALQUEIRE,Fetranspor,209,17399632,"-22.8832","-43.3421"
678,678-MEIER X VALQUEIRE,Fetranspor,210,17399632,"-22.8831","-43.342"
678,678-MEIER X VALQUEIRE,Fetranspor,211,17399632,"-22.883","-43.3419"
678,678-MEIER X VALQUEIRE,Fetranspor,212,17399632,"-22.883","-43.3418"
678,678-MEIER X VALQUEIRE,Fetranspor,213,17399632,"-22.8829","-43.3417"
678,678-MEIER X VALQUEIRE,Fetranspor,214,17399632,"-22.8829","-43.3414"
678,678-MEIER X VALQUEIRE,Fetranspor,215,17399632,"-22.8829","-43.3414"
678,678-MEIER X VALQUEIRE,Fetranspor,216,17399632,"-22.8827","-43.3396"
678,678-MEIER X VALQUEIRE,Fetranspor,217,17399632,"-22.8827","-43.3396"
678,678-MEIER X VALQUEIRE,Fetranspor,218,17399632,"-22.8825","-43.3383"
678,678-MEIER X VALQUEIRE,Fetranspor,219,17399632,"-22.8824","-43.3377"
678,678-MEIER X VALQUEIRE,Fetranspor,220,17399632,"-22.8824","-43.3376"
678,678-MEIER X VALQUEIRE,Fetranspor,221,17399632,"-22.8824","-43.3376"
678,678-MEIER X VALQUEIRE,Fetranspor,222,17399632,"-22.8824","-43.3369"
678,678-MEIER X VALQUEIRE,Fetranspor,223,17399632,"-22.8824","-43.3369"
678,678-MEIER X VALQUEIRE,Fetranspor,224,17399632,"-22.8824","-43.3367"
678,678-MEIER X VALQUEIRE,Fetranspor,225,17399632,"-22.8824","-43.3367"
678,678-MEIER X VALQUEIRE,Fetranspor,226,17399632,"-22.8824","-43.3364"
678,678-MEIER X VALQUEIRE,Fetranspor,227,17399632,"-22.8824","-43.3364"
678,678-MEIER X VALQUEIRE,Fetranspor,228,17399632,"-22.8824","-43.3363"
678,678-MEIER X VALQUEIRE,Fetranspor,229,17399632,"-22.8824","-43.3363"
678,678-MEIER X VALQUEIRE,Fetranspor,230,17399632,"-22.8824","-43.3355"
678,678-MEIER X VALQUEIRE,Fetranspor,231,17399632,"-22.8824","-43.3355"
678,678-MEIER X VALQUEIRE,Fetranspor,232,17399632,"-22.8824","-43.3348"
678,678-MEIER X VALQUEIRE,Fetranspor,233,17399632,"-22.8823","-43.3346"
678,678-MEIER X VALQUEIRE,Fetranspor,234,17399632,"-22.8823","-43.3346"
678,678-MEIER X VALQUEIRE,Fetranspor,235,17399632,"-22.8822","-43.3337"
678,678-MEIER X VALQUEIRE,Fetranspor,236,17399632,"-22.8822","-43.3337"
678,678-MEIER X VALQUEIRE,Fetranspor,237,17399632,"-22.882","-43.3323"
678,678-MEIER X VALQUEIRE,Fetranspor,238,17399632,"-22.882","-43.3321"
678,678-MEIER X VALQUEIRE,Fetranspor,239,17399632,"-22.882","-43.3321"
678,678-MEIER X VALQUEIRE,Fetranspor,240,17399632,"-22.882","-43.332"
678,678-MEIER X VALQUEIRE,Fetranspor,241,17399632,"-22.882","-43.3309"
678,678-MEIER X VALQUEIRE,Fetranspor,242,17399632,"-22.882","-43.3309"
678,678-MEIER X VALQUEIRE,Fetranspor,243,17399632,"-22.882","-43.3308"
678,678-MEIER X VALQUEIRE,Fetranspor,244,17399632,"-22.882","-43.3308"
678,678-MEIER X VALQUEIRE,Fetranspor,245,17399632,"-22.882","-43.3305"
678,678-MEIER X VALQUEIRE,Fetranspor,246,17399632,"-22.8821","-43.3301"
678,678-MEIER X VALQUEIRE,Fetranspor,247,17399632,"-22.8821","-43.3301"
678,678-MEIER X VALQUEIRE,Fetranspor,248,17399632,"-22.8821","-43.3299"
678,678-MEIER X VALQUEIRE,Fetranspor,249,17399632,"-22.8822","-43.329"
678,678-MEIER X VALQUEIRE,Fetranspor,250,17399632,"-22.8822","-43.3289"
678,678-MEIER X VALQUEIRE,Fetranspor,251,17399632,"-22.8822","-43.3284"
678,678-MEIER X VALQUEIRE,Fetranspor,252,17399632,"-22.8822","-43.3279"
678,678-MEIER X VALQUEIRE,Fetranspor,253,17399632,"-22.8822","-43.3274"
678,678-MEIER X VALQUEIRE,Fetranspor,254,17399632,"-22.8821","-43.3265"
678,678-MEIER X VALQUEIRE,Fetranspor,255,17399632,"-22.8821","-43.3265"
678,678-MEIER X VALQUEIRE,Fetranspor,256,17399632,"-22.882","-43.3261"
678,678-MEIER X VALQUEIRE,Fetranspor,257,17399632,"-22.882","-43.3261"
678,678-MEIER X VALQUEIRE,Fetranspor,258,17399632,"-22.882","-43.3258"
678,678-MEIER X VALQUEIRE,Fetranspor,259,17399632,"-22.882","-43.3252"
678,678-MEIER X VALQUEIRE,Fetranspor,260,17399632,"-22.8821","-43.3251"
678,678-MEIER X VALQUEIRE,Fetranspor,261,17399632,"-22.8821","-43.3251"
678,678-MEIER X VALQUEIRE,Fetranspor,262,17399632,"-22.882","-43.3249"
678,678-MEIER X VALQUEIRE,Fetranspor,263,17399632,"-22.882","-43.3249"
678,678-MEIER X VALQUEIRE,Fetranspor,264,17399632,"-22.8819","-43.3248"
678,678-MEIER X VALQUEIRE,Fetranspor,265,17399632,"-22.8819","-43.3248"
678,678-MEIER X VALQUEIRE,Fetranspor,266,17399632,"-22.8816","-43.3245"
678,678-MEIER X VALQUEIRE,Fetranspor,267,17399632,"-22.8816","-43.3245"
678,678-MEIER X VALQUEIRE,Fetranspor,268,17399632,"-22.8812","-43.324"
678,678-MEIER X VALQUEIRE,Fetranspor,269,17399632,"-22.8812","-43.324"
678,678-MEIER X VALQUEIRE,Fetranspor,270,17399632,"-22.8807","-43.3234"
678,678-MEIER X VALQUEIRE,Fetranspor,271,17399632,"-22.8807","-43.3234"
678,678-MEIER X VALQUEIRE,Fetranspor,272,17399632,"-22.88","-43.3226"
678,678-MEIER X VALQUEIRE,Fetranspor,273,17399632,"-22.88","-43.3226"
678,678-MEIER X VALQUEIRE,Fetranspor,274,17399632,"-22.8797","-43.3223"
678,678-MEIER X VALQUEIRE,Fetranspor,275,17399632,"-22.8797","-43.3223"
678,678-MEIER X VALQUEIRE,Fetranspor,276,17399632,"-22.8791","-43.3215"
678,678-MEIER X VALQUEIRE,Fetranspor,277,17399632,"-22.8791","-43.3215"
678,678-MEIER X VALQUEIRE,Fetranspor,278,17399632,"-22.878","-43.3202"
678,678-MEIER X VALQUEIRE,Fetranspor,279,17399632,"-22.878","-43.3202"
678,678-MEIER X VALQUEIRE,Fetranspor,280,17399632,"-22.8772","-43.3193"
678,678-MEIER X VALQUEIRE,Fetranspor,281,17399632,"-22.8769","-43.319"
678,678-MEIER X VALQUEIRE,Fetranspor,282,17399632,"-22.8769","-43.319"
678,678-MEIER X VALQUEIRE,Fetranspor,283,17399632,"-22.8777","-43.3182"
678,678-MEIER X VALQUEIRE,Fetranspor,284,17399632,"-22.8777","-43.3182"
678,678-MEIER X VALQUEIRE,Fetranspor,285,17399632,"-22.8783","-43.3176"
678,678-MEIER X VALQUEIRE,Fetranspor,286,17399632,"-22.8783","-43.3176"
678,678-MEIER X VALQUEIRE,Fetranspor,287,17399632,"-22.8791","-43.3169"
678,678-MEIER X VALQUEIRE,Fetranspor,288,17399632,"-22.8791","-43.3169"
678,678-MEIER X VALQUEIRE,Fetranspor,289,17399632,"-22.8798","-43.3161"
678,678-MEIER X VALQUEIRE,Fetranspor,290,17399632,"-22.8798","-43.3161"
678,678-MEIER X VALQUEIRE,Fetranspor,291,17399632,"-22.8792","-43.3154"
678,678-MEIER X VALQUEIRE,Fetranspor,292,17399632,"-22.8789","-43.315"
678,678-MEIER X VALQUEIRE,Fetranspor,293,17399632,"-22.8788","-43.3149"
678,678-MEIER X VALQUEIRE,Fetranspor,294,17399632,"-22.8788","-43.3149"
678,678-MEIER X VALQUEIRE,Fetranspor,295,17399632,"-22.8794","-43.3143"
678,678-MEIER X VALQUEIRE,Fetranspor,296,17399632,"-22.8794","-43.3143"
678,678-MEIER X VALQUEIRE,Fetranspor,297,17399632,"-22.8801","-43.3136"
678,678-MEIER X VALQUEIRE,Fetranspor,298,17399632,"-22.8801","-43.3136"
678,678-MEIER X VALQUEIRE,Fetranspor,299,17399632,"-22.8807","-43.313"
678,678-MEIER X VALQUEIRE,Fetranspor,300,17399632,"-22.8807","-43.313"
678,678-MEIER X VALQUEIRE,Fetranspor,301,17399632,"-22.8801","-43.3121"
678,678-MEIER X VALQUEIRE,Fetranspor,302,17399632,"-22.8801","-43.3121"
678,678-MEIER X VALQUEIRE,Fetranspor,303,17399632,"-22.88","-43.312"
678,678-MEIER X VALQUEIRE,Fetranspor,304,17399632,"-22.88","-43.312"
678,678-MEIER X VALQUEIRE,Fetranspor,305,17399632,"-22.8795","-43.3114"
678,678-MEIER X VALQUEIRE,Fetranspor,306,17399632,"-22.8788","-43.3106"
678,678-MEIER X VALQUEIRE,Fetranspor,307,17399632,"-22.8788","-43.3106"
678,678-MEIER X VALQUEIRE,Fetranspor,308,17399632,"-22.878","-43.3095"
678,678-MEIER X VALQUEIRE,Fetranspor,309,17399632,"-22.878","-43.3095"
678,678-MEIER X VALQUEIRE,Fetranspor,310,17399632,"-22.8779","-43.3095"
678,678-MEIER X VALQUEIRE,Fetranspor,311,17399632,"-22.8774","-43.3093"
678,678-MEIER X VALQUEIRE,Fetranspor,312,17399632,"-22.8774","-43.3093"
678,678-MEIER X VALQUEIRE,Fetranspor,313,17399632,"-22.8769","-43.3092"
678,678-MEIER X VALQUEIRE,Fetranspor,314,17399632,"-22.8754","-43.3088"
678,678-MEIER X VALQUEIRE,Fetranspor,315,17399632,"-22.8754","-43.3088"
678,678-MEIER X VALQUEIRE,Fetranspor,316,17399632,"-22.8744","-43.3086"
678,678-MEIER X VALQUEIRE,Fetranspor,317,17399632,"-22.8742","-43.3085"
678,678-MEIER X VALQUEIRE,Fetranspor,318,17399632,"-22.8737","-43.3085"
678,678-MEIER X VALQUEIRE,Fetranspor,319,17399632,"-22.8733","-43.3085"
678,678-MEIER X VALQUEIRE,Fetranspor,320,17399632,"-22.8733","-43.3085"
678,678-MEIER X VALQUEIRE,Fetranspor,321,17399632,"-22.8722","-43.3083"
678,678-MEIER X VALQUEIRE,Fetranspor,322,17399632,"-22.8722","-43.3083"
678,678-MEIER X VALQUEIRE,Fetranspor,323,17399632,"-22.8713","-43.3082"
678,678-MEIER X VALQUEIRE,Fetranspor,324,17399632,"-22.8713","-43.3082"
678,678-MEIER X VALQUEIRE,Fetranspor,325,17399632,"-22.8704","-43.3081"
678,678-MEIER X VALQUEIRE,Fetranspor,326,17399632,"-22.8704","-43.3081"
678,678-MEIER X VALQUEIRE,Fetranspor,327,17399632,"-22.8694","-43.3079"
678,678-MEIER X VALQUEIRE,Fetranspor,328,17399632,"-22.8694","-43.3079"
678,678-MEIER X VALQUEIRE,Fetranspor,329,17399632,"-22.8694","-43.3078"
678,678-MEIER X VALQUEIRE,Fetranspor,330,17399632,"-22.8694","-43.3076"
678,678-MEIER X VALQUEIRE,Fetranspor,331,17399632,"-22.8692","-43.3045"
678,678-MEIER X VALQUEIRE,Fetranspor,332,17399632,"-22.8692","-43.304"
678,678-MEIER X VALQUEIRE,Fetranspor,333,17399632,"-22.8692","-43.304"
678,678-MEIER X VALQUEIRE,Fetranspor,334,17399632,"-22.8692","-43.3035"
678,678-MEIER X VALQUEIRE,Fetranspor,335,17399632,"-22.8692","-43.3033"
678,678-MEIER X VALQUEIRE,Fetranspor,336,17399632,"-22.8692","-43.3032"
678,678-MEIER X VALQUEIRE,Fetranspor,337,17399632,"-22.8693","-43.3031"
678,678-MEIER X VALQUEIRE,Fetranspor,338,17399632,"-22.8701","-43.3017"
678,678-MEIER X VALQUEIRE,Fetranspor,339,17399632,"-22.8702","-43.3013"
678,678-MEIER X VALQUEIRE,Fetranspor,340,17399632,"-22.8702","-43.3013"
678,678-MEIER X VALQUEIRE,Fetranspor,341,17399632,"-22.8705","-43.3008"
678,678-MEIER X VALQUEIRE,Fetranspor,342,17399632,"-22.8705","-43.3008"
678,678-MEIER X VALQUEIRE,Fetranspor,343,17399632,"-22.8708","-43.3003"
678,678-MEIER X VALQUEIRE,Fetranspor,344,17399632,"-22.8708","-43.3003"
678,678-MEIER X VALQUEIRE,Fetranspor,345,17399632,"-22.8712","-43.2995"
678,678-MEIER X VALQUEIRE,Fetranspor,346,17399632,"-22.8712","-43.2995"
678,678-MEIER X VALQUEIRE,Fetranspor,347,17399632,"-22.8717","-43.2987"
678,678-MEIER X VALQUEIRE,Fetranspor,348,17399632,"-22.8717","-43.2987"
678,678-MEIER X VALQUEIRE,Fetranspor,349,17399632,"-22.8721","-43.2979"
678,678-MEIER X VALQUEIRE,Fetranspor,350,17399632,"-22.8723","-43.2977"
678,678-MEIER X VALQUEIRE,Fetranspor,351,17399632,"-22.8724","-43.2976"
678,678-MEIER X VALQUEIRE,Fetranspor,352,17399632,"-22.8724","-43.2976"
678,678-MEIER X VALQUEIRE,Fetranspor,353,17399632,"-22.8726","-43.2975"
678,678-MEIER X VALQUEIRE,Fetranspor,354,17399632,"-22.8726","-43.2975"
678,678-MEIER X VALQUEIRE,Fetranspor,355,17399632,"-22.8727","-43.2975"
678,678-MEIER X VALQUEIRE,Fetranspor,356,17399632,"-22.8729","-43.2974"
678,678-MEIER X VALQUEIRE,Fetranspor,357,17399632,"-22.8739","-43.2973"
678,678-MEIER X VALQUEIRE,Fetranspor,358,17399632,"-22.8739","-43.2973"
678,678-MEIER X VALQUEIRE,Fetranspor,359,17399632,"-22.8744","-43.2972"
678,678-MEIER X VALQUEIRE,Fetranspor,360,17399632,"-22.8744","-43.2972"
678,678-MEIER X VALQUEIRE,Fetranspor,361,17399632,"-22.8748","-43.2972"
678,678-MEIER X VALQUEIRE,Fetranspor,362,17399632,"-22.8748","-43.2972"
678,678-MEIER X VALQUEIRE,Fetranspor,363,17399632,"-22.8751","-43.2971"
678,678-MEIER X VALQUEIRE,Fetranspor,364,17399632,"-22.8762","-43.297"
678,678-MEIER X VALQUEIRE,Fetranspor,365,17399632,"-22.8762","-43.297"
678,678-MEIER X VALQUEIRE,Fetranspor,366,17399632,"-22.8766","-43.2969"
678,678-MEIER X VALQUEIRE,Fetranspor,367,17399632,"-22.8768","-43.2969"
678,678-MEIER X VALQUEIRE,Fetranspor,368,17399632,"-22.877","-43.2967"
678,678-MEIER X VALQUEIRE,Fetranspor,369,17399632,"-22.8775","-43.2964"
678,678-MEIER X VALQUEIRE,Fetranspor,370,17399632,"-22.8775","-43.2964"
678,678-MEIER X VALQUEIRE,Fetranspor,371,17399632,"-22.8778","-43.2962"
678,678-MEIER X VALQUEIRE,Fetranspor,372,17399632,"-22.8778","-43.2962"
678,678-MEIER X VALQUEIRE,Fetranspor,373,17399632,"-22.8787","-43.2954"
678,678-MEIER X VALQUEIRE,Fetranspor,374,17399632,"-22.8787","-43.2954"
678,678-MEIER X VALQUEIRE,Fetranspor,375,17399632,"-22.8797","-43.2947"
678,678-MEIER X VALQUEIRE,Fetranspor,376,17399632,"-22.8797","-43.2947"
678,678-MEIER X VALQUEIRE,Fetranspor,377,17399632,"-22.8797","-43.2947"
678,678-MEIER X VALQUEIRE,Fetranspor,378,17399632,"-22.8797","-43.2947"
678,678-MEIER X VALQUEIRE,Fetranspor,379,17399632,"-22.8803","-43.2943"
678,678-MEIER X VALQUEIRE,Fetranspor,380,17399632,"-22.8803","-43.2943"
678,678-MEIER X VALQUEIRE,Fetranspor,381,17399632,"-22.8805","-43.2941"
678,678-MEIER X VALQUEIRE,Fetranspor,382,17399632,"-22.8805","-43.2941"
678,678-MEIER X VALQUEIRE,Fetranspor,383,17399632,"-22.8807","-43.2945"
678,678-MEIER X VALQUEIRE,Fetranspor,384,17399632,"-22.8811","-43.2954"
678,678-MEIER X VALQUEIRE,Fetranspor,385,17399632,"-22.8816","-43.2964"
678,678-MEIER X VALQUEIRE,Fetranspor,386,17399632,"-22.8816","-43.2964"
678,678-MEIER X VALQUEIRE,Fetranspor,387,17399632,"-22.8825","-43.2959"
678,678-MEIER X VALQUEIRE,Fetranspor,388,17399632,"-22.8825","-43.2959"
678,678-MEIER X VALQUEIRE,Fetranspor,389,17399632,"-22.8828","-43.2962"
678,678-MEIER X VALQUEIRE,Fetranspor,390,17399632,"-22.8831","-43.2965"
678,678-MEIER X VALQUEIRE,Fetranspor,391,17399632,"-22.8834","-43.2968"
678,678-MEIER X VALQUEIRE,Fetranspor,392,17399632,"-22.8834","-43.2968"
678,678-MEIER X VALQUEIRE,Fetranspor,393,17399632,"-22.8835","-43.2969"
678,678-MEIER X VALQUEIRE,Fetranspor,394,17399632,"-22.8835","-43.2969"
678,678-MEIER X VALQUEIRE,Fetranspor,395,17399632,"-22.8839","-43.2973"
678,678-MEIER X VALQUEIRE,Fetranspor,396,17399632,"-22.8842","-43.2976"
678,678-MEIER X VALQUEIRE,Fetranspor,397,17399632,"-22.8842","-43.2976"
678,678-MEIER X VALQUEIRE,Fetranspor,398,17399632,"-22.885","-43.2985"
678,678-MEIER X VALQUEIRE,Fetranspor,399,17399632,"-22.885","-43.2985"
678,678-MEIER X VALQUEIRE,Fetranspor,400,17399632,"-22.885","-43.2983"
678,678-MEIER X VALQUEIRE,Fetranspor,401,17399632,"-22.885","-43.2983"
678,678-MEIER X VALQUEIRE,Fetranspor,402,17399632,"-22.8849","-43.2982"
678,678-MEIER X VALQUEIRE,Fetranspor,403,17399632,"-22.8848","-43.2982"
678,678-MEIER X VALQUEIRE,Fetranspor,404,17399632,"-22.8847","-43.2981"
678,678-MEIER X VALQUEIRE,Fetranspor,405,17399632,"-22.8836","-43.2968"
678,678-MEIER X VALQUEIRE,Fetranspor,406,17399632,"-22.8833","-43.2966"
678,678-MEIER X VALQUEIRE,Fetranspor,407,17399632,"-22.883","-43.2962"
678,678-MEIER X VALQUEIRE,Fetranspor,408,17399632,"-22.8826","-43.2957"
678,678-MEIER X VALQUEIRE,Fetranspor,409,17399632,"-22.8826","-43.2957"
678,678-MEIER X VALQUEIRE,Fetranspor,410,17399632,"-22.8822","-43.2952"
678,678-MEIER X VALQUEIRE,Fetranspor,411,17399632,"-22.8819","-43.2949"
678,678-MEIER X VALQUEIRE,Fetranspor,412,17399632,"-22.8818","-43.2947"
678,678-MEIER X VALQUEIRE,Fetranspor,413,17399632,"-22.8817","-43.2945"
678,678-MEIER X VALQUEIRE,Fetranspor,414,17399632,"-22.8815","-43.2938"
678,678-MEIER X VALQUEIRE,Fetranspor,415,17399632,"-22.8815","-43.2936"
678,678-MEIER X VALQUEIRE,Fetranspor,416,17399632,"-22.8816","-43.2935"
678,678-MEIER X VALQUEIRE,Fetranspor,417,17399632,"-22.8824","-43.2927"
678,678-MEIER X VALQUEIRE,Fetranspor,418,17399632,"-22.8824","-43.2927"
678,678-MEIER X VALQUEIRE,Fetranspor,419,17399632,"-22.8827","-43.2924"
678,678-MEIER X VALQUEIRE,Fetranspor,420,17399632,"-22.8831","-43.2922"
678,678-MEIER X VALQUEIRE,Fetranspor,421,17399632,"-22.8831","-43.2922"
678,678-MEIER X VALQUEIRE,Fetranspor,422,17399632,"-22.8834","-43.2919"
678,678-MEIER X VALQUEIRE,Fetranspor,423,17399632,"-22.8834","-43.2919"
678,678-MEIER X VALQUEIRE,Fetranspor,424,17399632,"-22.8838","-43.2916"
678,678-MEIER X VALQUEIRE,Fetranspor,425,17399632,"-22.8838","-43.2916"
678,678-MEIER X VALQUEIRE,Fetranspor,426,17399632,"-22.8845","-43.291"
678,678-MEIER X VALQUEIRE,Fetranspor,427,17399632,"-22.8845","-43.291"
678,678-MEIER X VALQUEIRE,Fetranspor,428,17399632,"-22.8845","-43.2909"
678,678-MEIER X VALQUEIRE,Fetranspor,429,17399632,"-22.8846","-43.2909"
678,678-MEIER X VALQUEIRE,Fetranspor,430,17399632,"-22.8847","-43.2908"
678,678-MEIER X VALQUEIRE,Fetranspor,431,17399632,"-22.8854","-43.2902"
678,678-MEIER X VALQUEIRE,Fetranspor,432,17399632,"-22.8855","-43.2901"
678,678-MEIER X VALQUEIRE,Fetranspor,433,17399632,"-22.8856","-43.2899"
678,678-MEIER X VALQUEIRE,Fetranspor,434,17399632,"-22.8857","-43.2898"
678,678-MEIER X VALQUEIRE,Fetranspor,435,17399632,"-22.8858","-43.2897"
678,678-MEIER X VALQUEIRE,Fetranspor,436,17399632,"-22.8859","-43.2895"
678,678-MEIER X VALQUEIRE,Fetranspor,437,17399632,"-22.886","-43.2893"
678,678-MEIER X VALQUEIRE,Fetranspor,438,17399632,"-22.8861","-43.289"
678,678-MEIER X VALQUEIRE,Fetranspor,439,17399632,"-22.8861","-43.289"
678,678-MEIER X VALQUEIRE,Fetranspor,440,17399632,"-22.8863","-43.2889"
678,678-MEIER X VALQUEIRE,Fetranspor,441,17399632,"-22.8863","-43.2889"
678,678-MEIER X VALQUEIRE,Fetranspor,442,17399632,"-22.8863","-43.2888"
678,678-MEIER X VALQUEIRE,Fetranspor,443,17399632,"-22.8863","-43.2888"
678,678-MEIER X VALQUEIRE,Fetranspor,444,17399632,"-22.8867","-43.2882"
678,678-MEIER X VALQUEIRE,Fetranspor,445,17399632,"-22.8867","-43.2882"
678,678-MEIER X VALQUEIRE,Fetranspor,446,17399632,"-22.8869","-43.2878"
678,678-MEIER X VALQUEIRE,Fetranspor,447,17399632,"-22.8869","-43.2878"
678,678-MEIER X VALQUEIRE,Fetranspor,448,17399632,"-22.887","-43.2875"
678,678-MEIER X VALQUEIRE,Fetranspor,449,17399632,"-22.8871","-43.2871"
678,678-MEIER X VALQUEIRE,Fetranspor,450,17399632,"-22.8871","-43.2871"
678,678-MEIER X VALQUEIRE,Fetranspor,451,17399632,"-22.8874","-43.2861"
678,678-MEIER X VALQUEIRE,Fetranspor,452,17399632,"-22.8876","-43.2856"
678,678-MEIER X VALQUEIRE,Fetranspor,453,17399632,"-22.8876","-43.2856"
678,678-MEIER X VALQUEIRE,Fetranspor,454,17399632,"-22.8876","-43.2854"
678,678-MEIER X VALQUEIRE,Fetranspor,455,17399632,"-22.8876","-43.2852"
678,678-MEIER X VALQUEIRE,Fetranspor,456,17399632,"-22.8876","-43.2852"
678,678-MEIER X VALQUEIRE,Fetranspor,457,17399632,"-22.8876","-43.2849"
678,678-MEIER X VALQUEIRE,Fetranspor,458,17399632,"-22.8876","-43.2844"
678,678-MEIER X VALQUEIRE,Fetranspor,459,17399632,"-22.8876","-43.2844"
678,678-MEIER X VALQUEIRE,Fetranspor,460,17399632,"-22.8876","-43.2832"
678,678-MEIER X VALQUEIRE,Fetranspor,461,17399632,"-22.8876","-43.2829"
678,678-MEIER X VALQUEIRE,Fetranspor,462,17399632,"-22.8876","-43.2829"
678,678-MEIER X VALQUEIRE,Fetranspor,463,17399632,"-22.8873","-43.2815"
678,678-MEIER X VALQUEIRE,Fetranspor,464,17399632,"-22.8873","-43.2815"
678,678-MEIER X VALQUEIRE,Fetranspor,465,17399632,"-22.8872","-43.2811"
678,678-MEIER X VALQUEIRE,Fetranspor,466,17399632,"-22.8871","-43.2809"
678,678-MEIER X VALQUEIRE,Fetranspor,467,17399632,"-22.887","-43.2806"
678,678-MEIER X VALQUEIRE,Fetranspor,468,17399632,"-22.8868","-43.2802"
678,678-MEIER X VALQUEIRE,Fetranspor,469,17399632,"-22.8868","-43.2802"
678,678-MEIER X VALQUEIRE,Fetranspor,470,17399632,"-22.8866","-43.28"
678,678-MEIER X VALQUEIRE,Fetranspor,471,17399632,"-22.8863","-43.2796"
678,678-MEIER X VALQUEIRE,Fetranspor,472,17399632,"-22.8861","-43.2793"
678,678-MEIER X VALQUEIRE,Fetranspor,473,17399632,"-22.8859","-43.2791"
678,678-MEIER X VALQUEIRE,Fetranspor,474,17399632,"-22.8859","-43.2791"
678,678-MEIER X VALQUEIRE,Fetranspor,475,17399632,"-22.8853","-43.2784"
678,678-MEIER X VALQUEIRE,Fetranspor,476,17399632,"-22.8853","-43.2784"
678,678-MEIER X VALQUEIRE,Fetranspor,477,17399632,"-22.8862","-43.278"
678,678-MEIER X VALQUEIRE,Fetranspor,478,17399632,"-22.8868","-43.2778"
678,678-MEIER X VALQUEIRE,Fetranspor,479,17399632,"-22.8868","-43.2778"
678,678-MEIER X VALQUEIRE,Fetranspor,480,17399632,"-22.8877","-43.2774"
678,678-MEIER X VALQUEIRE,Fetranspor,481,17399632,"-22.8882","-43.2772"
678,678-MEIER X VALQUEIRE,Fetranspor,482,17399632,"-22.8882","-43.2772"
678,678-MEIER X VALQUEIRE,Fetranspor,483,17399632,"-22.8884","-43.2771"
678,678-MEIER X VALQUEIRE,Fetranspor,484,17399632,"-22.8884","-43.2771"
678,678-MEIER X VALQUEIRE,Fetranspor,485,17399632,"-22.8882","-43.2769"
678,678-MEIER X VALQUEIRE,Fetranspor,486,17399632,"-22.8876","-43.2761"
678,678-MEIER X VALQUEIRE,Fetranspor,487,17399632,"-22.8876","-43.2761"
678,678-MEIER X VALQUEIRE,Fetranspor,488,17399632,"-22.8883","-43.2754"
678,678-MEIER X VALQUEIRE,Fetranspor,489,17399632,"-22.8883","-43.2754"
678,678-MEIER X VALQUEIRE,Fetranspor,490,17399632,"-22.8883","-43.2753"
678,678-MEIER X VALQUEIRE,Fetranspor,491,17399632,"-22.889","-43.2743"
678,678-MEIER X VALQUEIRE,Fetranspor,492,17399632,"-22.889","-43.2742"
678,678-MEIER X VALQUEIRE,Fetranspor,493,17399632,"-22.889","-43.2742"
678,678-MEIER X VALQUEIRE,Fetranspor,494,17399632,"-22.889","-43.2742"
678,678-MEIER X VALQUEIRE,Fetranspor,495,17399632,"-22.8891","-43.2741"
678,678-MEIER X VALQUEIRE,Fetranspor,496,17399632,"-22.8892","-43.274"
678,678-MEIER X VALQUEIRE,Fetranspor,497,17399632,"-22.8895","-43.2739"
678,678-MEIER X VALQUEIRE,Fetranspor,498,17399632,"-22.89","-43.2738"
678,678-MEIER X VALQUEIRE,Fetranspor,499,17399632,"-22.89","-43.2737"
678,678-MEIER X VALQUEIRE,Fetranspor,500,17399632,"-22.89","-43.2737"
678,678-MEIER X VALQUEIRE,Fetranspor,501,17399632,"-22.8901","-43.2737"
678,678-MEIER X VALQUEIRE,Fetranspor,502,17399632,"-22.8902","-43.2738"
678,678-MEIER X VALQUEIRE,Fetranspor,503,17399632,"-22.8907","-43.2738"
678,678-MEIER X VALQUEIRE,Fetranspor,504,17399632,"-22.8907","-43.2738"
678,678-MEIER X VALQUEIRE,Fetranspor,505,17399632,"-22.8912","-43.2742"
678,678-MEIER X VALQUEIRE,Fetranspor,506,17399632,"-22.8912","-43.2742"
678,678-MEIER X VALQUEIRE,Fetranspor,507,17399632,"-22.8923","-43.2751"
678,678-MEIER X VALQUEIRE,Fetranspor,508,17399632,"-22.8936","-43.2761"
678,678-MEIER X VALQUEIRE,Fetranspor,509,17399632,"-22.8936","-43.2761"
678,678-MEIER X VALQUEIRE,Fetranspor,510,17399632,"-22.8949","-43.2771"
678,678-MEIER X VALQUEIRE,Fetranspor,511,17399632,"-22.8949","-43.2771"
678,678-MEIER X VALQUEIRE,Fetranspor,512,17399632,"-22.8957","-43.2777"
678,678-MEIER X VALQUEIRE,Fetranspor,513,17399632,"-22.8957","-43.2777"
678,678-MEIER X VALQUEIRE,Fetranspor,514,17399632,"-22.8958","-43.2778"
678,678-MEIER X VALQUEIRE,Fetranspor,515,17399632,"-22.8958","-43.2778"
678,678-MEIER X VALQUEIRE,Fetranspor,516,17399632,"-22.8968","-43.2786"
678,678-MEIER X VALQUEIRE,Fetranspor,517,17399632,"-22.8968","-43.2786"
678,678-MEIER X VALQUEIRE,Fetranspor,518,17399632,"-22.8973","-43.279"
678,678-MEIER X VALQUEIRE,Fetranspor,519,17399632,"-22.8973","-43.279"
678,678-MEIER X VALQUEIRE,Fetranspor,520,17399632,"-22.8979","-43.2794"
678,678-MEIER X VALQUEIRE,Fetranspor,521,17399632,"-22.8979","-43.2794"
678,678-MEIER X VALQUEIRE,Fetranspor,522,17399632,"-22.8981","-43.2797"
678,678-MEIER X VALQUEIRE,Fetranspor,523,17399632,"-22.8982","-43.2797"
678,678-MEIER X VALQUEIRE,Fetranspor,524,17399632,"-22.8982","-43.2797"
678,678-MEIER X VALQUEIRE,Fetranspor,525,17399632,"-22.8987","-43.2792"
678,678-MEIER X VALQUEIRE,Fetranspor,526,17399632,"-22.8987","-43.2792"
678,678-MEIER X VALQUEIRE,Fetranspor,527,17399632,"-22.8989","-43.2789"
678,678-MEIER X VALQUEIRE,Fetranspor,528,17399632,"-22.8993","-43.2786"
678,678-MEIER X VALQUEIRE,Fetranspor,529,17399632,"-22.8993","-43.2786"
678,678-MEIER X VALQUEIRE,Fetranspor,530,17399632,"-22.8993","-43.2785"
678,678-MEIER X VALQUEIRE,Fetranspor,531,17399632,"-22.8993","-43.2785"
678,678-MEIER X VALQUEIRE,Fetranspor,532,17399632,"-22.9","-43.2778"
678,678-MEIER X VALQUEIRE,Fetranspor,533,17399632,"-22.9","-43.2778"
678,678-MEIER X VALQUEIRE,Fetranspor,534,17399632,"-22.9001","-43.2777"
678,678-MEIER X VALQUEIRE,Fetranspor,535,17399632,"-22.9004","-43.2773"
678,678-MEIER X VALQUEIRE,Fetranspor,536,17399632,"-22.9007","-43.277"
678,678-MEIER X VALQUEIRE,Fetranspor,537,17399632,"-22.9008","-43.2769"
678,678-MEIER X VALQUEIRE,Fetranspor,538,17399632,"-22.9008","-43.2769"
678,678-MEIER X VALQUEIRE,Fetranspor,539,17399632,"-22.9009","-43.2771"
678,678-MEIER X VALQUEIRE,Fetranspor,540,17399632,"-22.901","-43.2772"
678,678-MEIER X VALQUEIRE,Fetranspor,541,17399632,"-22.9011","-43.2772"
678,678-MEIER X VALQUEIRE,Fetranspor,542,17399632,"-22.9011","-43.2773"
678,678-MEIER X VALQUEIRE,Fetranspor,543,17399632,"-22.9011","-43.2773"
678,678-MEIER X VALQUEIRE,Fetranspor,544,17399632,"-22.9012","-43.2774"
678,678-MEIER X VALQUEIRE,Fetranspor,545,17399632,"-22.9016","-43.2779"
678,678-MEIER X VALQUEIRE,Fetranspor,546,17399632,"-22.9016","-43.2779"
678,678-MEIER X VALQUEIRE,Fetranspor,547,17399632,"-22.9019","-43.2776"
678,678-MEIER X VALQUEIRE,Fetranspor,548,17399632,"-22.9021","-43.2773"
678,678-MEIER X VALQUEIRE,Fetranspor,549,17399632,"-22.9023","-43.2771"
678,678-MEIER X VALQUEIRE,Fetranspor,550,17399632,"-22.9025","-43.2767"
678,678-MEIER X VALQUEIRE,Fetranspor,551,17399632,"-22.9025","-43.2767"
678,678-MEIER X VALQUEIRE,Fetranspor,552,17399632,"-22.9026","-43.2765"
678,678-MEIER X VALQUEIRE,Fetranspor,553,17399632,"-22.9029","-43.2758"
678,678-MEIER X VALQUEIRE,Fetranspor,554,17399632,"-22.9029","-43.2758"
678,678-MEIER X VALQUEIRE,Fetranspor,555,17399632,"-22.9029","-43.2758"
678,678-MEIER X VALQUEIRE,Fetranspor,556,17399632,"-22.9028","-43.2757"
678,678-MEIER X VALQUEIRE,Fetranspor,557,17399632,"-22.9028","-43.2757"
678,678-MEIER X VALQUEIRE,Fetranspor,558,17399632,"-22.9027","-43.2756"
678,678-MEIER X VALQUEIRE,Fetranspor,559,17399632,"-22.9025","-43.2753"
678,678-MEIER X VALQUEIRE,Fetranspor,560,17399632,"-22.9025","-43.2753"
678,678-MEIER X VALQUEIRE,Fetranspor,561,17399632,"-22.9022","-43.2749"
678,678-MEIER X VALQUEIRE,Fetranspor,0,17545722,"-22.9022","-43.2749"
678,678-MEIER X VALQUEIRE,Fetranspor,1,17545722,"-22.9022","-43.2749"
678,678-MEIER X VALQUEIRE,Fetranspor,2,17545722,"-22.9017","-43.2748"
678,678-MEIER X VALQUEIRE,Fetranspor,3,17545722,"-22.9017","-43.2748"
678,678-MEIER X VALQUEIRE,Fetranspor,4,17545722,"-22.9014","-43.2747"
678,678-MEIER X VALQUEIRE,Fetranspor,5,17545722,"-22.9014","-43.2747"
678,678-MEIER X VALQUEIRE,Fetranspor,6,17545722,"-22.8996","-43.2745"
678,678-MEIER X VALQUEIRE,Fetranspor,7,17545722,"-22.8996","-43.2745"
678,678-MEIER X VALQUEIRE,Fetranspor,8,17545722,"-22.8995","-43.2742"
678,678-MEIER X VALQUEIRE,Fetranspor,9,17545722,"-22.8992","-43.2737"
678,678-MEIER X VALQUEIRE,Fetranspor,10,17545722,"-22.8992","-43.2737"
678,678-MEIER X VALQUEIRE,Fetranspor,11,17545722,"-22.899","-43.2736"
678,678-MEIER X VALQUEIRE,Fetranspor,12,17545722,"-22.8968","-43.2725"
678,678-MEIER X VALQUEIRE,Fetranspor,13,17545722,"-22.8967","-43.2725"
678,678-MEIER X VALQUEIRE,Fetranspor,14,17545722,"-22.8966","-43.2725"
678,678-MEIER X VALQUEIRE,Fetranspor,15,17545722,"-22.8966","-43.2725"
678,678-MEIER X VALQUEIRE,Fetranspor,16,17545722,"-22.8964","-43.2726"
678,678-MEIER X VALQUEIRE,Fetranspor,17,17545722,"-22.896","-43.273"
678,678-MEIER X VALQUEIRE,Fetranspor,18,17545722,"-22.896","-43.273"
678,678-MEIER X VALQUEIRE,Fetranspor,19,17545722,"-22.8957","-43.2732"
678,678-MEIER X VALQUEIRE,Fetranspor,20,17545722,"-22.8957","-43.2732"
678,678-MEIER X VALQUEIRE,Fetranspor,21,17545722,"-22.8955","-43.2737"
678,678-MEIER X VALQUEIRE,Fetranspor,22,17545722,"-22.8953","-43.274"
678,678-MEIER X VALQUEIRE,Fetranspor,23,17545722,"-22.8953","-43.274"
678,678-MEIER X VALQUEIRE,Fetranspor,24,17545722,"-22.8953","-43.2741"
678,678-MEIER X VALQUEIRE,Fetranspor,25,17545722,"-22.8951","-43.2746"
678,678-MEIER X VALQUEIRE,Fetranspor,26,17545722,"-22.8951","-43.2746"
678,678-MEIER X VALQUEIRE,Fetranspor,27,17545722,"-22.895","-43.2745"
678,678-MEIER X VALQUEIRE,Fetranspor,28,17545722,"-22.8937","-43.2741"
678,678-MEIER X VALQUEIRE,Fetranspor,29,17545722,"-22.8935","-43.274"
678,678-MEIER X VALQUEIRE,Fetranspor,30,17545722,"-22.8935","-43.274"
678,678-MEIER X VALQUEIRE,Fetranspor,31,17545722,"-22.8932","-43.2738"
678,678-MEIER X VALQUEIRE,Fetranspor,32,17545722,"-22.8931","-43.2738"
678,678-MEIER X VALQUEIRE,Fetranspor,33,17545722,"-22.8931","-43.2738"
678,678-MEIER X VALQUEIRE,Fetranspor,34,17545722,"-22.8929","-43.2738"
678,678-MEIER X VALQUEIRE,Fetranspor,35,17545722,"-22.8929","-43.2738"
678,678-MEIER X VALQUEIRE,Fetranspor,36,17545722,"-22.8929","-43.2738"
678,678-MEIER X VALQUEIRE,Fetranspor,37,17545722,"-22.8924","-43.2738"
678,678-MEIER X VALQUEIRE,Fetranspor,38,17545722,"-22.8919","-43.2739"
678,678-MEIER X VALQUEIRE,Fetranspor,39,17545722,"-22.8913","-43.2739"
678,678-MEIER X VALQUEIRE,Fetranspor,40,17545722,"-22.8913","-43.2739"
678,678-MEIER X VALQUEIRE,Fetranspor,41,17545722,"-22.8907","-43.2738"
678,678-MEIER X VALQUEIRE,Fetranspor,42,17545722,"-22.8907","-43.2738"
678,678-MEIER X VALQUEIRE,Fetranspor,43,17545722,"-22.8902","-43.2738"
678,678-MEIER X VALQUEIRE,Fetranspor,44,17545722,"-22.8901","-43.2737"
678,678-MEIER X VALQUEIRE,Fetranspor,45,17545722,"-22.89","-43.2737"
678,678-MEIER X VALQUEIRE,Fetranspor,46,17545722,"-22.89","-43.2737"
678,678-MEIER X VALQUEIRE,Fetranspor,47,17545722,"-22.89","-43.2738"
678,678-MEIER X VALQUEIRE,Fetranspor,48,17545722,"-22.8895","-43.2739"
678,678-MEIER X VALQUEIRE,Fetranspor,49,17545722,"-22.8892","-43.274"
678,678-MEIER X VALQUEIRE,Fetranspor,50,17545722,"-22.8891","-43.2741"
678,678-MEIER X VALQUEIRE,Fetranspor,51,17545722,"-22.889","-43.2742"
678,678-MEIER X VALQUEIRE,Fetranspor,52,17545722,"-22.889","-43.2742"
678,678-MEIER X VALQUEIRE,Fetranspor,53,17545722,"-22.889","-43.2742"
678,678-MEIER X VALQUEIRE,Fetranspor,54,17545722,"-22.889","-43.2743"
678,678-MEIER X VALQUEIRE,Fetranspor,55,17545722,"-22.8883","-43.2753"
678,678-MEIER X VALQUEIRE,Fetranspor,56,17545722,"-22.8883","-43.2754"
678,678-MEIER X VALQUEIRE,Fetranspor,57,17545722,"-22.8883","-43.2754"
678,678-MEIER X VALQUEIRE,Fetranspor,58,17545722,"-22.8876","-43.2761"
678,678-MEIER X VALQUEIRE,Fetranspor,59,17545722,"-22.8876","-43.2761"
678,678-MEIER X VALQUEIRE,Fetranspor,60,17545722,"-22.8875","-43.2762"
678,678-MEIER X VALQUEIRE,Fetranspor,61,17545722,"-22.8875","-43.2762"
678,678-MEIER X VALQUEIRE,Fetranspor,62,17545722,"-22.8872","-43.2764"
678,678-MEIER X VALQUEIRE,Fetranspor,63,17545722,"-22.8864","-43.2769"
678,678-MEIER X VALQUEIRE,Fetranspor,64,17545722,"-22.8864","-43.2769"
678,678-MEIER X VALQUEIRE,Fetranspor,65,17545722,"-22.8856","-43.2774"
678,678-MEIER X VALQUEIRE,Fetranspor,66,17545722,"-22.8848","-43.2778"
678,678-MEIER X VALQUEIRE,Fetranspor,67,17545722,"-22.8848","-43.2778"
678,678-MEIER X VALQUEIRE,Fetranspor,68,17545722,"-22.8847","-43.2779"
678,678-MEIER X VALQUEIRE,Fetranspor,69,17545722,"-22.8847","-43.2779"
678,678-MEIER X VALQUEIRE,Fetranspor,70,17545722,"-22.8851","-43.2784"
678,678-MEIER X VALQUEIRE,Fetranspor,71,17545722,"-22.8851","-43.2784"
678,678-MEIER X VALQUEIRE,Fetranspor,72,17545722,"-22.8866","-43.2801"
678,678-MEIER X VALQUEIRE,Fetranspor,73,17545722,"-22.8867","-43.2803"
678,678-MEIER X VALQUEIRE,Fetranspor,74,17545722,"-22.8867","-43.2803"
678,678-MEIER X VALQUEIRE,Fetranspor,75,17545722,"-22.8867","-43.2803"
678,678-MEIER X VALQUEIRE,Fetranspor,76,17545722,"-22.8868","-43.2804"
678,678-MEIER X VALQUEIRE,Fetranspor,77,17545722,"-22.887","-43.2808"
678,678-MEIER X VALQUEIRE,Fetranspor,78,17545722,"-22.887","-43.2811"
678,678-MEIER X VALQUEIRE,Fetranspor,79,17545722,"-22.8872","-43.2816"
678,678-MEIER X VALQUEIRE,Fetranspor,80,17545722,"-22.8875","-43.2827"
678,678-MEIER X VALQUEIRE,Fetranspor,81,17545722,"-22.8875","-43.283"
678,678-MEIER X VALQUEIRE,Fetranspor,82,17545722,"-22.8875","-43.283"
678,678-MEIER X VALQUEIRE,Fetranspor,83,17545722,"-22.8875","-43.2834"
678,678-MEIER X VALQUEIRE,Fetranspor,84,17545722,"-22.8875","-43.2845"
678,678-MEIER X VALQUEIRE,Fetranspor,85,17545722,"-22.8875","-43.285"
678,678-MEIER X VALQUEIRE,Fetranspor,86,17545722,"-22.8875","-43.285"
678,678-MEIER X VALQUEIRE,Fetranspor,87,17545722,"-22.8874","-43.2853"
678,678-MEIER X VALQUEIRE,Fetranspor,88,17545722,"-22.8874","-43.2856"
678,678-MEIER X VALQUEIRE,Fetranspor,89,17545722,"-22.8874","-43.2857"
678,678-MEIER X VALQUEIRE,Fetranspor,90,17545722,"-22.887","-43.2868"
678,678-MEIER X VALQUEIRE,Fetranspor,91,17545722,"-22.887","-43.2868"
678,678-MEIER X VALQUEIRE,Fetranspor,92,17545722,"-22.8869","-43.2872"
678,678-MEIER X VALQUEIRE,Fetranspor,93,17545722,"-22.8869","-43.2872"
678,678-MEIER X VALQUEIRE,Fetranspor,94,17545722,"-22.8866","-43.2881"
678,678-MEIER X VALQUEIRE,Fetranspor,95,17545722,"-22.8865","-43.2882"
678,678-MEIER X VALQUEIRE,Fetranspor,96,17545722,"-22.8865","-43.2882"
678,678-MEIER X VALQUEIRE,Fetranspor,97,17545722,"-22.8864","-43.2883"
678,678-MEIER X VALQUEIRE,Fetranspor,98,17545722,"-22.8863","-43.2885"
678,678-MEIER X VALQUEIRE,Fetranspor,99,17545722,"-22.8863","-43.2885"
678,678-MEIER X VALQUEIRE,Fetranspor,100,17545722,"-22.8862","-43.2886"
678,678-MEIER X VALQUEIRE,Fetranspor,101,17545722,"-22.8862","-43.2886"
678,678-MEIER X VALQUEIRE,Fetranspor,102,17545722,"-22.8861","-43.2888"
678,678-MEIER X VALQUEIRE,Fetranspor,103,17545722,"-22.8861","-43.2888"
678,678-MEIER X VALQUEIRE,Fetranspor,104,17545722,"-22.886","-43.2889"
678,678-MEIER X VALQUEIRE,Fetranspor,105,17545722,"-22.886","-43.2889"
678,678-MEIER X VALQUEIRE,Fetranspor,106,17545722,"-22.8858","-43.2892"
678,678-MEIER X VALQUEIRE,Fetranspor,107,17545722,"-22.8858","-43.2893"
678,678-MEIER X VALQUEIRE,Fetranspor,108,17545722,"-22.8857","-43.2896"
678,678-MEIER X VALQUEIRE,Fetranspor,109,17545722,"-22.8856","-43.2897"
678,678-MEIER X VALQUEIRE,Fetranspor,110,17545722,"-22.8854","-43.2899"
678,678-MEIER X VALQUEIRE,Fetranspor,111,17545722,"-22.8853","-43.29"
678,678-MEIER X VALQUEIRE,Fetranspor,112,17545722,"-22.8852","-43.2902"
678,678-MEIER X VALQUEIRE,Fetranspor,113,17545722,"-22.8847","-43.2905"
678,678-MEIER X VALQUEIRE,Fetranspor,114,17545722,"-22.8845","-43.2908"
678,678-MEIER X VALQUEIRE,Fetranspor,115,17545722,"-22.8844","-43.2908"
678,678-MEIER X VALQUEIRE,Fetranspor,116,17545722,"-22.8843","-43.2909"
678,678-MEIER X VALQUEIRE,Fetranspor,117,17545722,"-22.8835","-43.2916"
678,678-MEIER X VALQUEIRE,Fetranspor,118,17545722,"-22.8834","-43.2916"
678,678-MEIER X VALQUEIRE,Fetranspor,119,17545722,"-22.8834","-43.2916"
678,678-MEIER X VALQUEIRE,Fetranspor,120,17545722,"-22.8831","-43.2918"
678,678-MEIER X VALQUEIRE,Fetranspor,121,17545722,"-22.8827","-43.2921"
678,678-MEIER X VALQUEIRE,Fetranspor,122,17545722,"-22.8827","-43.2921"
678,678-MEIER X VALQUEIRE,Fetranspor,123,17545722,"-22.8826","-43.2923"
678,678-MEIER X VALQUEIRE,Fetranspor,124,17545722,"-22.8826","-43.2923"
678,678-MEIER X VALQUEIRE,Fetranspor,125,17545722,"-22.8823","-43.2926"
678,678-MEIER X VALQUEIRE,Fetranspor,126,17545722,"-22.8814","-43.2934"
678,678-MEIER X VALQUEIRE,Fetranspor,127,17545722,"-22.8814","-43.2934"
678,678-MEIER X VALQUEIRE,Fetranspor,128,17545722,"-22.8805","-43.2941"
678,678-MEIER X VALQUEIRE,Fetranspor,129,17545722,"-22.8805","-43.2941"
678,678-MEIER X VALQUEIRE,Fetranspor,130,17545722,"-22.8803","-43.2943"
678,678-MEIER X VALQUEIRE,Fetranspor,131,17545722,"-22.8803","-43.2943"
678,678-MEIER X VALQUEIRE,Fetranspor,132,17545722,"-22.8797","-43.2947"
678,678-MEIER X VALQUEIRE,Fetranspor,133,17545722,"-22.8797","-43.2947"
678,678-MEIER X VALQUEIRE,Fetranspor,134,17545722,"-22.8797","-43.2947"
678,678-MEIER X VALQUEIRE,Fetranspor,135,17545722,"-22.8797","-43.2947"
678,678-MEIER X VALQUEIRE,Fetranspor,136,17545722,"-22.8787","-43.2954"
678,678-MEIER X VALQUEIRE,Fetranspor,137,17545722,"-22.8787","-43.2954"
678,678-MEIER X VALQUEIRE,Fetranspor,138,17545722,"-22.8778","-43.2962"
678,678-MEIER X VALQUEIRE,Fetranspor,139,17545722,"-22.8778","-43.2962"
678,678-MEIER X VALQUEIRE,Fetranspor,140,17545722,"-22.8775","-43.2964"
678,678-MEIER X VALQUEIRE,Fetranspor,141,17545722,"-22.8775","-43.2964"
678,678-MEIER X VALQUEIRE,Fetranspor,142,17545722,"-22.877","-43.2967"
678,678-MEIER X VALQUEIRE,Fetranspor,143,17545722,"-22.8768","-43.2969"
678,678-MEIER X VALQUEIRE,Fetranspor,144,17545722,"-22.8766","-43.2969"
678,678-MEIER X VALQUEIRE,Fetranspor,145,17545722,"-22.8762","-43.297"
678,678-MEIER X VALQUEIRE,Fetranspor,146,17545722,"-22.8762","-43.297"
678,678-MEIER X VALQUEIRE,Fetranspor,147,17545722,"-22.8751","-43.2971"
678,678-MEIER X VALQUEIRE,Fetranspor,148,17545722,"-22.8748","-43.2972"
678,678-MEIER X VALQUEIRE,Fetranspor,149,17545722,"-22.8748","-43.2972"
678,678-MEIER X VALQUEIRE,Fetranspor,150,17545722,"-22.8744","-43.2972"
678,678-MEIER X VALQUEIRE,Fetranspor,151,17545722,"-22.8744","-43.2972"
678,678-MEIER X VALQUEIRE,Fetranspor,152,17545722,"-22.8739","-43.2973"
678,678-MEIER X VALQUEIRE,Fetranspor,153,17545722,"-22.8739","-43.2973"
678,678-MEIER X VALQUEIRE,Fetranspor,154,17545722,"-22.8729","-43.2974"
678,678-MEIER X VALQUEIRE,Fetranspor,155,17545722,"-22.8727","-43.2975"
678,678-MEIER X VALQUEIRE,Fetranspor,156,17545722,"-22.8726","-43.2975"
678,678-MEIER X VALQUEIRE,Fetranspor,157,17545722,"-22.8726","-43.2975"
678,678-MEIER X VALQUEIRE,Fetranspor,158,17545722,"-22.8724","-43.2976"
678,678-MEIER X VALQUEIRE,Fetranspor,159,17545722,"-22.8724","-43.2976"
678,678-MEIER X VALQUEIRE,Fetranspor,160,17545722,"-22.8723","-43.2977"
678,678-MEIER X VALQUEIRE,Fetranspor,161,17545722,"-22.8721","-43.2979"
678,678-MEIER X VALQUEIRE,Fetranspor,162,17545722,"-22.8717","-43.2987"
678,678-MEIER X VALQUEIRE,Fetranspor,163,17545722,"-22.8717","-43.2987"
678,678-MEIER X VALQUEIRE,Fetranspor,164,17545722,"-22.8712","-43.2995"
678,678-MEIER X VALQUEIRE,Fetranspor,165,17545722,"-22.8712","-43.2995"
678,678-MEIER X VALQUEIRE,Fetranspor,166,17545722,"-22.8708","-43.3003"
678,678-MEIER X VALQUEIRE,Fetranspor,167,17545722,"-22.8708","-43.3003"
678,678-MEIER X VALQUEIRE,Fetranspor,168,17545722,"-22.8705","-43.3008"
678,678-MEIER X VALQUEIRE,Fetranspor,169,17545722,"-22.8705","-43.3008"
678,678-MEIER X VALQUEIRE,Fetranspor,170,17545722,"-22.8702","-43.3013"
678,678-MEIER X VALQUEIRE,Fetranspor,171,17545722,"-22.8702","-43.3013"
678,678-MEIER X VALQUEIRE,Fetranspor,172,17545722,"-22.87","-43.3016"
678,678-MEIER X VALQUEIRE,Fetranspor,173,17545722,"-22.8691","-43.303"
678,678-MEIER X VALQUEIRE,Fetranspor,174,17545722,"-22.8691","-43.3031"
678,678-MEIER X VALQUEIRE,Fetranspor,175,17545722,"-22.8691","-43.3033"
678,678-MEIER X VALQUEIRE,Fetranspor,176,17545722,"-22.8692","-43.304"
678,678-MEIER X VALQUEIRE,Fetranspor,177,17545722,"-22.8692","-43.304"
678,678-MEIER X VALQUEIRE,Fetranspor,178,17545722,"-22.8692","-43.3045"
678,678-MEIER X VALQUEIRE,Fetranspor,179,17545722,"-22.8694","-43.3076"
678,678-MEIER X VALQUEIRE,Fetranspor,180,17545722,"-22.8694","-43.3078"
678,678-MEIER X VALQUEIRE,Fetranspor,181,17545722,"-22.8694","-43.3079"
678,678-MEIER X VALQUEIRE,Fetranspor,182,17545722,"-22.8694","-43.3079"
678,678-MEIER X VALQUEIRE,Fetranspor,183,17545722,"-22.8704","-43.3081"
678,678-MEIER X VALQUEIRE,Fetranspor,184,17545722,"-22.8704","-43.3081"
678,678-MEIER X VALQUEIRE,Fetranspor,185,17545722,"-22.8713","-43.3082"
678,678-MEIER X VALQUEIRE,Fetranspor,186,17545722,"-22.8713","-43.3082"
678,678-MEIER X VALQUEIRE,Fetranspor,187,17545722,"-22.8722","-43.3083"
678,678-MEIER X VALQUEIRE,Fetranspor,188,17545722,"-22.8722","-43.3083"
678,678-MEIER X VALQUEIRE,Fetranspor,189,17545722,"-22.8733","-43.3085"
678,678-MEIER X VALQUEIRE,Fetranspor,190,17545722,"-22.8733","-43.3085"
678,678-MEIER X VALQUEIRE,Fetranspor,191,17545722,"-22.8737","-43.3085"
678,678-MEIER X VALQUEIRE,Fetranspor,192,17545722,"-22.8742","-43.3085"
678,678-MEIER X VALQUEIRE,Fetranspor,193,17545722,"-22.8744","-43.3086"
678,678-MEIER X VALQUEIRE,Fetranspor,194,17545722,"-22.8754","-43.3088"
678,678-MEIER X VALQUEIRE,Fetranspor,195,17545722,"-22.8754","-43.3088"
678,678-MEIER X VALQUEIRE,Fetranspor,196,17545722,"-22.8769","-43.3092"
678,678-MEIER X VALQUEIRE,Fetranspor,197,17545722,"-22.8774","-43.3093"
678,678-MEIER X VALQUEIRE,Fetranspor,198,17545722,"-22.8774","-43.3093"
678,678-MEIER X VALQUEIRE,Fetranspor,199,17545722,"-22.8779","-43.3095"
678,678-MEIER X VALQUEIRE,Fetranspor,200,17545722,"-22.878","-43.3095"
678,678-MEIER X VALQUEIRE,Fetranspor,201,17545722,"-22.878","-43.3095"
678,678-MEIER X VALQUEIRE,Fetranspor,202,17545722,"-22.8788","-43.3106"
678,678-MEIER X VALQUEIRE,Fetranspor,203,17545722,"-22.8788","-43.3106"
678,678-MEIER X VALQUEIRE,Fetranspor,204,17545722,"-22.8795","-43.3114"
678,678-MEIER X VALQUEIRE,Fetranspor,205,17545722,"-22.88","-43.312"
678,678-MEIER X VALQUEIRE,Fetranspor,206,17545722,"-22.88","-43.312"
678,678-MEIER X VALQUEIRE,Fetranspor,207,17545722,"-22.8801","-43.3121"
678,678-MEIER X VALQUEIRE,Fetranspor,208,17545722,"-22.8801","-43.3121"
678,678-MEIER X VALQUEIRE,Fetranspor,209,17545722,"-22.8807","-43.313"
678,678-MEIER X VALQUEIRE,Fetranspor,210,17545722,"-22.8807","-43.313"
678,678-MEIER X VALQUEIRE,Fetranspor,211,17545722,"-22.8801","-43.3136"
678,678-MEIER X VALQUEIRE,Fetranspor,212,17545722,"-22.8801","-43.3136"
678,678-MEIER X VALQUEIRE,Fetranspor,213,17545722,"-22.8794","-43.3143"
678,678-MEIER X VALQUEIRE,Fetranspor,214,17545722,"-22.8794","-43.3143"
678,678-MEIER X VALQUEIRE,Fetranspor,215,17545722,"-22.8788","-43.3149"
678,678-MEIER X VALQUEIRE,Fetranspor,216,17545722,"-22.8788","-43.3149"
678,678-MEIER X VALQUEIRE,Fetranspor,217,17545722,"-22.8783","-43.3153"
678,678-MEIER X VALQUEIRE,Fetranspor,218,17545722,"-22.8783","-43.3153"
678,678-MEIER X VALQUEIRE,Fetranspor,219,17545722,"-22.878","-43.3156"
678,678-MEIER X VALQUEIRE,Fetranspor,220,17545722,"-22.878","-43.3156"
678,678-MEIER X VALQUEIRE,Fetranspor,221,17545722,"-22.8779","-43.3157"
678,678-MEIER X VALQUEIRE,Fetranspor,222,17545722,"-22.8779","-43.3157"
678,678-MEIER X VALQUEIRE,Fetranspor,223,17545722,"-22.8775","-43.3161"
678,678-MEIER X VALQUEIRE,Fetranspor,224,17545722,"-22.8775","-43.3161"
678,678-MEIER X VALQUEIRE,Fetranspor,225,17545722,"-22.8773","-43.3163"
678,678-MEIER X VALQUEIRE,Fetranspor,226,17545722,"-22.8773","-43.3163"
678,678-MEIER X VALQUEIRE,Fetranspor,227,17545722,"-22.8766","-43.317"
678,678-MEIER X VALQUEIRE,Fetranspor,228,17545722,"-22.8766","-43.317"
678,678-MEIER X VALQUEIRE,Fetranspor,229,17545722,"-22.8762","-43.3174"
678,678-MEIER X VALQUEIRE,Fetranspor,230,17545722,"-22.876","-43.3175"
678,678-MEIER X VALQUEIRE,Fetranspor,231,17545722,"-22.876","-43.3175"
678,678-MEIER X VALQUEIRE,Fetranspor,232,17545722,"-22.8766","-43.3185"
678,678-MEIER X VALQUEIRE,Fetranspor,233,17545722,"-22.8767","-43.3187"
678,678-MEIER X VALQUEIRE,Fetranspor,234,17545722,"-22.8767","-43.3187"
678,678-MEIER X VALQUEIRE,Fetranspor,235,17545722,"-22.8769","-43.319"
678,678-MEIER X VALQUEIRE,Fetranspor,236,17545722,"-22.8769","-43.319"
678,678-MEIER X VALQUEIRE,Fetranspor,237,17545722,"-22.8777","-43.3182"
678,678-MEIER X VALQUEIRE,Fetranspor,238,17545722,"-22.8777","-43.3182"
678,678-MEIER X VALQUEIRE,Fetranspor,239,17545722,"-22.8787","-43.3195"
678,678-MEIER X VALQUEIRE,Fetranspor,240,17545722,"-22.8787","-43.3195"
678,678-MEIER X VALQUEIRE,Fetranspor,241,17545722,"-22.8798","-43.3209"
678,678-MEIER X VALQUEIRE,Fetranspor,242,17545722,"-22.8798","-43.3209"
678,678-MEIER X VALQUEIRE,Fetranspor,243,17545722,"-22.8807","-43.3219"
678,678-MEIER X VALQUEIRE,Fetranspor,244,17545722,"-22.8807","-43.3219"
678,678-MEIER X VALQUEIRE,Fetranspor,245,17545722,"-22.8814","-43.3213"
678,678-MEIER X VALQUEIRE,Fetranspor,246,17545722,"-22.8814","-43.3213"
678,678-MEIER X VALQUEIRE,Fetranspor,247,17545722,"-22.8819","-43.3219"
678,678-MEIER X VALQUEIRE,Fetranspor,248,17545722,"-22.8826","-43.3227"
678,678-MEIER X VALQUEIRE,Fetranspor,249,17545722,"-22.8826","-43.3227"
678,678-MEIER X VALQUEIRE,Fetranspor,250,17545722,"-22.8823","-43.3239"
678,678-MEIER X VALQUEIRE,Fetranspor,251,17545722,"-22.8823","-43.3239"
678,678-MEIER X VALQUEIRE,Fetranspor,252,17545722,"-22.8822","-43.3244"
678,678-MEIER X VALQUEIRE,Fetranspor,253,17545722,"-22.882","-43.3247"
678,678-MEIER X VALQUEIRE,Fetranspor,254,17545722,"-22.882","-43.3249"
678,678-MEIER X VALQUEIRE,Fetranspor,255,17545722,"-22.882","-43.3249"
678,678-MEIER X VALQUEIRE,Fetranspor,256,17545722,"-22.8819","-43.3248"
678,678-MEIER X VALQUEIRE,Fetranspor,257,17545722,"-22.8819","-43.3248"
678,678-MEIER X VALQUEIRE,Fetranspor,258,17545722,"-22.8816","-43.3245"
678,678-MEIER X VALQUEIRE,Fetranspor,259,17545722,"-22.8816","-43.3245"
678,678-MEIER X VALQUEIRE,Fetranspor,260,17545722,"-22.8812","-43.324"
678,678-MEIER X VALQUEIRE,Fetranspor,261,17545722,"-22.8812","-43.324"
678,678-MEIER X VALQUEIRE,Fetranspor,262,17545722,"-22.8807","-43.3245"
678,678-MEIER X VALQUEIRE,Fetranspor,263,17545722,"-22.8807","-43.3245"
678,678-MEIER X VALQUEIRE,Fetranspor,264,17545722,"-22.8804","-43.3247"
678,678-MEIER X VALQUEIRE,Fetranspor,265,17545722,"-22.8804","-43.3247"
678,678-MEIER X VALQUEIRE,Fetranspor,266,17545722,"-22.8797","-43.3254"
678,678-MEIER X VALQUEIRE,Fetranspor,267,17545722,"-22.8797","-43.3254"
678,678-MEIER X VALQUEIRE,Fetranspor,268,17545722,"-22.8803","-43.326"
678,678-MEIER X VALQUEIRE,Fetranspor,269,17545722,"-22.8803","-43.326"
678,678-MEIER X VALQUEIRE,Fetranspor,270,17545722,"-22.8807","-43.3262"
678,678-MEIER X VALQUEIRE,Fetranspor,271,17545722,"-22.8808","-43.3262"
678,678-MEIER X VALQUEIRE,Fetranspor,272,17545722,"-22.8808","-43.3262"
678,678-MEIER X VALQUEIRE,Fetranspor,273,17545722,"-22.8815","-43.3264"
678,678-MEIER X VALQUEIRE,Fetranspor,274,17545722,"-22.882","-43.3265"
678,678-MEIER X VALQUEIRE,Fetranspor,275,17545722,"-22.882","-43.3265"
678,678-MEIER X VALQUEIRE,Fetranspor,276,17545722,"-22.8821","-43.3269"
678,678-MEIER X VALQUEIRE,Fetranspor,277,17545722,"-22.8822","-43.3278"
678,678-MEIER X VALQUEIRE,Fetranspor,278,17545722,"-22.8822","-43.328"
678,678-MEIER X VALQUEIRE,Fetranspor,279,17545722,"-22.8822","-43.3283"
678,678-MEIER X VALQUEIRE,Fetranspor,280,17545722,"-22.8821","-43.3287"
678,678-MEIER X VALQUEIRE,Fetranspor,281,17545722,"-22.8821","-43.3288"
678,678-MEIER X VALQUEIRE,Fetranspor,282,17545722,"-22.8819","-43.3292"
678,678-MEIER X VALQUEIRE,Fetranspor,283,17545722,"-22.8818","-43.3293"
678,678-MEIER X VALQUEIRE,Fetranspor,284,17545722,"-22.8813","-43.3303"
678,678-MEIER X VALQUEIRE,Fetranspor,285,17545722,"-22.8813","-43.3303"
678,678-MEIER X VALQUEIRE,Fetranspor,286,17545722,"-22.881","-43.3308"
678,678-MEIER X VALQUEIRE,Fetranspor,287,17545722,"-22.8804","-43.3317"
678,678-MEIER X VALQUEIRE,Fetranspor,288,17545722,"-22.8798","-43.3327"
678,678-MEIER X VALQUEIRE,Fetranspor,289,17545722,"-22.8798","-43.3327"
678,678-MEIER X VALQUEIRE,Fetranspor,290,17545722,"-22.8798","-43.3328"
678,678-MEIER X VALQUEIRE,Fetranspor,291,17545722,"-22.8797","-43.333"
678,678-MEIER X VALQUEIRE,Fetranspor,292,17545722,"-22.8797","-43.3332"
678,678-MEIER X VALQUEIRE,Fetranspor,293,17545722,"-22.8797","-43.334"
678,678-MEIER X VALQUEIRE,Fetranspor,294,17545722,"-22.8797","-43.3344"
678,678-MEIER X VALQUEIRE,Fetranspor,295,17545722,"-22.8797","-43.3344"
678,678-MEIER X VALQUEIRE,Fetranspor,296,17545722,"-22.8797","-43.3351"
678,678-MEIER X VALQUEIRE,Fetranspor,297,17545722,"-22.8797","-43.3351"
678,678-MEIER X VALQUEIRE,Fetranspor,298,17545722,"-22.8797","-43.3374"
678,678-MEIER X VALQUEIRE,Fetranspor,299,17545722,"-22.8797","-43.3374"
678,678-MEIER X VALQUEIRE,Fetranspor,300,17545722,"-22.8797","-43.3416"
678,678-MEIER X VALQUEIRE,Fetranspor,301,17545722,"-22.8797","-43.3416"
678,678-MEIER X VALQUEIRE,Fetranspor,302,17545722,"-22.8797","-43.3417"
678,678-MEIER X VALQUEIRE,Fetranspor,303,17545722,"-22.8798","-43.3418"
678,678-MEIER X VALQUEIRE,Fetranspor,304,17545722,"-22.8799","-43.3419"
678,678-MEIER X VALQUEIRE,Fetranspor,305,17545722,"-22.8799","-43.3419"
678,678-MEIER X VALQUEIRE,Fetranspor,306,17545722,"-22.88","-43.3419"
678,678-MEIER X VALQUEIRE,Fetranspor,307,17545722,"-22.8801","-43.3419"
678,678-MEIER X VALQUEIRE,Fetranspor,308,17545722,"-22.8801","-43.3419"
678,678-MEIER X VALQUEIRE,Fetranspor,309,17545722,"-22.8806","-43.3419"
678,678-MEIER X VALQUEIRE,Fetranspor,310,17545722,"-22.8806","-43.3419"
678,678-MEIER X VALQUEIRE,Fetranspor,311,17545722,"-22.8808","-43.3419"
678,678-MEIER X VALQUEIRE,Fetranspor,312,17545722,"-22.8825","-43.3422"
678,678-MEIER X VALQUEIRE,Fetranspor,313,17545722,"-22.8827","-43.3422"
678,678-MEIER X VALQUEIRE,Fetranspor,314,17545722,"-22.8827","-43.3422"
678,678-MEIER X VALQUEIRE,Fetranspor,315,17545722,"-22.8829","-43.3423"
678,678-MEIER X VALQUEIRE,Fetranspor,316,17545722,"-22.8831","-43.3425"
678,678-MEIER X VALQUEIRE,Fetranspor,317,17545722,"-22.8833","-43.3426"
678,678-MEIER X VALQUEIRE,Fetranspor,318,17545722,"-22.8834","-43.3426"
678,678-MEIER X VALQUEIRE,Fetranspor,319,17545722,"-22.8834","-43.3426"
678,678-MEIER X VALQUEIRE,Fetranspor,320,17545722,"-22.8839","-43.3428"
678,678-MEIER X VALQUEIRE,Fetranspor,321,17545722,"-22.8849","-43.3431"
678,678-MEIER X VALQUEIRE,Fetranspor,322,17545722,"-22.8852","-43.3432"
678,678-MEIER X VALQUEIRE,Fetranspor,323,17545722,"-22.8852","-43.3432"
678,678-MEIER X VALQUEIRE,Fetranspor,324,17545722,"-22.8852","-43.3432"
678,678-MEIER X VALQUEIRE,Fetranspor,325,17545722,"-22.8854","-43.3434"
678,678-MEIER X VALQUEIRE,Fetranspor,326,17545722,"-22.8857","-43.3437"
678,678-MEIER X VALQUEIRE,Fetranspor,327,17545722,"-22.8857","-43.3437"
678,678-MEIER X VALQUEIRE,Fetranspor,328,17545722,"-22.8872","-43.345"
678,678-MEIER X VALQUEIRE,Fetranspor,329,17545722,"-22.8872","-43.345"
678,678-MEIER X VALQUEIRE,Fetranspor,330,17545722,"-22.8888","-43.3462"
678,678-MEIER X VALQUEIRE,Fetranspor,331,17545722,"-22.8888","-43.3462"
678,678-MEIER X VALQUEIRE,Fetranspor,332,17545722,"-22.8895","-43.3466"
678,678-MEIER X VALQUEIRE,Fetranspor,333,17545722,"-22.8901","-43.347"
678,678-MEIER X VALQUEIRE,Fetranspor,334,17545722,"-22.8901","-43.347"
678,678-MEIER X VALQUEIRE,Fetranspor,335,17545722,"-22.891","-43.3476"
678,678-MEIER X VALQUEIRE,Fetranspor,336,17545722,"-22.8913","-43.3477"
678,678-MEIER X VALQUEIRE,Fetranspor,337,17545722,"-22.8913","-43.3477"
678,678-MEIER X VALQUEIRE,Fetranspor,338,17545722,"-22.8922","-43.3483"
678,678-MEIER X VALQUEIRE,Fetranspor,339,17545722,"-22.8922","-43.3483"
678,678-MEIER X VALQUEIRE,Fetranspor,340,17545722,"-22.893","-43.3488"
678,678-MEIER X VALQUEIRE,Fetranspor,341,17545722,"-22.893","-43.3488"
678,678-MEIER X VALQUEIRE,Fetranspor,342,17545722,"-22.8931","-43.3488"
678,678-MEIER X VALQUEIRE,Fetranspor,343,17545722,"-22.8933","-43.3489"
678,678-MEIER X VALQUEIRE,Fetranspor,344,17545722,"-22.8933","-43.3489"
678,678-MEIER X VALQUEIRE,Fetranspor,345,17545722,"-22.8939","-43.3492"
678,678-MEIER X VALQUEIRE,Fetranspor,346,17545722,"-22.8939","-43.3492"
678,678-MEIER X VALQUEIRE,Fetranspor,347,17545722,"-22.8943","-43.3494"
678,678-MEIER X VALQUEIRE,Fetranspor,348,17545722,"-22.8944","-43.3495"
678,678-MEIER X VALQUEIRE,Fetranspor,349,17545722,"-22.8944","-43.3495"
678,678-MEIER X VALQUEIRE,Fetranspor,350,17545722,"-22.8945","-43.3496"
678,678-MEIER X VALQUEIRE,Fetranspor,351,17545722,"-22.8946","-43.3496"
678,678-MEIER X VALQUEIRE,Fetranspor,352,17545722,"-22.8949","-43.3499"
678,678-MEIER X VALQUEIRE,Fetranspor,353,17545722,"-22.895","-43.35"
678,678-MEIER X VALQUEIRE,Fetranspor,354,17545722,"-22.895","-43.35"
678,678-MEIER X VALQUEIRE,Fetranspor,355,17545722,"-22.8953","-43.3501"
678,678-MEIER X VALQUEIRE,Fetranspor,356,17545722,"-22.8954","-43.3502"
678,678-MEIER X VALQUEIRE,Fetranspor,357,17545722,"-22.8967","-43.3513"
678,678-MEIER X VALQUEIRE,Fetranspor,358,17545722,"-22.897","-43.3516"
678,678-MEIER X VALQUEIRE,Fetranspor,359,17545722,"-22.897","-43.3516"
678,678-MEIER X VALQUEIRE,Fetranspor,360,17545722,"-22.8968","-43.3518"
678,678-MEIER X VALQUEIRE,Fetranspor,361,17545722,"-22.8966","-43.3521"
678,678-MEIER X VALQUEIRE,Fetranspor,362,17545722,"-22.8966","-43.3521"
678,678-MEIER X VALQUEIRE,Fetranspor,363,17545722,"-22.8954","-43.3537"
678,678-MEIER X VALQUEIRE,Fetranspor,364,17545722,"-22.8954","-43.3537"
678,678-MEIER X VALQUEIRE,Fetranspor,365,17545722,"-22.8946","-43.3549"
678,678-MEIER X VALQUEIRE,Fetranspor,366,17545722,"-22.8946","-43.3549"
678,678-MEIER X VALQUEIRE,Fetranspor,367,17545722,"-22.8942","-43.3553"
678,678-MEIER X VALQUEIRE,Fetranspor,368,17545722,"-22.8942","-43.3554"
678,678-MEIER X VALQUEIRE,Fetranspor,369,17545722,"-22.8941","-43.3554"
678,678-MEIER X VALQUEIRE,Fetranspor,370,17545722,"-22.894","-43.3555"
678,678-MEIER X VALQUEIRE,Fetranspor,371,17545722,"-22.8939","-43.3555"
678,678-MEIER X VALQUEIRE,Fetranspor,372,17545722,"-22.8939","-43.3555"
678,678-MEIER X VALQUEIRE,Fetranspor,373,17545722,"-22.8939","-43.3555"
678,678-MEIER X VALQUEIRE,Fetranspor,374,17545722,"-22.8938","-43.3555"
678,678-MEIER X VALQUEIRE,Fetranspor,375,17545722,"-22.8937","-43.3555"
678,678-MEIER X VALQUEIRE,Fetranspor,376,17545722,"-22.8934","-43.356"
678,678-MEIER X VALQUEIRE,Fetranspor,377,17545722,"-22.8934","-43.356"
678,678-MEIER X VALQUEIRE,Fetranspor,378,17545722,"-22.8931","-43.3563"
678,678-MEIER X VALQUEIRE,Fetranspor,379,17545722,"-22.8921","-43.3575"
678,678-MEIER X VALQUEIRE,Fetranspor,380,17545722,"-22.8919","-43.3577"
678,678-MEIER X VALQUEIRE,Fetranspor,381,17545722,"-22.8916","-43.3579"
678,678-MEIER X VALQUEIRE,Fetranspor,382,17545722,"-22.8916","-43.358"
678,678-MEIER X VALQUEIRE,Fetranspor,383,17545722,"-22.8916","-43.358"
678,678-MEIER X VALQUEIRE,Fetranspor,384,17545722,"-22.8914","-43.3581"
678,678-MEIER X VALQUEIRE,Fetranspor,385,17545722,"-22.8914","-43.3581"
678,678-MEIER X VALQUEIRE,Fetranspor,386,17545722,"-22.8912","-43.3579"
678,678-MEIER X VALQUEIRE,Fetranspor,387,17545722,"-22.8906","-43.3576"
678,678-MEIER X VALQUEIRE,Fetranspor,388,17545722,"-22.8906","-43.3576"
678,678-MEIER X VALQUEIRE,Fetranspor,389,17545722,"-22.8893","-43.3568"
678,678-MEIER X VALQUEIRE,Fetranspor,390,17545722,"-22.8893","-43.3568"
678,678-MEIER X VALQUEIRE,Fetranspor,391,17545722,"-22.8893","-43.3568"
678,678-MEIER X VALQUEIRE,Fetranspor,392,17545722,"-22.8893","-43.3568"
678,678-MEIER X VALQUEIRE,Fetranspor,393,17545722,"-22.8887","-43.3565"
678,678-MEIER X VALQUEIRE,Fetranspor,394,17545722,"-22.8884","-43.3563"
678,678-MEIER X VALQUEIRE,Fetranspor,395,17545722,"-22.8882","-43.3561"
678,678-MEIER X VALQUEIRE,Fetranspor,396,17545722,"-22.8882","-43.3561"
678,678-MEIER X VALQUEIRE,Fetranspor,397,17545722,"-22.887","-43.3553"
678,678-MEIER X VALQUEIRE,Fetranspor,398,17545722,"-22.887","-43.3553"
678,678-MEIER X VALQUEIRE,Fetranspor,399,17545722,"-22.887","-43.3553"
678,678-MEIER X VALQUEIRE,Fetranspor,400,17545722,"-22.8867","-43.3552"
678,678-MEIER X VALQUEIRE,Fetranspor,401,17545722,"-22.8867","-43.3552"
678,678-MEIER X VALQUEIRE,Fetranspor,402,17545722,"-22.8867","-43.3552"
678,678-MEIER X VALQUEIRE,Fetranspor,403,17545722,"-22.8864","-43.3551"
678,678-MEIER X VALQUEIRE,Fetranspor,404,17545722,"-22.8864","-43.3551"
678,678-MEIER X VALQUEIRE,Fetranspor,405,17545722,"-22.8862","-43.355"
678,678-MEIER X VALQUEIRE,Fetranspor,406,17545722,"-22.8861","-43.355"
678,678-MEIER X VALQUEIRE,Fetranspor,407,17545722,"-22.886","-43.355"
678,678-MEIER X VALQUEIRE,Fetranspor,408,17545722,"-22.8859","-43.355"
678,678-MEIER X VALQUEIRE,Fetranspor,409,17545722,"-22.8859","-43.355"
678,678-MEIER X VALQUEIRE,Fetranspor,410,17545722,"-22.8857","-43.3551"
678,678-MEIER X VALQUEIRE,Fetranspor,411,17545722,"-22.8857","-43.3551"
678,678-MEIER X VALQUEIRE,Fetranspor,412,17545722,"-22.8854","-43.3552"
678,678-MEIER X VALQUEIRE,Fetranspor,413,17545722,"-22.8852","-43.3553"
678,678-MEIER X VALQUEIRE,Fetranspor,414,17545722,"-22.8851","-43.3554"
678,678-MEIER X VALQUEIRE,Fetranspor,415,17545722,"-22.8851","-43.3554"
678,678-MEIER X VALQUEIRE,Fetranspor,416,17545722,"-22.8851","-43.3555"
678,678-MEIER X VALQUEIRE,Fetranspor,417,17545722,"-22.8851","-43.3555"
678,678-MEIER X VALQUEIRE,Fetranspor,418,17545722,"-22.885","-43.3556"
678,678-MEIER X VALQUEIRE,Fetranspor,419,17545722,"-22.885","-43.3557"
678,678-MEIER X VALQUEIRE,Fetranspor,420,17545722,"-22.8849","-43.3558"
678,678-MEIER X VALQUEIRE,Fetranspor,421,17545722,"-22.8849","-43.3562"
678,678-MEIER X VALQUEIRE,Fetranspor,422,17545722,"-22.8848","-43.3563"
678,678-MEIER X VALQUEIRE,Fetranspor,423,17545722,"-22.8847","-43.3564"
678,678-MEIER X VALQUEIRE,Fetranspor,424,17545722,"-22.8845","-43.3567"
678,678-MEIER X VALQUEIRE,Fetranspor,425,17545722,"-22.8845","-43.3567"
678,678-MEIER X VALQUEIRE,Fetranspor,426,17545722,"-22.8832","-43.3577"
678,678-MEIER X VALQUEIRE,Fetranspor,427,17545722,"-22.8832","-43.3577"
678,678-MEIER X VALQUEIRE,Fetranspor,428,17545722,"-22.8827","-43.3582"
678,678-MEIER X VALQUEIRE,Fetranspor,429,17545722,"-22.8818","-43.3589"
678,678-MEIER X VALQUEIRE,Fetranspor,430,17545722,"-22.8817","-43.359"
678,678-MEIER X VALQUEIRE,Fetranspor,431,17545722,"-22.8817","-43.3591"
678,678-MEIER X VALQUEIRE,Fetranspor,432,17545722,"-22.8817","-43.3591"
678,678-MEIER X VALQUEIRE,Fetranspor,433,17545722,"-22.8815","-43.3593"
678,678-MEIER X VALQUEIRE,Fetranspor,434,17545722,"-22.8807","-43.36"
678,678-MEIER X VALQUEIRE,Fetranspor,435,17545722,"-22.8807","-43.36"
678,678-MEIER X VALQUEIRE,Fetranspor,436,17545722,"-22.8805","-43.3601"
678,678-MEIER X VALQUEIRE,Fetranspor,437,17545722,"-22.8804","-43.3602"
678,678-MEIER X VALQUEIRE,Fetranspor,438,17545722,"-22.8803","-43.3602"
678,678-MEIER X VALQUEIRE,Fetranspor,439,17545722,"-22.8803","-43.3602"
678,678-MEIER X VALQUEIRE,Fetranspor,440,17545722,"-22.8806","-43.3608"
678,678-MEIER X VALQUEIRE,Fetranspor,441,17545722,"-22.8806","-43.3608"
678,678-MEIER X VALQUEIRE,Fetranspor,442,17545722,"-22.8812","-43.3618"
678,678-MEIER X VALQUEIRE,Fetranspor,443,17545722,"-22.8812","-43.3618"
678,678-MEIER X VALQUEIRE,Fetranspor,444,17545722,"-22.8819","-43.363"
678,678-MEIER X VALQUEIRE,Fetranspor,445,17545722,"-22.8819","-43.363"
678,678-MEIER X VALQUEIRE,Fetranspor,446,17545722,"-22.8818","-43.3631"
678,678-MEIER X VALQUEIRE,Fetranspor,447,17545722,"-22.8818","-43.3631"
678,678-MEIER X VALQUEIRE,Fetranspor,448,17545722,"-22.8818","-43.3633"
678,678-MEIER X VALQUEIRE,Fetranspor,449,17545722,"-22.8818","-43.3633"
678,678-MEIER X VALQUEIRE,Fetranspor,450,17545722,"-22.8818","-43.3633"
678,678-MEIER X VALQUEIRE,Fetranspor,451,17545722,"-22.8801","-43.3633"
678,678-MEIER X VALQUEIRE,Fetranspor,452,17545722,"-22.8801","-43.3633"
678,678-MEIER X VALQUEIRE,Fetranspor,453,17545722,"-22.8801","-43.3632"
678,678-MEIER X VALQUEIRE,Fetranspor,454,17545722,"-22.8801","-43.3632"
678,678-MEIER X VALQUEIRE,Fetranspor,455,17545722,"-22.8801","-43.3631"
678,678-MEIER X VALQUEIRE,Fetranspor,456,17545722,"-22.88","-43.3631"
678,678-MEIER X VALQUEIRE,Fetranspor,457,17545722,"-22.88","-43.3631"
678,678-MEIER X VALQUEIRE,Fetranspor,458,17545722,"-22.88","-43.3631"
678,678-MEIER X VALQUEIRE,Fetranspor,459,17545722,"-22.8799","-43.3631"
678,678-MEIER X VALQUEIRE,Fetranspor,460,17545722,"-22.8799","-43.3631"
678,678-MEIER X VALQUEIRE,Fetranspor,461,17545722,"-22.8799","-43.3631"
678,678-MEIER X VALQUEIRE,Fetranspor,462,17545722,"-22.8798","-43.3632"
678,678-MEIER X VALQUEIRE,Fetranspor,463,17545722,"-22.8798","-43.3632"
678,678-MEIER X VALQUEIRE,Fetranspor,464,17545722,"-22.8798","-43.3633"
678,678-MEIER X VALQUEIRE,Fetranspor,465,17545722,"-22.8798","-43.3633"
678,678-MEIER X VALQUEIRE,Fetranspor,466,17545722,"-22.8788","-43.3633"
678,678-MEIER X VALQUEIRE,Fetranspor,467,17545722,"-22.8784","-43.3633"
678,678-MEIER X VALQUEIRE,Fetranspor,468,17545722,"-22.8784","-43.3633"
678,678-MEIER X VALQUEIRE,Fetranspor,469,17545722,"-22.8784","-43.3633"
678,678-MEIER X VALQUEIRE,Fetranspor,470,17545722,"-22.8784","-43.3632"
678,678-MEIER X VALQUEIRE,Fetranspor,471,17545722,"-22.8784","-43.3631"
678,678-MEIER X VALQUEIRE,Fetranspor,472,17545722,"-22.8784","-43.3631"
678,678-MEIER X VALQUEIRE,Fetranspor,473,17545722,"-22.8783","-43.3631"
678,678-MEIER X VALQUEIRE,Fetranspor,474,17545722,"-22.8783","-43.3631"
678,678-MEIER X VALQUEIRE,Fetranspor,475,17545722,"-22.8782","-43.3631"
678,678-MEIER X VALQUEIRE,Fetranspor,476,17545722,"-22.8782","-43.3632"
678,678-MEIER X VALQUEIRE,Fetranspor,477,17545722,"-22.8782","-43.3632"
678,678-MEIER X VALQUEIRE,Fetranspor,478,17545722,"-22.8782","-43.3632"
678,678-MEIER X VALQUEIRE,Fetranspor,479,17545722,"-22.8782","-43.3632"
678,678-MEIER X VALQUEIRE,Fetranspor,480,17545722,"-22.8782","-43.3633"
678,678-MEIER X VALQUEIRE,Fetranspor,481,17545722,"-22.8782","-43.3633"
678,678-MEIER X VALQUEIRE,Fetranspor,482,17545722,"-22.8782","-43.3634"
678,678-MEIER X VALQUEIRE,Fetranspor,483,17545722,"-22.8782","-43.3634"
678,678-MEIER X VALQUEIRE,Fetranspor,484,17545722,"-22.8782","-43.3634"
678,678-MEIER X VALQUEIRE,Fetranspor,485,17545722,"-22.8783","-43.3634"
678,678-MEIER X VALQUEIRE,Fetranspor,486,17545722,"-22.8783","-43.3634"
678,678-MEIER X VALQUEIRE,Fetranspor,487,17545722,"-22.8783","-43.3634"
678,678-MEIER X VALQUEIRE,Fetranspor,488,17545722,"-22.8783","-43.3634"
678,678-MEIER X VALQUEIRE,Fetranspor,489,17545722,"-22.8784","-43.3634"
678,678-MEIER X VALQUEIRE,Fetranspor,490,17545722,"-22.8786","-43.3636"
678,678-MEIER X VALQUEIRE,Fetranspor,491,17545722,"-22.8787","-43.3637"
678,678-MEIER X VALQUEIRE,Fetranspor,492,17545722,"-22.8787","-43.3637"
678,678-MEIER X VALQUEIRE,Fetranspor,493,17545722,"-22.8804","-43.3656"
678,678-MEIER X VALQUEIRE,Fetranspor,494,17545722,"-22.8804","-43.3656"
678,678-MEIER X VALQUEIRE,Fetranspor,495,17545722,"-22.8808","-43.3661"
678,678-MEIER X VALQUEIRE,Fetranspor,496,17545722,"-22.8812","-43.3665"
678,678-MEIER X VALQUEIRE,Fetranspor,497,17545722,"-22.8815","-43.3669"
678,678-MEIER X VALQUEIRE,Fetranspor,498,17545722,"-22.8815","-43.3669"
678,678-MEIER X VALQUEIRE,Fetranspor,499,17545722,"-22.8816","-43.367"
678,678-MEIER X VALQUEIRE,Fetranspor,500,17545722,"-22.8816","-43.367"
678,678-MEIER X VALQUEIRE,Fetranspor,501,17545722,"-22.8828","-43.3671"
678,678-MEIER X VALQUEIRE,Fetranspor,502,17545722,"-22.8828","-43.3671"
678,678-MEIER X VALQUEIRE,Fetranspor,503,17545722,"-22.8829","-43.3671"
