linha,descricao,agencia,sequencia,shape_id,latitude,longitude
686,686-FAZENDA DA BICA X MADUREIRA (CIRCULAR),Fetranspor,0,17415692,"-22.8918","-43.3338"
686,686-FAZENDA DA BICA X MADUREIRA (CIRCULAR),Fetranspor,1,17415692,"-22.8923","-43.3345"
686,686-FAZENDA DA BICA X MADUREIRA (CIRCULAR),Fetranspor,2,17415692,"-22.8923","-43.3345"
686,686-FAZENDA DA BICA X MADUREIRA (CIRCULAR),Fetranspor,3,17415692,"-22.893","-43.3338"
686,686-FAZENDA DA BICA X MADUREIRA (CIRCULAR),Fetranspor,4,17415692,"-22.8932","-43.3335"
686,686-FAZENDA DA BICA X MADUREIRA (CIRCULAR),Fetranspor,5,17415692,"-22.8932","-43.3335"
686,686-FAZENDA DA BICA X MADUREIRA (CIRCULAR),Fetranspor,6,17415692,"-22.8938","-43.3329"
686,686-FAZENDA DA BICA X MADUREIRA (CIRCULAR),Fetranspor,7,17415692,"-22.8938","-43.3329"
686,686-FAZENDA DA BICA X MADUREIRA (CIRCULAR),Fetranspor,8,17415692,"-22.8933","-43.3321"
686,686-FAZENDA DA BICA X MADUREIRA (CIRCULAR),Fetranspor,9,17415692,"-22.8933","-43.3321"
686,686-FAZENDA DA BICA X MADUREIRA (CIRCULAR),Fetranspor,10,17415692,"-22.8927","-43.3313"
686,686-FAZENDA DA BICA X MADUREIRA (CIRCULAR),Fetranspor,11,17415692,"-22.8927","-43.3313"
686,686-FAZENDA DA BICA X MADUREIRA (CIRCULAR),Fetranspor,12,17415692,"-22.8922","-43.3304"
686,686-FAZENDA DA BICA X MADUREIRA (CIRCULAR),Fetranspor,13,17415692,"-22.8922","-43.3304"
686,686-FAZENDA DA BICA X MADUREIRA (CIRCULAR),Fetranspor,14,17415692,"-22.8913","-43.331"
686,686-FAZENDA DA BICA X MADUREIRA (CIRCULAR),Fetranspor,15,17415692,"-22.8913","-43.331"
686,686-FAZENDA DA BICA X MADUREIRA (CIRCULAR),Fetranspor,16,17415692,"-22.8907","-43.3301"
686,686-FAZENDA DA BICA X MADUREIRA (CIRCULAR),Fetranspor,17,17415692,"-22.8907","-43.3301"
686,686-FAZENDA DA BICA X MADUREIRA (CIRCULAR),Fetranspor,18,17415692,"-22.8904","-43.3304"
686,686-FAZENDA DA BICA X MADUREIRA (CIRCULAR),Fetranspor,19,17415692,"-22.8904","-43.3304"
686,686-FAZENDA DA BICA X MADUREIRA (CIRCULAR),Fetranspor,20,17415692,"-22.8896","-43.3293"
686,686-FAZENDA DA BICA X MADUREIRA (CIRCULAR),Fetranspor,21,17415692,"-22.8896","-43.3293"
686,686-FAZENDA DA BICA X MADUREIRA (CIRCULAR),Fetranspor,22,17415692,"-22.8895","-43.3292"
686,686-FAZENDA DA BICA X MADUREIRA (CIRCULAR),Fetranspor,23,17415692,"-22.8895","-43.3292"
686,686-FAZENDA DA BICA X MADUREIRA (CIRCULAR),Fetranspor,24,17415692,"-22.889","-43.3286"
686,686-FAZENDA DA BICA X MADUREIRA (CIRCULAR),Fetranspor,25,17415692,"-22.8888","-43.3283"
686,686-FAZENDA DA BICA X MADUREIRA (CIRCULAR),Fetranspor,26,17415692,"-22.8888","-43.3283"
686,686-FAZENDA DA BICA X MADUREIRA (CIRCULAR),Fetranspor,27,17415692,"-22.8901","-43.3265"
686,686-FAZENDA DA BICA X MADUREIRA (CIRCULAR),Fetranspor,28,17415692,"-22.8901","-43.3265"
686,686-FAZENDA DA BICA X MADUREIRA (CIRCULAR),Fetranspor,29,17415692,"-22.889","-43.3257"
686,686-FAZENDA DA BICA X MADUREIRA (CIRCULAR),Fetranspor,30,17415692,"-22.889","-43.3257"
686,686-FAZENDA DA BICA X MADUREIRA (CIRCULAR),Fetranspor,31,17415692,"-22.8885","-43.3253"
686,686-FAZENDA DA BICA X MADUREIRA (CIRCULAR),Fetranspor,32,17415692,"-22.8874","-43.3244"
686,686-FAZENDA DA BICA X MADUREIRA (CIRCULAR),Fetranspor,33,17415692,"-22.8871","-43.3243"
686,686-FAZENDA DA BICA X MADUREIRA (CIRCULAR),Fetranspor,34,17415692,"-22.8871","-43.3241"
686,686-FAZENDA DA BICA X MADUREIRA (CIRCULAR),Fetranspor,35,17415692,"-22.8871","-43.3241"
686,686-FAZENDA DA BICA X MADUREIRA (CIRCULAR),Fetranspor,36,17415692,"-22.887","-43.3242"
686,686-FAZENDA DA BICA X MADUREIRA (CIRCULAR),Fetranspor,37,17415692,"-22.8866","-43.3244"
686,686-FAZENDA DA BICA X MADUREIRA (CIRCULAR),Fetranspor,38,17415692,"-22.886","-43.3249"
686,686-FAZENDA DA BICA X MADUREIRA (CIRCULAR),Fetranspor,39,17415692,"-22.886","-43.3249"
686,686-FAZENDA DA BICA X MADUREIRA (CIRCULAR),Fetranspor,40,17415692,"-22.8856","-43.3251"
686,686-FAZENDA DA BICA X MADUREIRA (CIRCULAR),Fetranspor,41,17415692,"-22.885","-43.3257"
686,686-FAZENDA DA BICA X MADUREIRA (CIRCULAR),Fetranspor,42,17415692,"-22.885","-43.3257"
686,686-FAZENDA DA BICA X MADUREIRA (CIRCULAR),Fetranspor,43,17415692,"-22.8847","-43.3261"
686,686-FAZENDA DA BICA X MADUREIRA (CIRCULAR),Fetranspor,44,17415692,"-22.8847","-43.3261"
686,686-FAZENDA DA BICA X MADUREIRA (CIRCULAR),Fetranspor,45,17415692,"-22.8845","-43.3262"
686,686-FAZENDA DA BICA X MADUREIRA (CIRCULAR),Fetranspor,46,17415692,"-22.8845","-43.3262"
686,686-FAZENDA DA BICA X MADUREIRA (CIRCULAR),Fetranspor,47,17415692,"-22.8841","-43.3268"
686,686-FAZENDA DA BICA X MADUREIRA (CIRCULAR),Fetranspor,48,17415692,"-22.8841","-43.3268"
686,686-FAZENDA DA BICA X MADUREIRA (CIRCULAR),Fetranspor,49,17415692,"-22.883","-43.328"
686,686-FAZENDA DA BICA X MADUREIRA (CIRCULAR),Fetranspor,50,17415692,"-22.883","-43.328"
686,686-FAZENDA DA BICA X MADUREIRA (CIRCULAR),Fetranspor,51,17415692,"-22.8829","-43.3282"
686,686-FAZENDA DA BICA X MADUREIRA (CIRCULAR),Fetranspor,52,17415692,"-22.8822","-43.3289"
686,686-FAZENDA DA BICA X MADUREIRA (CIRCULAR),Fetranspor,53,17415692,"-22.8821","-43.329"
686,686-FAZENDA DA BICA X MADUREIRA (CIRCULAR),Fetranspor,54,17415692,"-22.8821","-43.329"
686,686-FAZENDA DA BICA X MADUREIRA (CIRCULAR),Fetranspor,55,17415692,"-22.882","-43.3292"
686,686-FAZENDA DA BICA X MADUREIRA (CIRCULAR),Fetranspor,56,17415692,"-22.882","-43.3292"
686,686-FAZENDA DA BICA X MADUREIRA (CIRCULAR),Fetranspor,57,17415692,"-22.8814","-43.3301"
686,686-FAZENDA DA BICA X MADUREIRA (CIRCULAR),Fetranspor,58,17415692,"-22.8814","-43.3301"
686,686-FAZENDA DA BICA X MADUREIRA (CIRCULAR),Fetranspor,59,17415692,"-22.8813","-43.3303"
686,686-FAZENDA DA BICA X MADUREIRA (CIRCULAR),Fetranspor,60,17415692,"-22.8813","-43.3303"
686,686-FAZENDA DA BICA X MADUREIRA (CIRCULAR),Fetranspor,61,17415692,"-22.881","-43.3308"
686,686-FAZENDA DA BICA X MADUREIRA (CIRCULAR),Fetranspor,62,17415692,"-22.8804","-43.3317"
686,686-FAZENDA DA BICA X MADUREIRA (CIRCULAR),Fetranspor,63,17415692,"-22.8798","-43.3327"
686,686-FAZENDA DA BICA X MADUREIRA (CIRCULAR),Fetranspor,64,17415692,"-22.8798","-43.3327"
686,686-FAZENDA DA BICA X MADUREIRA (CIRCULAR),Fetranspor,65,17415692,"-22.8796","-43.333"
686,686-FAZENDA DA BICA X MADUREIRA (CIRCULAR),Fetranspor,66,17415692,"-22.8795","-43.3332"
686,686-FAZENDA DA BICA X MADUREIRA (CIRCULAR),Fetranspor,67,17415692,"-22.8794","-43.3333"
686,686-FAZENDA DA BICA X MADUREIRA (CIRCULAR),Fetranspor,68,17415692,"-22.8794","-43.3336"
686,686-FAZENDA DA BICA X MADUREIRA (CIRCULAR),Fetranspor,69,17415692,"-22.8793","-43.3339"
686,686-FAZENDA DA BICA X MADUREIRA (CIRCULAR),Fetranspor,70,17415692,"-22.8791","-43.3341"
686,686-FAZENDA DA BICA X MADUREIRA (CIRCULAR),Fetranspor,71,17415692,"-22.879","-43.3344"
686,686-FAZENDA DA BICA X MADUREIRA (CIRCULAR),Fetranspor,72,17415692,"-22.879","-43.3344"
686,686-FAZENDA DA BICA X MADUREIRA (CIRCULAR),Fetranspor,73,17415692,"-22.8789","-43.3347"
686,686-FAZENDA DA BICA X MADUREIRA (CIRCULAR),Fetranspor,74,17415692,"-22.8783","-43.3356"
686,686-FAZENDA DA BICA X MADUREIRA (CIRCULAR),Fetranspor,75,17415692,"-22.8783","-43.3356"
686,686-FAZENDA DA BICA X MADUREIRA (CIRCULAR),Fetranspor,76,17415692,"-22.8782","-43.3356"
686,686-FAZENDA DA BICA X MADUREIRA (CIRCULAR),Fetranspor,77,17415692,"-22.8782","-43.3356"
686,686-FAZENDA DA BICA X MADUREIRA (CIRCULAR),Fetranspor,78,17415692,"-22.8781","-43.3357"
686,686-FAZENDA DA BICA X MADUREIRA (CIRCULAR),Fetranspor,79,17415692,"-22.8772","-43.3371"
686,686-FAZENDA DA BICA X MADUREIRA (CIRCULAR),Fetranspor,80,17415692,"-22.8772","-43.3372"
686,686-FAZENDA DA BICA X MADUREIRA (CIRCULAR),Fetranspor,81,17415692,"-22.8772","-43.3372"
686,686-FAZENDA DA BICA X MADUREIRA (CIRCULAR),Fetranspor,82,17415692,"-22.8771","-43.3372"
686,686-FAZENDA DA BICA X MADUREIRA (CIRCULAR),Fetranspor,83,17415692,"-22.877","-43.3373"
686,686-FAZENDA DA BICA X MADUREIRA (CIRCULAR),Fetranspor,84,17415692,"-22.877","-43.3373"
686,686-FAZENDA DA BICA X MADUREIRA (CIRCULAR),Fetranspor,85,17415692,"-22.8768","-43.3377"
686,686-FAZENDA DA BICA X MADUREIRA (CIRCULAR),Fetranspor,86,17415692,"-22.8766","-43.338"
686,686-FAZENDA DA BICA X MADUREIRA (CIRCULAR),Fetranspor,87,17415692,"-22.8766","-43.338"
686,686-FAZENDA DA BICA X MADUREIRA (CIRCULAR),Fetranspor,88,17415692,"-22.876","-43.339"
686,686-FAZENDA DA BICA X MADUREIRA (CIRCULAR),Fetranspor,89,17415692,"-22.876","-43.339"
686,686-FAZENDA DA BICA X MADUREIRA (CIRCULAR),Fetranspor,90,17415692,"-22.8771","-43.3401"
686,686-FAZENDA DA BICA X MADUREIRA (CIRCULAR),Fetranspor,91,17415692,"-22.8771","-43.3401"
686,686-FAZENDA DA BICA X MADUREIRA (CIRCULAR),Fetranspor,92,17415692,"-22.8776","-43.3406"
686,686-FAZENDA DA BICA X MADUREIRA (CIRCULAR),Fetranspor,93,17415692,"-22.8777","-43.3407"
686,686-FAZENDA DA BICA X MADUREIRA (CIRCULAR),Fetranspor,94,17415692,"-22.8778","-43.3408"
686,686-FAZENDA DA BICA X MADUREIRA (CIRCULAR),Fetranspor,95,17415692,"-22.8781","-43.3409"
686,686-FAZENDA DA BICA X MADUREIRA (CIRCULAR),Fetranspor,96,17415692,"-22.8781","-43.3409"
686,686-FAZENDA DA BICA X MADUREIRA (CIRCULAR),Fetranspor,97,17415692,"-22.8784","-43.341"
686,686-FAZENDA DA BICA X MADUREIRA (CIRCULAR),Fetranspor,98,17415692,"-22.8784","-43.341"
686,686-FAZENDA DA BICA X MADUREIRA (CIRCULAR),Fetranspor,99,17415692,"-22.8791","-43.3414"
686,686-FAZENDA DA BICA X MADUREIRA (CIRCULAR),Fetranspor,100,17415692,"-22.8791","-43.3414"
686,686-FAZENDA DA BICA X MADUREIRA (CIRCULAR),Fetranspor,101,17415692,"-22.8793","-43.3416"
686,686-FAZENDA DA BICA X MADUREIRA (CIRCULAR),Fetranspor,102,17415692,"-22.8794","-43.3417"
686,686-FAZENDA DA BICA X MADUREIRA (CIRCULAR),Fetranspor,103,17415692,"-22.8795","-43.3418"
686,686-FAZENDA DA BICA X MADUREIRA (CIRCULAR),Fetranspor,104,17415692,"-22.8797","-43.3418"
686,686-FAZENDA DA BICA X MADUREIRA (CIRCULAR),Fetranspor,105,17415692,"-22.8799","-43.3419"
686,686-FAZENDA DA BICA X MADUREIRA (CIRCULAR),Fetranspor,106,17415692,"-22.8799","-43.3419"
686,686-FAZENDA DA BICA X MADUREIRA (CIRCULAR),Fetranspor,107,17415692,"-22.88","-43.3419"
686,686-FAZENDA DA BICA X MADUREIRA (CIRCULAR),Fetranspor,108,17415692,"-22.8801","-43.3419"
686,686-FAZENDA DA BICA X MADUREIRA (CIRCULAR),Fetranspor,0,17584088,"-22.8806","-43.3419"
686,686-FAZENDA DA BICA X MADUREIRA (CIRCULAR),Fetranspor,1,17584088,"-22.8804","-43.343"
686,686-FAZENDA DA BICA X MADUREIRA (CIRCULAR),Fetranspor,2,17584088,"-22.8804","-43.343"
686,686-FAZENDA DA BICA X MADUREIRA (CIRCULAR),Fetranspor,3,17584088,"-22.8804","-43.3437"
686,686-FAZENDA DA BICA X MADUREIRA (CIRCULAR),Fetranspor,4,17584088,"-22.8804","-43.3437"
686,686-FAZENDA DA BICA X MADUREIRA (CIRCULAR),Fetranspor,5,17584088,"-22.8803","-43.344"
686,686-FAZENDA DA BICA X MADUREIRA (CIRCULAR),Fetranspor,6,17584088,"-22.8803","-43.344"
686,686-FAZENDA DA BICA X MADUREIRA (CIRCULAR),Fetranspor,7,17584088,"-22.8803","-43.3447"
686,686-FAZENDA DA BICA X MADUREIRA (CIRCULAR),Fetranspor,8,17584088,"-22.8803","-43.3448"
686,686-FAZENDA DA BICA X MADUREIRA (CIRCULAR),Fetranspor,9,17584088,"-22.8803","-43.3449"
686,686-FAZENDA DA BICA X MADUREIRA (CIRCULAR),Fetranspor,10,17584088,"-22.8803","-43.3449"
686,686-FAZENDA DA BICA X MADUREIRA (CIRCULAR),Fetranspor,11,17584088,"-22.8803","-43.3449"
686,686-FAZENDA DA BICA X MADUREIRA (CIRCULAR),Fetranspor,12,17584088,"-22.8804","-43.345"
686,686-FAZENDA DA BICA X MADUREIRA (CIRCULAR),Fetranspor,13,17584088,"-22.8804","-43.345"
686,686-FAZENDA DA BICA X MADUREIRA (CIRCULAR),Fetranspor,14,17584088,"-22.881","-43.345"
686,686-FAZENDA DA BICA X MADUREIRA (CIRCULAR),Fetranspor,15,17584088,"-22.8813","-43.345"
686,686-FAZENDA DA BICA X MADUREIRA (CIRCULAR),Fetranspor,16,17584088,"-22.8813","-43.345"
686,686-FAZENDA DA BICA X MADUREIRA (CIRCULAR),Fetranspor,17,17584088,"-22.8814","-43.345"
686,686-FAZENDA DA BICA X MADUREIRA (CIRCULAR),Fetranspor,18,17584088,"-22.8827","-43.3449"
686,686-FAZENDA DA BICA X MADUREIRA (CIRCULAR),Fetranspor,19,17584088,"-22.8828","-43.3449"
686,686-FAZENDA DA BICA X MADUREIRA (CIRCULAR),Fetranspor,20,17584088,"-22.8828","-43.3449"
686,686-FAZENDA DA BICA X MADUREIRA (CIRCULAR),Fetranspor,21,17584088,"-22.8829","-43.3449"
686,686-FAZENDA DA BICA X MADUREIRA (CIRCULAR),Fetranspor,22,17584088,"-22.8829","-43.3449"
686,686-FAZENDA DA BICA X MADUREIRA (CIRCULAR),Fetranspor,23,17584088,"-22.8829","-43.3448"
686,686-FAZENDA DA BICA X MADUREIRA (CIRCULAR),Fetranspor,24,17584088,"-22.883","-43.3445"
686,686-FAZENDA DA BICA X MADUREIRA (CIRCULAR),Fetranspor,25,17584088,"-22.8829","-43.3428"
686,686-FAZENDA DA BICA X MADUREIRA (CIRCULAR),Fetranspor,26,17584088,"-22.8829","-43.3428"
686,686-FAZENDA DA BICA X MADUREIRA (CIRCULAR),Fetranspor,27,17584088,"-22.8829","-43.3423"
686,686-FAZENDA DA BICA X MADUREIRA (CIRCULAR),Fetranspor,28,17584088,"-22.8829","-43.3423"
686,686-FAZENDA DA BICA X MADUREIRA (CIRCULAR),Fetranspor,29,17584088,"-22.8829","-43.3421"
686,686-FAZENDA DA BICA X MADUREIRA (CIRCULAR),Fetranspor,30,17584088,"-22.8829","-43.3421"
686,686-FAZENDA DA BICA X MADUREIRA (CIRCULAR),Fetranspor,31,17584088,"-22.8829","-43.3414"
686,686-FAZENDA DA BICA X MADUREIRA (CIRCULAR),Fetranspor,32,17584088,"-22.8829","-43.3414"
686,686-FAZENDA DA BICA X MADUREIRA (CIRCULAR),Fetranspor,33,17584088,"-22.8827","-43.3396"
686,686-FAZENDA DA BICA X MADUREIRA (CIRCULAR),Fetranspor,34,17584088,"-22.8827","-43.3396"
686,686-FAZENDA DA BICA X MADUREIRA (CIRCULAR),Fetranspor,35,17584088,"-22.8825","-43.3383"
686,686-FAZENDA DA BICA X MADUREIRA (CIRCULAR),Fetranspor,36,17584088,"-22.8824","-43.3377"
686,686-FAZENDA DA BICA X MADUREIRA (CIRCULAR),Fetranspor,37,17584088,"-22.8824","-43.3376"
686,686-FAZENDA DA BICA X MADUREIRA (CIRCULAR),Fetranspor,38,17584088,"-22.8824","-43.3376"
686,686-FAZENDA DA BICA X MADUREIRA (CIRCULAR),Fetranspor,39,17584088,"-22.8824","-43.3369"
686,686-FAZENDA DA BICA X MADUREIRA (CIRCULAR),Fetranspor,40,17584088,"-22.8824","-43.3369"
686,686-FAZENDA DA BICA X MADUREIRA (CIRCULAR),Fetranspor,41,17584088,"-22.8824","-43.3367"
686,686-FAZENDA DA BICA X MADUREIRA (CIRCULAR),Fetranspor,42,17584088,"-22.8824","-43.3367"
686,686-FAZENDA DA BICA X MADUREIRA (CIRCULAR),Fetranspor,43,17584088,"-22.8824","-43.3364"
686,686-FAZENDA DA BICA X MADUREIRA (CIRCULAR),Fetranspor,44,17584088,"-22.8824","-43.3364"
686,686-FAZENDA DA BICA X MADUREIRA (CIRCULAR),Fetranspor,45,17584088,"-22.8824","-43.3363"
686,686-FAZENDA DA BICA X MADUREIRA (CIRCULAR),Fetranspor,46,17584088,"-22.8824","-43.3363"
686,686-FAZENDA DA BICA X MADUREIRA (CIRCULAR),Fetranspor,47,17584088,"-22.8824","-43.3355"
686,686-FAZENDA DA BICA X MADUREIRA (CIRCULAR),Fetranspor,48,17584088,"-22.8824","-43.3355"
686,686-FAZENDA DA BICA X MADUREIRA (CIRCULAR),Fetranspor,49,17584088,"-22.8824","-43.3348"
686,686-FAZENDA DA BICA X MADUREIRA (CIRCULAR),Fetranspor,50,17584088,"-22.8823","-43.3346"
686,686-FAZENDA DA BICA X MADUREIRA (CIRCULAR),Fetranspor,51,17584088,"-22.8823","-43.3346"
686,686-FAZENDA DA BICA X MADUREIRA (CIRCULAR),Fetranspor,52,17584088,"-22.8822","-43.3337"
686,686-FAZENDA DA BICA X MADUREIRA (CIRCULAR),Fetranspor,53,17584088,"-22.8822","-43.3337"
686,686-FAZENDA DA BICA X MADUREIRA (CIRCULAR),Fetranspor,54,17584088,"-22.882","-43.3323"
686,686-FAZENDA DA BICA X MADUREIRA (CIRCULAR),Fetranspor,55,17584088,"-22.882","-43.3321"
686,686-FAZENDA DA BICA X MADUREIRA (CIRCULAR),Fetranspor,56,17584088,"-22.882","-43.3321"
686,686-FAZENDA DA BICA X MADUREIRA (CIRCULAR),Fetranspor,57,17584088,"-22.8823","-43.3321"
686,686-FAZENDA DA BICA X MADUREIRA (CIRCULAR),Fetranspor,58,17584088,"-22.8827","-43.3321"
686,686-FAZENDA DA BICA X MADUREIRA (CIRCULAR),Fetranspor,59,17584088,"-22.8835","-43.3321"
686,686-FAZENDA DA BICA X MADUREIRA (CIRCULAR),Fetranspor,60,17584088,"-22.8839","-43.3321"
686,686-FAZENDA DA BICA X MADUREIRA (CIRCULAR),Fetranspor,61,17584088,"-22.8845","-43.3321"
686,686-FAZENDA DA BICA X MADUREIRA (CIRCULAR),Fetranspor,62,17584088,"-22.8845","-43.3321"
686,686-FAZENDA DA BICA X MADUREIRA (CIRCULAR),Fetranspor,63,17584088,"-22.8847","-43.3321"
686,686-FAZENDA DA BICA X MADUREIRA (CIRCULAR),Fetranspor,64,17584088,"-22.885","-43.332"
686,686-FAZENDA DA BICA X MADUREIRA (CIRCULAR),Fetranspor,65,17584088,"-22.885","-43.332"
686,686-FAZENDA DA BICA X MADUREIRA (CIRCULAR),Fetranspor,66,17584088,"-22.8852","-43.3319"
686,686-FAZENDA DA BICA X MADUREIRA (CIRCULAR),Fetranspor,67,17584088,"-22.8857","-43.3317"
686,686-FAZENDA DA BICA X MADUREIRA (CIRCULAR),Fetranspor,68,17584088,"-22.8861","-43.3315"
686,686-FAZENDA DA BICA X MADUREIRA (CIRCULAR),Fetranspor,69,17584088,"-22.8861","-43.3315"
686,686-FAZENDA DA BICA X MADUREIRA (CIRCULAR),Fetranspor,70,17584088,"-22.8866","-43.3312"
686,686-FAZENDA DA BICA X MADUREIRA (CIRCULAR),Fetranspor,71,17584088,"-22.8869","-43.331"
686,686-FAZENDA DA BICA X MADUREIRA (CIRCULAR),Fetranspor,72,17584088,"-22.8869","-43.331"
686,686-FAZENDA DA BICA X MADUREIRA (CIRCULAR),Fetranspor,73,17584088,"-22.887","-43.3307"
686,686-FAZENDA DA BICA X MADUREIRA (CIRCULAR),Fetranspor,74,17584088,"-22.887","-43.3307"
686,686-FAZENDA DA BICA X MADUREIRA (CIRCULAR),Fetranspor,75,17584088,"-22.8878","-43.3297"
686,686-FAZENDA DA BICA X MADUREIRA (CIRCULAR),Fetranspor,76,17584088,"-22.8878","-43.3297"
686,686-FAZENDA DA BICA X MADUREIRA (CIRCULAR),Fetranspor,77,17584088,"-22.8883","-43.329"
686,686-FAZENDA DA BICA X MADUREIRA (CIRCULAR),Fetranspor,78,17584088,"-22.8883","-43.329"
686,686-FAZENDA DA BICA X MADUREIRA (CIRCULAR),Fetranspor,79,17584088,"-22.8888","-43.3283"
686,686-FAZENDA DA BICA X MADUREIRA (CIRCULAR),Fetranspor,80,17584088,"-22.8888","-43.3283"
686,686-FAZENDA DA BICA X MADUREIRA (CIRCULAR),Fetranspor,81,17584088,"-22.889","-43.3286"
686,686-FAZENDA DA BICA X MADUREIRA (CIRCULAR),Fetranspor,82,17584088,"-22.8895","-43.3292"
686,686-FAZENDA DA BICA X MADUREIRA (CIRCULAR),Fetranspor,83,17584088,"-22.8895","-43.3292"
686,686-FAZENDA DA BICA X MADUREIRA (CIRCULAR),Fetranspor,84,17584088,"-22.8896","-43.3293"
686,686-FAZENDA DA BICA X MADUREIRA (CIRCULAR),Fetranspor,85,17584088,"-22.8896","-43.3293"
686,686-FAZENDA DA BICA X MADUREIRA (CIRCULAR),Fetranspor,86,17584088,"-22.8904","-43.3304"
686,686-FAZENDA DA BICA X MADUREIRA (CIRCULAR),Fetranspor,87,17584088,"-22.8904","-43.3304"
686,686-FAZENDA DA BICA X MADUREIRA (CIRCULAR),Fetranspor,88,17584088,"-22.8907","-43.3301"
686,686-FAZENDA DA BICA X MADUREIRA (CIRCULAR),Fetranspor,89,17584088,"-22.8907","-43.3301"
686,686-FAZENDA DA BICA X MADUREIRA (CIRCULAR),Fetranspor,90,17584088,"-22.8913","-43.331"
686,686-FAZENDA DA BICA X MADUREIRA (CIRCULAR),Fetranspor,91,17584088,"-22.8913","-43.331"
686,686-FAZENDA DA BICA X MADUREIRA (CIRCULAR),Fetranspor,92,17584088,"-22.8922","-43.3304"
686,686-FAZENDA DA BICA X MADUREIRA (CIRCULAR),Fetranspor,93,17584088,"-22.8922","-43.3304"
686,686-FAZENDA DA BICA X MADUREIRA (CIRCULAR),Fetranspor,94,17584088,"-22.8927","-43.3313"
686,686-FAZENDA DA BICA X MADUREIRA (CIRCULAR),Fetranspor,95,17584088,"-22.8927","-43.3313"
686,686-FAZENDA DA BICA X MADUREIRA (CIRCULAR),Fetranspor,96,17584088,"-22.8933","-43.3321"
686,686-FAZENDA DA BICA X MADUREIRA (CIRCULAR),Fetranspor,97,17584088,"-22.8933","-43.3321"
686,686-FAZENDA DA BICA X MADUREIRA (CIRCULAR),Fetranspor,98,17584088,"-22.8938","-43.3329"
686,686-FAZENDA DA BICA X MADUREIRA (CIRCULAR),Fetranspor,99,17584088,"-22.8938","-43.3329"
686,686-FAZENDA DA BICA X MADUREIRA (CIRCULAR),Fetranspor,100,17584088,"-22.8932","-43.3335"
686,686-FAZENDA DA BICA X MADUREIRA (CIRCULAR),Fetranspor,101,17584088,"-22.8932","-43.3335"
686,686-FAZENDA DA BICA X MADUREIRA (CIRCULAR),Fetranspor,102,17584088,"-22.893","-43.3338"
686,686-FAZENDA DA BICA X MADUREIRA (CIRCULAR),Fetranspor,103,17584088,"-22.8923","-43.3345"
686,686-FAZENDA DA BICA X MADUREIRA (CIRCULAR),Fetranspor,104,17584088,"-22.8923","-43.3345"
686,686-FAZENDA DA BICA X MADUREIRA (CIRCULAR),Fetranspor,105,17584088,"-22.8918","-43.3338"
