linha,descricao,agencia,sequencia,shape_id,latitude,longitude
687,687-PAVUNA X MEIER,Fetranspor,0,17393543,"-22.9001","-43.2795"
687,687-PAVUNA X MEIER,Fetranspor,1,17393543,"-22.9001","-43.2794"
687,687-PAVUNA X MEIER,Fetranspor,2,17393543,"-22.9004","-43.2792"
687,687-PAVUNA X MEIER,Fetranspor,3,17393543,"-22.9008","-43.2787"
687,687-PAVUNA X MEIER,Fetranspor,4,17393543,"-22.9008","-43.2787"
687,687-PAVUNA X MEIER,Fetranspor,5,17393543,"-22.9008","-43.2787"
687,687-PAVUNA X MEIER,Fetranspor,6,17393543,"-22.9015","-43.278"
687,687-PAVUNA X MEIER,Fetranspor,7,17393543,"-22.9016","-43.2779"
687,687-PAVUNA X MEIER,Fetranspor,8,17393543,"-22.9016","-43.2779"
687,687-PAVUNA X MEIER,Fetranspor,9,17393543,"-22.9019","-43.2776"
687,687-PAVUNA X MEIER,Fetranspor,10,17393543,"-22.9021","-43.2773"
687,687-PAVUNA X MEIER,Fetranspor,11,17393543,"-22.9023","-43.2771"
687,687-PAVUNA X MEIER,Fetranspor,12,17393543,"-22.9025","-43.2767"
687,687-PAVUNA X MEIER,Fetranspor,13,17393543,"-22.9025","-43.2767"
687,687-PAVUNA X MEIER,Fetranspor,14,17393543,"-22.9018","-43.2764"
687,687-PAVUNA X MEIER,Fetranspor,15,17393543,"-22.9018","-43.2764"
687,687-PAVUNA X MEIER,Fetranspor,16,17393543,"-22.9003","-43.2755"
687,687-PAVUNA X MEIER,Fetranspor,17,17393543,"-22.9001","-43.2754"
687,687-PAVUNA X MEIER,Fetranspor,18,17393543,"-22.9001","-43.2754"
687,687-PAVUNA X MEIER,Fetranspor,19,17393543,"-22.8998","-43.2757"
687,687-PAVUNA X MEIER,Fetranspor,20,17393543,"-22.8998","-43.2757"
687,687-PAVUNA X MEIER,Fetranspor,21,17393543,"-22.8991","-43.2767"
687,687-PAVUNA X MEIER,Fetranspor,22,17393543,"-22.8991","-43.2767"
687,687-PAVUNA X MEIER,Fetranspor,23,17393543,"-22.8987","-43.2773"
687,687-PAVUNA X MEIER,Fetranspor,24,17393543,"-22.8985","-43.2775"
687,687-PAVUNA X MEIER,Fetranspor,25,17393543,"-22.8985","-43.2775"
687,687-PAVUNA X MEIER,Fetranspor,26,17393543,"-22.8979","-43.2783"
687,687-PAVUNA X MEIER,Fetranspor,27,17393543,"-22.8979","-43.2783"
687,687-PAVUNA X MEIER,Fetranspor,28,17393543,"-22.8973","-43.279"
687,687-PAVUNA X MEIER,Fetranspor,29,17393543,"-22.8973","-43.279"
687,687-PAVUNA X MEIER,Fetranspor,30,17393543,"-22.896","-43.2808"
687,687-PAVUNA X MEIER,Fetranspor,31,17393543,"-22.896","-43.2808"
687,687-PAVUNA X MEIER,Fetranspor,32,17393543,"-22.8954","-43.2804"
687,687-PAVUNA X MEIER,Fetranspor,33,17393543,"-22.8954","-43.2804"
687,687-PAVUNA X MEIER,Fetranspor,34,17393543,"-22.8951","-43.2802"
687,687-PAVUNA X MEIER,Fetranspor,35,17393543,"-22.8948","-43.2801"
687,687-PAVUNA X MEIER,Fetranspor,36,17393543,"-22.8948","-43.2801"
687,687-PAVUNA X MEIER,Fetranspor,37,17393543,"-22.8946","-43.2799"
687,687-PAVUNA X MEIER,Fetranspor,38,17393543,"-22.8941","-43.2796"
687,687-PAVUNA X MEIER,Fetranspor,39,17393543,"-22.8941","-43.2796"
687,687-PAVUNA X MEIER,Fetranspor,40,17393543,"-22.8938","-43.2794"
687,687-PAVUNA X MEIER,Fetranspor,41,17393543,"-22.8938","-43.2794"
687,687-PAVUNA X MEIER,Fetranspor,42,17393543,"-22.8935","-43.2792"
687,687-PAVUNA X MEIER,Fetranspor,43,17393543,"-22.8935","-43.2792"
687,687-PAVUNA X MEIER,Fetranspor,44,17393543,"-22.8933","-43.2791"
687,687-PAVUNA X MEIER,Fetranspor,45,17393543,"-22.8933","-43.2791"
687,687-PAVUNA X MEIER,Fetranspor,46,17393543,"-22.8932","-43.279"
687,687-PAVUNA X MEIER,Fetranspor,47,17393543,"-22.8932","-43.279"
687,687-PAVUNA X MEIER,Fetranspor,48,17393543,"-22.893","-43.2789"
687,687-PAVUNA X MEIER,Fetranspor,49,17393543,"-22.8921","-43.2783"
687,687-PAVUNA X MEIER,Fetranspor,50,17393543,"-22.8921","-43.2783"
687,687-PAVUNA X MEIER,Fetranspor,51,17393543,"-22.892","-43.2791"
687,687-PAVUNA X MEIER,Fetranspor,52,17393543,"-22.892","-43.2791"
687,687-PAVUNA X MEIER,Fetranspor,53,17393543,"-22.892","-43.2797"
687,687-PAVUNA X MEIER,Fetranspor,54,17393543,"-22.892","-43.2797"
687,687-PAVUNA X MEIER,Fetranspor,55,17393543,"-22.8919","-43.28"
687,687-PAVUNA X MEIER,Fetranspor,56,17393543,"-22.8919","-43.28"
687,687-PAVUNA X MEIER,Fetranspor,57,17393543,"-22.8919","-43.2805"
687,687-PAVUNA X MEIER,Fetranspor,58,17393543,"-22.8919","-43.2805"
687,687-PAVUNA X MEIER,Fetranspor,59,17393543,"-22.8918","-43.2822"
687,687-PAVUNA X MEIER,Fetranspor,60,17393543,"-22.8918","-43.2826"
687,687-PAVUNA X MEIER,Fetranspor,61,17393543,"-22.8917","-43.2826"
687,687-PAVUNA X MEIER,Fetranspor,62,17393543,"-22.8917","-43.2827"
687,687-PAVUNA X MEIER,Fetranspor,63,17393543,"-22.8917","-43.2827"
687,687-PAVUNA X MEIER,Fetranspor,64,17393543,"-22.8909","-43.2815"
687,687-PAVUNA X MEIER,Fetranspor,65,17393543,"-22.8909","-43.2815"
687,687-PAVUNA X MEIER,Fetranspor,66,17393543,"-22.8888","-43.2824"
687,687-PAVUNA X MEIER,Fetranspor,67,17393543,"-22.8888","-43.2824"
687,687-PAVUNA X MEIER,Fetranspor,68,17393543,"-22.8876","-43.2829"
687,687-PAVUNA X MEIER,Fetranspor,69,17393543,"-22.8876","-43.2829"
687,687-PAVUNA X MEIER,Fetranspor,70,17393543,"-22.8876","-43.283"
687,687-PAVUNA X MEIER,Fetranspor,71,17393543,"-22.8875","-43.283"
687,687-PAVUNA X MEIER,Fetranspor,72,17393543,"-22.8875","-43.283"
687,687-PAVUNA X MEIER,Fetranspor,73,17393543,"-22.8875","-43.2834"
687,687-PAVUNA X MEIER,Fetranspor,74,17393543,"-22.8875","-43.2845"
687,687-PAVUNA X MEIER,Fetranspor,75,17393543,"-22.8875","-43.285"
687,687-PAVUNA X MEIER,Fetranspor,76,17393543,"-22.8875","-43.285"
687,687-PAVUNA X MEIER,Fetranspor,77,17393543,"-22.8874","-43.2853"
687,687-PAVUNA X MEIER,Fetranspor,78,17393543,"-22.8874","-43.2856"
687,687-PAVUNA X MEIER,Fetranspor,79,17393543,"-22.8874","-43.2857"
687,687-PAVUNA X MEIER,Fetranspor,80,17393543,"-22.887","-43.2868"
687,687-PAVUNA X MEIER,Fetranspor,81,17393543,"-22.887","-43.2868"
687,687-PAVUNA X MEIER,Fetranspor,82,17393543,"-22.8869","-43.2872"
687,687-PAVUNA X MEIER,Fetranspor,83,17393543,"-22.8869","-43.2872"
687,687-PAVUNA X MEIER,Fetranspor,84,17393543,"-22.8866","-43.2881"
687,687-PAVUNA X MEIER,Fetranspor,85,17393543,"-22.8865","-43.2882"
687,687-PAVUNA X MEIER,Fetranspor,86,17393543,"-22.8865","-43.2882"
687,687-PAVUNA X MEIER,Fetranspor,87,17393543,"-22.8864","-43.2883"
687,687-PAVUNA X MEIER,Fetranspor,88,17393543,"-22.8863","-43.2885"
687,687-PAVUNA X MEIER,Fetranspor,89,17393543,"-22.8863","-43.2885"
687,687-PAVUNA X MEIER,Fetranspor,90,17393543,"-22.8862","-43.2886"
687,687-PAVUNA X MEIER,Fetranspor,91,17393543,"-22.8862","-43.2886"
687,687-PAVUNA X MEIER,Fetranspor,92,17393543,"-22.8861","-43.2888"
687,687-PAVUNA X MEIER,Fetranspor,93,17393543,"-22.8861","-43.2888"
687,687-PAVUNA X MEIER,Fetranspor,94,17393543,"-22.886","-43.2889"
687,687-PAVUNA X MEIER,Fetranspor,95,17393543,"-22.886","-43.2889"
687,687-PAVUNA X MEIER,Fetranspor,96,17393543,"-22.8858","-43.2892"
687,687-PAVUNA X MEIER,Fetranspor,97,17393543,"-22.8858","-43.2893"
687,687-PAVUNA X MEIER,Fetranspor,98,17393543,"-22.8857","-43.2896"
687,687-PAVUNA X MEIER,Fetranspor,99,17393543,"-22.8856","-43.2897"
687,687-PAVUNA X MEIER,Fetranspor,100,17393543,"-22.8854","-43.2899"
687,687-PAVUNA X MEIER,Fetranspor,101,17393543,"-22.8853","-43.29"
687,687-PAVUNA X MEIER,Fetranspor,102,17393543,"-22.8852","-43.2902"
687,687-PAVUNA X MEIER,Fetranspor,103,17393543,"-22.8847","-43.2905"
687,687-PAVUNA X MEIER,Fetranspor,104,17393543,"-22.8845","-43.2908"
687,687-PAVUNA X MEIER,Fetranspor,105,17393543,"-22.8844","-43.2908"
687,687-PAVUNA X MEIER,Fetranspor,106,17393543,"-22.8843","-43.2909"
687,687-PAVUNA X MEIER,Fetranspor,107,17393543,"-22.8835","-43.2916"
687,687-PAVUNA X MEIER,Fetranspor,108,17393543,"-22.8834","-43.2916"
687,687-PAVUNA X MEIER,Fetranspor,109,17393543,"-22.8834","-43.2916"
687,687-PAVUNA X MEIER,Fetranspor,110,17393543,"-22.8832","-43.2917"
687,687-PAVUNA X MEIER,Fetranspor,111,17393543,"-22.8828","-43.2917"
687,687-PAVUNA X MEIER,Fetranspor,112,17393543,"-22.8827","-43.2916"
687,687-PAVUNA X MEIER,Fetranspor,113,17393543,"-22.8826","-43.2916"
687,687-PAVUNA X MEIER,Fetranspor,114,17393543,"-22.8824","-43.2914"
687,687-PAVUNA X MEIER,Fetranspor,115,17393543,"-22.8824","-43.2914"
687,687-PAVUNA X MEIER,Fetranspor,116,17393543,"-22.8819","-43.2909"
687,687-PAVUNA X MEIER,Fetranspor,117,17393543,"-22.8819","-43.2909"
687,687-PAVUNA X MEIER,Fetranspor,118,17393543,"-22.8814","-43.2905"
687,687-PAVUNA X MEIER,Fetranspor,119,17393543,"-22.8814","-43.2905"
687,687-PAVUNA X MEIER,Fetranspor,120,17393543,"-22.881","-43.29"
687,687-PAVUNA X MEIER,Fetranspor,121,17393543,"-22.8809","-43.2899"
687,687-PAVUNA X MEIER,Fetranspor,122,17393543,"-22.8808","-43.2898"
687,687-PAVUNA X MEIER,Fetranspor,123,17393543,"-22.8808","-43.2898"
687,687-PAVUNA X MEIER,Fetranspor,124,17393543,"-22.8808","-43.2896"
687,687-PAVUNA X MEIER,Fetranspor,125,17393543,"-22.8807","-43.2894"
687,687-PAVUNA X MEIER,Fetranspor,126,17393543,"-22.8807","-43.2892"
687,687-PAVUNA X MEIER,Fetranspor,127,17393543,"-22.8808","-43.2889"
687,687-PAVUNA X MEIER,Fetranspor,128,17393543,"-22.8808","-43.2888"
687,687-PAVUNA X MEIER,Fetranspor,129,17393543,"-22.8808","-43.2887"
687,687-PAVUNA X MEIER,Fetranspor,130,17393543,"-22.8812","-43.2878"
687,687-PAVUNA X MEIER,Fetranspor,131,17393543,"-22.8812","-43.2878"
687,687-PAVUNA X MEIER,Fetranspor,132,17393543,"-22.8815","-43.2871"
687,687-PAVUNA X MEIER,Fetranspor,133,17393543,"-22.8815","-43.2871"
687,687-PAVUNA X MEIER,Fetranspor,134,17393543,"-22.8821","-43.2878"
687,687-PAVUNA X MEIER,Fetranspor,135,17393543,"-22.8826","-43.2885"
687,687-PAVUNA X MEIER,Fetranspor,136,17393543,"-22.8826","-43.2885"
687,687-PAVUNA X MEIER,Fetranspor,137,17393543,"-22.8826","-43.2886"
687,687-PAVUNA X MEIER,Fetranspor,138,17393543,"-22.8826","-43.2887"
687,687-PAVUNA X MEIER,Fetranspor,139,17393543,"-22.8825","-43.2888"
687,687-PAVUNA X MEIER,Fetranspor,140,17393543,"-22.8825","-43.289"
687,687-PAVUNA X MEIER,Fetranspor,141,17393543,"-22.8822","-43.2895"
687,687-PAVUNA X MEIER,Fetranspor,142,17393543,"-22.8822","-43.2896"
687,687-PAVUNA X MEIER,Fetranspor,143,17393543,"-22.8814","-43.2905"
687,687-PAVUNA X MEIER,Fetranspor,144,17393543,"-22.8814","-43.2905"
687,687-PAVUNA X MEIER,Fetranspor,145,17393543,"-22.8814","-43.2905"
687,687-PAVUNA X MEIER,Fetranspor,146,17393543,"-22.8814","-43.2905"
687,687-PAVUNA X MEIER,Fetranspor,147,17393543,"-22.8813","-43.2906"
687,687-PAVUNA X MEIER,Fetranspor,148,17393543,"-22.8813","-43.2906"
687,687-PAVUNA X MEIER,Fetranspor,149,17393543,"-22.881","-43.2904"
687,687-PAVUNA X MEIER,Fetranspor,150,17393543,"-22.8809","-43.2903"
687,687-PAVUNA X MEIER,Fetranspor,151,17393543,"-22.8808","-43.2903"
687,687-PAVUNA X MEIER,Fetranspor,152,17393543,"-22.8808","-43.2903"
687,687-PAVUNA X MEIER,Fetranspor,153,17393543,"-22.8808","-43.2903"
687,687-PAVUNA X MEIER,Fetranspor,154,17393543,"-22.8807","-43.2903"
687,687-PAVUNA X MEIER,Fetranspor,155,17393543,"-22.8794","-43.2912"
687,687-PAVUNA X MEIER,Fetranspor,156,17393543,"-22.8794","-43.2912"
687,687-PAVUNA X MEIER,Fetranspor,157,17393543,"-22.8792","-43.291"
687,687-PAVUNA X MEIER,Fetranspor,158,17393543,"-22.8792","-43.291"
687,687-PAVUNA X MEIER,Fetranspor,159,17393543,"-22.8789","-43.291"
687,687-PAVUNA X MEIER,Fetranspor,160,17393543,"-22.8789","-43.291"
687,687-PAVUNA X MEIER,Fetranspor,161,17393543,"-22.8781","-43.2908"
687,687-PAVUNA X MEIER,Fetranspor,162,17393543,"-22.8781","-43.2908"
687,687-PAVUNA X MEIER,Fetranspor,163,17393543,"-22.8777","-43.2907"
687,687-PAVUNA X MEIER,Fetranspor,164,17393543,"-22.8777","-43.2907"
687,687-PAVUNA X MEIER,Fetranspor,165,17393543,"-22.8774","-43.2907"
687,687-PAVUNA X MEIER,Fetranspor,166,17393543,"-22.8774","-43.2907"
687,687-PAVUNA X MEIER,Fetranspor,167,17393543,"-22.8773","-43.2907"
687,687-PAVUNA X MEIER,Fetranspor,168,17393543,"-22.877","-43.2906"
687,687-PAVUNA X MEIER,Fetranspor,169,17393543,"-22.8769","-43.2906"
687,687-PAVUNA X MEIER,Fetranspor,170,17393543,"-22.8768","-43.2905"
687,687-PAVUNA X MEIER,Fetranspor,171,17393543,"-22.8768","-43.2905"
687,687-PAVUNA X MEIER,Fetranspor,172,17393543,"-22.8762","-43.2899"
687,687-PAVUNA X MEIER,Fetranspor,173,17393543,"-22.8762","-43.2899"
687,687-PAVUNA X MEIER,Fetranspor,174,17393543,"-22.8761","-43.2897"
687,687-PAVUNA X MEIER,Fetranspor,175,17393543,"-22.8761","-43.2897"
687,687-PAVUNA X MEIER,Fetranspor,176,17393543,"-22.876","-43.2896"
687,687-PAVUNA X MEIER,Fetranspor,177,17393543,"-22.8759","-43.2892"
687,687-PAVUNA X MEIER,Fetranspor,178,17393543,"-22.8759","-43.2892"
687,687-PAVUNA X MEIER,Fetranspor,179,17393543,"-22.8759","-43.2892"
687,687-PAVUNA X MEIER,Fetranspor,180,17393543,"-22.8758","-43.2887"
687,687-PAVUNA X MEIER,Fetranspor,181,17393543,"-22.8758","-43.2887"
687,687-PAVUNA X MEIER,Fetranspor,182,17393543,"-22.8757","-43.2882"
687,687-PAVUNA X MEIER,Fetranspor,183,17393543,"-22.8757","-43.2882"
687,687-PAVUNA X MEIER,Fetranspor,184,17393543,"-22.8755","-43.2877"
687,687-PAVUNA X MEIER,Fetranspor,185,17393543,"-22.8755","-43.2877"
687,687-PAVUNA X MEIER,Fetranspor,186,17393543,"-22.8754","-43.2874"
687,687-PAVUNA X MEIER,Fetranspor,187,17393543,"-22.8752","-43.2872"
687,687-PAVUNA X MEIER,Fetranspor,188,17393543,"-22.8752","-43.2872"
687,687-PAVUNA X MEIER,Fetranspor,189,17393543,"-22.8744","-43.2863"
687,687-PAVUNA X MEIER,Fetranspor,190,17393543,"-22.8744","-43.2863"
687,687-PAVUNA X MEIER,Fetranspor,191,17393543,"-22.8745","-43.2857"
687,687-PAVUNA X MEIER,Fetranspor,192,17393543,"-22.8746","-43.2852"
687,687-PAVUNA X MEIER,Fetranspor,193,17393543,"-22.8748","-43.2848"
687,687-PAVUNA X MEIER,Fetranspor,194,17393543,"-22.8749","-43.2845"
687,687-PAVUNA X MEIER,Fetranspor,195,17393543,"-22.8749","-43.2845"
687,687-PAVUNA X MEIER,Fetranspor,196,17393543,"-22.875","-43.2843"
687,687-PAVUNA X MEIER,Fetranspor,197,17393543,"-22.875","-43.2843"
687,687-PAVUNA X MEIER,Fetranspor,198,17393543,"-22.875","-43.2843"
687,687-PAVUNA X MEIER,Fetranspor,199,17393543,"-22.8752","-43.2834"
687,687-PAVUNA X MEIER,Fetranspor,200,17393543,"-22.8752","-43.2834"
687,687-PAVUNA X MEIER,Fetranspor,201,17393543,"-22.8752","-43.2833"
687,687-PAVUNA X MEIER,Fetranspor,202,17393543,"-22.8752","-43.2832"
687,687-PAVUNA X MEIER,Fetranspor,203,17393543,"-22.8751","-43.2828"
687,687-PAVUNA X MEIER,Fetranspor,204,17393543,"-22.8751","-43.2828"
687,687-PAVUNA X MEIER,Fetranspor,205,17393543,"-22.875","-43.2826"
687,687-PAVUNA X MEIER,Fetranspor,206,17393543,"-22.875","-43.2824"
687,687-PAVUNA X MEIER,Fetranspor,207,17393543,"-22.8751","-43.2818"
687,687-PAVUNA X MEIER,Fetranspor,208,17393543,"-22.8753","-43.2799"
687,687-PAVUNA X MEIER,Fetranspor,209,17393543,"-22.8754","-43.2796"
687,687-PAVUNA X MEIER,Fetranspor,210,17393543,"-22.8755","-43.2791"
687,687-PAVUNA X MEIER,Fetranspor,211,17393543,"-22.8755","-43.2791"
687,687-PAVUNA X MEIER,Fetranspor,212,17393543,"-22.8756","-43.2788"
687,687-PAVUNA X MEIER,Fetranspor,213,17393543,"-22.8758","-43.2783"
687,687-PAVUNA X MEIER,Fetranspor,214,17393543,"-22.8758","-43.2781"
687,687-PAVUNA X MEIER,Fetranspor,215,17393543,"-22.8758","-43.2781"
687,687-PAVUNA X MEIER,Fetranspor,216,17393543,"-22.8758","-43.2778"
687,687-PAVUNA X MEIER,Fetranspor,217,17393543,"-22.8758","-43.2776"
687,687-PAVUNA X MEIER,Fetranspor,218,17393543,"-22.8759","-43.2774"
687,687-PAVUNA X MEIER,Fetranspor,219,17393543,"-22.8759","-43.2774"
687,687-PAVUNA X MEIER,Fetranspor,220,17393543,"-22.8761","-43.277"
687,687-PAVUNA X MEIER,Fetranspor,221,17393543,"-22.8764","-43.2763"
687,687-PAVUNA X MEIER,Fetranspor,222,17393543,"-22.8765","-43.2761"
687,687-PAVUNA X MEIER,Fetranspor,223,17393543,"-22.8767","-43.2759"
687,687-PAVUNA X MEIER,Fetranspor,224,17393543,"-22.8768","-43.2758"
687,687-PAVUNA X MEIER,Fetranspor,225,17393543,"-22.877","-43.2755"
687,687-PAVUNA X MEIER,Fetranspor,226,17393543,"-22.8778","-43.2746"
687,687-PAVUNA X MEIER,Fetranspor,227,17393543,"-22.8778","-43.2746"
687,687-PAVUNA X MEIER,Fetranspor,228,17393543,"-22.878","-43.2743"
687,687-PAVUNA X MEIER,Fetranspor,229,17393543,"-22.8783","-43.274"
687,687-PAVUNA X MEIER,Fetranspor,230,17393543,"-22.8787","-43.2734"
687,687-PAVUNA X MEIER,Fetranspor,231,17393543,"-22.8787","-43.2734"
687,687-PAVUNA X MEIER,Fetranspor,232,17393543,"-22.8788","-43.2731"
687,687-PAVUNA X MEIER,Fetranspor,233,17393543,"-22.8794","-43.2719"
687,687-PAVUNA X MEIER,Fetranspor,234,17393543,"-22.8797","-43.2712"
687,687-PAVUNA X MEIER,Fetranspor,235,17393543,"-22.8801","-43.2701"
687,687-PAVUNA X MEIER,Fetranspor,236,17393543,"-22.8803","-43.2693"
687,687-PAVUNA X MEIER,Fetranspor,237,17393543,"-22.8803","-43.2693"
687,687-PAVUNA X MEIER,Fetranspor,238,17393543,"-22.8804","-43.2692"
687,687-PAVUNA X MEIER,Fetranspor,239,17393543,"-22.8804","-43.2691"
687,687-PAVUNA X MEIER,Fetranspor,240,17393543,"-22.8804","-43.269"
687,687-PAVUNA X MEIER,Fetranspor,241,17393543,"-22.8805","-43.2689"
687,687-PAVUNA X MEIER,Fetranspor,242,17393543,"-22.8805","-43.2689"
687,687-PAVUNA X MEIER,Fetranspor,243,17393543,"-22.8804","-43.2686"
687,687-PAVUNA X MEIER,Fetranspor,244,17393543,"-22.8804","-43.2686"
687,687-PAVUNA X MEIER,Fetranspor,245,17393543,"-22.8803","-43.2688"
687,687-PAVUNA X MEIER,Fetranspor,246,17393543,"-22.8802","-43.2689"
687,687-PAVUNA X MEIER,Fetranspor,247,17393543,"-22.8802","-43.269"
687,687-PAVUNA X MEIER,Fetranspor,248,17393543,"-22.8802","-43.269"
687,687-PAVUNA X MEIER,Fetranspor,249,17393543,"-22.8802","-43.2693"
687,687-PAVUNA X MEIER,Fetranspor,250,17393543,"-22.8801","-43.2696"
687,687-PAVUNA X MEIER,Fetranspor,251,17393543,"-22.8801","-43.2696"
687,687-PAVUNA X MEIER,Fetranspor,252,17393543,"-22.8799","-43.27"
687,687-PAVUNA X MEIER,Fetranspor,253,17393543,"-22.8794","-43.2709"
687,687-PAVUNA X MEIER,Fetranspor,254,17393543,"-22.8793","-43.2712"
687,687-PAVUNA X MEIER,Fetranspor,255,17393543,"-22.879","-43.2718"
687,687-PAVUNA X MEIER,Fetranspor,256,17393543,"-22.8787","-43.2724"
687,687-PAVUNA X MEIER,Fetranspor,257,17393543,"-22.8786","-43.2728"
687,687-PAVUNA X MEIER,Fetranspor,258,17393543,"-22.8786","-43.2728"
687,687-PAVUNA X MEIER,Fetranspor,259,17393543,"-22.8785","-43.273"
687,687-PAVUNA X MEIER,Fetranspor,260,17393543,"-22.8783","-43.2733"
687,687-PAVUNA X MEIER,Fetranspor,261,17393543,"-22.8783","-43.2734"
687,687-PAVUNA X MEIER,Fetranspor,262,17393543,"-22.8781","-43.2736"
687,687-PAVUNA X MEIER,Fetranspor,263,17393543,"-22.878","-43.2737"
687,687-PAVUNA X MEIER,Fetranspor,264,17393543,"-22.878","-43.2737"
687,687-PAVUNA X MEIER,Fetranspor,265,17393543,"-22.8779","-43.274"
687,687-PAVUNA X MEIER,Fetranspor,266,17393543,"-22.8774","-43.2746"
687,687-PAVUNA X MEIER,Fetranspor,267,17393543,"-22.877","-43.2751"
687,687-PAVUNA X MEIER,Fetranspor,268,17393543,"-22.877","-43.2751"
687,687-PAVUNA X MEIER,Fetranspor,269,17393543,"-22.8766","-43.2756"
687,687-PAVUNA X MEIER,Fetranspor,270,17393543,"-22.8766","-43.2757"
687,687-PAVUNA X MEIER,Fetranspor,271,17393543,"-22.8764","-43.2758"
687,687-PAVUNA X MEIER,Fetranspor,272,17393543,"-22.8764","-43.2759"
687,687-PAVUNA X MEIER,Fetranspor,273,17393543,"-22.8763","-43.276"
687,687-PAVUNA X MEIER,Fetranspor,274,17393543,"-22.8762","-43.2761"
687,687-PAVUNA X MEIER,Fetranspor,275,17393543,"-22.8759","-43.2767"
687,687-PAVUNA X MEIER,Fetranspor,276,17393543,"-22.8759","-43.2767"
687,687-PAVUNA X MEIER,Fetranspor,277,17393543,"-22.8758","-43.2769"
687,687-PAVUNA X MEIER,Fetranspor,278,17393543,"-22.8757","-43.2772"
687,687-PAVUNA X MEIER,Fetranspor,279,17393543,"-22.8755","-43.2777"
687,687-PAVUNA X MEIER,Fetranspor,280,17393543,"-22.8752","-43.2787"
687,687-PAVUNA X MEIER,Fetranspor,281,17393543,"-22.8749","-43.2802"
687,687-PAVUNA X MEIER,Fetranspor,282,17393543,"-22.8748","-43.2804"
687,687-PAVUNA X MEIER,Fetranspor,283,17393543,"-22.8747","-43.2809"
687,687-PAVUNA X MEIER,Fetranspor,284,17393543,"-22.8746","-43.2819"
687,687-PAVUNA X MEIER,Fetranspor,285,17393543,"-22.8745","-43.2821"
687,687-PAVUNA X MEIER,Fetranspor,286,17393543,"-22.8745","-43.2821"
687,687-PAVUNA X MEIER,Fetranspor,287,17393543,"-22.8743","-43.2839"
687,687-PAVUNA X MEIER,Fetranspor,288,17393543,"-22.8743","-43.2846"
687,687-PAVUNA X MEIER,Fetranspor,289,17393543,"-22.8743","-43.2846"
687,687-PAVUNA X MEIER,Fetranspor,290,17393543,"-22.8736","-43.2834"
687,687-PAVUNA X MEIER,Fetranspor,291,17393543,"-22.8736","-43.2834"
687,687-PAVUNA X MEIER,Fetranspor,292,17393543,"-22.8733","-43.283"
687,687-PAVUNA X MEIER,Fetranspor,293,17393543,"-22.8733","-43.2828"
687,687-PAVUNA X MEIER,Fetranspor,294,17393543,"-22.873","-43.2821"
687,687-PAVUNA X MEIER,Fetranspor,295,17393543,"-22.873","-43.2821"
687,687-PAVUNA X MEIER,Fetranspor,296,17393543,"-22.8723","-43.281"
687,687-PAVUNA X MEIER,Fetranspor,297,17393543,"-22.8723","-43.281"
687,687-PAVUNA X MEIER,Fetranspor,298,17393543,"-22.8718","-43.2814"
687,687-PAVUNA X MEIER,Fetranspor,299,17393543,"-22.8718","-43.2814"
687,687-PAVUNA X MEIER,Fetranspor,300,17393543,"-22.8718","-43.2814"
687,687-PAVUNA X MEIER,Fetranspor,301,17393543,"-22.8716","-43.2817"
687,687-PAVUNA X MEIER,Fetranspor,302,17393543,"-22.8716","-43.2817"
687,687-PAVUNA X MEIER,Fetranspor,303,17393543,"-22.8714","-43.2824"
687,687-PAVUNA X MEIER,Fetranspor,304,17393543,"-22.8714","-43.2824"
687,687-PAVUNA X MEIER,Fetranspor,305,17393543,"-22.8713","-43.283"
687,687-PAVUNA X MEIER,Fetranspor,306,17393543,"-22.8713","-43.2831"
687,687-PAVUNA X MEIER,Fetranspor,307,17393543,"-22.8712","-43.2833"
687,687-PAVUNA X MEIER,Fetranspor,308,17393543,"-22.8709","-43.2835"
687,687-PAVUNA X MEIER,Fetranspor,309,17393543,"-22.8709","-43.2835"
687,687-PAVUNA X MEIER,Fetranspor,310,17393543,"-22.8702","-43.284"
687,687-PAVUNA X MEIER,Fetranspor,311,17393543,"-22.8701","-43.284"
687,687-PAVUNA X MEIER,Fetranspor,312,17393543,"-22.8701","-43.284"
687,687-PAVUNA X MEIER,Fetranspor,313,17393543,"-22.8699","-43.284"
687,687-PAVUNA X MEIER,Fetranspor,314,17393543,"-22.8685","-43.2844"
687,687-PAVUNA X MEIER,Fetranspor,315,17393543,"-22.8684","-43.2845"
687,687-PAVUNA X MEIER,Fetranspor,316,17393543,"-22.8684","-43.2845"
687,687-PAVUNA X MEIER,Fetranspor,317,17393543,"-22.8683","-43.2846"
687,687-PAVUNA X MEIER,Fetranspor,318,17393543,"-22.8681","-43.2847"
687,687-PAVUNA X MEIER,Fetranspor,319,17393543,"-22.868","-43.2848"
687,687-PAVUNA X MEIER,Fetranspor,320,17393543,"-22.8678","-43.285"
687,687-PAVUNA X MEIER,Fetranspor,321,17393543,"-22.8678","-43.285"
687,687-PAVUNA X MEIER,Fetranspor,322,17393543,"-22.8678","-43.2851"
687,687-PAVUNA X MEIER,Fetranspor,323,17393543,"-22.8677","-43.2853"
687,687-PAVUNA X MEIER,Fetranspor,324,17393543,"-22.8676","-43.2855"
687,687-PAVUNA X MEIER,Fetranspor,325,17393543,"-22.8676","-43.2855"
687,687-PAVUNA X MEIER,Fetranspor,326,17393543,"-22.8676","-43.2855"
687,687-PAVUNA X MEIER,Fetranspor,327,17393543,"-22.8675","-43.2861"
687,687-PAVUNA X MEIER,Fetranspor,328,17393543,"-22.8675","-43.2861"
687,687-PAVUNA X MEIER,Fetranspor,329,17393543,"-22.8673","-43.2869"
687,687-PAVUNA X MEIER,Fetranspor,330,17393543,"-22.8673","-43.2869"
687,687-PAVUNA X MEIER,Fetranspor,331,17393543,"-22.8672","-43.2871"
687,687-PAVUNA X MEIER,Fetranspor,332,17393543,"-22.8672","-43.2872"
687,687-PAVUNA X MEIER,Fetranspor,333,17393543,"-22.867","-43.2875"
687,687-PAVUNA X MEIER,Fetranspor,334,17393543,"-22.867","-43.2875"
687,687-PAVUNA X MEIER,Fetranspor,335,17393543,"-22.8669","-43.2878"
687,687-PAVUNA X MEIER,Fetranspor,336,17393543,"-22.8668","-43.2879"
687,687-PAVUNA X MEIER,Fetranspor,337,17393543,"-22.8668","-43.2879"
687,687-PAVUNA X MEIER,Fetranspor,338,17393543,"-22.8667","-43.288"
687,687-PAVUNA X MEIER,Fetranspor,339,17393543,"-22.8666","-43.2881"
687,687-PAVUNA X MEIER,Fetranspor,340,17393543,"-22.8666","-43.2881"
687,687-PAVUNA X MEIER,Fetranspor,341,17393543,"-22.8665","-43.2882"
687,687-PAVUNA X MEIER,Fetranspor,342,17393543,"-22.8661","-43.2885"
687,687-PAVUNA X MEIER,Fetranspor,343,17393543,"-22.8661","-43.2885"
687,687-PAVUNA X MEIER,Fetranspor,344,17393543,"-22.8659","-43.2887"
687,687-PAVUNA X MEIER,Fetranspor,345,17393543,"-22.8658","-43.2889"
687,687-PAVUNA X MEIER,Fetranspor,346,17393543,"-22.8656","-43.2892"
687,687-PAVUNA X MEIER,Fetranspor,347,17393543,"-22.8656","-43.2892"
687,687-PAVUNA X MEIER,Fetranspor,348,17393543,"-22.8655","-43.2894"
687,687-PAVUNA X MEIER,Fetranspor,349,17393543,"-22.8655","-43.2896"
687,687-PAVUNA X MEIER,Fetranspor,350,17393543,"-22.8655","-43.2896"
687,687-PAVUNA X MEIER,Fetranspor,351,17393543,"-22.8654","-43.2899"
687,687-PAVUNA X MEIER,Fetranspor,352,17393543,"-22.8654","-43.2899"
687,687-PAVUNA X MEIER,Fetranspor,353,17393543,"-22.8654","-43.2903"
687,687-PAVUNA X MEIER,Fetranspor,354,17393543,"-22.8654","-43.2903"
687,687-PAVUNA X MEIER,Fetranspor,355,17393543,"-22.8655","-43.2906"
687,687-PAVUNA X MEIER,Fetranspor,356,17393543,"-22.8655","-43.2906"
687,687-PAVUNA X MEIER,Fetranspor,357,17393543,"-22.8655","-43.2915"
687,687-PAVUNA X MEIER,Fetranspor,358,17393543,"-22.8655","-43.2915"
687,687-PAVUNA X MEIER,Fetranspor,359,17393543,"-22.8655","-43.2918"
687,687-PAVUNA X MEIER,Fetranspor,360,17393543,"-22.8655","-43.2919"
687,687-PAVUNA X MEIER,Fetranspor,361,17393543,"-22.8655","-43.2919"
687,687-PAVUNA X MEIER,Fetranspor,362,17393543,"-22.8654","-43.292"
687,687-PAVUNA X MEIER,Fetranspor,363,17393543,"-22.8653","-43.2925"
687,687-PAVUNA X MEIER,Fetranspor,364,17393543,"-22.8653","-43.2925"
687,687-PAVUNA X MEIER,Fetranspor,365,17393543,"-22.865","-43.2932"
687,687-PAVUNA X MEIER,Fetranspor,366,17393543,"-22.865","-43.2932"
687,687-PAVUNA X MEIER,Fetranspor,367,17393543,"-22.865","-43.2935"
687,687-PAVUNA X MEIER,Fetranspor,368,17393543,"-22.865","-43.2937"
687,687-PAVUNA X MEIER,Fetranspor,369,17393543,"-22.865","-43.2939"
687,687-PAVUNA X MEIER,Fetranspor,370,17393543,"-22.865","-43.294"
687,687-PAVUNA X MEIER,Fetranspor,371,17393543,"-22.865","-43.294"
687,687-PAVUNA X MEIER,Fetranspor,372,17393543,"-22.865","-43.2942"
687,687-PAVUNA X MEIER,Fetranspor,373,17393543,"-22.8652","-43.2946"
687,687-PAVUNA X MEIER,Fetranspor,374,17393543,"-22.8654","-43.295"
687,687-PAVUNA X MEIER,Fetranspor,375,17393543,"-22.8654","-43.2953"
687,687-PAVUNA X MEIER,Fetranspor,376,17393543,"-22.8654","-43.2955"
687,687-PAVUNA X MEIER,Fetranspor,377,17393543,"-22.8654","-43.2955"
687,687-PAVUNA X MEIER,Fetranspor,378,17393543,"-22.8653","-43.2963"
687,687-PAVUNA X MEIER,Fetranspor,379,17393543,"-22.8653","-43.2963"
687,687-PAVUNA X MEIER,Fetranspor,380,17393543,"-22.8652","-43.297"
687,687-PAVUNA X MEIER,Fetranspor,381,17393543,"-22.8652","-43.297"
687,687-PAVUNA X MEIER,Fetranspor,382,17393543,"-22.8652","-43.2971"
687,687-PAVUNA X MEIER,Fetranspor,383,17393543,"-22.8652","-43.2972"
687,687-PAVUNA X MEIER,Fetranspor,384,17393543,"-22.8652","-43.2972"
687,687-PAVUNA X MEIER,Fetranspor,385,17393543,"-22.8652","-43.2976"
687,687-PAVUNA X MEIER,Fetranspor,386,17393543,"-22.8652","-43.2976"
687,687-PAVUNA X MEIER,Fetranspor,387,17393543,"-22.8653","-43.298"
687,687-PAVUNA X MEIER,Fetranspor,388,17393543,"-22.8654","-43.2992"
687,687-PAVUNA X MEIER,Fetranspor,389,17393543,"-22.8654","-43.2992"
687,687-PAVUNA X MEIER,Fetranspor,390,17393543,"-22.8654","-43.2993"
687,687-PAVUNA X MEIER,Fetranspor,391,17393543,"-22.8654","-43.2993"
687,687-PAVUNA X MEIER,Fetranspor,392,17393543,"-22.8655","-43.2999"
687,687-PAVUNA X MEIER,Fetranspor,393,17393543,"-22.8655","-43.2999"
687,687-PAVUNA X MEIER,Fetranspor,394,17393543,"-22.8655","-43.3001"
687,687-PAVUNA X MEIER,Fetranspor,395,17393543,"-22.8655","-43.3001"
687,687-PAVUNA X MEIER,Fetranspor,396,17393543,"-22.8656","-43.301"
687,687-PAVUNA X MEIER,Fetranspor,397,17393543,"-22.8656","-43.301"
687,687-PAVUNA X MEIER,Fetranspor,398,17393543,"-22.8656","-43.3015"
687,687-PAVUNA X MEIER,Fetranspor,399,17393543,"-22.8656","-43.3015"
687,687-PAVUNA X MEIER,Fetranspor,400,17393543,"-22.8657","-43.3019"
687,687-PAVUNA X MEIER,Fetranspor,401,17393543,"-22.8657","-43.3019"
687,687-PAVUNA X MEIER,Fetranspor,402,17393543,"-22.8657","-43.3025"
687,687-PAVUNA X MEIER,Fetranspor,403,17393543,"-22.8657","-43.3025"
687,687-PAVUNA X MEIER,Fetranspor,404,17393543,"-22.8658","-43.304"
687,687-PAVUNA X MEIER,Fetranspor,405,17393543,"-22.8658","-43.304"
687,687-PAVUNA X MEIER,Fetranspor,406,17393543,"-22.8658","-43.3041"
687,687-PAVUNA X MEIER,Fetranspor,407,17393543,"-22.8658","-43.3041"
687,687-PAVUNA X MEIER,Fetranspor,408,17393543,"-22.8657","-43.3042"
687,687-PAVUNA X MEIER,Fetranspor,409,17393543,"-22.8657","-43.3044"
687,687-PAVUNA X MEIER,Fetranspor,410,17393543,"-22.8655","-43.3046"
687,687-PAVUNA X MEIER,Fetranspor,411,17393543,"-22.8654","-43.3049"
687,687-PAVUNA X MEIER,Fetranspor,412,17393543,"-22.8652","-43.3051"
687,687-PAVUNA X MEIER,Fetranspor,413,17393543,"-22.865","-43.3054"
687,687-PAVUNA X MEIER,Fetranspor,414,17393543,"-22.8646","-43.3056"
687,687-PAVUNA X MEIER,Fetranspor,415,17393543,"-22.8645","-43.3058"
687,687-PAVUNA X MEIER,Fetranspor,416,17393543,"-22.8643","-43.3059"
687,687-PAVUNA X MEIER,Fetranspor,417,17393543,"-22.8642","-43.306"
687,687-PAVUNA X MEIER,Fetranspor,418,17393543,"-22.8638","-43.3062"
687,687-PAVUNA X MEIER,Fetranspor,419,17393543,"-22.8636","-43.3063"
687,687-PAVUNA X MEIER,Fetranspor,420,17393543,"-22.8631","-43.3065"
687,687-PAVUNA X MEIER,Fetranspor,421,17393543,"-22.8628","-43.3066"
687,687-PAVUNA X MEIER,Fetranspor,422,17393543,"-22.8621","-43.3067"
687,687-PAVUNA X MEIER,Fetranspor,423,17393543,"-22.8614","-43.3069"
687,687-PAVUNA X MEIER,Fetranspor,424,17393543,"-22.8614","-43.3069"
687,687-PAVUNA X MEIER,Fetranspor,425,17393543,"-22.8611","-43.3069"
687,687-PAVUNA X MEIER,Fetranspor,426,17393543,"-22.8611","-43.3069"
687,687-PAVUNA X MEIER,Fetranspor,427,17393543,"-22.8608","-43.307"
687,687-PAVUNA X MEIER,Fetranspor,428,17393543,"-22.8606","-43.3071"
687,687-PAVUNA X MEIER,Fetranspor,429,17393543,"-22.8603","-43.3072"
687,687-PAVUNA X MEIER,Fetranspor,430,17393543,"-22.8595","-43.3075"
687,687-PAVUNA X MEIER,Fetranspor,431,17393543,"-22.8593","-43.3076"
687,687-PAVUNA X MEIER,Fetranspor,432,17393543,"-22.859","-43.3078"
687,687-PAVUNA X MEIER,Fetranspor,433,17393543,"-22.8589","-43.3078"
687,687-PAVUNA X MEIER,Fetranspor,434,17393543,"-22.8589","-43.3078"
687,687-PAVUNA X MEIER,Fetranspor,435,17393543,"-22.8588","-43.3079"
687,687-PAVUNA X MEIER,Fetranspor,436,17393543,"-22.8582","-43.3083"
687,687-PAVUNA X MEIER,Fetranspor,437,17393543,"-22.8581","-43.3084"
687,687-PAVUNA X MEIER,Fetranspor,438,17393543,"-22.8577","-43.3088"
687,687-PAVUNA X MEIER,Fetranspor,439,17393543,"-22.8577","-43.3088"
687,687-PAVUNA X MEIER,Fetranspor,440,17393543,"-22.8574","-43.309"
687,687-PAVUNA X MEIER,Fetranspor,441,17393543,"-22.8574","-43.309"
687,687-PAVUNA X MEIER,Fetranspor,442,17393543,"-22.8571","-43.3092"
687,687-PAVUNA X MEIER,Fetranspor,443,17393543,"-22.8571","-43.3092"
687,687-PAVUNA X MEIER,Fetranspor,444,17393543,"-22.8569","-43.3095"
687,687-PAVUNA X MEIER,Fetranspor,445,17393543,"-22.8569","-43.3095"
687,687-PAVUNA X MEIER,Fetranspor,446,17393543,"-22.8561","-43.3101"
687,687-PAVUNA X MEIER,Fetranspor,447,17393543,"-22.8561","-43.3101"
687,687-PAVUNA X MEIER,Fetranspor,448,17393543,"-22.8557","-43.3105"
687,687-PAVUNA X MEIER,Fetranspor,449,17393543,"-22.8552","-43.3112"
687,687-PAVUNA X MEIER,Fetranspor,450,17393543,"-22.8551","-43.3114"
687,687-PAVUNA X MEIER,Fetranspor,451,17393543,"-22.8536","-43.3135"
687,687-PAVUNA X MEIER,Fetranspor,452,17393543,"-22.8536","-43.3135"
687,687-PAVUNA X MEIER,Fetranspor,453,17393543,"-22.8534","-43.3137"
687,687-PAVUNA X MEIER,Fetranspor,454,17393543,"-22.8533","-43.3138"
687,687-PAVUNA X MEIER,Fetranspor,455,17393543,"-22.8533","-43.3138"
687,687-PAVUNA X MEIER,Fetranspor,456,17393543,"-22.853","-43.3143"
687,687-PAVUNA X MEIER,Fetranspor,457,17393543,"-22.853","-43.3143"
687,687-PAVUNA X MEIER,Fetranspor,458,17393543,"-22.8523","-43.3153"
687,687-PAVUNA X MEIER,Fetranspor,459,17393543,"-22.8523","-43.3153"
687,687-PAVUNA X MEIER,Fetranspor,460,17393543,"-22.8522","-43.3154"
687,687-PAVUNA X MEIER,Fetranspor,461,17393543,"-22.8522","-43.3154"
687,687-PAVUNA X MEIER,Fetranspor,462,17393543,"-22.8521","-43.3157"
687,687-PAVUNA X MEIER,Fetranspor,463,17393543,"-22.852","-43.3158"
687,687-PAVUNA X MEIER,Fetranspor,464,17393543,"-22.852","-43.3158"
687,687-PAVUNA X MEIER,Fetranspor,465,17393543,"-22.8515","-43.3166"
687,687-PAVUNA X MEIER,Fetranspor,466,17393543,"-22.8515","-43.3166"
687,687-PAVUNA X MEIER,Fetranspor,467,17393543,"-22.8514","-43.3167"
687,687-PAVUNA X MEIER,Fetranspor,468,17393543,"-22.8514","-43.3167"
687,687-PAVUNA X MEIER,Fetranspor,469,17393543,"-22.8511","-43.3172"
687,687-PAVUNA X MEIER,Fetranspor,470,17393543,"-22.8509","-43.3175"
687,687-PAVUNA X MEIER,Fetranspor,471,17393543,"-22.8509","-43.3175"
687,687-PAVUNA X MEIER,Fetranspor,472,17393543,"-22.8506","-43.3179"
687,687-PAVUNA X MEIER,Fetranspor,473,17393543,"-22.8505","-43.3182"
687,687-PAVUNA X MEIER,Fetranspor,474,17393543,"-22.8504","-43.3185"
687,687-PAVUNA X MEIER,Fetranspor,475,17393543,"-22.8502","-43.319"
687,687-PAVUNA X MEIER,Fetranspor,476,17393543,"-22.8499","-43.3196"
687,687-PAVUNA X MEIER,Fetranspor,477,17393543,"-22.8497","-43.32"
687,687-PAVUNA X MEIER,Fetranspor,478,17393543,"-22.8494","-43.3205"
687,687-PAVUNA X MEIER,Fetranspor,479,17393543,"-22.849","-43.3212"
687,687-PAVUNA X MEIER,Fetranspor,480,17393543,"-22.849","-43.3212"
687,687-PAVUNA X MEIER,Fetranspor,481,17393543,"-22.8488","-43.3215"
687,687-PAVUNA X MEIER,Fetranspor,482,17393543,"-22.8487","-43.3217"
687,687-PAVUNA X MEIER,Fetranspor,483,17393543,"-22.8487","-43.3217"
687,687-PAVUNA X MEIER,Fetranspor,484,17393543,"-22.8487","-43.3218"
687,687-PAVUNA X MEIER,Fetranspor,485,17393543,"-22.8487","-43.3218"
687,687-PAVUNA X MEIER,Fetranspor,486,17393543,"-22.8486","-43.3219"
687,687-PAVUNA X MEIER,Fetranspor,487,17393543,"-22.8484","-43.3223"
687,687-PAVUNA X MEIER,Fetranspor,488,17393543,"-22.8478","-43.3232"
687,687-PAVUNA X MEIER,Fetranspor,489,17393543,"-22.8475","-43.3239"
687,687-PAVUNA X MEIER,Fetranspor,490,17393543,"-22.8474","-43.3242"
687,687-PAVUNA X MEIER,Fetranspor,491,17393543,"-22.8472","-43.3244"
687,687-PAVUNA X MEIER,Fetranspor,492,17393543,"-22.8472","-43.3244"
687,687-PAVUNA X MEIER,Fetranspor,493,17393543,"-22.8471","-43.3244"
687,687-PAVUNA X MEIER,Fetranspor,494,17393543,"-22.8471","-43.3245"
687,687-PAVUNA X MEIER,Fetranspor,495,17393543,"-22.847","-43.3245"
687,687-PAVUNA X MEIER,Fetranspor,496,17393543,"-22.847","-43.3246"
687,687-PAVUNA X MEIER,Fetranspor,497,17393543,"-22.847","-43.3246"
687,687-PAVUNA X MEIER,Fetranspor,498,17393543,"-22.847","-43.3246"
687,687-PAVUNA X MEIER,Fetranspor,499,17393543,"-22.847","-43.3246"
687,687-PAVUNA X MEIER,Fetranspor,500,17393543,"-22.847","-43.3247"
687,687-PAVUNA X MEIER,Fetranspor,501,17393543,"-22.847","-43.3248"
687,687-PAVUNA X MEIER,Fetranspor,502,17393543,"-22.847","-43.3248"
687,687-PAVUNA X MEIER,Fetranspor,503,17393543,"-22.847","-43.3249"
687,687-PAVUNA X MEIER,Fetranspor,504,17393543,"-22.847","-43.3249"
687,687-PAVUNA X MEIER,Fetranspor,505,17393543,"-22.847","-43.325"
687,687-PAVUNA X MEIER,Fetranspor,506,17393543,"-22.847","-43.3251"
687,687-PAVUNA X MEIER,Fetranspor,507,17393543,"-22.847","-43.3252"
687,687-PAVUNA X MEIER,Fetranspor,508,17393543,"-22.8468","-43.3257"
687,687-PAVUNA X MEIER,Fetranspor,509,17393543,"-22.8465","-43.3268"
687,687-PAVUNA X MEIER,Fetranspor,510,17393543,"-22.8465","-43.3268"
687,687-PAVUNA X MEIER,Fetranspor,511,17393543,"-22.8462","-43.3276"
687,687-PAVUNA X MEIER,Fetranspor,512,17393543,"-22.8462","-43.3276"
687,687-PAVUNA X MEIER,Fetranspor,513,17393543,"-22.8462","-43.3277"
687,687-PAVUNA X MEIER,Fetranspor,514,17393543,"-22.8459","-43.3282"
687,687-PAVUNA X MEIER,Fetranspor,515,17393543,"-22.8459","-43.3282"
687,687-PAVUNA X MEIER,Fetranspor,516,17393543,"-22.8457","-43.3285"
687,687-PAVUNA X MEIER,Fetranspor,517,17393543,"-22.8457","-43.3285"
687,687-PAVUNA X MEIER,Fetranspor,518,17393543,"-22.8455","-43.3288"
687,687-PAVUNA X MEIER,Fetranspor,519,17393543,"-22.8455","-43.3288"
687,687-PAVUNA X MEIER,Fetranspor,520,17393543,"-22.8451","-43.3293"
687,687-PAVUNA X MEIER,Fetranspor,521,17393543,"-22.8451","-43.3293"
687,687-PAVUNA X MEIER,Fetranspor,522,17393543,"-22.8448","-43.3296"
687,687-PAVUNA X MEIER,Fetranspor,523,17393543,"-22.8445","-43.3299"
687,687-PAVUNA X MEIER,Fetranspor,524,17393543,"-22.8445","-43.3299"
687,687-PAVUNA X MEIER,Fetranspor,525,17393543,"-22.8441","-43.3304"
687,687-PAVUNA X MEIER,Fetranspor,526,17393543,"-22.8441","-43.3304"
687,687-PAVUNA X MEIER,Fetranspor,527,17393543,"-22.8437","-43.3307"
687,687-PAVUNA X MEIER,Fetranspor,528,17393543,"-22.8437","-43.3307"
687,687-PAVUNA X MEIER,Fetranspor,529,17393543,"-22.8432","-43.3312"
687,687-PAVUNA X MEIER,Fetranspor,530,17393543,"-22.8432","-43.3312"
687,687-PAVUNA X MEIER,Fetranspor,531,17393543,"-22.843","-43.3314"
687,687-PAVUNA X MEIER,Fetranspor,532,17393543,"-22.8429","-43.3316"
687,687-PAVUNA X MEIER,Fetranspor,533,17393543,"-22.8429","-43.3316"
687,687-PAVUNA X MEIER,Fetranspor,534,17393543,"-22.8428","-43.3318"
687,687-PAVUNA X MEIER,Fetranspor,535,17393543,"-22.8427","-43.332"
687,687-PAVUNA X MEIER,Fetranspor,536,17393543,"-22.8427","-43.3321"
687,687-PAVUNA X MEIER,Fetranspor,537,17393543,"-22.8427","-43.3324"
687,687-PAVUNA X MEIER,Fetranspor,538,17393543,"-22.8427","-43.3324"
687,687-PAVUNA X MEIER,Fetranspor,539,17393543,"-22.8426","-43.3329"
687,687-PAVUNA X MEIER,Fetranspor,540,17393543,"-22.8426","-43.3329"
687,687-PAVUNA X MEIER,Fetranspor,541,17393543,"-22.8426","-43.3332"
687,687-PAVUNA X MEIER,Fetranspor,542,17393543,"-22.8426","-43.3336"
687,687-PAVUNA X MEIER,Fetranspor,543,17393543,"-22.8425","-43.3343"
687,687-PAVUNA X MEIER,Fetranspor,544,17393543,"-22.8425","-43.3346"
687,687-PAVUNA X MEIER,Fetranspor,545,17393543,"-22.8424","-43.3348"
687,687-PAVUNA X MEIER,Fetranspor,546,17393543,"-22.8424","-43.3348"
687,687-PAVUNA X MEIER,Fetranspor,547,17393543,"-22.8424","-43.335"
687,687-PAVUNA X MEIER,Fetranspor,548,17393543,"-22.8424","-43.335"
687,687-PAVUNA X MEIER,Fetranspor,549,17393543,"-22.8423","-43.3352"
687,687-PAVUNA X MEIER,Fetranspor,550,17393543,"-22.8423","-43.3352"
687,687-PAVUNA X MEIER,Fetranspor,551,17393543,"-22.8422","-43.3355"
687,687-PAVUNA X MEIER,Fetranspor,552,17393543,"-22.8421","-43.3357"
687,687-PAVUNA X MEIER,Fetranspor,553,17393543,"-22.8421","-43.3357"
687,687-PAVUNA X MEIER,Fetranspor,554,17393543,"-22.8419","-43.336"
687,687-PAVUNA X MEIER,Fetranspor,555,17393543,"-22.8418","-43.3361"
687,687-PAVUNA X MEIER,Fetranspor,556,17393543,"-22.8417","-43.3363"
687,687-PAVUNA X MEIER,Fetranspor,557,17393543,"-22.8416","-43.3364"
687,687-PAVUNA X MEIER,Fetranspor,558,17393543,"-22.8414","-43.3365"
687,687-PAVUNA X MEIER,Fetranspor,559,17393543,"-22.8413","-43.3366"
687,687-PAVUNA X MEIER,Fetranspor,560,17393543,"-22.841","-43.3367"
687,687-PAVUNA X MEIER,Fetranspor,561,17393543,"-22.8408","-43.3368"
687,687-PAVUNA X MEIER,Fetranspor,562,17393543,"-22.8408","-43.3368"
687,687-PAVUNA X MEIER,Fetranspor,563,17393543,"-22.8404","-43.3371"
687,687-PAVUNA X MEIER,Fetranspor,564,17393543,"-22.8397","-43.3374"
687,687-PAVUNA X MEIER,Fetranspor,565,17393543,"-22.8397","-43.3374"
687,687-PAVUNA X MEIER,Fetranspor,566,17393543,"-22.837","-43.339"
687,687-PAVUNA X MEIER,Fetranspor,567,17393543,"-22.8339","-43.3408"
687,687-PAVUNA X MEIER,Fetranspor,568,17393543,"-22.8334","-43.3411"
687,687-PAVUNA X MEIER,Fetranspor,569,17393543,"-22.8331","-43.3413"
687,687-PAVUNA X MEIER,Fetranspor,570,17393543,"-22.8327","-43.3416"
687,687-PAVUNA X MEIER,Fetranspor,571,17393543,"-22.8326","-43.3418"
687,687-PAVUNA X MEIER,Fetranspor,572,17393543,"-22.8322","-43.3421"
687,687-PAVUNA X MEIER,Fetranspor,573,17393543,"-22.8322","-43.3421"
687,687-PAVUNA X MEIER,Fetranspor,574,17393543,"-22.8314","-43.3431"
687,687-PAVUNA X MEIER,Fetranspor,575,17393543,"-22.8312","-43.3433"
687,687-PAVUNA X MEIER,Fetranspor,576,17393543,"-22.8312","-43.3433"
687,687-PAVUNA X MEIER,Fetranspor,577,17393543,"-22.8304","-43.3441"
687,687-PAVUNA X MEIER,Fetranspor,578,17393543,"-22.8301","-43.3446"
687,687-PAVUNA X MEIER,Fetranspor,579,17393543,"-22.8301","-43.3446"
687,687-PAVUNA X MEIER,Fetranspor,580,17393543,"-22.8298","-43.3449"
687,687-PAVUNA X MEIER,Fetranspor,581,17393543,"-22.8291","-43.3456"
687,687-PAVUNA X MEIER,Fetranspor,582,17393543,"-22.8287","-43.3459"
687,687-PAVUNA X MEIER,Fetranspor,583,17393543,"-22.8287","-43.3459"
687,687-PAVUNA X MEIER,Fetranspor,584,17393543,"-22.8282","-43.3464"
687,687-PAVUNA X MEIER,Fetranspor,585,17393543,"-22.8277","-43.3468"
687,687-PAVUNA X MEIER,Fetranspor,586,17393543,"-22.8274","-43.3471"
687,687-PAVUNA X MEIER,Fetranspor,587,17393543,"-22.8271","-43.3473"
687,687-PAVUNA X MEIER,Fetranspor,588,17393543,"-22.8268","-43.3475"
687,687-PAVUNA X MEIER,Fetranspor,589,17393543,"-22.8266","-43.3476"
687,687-PAVUNA X MEIER,Fetranspor,590,17393543,"-22.8263","-43.3479"
687,687-PAVUNA X MEIER,Fetranspor,591,17393543,"-22.8263","-43.3479"
687,687-PAVUNA X MEIER,Fetranspor,592,17393543,"-22.8252","-43.3488"
687,687-PAVUNA X MEIER,Fetranspor,593,17393543,"-22.8252","-43.3488"
687,687-PAVUNA X MEIER,Fetranspor,594,17393543,"-22.825","-43.349"
687,687-PAVUNA X MEIER,Fetranspor,595,17393543,"-22.8244","-43.3496"
687,687-PAVUNA X MEIER,Fetranspor,596,17393543,"-22.8243","-43.3497"
687,687-PAVUNA X MEIER,Fetranspor,597,17393543,"-22.8243","-43.3497"
687,687-PAVUNA X MEIER,Fetranspor,598,17393543,"-22.824","-43.3499"
687,687-PAVUNA X MEIER,Fetranspor,599,17393543,"-22.824","-43.3499"
687,687-PAVUNA X MEIER,Fetranspor,600,17393543,"-22.8238","-43.3501"
687,687-PAVUNA X MEIER,Fetranspor,601,17393543,"-22.8237","-43.3502"
687,687-PAVUNA X MEIER,Fetranspor,602,17393543,"-22.8237","-43.3502"
687,687-PAVUNA X MEIER,Fetranspor,603,17393543,"-22.8233","-43.3504"
687,687-PAVUNA X MEIER,Fetranspor,604,17393543,"-22.8231","-43.3505"
687,687-PAVUNA X MEIER,Fetranspor,605,17393543,"-22.8229","-43.3506"
687,687-PAVUNA X MEIER,Fetranspor,606,17393543,"-22.8229","-43.3506"
687,687-PAVUNA X MEIER,Fetranspor,607,17393543,"-22.8224","-43.3508"
687,687-PAVUNA X MEIER,Fetranspor,608,17393543,"-22.8224","-43.3508"
687,687-PAVUNA X MEIER,Fetranspor,609,17393543,"-22.8219","-43.351"
687,687-PAVUNA X MEIER,Fetranspor,610,17393543,"-22.8214","-43.3512"
687,687-PAVUNA X MEIER,Fetranspor,611,17393543,"-22.8207","-43.3516"
687,687-PAVUNA X MEIER,Fetranspor,612,17393543,"-22.8207","-43.3516"
687,687-PAVUNA X MEIER,Fetranspor,613,17393543,"-22.8203","-43.352"
687,687-PAVUNA X MEIER,Fetranspor,614,17393543,"-22.8203","-43.352"
687,687-PAVUNA X MEIER,Fetranspor,615,17393543,"-22.82","-43.3523"
687,687-PAVUNA X MEIER,Fetranspor,616,17393543,"-22.8199","-43.3524"
687,687-PAVUNA X MEIER,Fetranspor,617,17393543,"-22.8198","-43.3526"
687,687-PAVUNA X MEIER,Fetranspor,618,17393543,"-22.8198","-43.3527"
687,687-PAVUNA X MEIER,Fetranspor,619,17393543,"-22.8196","-43.3531"
687,687-PAVUNA X MEIER,Fetranspor,620,17393543,"-22.8196","-43.3535"
687,687-PAVUNA X MEIER,Fetranspor,621,17393543,"-22.8195","-43.3539"
687,687-PAVUNA X MEIER,Fetranspor,622,17393543,"-22.8196","-43.3543"
687,687-PAVUNA X MEIER,Fetranspor,623,17393543,"-22.8196","-43.3547"
687,687-PAVUNA X MEIER,Fetranspor,624,17393543,"-22.8196","-43.355"
687,687-PAVUNA X MEIER,Fetranspor,625,17393543,"-22.8196","-43.3553"
687,687-PAVUNA X MEIER,Fetranspor,626,17393543,"-22.8196","-43.3557"
687,687-PAVUNA X MEIER,Fetranspor,627,17393543,"-22.8195","-43.356"
687,687-PAVUNA X MEIER,Fetranspor,628,17393543,"-22.8194","-43.3564"
687,687-PAVUNA X MEIER,Fetranspor,629,17393543,"-22.8191","-43.3567"
687,687-PAVUNA X MEIER,Fetranspor,630,17393543,"-22.819","-43.3569"
687,687-PAVUNA X MEIER,Fetranspor,631,17393543,"-22.8189","-43.357"
687,687-PAVUNA X MEIER,Fetranspor,632,17393543,"-22.8189","-43.357"
687,687-PAVUNA X MEIER,Fetranspor,633,17393543,"-22.8187","-43.3572"
687,687-PAVUNA X MEIER,Fetranspor,634,17393543,"-22.8187","-43.3572"
687,687-PAVUNA X MEIER,Fetranspor,635,17393543,"-22.8185","-43.3573"
687,687-PAVUNA X MEIER,Fetranspor,636,17393543,"-22.8182","-43.3575"
687,687-PAVUNA X MEIER,Fetranspor,637,17393543,"-22.8181","-43.3575"
687,687-PAVUNA X MEIER,Fetranspor,638,17393543,"-22.8177","-43.3576"
687,687-PAVUNA X MEIER,Fetranspor,639,17393543,"-22.8177","-43.3576"
687,687-PAVUNA X MEIER,Fetranspor,640,17393543,"-22.817","-43.3578"
687,687-PAVUNA X MEIER,Fetranspor,641,17393543,"-22.8167","-43.3579"
687,687-PAVUNA X MEIER,Fetranspor,642,17393543,"-22.8164","-43.3581"
687,687-PAVUNA X MEIER,Fetranspor,643,17393543,"-22.8164","-43.3581"
687,687-PAVUNA X MEIER,Fetranspor,644,17393543,"-22.8156","-43.3585"
687,687-PAVUNA X MEIER,Fetranspor,645,17393543,"-22.8147","-43.359"
687,687-PAVUNA X MEIER,Fetranspor,646,17393543,"-22.8147","-43.359"
687,687-PAVUNA X MEIER,Fetranspor,647,17393543,"-22.8146","-43.3591"
687,687-PAVUNA X MEIER,Fetranspor,648,17393543,"-22.8133","-43.3599"
687,687-PAVUNA X MEIER,Fetranspor,649,17393543,"-22.8133","-43.3599"
687,687-PAVUNA X MEIER,Fetranspor,650,17393543,"-22.8116","-43.3608"
687,687-PAVUNA X MEIER,Fetranspor,651,17393543,"-22.8116","-43.3608"
687,687-PAVUNA X MEIER,Fetranspor,652,17393543,"-22.81","-43.3617"
687,687-PAVUNA X MEIER,Fetranspor,653,17393543,"-22.81","-43.3617"
687,687-PAVUNA X MEIER,Fetranspor,654,17393543,"-22.8094","-43.3621"
687,687-PAVUNA X MEIER,Fetranspor,655,17393543,"-22.8093","-43.3622"
687,687-PAVUNA X MEIER,Fetranspor,656,17393543,"-22.8093","-43.3622"
687,687-PAVUNA X MEIER,Fetranspor,657,17393543,"-22.8088","-43.3625"
687,687-PAVUNA X MEIER,Fetranspor,658,17393543,"-22.8085","-43.3627"
687,687-PAVUNA X MEIER,Fetranspor,659,17393543,"-22.8085","-43.3627"
687,687-PAVUNA X MEIER,Fetranspor,660,17393543,"-22.8082","-43.3628"
687,687-PAVUNA X MEIER,Fetranspor,661,17393543,"-22.8079","-43.363"
687,687-PAVUNA X MEIER,Fetranspor,662,17393543,"-22.8078","-43.3631"
687,687-PAVUNA X MEIER,Fetranspor,663,17393543,"-22.8075","-43.3633"
687,687-PAVUNA X MEIER,Fetranspor,664,17393543,"-22.8075","-43.3633"
687,687-PAVUNA X MEIER,Fetranspor,665,17393543,"-22.8073","-43.3634"
687,687-PAVUNA X MEIER,Fetranspor,666,17393543,"-22.8072","-43.3635"
687,687-PAVUNA X MEIER,Fetranspor,667,17393543,"-22.8071","-43.3635"
687,687-PAVUNA X MEIER,Fetranspor,668,17393543,"-22.8071","-43.3635"
687,687-PAVUNA X MEIER,Fetranspor,669,17393543,"-22.8071","-43.3635"
687,687-PAVUNA X MEIER,Fetranspor,670,17393543,"-22.807","-43.3634"
687,687-PAVUNA X MEIER,Fetranspor,671,17393543,"-22.807","-43.3634"
687,687-PAVUNA X MEIER,Fetranspor,672,17393543,"-22.807","-43.3627"
687,687-PAVUNA X MEIER,Fetranspor,673,17393543,"-22.807","-43.3627"
687,687-PAVUNA X MEIER,Fetranspor,674,17393543,"-22.8069","-43.362"
687,687-PAVUNA X MEIER,Fetranspor,675,17393543,"-22.8069","-43.362"
687,687-PAVUNA X MEIER,Fetranspor,676,17393543,"-22.8068","-43.3614"
687,687-PAVUNA X MEIER,Fetranspor,677,17393543,"-22.8068","-43.3614"
687,687-PAVUNA X MEIER,Fetranspor,678,17393543,"-22.8068","-43.3607"
687,687-PAVUNA X MEIER,Fetranspor,679,17393543,"-22.8068","-43.3607"
687,687-PAVUNA X MEIER,Fetranspor,680,17393543,"-22.8067","-43.3601"
687,687-PAVUNA X MEIER,Fetranspor,681,17393543,"-22.8067","-43.3601"
687,687-PAVUNA X MEIER,Fetranspor,682,17393543,"-22.8067","-43.3595"
687,687-PAVUNA X MEIER,Fetranspor,683,17393543,"-22.8067","-43.3595"
687,687-PAVUNA X MEIER,Fetranspor,684,17393543,"-22.8066","-43.3594"
687,687-PAVUNA X MEIER,Fetranspor,685,17393543,"-22.8066","-43.3594"
687,687-PAVUNA X MEIER,Fetranspor,686,17393543,"-22.8066","-43.3593"
687,687-PAVUNA X MEIER,Fetranspor,687,17393543,"-22.8066","-43.3593"
687,687-PAVUNA X MEIER,Fetranspor,688,17393543,"-22.8066","-43.3588"
687,687-PAVUNA X MEIER,Fetranspor,689,17393543,"-22.8066","-43.3588"
687,687-PAVUNA X MEIER,Fetranspor,690,17393543,"-22.8064","-43.3585"
687,687-PAVUNA X MEIER,Fetranspor,691,17393543,"-22.8064","-43.3585"
687,687-PAVUNA X MEIER,Fetranspor,692,17393543,"-22.8058","-43.3573"
687,687-PAVUNA X MEIER,Fetranspor,693,17393543,"-22.8057","-43.357"
687,687-PAVUNA X MEIER,Fetranspor,694,17393543,"-22.8056","-43.357"
687,687-PAVUNA X MEIER,Fetranspor,695,17393543,"-22.8056","-43.357"
687,687-PAVUNA X MEIER,Fetranspor,696,17393543,"-22.8057","-43.357"
687,687-PAVUNA X MEIER,Fetranspor,697,17393543,"-22.8056","-43.3569"
687,687-PAVUNA X MEIER,Fetranspor,698,17393543,"-22.8055","-43.3567"
687,687-PAVUNA X MEIER,Fetranspor,699,17393543,"-22.8055","-43.3567"
687,687-PAVUNA X MEIER,Fetranspor,700,17393543,"-22.8055","-43.3567"
687,687-PAVUNA X MEIER,Fetranspor,701,17393543,"-22.8054","-43.3567"
687,687-PAVUNA X MEIER,Fetranspor,702,17393543,"-22.8054","-43.3567"
687,687-PAVUNA X MEIER,Fetranspor,703,17393543,"-22.8045","-43.3568"
687,687-PAVUNA X MEIER,Fetranspor,704,17393543,"-22.8045","-43.3568"
687,687-PAVUNA X MEIER,Fetranspor,705,17393543,"-22.8042","-43.3569"
687,687-PAVUNA X MEIER,Fetranspor,706,17393543,"-22.8042","-43.3569"
687,687-PAVUNA X MEIER,Fetranspor,707,17393543,"-22.8045","-43.3592"
687,687-PAVUNA X MEIER,Fetranspor,708,17393543,"-22.8045","-43.3596"
687,687-PAVUNA X MEIER,Fetranspor,709,17393543,"-22.8045","-43.36"
687,687-PAVUNA X MEIER,Fetranspor,710,17393543,"-22.8045","-43.36"
687,687-PAVUNA X MEIER,Fetranspor,711,17393543,"-22.8044","-43.3604"
687,687-PAVUNA X MEIER,Fetranspor,712,17393543,"-22.8044","-43.3604"
687,687-PAVUNA X MEIER,Fetranspor,713,17393543,"-22.8044","-43.3606"
687,687-PAVUNA X MEIER,Fetranspor,714,17393543,"-22.8044","-43.361"
687,687-PAVUNA X MEIER,Fetranspor,715,17393543,"-22.8043","-43.3612"
687,687-PAVUNA X MEIER,Fetranspor,716,17393543,"-22.8043","-43.3613"
687,687-PAVUNA X MEIER,Fetranspor,717,17393543,"-22.8043","-43.3613"
687,687-PAVUNA X MEIER,Fetranspor,718,17393543,"-22.8043","-43.3614"
687,687-PAVUNA X MEIER,Fetranspor,719,17393543,"-22.8043","-43.3615"
687,687-PAVUNA X MEIER,Fetranspor,720,17393543,"-22.8043","-43.3615"
687,687-PAVUNA X MEIER,Fetranspor,721,17393543,"-22.8047","-43.3615"
687,687-PAVUNA X MEIER,Fetranspor,722,17393543,"-22.8047","-43.3615"
687,687-PAVUNA X MEIER,Fetranspor,723,17393543,"-22.8046","-43.3618"
687,687-PAVUNA X MEIER,Fetranspor,724,17393543,"-22.8046","-43.362"
687,687-PAVUNA X MEIER,Fetranspor,725,17393543,"-22.8046","-43.3621"
687,687-PAVUNA X MEIER,Fetranspor,726,17393543,"-22.8043","-43.3641"
687,687-PAVUNA X MEIER,Fetranspor,0,17732931,"-22.8043","-43.3641"
687,687-PAVUNA X MEIER,Fetranspor,1,17732931,"-22.8043","-43.3644"
687,687-PAVUNA X MEIER,Fetranspor,2,17732931,"-22.8043","-43.3646"
687,687-PAVUNA X MEIER,Fetranspor,3,17732931,"-22.8043","-43.3648"
687,687-PAVUNA X MEIER,Fetranspor,4,17732931,"-22.8043","-43.3648"
687,687-PAVUNA X MEIER,Fetranspor,5,17732931,"-22.8044","-43.3648"
687,687-PAVUNA X MEIER,Fetranspor,6,17732931,"-22.8052","-43.3645"
687,687-PAVUNA X MEIER,Fetranspor,7,17732931,"-22.8052","-43.3645"
687,687-PAVUNA X MEIER,Fetranspor,8,17732931,"-22.8053","-43.3651"
687,687-PAVUNA X MEIER,Fetranspor,9,17732931,"-22.8055","-43.3656"
687,687-PAVUNA X MEIER,Fetranspor,10,17732931,"-22.8055","-43.3656"
687,687-PAVUNA X MEIER,Fetranspor,11,17732931,"-22.8055","-43.3659"
687,687-PAVUNA X MEIER,Fetranspor,12,17732931,"-22.8055","-43.3659"
687,687-PAVUNA X MEIER,Fetranspor,13,17732931,"-22.8056","-43.366"
687,687-PAVUNA X MEIER,Fetranspor,14,17732931,"-22.8057","-43.3661"
687,687-PAVUNA X MEIER,Fetranspor,15,17732931,"-22.8058","-43.3661"
687,687-PAVUNA X MEIER,Fetranspor,16,17732931,"-22.8059","-43.3661"
687,687-PAVUNA X MEIER,Fetranspor,17,17732931,"-22.806","-43.3661"
687,687-PAVUNA X MEIER,Fetranspor,18,17732931,"-22.8061","-43.3661"
687,687-PAVUNA X MEIER,Fetranspor,19,17732931,"-22.8062","-43.3661"
687,687-PAVUNA X MEIER,Fetranspor,20,17732931,"-22.8063","-43.3659"
687,687-PAVUNA X MEIER,Fetranspor,21,17732931,"-22.8069","-43.3648"
687,687-PAVUNA X MEIER,Fetranspor,22,17732931,"-22.8072","-43.3645"
687,687-PAVUNA X MEIER,Fetranspor,23,17732931,"-22.8072","-43.3645"
687,687-PAVUNA X MEIER,Fetranspor,24,17732931,"-22.8075","-43.364"
687,687-PAVUNA X MEIER,Fetranspor,25,17732931,"-22.8075","-43.364"
687,687-PAVUNA X MEIER,Fetranspor,26,17732931,"-22.8077","-43.3638"
687,687-PAVUNA X MEIER,Fetranspor,27,17732931,"-22.8079","-43.3635"
687,687-PAVUNA X MEIER,Fetranspor,28,17732931,"-22.808","-43.3634"
687,687-PAVUNA X MEIER,Fetranspor,29,17732931,"-22.8081","-43.3633"
687,687-PAVUNA X MEIER,Fetranspor,30,17732931,"-22.8082","-43.3632"
687,687-PAVUNA X MEIER,Fetranspor,31,17732931,"-22.8087","-43.3629"
687,687-PAVUNA X MEIER,Fetranspor,32,17732931,"-22.8091","-43.3627"
687,687-PAVUNA X MEIER,Fetranspor,33,17732931,"-22.8091","-43.3627"
687,687-PAVUNA X MEIER,Fetranspor,34,17732931,"-22.8094","-43.3625"
687,687-PAVUNA X MEIER,Fetranspor,35,17732931,"-22.8101","-43.3622"
687,687-PAVUNA X MEIER,Fetranspor,36,17732931,"-22.8101","-43.3622"
687,687-PAVUNA X MEIER,Fetranspor,37,17732931,"-22.8107","-43.3618"
687,687-PAVUNA X MEIER,Fetranspor,38,17732931,"-22.8108","-43.3617"
687,687-PAVUNA X MEIER,Fetranspor,39,17732931,"-22.8108","-43.3617"
687,687-PAVUNA X MEIER,Fetranspor,40,17732931,"-22.8118","-43.3612"
687,687-PAVUNA X MEIER,Fetranspor,41,17732931,"-22.8118","-43.3612"
687,687-PAVUNA X MEIER,Fetranspor,42,17732931,"-22.8135","-43.3602"
687,687-PAVUNA X MEIER,Fetranspor,43,17732931,"-22.8135","-43.3602"
687,687-PAVUNA X MEIER,Fetranspor,44,17732931,"-22.8149","-43.3594"
687,687-PAVUNA X MEIER,Fetranspor,45,17732931,"-22.8149","-43.3594"
687,687-PAVUNA X MEIER,Fetranspor,46,17732931,"-22.8165","-43.3585"
687,687-PAVUNA X MEIER,Fetranspor,47,17732931,"-22.8165","-43.3585"
687,687-PAVUNA X MEIER,Fetranspor,48,17732931,"-22.817","-43.3582"
687,687-PAVUNA X MEIER,Fetranspor,49,17732931,"-22.8172","-43.3581"
687,687-PAVUNA X MEIER,Fetranspor,50,17732931,"-22.8176","-43.3579"
687,687-PAVUNA X MEIER,Fetranspor,51,17732931,"-22.8183","-43.3577"
687,687-PAVUNA X MEIER,Fetranspor,52,17732931,"-22.8185","-43.3576"
687,687-PAVUNA X MEIER,Fetranspor,53,17732931,"-22.8187","-43.3575"
687,687-PAVUNA X MEIER,Fetranspor,54,17732931,"-22.8189","-43.3573"
687,687-PAVUNA X MEIER,Fetranspor,55,17732931,"-22.8189","-43.3573"
687,687-PAVUNA X MEIER,Fetranspor,56,17732931,"-22.8191","-43.3572"
687,687-PAVUNA X MEIER,Fetranspor,57,17732931,"-22.8193","-43.3569"
687,687-PAVUNA X MEIER,Fetranspor,58,17732931,"-22.8195","-43.3566"
687,687-PAVUNA X MEIER,Fetranspor,59,17732931,"-22.8197","-43.3563"
687,687-PAVUNA X MEIER,Fetranspor,60,17732931,"-22.8198","-43.356"
687,687-PAVUNA X MEIER,Fetranspor,61,17732931,"-22.8199","-43.3555"
687,687-PAVUNA X MEIER,Fetranspor,62,17732931,"-22.8199","-43.3551"
687,687-PAVUNA X MEIER,Fetranspor,63,17732931,"-22.8199","-43.3549"
687,687-PAVUNA X MEIER,Fetranspor,64,17732931,"-22.8199","-43.3543"
687,687-PAVUNA X MEIER,Fetranspor,65,17732931,"-22.8198","-43.3538"
687,687-PAVUNA X MEIER,Fetranspor,66,17732931,"-22.8198","-43.3534"
687,687-PAVUNA X MEIER,Fetranspor,67,17732931,"-22.8198","-43.3532"
687,687-PAVUNA X MEIER,Fetranspor,68,17732931,"-22.8199","-43.3529"
687,687-PAVUNA X MEIER,Fetranspor,69,17732931,"-22.82","-43.3527"
687,687-PAVUNA X MEIER,Fetranspor,70,17732931,"-22.82","-43.3526"
687,687-PAVUNA X MEIER,Fetranspor,71,17732931,"-22.8201","-43.3525"
687,687-PAVUNA X MEIER,Fetranspor,72,17732931,"-22.8203","-43.3523"
687,687-PAVUNA X MEIER,Fetranspor,73,17732931,"-22.8204","-43.3521"
687,687-PAVUNA X MEIER,Fetranspor,74,17732931,"-22.8204","-43.3521"
687,687-PAVUNA X MEIER,Fetranspor,75,17732931,"-22.8206","-43.3519"
687,687-PAVUNA X MEIER,Fetranspor,76,17732931,"-22.8209","-43.3518"
687,687-PAVUNA X MEIER,Fetranspor,77,17732931,"-22.8213","-43.3516"
687,687-PAVUNA X MEIER,Fetranspor,78,17732931,"-22.8218","-43.3515"
687,687-PAVUNA X MEIER,Fetranspor,79,17732931,"-22.8218","-43.3515"
687,687-PAVUNA X MEIER,Fetranspor,80,17732931,"-22.8225","-43.3513"
687,687-PAVUNA X MEIER,Fetranspor,81,17732931,"-22.8225","-43.3513"
687,687-PAVUNA X MEIER,Fetranspor,82,17732931,"-22.8229","-43.3512"
687,687-PAVUNA X MEIER,Fetranspor,83,17732931,"-22.8229","-43.3512"
687,687-PAVUNA X MEIER,Fetranspor,84,17732931,"-22.8231","-43.351"
687,687-PAVUNA X MEIER,Fetranspor,85,17732931,"-22.8233","-43.351"
687,687-PAVUNA X MEIER,Fetranspor,86,17732931,"-22.8233","-43.351"
687,687-PAVUNA X MEIER,Fetranspor,87,17732931,"-22.8235","-43.3509"
687,687-PAVUNA X MEIER,Fetranspor,88,17732931,"-22.8237","-43.3507"
687,687-PAVUNA X MEIER,Fetranspor,89,17732931,"-22.8239","-43.3506"
687,687-PAVUNA X MEIER,Fetranspor,90,17732931,"-22.824","-43.3505"
687,687-PAVUNA X MEIER,Fetranspor,91,17732931,"-22.824","-43.3505"
687,687-PAVUNA X MEIER,Fetranspor,92,17732931,"-22.8241","-43.3504"
687,687-PAVUNA X MEIER,Fetranspor,93,17732931,"-22.8241","-43.3504"
687,687-PAVUNA X MEIER,Fetranspor,94,17732931,"-22.8242","-43.3504"
687,687-PAVUNA X MEIER,Fetranspor,95,17732931,"-22.8242","-43.3504"
687,687-PAVUNA X MEIER,Fetranspor,96,17732931,"-22.825","-43.3496"
687,687-PAVUNA X MEIER,Fetranspor,97,17732931,"-22.825","-43.3496"
687,687-PAVUNA X MEIER,Fetranspor,98,17732931,"-22.8255","-43.3492"
687,687-PAVUNA X MEIER,Fetranspor,99,17732931,"-22.8256","-43.3492"
687,687-PAVUNA X MEIER,Fetranspor,100,17732931,"-22.8256","-43.3492"
687,687-PAVUNA X MEIER,Fetranspor,101,17732931,"-22.8257","-43.3491"
687,687-PAVUNA X MEIER,Fetranspor,102,17732931,"-22.8259","-43.3489"
687,687-PAVUNA X MEIER,Fetranspor,103,17732931,"-22.8262","-43.3486"
687,687-PAVUNA X MEIER,Fetranspor,104,17732931,"-22.8262","-43.3486"
687,687-PAVUNA X MEIER,Fetranspor,105,17732931,"-22.8266","-43.3483"
687,687-PAVUNA X MEIER,Fetranspor,106,17732931,"-22.8267","-43.3481"
687,687-PAVUNA X MEIER,Fetranspor,107,17732931,"-22.8267","-43.3481"
687,687-PAVUNA X MEIER,Fetranspor,108,17732931,"-22.8273","-43.3477"
687,687-PAVUNA X MEIER,Fetranspor,109,17732931,"-22.8273","-43.3477"
687,687-PAVUNA X MEIER,Fetranspor,110,17732931,"-22.8274","-43.3476"
687,687-PAVUNA X MEIER,Fetranspor,111,17732931,"-22.8277","-43.3473"
687,687-PAVUNA X MEIER,Fetranspor,112,17732931,"-22.8279","-43.3472"
687,687-PAVUNA X MEIER,Fetranspor,113,17732931,"-22.8279","-43.3472"
687,687-PAVUNA X MEIER,Fetranspor,114,17732931,"-22.828","-43.347"
687,687-PAVUNA X MEIER,Fetranspor,115,17732931,"-22.8284","-43.3467"
687,687-PAVUNA X MEIER,Fetranspor,116,17732931,"-22.8284","-43.3467"
687,687-PAVUNA X MEIER,Fetranspor,117,17732931,"-22.8289","-43.3463"
687,687-PAVUNA X MEIER,Fetranspor,118,17732931,"-22.8289","-43.3463"
687,687-PAVUNA X MEIER,Fetranspor,119,17732931,"-22.8291","-43.3461"
687,687-PAVUNA X MEIER,Fetranspor,120,17732931,"-22.8292","-43.346"
687,687-PAVUNA X MEIER,Fetranspor,121,17732931,"-22.8294","-43.3459"
687,687-PAVUNA X MEIER,Fetranspor,122,17732931,"-22.8294","-43.3458"
687,687-PAVUNA X MEIER,Fetranspor,123,17732931,"-22.8294","-43.3458"
687,687-PAVUNA X MEIER,Fetranspor,124,17732931,"-22.8297","-43.3456"
687,687-PAVUNA X MEIER,Fetranspor,125,17732931,"-22.8299","-43.3456"
687,687-PAVUNA X MEIER,Fetranspor,126,17732931,"-22.8301","-43.3455"
687,687-PAVUNA X MEIER,Fetranspor,127,17732931,"-22.8302","-43.3455"
687,687-PAVUNA X MEIER,Fetranspor,128,17732931,"-22.8305","-43.3455"
687,687-PAVUNA X MEIER,Fetranspor,129,17732931,"-22.8305","-43.3455"
687,687-PAVUNA X MEIER,Fetranspor,130,17732931,"-22.8306","-43.3455"
687,687-PAVUNA X MEIER,Fetranspor,131,17732931,"-22.8306","-43.3455"
687,687-PAVUNA X MEIER,Fetranspor,132,17732931,"-22.831","-43.3455"
687,687-PAVUNA X MEIER,Fetranspor,133,17732931,"-22.831","-43.3455"
687,687-PAVUNA X MEIER,Fetranspor,134,17732931,"-22.831","-43.3455"
687,687-PAVUNA X MEIER,Fetranspor,135,17732931,"-22.8312","-43.3454"
687,687-PAVUNA X MEIER,Fetranspor,136,17732931,"-22.8312","-43.3452"
687,687-PAVUNA X MEIER,Fetranspor,137,17732931,"-22.8313","-43.3451"
687,687-PAVUNA X MEIER,Fetranspor,138,17732931,"-22.8313","-43.3451"
687,687-PAVUNA X MEIER,Fetranspor,139,17732931,"-22.8314","-43.3448"
687,687-PAVUNA X MEIER,Fetranspor,140,17732931,"-22.8314","-43.3448"
687,687-PAVUNA X MEIER,Fetranspor,141,17732931,"-22.8314","-43.3447"
687,687-PAVUNA X MEIER,Fetranspor,142,17732931,"-22.8314","-43.3447"
687,687-PAVUNA X MEIER,Fetranspor,143,17732931,"-22.8316","-43.3442"
687,687-PAVUNA X MEIER,Fetranspor,144,17732931,"-22.8316","-43.3442"
687,687-PAVUNA X MEIER,Fetranspor,145,17732931,"-22.8316","-43.3441"
687,687-PAVUNA X MEIER,Fetranspor,146,17732931,"-22.8317","-43.3439"
687,687-PAVUNA X MEIER,Fetranspor,147,17732931,"-22.832","-43.3434"
687,687-PAVUNA X MEIER,Fetranspor,148,17732931,"-22.832","-43.3434"
687,687-PAVUNA X MEIER,Fetranspor,149,17732931,"-22.8326","-43.3426"
687,687-PAVUNA X MEIER,Fetranspor,150,17732931,"-22.8326","-43.3426"
687,687-PAVUNA X MEIER,Fetranspor,151,17732931,"-22.8328","-43.3423"
687,687-PAVUNA X MEIER,Fetranspor,152,17732931,"-22.8329","-43.3422"
687,687-PAVUNA X MEIER,Fetranspor,153,17732931,"-22.8329","-43.3422"
687,687-PAVUNA X MEIER,Fetranspor,154,17732931,"-22.8329","-43.3422"
687,687-PAVUNA X MEIER,Fetranspor,155,17732931,"-22.833","-43.3421"
687,687-PAVUNA X MEIER,Fetranspor,156,17732931,"-22.8331","-43.3419"
687,687-PAVUNA X MEIER,Fetranspor,157,17732931,"-22.8333","-43.3418"
687,687-PAVUNA X MEIER,Fetranspor,158,17732931,"-22.8333","-43.3418"
687,687-PAVUNA X MEIER,Fetranspor,159,17732931,"-22.8333","-43.3418"
687,687-PAVUNA X MEIER,Fetranspor,160,17732931,"-22.8336","-43.3415"
687,687-PAVUNA X MEIER,Fetranspor,161,17732931,"-22.8338","-43.3414"
687,687-PAVUNA X MEIER,Fetranspor,162,17732931,"-22.8338","-43.3414"
687,687-PAVUNA X MEIER,Fetranspor,163,17732931,"-22.8341","-43.3413"
687,687-PAVUNA X MEIER,Fetranspor,164,17732931,"-22.8341","-43.3413"
687,687-PAVUNA X MEIER,Fetranspor,165,17732931,"-22.8342","-43.3412"
687,687-PAVUNA X MEIER,Fetranspor,166,17732931,"-22.8343","-43.3412"
687,687-PAVUNA X MEIER,Fetranspor,167,17732931,"-22.8343","-43.3412"
687,687-PAVUNA X MEIER,Fetranspor,168,17732931,"-22.8352","-43.3409"
687,687-PAVUNA X MEIER,Fetranspor,169,17732931,"-22.8352","-43.3409"
687,687-PAVUNA X MEIER,Fetranspor,170,17732931,"-22.8359","-43.3407"
687,687-PAVUNA X MEIER,Fetranspor,171,17732931,"-22.8361","-43.3406"
687,687-PAVUNA X MEIER,Fetranspor,172,17732931,"-22.8363","-43.3405"
687,687-PAVUNA X MEIER,Fetranspor,173,17732931,"-22.8363","-43.3405"
687,687-PAVUNA X MEIER,Fetranspor,174,17732931,"-22.8365","-43.3404"
687,687-PAVUNA X MEIER,Fetranspor,175,17732931,"-22.8371","-43.34"
687,687-PAVUNA X MEIER,Fetranspor,176,17732931,"-22.8371","-43.34"
687,687-PAVUNA X MEIER,Fetranspor,177,17732931,"-22.838","-43.3393"
687,687-PAVUNA X MEIER,Fetranspor,178,17732931,"-22.838","-43.3393"
687,687-PAVUNA X MEIER,Fetranspor,179,17732931,"-22.8381","-43.3392"
687,687-PAVUNA X MEIER,Fetranspor,180,17732931,"-22.8382","-43.3392"
687,687-PAVUNA X MEIER,Fetranspor,181,17732931,"-22.8384","-43.3391"
687,687-PAVUNA X MEIER,Fetranspor,182,17732931,"-22.8385","-43.3391"
687,687-PAVUNA X MEIER,Fetranspor,183,17732931,"-22.8387","-43.339"
687,687-PAVUNA X MEIER,Fetranspor,184,17732931,"-22.8391","-43.339"
687,687-PAVUNA X MEIER,Fetranspor,185,17732931,"-22.8391","-43.339"
687,687-PAVUNA X MEIER,Fetranspor,186,17732931,"-22.8395","-43.3388"
687,687-PAVUNA X MEIER,Fetranspor,187,17732931,"-22.8398","-43.3388"
687,687-PAVUNA X MEIER,Fetranspor,188,17732931,"-22.8398","-43.3388"
687,687-PAVUNA X MEIER,Fetranspor,189,17732931,"-22.8398","-43.3387"
687,687-PAVUNA X MEIER,Fetranspor,190,17732931,"-22.84","-43.3386"
687,687-PAVUNA X MEIER,Fetranspor,191,17732931,"-22.8401","-43.3385"
687,687-PAVUNA X MEIER,Fetranspor,192,17732931,"-22.8401","-43.3385"
687,687-PAVUNA X MEIER,Fetranspor,193,17732931,"-22.8402","-43.3384"
687,687-PAVUNA X MEIER,Fetranspor,194,17732931,"-22.8402","-43.3384"
687,687-PAVUNA X MEIER,Fetranspor,195,17732931,"-22.8411","-43.3376"
687,687-PAVUNA X MEIER,Fetranspor,196,17732931,"-22.8411","-43.3376"
687,687-PAVUNA X MEIER,Fetranspor,197,17732931,"-22.8412","-43.3375"
687,687-PAVUNA X MEIER,Fetranspor,198,17732931,"-22.8414","-43.3373"
687,687-PAVUNA X MEIER,Fetranspor,199,17732931,"-22.8418","-43.3367"
687,687-PAVUNA X MEIER,Fetranspor,200,17732931,"-22.8421","-43.3363"
687,687-PAVUNA X MEIER,Fetranspor,201,17732931,"-22.8421","-43.3363"
687,687-PAVUNA X MEIER,Fetranspor,202,17732931,"-22.8424","-43.3359"
687,687-PAVUNA X MEIER,Fetranspor,203,17732931,"-22.8424","-43.3358"
687,687-PAVUNA X MEIER,Fetranspor,204,17732931,"-22.8425","-43.3358"
687,687-PAVUNA X MEIER,Fetranspor,205,17732931,"-22.8425","-43.3358"
687,687-PAVUNA X MEIER,Fetranspor,206,17732931,"-22.8426","-43.3355"
687,687-PAVUNA X MEIER,Fetranspor,207,17732931,"-22.8426","-43.3355"
687,687-PAVUNA X MEIER,Fetranspor,208,17732931,"-22.8428","-43.3353"
687,687-PAVUNA X MEIER,Fetranspor,209,17732931,"-22.8428","-43.3353"
687,687-PAVUNA X MEIER,Fetranspor,210,17732931,"-22.8428","-43.3352"
687,687-PAVUNA X MEIER,Fetranspor,211,17732931,"-22.8428","-43.3351"
687,687-PAVUNA X MEIER,Fetranspor,212,17732931,"-22.843","-43.3347"
687,687-PAVUNA X MEIER,Fetranspor,213,17732931,"-22.8431","-43.3345"
687,687-PAVUNA X MEIER,Fetranspor,214,17732931,"-22.8431","-43.3343"
687,687-PAVUNA X MEIER,Fetranspor,215,17732931,"-22.8431","-43.3343"
687,687-PAVUNA X MEIER,Fetranspor,216,17732931,"-22.8431","-43.3343"
687,687-PAVUNA X MEIER,Fetranspor,217,17732931,"-22.8431","-43.3342"
687,687-PAVUNA X MEIER,Fetranspor,218,17732931,"-22.8431","-43.334"
687,687-PAVUNA X MEIER,Fetranspor,219,17732931,"-22.8431","-43.3338"
687,687-PAVUNA X MEIER,Fetranspor,220,17732931,"-22.843","-43.3334"
687,687-PAVUNA X MEIER,Fetranspor,221,17732931,"-22.843","-43.3334"
687,687-PAVUNA X MEIER,Fetranspor,222,17732931,"-22.8429","-43.3331"
687,687-PAVUNA X MEIER,Fetranspor,223,17732931,"-22.8429","-43.3328"
687,687-PAVUNA X MEIER,Fetranspor,224,17732931,"-22.8429","-43.3327"
687,687-PAVUNA X MEIER,Fetranspor,225,17732931,"-22.8429","-43.3326"
687,687-PAVUNA X MEIER,Fetranspor,226,17732931,"-22.8429","-43.3326"
687,687-PAVUNA X MEIER,Fetranspor,227,17732931,"-22.8429","-43.3324"
687,687-PAVUNA X MEIER,Fetranspor,228,17732931,"-22.843","-43.3322"
687,687-PAVUNA X MEIER,Fetranspor,229,17732931,"-22.843","-43.3321"
687,687-PAVUNA X MEIER,Fetranspor,230,17732931,"-22.8431","-43.3319"
687,687-PAVUNA X MEIER,Fetranspor,231,17732931,"-22.8431","-43.3319"
687,687-PAVUNA X MEIER,Fetranspor,232,17732931,"-22.8433","-43.3314"
687,687-PAVUNA X MEIER,Fetranspor,233,17732931,"-22.8434","-43.3313"
687,687-PAVUNA X MEIER,Fetranspor,234,17732931,"-22.8434","-43.3313"
687,687-PAVUNA X MEIER,Fetranspor,235,17732931,"-22.8435","-43.3312"
687,687-PAVUNA X MEIER,Fetranspor,236,17732931,"-22.8436","-43.3311"
687,687-PAVUNA X MEIER,Fetranspor,237,17732931,"-22.8439","-43.3308"
687,687-PAVUNA X MEIER,Fetranspor,238,17732931,"-22.8439","-43.3308"
687,687-PAVUNA X MEIER,Fetranspor,239,17732931,"-22.8445","-43.3303"
687,687-PAVUNA X MEIER,Fetranspor,240,17732931,"-22.8452","-43.3296"
687,687-PAVUNA X MEIER,Fetranspor,241,17732931,"-22.8454","-43.3293"
687,687-PAVUNA X MEIER,Fetranspor,242,17732931,"-22.8457","-43.329"
687,687-PAVUNA X MEIER,Fetranspor,243,17732931,"-22.8458","-43.3288"
687,687-PAVUNA X MEIER,Fetranspor,244,17732931,"-22.846","-43.3286"
687,687-PAVUNA X MEIER,Fetranspor,245,17732931,"-22.846","-43.3286"
687,687-PAVUNA X MEIER,Fetranspor,246,17732931,"-22.8462","-43.3282"
687,687-PAVUNA X MEIER,Fetranspor,247,17732931,"-22.8463","-43.3279"
687,687-PAVUNA X MEIER,Fetranspor,248,17732931,"-22.8464","-43.3276"
687,687-PAVUNA X MEIER,Fetranspor,249,17732931,"-22.8464","-43.3276"
687,687-PAVUNA X MEIER,Fetranspor,250,17732931,"-22.8467","-43.3267"
687,687-PAVUNA X MEIER,Fetranspor,251,17732931,"-22.8471","-43.3257"
687,687-PAVUNA X MEIER,Fetranspor,252,17732931,"-22.8472","-43.3254"
687,687-PAVUNA X MEIER,Fetranspor,253,17732931,"-22.8474","-43.325"
687,687-PAVUNA X MEIER,Fetranspor,254,17732931,"-22.8474","-43.325"
687,687-PAVUNA X MEIER,Fetranspor,255,17732931,"-22.8474","-43.3249"
687,687-PAVUNA X MEIER,Fetranspor,256,17732931,"-22.8474","-43.3248"
687,687-PAVUNA X MEIER,Fetranspor,257,17732931,"-22.8474","-43.3248"
687,687-PAVUNA X MEIER,Fetranspor,258,17732931,"-22.8475","-43.3247"
687,687-PAVUNA X MEIER,Fetranspor,259,17732931,"-22.8475","-43.3247"
687,687-PAVUNA X MEIER,Fetranspor,260,17732931,"-22.8475","-43.3246"
687,687-PAVUNA X MEIER,Fetranspor,261,17732931,"-22.8475","-43.3246"
687,687-PAVUNA X MEIER,Fetranspor,262,17732931,"-22.8476","-43.3245"
687,687-PAVUNA X MEIER,Fetranspor,263,17732931,"-22.8478","-43.3241"
687,687-PAVUNA X MEIER,Fetranspor,264,17732931,"-22.8483","-43.3232"
687,687-PAVUNA X MEIER,Fetranspor,265,17732931,"-22.8484","-43.323"
687,687-PAVUNA X MEIER,Fetranspor,266,17732931,"-22.8484","-43.323"
687,687-PAVUNA X MEIER,Fetranspor,267,17732931,"-22.8488","-43.3225"
687,687-PAVUNA X MEIER,Fetranspor,268,17732931,"-22.8488","-43.3225"
687,687-PAVUNA X MEIER,Fetranspor,269,17732931,"-22.8489","-43.3223"
687,687-PAVUNA X MEIER,Fetranspor,270,17732931,"-22.8491","-43.3219"
687,687-PAVUNA X MEIER,Fetranspor,271,17732931,"-22.8494","-43.3216"
687,687-PAVUNA X MEIER,Fetranspor,272,17732931,"-22.8494","-43.3214"
687,687-PAVUNA X MEIER,Fetranspor,273,17732931,"-22.8494","-43.3214"
687,687-PAVUNA X MEIER,Fetranspor,274,17732931,"-22.8497","-43.321"
687,687-PAVUNA X MEIER,Fetranspor,275,17732931,"-22.8497","-43.321"
687,687-PAVUNA X MEIER,Fetranspor,276,17732931,"-22.8498","-43.3207"
687,687-PAVUNA X MEIER,Fetranspor,277,17732931,"-22.8498","-43.3207"
687,687-PAVUNA X MEIER,Fetranspor,278,17732931,"-22.85","-43.3203"
687,687-PAVUNA X MEIER,Fetranspor,279,17732931,"-22.85","-43.3203"
687,687-PAVUNA X MEIER,Fetranspor,280,17732931,"-22.8503","-43.3197"
687,687-PAVUNA X MEIER,Fetranspor,281,17732931,"-22.8503","-43.3197"
687,687-PAVUNA X MEIER,Fetranspor,282,17732931,"-22.8505","-43.3192"
687,687-PAVUNA X MEIER,Fetranspor,283,17732931,"-22.8505","-43.3192"
687,687-PAVUNA X MEIER,Fetranspor,284,17732931,"-22.8506","-43.3191"
687,687-PAVUNA X MEIER,Fetranspor,285,17732931,"-22.8507","-43.3188"
687,687-PAVUNA X MEIER,Fetranspor,286,17732931,"-22.8508","-43.3186"
687,687-PAVUNA X MEIER,Fetranspor,287,17732931,"-22.8508","-43.3184"
687,687-PAVUNA X MEIER,Fetranspor,288,17732931,"-22.851","-43.318"
687,687-PAVUNA X MEIER,Fetranspor,289,17732931,"-22.8511","-43.3179"
687,687-PAVUNA X MEIER,Fetranspor,290,17732931,"-22.8511","-43.3179"
687,687-PAVUNA X MEIER,Fetranspor,291,17732931,"-22.8512","-43.3177"
687,687-PAVUNA X MEIER,Fetranspor,292,17732931,"-22.8513","-43.3175"
687,687-PAVUNA X MEIER,Fetranspor,293,17732931,"-22.8516","-43.3171"
687,687-PAVUNA X MEIER,Fetranspor,294,17732931,"-22.8516","-43.3171"
687,687-PAVUNA X MEIER,Fetranspor,295,17732931,"-22.8516","-43.317"
687,687-PAVUNA X MEIER,Fetranspor,296,17732931,"-22.8518","-43.3168"
687,687-PAVUNA X MEIER,Fetranspor,297,17732931,"-22.8518","-43.3168"
687,687-PAVUNA X MEIER,Fetranspor,298,17732931,"-22.8523","-43.3161"
687,687-PAVUNA X MEIER,Fetranspor,299,17732931,"-22.8523","-43.3161"
687,687-PAVUNA X MEIER,Fetranspor,300,17732931,"-22.8528","-43.3153"
687,687-PAVUNA X MEIER,Fetranspor,301,17732931,"-22.8528","-43.3153"
687,687-PAVUNA X MEIER,Fetranspor,302,17732931,"-22.8529","-43.3151"
687,687-PAVUNA X MEIER,Fetranspor,303,17732931,"-22.853","-43.315"
687,687-PAVUNA X MEIER,Fetranspor,304,17732931,"-22.8533","-43.3146"
687,687-PAVUNA X MEIER,Fetranspor,305,17732931,"-22.8534","-43.3145"
687,687-PAVUNA X MEIER,Fetranspor,306,17732931,"-22.8534","-43.3145"
687,687-PAVUNA X MEIER,Fetranspor,307,17732931,"-22.8536","-43.3142"
687,687-PAVUNA X MEIER,Fetranspor,308,17732931,"-22.854","-43.3136"
687,687-PAVUNA X MEIER,Fetranspor,309,17732931,"-22.8541","-43.3133"
687,687-PAVUNA X MEIER,Fetranspor,310,17732931,"-22.8542","-43.3132"
687,687-PAVUNA X MEIER,Fetranspor,311,17732931,"-22.8542","-43.3132"
687,687-PAVUNA X MEIER,Fetranspor,312,17732931,"-22.8544","-43.313"
687,687-PAVUNA X MEIER,Fetranspor,313,17732931,"-22.8546","-43.3128"
687,687-PAVUNA X MEIER,Fetranspor,314,17732931,"-22.8547","-43.3126"
687,687-PAVUNA X MEIER,Fetranspor,315,17732931,"-22.8553","-43.3118"
687,687-PAVUNA X MEIER,Fetranspor,316,17732931,"-22.8555","-43.3114"
687,687-PAVUNA X MEIER,Fetranspor,317,17732931,"-22.8557","-43.3112"
687,687-PAVUNA X MEIER,Fetranspor,318,17732931,"-22.8557","-43.3112"
687,687-PAVUNA X MEIER,Fetranspor,319,17732931,"-22.8558","-43.3111"
687,687-PAVUNA X MEIER,Fetranspor,320,17732931,"-22.8559","-43.311"
687,687-PAVUNA X MEIER,Fetranspor,321,17732931,"-22.8563","-43.3106"
687,687-PAVUNA X MEIER,Fetranspor,322,17732931,"-22.8571","-43.31"
687,687-PAVUNA X MEIER,Fetranspor,323,17732931,"-22.8575","-43.3095"
687,687-PAVUNA X MEIER,Fetranspor,324,17732931,"-22.8575","-43.3095"
687,687-PAVUNA X MEIER,Fetranspor,325,17732931,"-22.8585","-43.3087"
687,687-PAVUNA X MEIER,Fetranspor,326,17732931,"-22.8593","-43.308"
687,687-PAVUNA X MEIER,Fetranspor,327,17732931,"-22.8593","-43.308"
687,687-PAVUNA X MEIER,Fetranspor,328,17732931,"-22.8594","-43.3079"
687,687-PAVUNA X MEIER,Fetranspor,329,17732931,"-22.8594","-43.3079"
687,687-PAVUNA X MEIER,Fetranspor,330,17732931,"-22.8596","-43.3078"
687,687-PAVUNA X MEIER,Fetranspor,331,17732931,"-22.8601","-43.3077"
687,687-PAVUNA X MEIER,Fetranspor,332,17732931,"-22.8607","-43.3074"
687,687-PAVUNA X MEIER,Fetranspor,333,17732931,"-22.8616","-43.3071"
687,687-PAVUNA X MEIER,Fetranspor,334,17732931,"-22.862","-43.307"
687,687-PAVUNA X MEIER,Fetranspor,335,17732931,"-22.8623","-43.307"
687,687-PAVUNA X MEIER,Fetranspor,336,17732931,"-22.8625","-43.3071"
687,687-PAVUNA X MEIER,Fetranspor,337,17732931,"-22.8629","-43.3072"
687,687-PAVUNA X MEIER,Fetranspor,338,17732931,"-22.8632","-43.3073"
687,687-PAVUNA X MEIER,Fetranspor,339,17732931,"-22.8632","-43.3073"
687,687-PAVUNA X MEIER,Fetranspor,340,17732931,"-22.8633","-43.3073"
687,687-PAVUNA X MEIER,Fetranspor,341,17732931,"-22.8637","-43.3073"
687,687-PAVUNA X MEIER,Fetranspor,342,17732931,"-22.864","-43.3073"
687,687-PAVUNA X MEIER,Fetranspor,343,17732931,"-22.864","-43.3073"
687,687-PAVUNA X MEIER,Fetranspor,344,17732931,"-22.8643","-43.3072"
687,687-PAVUNA X MEIER,Fetranspor,345,17732931,"-22.8644","-43.3071"
687,687-PAVUNA X MEIER,Fetranspor,346,17732931,"-22.8644","-43.3071"
687,687-PAVUNA X MEIER,Fetranspor,347,17732931,"-22.8646","-43.3071"
687,687-PAVUNA X MEIER,Fetranspor,348,17732931,"-22.8649","-43.3071"
687,687-PAVUNA X MEIER,Fetranspor,349,17732931,"-22.8649","-43.3071"
687,687-PAVUNA X MEIER,Fetranspor,350,17732931,"-22.8655","-43.307"
687,687-PAVUNA X MEIER,Fetranspor,351,17732931,"-22.8656","-43.307"
687,687-PAVUNA X MEIER,Fetranspor,352,17732931,"-22.8656","-43.307"
687,687-PAVUNA X MEIER,Fetranspor,353,17732931,"-22.8657","-43.3069"
687,687-PAVUNA X MEIER,Fetranspor,354,17732931,"-22.8658","-43.3068"
687,687-PAVUNA X MEIER,Fetranspor,355,17732931,"-22.8658","-43.3068"
687,687-PAVUNA X MEIER,Fetranspor,356,17732931,"-22.8658","-43.3068"
687,687-PAVUNA X MEIER,Fetranspor,357,17732931,"-22.8661","-43.3067"
687,687-PAVUNA X MEIER,Fetranspor,358,17732931,"-22.8662","-43.3066"
687,687-PAVUNA X MEIER,Fetranspor,359,17732931,"-22.8662","-43.3066"
687,687-PAVUNA X MEIER,Fetranspor,360,17732931,"-22.8664","-43.3063"
687,687-PAVUNA X MEIER,Fetranspor,361,17732931,"-22.8666","-43.3059"
687,687-PAVUNA X MEIER,Fetranspor,362,17732931,"-22.8666","-43.3057"
687,687-PAVUNA X MEIER,Fetranspor,363,17732931,"-22.8667","-43.3055"
687,687-PAVUNA X MEIER,Fetranspor,364,17732931,"-22.8667","-43.3055"
687,687-PAVUNA X MEIER,Fetranspor,365,17732931,"-22.8661","-43.306"
687,687-PAVUNA X MEIER,Fetranspor,366,17732931,"-22.8661","-43.306"
687,687-PAVUNA X MEIER,Fetranspor,367,17732931,"-22.8661","-43.306"
687,687-PAVUNA X MEIER,Fetranspor,368,17732931,"-22.866","-43.3059"
687,687-PAVUNA X MEIER,Fetranspor,369,17732931,"-22.866","-43.3059"
687,687-PAVUNA X MEIER,Fetranspor,370,17732931,"-22.866","-43.3058"
687,687-PAVUNA X MEIER,Fetranspor,371,17732931,"-22.866","-43.3058"
687,687-PAVUNA X MEIER,Fetranspor,372,17732931,"-22.866","-43.3056"
687,687-PAVUNA X MEIER,Fetranspor,373,17732931,"-22.866","-43.3054"
687,687-PAVUNA X MEIER,Fetranspor,374,17732931,"-22.8661","-43.3052"
687,687-PAVUNA X MEIER,Fetranspor,375,17732931,"-22.8661","-43.3051"
687,687-PAVUNA X MEIER,Fetranspor,376,17732931,"-22.866","-43.3048"
687,687-PAVUNA X MEIER,Fetranspor,377,17732931,"-22.866","-43.3045"
687,687-PAVUNA X MEIER,Fetranspor,378,17732931,"-22.8659","-43.3041"
687,687-PAVUNA X MEIER,Fetranspor,379,17732931,"-22.8659","-43.3038"
687,687-PAVUNA X MEIER,Fetranspor,380,17732931,"-22.8659","-43.3038"
687,687-PAVUNA X MEIER,Fetranspor,381,17732931,"-22.8658","-43.3034"
687,687-PAVUNA X MEIER,Fetranspor,382,17732931,"-22.8658","-43.3025"
687,687-PAVUNA X MEIER,Fetranspor,383,17732931,"-22.8658","-43.3025"
687,687-PAVUNA X MEIER,Fetranspor,384,17732931,"-22.8658","-43.3022"
687,687-PAVUNA X MEIER,Fetranspor,385,17732931,"-22.8657","-43.3021"
687,687-PAVUNA X MEIER,Fetranspor,386,17732931,"-22.8657","-43.3019"
687,687-PAVUNA X MEIER,Fetranspor,387,17732931,"-22.8657","-43.3019"
687,687-PAVUNA X MEIER,Fetranspor,388,17732931,"-22.8656","-43.3015"
687,687-PAVUNA X MEIER,Fetranspor,389,17732931,"-22.8656","-43.3015"
687,687-PAVUNA X MEIER,Fetranspor,390,17732931,"-22.8656","-43.301"
687,687-PAVUNA X MEIER,Fetranspor,391,17732931,"-22.8656","-43.301"
687,687-PAVUNA X MEIER,Fetranspor,392,17732931,"-22.8655","-43.3001"
687,687-PAVUNA X MEIER,Fetranspor,393,17732931,"-22.8655","-43.3001"
687,687-PAVUNA X MEIER,Fetranspor,394,17732931,"-22.8655","-43.2999"
687,687-PAVUNA X MEIER,Fetranspor,395,17732931,"-22.8655","-43.2999"
687,687-PAVUNA X MEIER,Fetranspor,396,17732931,"-22.8654","-43.2993"
687,687-PAVUNA X MEIER,Fetranspor,397,17732931,"-22.8654","-43.2993"
687,687-PAVUNA X MEIER,Fetranspor,398,17732931,"-22.8654","-43.2992"
687,687-PAVUNA X MEIER,Fetranspor,399,17732931,"-22.8654","-43.2992"
687,687-PAVUNA X MEIER,Fetranspor,400,17732931,"-22.8653","-43.298"
687,687-PAVUNA X MEIER,Fetranspor,401,17732931,"-22.8652","-43.2976"
687,687-PAVUNA X MEIER,Fetranspor,402,17732931,"-22.8652","-43.2976"
687,687-PAVUNA X MEIER,Fetranspor,403,17732931,"-22.8652","-43.2972"
687,687-PAVUNA X MEIER,Fetranspor,404,17732931,"-22.8652","-43.2972"
687,687-PAVUNA X MEIER,Fetranspor,405,17732931,"-22.8652","-43.2971"
687,687-PAVUNA X MEIER,Fetranspor,406,17732931,"-22.8652","-43.297"
687,687-PAVUNA X MEIER,Fetranspor,407,17732931,"-22.8652","-43.297"
687,687-PAVUNA X MEIER,Fetranspor,408,17732931,"-22.8653","-43.2963"
687,687-PAVUNA X MEIER,Fetranspor,409,17732931,"-22.8653","-43.2963"
687,687-PAVUNA X MEIER,Fetranspor,410,17732931,"-22.8654","-43.2955"
687,687-PAVUNA X MEIER,Fetranspor,411,17732931,"-22.8654","-43.2955"
687,687-PAVUNA X MEIER,Fetranspor,412,17732931,"-22.8654","-43.2953"
687,687-PAVUNA X MEIER,Fetranspor,413,17732931,"-22.8654","-43.295"
687,687-PAVUNA X MEIER,Fetranspor,414,17732931,"-22.8652","-43.2946"
687,687-PAVUNA X MEIER,Fetranspor,415,17732931,"-22.865","-43.2942"
687,687-PAVUNA X MEIER,Fetranspor,416,17732931,"-22.865","-43.294"
687,687-PAVUNA X MEIER,Fetranspor,417,17732931,"-22.865","-43.294"
687,687-PAVUNA X MEIER,Fetranspor,418,17732931,"-22.865","-43.2939"
687,687-PAVUNA X MEIER,Fetranspor,419,17732931,"-22.865","-43.2937"
687,687-PAVUNA X MEIER,Fetranspor,420,17732931,"-22.865","-43.2935"
687,687-PAVUNA X MEIER,Fetranspor,421,17732931,"-22.865","-43.2932"
687,687-PAVUNA X MEIER,Fetranspor,422,17732931,"-22.865","-43.2932"
687,687-PAVUNA X MEIER,Fetranspor,423,17732931,"-22.8653","-43.2925"
687,687-PAVUNA X MEIER,Fetranspor,424,17732931,"-22.8653","-43.2925"
687,687-PAVUNA X MEIER,Fetranspor,425,17732931,"-22.8654","-43.292"
687,687-PAVUNA X MEIER,Fetranspor,426,17732931,"-22.8655","-43.2919"
687,687-PAVUNA X MEIER,Fetranspor,427,17732931,"-22.8655","-43.2919"
687,687-PAVUNA X MEIER,Fetranspor,428,17732931,"-22.8655","-43.2918"
687,687-PAVUNA X MEIER,Fetranspor,429,17732931,"-22.8655","-43.2915"
687,687-PAVUNA X MEIER,Fetranspor,430,17732931,"-22.8655","-43.2915"
687,687-PAVUNA X MEIER,Fetranspor,431,17732931,"-22.8655","-43.2906"
687,687-PAVUNA X MEIER,Fetranspor,432,17732931,"-22.8655","-43.2906"
687,687-PAVUNA X MEIER,Fetranspor,433,17732931,"-22.8654","-43.2903"
687,687-PAVUNA X MEIER,Fetranspor,434,17732931,"-22.8654","-43.2903"
687,687-PAVUNA X MEIER,Fetranspor,435,17732931,"-22.8654","-43.2899"
687,687-PAVUNA X MEIER,Fetranspor,436,17732931,"-22.8654","-43.2899"
687,687-PAVUNA X MEIER,Fetranspor,437,17732931,"-22.8655","-43.2896"
687,687-PAVUNA X MEIER,Fetranspor,438,17732931,"-22.8655","-43.2896"
687,687-PAVUNA X MEIER,Fetranspor,439,17732931,"-22.8655","-43.2894"
687,687-PAVUNA X MEIER,Fetranspor,440,17732931,"-22.8656","-43.2892"
687,687-PAVUNA X MEIER,Fetranspor,441,17732931,"-22.8656","-43.2892"
687,687-PAVUNA X MEIER,Fetranspor,442,17732931,"-22.8658","-43.2889"
687,687-PAVUNA X MEIER,Fetranspor,443,17732931,"-22.8659","-43.2887"
687,687-PAVUNA X MEIER,Fetranspor,444,17732931,"-22.8661","-43.2885"
687,687-PAVUNA X MEIER,Fetranspor,445,17732931,"-22.8661","-43.2885"
687,687-PAVUNA X MEIER,Fetranspor,446,17732931,"-22.8665","-43.2882"
687,687-PAVUNA X MEIER,Fetranspor,447,17732931,"-22.8666","-43.2881"
687,687-PAVUNA X MEIER,Fetranspor,448,17732931,"-22.8666","-43.2881"
687,687-PAVUNA X MEIER,Fetranspor,449,17732931,"-22.8667","-43.288"
687,687-PAVUNA X MEIER,Fetranspor,450,17732931,"-22.8668","-43.2879"
687,687-PAVUNA X MEIER,Fetranspor,451,17732931,"-22.8668","-43.2879"
687,687-PAVUNA X MEIER,Fetranspor,452,17732931,"-22.8669","-43.2878"
687,687-PAVUNA X MEIER,Fetranspor,453,17732931,"-22.867","-43.2875"
687,687-PAVUNA X MEIER,Fetranspor,454,17732931,"-22.867","-43.2875"
687,687-PAVUNA X MEIER,Fetranspor,455,17732931,"-22.8672","-43.2872"
687,687-PAVUNA X MEIER,Fetranspor,456,17732931,"-22.8672","-43.2871"
687,687-PAVUNA X MEIER,Fetranspor,457,17732931,"-22.8673","-43.2869"
687,687-PAVUNA X MEIER,Fetranspor,458,17732931,"-22.8673","-43.2869"
687,687-PAVUNA X MEIER,Fetranspor,459,17732931,"-22.8675","-43.2861"
687,687-PAVUNA X MEIER,Fetranspor,460,17732931,"-22.8675","-43.2861"
687,687-PAVUNA X MEIER,Fetranspor,461,17732931,"-22.8676","-43.2855"
687,687-PAVUNA X MEIER,Fetranspor,462,17732931,"-22.8676","-43.2855"
687,687-PAVUNA X MEIER,Fetranspor,463,17732931,"-22.8676","-43.2855"
687,687-PAVUNA X MEIER,Fetranspor,464,17732931,"-22.8677","-43.2853"
687,687-PAVUNA X MEIER,Fetranspor,465,17732931,"-22.8678","-43.2851"
687,687-PAVUNA X MEIER,Fetranspor,466,17732931,"-22.8678","-43.285"
687,687-PAVUNA X MEIER,Fetranspor,467,17732931,"-22.8678","-43.285"
687,687-PAVUNA X MEIER,Fetranspor,468,17732931,"-22.868","-43.2848"
687,687-PAVUNA X MEIER,Fetranspor,469,17732931,"-22.8681","-43.2847"
687,687-PAVUNA X MEIER,Fetranspor,470,17732931,"-22.8683","-43.2846"
687,687-PAVUNA X MEIER,Fetranspor,471,17732931,"-22.8684","-43.2845"
687,687-PAVUNA X MEIER,Fetranspor,472,17732931,"-22.8684","-43.2845"
687,687-PAVUNA X MEIER,Fetranspor,473,17732931,"-22.8685","-43.2844"
687,687-PAVUNA X MEIER,Fetranspor,474,17732931,"-22.8699","-43.284"
687,687-PAVUNA X MEIER,Fetranspor,475,17732931,"-22.8701","-43.284"
687,687-PAVUNA X MEIER,Fetranspor,476,17732931,"-22.8701","-43.284"
687,687-PAVUNA X MEIER,Fetranspor,477,17732931,"-22.8702","-43.284"
687,687-PAVUNA X MEIER,Fetranspor,478,17732931,"-22.8709","-43.2835"
687,687-PAVUNA X MEIER,Fetranspor,479,17732931,"-22.8709","-43.2835"
687,687-PAVUNA X MEIER,Fetranspor,480,17732931,"-22.8714","-43.2832"
687,687-PAVUNA X MEIER,Fetranspor,481,17732931,"-22.8718","-43.2829"
687,687-PAVUNA X MEIER,Fetranspor,482,17732931,"-22.8718","-43.2829"
687,687-PAVUNA X MEIER,Fetranspor,483,17732931,"-22.873","-43.2821"
687,687-PAVUNA X MEIER,Fetranspor,484,17732931,"-22.873","-43.2821"
687,687-PAVUNA X MEIER,Fetranspor,485,17732931,"-22.8733","-43.2818"
687,687-PAVUNA X MEIER,Fetranspor,486,17732931,"-22.8733","-43.2818"
687,687-PAVUNA X MEIER,Fetranspor,487,17732931,"-22.8726","-43.2807"
687,687-PAVUNA X MEIER,Fetranspor,488,17732931,"-22.8726","-43.2807"
687,687-PAVUNA X MEIER,Fetranspor,489,17732931,"-22.8733","-43.2801"
687,687-PAVUNA X MEIER,Fetranspor,490,17732931,"-22.8733","-43.2801"
687,687-PAVUNA X MEIER,Fetranspor,491,17732931,"-22.8733","-43.28"
687,687-PAVUNA X MEIER,Fetranspor,492,17732931,"-22.8733","-43.28"
687,687-PAVUNA X MEIER,Fetranspor,493,17732931,"-22.8735","-43.2788"
687,687-PAVUNA X MEIER,Fetranspor,494,17732931,"-22.8735","-43.2788"
687,687-PAVUNA X MEIER,Fetranspor,495,17732931,"-22.8738","-43.2785"
687,687-PAVUNA X MEIER,Fetranspor,496,17732931,"-22.8738","-43.2785"
687,687-PAVUNA X MEIER,Fetranspor,497,17732931,"-22.874","-43.278"
687,687-PAVUNA X MEIER,Fetranspor,498,17732931,"-22.874","-43.278"
687,687-PAVUNA X MEIER,Fetranspor,499,17732931,"-22.8741","-43.2777"
687,687-PAVUNA X MEIER,Fetranspor,500,17732931,"-22.8741","-43.2776"
687,687-PAVUNA X MEIER,Fetranspor,501,17732931,"-22.8741","-43.2776"
687,687-PAVUNA X MEIER,Fetranspor,502,17732931,"-22.8742","-43.2775"
687,687-PAVUNA X MEIER,Fetranspor,503,17732931,"-22.8741","-43.2772"
687,687-PAVUNA X MEIER,Fetranspor,504,17732931,"-22.8741","-43.2771"
687,687-PAVUNA X MEIER,Fetranspor,505,17732931,"-22.8738","-43.2763"
687,687-PAVUNA X MEIER,Fetranspor,506,17732931,"-22.8738","-43.2763"
687,687-PAVUNA X MEIER,Fetranspor,507,17732931,"-22.8738","-43.2763"
687,687-PAVUNA X MEIER,Fetranspor,508,17732931,"-22.8726","-43.2746"
687,687-PAVUNA X MEIER,Fetranspor,509,17732931,"-22.8726","-43.2746"
687,687-PAVUNA X MEIER,Fetranspor,510,17732931,"-22.8722","-43.274"
687,687-PAVUNA X MEIER,Fetranspor,511,17732931,"-22.8722","-43.274"
687,687-PAVUNA X MEIER,Fetranspor,512,17732931,"-22.8718","-43.2735"
687,687-PAVUNA X MEIER,Fetranspor,513,17732931,"-22.8718","-43.2734"
687,687-PAVUNA X MEIER,Fetranspor,514,17732931,"-22.8717","-43.2732"
687,687-PAVUNA X MEIER,Fetranspor,515,17732931,"-22.8716","-43.2728"
687,687-PAVUNA X MEIER,Fetranspor,516,17732931,"-22.8715","-43.2726"
687,687-PAVUNA X MEIER,Fetranspor,517,17732931,"-22.8715","-43.2721"
687,687-PAVUNA X MEIER,Fetranspor,518,17732931,"-22.8715","-43.2721"
687,687-PAVUNA X MEIER,Fetranspor,519,17732931,"-22.8714","-43.2715"
687,687-PAVUNA X MEIER,Fetranspor,520,17732931,"-22.8714","-43.2715"
687,687-PAVUNA X MEIER,Fetranspor,521,17732931,"-22.8713","-43.271"
687,687-PAVUNA X MEIER,Fetranspor,522,17732931,"-22.8713","-43.271"
687,687-PAVUNA X MEIER,Fetranspor,523,17732931,"-22.8713","-43.271"
687,687-PAVUNA X MEIER,Fetranspor,524,17732931,"-22.8714","-43.2707"
687,687-PAVUNA X MEIER,Fetranspor,525,17732931,"-22.8715","-43.2701"
687,687-PAVUNA X MEIER,Fetranspor,526,17732931,"-22.8715","-43.2701"
687,687-PAVUNA X MEIER,Fetranspor,527,17732931,"-22.8716","-43.27"
687,687-PAVUNA X MEIER,Fetranspor,528,17732931,"-22.8716","-43.2698"
687,687-PAVUNA X MEIER,Fetranspor,529,17732931,"-22.8723","-43.2687"
687,687-PAVUNA X MEIER,Fetranspor,530,17732931,"-22.8723","-43.2687"
687,687-PAVUNA X MEIER,Fetranspor,531,17732931,"-22.8727","-43.2682"
687,687-PAVUNA X MEIER,Fetranspor,532,17732931,"-22.8727","-43.2682"
687,687-PAVUNA X MEIER,Fetranspor,533,17732931,"-22.873","-43.2677"
687,687-PAVUNA X MEIER,Fetranspor,534,17732931,"-22.8731","-43.2676"
687,687-PAVUNA X MEIER,Fetranspor,535,17732931,"-22.8731","-43.2675"
687,687-PAVUNA X MEIER,Fetranspor,536,17732931,"-22.8731","-43.2675"
687,687-PAVUNA X MEIER,Fetranspor,537,17732931,"-22.8732","-43.2674"
687,687-PAVUNA X MEIER,Fetranspor,538,17732931,"-22.8732","-43.2674"
687,687-PAVUNA X MEIER,Fetranspor,539,17732931,"-22.8733","-43.2673"
687,687-PAVUNA X MEIER,Fetranspor,540,17732931,"-22.8733","-43.2673"
687,687-PAVUNA X MEIER,Fetranspor,541,17732931,"-22.8734","-43.2672"
687,687-PAVUNA X MEIER,Fetranspor,542,17732931,"-22.8735","-43.2672"
687,687-PAVUNA X MEIER,Fetranspor,543,17732931,"-22.8739","-43.267"
687,687-PAVUNA X MEIER,Fetranspor,544,17732931,"-22.874","-43.267"
687,687-PAVUNA X MEIER,Fetranspor,545,17732931,"-22.8741","-43.2668"
687,687-PAVUNA X MEIER,Fetranspor,546,17732931,"-22.8741","-43.2667"
687,687-PAVUNA X MEIER,Fetranspor,547,17732931,"-22.8742","-43.2665"
687,687-PAVUNA X MEIER,Fetranspor,548,17732931,"-22.8742","-43.2665"
687,687-PAVUNA X MEIER,Fetranspor,549,17732931,"-22.8742","-43.2664"
687,687-PAVUNA X MEIER,Fetranspor,550,17732931,"-22.8746","-43.2661"
687,687-PAVUNA X MEIER,Fetranspor,551,17732931,"-22.8747","-43.266"
687,687-PAVUNA X MEIER,Fetranspor,552,17732931,"-22.8748","-43.2659"
687,687-PAVUNA X MEIER,Fetranspor,553,17732931,"-22.875","-43.2659"
687,687-PAVUNA X MEIER,Fetranspor,554,17732931,"-22.8751","-43.2659"
687,687-PAVUNA X MEIER,Fetranspor,555,17732931,"-22.8752","-43.2659"
687,687-PAVUNA X MEIER,Fetranspor,556,17732931,"-22.8759","-43.2661"
687,687-PAVUNA X MEIER,Fetranspor,557,17732931,"-22.8761","-43.2662"
687,687-PAVUNA X MEIER,Fetranspor,558,17732931,"-22.8762","-43.2661"
687,687-PAVUNA X MEIER,Fetranspor,559,17732931,"-22.8763","-43.2661"
687,687-PAVUNA X MEIER,Fetranspor,560,17732931,"-22.8765","-43.2661"
687,687-PAVUNA X MEIER,Fetranspor,561,17732931,"-22.8767","-43.2659"
687,687-PAVUNA X MEIER,Fetranspor,562,17732931,"-22.877","-43.2656"
687,687-PAVUNA X MEIER,Fetranspor,563,17732931,"-22.8773","-43.2653"
687,687-PAVUNA X MEIER,Fetranspor,564,17732931,"-22.8773","-43.2653"
687,687-PAVUNA X MEIER,Fetranspor,565,17732931,"-22.8779","-43.2648"
687,687-PAVUNA X MEIER,Fetranspor,566,17732931,"-22.878","-43.2648"
687,687-PAVUNA X MEIER,Fetranspor,567,17732931,"-22.8781","-43.2648"
687,687-PAVUNA X MEIER,Fetranspor,568,17732931,"-22.8782","-43.2648"
687,687-PAVUNA X MEIER,Fetranspor,569,17732931,"-22.8782","-43.2648"
687,687-PAVUNA X MEIER,Fetranspor,570,17732931,"-22.8786","-43.266"
687,687-PAVUNA X MEIER,Fetranspor,571,17732931,"-22.8786","-43.266"
687,687-PAVUNA X MEIER,Fetranspor,572,17732931,"-22.8788","-43.2666"
687,687-PAVUNA X MEIER,Fetranspor,573,17732931,"-22.8788","-43.2666"
687,687-PAVUNA X MEIER,Fetranspor,574,17732931,"-22.8789","-43.2668"
687,687-PAVUNA X MEIER,Fetranspor,575,17732931,"-22.8789","-43.2668"
687,687-PAVUNA X MEIER,Fetranspor,576,17732931,"-22.8791","-43.2671"
687,687-PAVUNA X MEIER,Fetranspor,577,17732931,"-22.8792","-43.2673"
687,687-PAVUNA X MEIER,Fetranspor,578,17732931,"-22.8794","-43.2677"
687,687-PAVUNA X MEIER,Fetranspor,579,17732931,"-22.8799","-43.2683"
687,687-PAVUNA X MEIER,Fetranspor,580,17732931,"-22.8801","-43.2687"
687,687-PAVUNA X MEIER,Fetranspor,581,17732931,"-22.8801","-43.2687"
687,687-PAVUNA X MEIER,Fetranspor,582,17732931,"-22.8801","-43.2687"
687,687-PAVUNA X MEIER,Fetranspor,583,17732931,"-22.8802","-43.2689"
687,687-PAVUNA X MEIER,Fetranspor,584,17732931,"-22.8802","-43.2689"
687,687-PAVUNA X MEIER,Fetranspor,585,17732931,"-22.8802","-43.2689"
687,687-PAVUNA X MEIER,Fetranspor,586,17732931,"-22.8803","-43.2691"
687,687-PAVUNA X MEIER,Fetranspor,587,17732931,"-22.8804","-43.2692"
687,687-PAVUNA X MEIER,Fetranspor,588,17732931,"-22.8804","-43.2692"
687,687-PAVUNA X MEIER,Fetranspor,589,17732931,"-22.8804","-43.2692"
687,687-PAVUNA X MEIER,Fetranspor,590,17732931,"-22.8805","-43.2695"
687,687-PAVUNA X MEIER,Fetranspor,591,17732931,"-22.8806","-43.2697"
687,687-PAVUNA X MEIER,Fetranspor,592,17732931,"-22.8806","-43.2697"
687,687-PAVUNA X MEIER,Fetranspor,593,17732931,"-22.8806","-43.2697"
687,687-PAVUNA X MEIER,Fetranspor,594,17732931,"-22.8806","-43.2699"
687,687-PAVUNA X MEIER,Fetranspor,595,17732931,"-22.8808","-43.2703"
687,687-PAVUNA X MEIER,Fetranspor,596,17732931,"-22.8808","-43.2708"
687,687-PAVUNA X MEIER,Fetranspor,597,17732931,"-22.8809","-43.2713"
687,687-PAVUNA X MEIER,Fetranspor,598,17732931,"-22.8809","-43.2717"
687,687-PAVUNA X MEIER,Fetranspor,599,17732931,"-22.8809","-43.2721"
687,687-PAVUNA X MEIER,Fetranspor,600,17732931,"-22.8807","-43.2728"
687,687-PAVUNA X MEIER,Fetranspor,601,17732931,"-22.8807","-43.2728"
687,687-PAVUNA X MEIER,Fetranspor,602,17732931,"-22.8807","-43.2731"
687,687-PAVUNA X MEIER,Fetranspor,603,17732931,"-22.8807","-43.2731"
687,687-PAVUNA X MEIER,Fetranspor,604,17732931,"-22.8808","-43.2736"
687,687-PAVUNA X MEIER,Fetranspor,605,17732931,"-22.881","-43.2742"
687,687-PAVUNA X MEIER,Fetranspor,606,17732931,"-22.8812","-43.2746"
687,687-PAVUNA X MEIER,Fetranspor,607,17732931,"-22.8815","-43.275"
687,687-PAVUNA X MEIER,Fetranspor,608,17732931,"-22.8821","-43.2756"
687,687-PAVUNA X MEIER,Fetranspor,609,17732931,"-22.8822","-43.2758"
687,687-PAVUNA X MEIER,Fetranspor,610,17732931,"-22.8822","-43.2758"
687,687-PAVUNA X MEIER,Fetranspor,611,17732931,"-22.8824","-43.276"
687,687-PAVUNA X MEIER,Fetranspor,612,17732931,"-22.8834","-43.2765"
687,687-PAVUNA X MEIER,Fetranspor,613,17732931,"-22.8836","-43.2767"
687,687-PAVUNA X MEIER,Fetranspor,614,17732931,"-22.8838","-43.2768"
687,687-PAVUNA X MEIER,Fetranspor,615,17732931,"-22.8838","-43.2768"
687,687-PAVUNA X MEIER,Fetranspor,616,17732931,"-22.8838","-43.2768"
687,687-PAVUNA X MEIER,Fetranspor,617,17732931,"-22.8847","-43.2779"
687,687-PAVUNA X MEIER,Fetranspor,618,17732931,"-22.8847","-43.2779"
687,687-PAVUNA X MEIER,Fetranspor,619,17732931,"-22.8851","-43.2784"
687,687-PAVUNA X MEIER,Fetranspor,620,17732931,"-22.8851","-43.2784"
687,687-PAVUNA X MEIER,Fetranspor,621,17732931,"-22.8853","-43.2784"
687,687-PAVUNA X MEIER,Fetranspor,622,17732931,"-22.8853","-43.2784"
687,687-PAVUNA X MEIER,Fetranspor,623,17732931,"-22.8862","-43.278"
687,687-PAVUNA X MEIER,Fetranspor,624,17732931,"-22.8868","-43.2778"
687,687-PAVUNA X MEIER,Fetranspor,625,17732931,"-22.8868","-43.2778"
687,687-PAVUNA X MEIER,Fetranspor,626,17732931,"-22.8877","-43.2774"
687,687-PAVUNA X MEIER,Fetranspor,627,17732931,"-22.8882","-43.2772"
687,687-PAVUNA X MEIER,Fetranspor,628,17732931,"-22.8882","-43.2772"
687,687-PAVUNA X MEIER,Fetranspor,629,17732931,"-22.8884","-43.2771"
687,687-PAVUNA X MEIER,Fetranspor,630,17732931,"-22.8884","-43.2771"
687,687-PAVUNA X MEIER,Fetranspor,631,17732931,"-22.8882","-43.2769"
687,687-PAVUNA X MEIER,Fetranspor,632,17732931,"-22.8876","-43.2761"
687,687-PAVUNA X MEIER,Fetranspor,633,17732931,"-22.8876","-43.2761"
687,687-PAVUNA X MEIER,Fetranspor,634,17732931,"-22.8883","-43.2754"
687,687-PAVUNA X MEIER,Fetranspor,635,17732931,"-22.8883","-43.2754"
687,687-PAVUNA X MEIER,Fetranspor,636,17732931,"-22.8883","-43.2753"
687,687-PAVUNA X MEIER,Fetranspor,637,17732931,"-22.889","-43.2743"
687,687-PAVUNA X MEIER,Fetranspor,638,17732931,"-22.889","-43.2742"
687,687-PAVUNA X MEIER,Fetranspor,639,17732931,"-22.889","-43.2742"
687,687-PAVUNA X MEIER,Fetranspor,640,17732931,"-22.889","-43.2742"
687,687-PAVUNA X MEIER,Fetranspor,641,17732931,"-22.8891","-43.2741"
687,687-PAVUNA X MEIER,Fetranspor,642,17732931,"-22.8892","-43.274"
687,687-PAVUNA X MEIER,Fetranspor,643,17732931,"-22.8895","-43.2739"
687,687-PAVUNA X MEIER,Fetranspor,644,17732931,"-22.89","-43.2738"
687,687-PAVUNA X MEIER,Fetranspor,645,17732931,"-22.89","-43.2737"
687,687-PAVUNA X MEIER,Fetranspor,646,17732931,"-22.89","-43.2737"
687,687-PAVUNA X MEIER,Fetranspor,647,17732931,"-22.8901","-43.2737"
687,687-PAVUNA X MEIER,Fetranspor,648,17732931,"-22.8902","-43.2738"
687,687-PAVUNA X MEIER,Fetranspor,649,17732931,"-22.8907","-43.2738"
687,687-PAVUNA X MEIER,Fetranspor,650,17732931,"-22.8907","-43.2738"
687,687-PAVUNA X MEIER,Fetranspor,651,17732931,"-22.8912","-43.2742"
687,687-PAVUNA X MEIER,Fetranspor,652,17732931,"-22.8912","-43.2742"
687,687-PAVUNA X MEIER,Fetranspor,653,17732931,"-22.8923","-43.2751"
687,687-PAVUNA X MEIER,Fetranspor,654,17732931,"-22.8936","-43.2761"
687,687-PAVUNA X MEIER,Fetranspor,655,17732931,"-22.8936","-43.2761"
687,687-PAVUNA X MEIER,Fetranspor,656,17732931,"-22.8949","-43.2771"
687,687-PAVUNA X MEIER,Fetranspor,657,17732931,"-22.8949","-43.2771"
687,687-PAVUNA X MEIER,Fetranspor,658,17732931,"-22.8957","-43.2777"
687,687-PAVUNA X MEIER,Fetranspor,659,17732931,"-22.8957","-43.2777"
687,687-PAVUNA X MEIER,Fetranspor,660,17732931,"-22.8958","-43.2778"
687,687-PAVUNA X MEIER,Fetranspor,661,17732931,"-22.8958","-43.2778"
687,687-PAVUNA X MEIER,Fetranspor,662,17732931,"-22.8968","-43.2786"
687,687-PAVUNA X MEIER,Fetranspor,663,17732931,"-22.8968","-43.2786"
687,687-PAVUNA X MEIER,Fetranspor,664,17732931,"-22.8973","-43.279"
687,687-PAVUNA X MEIER,Fetranspor,665,17732931,"-22.8973","-43.279"
687,687-PAVUNA X MEIER,Fetranspor,666,17732931,"-22.8979","-43.2794"
687,687-PAVUNA X MEIER,Fetranspor,667,17732931,"-22.8979","-43.2794"
687,687-PAVUNA X MEIER,Fetranspor,668,17732931,"-22.8981","-43.2797"
687,687-PAVUNA X MEIER,Fetranspor,669,17732931,"-22.8982","-43.2797"
687,687-PAVUNA X MEIER,Fetranspor,670,17732931,"-22.8982","-43.2797"
687,687-PAVUNA X MEIER,Fetranspor,671,17732931,"-22.8987","-43.2792"
687,687-PAVUNA X MEIER,Fetranspor,672,17732931,"-22.8987","-43.2792"
687,687-PAVUNA X MEIER,Fetranspor,673,17732931,"-22.8989","-43.2789"
687,687-PAVUNA X MEIER,Fetranspor,674,17732931,"-22.8993","-43.2786"
687,687-PAVUNA X MEIER,Fetranspor,675,17732931,"-22.8993","-43.2786"
687,687-PAVUNA X MEIER,Fetranspor,676,17732931,"-22.8993","-43.2785"
687,687-PAVUNA X MEIER,Fetranspor,677,17732931,"-22.8993","-43.2785"
687,687-PAVUNA X MEIER,Fetranspor,678,17732931,"-22.9001","-43.2794"
687,687-PAVUNA X MEIER,Fetranspor,679,17732931,"-22.9002","-43.2795"
687,687-PAVUNA X MEIER,Fetranspor,680,17732931,"-22.9002","-43.2796"
687,687-PAVUNA X MEIER,Fetranspor,681,17732931,"-22.9003","-43.2797"
687,687-PAVUNA X MEIER,Fetranspor,682,17732931,"-22.9002","-43.2799"
687,687-PAVUNA X MEIER,Fetranspor,683,17732931,"-22.9002","-43.28"
687,687-PAVUNA X MEIER,Fetranspor,684,17732931,"-22.9002","-43.2802"
687,687-PAVUNA X MEIER,Fetranspor,685,17732931,"-22.9001","-43.2802"
687,687-PAVUNA X MEIER,Fetranspor,686,17732931,"-22.9001","-43.2803"
687,687-PAVUNA X MEIER,Fetranspor,687,17732931,"-22.9","-43.2804"
687,687-PAVUNA X MEIER,Fetranspor,688,17732931,"-22.8998","-43.2806"
