linha,descricao,agencia,sequencia,shape_id,latitude,longitude
701,701-MADUREIRA X ALVORADA,Fetranspor,0,17342460,"-23.0013","-43.3649"
701,701-MADUREIRA X ALVORADA,Fetranspor,1,17342460,"-23.0014","-43.3675"
701,701-MADUREIRA X ALVORADA,Fetranspor,2,17342460,"-23.0014","-43.3675"
701,701-MADUREIRA X ALVORADA,Fetranspor,3,17342460,"-23.0014","-43.3678"
701,701-MADUREIRA X ALVORADA,Fetranspor,4,17342460,"-23.0014","-43.3679"
701,701-MADUREIRA X ALVORADA,Fetranspor,5,17342460,"-23.0014","-43.3679"
701,701-MADUREIRA X ALVORADA,Fetranspor,6,17342460,"-23.0015","-43.3679"
701,701-MADUREIRA X ALVORADA,Fetranspor,7,17342460,"-23.0016","-43.3679"
701,701-MADUREIRA X ALVORADA,Fetranspor,8,17342460,"-23.0016","-43.3679"
701,701-MADUREIRA X ALVORADA,Fetranspor,9,17342460,"-23.0018","-43.3678"
701,701-MADUREIRA X ALVORADA,Fetranspor,10,17342460,"-23.0018","-43.3678"
701,701-MADUREIRA X ALVORADA,Fetranspor,11,17342460,"-23.0019","-43.3677"
701,701-MADUREIRA X ALVORADA,Fetranspor,12,17342460,"-23.0026","-43.3669"
701,701-MADUREIRA X ALVORADA,Fetranspor,13,17342460,"-23.0026","-43.3669"
701,701-MADUREIRA X ALVORADA,Fetranspor,14,17342460,"-23.003","-43.3666"
701,701-MADUREIRA X ALVORADA,Fetranspor,15,17342460,"-23.0031","-43.3665"
701,701-MADUREIRA X ALVORADA,Fetranspor,16,17342460,"-23.0034","-43.3664"
701,701-MADUREIRA X ALVORADA,Fetranspor,17,17342460,"-23.0036","-43.3663"
701,701-MADUREIRA X ALVORADA,Fetranspor,18,17342460,"-23.0039","-43.3662"
701,701-MADUREIRA X ALVORADA,Fetranspor,19,17342460,"-23.0041","-43.3662"
701,701-MADUREIRA X ALVORADA,Fetranspor,20,17342460,"-23.0041","-43.3662"
701,701-MADUREIRA X ALVORADA,Fetranspor,21,17342460,"-23.0048","-43.3662"
701,701-MADUREIRA X ALVORADA,Fetranspor,22,17342460,"-23.0048","-43.3662"
701,701-MADUREIRA X ALVORADA,Fetranspor,23,17342460,"-23.005","-43.3662"
701,701-MADUREIRA X ALVORADA,Fetranspor,24,17342460,"-23.0055","-43.3662"
701,701-MADUREIRA X ALVORADA,Fetranspor,25,17342460,"-23.0057","-43.3662"
701,701-MADUREIRA X ALVORADA,Fetranspor,26,17342460,"-23.006","-43.3662"
701,701-MADUREIRA X ALVORADA,Fetranspor,27,17342460,"-23.006","-43.3662"
701,701-MADUREIRA X ALVORADA,Fetranspor,28,17342460,"-23.0065","-43.3662"
701,701-MADUREIRA X ALVORADA,Fetranspor,29,17342460,"-23.0074","-43.3662"
701,701-MADUREIRA X ALVORADA,Fetranspor,30,17342460,"-23.0079","-43.3662"
701,701-MADUREIRA X ALVORADA,Fetranspor,31,17342460,"-23.0079","-43.3662"
701,701-MADUREIRA X ALVORADA,Fetranspor,32,17342460,"-23.0085","-43.3662"
701,701-MADUREIRA X ALVORADA,Fetranspor,33,17342460,"-23.0085","-43.3662"
701,701-MADUREIRA X ALVORADA,Fetranspor,34,17342460,"-23.0092","-43.3662"
701,701-MADUREIRA X ALVORADA,Fetranspor,35,17342460,"-23.0095","-43.3663"
701,701-MADUREIRA X ALVORADA,Fetranspor,36,17342460,"-23.0095","-43.3663"
701,701-MADUREIRA X ALVORADA,Fetranspor,37,17342460,"-23.0099","-43.3664"
701,701-MADUREIRA X ALVORADA,Fetranspor,38,17342460,"-23.0099","-43.3664"
701,701-MADUREIRA X ALVORADA,Fetranspor,39,17342460,"-23.0102","-43.3664"
701,701-MADUREIRA X ALVORADA,Fetranspor,40,17342460,"-23.0103","-43.3664"
701,701-MADUREIRA X ALVORADA,Fetranspor,41,17342460,"-23.0104","-43.3664"
701,701-MADUREIRA X ALVORADA,Fetranspor,42,17342460,"-23.0104","-43.3664"
701,701-MADUREIRA X ALVORADA,Fetranspor,43,17342460,"-23.0105","-43.3663"
701,701-MADUREIRA X ALVORADA,Fetranspor,44,17342460,"-23.0105","-43.3663"
701,701-MADUREIRA X ALVORADA,Fetranspor,45,17342460,"-23.0105","-43.3662"
701,701-MADUREIRA X ALVORADA,Fetranspor,46,17342460,"-23.0105","-43.3662"
701,701-MADUREIRA X ALVORADA,Fetranspor,47,17342460,"-23.0105","-43.3661"
701,701-MADUREIRA X ALVORADA,Fetranspor,48,17342460,"-23.0105","-43.3661"
701,701-MADUREIRA X ALVORADA,Fetranspor,49,17342460,"-23.0105","-43.366"
701,701-MADUREIRA X ALVORADA,Fetranspor,50,17342460,"-23.0104","-43.366"
701,701-MADUREIRA X ALVORADA,Fetranspor,51,17342460,"-23.0103","-43.366"
701,701-MADUREIRA X ALVORADA,Fetranspor,52,17342460,"-23.0102","-43.366"
701,701-MADUREIRA X ALVORADA,Fetranspor,53,17342460,"-23.0101","-43.366"
701,701-MADUREIRA X ALVORADA,Fetranspor,54,17342460,"-23.0101","-43.366"
701,701-MADUREIRA X ALVORADA,Fetranspor,55,17342460,"-23.01","-43.366"
701,701-MADUREIRA X ALVORADA,Fetranspor,56,17342460,"-23.0098","-43.3661"
701,701-MADUREIRA X ALVORADA,Fetranspor,57,17342460,"-23.0095","-43.3661"
701,701-MADUREIRA X ALVORADA,Fetranspor,58,17342460,"-23.0095","-43.3661"
701,701-MADUREIRA X ALVORADA,Fetranspor,59,17342460,"-23.009","-43.3661"
701,701-MADUREIRA X ALVORADA,Fetranspor,60,17342460,"-23.009","-43.3661"
701,701-MADUREIRA X ALVORADA,Fetranspor,61,17342460,"-23.0081","-43.3661"
701,701-MADUREIRA X ALVORADA,Fetranspor,62,17342460,"-23.0081","-43.3661"
701,701-MADUREIRA X ALVORADA,Fetranspor,63,17342460,"-23.0079","-43.3661"
701,701-MADUREIRA X ALVORADA,Fetranspor,64,17342460,"-23.0079","-43.3661"
701,701-MADUREIRA X ALVORADA,Fetranspor,65,17342460,"-23.0043","-43.366"
701,701-MADUREIRA X ALVORADA,Fetranspor,66,17342460,"-23.0043","-43.366"
701,701-MADUREIRA X ALVORADA,Fetranspor,67,17342460,"-23.004","-43.366"
701,701-MADUREIRA X ALVORADA,Fetranspor,68,17342460,"-23.0038","-43.366"
701,701-MADUREIRA X ALVORADA,Fetranspor,69,17342460,"-23.0036","-43.366"
701,701-MADUREIRA X ALVORADA,Fetranspor,70,17342460,"-23.0034","-43.3659"
701,701-MADUREIRA X ALVORADA,Fetranspor,71,17342460,"-23.0031","-43.3657"
701,701-MADUREIRA X ALVORADA,Fetranspor,72,17342460,"-23.0028","-43.3655"
701,701-MADUREIRA X ALVORADA,Fetranspor,73,17342460,"-23.0026","-43.3653"
701,701-MADUREIRA X ALVORADA,Fetranspor,74,17342460,"-23.0025","-43.3652"
701,701-MADUREIRA X ALVORADA,Fetranspor,75,17342460,"-23.0025","-43.3652"
701,701-MADUREIRA X ALVORADA,Fetranspor,76,17342460,"-23.0018","-43.3644"
701,701-MADUREIRA X ALVORADA,Fetranspor,77,17342460,"-23.0018","-43.3644"
701,701-MADUREIRA X ALVORADA,Fetranspor,78,17342460,"-23.0007","-43.3634"
701,701-MADUREIRA X ALVORADA,Fetranspor,79,17342460,"-23.0007","-43.3634"
701,701-MADUREIRA X ALVORADA,Fetranspor,80,17342460,"-23.0007","-43.3632"
701,701-MADUREIRA X ALVORADA,Fetranspor,81,17342460,"-23.0006","-43.3631"
701,701-MADUREIRA X ALVORADA,Fetranspor,82,17342460,"-23.0005","-43.3628"
701,701-MADUREIRA X ALVORADA,Fetranspor,83,17342460,"-23.0004","-43.3625"
701,701-MADUREIRA X ALVORADA,Fetranspor,84,17342460,"-23.0003","-43.3622"
701,701-MADUREIRA X ALVORADA,Fetranspor,85,17342460,"-23.0003","-43.3622"
701,701-MADUREIRA X ALVORADA,Fetranspor,86,17342460,"-23.0003","-43.362"
701,701-MADUREIRA X ALVORADA,Fetranspor,87,17342460,"-23.0002","-43.361"
701,701-MADUREIRA X ALVORADA,Fetranspor,88,17342460,"-23.0002","-43.361"
701,701-MADUREIRA X ALVORADA,Fetranspor,89,17342460,"-23.0002","-43.3608"
701,701-MADUREIRA X ALVORADA,Fetranspor,90,17342460,"-23.0002","-43.3605"
701,701-MADUREIRA X ALVORADA,Fetranspor,91,17342460,"-23.0002","-43.3601"
701,701-MADUREIRA X ALVORADA,Fetranspor,92,17342460,"-23.0002","-43.3599"
701,701-MADUREIRA X ALVORADA,Fetranspor,93,17342460,"-23.0002","-43.3599"
701,701-MADUREIRA X ALVORADA,Fetranspor,94,17342460,"-23.0002","-43.3598"
701,701-MADUREIRA X ALVORADA,Fetranspor,95,17342460,"-23.0003","-43.3595"
701,701-MADUREIRA X ALVORADA,Fetranspor,96,17342460,"-23.0002","-43.3586"
701,701-MADUREIRA X ALVORADA,Fetranspor,97,17342460,"-23.0002","-43.3586"
701,701-MADUREIRA X ALVORADA,Fetranspor,98,17342460,"-23.0002","-43.358"
701,701-MADUREIRA X ALVORADA,Fetranspor,99,17342460,"-23.0002","-43.3573"
701,701-MADUREIRA X ALVORADA,Fetranspor,100,17342460,"-23.0002","-43.3568"
701,701-MADUREIRA X ALVORADA,Fetranspor,101,17342460,"-23.0002","-43.3568"
701,701-MADUREIRA X ALVORADA,Fetranspor,102,17342460,"-23.0002","-43.3557"
701,701-MADUREIRA X ALVORADA,Fetranspor,103,17342460,"-23.0002","-43.3557"
701,701-MADUREIRA X ALVORADA,Fetranspor,104,17342460,"-23.0002","-43.3554"
701,701-MADUREIRA X ALVORADA,Fetranspor,105,17342460,"-23.0002","-43.3553"
701,701-MADUREIRA X ALVORADA,Fetranspor,106,17342460,"-23.0002","-43.3553"
701,701-MADUREIRA X ALVORADA,Fetranspor,107,17342460,"-23.0002","-43.3553"
701,701-MADUREIRA X ALVORADA,Fetranspor,108,17342460,"-23.0001","-43.3552"
701,701-MADUREIRA X ALVORADA,Fetranspor,109,17342460,"-23.0001","-43.3552"
701,701-MADUREIRA X ALVORADA,Fetranspor,110,17342460,"-23","-43.3552"
701,701-MADUREIRA X ALVORADA,Fetranspor,111,17342460,"-22.9999","-43.3552"
701,701-MADUREIRA X ALVORADA,Fetranspor,112,17342460,"-22.9999","-43.3552"
701,701-MADUREIRA X ALVORADA,Fetranspor,113,17342460,"-22.9999","-43.3552"
701,701-MADUREIRA X ALVORADA,Fetranspor,114,17342460,"-22.9998","-43.3552"
701,701-MADUREIRA X ALVORADA,Fetranspor,115,17342460,"-22.9998","-43.3552"
701,701-MADUREIRA X ALVORADA,Fetranspor,116,17342460,"-22.9997","-43.3553"
701,701-MADUREIRA X ALVORADA,Fetranspor,117,17342460,"-22.9996","-43.3554"
701,701-MADUREIRA X ALVORADA,Fetranspor,118,17342460,"-22.9996","-43.3554"
701,701-MADUREIRA X ALVORADA,Fetranspor,119,17342460,"-22.9995","-43.3562"
701,701-MADUREIRA X ALVORADA,Fetranspor,120,17342460,"-22.9995","-43.3562"
701,701-MADUREIRA X ALVORADA,Fetranspor,121,17342460,"-22.9995","-43.3565"
701,701-MADUREIRA X ALVORADA,Fetranspor,122,17342460,"-22.9995","-43.3565"
701,701-MADUREIRA X ALVORADA,Fetranspor,123,17342460,"-22.9995","-43.3572"
701,701-MADUREIRA X ALVORADA,Fetranspor,124,17342460,"-22.9995","-43.3588"
701,701-MADUREIRA X ALVORADA,Fetranspor,125,17342460,"-22.9995","-43.3593"
701,701-MADUREIRA X ALVORADA,Fetranspor,126,17342460,"-22.9995","-43.3593"
701,701-MADUREIRA X ALVORADA,Fetranspor,127,17342460,"-22.9994","-43.3604"
701,701-MADUREIRA X ALVORADA,Fetranspor,128,17342460,"-22.9994","-43.3622"
701,701-MADUREIRA X ALVORADA,Fetranspor,129,17342460,"-22.9994","-43.3624"
701,701-MADUREIRA X ALVORADA,Fetranspor,130,17342460,"-22.9994","-43.3626"
701,701-MADUREIRA X ALVORADA,Fetranspor,131,17342460,"-22.9994","-43.3628"
701,701-MADUREIRA X ALVORADA,Fetranspor,132,17342460,"-22.9993","-43.363"
701,701-MADUREIRA X ALVORADA,Fetranspor,133,17342460,"-22.9992","-43.3632"
701,701-MADUREIRA X ALVORADA,Fetranspor,134,17342460,"-22.9991","-43.3635"
701,701-MADUREIRA X ALVORADA,Fetranspor,135,17342460,"-22.9991","-43.3635"
701,701-MADUREIRA X ALVORADA,Fetranspor,136,17342460,"-22.9989","-43.3637"
701,701-MADUREIRA X ALVORADA,Fetranspor,137,17342460,"-22.9987","-43.3639"
701,701-MADUREIRA X ALVORADA,Fetranspor,138,17342460,"-22.9987","-43.3639"
701,701-MADUREIRA X ALVORADA,Fetranspor,139,17342460,"-22.9974","-43.3653"
701,701-MADUREIRA X ALVORADA,Fetranspor,140,17342460,"-22.9971","-43.3655"
701,701-MADUREIRA X ALVORADA,Fetranspor,141,17342460,"-22.9969","-43.3656"
701,701-MADUREIRA X ALVORADA,Fetranspor,142,17342460,"-22.9966","-43.3657"
701,701-MADUREIRA X ALVORADA,Fetranspor,143,17342460,"-22.9964","-43.3657"
701,701-MADUREIRA X ALVORADA,Fetranspor,144,17342460,"-22.9962","-43.3658"
701,701-MADUREIRA X ALVORADA,Fetranspor,145,17342460,"-22.9961","-43.3658"
701,701-MADUREIRA X ALVORADA,Fetranspor,146,17342460,"-22.9961","-43.3658"
701,701-MADUREIRA X ALVORADA,Fetranspor,147,17342460,"-22.9951","-43.3656"
701,701-MADUREIRA X ALVORADA,Fetranspor,148,17342460,"-22.9951","-43.3656"
701,701-MADUREIRA X ALVORADA,Fetranspor,149,17342460,"-22.9947","-43.3656"
701,701-MADUREIRA X ALVORADA,Fetranspor,150,17342460,"-22.9944","-43.3656"
701,701-MADUREIRA X ALVORADA,Fetranspor,151,17342460,"-22.9944","-43.3656"
701,701-MADUREIRA X ALVORADA,Fetranspor,152,17342460,"-22.9941","-43.3656"
701,701-MADUREIRA X ALVORADA,Fetranspor,153,17342460,"-22.9941","-43.3656"
701,701-MADUREIRA X ALVORADA,Fetranspor,154,17342460,"-22.9938","-43.3655"
701,701-MADUREIRA X ALVORADA,Fetranspor,155,17342460,"-22.9924","-43.3655"
701,701-MADUREIRA X ALVORADA,Fetranspor,156,17342460,"-22.9915","-43.3655"
701,701-MADUREIRA X ALVORADA,Fetranspor,157,17342460,"-22.9915","-43.3655"
701,701-MADUREIRA X ALVORADA,Fetranspor,158,17342460,"-22.9908","-43.3655"
701,701-MADUREIRA X ALVORADA,Fetranspor,159,17342460,"-22.9906","-43.3655"
701,701-MADUREIRA X ALVORADA,Fetranspor,160,17342460,"-22.9906","-43.3655"
701,701-MADUREIRA X ALVORADA,Fetranspor,161,17342460,"-22.9905","-43.3655"
701,701-MADUREIRA X ALVORADA,Fetranspor,162,17342460,"-22.9899","-43.3655"
701,701-MADUREIRA X ALVORADA,Fetranspor,163,17342460,"-22.9899","-43.3655"
701,701-MADUREIRA X ALVORADA,Fetranspor,164,17342460,"-22.9892","-43.3655"
701,701-MADUREIRA X ALVORADA,Fetranspor,165,17342460,"-22.9887","-43.3655"
701,701-MADUREIRA X ALVORADA,Fetranspor,166,17342460,"-22.9886","-43.3655"
701,701-MADUREIRA X ALVORADA,Fetranspor,167,17342460,"-22.9886","-43.3655"
701,701-MADUREIRA X ALVORADA,Fetranspor,168,17342460,"-22.9884","-43.3655"
701,701-MADUREIRA X ALVORADA,Fetranspor,169,17342460,"-22.9863","-43.3654"
701,701-MADUREIRA X ALVORADA,Fetranspor,170,17342460,"-22.9858","-43.3654"
701,701-MADUREIRA X ALVORADA,Fetranspor,171,17342460,"-22.9858","-43.3654"
701,701-MADUREIRA X ALVORADA,Fetranspor,172,17342460,"-22.9852","-43.3654"
701,701-MADUREIRA X ALVORADA,Fetranspor,173,17342460,"-22.9852","-43.3654"
701,701-MADUREIRA X ALVORADA,Fetranspor,174,17342460,"-22.9847","-43.3654"
701,701-MADUREIRA X ALVORADA,Fetranspor,175,17342460,"-22.9847","-43.3654"
701,701-MADUREIRA X ALVORADA,Fetranspor,176,17342460,"-22.9843","-43.3654"
701,701-MADUREIRA X ALVORADA,Fetranspor,177,17342460,"-22.9843","-43.3654"
701,701-MADUREIRA X ALVORADA,Fetranspor,178,17342460,"-22.9838","-43.3654"
701,701-MADUREIRA X ALVORADA,Fetranspor,179,17342460,"-22.9838","-43.3654"
701,701-MADUREIRA X ALVORADA,Fetranspor,180,17342460,"-22.9818","-43.3654"
701,701-MADUREIRA X ALVORADA,Fetranspor,181,17342460,"-22.9818","-43.3654"
701,701-MADUREIRA X ALVORADA,Fetranspor,182,17342460,"-22.9812","-43.3654"
701,701-MADUREIRA X ALVORADA,Fetranspor,183,17342460,"-22.9812","-43.3654"
701,701-MADUREIRA X ALVORADA,Fetranspor,184,17342460,"-22.9809","-43.3653"
701,701-MADUREIRA X ALVORADA,Fetranspor,185,17342460,"-22.9806","-43.3654"
701,701-MADUREIRA X ALVORADA,Fetranspor,186,17342460,"-22.9805","-43.3654"
701,701-MADUREIRA X ALVORADA,Fetranspor,187,17342460,"-22.98","-43.3654"
701,701-MADUREIRA X ALVORADA,Fetranspor,188,17342460,"-22.9798","-43.3654"
701,701-MADUREIRA X ALVORADA,Fetranspor,189,17342460,"-22.9795","-43.3653"
701,701-MADUREIRA X ALVORADA,Fetranspor,190,17342460,"-22.9792","-43.3652"
701,701-MADUREIRA X ALVORADA,Fetranspor,191,17342460,"-22.9792","-43.3652"
701,701-MADUREIRA X ALVORADA,Fetranspor,192,17342460,"-22.9787","-43.365"
701,701-MADUREIRA X ALVORADA,Fetranspor,193,17342460,"-22.9787","-43.365"
701,701-MADUREIRA X ALVORADA,Fetranspor,194,17342460,"-22.9786","-43.365"
701,701-MADUREIRA X ALVORADA,Fetranspor,195,17342460,"-22.9767","-43.3641"
701,701-MADUREIRA X ALVORADA,Fetranspor,196,17342460,"-22.9749","-43.3632"
701,701-MADUREIRA X ALVORADA,Fetranspor,197,17342460,"-22.9748","-43.3632"
701,701-MADUREIRA X ALVORADA,Fetranspor,198,17342460,"-22.9739","-43.3628"
701,701-MADUREIRA X ALVORADA,Fetranspor,199,17342460,"-22.9733","-43.3624"
701,701-MADUREIRA X ALVORADA,Fetranspor,200,17342460,"-22.9728","-43.3621"
701,701-MADUREIRA X ALVORADA,Fetranspor,201,17342460,"-22.9726","-43.362"
701,701-MADUREIRA X ALVORADA,Fetranspor,202,17342460,"-22.9724","-43.3619"
701,701-MADUREIRA X ALVORADA,Fetranspor,203,17342460,"-22.9724","-43.3619"
701,701-MADUREIRA X ALVORADA,Fetranspor,204,17342460,"-22.9721","-43.3617"
701,701-MADUREIRA X ALVORADA,Fetranspor,205,17342460,"-22.972","-43.3615"
701,701-MADUREIRA X ALVORADA,Fetranspor,206,17342460,"-22.9711","-43.3608"
701,701-MADUREIRA X ALVORADA,Fetranspor,207,17342460,"-22.9711","-43.3608"
701,701-MADUREIRA X ALVORADA,Fetranspor,208,17342460,"-22.9708","-43.3605"
701,701-MADUREIRA X ALVORADA,Fetranspor,209,17342460,"-22.9704","-43.3602"
701,701-MADUREIRA X ALVORADA,Fetranspor,210,17342460,"-22.9704","-43.3602"
701,701-MADUREIRA X ALVORADA,Fetranspor,211,17342460,"-22.9702","-43.3599"
701,701-MADUREIRA X ALVORADA,Fetranspor,212,17342460,"-22.9689","-43.3587"
701,701-MADUREIRA X ALVORADA,Fetranspor,213,17342460,"-22.9679","-43.3579"
701,701-MADUREIRA X ALVORADA,Fetranspor,214,17342460,"-22.9679","-43.3579"
701,701-MADUREIRA X ALVORADA,Fetranspor,215,17342460,"-22.9678","-43.3578"
701,701-MADUREIRA X ALVORADA,Fetranspor,216,17342460,"-22.9676","-43.3576"
701,701-MADUREIRA X ALVORADA,Fetranspor,217,17342460,"-22.9675","-43.3575"
701,701-MADUREIRA X ALVORADA,Fetranspor,218,17342460,"-22.9672","-43.3574"
701,701-MADUREIRA X ALVORADA,Fetranspor,219,17342460,"-22.967","-43.3573"
701,701-MADUREIRA X ALVORADA,Fetranspor,220,17342460,"-22.9668","-43.3572"
701,701-MADUREIRA X ALVORADA,Fetranspor,221,17342460,"-22.9663","-43.3571"
701,701-MADUREIRA X ALVORADA,Fetranspor,222,17342460,"-22.9663","-43.3571"
701,701-MADUREIRA X ALVORADA,Fetranspor,223,17342460,"-22.9661","-43.3571"
701,701-MADUREIRA X ALVORADA,Fetranspor,224,17342460,"-22.966","-43.357"
701,701-MADUREIRA X ALVORADA,Fetranspor,225,17342460,"-22.9658","-43.357"
701,701-MADUREIRA X ALVORADA,Fetranspor,226,17342460,"-22.9656","-43.357"
701,701-MADUREIRA X ALVORADA,Fetranspor,227,17342460,"-22.9629","-43.357"
701,701-MADUREIRA X ALVORADA,Fetranspor,228,17342460,"-22.9629","-43.357"
701,701-MADUREIRA X ALVORADA,Fetranspor,229,17342460,"-22.9626","-43.357"
701,701-MADUREIRA X ALVORADA,Fetranspor,230,17342460,"-22.9626","-43.357"
701,701-MADUREIRA X ALVORADA,Fetranspor,231,17342460,"-22.9623","-43.3571"
701,701-MADUREIRA X ALVORADA,Fetranspor,232,17342460,"-22.9615","-43.3572"
701,701-MADUREIRA X ALVORADA,Fetranspor,233,17342460,"-22.9601","-43.3573"
701,701-MADUREIRA X ALVORADA,Fetranspor,234,17342460,"-22.9599","-43.3574"
701,701-MADUREIRA X ALVORADA,Fetranspor,235,17342460,"-22.9596","-43.3574"
701,701-MADUREIRA X ALVORADA,Fetranspor,236,17342460,"-22.9592","-43.3573"
701,701-MADUREIRA X ALVORADA,Fetranspor,237,17342460,"-22.9591","-43.3573"
701,701-MADUREIRA X ALVORADA,Fetranspor,238,17342460,"-22.9589","-43.3572"
701,701-MADUREIRA X ALVORADA,Fetranspor,239,17342460,"-22.9583","-43.3569"
701,701-MADUREIRA X ALVORADA,Fetranspor,240,17342460,"-22.9581","-43.3568"
701,701-MADUREIRA X ALVORADA,Fetranspor,241,17342460,"-22.9581","-43.3568"
701,701-MADUREIRA X ALVORADA,Fetranspor,242,17342460,"-22.958","-43.3568"
701,701-MADUREIRA X ALVORADA,Fetranspor,243,17342460,"-22.958","-43.3568"
701,701-MADUREIRA X ALVORADA,Fetranspor,244,17342460,"-22.9576","-43.3566"
701,701-MADUREIRA X ALVORADA,Fetranspor,245,17342460,"-22.9576","-43.3566"
701,701-MADUREIRA X ALVORADA,Fetranspor,246,17342460,"-22.9574","-43.3565"
701,701-MADUREIRA X ALVORADA,Fetranspor,247,17342460,"-22.9574","-43.3565"
701,701-MADUREIRA X ALVORADA,Fetranspor,248,17342460,"-22.957","-43.3565"
701,701-MADUREIRA X ALVORADA,Fetranspor,249,17342460,"-22.957","-43.3565"
701,701-MADUREIRA X ALVORADA,Fetranspor,250,17342460,"-22.9569","-43.3565"
701,701-MADUREIRA X ALVORADA,Fetranspor,251,17342460,"-22.9568","-43.3564"
701,701-MADUREIRA X ALVORADA,Fetranspor,252,17342460,"-22.9567","-43.3564"
701,701-MADUREIRA X ALVORADA,Fetranspor,253,17342460,"-22.9567","-43.3564"
701,701-MADUREIRA X ALVORADA,Fetranspor,254,17342460,"-22.9565","-43.3562"
701,701-MADUREIRA X ALVORADA,Fetranspor,255,17342460,"-22.9562","-43.3559"
701,701-MADUREIRA X ALVORADA,Fetranspor,256,17342460,"-22.9562","-43.3559"
701,701-MADUREIRA X ALVORADA,Fetranspor,257,17342460,"-22.956","-43.3557"
701,701-MADUREIRA X ALVORADA,Fetranspor,258,17342460,"-22.9559","-43.3556"
701,701-MADUREIRA X ALVORADA,Fetranspor,259,17342460,"-22.9559","-43.3556"
701,701-MADUREIRA X ALVORADA,Fetranspor,260,17342460,"-22.9553","-43.355"
701,701-MADUREIRA X ALVORADA,Fetranspor,261,17342460,"-22.9553","-43.355"
701,701-MADUREIRA X ALVORADA,Fetranspor,262,17342460,"-22.9552","-43.3549"
701,701-MADUREIRA X ALVORADA,Fetranspor,263,17342460,"-22.9552","-43.3549"
701,701-MADUREIRA X ALVORADA,Fetranspor,264,17342460,"-22.9551","-43.3549"
701,701-MADUREIRA X ALVORADA,Fetranspor,265,17342460,"-22.955","-43.3548"
701,701-MADUREIRA X ALVORADA,Fetranspor,266,17342460,"-22.9549","-43.3548"
701,701-MADUREIRA X ALVORADA,Fetranspor,267,17342460,"-22.9548","-43.3547"
701,701-MADUREIRA X ALVORADA,Fetranspor,268,17342460,"-22.9547","-43.3547"
701,701-MADUREIRA X ALVORADA,Fetranspor,269,17342460,"-22.9546","-43.3547"
701,701-MADUREIRA X ALVORADA,Fetranspor,270,17342460,"-22.9545","-43.3547"
701,701-MADUREIRA X ALVORADA,Fetranspor,271,17342460,"-22.9545","-43.3547"
701,701-MADUREIRA X ALVORADA,Fetranspor,272,17342460,"-22.9545","-43.3547"
701,701-MADUREIRA X ALVORADA,Fetranspor,273,17342460,"-22.9539","-43.3549"
701,701-MADUREIRA X ALVORADA,Fetranspor,274,17342460,"-22.9539","-43.3549"
701,701-MADUREIRA X ALVORADA,Fetranspor,275,17342460,"-22.9537","-43.3549"
701,701-MADUREIRA X ALVORADA,Fetranspor,276,17342460,"-22.9536","-43.355"
701,701-MADUREIRA X ALVORADA,Fetranspor,277,17342460,"-22.9536","-43.355"
701,701-MADUREIRA X ALVORADA,Fetranspor,278,17342460,"-22.9535","-43.355"
701,701-MADUREIRA X ALVORADA,Fetranspor,279,17342460,"-22.9535","-43.3551"
701,701-MADUREIRA X ALVORADA,Fetranspor,280,17342460,"-22.9534","-43.3552"
701,701-MADUREIRA X ALVORADA,Fetranspor,281,17342460,"-22.9534","-43.3552"
701,701-MADUREIRA X ALVORADA,Fetranspor,282,17342460,"-22.9534","-43.3554"
701,701-MADUREIRA X ALVORADA,Fetranspor,283,17342460,"-22.9534","-43.3555"
701,701-MADUREIRA X ALVORADA,Fetranspor,284,17342460,"-22.9534","-43.3555"
701,701-MADUREIRA X ALVORADA,Fetranspor,285,17342460,"-22.9534","-43.3558"
701,701-MADUREIRA X ALVORADA,Fetranspor,286,17342460,"-22.9534","-43.3558"
701,701-MADUREIRA X ALVORADA,Fetranspor,287,17342460,"-22.9535","-43.3567"
701,701-MADUREIRA X ALVORADA,Fetranspor,288,17342460,"-22.9535","-43.3567"
701,701-MADUREIRA X ALVORADA,Fetranspor,289,17342460,"-22.9535","-43.3569"
701,701-MADUREIRA X ALVORADA,Fetranspor,290,17342460,"-22.9535","-43.357"
701,701-MADUREIRA X ALVORADA,Fetranspor,291,17342460,"-22.9534","-43.3571"
701,701-MADUREIRA X ALVORADA,Fetranspor,292,17342460,"-22.9534","-43.3572"
701,701-MADUREIRA X ALVORADA,Fetranspor,293,17342460,"-22.9533","-43.3572"
701,701-MADUREIRA X ALVORADA,Fetranspor,294,17342460,"-22.9533","-43.3573"
701,701-MADUREIRA X ALVORADA,Fetranspor,295,17342460,"-22.9532","-43.3573"
701,701-MADUREIRA X ALVORADA,Fetranspor,296,17342460,"-22.9529","-43.3575"
701,701-MADUREIRA X ALVORADA,Fetranspor,297,17342460,"-22.9529","-43.3576"
701,701-MADUREIRA X ALVORADA,Fetranspor,298,17342460,"-22.9528","-43.3576"
701,701-MADUREIRA X ALVORADA,Fetranspor,299,17342460,"-22.9528","-43.3576"
701,701-MADUREIRA X ALVORADA,Fetranspor,300,17342460,"-22.9522","-43.358"
701,701-MADUREIRA X ALVORADA,Fetranspor,301,17342460,"-22.9522","-43.358"
701,701-MADUREIRA X ALVORADA,Fetranspor,302,17342460,"-22.9519","-43.3582"
701,701-MADUREIRA X ALVORADA,Fetranspor,303,17342460,"-22.9519","-43.3582"
701,701-MADUREIRA X ALVORADA,Fetranspor,304,17342460,"-22.9516","-43.3584"
701,701-MADUREIRA X ALVORADA,Fetranspor,305,17342460,"-22.9516","-43.3584"
701,701-MADUREIRA X ALVORADA,Fetranspor,306,17342460,"-22.9512","-43.3587"
701,701-MADUREIRA X ALVORADA,Fetranspor,307,17342460,"-22.951","-43.3588"
701,701-MADUREIRA X ALVORADA,Fetranspor,308,17342460,"-22.951","-43.3588"
701,701-MADUREIRA X ALVORADA,Fetranspor,309,17342460,"-22.9508","-43.3589"
701,701-MADUREIRA X ALVORADA,Fetranspor,310,17342460,"-22.9508","-43.3589"
701,701-MADUREIRA X ALVORADA,Fetranspor,311,17342460,"-22.9507","-43.3589"
701,701-MADUREIRA X ALVORADA,Fetranspor,312,17342460,"-22.9507","-43.3589"
701,701-MADUREIRA X ALVORADA,Fetranspor,313,17342460,"-22.9506","-43.359"
701,701-MADUREIRA X ALVORADA,Fetranspor,314,17342460,"-22.9504","-43.3591"
701,701-MADUREIRA X ALVORADA,Fetranspor,315,17342460,"-22.9504","-43.3591"
701,701-MADUREIRA X ALVORADA,Fetranspor,316,17342460,"-22.9498","-43.3594"
701,701-MADUREIRA X ALVORADA,Fetranspor,317,17342460,"-22.9498","-43.3594"
701,701-MADUREIRA X ALVORADA,Fetranspor,318,17342460,"-22.9494","-43.3595"
701,701-MADUREIRA X ALVORADA,Fetranspor,319,17342460,"-22.9494","-43.3595"
701,701-MADUREIRA X ALVORADA,Fetranspor,320,17342460,"-22.9491","-43.3596"
701,701-MADUREIRA X ALVORADA,Fetranspor,321,17342460,"-22.9491","-43.3596"
701,701-MADUREIRA X ALVORADA,Fetranspor,322,17342460,"-22.9488","-43.3598"
701,701-MADUREIRA X ALVORADA,Fetranspor,323,17342460,"-22.9488","-43.3598"
701,701-MADUREIRA X ALVORADA,Fetranspor,324,17342460,"-22.9485","-43.3599"
701,701-MADUREIRA X ALVORADA,Fetranspor,325,17342460,"-22.9485","-43.3599"
701,701-MADUREIRA X ALVORADA,Fetranspor,326,17342460,"-22.9484","-43.3599"
701,701-MADUREIRA X ALVORADA,Fetranspor,327,17342460,"-22.9484","-43.3599"
701,701-MADUREIRA X ALVORADA,Fetranspor,328,17342460,"-22.9482","-43.36"
701,701-MADUREIRA X ALVORADA,Fetranspor,329,17342460,"-22.9482","-43.36"
701,701-MADUREIRA X ALVORADA,Fetranspor,330,17342460,"-22.948","-43.36"
701,701-MADUREIRA X ALVORADA,Fetranspor,331,17342460,"-22.948","-43.36"
701,701-MADUREIRA X ALVORADA,Fetranspor,332,17342460,"-22.9475","-43.3601"
701,701-MADUREIRA X ALVORADA,Fetranspor,333,17342460,"-22.9475","-43.3601"
701,701-MADUREIRA X ALVORADA,Fetranspor,334,17342460,"-22.9473","-43.3601"
701,701-MADUREIRA X ALVORADA,Fetranspor,335,17342460,"-22.9473","-43.3601"
701,701-MADUREIRA X ALVORADA,Fetranspor,336,17342460,"-22.9472","-43.3602"
701,701-MADUREIRA X ALVORADA,Fetranspor,337,17342460,"-22.9471","-43.3602"
701,701-MADUREIRA X ALVORADA,Fetranspor,338,17342460,"-22.9471","-43.3603"
701,701-MADUREIRA X ALVORADA,Fetranspor,339,17342460,"-22.947","-43.3604"
701,701-MADUREIRA X ALVORADA,Fetranspor,340,17342460,"-22.947","-43.3604"
701,701-MADUREIRA X ALVORADA,Fetranspor,341,17342460,"-22.9469","-43.3606"
701,701-MADUREIRA X ALVORADA,Fetranspor,342,17342460,"-22.9469","-43.3606"
701,701-MADUREIRA X ALVORADA,Fetranspor,343,17342460,"-22.9468","-43.3612"
701,701-MADUREIRA X ALVORADA,Fetranspor,344,17342460,"-22.9468","-43.3612"
701,701-MADUREIRA X ALVORADA,Fetranspor,345,17342460,"-22.9464","-43.3617"
701,701-MADUREIRA X ALVORADA,Fetranspor,346,17342460,"-22.9464","-43.3617"
701,701-MADUREIRA X ALVORADA,Fetranspor,347,17342460,"-22.9455","-43.3632"
701,701-MADUREIRA X ALVORADA,Fetranspor,348,17342460,"-22.9454","-43.3635"
701,701-MADUREIRA X ALVORADA,Fetranspor,349,17342460,"-22.9453","-43.3637"
701,701-MADUREIRA X ALVORADA,Fetranspor,350,17342460,"-22.9452","-43.3638"
701,701-MADUREIRA X ALVORADA,Fetranspor,351,17342460,"-22.9452","-43.3639"
701,701-MADUREIRA X ALVORADA,Fetranspor,352,17342460,"-22.9451","-43.364"
701,701-MADUREIRA X ALVORADA,Fetranspor,353,17342460,"-22.945","-43.3642"
701,701-MADUREIRA X ALVORADA,Fetranspor,354,17342460,"-22.945","-43.3642"
701,701-MADUREIRA X ALVORADA,Fetranspor,355,17342460,"-22.945","-43.3644"
701,701-MADUREIRA X ALVORADA,Fetranspor,356,17342460,"-22.9449","-43.3646"
701,701-MADUREIRA X ALVORADA,Fetranspor,357,17342460,"-22.9447","-43.365"
701,701-MADUREIRA X ALVORADA,Fetranspor,358,17342460,"-22.9446","-43.3651"
701,701-MADUREIRA X ALVORADA,Fetranspor,359,17342460,"-22.9445","-43.3653"
701,701-MADUREIRA X ALVORADA,Fetranspor,360,17342460,"-22.9443","-43.3655"
701,701-MADUREIRA X ALVORADA,Fetranspor,361,17342460,"-22.9442","-43.3656"
701,701-MADUREIRA X ALVORADA,Fetranspor,362,17342460,"-22.9441","-43.3657"
701,701-MADUREIRA X ALVORADA,Fetranspor,363,17342460,"-22.9439","-43.3657"
701,701-MADUREIRA X ALVORADA,Fetranspor,364,17342460,"-22.9439","-43.3657"
701,701-MADUREIRA X ALVORADA,Fetranspor,365,17342460,"-22.9437","-43.3658"
701,701-MADUREIRA X ALVORADA,Fetranspor,366,17342460,"-22.9427","-43.366"
701,701-MADUREIRA X ALVORADA,Fetranspor,367,17342460,"-22.9423","-43.3661"
701,701-MADUREIRA X ALVORADA,Fetranspor,368,17342460,"-22.942","-43.3662"
701,701-MADUREIRA X ALVORADA,Fetranspor,369,17342460,"-22.9418","-43.3663"
701,701-MADUREIRA X ALVORADA,Fetranspor,370,17342460,"-22.9415","-43.3666"
701,701-MADUREIRA X ALVORADA,Fetranspor,371,17342460,"-22.9413","-43.3667"
701,701-MADUREIRA X ALVORADA,Fetranspor,372,17342460,"-22.9412","-43.3669"
701,701-MADUREIRA X ALVORADA,Fetranspor,373,17342460,"-22.941","-43.3671"
701,701-MADUREIRA X ALVORADA,Fetranspor,374,17342460,"-22.941","-43.3671"
701,701-MADUREIRA X ALVORADA,Fetranspor,375,17342460,"-22.9408","-43.3675"
701,701-MADUREIRA X ALVORADA,Fetranspor,376,17342460,"-22.9408","-43.3675"
701,701-MADUREIRA X ALVORADA,Fetranspor,377,17342460,"-22.9407","-43.3675"
701,701-MADUREIRA X ALVORADA,Fetranspor,378,17342460,"-22.9407","-43.3675"
701,701-MADUREIRA X ALVORADA,Fetranspor,379,17342460,"-22.9402","-43.3683"
701,701-MADUREIRA X ALVORADA,Fetranspor,380,17342460,"-22.9401","-43.3683"
701,701-MADUREIRA X ALVORADA,Fetranspor,381,17342460,"-22.9401","-43.3684"
701,701-MADUREIRA X ALVORADA,Fetranspor,382,17342460,"-22.94","-43.3684"
701,701-MADUREIRA X ALVORADA,Fetranspor,383,17342460,"-22.9399","-43.3684"
701,701-MADUREIRA X ALVORADA,Fetranspor,384,17342460,"-22.9398","-43.3684"
701,701-MADUREIRA X ALVORADA,Fetranspor,385,17342460,"-22.9393","-43.3682"
701,701-MADUREIRA X ALVORADA,Fetranspor,386,17342460,"-22.9392","-43.3681"
701,701-MADUREIRA X ALVORADA,Fetranspor,387,17342460,"-22.9391","-43.3681"
701,701-MADUREIRA X ALVORADA,Fetranspor,388,17342460,"-22.9391","-43.3681"
701,701-MADUREIRA X ALVORADA,Fetranspor,389,17342460,"-22.939","-43.3681"
701,701-MADUREIRA X ALVORADA,Fetranspor,390,17342460,"-22.9389","-43.3682"
701,701-MADUREIRA X ALVORADA,Fetranspor,391,17342460,"-22.9388","-43.3682"
701,701-MADUREIRA X ALVORADA,Fetranspor,392,17342460,"-22.9387","-43.3683"
701,701-MADUREIRA X ALVORADA,Fetranspor,393,17342460,"-22.9386","-43.3684"
701,701-MADUREIRA X ALVORADA,Fetranspor,394,17342460,"-22.9386","-43.3685"
701,701-MADUREIRA X ALVORADA,Fetranspor,395,17342460,"-22.9385","-43.3687"
701,701-MADUREIRA X ALVORADA,Fetranspor,396,17342460,"-22.9384","-43.3689"
701,701-MADUREIRA X ALVORADA,Fetranspor,397,17342460,"-22.9383","-43.3692"
701,701-MADUREIRA X ALVORADA,Fetranspor,398,17342460,"-22.9383","-43.3693"
701,701-MADUREIRA X ALVORADA,Fetranspor,399,17342460,"-22.9382","-43.3694"
701,701-MADUREIRA X ALVORADA,Fetranspor,400,17342460,"-22.9378","-43.3698"
701,701-MADUREIRA X ALVORADA,Fetranspor,401,17342460,"-22.9375","-43.37"
701,701-MADUREIRA X ALVORADA,Fetranspor,402,17342460,"-22.9372","-43.3702"
701,701-MADUREIRA X ALVORADA,Fetranspor,403,17342460,"-22.937","-43.3704"
701,701-MADUREIRA X ALVORADA,Fetranspor,404,17342460,"-22.9369","-43.3705"
701,701-MADUREIRA X ALVORADA,Fetranspor,405,17342460,"-22.9369","-43.3705"
701,701-MADUREIRA X ALVORADA,Fetranspor,406,17342460,"-22.9366","-43.3709"
701,701-MADUREIRA X ALVORADA,Fetranspor,407,17342460,"-22.9366","-43.3709"
701,701-MADUREIRA X ALVORADA,Fetranspor,408,17342460,"-22.9363","-43.3711"
701,701-MADUREIRA X ALVORADA,Fetranspor,409,17342460,"-22.9363","-43.3712"
701,701-MADUREIRA X ALVORADA,Fetranspor,410,17342460,"-22.936","-43.3713"
701,701-MADUREIRA X ALVORADA,Fetranspor,411,17342460,"-22.9359","-43.3714"
701,701-MADUREIRA X ALVORADA,Fetranspor,412,17342460,"-22.9359","-43.3714"
701,701-MADUREIRA X ALVORADA,Fetranspor,413,17342460,"-22.9359","-43.3714"
701,701-MADUREIRA X ALVORADA,Fetranspor,414,17342460,"-22.9359","-43.3714"
701,701-MADUREIRA X ALVORADA,Fetranspor,415,17342460,"-22.9357","-43.3715"
701,701-MADUREIRA X ALVORADA,Fetranspor,416,17342460,"-22.9355","-43.3716"
701,701-MADUREIRA X ALVORADA,Fetranspor,417,17342460,"-22.9355","-43.3716"
701,701-MADUREIRA X ALVORADA,Fetranspor,418,17342460,"-22.935","-43.3718"
701,701-MADUREIRA X ALVORADA,Fetranspor,419,17342460,"-22.935","-43.3718"
701,701-MADUREIRA X ALVORADA,Fetranspor,420,17342460,"-22.9347","-43.372"
701,701-MADUREIRA X ALVORADA,Fetranspor,421,17342460,"-22.9346","-43.372"
701,701-MADUREIRA X ALVORADA,Fetranspor,422,17342460,"-22.9344","-43.3721"
701,701-MADUREIRA X ALVORADA,Fetranspor,423,17342460,"-22.9344","-43.3721"
701,701-MADUREIRA X ALVORADA,Fetranspor,424,17342460,"-22.9341","-43.3722"
701,701-MADUREIRA X ALVORADA,Fetranspor,425,17342460,"-22.9333","-43.3726"
701,701-MADUREIRA X ALVORADA,Fetranspor,426,17342460,"-22.9325","-43.373"
701,701-MADUREIRA X ALVORADA,Fetranspor,427,17342460,"-22.9324","-43.373"
701,701-MADUREIRA X ALVORADA,Fetranspor,428,17342460,"-22.9323","-43.373"
701,701-MADUREIRA X ALVORADA,Fetranspor,429,17342460,"-22.9323","-43.373"
701,701-MADUREIRA X ALVORADA,Fetranspor,430,17342460,"-22.9303","-43.3732"
701,701-MADUREIRA X ALVORADA,Fetranspor,431,17342460,"-22.9303","-43.3732"
701,701-MADUREIRA X ALVORADA,Fetranspor,432,17342460,"-22.9286","-43.3734"
701,701-MADUREIRA X ALVORADA,Fetranspor,433,17342460,"-22.9286","-43.3734"
701,701-MADUREIRA X ALVORADA,Fetranspor,434,17342460,"-22.9284","-43.3732"
701,701-MADUREIRA X ALVORADA,Fetranspor,435,17342460,"-22.9284","-43.3732"
701,701-MADUREIRA X ALVORADA,Fetranspor,436,17342460,"-22.9278","-43.3727"
701,701-MADUREIRA X ALVORADA,Fetranspor,437,17342460,"-22.9278","-43.3727"
701,701-MADUREIRA X ALVORADA,Fetranspor,438,17342460,"-22.9276","-43.3725"
701,701-MADUREIRA X ALVORADA,Fetranspor,439,17342460,"-22.9276","-43.3725"
701,701-MADUREIRA X ALVORADA,Fetranspor,440,17342460,"-22.9269","-43.372"
701,701-MADUREIRA X ALVORADA,Fetranspor,441,17342460,"-22.9269","-43.372"
701,701-MADUREIRA X ALVORADA,Fetranspor,442,17342460,"-22.9262","-43.3714"
701,701-MADUREIRA X ALVORADA,Fetranspor,443,17342460,"-22.9262","-43.3714"
701,701-MADUREIRA X ALVORADA,Fetranspor,444,17342460,"-22.9261","-43.3713"
701,701-MADUREIRA X ALVORADA,Fetranspor,445,17342460,"-22.9261","-43.3713"
701,701-MADUREIRA X ALVORADA,Fetranspor,446,17342460,"-22.9257","-43.3709"
701,701-MADUREIRA X ALVORADA,Fetranspor,447,17342460,"-22.9249","-43.3702"
701,701-MADUREIRA X ALVORADA,Fetranspor,448,17342460,"-22.9249","-43.3702"
701,701-MADUREIRA X ALVORADA,Fetranspor,449,17342460,"-22.9241","-43.3714"
701,701-MADUREIRA X ALVORADA,Fetranspor,450,17342460,"-22.9241","-43.3714"
701,701-MADUREIRA X ALVORADA,Fetranspor,451,17342460,"-22.9229","-43.373"
701,701-MADUREIRA X ALVORADA,Fetranspor,452,17342460,"-22.9229","-43.373"
701,701-MADUREIRA X ALVORADA,Fetranspor,453,17342460,"-22.9228","-43.373"
701,701-MADUREIRA X ALVORADA,Fetranspor,454,17342460,"-22.9228","-43.373"
701,701-MADUREIRA X ALVORADA,Fetranspor,455,17342460,"-22.9227","-43.3728"
701,701-MADUREIRA X ALVORADA,Fetranspor,456,17342460,"-22.9223","-43.3721"
701,701-MADUREIRA X ALVORADA,Fetranspor,457,17342460,"-22.9223","-43.3721"
701,701-MADUREIRA X ALVORADA,Fetranspor,458,17342460,"-22.922","-43.3715"
701,701-MADUREIRA X ALVORADA,Fetranspor,459,17342460,"-22.9218","-43.3712"
701,701-MADUREIRA X ALVORADA,Fetranspor,460,17342460,"-22.9218","-43.3712"
701,701-MADUREIRA X ALVORADA,Fetranspor,461,17342460,"-22.9213","-43.3704"
701,701-MADUREIRA X ALVORADA,Fetranspor,462,17342460,"-22.9213","-43.3704"
701,701-MADUREIRA X ALVORADA,Fetranspor,463,17342460,"-22.9205","-43.369"
701,701-MADUREIRA X ALVORADA,Fetranspor,464,17342460,"-22.9205","-43.369"
701,701-MADUREIRA X ALVORADA,Fetranspor,465,17342460,"-22.9203","-43.3685"
701,701-MADUREIRA X ALVORADA,Fetranspor,466,17342460,"-22.9198","-43.3676"
701,701-MADUREIRA X ALVORADA,Fetranspor,467,17342460,"-22.9198","-43.3676"
701,701-MADUREIRA X ALVORADA,Fetranspor,468,17342460,"-22.9191","-43.3664"
701,701-MADUREIRA X ALVORADA,Fetranspor,469,17342460,"-22.9191","-43.3664"
701,701-MADUREIRA X ALVORADA,Fetranspor,470,17342460,"-22.9185","-43.3654"
701,701-MADUREIRA X ALVORADA,Fetranspor,471,17342460,"-22.9185","-43.3654"
701,701-MADUREIRA X ALVORADA,Fetranspor,472,17342460,"-22.9181","-43.3647"
701,701-MADUREIRA X ALVORADA,Fetranspor,473,17342460,"-22.918","-43.3644"
701,701-MADUREIRA X ALVORADA,Fetranspor,474,17342460,"-22.918","-43.3644"
701,701-MADUREIRA X ALVORADA,Fetranspor,475,17342460,"-22.918","-43.3644"
701,701-MADUREIRA X ALVORADA,Fetranspor,476,17342460,"-22.9179","-43.3642"
701,701-MADUREIRA X ALVORADA,Fetranspor,477,17342460,"-22.9176","-43.3637"
701,701-MADUREIRA X ALVORADA,Fetranspor,478,17342460,"-22.9176","-43.3637"
701,701-MADUREIRA X ALVORADA,Fetranspor,479,17342460,"-22.9173","-43.3632"
701,701-MADUREIRA X ALVORADA,Fetranspor,480,17342460,"-22.917","-43.3627"
701,701-MADUREIRA X ALVORADA,Fetranspor,481,17342460,"-22.9166","-43.3621"
701,701-MADUREIRA X ALVORADA,Fetranspor,482,17342460,"-22.9165","-43.3618"
701,701-MADUREIRA X ALVORADA,Fetranspor,483,17342460,"-22.9165","-43.3618"
701,701-MADUREIRA X ALVORADA,Fetranspor,484,17342460,"-22.9164","-43.3616"
701,701-MADUREIRA X ALVORADA,Fetranspor,485,17342460,"-22.9164","-43.3616"
701,701-MADUREIRA X ALVORADA,Fetranspor,486,17342460,"-22.9162","-43.3612"
701,701-MADUREIRA X ALVORADA,Fetranspor,487,17342460,"-22.9161","-43.3611"
701,701-MADUREIRA X ALVORADA,Fetranspor,488,17342460,"-22.916","-43.3609"
701,701-MADUREIRA X ALVORADA,Fetranspor,489,17342460,"-22.9159","-43.3609"
701,701-MADUREIRA X ALVORADA,Fetranspor,490,17342460,"-22.9159","-43.3608"
701,701-MADUREIRA X ALVORADA,Fetranspor,491,17342460,"-22.9158","-43.3608"
701,701-MADUREIRA X ALVORADA,Fetranspor,492,17342460,"-22.9157","-43.3607"
701,701-MADUREIRA X ALVORADA,Fetranspor,493,17342460,"-22.9156","-43.3607"
701,701-MADUREIRA X ALVORADA,Fetranspor,494,17342460,"-22.9155","-43.3607"
701,701-MADUREIRA X ALVORADA,Fetranspor,495,17342460,"-22.9152","-43.3607"
701,701-MADUREIRA X ALVORADA,Fetranspor,496,17342460,"-22.9152","-43.3607"
701,701-MADUREIRA X ALVORADA,Fetranspor,497,17342460,"-22.915","-43.3607"
701,701-MADUREIRA X ALVORADA,Fetranspor,498,17342460,"-22.9145","-43.3606"
701,701-MADUREIRA X ALVORADA,Fetranspor,499,17342460,"-22.9141","-43.3605"
701,701-MADUREIRA X ALVORADA,Fetranspor,500,17342460,"-22.9141","-43.3605"
701,701-MADUREIRA X ALVORADA,Fetranspor,501,17342460,"-22.9137","-43.3605"
701,701-MADUREIRA X ALVORADA,Fetranspor,502,17342460,"-22.9134","-43.3604"
701,701-MADUREIRA X ALVORADA,Fetranspor,503,17342460,"-22.9132","-43.3604"
701,701-MADUREIRA X ALVORADA,Fetranspor,504,17342460,"-22.9126","-43.3604"
701,701-MADUREIRA X ALVORADA,Fetranspor,505,17342460,"-22.9126","-43.3604"
701,701-MADUREIRA X ALVORADA,Fetranspor,506,17342460,"-22.912","-43.3604"
701,701-MADUREIRA X ALVORADA,Fetranspor,507,17342460,"-22.9117","-43.3604"
701,701-MADUREIRA X ALVORADA,Fetranspor,508,17342460,"-22.911","-43.3603"
701,701-MADUREIRA X ALVORADA,Fetranspor,509,17342460,"-22.9108","-43.3602"
701,701-MADUREIRA X ALVORADA,Fetranspor,510,17342460,"-22.9106","-43.3601"
701,701-MADUREIRA X ALVORADA,Fetranspor,511,17342460,"-22.9104","-43.36"
701,701-MADUREIRA X ALVORADA,Fetranspor,512,17342460,"-22.9102","-43.3599"
701,701-MADUREIRA X ALVORADA,Fetranspor,513,17342460,"-22.9095","-43.3593"
701,701-MADUREIRA X ALVORADA,Fetranspor,514,17342460,"-22.9095","-43.3593"
701,701-MADUREIRA X ALVORADA,Fetranspor,515,17342460,"-22.909","-43.3588"
701,701-MADUREIRA X ALVORADA,Fetranspor,516,17342460,"-22.909","-43.3588"
701,701-MADUREIRA X ALVORADA,Fetranspor,517,17342460,"-22.9087","-43.3586"
701,701-MADUREIRA X ALVORADA,Fetranspor,518,17342460,"-22.9085","-43.3584"
701,701-MADUREIRA X ALVORADA,Fetranspor,519,17342460,"-22.9083","-43.3583"
701,701-MADUREIRA X ALVORADA,Fetranspor,520,17342460,"-22.9082","-43.3582"
701,701-MADUREIRA X ALVORADA,Fetranspor,521,17342460,"-22.9079","-43.3581"
701,701-MADUREIRA X ALVORADA,Fetranspor,522,17342460,"-22.9059","-43.3575"
701,701-MADUREIRA X ALVORADA,Fetranspor,523,17342460,"-22.9059","-43.3575"
701,701-MADUREIRA X ALVORADA,Fetranspor,524,17342460,"-22.9051","-43.3572"
701,701-MADUREIRA X ALVORADA,Fetranspor,525,17342460,"-22.9049","-43.3571"
701,701-MADUREIRA X ALVORADA,Fetranspor,526,17342460,"-22.904","-43.3566"
701,701-MADUREIRA X ALVORADA,Fetranspor,527,17342460,"-22.9037","-43.3564"
701,701-MADUREIRA X ALVORADA,Fetranspor,528,17342460,"-22.9037","-43.3564"
701,701-MADUREIRA X ALVORADA,Fetranspor,529,17342460,"-22.9031","-43.356"
701,701-MADUREIRA X ALVORADA,Fetranspor,530,17342460,"-22.9031","-43.356"
701,701-MADUREIRA X ALVORADA,Fetranspor,531,17342460,"-22.9023","-43.3554"
701,701-MADUREIRA X ALVORADA,Fetranspor,532,17342460,"-22.9021","-43.3553"
701,701-MADUREIRA X ALVORADA,Fetranspor,533,17342460,"-22.9021","-43.3553"
701,701-MADUREIRA X ALVORADA,Fetranspor,534,17342460,"-22.9003","-43.3541"
701,701-MADUREIRA X ALVORADA,Fetranspor,535,17342460,"-22.9003","-43.3541"
701,701-MADUREIRA X ALVORADA,Fetranspor,536,17342460,"-22.8996","-43.3536"
701,701-MADUREIRA X ALVORADA,Fetranspor,537,17342460,"-22.8992","-43.3533"
701,701-MADUREIRA X ALVORADA,Fetranspor,538,17342460,"-22.8984","-43.3527"
701,701-MADUREIRA X ALVORADA,Fetranspor,539,17342460,"-22.8984","-43.3527"
701,701-MADUREIRA X ALVORADA,Fetranspor,540,17342460,"-22.8982","-43.3526"
701,701-MADUREIRA X ALVORADA,Fetranspor,541,17342460,"-22.8972","-43.3518"
701,701-MADUREIRA X ALVORADA,Fetranspor,542,17342460,"-22.897","-43.3516"
701,701-MADUREIRA X ALVORADA,Fetranspor,543,17342460,"-22.897","-43.3516"
701,701-MADUREIRA X ALVORADA,Fetranspor,544,17342460,"-22.8967","-43.3513"
701,701-MADUREIRA X ALVORADA,Fetranspor,545,17342460,"-22.8954","-43.3502"
701,701-MADUREIRA X ALVORADA,Fetranspor,546,17342460,"-22.8953","-43.3501"
701,701-MADUREIRA X ALVORADA,Fetranspor,547,17342460,"-22.895","-43.35"
701,701-MADUREIRA X ALVORADA,Fetranspor,548,17342460,"-22.895","-43.35"
701,701-MADUREIRA X ALVORADA,Fetranspor,549,17342460,"-22.8949","-43.3499"
701,701-MADUREIRA X ALVORADA,Fetranspor,550,17342460,"-22.8946","-43.3496"
701,701-MADUREIRA X ALVORADA,Fetranspor,551,17342460,"-22.8945","-43.3496"
701,701-MADUREIRA X ALVORADA,Fetranspor,552,17342460,"-22.8944","-43.3495"
701,701-MADUREIRA X ALVORADA,Fetranspor,553,17342460,"-22.8944","-43.3495"
701,701-MADUREIRA X ALVORADA,Fetranspor,554,17342460,"-22.8943","-43.3494"
701,701-MADUREIRA X ALVORADA,Fetranspor,555,17342460,"-22.8939","-43.3492"
701,701-MADUREIRA X ALVORADA,Fetranspor,556,17342460,"-22.8939","-43.3492"
701,701-MADUREIRA X ALVORADA,Fetranspor,557,17342460,"-22.8933","-43.3489"
701,701-MADUREIRA X ALVORADA,Fetranspor,558,17342460,"-22.8933","-43.3489"
701,701-MADUREIRA X ALVORADA,Fetranspor,559,17342460,"-22.8931","-43.3488"
701,701-MADUREIRA X ALVORADA,Fetranspor,560,17342460,"-22.893","-43.3488"
701,701-MADUREIRA X ALVORADA,Fetranspor,561,17342460,"-22.893","-43.3488"
701,701-MADUREIRA X ALVORADA,Fetranspor,562,17342460,"-22.8922","-43.3483"
701,701-MADUREIRA X ALVORADA,Fetranspor,563,17342460,"-22.8922","-43.3483"
701,701-MADUREIRA X ALVORADA,Fetranspor,564,17342460,"-22.8913","-43.3477"
701,701-MADUREIRA X ALVORADA,Fetranspor,565,17342460,"-22.8913","-43.3477"
701,701-MADUREIRA X ALVORADA,Fetranspor,566,17342460,"-22.891","-43.3476"
701,701-MADUREIRA X ALVORADA,Fetranspor,567,17342460,"-22.8901","-43.347"
701,701-MADUREIRA X ALVORADA,Fetranspor,568,17342460,"-22.8901","-43.347"
701,701-MADUREIRA X ALVORADA,Fetranspor,569,17342460,"-22.8895","-43.3466"
701,701-MADUREIRA X ALVORADA,Fetranspor,570,17342460,"-22.8888","-43.3462"
701,701-MADUREIRA X ALVORADA,Fetranspor,571,17342460,"-22.8888","-43.3462"
701,701-MADUREIRA X ALVORADA,Fetranspor,572,17342460,"-22.8872","-43.345"
701,701-MADUREIRA X ALVORADA,Fetranspor,573,17342460,"-22.8872","-43.345"
701,701-MADUREIRA X ALVORADA,Fetranspor,574,17342460,"-22.8857","-43.3437"
701,701-MADUREIRA X ALVORADA,Fetranspor,575,17342460,"-22.8857","-43.3437"
701,701-MADUREIRA X ALVORADA,Fetranspor,576,17342460,"-22.8856","-43.3435"
701,701-MADUREIRA X ALVORADA,Fetranspor,577,17342460,"-22.8855","-43.3433"
701,701-MADUREIRA X ALVORADA,Fetranspor,578,17342460,"-22.8852","-43.3431"
701,701-MADUREIRA X ALVORADA,Fetranspor,579,17342460,"-22.8849","-43.3429"
701,701-MADUREIRA X ALVORADA,Fetranspor,580,17342460,"-22.8847","-43.3427"
701,701-MADUREIRA X ALVORADA,Fetranspor,581,17342460,"-22.8847","-43.3427"
701,701-MADUREIRA X ALVORADA,Fetranspor,582,17342460,"-22.8846","-43.3426"
701,701-MADUREIRA X ALVORADA,Fetranspor,583,17342460,"-22.8844","-43.3426"
701,701-MADUREIRA X ALVORADA,Fetranspor,584,17342460,"-22.8841","-43.3425"
701,701-MADUREIRA X ALVORADA,Fetranspor,585,17342460,"-22.8841","-43.3425"
701,701-MADUREIRA X ALVORADA,Fetranspor,586,17342460,"-22.8838","-43.3424"
701,701-MADUREIRA X ALVORADA,Fetranspor,587,17342460,"-22.8836","-43.3423"
701,701-MADUREIRA X ALVORADA,Fetranspor,588,17342460,"-22.8833","-43.3422"
701,701-MADUREIRA X ALVORADA,Fetranspor,589,17342460,"-22.8832","-43.3421"
701,701-MADUREIRA X ALVORADA,Fetranspor,590,17342460,"-22.8831","-43.342"
701,701-MADUREIRA X ALVORADA,Fetranspor,591,17342460,"-22.883","-43.3419"
701,701-MADUREIRA X ALVORADA,Fetranspor,592,17342460,"-22.883","-43.3418"
701,701-MADUREIRA X ALVORADA,Fetranspor,593,17342460,"-22.8829","-43.3417"
701,701-MADUREIRA X ALVORADA,Fetranspor,594,17342460,"-22.8829","-43.3414"
701,701-MADUREIRA X ALVORADA,Fetranspor,595,17342460,"-22.8829","-43.3414"
701,701-MADUREIRA X ALVORADA,Fetranspor,596,17342460,"-22.8827","-43.3396"
701,701-MADUREIRA X ALVORADA,Fetranspor,597,17342460,"-22.8827","-43.3396"
701,701-MADUREIRA X ALVORADA,Fetranspor,598,17342460,"-22.8825","-43.3383"
701,701-MADUREIRA X ALVORADA,Fetranspor,599,17342460,"-22.8824","-43.3377"
701,701-MADUREIRA X ALVORADA,Fetranspor,600,17342460,"-22.8824","-43.3376"
701,701-MADUREIRA X ALVORADA,Fetranspor,601,17342460,"-22.8824","-43.3376"
701,701-MADUREIRA X ALVORADA,Fetranspor,602,17342460,"-22.8816","-43.3375"
701,701-MADUREIRA X ALVORADA,Fetranspor,603,17342460,"-22.8814","-43.3375"
701,701-MADUREIRA X ALVORADA,Fetranspor,604,17342460,"-22.8814","-43.3375"
701,701-MADUREIRA X ALVORADA,Fetranspor,605,17342460,"-22.8809","-43.3375"
701,701-MADUREIRA X ALVORADA,Fetranspor,606,17342460,"-22.8809","-43.3375"
701,701-MADUREIRA X ALVORADA,Fetranspor,607,17342460,"-22.8803","-43.3374"
701,701-MADUREIRA X ALVORADA,Fetranspor,608,17342460,"-22.8803","-43.3374"
701,701-MADUREIRA X ALVORADA,Fetranspor,609,17342460,"-22.8797","-43.3374"
701,701-MADUREIRA X ALVORADA,Fetranspor,610,17342460,"-22.8797","-43.3374"
701,701-MADUREIRA X ALVORADA,Fetranspor,611,17342460,"-22.8795","-43.3374"
701,701-MADUREIRA X ALVORADA,Fetranspor,612,17342460,"-22.8794","-43.3373"
701,701-MADUREIRA X ALVORADA,Fetranspor,613,17342460,"-22.8794","-43.3373"
701,701-MADUREIRA X ALVORADA,Fetranspor,614,17342460,"-22.8791","-43.3373"
701,701-MADUREIRA X ALVORADA,Fetranspor,615,17342460,"-22.8791","-43.3373"
701,701-MADUREIRA X ALVORADA,Fetranspor,616,17342460,"-22.8788","-43.3373"
701,701-MADUREIRA X ALVORADA,Fetranspor,617,17342460,"-22.8786","-43.3373"
701,701-MADUREIRA X ALVORADA,Fetranspor,618,17342460,"-22.8785","-43.3373"
701,701-MADUREIRA X ALVORADA,Fetranspor,619,17342460,"-22.8785","-43.3373"
701,701-MADUREIRA X ALVORADA,Fetranspor,620,17342460,"-22.8785","-43.3373"
701,701-MADUREIRA X ALVORADA,Fetranspor,621,17342460,"-22.8785","-43.3373"
701,701-MADUREIRA X ALVORADA,Fetranspor,622,17342460,"-22.8779","-43.3372"
701,701-MADUREIRA X ALVORADA,Fetranspor,0,17381600,"-22.8779","-43.3372"
701,701-MADUREIRA X ALVORADA,Fetranspor,1,17381600,"-22.8775","-43.3372"
701,701-MADUREIRA X ALVORADA,Fetranspor,2,17381600,"-22.8775","-43.3372"
701,701-MADUREIRA X ALVORADA,Fetranspor,3,17381600,"-22.8774","-43.3372"
701,701-MADUREIRA X ALVORADA,Fetranspor,4,17381600,"-22.8772","-43.3372"
701,701-MADUREIRA X ALVORADA,Fetranspor,5,17381600,"-22.8772","-43.3372"
701,701-MADUREIRA X ALVORADA,Fetranspor,6,17381600,"-22.8771","-43.3372"
701,701-MADUREIRA X ALVORADA,Fetranspor,7,17381600,"-22.877","-43.3373"
701,701-MADUREIRA X ALVORADA,Fetranspor,8,17381600,"-22.877","-43.3373"
701,701-MADUREIRA X ALVORADA,Fetranspor,9,17381600,"-22.8768","-43.3377"
701,701-MADUREIRA X ALVORADA,Fetranspor,10,17381600,"-22.8766","-43.338"
701,701-MADUREIRA X ALVORADA,Fetranspor,11,17381600,"-22.8766","-43.338"
701,701-MADUREIRA X ALVORADA,Fetranspor,12,17381600,"-22.876","-43.339"
701,701-MADUREIRA X ALVORADA,Fetranspor,13,17381600,"-22.876","-43.339"
701,701-MADUREIRA X ALVORADA,Fetranspor,14,17381600,"-22.8771","-43.3401"
701,701-MADUREIRA X ALVORADA,Fetranspor,15,17381600,"-22.8771","-43.3401"
701,701-MADUREIRA X ALVORADA,Fetranspor,16,17381600,"-22.8776","-43.3406"
701,701-MADUREIRA X ALVORADA,Fetranspor,17,17381600,"-22.8777","-43.3407"
701,701-MADUREIRA X ALVORADA,Fetranspor,18,17381600,"-22.8778","-43.3408"
701,701-MADUREIRA X ALVORADA,Fetranspor,19,17381600,"-22.8781","-43.3409"
701,701-MADUREIRA X ALVORADA,Fetranspor,20,17381600,"-22.8781","-43.3409"
701,701-MADUREIRA X ALVORADA,Fetranspor,21,17381600,"-22.8784","-43.341"
701,701-MADUREIRA X ALVORADA,Fetranspor,22,17381600,"-22.8784","-43.341"
701,701-MADUREIRA X ALVORADA,Fetranspor,23,17381600,"-22.8791","-43.3414"
701,701-MADUREIRA X ALVORADA,Fetranspor,24,17381600,"-22.8791","-43.3414"
701,701-MADUREIRA X ALVORADA,Fetranspor,25,17381600,"-22.8793","-43.3416"
701,701-MADUREIRA X ALVORADA,Fetranspor,26,17381600,"-22.8794","-43.3417"
701,701-MADUREIRA X ALVORADA,Fetranspor,27,17381600,"-22.8795","-43.3418"
701,701-MADUREIRA X ALVORADA,Fetranspor,28,17381600,"-22.8797","-43.3418"
701,701-MADUREIRA X ALVORADA,Fetranspor,29,17381600,"-22.8799","-43.3419"
701,701-MADUREIRA X ALVORADA,Fetranspor,30,17381600,"-22.8799","-43.3419"
701,701-MADUREIRA X ALVORADA,Fetranspor,31,17381600,"-22.88","-43.3419"
701,701-MADUREIRA X ALVORADA,Fetranspor,32,17381600,"-22.8801","-43.3419"
701,701-MADUREIRA X ALVORADA,Fetranspor,33,17381600,"-22.8801","-43.3419"
701,701-MADUREIRA X ALVORADA,Fetranspor,34,17381600,"-22.8806","-43.3419"
701,701-MADUREIRA X ALVORADA,Fetranspor,35,17381600,"-22.8806","-43.3419"
701,701-MADUREIRA X ALVORADA,Fetranspor,36,17381600,"-22.8808","-43.3419"
701,701-MADUREIRA X ALVORADA,Fetranspor,37,17381600,"-22.8825","-43.3422"
701,701-MADUREIRA X ALVORADA,Fetranspor,38,17381600,"-22.8827","-43.3422"
701,701-MADUREIRA X ALVORADA,Fetranspor,39,17381600,"-22.8827","-43.3422"
701,701-MADUREIRA X ALVORADA,Fetranspor,40,17381600,"-22.8829","-43.3423"
701,701-MADUREIRA X ALVORADA,Fetranspor,41,17381600,"-22.8831","-43.3425"
701,701-MADUREIRA X ALVORADA,Fetranspor,42,17381600,"-22.8833","-43.3426"
701,701-MADUREIRA X ALVORADA,Fetranspor,43,17381600,"-22.8834","-43.3426"
701,701-MADUREIRA X ALVORADA,Fetranspor,44,17381600,"-22.8834","-43.3426"
701,701-MADUREIRA X ALVORADA,Fetranspor,45,17381600,"-22.8839","-43.3428"
701,701-MADUREIRA X ALVORADA,Fetranspor,46,17381600,"-22.8849","-43.3431"
701,701-MADUREIRA X ALVORADA,Fetranspor,47,17381600,"-22.8852","-43.3432"
701,701-MADUREIRA X ALVORADA,Fetranspor,48,17381600,"-22.8852","-43.3432"
701,701-MADUREIRA X ALVORADA,Fetranspor,49,17381600,"-22.8852","-43.3432"
701,701-MADUREIRA X ALVORADA,Fetranspor,50,17381600,"-22.8854","-43.3434"
701,701-MADUREIRA X ALVORADA,Fetranspor,51,17381600,"-22.8857","-43.3437"
701,701-MADUREIRA X ALVORADA,Fetranspor,52,17381600,"-22.8857","-43.3437"
701,701-MADUREIRA X ALVORADA,Fetranspor,53,17381600,"-22.8872","-43.345"
701,701-MADUREIRA X ALVORADA,Fetranspor,54,17381600,"-22.8872","-43.345"
701,701-MADUREIRA X ALVORADA,Fetranspor,55,17381600,"-22.8888","-43.3462"
701,701-MADUREIRA X ALVORADA,Fetranspor,56,17381600,"-22.8888","-43.3462"
701,701-MADUREIRA X ALVORADA,Fetranspor,57,17381600,"-22.8895","-43.3466"
701,701-MADUREIRA X ALVORADA,Fetranspor,58,17381600,"-22.8901","-43.347"
701,701-MADUREIRA X ALVORADA,Fetranspor,59,17381600,"-22.8901","-43.347"
701,701-MADUREIRA X ALVORADA,Fetranspor,60,17381600,"-22.891","-43.3476"
701,701-MADUREIRA X ALVORADA,Fetranspor,61,17381600,"-22.8913","-43.3477"
701,701-MADUREIRA X ALVORADA,Fetranspor,62,17381600,"-22.8913","-43.3477"
701,701-MADUREIRA X ALVORADA,Fetranspor,63,17381600,"-22.8922","-43.3483"
701,701-MADUREIRA X ALVORADA,Fetranspor,64,17381600,"-22.8922","-43.3483"
701,701-MADUREIRA X ALVORADA,Fetranspor,65,17381600,"-22.893","-43.3488"
701,701-MADUREIRA X ALVORADA,Fetranspor,66,17381600,"-22.893","-43.3488"
701,701-MADUREIRA X ALVORADA,Fetranspor,67,17381600,"-22.8931","-43.3488"
701,701-MADUREIRA X ALVORADA,Fetranspor,68,17381600,"-22.8933","-43.3489"
701,701-MADUREIRA X ALVORADA,Fetranspor,69,17381600,"-22.8933","-43.3489"
701,701-MADUREIRA X ALVORADA,Fetranspor,70,17381600,"-22.8939","-43.3492"
701,701-MADUREIRA X ALVORADA,Fetranspor,71,17381600,"-22.8939","-43.3492"
701,701-MADUREIRA X ALVORADA,Fetranspor,72,17381600,"-22.8943","-43.3494"
701,701-MADUREIRA X ALVORADA,Fetranspor,73,17381600,"-22.8944","-43.3495"
701,701-MADUREIRA X ALVORADA,Fetranspor,74,17381600,"-22.8944","-43.3495"
701,701-MADUREIRA X ALVORADA,Fetranspor,75,17381600,"-22.8945","-43.3496"
701,701-MADUREIRA X ALVORADA,Fetranspor,76,17381600,"-22.8946","-43.3496"
701,701-MADUREIRA X ALVORADA,Fetranspor,77,17381600,"-22.8949","-43.3499"
701,701-MADUREIRA X ALVORADA,Fetranspor,78,17381600,"-22.895","-43.35"
701,701-MADUREIRA X ALVORADA,Fetranspor,79,17381600,"-22.895","-43.35"
701,701-MADUREIRA X ALVORADA,Fetranspor,80,17381600,"-22.8953","-43.3501"
701,701-MADUREIRA X ALVORADA,Fetranspor,81,17381600,"-22.8954","-43.3502"
701,701-MADUREIRA X ALVORADA,Fetranspor,82,17381600,"-22.8967","-43.3513"
701,701-MADUREIRA X ALVORADA,Fetranspor,83,17381600,"-22.897","-43.3516"
701,701-MADUREIRA X ALVORADA,Fetranspor,84,17381600,"-22.897","-43.3516"
701,701-MADUREIRA X ALVORADA,Fetranspor,85,17381600,"-22.8971","-43.3518"
701,701-MADUREIRA X ALVORADA,Fetranspor,86,17381600,"-22.8974","-43.352"
701,701-MADUREIRA X ALVORADA,Fetranspor,87,17381600,"-22.8981","-43.3526"
701,701-MADUREIRA X ALVORADA,Fetranspor,88,17381600,"-22.8983","-43.3528"
701,701-MADUREIRA X ALVORADA,Fetranspor,89,17381600,"-22.8983","-43.3528"
701,701-MADUREIRA X ALVORADA,Fetranspor,90,17381600,"-22.8992","-43.3534"
701,701-MADUREIRA X ALVORADA,Fetranspor,91,17381600,"-22.8992","-43.3534"
701,701-MADUREIRA X ALVORADA,Fetranspor,92,17381600,"-22.9003","-43.3541"
701,701-MADUREIRA X ALVORADA,Fetranspor,93,17381600,"-22.9003","-43.3541"
701,701-MADUREIRA X ALVORADA,Fetranspor,94,17381600,"-22.9006","-43.3543"
701,701-MADUREIRA X ALVORADA,Fetranspor,95,17381600,"-22.9006","-43.3543"
701,701-MADUREIRA X ALVORADA,Fetranspor,96,17381600,"-22.9009","-43.3546"
701,701-MADUREIRA X ALVORADA,Fetranspor,97,17381600,"-22.9009","-43.3546"
701,701-MADUREIRA X ALVORADA,Fetranspor,98,17381600,"-22.9021","-43.3553"
701,701-MADUREIRA X ALVORADA,Fetranspor,99,17381600,"-22.9021","-43.3553"
701,701-MADUREIRA X ALVORADA,Fetranspor,100,17381600,"-22.9026","-43.3557"
701,701-MADUREIRA X ALVORADA,Fetranspor,101,17381600,"-22.9035","-43.3563"
701,701-MADUREIRA X ALVORADA,Fetranspor,102,17381600,"-22.9036","-43.3565"
701,701-MADUREIRA X ALVORADA,Fetranspor,103,17381600,"-22.9039","-43.3566"
701,701-MADUREIRA X ALVORADA,Fetranspor,104,17381600,"-22.904","-43.3567"
701,701-MADUREIRA X ALVORADA,Fetranspor,105,17381600,"-22.9044","-43.3569"
701,701-MADUREIRA X ALVORADA,Fetranspor,106,17381600,"-22.9044","-43.3569"
701,701-MADUREIRA X ALVORADA,Fetranspor,107,17381600,"-22.9048","-43.3572"
701,701-MADUREIRA X ALVORADA,Fetranspor,108,17381600,"-22.9051","-43.3573"
701,701-MADUREIRA X ALVORADA,Fetranspor,109,17381600,"-22.9062","-43.3576"
701,701-MADUREIRA X ALVORADA,Fetranspor,110,17381600,"-22.9069","-43.3579"
701,701-MADUREIRA X ALVORADA,Fetranspor,111,17381600,"-22.9073","-43.358"
701,701-MADUREIRA X ALVORADA,Fetranspor,112,17381600,"-22.9075","-43.3581"
701,701-MADUREIRA X ALVORADA,Fetranspor,113,17381600,"-22.9076","-43.3581"
701,701-MADUREIRA X ALVORADA,Fetranspor,114,17381600,"-22.9077","-43.3582"
701,701-MADUREIRA X ALVORADA,Fetranspor,115,17381600,"-22.9082","-43.3586"
701,701-MADUREIRA X ALVORADA,Fetranspor,116,17381600,"-22.9085","-43.3588"
701,701-MADUREIRA X ALVORADA,Fetranspor,117,17381600,"-22.9088","-43.3591"
701,701-MADUREIRA X ALVORADA,Fetranspor,118,17381600,"-22.9088","-43.3591"
701,701-MADUREIRA X ALVORADA,Fetranspor,119,17381600,"-22.9089","-43.3592"
701,701-MADUREIRA X ALVORADA,Fetranspor,120,17381600,"-22.9091","-43.3594"
701,701-MADUREIRA X ALVORADA,Fetranspor,121,17381600,"-22.9092","-43.3595"
701,701-MADUREIRA X ALVORADA,Fetranspor,122,17381600,"-22.9093","-43.3596"
701,701-MADUREIRA X ALVORADA,Fetranspor,123,17381600,"-22.9093","-43.3596"
701,701-MADUREIRA X ALVORADA,Fetranspor,124,17381600,"-22.9099","-43.3599"
701,701-MADUREIRA X ALVORADA,Fetranspor,125,17381600,"-22.9104","-43.3602"
701,701-MADUREIRA X ALVORADA,Fetranspor,126,17381600,"-22.9106","-43.3603"
701,701-MADUREIRA X ALVORADA,Fetranspor,127,17381600,"-22.9107","-43.3603"
701,701-MADUREIRA X ALVORADA,Fetranspor,128,17381600,"-22.911","-43.3603"
701,701-MADUREIRA X ALVORADA,Fetranspor,129,17381600,"-22.9118","-43.3604"
701,701-MADUREIRA X ALVORADA,Fetranspor,130,17381600,"-22.9121","-43.3605"
701,701-MADUREIRA X ALVORADA,Fetranspor,131,17381600,"-22.9125","-43.3605"
701,701-MADUREIRA X ALVORADA,Fetranspor,132,17381600,"-22.9125","-43.3605"
701,701-MADUREIRA X ALVORADA,Fetranspor,133,17381600,"-22.9123","-43.3617"
701,701-MADUREIRA X ALVORADA,Fetranspor,134,17381600,"-22.9123","-43.3618"
701,701-MADUREIRA X ALVORADA,Fetranspor,135,17381600,"-22.9124","-43.3619"
701,701-MADUREIRA X ALVORADA,Fetranspor,136,17381600,"-22.9124","-43.362"
701,701-MADUREIRA X ALVORADA,Fetranspor,137,17381600,"-22.9124","-43.362"
701,701-MADUREIRA X ALVORADA,Fetranspor,138,17381600,"-22.9125","-43.3621"
701,701-MADUREIRA X ALVORADA,Fetranspor,139,17381600,"-22.9125","-43.3622"
701,701-MADUREIRA X ALVORADA,Fetranspor,140,17381600,"-22.9131","-43.3627"
701,701-MADUREIRA X ALVORADA,Fetranspor,141,17381600,"-22.9134","-43.3629"
701,701-MADUREIRA X ALVORADA,Fetranspor,142,17381600,"-22.9135","-43.363"
701,701-MADUREIRA X ALVORADA,Fetranspor,143,17381600,"-22.9136","-43.3631"
701,701-MADUREIRA X ALVORADA,Fetranspor,144,17381600,"-22.9136","-43.3632"
701,701-MADUREIRA X ALVORADA,Fetranspor,145,17381600,"-22.9137","-43.3633"
701,701-MADUREIRA X ALVORADA,Fetranspor,146,17381600,"-22.9137","-43.3635"
701,701-MADUREIRA X ALVORADA,Fetranspor,147,17381600,"-22.9138","-43.364"
701,701-MADUREIRA X ALVORADA,Fetranspor,148,17381600,"-22.9138","-43.3641"
701,701-MADUREIRA X ALVORADA,Fetranspor,149,17381600,"-22.9138","-43.3642"
701,701-MADUREIRA X ALVORADA,Fetranspor,150,17381600,"-22.9139","-43.3643"
701,701-MADUREIRA X ALVORADA,Fetranspor,151,17381600,"-22.914","-43.3643"
701,701-MADUREIRA X ALVORADA,Fetranspor,152,17381600,"-22.9142","-43.3646"
701,701-MADUREIRA X ALVORADA,Fetranspor,153,17381600,"-22.9143","-43.3647"
701,701-MADUREIRA X ALVORADA,Fetranspor,154,17381600,"-22.9143","-43.3647"
701,701-MADUREIRA X ALVORADA,Fetranspor,155,17381600,"-22.9143","-43.3647"
701,701-MADUREIRA X ALVORADA,Fetranspor,156,17381600,"-22.9143","-43.3647"
701,701-MADUREIRA X ALVORADA,Fetranspor,157,17381600,"-22.9143","-43.3647"
701,701-MADUREIRA X ALVORADA,Fetranspor,158,17381600,"-22.9144","-43.3648"
701,701-MADUREIRA X ALVORADA,Fetranspor,159,17381600,"-22.9144","-43.3649"
701,701-MADUREIRA X ALVORADA,Fetranspor,160,17381600,"-22.9149","-43.3661"
701,701-MADUREIRA X ALVORADA,Fetranspor,161,17381600,"-22.9149","-43.3661"
701,701-MADUREIRA X ALVORADA,Fetranspor,162,17381600,"-22.915","-43.3663"
701,701-MADUREIRA X ALVORADA,Fetranspor,163,17381600,"-22.9151","-43.3664"
701,701-MADUREIRA X ALVORADA,Fetranspor,164,17381600,"-22.9151","-43.3665"
701,701-MADUREIRA X ALVORADA,Fetranspor,165,17381600,"-22.9153","-43.3666"
701,701-MADUREIRA X ALVORADA,Fetranspor,166,17381600,"-22.9155","-43.3667"
701,701-MADUREIRA X ALVORADA,Fetranspor,167,17381600,"-22.9157","-43.3668"
701,701-MADUREIRA X ALVORADA,Fetranspor,168,17381600,"-22.9159","-43.3668"
701,701-MADUREIRA X ALVORADA,Fetranspor,169,17381600,"-22.916","-43.3668"
701,701-MADUREIRA X ALVORADA,Fetranspor,170,17381600,"-22.916","-43.3668"
701,701-MADUREIRA X ALVORADA,Fetranspor,171,17381600,"-22.9161","-43.3669"
701,701-MADUREIRA X ALVORADA,Fetranspor,172,17381600,"-22.9161","-43.3669"
701,701-MADUREIRA X ALVORADA,Fetranspor,173,17381600,"-22.9163","-43.3669"
701,701-MADUREIRA X ALVORADA,Fetranspor,174,17381600,"-22.9163","-43.367"
701,701-MADUREIRA X ALVORADA,Fetranspor,175,17381600,"-22.9171","-43.3675"
701,701-MADUREIRA X ALVORADA,Fetranspor,176,17381600,"-22.9171","-43.3675"
701,701-MADUREIRA X ALVORADA,Fetranspor,177,17381600,"-22.9173","-43.3676"
701,701-MADUREIRA X ALVORADA,Fetranspor,178,17381600,"-22.9177","-43.3679"
701,701-MADUREIRA X ALVORADA,Fetranspor,179,17381600,"-22.9178","-43.368"
701,701-MADUREIRA X ALVORADA,Fetranspor,180,17381600,"-22.9178","-43.368"
701,701-MADUREIRA X ALVORADA,Fetranspor,181,17381600,"-22.9179","-43.3681"
701,701-MADUREIRA X ALVORADA,Fetranspor,182,17381600,"-22.9183","-43.3682"
701,701-MADUREIRA X ALVORADA,Fetranspor,183,17381600,"-22.9183","-43.3682"
701,701-MADUREIRA X ALVORADA,Fetranspor,184,17381600,"-22.9185","-43.3682"
701,701-MADUREIRA X ALVORADA,Fetranspor,185,17381600,"-22.9187","-43.3683"
701,701-MADUREIRA X ALVORADA,Fetranspor,186,17381600,"-22.9187","-43.3683"
701,701-MADUREIRA X ALVORADA,Fetranspor,187,17381600,"-22.9189","-43.3684"
701,701-MADUREIRA X ALVORADA,Fetranspor,188,17381600,"-22.9193","-43.3686"
701,701-MADUREIRA X ALVORADA,Fetranspor,189,17381600,"-22.9199","-43.3688"
701,701-MADUREIRA X ALVORADA,Fetranspor,190,17381600,"-22.9199","-43.3688"
701,701-MADUREIRA X ALVORADA,Fetranspor,191,17381600,"-22.92","-43.3689"
701,701-MADUREIRA X ALVORADA,Fetranspor,192,17381600,"-22.9205","-43.369"
701,701-MADUREIRA X ALVORADA,Fetranspor,193,17381600,"-22.9205","-43.369"
701,701-MADUREIRA X ALVORADA,Fetranspor,194,17381600,"-22.9213","-43.3704"
701,701-MADUREIRA X ALVORADA,Fetranspor,195,17381600,"-22.9213","-43.3704"
701,701-MADUREIRA X ALVORADA,Fetranspor,196,17381600,"-22.9218","-43.3712"
701,701-MADUREIRA X ALVORADA,Fetranspor,197,17381600,"-22.9218","-43.3712"
701,701-MADUREIRA X ALVORADA,Fetranspor,198,17381600,"-22.922","-43.3715"
701,701-MADUREIRA X ALVORADA,Fetranspor,199,17381600,"-22.9223","-43.3721"
701,701-MADUREIRA X ALVORADA,Fetranspor,200,17381600,"-22.9223","-43.3721"
701,701-MADUREIRA X ALVORADA,Fetranspor,201,17381600,"-22.9227","-43.3728"
701,701-MADUREIRA X ALVORADA,Fetranspor,202,17381600,"-22.9228","-43.373"
701,701-MADUREIRA X ALVORADA,Fetranspor,203,17381600,"-22.9228","-43.373"
701,701-MADUREIRA X ALVORADA,Fetranspor,204,17381600,"-22.9229","-43.3732"
701,701-MADUREIRA X ALVORADA,Fetranspor,205,17381600,"-22.9229","-43.3732"
701,701-MADUREIRA X ALVORADA,Fetranspor,206,17381600,"-22.923","-43.3734"
701,701-MADUREIRA X ALVORADA,Fetranspor,207,17381600,"-22.923","-43.3734"
701,701-MADUREIRA X ALVORADA,Fetranspor,208,17381600,"-22.9231","-43.3738"
701,701-MADUREIRA X ALVORADA,Fetranspor,209,17381600,"-22.9232","-43.3738"
701,701-MADUREIRA X ALVORADA,Fetranspor,210,17381600,"-22.9232","-43.3739"
701,701-MADUREIRA X ALVORADA,Fetranspor,211,17381600,"-22.9232","-43.3739"
701,701-MADUREIRA X ALVORADA,Fetranspor,212,17381600,"-22.9235","-43.3739"
701,701-MADUREIRA X ALVORADA,Fetranspor,213,17381600,"-22.9242","-43.3738"
701,701-MADUREIRA X ALVORADA,Fetranspor,214,17381600,"-22.9243","-43.3738"
701,701-MADUREIRA X ALVORADA,Fetranspor,215,17381600,"-22.9243","-43.3738"
701,701-MADUREIRA X ALVORADA,Fetranspor,216,17381600,"-22.9244","-43.3738"
701,701-MADUREIRA X ALVORADA,Fetranspor,217,17381600,"-22.9244","-43.3738"
701,701-MADUREIRA X ALVORADA,Fetranspor,218,17381600,"-22.9249","-43.3738"
701,701-MADUREIRA X ALVORADA,Fetranspor,219,17381600,"-22.925","-43.3738"
701,701-MADUREIRA X ALVORADA,Fetranspor,220,17381600,"-22.925","-43.3738"
701,701-MADUREIRA X ALVORADA,Fetranspor,221,17381600,"-22.9251","-43.3738"
701,701-MADUREIRA X ALVORADA,Fetranspor,222,17381600,"-22.9251","-43.3738"
701,701-MADUREIRA X ALVORADA,Fetranspor,223,17381600,"-22.9264","-43.3736"
701,701-MADUREIRA X ALVORADA,Fetranspor,224,17381600,"-22.9264","-43.3736"
701,701-MADUREIRA X ALVORADA,Fetranspor,225,17381600,"-22.9271","-43.3736"
701,701-MADUREIRA X ALVORADA,Fetranspor,226,17381600,"-22.9271","-43.3736"
701,701-MADUREIRA X ALVORADA,Fetranspor,227,17381600,"-22.9272","-43.3736"
701,701-MADUREIRA X ALVORADA,Fetranspor,228,17381600,"-22.928","-43.3735"
701,701-MADUREIRA X ALVORADA,Fetranspor,229,17381600,"-22.928","-43.3735"
701,701-MADUREIRA X ALVORADA,Fetranspor,230,17381600,"-22.9287","-43.3735"
701,701-MADUREIRA X ALVORADA,Fetranspor,231,17381600,"-22.9287","-43.3735"
701,701-MADUREIRA X ALVORADA,Fetranspor,232,17381600,"-22.929","-43.3734"
701,701-MADUREIRA X ALVORADA,Fetranspor,233,17381600,"-22.929","-43.3734"
701,701-MADUREIRA X ALVORADA,Fetranspor,234,17381600,"-22.9316","-43.3732"
701,701-MADUREIRA X ALVORADA,Fetranspor,235,17381600,"-22.9316","-43.3732"
701,701-MADUREIRA X ALVORADA,Fetranspor,236,17381600,"-22.9317","-43.3732"
701,701-MADUREIRA X ALVORADA,Fetranspor,237,17381600,"-22.932","-43.3731"
701,701-MADUREIRA X ALVORADA,Fetranspor,238,17381600,"-22.932","-43.3731"
701,701-MADUREIRA X ALVORADA,Fetranspor,239,17381600,"-22.9323","-43.3731"
701,701-MADUREIRA X ALVORADA,Fetranspor,240,17381600,"-22.9326","-43.3731"
701,701-MADUREIRA X ALVORADA,Fetranspor,241,17381600,"-22.9328","-43.3731"
701,701-MADUREIRA X ALVORADA,Fetranspor,242,17381600,"-22.933","-43.373"
701,701-MADUREIRA X ALVORADA,Fetranspor,243,17381600,"-22.9333","-43.3729"
701,701-MADUREIRA X ALVORADA,Fetranspor,244,17381600,"-22.934","-43.3726"
701,701-MADUREIRA X ALVORADA,Fetranspor,245,17381600,"-22.9342","-43.3725"
701,701-MADUREIRA X ALVORADA,Fetranspor,246,17381600,"-22.9344","-43.3724"
701,701-MADUREIRA X ALVORADA,Fetranspor,247,17381600,"-22.9344","-43.3724"
701,701-MADUREIRA X ALVORADA,Fetranspor,248,17381600,"-22.9344","-43.3724"
701,701-MADUREIRA X ALVORADA,Fetranspor,249,17381600,"-22.9344","-43.3724"
701,701-MADUREIRA X ALVORADA,Fetranspor,250,17381600,"-22.9353","-43.372"
701,701-MADUREIRA X ALVORADA,Fetranspor,251,17381600,"-22.9353","-43.372"
701,701-MADUREIRA X ALVORADA,Fetranspor,252,17381600,"-22.9356","-43.3718"
701,701-MADUREIRA X ALVORADA,Fetranspor,253,17381600,"-22.9358","-43.3717"
701,701-MADUREIRA X ALVORADA,Fetranspor,254,17381600,"-22.9359","-43.3716"
701,701-MADUREIRA X ALVORADA,Fetranspor,255,17381600,"-22.9361","-43.3714"
701,701-MADUREIRA X ALVORADA,Fetranspor,256,17381600,"-22.9361","-43.3714"
701,701-MADUREIRA X ALVORADA,Fetranspor,257,17381600,"-22.9364","-43.3712"
701,701-MADUREIRA X ALVORADA,Fetranspor,258,17381600,"-22.9364","-43.3712"
701,701-MADUREIRA X ALVORADA,Fetranspor,259,17381600,"-22.9366","-43.3709"
701,701-MADUREIRA X ALVORADA,Fetranspor,260,17381600,"-22.937","-43.3705"
701,701-MADUREIRA X ALVORADA,Fetranspor,261,17381600,"-22.9382","-43.3695"
701,701-MADUREIRA X ALVORADA,Fetranspor,262,17381600,"-22.9383","-43.3694"
701,701-MADUREIRA X ALVORADA,Fetranspor,263,17381600,"-22.9383","-43.3693"
701,701-MADUREIRA X ALVORADA,Fetranspor,264,17381600,"-22.9383","-43.3693"
701,701-MADUREIRA X ALVORADA,Fetranspor,265,17381600,"-22.9384","-43.3692"
701,701-MADUREIRA X ALVORADA,Fetranspor,266,17381600,"-22.9384","-43.3691"
701,701-MADUREIRA X ALVORADA,Fetranspor,267,17381600,"-22.9386","-43.3687"
701,701-MADUREIRA X ALVORADA,Fetranspor,268,17381600,"-22.9386","-43.3685"
701,701-MADUREIRA X ALVORADA,Fetranspor,269,17381600,"-22.9387","-43.3685"
701,701-MADUREIRA X ALVORADA,Fetranspor,270,17381600,"-22.9387","-43.3684"
701,701-MADUREIRA X ALVORADA,Fetranspor,271,17381600,"-22.9388","-43.3683"
701,701-MADUREIRA X ALVORADA,Fetranspor,272,17381600,"-22.9389","-43.3683"
701,701-MADUREIRA X ALVORADA,Fetranspor,273,17381600,"-22.9389","-43.3682"
701,701-MADUREIRA X ALVORADA,Fetranspor,274,17381600,"-22.9391","-43.3682"
701,701-MADUREIRA X ALVORADA,Fetranspor,275,17381600,"-22.9391","-43.3682"
701,701-MADUREIRA X ALVORADA,Fetranspor,276,17381600,"-22.9392","-43.3682"
701,701-MADUREIRA X ALVORADA,Fetranspor,277,17381600,"-22.9393","-43.3682"
701,701-MADUREIRA X ALVORADA,Fetranspor,278,17381600,"-22.9398","-43.3684"
701,701-MADUREIRA X ALVORADA,Fetranspor,279,17381600,"-22.9398","-43.3685"
701,701-MADUREIRA X ALVORADA,Fetranspor,280,17381600,"-22.9399","-43.3685"
701,701-MADUREIRA X ALVORADA,Fetranspor,281,17381600,"-22.9399","-43.3685"
701,701-MADUREIRA X ALVORADA,Fetranspor,282,17381600,"-22.94","-43.3685"
701,701-MADUREIRA X ALVORADA,Fetranspor,283,17381600,"-22.94","-43.3684"
701,701-MADUREIRA X ALVORADA,Fetranspor,284,17381600,"-22.9402","-43.3684"
701,701-MADUREIRA X ALVORADA,Fetranspor,285,17381600,"-22.9402","-43.3683"
701,701-MADUREIRA X ALVORADA,Fetranspor,286,17381600,"-22.9403","-43.3682"
701,701-MADUREIRA X ALVORADA,Fetranspor,287,17381600,"-22.9403","-43.3682"
701,701-MADUREIRA X ALVORADA,Fetranspor,288,17381600,"-22.9408","-43.3675"
701,701-MADUREIRA X ALVORADA,Fetranspor,289,17381600,"-22.9408","-43.3675"
701,701-MADUREIRA X ALVORADA,Fetranspor,290,17381600,"-22.9411","-43.3671"
701,701-MADUREIRA X ALVORADA,Fetranspor,291,17381600,"-22.9411","-43.3671"
701,701-MADUREIRA X ALVORADA,Fetranspor,292,17381600,"-22.9412","-43.367"
701,701-MADUREIRA X ALVORADA,Fetranspor,293,17381600,"-22.9414","-43.3667"
701,701-MADUREIRA X ALVORADA,Fetranspor,294,17381600,"-22.9415","-43.3666"
701,701-MADUREIRA X ALVORADA,Fetranspor,295,17381600,"-22.9415","-43.3666"
701,701-MADUREIRA X ALVORADA,Fetranspor,296,17381600,"-22.9416","-43.3665"
701,701-MADUREIRA X ALVORADA,Fetranspor,297,17381600,"-22.9418","-43.3664"
701,701-MADUREIRA X ALVORADA,Fetranspor,298,17381600,"-22.942","-43.3663"
701,701-MADUREIRA X ALVORADA,Fetranspor,299,17381600,"-22.9423","-43.3662"
701,701-MADUREIRA X ALVORADA,Fetranspor,300,17381600,"-22.9425","-43.3662"
701,701-MADUREIRA X ALVORADA,Fetranspor,301,17381600,"-22.9437","-43.3659"
701,701-MADUREIRA X ALVORADA,Fetranspor,302,17381600,"-22.9439","-43.3658"
701,701-MADUREIRA X ALVORADA,Fetranspor,303,17381600,"-22.9439","-43.3658"
701,701-MADUREIRA X ALVORADA,Fetranspor,304,17381600,"-22.9441","-43.3657"
701,701-MADUREIRA X ALVORADA,Fetranspor,305,17381600,"-22.9442","-43.3656"
701,701-MADUREIRA X ALVORADA,Fetranspor,306,17381600,"-22.9443","-43.3656"
701,701-MADUREIRA X ALVORADA,Fetranspor,307,17381600,"-22.9444","-43.3654"
701,701-MADUREIRA X ALVORADA,Fetranspor,308,17381600,"-22.9446","-43.3653"
701,701-MADUREIRA X ALVORADA,Fetranspor,309,17381600,"-22.9446","-43.3653"
701,701-MADUREIRA X ALVORADA,Fetranspor,310,17381600,"-22.9447","-43.3651"
701,701-MADUREIRA X ALVORADA,Fetranspor,311,17381600,"-22.9448","-43.3649"
701,701-MADUREIRA X ALVORADA,Fetranspor,312,17381600,"-22.9448","-43.3649"
701,701-MADUREIRA X ALVORADA,Fetranspor,313,17381600,"-22.9449","-43.3646"
701,701-MADUREIRA X ALVORADA,Fetranspor,314,17381600,"-22.9451","-43.3642"
701,701-MADUREIRA X ALVORADA,Fetranspor,315,17381600,"-22.9451","-43.3642"
701,701-MADUREIRA X ALVORADA,Fetranspor,316,17381600,"-22.9452","-43.364"
701,701-MADUREIRA X ALVORADA,Fetranspor,317,17381600,"-22.9452","-43.3639"
701,701-MADUREIRA X ALVORADA,Fetranspor,318,17381600,"-22.9452","-43.3639"
701,701-MADUREIRA X ALVORADA,Fetranspor,319,17381600,"-22.9454","-43.3636"
701,701-MADUREIRA X ALVORADA,Fetranspor,320,17381600,"-22.9454","-43.3636"
701,701-MADUREIRA X ALVORADA,Fetranspor,321,17381600,"-22.9458","-43.3629"
701,701-MADUREIRA X ALVORADA,Fetranspor,322,17381600,"-22.9458","-43.3629"
701,701-MADUREIRA X ALVORADA,Fetranspor,323,17381600,"-22.9462","-43.3623"
701,701-MADUREIRA X ALVORADA,Fetranspor,324,17381600,"-22.9462","-43.3623"
701,701-MADUREIRA X ALVORADA,Fetranspor,325,17381600,"-22.9464","-43.362"
701,701-MADUREIRA X ALVORADA,Fetranspor,326,17381600,"-22.9464","-43.362"
701,701-MADUREIRA X ALVORADA,Fetranspor,327,17381600,"-22.9464","-43.3618"
701,701-MADUREIRA X ALVORADA,Fetranspor,328,17381600,"-22.9464","-43.3618"
701,701-MADUREIRA X ALVORADA,Fetranspor,329,17381600,"-22.9466","-43.3615"
701,701-MADUREIRA X ALVORADA,Fetranspor,330,17381600,"-22.9466","-43.3615"
701,701-MADUREIRA X ALVORADA,Fetranspor,331,17381600,"-22.9468","-43.3612"
701,701-MADUREIRA X ALVORADA,Fetranspor,332,17381600,"-22.9472","-43.3607"
701,701-MADUREIRA X ALVORADA,Fetranspor,333,17381600,"-22.9472","-43.3607"
701,701-MADUREIRA X ALVORADA,Fetranspor,334,17381600,"-22.9474","-43.3605"
701,701-MADUREIRA X ALVORADA,Fetranspor,335,17381600,"-22.9474","-43.3605"
701,701-MADUREIRA X ALVORADA,Fetranspor,336,17381600,"-22.9476","-43.3603"
701,701-MADUREIRA X ALVORADA,Fetranspor,337,17381600,"-22.9476","-43.3603"
701,701-MADUREIRA X ALVORADA,Fetranspor,338,17381600,"-22.9478","-43.3602"
701,701-MADUREIRA X ALVORADA,Fetranspor,339,17381600,"-22.9482","-43.36"
701,701-MADUREIRA X ALVORADA,Fetranspor,340,17381600,"-22.9482","-43.36"
701,701-MADUREIRA X ALVORADA,Fetranspor,341,17381600,"-22.9484","-43.3599"
701,701-MADUREIRA X ALVORADA,Fetranspor,342,17381600,"-22.9484","-43.3599"
701,701-MADUREIRA X ALVORADA,Fetranspor,343,17381600,"-22.9485","-43.3599"
701,701-MADUREIRA X ALVORADA,Fetranspor,344,17381600,"-22.9485","-43.3599"
701,701-MADUREIRA X ALVORADA,Fetranspor,345,17381600,"-22.9488","-43.3598"
701,701-MADUREIRA X ALVORADA,Fetranspor,346,17381600,"-22.9488","-43.3598"
701,701-MADUREIRA X ALVORADA,Fetranspor,347,17381600,"-22.9491","-43.3596"
701,701-MADUREIRA X ALVORADA,Fetranspor,348,17381600,"-22.9491","-43.3596"
701,701-MADUREIRA X ALVORADA,Fetranspor,349,17381600,"-22.9494","-43.3595"
701,701-MADUREIRA X ALVORADA,Fetranspor,350,17381600,"-22.9494","-43.3595"
701,701-MADUREIRA X ALVORADA,Fetranspor,351,17381600,"-22.9498","-43.3594"
701,701-MADUREIRA X ALVORADA,Fetranspor,352,17381600,"-22.9498","-43.3594"
701,701-MADUREIRA X ALVORADA,Fetranspor,353,17381600,"-22.9504","-43.3591"
701,701-MADUREIRA X ALVORADA,Fetranspor,354,17381600,"-22.9504","-43.3591"
701,701-MADUREIRA X ALVORADA,Fetranspor,355,17381600,"-22.9506","-43.359"
701,701-MADUREIRA X ALVORADA,Fetranspor,356,17381600,"-22.9507","-43.3589"
701,701-MADUREIRA X ALVORADA,Fetranspor,357,17381600,"-22.9507","-43.3589"
701,701-MADUREIRA X ALVORADA,Fetranspor,358,17381600,"-22.9508","-43.3589"
701,701-MADUREIRA X ALVORADA,Fetranspor,359,17381600,"-22.9508","-43.3589"
701,701-MADUREIRA X ALVORADA,Fetranspor,360,17381600,"-22.951","-43.3588"
701,701-MADUREIRA X ALVORADA,Fetranspor,361,17381600,"-22.951","-43.3588"
701,701-MADUREIRA X ALVORADA,Fetranspor,362,17381600,"-22.9512","-43.3587"
701,701-MADUREIRA X ALVORADA,Fetranspor,363,17381600,"-22.9516","-43.3584"
701,701-MADUREIRA X ALVORADA,Fetranspor,364,17381600,"-22.9516","-43.3584"
701,701-MADUREIRA X ALVORADA,Fetranspor,365,17381600,"-22.9519","-43.3582"
701,701-MADUREIRA X ALVORADA,Fetranspor,366,17381600,"-22.9519","-43.3582"
701,701-MADUREIRA X ALVORADA,Fetranspor,367,17381600,"-22.9522","-43.358"
701,701-MADUREIRA X ALVORADA,Fetranspor,368,17381600,"-22.9522","-43.358"
701,701-MADUREIRA X ALVORADA,Fetranspor,369,17381600,"-22.9528","-43.3576"
701,701-MADUREIRA X ALVORADA,Fetranspor,370,17381600,"-22.9528","-43.3576"
701,701-MADUREIRA X ALVORADA,Fetranspor,371,17381600,"-22.953","-43.3576"
701,701-MADUREIRA X ALVORADA,Fetranspor,372,17381600,"-22.9531","-43.3575"
701,701-MADUREIRA X ALVORADA,Fetranspor,373,17381600,"-22.9531","-43.3575"
701,701-MADUREIRA X ALVORADA,Fetranspor,374,17381600,"-22.9534","-43.3574"
701,701-MADUREIRA X ALVORADA,Fetranspor,375,17381600,"-22.9536","-43.3574"
701,701-MADUREIRA X ALVORADA,Fetranspor,376,17381600,"-22.9538","-43.3573"
701,701-MADUREIRA X ALVORADA,Fetranspor,377,17381600,"-22.9538","-43.3573"
701,701-MADUREIRA X ALVORADA,Fetranspor,378,17381600,"-22.9542","-43.3573"
701,701-MADUREIRA X ALVORADA,Fetranspor,379,17381600,"-22.9542","-43.3574"
701,701-MADUREIRA X ALVORADA,Fetranspor,380,17381600,"-22.9543","-43.3574"
701,701-MADUREIRA X ALVORADA,Fetranspor,381,17381600,"-22.9544","-43.3574"
701,701-MADUREIRA X ALVORADA,Fetranspor,382,17381600,"-22.9545","-43.3576"
701,701-MADUREIRA X ALVORADA,Fetranspor,383,17381600,"-22.9545","-43.3577"
701,701-MADUREIRA X ALVORADA,Fetranspor,384,17381600,"-22.9546","-43.3578"
701,701-MADUREIRA X ALVORADA,Fetranspor,385,17381600,"-22.9546","-43.358"
701,701-MADUREIRA X ALVORADA,Fetranspor,386,17381600,"-22.9546","-43.3581"
701,701-MADUREIRA X ALVORADA,Fetranspor,387,17381600,"-22.9547","-43.3582"
701,701-MADUREIRA X ALVORADA,Fetranspor,388,17381600,"-22.9547","-43.3582"
701,701-MADUREIRA X ALVORADA,Fetranspor,389,17381600,"-22.9548","-43.3583"
701,701-MADUREIRA X ALVORADA,Fetranspor,390,17381600,"-22.9549","-43.3583"
701,701-MADUREIRA X ALVORADA,Fetranspor,391,17381600,"-22.9551","-43.3583"
701,701-MADUREIRA X ALVORADA,Fetranspor,392,17381600,"-22.9555","-43.3584"
701,701-MADUREIRA X ALVORADA,Fetranspor,393,17381600,"-22.9558","-43.3584"
701,701-MADUREIRA X ALVORADA,Fetranspor,394,17381600,"-22.9559","-43.3584"
701,701-MADUREIRA X ALVORADA,Fetranspor,395,17381600,"-22.956","-43.3584"
701,701-MADUREIRA X ALVORADA,Fetranspor,396,17381600,"-22.956","-43.3584"
701,701-MADUREIRA X ALVORADA,Fetranspor,397,17381600,"-22.9562","-43.3583"
701,701-MADUREIRA X ALVORADA,Fetranspor,398,17381600,"-22.9563","-43.3583"
701,701-MADUREIRA X ALVORADA,Fetranspor,399,17381600,"-22.9563","-43.3583"
701,701-MADUREIRA X ALVORADA,Fetranspor,400,17381600,"-22.9564","-43.3582"
701,701-MADUREIRA X ALVORADA,Fetranspor,401,17381600,"-22.9564","-43.3581"
701,701-MADUREIRA X ALVORADA,Fetranspor,402,17381600,"-22.9574","-43.3571"
701,701-MADUREIRA X ALVORADA,Fetranspor,403,17381600,"-22.9574","-43.357"
701,701-MADUREIRA X ALVORADA,Fetranspor,404,17381600,"-22.9575","-43.357"
701,701-MADUREIRA X ALVORADA,Fetranspor,405,17381600,"-22.9576","-43.357"
701,701-MADUREIRA X ALVORADA,Fetranspor,406,17381600,"-22.9577","-43.357"
701,701-MADUREIRA X ALVORADA,Fetranspor,407,17381600,"-22.9586","-43.3574"
701,701-MADUREIRA X ALVORADA,Fetranspor,408,17381600,"-22.9588","-43.3575"
701,701-MADUREIRA X ALVORADA,Fetranspor,409,17381600,"-22.9589","-43.3575"
701,701-MADUREIRA X ALVORADA,Fetranspor,410,17381600,"-22.9591","-43.3575"
701,701-MADUREIRA X ALVORADA,Fetranspor,411,17381600,"-22.9592","-43.3575"
701,701-MADUREIRA X ALVORADA,Fetranspor,412,17381600,"-22.9592","-43.3575"
701,701-MADUREIRA X ALVORADA,Fetranspor,413,17381600,"-22.9595","-43.3576"
701,701-MADUREIRA X ALVORADA,Fetranspor,414,17381600,"-22.9597","-43.3576"
701,701-MADUREIRA X ALVORADA,Fetranspor,415,17381600,"-22.96","-43.3576"
701,701-MADUREIRA X ALVORADA,Fetranspor,416,17381600,"-22.9607","-43.3575"
701,701-MADUREIRA X ALVORADA,Fetranspor,417,17381600,"-22.9617","-43.3573"
701,701-MADUREIRA X ALVORADA,Fetranspor,418,17381600,"-22.9621","-43.3573"
701,701-MADUREIRA X ALVORADA,Fetranspor,419,17381600,"-22.9624","-43.3573"
701,701-MADUREIRA X ALVORADA,Fetranspor,420,17381600,"-22.9633","-43.3572"
701,701-MADUREIRA X ALVORADA,Fetranspor,421,17381600,"-22.9647","-43.3572"
701,701-MADUREIRA X ALVORADA,Fetranspor,422,17381600,"-22.9651","-43.3572"
701,701-MADUREIRA X ALVORADA,Fetranspor,423,17381600,"-22.9662","-43.3573"
701,701-MADUREIRA X ALVORADA,Fetranspor,424,17381600,"-22.9662","-43.3573"
701,701-MADUREIRA X ALVORADA,Fetranspor,425,17381600,"-22.9665","-43.3573"
701,701-MADUREIRA X ALVORADA,Fetranspor,426,17381600,"-22.9667","-43.3574"
701,701-MADUREIRA X ALVORADA,Fetranspor,427,17381600,"-22.967","-43.3575"
701,701-MADUREIRA X ALVORADA,Fetranspor,428,17381600,"-22.9672","-43.3576"
701,701-MADUREIRA X ALVORADA,Fetranspor,429,17381600,"-22.9674","-43.3577"
701,701-MADUREIRA X ALVORADA,Fetranspor,430,17381600,"-22.9676","-43.3578"
701,701-MADUREIRA X ALVORADA,Fetranspor,431,17381600,"-22.9679","-43.3581"
701,701-MADUREIRA X ALVORADA,Fetranspor,432,17381600,"-22.9679","-43.3581"
701,701-MADUREIRA X ALVORADA,Fetranspor,433,17381600,"-22.9682","-43.3584"
701,701-MADUREIRA X ALVORADA,Fetranspor,434,17381600,"-22.9682","-43.3584"
701,701-MADUREIRA X ALVORADA,Fetranspor,435,17381600,"-22.9685","-43.3586"
701,701-MADUREIRA X ALVORADA,Fetranspor,436,17381600,"-22.9686","-43.3588"
701,701-MADUREIRA X ALVORADA,Fetranspor,437,17381600,"-22.9689","-43.3592"
701,701-MADUREIRA X ALVORADA,Fetranspor,438,17381600,"-22.9692","-43.3597"
701,701-MADUREIRA X ALVORADA,Fetranspor,439,17381600,"-22.9694","-43.36"
701,701-MADUREIRA X ALVORADA,Fetranspor,440,17381600,"-22.9696","-43.3602"
701,701-MADUREIRA X ALVORADA,Fetranspor,441,17381600,"-22.9699","-43.3606"
701,701-MADUREIRA X ALVORADA,Fetranspor,442,17381600,"-22.9713","-43.3617"
701,701-MADUREIRA X ALVORADA,Fetranspor,443,17381600,"-22.9719","-43.3623"
701,701-MADUREIRA X ALVORADA,Fetranspor,444,17381600,"-22.9719","-43.3623"
701,701-MADUREIRA X ALVORADA,Fetranspor,445,17381600,"-22.9721","-43.3625"
701,701-MADUREIRA X ALVORADA,Fetranspor,446,17381600,"-22.9727","-43.363"
701,701-MADUREIRA X ALVORADA,Fetranspor,447,17381600,"-22.9734","-43.3636"
701,701-MADUREIRA X ALVORADA,Fetranspor,448,17381600,"-22.9734","-43.3636"
701,701-MADUREIRA X ALVORADA,Fetranspor,449,17381600,"-22.9737","-43.3638"
701,701-MADUREIRA X ALVORADA,Fetranspor,450,17381600,"-22.9737","-43.3638"
701,701-MADUREIRA X ALVORADA,Fetranspor,451,17381600,"-22.9741","-43.3641"
701,701-MADUREIRA X ALVORADA,Fetranspor,452,17381600,"-22.9741","-43.3641"
701,701-MADUREIRA X ALVORADA,Fetranspor,453,17381600,"-22.9743","-43.3642"
701,701-MADUREIRA X ALVORADA,Fetranspor,454,17381600,"-22.9743","-43.3642"
701,701-MADUREIRA X ALVORADA,Fetranspor,455,17381600,"-22.9746","-43.3644"
701,701-MADUREIRA X ALVORADA,Fetranspor,456,17381600,"-22.9754","-43.365"
701,701-MADUREIRA X ALVORADA,Fetranspor,457,17381600,"-22.9754","-43.365"
701,701-MADUREIRA X ALVORADA,Fetranspor,458,17381600,"-22.9758","-43.3652"
701,701-MADUREIRA X ALVORADA,Fetranspor,459,17381600,"-22.9758","-43.3652"
701,701-MADUREIRA X ALVORADA,Fetranspor,460,17381600,"-22.9763","-43.3655"
701,701-MADUREIRA X ALVORADA,Fetranspor,461,17381600,"-22.9763","-43.3655"
701,701-MADUREIRA X ALVORADA,Fetranspor,462,17381600,"-22.9764","-43.3656"
701,701-MADUREIRA X ALVORADA,Fetranspor,463,17381600,"-22.9766","-43.3657"
701,701-MADUREIRA X ALVORADA,Fetranspor,464,17381600,"-22.9767","-43.3657"
701,701-MADUREIRA X ALVORADA,Fetranspor,465,17381600,"-22.9769","-43.3658"
701,701-MADUREIRA X ALVORADA,Fetranspor,466,17381600,"-22.977","-43.3658"
701,701-MADUREIRA X ALVORADA,Fetranspor,467,17381600,"-22.978","-43.3658"
701,701-MADUREIRA X ALVORADA,Fetranspor,468,17381600,"-22.9784","-43.3658"
701,701-MADUREIRA X ALVORADA,Fetranspor,469,17381600,"-22.9791","-43.366"
701,701-MADUREIRA X ALVORADA,Fetranspor,470,17381600,"-22.9795","-43.366"
701,701-MADUREIRA X ALVORADA,Fetranspor,471,17381600,"-22.9799","-43.366"
701,701-MADUREIRA X ALVORADA,Fetranspor,472,17381600,"-22.9799","-43.366"
701,701-MADUREIRA X ALVORADA,Fetranspor,473,17381600,"-22.9799","-43.366"
701,701-MADUREIRA X ALVORADA,Fetranspor,474,17381600,"-22.9808","-43.366"
701,701-MADUREIRA X ALVORADA,Fetranspor,475,17381600,"-22.9808","-43.366"
701,701-MADUREIRA X ALVORADA,Fetranspor,476,17381600,"-22.9828","-43.366"
701,701-MADUREIRA X ALVORADA,Fetranspor,477,17381600,"-22.9841","-43.3661"
701,701-MADUREIRA X ALVORADA,Fetranspor,478,17381600,"-22.9841","-43.3661"
701,701-MADUREIRA X ALVORADA,Fetranspor,479,17381600,"-22.9851","-43.3661"
701,701-MADUREIRA X ALVORADA,Fetranspor,480,17381600,"-22.9851","-43.3661"
701,701-MADUREIRA X ALVORADA,Fetranspor,481,17381600,"-22.9859","-43.3661"
701,701-MADUREIRA X ALVORADA,Fetranspor,482,17381600,"-22.9859","-43.3661"
701,701-MADUREIRA X ALVORADA,Fetranspor,483,17381600,"-22.9869","-43.3661"
701,701-MADUREIRA X ALVORADA,Fetranspor,484,17381600,"-22.9869","-43.3661"
701,701-MADUREIRA X ALVORADA,Fetranspor,485,17381600,"-22.9886","-43.3661"
701,701-MADUREIRA X ALVORADA,Fetranspor,486,17381600,"-22.9886","-43.3661"
701,701-MADUREIRA X ALVORADA,Fetranspor,487,17381600,"-22.9893","-43.3661"
701,701-MADUREIRA X ALVORADA,Fetranspor,488,17381600,"-22.9899","-43.3661"
701,701-MADUREIRA X ALVORADA,Fetranspor,489,17381600,"-22.9899","-43.3661"
701,701-MADUREIRA X ALVORADA,Fetranspor,490,17381600,"-22.9906","-43.3662"
701,701-MADUREIRA X ALVORADA,Fetranspor,491,17381600,"-22.9906","-43.3662"
701,701-MADUREIRA X ALVORADA,Fetranspor,492,17381600,"-22.9924","-43.3662"
701,701-MADUREIRA X ALVORADA,Fetranspor,493,17381600,"-22.9924","-43.3662"
701,701-MADUREIRA X ALVORADA,Fetranspor,494,17381600,"-22.9942","-43.3662"
701,701-MADUREIRA X ALVORADA,Fetranspor,495,17381600,"-22.9952","-43.3662"
701,701-MADUREIRA X ALVORADA,Fetranspor,496,17381600,"-22.9952","-43.3662"
701,701-MADUREIRA X ALVORADA,Fetranspor,497,17381600,"-22.9961","-43.3661"
701,701-MADUREIRA X ALVORADA,Fetranspor,498,17381600,"-22.9961","-43.3661"
701,701-MADUREIRA X ALVORADA,Fetranspor,499,17381600,"-22.9962","-43.3661"
701,701-MADUREIRA X ALVORADA,Fetranspor,500,17381600,"-22.9965","-43.3661"
701,701-MADUREIRA X ALVORADA,Fetranspor,501,17381600,"-22.9965","-43.3661"
701,701-MADUREIRA X ALVORADA,Fetranspor,502,17381600,"-22.9967","-43.3662"
701,701-MADUREIRA X ALVORADA,Fetranspor,503,17381600,"-22.9968","-43.3662"
701,701-MADUREIRA X ALVORADA,Fetranspor,504,17381600,"-22.997","-43.3663"
701,701-MADUREIRA X ALVORADA,Fetranspor,505,17381600,"-22.9972","-43.3665"
701,701-MADUREIRA X ALVORADA,Fetranspor,506,17381600,"-22.9975","-43.3667"
701,701-MADUREIRA X ALVORADA,Fetranspor,507,17381600,"-22.9977","-43.3669"
701,701-MADUREIRA X ALVORADA,Fetranspor,508,17381600,"-22.998","-43.3673"
701,701-MADUREIRA X ALVORADA,Fetranspor,509,17381600,"-22.9992","-43.3686"
701,701-MADUREIRA X ALVORADA,Fetranspor,510,17381600,"-22.9994","-43.3688"
701,701-MADUREIRA X ALVORADA,Fetranspor,511,17381600,"-22.9994","-43.3688"
701,701-MADUREIRA X ALVORADA,Fetranspor,512,17381600,"-22.9995","-43.3689"
701,701-MADUREIRA X ALVORADA,Fetranspor,513,17381600,"-22.9997","-43.369"
701,701-MADUREIRA X ALVORADA,Fetranspor,514,17381600,"-22.9998","-43.3691"
701,701-MADUREIRA X ALVORADA,Fetranspor,515,17381600,"-22.9999","-43.3691"
701,701-MADUREIRA X ALVORADA,Fetranspor,516,17381600,"-22.9999","-43.3691"
701,701-MADUREIRA X ALVORADA,Fetranspor,517,17381600,"-23","-43.3691"
701,701-MADUREIRA X ALVORADA,Fetranspor,518,17381600,"-23.0002","-43.3691"
701,701-MADUREIRA X ALVORADA,Fetranspor,519,17381600,"-23.0003","-43.3691"
701,701-MADUREIRA X ALVORADA,Fetranspor,520,17381600,"-23.0003","-43.3691"
701,701-MADUREIRA X ALVORADA,Fetranspor,521,17381600,"-23.0004","-43.3691"
701,701-MADUREIRA X ALVORADA,Fetranspor,522,17381600,"-23.0005","-43.3691"
701,701-MADUREIRA X ALVORADA,Fetranspor,523,17381600,"-23.0007","-43.369"
701,701-MADUREIRA X ALVORADA,Fetranspor,524,17381600,"-23.0009","-43.3688"
701,701-MADUREIRA X ALVORADA,Fetranspor,525,17381600,"-23.0009","-43.3688"
701,701-MADUREIRA X ALVORADA,Fetranspor,526,17381600,"-23.0011","-43.3685"
701,701-MADUREIRA X ALVORADA,Fetranspor,527,17381600,"-23.0018","-43.3678"
701,701-MADUREIRA X ALVORADA,Fetranspor,528,17381600,"-23.0018","-43.3678"
701,701-MADUREIRA X ALVORADA,Fetranspor,529,17381600,"-23.0019","-43.3677"
701,701-MADUREIRA X ALVORADA,Fetranspor,530,17381600,"-23.0026","-43.3669"
701,701-MADUREIRA X ALVORADA,Fetranspor,531,17381600,"-23.0026","-43.3669"
701,701-MADUREIRA X ALVORADA,Fetranspor,532,17381600,"-23.003","-43.3666"
701,701-MADUREIRA X ALVORADA,Fetranspor,533,17381600,"-23.0031","-43.3665"
701,701-MADUREIRA X ALVORADA,Fetranspor,534,17381600,"-23.0034","-43.3664"
701,701-MADUREIRA X ALVORADA,Fetranspor,535,17381600,"-23.0036","-43.3663"
701,701-MADUREIRA X ALVORADA,Fetranspor,536,17381600,"-23.0039","-43.3662"
701,701-MADUREIRA X ALVORADA,Fetranspor,537,17381600,"-23.0041","-43.3662"
701,701-MADUREIRA X ALVORADA,Fetranspor,538,17381600,"-23.0041","-43.3662"
701,701-MADUREIRA X ALVORADA,Fetranspor,539,17381600,"-23.0048","-43.3662"
701,701-MADUREIRA X ALVORADA,Fetranspor,540,17381600,"-23.0048","-43.3662"
701,701-MADUREIRA X ALVORADA,Fetranspor,541,17381600,"-23.005","-43.3662"
701,701-MADUREIRA X ALVORADA,Fetranspor,542,17381600,"-23.0055","-43.3662"
701,701-MADUREIRA X ALVORADA,Fetranspor,543,17381600,"-23.0057","-43.3662"
701,701-MADUREIRA X ALVORADA,Fetranspor,544,17381600,"-23.006","-43.3662"
701,701-MADUREIRA X ALVORADA,Fetranspor,545,17381600,"-23.006","-43.3662"
701,701-MADUREIRA X ALVORADA,Fetranspor,546,17381600,"-23.0065","-43.3662"
701,701-MADUREIRA X ALVORADA,Fetranspor,547,17381600,"-23.0074","-43.3662"
701,701-MADUREIRA X ALVORADA,Fetranspor,548,17381600,"-23.0079","-43.3662"
701,701-MADUREIRA X ALVORADA,Fetranspor,549,17381600,"-23.0079","-43.3662"
701,701-MADUREIRA X ALVORADA,Fetranspor,550,17381600,"-23.0085","-43.3662"
701,701-MADUREIRA X ALVORADA,Fetranspor,551,17381600,"-23.0085","-43.3662"
701,701-MADUREIRA X ALVORADA,Fetranspor,552,17381600,"-23.0092","-43.3662"
701,701-MADUREIRA X ALVORADA,Fetranspor,553,17381600,"-23.0095","-43.3663"
701,701-MADUREIRA X ALVORADA,Fetranspor,554,17381600,"-23.0095","-43.3663"
701,701-MADUREIRA X ALVORADA,Fetranspor,555,17381600,"-23.0099","-43.3664"
701,701-MADUREIRA X ALVORADA,Fetranspor,556,17381600,"-23.0099","-43.3664"
701,701-MADUREIRA X ALVORADA,Fetranspor,557,17381600,"-23.0102","-43.3664"
701,701-MADUREIRA X ALVORADA,Fetranspor,558,17381600,"-23.0103","-43.3664"
701,701-MADUREIRA X ALVORADA,Fetranspor,559,17381600,"-23.0104","-43.3664"
701,701-MADUREIRA X ALVORADA,Fetranspor,560,17381600,"-23.0104","-43.3664"
701,701-MADUREIRA X ALVORADA,Fetranspor,561,17381600,"-23.0105","-43.3663"
701,701-MADUREIRA X ALVORADA,Fetranspor,562,17381600,"-23.0105","-43.3663"
701,701-MADUREIRA X ALVORADA,Fetranspor,563,17381600,"-23.0105","-43.3662"
701,701-MADUREIRA X ALVORADA,Fetranspor,564,17381600,"-23.0105","-43.3662"
701,701-MADUREIRA X ALVORADA,Fetranspor,565,17381600,"-23.0105","-43.3661"
701,701-MADUREIRA X ALVORADA,Fetranspor,566,17381600,"-23.0105","-43.3661"
701,701-MADUREIRA X ALVORADA,Fetranspor,567,17381600,"-23.0105","-43.366"
701,701-MADUREIRA X ALVORADA,Fetranspor,568,17381600,"-23.0104","-43.366"
701,701-MADUREIRA X ALVORADA,Fetranspor,569,17381600,"-23.0103","-43.366"
701,701-MADUREIRA X ALVORADA,Fetranspor,570,17381600,"-23.0102","-43.366"
701,701-MADUREIRA X ALVORADA,Fetranspor,571,17381600,"-23.0101","-43.366"
701,701-MADUREIRA X ALVORADA,Fetranspor,572,17381600,"-23.0101","-43.366"
701,701-MADUREIRA X ALVORADA,Fetranspor,573,17381600,"-23.01","-43.366"
701,701-MADUREIRA X ALVORADA,Fetranspor,574,17381600,"-23.0098","-43.3661"
701,701-MADUREIRA X ALVORADA,Fetranspor,575,17381600,"-23.0095","-43.3661"
701,701-MADUREIRA X ALVORADA,Fetranspor,576,17381600,"-23.0095","-43.3661"
701,701-MADUREIRA X ALVORADA,Fetranspor,577,17381600,"-23.009","-43.3661"
701,701-MADUREIRA X ALVORADA,Fetranspor,578,17381600,"-23.009","-43.3661"
701,701-MADUREIRA X ALVORADA,Fetranspor,579,17381600,"-23.0081","-43.3661"
701,701-MADUREIRA X ALVORADA,Fetranspor,580,17381600,"-23.0081","-43.3661"
701,701-MADUREIRA X ALVORADA,Fetranspor,581,17381600,"-23.0079","-43.3661"
701,701-MADUREIRA X ALVORADA,Fetranspor,582,17381600,"-23.0079","-43.3661"
701,701-MADUREIRA X ALVORADA,Fetranspor,583,17381600,"-23.0043","-43.366"
701,701-MADUREIRA X ALVORADA,Fetranspor,584,17381600,"-23.0043","-43.366"
701,701-MADUREIRA X ALVORADA,Fetranspor,585,17381600,"-23.004","-43.366"
701,701-MADUREIRA X ALVORADA,Fetranspor,586,17381600,"-23.0038","-43.366"
701,701-MADUREIRA X ALVORADA,Fetranspor,587,17381600,"-23.0036","-43.366"
701,701-MADUREIRA X ALVORADA,Fetranspor,588,17381600,"-23.0034","-43.3659"
701,701-MADUREIRA X ALVORADA,Fetranspor,589,17381600,"-23.0031","-43.3657"
701,701-MADUREIRA X ALVORADA,Fetranspor,590,17381600,"-23.0028","-43.3655"
701,701-MADUREIRA X ALVORADA,Fetranspor,591,17381600,"-23.0026","-43.3653"
701,701-MADUREIRA X ALVORADA,Fetranspor,592,17381600,"-23.0025","-43.3652"
701,701-MADUREIRA X ALVORADA,Fetranspor,593,17381600,"-23.0025","-43.3652"
701,701-MADUREIRA X ALVORADA,Fetranspor,594,17381600,"-23.0018","-43.3644"
701,701-MADUREIRA X ALVORADA,Fetranspor,595,17381600,"-23.0018","-43.3644"
701,701-MADUREIRA X ALVORADA,Fetranspor,596,17381600,"-23.0016","-43.3643"
701,701-MADUREIRA X ALVORADA,Fetranspor,597,17381600,"-23.0015","-43.3643"
701,701-MADUREIRA X ALVORADA,Fetranspor,598,17381600,"-23.0015","-43.3643"
701,701-MADUREIRA X ALVORADA,Fetranspor,599,17381600,"-23.0014","-43.3643"
701,701-MADUREIRA X ALVORADA,Fetranspor,600,17381600,"-23.0014","-43.3643"
701,701-MADUREIRA X ALVORADA,Fetranspor,601,17381600,"-23.0014","-43.3644"
701,701-MADUREIRA X ALVORADA,Fetranspor,602,17381600,"-23.0013","-43.3645"
701,701-MADUREIRA X ALVORADA,Fetranspor,603,17381600,"-23.0013","-43.3649"
701,701-MADUREIRA X ALVORADA,Fetranspor,604,17381600,"-23.0013","-43.3649"
701,701-MADUREIRA X ALVORADA,Fetranspor,605,17381600,"-23.0014","-43.3675"
