linha,descricao,agencia,sequencia,shape_id,latitude,longitude
709,709-CASCADURA X AMARELINHO (CIRCULAR),Fetranspor,0,17398659,"-22.8818","-43.3254"
709,709-CASCADURA X AMARELINHO (CIRCULAR),Fetranspor,1,17398659,"-22.8819","-43.3248"
709,709-CASCADURA X AMARELINHO (CIRCULAR),Fetranspor,2,17398659,"-22.8819","-43.3248"
709,709-CASCADURA X AMARELINHO (CIRCULAR),Fetranspor,3,17398659,"-22.8816","-43.3245"
709,709-CASCADURA X AMARELINHO (CIRCULAR),Fetranspor,4,17398659,"-22.8816","-43.3245"
709,709-CASCADURA X AMARELINHO (CIRCULAR),Fetranspor,5,17398659,"-22.8812","-43.324"
709,709-CASCADURA X AMARELINHO (CIRCULAR),Fetranspor,6,17398659,"-22.8812","-43.324"
709,709-CASCADURA X AMARELINHO (CIRCULAR),Fetranspor,7,17398659,"-22.8807","-43.3234"
709,709-CASCADURA X AMARELINHO (CIRCULAR),Fetranspor,8,17398659,"-22.8807","-43.3234"
709,709-CASCADURA X AMARELINHO (CIRCULAR),Fetranspor,9,17398659,"-22.88","-43.3226"
709,709-CASCADURA X AMARELINHO (CIRCULAR),Fetranspor,10,17398659,"-22.88","-43.3226"
709,709-CASCADURA X AMARELINHO (CIRCULAR),Fetranspor,11,17398659,"-22.8797","-43.3223"
709,709-CASCADURA X AMARELINHO (CIRCULAR),Fetranspor,12,17398659,"-22.8797","-43.3223"
709,709-CASCADURA X AMARELINHO (CIRCULAR),Fetranspor,13,17398659,"-22.8789","-43.323"
709,709-CASCADURA X AMARELINHO (CIRCULAR),Fetranspor,14,17398659,"-22.8789","-43.323"
709,709-CASCADURA X AMARELINHO (CIRCULAR),Fetranspor,15,17398659,"-22.8782","-43.3237"
709,709-CASCADURA X AMARELINHO (CIRCULAR),Fetranspor,16,17398659,"-22.8782","-43.3237"
709,709-CASCADURA X AMARELINHO (CIRCULAR),Fetranspor,17,17398659,"-22.8777","-43.3242"
709,709-CASCADURA X AMARELINHO (CIRCULAR),Fetranspor,18,17398659,"-22.8776","-43.3243"
709,709-CASCADURA X AMARELINHO (CIRCULAR),Fetranspor,19,17398659,"-22.8776","-43.3244"
709,709-CASCADURA X AMARELINHO (CIRCULAR),Fetranspor,20,17398659,"-22.8776","-43.3245"
709,709-CASCADURA X AMARELINHO (CIRCULAR),Fetranspor,21,17398659,"-22.8776","-43.3245"
709,709-CASCADURA X AMARELINHO (CIRCULAR),Fetranspor,22,17398659,"-22.8776","-43.3245"
709,709-CASCADURA X AMARELINHO (CIRCULAR),Fetranspor,23,17398659,"-22.8776","-43.3246"
709,709-CASCADURA X AMARELINHO (CIRCULAR),Fetranspor,24,17398659,"-22.8777","-43.3254"
709,709-CASCADURA X AMARELINHO (CIRCULAR),Fetranspor,25,17398659,"-22.8777","-43.3254"
709,709-CASCADURA X AMARELINHO (CIRCULAR),Fetranspor,26,17398659,"-22.8777","-43.3264"
709,709-CASCADURA X AMARELINHO (CIRCULAR),Fetranspor,27,17398659,"-22.8777","-43.3264"
709,709-CASCADURA X AMARELINHO (CIRCULAR),Fetranspor,28,17398659,"-22.8777","-43.3267"
709,709-CASCADURA X AMARELINHO (CIRCULAR),Fetranspor,29,17398659,"-22.8777","-43.3267"
709,709-CASCADURA X AMARELINHO (CIRCULAR),Fetranspor,30,17398659,"-22.8777","-43.327"
709,709-CASCADURA X AMARELINHO (CIRCULAR),Fetranspor,31,17398659,"-22.8777","-43.327"
709,709-CASCADURA X AMARELINHO (CIRCULAR),Fetranspor,32,17398659,"-22.8778","-43.3275"
709,709-CASCADURA X AMARELINHO (CIRCULAR),Fetranspor,33,17398659,"-22.8778","-43.3275"
709,709-CASCADURA X AMARELINHO (CIRCULAR),Fetranspor,34,17398659,"-22.8778","-43.3283"
709,709-CASCADURA X AMARELINHO (CIRCULAR),Fetranspor,35,17398659,"-22.8778","-43.3283"
709,709-CASCADURA X AMARELINHO (CIRCULAR),Fetranspor,36,17398659,"-22.8778","-43.3292"
709,709-CASCADURA X AMARELINHO (CIRCULAR),Fetranspor,37,17398659,"-22.8778","-43.3292"
709,709-CASCADURA X AMARELINHO (CIRCULAR),Fetranspor,38,17398659,"-22.8789","-43.3291"
709,709-CASCADURA X AMARELINHO (CIRCULAR),Fetranspor,39,17398659,"-22.8789","-43.3291"
709,709-CASCADURA X AMARELINHO (CIRCULAR),Fetranspor,40,17398659,"-22.879","-43.3309"
709,709-CASCADURA X AMARELINHO (CIRCULAR),Fetranspor,41,17398659,"-22.879","-43.331"
709,709-CASCADURA X AMARELINHO (CIRCULAR),Fetranspor,42,17398659,"-22.879","-43.331"
709,709-CASCADURA X AMARELINHO (CIRCULAR),Fetranspor,43,17398659,"-22.8791","-43.3319"
709,709-CASCADURA X AMARELINHO (CIRCULAR),Fetranspor,44,17398659,"-22.8791","-43.3319"
709,709-CASCADURA X AMARELINHO (CIRCULAR),Fetranspor,45,17398659,"-22.879","-43.3319"
709,709-CASCADURA X AMARELINHO (CIRCULAR),Fetranspor,46,17398659,"-22.8789","-43.3319"
709,709-CASCADURA X AMARELINHO (CIRCULAR),Fetranspor,47,17398659,"-22.8784","-43.3325"
709,709-CASCADURA X AMARELINHO (CIRCULAR),Fetranspor,48,17398659,"-22.8779","-43.3331"
709,709-CASCADURA X AMARELINHO (CIRCULAR),Fetranspor,49,17398659,"-22.8779","-43.3331"
709,709-CASCADURA X AMARELINHO (CIRCULAR),Fetranspor,50,17398659,"-22.8773","-43.3337"
709,709-CASCADURA X AMARELINHO (CIRCULAR),Fetranspor,51,17398659,"-22.8769","-43.3343"
709,709-CASCADURA X AMARELINHO (CIRCULAR),Fetranspor,52,17398659,"-22.8767","-43.3344"
709,709-CASCADURA X AMARELINHO (CIRCULAR),Fetranspor,53,17398659,"-22.8767","-43.3345"
709,709-CASCADURA X AMARELINHO (CIRCULAR),Fetranspor,54,17398659,"-22.8766","-43.3345"
709,709-CASCADURA X AMARELINHO (CIRCULAR),Fetranspor,55,17398659,"-22.8765","-43.3345"
709,709-CASCADURA X AMARELINHO (CIRCULAR),Fetranspor,56,17398659,"-22.8764","-43.3345"
709,709-CASCADURA X AMARELINHO (CIRCULAR),Fetranspor,57,17398659,"-22.8764","-43.3345"
709,709-CASCADURA X AMARELINHO (CIRCULAR),Fetranspor,58,17398659,"-22.8762","-43.3345"
709,709-CASCADURA X AMARELINHO (CIRCULAR),Fetranspor,59,17398659,"-22.8761","-43.3345"
709,709-CASCADURA X AMARELINHO (CIRCULAR),Fetranspor,60,17398659,"-22.8759","-43.3347"
709,709-CASCADURA X AMARELINHO (CIRCULAR),Fetranspor,61,17398659,"-22.8759","-43.3347"
709,709-CASCADURA X AMARELINHO (CIRCULAR),Fetranspor,62,17398659,"-22.8759","-43.3347"
709,709-CASCADURA X AMARELINHO (CIRCULAR),Fetranspor,63,17398659,"-22.8758","-43.3347"
709,709-CASCADURA X AMARELINHO (CIRCULAR),Fetranspor,64,17398659,"-22.8758","-43.3347"
709,709-CASCADURA X AMARELINHO (CIRCULAR),Fetranspor,65,17398659,"-22.8756","-43.3347"
709,709-CASCADURA X AMARELINHO (CIRCULAR),Fetranspor,66,17398659,"-22.8754","-43.3347"
709,709-CASCADURA X AMARELINHO (CIRCULAR),Fetranspor,67,17398659,"-22.8753","-43.3347"
709,709-CASCADURA X AMARELINHO (CIRCULAR),Fetranspor,68,17398659,"-22.8751","-43.3347"
709,709-CASCADURA X AMARELINHO (CIRCULAR),Fetranspor,69,17398659,"-22.8749","-43.3347"
709,709-CASCADURA X AMARELINHO (CIRCULAR),Fetranspor,70,17398659,"-22.8748","-43.3348"
709,709-CASCADURA X AMARELINHO (CIRCULAR),Fetranspor,71,17398659,"-22.8747","-43.3348"
709,709-CASCADURA X AMARELINHO (CIRCULAR),Fetranspor,72,17398659,"-22.8746","-43.3348"
709,709-CASCADURA X AMARELINHO (CIRCULAR),Fetranspor,73,17398659,"-22.8745","-43.3349"
709,709-CASCADURA X AMARELINHO (CIRCULAR),Fetranspor,74,17398659,"-22.8743","-43.3352"
709,709-CASCADURA X AMARELINHO (CIRCULAR),Fetranspor,75,17398659,"-22.8743","-43.3352"
709,709-CASCADURA X AMARELINHO (CIRCULAR),Fetranspor,76,17398659,"-22.8735","-43.3356"
709,709-CASCADURA X AMARELINHO (CIRCULAR),Fetranspor,77,17398659,"-22.8735","-43.3356"
709,709-CASCADURA X AMARELINHO (CIRCULAR),Fetranspor,78,17398659,"-22.8735","-43.3357"
709,709-CASCADURA X AMARELINHO (CIRCULAR),Fetranspor,79,17398659,"-22.8733","-43.3357"
709,709-CASCADURA X AMARELINHO (CIRCULAR),Fetranspor,80,17398659,"-22.8732","-43.3358"
709,709-CASCADURA X AMARELINHO (CIRCULAR),Fetranspor,81,17398659,"-22.873","-43.3359"
709,709-CASCADURA X AMARELINHO (CIRCULAR),Fetranspor,82,17398659,"-22.8729","-43.336"
709,709-CASCADURA X AMARELINHO (CIRCULAR),Fetranspor,83,17398659,"-22.8729","-43.336"
709,709-CASCADURA X AMARELINHO (CIRCULAR),Fetranspor,84,17398659,"-22.8729","-43.3361"
709,709-CASCADURA X AMARELINHO (CIRCULAR),Fetranspor,85,17398659,"-22.8725","-43.3363"
709,709-CASCADURA X AMARELINHO (CIRCULAR),Fetranspor,86,17398659,"-22.8725","-43.3363"
709,709-CASCADURA X AMARELINHO (CIRCULAR),Fetranspor,87,17398659,"-22.8725","-43.3363"
709,709-CASCADURA X AMARELINHO (CIRCULAR),Fetranspor,88,17398659,"-22.8724","-43.3363"
709,709-CASCADURA X AMARELINHO (CIRCULAR),Fetranspor,89,17398659,"-22.8723","-43.3363"
709,709-CASCADURA X AMARELINHO (CIRCULAR),Fetranspor,90,17398659,"-22.8722","-43.3363"
709,709-CASCADURA X AMARELINHO (CIRCULAR),Fetranspor,91,17398659,"-22.8707","-43.3357"
709,709-CASCADURA X AMARELINHO (CIRCULAR),Fetranspor,92,17398659,"-22.8707","-43.3357"
709,709-CASCADURA X AMARELINHO (CIRCULAR),Fetranspor,93,17398659,"-22.8698","-43.3354"
709,709-CASCADURA X AMARELINHO (CIRCULAR),Fetranspor,94,17398659,"-22.8698","-43.3354"
709,709-CASCADURA X AMARELINHO (CIRCULAR),Fetranspor,95,17398659,"-22.8697","-43.3354"
709,709-CASCADURA X AMARELINHO (CIRCULAR),Fetranspor,96,17398659,"-22.8694","-43.3353"
709,709-CASCADURA X AMARELINHO (CIRCULAR),Fetranspor,97,17398659,"-22.8693","-43.3352"
709,709-CASCADURA X AMARELINHO (CIRCULAR),Fetranspor,98,17398659,"-22.8693","-43.3352"
709,709-CASCADURA X AMARELINHO (CIRCULAR),Fetranspor,99,17398659,"-22.869","-43.3352"
709,709-CASCADURA X AMARELINHO (CIRCULAR),Fetranspor,100,17398659,"-22.8687","-43.3351"
709,709-CASCADURA X AMARELINHO (CIRCULAR),Fetranspor,101,17398659,"-22.8682","-43.335"
709,709-CASCADURA X AMARELINHO (CIRCULAR),Fetranspor,102,17398659,"-22.8682","-43.335"
709,709-CASCADURA X AMARELINHO (CIRCULAR),Fetranspor,103,17398659,"-22.868","-43.3349"
709,709-CASCADURA X AMARELINHO (CIRCULAR),Fetranspor,104,17398659,"-22.868","-43.3349"
709,709-CASCADURA X AMARELINHO (CIRCULAR),Fetranspor,105,17398659,"-22.8678","-43.3349"
709,709-CASCADURA X AMARELINHO (CIRCULAR),Fetranspor,106,17398659,"-22.8678","-43.3349"
709,709-CASCADURA X AMARELINHO (CIRCULAR),Fetranspor,107,17398659,"-22.8673","-43.3348"
709,709-CASCADURA X AMARELINHO (CIRCULAR),Fetranspor,108,17398659,"-22.8673","-43.3348"
709,709-CASCADURA X AMARELINHO (CIRCULAR),Fetranspor,109,17398659,"-22.8669","-43.3347"
709,709-CASCADURA X AMARELINHO (CIRCULAR),Fetranspor,110,17398659,"-22.8669","-43.3347"
709,709-CASCADURA X AMARELINHO (CIRCULAR),Fetranspor,111,17398659,"-22.8664","-43.3346"
709,709-CASCADURA X AMARELINHO (CIRCULAR),Fetranspor,112,17398659,"-22.8664","-43.3346"
709,709-CASCADURA X AMARELINHO (CIRCULAR),Fetranspor,113,17398659,"-22.866","-43.3345"
709,709-CASCADURA X AMARELINHO (CIRCULAR),Fetranspor,114,17398659,"-22.866","-43.3345"
709,709-CASCADURA X AMARELINHO (CIRCULAR),Fetranspor,115,17398659,"-22.8659","-43.3344"
709,709-CASCADURA X AMARELINHO (CIRCULAR),Fetranspor,116,17398659,"-22.8655","-43.3343"
709,709-CASCADURA X AMARELINHO (CIRCULAR),Fetranspor,117,17398659,"-22.8655","-43.3342"
709,709-CASCADURA X AMARELINHO (CIRCULAR),Fetranspor,118,17398659,"-22.8655","-43.3342"
709,709-CASCADURA X AMARELINHO (CIRCULAR),Fetranspor,119,17398659,"-22.8653","-43.3342"
709,709-CASCADURA X AMARELINHO (CIRCULAR),Fetranspor,120,17398659,"-22.8653","-43.3342"
709,709-CASCADURA X AMARELINHO (CIRCULAR),Fetranspor,121,17398659,"-22.8648","-43.3339"
709,709-CASCADURA X AMARELINHO (CIRCULAR),Fetranspor,122,17398659,"-22.8648","-43.3339"
709,709-CASCADURA X AMARELINHO (CIRCULAR),Fetranspor,123,17398659,"-22.8646","-43.3338"
709,709-CASCADURA X AMARELINHO (CIRCULAR),Fetranspor,124,17398659,"-22.8646","-43.3338"
709,709-CASCADURA X AMARELINHO (CIRCULAR),Fetranspor,125,17398659,"-22.8644","-43.3336"
709,709-CASCADURA X AMARELINHO (CIRCULAR),Fetranspor,126,17398659,"-22.8642","-43.3335"
709,709-CASCADURA X AMARELINHO (CIRCULAR),Fetranspor,127,17398659,"-22.8641","-43.3333"
709,709-CASCADURA X AMARELINHO (CIRCULAR),Fetranspor,128,17398659,"-22.8641","-43.3333"
709,709-CASCADURA X AMARELINHO (CIRCULAR),Fetranspor,129,17398659,"-22.8639","-43.3332"
709,709-CASCADURA X AMARELINHO (CIRCULAR),Fetranspor,130,17398659,"-22.8638","-43.3331"
709,709-CASCADURA X AMARELINHO (CIRCULAR),Fetranspor,131,17398659,"-22.8637","-43.3329"
709,709-CASCADURA X AMARELINHO (CIRCULAR),Fetranspor,132,17398659,"-22.8635","-43.3327"
709,709-CASCADURA X AMARELINHO (CIRCULAR),Fetranspor,133,17398659,"-22.8635","-43.3327"
709,709-CASCADURA X AMARELINHO (CIRCULAR),Fetranspor,134,17398659,"-22.8634","-43.3325"
709,709-CASCADURA X AMARELINHO (CIRCULAR),Fetranspor,135,17398659,"-22.8633","-43.3324"
709,709-CASCADURA X AMARELINHO (CIRCULAR),Fetranspor,136,17398659,"-22.8632","-43.3323"
709,709-CASCADURA X AMARELINHO (CIRCULAR),Fetranspor,137,17398659,"-22.8632","-43.3323"
709,709-CASCADURA X AMARELINHO (CIRCULAR),Fetranspor,138,17398659,"-22.863","-43.332"
709,709-CASCADURA X AMARELINHO (CIRCULAR),Fetranspor,139,17398659,"-22.863","-43.332"
709,709-CASCADURA X AMARELINHO (CIRCULAR),Fetranspor,140,17398659,"-22.8627","-43.3315"
709,709-CASCADURA X AMARELINHO (CIRCULAR),Fetranspor,141,17398659,"-22.8627","-43.3315"
709,709-CASCADURA X AMARELINHO (CIRCULAR),Fetranspor,142,17398659,"-22.8626","-43.3315"
709,709-CASCADURA X AMARELINHO (CIRCULAR),Fetranspor,143,17398659,"-22.8626","-43.3314"
709,709-CASCADURA X AMARELINHO (CIRCULAR),Fetranspor,144,17398659,"-22.8626","-43.3314"
709,709-CASCADURA X AMARELINHO (CIRCULAR),Fetranspor,145,17398659,"-22.8626","-43.3314"
709,709-CASCADURA X AMARELINHO (CIRCULAR),Fetranspor,146,17398659,"-22.8626","-43.3314"
709,709-CASCADURA X AMARELINHO (CIRCULAR),Fetranspor,147,17398659,"-22.8625","-43.3314"
709,709-CASCADURA X AMARELINHO (CIRCULAR),Fetranspor,148,17398659,"-22.8622","-43.3311"
709,709-CASCADURA X AMARELINHO (CIRCULAR),Fetranspor,149,17398659,"-22.8622","-43.3311"
709,709-CASCADURA X AMARELINHO (CIRCULAR),Fetranspor,150,17398659,"-22.862","-43.331"
709,709-CASCADURA X AMARELINHO (CIRCULAR),Fetranspor,151,17398659,"-22.862","-43.331"
709,709-CASCADURA X AMARELINHO (CIRCULAR),Fetranspor,152,17398659,"-22.8619","-43.3308"
709,709-CASCADURA X AMARELINHO (CIRCULAR),Fetranspor,153,17398659,"-22.8617","-43.3306"
709,709-CASCADURA X AMARELINHO (CIRCULAR),Fetranspor,154,17398659,"-22.8617","-43.3306"
709,709-CASCADURA X AMARELINHO (CIRCULAR),Fetranspor,155,17398659,"-22.8616","-43.3305"
709,709-CASCADURA X AMARELINHO (CIRCULAR),Fetranspor,156,17398659,"-22.8615","-43.3304"
709,709-CASCADURA X AMARELINHO (CIRCULAR),Fetranspor,157,17398659,"-22.8612","-43.3302"
709,709-CASCADURA X AMARELINHO (CIRCULAR),Fetranspor,158,17398659,"-22.8612","-43.3302"
709,709-CASCADURA X AMARELINHO (CIRCULAR),Fetranspor,159,17398659,"-22.861","-43.33"
709,709-CASCADURA X AMARELINHO (CIRCULAR),Fetranspor,160,17398659,"-22.861","-43.33"
709,709-CASCADURA X AMARELINHO (CIRCULAR),Fetranspor,161,17398659,"-22.8608","-43.3299"
709,709-CASCADURA X AMARELINHO (CIRCULAR),Fetranspor,162,17398659,"-22.8607","-43.3298"
709,709-CASCADURA X AMARELINHO (CIRCULAR),Fetranspor,163,17398659,"-22.8606","-43.3298"
709,709-CASCADURA X AMARELINHO (CIRCULAR),Fetranspor,164,17398659,"-22.86","-43.3297"
709,709-CASCADURA X AMARELINHO (CIRCULAR),Fetranspor,165,17398659,"-22.86","-43.3297"
709,709-CASCADURA X AMARELINHO (CIRCULAR),Fetranspor,166,17398659,"-22.8595","-43.3296"
709,709-CASCADURA X AMARELINHO (CIRCULAR),Fetranspor,167,17398659,"-22.8595","-43.3296"
709,709-CASCADURA X AMARELINHO (CIRCULAR),Fetranspor,168,17398659,"-22.859","-43.3295"
709,709-CASCADURA X AMARELINHO (CIRCULAR),Fetranspor,169,17398659,"-22.859","-43.3295"
709,709-CASCADURA X AMARELINHO (CIRCULAR),Fetranspor,170,17398659,"-22.8579","-43.3293"
709,709-CASCADURA X AMARELINHO (CIRCULAR),Fetranspor,171,17398659,"-22.8579","-43.3293"
709,709-CASCADURA X AMARELINHO (CIRCULAR),Fetranspor,172,17398659,"-22.8577","-43.3293"
709,709-CASCADURA X AMARELINHO (CIRCULAR),Fetranspor,173,17398659,"-22.8575","-43.3293"
709,709-CASCADURA X AMARELINHO (CIRCULAR),Fetranspor,174,17398659,"-22.8575","-43.3293"
709,709-CASCADURA X AMARELINHO (CIRCULAR),Fetranspor,175,17398659,"-22.8573","-43.3293"
709,709-CASCADURA X AMARELINHO (CIRCULAR),Fetranspor,176,17398659,"-22.8566","-43.3293"
709,709-CASCADURA X AMARELINHO (CIRCULAR),Fetranspor,177,17398659,"-22.8566","-43.3293"
709,709-CASCADURA X AMARELINHO (CIRCULAR),Fetranspor,178,17398659,"-22.8562","-43.3293"
709,709-CASCADURA X AMARELINHO (CIRCULAR),Fetranspor,179,17398659,"-22.8561","-43.3293"
709,709-CASCADURA X AMARELINHO (CIRCULAR),Fetranspor,180,17398659,"-22.8561","-43.3293"
709,709-CASCADURA X AMARELINHO (CIRCULAR),Fetranspor,181,17398659,"-22.8559","-43.3293"
709,709-CASCADURA X AMARELINHO (CIRCULAR),Fetranspor,182,17398659,"-22.8557","-43.3293"
709,709-CASCADURA X AMARELINHO (CIRCULAR),Fetranspor,183,17398659,"-22.8555","-43.3293"
709,709-CASCADURA X AMARELINHO (CIRCULAR),Fetranspor,184,17398659,"-22.8555","-43.3293"
709,709-CASCADURA X AMARELINHO (CIRCULAR),Fetranspor,185,17398659,"-22.8552","-43.3292"
709,709-CASCADURA X AMARELINHO (CIRCULAR),Fetranspor,186,17398659,"-22.8552","-43.3292"
709,709-CASCADURA X AMARELINHO (CIRCULAR),Fetranspor,187,17398659,"-22.8549","-43.3292"
709,709-CASCADURA X AMARELINHO (CIRCULAR),Fetranspor,188,17398659,"-22.8547","-43.3292"
709,709-CASCADURA X AMARELINHO (CIRCULAR),Fetranspor,189,17398659,"-22.8547","-43.3292"
709,709-CASCADURA X AMARELINHO (CIRCULAR),Fetranspor,190,17398659,"-22.8546","-43.3291"
709,709-CASCADURA X AMARELINHO (CIRCULAR),Fetranspor,191,17398659,"-22.8545","-43.3291"
709,709-CASCADURA X AMARELINHO (CIRCULAR),Fetranspor,192,17398659,"-22.8545","-43.3291"
709,709-CASCADURA X AMARELINHO (CIRCULAR),Fetranspor,193,17398659,"-22.8543","-43.3291"
709,709-CASCADURA X AMARELINHO (CIRCULAR),Fetranspor,194,17398659,"-22.8535","-43.3289"
709,709-CASCADURA X AMARELINHO (CIRCULAR),Fetranspor,195,17398659,"-22.8533","-43.3288"
709,709-CASCADURA X AMARELINHO (CIRCULAR),Fetranspor,196,17398659,"-22.8532","-43.3288"
709,709-CASCADURA X AMARELINHO (CIRCULAR),Fetranspor,197,17398659,"-22.8531","-43.3287"
709,709-CASCADURA X AMARELINHO (CIRCULAR),Fetranspor,198,17398659,"-22.853","-43.3286"
709,709-CASCADURA X AMARELINHO (CIRCULAR),Fetranspor,199,17398659,"-22.8529","-43.3286"
709,709-CASCADURA X AMARELINHO (CIRCULAR),Fetranspor,200,17398659,"-22.8515","-43.3276"
709,709-CASCADURA X AMARELINHO (CIRCULAR),Fetranspor,201,17398659,"-22.8515","-43.3276"
709,709-CASCADURA X AMARELINHO (CIRCULAR),Fetranspor,202,17398659,"-22.8514","-43.3275"
709,709-CASCADURA X AMARELINHO (CIRCULAR),Fetranspor,203,17398659,"-22.8512","-43.3274"
709,709-CASCADURA X AMARELINHO (CIRCULAR),Fetranspor,204,17398659,"-22.8511","-43.3273"
709,709-CASCADURA X AMARELINHO (CIRCULAR),Fetranspor,205,17398659,"-22.8511","-43.3271"
709,709-CASCADURA X AMARELINHO (CIRCULAR),Fetranspor,206,17398659,"-22.8511","-43.3271"
709,709-CASCADURA X AMARELINHO (CIRCULAR),Fetranspor,207,17398659,"-22.8507","-43.3265"
709,709-CASCADURA X AMARELINHO (CIRCULAR),Fetranspor,208,17398659,"-22.8505","-43.3262"
709,709-CASCADURA X AMARELINHO (CIRCULAR),Fetranspor,209,17398659,"-22.8505","-43.3262"
709,709-CASCADURA X AMARELINHO (CIRCULAR),Fetranspor,210,17398659,"-22.8504","-43.326"
709,709-CASCADURA X AMARELINHO (CIRCULAR),Fetranspor,211,17398659,"-22.8503","-43.3259"
709,709-CASCADURA X AMARELINHO (CIRCULAR),Fetranspor,212,17398659,"-22.8503","-43.3258"
709,709-CASCADURA X AMARELINHO (CIRCULAR),Fetranspor,213,17398659,"-22.8502","-43.3258"
709,709-CASCADURA X AMARELINHO (CIRCULAR),Fetranspor,214,17398659,"-22.8497","-43.3255"
709,709-CASCADURA X AMARELINHO (CIRCULAR),Fetranspor,215,17398659,"-22.8496","-43.3254"
709,709-CASCADURA X AMARELINHO (CIRCULAR),Fetranspor,216,17398659,"-22.8495","-43.3254"
709,709-CASCADURA X AMARELINHO (CIRCULAR),Fetranspor,217,17398659,"-22.8495","-43.3254"
709,709-CASCADURA X AMARELINHO (CIRCULAR),Fetranspor,218,17398659,"-22.8495","-43.3254"
709,709-CASCADURA X AMARELINHO (CIRCULAR),Fetranspor,219,17398659,"-22.8493","-43.3254"
709,709-CASCADURA X AMARELINHO (CIRCULAR),Fetranspor,220,17398659,"-22.8489","-43.3255"
709,709-CASCADURA X AMARELINHO (CIRCULAR),Fetranspor,221,17398659,"-22.8488","-43.3255"
709,709-CASCADURA X AMARELINHO (CIRCULAR),Fetranspor,222,17398659,"-22.8487","-43.3254"
709,709-CASCADURA X AMARELINHO (CIRCULAR),Fetranspor,223,17398659,"-22.8484","-43.3253"
709,709-CASCADURA X AMARELINHO (CIRCULAR),Fetranspor,224,17398659,"-22.8484","-43.3253"
709,709-CASCADURA X AMARELINHO (CIRCULAR),Fetranspor,225,17398659,"-22.8482","-43.3251"
709,709-CASCADURA X AMARELINHO (CIRCULAR),Fetranspor,226,17398659,"-22.8475","-43.3247"
709,709-CASCADURA X AMARELINHO (CIRCULAR),Fetranspor,227,17398659,"-22.8475","-43.3247"
709,709-CASCADURA X AMARELINHO (CIRCULAR),Fetranspor,228,17398659,"-22.8473","-43.3246"
709,709-CASCADURA X AMARELINHO (CIRCULAR),Fetranspor,229,17398659,"-22.847","-43.3246"
709,709-CASCADURA X AMARELINHO (CIRCULAR),Fetranspor,230,17398659,"-22.847","-43.3246"
709,709-CASCADURA X AMARELINHO (CIRCULAR),Fetranspor,231,17398659,"-22.8465","-43.3245"
709,709-CASCADURA X AMARELINHO (CIRCULAR),Fetranspor,232,17398659,"-22.8465","-43.3245"
709,709-CASCADURA X AMARELINHO (CIRCULAR),Fetranspor,233,17398659,"-22.8465","-43.3245"
709,709-CASCADURA X AMARELINHO (CIRCULAR),Fetranspor,234,17398659,"-22.8465","-43.3245"
709,709-CASCADURA X AMARELINHO (CIRCULAR),Fetranspor,235,17398659,"-22.8463","-43.3244"
709,709-CASCADURA X AMARELINHO (CIRCULAR),Fetranspor,236,17398659,"-22.8462","-43.3244"
709,709-CASCADURA X AMARELINHO (CIRCULAR),Fetranspor,237,17398659,"-22.8461","-43.3244"
709,709-CASCADURA X AMARELINHO (CIRCULAR),Fetranspor,238,17398659,"-22.8461","-43.3244"
709,709-CASCADURA X AMARELINHO (CIRCULAR),Fetranspor,239,17398659,"-22.8458","-43.3242"
709,709-CASCADURA X AMARELINHO (CIRCULAR),Fetranspor,240,17398659,"-22.8456","-43.3241"
709,709-CASCADURA X AMARELINHO (CIRCULAR),Fetranspor,241,17398659,"-22.8451","-43.3238"
709,709-CASCADURA X AMARELINHO (CIRCULAR),Fetranspor,242,17398659,"-22.8443","-43.3232"
709,709-CASCADURA X AMARELINHO (CIRCULAR),Fetranspor,243,17398659,"-22.8443","-43.3232"
709,709-CASCADURA X AMARELINHO (CIRCULAR),Fetranspor,244,17398659,"-22.8442","-43.3232"
709,709-CASCADURA X AMARELINHO (CIRCULAR),Fetranspor,245,17398659,"-22.8435","-43.3233"
709,709-CASCADURA X AMARELINHO (CIRCULAR),Fetranspor,246,17398659,"-22.8435","-43.3233"
709,709-CASCADURA X AMARELINHO (CIRCULAR),Fetranspor,247,17398659,"-22.8428","-43.3235"
709,709-CASCADURA X AMARELINHO (CIRCULAR),Fetranspor,248,17398659,"-22.8428","-43.3235"
709,709-CASCADURA X AMARELINHO (CIRCULAR),Fetranspor,249,17398659,"-22.8421","-43.3236"
709,709-CASCADURA X AMARELINHO (CIRCULAR),Fetranspor,250,17398659,"-22.8421","-43.3236"
709,709-CASCADURA X AMARELINHO (CIRCULAR),Fetranspor,251,17398659,"-22.8413","-43.3237"
709,709-CASCADURA X AMARELINHO (CIRCULAR),Fetranspor,252,17398659,"-22.8413","-43.3237"
709,709-CASCADURA X AMARELINHO (CIRCULAR),Fetranspor,253,17398659,"-22.8405","-43.3238"
709,709-CASCADURA X AMARELINHO (CIRCULAR),Fetranspor,254,17398659,"-22.8405","-43.3238"
709,709-CASCADURA X AMARELINHO (CIRCULAR),Fetranspor,255,17398659,"-22.8398","-43.3239"
709,709-CASCADURA X AMARELINHO (CIRCULAR),Fetranspor,256,17398659,"-22.8398","-43.3239"
709,709-CASCADURA X AMARELINHO (CIRCULAR),Fetranspor,257,17398659,"-22.8397","-43.3239"
709,709-CASCADURA X AMARELINHO (CIRCULAR),Fetranspor,258,17398659,"-22.8397","-43.3239"
709,709-CASCADURA X AMARELINHO (CIRCULAR),Fetranspor,259,17398659,"-22.8396","-43.3239"
709,709-CASCADURA X AMARELINHO (CIRCULAR),Fetranspor,260,17398659,"-22.8394","-43.324"
709,709-CASCADURA X AMARELINHO (CIRCULAR),Fetranspor,261,17398659,"-22.8387","-43.3242"
709,709-CASCADURA X AMARELINHO (CIRCULAR),Fetranspor,262,17398659,"-22.8387","-43.3242"
709,709-CASCADURA X AMARELINHO (CIRCULAR),Fetranspor,263,17398659,"-22.8385","-43.3243"
709,709-CASCADURA X AMARELINHO (CIRCULAR),Fetranspor,264,17398659,"-22.8385","-43.3243"
709,709-CASCADURA X AMARELINHO (CIRCULAR),Fetranspor,265,17398659,"-22.8379","-43.3245"
709,709-CASCADURA X AMARELINHO (CIRCULAR),Fetranspor,266,17398659,"-22.8378","-43.3246"
709,709-CASCADURA X AMARELINHO (CIRCULAR),Fetranspor,267,17398659,"-22.8378","-43.3246"
709,709-CASCADURA X AMARELINHO (CIRCULAR),Fetranspor,268,17398659,"-22.8375","-43.3247"
709,709-CASCADURA X AMARELINHO (CIRCULAR),Fetranspor,269,17398659,"-22.8375","-43.3247"
709,709-CASCADURA X AMARELINHO (CIRCULAR),Fetranspor,270,17398659,"-22.8374","-43.3248"
709,709-CASCADURA X AMARELINHO (CIRCULAR),Fetranspor,271,17398659,"-22.8371","-43.325"
709,709-CASCADURA X AMARELINHO (CIRCULAR),Fetranspor,272,17398659,"-22.8371","-43.325"
709,709-CASCADURA X AMARELINHO (CIRCULAR),Fetranspor,273,17398659,"-22.837","-43.3251"
709,709-CASCADURA X AMARELINHO (CIRCULAR),Fetranspor,274,17398659,"-22.837","-43.3251"
709,709-CASCADURA X AMARELINHO (CIRCULAR),Fetranspor,275,17398659,"-22.8365","-43.3255"
709,709-CASCADURA X AMARELINHO (CIRCULAR),Fetranspor,276,17398659,"-22.8365","-43.3255"
709,709-CASCADURA X AMARELINHO (CIRCULAR),Fetranspor,277,17398659,"-22.8364","-43.3256"
709,709-CASCADURA X AMARELINHO (CIRCULAR),Fetranspor,278,17398659,"-22.8364","-43.3256"
709,709-CASCADURA X AMARELINHO (CIRCULAR),Fetranspor,279,17398659,"-22.8362","-43.3257"
709,709-CASCADURA X AMARELINHO (CIRCULAR),Fetranspor,280,17398659,"-22.836","-43.3259"
709,709-CASCADURA X AMARELINHO (CIRCULAR),Fetranspor,281,17398659,"-22.836","-43.3259"
709,709-CASCADURA X AMARELINHO (CIRCULAR),Fetranspor,282,17398659,"-22.8359","-43.326"
709,709-CASCADURA X AMARELINHO (CIRCULAR),Fetranspor,283,17398659,"-22.8357","-43.3261"
709,709-CASCADURA X AMARELINHO (CIRCULAR),Fetranspor,284,17398659,"-22.8357","-43.3261"
709,709-CASCADURA X AMARELINHO (CIRCULAR),Fetranspor,285,17398659,"-22.8354","-43.3262"
709,709-CASCADURA X AMARELINHO (CIRCULAR),Fetranspor,286,17398659,"-22.8354","-43.3262"
709,709-CASCADURA X AMARELINHO (CIRCULAR),Fetranspor,287,17398659,"-22.8348","-43.3265"
709,709-CASCADURA X AMARELINHO (CIRCULAR),Fetranspor,288,17398659,"-22.8348","-43.3265"
709,709-CASCADURA X AMARELINHO (CIRCULAR),Fetranspor,289,17398659,"-22.8347","-43.3266"
709,709-CASCADURA X AMARELINHO (CIRCULAR),Fetranspor,290,17398659,"-22.8347","-43.3266"
709,709-CASCADURA X AMARELINHO (CIRCULAR),Fetranspor,291,17398659,"-22.8346","-43.3266"
709,709-CASCADURA X AMARELINHO (CIRCULAR),Fetranspor,292,17398659,"-22.8343","-43.3268"
709,709-CASCADURA X AMARELINHO (CIRCULAR),Fetranspor,293,17398659,"-22.8343","-43.3268"
709,709-CASCADURA X AMARELINHO (CIRCULAR),Fetranspor,294,17398659,"-22.8342","-43.3269"
709,709-CASCADURA X AMARELINHO (CIRCULAR),Fetranspor,295,17398659,"-22.834","-43.3272"
709,709-CASCADURA X AMARELINHO (CIRCULAR),Fetranspor,296,17398659,"-22.8339","-43.3273"
709,709-CASCADURA X AMARELINHO (CIRCULAR),Fetranspor,297,17398659,"-22.8339","-43.3273"
709,709-CASCADURA X AMARELINHO (CIRCULAR),Fetranspor,298,17398659,"-22.8335","-43.3277"
709,709-CASCADURA X AMARELINHO (CIRCULAR),Fetranspor,299,17398659,"-22.8335","-43.3277"
709,709-CASCADURA X AMARELINHO (CIRCULAR),Fetranspor,300,17398659,"-22.8335","-43.3278"
709,709-CASCADURA X AMARELINHO (CIRCULAR),Fetranspor,301,17398659,"-22.8334","-43.3278"
709,709-CASCADURA X AMARELINHO (CIRCULAR),Fetranspor,302,17398659,"-22.8332","-43.3281"
709,709-CASCADURA X AMARELINHO (CIRCULAR),Fetranspor,303,17398659,"-22.8331","-43.3282"
709,709-CASCADURA X AMARELINHO (CIRCULAR),Fetranspor,304,17398659,"-22.833","-43.3283"
709,709-CASCADURA X AMARELINHO (CIRCULAR),Fetranspor,305,17398659,"-22.833","-43.3283"
709,709-CASCADURA X AMARELINHO (CIRCULAR),Fetranspor,306,17398659,"-22.8329","-43.3283"
709,709-CASCADURA X AMARELINHO (CIRCULAR),Fetranspor,307,17398659,"-22.8328","-43.3284"
709,709-CASCADURA X AMARELINHO (CIRCULAR),Fetranspor,308,17398659,"-22.8323","-43.3284"
709,709-CASCADURA X AMARELINHO (CIRCULAR),Fetranspor,309,17398659,"-22.8317","-43.3285"
709,709-CASCADURA X AMARELINHO (CIRCULAR),Fetranspor,310,17398659,"-22.8317","-43.3285"
709,709-CASCADURA X AMARELINHO (CIRCULAR),Fetranspor,311,17398659,"-22.8316","-43.3285"
709,709-CASCADURA X AMARELINHO (CIRCULAR),Fetranspor,312,17398659,"-22.8315","-43.3285"
709,709-CASCADURA X AMARELINHO (CIRCULAR),Fetranspor,313,17398659,"-22.8314","-43.3285"
709,709-CASCADURA X AMARELINHO (CIRCULAR),Fetranspor,314,17398659,"-22.8313","-43.3285"
709,709-CASCADURA X AMARELINHO (CIRCULAR),Fetranspor,315,17398659,"-22.8313","-43.3285"
709,709-CASCADURA X AMARELINHO (CIRCULAR),Fetranspor,316,17398659,"-22.8312","-43.3284"
709,709-CASCADURA X AMARELINHO (CIRCULAR),Fetranspor,317,17398659,"-22.8311","-43.3283"
709,709-CASCADURA X AMARELINHO (CIRCULAR),Fetranspor,318,17398659,"-22.8311","-43.3283"
709,709-CASCADURA X AMARELINHO (CIRCULAR),Fetranspor,319,17398659,"-22.8311","-43.3282"
709,709-CASCADURA X AMARELINHO (CIRCULAR),Fetranspor,320,17398659,"-22.8305","-43.3266"
709,709-CASCADURA X AMARELINHO (CIRCULAR),Fetranspor,321,17398659,"-22.8303","-43.3262"
709,709-CASCADURA X AMARELINHO (CIRCULAR),Fetranspor,322,17398659,"-22.8302","-43.326"
709,709-CASCADURA X AMARELINHO (CIRCULAR),Fetranspor,323,17398659,"-22.8302","-43.326"
709,709-CASCADURA X AMARELINHO (CIRCULAR),Fetranspor,324,17398659,"-22.8302","-43.326"
709,709-CASCADURA X AMARELINHO (CIRCULAR),Fetranspor,325,17398659,"-22.83","-43.3258"
709,709-CASCADURA X AMARELINHO (CIRCULAR),Fetranspor,326,17398659,"-22.8297","-43.3256"
709,709-CASCADURA X AMARELINHO (CIRCULAR),Fetranspor,327,17398659,"-22.8297","-43.3256"
709,709-CASCADURA X AMARELINHO (CIRCULAR),Fetranspor,328,17398659,"-22.8288","-43.325"
709,709-CASCADURA X AMARELINHO (CIRCULAR),Fetranspor,329,17398659,"-22.8287","-43.3249"
709,709-CASCADURA X AMARELINHO (CIRCULAR),Fetranspor,330,17398659,"-22.8287","-43.3248"
709,709-CASCADURA X AMARELINHO (CIRCULAR),Fetranspor,331,17398659,"-22.8287","-43.3248"
709,709-CASCADURA X AMARELINHO (CIRCULAR),Fetranspor,332,17398659,"-22.8286","-43.3248"
709,709-CASCADURA X AMARELINHO (CIRCULAR),Fetranspor,333,17398659,"-22.8286","-43.3248"
709,709-CASCADURA X AMARELINHO (CIRCULAR),Fetranspor,334,17398659,"-22.8282","-43.3249"
709,709-CASCADURA X AMARELINHO (CIRCULAR),Fetranspor,335,17398659,"-22.8279","-43.3249"
709,709-CASCADURA X AMARELINHO (CIRCULAR),Fetranspor,336,17398659,"-22.8278","-43.3249"
709,709-CASCADURA X AMARELINHO (CIRCULAR),Fetranspor,337,17398659,"-22.8276","-43.325"
709,709-CASCADURA X AMARELINHO (CIRCULAR),Fetranspor,338,17398659,"-22.8275","-43.325"
709,709-CASCADURA X AMARELINHO (CIRCULAR),Fetranspor,339,17398659,"-22.8272","-43.3252"
709,709-CASCADURA X AMARELINHO (CIRCULAR),Fetranspor,340,17398659,"-22.8269","-43.3253"
709,709-CASCADURA X AMARELINHO (CIRCULAR),Fetranspor,341,17398659,"-22.8263","-43.3257"
709,709-CASCADURA X AMARELINHO (CIRCULAR),Fetranspor,342,17398659,"-22.8261","-43.3258"
709,709-CASCADURA X AMARELINHO (CIRCULAR),Fetranspor,343,17398659,"-22.826","-43.3258"
709,709-CASCADURA X AMARELINHO (CIRCULAR),Fetranspor,344,17398659,"-22.8258","-43.3258"
709,709-CASCADURA X AMARELINHO (CIRCULAR),Fetranspor,345,17398659,"-22.8257","-43.3258"
709,709-CASCADURA X AMARELINHO (CIRCULAR),Fetranspor,346,17398659,"-22.8256","-43.3258"
709,709-CASCADURA X AMARELINHO (CIRCULAR),Fetranspor,347,17398659,"-22.8255","-43.3258"
709,709-CASCADURA X AMARELINHO (CIRCULAR),Fetranspor,348,17398659,"-22.8253","-43.3257"
709,709-CASCADURA X AMARELINHO (CIRCULAR),Fetranspor,349,17398659,"-22.8252","-43.3257"
709,709-CASCADURA X AMARELINHO (CIRCULAR),Fetranspor,350,17398659,"-22.8244","-43.3252"
709,709-CASCADURA X AMARELINHO (CIRCULAR),Fetranspor,351,17398659,"-22.8244","-43.3252"
709,709-CASCADURA X AMARELINHO (CIRCULAR),Fetranspor,352,17398659,"-22.8234","-43.3245"
709,709-CASCADURA X AMARELINHO (CIRCULAR),Fetranspor,353,17398659,"-22.8233","-43.3244"
709,709-CASCADURA X AMARELINHO (CIRCULAR),Fetranspor,354,17398659,"-22.8233","-43.3244"
709,709-CASCADURA X AMARELINHO (CIRCULAR),Fetranspor,355,17398659,"-22.8229","-43.3241"
709,709-CASCADURA X AMARELINHO (CIRCULAR),Fetranspor,356,17398659,"-22.8228","-43.324"
709,709-CASCADURA X AMARELINHO (CIRCULAR),Fetranspor,357,17398659,"-22.8225","-43.3238"
709,709-CASCADURA X AMARELINHO (CIRCULAR),Fetranspor,358,17398659,"-22.8224","-43.3235"
709,709-CASCADURA X AMARELINHO (CIRCULAR),Fetranspor,359,17398659,"-22.8218","-43.3226"
709,709-CASCADURA X AMARELINHO (CIRCULAR),Fetranspor,360,17398659,"-22.8216","-43.3223"
709,709-CASCADURA X AMARELINHO (CIRCULAR),Fetranspor,361,17398659,"-22.8216","-43.3223"
709,709-CASCADURA X AMARELINHO (CIRCULAR),Fetranspor,362,17398659,"-22.8215","-43.3221"
709,709-CASCADURA X AMARELINHO (CIRCULAR),Fetranspor,363,17398659,"-22.8215","-43.322"
709,709-CASCADURA X AMARELINHO (CIRCULAR),Fetranspor,364,17398659,"-22.8215","-43.3219"
709,709-CASCADURA X AMARELINHO (CIRCULAR),Fetranspor,365,17398659,"-22.8213","-43.3214"
709,709-CASCADURA X AMARELINHO (CIRCULAR),Fetranspor,366,17398659,"-22.8213","-43.3214"
709,709-CASCADURA X AMARELINHO (CIRCULAR),Fetranspor,367,17398659,"-22.8213","-43.3213"
709,709-CASCADURA X AMARELINHO (CIRCULAR),Fetranspor,368,17398659,"-22.8213","-43.3212"
709,709-CASCADURA X AMARELINHO (CIRCULAR),Fetranspor,369,17398659,"-22.8213","-43.3212"
709,709-CASCADURA X AMARELINHO (CIRCULAR),Fetranspor,370,17398659,"-22.8212","-43.3211"
709,709-CASCADURA X AMARELINHO (CIRCULAR),Fetranspor,371,17398659,"-22.821","-43.3207"
709,709-CASCADURA X AMARELINHO (CIRCULAR),Fetranspor,372,17398659,"-22.821","-43.3207"
709,709-CASCADURA X AMARELINHO (CIRCULAR),Fetranspor,373,17398659,"-22.8209","-43.3207"
709,709-CASCADURA X AMARELINHO (CIRCULAR),Fetranspor,374,17398659,"-22.8208","-43.3204"
709,709-CASCADURA X AMARELINHO (CIRCULAR),Fetranspor,375,17398659,"-22.8207","-43.3204"
709,709-CASCADURA X AMARELINHO (CIRCULAR),Fetranspor,376,17398659,"-22.8207","-43.3204"
709,709-CASCADURA X AMARELINHO (CIRCULAR),Fetranspor,377,17398659,"-22.8207","-43.3203"
709,709-CASCADURA X AMARELINHO (CIRCULAR),Fetranspor,378,17398659,"-22.8207","-43.3203"
709,709-CASCADURA X AMARELINHO (CIRCULAR),Fetranspor,379,17398659,"-22.8206","-43.3201"
709,709-CASCADURA X AMARELINHO (CIRCULAR),Fetranspor,380,17398659,"-22.8206","-43.3201"
709,709-CASCADURA X AMARELINHO (CIRCULAR),Fetranspor,381,17398659,"-22.8206","-43.32"
709,709-CASCADURA X AMARELINHO (CIRCULAR),Fetranspor,382,17398659,"-22.8206","-43.32"
709,709-CASCADURA X AMARELINHO (CIRCULAR),Fetranspor,383,17398659,"-22.8205","-43.3198"
709,709-CASCADURA X AMARELINHO (CIRCULAR),Fetranspor,384,17398659,"-22.8204","-43.3193"
709,709-CASCADURA X AMARELINHO (CIRCULAR),Fetranspor,385,17398659,"-22.8203","-43.319"
709,709-CASCADURA X AMARELINHO (CIRCULAR),Fetranspor,386,17398659,"-22.8202","-43.3188"
709,709-CASCADURA X AMARELINHO (CIRCULAR),Fetranspor,387,17398659,"-22.8202","-43.3186"
709,709-CASCADURA X AMARELINHO (CIRCULAR),Fetranspor,388,17398659,"-22.8202","-43.3186"
709,709-CASCADURA X AMARELINHO (CIRCULAR),Fetranspor,389,17398659,"-22.8202","-43.3184"
709,709-CASCADURA X AMARELINHO (CIRCULAR),Fetranspor,390,17398659,"-22.8203","-43.3183"
709,709-CASCADURA X AMARELINHO (CIRCULAR),Fetranspor,391,17398659,"-22.8203","-43.3182"
709,709-CASCADURA X AMARELINHO (CIRCULAR),Fetranspor,392,17398659,"-22.8204","-43.3181"
709,709-CASCADURA X AMARELINHO (CIRCULAR),Fetranspor,393,17398659,"-22.8207","-43.3179"
709,709-CASCADURA X AMARELINHO (CIRCULAR),Fetranspor,394,17398659,"-22.8211","-43.3177"
709,709-CASCADURA X AMARELINHO (CIRCULAR),Fetranspor,395,17398659,"-22.8212","-43.3177"
709,709-CASCADURA X AMARELINHO (CIRCULAR),Fetranspor,396,17398659,"-22.8213","-43.3177"
709,709-CASCADURA X AMARELINHO (CIRCULAR),Fetranspor,397,17398659,"-22.8214","-43.3177"
709,709-CASCADURA X AMARELINHO (CIRCULAR),Fetranspor,398,17398659,"-22.8215","-43.3178"
709,709-CASCADURA X AMARELINHO (CIRCULAR),Fetranspor,399,17398659,"-22.8216","-43.3178"
709,709-CASCADURA X AMARELINHO (CIRCULAR),Fetranspor,400,17398659,"-22.8217","-43.3179"
709,709-CASCADURA X AMARELINHO (CIRCULAR),Fetranspor,401,17398659,"-22.8218","-43.318"
709,709-CASCADURA X AMARELINHO (CIRCULAR),Fetranspor,402,17398659,"-22.8218","-43.3181"
709,709-CASCADURA X AMARELINHO (CIRCULAR),Fetranspor,403,17398659,"-22.8219","-43.3184"
709,709-CASCADURA X AMARELINHO (CIRCULAR),Fetranspor,404,17398659,"-22.8219","-43.3187"
709,709-CASCADURA X AMARELINHO (CIRCULAR),Fetranspor,405,17398659,"-22.8218","-43.3188"
709,709-CASCADURA X AMARELINHO (CIRCULAR),Fetranspor,406,17398659,"-22.8218","-43.3188"
709,709-CASCADURA X AMARELINHO (CIRCULAR),Fetranspor,407,17398659,"-22.8218","-43.319"
709,709-CASCADURA X AMARELINHO (CIRCULAR),Fetranspor,408,17398659,"-22.8218","-43.3191"
709,709-CASCADURA X AMARELINHO (CIRCULAR),Fetranspor,409,17398659,"-22.8217","-43.3192"
709,709-CASCADURA X AMARELINHO (CIRCULAR),Fetranspor,410,17398659,"-22.8216","-43.3194"
709,709-CASCADURA X AMARELINHO (CIRCULAR),Fetranspor,411,17398659,"-22.8215","-43.3195"
709,709-CASCADURA X AMARELINHO (CIRCULAR),Fetranspor,412,17398659,"-22.8214","-43.3197"
709,709-CASCADURA X AMARELINHO (CIRCULAR),Fetranspor,413,17398659,"-22.8212","-43.3198"
709,709-CASCADURA X AMARELINHO (CIRCULAR),Fetranspor,414,17398659,"-22.821","-43.3199"
709,709-CASCADURA X AMARELINHO (CIRCULAR),Fetranspor,415,17398659,"-22.8206","-43.32"
709,709-CASCADURA X AMARELINHO (CIRCULAR),Fetranspor,416,17398659,"-22.8206","-43.32"
709,709-CASCADURA X AMARELINHO (CIRCULAR),Fetranspor,417,17398659,"-22.8203","-43.3201"
709,709-CASCADURA X AMARELINHO (CIRCULAR),Fetranspor,418,17398659,"-22.8203","-43.3201"
709,709-CASCADURA X AMARELINHO (CIRCULAR),Fetranspor,419,17398659,"-22.8202","-43.3201"
709,709-CASCADURA X AMARELINHO (CIRCULAR),Fetranspor,420,17398659,"-22.8202","-43.3201"
709,709-CASCADURA X AMARELINHO (CIRCULAR),Fetranspor,421,17398659,"-22.82","-43.3202"
709,709-CASCADURA X AMARELINHO (CIRCULAR),Fetranspor,422,17398659,"-22.82","-43.3202"
709,709-CASCADURA X AMARELINHO (CIRCULAR),Fetranspor,423,17398659,"-22.8194","-43.3204"
709,709-CASCADURA X AMARELINHO (CIRCULAR),Fetranspor,424,17398659,"-22.8194","-43.3204"
709,709-CASCADURA X AMARELINHO (CIRCULAR),Fetranspor,425,17398659,"-22.8193","-43.3204"
709,709-CASCADURA X AMARELINHO (CIRCULAR),Fetranspor,426,17398659,"-22.8191","-43.3204"
709,709-CASCADURA X AMARELINHO (CIRCULAR),Fetranspor,427,17398659,"-22.819","-43.3204"
709,709-CASCADURA X AMARELINHO (CIRCULAR),Fetranspor,428,17398659,"-22.8189","-43.3203"
709,709-CASCADURA X AMARELINHO (CIRCULAR),Fetranspor,429,17398659,"-22.8189","-43.3202"
709,709-CASCADURA X AMARELINHO (CIRCULAR),Fetranspor,430,17398659,"-22.8189","-43.3202"
709,709-CASCADURA X AMARELINHO (CIRCULAR),Fetranspor,431,17398659,"-22.8188","-43.32"
709,709-CASCADURA X AMARELINHO (CIRCULAR),Fetranspor,432,17398659,"-22.8189","-43.3199"
709,709-CASCADURA X AMARELINHO (CIRCULAR),Fetranspor,433,17398659,"-22.8191","-43.3194"
709,709-CASCADURA X AMARELINHO (CIRCULAR),Fetranspor,434,17398659,"-22.8192","-43.3193"
709,709-CASCADURA X AMARELINHO (CIRCULAR),Fetranspor,435,17398659,"-22.8192","-43.3192"
709,709-CASCADURA X AMARELINHO (CIRCULAR),Fetranspor,436,17398659,"-22.8193","-43.3192"
709,709-CASCADURA X AMARELINHO (CIRCULAR),Fetranspor,437,17398659,"-22.8194","-43.3192"
709,709-CASCADURA X AMARELINHO (CIRCULAR),Fetranspor,438,17398659,"-22.8195","-43.3192"
709,709-CASCADURA X AMARELINHO (CIRCULAR),Fetranspor,439,17398659,"-22.8195","-43.3192"
709,709-CASCADURA X AMARELINHO (CIRCULAR),Fetranspor,440,17398659,"-22.8196","-43.3193"
709,709-CASCADURA X AMARELINHO (CIRCULAR),Fetranspor,441,17398659,"-22.8198","-43.3195"
709,709-CASCADURA X AMARELINHO (CIRCULAR),Fetranspor,442,17398659,"-22.8198","-43.3195"
709,709-CASCADURA X AMARELINHO (CIRCULAR),Fetranspor,443,17398659,"-22.8198","-43.3196"
709,709-CASCADURA X AMARELINHO (CIRCULAR),Fetranspor,444,17398659,"-22.8199","-43.3201"
709,709-CASCADURA X AMARELINHO (CIRCULAR),Fetranspor,445,17398659,"-22.82","-43.3202"
709,709-CASCADURA X AMARELINHO (CIRCULAR),Fetranspor,446,17398659,"-22.82","-43.3202"
709,709-CASCADURA X AMARELINHO (CIRCULAR),Fetranspor,447,17398659,"-22.82","-43.3203"
709,709-CASCADURA X AMARELINHO (CIRCULAR),Fetranspor,448,17398659,"-22.82","-43.3203"
709,709-CASCADURA X AMARELINHO (CIRCULAR),Fetranspor,449,17398659,"-22.82","-43.3205"
709,709-CASCADURA X AMARELINHO (CIRCULAR),Fetranspor,450,17398659,"-22.82","-43.3205"
709,709-CASCADURA X AMARELINHO (CIRCULAR),Fetranspor,451,17398659,"-22.8201","-43.3208"
709,709-CASCADURA X AMARELINHO (CIRCULAR),Fetranspor,452,17398659,"-22.8203","-43.3213"
709,709-CASCADURA X AMARELINHO (CIRCULAR),Fetranspor,453,17398659,"-22.8203","-43.3213"
709,709-CASCADURA X AMARELINHO (CIRCULAR),Fetranspor,454,17398659,"-22.8206","-43.322"
709,709-CASCADURA X AMARELINHO (CIRCULAR),Fetranspor,455,17398659,"-22.8207","-43.3223"
709,709-CASCADURA X AMARELINHO (CIRCULAR),Fetranspor,456,17398659,"-22.8208","-43.3225"
709,709-CASCADURA X AMARELINHO (CIRCULAR),Fetranspor,457,17398659,"-22.821","-43.3231"
709,709-CASCADURA X AMARELINHO (CIRCULAR),Fetranspor,458,17398659,"-22.821","-43.3231"
709,709-CASCADURA X AMARELINHO (CIRCULAR),Fetranspor,459,17398659,"-22.8211","-43.3235"
709,709-CASCADURA X AMARELINHO (CIRCULAR),Fetranspor,460,17398659,"-22.8214","-43.3242"
709,709-CASCADURA X AMARELINHO (CIRCULAR),Fetranspor,461,17398659,"-22.8217","-43.3251"
709,709-CASCADURA X AMARELINHO (CIRCULAR),Fetranspor,462,17398659,"-22.8217","-43.3251"
709,709-CASCADURA X AMARELINHO (CIRCULAR),Fetranspor,463,17398659,"-22.8219","-43.3259"
709,709-CASCADURA X AMARELINHO (CIRCULAR),Fetranspor,464,17398659,"-22.8225","-43.3276"
709,709-CASCADURA X AMARELINHO (CIRCULAR),Fetranspor,465,17398659,"-22.8231","-43.3296"
709,709-CASCADURA X AMARELINHO (CIRCULAR),Fetranspor,466,17398659,"-22.8231","-43.3296"
709,709-CASCADURA X AMARELINHO (CIRCULAR),Fetranspor,467,17398659,"-22.8236","-43.3312"
709,709-CASCADURA X AMARELINHO (CIRCULAR),Fetranspor,468,17398659,"-22.8237","-43.3313"
709,709-CASCADURA X AMARELINHO (CIRCULAR),Fetranspor,469,17398659,"-22.8237","-43.3313"
709,709-CASCADURA X AMARELINHO (CIRCULAR),Fetranspor,470,17398659,"-22.823","-43.3313"
709,709-CASCADURA X AMARELINHO (CIRCULAR),Fetranspor,471,17398659,"-22.823","-43.3313"
709,709-CASCADURA X AMARELINHO (CIRCULAR),Fetranspor,472,17398659,"-22.8228","-43.3312"
709,709-CASCADURA X AMARELINHO (CIRCULAR),Fetranspor,473,17398659,"-22.8221","-43.3312"
709,709-CASCADURA X AMARELINHO (CIRCULAR),Fetranspor,474,17398659,"-22.8221","-43.3312"
709,709-CASCADURA X AMARELINHO (CIRCULAR),Fetranspor,475,17398659,"-22.822","-43.3318"
709,709-CASCADURA X AMARELINHO (CIRCULAR),Fetranspor,476,17398659,"-22.822","-43.3318"
709,709-CASCADURA X AMARELINHO (CIRCULAR),Fetranspor,477,17398659,"-22.8209","-43.3317"
709,709-CASCADURA X AMARELINHO (CIRCULAR),Fetranspor,478,17398659,"-22.8209","-43.3317"
709,709-CASCADURA X AMARELINHO (CIRCULAR),Fetranspor,479,17398659,"-22.8203","-43.3316"
709,709-CASCADURA X AMARELINHO (CIRCULAR),Fetranspor,480,17398659,"-22.8203","-43.3316"
709,709-CASCADURA X AMARELINHO (CIRCULAR),Fetranspor,481,17398659,"-22.8192","-43.3315"
709,709-CASCADURA X AMARELINHO (CIRCULAR),Fetranspor,482,17398659,"-22.8192","-43.3315"
709,709-CASCADURA X AMARELINHO (CIRCULAR),Fetranspor,483,17398659,"-22.8191","-43.3313"
709,709-CASCADURA X AMARELINHO (CIRCULAR),Fetranspor,484,17398659,"-22.8191","-43.3313"
709,709-CASCADURA X AMARELINHO (CIRCULAR),Fetranspor,485,17398659,"-22.8187","-43.3314"
709,709-CASCADURA X AMARELINHO (CIRCULAR),Fetranspor,486,17398659,"-22.8187","-43.3314"
709,709-CASCADURA X AMARELINHO (CIRCULAR),Fetranspor,487,17398659,"-22.8181","-43.3316"
709,709-CASCADURA X AMARELINHO (CIRCULAR),Fetranspor,488,17398659,"-22.8181","-43.3316"
709,709-CASCADURA X AMARELINHO (CIRCULAR),Fetranspor,489,17398659,"-22.8182","-43.3327"
709,709-CASCADURA X AMARELINHO (CIRCULAR),Fetranspor,490,17398659,"-22.8182","-43.3327"
709,709-CASCADURA X AMARELINHO (CIRCULAR),Fetranspor,491,17398659,"-22.8183","-43.3332"
709,709-CASCADURA X AMARELINHO (CIRCULAR),Fetranspor,492,17398659,"-22.8183","-43.3332"
709,709-CASCADURA X AMARELINHO (CIRCULAR),Fetranspor,493,17398659,"-22.8188","-43.3332"
709,709-CASCADURA X AMARELINHO (CIRCULAR),Fetranspor,494,17398659,"-22.8207","-43.3335"
709,709-CASCADURA X AMARELINHO (CIRCULAR),Fetranspor,495,17398659,"-22.8207","-43.3335"
709,709-CASCADURA X AMARELINHO (CIRCULAR),Fetranspor,496,17398659,"-22.8219","-43.3336"
709,709-CASCADURA X AMARELINHO (CIRCULAR),Fetranspor,497,17398659,"-22.8219","-43.3336"
709,709-CASCADURA X AMARELINHO (CIRCULAR),Fetranspor,498,17398659,"-22.8235","-43.3338"
709,709-CASCADURA X AMARELINHO (CIRCULAR),Fetranspor,499,17398659,"-22.8235","-43.3338"
709,709-CASCADURA X AMARELINHO (CIRCULAR),Fetranspor,500,17398659,"-22.8243","-43.3339"
709,709-CASCADURA X AMARELINHO (CIRCULAR),Fetranspor,501,17398659,"-22.8244","-43.3339"
709,709-CASCADURA X AMARELINHO (CIRCULAR),Fetranspor,502,17398659,"-22.8246","-43.3338"
709,709-CASCADURA X AMARELINHO (CIRCULAR),Fetranspor,503,17398659,"-22.8246","-43.3338"
709,709-CASCADURA X AMARELINHO (CIRCULAR),Fetranspor,504,17398659,"-22.8247","-43.3343"
709,709-CASCADURA X AMARELINHO (CIRCULAR),Fetranspor,505,17398659,"-22.8247","-43.3343"
709,709-CASCADURA X AMARELINHO (CIRCULAR),Fetranspor,506,17398659,"-22.8249","-43.3349"
709,709-CASCADURA X AMARELINHO (CIRCULAR),Fetranspor,507,17398659,"-22.8249","-43.3349"
709,709-CASCADURA X AMARELINHO (CIRCULAR),Fetranspor,508,17398659,"-22.8249","-43.335"
709,709-CASCADURA X AMARELINHO (CIRCULAR),Fetranspor,509,17398659,"-22.8249","-43.335"
709,709-CASCADURA X AMARELINHO (CIRCULAR),Fetranspor,510,17398659,"-22.8249","-43.3354"
709,709-CASCADURA X AMARELINHO (CIRCULAR),Fetranspor,511,17398659,"-22.8249","-43.3355"
709,709-CASCADURA X AMARELINHO (CIRCULAR),Fetranspor,512,17398659,"-22.825","-43.3357"
709,709-CASCADURA X AMARELINHO (CIRCULAR),Fetranspor,513,17398659,"-22.825","-43.3361"
709,709-CASCADURA X AMARELINHO (CIRCULAR),Fetranspor,514,17398659,"-22.8249","-43.3368"
709,709-CASCADURA X AMARELINHO (CIRCULAR),Fetranspor,515,17398659,"-22.8249","-43.3368"
709,709-CASCADURA X AMARELINHO (CIRCULAR),Fetranspor,516,17398659,"-22.8248","-43.3369"
709,709-CASCADURA X AMARELINHO (CIRCULAR),Fetranspor,517,17398659,"-22.8248","-43.337"
709,709-CASCADURA X AMARELINHO (CIRCULAR),Fetranspor,518,17398659,"-22.8248","-43.3372"
709,709-CASCADURA X AMARELINHO (CIRCULAR),Fetranspor,519,17398659,"-22.8248","-43.3373"
709,709-CASCADURA X AMARELINHO (CIRCULAR),Fetranspor,520,17398659,"-22.8248","-43.3374"
709,709-CASCADURA X AMARELINHO (CIRCULAR),Fetranspor,521,17398659,"-22.8249","-43.3376"
709,709-CASCADURA X AMARELINHO (CIRCULAR),Fetranspor,522,17398659,"-22.8249","-43.3377"
709,709-CASCADURA X AMARELINHO (CIRCULAR),Fetranspor,523,17398659,"-22.8249","-43.3378"
709,709-CASCADURA X AMARELINHO (CIRCULAR),Fetranspor,524,17398659,"-22.825","-43.3378"
709,709-CASCADURA X AMARELINHO (CIRCULAR),Fetranspor,0,17546127,"-22.825","-43.3378"
709,709-CASCADURA X AMARELINHO (CIRCULAR),Fetranspor,1,17546127,"-22.825","-43.3378"
709,709-CASCADURA X AMARELINHO (CIRCULAR),Fetranspor,2,17546127,"-22.825","-43.3379"
709,709-CASCADURA X AMARELINHO (CIRCULAR),Fetranspor,3,17546127,"-22.8251","-43.338"
709,709-CASCADURA X AMARELINHO (CIRCULAR),Fetranspor,4,17546127,"-22.8251","-43.338"
709,709-CASCADURA X AMARELINHO (CIRCULAR),Fetranspor,5,17546127,"-22.8259","-43.3387"
709,709-CASCADURA X AMARELINHO (CIRCULAR),Fetranspor,6,17546127,"-22.826","-43.3388"
709,709-CASCADURA X AMARELINHO (CIRCULAR),Fetranspor,7,17546127,"-22.826","-43.3389"
709,709-CASCADURA X AMARELINHO (CIRCULAR),Fetranspor,8,17546127,"-22.8261","-43.339"
709,709-CASCADURA X AMARELINHO (CIRCULAR),Fetranspor,9,17546127,"-22.8261","-43.339"
709,709-CASCADURA X AMARELINHO (CIRCULAR),Fetranspor,10,17546127,"-22.8263","-43.3397"
709,709-CASCADURA X AMARELINHO (CIRCULAR),Fetranspor,11,17546127,"-22.8264","-43.3398"
709,709-CASCADURA X AMARELINHO (CIRCULAR),Fetranspor,12,17546127,"-22.8264","-43.3398"
709,709-CASCADURA X AMARELINHO (CIRCULAR),Fetranspor,13,17546127,"-22.8264","-43.3398"
709,709-CASCADURA X AMARELINHO (CIRCULAR),Fetranspor,14,17546127,"-22.8265","-43.3398"
709,709-CASCADURA X AMARELINHO (CIRCULAR),Fetranspor,15,17546127,"-22.8265","-43.3398"
709,709-CASCADURA X AMARELINHO (CIRCULAR),Fetranspor,16,17546127,"-22.8267","-43.34"
709,709-CASCADURA X AMARELINHO (CIRCULAR),Fetranspor,17,17546127,"-22.8267","-43.34"
709,709-CASCADURA X AMARELINHO (CIRCULAR),Fetranspor,18,17546127,"-22.8268","-43.34"
709,709-CASCADURA X AMARELINHO (CIRCULAR),Fetranspor,19,17546127,"-22.8268","-43.34"
709,709-CASCADURA X AMARELINHO (CIRCULAR),Fetranspor,20,17546127,"-22.8269","-43.3404"
709,709-CASCADURA X AMARELINHO (CIRCULAR),Fetranspor,21,17546127,"-22.8272","-43.3411"
709,709-CASCADURA X AMARELINHO (CIRCULAR),Fetranspor,22,17546127,"-22.8272","-43.3411"
709,709-CASCADURA X AMARELINHO (CIRCULAR),Fetranspor,23,17546127,"-22.8273","-43.3413"
709,709-CASCADURA X AMARELINHO (CIRCULAR),Fetranspor,24,17546127,"-22.8275","-43.3418"
709,709-CASCADURA X AMARELINHO (CIRCULAR),Fetranspor,25,17546127,"-22.8275","-43.342"
709,709-CASCADURA X AMARELINHO (CIRCULAR),Fetranspor,26,17546127,"-22.8275","-43.342"
709,709-CASCADURA X AMARELINHO (CIRCULAR),Fetranspor,27,17546127,"-22.8275","-43.3421"
709,709-CASCADURA X AMARELINHO (CIRCULAR),Fetranspor,28,17546127,"-22.8276","-43.3422"
709,709-CASCADURA X AMARELINHO (CIRCULAR),Fetranspor,29,17546127,"-22.8277","-43.3424"
709,709-CASCADURA X AMARELINHO (CIRCULAR),Fetranspor,30,17546127,"-22.8278","-43.3425"
709,709-CASCADURA X AMARELINHO (CIRCULAR),Fetranspor,31,17546127,"-22.8278","-43.3425"
709,709-CASCADURA X AMARELINHO (CIRCULAR),Fetranspor,32,17546127,"-22.8279","-43.3429"
709,709-CASCADURA X AMARELINHO (CIRCULAR),Fetranspor,33,17546127,"-22.8281","-43.3431"
709,709-CASCADURA X AMARELINHO (CIRCULAR),Fetranspor,34,17546127,"-22.8286","-43.3446"
709,709-CASCADURA X AMARELINHO (CIRCULAR),Fetranspor,35,17546127,"-22.8287","-43.3451"
709,709-CASCADURA X AMARELINHO (CIRCULAR),Fetranspor,36,17546127,"-22.8288","-43.3452"
709,709-CASCADURA X AMARELINHO (CIRCULAR),Fetranspor,37,17546127,"-22.8288","-43.3452"
709,709-CASCADURA X AMARELINHO (CIRCULAR),Fetranspor,38,17546127,"-22.8289","-43.3455"
709,709-CASCADURA X AMARELINHO (CIRCULAR),Fetranspor,39,17546127,"-22.8289","-43.3457"
709,709-CASCADURA X AMARELINHO (CIRCULAR),Fetranspor,40,17546127,"-22.8291","-43.3461"
709,709-CASCADURA X AMARELINHO (CIRCULAR),Fetranspor,41,17546127,"-22.8295","-43.3472"
709,709-CASCADURA X AMARELINHO (CIRCULAR),Fetranspor,42,17546127,"-22.8301","-43.3486"
709,709-CASCADURA X AMARELINHO (CIRCULAR),Fetranspor,43,17546127,"-22.8303","-43.3493"
709,709-CASCADURA X AMARELINHO (CIRCULAR),Fetranspor,44,17546127,"-22.8303","-43.3493"
709,709-CASCADURA X AMARELINHO (CIRCULAR),Fetranspor,45,17546127,"-22.8308","-43.3505"
709,709-CASCADURA X AMARELINHO (CIRCULAR),Fetranspor,46,17546127,"-22.831","-43.3513"
709,709-CASCADURA X AMARELINHO (CIRCULAR),Fetranspor,47,17546127,"-22.831","-43.3513"
709,709-CASCADURA X AMARELINHO (CIRCULAR),Fetranspor,48,17546127,"-22.831","-43.3516"
709,709-CASCADURA X AMARELINHO (CIRCULAR),Fetranspor,49,17546127,"-22.831","-43.3516"
709,709-CASCADURA X AMARELINHO (CIRCULAR),Fetranspor,50,17546127,"-22.8314","-43.3525"
709,709-CASCADURA X AMARELINHO (CIRCULAR),Fetranspor,51,17546127,"-22.8314","-43.3525"
709,709-CASCADURA X AMARELINHO (CIRCULAR),Fetranspor,52,17546127,"-22.8314","-43.3527"
709,709-CASCADURA X AMARELINHO (CIRCULAR),Fetranspor,53,17546127,"-22.8313","-43.3529"
709,709-CASCADURA X AMARELINHO (CIRCULAR),Fetranspor,54,17546127,"-22.8313","-43.3529"
709,709-CASCADURA X AMARELINHO (CIRCULAR),Fetranspor,55,17546127,"-22.8313","-43.3529"
709,709-CASCADURA X AMARELINHO (CIRCULAR),Fetranspor,56,17546127,"-22.8312","-43.353"
709,709-CASCADURA X AMARELINHO (CIRCULAR),Fetranspor,57,17546127,"-22.8311","-43.353"
709,709-CASCADURA X AMARELINHO (CIRCULAR),Fetranspor,58,17546127,"-22.8306","-43.3532"
709,709-CASCADURA X AMARELINHO (CIRCULAR),Fetranspor,59,17546127,"-22.8306","-43.3532"
709,709-CASCADURA X AMARELINHO (CIRCULAR),Fetranspor,60,17546127,"-22.8301","-43.3535"
709,709-CASCADURA X AMARELINHO (CIRCULAR),Fetranspor,61,17546127,"-22.8299","-43.3535"
709,709-CASCADURA X AMARELINHO (CIRCULAR),Fetranspor,62,17546127,"-22.8299","-43.3535"
709,709-CASCADURA X AMARELINHO (CIRCULAR),Fetranspor,63,17546127,"-22.8294","-43.3537"
709,709-CASCADURA X AMARELINHO (CIRCULAR),Fetranspor,64,17546127,"-22.8294","-43.3537"
709,709-CASCADURA X AMARELINHO (CIRCULAR),Fetranspor,65,17546127,"-22.829","-43.3539"
709,709-CASCADURA X AMARELINHO (CIRCULAR),Fetranspor,66,17546127,"-22.829","-43.3539"
709,709-CASCADURA X AMARELINHO (CIRCULAR),Fetranspor,67,17546127,"-22.8285","-43.3541"
709,709-CASCADURA X AMARELINHO (CIRCULAR),Fetranspor,68,17546127,"-22.8285","-43.3541"
709,709-CASCADURA X AMARELINHO (CIRCULAR),Fetranspor,69,17546127,"-22.8282","-43.3542"
709,709-CASCADURA X AMARELINHO (CIRCULAR),Fetranspor,70,17546127,"-22.8282","-43.3542"
709,709-CASCADURA X AMARELINHO (CIRCULAR),Fetranspor,71,17546127,"-22.8279","-43.3534"
709,709-CASCADURA X AMARELINHO (CIRCULAR),Fetranspor,72,17546127,"-22.8279","-43.3534"
709,709-CASCADURA X AMARELINHO (CIRCULAR),Fetranspor,73,17546127,"-22.8278","-43.3529"
709,709-CASCADURA X AMARELINHO (CIRCULAR),Fetranspor,74,17546127,"-22.8275","-43.3523"
709,709-CASCADURA X AMARELINHO (CIRCULAR),Fetranspor,75,17546127,"-22.8274","-43.352"
709,709-CASCADURA X AMARELINHO (CIRCULAR),Fetranspor,76,17546127,"-22.8274","-43.352"
709,709-CASCADURA X AMARELINHO (CIRCULAR),Fetranspor,77,17546127,"-22.8274","-43.3519"
709,709-CASCADURA X AMARELINHO (CIRCULAR),Fetranspor,78,17546127,"-22.8268","-43.3504"
709,709-CASCADURA X AMARELINHO (CIRCULAR),Fetranspor,79,17546127,"-22.8267","-43.3501"
709,709-CASCADURA X AMARELINHO (CIRCULAR),Fetranspor,80,17546127,"-22.8267","-43.3501"
709,709-CASCADURA X AMARELINHO (CIRCULAR),Fetranspor,81,17546127,"-22.8262","-43.3486"
709,709-CASCADURA X AMARELINHO (CIRCULAR),Fetranspor,82,17546127,"-22.8262","-43.3486"
709,709-CASCADURA X AMARELINHO (CIRCULAR),Fetranspor,83,17546127,"-22.8266","-43.3483"
709,709-CASCADURA X AMARELINHO (CIRCULAR),Fetranspor,84,17546127,"-22.8267","-43.3481"
709,709-CASCADURA X AMARELINHO (CIRCULAR),Fetranspor,85,17546127,"-22.8267","-43.3481"
709,709-CASCADURA X AMARELINHO (CIRCULAR),Fetranspor,86,17546127,"-22.8273","-43.3477"
709,709-CASCADURA X AMARELINHO (CIRCULAR),Fetranspor,87,17546127,"-22.8273","-43.3477"
709,709-CASCADURA X AMARELINHO (CIRCULAR),Fetranspor,88,17546127,"-22.8274","-43.3476"
709,709-CASCADURA X AMARELINHO (CIRCULAR),Fetranspor,89,17546127,"-22.8277","-43.3473"
709,709-CASCADURA X AMARELINHO (CIRCULAR),Fetranspor,90,17546127,"-22.8279","-43.3472"
709,709-CASCADURA X AMARELINHO (CIRCULAR),Fetranspor,91,17546127,"-22.8279","-43.3472"
709,709-CASCADURA X AMARELINHO (CIRCULAR),Fetranspor,92,17546127,"-22.828","-43.347"
709,709-CASCADURA X AMARELINHO (CIRCULAR),Fetranspor,93,17546127,"-22.8284","-43.3467"
709,709-CASCADURA X AMARELINHO (CIRCULAR),Fetranspor,94,17546127,"-22.8284","-43.3467"
709,709-CASCADURA X AMARELINHO (CIRCULAR),Fetranspor,95,17546127,"-22.8289","-43.3463"
709,709-CASCADURA X AMARELINHO (CIRCULAR),Fetranspor,96,17546127,"-22.8289","-43.3463"
709,709-CASCADURA X AMARELINHO (CIRCULAR),Fetranspor,97,17546127,"-22.8291","-43.3461"
709,709-CASCADURA X AMARELINHO (CIRCULAR),Fetranspor,98,17546127,"-22.8292","-43.346"
709,709-CASCADURA X AMARELINHO (CIRCULAR),Fetranspor,99,17546127,"-22.8294","-43.3459"
709,709-CASCADURA X AMARELINHO (CIRCULAR),Fetranspor,100,17546127,"-22.8294","-43.3458"
709,709-CASCADURA X AMARELINHO (CIRCULAR),Fetranspor,101,17546127,"-22.8294","-43.3458"
709,709-CASCADURA X AMARELINHO (CIRCULAR),Fetranspor,102,17546127,"-22.8297","-43.3456"
709,709-CASCADURA X AMARELINHO (CIRCULAR),Fetranspor,103,17546127,"-22.8299","-43.3456"
709,709-CASCADURA X AMARELINHO (CIRCULAR),Fetranspor,104,17546127,"-22.8301","-43.3455"
709,709-CASCADURA X AMARELINHO (CIRCULAR),Fetranspor,105,17546127,"-22.8302","-43.3455"
709,709-CASCADURA X AMARELINHO (CIRCULAR),Fetranspor,106,17546127,"-22.8305","-43.3455"
709,709-CASCADURA X AMARELINHO (CIRCULAR),Fetranspor,107,17546127,"-22.8305","-43.3455"
709,709-CASCADURA X AMARELINHO (CIRCULAR),Fetranspor,108,17546127,"-22.8306","-43.3455"
709,709-CASCADURA X AMARELINHO (CIRCULAR),Fetranspor,109,17546127,"-22.8306","-43.3455"
709,709-CASCADURA X AMARELINHO (CIRCULAR),Fetranspor,110,17546127,"-22.8306","-43.3455"
709,709-CASCADURA X AMARELINHO (CIRCULAR),Fetranspor,111,17546127,"-22.8307","-43.3456"
709,709-CASCADURA X AMARELINHO (CIRCULAR),Fetranspor,112,17546127,"-22.8307","-43.3456"
709,709-CASCADURA X AMARELINHO (CIRCULAR),Fetranspor,113,17546127,"-22.8309","-43.346"
709,709-CASCADURA X AMARELINHO (CIRCULAR),Fetranspor,114,17546127,"-22.8309","-43.346"
709,709-CASCADURA X AMARELINHO (CIRCULAR),Fetranspor,115,17546127,"-22.8316","-43.348"
709,709-CASCADURA X AMARELINHO (CIRCULAR),Fetranspor,116,17546127,"-22.8316","-43.348"
709,709-CASCADURA X AMARELINHO (CIRCULAR),Fetranspor,117,17546127,"-22.8323","-43.3499"
709,709-CASCADURA X AMARELINHO (CIRCULAR),Fetranspor,118,17546127,"-22.8323","-43.3499"
709,709-CASCADURA X AMARELINHO (CIRCULAR),Fetranspor,119,17546127,"-22.8317","-43.3502"
709,709-CASCADURA X AMARELINHO (CIRCULAR),Fetranspor,120,17546127,"-22.8317","-43.3502"
709,709-CASCADURA X AMARELINHO (CIRCULAR),Fetranspor,121,17546127,"-22.831","-43.3504"
709,709-CASCADURA X AMARELINHO (CIRCULAR),Fetranspor,122,17546127,"-22.831","-43.3504"
709,709-CASCADURA X AMARELINHO (CIRCULAR),Fetranspor,123,17546127,"-22.8309","-43.35"
709,709-CASCADURA X AMARELINHO (CIRCULAR),Fetranspor,124,17546127,"-22.8309","-43.35"
709,709-CASCADURA X AMARELINHO (CIRCULAR),Fetranspor,125,17546127,"-22.8308","-43.35"
709,709-CASCADURA X AMARELINHO (CIRCULAR),Fetranspor,126,17546127,"-22.8306","-43.3496"
709,709-CASCADURA X AMARELINHO (CIRCULAR),Fetranspor,127,17546127,"-22.8306","-43.3496"
709,709-CASCADURA X AMARELINHO (CIRCULAR),Fetranspor,128,17546127,"-22.8305","-43.3493"
709,709-CASCADURA X AMARELINHO (CIRCULAR),Fetranspor,129,17546127,"-22.8305","-43.3493"
709,709-CASCADURA X AMARELINHO (CIRCULAR),Fetranspor,130,17546127,"-22.8302","-43.3486"
709,709-CASCADURA X AMARELINHO (CIRCULAR),Fetranspor,131,17546127,"-22.8298","-43.3473"
709,709-CASCADURA X AMARELINHO (CIRCULAR),Fetranspor,132,17546127,"-22.8292","-43.346"
709,709-CASCADURA X AMARELINHO (CIRCULAR),Fetranspor,133,17546127,"-22.8291","-43.3456"
709,709-CASCADURA X AMARELINHO (CIRCULAR),Fetranspor,134,17546127,"-22.829","-43.3454"
709,709-CASCADURA X AMARELINHO (CIRCULAR),Fetranspor,135,17546127,"-22.8289","-43.3452"
709,709-CASCADURA X AMARELINHO (CIRCULAR),Fetranspor,136,17546127,"-22.8289","-43.3452"
709,709-CASCADURA X AMARELINHO (CIRCULAR),Fetranspor,137,17546127,"-22.8287","-43.3443"
709,709-CASCADURA X AMARELINHO (CIRCULAR),Fetranspor,138,17546127,"-22.8287","-43.3443"
709,709-CASCADURA X AMARELINHO (CIRCULAR),Fetranspor,139,17546127,"-22.8282","-43.3432"
709,709-CASCADURA X AMARELINHO (CIRCULAR),Fetranspor,140,17546127,"-22.8279","-43.3421"
709,709-CASCADURA X AMARELINHO (CIRCULAR),Fetranspor,141,17546127,"-22.8279","-43.3421"
709,709-CASCADURA X AMARELINHO (CIRCULAR),Fetranspor,142,17546127,"-22.8278","-43.3418"
709,709-CASCADURA X AMARELINHO (CIRCULAR),Fetranspor,143,17546127,"-22.8276","-43.3413"
709,709-CASCADURA X AMARELINHO (CIRCULAR),Fetranspor,144,17546127,"-22.8275","-43.3411"
709,709-CASCADURA X AMARELINHO (CIRCULAR),Fetranspor,145,17546127,"-22.8274","-43.3407"
709,709-CASCADURA X AMARELINHO (CIRCULAR),Fetranspor,146,17546127,"-22.8274","-43.3407"
709,709-CASCADURA X AMARELINHO (CIRCULAR),Fetranspor,147,17546127,"-22.827","-43.3396"
709,709-CASCADURA X AMARELINHO (CIRCULAR),Fetranspor,148,17546127,"-22.8262","-43.3374"
709,709-CASCADURA X AMARELINHO (CIRCULAR),Fetranspor,149,17546127,"-22.826","-43.3368"
709,709-CASCADURA X AMARELINHO (CIRCULAR),Fetranspor,150,17546127,"-22.826","-43.3368"
709,709-CASCADURA X AMARELINHO (CIRCULAR),Fetranspor,151,17546127,"-22.8258","-43.3364"
709,709-CASCADURA X AMARELINHO (CIRCULAR),Fetranspor,152,17546127,"-22.8257","-43.336"
709,709-CASCADURA X AMARELINHO (CIRCULAR),Fetranspor,153,17546127,"-22.8254","-43.3353"
709,709-CASCADURA X AMARELINHO (CIRCULAR),Fetranspor,154,17546127,"-22.8254","-43.3351"
709,709-CASCADURA X AMARELINHO (CIRCULAR),Fetranspor,155,17546127,"-22.8254","-43.3351"
709,709-CASCADURA X AMARELINHO (CIRCULAR),Fetranspor,156,17546127,"-22.8252","-43.3346"
709,709-CASCADURA X AMARELINHO (CIRCULAR),Fetranspor,157,17546127,"-22.825","-43.3339"
709,709-CASCADURA X AMARELINHO (CIRCULAR),Fetranspor,158,17546127,"-22.825","-43.3339"
709,709-CASCADURA X AMARELINHO (CIRCULAR),Fetranspor,159,17546127,"-22.8249","-43.3337"
709,709-CASCADURA X AMARELINHO (CIRCULAR),Fetranspor,160,17546127,"-22.8248","-43.3335"
709,709-CASCADURA X AMARELINHO (CIRCULAR),Fetranspor,161,17546127,"-22.8248","-43.3335"
709,709-CASCADURA X AMARELINHO (CIRCULAR),Fetranspor,162,17546127,"-22.8246","-43.3327"
709,709-CASCADURA X AMARELINHO (CIRCULAR),Fetranspor,163,17546127,"-22.8246","-43.3327"
709,709-CASCADURA X AMARELINHO (CIRCULAR),Fetranspor,164,17546127,"-22.8246","-43.3327"
709,709-CASCADURA X AMARELINHO (CIRCULAR),Fetranspor,165,17546127,"-22.8244","-43.3323"
709,709-CASCADURA X AMARELINHO (CIRCULAR),Fetranspor,166,17546127,"-22.8244","-43.3322"
709,709-CASCADURA X AMARELINHO (CIRCULAR),Fetranspor,167,17546127,"-22.8242","-43.3316"
709,709-CASCADURA X AMARELINHO (CIRCULAR),Fetranspor,168,17546127,"-22.8242","-43.3316"
709,709-CASCADURA X AMARELINHO (CIRCULAR),Fetranspor,169,17546127,"-22.8241","-43.3314"
709,709-CASCADURA X AMARELINHO (CIRCULAR),Fetranspor,170,17546127,"-22.8241","-43.3314"
709,709-CASCADURA X AMARELINHO (CIRCULAR),Fetranspor,171,17546127,"-22.8239","-43.3307"
709,709-CASCADURA X AMARELINHO (CIRCULAR),Fetranspor,172,17546127,"-22.8239","-43.3307"
709,709-CASCADURA X AMARELINHO (CIRCULAR),Fetranspor,173,17546127,"-22.8236","-43.3297"
709,709-CASCADURA X AMARELINHO (CIRCULAR),Fetranspor,174,17546127,"-22.8236","-43.3297"
709,709-CASCADURA X AMARELINHO (CIRCULAR),Fetranspor,175,17546127,"-22.8229","-43.3276"
709,709-CASCADURA X AMARELINHO (CIRCULAR),Fetranspor,176,17546127,"-22.8229","-43.3276"
709,709-CASCADURA X AMARELINHO (CIRCULAR),Fetranspor,177,17546127,"-22.8227","-43.3271"
709,709-CASCADURA X AMARELINHO (CIRCULAR),Fetranspor,178,17546127,"-22.8227","-43.3271"
709,709-CASCADURA X AMARELINHO (CIRCULAR),Fetranspor,179,17546127,"-22.8226","-43.3268"
709,709-CASCADURA X AMARELINHO (CIRCULAR),Fetranspor,180,17546127,"-22.8226","-43.3268"
709,709-CASCADURA X AMARELINHO (CIRCULAR),Fetranspor,181,17546127,"-22.8213","-43.3226"
709,709-CASCADURA X AMARELINHO (CIRCULAR),Fetranspor,182,17546127,"-22.8213","-43.3226"
709,709-CASCADURA X AMARELINHO (CIRCULAR),Fetranspor,183,17546127,"-22.8213","-43.3225"
709,709-CASCADURA X AMARELINHO (CIRCULAR),Fetranspor,184,17546127,"-22.8213","-43.3225"
709,709-CASCADURA X AMARELINHO (CIRCULAR),Fetranspor,185,17546127,"-22.8214","-43.3224"
709,709-CASCADURA X AMARELINHO (CIRCULAR),Fetranspor,186,17546127,"-22.8214","-43.3224"
709,709-CASCADURA X AMARELINHO (CIRCULAR),Fetranspor,187,17546127,"-22.8216","-43.3224"
709,709-CASCADURA X AMARELINHO (CIRCULAR),Fetranspor,188,17546127,"-22.8216","-43.3224"
709,709-CASCADURA X AMARELINHO (CIRCULAR),Fetranspor,189,17546127,"-22.8216","-43.3225"
709,709-CASCADURA X AMARELINHO (CIRCULAR),Fetranspor,190,17546127,"-22.8218","-43.3227"
709,709-CASCADURA X AMARELINHO (CIRCULAR),Fetranspor,191,17546127,"-22.8219","-43.3229"
709,709-CASCADURA X AMARELINHO (CIRCULAR),Fetranspor,192,17546127,"-22.8223","-43.3235"
709,709-CASCADURA X AMARELINHO (CIRCULAR),Fetranspor,193,17546127,"-22.8225","-43.3238"
709,709-CASCADURA X AMARELINHO (CIRCULAR),Fetranspor,194,17546127,"-22.8226","-43.324"
709,709-CASCADURA X AMARELINHO (CIRCULAR),Fetranspor,195,17546127,"-22.8227","-43.3241"
709,709-CASCADURA X AMARELINHO (CIRCULAR),Fetranspor,196,17546127,"-22.8229","-43.3242"
709,709-CASCADURA X AMARELINHO (CIRCULAR),Fetranspor,197,17546127,"-22.8242","-43.3251"
709,709-CASCADURA X AMARELINHO (CIRCULAR),Fetranspor,198,17546127,"-22.8244","-43.3252"
709,709-CASCADURA X AMARELINHO (CIRCULAR),Fetranspor,199,17546127,"-22.8244","-43.3252"
709,709-CASCADURA X AMARELINHO (CIRCULAR),Fetranspor,200,17546127,"-22.8246","-43.3253"
709,709-CASCADURA X AMARELINHO (CIRCULAR),Fetranspor,201,17546127,"-22.8246","-43.3253"
709,709-CASCADURA X AMARELINHO (CIRCULAR),Fetranspor,202,17546127,"-22.825","-43.3257"
709,709-CASCADURA X AMARELINHO (CIRCULAR),Fetranspor,203,17546127,"-22.8252","-43.3258"
709,709-CASCADURA X AMARELINHO (CIRCULAR),Fetranspor,204,17546127,"-22.8253","-43.3258"
709,709-CASCADURA X AMARELINHO (CIRCULAR),Fetranspor,205,17546127,"-22.8254","-43.3259"
709,709-CASCADURA X AMARELINHO (CIRCULAR),Fetranspor,206,17546127,"-22.8256","-43.3259"
709,709-CASCADURA X AMARELINHO (CIRCULAR),Fetranspor,207,17546127,"-22.8258","-43.3259"
709,709-CASCADURA X AMARELINHO (CIRCULAR),Fetranspor,208,17546127,"-22.8259","-43.3259"
709,709-CASCADURA X AMARELINHO (CIRCULAR),Fetranspor,209,17546127,"-22.8261","-43.3258"
709,709-CASCADURA X AMARELINHO (CIRCULAR),Fetranspor,210,17546127,"-22.8262","-43.3258"
709,709-CASCADURA X AMARELINHO (CIRCULAR),Fetranspor,211,17546127,"-22.8264","-43.3258"
709,709-CASCADURA X AMARELINHO (CIRCULAR),Fetranspor,212,17546127,"-22.8269","-43.3254"
709,709-CASCADURA X AMARELINHO (CIRCULAR),Fetranspor,213,17546127,"-22.8271","-43.3253"
709,709-CASCADURA X AMARELINHO (CIRCULAR),Fetranspor,214,17546127,"-22.8274","-43.3251"
709,709-CASCADURA X AMARELINHO (CIRCULAR),Fetranspor,215,17546127,"-22.8275","-43.3251"
709,709-CASCADURA X AMARELINHO (CIRCULAR),Fetranspor,216,17546127,"-22.8277","-43.325"
709,709-CASCADURA X AMARELINHO (CIRCULAR),Fetranspor,217,17546127,"-22.8278","-43.325"
709,709-CASCADURA X AMARELINHO (CIRCULAR),Fetranspor,218,17546127,"-22.828","-43.325"
709,709-CASCADURA X AMARELINHO (CIRCULAR),Fetranspor,219,17546127,"-22.8282","-43.3249"
709,709-CASCADURA X AMARELINHO (CIRCULAR),Fetranspor,220,17546127,"-22.8284","-43.3249"
709,709-CASCADURA X AMARELINHO (CIRCULAR),Fetranspor,221,17546127,"-22.8285","-43.3249"
709,709-CASCADURA X AMARELINHO (CIRCULAR),Fetranspor,222,17546127,"-22.8287","-43.3249"
709,709-CASCADURA X AMARELINHO (CIRCULAR),Fetranspor,223,17546127,"-22.8287","-43.3249"
709,709-CASCADURA X AMARELINHO (CIRCULAR),Fetranspor,224,17546127,"-22.83","-43.3259"
709,709-CASCADURA X AMARELINHO (CIRCULAR),Fetranspor,225,17546127,"-22.8302","-43.3261"
709,709-CASCADURA X AMARELINHO (CIRCULAR),Fetranspor,226,17546127,"-22.8302","-43.3261"
709,709-CASCADURA X AMARELINHO (CIRCULAR),Fetranspor,227,17546127,"-22.8302","-43.3261"
709,709-CASCADURA X AMARELINHO (CIRCULAR),Fetranspor,228,17546127,"-22.8308","-43.3276"
709,709-CASCADURA X AMARELINHO (CIRCULAR),Fetranspor,229,17546127,"-22.8308","-43.3276"
709,709-CASCADURA X AMARELINHO (CIRCULAR),Fetranspor,230,17546127,"-22.831","-43.3282"
709,709-CASCADURA X AMARELINHO (CIRCULAR),Fetranspor,231,17546127,"-22.831","-43.3282"
709,709-CASCADURA X AMARELINHO (CIRCULAR),Fetranspor,232,17546127,"-22.8311","-43.3285"
709,709-CASCADURA X AMARELINHO (CIRCULAR),Fetranspor,233,17546127,"-22.8311","-43.3286"
709,709-CASCADURA X AMARELINHO (CIRCULAR),Fetranspor,234,17546127,"-22.8311","-43.3286"
709,709-CASCADURA X AMARELINHO (CIRCULAR),Fetranspor,235,17546127,"-22.8312","-43.3286"
709,709-CASCADURA X AMARELINHO (CIRCULAR),Fetranspor,236,17546127,"-22.8312","-43.3287"
709,709-CASCADURA X AMARELINHO (CIRCULAR),Fetranspor,237,17546127,"-22.8314","-43.3287"
709,709-CASCADURA X AMARELINHO (CIRCULAR),Fetranspor,238,17546127,"-22.8314","-43.3287"
709,709-CASCADURA X AMARELINHO (CIRCULAR),Fetranspor,239,17546127,"-22.8314","-43.3287"
709,709-CASCADURA X AMARELINHO (CIRCULAR),Fetranspor,240,17546127,"-22.8314","-43.3287"
709,709-CASCADURA X AMARELINHO (CIRCULAR),Fetranspor,241,17546127,"-22.8315","-43.3287"
709,709-CASCADURA X AMARELINHO (CIRCULAR),Fetranspor,242,17546127,"-22.8317","-43.3286"
709,709-CASCADURA X AMARELINHO (CIRCULAR),Fetranspor,243,17546127,"-22.8322","-43.3285"
709,709-CASCADURA X AMARELINHO (CIRCULAR),Fetranspor,244,17546127,"-22.8326","-43.3285"
709,709-CASCADURA X AMARELINHO (CIRCULAR),Fetranspor,245,17546127,"-22.8326","-43.3285"
709,709-CASCADURA X AMARELINHO (CIRCULAR),Fetranspor,246,17546127,"-22.8328","-43.3285"
709,709-CASCADURA X AMARELINHO (CIRCULAR),Fetranspor,247,17546127,"-22.8329","-43.3286"
709,709-CASCADURA X AMARELINHO (CIRCULAR),Fetranspor,248,17546127,"-22.833","-43.3287"
709,709-CASCADURA X AMARELINHO (CIRCULAR),Fetranspor,249,17546127,"-22.833","-43.3287"
709,709-CASCADURA X AMARELINHO (CIRCULAR),Fetranspor,250,17546127,"-22.8331","-43.3284"
709,709-CASCADURA X AMARELINHO (CIRCULAR),Fetranspor,251,17546127,"-22.8331","-43.3284"
709,709-CASCADURA X AMARELINHO (CIRCULAR),Fetranspor,252,17546127,"-22.8331","-43.3284"
709,709-CASCADURA X AMARELINHO (CIRCULAR),Fetranspor,253,17546127,"-22.8333","-43.3282"
709,709-CASCADURA X AMARELINHO (CIRCULAR),Fetranspor,254,17546127,"-22.8335","-43.3279"
709,709-CASCADURA X AMARELINHO (CIRCULAR),Fetranspor,255,17546127,"-22.8335","-43.3278"
709,709-CASCADURA X AMARELINHO (CIRCULAR),Fetranspor,256,17546127,"-22.8335","-43.3278"
709,709-CASCADURA X AMARELINHO (CIRCULAR),Fetranspor,257,17546127,"-22.8335","-43.3277"
709,709-CASCADURA X AMARELINHO (CIRCULAR),Fetranspor,258,17546127,"-22.8335","-43.3277"
709,709-CASCADURA X AMARELINHO (CIRCULAR),Fetranspor,259,17546127,"-22.8339","-43.3273"
709,709-CASCADURA X AMARELINHO (CIRCULAR),Fetranspor,260,17546127,"-22.8339","-43.3273"
709,709-CASCADURA X AMARELINHO (CIRCULAR),Fetranspor,261,17546127,"-22.834","-43.3272"
709,709-CASCADURA X AMARELINHO (CIRCULAR),Fetranspor,262,17546127,"-22.8342","-43.3269"
709,709-CASCADURA X AMARELINHO (CIRCULAR),Fetranspor,263,17546127,"-22.8343","-43.3268"
709,709-CASCADURA X AMARELINHO (CIRCULAR),Fetranspor,264,17546127,"-22.8343","-43.3268"
709,709-CASCADURA X AMARELINHO (CIRCULAR),Fetranspor,265,17546127,"-22.8346","-43.3266"
709,709-CASCADURA X AMARELINHO (CIRCULAR),Fetranspor,266,17546127,"-22.8347","-43.3266"
709,709-CASCADURA X AMARELINHO (CIRCULAR),Fetranspor,267,17546127,"-22.8347","-43.3266"
709,709-CASCADURA X AMARELINHO (CIRCULAR),Fetranspor,268,17546127,"-22.8348","-43.3265"
709,709-CASCADURA X AMARELINHO (CIRCULAR),Fetranspor,269,17546127,"-22.8348","-43.3265"
709,709-CASCADURA X AMARELINHO (CIRCULAR),Fetranspor,270,17546127,"-22.8354","-43.3262"
709,709-CASCADURA X AMARELINHO (CIRCULAR),Fetranspor,271,17546127,"-22.8354","-43.3262"
709,709-CASCADURA X AMARELINHO (CIRCULAR),Fetranspor,272,17546127,"-22.8357","-43.3261"
709,709-CASCADURA X AMARELINHO (CIRCULAR),Fetranspor,273,17546127,"-22.8357","-43.3261"
709,709-CASCADURA X AMARELINHO (CIRCULAR),Fetranspor,274,17546127,"-22.8359","-43.326"
709,709-CASCADURA X AMARELINHO (CIRCULAR),Fetranspor,275,17546127,"-22.836","-43.3259"
709,709-CASCADURA X AMARELINHO (CIRCULAR),Fetranspor,276,17546127,"-22.836","-43.3259"
709,709-CASCADURA X AMARELINHO (CIRCULAR),Fetranspor,277,17546127,"-22.8362","-43.3257"
709,709-CASCADURA X AMARELINHO (CIRCULAR),Fetranspor,278,17546127,"-22.8364","-43.3256"
709,709-CASCADURA X AMARELINHO (CIRCULAR),Fetranspor,279,17546127,"-22.8364","-43.3256"
709,709-CASCADURA X AMARELINHO (CIRCULAR),Fetranspor,280,17546127,"-22.8365","-43.3255"
709,709-CASCADURA X AMARELINHO (CIRCULAR),Fetranspor,281,17546127,"-22.8365","-43.3255"
709,709-CASCADURA X AMARELINHO (CIRCULAR),Fetranspor,282,17546127,"-22.837","-43.3251"
709,709-CASCADURA X AMARELINHO (CIRCULAR),Fetranspor,283,17546127,"-22.837","-43.3251"
709,709-CASCADURA X AMARELINHO (CIRCULAR),Fetranspor,284,17546127,"-22.8371","-43.325"
709,709-CASCADURA X AMARELINHO (CIRCULAR),Fetranspor,285,17546127,"-22.8371","-43.325"
709,709-CASCADURA X AMARELINHO (CIRCULAR),Fetranspor,286,17546127,"-22.8374","-43.3248"
709,709-CASCADURA X AMARELINHO (CIRCULAR),Fetranspor,287,17546127,"-22.8375","-43.3247"
709,709-CASCADURA X AMARELINHO (CIRCULAR),Fetranspor,288,17546127,"-22.8375","-43.3247"
709,709-CASCADURA X AMARELINHO (CIRCULAR),Fetranspor,289,17546127,"-22.8378","-43.3246"
709,709-CASCADURA X AMARELINHO (CIRCULAR),Fetranspor,290,17546127,"-22.8378","-43.3246"
709,709-CASCADURA X AMARELINHO (CIRCULAR),Fetranspor,291,17546127,"-22.8379","-43.3245"
709,709-CASCADURA X AMARELINHO (CIRCULAR),Fetranspor,292,17546127,"-22.8385","-43.3243"
709,709-CASCADURA X AMARELINHO (CIRCULAR),Fetranspor,293,17546127,"-22.8385","-43.3243"
709,709-CASCADURA X AMARELINHO (CIRCULAR),Fetranspor,294,17546127,"-22.8386","-43.3244"
709,709-CASCADURA X AMARELINHO (CIRCULAR),Fetranspor,295,17546127,"-22.8389","-43.3249"
709,709-CASCADURA X AMARELINHO (CIRCULAR),Fetranspor,296,17546127,"-22.839","-43.325"
709,709-CASCADURA X AMARELINHO (CIRCULAR),Fetranspor,297,17546127,"-22.839","-43.325"
709,709-CASCADURA X AMARELINHO (CIRCULAR),Fetranspor,298,17546127,"-22.84","-43.3265"
709,709-CASCADURA X AMARELINHO (CIRCULAR),Fetranspor,299,17546127,"-22.84","-43.3265"
709,709-CASCADURA X AMARELINHO (CIRCULAR),Fetranspor,300,17546127,"-22.84","-43.3265"
709,709-CASCADURA X AMARELINHO (CIRCULAR),Fetranspor,301,17546127,"-22.8404","-43.3264"
709,709-CASCADURA X AMARELINHO (CIRCULAR),Fetranspor,302,17546127,"-22.8404","-43.3264"
709,709-CASCADURA X AMARELINHO (CIRCULAR),Fetranspor,303,17546127,"-22.8411","-43.3262"
709,709-CASCADURA X AMARELINHO (CIRCULAR),Fetranspor,304,17546127,"-22.8411","-43.3262"
709,709-CASCADURA X AMARELINHO (CIRCULAR),Fetranspor,305,17546127,"-22.8419","-43.3259"
709,709-CASCADURA X AMARELINHO (CIRCULAR),Fetranspor,306,17546127,"-22.8419","-43.3259"
709,709-CASCADURA X AMARELINHO (CIRCULAR),Fetranspor,307,17546127,"-22.8422","-43.3258"
709,709-CASCADURA X AMARELINHO (CIRCULAR),Fetranspor,308,17546127,"-22.8423","-43.3258"
709,709-CASCADURA X AMARELINHO (CIRCULAR),Fetranspor,309,17546127,"-22.8423","-43.3258"
709,709-CASCADURA X AMARELINHO (CIRCULAR),Fetranspor,310,17546127,"-22.8423","-43.3258"
709,709-CASCADURA X AMARELINHO (CIRCULAR),Fetranspor,311,17546127,"-22.8426","-43.3257"
709,709-CASCADURA X AMARELINHO (CIRCULAR),Fetranspor,312,17546127,"-22.8426","-43.3257"
709,709-CASCADURA X AMARELINHO (CIRCULAR),Fetranspor,313,17546127,"-22.8429","-43.3256"
709,709-CASCADURA X AMARELINHO (CIRCULAR),Fetranspor,314,17546127,"-22.8429","-43.3256"
709,709-CASCADURA X AMARELINHO (CIRCULAR),Fetranspor,315,17546127,"-22.8433","-43.3255"
709,709-CASCADURA X AMARELINHO (CIRCULAR),Fetranspor,316,17546127,"-22.8433","-43.3255"
709,709-CASCADURA X AMARELINHO (CIRCULAR),Fetranspor,317,17546127,"-22.8441","-43.3253"
709,709-CASCADURA X AMARELINHO (CIRCULAR),Fetranspor,318,17546127,"-22.8441","-43.3253"
709,709-CASCADURA X AMARELINHO (CIRCULAR),Fetranspor,319,17546127,"-22.8445","-43.3251"
709,709-CASCADURA X AMARELINHO (CIRCULAR),Fetranspor,320,17546127,"-22.8448","-43.325"
709,709-CASCADURA X AMARELINHO (CIRCULAR),Fetranspor,321,17546127,"-22.8448","-43.325"
709,709-CASCADURA X AMARELINHO (CIRCULAR),Fetranspor,322,17546127,"-22.8461","-43.3247"
709,709-CASCADURA X AMARELINHO (CIRCULAR),Fetranspor,323,17546127,"-22.8461","-43.3246"
709,709-CASCADURA X AMARELINHO (CIRCULAR),Fetranspor,324,17546127,"-22.8461","-43.3246"
709,709-CASCADURA X AMARELINHO (CIRCULAR),Fetranspor,325,17546127,"-22.8462","-43.3246"
709,709-CASCADURA X AMARELINHO (CIRCULAR),Fetranspor,326,17546127,"-22.8463","-43.3246"
709,709-CASCADURA X AMARELINHO (CIRCULAR),Fetranspor,327,17546127,"-22.8463","-43.3246"
709,709-CASCADURA X AMARELINHO (CIRCULAR),Fetranspor,328,17546127,"-22.8463","-43.3246"
709,709-CASCADURA X AMARELINHO (CIRCULAR),Fetranspor,329,17546127,"-22.8464","-43.3246"
709,709-CASCADURA X AMARELINHO (CIRCULAR),Fetranspor,330,17546127,"-22.8466","-43.3246"
709,709-CASCADURA X AMARELINHO (CIRCULAR),Fetranspor,331,17546127,"-22.8467","-43.3246"
709,709-CASCADURA X AMARELINHO (CIRCULAR),Fetranspor,332,17546127,"-22.847","-43.3246"
709,709-CASCADURA X AMARELINHO (CIRCULAR),Fetranspor,333,17546127,"-22.847","-43.3246"
709,709-CASCADURA X AMARELINHO (CIRCULAR),Fetranspor,334,17546127,"-22.847","-43.3246"
709,709-CASCADURA X AMARELINHO (CIRCULAR),Fetranspor,335,17546127,"-22.8473","-43.3247"
709,709-CASCADURA X AMARELINHO (CIRCULAR),Fetranspor,336,17546127,"-22.8473","-43.3247"
709,709-CASCADURA X AMARELINHO (CIRCULAR),Fetranspor,337,17546127,"-22.8474","-43.3248"
709,709-CASCADURA X AMARELINHO (CIRCULAR),Fetranspor,338,17546127,"-22.8474","-43.3248"
709,709-CASCADURA X AMARELINHO (CIRCULAR),Fetranspor,339,17546127,"-22.8476","-43.3249"
709,709-CASCADURA X AMARELINHO (CIRCULAR),Fetranspor,340,17546127,"-22.8482","-43.3252"
709,709-CASCADURA X AMARELINHO (CIRCULAR),Fetranspor,341,17546127,"-22.8482","-43.3252"
709,709-CASCADURA X AMARELINHO (CIRCULAR),Fetranspor,342,17546127,"-22.8486","-43.3255"
709,709-CASCADURA X AMARELINHO (CIRCULAR),Fetranspor,343,17546127,"-22.8487","-43.3255"
709,709-CASCADURA X AMARELINHO (CIRCULAR),Fetranspor,344,17546127,"-22.8488","-43.3255"
709,709-CASCADURA X AMARELINHO (CIRCULAR),Fetranspor,345,17546127,"-22.8489","-43.3255"
709,709-CASCADURA X AMARELINHO (CIRCULAR),Fetranspor,346,17546127,"-22.849","-43.3255"
709,709-CASCADURA X AMARELINHO (CIRCULAR),Fetranspor,347,17546127,"-22.8493","-43.3255"
709,709-CASCADURA X AMARELINHO (CIRCULAR),Fetranspor,348,17546127,"-22.8495","-43.3255"
709,709-CASCADURA X AMARELINHO (CIRCULAR),Fetranspor,349,17546127,"-22.8495","-43.3255"
709,709-CASCADURA X AMARELINHO (CIRCULAR),Fetranspor,350,17546127,"-22.8495","-43.3255"
709,709-CASCADURA X AMARELINHO (CIRCULAR),Fetranspor,351,17546127,"-22.8497","-43.3256"
709,709-CASCADURA X AMARELINHO (CIRCULAR),Fetranspor,352,17546127,"-22.8502","-43.3259"
709,709-CASCADURA X AMARELINHO (CIRCULAR),Fetranspor,353,17546127,"-22.8502","-43.3259"
709,709-CASCADURA X AMARELINHO (CIRCULAR),Fetranspor,354,17546127,"-22.8503","-43.326"
709,709-CASCADURA X AMARELINHO (CIRCULAR),Fetranspor,355,17546127,"-22.8504","-43.3261"
709,709-CASCADURA X AMARELINHO (CIRCULAR),Fetranspor,356,17546127,"-22.8504","-43.3261"
709,709-CASCADURA X AMARELINHO (CIRCULAR),Fetranspor,357,17546127,"-22.8505","-43.3263"
709,709-CASCADURA X AMARELINHO (CIRCULAR),Fetranspor,358,17546127,"-22.8508","-43.3268"
709,709-CASCADURA X AMARELINHO (CIRCULAR),Fetranspor,359,17546127,"-22.8508","-43.3268"
709,709-CASCADURA X AMARELINHO (CIRCULAR),Fetranspor,360,17546127,"-22.851","-43.3271"
709,709-CASCADURA X AMARELINHO (CIRCULAR),Fetranspor,361,17546127,"-22.8511","-43.3273"
709,709-CASCADURA X AMARELINHO (CIRCULAR),Fetranspor,362,17546127,"-22.8511","-43.3273"
709,709-CASCADURA X AMARELINHO (CIRCULAR),Fetranspor,363,17546127,"-22.8512","-43.3274"
709,709-CASCADURA X AMARELINHO (CIRCULAR),Fetranspor,364,17546127,"-22.8515","-43.3277"
709,709-CASCADURA X AMARELINHO (CIRCULAR),Fetranspor,365,17546127,"-22.8515","-43.3277"
709,709-CASCADURA X AMARELINHO (CIRCULAR),Fetranspor,366,17546127,"-22.8519","-43.3279"
709,709-CASCADURA X AMARELINHO (CIRCULAR),Fetranspor,367,17546127,"-22.852","-43.3281"
709,709-CASCADURA X AMARELINHO (CIRCULAR),Fetranspor,368,17546127,"-22.852","-43.3281"
709,709-CASCADURA X AMARELINHO (CIRCULAR),Fetranspor,369,17546127,"-22.8521","-43.3281"
709,709-CASCADURA X AMARELINHO (CIRCULAR),Fetranspor,370,17546127,"-22.8525","-43.3284"
709,709-CASCADURA X AMARELINHO (CIRCULAR),Fetranspor,371,17546127,"-22.8526","-43.3285"
709,709-CASCADURA X AMARELINHO (CIRCULAR),Fetranspor,372,17546127,"-22.8526","-43.3285"
709,709-CASCADURA X AMARELINHO (CIRCULAR),Fetranspor,373,17546127,"-22.853","-43.3287"
709,709-CASCADURA X AMARELINHO (CIRCULAR),Fetranspor,374,17546127,"-22.8531","-43.3288"
709,709-CASCADURA X AMARELINHO (CIRCULAR),Fetranspor,375,17546127,"-22.8533","-43.3289"
709,709-CASCADURA X AMARELINHO (CIRCULAR),Fetranspor,376,17546127,"-22.8533","-43.3289"
709,709-CASCADURA X AMARELINHO (CIRCULAR),Fetranspor,377,17546127,"-22.8536","-43.329"
709,709-CASCADURA X AMARELINHO (CIRCULAR),Fetranspor,378,17546127,"-22.8544","-43.3292"
709,709-CASCADURA X AMARELINHO (CIRCULAR),Fetranspor,379,17546127,"-22.8544","-43.3292"
709,709-CASCADURA X AMARELINHO (CIRCULAR),Fetranspor,380,17546127,"-22.8544","-43.3292"
709,709-CASCADURA X AMARELINHO (CIRCULAR),Fetranspor,381,17546127,"-22.8545","-43.3292"
709,709-CASCADURA X AMARELINHO (CIRCULAR),Fetranspor,382,17546127,"-22.8547","-43.3292"
709,709-CASCADURA X AMARELINHO (CIRCULAR),Fetranspor,383,17546127,"-22.8547","-43.3292"
709,709-CASCADURA X AMARELINHO (CIRCULAR),Fetranspor,384,17546127,"-22.8549","-43.3292"
709,709-CASCADURA X AMARELINHO (CIRCULAR),Fetranspor,385,17546127,"-22.8552","-43.3292"
709,709-CASCADURA X AMARELINHO (CIRCULAR),Fetranspor,386,17546127,"-22.8552","-43.3292"
709,709-CASCADURA X AMARELINHO (CIRCULAR),Fetranspor,387,17546127,"-22.8555","-43.3293"
709,709-CASCADURA X AMARELINHO (CIRCULAR),Fetranspor,388,17546127,"-22.8555","-43.3293"
709,709-CASCADURA X AMARELINHO (CIRCULAR),Fetranspor,389,17546127,"-22.8557","-43.3293"
709,709-CASCADURA X AMARELINHO (CIRCULAR),Fetranspor,390,17546127,"-22.8559","-43.3293"
709,709-CASCADURA X AMARELINHO (CIRCULAR),Fetranspor,391,17546127,"-22.8561","-43.3293"
709,709-CASCADURA X AMARELINHO (CIRCULAR),Fetranspor,392,17546127,"-22.8561","-43.3293"
709,709-CASCADURA X AMARELINHO (CIRCULAR),Fetranspor,393,17546127,"-22.8562","-43.3293"
709,709-CASCADURA X AMARELINHO (CIRCULAR),Fetranspor,394,17546127,"-22.8566","-43.3293"
709,709-CASCADURA X AMARELINHO (CIRCULAR),Fetranspor,395,17546127,"-22.8566","-43.3293"
709,709-CASCADURA X AMARELINHO (CIRCULAR),Fetranspor,396,17546127,"-22.8573","-43.3293"
709,709-CASCADURA X AMARELINHO (CIRCULAR),Fetranspor,397,17546127,"-22.8575","-43.3293"
709,709-CASCADURA X AMARELINHO (CIRCULAR),Fetranspor,398,17546127,"-22.8575","-43.3293"
709,709-CASCADURA X AMARELINHO (CIRCULAR),Fetranspor,399,17546127,"-22.8577","-43.3293"
709,709-CASCADURA X AMARELINHO (CIRCULAR),Fetranspor,400,17546127,"-22.8579","-43.3293"
709,709-CASCADURA X AMARELINHO (CIRCULAR),Fetranspor,401,17546127,"-22.8579","-43.3293"
709,709-CASCADURA X AMARELINHO (CIRCULAR),Fetranspor,402,17546127,"-22.859","-43.3295"
709,709-CASCADURA X AMARELINHO (CIRCULAR),Fetranspor,403,17546127,"-22.859","-43.3295"
709,709-CASCADURA X AMARELINHO (CIRCULAR),Fetranspor,404,17546127,"-22.8595","-43.3296"
709,709-CASCADURA X AMARELINHO (CIRCULAR),Fetranspor,405,17546127,"-22.8595","-43.3296"
709,709-CASCADURA X AMARELINHO (CIRCULAR),Fetranspor,406,17546127,"-22.86","-43.3297"
709,709-CASCADURA X AMARELINHO (CIRCULAR),Fetranspor,407,17546127,"-22.86","-43.3297"
709,709-CASCADURA X AMARELINHO (CIRCULAR),Fetranspor,408,17546127,"-22.8606","-43.3298"
709,709-CASCADURA X AMARELINHO (CIRCULAR),Fetranspor,409,17546127,"-22.8607","-43.3298"
709,709-CASCADURA X AMARELINHO (CIRCULAR),Fetranspor,410,17546127,"-22.8608","-43.3299"
709,709-CASCADURA X AMARELINHO (CIRCULAR),Fetranspor,411,17546127,"-22.861","-43.33"
709,709-CASCADURA X AMARELINHO (CIRCULAR),Fetranspor,412,17546127,"-22.861","-43.33"
709,709-CASCADURA X AMARELINHO (CIRCULAR),Fetranspor,413,17546127,"-22.8612","-43.3302"
709,709-CASCADURA X AMARELINHO (CIRCULAR),Fetranspor,414,17546127,"-22.8612","-43.3302"
709,709-CASCADURA X AMARELINHO (CIRCULAR),Fetranspor,415,17546127,"-22.8615","-43.3304"
709,709-CASCADURA X AMARELINHO (CIRCULAR),Fetranspor,416,17546127,"-22.8616","-43.3305"
709,709-CASCADURA X AMARELINHO (CIRCULAR),Fetranspor,417,17546127,"-22.8617","-43.3306"
709,709-CASCADURA X AMARELINHO (CIRCULAR),Fetranspor,418,17546127,"-22.8617","-43.3306"
709,709-CASCADURA X AMARELINHO (CIRCULAR),Fetranspor,419,17546127,"-22.8619","-43.3308"
709,709-CASCADURA X AMARELINHO (CIRCULAR),Fetranspor,420,17546127,"-22.862","-43.331"
709,709-CASCADURA X AMARELINHO (CIRCULAR),Fetranspor,421,17546127,"-22.862","-43.331"
709,709-CASCADURA X AMARELINHO (CIRCULAR),Fetranspor,422,17546127,"-22.8622","-43.3311"
709,709-CASCADURA X AMARELINHO (CIRCULAR),Fetranspor,423,17546127,"-22.8622","-43.3311"
709,709-CASCADURA X AMARELINHO (CIRCULAR),Fetranspor,424,17546127,"-22.8625","-43.3314"
709,709-CASCADURA X AMARELINHO (CIRCULAR),Fetranspor,425,17546127,"-22.8626","-43.3314"
709,709-CASCADURA X AMARELINHO (CIRCULAR),Fetranspor,426,17546127,"-22.8626","-43.3314"
709,709-CASCADURA X AMARELINHO (CIRCULAR),Fetranspor,427,17546127,"-22.8626","-43.3314"
709,709-CASCADURA X AMARELINHO (CIRCULAR),Fetranspor,428,17546127,"-22.8626","-43.3314"
709,709-CASCADURA X AMARELINHO (CIRCULAR),Fetranspor,429,17546127,"-22.8626","-43.3315"
709,709-CASCADURA X AMARELINHO (CIRCULAR),Fetranspor,430,17546127,"-22.8627","-43.3315"
709,709-CASCADURA X AMARELINHO (CIRCULAR),Fetranspor,431,17546127,"-22.8627","-43.3315"
709,709-CASCADURA X AMARELINHO (CIRCULAR),Fetranspor,432,17546127,"-22.863","-43.332"
709,709-CASCADURA X AMARELINHO (CIRCULAR),Fetranspor,433,17546127,"-22.863","-43.332"
709,709-CASCADURA X AMARELINHO (CIRCULAR),Fetranspor,434,17546127,"-22.8632","-43.3323"
709,709-CASCADURA X AMARELINHO (CIRCULAR),Fetranspor,435,17546127,"-22.8632","-43.3323"
709,709-CASCADURA X AMARELINHO (CIRCULAR),Fetranspor,436,17546127,"-22.8633","-43.3324"
709,709-CASCADURA X AMARELINHO (CIRCULAR),Fetranspor,437,17546127,"-22.8634","-43.3325"
709,709-CASCADURA X AMARELINHO (CIRCULAR),Fetranspor,438,17546127,"-22.8635","-43.3327"
709,709-CASCADURA X AMARELINHO (CIRCULAR),Fetranspor,439,17546127,"-22.8635","-43.3327"
709,709-CASCADURA X AMARELINHO (CIRCULAR),Fetranspor,440,17546127,"-22.8637","-43.3329"
709,709-CASCADURA X AMARELINHO (CIRCULAR),Fetranspor,441,17546127,"-22.8638","-43.3331"
709,709-CASCADURA X AMARELINHO (CIRCULAR),Fetranspor,442,17546127,"-22.8639","-43.3332"
709,709-CASCADURA X AMARELINHO (CIRCULAR),Fetranspor,443,17546127,"-22.8641","-43.3333"
709,709-CASCADURA X AMARELINHO (CIRCULAR),Fetranspor,444,17546127,"-22.8641","-43.3333"
709,709-CASCADURA X AMARELINHO (CIRCULAR),Fetranspor,445,17546127,"-22.8642","-43.3335"
709,709-CASCADURA X AMARELINHO (CIRCULAR),Fetranspor,446,17546127,"-22.8644","-43.3336"
709,709-CASCADURA X AMARELINHO (CIRCULAR),Fetranspor,447,17546127,"-22.8646","-43.3338"
709,709-CASCADURA X AMARELINHO (CIRCULAR),Fetranspor,448,17546127,"-22.8646","-43.3338"
709,709-CASCADURA X AMARELINHO (CIRCULAR),Fetranspor,449,17546127,"-22.8647","-43.3339"
709,709-CASCADURA X AMARELINHO (CIRCULAR),Fetranspor,450,17546127,"-22.8649","-43.334"
709,709-CASCADURA X AMARELINHO (CIRCULAR),Fetranspor,451,17546127,"-22.8651","-43.3342"
709,709-CASCADURA X AMARELINHO (CIRCULAR),Fetranspor,452,17546127,"-22.8652","-43.3343"
709,709-CASCADURA X AMARELINHO (CIRCULAR),Fetranspor,453,17546127,"-22.8653","-43.3343"
709,709-CASCADURA X AMARELINHO (CIRCULAR),Fetranspor,454,17546127,"-22.8654","-43.3344"
709,709-CASCADURA X AMARELINHO (CIRCULAR),Fetranspor,455,17546127,"-22.8654","-43.3344"
709,709-CASCADURA X AMARELINHO (CIRCULAR),Fetranspor,456,17546127,"-22.8655","-43.3344"
709,709-CASCADURA X AMARELINHO (CIRCULAR),Fetranspor,457,17546127,"-22.8658","-43.3344"
709,709-CASCADURA X AMARELINHO (CIRCULAR),Fetranspor,458,17546127,"-22.866","-43.3345"
709,709-CASCADURA X AMARELINHO (CIRCULAR),Fetranspor,459,17546127,"-22.866","-43.3345"
709,709-CASCADURA X AMARELINHO (CIRCULAR),Fetranspor,460,17546127,"-22.8664","-43.3346"
709,709-CASCADURA X AMARELINHO (CIRCULAR),Fetranspor,461,17546127,"-22.8664","-43.3346"
709,709-CASCADURA X AMARELINHO (CIRCULAR),Fetranspor,462,17546127,"-22.8669","-43.3347"
709,709-CASCADURA X AMARELINHO (CIRCULAR),Fetranspor,463,17546127,"-22.8669","-43.3347"
709,709-CASCADURA X AMARELINHO (CIRCULAR),Fetranspor,464,17546127,"-22.8673","-43.3348"
709,709-CASCADURA X AMARELINHO (CIRCULAR),Fetranspor,465,17546127,"-22.8673","-43.3348"
709,709-CASCADURA X AMARELINHO (CIRCULAR),Fetranspor,466,17546127,"-22.8678","-43.3349"
709,709-CASCADURA X AMARELINHO (CIRCULAR),Fetranspor,467,17546127,"-22.8678","-43.3349"
709,709-CASCADURA X AMARELINHO (CIRCULAR),Fetranspor,468,17546127,"-22.868","-43.3349"
709,709-CASCADURA X AMARELINHO (CIRCULAR),Fetranspor,469,17546127,"-22.868","-43.3349"
709,709-CASCADURA X AMARELINHO (CIRCULAR),Fetranspor,470,17546127,"-22.8682","-43.335"
709,709-CASCADURA X AMARELINHO (CIRCULAR),Fetranspor,471,17546127,"-22.8682","-43.335"
709,709-CASCADURA X AMARELINHO (CIRCULAR),Fetranspor,472,17546127,"-22.8687","-43.3351"
709,709-CASCADURA X AMARELINHO (CIRCULAR),Fetranspor,473,17546127,"-22.869","-43.3352"
709,709-CASCADURA X AMARELINHO (CIRCULAR),Fetranspor,474,17546127,"-22.8693","-43.3352"
709,709-CASCADURA X AMARELINHO (CIRCULAR),Fetranspor,475,17546127,"-22.8693","-43.3352"
709,709-CASCADURA X AMARELINHO (CIRCULAR),Fetranspor,476,17546127,"-22.8694","-43.3353"
709,709-CASCADURA X AMARELINHO (CIRCULAR),Fetranspor,477,17546127,"-22.8697","-43.3354"
709,709-CASCADURA X AMARELINHO (CIRCULAR),Fetranspor,478,17546127,"-22.8698","-43.3354"
709,709-CASCADURA X AMARELINHO (CIRCULAR),Fetranspor,479,17546127,"-22.8698","-43.3354"
709,709-CASCADURA X AMARELINHO (CIRCULAR),Fetranspor,480,17546127,"-22.8707","-43.3357"
709,709-CASCADURA X AMARELINHO (CIRCULAR),Fetranspor,481,17546127,"-22.8707","-43.3357"
709,709-CASCADURA X AMARELINHO (CIRCULAR),Fetranspor,482,17546127,"-22.8722","-43.3363"
709,709-CASCADURA X AMARELINHO (CIRCULAR),Fetranspor,483,17546127,"-22.8723","-43.3363"
709,709-CASCADURA X AMARELINHO (CIRCULAR),Fetranspor,484,17546127,"-22.8724","-43.3363"
709,709-CASCADURA X AMARELINHO (CIRCULAR),Fetranspor,485,17546127,"-22.8725","-43.3363"
709,709-CASCADURA X AMARELINHO (CIRCULAR),Fetranspor,486,17546127,"-22.8725","-43.3363"
709,709-CASCADURA X AMARELINHO (CIRCULAR),Fetranspor,487,17546127,"-22.8725","-43.3363"
709,709-CASCADURA X AMARELINHO (CIRCULAR),Fetranspor,488,17546127,"-22.8729","-43.3361"
709,709-CASCADURA X AMARELINHO (CIRCULAR),Fetranspor,489,17546127,"-22.8729","-43.336"
709,709-CASCADURA X AMARELINHO (CIRCULAR),Fetranspor,490,17546127,"-22.8729","-43.336"
709,709-CASCADURA X AMARELINHO (CIRCULAR),Fetranspor,491,17546127,"-22.873","-43.3359"
709,709-CASCADURA X AMARELINHO (CIRCULAR),Fetranspor,492,17546127,"-22.8732","-43.3358"
709,709-CASCADURA X AMARELINHO (CIRCULAR),Fetranspor,493,17546127,"-22.8733","-43.3357"
709,709-CASCADURA X AMARELINHO (CIRCULAR),Fetranspor,494,17546127,"-22.8735","-43.3357"
709,709-CASCADURA X AMARELINHO (CIRCULAR),Fetranspor,495,17546127,"-22.8735","-43.3356"
709,709-CASCADURA X AMARELINHO (CIRCULAR),Fetranspor,496,17546127,"-22.8735","-43.3356"
709,709-CASCADURA X AMARELINHO (CIRCULAR),Fetranspor,497,17546127,"-22.8743","-43.3352"
709,709-CASCADURA X AMARELINHO (CIRCULAR),Fetranspor,498,17546127,"-22.8743","-43.3352"
709,709-CASCADURA X AMARELINHO (CIRCULAR),Fetranspor,499,17546127,"-22.8745","-43.3351"
709,709-CASCADURA X AMARELINHO (CIRCULAR),Fetranspor,500,17546127,"-22.875","-43.335"
709,709-CASCADURA X AMARELINHO (CIRCULAR),Fetranspor,501,17546127,"-22.8753","-43.335"
709,709-CASCADURA X AMARELINHO (CIRCULAR),Fetranspor,502,17546127,"-22.8755","-43.335"
709,709-CASCADURA X AMARELINHO (CIRCULAR),Fetranspor,503,17546127,"-22.8757","-43.335"
709,709-CASCADURA X AMARELINHO (CIRCULAR),Fetranspor,504,17546127,"-22.8758","-43.3351"
709,709-CASCADURA X AMARELINHO (CIRCULAR),Fetranspor,505,17546127,"-22.8759","-43.3351"
709,709-CASCADURA X AMARELINHO (CIRCULAR),Fetranspor,506,17546127,"-22.876","-43.3352"
709,709-CASCADURA X AMARELINHO (CIRCULAR),Fetranspor,507,17546127,"-22.876","-43.3352"
709,709-CASCADURA X AMARELINHO (CIRCULAR),Fetranspor,508,17546127,"-22.8761","-43.3354"
709,709-CASCADURA X AMARELINHO (CIRCULAR),Fetranspor,509,17546127,"-22.8762","-43.3355"
709,709-CASCADURA X AMARELINHO (CIRCULAR),Fetranspor,510,17546127,"-22.8766","-43.3358"
709,709-CASCADURA X AMARELINHO (CIRCULAR),Fetranspor,511,17546127,"-22.8766","-43.3358"
709,709-CASCADURA X AMARELINHO (CIRCULAR),Fetranspor,512,17546127,"-22.8766","-43.3358"
709,709-CASCADURA X AMARELINHO (CIRCULAR),Fetranspor,513,17546127,"-22.877","-43.3361"
709,709-CASCADURA X AMARELINHO (CIRCULAR),Fetranspor,514,17546127,"-22.8771","-43.3361"
709,709-CASCADURA X AMARELINHO (CIRCULAR),Fetranspor,515,17546127,"-22.8771","-43.3361"
709,709-CASCADURA X AMARELINHO (CIRCULAR),Fetranspor,516,17546127,"-22.8772","-43.3361"
709,709-CASCADURA X AMARELINHO (CIRCULAR),Fetranspor,517,17546127,"-22.8772","-43.3361"
709,709-CASCADURA X AMARELINHO (CIRCULAR),Fetranspor,518,17546127,"-22.8773","-43.3359"
709,709-CASCADURA X AMARELINHO (CIRCULAR),Fetranspor,519,17546127,"-22.8774","-43.3358"
709,709-CASCADURA X AMARELINHO (CIRCULAR),Fetranspor,520,17546127,"-22.8774","-43.3358"
709,709-CASCADURA X AMARELINHO (CIRCULAR),Fetranspor,521,17546127,"-22.8775","-43.3357"
709,709-CASCADURA X AMARELINHO (CIRCULAR),Fetranspor,522,17546127,"-22.8777","-43.3354"
709,709-CASCADURA X AMARELINHO (CIRCULAR),Fetranspor,523,17546127,"-22.8795","-43.3324"
709,709-CASCADURA X AMARELINHO (CIRCULAR),Fetranspor,524,17546127,"-22.8798","-43.3318"
709,709-CASCADURA X AMARELINHO (CIRCULAR),Fetranspor,525,17546127,"-22.8798","-43.3318"
709,709-CASCADURA X AMARELINHO (CIRCULAR),Fetranspor,526,17546127,"-22.8801","-43.3314"
709,709-CASCADURA X AMARELINHO (CIRCULAR),Fetranspor,527,17546127,"-22.8803","-43.331"
709,709-CASCADURA X AMARELINHO (CIRCULAR),Fetranspor,528,17546127,"-22.8803","-43.331"
709,709-CASCADURA X AMARELINHO (CIRCULAR),Fetranspor,529,17546127,"-22.8814","-43.3291"
709,709-CASCADURA X AMARELINHO (CIRCULAR),Fetranspor,530,17546127,"-22.8815","-43.329"
709,709-CASCADURA X AMARELINHO (CIRCULAR),Fetranspor,531,17546127,"-22.8815","-43.329"
709,709-CASCADURA X AMARELINHO (CIRCULAR),Fetranspor,532,17546127,"-22.8817","-43.3287"
709,709-CASCADURA X AMARELINHO (CIRCULAR),Fetranspor,533,17546127,"-22.8817","-43.3287"
709,709-CASCADURA X AMARELINHO (CIRCULAR),Fetranspor,534,17546127,"-22.8821","-43.3281"
