linha,descricao,agencia,sequencia,shape_id,latitude,longitude
721,721-CASCADURA X VILA CRUZEIRO,Fetranspor,0,17401092,"-22.8818","-43.3254"
721,721-CASCADURA X VILA CRUZEIRO,Fetranspor,1,17401092,"-22.8819","-43.3248"
721,721-CASCADURA X VILA CRUZEIRO,Fetranspor,2,17401092,"-22.8819","-43.3248"
721,721-CASCADURA X VILA CRUZEIRO,Fetranspor,3,17401092,"-22.8816","-43.3245"
721,721-CASCADURA X VILA CRUZEIRO,Fetranspor,4,17401092,"-22.8816","-43.3245"
721,721-CASCADURA X VILA CRUZEIRO,Fetranspor,5,17401092,"-22.8812","-43.324"
721,721-CASCADURA X VILA CRUZEIRO,Fetranspor,6,17401092,"-22.8812","-43.324"
721,721-CASCADURA X VILA CRUZEIRO,Fetranspor,7,17401092,"-22.8807","-43.3234"
721,721-CASCADURA X VILA CRUZEIRO,Fetranspor,8,17401092,"-22.8807","-43.3234"
721,721-CASCADURA X VILA CRUZEIRO,Fetranspor,9,17401092,"-22.88","-43.3226"
721,721-CASCADURA X VILA CRUZEIRO,Fetranspor,10,17401092,"-22.88","-43.3226"
721,721-CASCADURA X VILA CRUZEIRO,Fetranspor,11,17401092,"-22.8797","-43.3223"
721,721-CASCADURA X VILA CRUZEIRO,Fetranspor,12,17401092,"-22.8797","-43.3223"
721,721-CASCADURA X VILA CRUZEIRO,Fetranspor,13,17401092,"-22.8789","-43.323"
721,721-CASCADURA X VILA CRUZEIRO,Fetranspor,14,17401092,"-22.8789","-43.323"
721,721-CASCADURA X VILA CRUZEIRO,Fetranspor,15,17401092,"-22.8782","-43.3237"
721,721-CASCADURA X VILA CRUZEIRO,Fetranspor,16,17401092,"-22.8782","-43.3237"
721,721-CASCADURA X VILA CRUZEIRO,Fetranspor,17,17401092,"-22.8777","-43.3242"
721,721-CASCADURA X VILA CRUZEIRO,Fetranspor,18,17401092,"-22.8776","-43.3243"
721,721-CASCADURA X VILA CRUZEIRO,Fetranspor,19,17401092,"-22.8776","-43.3244"
721,721-CASCADURA X VILA CRUZEIRO,Fetranspor,20,17401092,"-22.8776","-43.3245"
721,721-CASCADURA X VILA CRUZEIRO,Fetranspor,21,17401092,"-22.8776","-43.3245"
721,721-CASCADURA X VILA CRUZEIRO,Fetranspor,22,17401092,"-22.8776","-43.3245"
721,721-CASCADURA X VILA CRUZEIRO,Fetranspor,23,17401092,"-22.8776","-43.3246"
721,721-CASCADURA X VILA CRUZEIRO,Fetranspor,24,17401092,"-22.8777","-43.3254"
721,721-CASCADURA X VILA CRUZEIRO,Fetranspor,25,17401092,"-22.8777","-43.3254"
721,721-CASCADURA X VILA CRUZEIRO,Fetranspor,26,17401092,"-22.8777","-43.3264"
721,721-CASCADURA X VILA CRUZEIRO,Fetranspor,27,17401092,"-22.8777","-43.3264"
721,721-CASCADURA X VILA CRUZEIRO,Fetranspor,28,17401092,"-22.8777","-43.3267"
721,721-CASCADURA X VILA CRUZEIRO,Fetranspor,29,17401092,"-22.8777","-43.3267"
721,721-CASCADURA X VILA CRUZEIRO,Fetranspor,30,17401092,"-22.8777","-43.327"
721,721-CASCADURA X VILA CRUZEIRO,Fetranspor,31,17401092,"-22.8777","-43.327"
721,721-CASCADURA X VILA CRUZEIRO,Fetranspor,32,17401092,"-22.8778","-43.3275"
721,721-CASCADURA X VILA CRUZEIRO,Fetranspor,33,17401092,"-22.8778","-43.3275"
721,721-CASCADURA X VILA CRUZEIRO,Fetranspor,34,17401092,"-22.8778","-43.3283"
721,721-CASCADURA X VILA CRUZEIRO,Fetranspor,35,17401092,"-22.8778","-43.3283"
721,721-CASCADURA X VILA CRUZEIRO,Fetranspor,36,17401092,"-22.8778","-43.3292"
721,721-CASCADURA X VILA CRUZEIRO,Fetranspor,37,17401092,"-22.8778","-43.3292"
721,721-CASCADURA X VILA CRUZEIRO,Fetranspor,38,17401092,"-22.8789","-43.3291"
721,721-CASCADURA X VILA CRUZEIRO,Fetranspor,39,17401092,"-22.8789","-43.3291"
721,721-CASCADURA X VILA CRUZEIRO,Fetranspor,40,17401092,"-22.879","-43.3309"
721,721-CASCADURA X VILA CRUZEIRO,Fetranspor,41,17401092,"-22.879","-43.331"
721,721-CASCADURA X VILA CRUZEIRO,Fetranspor,42,17401092,"-22.879","-43.331"
721,721-CASCADURA X VILA CRUZEIRO,Fetranspor,43,17401092,"-22.8791","-43.3319"
721,721-CASCADURA X VILA CRUZEIRO,Fetranspor,44,17401092,"-22.8791","-43.3319"
721,721-CASCADURA X VILA CRUZEIRO,Fetranspor,45,17401092,"-22.879","-43.3319"
721,721-CASCADURA X VILA CRUZEIRO,Fetranspor,46,17401092,"-22.8789","-43.3319"
721,721-CASCADURA X VILA CRUZEIRO,Fetranspor,47,17401092,"-22.8784","-43.3325"
721,721-CASCADURA X VILA CRUZEIRO,Fetranspor,48,17401092,"-22.8779","-43.3331"
721,721-CASCADURA X VILA CRUZEIRO,Fetranspor,49,17401092,"-22.8779","-43.3331"
721,721-CASCADURA X VILA CRUZEIRO,Fetranspor,50,17401092,"-22.8773","-43.3337"
721,721-CASCADURA X VILA CRUZEIRO,Fetranspor,51,17401092,"-22.8769","-43.3343"
721,721-CASCADURA X VILA CRUZEIRO,Fetranspor,52,17401092,"-22.8767","-43.3344"
721,721-CASCADURA X VILA CRUZEIRO,Fetranspor,53,17401092,"-22.8767","-43.3345"
721,721-CASCADURA X VILA CRUZEIRO,Fetranspor,54,17401092,"-22.8766","-43.3345"
721,721-CASCADURA X VILA CRUZEIRO,Fetranspor,55,17401092,"-22.8765","-43.3345"
721,721-CASCADURA X VILA CRUZEIRO,Fetranspor,56,17401092,"-22.8764","-43.3345"
721,721-CASCADURA X VILA CRUZEIRO,Fetranspor,57,17401092,"-22.8764","-43.3345"
721,721-CASCADURA X VILA CRUZEIRO,Fetranspor,58,17401092,"-22.8762","-43.3345"
721,721-CASCADURA X VILA CRUZEIRO,Fetranspor,59,17401092,"-22.8761","-43.3345"
721,721-CASCADURA X VILA CRUZEIRO,Fetranspor,60,17401092,"-22.8759","-43.3347"
721,721-CASCADURA X VILA CRUZEIRO,Fetranspor,61,17401092,"-22.8759","-43.3347"
721,721-CASCADURA X VILA CRUZEIRO,Fetranspor,62,17401092,"-22.8759","-43.3347"
721,721-CASCADURA X VILA CRUZEIRO,Fetranspor,63,17401092,"-22.8758","-43.3347"
721,721-CASCADURA X VILA CRUZEIRO,Fetranspor,64,17401092,"-22.8758","-43.3347"
721,721-CASCADURA X VILA CRUZEIRO,Fetranspor,65,17401092,"-22.8756","-43.3347"
721,721-CASCADURA X VILA CRUZEIRO,Fetranspor,66,17401092,"-22.8754","-43.3347"
721,721-CASCADURA X VILA CRUZEIRO,Fetranspor,67,17401092,"-22.8753","-43.3347"
721,721-CASCADURA X VILA CRUZEIRO,Fetranspor,68,17401092,"-22.8751","-43.3347"
721,721-CASCADURA X VILA CRUZEIRO,Fetranspor,69,17401092,"-22.8749","-43.3347"
721,721-CASCADURA X VILA CRUZEIRO,Fetranspor,70,17401092,"-22.8748","-43.3348"
721,721-CASCADURA X VILA CRUZEIRO,Fetranspor,71,17401092,"-22.8747","-43.3348"
721,721-CASCADURA X VILA CRUZEIRO,Fetranspor,72,17401092,"-22.8746","-43.3348"
721,721-CASCADURA X VILA CRUZEIRO,Fetranspor,73,17401092,"-22.8745","-43.3349"
721,721-CASCADURA X VILA CRUZEIRO,Fetranspor,74,17401092,"-22.8743","-43.3352"
721,721-CASCADURA X VILA CRUZEIRO,Fetranspor,75,17401092,"-22.8743","-43.3352"
721,721-CASCADURA X VILA CRUZEIRO,Fetranspor,76,17401092,"-22.8735","-43.3356"
721,721-CASCADURA X VILA CRUZEIRO,Fetranspor,77,17401092,"-22.8735","-43.3356"
721,721-CASCADURA X VILA CRUZEIRO,Fetranspor,78,17401092,"-22.8735","-43.3357"
721,721-CASCADURA X VILA CRUZEIRO,Fetranspor,79,17401092,"-22.8733","-43.3357"
721,721-CASCADURA X VILA CRUZEIRO,Fetranspor,80,17401092,"-22.8732","-43.3358"
721,721-CASCADURA X VILA CRUZEIRO,Fetranspor,81,17401092,"-22.873","-43.3359"
721,721-CASCADURA X VILA CRUZEIRO,Fetranspor,82,17401092,"-22.8729","-43.336"
721,721-CASCADURA X VILA CRUZEIRO,Fetranspor,83,17401092,"-22.8729","-43.336"
721,721-CASCADURA X VILA CRUZEIRO,Fetranspor,84,17401092,"-22.8729","-43.3361"
721,721-CASCADURA X VILA CRUZEIRO,Fetranspor,85,17401092,"-22.8725","-43.3363"
721,721-CASCADURA X VILA CRUZEIRO,Fetranspor,86,17401092,"-22.8725","-43.3363"
721,721-CASCADURA X VILA CRUZEIRO,Fetranspor,87,17401092,"-22.8725","-43.3363"
721,721-CASCADURA X VILA CRUZEIRO,Fetranspor,88,17401092,"-22.8724","-43.3363"
721,721-CASCADURA X VILA CRUZEIRO,Fetranspor,89,17401092,"-22.8723","-43.3363"
721,721-CASCADURA X VILA CRUZEIRO,Fetranspor,90,17401092,"-22.8722","-43.3363"
721,721-CASCADURA X VILA CRUZEIRO,Fetranspor,91,17401092,"-22.8707","-43.3357"
721,721-CASCADURA X VILA CRUZEIRO,Fetranspor,92,17401092,"-22.8707","-43.3357"
721,721-CASCADURA X VILA CRUZEIRO,Fetranspor,93,17401092,"-22.8698","-43.3354"
721,721-CASCADURA X VILA CRUZEIRO,Fetranspor,94,17401092,"-22.8698","-43.3354"
721,721-CASCADURA X VILA CRUZEIRO,Fetranspor,95,17401092,"-22.8697","-43.3354"
721,721-CASCADURA X VILA CRUZEIRO,Fetranspor,96,17401092,"-22.8694","-43.3353"
721,721-CASCADURA X VILA CRUZEIRO,Fetranspor,97,17401092,"-22.8693","-43.3352"
721,721-CASCADURA X VILA CRUZEIRO,Fetranspor,98,17401092,"-22.8693","-43.3352"
721,721-CASCADURA X VILA CRUZEIRO,Fetranspor,99,17401092,"-22.869","-43.3352"
721,721-CASCADURA X VILA CRUZEIRO,Fetranspor,100,17401092,"-22.8687","-43.3351"
721,721-CASCADURA X VILA CRUZEIRO,Fetranspor,101,17401092,"-22.8682","-43.335"
721,721-CASCADURA X VILA CRUZEIRO,Fetranspor,102,17401092,"-22.8682","-43.335"
721,721-CASCADURA X VILA CRUZEIRO,Fetranspor,103,17401092,"-22.868","-43.3349"
721,721-CASCADURA X VILA CRUZEIRO,Fetranspor,104,17401092,"-22.868","-43.3349"
721,721-CASCADURA X VILA CRUZEIRO,Fetranspor,105,17401092,"-22.8678","-43.3349"
721,721-CASCADURA X VILA CRUZEIRO,Fetranspor,106,17401092,"-22.8678","-43.3349"
721,721-CASCADURA X VILA CRUZEIRO,Fetranspor,107,17401092,"-22.8673","-43.3348"
721,721-CASCADURA X VILA CRUZEIRO,Fetranspor,108,17401092,"-22.8673","-43.3348"
721,721-CASCADURA X VILA CRUZEIRO,Fetranspor,109,17401092,"-22.8669","-43.3347"
721,721-CASCADURA X VILA CRUZEIRO,Fetranspor,110,17401092,"-22.8669","-43.3347"
721,721-CASCADURA X VILA CRUZEIRO,Fetranspor,111,17401092,"-22.8664","-43.3346"
721,721-CASCADURA X VILA CRUZEIRO,Fetranspor,112,17401092,"-22.8664","-43.3346"
721,721-CASCADURA X VILA CRUZEIRO,Fetranspor,113,17401092,"-22.866","-43.3345"
721,721-CASCADURA X VILA CRUZEIRO,Fetranspor,114,17401092,"-22.866","-43.3345"
721,721-CASCADURA X VILA CRUZEIRO,Fetranspor,115,17401092,"-22.8659","-43.3344"
721,721-CASCADURA X VILA CRUZEIRO,Fetranspor,116,17401092,"-22.8655","-43.3343"
721,721-CASCADURA X VILA CRUZEIRO,Fetranspor,117,17401092,"-22.8655","-43.3342"
721,721-CASCADURA X VILA CRUZEIRO,Fetranspor,118,17401092,"-22.8655","-43.3342"
721,721-CASCADURA X VILA CRUZEIRO,Fetranspor,119,17401092,"-22.8653","-43.3342"
721,721-CASCADURA X VILA CRUZEIRO,Fetranspor,120,17401092,"-22.8653","-43.3342"
721,721-CASCADURA X VILA CRUZEIRO,Fetranspor,121,17401092,"-22.8648","-43.3339"
721,721-CASCADURA X VILA CRUZEIRO,Fetranspor,122,17401092,"-22.8648","-43.3339"
721,721-CASCADURA X VILA CRUZEIRO,Fetranspor,123,17401092,"-22.8646","-43.3338"
721,721-CASCADURA X VILA CRUZEIRO,Fetranspor,124,17401092,"-22.8646","-43.3338"
721,721-CASCADURA X VILA CRUZEIRO,Fetranspor,125,17401092,"-22.8644","-43.3336"
721,721-CASCADURA X VILA CRUZEIRO,Fetranspor,126,17401092,"-22.8642","-43.3335"
721,721-CASCADURA X VILA CRUZEIRO,Fetranspor,127,17401092,"-22.8641","-43.3333"
721,721-CASCADURA X VILA CRUZEIRO,Fetranspor,128,17401092,"-22.8641","-43.3333"
721,721-CASCADURA X VILA CRUZEIRO,Fetranspor,129,17401092,"-22.8639","-43.3332"
721,721-CASCADURA X VILA CRUZEIRO,Fetranspor,130,17401092,"-22.8638","-43.3331"
721,721-CASCADURA X VILA CRUZEIRO,Fetranspor,131,17401092,"-22.8637","-43.3329"
721,721-CASCADURA X VILA CRUZEIRO,Fetranspor,132,17401092,"-22.8635","-43.3327"
721,721-CASCADURA X VILA CRUZEIRO,Fetranspor,133,17401092,"-22.8635","-43.3327"
721,721-CASCADURA X VILA CRUZEIRO,Fetranspor,134,17401092,"-22.8634","-43.3325"
721,721-CASCADURA X VILA CRUZEIRO,Fetranspor,135,17401092,"-22.8633","-43.3324"
721,721-CASCADURA X VILA CRUZEIRO,Fetranspor,136,17401092,"-22.8632","-43.3323"
721,721-CASCADURA X VILA CRUZEIRO,Fetranspor,137,17401092,"-22.8632","-43.3323"
721,721-CASCADURA X VILA CRUZEIRO,Fetranspor,138,17401092,"-22.863","-43.332"
721,721-CASCADURA X VILA CRUZEIRO,Fetranspor,139,17401092,"-22.863","-43.332"
721,721-CASCADURA X VILA CRUZEIRO,Fetranspor,140,17401092,"-22.8627","-43.3315"
721,721-CASCADURA X VILA CRUZEIRO,Fetranspor,141,17401092,"-22.8627","-43.3315"
721,721-CASCADURA X VILA CRUZEIRO,Fetranspor,142,17401092,"-22.8626","-43.3315"
721,721-CASCADURA X VILA CRUZEIRO,Fetranspor,143,17401092,"-22.8626","-43.3314"
721,721-CASCADURA X VILA CRUZEIRO,Fetranspor,144,17401092,"-22.8626","-43.3314"
721,721-CASCADURA X VILA CRUZEIRO,Fetranspor,145,17401092,"-22.8626","-43.3314"
721,721-CASCADURA X VILA CRUZEIRO,Fetranspor,146,17401092,"-22.8626","-43.3314"
721,721-CASCADURA X VILA CRUZEIRO,Fetranspor,147,17401092,"-22.8625","-43.3314"
721,721-CASCADURA X VILA CRUZEIRO,Fetranspor,148,17401092,"-22.8622","-43.3311"
721,721-CASCADURA X VILA CRUZEIRO,Fetranspor,149,17401092,"-22.8622","-43.3311"
721,721-CASCADURA X VILA CRUZEIRO,Fetranspor,150,17401092,"-22.862","-43.331"
721,721-CASCADURA X VILA CRUZEIRO,Fetranspor,151,17401092,"-22.862","-43.331"
721,721-CASCADURA X VILA CRUZEIRO,Fetranspor,152,17401092,"-22.8619","-43.3308"
721,721-CASCADURA X VILA CRUZEIRO,Fetranspor,153,17401092,"-22.8617","-43.3306"
721,721-CASCADURA X VILA CRUZEIRO,Fetranspor,154,17401092,"-22.8617","-43.3306"
721,721-CASCADURA X VILA CRUZEIRO,Fetranspor,155,17401092,"-22.8616","-43.3305"
721,721-CASCADURA X VILA CRUZEIRO,Fetranspor,156,17401092,"-22.8615","-43.3304"
721,721-CASCADURA X VILA CRUZEIRO,Fetranspor,157,17401092,"-22.8612","-43.3302"
721,721-CASCADURA X VILA CRUZEIRO,Fetranspor,158,17401092,"-22.8612","-43.3302"
721,721-CASCADURA X VILA CRUZEIRO,Fetranspor,159,17401092,"-22.861","-43.33"
721,721-CASCADURA X VILA CRUZEIRO,Fetranspor,160,17401092,"-22.861","-43.33"
721,721-CASCADURA X VILA CRUZEIRO,Fetranspor,161,17401092,"-22.8608","-43.3299"
721,721-CASCADURA X VILA CRUZEIRO,Fetranspor,162,17401092,"-22.8607","-43.3298"
721,721-CASCADURA X VILA CRUZEIRO,Fetranspor,163,17401092,"-22.8606","-43.3298"
721,721-CASCADURA X VILA CRUZEIRO,Fetranspor,164,17401092,"-22.86","-43.3297"
721,721-CASCADURA X VILA CRUZEIRO,Fetranspor,165,17401092,"-22.86","-43.3297"
721,721-CASCADURA X VILA CRUZEIRO,Fetranspor,166,17401092,"-22.8595","-43.3296"
721,721-CASCADURA X VILA CRUZEIRO,Fetranspor,167,17401092,"-22.8595","-43.3296"
721,721-CASCADURA X VILA CRUZEIRO,Fetranspor,168,17401092,"-22.859","-43.3295"
721,721-CASCADURA X VILA CRUZEIRO,Fetranspor,169,17401092,"-22.859","-43.3295"
721,721-CASCADURA X VILA CRUZEIRO,Fetranspor,170,17401092,"-22.8579","-43.3293"
721,721-CASCADURA X VILA CRUZEIRO,Fetranspor,171,17401092,"-22.8579","-43.3293"
721,721-CASCADURA X VILA CRUZEIRO,Fetranspor,172,17401092,"-22.8577","-43.3293"
721,721-CASCADURA X VILA CRUZEIRO,Fetranspor,173,17401092,"-22.8575","-43.3293"
721,721-CASCADURA X VILA CRUZEIRO,Fetranspor,174,17401092,"-22.8575","-43.3293"
721,721-CASCADURA X VILA CRUZEIRO,Fetranspor,175,17401092,"-22.8572","-43.3292"
721,721-CASCADURA X VILA CRUZEIRO,Fetranspor,176,17401092,"-22.8571","-43.3291"
721,721-CASCADURA X VILA CRUZEIRO,Fetranspor,177,17401092,"-22.857","-43.3291"
721,721-CASCADURA X VILA CRUZEIRO,Fetranspor,178,17401092,"-22.8569","-43.329"
721,721-CASCADURA X VILA CRUZEIRO,Fetranspor,179,17401092,"-22.8569","-43.329"
721,721-CASCADURA X VILA CRUZEIRO,Fetranspor,180,17401092,"-22.8568","-43.329"
721,721-CASCADURA X VILA CRUZEIRO,Fetranspor,181,17401092,"-22.8568","-43.3289"
721,721-CASCADURA X VILA CRUZEIRO,Fetranspor,182,17401092,"-22.8567","-43.3288"
721,721-CASCADURA X VILA CRUZEIRO,Fetranspor,183,17401092,"-22.8567","-43.3287"
721,721-CASCADURA X VILA CRUZEIRO,Fetranspor,184,17401092,"-22.8566","-43.3287"
721,721-CASCADURA X VILA CRUZEIRO,Fetranspor,185,17401092,"-22.8566","-43.3287"
721,721-CASCADURA X VILA CRUZEIRO,Fetranspor,186,17401092,"-22.8565","-43.3282"
721,721-CASCADURA X VILA CRUZEIRO,Fetranspor,187,17401092,"-22.8565","-43.3282"
721,721-CASCADURA X VILA CRUZEIRO,Fetranspor,188,17401092,"-22.8562","-43.3265"
721,721-CASCADURA X VILA CRUZEIRO,Fetranspor,189,17401092,"-22.856","-43.326"
721,721-CASCADURA X VILA CRUZEIRO,Fetranspor,190,17401092,"-22.856","-43.326"
721,721-CASCADURA X VILA CRUZEIRO,Fetranspor,191,17401092,"-22.856","-43.3258"
721,721-CASCADURA X VILA CRUZEIRO,Fetranspor,192,17401092,"-22.856","-43.3256"
721,721-CASCADURA X VILA CRUZEIRO,Fetranspor,193,17401092,"-22.856","-43.3256"
721,721-CASCADURA X VILA CRUZEIRO,Fetranspor,194,17401092,"-22.8558","-43.325"
721,721-CASCADURA X VILA CRUZEIRO,Fetranspor,195,17401092,"-22.8558","-43.325"
721,721-CASCADURA X VILA CRUZEIRO,Fetranspor,196,17401092,"-22.8558","-43.3247"
721,721-CASCADURA X VILA CRUZEIRO,Fetranspor,197,17401092,"-22.8557","-43.3246"
721,721-CASCADURA X VILA CRUZEIRO,Fetranspor,198,17401092,"-22.8557","-43.3246"
721,721-CASCADURA X VILA CRUZEIRO,Fetranspor,199,17401092,"-22.8556","-43.3243"
721,721-CASCADURA X VILA CRUZEIRO,Fetranspor,200,17401092,"-22.8553","-43.3239"
721,721-CASCADURA X VILA CRUZEIRO,Fetranspor,201,17401092,"-22.8553","-43.3239"
721,721-CASCADURA X VILA CRUZEIRO,Fetranspor,202,17401092,"-22.8551","-43.3236"
721,721-CASCADURA X VILA CRUZEIRO,Fetranspor,203,17401092,"-22.8551","-43.3236"
721,721-CASCADURA X VILA CRUZEIRO,Fetranspor,204,17401092,"-22.8547","-43.3231"
721,721-CASCADURA X VILA CRUZEIRO,Fetranspor,205,17401092,"-22.8547","-43.3231"
721,721-CASCADURA X VILA CRUZEIRO,Fetranspor,206,17401092,"-22.8544","-43.3227"
721,721-CASCADURA X VILA CRUZEIRO,Fetranspor,207,17401092,"-22.8544","-43.3227"
721,721-CASCADURA X VILA CRUZEIRO,Fetranspor,208,17401092,"-22.8543","-43.3226"
721,721-CASCADURA X VILA CRUZEIRO,Fetranspor,209,17401092,"-22.8542","-43.3225"
721,721-CASCADURA X VILA CRUZEIRO,Fetranspor,210,17401092,"-22.8542","-43.3225"
721,721-CASCADURA X VILA CRUZEIRO,Fetranspor,211,17401092,"-22.8538","-43.3218"
721,721-CASCADURA X VILA CRUZEIRO,Fetranspor,212,17401092,"-22.8538","-43.3218"
721,721-CASCADURA X VILA CRUZEIRO,Fetranspor,213,17401092,"-22.8537","-43.3216"
721,721-CASCADURA X VILA CRUZEIRO,Fetranspor,214,17401092,"-22.8535","-43.3213"
721,721-CASCADURA X VILA CRUZEIRO,Fetranspor,215,17401092,"-22.8535","-43.3211"
721,721-CASCADURA X VILA CRUZEIRO,Fetranspor,216,17401092,"-22.8535","-43.3211"
721,721-CASCADURA X VILA CRUZEIRO,Fetranspor,217,17401092,"-22.8535","-43.3208"
721,721-CASCADURA X VILA CRUZEIRO,Fetranspor,218,17401092,"-22.8535","-43.3208"
721,721-CASCADURA X VILA CRUZEIRO,Fetranspor,219,17401092,"-22.8535","-43.3208"
721,721-CASCADURA X VILA CRUZEIRO,Fetranspor,220,17401092,"-22.8533","-43.3187"
721,721-CASCADURA X VILA CRUZEIRO,Fetranspor,221,17401092,"-22.8533","-43.3187"
721,721-CASCADURA X VILA CRUZEIRO,Fetranspor,222,17401092,"-22.8533","-43.3183"
721,721-CASCADURA X VILA CRUZEIRO,Fetranspor,223,17401092,"-22.8532","-43.3171"
721,721-CASCADURA X VILA CRUZEIRO,Fetranspor,224,17401092,"-22.8532","-43.317"
721,721-CASCADURA X VILA CRUZEIRO,Fetranspor,225,17401092,"-22.8532","-43.317"
721,721-CASCADURA X VILA CRUZEIRO,Fetranspor,226,17401092,"-22.8524","-43.3171"
721,721-CASCADURA X VILA CRUZEIRO,Fetranspor,227,17401092,"-22.8524","-43.3171"
721,721-CASCADURA X VILA CRUZEIRO,Fetranspor,228,17401092,"-22.8523","-43.3166"
721,721-CASCADURA X VILA CRUZEIRO,Fetranspor,229,17401092,"-22.8523","-43.3161"
721,721-CASCADURA X VILA CRUZEIRO,Fetranspor,230,17401092,"-22.8523","-43.3161"
721,721-CASCADURA X VILA CRUZEIRO,Fetranspor,231,17401092,"-22.8523","-43.3157"
721,721-CASCADURA X VILA CRUZEIRO,Fetranspor,232,17401092,"-22.8523","-43.3157"
721,721-CASCADURA X VILA CRUZEIRO,Fetranspor,233,17401092,"-22.8523","-43.3155"
721,721-CASCADURA X VILA CRUZEIRO,Fetranspor,234,17401092,"-22.8523","-43.3153"
721,721-CASCADURA X VILA CRUZEIRO,Fetranspor,235,17401092,"-22.8533","-43.3139"
721,721-CASCADURA X VILA CRUZEIRO,Fetranspor,236,17401092,"-22.8533","-43.3139"
721,721-CASCADURA X VILA CRUZEIRO,Fetranspor,237,17401092,"-22.8533","-43.3138"
721,721-CASCADURA X VILA CRUZEIRO,Fetranspor,238,17401092,"-22.8533","-43.3138"
721,721-CASCADURA X VILA CRUZEIRO,Fetranspor,239,17401092,"-22.8533","-43.3137"
721,721-CASCADURA X VILA CRUZEIRO,Fetranspor,240,17401092,"-22.8533","-43.3136"
721,721-CASCADURA X VILA CRUZEIRO,Fetranspor,241,17401092,"-22.8533","-43.3136"
721,721-CASCADURA X VILA CRUZEIRO,Fetranspor,242,17401092,"-22.8531","-43.3135"
721,721-CASCADURA X VILA CRUZEIRO,Fetranspor,243,17401092,"-22.853","-43.3133"
721,721-CASCADURA X VILA CRUZEIRO,Fetranspor,244,17401092,"-22.853","-43.3133"
721,721-CASCADURA X VILA CRUZEIRO,Fetranspor,245,17401092,"-22.8519","-43.3117"
721,721-CASCADURA X VILA CRUZEIRO,Fetranspor,246,17401092,"-22.8516","-43.3113"
721,721-CASCADURA X VILA CRUZEIRO,Fetranspor,247,17401092,"-22.8516","-43.3113"
721,721-CASCADURA X VILA CRUZEIRO,Fetranspor,248,17401092,"-22.8513","-43.3109"
721,721-CASCADURA X VILA CRUZEIRO,Fetranspor,249,17401092,"-22.8511","-43.3105"
721,721-CASCADURA X VILA CRUZEIRO,Fetranspor,250,17401092,"-22.8511","-43.3105"
721,721-CASCADURA X VILA CRUZEIRO,Fetranspor,251,17401092,"-22.8508","-43.3098"
721,721-CASCADURA X VILA CRUZEIRO,Fetranspor,252,17401092,"-22.8508","-43.3098"
721,721-CASCADURA X VILA CRUZEIRO,Fetranspor,253,17401092,"-22.8507","-43.3096"
721,721-CASCADURA X VILA CRUZEIRO,Fetranspor,254,17401092,"-22.8506","-43.3093"
721,721-CASCADURA X VILA CRUZEIRO,Fetranspor,255,17401092,"-22.8505","-43.3092"
721,721-CASCADURA X VILA CRUZEIRO,Fetranspor,256,17401092,"-22.8505","-43.3091"
721,721-CASCADURA X VILA CRUZEIRO,Fetranspor,257,17401092,"-22.8505","-43.3091"
721,721-CASCADURA X VILA CRUZEIRO,Fetranspor,258,17401092,"-22.8502","-43.3088"
721,721-CASCADURA X VILA CRUZEIRO,Fetranspor,259,17401092,"-22.8502","-43.3088"
721,721-CASCADURA X VILA CRUZEIRO,Fetranspor,260,17401092,"-22.8501","-43.3086"
721,721-CASCADURA X VILA CRUZEIRO,Fetranspor,261,17401092,"-22.8501","-43.3086"
721,721-CASCADURA X VILA CRUZEIRO,Fetranspor,262,17401092,"-22.8497","-43.308"
721,721-CASCADURA X VILA CRUZEIRO,Fetranspor,263,17401092,"-22.8496","-43.3079"
721,721-CASCADURA X VILA CRUZEIRO,Fetranspor,264,17401092,"-22.8496","-43.3079"
721,721-CASCADURA X VILA CRUZEIRO,Fetranspor,265,17401092,"-22.8489","-43.307"
721,721-CASCADURA X VILA CRUZEIRO,Fetranspor,266,17401092,"-22.8483","-43.3063"
721,721-CASCADURA X VILA CRUZEIRO,Fetranspor,267,17401092,"-22.8483","-43.3063"
721,721-CASCADURA X VILA CRUZEIRO,Fetranspor,268,17401092,"-22.848","-43.3059"
721,721-CASCADURA X VILA CRUZEIRO,Fetranspor,269,17401092,"-22.8475","-43.3053"
721,721-CASCADURA X VILA CRUZEIRO,Fetranspor,270,17401092,"-22.8474","-43.3051"
721,721-CASCADURA X VILA CRUZEIRO,Fetranspor,271,17401092,"-22.8473","-43.305"
721,721-CASCADURA X VILA CRUZEIRO,Fetranspor,272,17401092,"-22.8473","-43.305"
721,721-CASCADURA X VILA CRUZEIRO,Fetranspor,273,17401092,"-22.8472","-43.3049"
721,721-CASCADURA X VILA CRUZEIRO,Fetranspor,274,17401092,"-22.847","-43.3045"
721,721-CASCADURA X VILA CRUZEIRO,Fetranspor,275,17401092,"-22.847","-43.3045"
721,721-CASCADURA X VILA CRUZEIRO,Fetranspor,276,17401092,"-22.847","-43.3044"
721,721-CASCADURA X VILA CRUZEIRO,Fetranspor,277,17401092,"-22.8467","-43.3039"
721,721-CASCADURA X VILA CRUZEIRO,Fetranspor,278,17401092,"-22.8467","-43.3039"
721,721-CASCADURA X VILA CRUZEIRO,Fetranspor,279,17401092,"-22.8465","-43.3035"
721,721-CASCADURA X VILA CRUZEIRO,Fetranspor,280,17401092,"-22.8464","-43.3033"
721,721-CASCADURA X VILA CRUZEIRO,Fetranspor,281,17401092,"-22.8464","-43.3033"
721,721-CASCADURA X VILA CRUZEIRO,Fetranspor,282,17401092,"-22.8459","-43.3024"
721,721-CASCADURA X VILA CRUZEIRO,Fetranspor,283,17401092,"-22.8459","-43.3024"
721,721-CASCADURA X VILA CRUZEIRO,Fetranspor,284,17401092,"-22.8459","-43.3023"
721,721-CASCADURA X VILA CRUZEIRO,Fetranspor,285,17401092,"-22.8457","-43.3022"
721,721-CASCADURA X VILA CRUZEIRO,Fetranspor,286,17401092,"-22.8456","-43.302"
721,721-CASCADURA X VILA CRUZEIRO,Fetranspor,287,17401092,"-22.8454","-43.3018"
721,721-CASCADURA X VILA CRUZEIRO,Fetranspor,288,17401092,"-22.8452","-43.3017"
721,721-CASCADURA X VILA CRUZEIRO,Fetranspor,289,17401092,"-22.8452","-43.3017"
721,721-CASCADURA X VILA CRUZEIRO,Fetranspor,290,17401092,"-22.8449","-43.3015"
721,721-CASCADURA X VILA CRUZEIRO,Fetranspor,291,17401092,"-22.8447","-43.3013"
721,721-CASCADURA X VILA CRUZEIRO,Fetranspor,292,17401092,"-22.8447","-43.3013"
721,721-CASCADURA X VILA CRUZEIRO,Fetranspor,293,17401092,"-22.8447","-43.3013"
721,721-CASCADURA X VILA CRUZEIRO,Fetranspor,294,17401092,"-22.8441","-43.301"
721,721-CASCADURA X VILA CRUZEIRO,Fetranspor,295,17401092,"-22.8441","-43.301"
721,721-CASCADURA X VILA CRUZEIRO,Fetranspor,296,17401092,"-22.8436","-43.3007"
721,721-CASCADURA X VILA CRUZEIRO,Fetranspor,297,17401092,"-22.8432","-43.3004"
721,721-CASCADURA X VILA CRUZEIRO,Fetranspor,298,17401092,"-22.8429","-43.3003"
721,721-CASCADURA X VILA CRUZEIRO,Fetranspor,299,17401092,"-22.8429","-43.3003"
721,721-CASCADURA X VILA CRUZEIRO,Fetranspor,300,17401092,"-22.8424","-43.2999"
721,721-CASCADURA X VILA CRUZEIRO,Fetranspor,301,17401092,"-22.8424","-43.2999"
721,721-CASCADURA X VILA CRUZEIRO,Fetranspor,302,17401092,"-22.8423","-43.2998"
721,721-CASCADURA X VILA CRUZEIRO,Fetranspor,303,17401092,"-22.8422","-43.2997"
721,721-CASCADURA X VILA CRUZEIRO,Fetranspor,304,17401092,"-22.8421","-43.2997"
721,721-CASCADURA X VILA CRUZEIRO,Fetranspor,305,17401092,"-22.842","-43.2996"
721,721-CASCADURA X VILA CRUZEIRO,Fetranspor,306,17401092,"-22.8419","-43.2994"
721,721-CASCADURA X VILA CRUZEIRO,Fetranspor,307,17401092,"-22.8417","-43.2991"
721,721-CASCADURA X VILA CRUZEIRO,Fetranspor,308,17401092,"-22.8417","-43.2991"
721,721-CASCADURA X VILA CRUZEIRO,Fetranspor,309,17401092,"-22.8416","-43.2989"
721,721-CASCADURA X VILA CRUZEIRO,Fetranspor,310,17401092,"-22.8412","-43.2984"
721,721-CASCADURA X VILA CRUZEIRO,Fetranspor,311,17401092,"-22.8412","-43.2984"
721,721-CASCADURA X VILA CRUZEIRO,Fetranspor,312,17401092,"-22.841","-43.298"
721,721-CASCADURA X VILA CRUZEIRO,Fetranspor,313,17401092,"-22.8409","-43.2978"
721,721-CASCADURA X VILA CRUZEIRO,Fetranspor,314,17401092,"-22.8407","-43.2977"
721,721-CASCADURA X VILA CRUZEIRO,Fetranspor,315,17401092,"-22.8407","-43.2977"
721,721-CASCADURA X VILA CRUZEIRO,Fetranspor,316,17401092,"-22.8407","-43.2977"
721,721-CASCADURA X VILA CRUZEIRO,Fetranspor,317,17401092,"-22.8406","-43.2976"
721,721-CASCADURA X VILA CRUZEIRO,Fetranspor,318,17401092,"-22.8406","-43.2975"
721,721-CASCADURA X VILA CRUZEIRO,Fetranspor,319,17401092,"-22.8406","-43.2975"
721,721-CASCADURA X VILA CRUZEIRO,Fetranspor,320,17401092,"-22.8405","-43.2975"
721,721-CASCADURA X VILA CRUZEIRO,Fetranspor,321,17401092,"-22.8405","-43.2975"
721,721-CASCADURA X VILA CRUZEIRO,Fetranspor,322,17401092,"-22.8401","-43.297"
721,721-CASCADURA X VILA CRUZEIRO,Fetranspor,323,17401092,"-22.8399","-43.2967"
721,721-CASCADURA X VILA CRUZEIRO,Fetranspor,324,17401092,"-22.8398","-43.2966"
721,721-CASCADURA X VILA CRUZEIRO,Fetranspor,325,17401092,"-22.8398","-43.2966"
721,721-CASCADURA X VILA CRUZEIRO,Fetranspor,326,17401092,"-22.8393","-43.2959"
721,721-CASCADURA X VILA CRUZEIRO,Fetranspor,327,17401092,"-22.8393","-43.2959"
721,721-CASCADURA X VILA CRUZEIRO,Fetranspor,328,17401092,"-22.8392","-43.2957"
721,721-CASCADURA X VILA CRUZEIRO,Fetranspor,329,17401092,"-22.8392","-43.2957"
721,721-CASCADURA X VILA CRUZEIRO,Fetranspor,330,17401092,"-22.8386","-43.2948"
721,721-CASCADURA X VILA CRUZEIRO,Fetranspor,331,17401092,"-22.8386","-43.2948"
721,721-CASCADURA X VILA CRUZEIRO,Fetranspor,332,17401092,"-22.8385","-43.2947"
721,721-CASCADURA X VILA CRUZEIRO,Fetranspor,333,17401092,"-22.8384","-43.2945"
721,721-CASCADURA X VILA CRUZEIRO,Fetranspor,334,17401092,"-22.8384","-43.2945"
721,721-CASCADURA X VILA CRUZEIRO,Fetranspor,335,17401092,"-22.8384","-43.2944"
721,721-CASCADURA X VILA CRUZEIRO,Fetranspor,336,17401092,"-22.8382","-43.293"
721,721-CASCADURA X VILA CRUZEIRO,Fetranspor,337,17401092,"-22.8381","-43.2928"
721,721-CASCADURA X VILA CRUZEIRO,Fetranspor,338,17401092,"-22.8381","-43.2928"
721,721-CASCADURA X VILA CRUZEIRO,Fetranspor,339,17401092,"-22.8379","-43.2916"
721,721-CASCADURA X VILA CRUZEIRO,Fetranspor,340,17401092,"-22.8379","-43.2916"
721,721-CASCADURA X VILA CRUZEIRO,Fetranspor,341,17401092,"-22.8377","-43.2908"
721,721-CASCADURA X VILA CRUZEIRO,Fetranspor,342,17401092,"-22.8377","-43.2908"
721,721-CASCADURA X VILA CRUZEIRO,Fetranspor,343,17401092,"-22.8376","-43.2905"
721,721-CASCADURA X VILA CRUZEIRO,Fetranspor,344,17401092,"-22.8376","-43.2904"
721,721-CASCADURA X VILA CRUZEIRO,Fetranspor,345,17401092,"-22.8376","-43.2902"
721,721-CASCADURA X VILA CRUZEIRO,Fetranspor,346,17401092,"-22.8377","-43.2892"
721,721-CASCADURA X VILA CRUZEIRO,Fetranspor,347,17401092,"-22.8377","-43.2892"
721,721-CASCADURA X VILA CRUZEIRO,Fetranspor,348,17401092,"-22.8377","-43.289"
721,721-CASCADURA X VILA CRUZEIRO,Fetranspor,349,17401092,"-22.8377","-43.289"
721,721-CASCADURA X VILA CRUZEIRO,Fetranspor,350,17401092,"-22.8378","-43.2884"
721,721-CASCADURA X VILA CRUZEIRO,Fetranspor,351,17401092,"-22.8378","-43.2883"
721,721-CASCADURA X VILA CRUZEIRO,Fetranspor,352,17401092,"-22.8378","-43.2883"
721,721-CASCADURA X VILA CRUZEIRO,Fetranspor,353,17401092,"-22.8378","-43.2879"
721,721-CASCADURA X VILA CRUZEIRO,Fetranspor,354,17401092,"-22.8378","-43.2879"
721,721-CASCADURA X VILA CRUZEIRO,Fetranspor,355,17401092,"-22.8377","-43.2875"
721,721-CASCADURA X VILA CRUZEIRO,Fetranspor,356,17401092,"-22.8377","-43.2875"
721,721-CASCADURA X VILA CRUZEIRO,Fetranspor,357,17401092,"-22.8378","-43.2873"
721,721-CASCADURA X VILA CRUZEIRO,Fetranspor,358,17401092,"-22.8378","-43.287"
721,721-CASCADURA X VILA CRUZEIRO,Fetranspor,359,17401092,"-22.8379","-43.2866"
721,721-CASCADURA X VILA CRUZEIRO,Fetranspor,360,17401092,"-22.8379","-43.2864"
721,721-CASCADURA X VILA CRUZEIRO,Fetranspor,361,17401092,"-22.838","-43.286"
721,721-CASCADURA X VILA CRUZEIRO,Fetranspor,362,17401092,"-22.8381","-43.2858"
721,721-CASCADURA X VILA CRUZEIRO,Fetranspor,363,17401092,"-22.8381","-43.2858"
721,721-CASCADURA X VILA CRUZEIRO,Fetranspor,364,17401092,"-22.8381","-43.2856"
721,721-CASCADURA X VILA CRUZEIRO,Fetranspor,365,17401092,"-22.8381","-43.2856"
721,721-CASCADURA X VILA CRUZEIRO,Fetranspor,366,17401092,"-22.8381","-43.2853"
721,721-CASCADURA X VILA CRUZEIRO,Fetranspor,367,17401092,"-22.8381","-43.2853"
721,721-CASCADURA X VILA CRUZEIRO,Fetranspor,368,17401092,"-22.838","-43.2851"
721,721-CASCADURA X VILA CRUZEIRO,Fetranspor,369,17401092,"-22.8381","-43.2849"
721,721-CASCADURA X VILA CRUZEIRO,Fetranspor,370,17401092,"-22.8381","-43.2849"
721,721-CASCADURA X VILA CRUZEIRO,Fetranspor,371,17401092,"-22.8385","-43.2842"
721,721-CASCADURA X VILA CRUZEIRO,Fetranspor,372,17401092,"-22.8387","-43.2839"
721,721-CASCADURA X VILA CRUZEIRO,Fetranspor,373,17401092,"-22.8387","-43.2839"
721,721-CASCADURA X VILA CRUZEIRO,Fetranspor,374,17401092,"-22.8392","-43.2833"
721,721-CASCADURA X VILA CRUZEIRO,Fetranspor,375,17401092,"-22.8392","-43.2833"
721,721-CASCADURA X VILA CRUZEIRO,Fetranspor,376,17401092,"-22.8394","-43.2828"
721,721-CASCADURA X VILA CRUZEIRO,Fetranspor,377,17401092,"-22.8394","-43.2828"
721,721-CASCADURA X VILA CRUZEIRO,Fetranspor,378,17401092,"-22.8396","-43.2825"
721,721-CASCADURA X VILA CRUZEIRO,Fetranspor,379,17401092,"-22.8396","-43.2825"
721,721-CASCADURA X VILA CRUZEIRO,Fetranspor,380,17401092,"-22.8399","-43.2821"
721,721-CASCADURA X VILA CRUZEIRO,Fetranspor,381,17401092,"-22.8399","-43.2821"
721,721-CASCADURA X VILA CRUZEIRO,Fetranspor,382,17401092,"-22.8401","-43.2818"
721,721-CASCADURA X VILA CRUZEIRO,Fetranspor,383,17401092,"-22.8401","-43.2818"
721,721-CASCADURA X VILA CRUZEIRO,Fetranspor,384,17401092,"-22.8404","-43.2814"
721,721-CASCADURA X VILA CRUZEIRO,Fetranspor,385,17401092,"-22.8404","-43.2814"
721,721-CASCADURA X VILA CRUZEIRO,Fetranspor,386,17401092,"-22.8406","-43.281"
721,721-CASCADURA X VILA CRUZEIRO,Fetranspor,387,17401092,"-22.8406","-43.281"
721,721-CASCADURA X VILA CRUZEIRO,Fetranspor,388,17401092,"-22.8407","-43.2809"
721,721-CASCADURA X VILA CRUZEIRO,Fetranspor,389,17401092,"-22.8407","-43.2809"
721,721-CASCADURA X VILA CRUZEIRO,Fetranspor,390,17401092,"-22.8407","-43.2808"
721,721-CASCADURA X VILA CRUZEIRO,Fetranspor,391,17401092,"-22.8407","-43.2808"
721,721-CASCADURA X VILA CRUZEIRO,Fetranspor,392,17401092,"-22.841","-43.2803"
721,721-CASCADURA X VILA CRUZEIRO,Fetranspor,393,17401092,"-22.841","-43.2803"
721,721-CASCADURA X VILA CRUZEIRO,Fetranspor,394,17401092,"-22.8414","-43.2797"
721,721-CASCADURA X VILA CRUZEIRO,Fetranspor,395,17401092,"-22.8415","-43.2795"
721,721-CASCADURA X VILA CRUZEIRO,Fetranspor,396,17401092,"-22.8415","-43.2795"
721,721-CASCADURA X VILA CRUZEIRO,Fetranspor,397,17401092,"-22.8418","-43.2789"
721,721-CASCADURA X VILA CRUZEIRO,Fetranspor,398,17401092,"-22.8418","-43.2788"
721,721-CASCADURA X VILA CRUZEIRO,Fetranspor,399,17401092,"-22.8419","-43.2787"
721,721-CASCADURA X VILA CRUZEIRO,Fetranspor,400,17401092,"-22.842","-43.2787"
721,721-CASCADURA X VILA CRUZEIRO,Fetranspor,401,17401092,"-22.8422","-43.2787"
721,721-CASCADURA X VILA CRUZEIRO,Fetranspor,402,17401092,"-22.8422","-43.2787"
721,721-CASCADURA X VILA CRUZEIRO,Fetranspor,403,17401092,"-22.8423","-43.2786"
721,721-CASCADURA X VILA CRUZEIRO,Fetranspor,404,17401092,"-22.8423","-43.2786"
721,721-CASCADURA X VILA CRUZEIRO,Fetranspor,405,17401092,"-22.8424","-43.2786"
721,721-CASCADURA X VILA CRUZEIRO,Fetranspor,406,17401092,"-22.8425","-43.2786"
721,721-CASCADURA X VILA CRUZEIRO,Fetranspor,407,17401092,"-22.8425","-43.2786"
721,721-CASCADURA X VILA CRUZEIRO,Fetranspor,408,17401092,"-22.8426","-43.2786"
721,721-CASCADURA X VILA CRUZEIRO,Fetranspor,409,17401092,"-22.8427","-43.2786"
721,721-CASCADURA X VILA CRUZEIRO,Fetranspor,410,17401092,"-22.8428","-43.2787"
721,721-CASCADURA X VILA CRUZEIRO,Fetranspor,411,17401092,"-22.8428","-43.2787"
721,721-CASCADURA X VILA CRUZEIRO,Fetranspor,412,17401092,"-22.8428","-43.2787"
721,721-CASCADURA X VILA CRUZEIRO,Fetranspor,413,17401092,"-22.8431","-43.2792"
721,721-CASCADURA X VILA CRUZEIRO,Fetranspor,414,17401092,"-22.8438","-43.2801"
721,721-CASCADURA X VILA CRUZEIRO,Fetranspor,415,17401092,"-22.8438","-43.2801"
721,721-CASCADURA X VILA CRUZEIRO,Fetranspor,416,17401092,"-22.8441","-43.2804"
721,721-CASCADURA X VILA CRUZEIRO,Fetranspor,417,17401092,"-22.8441","-43.2804"
721,721-CASCADURA X VILA CRUZEIRO,Fetranspor,418,17401092,"-22.8445","-43.281"
721,721-CASCADURA X VILA CRUZEIRO,Fetranspor,419,17401092,"-22.8445","-43.281"
721,721-CASCADURA X VILA CRUZEIRO,Fetranspor,420,17401092,"-22.8452","-43.2819"
721,721-CASCADURA X VILA CRUZEIRO,Fetranspor,421,17401092,"-22.8452","-43.2819"
721,721-CASCADURA X VILA CRUZEIRO,Fetranspor,422,17401092,"-22.8454","-43.2822"
721,721-CASCADURA X VILA CRUZEIRO,Fetranspor,423,17401092,"-22.8458","-43.2828"
721,721-CASCADURA X VILA CRUZEIRO,Fetranspor,0,17585535,"-22.8466","-43.2839"
721,721-CASCADURA X VILA CRUZEIRO,Fetranspor,1,17585535,"-22.8458","-43.2828"
721,721-CASCADURA X VILA CRUZEIRO,Fetranspor,2,17585535,"-22.8458","-43.2828"
721,721-CASCADURA X VILA CRUZEIRO,Fetranspor,3,17585535,"-22.8454","-43.2822"
721,721-CASCADURA X VILA CRUZEIRO,Fetranspor,4,17585535,"-22.8452","-43.2819"
721,721-CASCADURA X VILA CRUZEIRO,Fetranspor,5,17585535,"-22.8452","-43.2819"
721,721-CASCADURA X VILA CRUZEIRO,Fetranspor,6,17585535,"-22.8445","-43.281"
721,721-CASCADURA X VILA CRUZEIRO,Fetranspor,7,17585535,"-22.8445","-43.281"
721,721-CASCADURA X VILA CRUZEIRO,Fetranspor,8,17585535,"-22.8441","-43.2804"
721,721-CASCADURA X VILA CRUZEIRO,Fetranspor,9,17585535,"-22.8441","-43.2804"
721,721-CASCADURA X VILA CRUZEIRO,Fetranspor,10,17585535,"-22.8438","-43.2801"
721,721-CASCADURA X VILA CRUZEIRO,Fetranspor,11,17585535,"-22.8438","-43.2801"
721,721-CASCADURA X VILA CRUZEIRO,Fetranspor,12,17585535,"-22.8431","-43.2792"
721,721-CASCADURA X VILA CRUZEIRO,Fetranspor,13,17585535,"-22.8428","-43.2787"
721,721-CASCADURA X VILA CRUZEIRO,Fetranspor,14,17585535,"-22.8428","-43.2787"
721,721-CASCADURA X VILA CRUZEIRO,Fetranspor,15,17585535,"-22.8428","-43.2786"
721,721-CASCADURA X VILA CRUZEIRO,Fetranspor,16,17585535,"-22.8426","-43.2784"
721,721-CASCADURA X VILA CRUZEIRO,Fetranspor,17,17585535,"-22.8426","-43.2784"
721,721-CASCADURA X VILA CRUZEIRO,Fetranspor,18,17585535,"-22.8424","-43.2779"
721,721-CASCADURA X VILA CRUZEIRO,Fetranspor,19,17585535,"-22.8424","-43.2779"
721,721-CASCADURA X VILA CRUZEIRO,Fetranspor,20,17585535,"-22.8423","-43.2778"
721,721-CASCADURA X VILA CRUZEIRO,Fetranspor,21,17585535,"-22.8423","-43.2778"
721,721-CASCADURA X VILA CRUZEIRO,Fetranspor,22,17585535,"-22.8422","-43.2775"
721,721-CASCADURA X VILA CRUZEIRO,Fetranspor,23,17585535,"-22.8421","-43.2773"
721,721-CASCADURA X VILA CRUZEIRO,Fetranspor,24,17585535,"-22.8421","-43.2773"
721,721-CASCADURA X VILA CRUZEIRO,Fetranspor,25,17585535,"-22.8421","-43.2771"
721,721-CASCADURA X VILA CRUZEIRO,Fetranspor,26,17585535,"-22.8421","-43.2771"
721,721-CASCADURA X VILA CRUZEIRO,Fetranspor,27,17585535,"-22.842","-43.2766"
721,721-CASCADURA X VILA CRUZEIRO,Fetranspor,28,17585535,"-22.842","-43.2766"
721,721-CASCADURA X VILA CRUZEIRO,Fetranspor,29,17585535,"-22.8419","-43.2757"
721,721-CASCADURA X VILA CRUZEIRO,Fetranspor,30,17585535,"-22.8419","-43.2757"
721,721-CASCADURA X VILA CRUZEIRO,Fetranspor,31,17585535,"-22.8418","-43.2753"
721,721-CASCADURA X VILA CRUZEIRO,Fetranspor,32,17585535,"-22.8418","-43.2751"
721,721-CASCADURA X VILA CRUZEIRO,Fetranspor,33,17585535,"-22.8418","-43.2749"
721,721-CASCADURA X VILA CRUZEIRO,Fetranspor,34,17585535,"-22.8418","-43.2749"
721,721-CASCADURA X VILA CRUZEIRO,Fetranspor,35,17585535,"-22.8418","-43.2748"
721,721-CASCADURA X VILA CRUZEIRO,Fetranspor,36,17585535,"-22.8418","-43.2748"
721,721-CASCADURA X VILA CRUZEIRO,Fetranspor,37,17585535,"-22.8417","-43.2748"
721,721-CASCADURA X VILA CRUZEIRO,Fetranspor,38,17585535,"-22.8416","-43.2748"
721,721-CASCADURA X VILA CRUZEIRO,Fetranspor,39,17585535,"-22.8416","-43.2748"
721,721-CASCADURA X VILA CRUZEIRO,Fetranspor,40,17585535,"-22.8415","-43.2751"
721,721-CASCADURA X VILA CRUZEIRO,Fetranspor,41,17585535,"-22.8413","-43.2757"
721,721-CASCADURA X VILA CRUZEIRO,Fetranspor,42,17585535,"-22.8413","-43.2757"
721,721-CASCADURA X VILA CRUZEIRO,Fetranspor,43,17585535,"-22.8412","-43.2762"
721,721-CASCADURA X VILA CRUZEIRO,Fetranspor,44,17585535,"-22.8411","-43.2764"
721,721-CASCADURA X VILA CRUZEIRO,Fetranspor,45,17585535,"-22.8411","-43.2766"
721,721-CASCADURA X VILA CRUZEIRO,Fetranspor,46,17585535,"-22.8411","-43.2766"
721,721-CASCADURA X VILA CRUZEIRO,Fetranspor,47,17585535,"-22.841","-43.277"
721,721-CASCADURA X VILA CRUZEIRO,Fetranspor,48,17585535,"-22.841","-43.277"
721,721-CASCADURA X VILA CRUZEIRO,Fetranspor,49,17585535,"-22.8405","-43.2787"
721,721-CASCADURA X VILA CRUZEIRO,Fetranspor,50,17585535,"-22.8405","-43.2787"
721,721-CASCADURA X VILA CRUZEIRO,Fetranspor,51,17585535,"-22.8403","-43.2792"
721,721-CASCADURA X VILA CRUZEIRO,Fetranspor,52,17585535,"-22.8403","-43.2792"
721,721-CASCADURA X VILA CRUZEIRO,Fetranspor,53,17585535,"-22.8401","-43.2798"
721,721-CASCADURA X VILA CRUZEIRO,Fetranspor,54,17585535,"-22.8401","-43.2798"
721,721-CASCADURA X VILA CRUZEIRO,Fetranspor,55,17585535,"-22.8399","-43.2804"
721,721-CASCADURA X VILA CRUZEIRO,Fetranspor,56,17585535,"-22.8399","-43.2804"
721,721-CASCADURA X VILA CRUZEIRO,Fetranspor,57,17585535,"-22.8396","-43.2814"
721,721-CASCADURA X VILA CRUZEIRO,Fetranspor,58,17585535,"-22.8396","-43.2815"
721,721-CASCADURA X VILA CRUZEIRO,Fetranspor,59,17585535,"-22.8396","-43.2816"
721,721-CASCADURA X VILA CRUZEIRO,Fetranspor,60,17585535,"-22.8396","-43.2816"
721,721-CASCADURA X VILA CRUZEIRO,Fetranspor,61,17585535,"-22.8396","-43.2816"
721,721-CASCADURA X VILA CRUZEIRO,Fetranspor,62,17585535,"-22.8399","-43.2818"
721,721-CASCADURA X VILA CRUZEIRO,Fetranspor,63,17585535,"-22.8399","-43.2818"
721,721-CASCADURA X VILA CRUZEIRO,Fetranspor,64,17585535,"-22.8399","-43.2819"
721,721-CASCADURA X VILA CRUZEIRO,Fetranspor,65,17585535,"-22.8399","-43.2819"
721,721-CASCADURA X VILA CRUZEIRO,Fetranspor,66,17585535,"-22.8399","-43.282"
721,721-CASCADURA X VILA CRUZEIRO,Fetranspor,67,17585535,"-22.8399","-43.2821"
721,721-CASCADURA X VILA CRUZEIRO,Fetranspor,68,17585535,"-22.8399","-43.2821"
721,721-CASCADURA X VILA CRUZEIRO,Fetranspor,69,17585535,"-22.8396","-43.2825"
721,721-CASCADURA X VILA CRUZEIRO,Fetranspor,70,17585535,"-22.8396","-43.2825"
721,721-CASCADURA X VILA CRUZEIRO,Fetranspor,71,17585535,"-22.8394","-43.2828"
721,721-CASCADURA X VILA CRUZEIRO,Fetranspor,72,17585535,"-22.8394","-43.2828"
721,721-CASCADURA X VILA CRUZEIRO,Fetranspor,73,17585535,"-22.8392","-43.2833"
721,721-CASCADURA X VILA CRUZEIRO,Fetranspor,74,17585535,"-22.8392","-43.2833"
721,721-CASCADURA X VILA CRUZEIRO,Fetranspor,75,17585535,"-22.8387","-43.2839"
721,721-CASCADURA X VILA CRUZEIRO,Fetranspor,76,17585535,"-22.8387","-43.2839"
721,721-CASCADURA X VILA CRUZEIRO,Fetranspor,77,17585535,"-22.8385","-43.2842"
721,721-CASCADURA X VILA CRUZEIRO,Fetranspor,78,17585535,"-22.8381","-43.2849"
721,721-CASCADURA X VILA CRUZEIRO,Fetranspor,79,17585535,"-22.8381","-43.2849"
721,721-CASCADURA X VILA CRUZEIRO,Fetranspor,80,17585535,"-22.838","-43.285"
721,721-CASCADURA X VILA CRUZEIRO,Fetranspor,81,17585535,"-22.838","-43.285"
721,721-CASCADURA X VILA CRUZEIRO,Fetranspor,82,17585535,"-22.8378","-43.2853"
721,721-CASCADURA X VILA CRUZEIRO,Fetranspor,83,17585535,"-22.8378","-43.2854"
721,721-CASCADURA X VILA CRUZEIRO,Fetranspor,84,17585535,"-22.8377","-43.2856"
721,721-CASCADURA X VILA CRUZEIRO,Fetranspor,85,17585535,"-22.8377","-43.2856"
721,721-CASCADURA X VILA CRUZEIRO,Fetranspor,86,17585535,"-22.8373","-43.2867"
721,721-CASCADURA X VILA CRUZEIRO,Fetranspor,87,17585535,"-22.8373","-43.2867"
721,721-CASCADURA X VILA CRUZEIRO,Fetranspor,88,17585535,"-22.8372","-43.2868"
721,721-CASCADURA X VILA CRUZEIRO,Fetranspor,89,17585535,"-22.8372","-43.287"
721,721-CASCADURA X VILA CRUZEIRO,Fetranspor,90,17585535,"-22.8372","-43.287"
721,721-CASCADURA X VILA CRUZEIRO,Fetranspor,91,17585535,"-22.837","-43.2872"
721,721-CASCADURA X VILA CRUZEIRO,Fetranspor,92,17585535,"-22.8369","-43.2874"
721,721-CASCADURA X VILA CRUZEIRO,Fetranspor,93,17585535,"-22.8369","-43.2874"
721,721-CASCADURA X VILA CRUZEIRO,Fetranspor,94,17585535,"-22.8366","-43.2877"
721,721-CASCADURA X VILA CRUZEIRO,Fetranspor,95,17585535,"-22.8366","-43.2877"
721,721-CASCADURA X VILA CRUZEIRO,Fetranspor,96,17585535,"-22.8363","-43.288"
721,721-CASCADURA X VILA CRUZEIRO,Fetranspor,97,17585535,"-22.8363","-43.288"
721,721-CASCADURA X VILA CRUZEIRO,Fetranspor,98,17585535,"-22.8362","-43.2881"
721,721-CASCADURA X VILA CRUZEIRO,Fetranspor,99,17585535,"-22.8362","-43.2881"
721,721-CASCADURA X VILA CRUZEIRO,Fetranspor,100,17585535,"-22.8362","-43.2882"
721,721-CASCADURA X VILA CRUZEIRO,Fetranspor,101,17585535,"-22.8362","-43.2886"
721,721-CASCADURA X VILA CRUZEIRO,Fetranspor,102,17585535,"-22.8362","-43.2886"
721,721-CASCADURA X VILA CRUZEIRO,Fetranspor,103,17585535,"-22.8366","-43.291"
721,721-CASCADURA X VILA CRUZEIRO,Fetranspor,104,17585535,"-22.8366","-43.291"
721,721-CASCADURA X VILA CRUZEIRO,Fetranspor,105,17585535,"-22.837","-43.2933"
721,721-CASCADURA X VILA CRUZEIRO,Fetranspor,106,17585535,"-22.837","-43.2933"
721,721-CASCADURA X VILA CRUZEIRO,Fetranspor,107,17585535,"-22.8372","-43.2947"
721,721-CASCADURA X VILA CRUZEIRO,Fetranspor,108,17585535,"-22.8372","-43.2947"
721,721-CASCADURA X VILA CRUZEIRO,Fetranspor,109,17585535,"-22.838","-43.2945"
721,721-CASCADURA X VILA CRUZEIRO,Fetranspor,110,17585535,"-22.838","-43.2945"
721,721-CASCADURA X VILA CRUZEIRO,Fetranspor,111,17585535,"-22.8385","-43.2978"
721,721-CASCADURA X VILA CRUZEIRO,Fetranspor,112,17585535,"-22.8385","-43.2979"
721,721-CASCADURA X VILA CRUZEIRO,Fetranspor,113,17585535,"-22.8385","-43.2981"
721,721-CASCADURA X VILA CRUZEIRO,Fetranspor,114,17585535,"-22.8385","-43.2981"
721,721-CASCADURA X VILA CRUZEIRO,Fetranspor,115,17585535,"-22.8386","-43.2983"
721,721-CASCADURA X VILA CRUZEIRO,Fetranspor,116,17585535,"-22.8385","-43.2998"
721,721-CASCADURA X VILA CRUZEIRO,Fetranspor,117,17585535,"-22.8385","-43.2998"
721,721-CASCADURA X VILA CRUZEIRO,Fetranspor,118,17585535,"-22.8391","-43.2996"
721,721-CASCADURA X VILA CRUZEIRO,Fetranspor,119,17585535,"-22.8391","-43.2996"
721,721-CASCADURA X VILA CRUZEIRO,Fetranspor,120,17585535,"-22.8394","-43.2995"
721,721-CASCADURA X VILA CRUZEIRO,Fetranspor,121,17585535,"-22.8394","-43.2995"
721,721-CASCADURA X VILA CRUZEIRO,Fetranspor,122,17585535,"-22.84","-43.2994"
721,721-CASCADURA X VILA CRUZEIRO,Fetranspor,123,17585535,"-22.84","-43.2994"
721,721-CASCADURA X VILA CRUZEIRO,Fetranspor,124,17585535,"-22.8398","-43.2985"
721,721-CASCADURA X VILA CRUZEIRO,Fetranspor,125,17585535,"-22.8398","-43.2985"
721,721-CASCADURA X VILA CRUZEIRO,Fetranspor,126,17585535,"-22.8401","-43.2984"
721,721-CASCADURA X VILA CRUZEIRO,Fetranspor,127,17585535,"-22.8401","-43.2984"
721,721-CASCADURA X VILA CRUZEIRO,Fetranspor,128,17585535,"-22.8401","-43.2983"
721,721-CASCADURA X VILA CRUZEIRO,Fetranspor,129,17585535,"-22.8402","-43.2982"
721,721-CASCADURA X VILA CRUZEIRO,Fetranspor,130,17585535,"-22.8403","-43.2981"
721,721-CASCADURA X VILA CRUZEIRO,Fetranspor,131,17585535,"-22.8403","-43.2981"
721,721-CASCADURA X VILA CRUZEIRO,Fetranspor,132,17585535,"-22.8404","-43.2981"
721,721-CASCADURA X VILA CRUZEIRO,Fetranspor,133,17585535,"-22.8404","-43.2981"
721,721-CASCADURA X VILA CRUZEIRO,Fetranspor,134,17585535,"-22.8404","-43.298"
721,721-CASCADURA X VILA CRUZEIRO,Fetranspor,135,17585535,"-22.8404","-43.2979"
721,721-CASCADURA X VILA CRUZEIRO,Fetranspor,136,17585535,"-22.8404","-43.2978"
721,721-CASCADURA X VILA CRUZEIRO,Fetranspor,137,17585535,"-22.8404","-43.2977"
721,721-CASCADURA X VILA CRUZEIRO,Fetranspor,138,17585535,"-22.8404","-43.2976"
721,721-CASCADURA X VILA CRUZEIRO,Fetranspor,139,17585535,"-22.8405","-43.2976"
721,721-CASCADURA X VILA CRUZEIRO,Fetranspor,140,17585535,"-22.8405","-43.2976"
721,721-CASCADURA X VILA CRUZEIRO,Fetranspor,141,17585535,"-22.8406","-43.2975"
721,721-CASCADURA X VILA CRUZEIRO,Fetranspor,142,17585535,"-22.8406","-43.2975"
721,721-CASCADURA X VILA CRUZEIRO,Fetranspor,143,17585535,"-22.8406","-43.2976"
721,721-CASCADURA X VILA CRUZEIRO,Fetranspor,144,17585535,"-22.8407","-43.2977"
721,721-CASCADURA X VILA CRUZEIRO,Fetranspor,145,17585535,"-22.8407","-43.2977"
721,721-CASCADURA X VILA CRUZEIRO,Fetranspor,146,17585535,"-22.8408","-43.2979"
721,721-CASCADURA X VILA CRUZEIRO,Fetranspor,147,17585535,"-22.8415","-43.2989"
721,721-CASCADURA X VILA CRUZEIRO,Fetranspor,148,17585535,"-22.8416","-43.2991"
721,721-CASCADURA X VILA CRUZEIRO,Fetranspor,149,17585535,"-22.8418","-43.2994"
721,721-CASCADURA X VILA CRUZEIRO,Fetranspor,150,17585535,"-22.8419","-43.2995"
721,721-CASCADURA X VILA CRUZEIRO,Fetranspor,151,17585535,"-22.8419","-43.2995"
721,721-CASCADURA X VILA CRUZEIRO,Fetranspor,152,17585535,"-22.842","-43.2996"
721,721-CASCADURA X VILA CRUZEIRO,Fetranspor,153,17585535,"-22.8421","-43.2998"
721,721-CASCADURA X VILA CRUZEIRO,Fetranspor,154,17585535,"-22.8423","-43.2999"
721,721-CASCADURA X VILA CRUZEIRO,Fetranspor,155,17585535,"-22.8428","-43.3003"
721,721-CASCADURA X VILA CRUZEIRO,Fetranspor,156,17585535,"-22.8428","-43.3003"
721,721-CASCADURA X VILA CRUZEIRO,Fetranspor,157,17585535,"-22.8431","-43.3005"
721,721-CASCADURA X VILA CRUZEIRO,Fetranspor,158,17585535,"-22.844","-43.301"
721,721-CASCADURA X VILA CRUZEIRO,Fetranspor,159,17585535,"-22.844","-43.301"
721,721-CASCADURA X VILA CRUZEIRO,Fetranspor,160,17585535,"-22.8445","-43.3013"
721,721-CASCADURA X VILA CRUZEIRO,Fetranspor,161,17585535,"-22.8447","-43.3014"
721,721-CASCADURA X VILA CRUZEIRO,Fetranspor,162,17585535,"-22.8447","-43.3014"
721,721-CASCADURA X VILA CRUZEIRO,Fetranspor,163,17585535,"-22.845","-43.3016"
721,721-CASCADURA X VILA CRUZEIRO,Fetranspor,164,17585535,"-22.8451","-43.3017"
721,721-CASCADURA X VILA CRUZEIRO,Fetranspor,165,17585535,"-22.8452","-43.3018"
721,721-CASCADURA X VILA CRUZEIRO,Fetranspor,166,17585535,"-22.8452","-43.3018"
721,721-CASCADURA X VILA CRUZEIRO,Fetranspor,167,17585535,"-22.8453","-43.3019"
721,721-CASCADURA X VILA CRUZEIRO,Fetranspor,168,17585535,"-22.8455","-43.3021"
721,721-CASCADURA X VILA CRUZEIRO,Fetranspor,169,17585535,"-22.8457","-43.3023"
721,721-CASCADURA X VILA CRUZEIRO,Fetranspor,170,17585535,"-22.8459","-43.3025"
721,721-CASCADURA X VILA CRUZEIRO,Fetranspor,171,17585535,"-22.8459","-43.3025"
721,721-CASCADURA X VILA CRUZEIRO,Fetranspor,172,17585535,"-22.846","-43.3027"
721,721-CASCADURA X VILA CRUZEIRO,Fetranspor,173,17585535,"-22.8461","-43.303"
721,721-CASCADURA X VILA CRUZEIRO,Fetranspor,174,17585535,"-22.8463","-43.3034"
721,721-CASCADURA X VILA CRUZEIRO,Fetranspor,175,17585535,"-22.8463","-43.3034"
721,721-CASCADURA X VILA CRUZEIRO,Fetranspor,176,17585535,"-22.8464","-43.3036"
721,721-CASCADURA X VILA CRUZEIRO,Fetranspor,177,17585535,"-22.8464","-43.3036"
721,721-CASCADURA X VILA CRUZEIRO,Fetranspor,178,17585535,"-22.8465","-43.3037"
721,721-CASCADURA X VILA CRUZEIRO,Fetranspor,179,17585535,"-22.8469","-43.3045"
721,721-CASCADURA X VILA CRUZEIRO,Fetranspor,180,17585535,"-22.8469","-43.3045"
721,721-CASCADURA X VILA CRUZEIRO,Fetranspor,181,17585535,"-22.8471","-43.3049"
721,721-CASCADURA X VILA CRUZEIRO,Fetranspor,182,17585535,"-22.8472","-43.3051"
721,721-CASCADURA X VILA CRUZEIRO,Fetranspor,183,17585535,"-22.8478","-43.3058"
721,721-CASCADURA X VILA CRUZEIRO,Fetranspor,184,17585535,"-22.8478","-43.3058"
721,721-CASCADURA X VILA CRUZEIRO,Fetranspor,185,17585535,"-22.8484","-43.3066"
721,721-CASCADURA X VILA CRUZEIRO,Fetranspor,186,17585535,"-22.8487","-43.307"
721,721-CASCADURA X VILA CRUZEIRO,Fetranspor,187,17585535,"-22.849","-43.3073"
721,721-CASCADURA X VILA CRUZEIRO,Fetranspor,188,17585535,"-22.849","-43.3073"
721,721-CASCADURA X VILA CRUZEIRO,Fetranspor,189,17585535,"-22.8492","-43.3075"
721,721-CASCADURA X VILA CRUZEIRO,Fetranspor,190,17585535,"-22.8496","-43.3081"
721,721-CASCADURA X VILA CRUZEIRO,Fetranspor,191,17585535,"-22.8504","-43.3092"
721,721-CASCADURA X VILA CRUZEIRO,Fetranspor,192,17585535,"-22.8504","-43.3092"
721,721-CASCADURA X VILA CRUZEIRO,Fetranspor,193,17585535,"-22.8505","-43.3093"
721,721-CASCADURA X VILA CRUZEIRO,Fetranspor,194,17585535,"-22.8506","-43.3095"
721,721-CASCADURA X VILA CRUZEIRO,Fetranspor,195,17585535,"-22.8507","-43.3096"
721,721-CASCADURA X VILA CRUZEIRO,Fetranspor,196,17585535,"-22.8508","-43.3098"
721,721-CASCADURA X VILA CRUZEIRO,Fetranspor,197,17585535,"-22.8508","-43.3098"
721,721-CASCADURA X VILA CRUZEIRO,Fetranspor,198,17585535,"-22.8509","-43.3102"
721,721-CASCADURA X VILA CRUZEIRO,Fetranspor,199,17585535,"-22.8512","-43.3109"
721,721-CASCADURA X VILA CRUZEIRO,Fetranspor,200,17585535,"-22.8515","-43.3113"
721,721-CASCADURA X VILA CRUZEIRO,Fetranspor,201,17585535,"-22.8518","-43.3118"
721,721-CASCADURA X VILA CRUZEIRO,Fetranspor,202,17585535,"-22.8518","-43.3118"
721,721-CASCADURA X VILA CRUZEIRO,Fetranspor,203,17585535,"-22.8524","-43.3126"
721,721-CASCADURA X VILA CRUZEIRO,Fetranspor,204,17585535,"-22.8524","-43.3126"
721,721-CASCADURA X VILA CRUZEIRO,Fetranspor,205,17585535,"-22.8527","-43.313"
721,721-CASCADURA X VILA CRUZEIRO,Fetranspor,206,17585535,"-22.8528","-43.3132"
721,721-CASCADURA X VILA CRUZEIRO,Fetranspor,207,17585535,"-22.8529","-43.3133"
721,721-CASCADURA X VILA CRUZEIRO,Fetranspor,208,17585535,"-22.8529","-43.3136"
721,721-CASCADURA X VILA CRUZEIRO,Fetranspor,209,17585535,"-22.8529","-43.3136"
721,721-CASCADURA X VILA CRUZEIRO,Fetranspor,210,17585535,"-22.853","-43.3138"
721,721-CASCADURA X VILA CRUZEIRO,Fetranspor,211,17585535,"-22.853","-43.3139"
721,721-CASCADURA X VILA CRUZEIRO,Fetranspor,212,17585535,"-22.853","-43.314"
721,721-CASCADURA X VILA CRUZEIRO,Fetranspor,213,17585535,"-22.853","-43.3141"
721,721-CASCADURA X VILA CRUZEIRO,Fetranspor,214,17585535,"-22.853","-43.3143"
721,721-CASCADURA X VILA CRUZEIRO,Fetranspor,215,17585535,"-22.853","-43.3143"
721,721-CASCADURA X VILA CRUZEIRO,Fetranspor,216,17585535,"-22.8523","-43.3153"
721,721-CASCADURA X VILA CRUZEIRO,Fetranspor,217,17585535,"-22.8523","-43.3153"
721,721-CASCADURA X VILA CRUZEIRO,Fetranspor,218,17585535,"-22.8522","-43.3154"
721,721-CASCADURA X VILA CRUZEIRO,Fetranspor,219,17585535,"-22.8522","-43.3154"
721,721-CASCADURA X VILA CRUZEIRO,Fetranspor,220,17585535,"-22.8521","-43.3157"
721,721-CASCADURA X VILA CRUZEIRO,Fetranspor,221,17585535,"-22.852","-43.3158"
721,721-CASCADURA X VILA CRUZEIRO,Fetranspor,222,17585535,"-22.852","-43.3158"
721,721-CASCADURA X VILA CRUZEIRO,Fetranspor,223,17585535,"-22.8515","-43.3166"
721,721-CASCADURA X VILA CRUZEIRO,Fetranspor,224,17585535,"-22.8515","-43.3166"
721,721-CASCADURA X VILA CRUZEIRO,Fetranspor,225,17585535,"-22.8514","-43.3167"
721,721-CASCADURA X VILA CRUZEIRO,Fetranspor,226,17585535,"-22.8514","-43.3167"
721,721-CASCADURA X VILA CRUZEIRO,Fetranspor,227,17585535,"-22.8515","-43.3168"
721,721-CASCADURA X VILA CRUZEIRO,Fetranspor,228,17585535,"-22.8515","-43.3169"
721,721-CASCADURA X VILA CRUZEIRO,Fetranspor,229,17585535,"-22.8516","-43.3169"
721,721-CASCADURA X VILA CRUZEIRO,Fetranspor,230,17585535,"-22.8516","-43.3168"
721,721-CASCADURA X VILA CRUZEIRO,Fetranspor,231,17585535,"-22.8518","-43.3168"
721,721-CASCADURA X VILA CRUZEIRO,Fetranspor,232,17585535,"-22.8518","-43.3168"
721,721-CASCADURA X VILA CRUZEIRO,Fetranspor,233,17585535,"-22.8523","-43.3161"
721,721-CASCADURA X VILA CRUZEIRO,Fetranspor,234,17585535,"-22.8523","-43.3161"
721,721-CASCADURA X VILA CRUZEIRO,Fetranspor,235,17585535,"-22.8528","-43.3153"
721,721-CASCADURA X VILA CRUZEIRO,Fetranspor,236,17585535,"-22.8528","-43.3153"
721,721-CASCADURA X VILA CRUZEIRO,Fetranspor,237,17585535,"-22.853","-43.3154"
721,721-CASCADURA X VILA CRUZEIRO,Fetranspor,238,17585535,"-22.853","-43.3154"
721,721-CASCADURA X VILA CRUZEIRO,Fetranspor,239,17585535,"-22.8531","-43.3154"
721,721-CASCADURA X VILA CRUZEIRO,Fetranspor,240,17585535,"-22.8531","-43.3155"
721,721-CASCADURA X VILA CRUZEIRO,Fetranspor,241,17585535,"-22.8531","-43.3156"
721,721-CASCADURA X VILA CRUZEIRO,Fetranspor,242,17585535,"-22.8531","-43.3156"
721,721-CASCADURA X VILA CRUZEIRO,Fetranspor,243,17585535,"-22.8531","-43.3156"
721,721-CASCADURA X VILA CRUZEIRO,Fetranspor,244,17585535,"-22.8532","-43.317"
721,721-CASCADURA X VILA CRUZEIRO,Fetranspor,245,17585535,"-22.8532","-43.317"
721,721-CASCADURA X VILA CRUZEIRO,Fetranspor,246,17585535,"-22.8532","-43.3171"
721,721-CASCADURA X VILA CRUZEIRO,Fetranspor,247,17585535,"-22.8533","-43.3183"
721,721-CASCADURA X VILA CRUZEIRO,Fetranspor,248,17585535,"-22.8533","-43.3187"
721,721-CASCADURA X VILA CRUZEIRO,Fetranspor,249,17585535,"-22.8533","-43.3187"
721,721-CASCADURA X VILA CRUZEIRO,Fetranspor,250,17585535,"-22.8535","-43.3208"
721,721-CASCADURA X VILA CRUZEIRO,Fetranspor,251,17585535,"-22.8535","-43.3208"
721,721-CASCADURA X VILA CRUZEIRO,Fetranspor,252,17585535,"-22.8535","-43.3208"
721,721-CASCADURA X VILA CRUZEIRO,Fetranspor,253,17585535,"-22.8535","-43.3211"
721,721-CASCADURA X VILA CRUZEIRO,Fetranspor,254,17585535,"-22.8535","-43.3211"
721,721-CASCADURA X VILA CRUZEIRO,Fetranspor,255,17585535,"-22.8535","-43.3213"
721,721-CASCADURA X VILA CRUZEIRO,Fetranspor,256,17585535,"-22.8537","-43.3216"
721,721-CASCADURA X VILA CRUZEIRO,Fetranspor,257,17585535,"-22.8538","-43.3218"
721,721-CASCADURA X VILA CRUZEIRO,Fetranspor,258,17585535,"-22.8538","-43.3218"
721,721-CASCADURA X VILA CRUZEIRO,Fetranspor,259,17585535,"-22.8542","-43.3225"
721,721-CASCADURA X VILA CRUZEIRO,Fetranspor,260,17585535,"-22.8542","-43.3225"
721,721-CASCADURA X VILA CRUZEIRO,Fetranspor,261,17585535,"-22.8543","-43.3226"
721,721-CASCADURA X VILA CRUZEIRO,Fetranspor,262,17585535,"-22.8544","-43.3227"
721,721-CASCADURA X VILA CRUZEIRO,Fetranspor,263,17585535,"-22.8544","-43.3227"
721,721-CASCADURA X VILA CRUZEIRO,Fetranspor,264,17585535,"-22.8547","-43.3231"
721,721-CASCADURA X VILA CRUZEIRO,Fetranspor,265,17585535,"-22.8547","-43.3231"
721,721-CASCADURA X VILA CRUZEIRO,Fetranspor,266,17585535,"-22.8551","-43.3236"
721,721-CASCADURA X VILA CRUZEIRO,Fetranspor,267,17585535,"-22.8551","-43.3236"
721,721-CASCADURA X VILA CRUZEIRO,Fetranspor,268,17585535,"-22.8553","-43.3239"
721,721-CASCADURA X VILA CRUZEIRO,Fetranspor,269,17585535,"-22.8553","-43.3239"
721,721-CASCADURA X VILA CRUZEIRO,Fetranspor,270,17585535,"-22.8556","-43.3243"
721,721-CASCADURA X VILA CRUZEIRO,Fetranspor,271,17585535,"-22.8557","-43.3246"
721,721-CASCADURA X VILA CRUZEIRO,Fetranspor,272,17585535,"-22.8557","-43.3246"
721,721-CASCADURA X VILA CRUZEIRO,Fetranspor,273,17585535,"-22.8558","-43.3247"
721,721-CASCADURA X VILA CRUZEIRO,Fetranspor,274,17585535,"-22.8558","-43.325"
721,721-CASCADURA X VILA CRUZEIRO,Fetranspor,275,17585535,"-22.8558","-43.325"
721,721-CASCADURA X VILA CRUZEIRO,Fetranspor,276,17585535,"-22.856","-43.3256"
721,721-CASCADURA X VILA CRUZEIRO,Fetranspor,277,17585535,"-22.856","-43.3256"
721,721-CASCADURA X VILA CRUZEIRO,Fetranspor,278,17585535,"-22.856","-43.3258"
721,721-CASCADURA X VILA CRUZEIRO,Fetranspor,279,17585535,"-22.856","-43.326"
721,721-CASCADURA X VILA CRUZEIRO,Fetranspor,280,17585535,"-22.856","-43.326"
721,721-CASCADURA X VILA CRUZEIRO,Fetranspor,281,17585535,"-22.8562","-43.3265"
721,721-CASCADURA X VILA CRUZEIRO,Fetranspor,282,17585535,"-22.8565","-43.3282"
721,721-CASCADURA X VILA CRUZEIRO,Fetranspor,283,17585535,"-22.8565","-43.3282"
721,721-CASCADURA X VILA CRUZEIRO,Fetranspor,284,17585535,"-22.8566","-43.3287"
721,721-CASCADURA X VILA CRUZEIRO,Fetranspor,285,17585535,"-22.8566","-43.3287"
721,721-CASCADURA X VILA CRUZEIRO,Fetranspor,286,17585535,"-22.8567","-43.3287"
721,721-CASCADURA X VILA CRUZEIRO,Fetranspor,287,17585535,"-22.8567","-43.3288"
721,721-CASCADURA X VILA CRUZEIRO,Fetranspor,288,17585535,"-22.8568","-43.3289"
721,721-CASCADURA X VILA CRUZEIRO,Fetranspor,289,17585535,"-22.8568","-43.329"
721,721-CASCADURA X VILA CRUZEIRO,Fetranspor,290,17585535,"-22.8569","-43.329"
721,721-CASCADURA X VILA CRUZEIRO,Fetranspor,291,17585535,"-22.8569","-43.329"
721,721-CASCADURA X VILA CRUZEIRO,Fetranspor,292,17585535,"-22.857","-43.3291"
721,721-CASCADURA X VILA CRUZEIRO,Fetranspor,293,17585535,"-22.8571","-43.3291"
721,721-CASCADURA X VILA CRUZEIRO,Fetranspor,294,17585535,"-22.8572","-43.3292"
721,721-CASCADURA X VILA CRUZEIRO,Fetranspor,295,17585535,"-22.8575","-43.3293"
721,721-CASCADURA X VILA CRUZEIRO,Fetranspor,296,17585535,"-22.8575","-43.3293"
721,721-CASCADURA X VILA CRUZEIRO,Fetranspor,297,17585535,"-22.8577","-43.3293"
721,721-CASCADURA X VILA CRUZEIRO,Fetranspor,298,17585535,"-22.8579","-43.3293"
721,721-CASCADURA X VILA CRUZEIRO,Fetranspor,299,17585535,"-22.8579","-43.3293"
721,721-CASCADURA X VILA CRUZEIRO,Fetranspor,300,17585535,"-22.859","-43.3295"
721,721-CASCADURA X VILA CRUZEIRO,Fetranspor,301,17585535,"-22.859","-43.3295"
721,721-CASCADURA X VILA CRUZEIRO,Fetranspor,302,17585535,"-22.8595","-43.3296"
721,721-CASCADURA X VILA CRUZEIRO,Fetranspor,303,17585535,"-22.8595","-43.3296"
721,721-CASCADURA X VILA CRUZEIRO,Fetranspor,304,17585535,"-22.86","-43.3297"
721,721-CASCADURA X VILA CRUZEIRO,Fetranspor,305,17585535,"-22.86","-43.3297"
721,721-CASCADURA X VILA CRUZEIRO,Fetranspor,306,17585535,"-22.8606","-43.3298"
721,721-CASCADURA X VILA CRUZEIRO,Fetranspor,307,17585535,"-22.8607","-43.3298"
721,721-CASCADURA X VILA CRUZEIRO,Fetranspor,308,17585535,"-22.8608","-43.3299"
721,721-CASCADURA X VILA CRUZEIRO,Fetranspor,309,17585535,"-22.861","-43.33"
721,721-CASCADURA X VILA CRUZEIRO,Fetranspor,310,17585535,"-22.861","-43.33"
721,721-CASCADURA X VILA CRUZEIRO,Fetranspor,311,17585535,"-22.8612","-43.3302"
721,721-CASCADURA X VILA CRUZEIRO,Fetranspor,312,17585535,"-22.8612","-43.3302"
721,721-CASCADURA X VILA CRUZEIRO,Fetranspor,313,17585535,"-22.8615","-43.3304"
721,721-CASCADURA X VILA CRUZEIRO,Fetranspor,314,17585535,"-22.8616","-43.3305"
721,721-CASCADURA X VILA CRUZEIRO,Fetranspor,315,17585535,"-22.8617","-43.3306"
721,721-CASCADURA X VILA CRUZEIRO,Fetranspor,316,17585535,"-22.8617","-43.3306"
721,721-CASCADURA X VILA CRUZEIRO,Fetranspor,317,17585535,"-22.8619","-43.3308"
721,721-CASCADURA X VILA CRUZEIRO,Fetranspor,318,17585535,"-22.862","-43.331"
721,721-CASCADURA X VILA CRUZEIRO,Fetranspor,319,17585535,"-22.862","-43.331"
721,721-CASCADURA X VILA CRUZEIRO,Fetranspor,320,17585535,"-22.8622","-43.3311"
721,721-CASCADURA X VILA CRUZEIRO,Fetranspor,321,17585535,"-22.8622","-43.3311"
721,721-CASCADURA X VILA CRUZEIRO,Fetranspor,322,17585535,"-22.8625","-43.3314"
721,721-CASCADURA X VILA CRUZEIRO,Fetranspor,323,17585535,"-22.8626","-43.3314"
721,721-CASCADURA X VILA CRUZEIRO,Fetranspor,324,17585535,"-22.8626","-43.3314"
721,721-CASCADURA X VILA CRUZEIRO,Fetranspor,325,17585535,"-22.8626","-43.3314"
721,721-CASCADURA X VILA CRUZEIRO,Fetranspor,326,17585535,"-22.8626","-43.3314"
721,721-CASCADURA X VILA CRUZEIRO,Fetranspor,327,17585535,"-22.8626","-43.3315"
721,721-CASCADURA X VILA CRUZEIRO,Fetranspor,328,17585535,"-22.8627","-43.3315"
721,721-CASCADURA X VILA CRUZEIRO,Fetranspor,329,17585535,"-22.8627","-43.3315"
721,721-CASCADURA X VILA CRUZEIRO,Fetranspor,330,17585535,"-22.863","-43.332"
721,721-CASCADURA X VILA CRUZEIRO,Fetranspor,331,17585535,"-22.863","-43.332"
721,721-CASCADURA X VILA CRUZEIRO,Fetranspor,332,17585535,"-22.8632","-43.3323"
721,721-CASCADURA X VILA CRUZEIRO,Fetranspor,333,17585535,"-22.8632","-43.3323"
721,721-CASCADURA X VILA CRUZEIRO,Fetranspor,334,17585535,"-22.8633","-43.3324"
721,721-CASCADURA X VILA CRUZEIRO,Fetranspor,335,17585535,"-22.8634","-43.3325"
721,721-CASCADURA X VILA CRUZEIRO,Fetranspor,336,17585535,"-22.8635","-43.3327"
721,721-CASCADURA X VILA CRUZEIRO,Fetranspor,337,17585535,"-22.8635","-43.3327"
721,721-CASCADURA X VILA CRUZEIRO,Fetranspor,338,17585535,"-22.8637","-43.3329"
721,721-CASCADURA X VILA CRUZEIRO,Fetranspor,339,17585535,"-22.8638","-43.3331"
721,721-CASCADURA X VILA CRUZEIRO,Fetranspor,340,17585535,"-22.8639","-43.3332"
721,721-CASCADURA X VILA CRUZEIRO,Fetranspor,341,17585535,"-22.8641","-43.3333"
721,721-CASCADURA X VILA CRUZEIRO,Fetranspor,342,17585535,"-22.8641","-43.3333"
721,721-CASCADURA X VILA CRUZEIRO,Fetranspor,343,17585535,"-22.8642","-43.3335"
721,721-CASCADURA X VILA CRUZEIRO,Fetranspor,344,17585535,"-22.8644","-43.3336"
721,721-CASCADURA X VILA CRUZEIRO,Fetranspor,345,17585535,"-22.8646","-43.3338"
721,721-CASCADURA X VILA CRUZEIRO,Fetranspor,346,17585535,"-22.8646","-43.3338"
721,721-CASCADURA X VILA CRUZEIRO,Fetranspor,347,17585535,"-22.8647","-43.3339"
721,721-CASCADURA X VILA CRUZEIRO,Fetranspor,348,17585535,"-22.8649","-43.334"
721,721-CASCADURA X VILA CRUZEIRO,Fetranspor,349,17585535,"-22.8651","-43.3342"
721,721-CASCADURA X VILA CRUZEIRO,Fetranspor,350,17585535,"-22.8652","-43.3343"
721,721-CASCADURA X VILA CRUZEIRO,Fetranspor,351,17585535,"-22.8653","-43.3343"
721,721-CASCADURA X VILA CRUZEIRO,Fetranspor,352,17585535,"-22.8654","-43.3344"
721,721-CASCADURA X VILA CRUZEIRO,Fetranspor,353,17585535,"-22.8654","-43.3344"
721,721-CASCADURA X VILA CRUZEIRO,Fetranspor,354,17585535,"-22.8655","-43.3344"
721,721-CASCADURA X VILA CRUZEIRO,Fetranspor,355,17585535,"-22.8658","-43.3344"
721,721-CASCADURA X VILA CRUZEIRO,Fetranspor,356,17585535,"-22.866","-43.3345"
721,721-CASCADURA X VILA CRUZEIRO,Fetranspor,357,17585535,"-22.866","-43.3345"
721,721-CASCADURA X VILA CRUZEIRO,Fetranspor,358,17585535,"-22.8664","-43.3346"
721,721-CASCADURA X VILA CRUZEIRO,Fetranspor,359,17585535,"-22.8664","-43.3346"
721,721-CASCADURA X VILA CRUZEIRO,Fetranspor,360,17585535,"-22.8669","-43.3347"
721,721-CASCADURA X VILA CRUZEIRO,Fetranspor,361,17585535,"-22.8669","-43.3347"
721,721-CASCADURA X VILA CRUZEIRO,Fetranspor,362,17585535,"-22.8673","-43.3348"
721,721-CASCADURA X VILA CRUZEIRO,Fetranspor,363,17585535,"-22.8673","-43.3348"
721,721-CASCADURA X VILA CRUZEIRO,Fetranspor,364,17585535,"-22.8678","-43.3349"
721,721-CASCADURA X VILA CRUZEIRO,Fetranspor,365,17585535,"-22.8678","-43.3349"
721,721-CASCADURA X VILA CRUZEIRO,Fetranspor,366,17585535,"-22.868","-43.3349"
721,721-CASCADURA X VILA CRUZEIRO,Fetranspor,367,17585535,"-22.868","-43.3349"
721,721-CASCADURA X VILA CRUZEIRO,Fetranspor,368,17585535,"-22.8682","-43.335"
721,721-CASCADURA X VILA CRUZEIRO,Fetranspor,369,17585535,"-22.8682","-43.335"
721,721-CASCADURA X VILA CRUZEIRO,Fetranspor,370,17585535,"-22.8687","-43.3351"
721,721-CASCADURA X VILA CRUZEIRO,Fetranspor,371,17585535,"-22.869","-43.3352"
721,721-CASCADURA X VILA CRUZEIRO,Fetranspor,372,17585535,"-22.8693","-43.3352"
721,721-CASCADURA X VILA CRUZEIRO,Fetranspor,373,17585535,"-22.8693","-43.3352"
721,721-CASCADURA X VILA CRUZEIRO,Fetranspor,374,17585535,"-22.8694","-43.3353"
721,721-CASCADURA X VILA CRUZEIRO,Fetranspor,375,17585535,"-22.8697","-43.3354"
721,721-CASCADURA X VILA CRUZEIRO,Fetranspor,376,17585535,"-22.8698","-43.3354"
721,721-CASCADURA X VILA CRUZEIRO,Fetranspor,377,17585535,"-22.8698","-43.3354"
721,721-CASCADURA X VILA CRUZEIRO,Fetranspor,378,17585535,"-22.8707","-43.3357"
721,721-CASCADURA X VILA CRUZEIRO,Fetranspor,379,17585535,"-22.8707","-43.3357"
721,721-CASCADURA X VILA CRUZEIRO,Fetranspor,380,17585535,"-22.8722","-43.3363"
721,721-CASCADURA X VILA CRUZEIRO,Fetranspor,381,17585535,"-22.8723","-43.3363"
721,721-CASCADURA X VILA CRUZEIRO,Fetranspor,382,17585535,"-22.8724","-43.3363"
721,721-CASCADURA X VILA CRUZEIRO,Fetranspor,383,17585535,"-22.8725","-43.3363"
721,721-CASCADURA X VILA CRUZEIRO,Fetranspor,384,17585535,"-22.8725","-43.3363"
721,721-CASCADURA X VILA CRUZEIRO,Fetranspor,385,17585535,"-22.8725","-43.3363"
721,721-CASCADURA X VILA CRUZEIRO,Fetranspor,386,17585535,"-22.8729","-43.3361"
721,721-CASCADURA X VILA CRUZEIRO,Fetranspor,387,17585535,"-22.8729","-43.336"
721,721-CASCADURA X VILA CRUZEIRO,Fetranspor,388,17585535,"-22.8729","-43.336"
721,721-CASCADURA X VILA CRUZEIRO,Fetranspor,389,17585535,"-22.873","-43.3359"
721,721-CASCADURA X VILA CRUZEIRO,Fetranspor,390,17585535,"-22.8732","-43.3358"
721,721-CASCADURA X VILA CRUZEIRO,Fetranspor,391,17585535,"-22.8733","-43.3357"
721,721-CASCADURA X VILA CRUZEIRO,Fetranspor,392,17585535,"-22.8735","-43.3357"
721,721-CASCADURA X VILA CRUZEIRO,Fetranspor,393,17585535,"-22.8735","-43.3356"
721,721-CASCADURA X VILA CRUZEIRO,Fetranspor,394,17585535,"-22.8735","-43.3356"
721,721-CASCADURA X VILA CRUZEIRO,Fetranspor,395,17585535,"-22.8743","-43.3352"
721,721-CASCADURA X VILA CRUZEIRO,Fetranspor,396,17585535,"-22.8743","-43.3352"
721,721-CASCADURA X VILA CRUZEIRO,Fetranspor,397,17585535,"-22.8745","-43.3351"
721,721-CASCADURA X VILA CRUZEIRO,Fetranspor,398,17585535,"-22.875","-43.335"
721,721-CASCADURA X VILA CRUZEIRO,Fetranspor,399,17585535,"-22.8753","-43.335"
721,721-CASCADURA X VILA CRUZEIRO,Fetranspor,400,17585535,"-22.8755","-43.335"
721,721-CASCADURA X VILA CRUZEIRO,Fetranspor,401,17585535,"-22.8757","-43.335"
721,721-CASCADURA X VILA CRUZEIRO,Fetranspor,402,17585535,"-22.8758","-43.3351"
721,721-CASCADURA X VILA CRUZEIRO,Fetranspor,403,17585535,"-22.8759","-43.3351"
721,721-CASCADURA X VILA CRUZEIRO,Fetranspor,404,17585535,"-22.876","-43.3352"
721,721-CASCADURA X VILA CRUZEIRO,Fetranspor,405,17585535,"-22.876","-43.3352"
721,721-CASCADURA X VILA CRUZEIRO,Fetranspor,406,17585535,"-22.8761","-43.3354"
721,721-CASCADURA X VILA CRUZEIRO,Fetranspor,407,17585535,"-22.8762","-43.3355"
721,721-CASCADURA X VILA CRUZEIRO,Fetranspor,408,17585535,"-22.8766","-43.3358"
721,721-CASCADURA X VILA CRUZEIRO,Fetranspor,409,17585535,"-22.8766","-43.3358"
721,721-CASCADURA X VILA CRUZEIRO,Fetranspor,410,17585535,"-22.8766","-43.3358"
721,721-CASCADURA X VILA CRUZEIRO,Fetranspor,411,17585535,"-22.877","-43.3361"
721,721-CASCADURA X VILA CRUZEIRO,Fetranspor,412,17585535,"-22.8771","-43.3361"
721,721-CASCADURA X VILA CRUZEIRO,Fetranspor,413,17585535,"-22.8771","-43.3361"
721,721-CASCADURA X VILA CRUZEIRO,Fetranspor,414,17585535,"-22.8772","-43.3361"
721,721-CASCADURA X VILA CRUZEIRO,Fetranspor,415,17585535,"-22.8772","-43.3361"
721,721-CASCADURA X VILA CRUZEIRO,Fetranspor,416,17585535,"-22.8773","-43.3359"
721,721-CASCADURA X VILA CRUZEIRO,Fetranspor,417,17585535,"-22.8774","-43.3358"
721,721-CASCADURA X VILA CRUZEIRO,Fetranspor,418,17585535,"-22.8774","-43.3358"
721,721-CASCADURA X VILA CRUZEIRO,Fetranspor,419,17585535,"-22.8775","-43.3357"
721,721-CASCADURA X VILA CRUZEIRO,Fetranspor,420,17585535,"-22.8777","-43.3354"
721,721-CASCADURA X VILA CRUZEIRO,Fetranspor,421,17585535,"-22.8795","-43.3324"
721,721-CASCADURA X VILA CRUZEIRO,Fetranspor,422,17585535,"-22.8798","-43.3318"
721,721-CASCADURA X VILA CRUZEIRO,Fetranspor,423,17585535,"-22.8798","-43.3318"
721,721-CASCADURA X VILA CRUZEIRO,Fetranspor,424,17585535,"-22.8801","-43.3314"
721,721-CASCADURA X VILA CRUZEIRO,Fetranspor,425,17585535,"-22.8803","-43.331"
721,721-CASCADURA X VILA CRUZEIRO,Fetranspor,426,17585535,"-22.8803","-43.331"
721,721-CASCADURA X VILA CRUZEIRO,Fetranspor,427,17585535,"-22.8814","-43.3291"
721,721-CASCADURA X VILA CRUZEIRO,Fetranspor,428,17585535,"-22.8815","-43.329"
721,721-CASCADURA X VILA CRUZEIRO,Fetranspor,429,17585535,"-22.8815","-43.329"
721,721-CASCADURA X VILA CRUZEIRO,Fetranspor,430,17585535,"-22.8817","-43.3287"
721,721-CASCADURA X VILA CRUZEIRO,Fetranspor,431,17585535,"-22.8817","-43.3287"
721,721-CASCADURA X VILA CRUZEIRO,Fetranspor,432,17585535,"-22.8821","-43.3281"
