linha,descricao,agencia,sequencia,shape_id,latitude,longitude
743,743-BARATA X BANGU (VIA AGUA BRANCA) CIRCULAR,Fetranspor,0,17343892,"-22.8946","-43.4369"
743,743-BARATA X BANGU (VIA AGUA BRANCA) CIRCULAR,Fetranspor,1,17343892,"-22.8952","-43.4375"
743,743-BARATA X BANGU (VIA AGUA BRANCA) CIRCULAR,Fetranspor,2,17343892,"-22.8952","-43.4375"
743,743-BARATA X BANGU (VIA AGUA BRANCA) CIRCULAR,Fetranspor,3,17343892,"-22.8953","-43.4375"
743,743-BARATA X BANGU (VIA AGUA BRANCA) CIRCULAR,Fetranspor,4,17343892,"-22.8953","-43.4375"
743,743-BARATA X BANGU (VIA AGUA BRANCA) CIRCULAR,Fetranspor,5,17343892,"-22.8955","-43.4377"
743,743-BARATA X BANGU (VIA AGUA BRANCA) CIRCULAR,Fetranspor,6,17343892,"-22.8955","-43.4377"
743,743-BARATA X BANGU (VIA AGUA BRANCA) CIRCULAR,Fetranspor,7,17343892,"-22.8957","-43.4379"
743,743-BARATA X BANGU (VIA AGUA BRANCA) CIRCULAR,Fetranspor,8,17343892,"-22.8957","-43.4379"
743,743-BARATA X BANGU (VIA AGUA BRANCA) CIRCULAR,Fetranspor,9,17343892,"-22.8957","-43.4379"
743,743-BARATA X BANGU (VIA AGUA BRANCA) CIRCULAR,Fetranspor,10,17343892,"-22.8957","-43.4379"
743,743-BARATA X BANGU (VIA AGUA BRANCA) CIRCULAR,Fetranspor,11,17343892,"-22.896","-43.4382"
743,743-BARATA X BANGU (VIA AGUA BRANCA) CIRCULAR,Fetranspor,12,17343892,"-22.896","-43.4382"
743,743-BARATA X BANGU (VIA AGUA BRANCA) CIRCULAR,Fetranspor,13,17343892,"-22.896","-43.4382"
743,743-BARATA X BANGU (VIA AGUA BRANCA) CIRCULAR,Fetranspor,14,17343892,"-22.896","-43.4382"
743,743-BARATA X BANGU (VIA AGUA BRANCA) CIRCULAR,Fetranspor,15,17343892,"-22.8965","-43.4387"
743,743-BARATA X BANGU (VIA AGUA BRANCA) CIRCULAR,Fetranspor,16,17343892,"-22.8965","-43.4387"
743,743-BARATA X BANGU (VIA AGUA BRANCA) CIRCULAR,Fetranspor,17,17343892,"-22.8968","-43.439"
743,743-BARATA X BANGU (VIA AGUA BRANCA) CIRCULAR,Fetranspor,18,17343892,"-22.8968","-43.439"
743,743-BARATA X BANGU (VIA AGUA BRANCA) CIRCULAR,Fetranspor,19,17343892,"-22.8971","-43.4393"
743,743-BARATA X BANGU (VIA AGUA BRANCA) CIRCULAR,Fetranspor,20,17343892,"-22.8971","-43.4393"
743,743-BARATA X BANGU (VIA AGUA BRANCA) CIRCULAR,Fetranspor,21,17343892,"-22.8976","-43.4397"
743,743-BARATA X BANGU (VIA AGUA BRANCA) CIRCULAR,Fetranspor,22,17343892,"-22.8976","-43.4397"
743,743-BARATA X BANGU (VIA AGUA BRANCA) CIRCULAR,Fetranspor,23,17343892,"-22.8979","-43.4401"
743,743-BARATA X BANGU (VIA AGUA BRANCA) CIRCULAR,Fetranspor,24,17343892,"-22.8981","-43.4403"
743,743-BARATA X BANGU (VIA AGUA BRANCA) CIRCULAR,Fetranspor,25,17343892,"-22.8981","-43.4403"
743,743-BARATA X BANGU (VIA AGUA BRANCA) CIRCULAR,Fetranspor,26,17343892,"-22.8981","-43.4404"
743,743-BARATA X BANGU (VIA AGUA BRANCA) CIRCULAR,Fetranspor,27,17343892,"-22.8982","-43.4406"
743,743-BARATA X BANGU (VIA AGUA BRANCA) CIRCULAR,Fetranspor,28,17343892,"-22.8982","-43.4408"
743,743-BARATA X BANGU (VIA AGUA BRANCA) CIRCULAR,Fetranspor,29,17343892,"-22.8982","-43.4408"
743,743-BARATA X BANGU (VIA AGUA BRANCA) CIRCULAR,Fetranspor,30,17343892,"-22.8981","-43.4412"
743,743-BARATA X BANGU (VIA AGUA BRANCA) CIRCULAR,Fetranspor,31,17343892,"-22.8981","-43.4412"
743,743-BARATA X BANGU (VIA AGUA BRANCA) CIRCULAR,Fetranspor,32,17343892,"-22.898","-43.4414"
743,743-BARATA X BANGU (VIA AGUA BRANCA) CIRCULAR,Fetranspor,33,17343892,"-22.8978","-43.4416"
743,743-BARATA X BANGU (VIA AGUA BRANCA) CIRCULAR,Fetranspor,34,17343892,"-22.8978","-43.4416"
743,743-BARATA X BANGU (VIA AGUA BRANCA) CIRCULAR,Fetranspor,35,17343892,"-22.8968","-43.4426"
743,743-BARATA X BANGU (VIA AGUA BRANCA) CIRCULAR,Fetranspor,36,17343892,"-22.8968","-43.4426"
743,743-BARATA X BANGU (VIA AGUA BRANCA) CIRCULAR,Fetranspor,37,17343892,"-22.8965","-43.4428"
743,743-BARATA X BANGU (VIA AGUA BRANCA) CIRCULAR,Fetranspor,38,17343892,"-22.8965","-43.4428"
743,743-BARATA X BANGU (VIA AGUA BRANCA) CIRCULAR,Fetranspor,39,17343892,"-22.8964","-43.443"
743,743-BARATA X BANGU (VIA AGUA BRANCA) CIRCULAR,Fetranspor,40,17343892,"-22.8964","-43.443"
743,743-BARATA X BANGU (VIA AGUA BRANCA) CIRCULAR,Fetranspor,41,17343892,"-22.8963","-43.4431"
743,743-BARATA X BANGU (VIA AGUA BRANCA) CIRCULAR,Fetranspor,42,17343892,"-22.8963","-43.4431"
743,743-BARATA X BANGU (VIA AGUA BRANCA) CIRCULAR,Fetranspor,43,17343892,"-22.8961","-43.4433"
743,743-BARATA X BANGU (VIA AGUA BRANCA) CIRCULAR,Fetranspor,44,17343892,"-22.8961","-43.4433"
743,743-BARATA X BANGU (VIA AGUA BRANCA) CIRCULAR,Fetranspor,45,17343892,"-22.8958","-43.4436"
743,743-BARATA X BANGU (VIA AGUA BRANCA) CIRCULAR,Fetranspor,46,17343892,"-22.8958","-43.4436"
743,743-BARATA X BANGU (VIA AGUA BRANCA) CIRCULAR,Fetranspor,47,17343892,"-22.8957","-43.4436"
743,743-BARATA X BANGU (VIA AGUA BRANCA) CIRCULAR,Fetranspor,48,17343892,"-22.8952","-43.443"
743,743-BARATA X BANGU (VIA AGUA BRANCA) CIRCULAR,Fetranspor,49,17343892,"-22.8952","-43.443"
743,743-BARATA X BANGU (VIA AGUA BRANCA) CIRCULAR,Fetranspor,50,17343892,"-22.8951","-43.4429"
743,743-BARATA X BANGU (VIA AGUA BRANCA) CIRCULAR,Fetranspor,51,17343892,"-22.8951","-43.4429"
743,743-BARATA X BANGU (VIA AGUA BRANCA) CIRCULAR,Fetranspor,52,17343892,"-22.8949","-43.4427"
743,743-BARATA X BANGU (VIA AGUA BRANCA) CIRCULAR,Fetranspor,53,17343892,"-22.8949","-43.4427"
743,743-BARATA X BANGU (VIA AGUA BRANCA) CIRCULAR,Fetranspor,54,17343892,"-22.8946","-43.4425"
743,743-BARATA X BANGU (VIA AGUA BRANCA) CIRCULAR,Fetranspor,55,17343892,"-22.8946","-43.4425"
743,743-BARATA X BANGU (VIA AGUA BRANCA) CIRCULAR,Fetranspor,56,17343892,"-22.8946","-43.4425"
743,743-BARATA X BANGU (VIA AGUA BRANCA) CIRCULAR,Fetranspor,57,17343892,"-22.8946","-43.4425"
743,743-BARATA X BANGU (VIA AGUA BRANCA) CIRCULAR,Fetranspor,58,17343892,"-22.8944","-43.4423"
743,743-BARATA X BANGU (VIA AGUA BRANCA) CIRCULAR,Fetranspor,59,17343892,"-22.8944","-43.4423"
743,743-BARATA X BANGU (VIA AGUA BRANCA) CIRCULAR,Fetranspor,60,17343892,"-22.8941","-43.442"
743,743-BARATA X BANGU (VIA AGUA BRANCA) CIRCULAR,Fetranspor,61,17343892,"-22.8941","-43.442"
743,743-BARATA X BANGU (VIA AGUA BRANCA) CIRCULAR,Fetranspor,62,17343892,"-22.894","-43.4419"
743,743-BARATA X BANGU (VIA AGUA BRANCA) CIRCULAR,Fetranspor,63,17343892,"-22.894","-43.4419"
743,743-BARATA X BANGU (VIA AGUA BRANCA) CIRCULAR,Fetranspor,64,17343892,"-22.8937","-43.4416"
743,743-BARATA X BANGU (VIA AGUA BRANCA) CIRCULAR,Fetranspor,65,17343892,"-22.8937","-43.4416"
743,743-BARATA X BANGU (VIA AGUA BRANCA) CIRCULAR,Fetranspor,66,17343892,"-22.8928","-43.4408"
743,743-BARATA X BANGU (VIA AGUA BRANCA) CIRCULAR,Fetranspor,67,17343892,"-22.8928","-43.4408"
743,743-BARATA X BANGU (VIA AGUA BRANCA) CIRCULAR,Fetranspor,68,17343892,"-22.8927","-43.4406"
743,743-BARATA X BANGU (VIA AGUA BRANCA) CIRCULAR,Fetranspor,69,17343892,"-22.8927","-43.4406"
743,743-BARATA X BANGU (VIA AGUA BRANCA) CIRCULAR,Fetranspor,70,17343892,"-22.8922","-43.4402"
743,743-BARATA X BANGU (VIA AGUA BRANCA) CIRCULAR,Fetranspor,71,17343892,"-22.8922","-43.4402"
743,743-BARATA X BANGU (VIA AGUA BRANCA) CIRCULAR,Fetranspor,72,17343892,"-22.8921","-43.4401"
743,743-BARATA X BANGU (VIA AGUA BRANCA) CIRCULAR,Fetranspor,73,17343892,"-22.8921","-43.4401"
743,743-BARATA X BANGU (VIA AGUA BRANCA) CIRCULAR,Fetranspor,74,17343892,"-22.8918","-43.4398"
743,743-BARATA X BANGU (VIA AGUA BRANCA) CIRCULAR,Fetranspor,75,17343892,"-22.8918","-43.4398"
743,743-BARATA X BANGU (VIA AGUA BRANCA) CIRCULAR,Fetranspor,76,17343892,"-22.8918","-43.4398"
743,743-BARATA X BANGU (VIA AGUA BRANCA) CIRCULAR,Fetranspor,77,17343892,"-22.8918","-43.4398"
743,743-BARATA X BANGU (VIA AGUA BRANCA) CIRCULAR,Fetranspor,78,17343892,"-22.8916","-43.4397"
743,743-BARATA X BANGU (VIA AGUA BRANCA) CIRCULAR,Fetranspor,79,17343892,"-22.8916","-43.4397"
743,743-BARATA X BANGU (VIA AGUA BRANCA) CIRCULAR,Fetranspor,80,17343892,"-22.8912","-43.4393"
743,743-BARATA X BANGU (VIA AGUA BRANCA) CIRCULAR,Fetranspor,81,17343892,"-22.8912","-43.4393"
743,743-BARATA X BANGU (VIA AGUA BRANCA) CIRCULAR,Fetranspor,82,17343892,"-22.8911","-43.4392"
743,743-BARATA X BANGU (VIA AGUA BRANCA) CIRCULAR,Fetranspor,83,17343892,"-22.8911","-43.4392"
743,743-BARATA X BANGU (VIA AGUA BRANCA) CIRCULAR,Fetranspor,84,17343892,"-22.8909","-43.439"
743,743-BARATA X BANGU (VIA AGUA BRANCA) CIRCULAR,Fetranspor,85,17343892,"-22.8909","-43.439"
743,743-BARATA X BANGU (VIA AGUA BRANCA) CIRCULAR,Fetranspor,86,17343892,"-22.8906","-43.4387"
743,743-BARATA X BANGU (VIA AGUA BRANCA) CIRCULAR,Fetranspor,87,17343892,"-22.8906","-43.4387"
743,743-BARATA X BANGU (VIA AGUA BRANCA) CIRCULAR,Fetranspor,88,17343892,"-22.8903","-43.4384"
743,743-BARATA X BANGU (VIA AGUA BRANCA) CIRCULAR,Fetranspor,89,17343892,"-22.8903","-43.4384"
743,743-BARATA X BANGU (VIA AGUA BRANCA) CIRCULAR,Fetranspor,90,17343892,"-22.8901","-43.4382"
743,743-BARATA X BANGU (VIA AGUA BRANCA) CIRCULAR,Fetranspor,91,17343892,"-22.8901","-43.4382"
743,743-BARATA X BANGU (VIA AGUA BRANCA) CIRCULAR,Fetranspor,92,17343892,"-22.8896","-43.4378"
743,743-BARATA X BANGU (VIA AGUA BRANCA) CIRCULAR,Fetranspor,93,17343892,"-22.8896","-43.4378"
743,743-BARATA X BANGU (VIA AGUA BRANCA) CIRCULAR,Fetranspor,94,17343892,"-22.8894","-43.4375"
743,743-BARATA X BANGU (VIA AGUA BRANCA) CIRCULAR,Fetranspor,95,17343892,"-22.8894","-43.4375"
743,743-BARATA X BANGU (VIA AGUA BRANCA) CIRCULAR,Fetranspor,96,17343892,"-22.889","-43.4372"
743,743-BARATA X BANGU (VIA AGUA BRANCA) CIRCULAR,Fetranspor,97,17343892,"-22.889","-43.4372"
743,743-BARATA X BANGU (VIA AGUA BRANCA) CIRCULAR,Fetranspor,98,17343892,"-22.8888","-43.437"
743,743-BARATA X BANGU (VIA AGUA BRANCA) CIRCULAR,Fetranspor,99,17343892,"-22.8888","-43.437"
743,743-BARATA X BANGU (VIA AGUA BRANCA) CIRCULAR,Fetranspor,100,17343892,"-22.8886","-43.4368"
743,743-BARATA X BANGU (VIA AGUA BRANCA) CIRCULAR,Fetranspor,101,17343892,"-22.8886","-43.4368"
743,743-BARATA X BANGU (VIA AGUA BRANCA) CIRCULAR,Fetranspor,102,17343892,"-22.888","-43.4362"
743,743-BARATA X BANGU (VIA AGUA BRANCA) CIRCULAR,Fetranspor,103,17343892,"-22.888","-43.4362"
743,743-BARATA X BANGU (VIA AGUA BRANCA) CIRCULAR,Fetranspor,104,17343892,"-22.8876","-43.4358"
743,743-BARATA X BANGU (VIA AGUA BRANCA) CIRCULAR,Fetranspor,105,17343892,"-22.8875","-43.4357"
743,743-BARATA X BANGU (VIA AGUA BRANCA) CIRCULAR,Fetranspor,106,17343892,"-22.8873","-43.4355"
743,743-BARATA X BANGU (VIA AGUA BRANCA) CIRCULAR,Fetranspor,107,17343892,"-22.8873","-43.4355"
743,743-BARATA X BANGU (VIA AGUA BRANCA) CIRCULAR,Fetranspor,108,17343892,"-22.8866","-43.4361"
743,743-BARATA X BANGU (VIA AGUA BRANCA) CIRCULAR,Fetranspor,109,17343892,"-22.8866","-43.4361"
743,743-BARATA X BANGU (VIA AGUA BRANCA) CIRCULAR,Fetranspor,110,17343892,"-22.8862","-43.4363"
743,743-BARATA X BANGU (VIA AGUA BRANCA) CIRCULAR,Fetranspor,111,17343892,"-22.8862","-43.4363"
743,743-BARATA X BANGU (VIA AGUA BRANCA) CIRCULAR,Fetranspor,112,17343892,"-22.8861","-43.4364"
743,743-BARATA X BANGU (VIA AGUA BRANCA) CIRCULAR,Fetranspor,113,17343892,"-22.8859","-43.4365"
743,743-BARATA X BANGU (VIA AGUA BRANCA) CIRCULAR,Fetranspor,114,17343892,"-22.8859","-43.4365"
743,743-BARATA X BANGU (VIA AGUA BRANCA) CIRCULAR,Fetranspor,115,17343892,"-22.8858","-43.4366"
743,743-BARATA X BANGU (VIA AGUA BRANCA) CIRCULAR,Fetranspor,116,17343892,"-22.8853","-43.437"
743,743-BARATA X BANGU (VIA AGUA BRANCA) CIRCULAR,Fetranspor,117,17343892,"-22.8853","-43.437"
743,743-BARATA X BANGU (VIA AGUA BRANCA) CIRCULAR,Fetranspor,118,17343892,"-22.8852","-43.4371"
743,743-BARATA X BANGU (VIA AGUA BRANCA) CIRCULAR,Fetranspor,119,17343892,"-22.8852","-43.4371"
743,743-BARATA X BANGU (VIA AGUA BRANCA) CIRCULAR,Fetranspor,120,17343892,"-22.8843","-43.4378"
743,743-BARATA X BANGU (VIA AGUA BRANCA) CIRCULAR,Fetranspor,121,17343892,"-22.8843","-43.4378"
743,743-BARATA X BANGU (VIA AGUA BRANCA) CIRCULAR,Fetranspor,122,17343892,"-22.8837","-43.4384"
743,743-BARATA X BANGU (VIA AGUA BRANCA) CIRCULAR,Fetranspor,123,17343892,"-22.8837","-43.4384"
743,743-BARATA X BANGU (VIA AGUA BRANCA) CIRCULAR,Fetranspor,124,17343892,"-22.8834","-43.4386"
743,743-BARATA X BANGU (VIA AGUA BRANCA) CIRCULAR,Fetranspor,125,17343892,"-22.8834","-43.4386"
743,743-BARATA X BANGU (VIA AGUA BRANCA) CIRCULAR,Fetranspor,126,17343892,"-22.8832","-43.4389"
743,743-BARATA X BANGU (VIA AGUA BRANCA) CIRCULAR,Fetranspor,127,17343892,"-22.8832","-43.4389"
743,743-BARATA X BANGU (VIA AGUA BRANCA) CIRCULAR,Fetranspor,128,17343892,"-22.883","-43.439"
743,743-BARATA X BANGU (VIA AGUA BRANCA) CIRCULAR,Fetranspor,129,17343892,"-22.883","-43.439"
743,743-BARATA X BANGU (VIA AGUA BRANCA) CIRCULAR,Fetranspor,130,17343892,"-22.8825","-43.4395"
743,743-BARATA X BANGU (VIA AGUA BRANCA) CIRCULAR,Fetranspor,131,17343892,"-22.8825","-43.4395"
743,743-BARATA X BANGU (VIA AGUA BRANCA) CIRCULAR,Fetranspor,132,17343892,"-22.8819","-43.4401"
743,743-BARATA X BANGU (VIA AGUA BRANCA) CIRCULAR,Fetranspor,133,17343892,"-22.8819","-43.4401"
743,743-BARATA X BANGU (VIA AGUA BRANCA) CIRCULAR,Fetranspor,134,17343892,"-22.8819","-43.4401"
743,743-BARATA X BANGU (VIA AGUA BRANCA) CIRCULAR,Fetranspor,135,17343892,"-22.8815","-43.4404"
743,743-BARATA X BANGU (VIA AGUA BRANCA) CIRCULAR,Fetranspor,136,17343892,"-22.8815","-43.4404"
743,743-BARATA X BANGU (VIA AGUA BRANCA) CIRCULAR,Fetranspor,137,17343892,"-22.8811","-43.4408"
743,743-BARATA X BANGU (VIA AGUA BRANCA) CIRCULAR,Fetranspor,138,17343892,"-22.8811","-43.4408"
743,743-BARATA X BANGU (VIA AGUA BRANCA) CIRCULAR,Fetranspor,139,17343892,"-22.8806","-43.4412"
743,743-BARATA X BANGU (VIA AGUA BRANCA) CIRCULAR,Fetranspor,140,17343892,"-22.8806","-43.4412"
743,743-BARATA X BANGU (VIA AGUA BRANCA) CIRCULAR,Fetranspor,141,17343892,"-22.8803","-43.4415"
743,743-BARATA X BANGU (VIA AGUA BRANCA) CIRCULAR,Fetranspor,142,17343892,"-22.8803","-43.4415"
743,743-BARATA X BANGU (VIA AGUA BRANCA) CIRCULAR,Fetranspor,143,17343892,"-22.88","-43.4417"
743,743-BARATA X BANGU (VIA AGUA BRANCA) CIRCULAR,Fetranspor,144,17343892,"-22.88","-43.4417"
743,743-BARATA X BANGU (VIA AGUA BRANCA) CIRCULAR,Fetranspor,145,17343892,"-22.8786","-43.4429"
743,743-BARATA X BANGU (VIA AGUA BRANCA) CIRCULAR,Fetranspor,146,17343892,"-22.8786","-43.4429"
743,743-BARATA X BANGU (VIA AGUA BRANCA) CIRCULAR,Fetranspor,147,17343892,"-22.8786","-43.443"
743,743-BARATA X BANGU (VIA AGUA BRANCA) CIRCULAR,Fetranspor,148,17343892,"-22.8787","-43.4431"
743,743-BARATA X BANGU (VIA AGUA BRANCA) CIRCULAR,Fetranspor,149,17343892,"-22.8788","-43.4434"
743,743-BARATA X BANGU (VIA AGUA BRANCA) CIRCULAR,Fetranspor,150,17343892,"-22.8788","-43.4434"
743,743-BARATA X BANGU (VIA AGUA BRANCA) CIRCULAR,Fetranspor,151,17343892,"-22.879","-43.444"
743,743-BARATA X BANGU (VIA AGUA BRANCA) CIRCULAR,Fetranspor,152,17343892,"-22.879","-43.444"
743,743-BARATA X BANGU (VIA AGUA BRANCA) CIRCULAR,Fetranspor,153,17343892,"-22.8791","-43.4444"
743,743-BARATA X BANGU (VIA AGUA BRANCA) CIRCULAR,Fetranspor,154,17343892,"-22.8793","-43.4449"
743,743-BARATA X BANGU (VIA AGUA BRANCA) CIRCULAR,Fetranspor,155,17343892,"-22.8795","-43.4456"
743,743-BARATA X BANGU (VIA AGUA BRANCA) CIRCULAR,Fetranspor,156,17343892,"-22.8795","-43.4456"
743,743-BARATA X BANGU (VIA AGUA BRANCA) CIRCULAR,Fetranspor,157,17343892,"-22.8795","-43.446"
743,743-BARATA X BANGU (VIA AGUA BRANCA) CIRCULAR,Fetranspor,158,17343892,"-22.8795","-43.446"
743,743-BARATA X BANGU (VIA AGUA BRANCA) CIRCULAR,Fetranspor,159,17343892,"-22.8794","-43.446"
743,743-BARATA X BANGU (VIA AGUA BRANCA) CIRCULAR,Fetranspor,160,17343892,"-22.8794","-43.446"
743,743-BARATA X BANGU (VIA AGUA BRANCA) CIRCULAR,Fetranspor,161,17343892,"-22.8794","-43.446"
743,743-BARATA X BANGU (VIA AGUA BRANCA) CIRCULAR,Fetranspor,162,17343892,"-22.8794","-43.446"
743,743-BARATA X BANGU (VIA AGUA BRANCA) CIRCULAR,Fetranspor,163,17343892,"-22.8793","-43.4461"
743,743-BARATA X BANGU (VIA AGUA BRANCA) CIRCULAR,Fetranspor,164,17343892,"-22.8783","-43.4477"
743,743-BARATA X BANGU (VIA AGUA BRANCA) CIRCULAR,Fetranspor,165,17343892,"-22.8783","-43.4477"
743,743-BARATA X BANGU (VIA AGUA BRANCA) CIRCULAR,Fetranspor,166,17343892,"-22.8782","-43.4478"
743,743-BARATA X BANGU (VIA AGUA BRANCA) CIRCULAR,Fetranspor,167,17343892,"-22.8781","-43.4478"
743,743-BARATA X BANGU (VIA AGUA BRANCA) CIRCULAR,Fetranspor,168,17343892,"-22.8781","-43.4478"
743,743-BARATA X BANGU (VIA AGUA BRANCA) CIRCULAR,Fetranspor,169,17343892,"-22.878","-43.4478"
743,743-BARATA X BANGU (VIA AGUA BRANCA) CIRCULAR,Fetranspor,170,17343892,"-22.878","-43.4478"
743,743-BARATA X BANGU (VIA AGUA BRANCA) CIRCULAR,Fetranspor,171,17343892,"-22.878","-43.4478"
743,743-BARATA X BANGU (VIA AGUA BRANCA) CIRCULAR,Fetranspor,172,17343892,"-22.8779","-43.4479"
743,743-BARATA X BANGU (VIA AGUA BRANCA) CIRCULAR,Fetranspor,173,17343892,"-22.8779","-43.4479"
743,743-BARATA X BANGU (VIA AGUA BRANCA) CIRCULAR,Fetranspor,174,17343892,"-22.8772","-43.4463"
743,743-BARATA X BANGU (VIA AGUA BRANCA) CIRCULAR,Fetranspor,175,17343892,"-22.8771","-43.4459"
743,743-BARATA X BANGU (VIA AGUA BRANCA) CIRCULAR,Fetranspor,176,17343892,"-22.877","-43.4458"
743,743-BARATA X BANGU (VIA AGUA BRANCA) CIRCULAR,Fetranspor,177,17343892,"-22.877","-43.4458"
743,743-BARATA X BANGU (VIA AGUA BRANCA) CIRCULAR,Fetranspor,178,17343892,"-22.877","-43.4457"
743,743-BARATA X BANGU (VIA AGUA BRANCA) CIRCULAR,Fetranspor,179,17343892,"-22.8771","-43.4455"
743,743-BARATA X BANGU (VIA AGUA BRANCA) CIRCULAR,Fetranspor,180,17343892,"-22.8771","-43.4453"
743,743-BARATA X BANGU (VIA AGUA BRANCA) CIRCULAR,Fetranspor,181,17343892,"-22.8772","-43.4451"
743,743-BARATA X BANGU (VIA AGUA BRANCA) CIRCULAR,Fetranspor,182,17343892,"-22.8773","-43.4449"
743,743-BARATA X BANGU (VIA AGUA BRANCA) CIRCULAR,Fetranspor,183,17343892,"-22.8773","-43.4446"
743,743-BARATA X BANGU (VIA AGUA BRANCA) CIRCULAR,Fetranspor,184,17343892,"-22.8775","-43.4439"
743,743-BARATA X BANGU (VIA AGUA BRANCA) CIRCULAR,Fetranspor,185,17343892,"-22.8775","-43.4439"
743,743-BARATA X BANGU (VIA AGUA BRANCA) CIRCULAR,Fetranspor,186,17343892,"-22.8775","-43.4437"
743,743-BARATA X BANGU (VIA AGUA BRANCA) CIRCULAR,Fetranspor,187,17343892,"-22.8778","-43.4423"
743,743-BARATA X BANGU (VIA AGUA BRANCA) CIRCULAR,Fetranspor,188,17343892,"-22.8778","-43.4423"
743,743-BARATA X BANGU (VIA AGUA BRANCA) CIRCULAR,Fetranspor,189,17343892,"-22.8779","-43.4422"
743,743-BARATA X BANGU (VIA AGUA BRANCA) CIRCULAR,Fetranspor,190,17343892,"-22.8779","-43.4422"
743,743-BARATA X BANGU (VIA AGUA BRANCA) CIRCULAR,Fetranspor,191,17343892,"-22.878","-43.4418"
743,743-BARATA X BANGU (VIA AGUA BRANCA) CIRCULAR,Fetranspor,192,17343892,"-22.878","-43.4413"
743,743-BARATA X BANGU (VIA AGUA BRANCA) CIRCULAR,Fetranspor,193,17343892,"-22.878","-43.4413"
743,743-BARATA X BANGU (VIA AGUA BRANCA) CIRCULAR,Fetranspor,194,17343892,"-22.878","-43.4404"
743,743-BARATA X BANGU (VIA AGUA BRANCA) CIRCULAR,Fetranspor,195,17343892,"-22.878","-43.4404"
743,743-BARATA X BANGU (VIA AGUA BRANCA) CIRCULAR,Fetranspor,196,17343892,"-22.878","-43.4397"
743,743-BARATA X BANGU (VIA AGUA BRANCA) CIRCULAR,Fetranspor,197,17343892,"-22.878","-43.4397"
743,743-BARATA X BANGU (VIA AGUA BRANCA) CIRCULAR,Fetranspor,198,17343892,"-22.878","-43.4391"
743,743-BARATA X BANGU (VIA AGUA BRANCA) CIRCULAR,Fetranspor,199,17343892,"-22.878","-43.4391"
743,743-BARATA X BANGU (VIA AGUA BRANCA) CIRCULAR,Fetranspor,200,17343892,"-22.8781","-43.438"
743,743-BARATA X BANGU (VIA AGUA BRANCA) CIRCULAR,Fetranspor,201,17343892,"-22.8781","-43.438"
743,743-BARATA X BANGU (VIA AGUA BRANCA) CIRCULAR,Fetranspor,202,17343892,"-22.8781","-43.4378"
743,743-BARATA X BANGU (VIA AGUA BRANCA) CIRCULAR,Fetranspor,203,17343892,"-22.8781","-43.4378"
743,743-BARATA X BANGU (VIA AGUA BRANCA) CIRCULAR,Fetranspor,204,17343892,"-22.878","-43.4369"
743,743-BARATA X BANGU (VIA AGUA BRANCA) CIRCULAR,Fetranspor,205,17343892,"-22.878","-43.4366"
743,743-BARATA X BANGU (VIA AGUA BRANCA) CIRCULAR,Fetranspor,206,17343892,"-22.878","-43.4366"
743,743-BARATA X BANGU (VIA AGUA BRANCA) CIRCULAR,Fetranspor,207,17343892,"-22.8779","-43.4361"
743,743-BARATA X BANGU (VIA AGUA BRANCA) CIRCULAR,Fetranspor,208,17343892,"-22.8779","-43.4358"
743,743-BARATA X BANGU (VIA AGUA BRANCA) CIRCULAR,Fetranspor,209,17343892,"-22.8779","-43.4355"
743,743-BARATA X BANGU (VIA AGUA BRANCA) CIRCULAR,Fetranspor,210,17343892,"-22.8779","-43.4355"
743,743-BARATA X BANGU (VIA AGUA BRANCA) CIRCULAR,Fetranspor,211,17343892,"-22.8779","-43.4347"
743,743-BARATA X BANGU (VIA AGUA BRANCA) CIRCULAR,Fetranspor,212,17343892,"-22.8779","-43.4347"
743,743-BARATA X BANGU (VIA AGUA BRANCA) CIRCULAR,Fetranspor,213,17343892,"-22.8779","-43.4345"
743,743-BARATA X BANGU (VIA AGUA BRANCA) CIRCULAR,Fetranspor,214,17343892,"-22.8781","-43.4331"
743,743-BARATA X BANGU (VIA AGUA BRANCA) CIRCULAR,Fetranspor,215,17343892,"-22.8781","-43.4331"
743,743-BARATA X BANGU (VIA AGUA BRANCA) CIRCULAR,Fetranspor,216,17343892,"-22.8781","-43.4322"
743,743-BARATA X BANGU (VIA AGUA BRANCA) CIRCULAR,Fetranspor,217,17343892,"-22.8782","-43.4318"
743,743-BARATA X BANGU (VIA AGUA BRANCA) CIRCULAR,Fetranspor,218,17343892,"-22.8782","-43.4318"
743,743-BARATA X BANGU (VIA AGUA BRANCA) CIRCULAR,Fetranspor,219,17343892,"-22.8782","-43.4315"
743,743-BARATA X BANGU (VIA AGUA BRANCA) CIRCULAR,Fetranspor,220,17343892,"-22.8782","-43.4315"
743,743-BARATA X BANGU (VIA AGUA BRANCA) CIRCULAR,Fetranspor,221,17343892,"-22.8784","-43.4303"
743,743-BARATA X BANGU (VIA AGUA BRANCA) CIRCULAR,Fetranspor,222,17343892,"-22.8784","-43.4303"
743,743-BARATA X BANGU (VIA AGUA BRANCA) CIRCULAR,Fetranspor,223,17343892,"-22.8785","-43.4296"
743,743-BARATA X BANGU (VIA AGUA BRANCA) CIRCULAR,Fetranspor,224,17343892,"-22.8785","-43.4296"
743,743-BARATA X BANGU (VIA AGUA BRANCA) CIRCULAR,Fetranspor,225,17343892,"-22.8785","-43.4292"
743,743-BARATA X BANGU (VIA AGUA BRANCA) CIRCULAR,Fetranspor,226,17343892,"-22.8785","-43.4292"
743,743-BARATA X BANGU (VIA AGUA BRANCA) CIRCULAR,Fetranspor,227,17343892,"-22.8785","-43.4289"
743,743-BARATA X BANGU (VIA AGUA BRANCA) CIRCULAR,Fetranspor,228,17343892,"-22.8785","-43.4289"
743,743-BARATA X BANGU (VIA AGUA BRANCA) CIRCULAR,Fetranspor,229,17343892,"-22.8786","-43.4285"
743,743-BARATA X BANGU (VIA AGUA BRANCA) CIRCULAR,Fetranspor,230,17343892,"-22.8786","-43.4285"
743,743-BARATA X BANGU (VIA AGUA BRANCA) CIRCULAR,Fetranspor,231,17343892,"-22.8764","-43.4281"
743,743-BARATA X BANGU (VIA AGUA BRANCA) CIRCULAR,Fetranspor,232,17343892,"-22.8764","-43.4281"
743,743-BARATA X BANGU (VIA AGUA BRANCA) CIRCULAR,Fetranspor,233,17343892,"-22.8763","-43.4291"
743,743-BARATA X BANGU (VIA AGUA BRANCA) CIRCULAR,Fetranspor,234,17343892,"-22.8763","-43.4294"
743,743-BARATA X BANGU (VIA AGUA BRANCA) CIRCULAR,Fetranspor,235,17343892,"-22.8763","-43.4294"
743,743-BARATA X BANGU (VIA AGUA BRANCA) CIRCULAR,Fetranspor,236,17343892,"-22.8763","-43.4302"
743,743-BARATA X BANGU (VIA AGUA BRANCA) CIRCULAR,Fetranspor,237,17343892,"-22.8762","-43.4303"
743,743-BARATA X BANGU (VIA AGUA BRANCA) CIRCULAR,Fetranspor,238,17343892,"-22.8762","-43.4303"
743,743-BARATA X BANGU (VIA AGUA BRANCA) CIRCULAR,Fetranspor,239,17343892,"-22.8757","-43.4303"
743,743-BARATA X BANGU (VIA AGUA BRANCA) CIRCULAR,Fetranspor,240,17343892,"-22.8751","-43.4302"
743,743-BARATA X BANGU (VIA AGUA BRANCA) CIRCULAR,Fetranspor,241,17343892,"-22.8751","-43.4302"
743,743-BARATA X BANGU (VIA AGUA BRANCA) CIRCULAR,Fetranspor,242,17343892,"-22.8751","-43.4302"
743,743-BARATA X BANGU (VIA AGUA BRANCA) CIRCULAR,Fetranspor,243,17343892,"-22.875","-43.4301"
743,743-BARATA X BANGU (VIA AGUA BRANCA) CIRCULAR,Fetranspor,244,17343892,"-22.875","-43.43"
743,743-BARATA X BANGU (VIA AGUA BRANCA) CIRCULAR,Fetranspor,245,17343892,"-22.875","-43.4287"
743,743-BARATA X BANGU (VIA AGUA BRANCA) CIRCULAR,Fetranspor,246,17343892,"-22.8749","-43.4286"
743,743-BARATA X BANGU (VIA AGUA BRANCA) CIRCULAR,Fetranspor,247,17343892,"-22.8749","-43.4286"
743,743-BARATA X BANGU (VIA AGUA BRANCA) CIRCULAR,Fetranspor,248,17343892,"-22.8749","-43.4286"
743,743-BARATA X BANGU (VIA AGUA BRANCA) CIRCULAR,Fetranspor,249,17343892,"-22.8748","-43.4286"
743,743-BARATA X BANGU (VIA AGUA BRANCA) CIRCULAR,Fetranspor,250,17343892,"-22.8745","-43.4286"
743,743-BARATA X BANGU (VIA AGUA BRANCA) CIRCULAR,Fetranspor,251,17343892,"-22.8745","-43.4286"
743,743-BARATA X BANGU (VIA AGUA BRANCA) CIRCULAR,Fetranspor,252,17343892,"-22.8745","-43.4286"
743,743-BARATA X BANGU (VIA AGUA BRANCA) CIRCULAR,Fetranspor,253,17343892,"-22.8744","-43.4287"
743,743-BARATA X BANGU (VIA AGUA BRANCA) CIRCULAR,Fetranspor,254,17343892,"-22.8745","-43.4298"
743,743-BARATA X BANGU (VIA AGUA BRANCA) CIRCULAR,Fetranspor,255,17343892,"-22.8742","-43.4298"
743,743-BARATA X BANGU (VIA AGUA BRANCA) CIRCULAR,Fetranspor,256,17343892,"-22.8742","-43.4298"
743,743-BARATA X BANGU (VIA AGUA BRANCA) CIRCULAR,Fetranspor,257,17343892,"-22.8742","-43.4297"
743,743-BARATA X BANGU (VIA AGUA BRANCA) CIRCULAR,Fetranspor,258,17343892,"-22.8742","-43.4297"
743,743-BARATA X BANGU (VIA AGUA BRANCA) CIRCULAR,Fetranspor,259,17343892,"-22.8733","-43.4298"
743,743-BARATA X BANGU (VIA AGUA BRANCA) CIRCULAR,Fetranspor,260,17343892,"-22.8733","-43.4298"
743,743-BARATA X BANGU (VIA AGUA BRANCA) CIRCULAR,Fetranspor,261,17343892,"-22.8728","-43.4299"
743,743-BARATA X BANGU (VIA AGUA BRANCA) CIRCULAR,Fetranspor,262,17343892,"-22.8728","-43.4299"
743,743-BARATA X BANGU (VIA AGUA BRANCA) CIRCULAR,Fetranspor,263,17343892,"-22.8725","-43.43"
743,743-BARATA X BANGU (VIA AGUA BRANCA) CIRCULAR,Fetranspor,264,17343892,"-22.8725","-43.43"
743,743-BARATA X BANGU (VIA AGUA BRANCA) CIRCULAR,Fetranspor,265,17343892,"-22.8719","-43.4301"
743,743-BARATA X BANGU (VIA AGUA BRANCA) CIRCULAR,Fetranspor,266,17343892,"-22.8719","-43.4301"
743,743-BARATA X BANGU (VIA AGUA BRANCA) CIRCULAR,Fetranspor,267,17343892,"-22.8718","-43.4302"
743,743-BARATA X BANGU (VIA AGUA BRANCA) CIRCULAR,Fetranspor,268,17343892,"-22.8718","-43.4302"
743,743-BARATA X BANGU (VIA AGUA BRANCA) CIRCULAR,Fetranspor,269,17343892,"-22.8716","-43.4302"
743,743-BARATA X BANGU (VIA AGUA BRANCA) CIRCULAR,Fetranspor,270,17343892,"-22.8716","-43.4302"
743,743-BARATA X BANGU (VIA AGUA BRANCA) CIRCULAR,Fetranspor,271,17343892,"-22.8711","-43.4303"
743,743-BARATA X BANGU (VIA AGUA BRANCA) CIRCULAR,Fetranspor,272,17343892,"-22.8711","-43.4303"
743,743-BARATA X BANGU (VIA AGUA BRANCA) CIRCULAR,Fetranspor,273,17343892,"-22.8708","-43.4304"
743,743-BARATA X BANGU (VIA AGUA BRANCA) CIRCULAR,Fetranspor,274,17343892,"-22.8708","-43.4304"
743,743-BARATA X BANGU (VIA AGUA BRANCA) CIRCULAR,Fetranspor,275,17343892,"-22.8703","-43.4305"
743,743-BARATA X BANGU (VIA AGUA BRANCA) CIRCULAR,Fetranspor,276,17343892,"-22.8702","-43.4305"
743,743-BARATA X BANGU (VIA AGUA BRANCA) CIRCULAR,Fetranspor,277,17343892,"-22.8702","-43.4305"
743,743-BARATA X BANGU (VIA AGUA BRANCA) CIRCULAR,Fetranspor,278,17343892,"-22.87","-43.4306"
743,743-BARATA X BANGU (VIA AGUA BRANCA) CIRCULAR,Fetranspor,279,17343892,"-22.8696","-43.4307"
743,743-BARATA X BANGU (VIA AGUA BRANCA) CIRCULAR,Fetranspor,280,17343892,"-22.8696","-43.4307"
743,743-BARATA X BANGU (VIA AGUA BRANCA) CIRCULAR,Fetranspor,281,17343892,"-22.8688","-43.4309"
743,743-BARATA X BANGU (VIA AGUA BRANCA) CIRCULAR,Fetranspor,282,17343892,"-22.8688","-43.4309"
743,743-BARATA X BANGU (VIA AGUA BRANCA) CIRCULAR,Fetranspor,283,17343892,"-22.8686","-43.4309"
743,743-BARATA X BANGU (VIA AGUA BRANCA) CIRCULAR,Fetranspor,284,17343892,"-22.8686","-43.4309"
743,743-BARATA X BANGU (VIA AGUA BRANCA) CIRCULAR,Fetranspor,285,17343892,"-22.8686","-43.4312"
743,743-BARATA X BANGU (VIA AGUA BRANCA) CIRCULAR,Fetranspor,286,17343892,"-22.8686","-43.4312"
743,743-BARATA X BANGU (VIA AGUA BRANCA) CIRCULAR,Fetranspor,287,17343892,"-22.8687","-43.4316"
743,743-BARATA X BANGU (VIA AGUA BRANCA) CIRCULAR,Fetranspor,288,17343892,"-22.8687","-43.4316"
743,743-BARATA X BANGU (VIA AGUA BRANCA) CIRCULAR,Fetranspor,289,17343892,"-22.8687","-43.4318"
743,743-BARATA X BANGU (VIA AGUA BRANCA) CIRCULAR,Fetranspor,290,17343892,"-22.8687","-43.4318"
743,743-BARATA X BANGU (VIA AGUA BRANCA) CIRCULAR,Fetranspor,291,17343892,"-22.8687","-43.4322"
743,743-BARATA X BANGU (VIA AGUA BRANCA) CIRCULAR,Fetranspor,292,17343892,"-22.8687","-43.4322"
743,743-BARATA X BANGU (VIA AGUA BRANCA) CIRCULAR,Fetranspor,293,17343892,"-22.8688","-43.4324"
743,743-BARATA X BANGU (VIA AGUA BRANCA) CIRCULAR,Fetranspor,294,17343892,"-22.8688","-43.4324"
743,743-BARATA X BANGU (VIA AGUA BRANCA) CIRCULAR,Fetranspor,295,17343892,"-22.8688","-43.4327"
743,743-BARATA X BANGU (VIA AGUA BRANCA) CIRCULAR,Fetranspor,296,17343892,"-22.8688","-43.4327"
743,743-BARATA X BANGU (VIA AGUA BRANCA) CIRCULAR,Fetranspor,297,17343892,"-22.8689","-43.433"
743,743-BARATA X BANGU (VIA AGUA BRANCA) CIRCULAR,Fetranspor,298,17343892,"-22.8689","-43.4336"
743,743-BARATA X BANGU (VIA AGUA BRANCA) CIRCULAR,Fetranspor,299,17343892,"-22.869","-43.434"
743,743-BARATA X BANGU (VIA AGUA BRANCA) CIRCULAR,Fetranspor,300,17343892,"-22.869","-43.4341"
743,743-BARATA X BANGU (VIA AGUA BRANCA) CIRCULAR,Fetranspor,301,17343892,"-22.869","-43.4341"
743,743-BARATA X BANGU (VIA AGUA BRANCA) CIRCULAR,Fetranspor,302,17343892,"-22.869","-43.4344"
743,743-BARATA X BANGU (VIA AGUA BRANCA) CIRCULAR,Fetranspor,303,17343892,"-22.869","-43.4344"
743,743-BARATA X BANGU (VIA AGUA BRANCA) CIRCULAR,Fetranspor,304,17343892,"-22.869","-43.4347"
743,743-BARATA X BANGU (VIA AGUA BRANCA) CIRCULAR,Fetranspor,305,17343892,"-22.869","-43.4347"
743,743-BARATA X BANGU (VIA AGUA BRANCA) CIRCULAR,Fetranspor,306,17343892,"-22.8691","-43.4349"
743,743-BARATA X BANGU (VIA AGUA BRANCA) CIRCULAR,Fetranspor,307,17343892,"-22.8691","-43.4349"
743,743-BARATA X BANGU (VIA AGUA BRANCA) CIRCULAR,Fetranspor,308,17343892,"-22.8691","-43.4352"
743,743-BARATA X BANGU (VIA AGUA BRANCA) CIRCULAR,Fetranspor,309,17343892,"-22.8691","-43.4352"
743,743-BARATA X BANGU (VIA AGUA BRANCA) CIRCULAR,Fetranspor,310,17343892,"-22.8691","-43.4357"
743,743-BARATA X BANGU (VIA AGUA BRANCA) CIRCULAR,Fetranspor,311,17343892,"-22.8691","-43.4357"
743,743-BARATA X BANGU (VIA AGUA BRANCA) CIRCULAR,Fetranspor,312,17343892,"-22.8691","-43.4361"
743,743-BARATA X BANGU (VIA AGUA BRANCA) CIRCULAR,Fetranspor,313,17343892,"-22.869","-43.4374"
743,743-BARATA X BANGU (VIA AGUA BRANCA) CIRCULAR,Fetranspor,314,17343892,"-22.869","-43.4375"
743,743-BARATA X BANGU (VIA AGUA BRANCA) CIRCULAR,Fetranspor,315,17343892,"-22.869","-43.4375"
743,743-BARATA X BANGU (VIA AGUA BRANCA) CIRCULAR,Fetranspor,316,17343892,"-22.869","-43.4376"
743,743-BARATA X BANGU (VIA AGUA BRANCA) CIRCULAR,Fetranspor,317,17343892,"-22.869","-43.4376"
743,743-BARATA X BANGU (VIA AGUA BRANCA) CIRCULAR,Fetranspor,318,17343892,"-22.869","-43.4378"
743,743-BARATA X BANGU (VIA AGUA BRANCA) CIRCULAR,Fetranspor,319,17343892,"-22.8689","-43.4391"
743,743-BARATA X BANGU (VIA AGUA BRANCA) CIRCULAR,Fetranspor,320,17343892,"-22.8689","-43.4391"
743,743-BARATA X BANGU (VIA AGUA BRANCA) CIRCULAR,Fetranspor,321,17343892,"-22.8689","-43.4395"
743,743-BARATA X BANGU (VIA AGUA BRANCA) CIRCULAR,Fetranspor,322,17343892,"-22.8689","-43.4395"
743,743-BARATA X BANGU (VIA AGUA BRANCA) CIRCULAR,Fetranspor,323,17343892,"-22.8688","-43.4407"
743,743-BARATA X BANGU (VIA AGUA BRANCA) CIRCULAR,Fetranspor,324,17343892,"-22.8688","-43.4407"
743,743-BARATA X BANGU (VIA AGUA BRANCA) CIRCULAR,Fetranspor,325,17343892,"-22.8688","-43.4408"
743,743-BARATA X BANGU (VIA AGUA BRANCA) CIRCULAR,Fetranspor,326,17343892,"-22.8688","-43.4408"
743,743-BARATA X BANGU (VIA AGUA BRANCA) CIRCULAR,Fetranspor,327,17343892,"-22.8687","-43.4423"
743,743-BARATA X BANGU (VIA AGUA BRANCA) CIRCULAR,Fetranspor,328,17343892,"-22.8687","-43.4423"
743,743-BARATA X BANGU (VIA AGUA BRANCA) CIRCULAR,Fetranspor,329,17343892,"-22.8687","-43.443"
743,743-BARATA X BANGU (VIA AGUA BRANCA) CIRCULAR,Fetranspor,330,17343892,"-22.8687","-43.443"
743,743-BARATA X BANGU (VIA AGUA BRANCA) CIRCULAR,Fetranspor,331,17343892,"-22.8687","-43.4432"
743,743-BARATA X BANGU (VIA AGUA BRANCA) CIRCULAR,Fetranspor,332,17343892,"-22.8687","-43.4439"
743,743-BARATA X BANGU (VIA AGUA BRANCA) CIRCULAR,Fetranspor,333,17343892,"-22.8687","-43.4439"
743,743-BARATA X BANGU (VIA AGUA BRANCA) CIRCULAR,Fetranspor,334,17343892,"-22.8686","-43.4448"
743,743-BARATA X BANGU (VIA AGUA BRANCA) CIRCULAR,Fetranspor,335,17343892,"-22.8686","-43.4456"
743,743-BARATA X BANGU (VIA AGUA BRANCA) CIRCULAR,Fetranspor,336,17343892,"-22.8686","-43.4456"
743,743-BARATA X BANGU (VIA AGUA BRANCA) CIRCULAR,Fetranspor,337,17343892,"-22.8686","-43.4459"
743,743-BARATA X BANGU (VIA AGUA BRANCA) CIRCULAR,Fetranspor,338,17343892,"-22.8686","-43.4459"
743,743-BARATA X BANGU (VIA AGUA BRANCA) CIRCULAR,Fetranspor,339,17343892,"-22.8685","-43.446"
743,743-BARATA X BANGU (VIA AGUA BRANCA) CIRCULAR,Fetranspor,340,17343892,"-22.8685","-43.446"
743,743-BARATA X BANGU (VIA AGUA BRANCA) CIRCULAR,Fetranspor,341,17343892,"-22.8685","-43.4464"
743,743-BARATA X BANGU (VIA AGUA BRANCA) CIRCULAR,Fetranspor,342,17343892,"-22.8685","-43.4465"
743,743-BARATA X BANGU (VIA AGUA BRANCA) CIRCULAR,Fetranspor,343,17343892,"-22.8685","-43.4465"
743,743-BARATA X BANGU (VIA AGUA BRANCA) CIRCULAR,Fetranspor,344,17343892,"-22.8685","-43.4471"
743,743-BARATA X BANGU (VIA AGUA BRANCA) CIRCULAR,Fetranspor,345,17343892,"-22.8685","-43.4471"
743,743-BARATA X BANGU (VIA AGUA BRANCA) CIRCULAR,Fetranspor,346,17343892,"-22.8685","-43.4477"
743,743-BARATA X BANGU (VIA AGUA BRANCA) CIRCULAR,Fetranspor,347,17343892,"-22.8684","-43.4485"
743,743-BARATA X BANGU (VIA AGUA BRANCA) CIRCULAR,Fetranspor,0,17591053,"-22.8684","-43.4485"
743,743-BARATA X BANGU (VIA AGUA BRANCA) CIRCULAR,Fetranspor,1,17591053,"-22.8684","-43.4486"
743,743-BARATA X BANGU (VIA AGUA BRANCA) CIRCULAR,Fetranspor,2,17591053,"-22.8684","-43.4489"
743,743-BARATA X BANGU (VIA AGUA BRANCA) CIRCULAR,Fetranspor,3,17591053,"-22.8684","-43.4489"
743,743-BARATA X BANGU (VIA AGUA BRANCA) CIRCULAR,Fetranspor,4,17591053,"-22.8684","-43.4494"
743,743-BARATA X BANGU (VIA AGUA BRANCA) CIRCULAR,Fetranspor,5,17591053,"-22.8684","-43.4494"
743,743-BARATA X BANGU (VIA AGUA BRANCA) CIRCULAR,Fetranspor,6,17591053,"-22.8683","-43.4505"
743,743-BARATA X BANGU (VIA AGUA BRANCA) CIRCULAR,Fetranspor,7,17591053,"-22.8683","-43.4508"
743,743-BARATA X BANGU (VIA AGUA BRANCA) CIRCULAR,Fetranspor,8,17591053,"-22.8683","-43.4508"
743,743-BARATA X BANGU (VIA AGUA BRANCA) CIRCULAR,Fetranspor,9,17591053,"-22.8683","-43.4508"
743,743-BARATA X BANGU (VIA AGUA BRANCA) CIRCULAR,Fetranspor,10,17591053,"-22.8683","-43.451"
743,743-BARATA X BANGU (VIA AGUA BRANCA) CIRCULAR,Fetranspor,11,17591053,"-22.8683","-43.451"
743,743-BARATA X BANGU (VIA AGUA BRANCA) CIRCULAR,Fetranspor,12,17591053,"-22.8683","-43.4511"
743,743-BARATA X BANGU (VIA AGUA BRANCA) CIRCULAR,Fetranspor,13,17591053,"-22.8684","-43.4512"
743,743-BARATA X BANGU (VIA AGUA BRANCA) CIRCULAR,Fetranspor,14,17591053,"-22.8684","-43.4514"
743,743-BARATA X BANGU (VIA AGUA BRANCA) CIRCULAR,Fetranspor,15,17591053,"-22.8684","-43.4514"
743,743-BARATA X BANGU (VIA AGUA BRANCA) CIRCULAR,Fetranspor,16,17591053,"-22.8687","-43.4517"
743,743-BARATA X BANGU (VIA AGUA BRANCA) CIRCULAR,Fetranspor,17,17591053,"-22.8687","-43.4517"
743,743-BARATA X BANGU (VIA AGUA BRANCA) CIRCULAR,Fetranspor,18,17591053,"-22.8689","-43.4518"
743,743-BARATA X BANGU (VIA AGUA BRANCA) CIRCULAR,Fetranspor,19,17591053,"-22.8689","-43.4518"
743,743-BARATA X BANGU (VIA AGUA BRANCA) CIRCULAR,Fetranspor,20,17591053,"-22.8691","-43.452"
743,743-BARATA X BANGU (VIA AGUA BRANCA) CIRCULAR,Fetranspor,21,17591053,"-22.8691","-43.452"
743,743-BARATA X BANGU (VIA AGUA BRANCA) CIRCULAR,Fetranspor,22,17591053,"-22.8692","-43.4521"
743,743-BARATA X BANGU (VIA AGUA BRANCA) CIRCULAR,Fetranspor,23,17591053,"-22.8692","-43.4522"
743,743-BARATA X BANGU (VIA AGUA BRANCA) CIRCULAR,Fetranspor,24,17591053,"-22.8693","-43.4527"
743,743-BARATA X BANGU (VIA AGUA BRANCA) CIRCULAR,Fetranspor,25,17591053,"-22.8693","-43.4527"
743,743-BARATA X BANGU (VIA AGUA BRANCA) CIRCULAR,Fetranspor,26,17591053,"-22.8693","-43.4533"
743,743-BARATA X BANGU (VIA AGUA BRANCA) CIRCULAR,Fetranspor,27,17591053,"-22.8693","-43.4533"
743,743-BARATA X BANGU (VIA AGUA BRANCA) CIRCULAR,Fetranspor,28,17591053,"-22.8693","-43.4536"
743,743-BARATA X BANGU (VIA AGUA BRANCA) CIRCULAR,Fetranspor,29,17591053,"-22.8693","-43.4538"
743,743-BARATA X BANGU (VIA AGUA BRANCA) CIRCULAR,Fetranspor,30,17591053,"-22.8693","-43.4538"
743,743-BARATA X BANGU (VIA AGUA BRANCA) CIRCULAR,Fetranspor,31,17591053,"-22.8694","-43.4542"
743,743-BARATA X BANGU (VIA AGUA BRANCA) CIRCULAR,Fetranspor,32,17591053,"-22.8694","-43.4543"
743,743-BARATA X BANGU (VIA AGUA BRANCA) CIRCULAR,Fetranspor,33,17591053,"-22.8694","-43.4543"
743,743-BARATA X BANGU (VIA AGUA BRANCA) CIRCULAR,Fetranspor,34,17591053,"-22.8694","-43.4544"
743,743-BARATA X BANGU (VIA AGUA BRANCA) CIRCULAR,Fetranspor,35,17591053,"-22.8694","-43.4544"
743,743-BARATA X BANGU (VIA AGUA BRANCA) CIRCULAR,Fetranspor,36,17591053,"-22.8694","-43.4547"
743,743-BARATA X BANGU (VIA AGUA BRANCA) CIRCULAR,Fetranspor,37,17591053,"-22.8694","-43.4549"
743,743-BARATA X BANGU (VIA AGUA BRANCA) CIRCULAR,Fetranspor,38,17591053,"-22.8694","-43.4549"
743,743-BARATA X BANGU (VIA AGUA BRANCA) CIRCULAR,Fetranspor,39,17591053,"-22.8694","-43.455"
743,743-BARATA X BANGU (VIA AGUA BRANCA) CIRCULAR,Fetranspor,40,17591053,"-22.8694","-43.455"
743,743-BARATA X BANGU (VIA AGUA BRANCA) CIRCULAR,Fetranspor,41,17591053,"-22.8694","-43.4551"
743,743-BARATA X BANGU (VIA AGUA BRANCA) CIRCULAR,Fetranspor,42,17591053,"-22.8694","-43.4551"
743,743-BARATA X BANGU (VIA AGUA BRANCA) CIRCULAR,Fetranspor,43,17591053,"-22.8694","-43.4556"
743,743-BARATA X BANGU (VIA AGUA BRANCA) CIRCULAR,Fetranspor,44,17591053,"-22.8694","-43.4556"
743,743-BARATA X BANGU (VIA AGUA BRANCA) CIRCULAR,Fetranspor,45,17591053,"-22.8695","-43.4569"
743,743-BARATA X BANGU (VIA AGUA BRANCA) CIRCULAR,Fetranspor,46,17591053,"-22.8695","-43.457"
743,743-BARATA X BANGU (VIA AGUA BRANCA) CIRCULAR,Fetranspor,47,17591053,"-22.8695","-43.4571"
743,743-BARATA X BANGU (VIA AGUA BRANCA) CIRCULAR,Fetranspor,48,17591053,"-22.8695","-43.4571"
743,743-BARATA X BANGU (VIA AGUA BRANCA) CIRCULAR,Fetranspor,49,17591053,"-22.8695","-43.4572"
743,743-BARATA X BANGU (VIA AGUA BRANCA) CIRCULAR,Fetranspor,50,17591053,"-22.8695","-43.4573"
743,743-BARATA X BANGU (VIA AGUA BRANCA) CIRCULAR,Fetranspor,51,17591053,"-22.8695","-43.4573"
743,743-BARATA X BANGU (VIA AGUA BRANCA) CIRCULAR,Fetranspor,52,17591053,"-22.8695","-43.4574"
743,743-BARATA X BANGU (VIA AGUA BRANCA) CIRCULAR,Fetranspor,53,17591053,"-22.8695","-43.4574"
743,743-BARATA X BANGU (VIA AGUA BRANCA) CIRCULAR,Fetranspor,54,17591053,"-22.8696","-43.4578"
743,743-BARATA X BANGU (VIA AGUA BRANCA) CIRCULAR,Fetranspor,55,17591053,"-22.8696","-43.4582"
743,743-BARATA X BANGU (VIA AGUA BRANCA) CIRCULAR,Fetranspor,56,17591053,"-22.8697","-43.4589"
743,743-BARATA X BANGU (VIA AGUA BRANCA) CIRCULAR,Fetranspor,57,17591053,"-22.8697","-43.4589"
743,743-BARATA X BANGU (VIA AGUA BRANCA) CIRCULAR,Fetranspor,58,17591053,"-22.8697","-43.459"
743,743-BARATA X BANGU (VIA AGUA BRANCA) CIRCULAR,Fetranspor,59,17591053,"-22.8697","-43.459"
743,743-BARATA X BANGU (VIA AGUA BRANCA) CIRCULAR,Fetranspor,60,17591053,"-22.8697","-43.4594"
743,743-BARATA X BANGU (VIA AGUA BRANCA) CIRCULAR,Fetranspor,61,17591053,"-22.8697","-43.4594"
743,743-BARATA X BANGU (VIA AGUA BRANCA) CIRCULAR,Fetranspor,62,17591053,"-22.8697","-43.4596"
743,743-BARATA X BANGU (VIA AGUA BRANCA) CIRCULAR,Fetranspor,63,17591053,"-22.8697","-43.4596"
743,743-BARATA X BANGU (VIA AGUA BRANCA) CIRCULAR,Fetranspor,64,17591053,"-22.8698","-43.4601"
743,743-BARATA X BANGU (VIA AGUA BRANCA) CIRCULAR,Fetranspor,65,17591053,"-22.8698","-43.4601"
743,743-BARATA X BANGU (VIA AGUA BRANCA) CIRCULAR,Fetranspor,66,17591053,"-22.8698","-43.4608"
743,743-BARATA X BANGU (VIA AGUA BRANCA) CIRCULAR,Fetranspor,67,17591053,"-22.8698","-43.4608"
743,743-BARATA X BANGU (VIA AGUA BRANCA) CIRCULAR,Fetranspor,68,17591053,"-22.8698","-43.4612"
743,743-BARATA X BANGU (VIA AGUA BRANCA) CIRCULAR,Fetranspor,69,17591053,"-22.8698","-43.4612"
743,743-BARATA X BANGU (VIA AGUA BRANCA) CIRCULAR,Fetranspor,70,17591053,"-22.8699","-43.462"
743,743-BARATA X BANGU (VIA AGUA BRANCA) CIRCULAR,Fetranspor,71,17591053,"-22.8699","-43.462"
743,743-BARATA X BANGU (VIA AGUA BRANCA) CIRCULAR,Fetranspor,72,17591053,"-22.8699","-43.4623"
743,743-BARATA X BANGU (VIA AGUA BRANCA) CIRCULAR,Fetranspor,73,17591053,"-22.8699","-43.4623"
743,743-BARATA X BANGU (VIA AGUA BRANCA) CIRCULAR,Fetranspor,74,17591053,"-22.8699","-43.4628"
743,743-BARATA X BANGU (VIA AGUA BRANCA) CIRCULAR,Fetranspor,75,17591053,"-22.8699","-43.4628"
743,743-BARATA X BANGU (VIA AGUA BRANCA) CIRCULAR,Fetranspor,76,17591053,"-22.87","-43.4637"
743,743-BARATA X BANGU (VIA AGUA BRANCA) CIRCULAR,Fetranspor,77,17591053,"-22.87","-43.4638"
743,743-BARATA X BANGU (VIA AGUA BRANCA) CIRCULAR,Fetranspor,78,17591053,"-22.87","-43.4638"
743,743-BARATA X BANGU (VIA AGUA BRANCA) CIRCULAR,Fetranspor,79,17591053,"-22.8701","-43.4638"
743,743-BARATA X BANGU (VIA AGUA BRANCA) CIRCULAR,Fetranspor,80,17591053,"-22.8701","-43.4638"
743,743-BARATA X BANGU (VIA AGUA BRANCA) CIRCULAR,Fetranspor,81,17591053,"-22.8705","-43.4638"
743,743-BARATA X BANGU (VIA AGUA BRANCA) CIRCULAR,Fetranspor,82,17591053,"-22.8705","-43.4638"
743,743-BARATA X BANGU (VIA AGUA BRANCA) CIRCULAR,Fetranspor,83,17591053,"-22.8712","-43.4638"
743,743-BARATA X BANGU (VIA AGUA BRANCA) CIRCULAR,Fetranspor,84,17591053,"-22.8712","-43.4638"
743,743-BARATA X BANGU (VIA AGUA BRANCA) CIRCULAR,Fetranspor,85,17591053,"-22.8724","-43.4637"
743,743-BARATA X BANGU (VIA AGUA BRANCA) CIRCULAR,Fetranspor,86,17591053,"-22.8724","-43.4637"
743,743-BARATA X BANGU (VIA AGUA BRANCA) CIRCULAR,Fetranspor,87,17591053,"-22.8734","-43.4637"
743,743-BARATA X BANGU (VIA AGUA BRANCA) CIRCULAR,Fetranspor,88,17591053,"-22.8734","-43.4637"
743,743-BARATA X BANGU (VIA AGUA BRANCA) CIRCULAR,Fetranspor,89,17591053,"-22.8734","-43.4648"
743,743-BARATA X BANGU (VIA AGUA BRANCA) CIRCULAR,Fetranspor,90,17591053,"-22.8735","-43.4649"
743,743-BARATA X BANGU (VIA AGUA BRANCA) CIRCULAR,Fetranspor,91,17591053,"-22.8735","-43.4649"
743,743-BARATA X BANGU (VIA AGUA BRANCA) CIRCULAR,Fetranspor,92,17591053,"-22.8735","-43.4657"
743,743-BARATA X BANGU (VIA AGUA BRANCA) CIRCULAR,Fetranspor,93,17591053,"-22.8735","-43.4657"
743,743-BARATA X BANGU (VIA AGUA BRANCA) CIRCULAR,Fetranspor,94,17591053,"-22.8735","-43.4666"
743,743-BARATA X BANGU (VIA AGUA BRANCA) CIRCULAR,Fetranspor,95,17591053,"-22.8735","-43.4666"
743,743-BARATA X BANGU (VIA AGUA BRANCA) CIRCULAR,Fetranspor,96,17591053,"-22.8735","-43.4675"
743,743-BARATA X BANGU (VIA AGUA BRANCA) CIRCULAR,Fetranspor,97,17591053,"-22.8735","-43.4675"
743,743-BARATA X BANGU (VIA AGUA BRANCA) CIRCULAR,Fetranspor,98,17591053,"-22.8735","-43.4679"
743,743-BARATA X BANGU (VIA AGUA BRANCA) CIRCULAR,Fetranspor,99,17591053,"-22.8735","-43.4679"
743,743-BARATA X BANGU (VIA AGUA BRANCA) CIRCULAR,Fetranspor,100,17591053,"-22.8741","-43.4684"
743,743-BARATA X BANGU (VIA AGUA BRANCA) CIRCULAR,Fetranspor,101,17591053,"-22.8741","-43.4685"
743,743-BARATA X BANGU (VIA AGUA BRANCA) CIRCULAR,Fetranspor,102,17591053,"-22.8741","-43.4685"
743,743-BARATA X BANGU (VIA AGUA BRANCA) CIRCULAR,Fetranspor,103,17591053,"-22.8743","-43.4687"
743,743-BARATA X BANGU (VIA AGUA BRANCA) CIRCULAR,Fetranspor,104,17591053,"-22.8748","-43.4693"
743,743-BARATA X BANGU (VIA AGUA BRANCA) CIRCULAR,Fetranspor,105,17591053,"-22.8753","-43.4697"
743,743-BARATA X BANGU (VIA AGUA BRANCA) CIRCULAR,Fetranspor,106,17591053,"-22.8753","-43.4697"
743,743-BARATA X BANGU (VIA AGUA BRANCA) CIRCULAR,Fetranspor,107,17591053,"-22.8754","-43.4698"
743,743-BARATA X BANGU (VIA AGUA BRANCA) CIRCULAR,Fetranspor,108,17591053,"-22.8755","-43.47"
743,743-BARATA X BANGU (VIA AGUA BRANCA) CIRCULAR,Fetranspor,109,17591053,"-22.8756","-43.4702"
743,743-BARATA X BANGU (VIA AGUA BRANCA) CIRCULAR,Fetranspor,110,17591053,"-22.8756","-43.4702"
743,743-BARATA X BANGU (VIA AGUA BRANCA) CIRCULAR,Fetranspor,111,17591053,"-22.8757","-43.4703"
743,743-BARATA X BANGU (VIA AGUA BRANCA) CIRCULAR,Fetranspor,112,17591053,"-22.8757","-43.4703"
743,743-BARATA X BANGU (VIA AGUA BRANCA) CIRCULAR,Fetranspor,113,17591053,"-22.8757","-43.4704"
743,743-BARATA X BANGU (VIA AGUA BRANCA) CIRCULAR,Fetranspor,114,17591053,"-22.8758","-43.4706"
743,743-BARATA X BANGU (VIA AGUA BRANCA) CIRCULAR,Fetranspor,115,17591053,"-22.8759","-43.4708"
743,743-BARATA X BANGU (VIA AGUA BRANCA) CIRCULAR,Fetranspor,116,17591053,"-22.876","-43.4717"
743,743-BARATA X BANGU (VIA AGUA BRANCA) CIRCULAR,Fetranspor,117,17591053,"-22.8761","-43.472"
743,743-BARATA X BANGU (VIA AGUA BRANCA) CIRCULAR,Fetranspor,118,17591053,"-22.8761","-43.472"
743,743-BARATA X BANGU (VIA AGUA BRANCA) CIRCULAR,Fetranspor,119,17591053,"-22.8762","-43.4721"
743,743-BARATA X BANGU (VIA AGUA BRANCA) CIRCULAR,Fetranspor,120,17591053,"-22.8763","-43.4723"
743,743-BARATA X BANGU (VIA AGUA BRANCA) CIRCULAR,Fetranspor,121,17591053,"-22.8764","-43.4726"
743,743-BARATA X BANGU (VIA AGUA BRANCA) CIRCULAR,Fetranspor,122,17591053,"-22.8766","-43.4727"
743,743-BARATA X BANGU (VIA AGUA BRANCA) CIRCULAR,Fetranspor,123,17591053,"-22.8767","-43.4728"
743,743-BARATA X BANGU (VIA AGUA BRANCA) CIRCULAR,Fetranspor,124,17591053,"-22.8771","-43.473"
743,743-BARATA X BANGU (VIA AGUA BRANCA) CIRCULAR,Fetranspor,125,17591053,"-22.8772","-43.4731"
743,743-BARATA X BANGU (VIA AGUA BRANCA) CIRCULAR,Fetranspor,126,17591053,"-22.8773","-43.4732"
743,743-BARATA X BANGU (VIA AGUA BRANCA) CIRCULAR,Fetranspor,127,17591053,"-22.8773","-43.4732"
743,743-BARATA X BANGU (VIA AGUA BRANCA) CIRCULAR,Fetranspor,128,17591053,"-22.8775","-43.4734"
743,743-BARATA X BANGU (VIA AGUA BRANCA) CIRCULAR,Fetranspor,129,17591053,"-22.8775","-43.4734"
743,743-BARATA X BANGU (VIA AGUA BRANCA) CIRCULAR,Fetranspor,130,17591053,"-22.8778","-43.4734"
743,743-BARATA X BANGU (VIA AGUA BRANCA) CIRCULAR,Fetranspor,131,17591053,"-22.8778","-43.4734"
743,743-BARATA X BANGU (VIA AGUA BRANCA) CIRCULAR,Fetranspor,132,17591053,"-22.8779","-43.4735"
743,743-BARATA X BANGU (VIA AGUA BRANCA) CIRCULAR,Fetranspor,133,17591053,"-22.8786","-43.4735"
743,743-BARATA X BANGU (VIA AGUA BRANCA) CIRCULAR,Fetranspor,134,17591053,"-22.8786","-43.4735"
743,743-BARATA X BANGU (VIA AGUA BRANCA) CIRCULAR,Fetranspor,135,17591053,"-22.8803","-43.4735"
743,743-BARATA X BANGU (VIA AGUA BRANCA) CIRCULAR,Fetranspor,136,17591053,"-22.8803","-43.4735"
743,743-BARATA X BANGU (VIA AGUA BRANCA) CIRCULAR,Fetranspor,137,17591053,"-22.8802","-43.4726"
743,743-BARATA X BANGU (VIA AGUA BRANCA) CIRCULAR,Fetranspor,138,17591053,"-22.8802","-43.4726"
743,743-BARATA X BANGU (VIA AGUA BRANCA) CIRCULAR,Fetranspor,139,17591053,"-22.8802","-43.4717"
743,743-BARATA X BANGU (VIA AGUA BRANCA) CIRCULAR,Fetranspor,140,17591053,"-22.8802","-43.4717"
743,743-BARATA X BANGU (VIA AGUA BRANCA) CIRCULAR,Fetranspor,141,17591053,"-22.8802","-43.4708"
743,743-BARATA X BANGU (VIA AGUA BRANCA) CIRCULAR,Fetranspor,142,17591053,"-22.8802","-43.4708"
743,743-BARATA X BANGU (VIA AGUA BRANCA) CIRCULAR,Fetranspor,143,17591053,"-22.8802","-43.4699"
743,743-BARATA X BANGU (VIA AGUA BRANCA) CIRCULAR,Fetranspor,144,17591053,"-22.8802","-43.4699"
743,743-BARATA X BANGU (VIA AGUA BRANCA) CIRCULAR,Fetranspor,145,17591053,"-22.8802","-43.4697"
743,743-BARATA X BANGU (VIA AGUA BRANCA) CIRCULAR,Fetranspor,146,17591053,"-22.8802","-43.4697"
743,743-BARATA X BANGU (VIA AGUA BRANCA) CIRCULAR,Fetranspor,147,17591053,"-22.8801","-43.4688"
743,743-BARATA X BANGU (VIA AGUA BRANCA) CIRCULAR,Fetranspor,148,17591053,"-22.8801","-43.4688"
743,743-BARATA X BANGU (VIA AGUA BRANCA) CIRCULAR,Fetranspor,149,17591053,"-22.8801","-43.4682"
743,743-BARATA X BANGU (VIA AGUA BRANCA) CIRCULAR,Fetranspor,150,17591053,"-22.8801","-43.4682"
743,743-BARATA X BANGU (VIA AGUA BRANCA) CIRCULAR,Fetranspor,151,17591053,"-22.8801","-43.468"
743,743-BARATA X BANGU (VIA AGUA BRANCA) CIRCULAR,Fetranspor,152,17591053,"-22.8801","-43.4676"
743,743-BARATA X BANGU (VIA AGUA BRANCA) CIRCULAR,Fetranspor,153,17591053,"-22.8801","-43.4676"
743,743-BARATA X BANGU (VIA AGUA BRANCA) CIRCULAR,Fetranspor,154,17591053,"-22.8801","-43.4672"
743,743-BARATA X BANGU (VIA AGUA BRANCA) CIRCULAR,Fetranspor,155,17591053,"-22.8801","-43.467"
743,743-BARATA X BANGU (VIA AGUA BRANCA) CIRCULAR,Fetranspor,156,17591053,"-22.88","-43.4669"
743,743-BARATA X BANGU (VIA AGUA BRANCA) CIRCULAR,Fetranspor,157,17591053,"-22.8799","-43.4664"
743,743-BARATA X BANGU (VIA AGUA BRANCA) CIRCULAR,Fetranspor,158,17591053,"-22.8799","-43.4664"
743,743-BARATA X BANGU (VIA AGUA BRANCA) CIRCULAR,Fetranspor,159,17591053,"-22.8797","-43.466"
743,743-BARATA X BANGU (VIA AGUA BRANCA) CIRCULAR,Fetranspor,160,17591053,"-22.8797","-43.4659"
743,743-BARATA X BANGU (VIA AGUA BRANCA) CIRCULAR,Fetranspor,161,17591053,"-22.8796","-43.4656"
743,743-BARATA X BANGU (VIA AGUA BRANCA) CIRCULAR,Fetranspor,162,17591053,"-22.8796","-43.4656"
743,743-BARATA X BANGU (VIA AGUA BRANCA) CIRCULAR,Fetranspor,163,17591053,"-22.8796","-43.4656"
743,743-BARATA X BANGU (VIA AGUA BRANCA) CIRCULAR,Fetranspor,164,17591053,"-22.8796","-43.4648"
743,743-BARATA X BANGU (VIA AGUA BRANCA) CIRCULAR,Fetranspor,165,17591053,"-22.8796","-43.4648"
743,743-BARATA X BANGU (VIA AGUA BRANCA) CIRCULAR,Fetranspor,166,17591053,"-22.881","-43.4648"
743,743-BARATA X BANGU (VIA AGUA BRANCA) CIRCULAR,Fetranspor,167,17591053,"-22.881","-43.4648"
743,743-BARATA X BANGU (VIA AGUA BRANCA) CIRCULAR,Fetranspor,168,17591053,"-22.881","-43.4648"
743,743-BARATA X BANGU (VIA AGUA BRANCA) CIRCULAR,Fetranspor,169,17591053,"-22.8811","-43.4647"
743,743-BARATA X BANGU (VIA AGUA BRANCA) CIRCULAR,Fetranspor,170,17591053,"-22.8811","-43.4647"
743,743-BARATA X BANGU (VIA AGUA BRANCA) CIRCULAR,Fetranspor,171,17591053,"-22.8811","-43.4647"
743,743-BARATA X BANGU (VIA AGUA BRANCA) CIRCULAR,Fetranspor,172,17591053,"-22.8811","-43.4642"
743,743-BARATA X BANGU (VIA AGUA BRANCA) CIRCULAR,Fetranspor,173,17591053,"-22.8811","-43.4642"
743,743-BARATA X BANGU (VIA AGUA BRANCA) CIRCULAR,Fetranspor,174,17591053,"-22.8811","-43.4641"
743,743-BARATA X BANGU (VIA AGUA BRANCA) CIRCULAR,Fetranspor,175,17591053,"-22.8811","-43.4636"
743,743-BARATA X BANGU (VIA AGUA BRANCA) CIRCULAR,Fetranspor,176,17591053,"-22.8811","-43.4636"
743,743-BARATA X BANGU (VIA AGUA BRANCA) CIRCULAR,Fetranspor,177,17591053,"-22.8811","-43.4622"
743,743-BARATA X BANGU (VIA AGUA BRANCA) CIRCULAR,Fetranspor,178,17591053,"-22.8811","-43.4622"
743,743-BARATA X BANGU (VIA AGUA BRANCA) CIRCULAR,Fetranspor,179,17591053,"-22.881","-43.4611"
743,743-BARATA X BANGU (VIA AGUA BRANCA) CIRCULAR,Fetranspor,180,17591053,"-22.881","-43.4611"
743,743-BARATA X BANGU (VIA AGUA BRANCA) CIRCULAR,Fetranspor,181,17591053,"-22.881","-43.4607"
743,743-BARATA X BANGU (VIA AGUA BRANCA) CIRCULAR,Fetranspor,182,17591053,"-22.881","-43.46"
743,743-BARATA X BANGU (VIA AGUA BRANCA) CIRCULAR,Fetranspor,183,17591053,"-22.881","-43.4599"
743,743-BARATA X BANGU (VIA AGUA BRANCA) CIRCULAR,Fetranspor,184,17591053,"-22.881","-43.4599"
743,743-BARATA X BANGU (VIA AGUA BRANCA) CIRCULAR,Fetranspor,185,17591053,"-22.881","-43.4593"
743,743-BARATA X BANGU (VIA AGUA BRANCA) CIRCULAR,Fetranspor,186,17591053,"-22.881","-43.4593"
743,743-BARATA X BANGU (VIA AGUA BRANCA) CIRCULAR,Fetranspor,187,17591053,"-22.881","-43.4588"
743,743-BARATA X BANGU (VIA AGUA BRANCA) CIRCULAR,Fetranspor,188,17591053,"-22.881","-43.4587"
743,743-BARATA X BANGU (VIA AGUA BRANCA) CIRCULAR,Fetranspor,189,17591053,"-22.881","-43.4587"
743,743-BARATA X BANGU (VIA AGUA BRANCA) CIRCULAR,Fetranspor,190,17591053,"-22.8812","-43.4581"
743,743-BARATA X BANGU (VIA AGUA BRANCA) CIRCULAR,Fetranspor,191,17591053,"-22.8812","-43.4581"
743,743-BARATA X BANGU (VIA AGUA BRANCA) CIRCULAR,Fetranspor,192,17591053,"-22.8813","-43.4575"
743,743-BARATA X BANGU (VIA AGUA BRANCA) CIRCULAR,Fetranspor,193,17591053,"-22.8813","-43.4575"
743,743-BARATA X BANGU (VIA AGUA BRANCA) CIRCULAR,Fetranspor,194,17591053,"-22.8815","-43.4568"
743,743-BARATA X BANGU (VIA AGUA BRANCA) CIRCULAR,Fetranspor,195,17591053,"-22.8815","-43.4568"
743,743-BARATA X BANGU (VIA AGUA BRANCA) CIRCULAR,Fetranspor,196,17591053,"-22.8816","-43.4563"
743,743-BARATA X BANGU (VIA AGUA BRANCA) CIRCULAR,Fetranspor,197,17591053,"-22.8816","-43.4562"
743,743-BARATA X BANGU (VIA AGUA BRANCA) CIRCULAR,Fetranspor,198,17591053,"-22.8816","-43.4561"
743,743-BARATA X BANGU (VIA AGUA BRANCA) CIRCULAR,Fetranspor,199,17591053,"-22.8816","-43.4561"
743,743-BARATA X BANGU (VIA AGUA BRANCA) CIRCULAR,Fetranspor,200,17591053,"-22.8816","-43.456"
743,743-BARATA X BANGU (VIA AGUA BRANCA) CIRCULAR,Fetranspor,201,17591053,"-22.8816","-43.4559"
743,743-BARATA X BANGU (VIA AGUA BRANCA) CIRCULAR,Fetranspor,202,17591053,"-22.8814","-43.4552"
743,743-BARATA X BANGU (VIA AGUA BRANCA) CIRCULAR,Fetranspor,203,17591053,"-22.8814","-43.4552"
743,743-BARATA X BANGU (VIA AGUA BRANCA) CIRCULAR,Fetranspor,204,17591053,"-22.8813","-43.4549"
743,743-BARATA X BANGU (VIA AGUA BRANCA) CIRCULAR,Fetranspor,205,17591053,"-22.8813","-43.4549"
743,743-BARATA X BANGU (VIA AGUA BRANCA) CIRCULAR,Fetranspor,206,17591053,"-22.8812","-43.4545"
743,743-BARATA X BANGU (VIA AGUA BRANCA) CIRCULAR,Fetranspor,207,17591053,"-22.8812","-43.4545"
743,743-BARATA X BANGU (VIA AGUA BRANCA) CIRCULAR,Fetranspor,208,17591053,"-22.8811","-43.4544"
743,743-BARATA X BANGU (VIA AGUA BRANCA) CIRCULAR,Fetranspor,209,17591053,"-22.8809","-43.4537"
743,743-BARATA X BANGU (VIA AGUA BRANCA) CIRCULAR,Fetranspor,210,17591053,"-22.8809","-43.4537"
743,743-BARATA X BANGU (VIA AGUA BRANCA) CIRCULAR,Fetranspor,211,17591053,"-22.8808","-43.4532"
743,743-BARATA X BANGU (VIA AGUA BRANCA) CIRCULAR,Fetranspor,212,17591053,"-22.8808","-43.4531"
743,743-BARATA X BANGU (VIA AGUA BRANCA) CIRCULAR,Fetranspor,213,17591053,"-22.8808","-43.453"
743,743-BARATA X BANGU (VIA AGUA BRANCA) CIRCULAR,Fetranspor,214,17591053,"-22.8808","-43.4528"
743,743-BARATA X BANGU (VIA AGUA BRANCA) CIRCULAR,Fetranspor,215,17591053,"-22.8808","-43.4528"
743,743-BARATA X BANGU (VIA AGUA BRANCA) CIRCULAR,Fetranspor,216,17591053,"-22.8809","-43.4522"
743,743-BARATA X BANGU (VIA AGUA BRANCA) CIRCULAR,Fetranspor,217,17591053,"-22.8809","-43.4522"
743,743-BARATA X BANGU (VIA AGUA BRANCA) CIRCULAR,Fetranspor,218,17591053,"-22.8809","-43.452"
743,743-BARATA X BANGU (VIA AGUA BRANCA) CIRCULAR,Fetranspor,219,17591053,"-22.8808","-43.4518"
743,743-BARATA X BANGU (VIA AGUA BRANCA) CIRCULAR,Fetranspor,220,17591053,"-22.8808","-43.4517"
743,743-BARATA X BANGU (VIA AGUA BRANCA) CIRCULAR,Fetranspor,221,17591053,"-22.8807","-43.4515"
743,743-BARATA X BANGU (VIA AGUA BRANCA) CIRCULAR,Fetranspor,222,17591053,"-22.8806","-43.4513"
743,743-BARATA X BANGU (VIA AGUA BRANCA) CIRCULAR,Fetranspor,223,17591053,"-22.8806","-43.4513"
743,743-BARATA X BANGU (VIA AGUA BRANCA) CIRCULAR,Fetranspor,224,17591053,"-22.8811","-43.4513"
743,743-BARATA X BANGU (VIA AGUA BRANCA) CIRCULAR,Fetranspor,225,17591053,"-22.8811","-43.4513"
743,743-BARATA X BANGU (VIA AGUA BRANCA) CIRCULAR,Fetranspor,226,17591053,"-22.8821","-43.4512"
743,743-BARATA X BANGU (VIA AGUA BRANCA) CIRCULAR,Fetranspor,227,17591053,"-22.8821","-43.4512"
743,743-BARATA X BANGU (VIA AGUA BRANCA) CIRCULAR,Fetranspor,228,17591053,"-22.8822","-43.451"
743,743-BARATA X BANGU (VIA AGUA BRANCA) CIRCULAR,Fetranspor,229,17591053,"-22.8825","-43.4507"
743,743-BARATA X BANGU (VIA AGUA BRANCA) CIRCULAR,Fetranspor,230,17591053,"-22.8825","-43.4507"
743,743-BARATA X BANGU (VIA AGUA BRANCA) CIRCULAR,Fetranspor,231,17591053,"-22.8837","-43.4491"
743,743-BARATA X BANGU (VIA AGUA BRANCA) CIRCULAR,Fetranspor,232,17591053,"-22.8837","-43.4491"
743,743-BARATA X BANGU (VIA AGUA BRANCA) CIRCULAR,Fetranspor,233,17591053,"-22.884","-43.4488"
743,743-BARATA X BANGU (VIA AGUA BRANCA) CIRCULAR,Fetranspor,234,17591053,"-22.884","-43.4488"
743,743-BARATA X BANGU (VIA AGUA BRANCA) CIRCULAR,Fetranspor,235,17591053,"-22.8843","-43.4483"
743,743-BARATA X BANGU (VIA AGUA BRANCA) CIRCULAR,Fetranspor,236,17591053,"-22.8843","-43.4483"
743,743-BARATA X BANGU (VIA AGUA BRANCA) CIRCULAR,Fetranspor,237,17591053,"-22.8847","-43.4478"
743,743-BARATA X BANGU (VIA AGUA BRANCA) CIRCULAR,Fetranspor,238,17591053,"-22.8848","-43.4477"
743,743-BARATA X BANGU (VIA AGUA BRANCA) CIRCULAR,Fetranspor,239,17591053,"-22.8848","-43.4477"
743,743-BARATA X BANGU (VIA AGUA BRANCA) CIRCULAR,Fetranspor,240,17591053,"-22.8851","-43.4472"
743,743-BARATA X BANGU (VIA AGUA BRANCA) CIRCULAR,Fetranspor,241,17591053,"-22.8853","-43.447"
743,743-BARATA X BANGU (VIA AGUA BRANCA) CIRCULAR,Fetranspor,242,17591053,"-22.8854","-43.4469"
743,743-BARATA X BANGU (VIA AGUA BRANCA) CIRCULAR,Fetranspor,243,17591053,"-22.8854","-43.4469"
743,743-BARATA X BANGU (VIA AGUA BRANCA) CIRCULAR,Fetranspor,244,17591053,"-22.8856","-43.4466"
743,743-BARATA X BANGU (VIA AGUA BRANCA) CIRCULAR,Fetranspor,245,17591053,"-22.8856","-43.4466"
743,743-BARATA X BANGU (VIA AGUA BRANCA) CIRCULAR,Fetranspor,246,17591053,"-22.8863","-43.4459"
743,743-BARATA X BANGU (VIA AGUA BRANCA) CIRCULAR,Fetranspor,247,17591053,"-22.8863","-43.4459"
743,743-BARATA X BANGU (VIA AGUA BRANCA) CIRCULAR,Fetranspor,248,17591053,"-22.8863","-43.4458"
743,743-BARATA X BANGU (VIA AGUA BRANCA) CIRCULAR,Fetranspor,249,17591053,"-22.8863","-43.4458"
743,743-BARATA X BANGU (VIA AGUA BRANCA) CIRCULAR,Fetranspor,250,17591053,"-22.8867","-43.4454"
743,743-BARATA X BANGU (VIA AGUA BRANCA) CIRCULAR,Fetranspor,251,17591053,"-22.8867","-43.4454"
743,743-BARATA X BANGU (VIA AGUA BRANCA) CIRCULAR,Fetranspor,252,17591053,"-22.887","-43.4451"
743,743-BARATA X BANGU (VIA AGUA BRANCA) CIRCULAR,Fetranspor,253,17591053,"-22.887","-43.445"
743,743-BARATA X BANGU (VIA AGUA BRANCA) CIRCULAR,Fetranspor,254,17591053,"-22.887","-43.445"
743,743-BARATA X BANGU (VIA AGUA BRANCA) CIRCULAR,Fetranspor,255,17591053,"-22.8871","-43.4451"
743,743-BARATA X BANGU (VIA AGUA BRANCA) CIRCULAR,Fetranspor,256,17591053,"-22.8885","-43.4464"
743,743-BARATA X BANGU (VIA AGUA BRANCA) CIRCULAR,Fetranspor,257,17591053,"-22.8885","-43.4464"
743,743-BARATA X BANGU (VIA AGUA BRANCA) CIRCULAR,Fetranspor,258,17591053,"-22.8886","-43.4465"
743,743-BARATA X BANGU (VIA AGUA BRANCA) CIRCULAR,Fetranspor,259,17591053,"-22.8886","-43.4465"
743,743-BARATA X BANGU (VIA AGUA BRANCA) CIRCULAR,Fetranspor,260,17591053,"-22.8889","-43.4468"
743,743-BARATA X BANGU (VIA AGUA BRANCA) CIRCULAR,Fetranspor,261,17591053,"-22.8889","-43.4468"
743,743-BARATA X BANGU (VIA AGUA BRANCA) CIRCULAR,Fetranspor,262,17591053,"-22.889","-43.4468"
743,743-BARATA X BANGU (VIA AGUA BRANCA) CIRCULAR,Fetranspor,263,17591053,"-22.889","-43.4468"
743,743-BARATA X BANGU (VIA AGUA BRANCA) CIRCULAR,Fetranspor,264,17591053,"-22.8895","-43.4473"
743,743-BARATA X BANGU (VIA AGUA BRANCA) CIRCULAR,Fetranspor,265,17591053,"-22.8895","-43.4473"
743,743-BARATA X BANGU (VIA AGUA BRANCA) CIRCULAR,Fetranspor,266,17591053,"-22.8897","-43.447"
743,743-BARATA X BANGU (VIA AGUA BRANCA) CIRCULAR,Fetranspor,267,17591053,"-22.8897","-43.447"
743,743-BARATA X BANGU (VIA AGUA BRANCA) CIRCULAR,Fetranspor,268,17591053,"-22.8901","-43.4466"
743,743-BARATA X BANGU (VIA AGUA BRANCA) CIRCULAR,Fetranspor,269,17591053,"-22.8901","-43.4466"
743,743-BARATA X BANGU (VIA AGUA BRANCA) CIRCULAR,Fetranspor,270,17591053,"-22.8901","-43.4465"
743,743-BARATA X BANGU (VIA AGUA BRANCA) CIRCULAR,Fetranspor,271,17591053,"-22.8904","-43.4461"
743,743-BARATA X BANGU (VIA AGUA BRANCA) CIRCULAR,Fetranspor,272,17591053,"-22.8904","-43.4461"
743,743-BARATA X BANGU (VIA AGUA BRANCA) CIRCULAR,Fetranspor,273,17591053,"-22.8908","-43.4457"
743,743-BARATA X BANGU (VIA AGUA BRANCA) CIRCULAR,Fetranspor,274,17591053,"-22.8908","-43.4457"
743,743-BARATA X BANGU (VIA AGUA BRANCA) CIRCULAR,Fetranspor,275,17591053,"-22.8911","-43.4453"
743,743-BARATA X BANGU (VIA AGUA BRANCA) CIRCULAR,Fetranspor,276,17591053,"-22.8915","-43.4448"
743,743-BARATA X BANGU (VIA AGUA BRANCA) CIRCULAR,Fetranspor,277,17591053,"-22.8915","-43.4448"
743,743-BARATA X BANGU (VIA AGUA BRANCA) CIRCULAR,Fetranspor,278,17591053,"-22.8916","-43.4448"
743,743-BARATA X BANGU (VIA AGUA BRANCA) CIRCULAR,Fetranspor,279,17591053,"-22.8924","-43.4438"
743,743-BARATA X BANGU (VIA AGUA BRANCA) CIRCULAR,Fetranspor,280,17591053,"-22.8924","-43.4438"
743,743-BARATA X BANGU (VIA AGUA BRANCA) CIRCULAR,Fetranspor,281,17591053,"-22.8926","-43.4435"
743,743-BARATA X BANGU (VIA AGUA BRANCA) CIRCULAR,Fetranspor,282,17591053,"-22.8926","-43.4435"
743,743-BARATA X BANGU (VIA AGUA BRANCA) CIRCULAR,Fetranspor,283,17591053,"-22.8929","-43.4433"
743,743-BARATA X BANGU (VIA AGUA BRANCA) CIRCULAR,Fetranspor,284,17591053,"-22.8929","-43.4433"
743,743-BARATA X BANGU (VIA AGUA BRANCA) CIRCULAR,Fetranspor,285,17591053,"-22.8931","-43.443"
743,743-BARATA X BANGU (VIA AGUA BRANCA) CIRCULAR,Fetranspor,286,17591053,"-22.8931","-43.443"
743,743-BARATA X BANGU (VIA AGUA BRANCA) CIRCULAR,Fetranspor,287,17591053,"-22.8938","-43.4422"
743,743-BARATA X BANGU (VIA AGUA BRANCA) CIRCULAR,Fetranspor,288,17591053,"-22.894","-43.4419"
743,743-BARATA X BANGU (VIA AGUA BRANCA) CIRCULAR,Fetranspor,289,17591053,"-22.894","-43.4419"
743,743-BARATA X BANGU (VIA AGUA BRANCA) CIRCULAR,Fetranspor,290,17591053,"-22.8941","-43.442"
743,743-BARATA X BANGU (VIA AGUA BRANCA) CIRCULAR,Fetranspor,291,17591053,"-22.8941","-43.442"
743,743-BARATA X BANGU (VIA AGUA BRANCA) CIRCULAR,Fetranspor,292,17591053,"-22.8944","-43.4423"
743,743-BARATA X BANGU (VIA AGUA BRANCA) CIRCULAR,Fetranspor,293,17591053,"-22.8944","-43.4423"
743,743-BARATA X BANGU (VIA AGUA BRANCA) CIRCULAR,Fetranspor,294,17591053,"-22.8946","-43.4425"
743,743-BARATA X BANGU (VIA AGUA BRANCA) CIRCULAR,Fetranspor,295,17591053,"-22.8946","-43.4425"
743,743-BARATA X BANGU (VIA AGUA BRANCA) CIRCULAR,Fetranspor,296,17591053,"-22.8946","-43.4425"
743,743-BARATA X BANGU (VIA AGUA BRANCA) CIRCULAR,Fetranspor,297,17591053,"-22.8946","-43.4425"
743,743-BARATA X BANGU (VIA AGUA BRANCA) CIRCULAR,Fetranspor,298,17591053,"-22.8949","-43.4427"
743,743-BARATA X BANGU (VIA AGUA BRANCA) CIRCULAR,Fetranspor,299,17591053,"-22.8949","-43.4427"
743,743-BARATA X BANGU (VIA AGUA BRANCA) CIRCULAR,Fetranspor,300,17591053,"-22.8951","-43.4429"
743,743-BARATA X BANGU (VIA AGUA BRANCA) CIRCULAR,Fetranspor,301,17591053,"-22.8951","-43.4429"
743,743-BARATA X BANGU (VIA AGUA BRANCA) CIRCULAR,Fetranspor,302,17591053,"-22.8952","-43.443"
743,743-BARATA X BANGU (VIA AGUA BRANCA) CIRCULAR,Fetranspor,303,17591053,"-22.8952","-43.443"
743,743-BARATA X BANGU (VIA AGUA BRANCA) CIRCULAR,Fetranspor,304,17591053,"-22.8957","-43.4436"
743,743-BARATA X BANGU (VIA AGUA BRANCA) CIRCULAR,Fetranspor,305,17591053,"-22.8958","-43.4436"
743,743-BARATA X BANGU (VIA AGUA BRANCA) CIRCULAR,Fetranspor,306,17591053,"-22.8958","-43.4436"
743,743-BARATA X BANGU (VIA AGUA BRANCA) CIRCULAR,Fetranspor,307,17591053,"-22.8961","-43.4433"
743,743-BARATA X BANGU (VIA AGUA BRANCA) CIRCULAR,Fetranspor,308,17591053,"-22.8961","-43.4433"
743,743-BARATA X BANGU (VIA AGUA BRANCA) CIRCULAR,Fetranspor,309,17591053,"-22.8963","-43.4431"
743,743-BARATA X BANGU (VIA AGUA BRANCA) CIRCULAR,Fetranspor,310,17591053,"-22.8963","-43.4431"
743,743-BARATA X BANGU (VIA AGUA BRANCA) CIRCULAR,Fetranspor,311,17591053,"-22.8964","-43.443"
743,743-BARATA X BANGU (VIA AGUA BRANCA) CIRCULAR,Fetranspor,312,17591053,"-22.8964","-43.443"
743,743-BARATA X BANGU (VIA AGUA BRANCA) CIRCULAR,Fetranspor,313,17591053,"-22.8965","-43.4428"
743,743-BARATA X BANGU (VIA AGUA BRANCA) CIRCULAR,Fetranspor,314,17591053,"-22.8965","-43.4428"
743,743-BARATA X BANGU (VIA AGUA BRANCA) CIRCULAR,Fetranspor,315,17591053,"-22.8968","-43.4426"
743,743-BARATA X BANGU (VIA AGUA BRANCA) CIRCULAR,Fetranspor,316,17591053,"-22.8968","-43.4426"
743,743-BARATA X BANGU (VIA AGUA BRANCA) CIRCULAR,Fetranspor,317,17591053,"-22.8978","-43.4416"
743,743-BARATA X BANGU (VIA AGUA BRANCA) CIRCULAR,Fetranspor,318,17591053,"-22.8978","-43.4416"
743,743-BARATA X BANGU (VIA AGUA BRANCA) CIRCULAR,Fetranspor,319,17591053,"-22.898","-43.4414"
743,743-BARATA X BANGU (VIA AGUA BRANCA) CIRCULAR,Fetranspor,320,17591053,"-22.8981","-43.4412"
743,743-BARATA X BANGU (VIA AGUA BRANCA) CIRCULAR,Fetranspor,321,17591053,"-22.8981","-43.4412"
743,743-BARATA X BANGU (VIA AGUA BRANCA) CIRCULAR,Fetranspor,322,17591053,"-22.8982","-43.4408"
743,743-BARATA X BANGU (VIA AGUA BRANCA) CIRCULAR,Fetranspor,323,17591053,"-22.8982","-43.4408"
743,743-BARATA X BANGU (VIA AGUA BRANCA) CIRCULAR,Fetranspor,324,17591053,"-22.8982","-43.4406"
743,743-BARATA X BANGU (VIA AGUA BRANCA) CIRCULAR,Fetranspor,325,17591053,"-22.8981","-43.4404"
743,743-BARATA X BANGU (VIA AGUA BRANCA) CIRCULAR,Fetranspor,326,17591053,"-22.8981","-43.4403"
743,743-BARATA X BANGU (VIA AGUA BRANCA) CIRCULAR,Fetranspor,327,17591053,"-22.8981","-43.4403"
743,743-BARATA X BANGU (VIA AGUA BRANCA) CIRCULAR,Fetranspor,328,17591053,"-22.8979","-43.4401"
743,743-BARATA X BANGU (VIA AGUA BRANCA) CIRCULAR,Fetranspor,329,17591053,"-22.8976","-43.4397"
743,743-BARATA X BANGU (VIA AGUA BRANCA) CIRCULAR,Fetranspor,330,17591053,"-22.8976","-43.4397"
743,743-BARATA X BANGU (VIA AGUA BRANCA) CIRCULAR,Fetranspor,331,17591053,"-22.8971","-43.4393"
743,743-BARATA X BANGU (VIA AGUA BRANCA) CIRCULAR,Fetranspor,332,17591053,"-22.8971","-43.4393"
743,743-BARATA X BANGU (VIA AGUA BRANCA) CIRCULAR,Fetranspor,333,17591053,"-22.8968","-43.439"
743,743-BARATA X BANGU (VIA AGUA BRANCA) CIRCULAR,Fetranspor,334,17591053,"-22.8968","-43.439"
743,743-BARATA X BANGU (VIA AGUA BRANCA) CIRCULAR,Fetranspor,335,17591053,"-22.8965","-43.4387"
743,743-BARATA X BANGU (VIA AGUA BRANCA) CIRCULAR,Fetranspor,336,17591053,"-22.8965","-43.4387"
743,743-BARATA X BANGU (VIA AGUA BRANCA) CIRCULAR,Fetranspor,337,17591053,"-22.896","-43.4382"
743,743-BARATA X BANGU (VIA AGUA BRANCA) CIRCULAR,Fetranspor,338,17591053,"-22.896","-43.4382"
743,743-BARATA X BANGU (VIA AGUA BRANCA) CIRCULAR,Fetranspor,339,17591053,"-22.896","-43.4382"
743,743-BARATA X BANGU (VIA AGUA BRANCA) CIRCULAR,Fetranspor,340,17591053,"-22.896","-43.4382"
743,743-BARATA X BANGU (VIA AGUA BRANCA) CIRCULAR,Fetranspor,341,17591053,"-22.8957","-43.4379"
743,743-BARATA X BANGU (VIA AGUA BRANCA) CIRCULAR,Fetranspor,342,17591053,"-22.8957","-43.4379"
743,743-BARATA X BANGU (VIA AGUA BRANCA) CIRCULAR,Fetranspor,343,17591053,"-22.8957","-43.4379"
743,743-BARATA X BANGU (VIA AGUA BRANCA) CIRCULAR,Fetranspor,344,17591053,"-22.8957","-43.4379"
743,743-BARATA X BANGU (VIA AGUA BRANCA) CIRCULAR,Fetranspor,345,17591053,"-22.8955","-43.4377"
743,743-BARATA X BANGU (VIA AGUA BRANCA) CIRCULAR,Fetranspor,346,17591053,"-22.8955","-43.4377"
743,743-BARATA X BANGU (VIA AGUA BRANCA) CIRCULAR,Fetranspor,347,17591053,"-22.8953","-43.4375"
743,743-BARATA X BANGU (VIA AGUA BRANCA) CIRCULAR,Fetranspor,348,17591053,"-22.8953","-43.4375"
743,743-BARATA X BANGU (VIA AGUA BRANCA) CIRCULAR,Fetranspor,349,17591053,"-22.8952","-43.4375"
743,743-BARATA X BANGU (VIA AGUA BRANCA) CIRCULAR,Fetranspor,350,17591053,"-22.8952","-43.4375"
743,743-BARATA X BANGU (VIA AGUA BRANCA) CIRCULAR,Fetranspor,351,17591053,"-22.8946","-43.4369"
