linha,descricao,agencia,sequencia,shape_id,latitude,longitude
763,763-MADUREIRA X SANTA MARIA,Fetranspor,0,17389011,"-22.8779","-43.3372"
763,763-MADUREIRA X SANTA MARIA,Fetranspor,1,17389011,"-22.8775","-43.3372"
763,763-MADUREIRA X SANTA MARIA,Fetranspor,2,17389011,"-22.8775","-43.3372"
763,763-MADUREIRA X SANTA MARIA,Fetranspor,3,17389011,"-22.8774","-43.3372"
763,763-MADUREIRA X SANTA MARIA,Fetranspor,4,17389011,"-22.8772","-43.3372"
763,763-MADUREIRA X SANTA MARIA,Fetranspor,5,17389011,"-22.8772","-43.3372"
763,763-MADUREIRA X SANTA MARIA,Fetranspor,6,17389011,"-22.8771","-43.3372"
763,763-MADUREIRA X SANTA MARIA,Fetranspor,7,17389011,"-22.877","-43.3373"
763,763-MADUREIRA X SANTA MARIA,Fetranspor,8,17389011,"-22.877","-43.3373"
763,763-MADUREIRA X SANTA MARIA,Fetranspor,9,17389011,"-22.8768","-43.3377"
763,763-MADUREIRA X SANTA MARIA,Fetranspor,10,17389011,"-22.8766","-43.338"
763,763-MADUREIRA X SANTA MARIA,Fetranspor,11,17389011,"-22.8766","-43.338"
763,763-MADUREIRA X SANTA MARIA,Fetranspor,12,17389011,"-22.876","-43.339"
763,763-MADUREIRA X SANTA MARIA,Fetranspor,13,17389011,"-22.876","-43.339"
763,763-MADUREIRA X SANTA MARIA,Fetranspor,14,17389011,"-22.8771","-43.3401"
763,763-MADUREIRA X SANTA MARIA,Fetranspor,15,17389011,"-22.8771","-43.3401"
763,763-MADUREIRA X SANTA MARIA,Fetranspor,16,17389011,"-22.8776","-43.3406"
763,763-MADUREIRA X SANTA MARIA,Fetranspor,17,17389011,"-22.8777","-43.3407"
763,763-MADUREIRA X SANTA MARIA,Fetranspor,18,17389011,"-22.8778","-43.3408"
763,763-MADUREIRA X SANTA MARIA,Fetranspor,19,17389011,"-22.8781","-43.3409"
763,763-MADUREIRA X SANTA MARIA,Fetranspor,20,17389011,"-22.8781","-43.3409"
763,763-MADUREIRA X SANTA MARIA,Fetranspor,21,17389011,"-22.8784","-43.341"
763,763-MADUREIRA X SANTA MARIA,Fetranspor,22,17389011,"-22.8784","-43.341"
763,763-MADUREIRA X SANTA MARIA,Fetranspor,23,17389011,"-22.8791","-43.3414"
763,763-MADUREIRA X SANTA MARIA,Fetranspor,24,17389011,"-22.8791","-43.3414"
763,763-MADUREIRA X SANTA MARIA,Fetranspor,25,17389011,"-22.8793","-43.3416"
763,763-MADUREIRA X SANTA MARIA,Fetranspor,26,17389011,"-22.8794","-43.3417"
763,763-MADUREIRA X SANTA MARIA,Fetranspor,27,17389011,"-22.8795","-43.3418"
763,763-MADUREIRA X SANTA MARIA,Fetranspor,28,17389011,"-22.8797","-43.3418"
763,763-MADUREIRA X SANTA MARIA,Fetranspor,29,17389011,"-22.8799","-43.3419"
763,763-MADUREIRA X SANTA MARIA,Fetranspor,30,17389011,"-22.8799","-43.3419"
763,763-MADUREIRA X SANTA MARIA,Fetranspor,31,17389011,"-22.88","-43.3419"
763,763-MADUREIRA X SANTA MARIA,Fetranspor,32,17389011,"-22.8801","-43.3419"
763,763-MADUREIRA X SANTA MARIA,Fetranspor,33,17389011,"-22.8801","-43.3419"
763,763-MADUREIRA X SANTA MARIA,Fetranspor,34,17389011,"-22.8806","-43.3419"
763,763-MADUREIRA X SANTA MARIA,Fetranspor,35,17389011,"-22.8806","-43.3419"
763,763-MADUREIRA X SANTA MARIA,Fetranspor,36,17389011,"-22.8808","-43.3419"
763,763-MADUREIRA X SANTA MARIA,Fetranspor,37,17389011,"-22.8825","-43.3422"
763,763-MADUREIRA X SANTA MARIA,Fetranspor,38,17389011,"-22.8827","-43.3422"
763,763-MADUREIRA X SANTA MARIA,Fetranspor,39,17389011,"-22.8827","-43.3422"
763,763-MADUREIRA X SANTA MARIA,Fetranspor,40,17389011,"-22.8829","-43.3423"
763,763-MADUREIRA X SANTA MARIA,Fetranspor,41,17389011,"-22.8831","-43.3425"
763,763-MADUREIRA X SANTA MARIA,Fetranspor,42,17389011,"-22.8833","-43.3426"
763,763-MADUREIRA X SANTA MARIA,Fetranspor,43,17389011,"-22.8834","-43.3426"
763,763-MADUREIRA X SANTA MARIA,Fetranspor,44,17389011,"-22.8834","-43.3426"
763,763-MADUREIRA X SANTA MARIA,Fetranspor,45,17389011,"-22.8839","-43.3428"
763,763-MADUREIRA X SANTA MARIA,Fetranspor,46,17389011,"-22.8849","-43.3431"
763,763-MADUREIRA X SANTA MARIA,Fetranspor,47,17389011,"-22.8852","-43.3432"
763,763-MADUREIRA X SANTA MARIA,Fetranspor,48,17389011,"-22.8852","-43.3432"
763,763-MADUREIRA X SANTA MARIA,Fetranspor,49,17389011,"-22.8852","-43.3432"
763,763-MADUREIRA X SANTA MARIA,Fetranspor,50,17389011,"-22.8854","-43.3434"
763,763-MADUREIRA X SANTA MARIA,Fetranspor,51,17389011,"-22.8857","-43.3437"
763,763-MADUREIRA X SANTA MARIA,Fetranspor,52,17389011,"-22.8857","-43.3437"
763,763-MADUREIRA X SANTA MARIA,Fetranspor,53,17389011,"-22.8872","-43.345"
763,763-MADUREIRA X SANTA MARIA,Fetranspor,54,17389011,"-22.8872","-43.345"
763,763-MADUREIRA X SANTA MARIA,Fetranspor,55,17389011,"-22.8888","-43.3462"
763,763-MADUREIRA X SANTA MARIA,Fetranspor,56,17389011,"-22.8888","-43.3462"
763,763-MADUREIRA X SANTA MARIA,Fetranspor,57,17389011,"-22.8895","-43.3466"
763,763-MADUREIRA X SANTA MARIA,Fetranspor,58,17389011,"-22.8901","-43.347"
763,763-MADUREIRA X SANTA MARIA,Fetranspor,59,17389011,"-22.8901","-43.347"
763,763-MADUREIRA X SANTA MARIA,Fetranspor,60,17389011,"-22.891","-43.3476"
763,763-MADUREIRA X SANTA MARIA,Fetranspor,61,17389011,"-22.8913","-43.3477"
763,763-MADUREIRA X SANTA MARIA,Fetranspor,62,17389011,"-22.8913","-43.3477"
763,763-MADUREIRA X SANTA MARIA,Fetranspor,63,17389011,"-22.8922","-43.3483"
763,763-MADUREIRA X SANTA MARIA,Fetranspor,64,17389011,"-22.8922","-43.3483"
763,763-MADUREIRA X SANTA MARIA,Fetranspor,65,17389011,"-22.893","-43.3488"
763,763-MADUREIRA X SANTA MARIA,Fetranspor,66,17389011,"-22.893","-43.3488"
763,763-MADUREIRA X SANTA MARIA,Fetranspor,67,17389011,"-22.8931","-43.3488"
763,763-MADUREIRA X SANTA MARIA,Fetranspor,68,17389011,"-22.8933","-43.3489"
763,763-MADUREIRA X SANTA MARIA,Fetranspor,69,17389011,"-22.8933","-43.3489"
763,763-MADUREIRA X SANTA MARIA,Fetranspor,70,17389011,"-22.8939","-43.3492"
763,763-MADUREIRA X SANTA MARIA,Fetranspor,71,17389011,"-22.8939","-43.3492"
763,763-MADUREIRA X SANTA MARIA,Fetranspor,72,17389011,"-22.8943","-43.3494"
763,763-MADUREIRA X SANTA MARIA,Fetranspor,73,17389011,"-22.8944","-43.3495"
763,763-MADUREIRA X SANTA MARIA,Fetranspor,74,17389011,"-22.8944","-43.3495"
763,763-MADUREIRA X SANTA MARIA,Fetranspor,75,17389011,"-22.8945","-43.3496"
763,763-MADUREIRA X SANTA MARIA,Fetranspor,76,17389011,"-22.8946","-43.3496"
763,763-MADUREIRA X SANTA MARIA,Fetranspor,77,17389011,"-22.8949","-43.3499"
763,763-MADUREIRA X SANTA MARIA,Fetranspor,78,17389011,"-22.895","-43.35"
763,763-MADUREIRA X SANTA MARIA,Fetranspor,79,17389011,"-22.895","-43.35"
763,763-MADUREIRA X SANTA MARIA,Fetranspor,80,17389011,"-22.8953","-43.3501"
763,763-MADUREIRA X SANTA MARIA,Fetranspor,81,17389011,"-22.8954","-43.3502"
763,763-MADUREIRA X SANTA MARIA,Fetranspor,82,17389011,"-22.8967","-43.3513"
763,763-MADUREIRA X SANTA MARIA,Fetranspor,83,17389011,"-22.897","-43.3516"
763,763-MADUREIRA X SANTA MARIA,Fetranspor,84,17389011,"-22.897","-43.3516"
763,763-MADUREIRA X SANTA MARIA,Fetranspor,85,17389011,"-22.8971","-43.3518"
763,763-MADUREIRA X SANTA MARIA,Fetranspor,86,17389011,"-22.8974","-43.352"
763,763-MADUREIRA X SANTA MARIA,Fetranspor,87,17389011,"-22.8981","-43.3526"
763,763-MADUREIRA X SANTA MARIA,Fetranspor,88,17389011,"-22.8983","-43.3528"
763,763-MADUREIRA X SANTA MARIA,Fetranspor,89,17389011,"-22.8983","-43.3528"
763,763-MADUREIRA X SANTA MARIA,Fetranspor,90,17389011,"-22.8992","-43.3534"
763,763-MADUREIRA X SANTA MARIA,Fetranspor,91,17389011,"-22.8992","-43.3534"
763,763-MADUREIRA X SANTA MARIA,Fetranspor,92,17389011,"-22.9003","-43.3541"
763,763-MADUREIRA X SANTA MARIA,Fetranspor,93,17389011,"-22.9003","-43.3541"
763,763-MADUREIRA X SANTA MARIA,Fetranspor,94,17389011,"-22.9006","-43.3543"
763,763-MADUREIRA X SANTA MARIA,Fetranspor,95,17389011,"-22.9006","-43.3543"
763,763-MADUREIRA X SANTA MARIA,Fetranspor,96,17389011,"-22.9009","-43.3546"
763,763-MADUREIRA X SANTA MARIA,Fetranspor,97,17389011,"-22.9009","-43.3546"
763,763-MADUREIRA X SANTA MARIA,Fetranspor,98,17389011,"-22.9021","-43.3553"
763,763-MADUREIRA X SANTA MARIA,Fetranspor,99,17389011,"-22.9021","-43.3553"
763,763-MADUREIRA X SANTA MARIA,Fetranspor,100,17389011,"-22.9026","-43.3557"
763,763-MADUREIRA X SANTA MARIA,Fetranspor,101,17389011,"-22.9035","-43.3563"
763,763-MADUREIRA X SANTA MARIA,Fetranspor,102,17389011,"-22.9036","-43.3565"
763,763-MADUREIRA X SANTA MARIA,Fetranspor,103,17389011,"-22.9039","-43.3566"
763,763-MADUREIRA X SANTA MARIA,Fetranspor,104,17389011,"-22.904","-43.3567"
763,763-MADUREIRA X SANTA MARIA,Fetranspor,105,17389011,"-22.9044","-43.3569"
763,763-MADUREIRA X SANTA MARIA,Fetranspor,106,17389011,"-22.9044","-43.3569"
763,763-MADUREIRA X SANTA MARIA,Fetranspor,107,17389011,"-22.9048","-43.3572"
763,763-MADUREIRA X SANTA MARIA,Fetranspor,108,17389011,"-22.9051","-43.3573"
763,763-MADUREIRA X SANTA MARIA,Fetranspor,109,17389011,"-22.9062","-43.3576"
763,763-MADUREIRA X SANTA MARIA,Fetranspor,110,17389011,"-22.9069","-43.3579"
763,763-MADUREIRA X SANTA MARIA,Fetranspor,111,17389011,"-22.9073","-43.358"
763,763-MADUREIRA X SANTA MARIA,Fetranspor,112,17389011,"-22.9075","-43.3581"
763,763-MADUREIRA X SANTA MARIA,Fetranspor,113,17389011,"-22.9076","-43.3581"
763,763-MADUREIRA X SANTA MARIA,Fetranspor,114,17389011,"-22.9077","-43.3582"
763,763-MADUREIRA X SANTA MARIA,Fetranspor,115,17389011,"-22.9082","-43.3586"
763,763-MADUREIRA X SANTA MARIA,Fetranspor,116,17389011,"-22.9085","-43.3588"
763,763-MADUREIRA X SANTA MARIA,Fetranspor,117,17389011,"-22.9088","-43.3591"
763,763-MADUREIRA X SANTA MARIA,Fetranspor,118,17389011,"-22.9088","-43.3591"
763,763-MADUREIRA X SANTA MARIA,Fetranspor,119,17389011,"-22.9089","-43.3592"
763,763-MADUREIRA X SANTA MARIA,Fetranspor,120,17389011,"-22.9091","-43.3594"
763,763-MADUREIRA X SANTA MARIA,Fetranspor,121,17389011,"-22.9092","-43.3595"
763,763-MADUREIRA X SANTA MARIA,Fetranspor,122,17389011,"-22.9093","-43.3596"
763,763-MADUREIRA X SANTA MARIA,Fetranspor,123,17389011,"-22.9093","-43.3596"
763,763-MADUREIRA X SANTA MARIA,Fetranspor,124,17389011,"-22.9099","-43.3599"
763,763-MADUREIRA X SANTA MARIA,Fetranspor,125,17389011,"-22.9104","-43.3602"
763,763-MADUREIRA X SANTA MARIA,Fetranspor,126,17389011,"-22.9106","-43.3603"
763,763-MADUREIRA X SANTA MARIA,Fetranspor,127,17389011,"-22.9107","-43.3603"
763,763-MADUREIRA X SANTA MARIA,Fetranspor,128,17389011,"-22.911","-43.3603"
763,763-MADUREIRA X SANTA MARIA,Fetranspor,129,17389011,"-22.9118","-43.3604"
763,763-MADUREIRA X SANTA MARIA,Fetranspor,130,17389011,"-22.9121","-43.3605"
763,763-MADUREIRA X SANTA MARIA,Fetranspor,131,17389011,"-22.9125","-43.3605"
763,763-MADUREIRA X SANTA MARIA,Fetranspor,132,17389011,"-22.9125","-43.3605"
763,763-MADUREIRA X SANTA MARIA,Fetranspor,133,17389011,"-22.9123","-43.3617"
763,763-MADUREIRA X SANTA MARIA,Fetranspor,134,17389011,"-22.9123","-43.3618"
763,763-MADUREIRA X SANTA MARIA,Fetranspor,135,17389011,"-22.9124","-43.3619"
763,763-MADUREIRA X SANTA MARIA,Fetranspor,136,17389011,"-22.9124","-43.362"
763,763-MADUREIRA X SANTA MARIA,Fetranspor,137,17389011,"-22.9124","-43.362"
763,763-MADUREIRA X SANTA MARIA,Fetranspor,138,17389011,"-22.9125","-43.3621"
763,763-MADUREIRA X SANTA MARIA,Fetranspor,139,17389011,"-22.9125","-43.3622"
763,763-MADUREIRA X SANTA MARIA,Fetranspor,140,17389011,"-22.9131","-43.3627"
763,763-MADUREIRA X SANTA MARIA,Fetranspor,141,17389011,"-22.9134","-43.3629"
763,763-MADUREIRA X SANTA MARIA,Fetranspor,142,17389011,"-22.9135","-43.363"
763,763-MADUREIRA X SANTA MARIA,Fetranspor,143,17389011,"-22.9136","-43.3631"
763,763-MADUREIRA X SANTA MARIA,Fetranspor,144,17389011,"-22.9136","-43.3632"
763,763-MADUREIRA X SANTA MARIA,Fetranspor,145,17389011,"-22.9137","-43.3633"
763,763-MADUREIRA X SANTA MARIA,Fetranspor,146,17389011,"-22.9137","-43.3635"
763,763-MADUREIRA X SANTA MARIA,Fetranspor,147,17389011,"-22.9138","-43.364"
763,763-MADUREIRA X SANTA MARIA,Fetranspor,148,17389011,"-22.9138","-43.3641"
763,763-MADUREIRA X SANTA MARIA,Fetranspor,149,17389011,"-22.9138","-43.3642"
763,763-MADUREIRA X SANTA MARIA,Fetranspor,150,17389011,"-22.9139","-43.3643"
763,763-MADUREIRA X SANTA MARIA,Fetranspor,151,17389011,"-22.914","-43.3643"
763,763-MADUREIRA X SANTA MARIA,Fetranspor,152,17389011,"-22.9142","-43.3646"
763,763-MADUREIRA X SANTA MARIA,Fetranspor,153,17389011,"-22.9143","-43.3647"
763,763-MADUREIRA X SANTA MARIA,Fetranspor,154,17389011,"-22.9143","-43.3647"
763,763-MADUREIRA X SANTA MARIA,Fetranspor,155,17389011,"-22.9143","-43.3647"
763,763-MADUREIRA X SANTA MARIA,Fetranspor,156,17389011,"-22.9143","-43.3647"
763,763-MADUREIRA X SANTA MARIA,Fetranspor,157,17389011,"-22.9143","-43.3647"
763,763-MADUREIRA X SANTA MARIA,Fetranspor,158,17389011,"-22.9144","-43.3648"
763,763-MADUREIRA X SANTA MARIA,Fetranspor,159,17389011,"-22.9144","-43.3649"
763,763-MADUREIRA X SANTA MARIA,Fetranspor,160,17389011,"-22.9149","-43.3661"
763,763-MADUREIRA X SANTA MARIA,Fetranspor,161,17389011,"-22.9149","-43.3661"
763,763-MADUREIRA X SANTA MARIA,Fetranspor,162,17389011,"-22.915","-43.3663"
763,763-MADUREIRA X SANTA MARIA,Fetranspor,163,17389011,"-22.9151","-43.3664"
763,763-MADUREIRA X SANTA MARIA,Fetranspor,164,17389011,"-22.9151","-43.3665"
763,763-MADUREIRA X SANTA MARIA,Fetranspor,165,17389011,"-22.9153","-43.3666"
763,763-MADUREIRA X SANTA MARIA,Fetranspor,166,17389011,"-22.9155","-43.3667"
763,763-MADUREIRA X SANTA MARIA,Fetranspor,167,17389011,"-22.9157","-43.3668"
763,763-MADUREIRA X SANTA MARIA,Fetranspor,168,17389011,"-22.9159","-43.3668"
763,763-MADUREIRA X SANTA MARIA,Fetranspor,169,17389011,"-22.916","-43.3668"
763,763-MADUREIRA X SANTA MARIA,Fetranspor,170,17389011,"-22.916","-43.3668"
763,763-MADUREIRA X SANTA MARIA,Fetranspor,171,17389011,"-22.9161","-43.3669"
763,763-MADUREIRA X SANTA MARIA,Fetranspor,172,17389011,"-22.9161","-43.3669"
763,763-MADUREIRA X SANTA MARIA,Fetranspor,173,17389011,"-22.9163","-43.3669"
763,763-MADUREIRA X SANTA MARIA,Fetranspor,174,17389011,"-22.9163","-43.367"
763,763-MADUREIRA X SANTA MARIA,Fetranspor,175,17389011,"-22.9171","-43.3675"
763,763-MADUREIRA X SANTA MARIA,Fetranspor,176,17389011,"-22.9171","-43.3675"
763,763-MADUREIRA X SANTA MARIA,Fetranspor,177,17389011,"-22.9173","-43.3676"
763,763-MADUREIRA X SANTA MARIA,Fetranspor,178,17389011,"-22.9177","-43.3679"
763,763-MADUREIRA X SANTA MARIA,Fetranspor,179,17389011,"-22.9178","-43.368"
763,763-MADUREIRA X SANTA MARIA,Fetranspor,180,17389011,"-22.9178","-43.368"
763,763-MADUREIRA X SANTA MARIA,Fetranspor,181,17389011,"-22.9179","-43.3681"
763,763-MADUREIRA X SANTA MARIA,Fetranspor,182,17389011,"-22.9183","-43.3682"
763,763-MADUREIRA X SANTA MARIA,Fetranspor,183,17389011,"-22.9183","-43.3682"
763,763-MADUREIRA X SANTA MARIA,Fetranspor,184,17389011,"-22.9185","-43.3682"
763,763-MADUREIRA X SANTA MARIA,Fetranspor,185,17389011,"-22.9187","-43.3683"
763,763-MADUREIRA X SANTA MARIA,Fetranspor,186,17389011,"-22.9187","-43.3683"
763,763-MADUREIRA X SANTA MARIA,Fetranspor,187,17389011,"-22.9189","-43.3684"
763,763-MADUREIRA X SANTA MARIA,Fetranspor,188,17389011,"-22.9193","-43.3686"
763,763-MADUREIRA X SANTA MARIA,Fetranspor,189,17389011,"-22.9199","-43.3688"
763,763-MADUREIRA X SANTA MARIA,Fetranspor,190,17389011,"-22.9199","-43.3688"
763,763-MADUREIRA X SANTA MARIA,Fetranspor,191,17389011,"-22.9198","-43.3693"
763,763-MADUREIRA X SANTA MARIA,Fetranspor,192,17389011,"-22.9198","-43.3696"
763,763-MADUREIRA X SANTA MARIA,Fetranspor,193,17389011,"-22.9198","-43.3696"
763,763-MADUREIRA X SANTA MARIA,Fetranspor,194,17389011,"-22.9201","-43.3701"
763,763-MADUREIRA X SANTA MARIA,Fetranspor,195,17389011,"-22.9209","-43.3715"
763,763-MADUREIRA X SANTA MARIA,Fetranspor,196,17389011,"-22.921","-43.3717"
763,763-MADUREIRA X SANTA MARIA,Fetranspor,197,17389011,"-22.921","-43.3717"
763,763-MADUREIRA X SANTA MARIA,Fetranspor,198,17389011,"-22.9211","-43.3719"
763,763-MADUREIRA X SANTA MARIA,Fetranspor,199,17389011,"-22.9216","-43.3727"
763,763-MADUREIRA X SANTA MARIA,Fetranspor,200,17389011,"-22.922","-43.3735"
763,763-MADUREIRA X SANTA MARIA,Fetranspor,201,17389011,"-22.922","-43.3735"
763,763-MADUREIRA X SANTA MARIA,Fetranspor,202,17389011,"-22.9223","-43.3739"
763,763-MADUREIRA X SANTA MARIA,Fetranspor,203,17389011,"-22.9224","-43.3741"
763,763-MADUREIRA X SANTA MARIA,Fetranspor,204,17389011,"-22.9224","-43.3741"
763,763-MADUREIRA X SANTA MARIA,Fetranspor,205,17389011,"-22.9225","-43.3742"
763,763-MADUREIRA X SANTA MARIA,Fetranspor,206,17389011,"-22.9225","-43.3742"
763,763-MADUREIRA X SANTA MARIA,Fetranspor,207,17389011,"-22.9225","-43.3742"
763,763-MADUREIRA X SANTA MARIA,Fetranspor,208,17389011,"-22.9226","-43.3743"
763,763-MADUREIRA X SANTA MARIA,Fetranspor,209,17389011,"-22.9227","-43.3743"
763,763-MADUREIRA X SANTA MARIA,Fetranspor,210,17389011,"-22.9228","-43.3744"
763,763-MADUREIRA X SANTA MARIA,Fetranspor,211,17389011,"-22.9228","-43.3744"
763,763-MADUREIRA X SANTA MARIA,Fetranspor,212,17389011,"-22.9229","-43.3744"
763,763-MADUREIRA X SANTA MARIA,Fetranspor,213,17389011,"-22.9229","-43.3745"
763,763-MADUREIRA X SANTA MARIA,Fetranspor,214,17389011,"-22.9229","-43.3745"
763,763-MADUREIRA X SANTA MARIA,Fetranspor,215,17389011,"-22.9229","-43.3745"
763,763-MADUREIRA X SANTA MARIA,Fetranspor,216,17389011,"-22.9229","-43.3746"
763,763-MADUREIRA X SANTA MARIA,Fetranspor,217,17389011,"-22.9228","-43.3749"
763,763-MADUREIRA X SANTA MARIA,Fetranspor,218,17389011,"-22.9225","-43.376"
763,763-MADUREIRA X SANTA MARIA,Fetranspor,219,17389011,"-22.9223","-43.3765"
763,763-MADUREIRA X SANTA MARIA,Fetranspor,220,17389011,"-22.9223","-43.3766"
763,763-MADUREIRA X SANTA MARIA,Fetranspor,221,17389011,"-22.9223","-43.3767"
763,763-MADUREIRA X SANTA MARIA,Fetranspor,222,17389011,"-22.9222","-43.3768"
763,763-MADUREIRA X SANTA MARIA,Fetranspor,223,17389011,"-22.9221","-43.3769"
763,763-MADUREIRA X SANTA MARIA,Fetranspor,224,17389011,"-22.922","-43.3769"
763,763-MADUREIRA X SANTA MARIA,Fetranspor,225,17389011,"-22.9219","-43.377"
763,763-MADUREIRA X SANTA MARIA,Fetranspor,226,17389011,"-22.9218","-43.377"
763,763-MADUREIRA X SANTA MARIA,Fetranspor,227,17389011,"-22.9217","-43.377"
763,763-MADUREIRA X SANTA MARIA,Fetranspor,228,17389011,"-22.9216","-43.377"
763,763-MADUREIRA X SANTA MARIA,Fetranspor,229,17389011,"-22.9213","-43.3769"
763,763-MADUREIRA X SANTA MARIA,Fetranspor,230,17389011,"-22.9211","-43.3768"
763,763-MADUREIRA X SANTA MARIA,Fetranspor,231,17389011,"-22.921","-43.3768"
763,763-MADUREIRA X SANTA MARIA,Fetranspor,232,17389011,"-22.9209","-43.3768"
763,763-MADUREIRA X SANTA MARIA,Fetranspor,233,17389011,"-22.9208","-43.3768"
763,763-MADUREIRA X SANTA MARIA,Fetranspor,234,17389011,"-22.9207","-43.3769"
763,763-MADUREIRA X SANTA MARIA,Fetranspor,235,17389011,"-22.9207","-43.3769"
763,763-MADUREIRA X SANTA MARIA,Fetranspor,236,17389011,"-22.9206","-43.377"
763,763-MADUREIRA X SANTA MARIA,Fetranspor,237,17389011,"-22.9205","-43.377"
763,763-MADUREIRA X SANTA MARIA,Fetranspor,238,17389011,"-22.9204","-43.3772"
763,763-MADUREIRA X SANTA MARIA,Fetranspor,239,17389011,"-22.9201","-43.3776"
763,763-MADUREIRA X SANTA MARIA,Fetranspor,240,17389011,"-22.92","-43.3777"
763,763-MADUREIRA X SANTA MARIA,Fetranspor,241,17389011,"-22.9199","-43.3778"
763,763-MADUREIRA X SANTA MARIA,Fetranspor,242,17389011,"-22.9199","-43.3778"
763,763-MADUREIRA X SANTA MARIA,Fetranspor,243,17389011,"-22.9197","-43.3779"
763,763-MADUREIRA X SANTA MARIA,Fetranspor,244,17389011,"-22.9196","-43.378"
763,763-MADUREIRA X SANTA MARIA,Fetranspor,245,17389011,"-22.9186","-43.3786"
763,763-MADUREIRA X SANTA MARIA,Fetranspor,246,17389011,"-22.9186","-43.3787"
763,763-MADUREIRA X SANTA MARIA,Fetranspor,247,17389011,"-22.9185","-43.3788"
763,763-MADUREIRA X SANTA MARIA,Fetranspor,248,17389011,"-22.9184","-43.3789"
763,763-MADUREIRA X SANTA MARIA,Fetranspor,249,17389011,"-22.9183","-43.379"
763,763-MADUREIRA X SANTA MARIA,Fetranspor,250,17389011,"-22.9182","-43.3792"
763,763-MADUREIRA X SANTA MARIA,Fetranspor,251,17389011,"-22.9182","-43.3794"
763,763-MADUREIRA X SANTA MARIA,Fetranspor,252,17389011,"-22.9182","-43.3795"
763,763-MADUREIRA X SANTA MARIA,Fetranspor,253,17389011,"-22.9182","-43.3796"
763,763-MADUREIRA X SANTA MARIA,Fetranspor,254,17389011,"-22.9182","-43.3798"
763,763-MADUREIRA X SANTA MARIA,Fetranspor,255,17389011,"-22.9183","-43.3799"
763,763-MADUREIRA X SANTA MARIA,Fetranspor,256,17389011,"-22.9183","-43.38"
763,763-MADUREIRA X SANTA MARIA,Fetranspor,257,17389011,"-22.9185","-43.3804"
763,763-MADUREIRA X SANTA MARIA,Fetranspor,258,17389011,"-22.9185","-43.3804"
763,763-MADUREIRA X SANTA MARIA,Fetranspor,259,17389011,"-22.9186","-43.3806"
763,763-MADUREIRA X SANTA MARIA,Fetranspor,260,17389011,"-22.9186","-43.3807"
763,763-MADUREIRA X SANTA MARIA,Fetranspor,261,17389011,"-22.9187","-43.3808"
763,763-MADUREIRA X SANTA MARIA,Fetranspor,262,17389011,"-22.9187","-43.3811"
763,763-MADUREIRA X SANTA MARIA,Fetranspor,263,17389011,"-22.9187","-43.3815"
763,763-MADUREIRA X SANTA MARIA,Fetranspor,264,17389011,"-22.9187","-43.3815"
763,763-MADUREIRA X SANTA MARIA,Fetranspor,265,17389011,"-22.9186","-43.3831"
763,763-MADUREIRA X SANTA MARIA,Fetranspor,266,17389011,"-22.9186","-43.3831"
763,763-MADUREIRA X SANTA MARIA,Fetranspor,267,17389011,"-22.9186","-43.3833"
763,763-MADUREIRA X SANTA MARIA,Fetranspor,268,17389011,"-22.9186","-43.3833"
763,763-MADUREIRA X SANTA MARIA,Fetranspor,269,17389011,"-22.9186","-43.3837"
763,763-MADUREIRA X SANTA MARIA,Fetranspor,270,17389011,"-22.9186","-43.384"
763,763-MADUREIRA X SANTA MARIA,Fetranspor,271,17389011,"-22.9186","-43.3843"
763,763-MADUREIRA X SANTA MARIA,Fetranspor,272,17389011,"-22.9186","-43.3843"
763,763-MADUREIRA X SANTA MARIA,Fetranspor,273,17389011,"-22.9187","-43.3846"
763,763-MADUREIRA X SANTA MARIA,Fetranspor,274,17389011,"-22.9187","-43.3846"
763,763-MADUREIRA X SANTA MARIA,Fetranspor,275,17389011,"-22.9189","-43.3857"
763,763-MADUREIRA X SANTA MARIA,Fetranspor,276,17389011,"-22.9189","-43.3857"
763,763-MADUREIRA X SANTA MARIA,Fetranspor,277,17389011,"-22.9191","-43.3862"
763,763-MADUREIRA X SANTA MARIA,Fetranspor,278,17389011,"-22.9191","-43.3862"
763,763-MADUREIRA X SANTA MARIA,Fetranspor,279,17389011,"-22.9194","-43.3875"
763,763-MADUREIRA X SANTA MARIA,Fetranspor,280,17389011,"-22.9194","-43.3879"
763,763-MADUREIRA X SANTA MARIA,Fetranspor,281,17389011,"-22.9194","-43.3879"
763,763-MADUREIRA X SANTA MARIA,Fetranspor,282,17389011,"-22.9194","-43.389"
763,763-MADUREIRA X SANTA MARIA,Fetranspor,283,17389011,"-22.9194","-43.3899"
763,763-MADUREIRA X SANTA MARIA,Fetranspor,284,17389011,"-22.9196","-43.3916"
763,763-MADUREIRA X SANTA MARIA,Fetranspor,285,17389011,"-22.9196","-43.3919"
763,763-MADUREIRA X SANTA MARIA,Fetranspor,286,17389011,"-22.9196","-43.3919"
763,763-MADUREIRA X SANTA MARIA,Fetranspor,287,17389011,"-22.9196","-43.392"
763,763-MADUREIRA X SANTA MARIA,Fetranspor,288,17389011,"-22.9196","-43.3921"
763,763-MADUREIRA X SANTA MARIA,Fetranspor,289,17389011,"-22.9195","-43.3925"
763,763-MADUREIRA X SANTA MARIA,Fetranspor,290,17389011,"-22.9192","-43.3933"
763,763-MADUREIRA X SANTA MARIA,Fetranspor,291,17389011,"-22.9191","-43.3934"
763,763-MADUREIRA X SANTA MARIA,Fetranspor,292,17389011,"-22.919","-43.394"
763,763-MADUREIRA X SANTA MARIA,Fetranspor,293,17389011,"-22.919","-43.3944"
763,763-MADUREIRA X SANTA MARIA,Fetranspor,294,17389011,"-22.9189","-43.3947"
763,763-MADUREIRA X SANTA MARIA,Fetranspor,295,17389011,"-22.9189","-43.3948"
763,763-MADUREIRA X SANTA MARIA,Fetranspor,296,17389011,"-22.9188","-43.395"
763,763-MADUREIRA X SANTA MARIA,Fetranspor,297,17389011,"-22.9187","-43.3951"
763,763-MADUREIRA X SANTA MARIA,Fetranspor,298,17389011,"-22.9187","-43.3951"
763,763-MADUREIRA X SANTA MARIA,Fetranspor,299,17389011,"-22.9185","-43.3953"
763,763-MADUREIRA X SANTA MARIA,Fetranspor,300,17389011,"-22.9184","-43.3954"
763,763-MADUREIRA X SANTA MARIA,Fetranspor,301,17389011,"-22.9183","-43.3955"
763,763-MADUREIRA X SANTA MARIA,Fetranspor,302,17389011,"-22.9182","-43.3957"
763,763-MADUREIRA X SANTA MARIA,Fetranspor,303,17389011,"-22.9182","-43.3957"
763,763-MADUREIRA X SANTA MARIA,Fetranspor,304,17389011,"-22.9182","-43.3959"
763,763-MADUREIRA X SANTA MARIA,Fetranspor,305,17389011,"-22.9182","-43.3959"
763,763-MADUREIRA X SANTA MARIA,Fetranspor,306,17389011,"-22.9182","-43.3959"
763,763-MADUREIRA X SANTA MARIA,Fetranspor,307,17389011,"-22.9181","-43.396"
763,763-MADUREIRA X SANTA MARIA,Fetranspor,308,17389011,"-22.9181","-43.3962"
763,763-MADUREIRA X SANTA MARIA,Fetranspor,309,17389011,"-22.9181","-43.3963"
763,763-MADUREIRA X SANTA MARIA,Fetranspor,310,17389011,"-22.9181","-43.3964"
763,763-MADUREIRA X SANTA MARIA,Fetranspor,311,17389011,"-22.9181","-43.3964"
763,763-MADUREIRA X SANTA MARIA,Fetranspor,312,17389011,"-22.9182","-43.3966"
763,763-MADUREIRA X SANTA MARIA,Fetranspor,313,17389011,"-22.9183","-43.3969"
763,763-MADUREIRA X SANTA MARIA,Fetranspor,314,17389011,"-22.9184","-43.3971"
763,763-MADUREIRA X SANTA MARIA,Fetranspor,315,17389011,"-22.9185","-43.3974"
763,763-MADUREIRA X SANTA MARIA,Fetranspor,316,17389011,"-22.9188","-43.3977"
763,763-MADUREIRA X SANTA MARIA,Fetranspor,317,17389011,"-22.9191","-43.3979"
763,763-MADUREIRA X SANTA MARIA,Fetranspor,318,17389011,"-22.9191","-43.398"
763,763-MADUREIRA X SANTA MARIA,Fetranspor,319,17389011,"-22.9191","-43.398"
763,763-MADUREIRA X SANTA MARIA,Fetranspor,320,17389011,"-22.9191","-43.398"
763,763-MADUREIRA X SANTA MARIA,Fetranspor,321,17389011,"-22.9191","-43.398"
763,763-MADUREIRA X SANTA MARIA,Fetranspor,322,17389011,"-22.9195","-43.3984"
763,763-MADUREIRA X SANTA MARIA,Fetranspor,323,17389011,"-22.9195","-43.3984"
763,763-MADUREIRA X SANTA MARIA,Fetranspor,324,17389011,"-22.9196","-43.3986"
763,763-MADUREIRA X SANTA MARIA,Fetranspor,325,17389011,"-22.9197","-43.3987"
763,763-MADUREIRA X SANTA MARIA,Fetranspor,326,17389011,"-22.9197","-43.3987"
763,763-MADUREIRA X SANTA MARIA,Fetranspor,327,17389011,"-22.9197","-43.3989"
763,763-MADUREIRA X SANTA MARIA,Fetranspor,328,17389011,"-22.9198","-43.3992"
763,763-MADUREIRA X SANTA MARIA,Fetranspor,329,17389011,"-22.9198","-43.3992"
763,763-MADUREIRA X SANTA MARIA,Fetranspor,330,17389011,"-22.9197","-43.3994"
763,763-MADUREIRA X SANTA MARIA,Fetranspor,331,17389011,"-22.9197","-43.3995"
763,763-MADUREIRA X SANTA MARIA,Fetranspor,332,17389011,"-22.9197","-43.3995"
763,763-MADUREIRA X SANTA MARIA,Fetranspor,333,17389011,"-22.9196","-43.3997"
763,763-MADUREIRA X SANTA MARIA,Fetranspor,334,17389011,"-22.9196","-43.3997"
763,763-MADUREIRA X SANTA MARIA,Fetranspor,335,17389011,"-22.9195","-43.4004"
763,763-MADUREIRA X SANTA MARIA,Fetranspor,336,17389011,"-22.9195","-43.4004"
763,763-MADUREIRA X SANTA MARIA,Fetranspor,337,17389011,"-22.9194","-43.4008"
763,763-MADUREIRA X SANTA MARIA,Fetranspor,338,17389011,"-22.9194","-43.4008"
763,763-MADUREIRA X SANTA MARIA,Fetranspor,339,17389011,"-22.9193","-43.4011"
763,763-MADUREIRA X SANTA MARIA,Fetranspor,340,17389011,"-22.9193","-43.4011"
763,763-MADUREIRA X SANTA MARIA,Fetranspor,341,17389011,"-22.9193","-43.4014"
763,763-MADUREIRA X SANTA MARIA,Fetranspor,342,17389011,"-22.9193","-43.4014"
763,763-MADUREIRA X SANTA MARIA,Fetranspor,343,17389011,"-22.9192","-43.4016"
763,763-MADUREIRA X SANTA MARIA,Fetranspor,344,17389011,"-22.9192","-43.4016"
763,763-MADUREIRA X SANTA MARIA,Fetranspor,345,17389011,"-22.9191","-43.4021"
763,763-MADUREIRA X SANTA MARIA,Fetranspor,346,17389011,"-22.9191","-43.4021"
763,763-MADUREIRA X SANTA MARIA,Fetranspor,347,17389011,"-22.9189","-43.4031"
763,763-MADUREIRA X SANTA MARIA,Fetranspor,348,17389011,"-22.9189","-43.4031"
763,763-MADUREIRA X SANTA MARIA,Fetranspor,349,17389011,"-22.9187","-43.404"
763,763-MADUREIRA X SANTA MARIA,Fetranspor,350,17389011,"-22.9187","-43.404"
763,763-MADUREIRA X SANTA MARIA,Fetranspor,351,17389011,"-22.9186","-43.4043"
763,763-MADUREIRA X SANTA MARIA,Fetranspor,352,17389011,"-22.9186","-43.4043"
763,763-MADUREIRA X SANTA MARIA,Fetranspor,353,17389011,"-22.9185","-43.4047"
763,763-MADUREIRA X SANTA MARIA,Fetranspor,354,17389011,"-22.9185","-43.4047"
763,763-MADUREIRA X SANTA MARIA,Fetranspor,355,17389011,"-22.9185","-43.4049"
763,763-MADUREIRA X SANTA MARIA,Fetranspor,356,17389011,"-22.9185","-43.4049"
763,763-MADUREIRA X SANTA MARIA,Fetranspor,357,17389011,"-22.9185","-43.4051"
763,763-MADUREIRA X SANTA MARIA,Fetranspor,358,17389011,"-22.9185","-43.4053"
763,763-MADUREIRA X SANTA MARIA,Fetranspor,359,17389011,"-22.9185","-43.4055"
763,763-MADUREIRA X SANTA MARIA,Fetranspor,360,17389011,"-22.9186","-43.4057"
763,763-MADUREIRA X SANTA MARIA,Fetranspor,361,17389011,"-22.9186","-43.4057"
763,763-MADUREIRA X SANTA MARIA,Fetranspor,362,17389011,"-22.9188","-43.4065"
763,763-MADUREIRA X SANTA MARIA,Fetranspor,363,17389011,"-22.9188","-43.4065"
763,763-MADUREIRA X SANTA MARIA,Fetranspor,364,17389011,"-22.9189","-43.4066"
763,763-MADUREIRA X SANTA MARIA,Fetranspor,365,17389011,"-22.9189","-43.4068"
763,763-MADUREIRA X SANTA MARIA,Fetranspor,366,17389011,"-22.919","-43.407"
763,763-MADUREIRA X SANTA MARIA,Fetranspor,367,17389011,"-22.919","-43.4071"
763,763-MADUREIRA X SANTA MARIA,Fetranspor,368,17389011,"-22.919","-43.4073"
763,763-MADUREIRA X SANTA MARIA,Fetranspor,369,17389011,"-22.919","-43.4073"
763,763-MADUREIRA X SANTA MARIA,Fetranspor,370,17389011,"-22.919","-43.4077"
763,763-MADUREIRA X SANTA MARIA,Fetranspor,371,17389011,"-22.919","-43.4077"
763,763-MADUREIRA X SANTA MARIA,Fetranspor,372,17389011,"-22.919","-43.4081"
763,763-MADUREIRA X SANTA MARIA,Fetranspor,373,17389011,"-22.919","-43.4082"
763,763-MADUREIRA X SANTA MARIA,Fetranspor,374,17389011,"-22.919","-43.4082"
763,763-MADUREIRA X SANTA MARIA,Fetranspor,375,17389011,"-22.919","-43.4083"
763,763-MADUREIRA X SANTA MARIA,Fetranspor,376,17389011,"-22.919","-43.4083"
763,763-MADUREIRA X SANTA MARIA,Fetranspor,377,17389011,"-22.919","-43.4087"
763,763-MADUREIRA X SANTA MARIA,Fetranspor,378,17389011,"-22.919","-43.4089"
763,763-MADUREIRA X SANTA MARIA,Fetranspor,379,17389011,"-22.919","-43.409"
763,763-MADUREIRA X SANTA MARIA,Fetranspor,380,17389011,"-22.919","-43.409"
763,763-MADUREIRA X SANTA MARIA,Fetranspor,381,17389011,"-22.9189","-43.4094"
763,763-MADUREIRA X SANTA MARIA,Fetranspor,382,17389011,"-22.9188","-43.4095"
763,763-MADUREIRA X SANTA MARIA,Fetranspor,383,17389011,"-22.9188","-43.4098"
763,763-MADUREIRA X SANTA MARIA,Fetranspor,384,17389011,"-22.9188","-43.4098"
763,763-MADUREIRA X SANTA MARIA,Fetranspor,385,17389011,"-22.9184","-43.4104"
763,763-MADUREIRA X SANTA MARIA,Fetranspor,386,17389011,"-22.9184","-43.4104"
763,763-MADUREIRA X SANTA MARIA,Fetranspor,387,17389011,"-22.9181","-43.411"
763,763-MADUREIRA X SANTA MARIA,Fetranspor,388,17389011,"-22.9181","-43.411"
763,763-MADUREIRA X SANTA MARIA,Fetranspor,389,17389011,"-22.9177","-43.4119"
763,763-MADUREIRA X SANTA MARIA,Fetranspor,390,17389011,"-22.9175","-43.4121"
763,763-MADUREIRA X SANTA MARIA,Fetranspor,391,17389011,"-22.9175","-43.4121"
763,763-MADUREIRA X SANTA MARIA,Fetranspor,392,17389011,"-22.9173","-43.4125"
763,763-MADUREIRA X SANTA MARIA,Fetranspor,393,17389011,"-22.9173","-43.4127"
763,763-MADUREIRA X SANTA MARIA,Fetranspor,394,17389011,"-22.9173","-43.4127"
763,763-MADUREIRA X SANTA MARIA,Fetranspor,395,17389011,"-22.9171","-43.4131"
763,763-MADUREIRA X SANTA MARIA,Fetranspor,396,17389011,"-22.917","-43.4135"
763,763-MADUREIRA X SANTA MARIA,Fetranspor,397,17389011,"-22.9169","-43.4137"
763,763-MADUREIRA X SANTA MARIA,Fetranspor,398,17389011,"-22.9168","-43.4141"
763,763-MADUREIRA X SANTA MARIA,Fetranspor,399,17389011,"-22.9168","-43.4141"
763,763-MADUREIRA X SANTA MARIA,Fetranspor,400,17389011,"-22.9167","-43.4141"
763,763-MADUREIRA X SANTA MARIA,Fetranspor,401,17389011,"-22.9166","-43.4144"
763,763-MADUREIRA X SANTA MARIA,Fetranspor,402,17389011,"-22.9166","-43.4145"
763,763-MADUREIRA X SANTA MARIA,Fetranspor,403,17389011,"-22.9166","-43.4146"
763,763-MADUREIRA X SANTA MARIA,Fetranspor,404,17389011,"-22.9166","-43.4146"
763,763-MADUREIRA X SANTA MARIA,Fetranspor,405,17389011,"-22.9166","-43.4147"
763,763-MADUREIRA X SANTA MARIA,Fetranspor,406,17389011,"-22.9166","-43.4147"
763,763-MADUREIRA X SANTA MARIA,Fetranspor,407,17389011,"-22.9166","-43.4147"
763,763-MADUREIRA X SANTA MARIA,Fetranspor,408,17389011,"-22.9165","-43.4148"
763,763-MADUREIRA X SANTA MARIA,Fetranspor,409,17389011,"-22.9164","-43.4149"
763,763-MADUREIRA X SANTA MARIA,Fetranspor,410,17389011,"-22.9163","-43.415"
763,763-MADUREIRA X SANTA MARIA,Fetranspor,411,17389011,"-22.9163","-43.415"
763,763-MADUREIRA X SANTA MARIA,Fetranspor,412,17389011,"-22.9157","-43.416"
763,763-MADUREIRA X SANTA MARIA,Fetranspor,413,17389011,"-22.9156","-43.416"
763,763-MADUREIRA X SANTA MARIA,Fetranspor,414,17389011,"-22.9153","-43.4163"
763,763-MADUREIRA X SANTA MARIA,Fetranspor,415,17389011,"-22.9152","-43.4164"
763,763-MADUREIRA X SANTA MARIA,Fetranspor,416,17389011,"-22.9151","-43.4165"
763,763-MADUREIRA X SANTA MARIA,Fetranspor,417,17389011,"-22.9151","-43.4166"
763,763-MADUREIRA X SANTA MARIA,Fetranspor,418,17389011,"-22.9151","-43.4167"
763,763-MADUREIRA X SANTA MARIA,Fetranspor,419,17389011,"-22.9151","-43.4168"
763,763-MADUREIRA X SANTA MARIA,Fetranspor,420,17389011,"-22.9151","-43.417"
763,763-MADUREIRA X SANTA MARIA,Fetranspor,421,17389011,"-22.9152","-43.4171"
763,763-MADUREIRA X SANTA MARIA,Fetranspor,422,17389011,"-22.9153","-43.4172"
763,763-MADUREIRA X SANTA MARIA,Fetranspor,423,17389011,"-22.9154","-43.4173"
763,763-MADUREIRA X SANTA MARIA,Fetranspor,424,17389011,"-22.9156","-43.4174"
763,763-MADUREIRA X SANTA MARIA,Fetranspor,425,17389011,"-22.9157","-43.4175"
763,763-MADUREIRA X SANTA MARIA,Fetranspor,426,17389011,"-22.9157","-43.4175"
763,763-MADUREIRA X SANTA MARIA,Fetranspor,427,17389011,"-22.9158","-43.4176"
763,763-MADUREIRA X SANTA MARIA,Fetranspor,428,17389011,"-22.9159","-43.4177"
763,763-MADUREIRA X SANTA MARIA,Fetranspor,429,17389011,"-22.9159","-43.4178"
763,763-MADUREIRA X SANTA MARIA,Fetranspor,430,17389011,"-22.916","-43.4179"
763,763-MADUREIRA X SANTA MARIA,Fetranspor,431,17389011,"-22.916","-43.418"
763,763-MADUREIRA X SANTA MARIA,Fetranspor,432,17389011,"-22.9161","-43.4183"
763,763-MADUREIRA X SANTA MARIA,Fetranspor,433,17389011,"-22.9162","-43.4187"
763,763-MADUREIRA X SANTA MARIA,Fetranspor,434,17389011,"-22.9163","-43.4188"
763,763-MADUREIRA X SANTA MARIA,Fetranspor,435,17389011,"-22.9163","-43.4189"
763,763-MADUREIRA X SANTA MARIA,Fetranspor,436,17389011,"-22.9163","-43.4191"
763,763-MADUREIRA X SANTA MARIA,Fetranspor,437,17389011,"-22.9162","-43.4191"
763,763-MADUREIRA X SANTA MARIA,Fetranspor,438,17389011,"-22.9158","-43.4207"
763,763-MADUREIRA X SANTA MARIA,Fetranspor,439,17389011,"-22.9158","-43.4208"
763,763-MADUREIRA X SANTA MARIA,Fetranspor,440,17389011,"-22.9158","-43.4208"
763,763-MADUREIRA X SANTA MARIA,Fetranspor,441,17389011,"-22.9158","-43.4209"
763,763-MADUREIRA X SANTA MARIA,Fetranspor,442,17389011,"-22.9158","-43.4211"
763,763-MADUREIRA X SANTA MARIA,Fetranspor,443,17389011,"-22.9158","-43.4214"
763,763-MADUREIRA X SANTA MARIA,Fetranspor,444,17389011,"-22.9158","-43.4216"
763,763-MADUREIRA X SANTA MARIA,Fetranspor,445,17389011,"-22.9158","-43.422"
763,763-MADUREIRA X SANTA MARIA,Fetranspor,446,17389011,"-22.9159","-43.4225"
763,763-MADUREIRA X SANTA MARIA,Fetranspor,447,17389011,"-22.916","-43.4231"
763,763-MADUREIRA X SANTA MARIA,Fetranspor,448,17389011,"-22.9161","-43.4236"
763,763-MADUREIRA X SANTA MARIA,Fetranspor,449,17389011,"-22.9161","-43.4238"
763,763-MADUREIRA X SANTA MARIA,Fetranspor,450,17389011,"-22.9162","-43.424"
763,763-MADUREIRA X SANTA MARIA,Fetranspor,451,17389011,"-22.9162","-43.4242"
763,763-MADUREIRA X SANTA MARIA,Fetranspor,452,17389011,"-22.9161","-43.4243"
763,763-MADUREIRA X SANTA MARIA,Fetranspor,453,17389011,"-22.9161","-43.4246"
763,763-MADUREIRA X SANTA MARIA,Fetranspor,454,17389011,"-22.9158","-43.4255"
763,763-MADUREIRA X SANTA MARIA,Fetranspor,455,17389011,"-22.9157","-43.4257"
763,763-MADUREIRA X SANTA MARIA,Fetranspor,456,17389011,"-22.9157","-43.4257"
763,763-MADUREIRA X SANTA MARIA,Fetranspor,457,17389011,"-22.9155","-43.4263"
763,763-MADUREIRA X SANTA MARIA,Fetranspor,458,17389011,"-22.9155","-43.4271"
763,763-MADUREIRA X SANTA MARIA,Fetranspor,459,17389011,"-22.9155","-43.4274"
763,763-MADUREIRA X SANTA MARIA,Fetranspor,460,17389011,"-22.9155","-43.4274"
763,763-MADUREIRA X SANTA MARIA,Fetranspor,461,17389011,"-22.9156","-43.4279"
763,763-MADUREIRA X SANTA MARIA,Fetranspor,462,17389011,"-22.9156","-43.428"
763,763-MADUREIRA X SANTA MARIA,Fetranspor,463,17389011,"-22.9156","-43.428"
763,763-MADUREIRA X SANTA MARIA,Fetranspor,464,17389011,"-22.9157","-43.4283"
763,763-MADUREIRA X SANTA MARIA,Fetranspor,465,17389011,"-22.9157","-43.4283"
763,763-MADUREIRA X SANTA MARIA,Fetranspor,466,17389011,"-22.9157","-43.4287"
763,763-MADUREIRA X SANTA MARIA,Fetranspor,467,17389011,"-22.916","-43.4301"
763,763-MADUREIRA X SANTA MARIA,Fetranspor,468,17389011,"-22.916","-43.4301"
763,763-MADUREIRA X SANTA MARIA,Fetranspor,469,17389011,"-22.9161","-43.4306"
763,763-MADUREIRA X SANTA MARIA,Fetranspor,470,17389011,"-22.9161","-43.4306"
763,763-MADUREIRA X SANTA MARIA,Fetranspor,471,17389011,"-22.9162","-43.4309"
763,763-MADUREIRA X SANTA MARIA,Fetranspor,472,17389011,"-22.9165","-43.432"
763,763-MADUREIRA X SANTA MARIA,Fetranspor,0,17587088,"-22.9165","-43.432"
763,763-MADUREIRA X SANTA MARIA,Fetranspor,1,17587088,"-22.9162","-43.4309"
763,763-MADUREIRA X SANTA MARIA,Fetranspor,2,17587088,"-22.9161","-43.4306"
763,763-MADUREIRA X SANTA MARIA,Fetranspor,3,17587088,"-22.9161","-43.4306"
763,763-MADUREIRA X SANTA MARIA,Fetranspor,4,17587088,"-22.916","-43.4301"
763,763-MADUREIRA X SANTA MARIA,Fetranspor,5,17587088,"-22.916","-43.4301"
763,763-MADUREIRA X SANTA MARIA,Fetranspor,6,17587088,"-22.9157","-43.4287"
763,763-MADUREIRA X SANTA MARIA,Fetranspor,7,17587088,"-22.9157","-43.4283"
763,763-MADUREIRA X SANTA MARIA,Fetranspor,8,17587088,"-22.9157","-43.4283"
763,763-MADUREIRA X SANTA MARIA,Fetranspor,9,17587088,"-22.9156","-43.428"
763,763-MADUREIRA X SANTA MARIA,Fetranspor,10,17587088,"-22.9156","-43.428"
763,763-MADUREIRA X SANTA MARIA,Fetranspor,11,17587088,"-22.9156","-43.4279"
763,763-MADUREIRA X SANTA MARIA,Fetranspor,12,17587088,"-22.9155","-43.4274"
763,763-MADUREIRA X SANTA MARIA,Fetranspor,13,17587088,"-22.9155","-43.4274"
763,763-MADUREIRA X SANTA MARIA,Fetranspor,14,17587088,"-22.9155","-43.4271"
763,763-MADUREIRA X SANTA MARIA,Fetranspor,15,17587088,"-22.9155","-43.4263"
763,763-MADUREIRA X SANTA MARIA,Fetranspor,16,17587088,"-22.9157","-43.4257"
763,763-MADUREIRA X SANTA MARIA,Fetranspor,17,17587088,"-22.9157","-43.4257"
763,763-MADUREIRA X SANTA MARIA,Fetranspor,18,17587088,"-22.9158","-43.4255"
763,763-MADUREIRA X SANTA MARIA,Fetranspor,19,17587088,"-22.9161","-43.4246"
763,763-MADUREIRA X SANTA MARIA,Fetranspor,20,17587088,"-22.9161","-43.4243"
763,763-MADUREIRA X SANTA MARIA,Fetranspor,21,17587088,"-22.9162","-43.4242"
763,763-MADUREIRA X SANTA MARIA,Fetranspor,22,17587088,"-22.9162","-43.424"
763,763-MADUREIRA X SANTA MARIA,Fetranspor,23,17587088,"-22.9161","-43.4238"
763,763-MADUREIRA X SANTA MARIA,Fetranspor,24,17587088,"-22.9161","-43.4236"
763,763-MADUREIRA X SANTA MARIA,Fetranspor,25,17587088,"-22.916","-43.4231"
763,763-MADUREIRA X SANTA MARIA,Fetranspor,26,17587088,"-22.9159","-43.4225"
763,763-MADUREIRA X SANTA MARIA,Fetranspor,27,17587088,"-22.9158","-43.422"
763,763-MADUREIRA X SANTA MARIA,Fetranspor,28,17587088,"-22.9158","-43.4216"
763,763-MADUREIRA X SANTA MARIA,Fetranspor,29,17587088,"-22.9158","-43.4214"
763,763-MADUREIRA X SANTA MARIA,Fetranspor,30,17587088,"-22.9158","-43.4211"
763,763-MADUREIRA X SANTA MARIA,Fetranspor,31,17587088,"-22.9158","-43.4209"
763,763-MADUREIRA X SANTA MARIA,Fetranspor,32,17587088,"-22.9158","-43.4208"
763,763-MADUREIRA X SANTA MARIA,Fetranspor,33,17587088,"-22.9158","-43.4208"
763,763-MADUREIRA X SANTA MARIA,Fetranspor,34,17587088,"-22.9158","-43.4207"
763,763-MADUREIRA X SANTA MARIA,Fetranspor,35,17587088,"-22.9162","-43.4191"
763,763-MADUREIRA X SANTA MARIA,Fetranspor,36,17587088,"-22.9163","-43.4191"
763,763-MADUREIRA X SANTA MARIA,Fetranspor,37,17587088,"-22.9163","-43.4189"
763,763-MADUREIRA X SANTA MARIA,Fetranspor,38,17587088,"-22.9163","-43.4188"
763,763-MADUREIRA X SANTA MARIA,Fetranspor,39,17587088,"-22.9162","-43.4187"
763,763-MADUREIRA X SANTA MARIA,Fetranspor,40,17587088,"-22.9161","-43.4183"
763,763-MADUREIRA X SANTA MARIA,Fetranspor,41,17587088,"-22.916","-43.418"
763,763-MADUREIRA X SANTA MARIA,Fetranspor,42,17587088,"-22.916","-43.4179"
763,763-MADUREIRA X SANTA MARIA,Fetranspor,43,17587088,"-22.9159","-43.4178"
763,763-MADUREIRA X SANTA MARIA,Fetranspor,44,17587088,"-22.9159","-43.4177"
763,763-MADUREIRA X SANTA MARIA,Fetranspor,45,17587088,"-22.9158","-43.4176"
763,763-MADUREIRA X SANTA MARIA,Fetranspor,46,17587088,"-22.9157","-43.4175"
763,763-MADUREIRA X SANTA MARIA,Fetranspor,47,17587088,"-22.9157","-43.4175"
763,763-MADUREIRA X SANTA MARIA,Fetranspor,48,17587088,"-22.9156","-43.4174"
763,763-MADUREIRA X SANTA MARIA,Fetranspor,49,17587088,"-22.9154","-43.4173"
763,763-MADUREIRA X SANTA MARIA,Fetranspor,50,17587088,"-22.9153","-43.4172"
763,763-MADUREIRA X SANTA MARIA,Fetranspor,51,17587088,"-22.9152","-43.4171"
763,763-MADUREIRA X SANTA MARIA,Fetranspor,52,17587088,"-22.9151","-43.417"
763,763-MADUREIRA X SANTA MARIA,Fetranspor,53,17587088,"-22.9151","-43.4168"
763,763-MADUREIRA X SANTA MARIA,Fetranspor,54,17587088,"-22.9151","-43.4167"
763,763-MADUREIRA X SANTA MARIA,Fetranspor,55,17587088,"-22.9151","-43.4166"
763,763-MADUREIRA X SANTA MARIA,Fetranspor,56,17587088,"-22.9151","-43.4165"
763,763-MADUREIRA X SANTA MARIA,Fetranspor,57,17587088,"-22.9152","-43.4164"
763,763-MADUREIRA X SANTA MARIA,Fetranspor,58,17587088,"-22.9153","-43.4163"
763,763-MADUREIRA X SANTA MARIA,Fetranspor,59,17587088,"-22.9156","-43.416"
763,763-MADUREIRA X SANTA MARIA,Fetranspor,60,17587088,"-22.9157","-43.416"
763,763-MADUREIRA X SANTA MARIA,Fetranspor,61,17587088,"-22.9163","-43.415"
763,763-MADUREIRA X SANTA MARIA,Fetranspor,62,17587088,"-22.9163","-43.415"
763,763-MADUREIRA X SANTA MARIA,Fetranspor,63,17587088,"-22.9165","-43.4149"
763,763-MADUREIRA X SANTA MARIA,Fetranspor,64,17587088,"-22.9167","-43.4149"
763,763-MADUREIRA X SANTA MARIA,Fetranspor,65,17587088,"-22.9167","-43.4149"
763,763-MADUREIRA X SANTA MARIA,Fetranspor,66,17587088,"-22.9167","-43.4149"
763,763-MADUREIRA X SANTA MARIA,Fetranspor,67,17587088,"-22.9168","-43.4149"
763,763-MADUREIRA X SANTA MARIA,Fetranspor,68,17587088,"-22.9168","-43.4148"
763,763-MADUREIRA X SANTA MARIA,Fetranspor,69,17587088,"-22.9168","-43.4148"
763,763-MADUREIRA X SANTA MARIA,Fetranspor,70,17587088,"-22.9168","-43.4148"
763,763-MADUREIRA X SANTA MARIA,Fetranspor,71,17587088,"-22.9168","-43.4148"
763,763-MADUREIRA X SANTA MARIA,Fetranspor,72,17587088,"-22.9169","-43.4147"
763,763-MADUREIRA X SANTA MARIA,Fetranspor,73,17587088,"-22.9168","-43.4147"
763,763-MADUREIRA X SANTA MARIA,Fetranspor,74,17587088,"-22.9168","-43.4146"
763,763-MADUREIRA X SANTA MARIA,Fetranspor,75,17587088,"-22.9168","-43.4146"
763,763-MADUREIRA X SANTA MARIA,Fetranspor,76,17587088,"-22.9168","-43.4143"
763,763-MADUREIRA X SANTA MARIA,Fetranspor,77,17587088,"-22.9168","-43.4142"
763,763-MADUREIRA X SANTA MARIA,Fetranspor,78,17587088,"-22.9168","-43.4141"
763,763-MADUREIRA X SANTA MARIA,Fetranspor,79,17587088,"-22.9168","-43.4141"
763,763-MADUREIRA X SANTA MARIA,Fetranspor,80,17587088,"-22.9169","-43.4137"
763,763-MADUREIRA X SANTA MARIA,Fetranspor,81,17587088,"-22.917","-43.4135"
763,763-MADUREIRA X SANTA MARIA,Fetranspor,82,17587088,"-22.9171","-43.4131"
763,763-MADUREIRA X SANTA MARIA,Fetranspor,83,17587088,"-22.9173","-43.4127"
763,763-MADUREIRA X SANTA MARIA,Fetranspor,84,17587088,"-22.9173","-43.4127"
763,763-MADUREIRA X SANTA MARIA,Fetranspor,85,17587088,"-22.9173","-43.4125"
763,763-MADUREIRA X SANTA MARIA,Fetranspor,86,17587088,"-22.9175","-43.4121"
763,763-MADUREIRA X SANTA MARIA,Fetranspor,87,17587088,"-22.9175","-43.4121"
763,763-MADUREIRA X SANTA MARIA,Fetranspor,88,17587088,"-22.9177","-43.4119"
763,763-MADUREIRA X SANTA MARIA,Fetranspor,89,17587088,"-22.9181","-43.411"
763,763-MADUREIRA X SANTA MARIA,Fetranspor,90,17587088,"-22.9181","-43.411"
763,763-MADUREIRA X SANTA MARIA,Fetranspor,91,17587088,"-22.9184","-43.4104"
763,763-MADUREIRA X SANTA MARIA,Fetranspor,92,17587088,"-22.9184","-43.4104"
763,763-MADUREIRA X SANTA MARIA,Fetranspor,93,17587088,"-22.9188","-43.4098"
763,763-MADUREIRA X SANTA MARIA,Fetranspor,94,17587088,"-22.9188","-43.4098"
763,763-MADUREIRA X SANTA MARIA,Fetranspor,95,17587088,"-22.9188","-43.4095"
763,763-MADUREIRA X SANTA MARIA,Fetranspor,96,17587088,"-22.9189","-43.4094"
763,763-MADUREIRA X SANTA MARIA,Fetranspor,97,17587088,"-22.919","-43.409"
763,763-MADUREIRA X SANTA MARIA,Fetranspor,98,17587088,"-22.919","-43.409"
763,763-MADUREIRA X SANTA MARIA,Fetranspor,99,17587088,"-22.919","-43.4089"
763,763-MADUREIRA X SANTA MARIA,Fetranspor,100,17587088,"-22.919","-43.4087"
763,763-MADUREIRA X SANTA MARIA,Fetranspor,101,17587088,"-22.919","-43.4083"
763,763-MADUREIRA X SANTA MARIA,Fetranspor,102,17587088,"-22.919","-43.4083"
763,763-MADUREIRA X SANTA MARIA,Fetranspor,103,17587088,"-22.919","-43.4082"
763,763-MADUREIRA X SANTA MARIA,Fetranspor,104,17587088,"-22.919","-43.4082"
763,763-MADUREIRA X SANTA MARIA,Fetranspor,105,17587088,"-22.919","-43.4081"
763,763-MADUREIRA X SANTA MARIA,Fetranspor,106,17587088,"-22.919","-43.4077"
763,763-MADUREIRA X SANTA MARIA,Fetranspor,107,17587088,"-22.919","-43.4077"
763,763-MADUREIRA X SANTA MARIA,Fetranspor,108,17587088,"-22.919","-43.4073"
763,763-MADUREIRA X SANTA MARIA,Fetranspor,109,17587088,"-22.919","-43.4073"
763,763-MADUREIRA X SANTA MARIA,Fetranspor,110,17587088,"-22.919","-43.4071"
763,763-MADUREIRA X SANTA MARIA,Fetranspor,111,17587088,"-22.919","-43.407"
763,763-MADUREIRA X SANTA MARIA,Fetranspor,112,17587088,"-22.9189","-43.4068"
763,763-MADUREIRA X SANTA MARIA,Fetranspor,113,17587088,"-22.9189","-43.4066"
763,763-MADUREIRA X SANTA MARIA,Fetranspor,114,17587088,"-22.9188","-43.4065"
763,763-MADUREIRA X SANTA MARIA,Fetranspor,115,17587088,"-22.9188","-43.4065"
763,763-MADUREIRA X SANTA MARIA,Fetranspor,116,17587088,"-22.9186","-43.4057"
763,763-MADUREIRA X SANTA MARIA,Fetranspor,117,17587088,"-22.9186","-43.4057"
763,763-MADUREIRA X SANTA MARIA,Fetranspor,118,17587088,"-22.9185","-43.4055"
763,763-MADUREIRA X SANTA MARIA,Fetranspor,119,17587088,"-22.9185","-43.4053"
763,763-MADUREIRA X SANTA MARIA,Fetranspor,120,17587088,"-22.9185","-43.4051"
763,763-MADUREIRA X SANTA MARIA,Fetranspor,121,17587088,"-22.9185","-43.4049"
763,763-MADUREIRA X SANTA MARIA,Fetranspor,122,17587088,"-22.9185","-43.4049"
763,763-MADUREIRA X SANTA MARIA,Fetranspor,123,17587088,"-22.9185","-43.4047"
763,763-MADUREIRA X SANTA MARIA,Fetranspor,124,17587088,"-22.9185","-43.4047"
763,763-MADUREIRA X SANTA MARIA,Fetranspor,125,17587088,"-22.9186","-43.4043"
763,763-MADUREIRA X SANTA MARIA,Fetranspor,126,17587088,"-22.9186","-43.4043"
763,763-MADUREIRA X SANTA MARIA,Fetranspor,127,17587088,"-22.9187","-43.404"
763,763-MADUREIRA X SANTA MARIA,Fetranspor,128,17587088,"-22.9187","-43.404"
763,763-MADUREIRA X SANTA MARIA,Fetranspor,129,17587088,"-22.9189","-43.4031"
763,763-MADUREIRA X SANTA MARIA,Fetranspor,130,17587088,"-22.9189","-43.4031"
763,763-MADUREIRA X SANTA MARIA,Fetranspor,131,17587088,"-22.9191","-43.4021"
763,763-MADUREIRA X SANTA MARIA,Fetranspor,132,17587088,"-22.9191","-43.4021"
763,763-MADUREIRA X SANTA MARIA,Fetranspor,133,17587088,"-22.9192","-43.4016"
763,763-MADUREIRA X SANTA MARIA,Fetranspor,134,17587088,"-22.9192","-43.4016"
763,763-MADUREIRA X SANTA MARIA,Fetranspor,135,17587088,"-22.9193","-43.4014"
763,763-MADUREIRA X SANTA MARIA,Fetranspor,136,17587088,"-22.9193","-43.4014"
763,763-MADUREIRA X SANTA MARIA,Fetranspor,137,17587088,"-22.9193","-43.4011"
763,763-MADUREIRA X SANTA MARIA,Fetranspor,138,17587088,"-22.9193","-43.4011"
763,763-MADUREIRA X SANTA MARIA,Fetranspor,139,17587088,"-22.9194","-43.4008"
763,763-MADUREIRA X SANTA MARIA,Fetranspor,140,17587088,"-22.9194","-43.4008"
763,763-MADUREIRA X SANTA MARIA,Fetranspor,141,17587088,"-22.9195","-43.4004"
763,763-MADUREIRA X SANTA MARIA,Fetranspor,142,17587088,"-22.9195","-43.4004"
763,763-MADUREIRA X SANTA MARIA,Fetranspor,143,17587088,"-22.9196","-43.3997"
763,763-MADUREIRA X SANTA MARIA,Fetranspor,144,17587088,"-22.9196","-43.3997"
763,763-MADUREIRA X SANTA MARIA,Fetranspor,145,17587088,"-22.9197","-43.3995"
763,763-MADUREIRA X SANTA MARIA,Fetranspor,146,17587088,"-22.9197","-43.3995"
763,763-MADUREIRA X SANTA MARIA,Fetranspor,147,17587088,"-22.9197","-43.3994"
763,763-MADUREIRA X SANTA MARIA,Fetranspor,148,17587088,"-22.9198","-43.3992"
763,763-MADUREIRA X SANTA MARIA,Fetranspor,149,17587088,"-22.9198","-43.3992"
763,763-MADUREIRA X SANTA MARIA,Fetranspor,150,17587088,"-22.9198","-43.3991"
763,763-MADUREIRA X SANTA MARIA,Fetranspor,151,17587088,"-22.9198","-43.3991"
763,763-MADUREIRA X SANTA MARIA,Fetranspor,152,17587088,"-22.9198","-43.399"
763,763-MADUREIRA X SANTA MARIA,Fetranspor,153,17587088,"-22.9198","-43.399"
763,763-MADUREIRA X SANTA MARIA,Fetranspor,154,17587088,"-22.9199","-43.3989"
763,763-MADUREIRA X SANTA MARIA,Fetranspor,155,17587088,"-22.9199","-43.3989"
763,763-MADUREIRA X SANTA MARIA,Fetranspor,156,17587088,"-22.9199","-43.3988"
763,763-MADUREIRA X SANTA MARIA,Fetranspor,157,17587088,"-22.9199","-43.3985"
763,763-MADUREIRA X SANTA MARIA,Fetranspor,158,17587088,"-22.9199","-43.3985"
763,763-MADUREIRA X SANTA MARIA,Fetranspor,159,17587088,"-22.9199","-43.3984"
763,763-MADUREIRA X SANTA MARIA,Fetranspor,160,17587088,"-22.9199","-43.3984"
763,763-MADUREIRA X SANTA MARIA,Fetranspor,161,17587088,"-22.9199","-43.3983"
763,763-MADUREIRA X SANTA MARIA,Fetranspor,162,17587088,"-22.9198","-43.3983"
763,763-MADUREIRA X SANTA MARIA,Fetranspor,163,17587088,"-22.9198","-43.3983"
763,763-MADUREIRA X SANTA MARIA,Fetranspor,164,17587088,"-22.9198","-43.3982"
763,763-MADUREIRA X SANTA MARIA,Fetranspor,165,17587088,"-22.9197","-43.398"
763,763-MADUREIRA X SANTA MARIA,Fetranspor,166,17587088,"-22.9196","-43.3979"
763,763-MADUREIRA X SANTA MARIA,Fetranspor,167,17587088,"-22.9195","-43.3979"
763,763-MADUREIRA X SANTA MARIA,Fetranspor,168,17587088,"-22.9195","-43.3978"
763,763-MADUREIRA X SANTA MARIA,Fetranspor,169,17587088,"-22.9195","-43.3978"
763,763-MADUREIRA X SANTA MARIA,Fetranspor,170,17587088,"-22.9193","-43.3978"
763,763-MADUREIRA X SANTA MARIA,Fetranspor,171,17587088,"-22.9193","-43.3978"
763,763-MADUREIRA X SANTA MARIA,Fetranspor,172,17587088,"-22.9193","-43.3977"
763,763-MADUREIRA X SANTA MARIA,Fetranspor,173,17587088,"-22.9193","-43.3977"
763,763-MADUREIRA X SANTA MARIA,Fetranspor,174,17587088,"-22.9191","-43.3977"
763,763-MADUREIRA X SANTA MARIA,Fetranspor,175,17587088,"-22.919","-43.3976"
763,763-MADUREIRA X SANTA MARIA,Fetranspor,176,17587088,"-22.919","-43.3976"
763,763-MADUREIRA X SANTA MARIA,Fetranspor,177,17587088,"-22.9187","-43.3974"
763,763-MADUREIRA X SANTA MARIA,Fetranspor,178,17587088,"-22.9185","-43.3972"
763,763-MADUREIRA X SANTA MARIA,Fetranspor,179,17587088,"-22.9184","-43.397"
763,763-MADUREIRA X SANTA MARIA,Fetranspor,180,17587088,"-22.9183","-43.3967"
763,763-MADUREIRA X SANTA MARIA,Fetranspor,181,17587088,"-22.9183","-43.3965"
763,763-MADUREIRA X SANTA MARIA,Fetranspor,182,17587088,"-22.9183","-43.3962"
763,763-MADUREIRA X SANTA MARIA,Fetranspor,183,17587088,"-22.9183","-43.396"
763,763-MADUREIRA X SANTA MARIA,Fetranspor,184,17587088,"-22.9183","-43.396"
763,763-MADUREIRA X SANTA MARIA,Fetranspor,185,17587088,"-22.9183","-43.3959"
763,763-MADUREIRA X SANTA MARIA,Fetranspor,186,17587088,"-22.9184","-43.3957"
763,763-MADUREIRA X SANTA MARIA,Fetranspor,187,17587088,"-22.9184","-43.3956"
763,763-MADUREIRA X SANTA MARIA,Fetranspor,188,17587088,"-22.9185","-43.3954"
763,763-MADUREIRA X SANTA MARIA,Fetranspor,189,17587088,"-22.9186","-43.3953"
763,763-MADUREIRA X SANTA MARIA,Fetranspor,190,17587088,"-22.9187","-43.3951"
763,763-MADUREIRA X SANTA MARIA,Fetranspor,191,17587088,"-22.9187","-43.3951"
763,763-MADUREIRA X SANTA MARIA,Fetranspor,192,17587088,"-22.9188","-43.395"
763,763-MADUREIRA X SANTA MARIA,Fetranspor,193,17587088,"-22.9189","-43.3948"
763,763-MADUREIRA X SANTA MARIA,Fetranspor,194,17587088,"-22.9189","-43.3947"
763,763-MADUREIRA X SANTA MARIA,Fetranspor,195,17587088,"-22.919","-43.3944"
763,763-MADUREIRA X SANTA MARIA,Fetranspor,196,17587088,"-22.919","-43.394"
763,763-MADUREIRA X SANTA MARIA,Fetranspor,197,17587088,"-22.9191","-43.3934"
763,763-MADUREIRA X SANTA MARIA,Fetranspor,198,17587088,"-22.9192","-43.3933"
763,763-MADUREIRA X SANTA MARIA,Fetranspor,199,17587088,"-22.9195","-43.3925"
763,763-MADUREIRA X SANTA MARIA,Fetranspor,200,17587088,"-22.9196","-43.3921"
763,763-MADUREIRA X SANTA MARIA,Fetranspor,201,17587088,"-22.9196","-43.392"
763,763-MADUREIRA X SANTA MARIA,Fetranspor,202,17587088,"-22.9196","-43.3919"
763,763-MADUREIRA X SANTA MARIA,Fetranspor,203,17587088,"-22.9196","-43.3919"
763,763-MADUREIRA X SANTA MARIA,Fetranspor,204,17587088,"-22.9196","-43.3916"
763,763-MADUREIRA X SANTA MARIA,Fetranspor,205,17587088,"-22.9194","-43.3899"
763,763-MADUREIRA X SANTA MARIA,Fetranspor,206,17587088,"-22.9194","-43.389"
763,763-MADUREIRA X SANTA MARIA,Fetranspor,207,17587088,"-22.9194","-43.3879"
763,763-MADUREIRA X SANTA MARIA,Fetranspor,208,17587088,"-22.9194","-43.3879"
763,763-MADUREIRA X SANTA MARIA,Fetranspor,209,17587088,"-22.9194","-43.3875"
763,763-MADUREIRA X SANTA MARIA,Fetranspor,210,17587088,"-22.9191","-43.3862"
763,763-MADUREIRA X SANTA MARIA,Fetranspor,211,17587088,"-22.9191","-43.3862"
763,763-MADUREIRA X SANTA MARIA,Fetranspor,212,17587088,"-22.9189","-43.3857"
763,763-MADUREIRA X SANTA MARIA,Fetranspor,213,17587088,"-22.9189","-43.3857"
763,763-MADUREIRA X SANTA MARIA,Fetranspor,214,17587088,"-22.9187","-43.3846"
763,763-MADUREIRA X SANTA MARIA,Fetranspor,215,17587088,"-22.9187","-43.3846"
763,763-MADUREIRA X SANTA MARIA,Fetranspor,216,17587088,"-22.9186","-43.3843"
763,763-MADUREIRA X SANTA MARIA,Fetranspor,217,17587088,"-22.9186","-43.3843"
763,763-MADUREIRA X SANTA MARIA,Fetranspor,218,17587088,"-22.9186","-43.384"
763,763-MADUREIRA X SANTA MARIA,Fetranspor,219,17587088,"-22.9186","-43.3837"
763,763-MADUREIRA X SANTA MARIA,Fetranspor,220,17587088,"-22.9186","-43.3833"
763,763-MADUREIRA X SANTA MARIA,Fetranspor,221,17587088,"-22.9186","-43.3833"
763,763-MADUREIRA X SANTA MARIA,Fetranspor,222,17587088,"-22.9186","-43.3831"
763,763-MADUREIRA X SANTA MARIA,Fetranspor,223,17587088,"-22.9186","-43.3831"
763,763-MADUREIRA X SANTA MARIA,Fetranspor,224,17587088,"-22.9187","-43.3815"
763,763-MADUREIRA X SANTA MARIA,Fetranspor,225,17587088,"-22.9187","-43.3815"
763,763-MADUREIRA X SANTA MARIA,Fetranspor,226,17587088,"-22.9187","-43.3811"
763,763-MADUREIRA X SANTA MARIA,Fetranspor,227,17587088,"-22.9187","-43.3808"
763,763-MADUREIRA X SANTA MARIA,Fetranspor,228,17587088,"-22.9186","-43.3807"
763,763-MADUREIRA X SANTA MARIA,Fetranspor,229,17587088,"-22.9186","-43.3806"
763,763-MADUREIRA X SANTA MARIA,Fetranspor,230,17587088,"-22.9185","-43.3804"
763,763-MADUREIRA X SANTA MARIA,Fetranspor,231,17587088,"-22.9185","-43.3804"
763,763-MADUREIRA X SANTA MARIA,Fetranspor,232,17587088,"-22.9183","-43.38"
763,763-MADUREIRA X SANTA MARIA,Fetranspor,233,17587088,"-22.9183","-43.3799"
763,763-MADUREIRA X SANTA MARIA,Fetranspor,234,17587088,"-22.9182","-43.3798"
763,763-MADUREIRA X SANTA MARIA,Fetranspor,235,17587088,"-22.9182","-43.3796"
763,763-MADUREIRA X SANTA MARIA,Fetranspor,236,17587088,"-22.9182","-43.3795"
763,763-MADUREIRA X SANTA MARIA,Fetranspor,237,17587088,"-22.9182","-43.3794"
763,763-MADUREIRA X SANTA MARIA,Fetranspor,238,17587088,"-22.9182","-43.3792"
763,763-MADUREIRA X SANTA MARIA,Fetranspor,239,17587088,"-22.9183","-43.379"
763,763-MADUREIRA X SANTA MARIA,Fetranspor,240,17587088,"-22.9184","-43.3789"
763,763-MADUREIRA X SANTA MARIA,Fetranspor,241,17587088,"-22.9185","-43.3788"
763,763-MADUREIRA X SANTA MARIA,Fetranspor,242,17587088,"-22.9186","-43.3787"
763,763-MADUREIRA X SANTA MARIA,Fetranspor,243,17587088,"-22.9186","-43.3786"
763,763-MADUREIRA X SANTA MARIA,Fetranspor,244,17587088,"-22.9196","-43.378"
763,763-MADUREIRA X SANTA MARIA,Fetranspor,245,17587088,"-22.9197","-43.3779"
763,763-MADUREIRA X SANTA MARIA,Fetranspor,246,17587088,"-22.9199","-43.3778"
763,763-MADUREIRA X SANTA MARIA,Fetranspor,247,17587088,"-22.9199","-43.3778"
763,763-MADUREIRA X SANTA MARIA,Fetranspor,248,17587088,"-22.92","-43.3777"
763,763-MADUREIRA X SANTA MARIA,Fetranspor,249,17587088,"-22.9201","-43.3776"
763,763-MADUREIRA X SANTA MARIA,Fetranspor,250,17587088,"-22.9204","-43.3772"
763,763-MADUREIRA X SANTA MARIA,Fetranspor,251,17587088,"-22.9205","-43.377"
763,763-MADUREIRA X SANTA MARIA,Fetranspor,252,17587088,"-22.9206","-43.377"
763,763-MADUREIRA X SANTA MARIA,Fetranspor,253,17587088,"-22.9207","-43.3769"
763,763-MADUREIRA X SANTA MARIA,Fetranspor,254,17587088,"-22.9207","-43.3769"
763,763-MADUREIRA X SANTA MARIA,Fetranspor,255,17587088,"-22.9208","-43.3768"
763,763-MADUREIRA X SANTA MARIA,Fetranspor,256,17587088,"-22.9209","-43.3768"
763,763-MADUREIRA X SANTA MARIA,Fetranspor,257,17587088,"-22.921","-43.3768"
763,763-MADUREIRA X SANTA MARIA,Fetranspor,258,17587088,"-22.9211","-43.3768"
763,763-MADUREIRA X SANTA MARIA,Fetranspor,259,17587088,"-22.9213","-43.3769"
763,763-MADUREIRA X SANTA MARIA,Fetranspor,260,17587088,"-22.9216","-43.377"
763,763-MADUREIRA X SANTA MARIA,Fetranspor,261,17587088,"-22.9217","-43.377"
763,763-MADUREIRA X SANTA MARIA,Fetranspor,262,17587088,"-22.9218","-43.377"
763,763-MADUREIRA X SANTA MARIA,Fetranspor,263,17587088,"-22.9219","-43.377"
763,763-MADUREIRA X SANTA MARIA,Fetranspor,264,17587088,"-22.922","-43.3769"
763,763-MADUREIRA X SANTA MARIA,Fetranspor,265,17587088,"-22.9221","-43.3769"
763,763-MADUREIRA X SANTA MARIA,Fetranspor,266,17587088,"-22.9222","-43.3768"
763,763-MADUREIRA X SANTA MARIA,Fetranspor,267,17587088,"-22.9223","-43.3767"
763,763-MADUREIRA X SANTA MARIA,Fetranspor,268,17587088,"-22.9223","-43.3766"
763,763-MADUREIRA X SANTA MARIA,Fetranspor,269,17587088,"-22.9223","-43.3765"
763,763-MADUREIRA X SANTA MARIA,Fetranspor,270,17587088,"-22.9225","-43.376"
763,763-MADUREIRA X SANTA MARIA,Fetranspor,271,17587088,"-22.9228","-43.3749"
763,763-MADUREIRA X SANTA MARIA,Fetranspor,272,17587088,"-22.9229","-43.3746"
763,763-MADUREIRA X SANTA MARIA,Fetranspor,273,17587088,"-22.9229","-43.3745"
763,763-MADUREIRA X SANTA MARIA,Fetranspor,274,17587088,"-22.9229","-43.3745"
763,763-MADUREIRA X SANTA MARIA,Fetranspor,275,17587088,"-22.9229","-43.3744"
763,763-MADUREIRA X SANTA MARIA,Fetranspor,276,17587088,"-22.9229","-43.3743"
763,763-MADUREIRA X SANTA MARIA,Fetranspor,277,17587088,"-22.9229","-43.3743"
763,763-MADUREIRA X SANTA MARIA,Fetranspor,278,17587088,"-22.923","-43.3742"
763,763-MADUREIRA X SANTA MARIA,Fetranspor,279,17587088,"-22.923","-43.3742"
763,763-MADUREIRA X SANTA MARIA,Fetranspor,280,17587088,"-22.923","-43.3741"
763,763-MADUREIRA X SANTA MARIA,Fetranspor,281,17587088,"-22.923","-43.374"
763,763-MADUREIRA X SANTA MARIA,Fetranspor,282,17587088,"-22.923","-43.374"
763,763-MADUREIRA X SANTA MARIA,Fetranspor,283,17587088,"-22.9231","-43.3739"
763,763-MADUREIRA X SANTA MARIA,Fetranspor,284,17587088,"-22.9231","-43.3739"
763,763-MADUREIRA X SANTA MARIA,Fetranspor,285,17587088,"-22.9232","-43.3739"
763,763-MADUREIRA X SANTA MARIA,Fetranspor,286,17587088,"-22.9232","-43.3739"
763,763-MADUREIRA X SANTA MARIA,Fetranspor,287,17587088,"-22.9232","-43.3738"
763,763-MADUREIRA X SANTA MARIA,Fetranspor,288,17587088,"-22.9231","-43.3738"
763,763-MADUREIRA X SANTA MARIA,Fetranspor,289,17587088,"-22.923","-43.3734"
763,763-MADUREIRA X SANTA MARIA,Fetranspor,290,17587088,"-22.923","-43.3734"
763,763-MADUREIRA X SANTA MARIA,Fetranspor,291,17587088,"-22.9229","-43.3732"
763,763-MADUREIRA X SANTA MARIA,Fetranspor,292,17587088,"-22.9229","-43.3732"
763,763-MADUREIRA X SANTA MARIA,Fetranspor,293,17587088,"-22.9228","-43.373"
763,763-MADUREIRA X SANTA MARIA,Fetranspor,294,17587088,"-22.9228","-43.373"
763,763-MADUREIRA X SANTA MARIA,Fetranspor,295,17587088,"-22.9227","-43.3728"
763,763-MADUREIRA X SANTA MARIA,Fetranspor,296,17587088,"-22.9223","-43.3721"
763,763-MADUREIRA X SANTA MARIA,Fetranspor,297,17587088,"-22.9223","-43.3721"
763,763-MADUREIRA X SANTA MARIA,Fetranspor,298,17587088,"-22.922","-43.3715"
763,763-MADUREIRA X SANTA MARIA,Fetranspor,299,17587088,"-22.9218","-43.3712"
763,763-MADUREIRA X SANTA MARIA,Fetranspor,300,17587088,"-22.9218","-43.3712"
763,763-MADUREIRA X SANTA MARIA,Fetranspor,301,17587088,"-22.9213","-43.3704"
763,763-MADUREIRA X SANTA MARIA,Fetranspor,302,17587088,"-22.9213","-43.3704"
763,763-MADUREIRA X SANTA MARIA,Fetranspor,303,17587088,"-22.9205","-43.369"
763,763-MADUREIRA X SANTA MARIA,Fetranspor,304,17587088,"-22.9205","-43.369"
763,763-MADUREIRA X SANTA MARIA,Fetranspor,305,17587088,"-22.9203","-43.3685"
763,763-MADUREIRA X SANTA MARIA,Fetranspor,306,17587088,"-22.9198","-43.3676"
763,763-MADUREIRA X SANTA MARIA,Fetranspor,307,17587088,"-22.9198","-43.3676"
763,763-MADUREIRA X SANTA MARIA,Fetranspor,308,17587088,"-22.9191","-43.3664"
763,763-MADUREIRA X SANTA MARIA,Fetranspor,309,17587088,"-22.9191","-43.3664"
763,763-MADUREIRA X SANTA MARIA,Fetranspor,310,17587088,"-22.9185","-43.3654"
763,763-MADUREIRA X SANTA MARIA,Fetranspor,311,17587088,"-22.9185","-43.3654"
763,763-MADUREIRA X SANTA MARIA,Fetranspor,312,17587088,"-22.9181","-43.3647"
763,763-MADUREIRA X SANTA MARIA,Fetranspor,313,17587088,"-22.918","-43.3644"
763,763-MADUREIRA X SANTA MARIA,Fetranspor,314,17587088,"-22.918","-43.3644"
763,763-MADUREIRA X SANTA MARIA,Fetranspor,315,17587088,"-22.918","-43.3644"
763,763-MADUREIRA X SANTA MARIA,Fetranspor,316,17587088,"-22.9179","-43.3642"
763,763-MADUREIRA X SANTA MARIA,Fetranspor,317,17587088,"-22.9176","-43.3637"
763,763-MADUREIRA X SANTA MARIA,Fetranspor,318,17587088,"-22.9176","-43.3637"
763,763-MADUREIRA X SANTA MARIA,Fetranspor,319,17587088,"-22.9173","-43.3632"
763,763-MADUREIRA X SANTA MARIA,Fetranspor,320,17587088,"-22.917","-43.3627"
763,763-MADUREIRA X SANTA MARIA,Fetranspor,321,17587088,"-22.9166","-43.3621"
763,763-MADUREIRA X SANTA MARIA,Fetranspor,322,17587088,"-22.9165","-43.3618"
763,763-MADUREIRA X SANTA MARIA,Fetranspor,323,17587088,"-22.9165","-43.3618"
763,763-MADUREIRA X SANTA MARIA,Fetranspor,324,17587088,"-22.9164","-43.3616"
763,763-MADUREIRA X SANTA MARIA,Fetranspor,325,17587088,"-22.9164","-43.3616"
763,763-MADUREIRA X SANTA MARIA,Fetranspor,326,17587088,"-22.9162","-43.3612"
763,763-MADUREIRA X SANTA MARIA,Fetranspor,327,17587088,"-22.9161","-43.3611"
763,763-MADUREIRA X SANTA MARIA,Fetranspor,328,17587088,"-22.916","-43.3609"
763,763-MADUREIRA X SANTA MARIA,Fetranspor,329,17587088,"-22.9159","-43.3609"
763,763-MADUREIRA X SANTA MARIA,Fetranspor,330,17587088,"-22.9159","-43.3608"
763,763-MADUREIRA X SANTA MARIA,Fetranspor,331,17587088,"-22.9158","-43.3608"
763,763-MADUREIRA X SANTA MARIA,Fetranspor,332,17587088,"-22.9157","-43.3607"
763,763-MADUREIRA X SANTA MARIA,Fetranspor,333,17587088,"-22.9156","-43.3607"
763,763-MADUREIRA X SANTA MARIA,Fetranspor,334,17587088,"-22.9155","-43.3607"
763,763-MADUREIRA X SANTA MARIA,Fetranspor,335,17587088,"-22.9152","-43.3607"
763,763-MADUREIRA X SANTA MARIA,Fetranspor,336,17587088,"-22.9152","-43.3607"
763,763-MADUREIRA X SANTA MARIA,Fetranspor,337,17587088,"-22.915","-43.3607"
763,763-MADUREIRA X SANTA MARIA,Fetranspor,338,17587088,"-22.9145","-43.3606"
763,763-MADUREIRA X SANTA MARIA,Fetranspor,339,17587088,"-22.9141","-43.3605"
763,763-MADUREIRA X SANTA MARIA,Fetranspor,340,17587088,"-22.9141","-43.3605"
763,763-MADUREIRA X SANTA MARIA,Fetranspor,341,17587088,"-22.9137","-43.3605"
763,763-MADUREIRA X SANTA MARIA,Fetranspor,342,17587088,"-22.9134","-43.3604"
763,763-MADUREIRA X SANTA MARIA,Fetranspor,343,17587088,"-22.9132","-43.3604"
763,763-MADUREIRA X SANTA MARIA,Fetranspor,344,17587088,"-22.9126","-43.3604"
763,763-MADUREIRA X SANTA MARIA,Fetranspor,345,17587088,"-22.9126","-43.3604"
763,763-MADUREIRA X SANTA MARIA,Fetranspor,346,17587088,"-22.912","-43.3604"
763,763-MADUREIRA X SANTA MARIA,Fetranspor,347,17587088,"-22.9117","-43.3604"
763,763-MADUREIRA X SANTA MARIA,Fetranspor,348,17587088,"-22.911","-43.3603"
763,763-MADUREIRA X SANTA MARIA,Fetranspor,349,17587088,"-22.9108","-43.3602"
763,763-MADUREIRA X SANTA MARIA,Fetranspor,350,17587088,"-22.9106","-43.3601"
763,763-MADUREIRA X SANTA MARIA,Fetranspor,351,17587088,"-22.9104","-43.36"
763,763-MADUREIRA X SANTA MARIA,Fetranspor,352,17587088,"-22.9102","-43.3599"
763,763-MADUREIRA X SANTA MARIA,Fetranspor,353,17587088,"-22.9095","-43.3593"
763,763-MADUREIRA X SANTA MARIA,Fetranspor,354,17587088,"-22.9095","-43.3593"
763,763-MADUREIRA X SANTA MARIA,Fetranspor,355,17587088,"-22.909","-43.3588"
763,763-MADUREIRA X SANTA MARIA,Fetranspor,356,17587088,"-22.909","-43.3588"
763,763-MADUREIRA X SANTA MARIA,Fetranspor,357,17587088,"-22.9087","-43.3586"
763,763-MADUREIRA X SANTA MARIA,Fetranspor,358,17587088,"-22.9085","-43.3584"
763,763-MADUREIRA X SANTA MARIA,Fetranspor,359,17587088,"-22.9083","-43.3583"
763,763-MADUREIRA X SANTA MARIA,Fetranspor,360,17587088,"-22.9082","-43.3582"
763,763-MADUREIRA X SANTA MARIA,Fetranspor,361,17587088,"-22.9079","-43.3581"
763,763-MADUREIRA X SANTA MARIA,Fetranspor,362,17587088,"-22.9059","-43.3575"
763,763-MADUREIRA X SANTA MARIA,Fetranspor,363,17587088,"-22.9059","-43.3575"
763,763-MADUREIRA X SANTA MARIA,Fetranspor,364,17587088,"-22.9051","-43.3572"
763,763-MADUREIRA X SANTA MARIA,Fetranspor,365,17587088,"-22.9049","-43.3571"
763,763-MADUREIRA X SANTA MARIA,Fetranspor,366,17587088,"-22.904","-43.3566"
763,763-MADUREIRA X SANTA MARIA,Fetranspor,367,17587088,"-22.9037","-43.3564"
763,763-MADUREIRA X SANTA MARIA,Fetranspor,368,17587088,"-22.9037","-43.3564"
763,763-MADUREIRA X SANTA MARIA,Fetranspor,369,17587088,"-22.9031","-43.356"
763,763-MADUREIRA X SANTA MARIA,Fetranspor,370,17587088,"-22.9031","-43.356"
763,763-MADUREIRA X SANTA MARIA,Fetranspor,371,17587088,"-22.9023","-43.3554"
763,763-MADUREIRA X SANTA MARIA,Fetranspor,372,17587088,"-22.9021","-43.3553"
763,763-MADUREIRA X SANTA MARIA,Fetranspor,373,17587088,"-22.9021","-43.3553"
763,763-MADUREIRA X SANTA MARIA,Fetranspor,374,17587088,"-22.9003","-43.3541"
763,763-MADUREIRA X SANTA MARIA,Fetranspor,375,17587088,"-22.9003","-43.3541"
763,763-MADUREIRA X SANTA MARIA,Fetranspor,376,17587088,"-22.8996","-43.3536"
763,763-MADUREIRA X SANTA MARIA,Fetranspor,377,17587088,"-22.8992","-43.3533"
763,763-MADUREIRA X SANTA MARIA,Fetranspor,378,17587088,"-22.8984","-43.3527"
763,763-MADUREIRA X SANTA MARIA,Fetranspor,379,17587088,"-22.8984","-43.3527"
763,763-MADUREIRA X SANTA MARIA,Fetranspor,380,17587088,"-22.8982","-43.3526"
763,763-MADUREIRA X SANTA MARIA,Fetranspor,381,17587088,"-22.8972","-43.3518"
763,763-MADUREIRA X SANTA MARIA,Fetranspor,382,17587088,"-22.897","-43.3516"
763,763-MADUREIRA X SANTA MARIA,Fetranspor,383,17587088,"-22.897","-43.3516"
763,763-MADUREIRA X SANTA MARIA,Fetranspor,384,17587088,"-22.8967","-43.3513"
763,763-MADUREIRA X SANTA MARIA,Fetranspor,385,17587088,"-22.8954","-43.3502"
763,763-MADUREIRA X SANTA MARIA,Fetranspor,386,17587088,"-22.8953","-43.3501"
763,763-MADUREIRA X SANTA MARIA,Fetranspor,387,17587088,"-22.895","-43.35"
763,763-MADUREIRA X SANTA MARIA,Fetranspor,388,17587088,"-22.895","-43.35"
763,763-MADUREIRA X SANTA MARIA,Fetranspor,389,17587088,"-22.8949","-43.3499"
763,763-MADUREIRA X SANTA MARIA,Fetranspor,390,17587088,"-22.8946","-43.3496"
763,763-MADUREIRA X SANTA MARIA,Fetranspor,391,17587088,"-22.8945","-43.3496"
763,763-MADUREIRA X SANTA MARIA,Fetranspor,392,17587088,"-22.8944","-43.3495"
763,763-MADUREIRA X SANTA MARIA,Fetranspor,393,17587088,"-22.8944","-43.3495"
763,763-MADUREIRA X SANTA MARIA,Fetranspor,394,17587088,"-22.8943","-43.3494"
763,763-MADUREIRA X SANTA MARIA,Fetranspor,395,17587088,"-22.8939","-43.3492"
763,763-MADUREIRA X SANTA MARIA,Fetranspor,396,17587088,"-22.8939","-43.3492"
763,763-MADUREIRA X SANTA MARIA,Fetranspor,397,17587088,"-22.8933","-43.3489"
763,763-MADUREIRA X SANTA MARIA,Fetranspor,398,17587088,"-22.8933","-43.3489"
763,763-MADUREIRA X SANTA MARIA,Fetranspor,399,17587088,"-22.8931","-43.3488"
763,763-MADUREIRA X SANTA MARIA,Fetranspor,400,17587088,"-22.893","-43.3488"
763,763-MADUREIRA X SANTA MARIA,Fetranspor,401,17587088,"-22.893","-43.3488"
763,763-MADUREIRA X SANTA MARIA,Fetranspor,402,17587088,"-22.8922","-43.3483"
763,763-MADUREIRA X SANTA MARIA,Fetranspor,403,17587088,"-22.8922","-43.3483"
763,763-MADUREIRA X SANTA MARIA,Fetranspor,404,17587088,"-22.8913","-43.3477"
763,763-MADUREIRA X SANTA MARIA,Fetranspor,405,17587088,"-22.8913","-43.3477"
763,763-MADUREIRA X SANTA MARIA,Fetranspor,406,17587088,"-22.891","-43.3476"
763,763-MADUREIRA X SANTA MARIA,Fetranspor,407,17587088,"-22.8901","-43.347"
763,763-MADUREIRA X SANTA MARIA,Fetranspor,408,17587088,"-22.8901","-43.347"
763,763-MADUREIRA X SANTA MARIA,Fetranspor,409,17587088,"-22.8895","-43.3466"
763,763-MADUREIRA X SANTA MARIA,Fetranspor,410,17587088,"-22.8888","-43.3462"
763,763-MADUREIRA X SANTA MARIA,Fetranspor,411,17587088,"-22.8888","-43.3462"
763,763-MADUREIRA X SANTA MARIA,Fetranspor,412,17587088,"-22.8872","-43.345"
763,763-MADUREIRA X SANTA MARIA,Fetranspor,413,17587088,"-22.8872","-43.345"
763,763-MADUREIRA X SANTA MARIA,Fetranspor,414,17587088,"-22.8857","-43.3437"
763,763-MADUREIRA X SANTA MARIA,Fetranspor,415,17587088,"-22.8857","-43.3437"
763,763-MADUREIRA X SANTA MARIA,Fetranspor,416,17587088,"-22.8856","-43.3435"
763,763-MADUREIRA X SANTA MARIA,Fetranspor,417,17587088,"-22.8855","-43.3433"
763,763-MADUREIRA X SANTA MARIA,Fetranspor,418,17587088,"-22.8852","-43.3431"
763,763-MADUREIRA X SANTA MARIA,Fetranspor,419,17587088,"-22.8849","-43.3429"
763,763-MADUREIRA X SANTA MARIA,Fetranspor,420,17587088,"-22.8847","-43.3427"
763,763-MADUREIRA X SANTA MARIA,Fetranspor,421,17587088,"-22.8847","-43.3427"
763,763-MADUREIRA X SANTA MARIA,Fetranspor,422,17587088,"-22.8846","-43.3426"
763,763-MADUREIRA X SANTA MARIA,Fetranspor,423,17587088,"-22.8844","-43.3426"
763,763-MADUREIRA X SANTA MARIA,Fetranspor,424,17587088,"-22.8841","-43.3425"
763,763-MADUREIRA X SANTA MARIA,Fetranspor,425,17587088,"-22.8841","-43.3425"
763,763-MADUREIRA X SANTA MARIA,Fetranspor,426,17587088,"-22.8838","-43.3424"
763,763-MADUREIRA X SANTA MARIA,Fetranspor,427,17587088,"-22.8836","-43.3423"
763,763-MADUREIRA X SANTA MARIA,Fetranspor,428,17587088,"-22.8833","-43.3422"
763,763-MADUREIRA X SANTA MARIA,Fetranspor,429,17587088,"-22.8832","-43.3421"
763,763-MADUREIRA X SANTA MARIA,Fetranspor,430,17587088,"-22.8831","-43.342"
763,763-MADUREIRA X SANTA MARIA,Fetranspor,431,17587088,"-22.883","-43.3419"
763,763-MADUREIRA X SANTA MARIA,Fetranspor,432,17587088,"-22.883","-43.3418"
763,763-MADUREIRA X SANTA MARIA,Fetranspor,433,17587088,"-22.8829","-43.3417"
763,763-MADUREIRA X SANTA MARIA,Fetranspor,434,17587088,"-22.8829","-43.3414"
763,763-MADUREIRA X SANTA MARIA,Fetranspor,435,17587088,"-22.8829","-43.3414"
763,763-MADUREIRA X SANTA MARIA,Fetranspor,436,17587088,"-22.8827","-43.3396"
763,763-MADUREIRA X SANTA MARIA,Fetranspor,437,17587088,"-22.8827","-43.3396"
763,763-MADUREIRA X SANTA MARIA,Fetranspor,438,17587088,"-22.8825","-43.3383"
763,763-MADUREIRA X SANTA MARIA,Fetranspor,439,17587088,"-22.8824","-43.3377"
763,763-MADUREIRA X SANTA MARIA,Fetranspor,440,17587088,"-22.8824","-43.3376"
763,763-MADUREIRA X SANTA MARIA,Fetranspor,441,17587088,"-22.8824","-43.3376"
763,763-MADUREIRA X SANTA MARIA,Fetranspor,442,17587088,"-22.8816","-43.3375"
763,763-MADUREIRA X SANTA MARIA,Fetranspor,443,17587088,"-22.8814","-43.3375"
763,763-MADUREIRA X SANTA MARIA,Fetranspor,444,17587088,"-22.8814","-43.3375"
763,763-MADUREIRA X SANTA MARIA,Fetranspor,445,17587088,"-22.8809","-43.3375"
763,763-MADUREIRA X SANTA MARIA,Fetranspor,446,17587088,"-22.8809","-43.3375"
763,763-MADUREIRA X SANTA MARIA,Fetranspor,447,17587088,"-22.8803","-43.3374"
763,763-MADUREIRA X SANTA MARIA,Fetranspor,448,17587088,"-22.8803","-43.3374"
763,763-MADUREIRA X SANTA MARIA,Fetranspor,449,17587088,"-22.8797","-43.3374"
763,763-MADUREIRA X SANTA MARIA,Fetranspor,450,17587088,"-22.8797","-43.3374"
763,763-MADUREIRA X SANTA MARIA,Fetranspor,451,17587088,"-22.8795","-43.3374"
763,763-MADUREIRA X SANTA MARIA,Fetranspor,452,17587088,"-22.8794","-43.3373"
763,763-MADUREIRA X SANTA MARIA,Fetranspor,453,17587088,"-22.8794","-43.3373"
763,763-MADUREIRA X SANTA MARIA,Fetranspor,454,17587088,"-22.8791","-43.3373"
763,763-MADUREIRA X SANTA MARIA,Fetranspor,455,17587088,"-22.8791","-43.3373"
763,763-MADUREIRA X SANTA MARIA,Fetranspor,456,17587088,"-22.8788","-43.3373"
763,763-MADUREIRA X SANTA MARIA,Fetranspor,457,17587088,"-22.8786","-43.3373"
763,763-MADUREIRA X SANTA MARIA,Fetranspor,458,17587088,"-22.8785","-43.3373"
763,763-MADUREIRA X SANTA MARIA,Fetranspor,459,17587088,"-22.8785","-43.3373"
763,763-MADUREIRA X SANTA MARIA,Fetranspor,460,17587088,"-22.8785","-43.3373"
763,763-MADUREIRA X SANTA MARIA,Fetranspor,461,17587088,"-22.8785","-43.3373"
763,763-MADUREIRA X SANTA MARIA,Fetranspor,462,17587088,"-22.8779","-43.3372"
